# Blender 5.1.2
# www.blender.org
mtllib Guitar.mtl
o Guitar
v 0.068192 -1.456921 0.001543
v 0.083632 -1.413476 0.001543
v 0.105783 -1.449990 0.001543
v 0.105783 -1.449990 0.065945
v 0.068192 -1.456921 0.065945
v 0.133343 -1.415052 0.065945
v 0.133343 -1.415052 0.001543
v 0.138243 -1.381068 0.065945
v 0.098932 -1.398658 0.001543
v 0.138243 -1.381068 0.001543
v 0.083632 -1.413476 0.065945
v 0.098932 -1.398658 0.065945
v 0.100553 -1.386714 0.001543
v 0.092443 -1.372555 0.001543
v 0.114202 -1.341263 0.001543
v 0.114202 -1.341263 0.065945
v 0.092443 -1.372555 0.065945
v -0.157578 1.251934 -0.011356
v -0.117667 1.253204 -0.011356
v -0.149298 1.281514 -0.011356
v -0.117667 1.217894 -0.011356
v -0.149298 1.281514 -0.042757
v -0.117667 1.253204 -0.042757
v -0.205777 1.292644 -0.042757
v -0.205777 1.292644 -0.011356
v -0.194037 1.264254 -0.011356
v -0.157578 1.251934 -0.042757
v -0.117667 1.217894 -0.042757
v -0.194037 1.264254 -0.042757
v -0.220838 1.249014 -0.011356
v -0.246277 1.266124 -0.011356
v -0.246277 1.266124 -0.042757
v -0.264837 1.223994 -0.042757
v -0.264837 1.223994 -0.011356
v -0.229077 1.224214 -0.011356
v -0.220838 1.249014 -0.042757
v -0.229077 1.224214 -0.042757
v -0.228747 1.200554 -0.011356
v -0.254908 1.188164 -0.011356
v -0.228877 1.160444 -0.011356
v -0.213147 1.184794 -0.011356
v -0.228747 1.200554 -0.042757
v -0.213147 1.184794 -0.042757
v -0.194327 1.160444 -0.011356
v -0.199787 1.183084 -0.011356
v -0.179097 1.179204 -0.011356
v -0.199787 1.183084 -0.042757
v -0.179097 1.179204 -0.042757
v 0.006853 -1.695429 0.001543
v -0.029918 -1.592352 0.001543
v 0.006853 -1.592352 0.001543
v 0.006853 -1.592352 0.065945
v 0.006853 -1.695429 0.065945
v -0.029918 -1.695429 0.001543
v -0.029918 -1.695429 0.065945
v -0.086567 -1.735014 0.065945
v 0.006853 -1.727391 0.001543
v -0.086567 -1.735014 0.001543
v -0.092628 -1.761257 0.065945
v -0.029918 -1.727391 0.001543
v 0.063502 -1.735014 0.001543
v -0.064107 -1.757752 0.001543
v -0.092628 -1.761257 0.001543
v -0.029918 -1.727391 0.065945
v -0.064107 -1.757752 0.065945
v 0.041042 -1.757752 0.001543
v 0.069563 -1.761257 0.001543
v 0.063502 -1.735014 0.065945
v 0.069563 -1.761257 0.065945
v 0.041042 -1.757752 0.065945
v 0.006853 -1.727391 0.065945
v 0.002143 -1.800741 0.001543
v 0.002143 -1.800741 0.065945
v -0.011527 -1.833318 0.001543
v -0.011527 -1.833318 0.065945
v -0.025197 -1.800741 0.001543
v -0.025197 -1.800741 0.065945
v 0.018673 -1.260076 -0.078756
v 0.018673 -1.260076 -0.018356
v 0.009823 -1.281436 -0.078756
v -0.011527 -1.229866 -0.018356
v 0.009823 -1.238716 -0.018356
v -0.041738 -1.260076 -0.018356
v -0.032887 -1.238716 -0.018356
v -0.032887 -1.238716 -0.078756
v -0.041738 -1.260076 -0.078756
v -0.011527 -1.290276 -0.018356
v 0.009823 -1.281436 -0.018356
v -0.032887 -1.281436 -0.018356
v -0.032887 -1.281436 -0.078756
v -0.011527 -1.290276 -0.078756
v 0.010563 -1.541894 0.065945
v 0.010563 -1.433538 0.065945
v -0.033628 -1.541894 0.065945
v 0.006853 -1.592352 0.065945
v 0.037753 -1.570055 0.065945
v 0.039762 -1.615332 0.065945
v 0.061123 -1.564523 0.065945
v 0.085993 -1.602411 0.065945
v 0.039762 -1.615332 0.001543
v 0.085993 -1.602411 0.001543
v 0.111683 -1.557653 0.065945
v 0.067062 -1.549705 0.065945
v 0.069233 -1.531594 0.065945
v 0.103183 -1.511459 0.065945
v 0.067372 -1.500078 0.065945
v 0.058753 -1.524950 0.065945
v 0.046503 -1.507399 0.065945
v 0.067372 -1.500078 0.001543
v -0.029918 -1.592352 0.065945
v -0.006007 -1.351390 0.065945
v 0.044272 -1.387590 0.065945
v 0.036333 -1.322064 0.065945
v 0.028743 -1.445224 0.065945
v 0.103172 -1.291916 0.001543
v 0.036333 -1.322064 0.001543
v 0.064063 -1.414415 0.065945
v 0.061193 -1.339961 0.065945
v 0.044272 -1.387590 0.001543
v 0.103172 -1.291916 0.065945
v 0.102472 -1.332402 0.065945
v 0.061193 -1.339961 0.001543
v 0.150833 -1.296636 0.065945
v 0.102472 -1.332402 0.001543
v 0.150123 -1.337118 0.065945
v 0.150123 -1.337118 0.001543
v 0.202212 -1.299616 0.065945
v 0.201503 -1.340097 0.065945
v 0.201503 -1.340097 0.001543
v 0.237843 -1.286356 0.065945
v 0.271613 -1.331507 0.065945
v 0.237843 -1.286356 0.001543
v 0.202212 -1.299616 0.001543
v 0.254272 -1.268706 0.065945
v 0.306092 -1.290906 0.065945
v 0.271613 -1.331507 0.001543
v 0.257023 -1.245836 0.065945
v 0.305643 -1.229376 0.065945
v 0.257023 -1.245836 0.001543
v 0.255403 -1.222236 0.001543
v 0.255403 -1.222236 0.065945
v 0.274233 -1.199766 0.065945
v 0.305643 -1.229376 0.001543
v 0.255413 -1.201366 0.065945
v 0.274233 -1.199766 0.001543
v -0.173187 -1.337118 0.001543
v -0.225277 -1.299616 0.001543
v -0.173898 -1.296636 0.001543
v -0.224567 -1.340097 0.001543
v -0.173187 -1.337118 0.065945
v -0.224567 -1.340097 0.065945
v -0.294678 -1.331507 0.001543
v -0.294678 -1.331507 0.065945
v -0.329157 -1.290906 0.001543
v -0.260907 -1.286356 0.001543
v -0.277337 -1.268706 0.001543
v -0.277337 -1.268706 0.065945
v -0.260907 -1.286356 0.065945
v -0.225277 -1.299616 0.065945
v -0.280087 -1.245836 0.001543
v -0.280087 -1.245836 0.065945
v -0.278467 -1.222236 0.065945
v -0.328708 -1.229376 0.001543
v -0.278467 -1.222236 0.001543
v -0.278478 -1.201366 0.065945
v -0.278478 -1.201366 0.001543
v -0.297297 -1.199766 0.001543
v -0.328708 -1.229376 0.065945
v -0.297297 -1.199766 0.065945
v -0.258687 1.916044 -0.063656
v -0.271997 1.871584 0.034643
v -0.258687 1.916044 0.034643
v -0.176007 1.900464 -0.063656
v -0.176007 1.900464 0.034643
v -0.182657 1.851094 -0.063656
v -0.154997 1.931274 0.034643
v -0.231028 1.945804 -0.063656
v -0.154997 1.931274 -0.063656
v -0.057628 1.918334 0.034643
v -0.231028 1.945804 0.034643
v -0.057628 1.918334 -0.063656
v -0.057628 1.878864 0.034643
v -0.057628 1.878864 -0.063656
v -0.263587 1.981514 -0.063656
v -0.263587 1.981514 0.034643
v -0.275147 2.027384 -0.063656
v -0.256587 2.039714 -0.063656
v -0.275147 2.027384 0.034643
v -0.256587 2.039714 0.034643
v -0.231028 2.029214 -0.063656
v -0.231028 2.029214 0.034643
v -0.154997 2.029214 -0.063656
v -0.154997 2.029214 0.034643
v -0.057628 2.028564 -0.063656
v -0.057628 2.028564 0.034643
v -0.057628 2.071164 -0.063656
v -0.057628 2.071164 0.034643
v 0.042003 2.028564 -0.063656
v -0.047088 2.083894 -0.063656
v -0.047088 2.083894 0.034643
v 0.031472 2.083894 -0.063656
v 0.031472 2.083894 0.034643
v 0.042003 2.071164 -0.063656
v 0.042003 2.071164 0.034643
v 0.042003 2.028564 0.034643
v 0.042003 1.918334 -0.063656
v 0.042003 1.918334 0.034643
v 0.042003 1.878864 -0.063656
v 0.042003 1.878864 0.034643
v 0.033592 1.868834 -0.063656
v 0.033592 1.868834 0.034643
v -0.049217 1.868834 -0.063656
v -0.049217 1.868834 0.034643
v -0.060818 -1.570055 0.065945
v 0.006853 -1.695429 0.065945
v -0.062827 -1.615332 0.065945
v -0.062827 -1.615332 0.001543
v -0.109057 -1.602411 0.001543
v -0.109057 -1.602411 0.065945
v -0.084188 -1.564523 0.065945
v -0.029918 -1.695429 0.065945
v -0.084188 -1.564523 0.001543
v -0.060818 -1.570055 0.001543
v -0.134748 -1.557653 0.065945
v -0.134748 -1.557653 0.001543
v -0.090127 -1.549705 0.065945
v -0.090127 -1.549705 0.001543
v -0.092298 -1.531594 0.065945
v -0.092298 -1.531594 0.001543
v -0.126247 -1.511459 0.065945
v -0.081818 -1.524950 0.065945
v -0.081818 -1.524950 0.001543
v -0.090437 -1.500078 0.065945
v -0.069568 -1.507399 0.065945
v -0.069568 -1.507399 0.001543
v -0.090437 -1.500078 0.001543
v -0.126247 -1.511459 0.001543
v -0.182657 1.467314 -0.079157
v -0.182657 1.467314 0.050043
v -0.171968 1.424364 -0.079157
v -0.271997 1.403774 -0.079157
v -0.176007 1.516674 0.050043
v -0.271997 1.487804 -0.079157
v -0.271997 1.403774 0.050043
v -0.271997 1.487804 0.050043
v -0.258687 1.532264 -0.079157
v -0.258687 1.532264 0.050043
v -0.176007 1.516674 -0.079157
v -0.154997 1.547484 0.050043
v -0.231028 1.562024 -0.079157
v -0.154997 1.547484 -0.079157
v -0.154997 1.645434 -0.079157
v -0.231028 1.645434 -0.079157
v -0.057628 1.644784 -0.079157
v -0.231028 1.645434 0.050043
v -0.154997 1.645434 0.050043
v -0.256587 1.655934 0.050043
v -0.256587 1.655934 -0.079157
v -0.263587 1.597734 -0.079157
v -0.231028 1.562024 0.050043
v -0.263587 1.597734 0.050043
v -0.275147 1.643594 -0.079157
v -0.275147 1.643594 0.050043
v -0.057628 1.644784 0.050043
v -0.057628 1.687374 -0.079157
v -0.057628 1.687374 0.050043
v 0.042003 1.644784 -0.079157
v -0.047088 1.700114 -0.079157
v -0.047088 1.700114 0.050043
v 0.031472 1.700114 -0.079157
v 0.031472 1.700114 0.050043
v 0.042003 1.687374 -0.079157
v 0.042003 1.687374 0.050043
v 0.042003 1.644784 0.050043
v 0.042003 1.534544 -0.079157
v 0.042003 1.534544 0.050043
v -0.057628 1.534544 -0.079157
v -0.057628 1.534544 0.050043
v -0.057628 1.495084 0.050043
v 0.042003 1.495084 -0.079157
v 0.042003 1.495084 0.050043
v -0.057628 1.495084 -0.079157
v -0.049217 1.485054 0.050043
v 0.033592 1.485054 -0.079157
v 0.033592 1.485054 0.050043
v -0.049217 1.485054 -0.079157
v 0.316863 0.012174 -0.068956
v 0.334662 0.055154 -0.068956
v 0.334662 0.055154 -0.032856
v 0.316863 0.012174 -0.032856
v -0.067337 -1.387590 0.001543
v -0.033628 -1.433538 0.001543
v -0.051807 -1.445224 0.001543
v -0.033628 -1.433538 0.065945
v -0.051807 -1.445224 0.065945
v -0.091257 -1.456921 0.001543
v -0.091257 -1.456921 0.065945
v -0.087128 -1.414415 0.001543
v -0.106697 -1.413476 0.001543
v -0.128847 -1.449990 0.001543
v -0.106697 -1.413476 0.065945
v -0.087128 -1.414415 0.065945
v -0.067337 -1.387590 0.065945
v -0.156407 -1.415052 0.001543
v -0.128847 -1.449990 0.065945
v -0.156407 -1.415052 0.065945
v -0.121997 -1.398658 0.001543
v -0.161307 -1.381068 0.001543
v -0.084248 -1.339961 0.001543
v -0.084248 -1.339961 0.065945
v -0.059387 -1.322064 0.001543
v -0.017057 -1.351390 0.001543
v -0.059387 -1.322064 0.065945
v -0.126237 -1.291916 0.065945
v -0.126237 -1.291916 0.001543
v -0.173898 -1.296636 0.065945
v -0.125537 -1.332402 0.001543
v -0.125537 -1.332402 0.065945
v 0.100513 -1.178556 -0.065657
v 0.100513 -1.178556 0.035645
v 0.088053 -1.257036 -0.065657
v 0.088053 -1.257036 0.035645
v 0.018343 -1.323391 -0.065657
v 0.018343 -1.323391 0.035645
v -0.011527 -1.351828 0.035645
v -0.011527 -1.351828 -0.065657
v -0.011527 -1.303486 0.035645
v -0.041408 -1.323391 0.035645
v 0.058172 -1.257036 0.035645
v 0.066903 -1.178556 0.035645
v 0.081293 -1.080926 0.035645
v 0.114902 -1.080926 0.035645
v 0.066903 -1.178556 -0.065657
v -0.011527 -1.178556 0.035645
v -0.011527 -1.257036 0.035645
v -0.081238 -1.257036 0.035645
v -0.111117 -1.257036 0.035645
v -0.089968 -1.178556 0.035645
v -0.123577 -1.178556 0.035645
v -0.104347 -1.080926 0.035645
v -0.104347 -1.080926 -0.065657
v -0.137967 -1.080926 0.035645
v -0.277337 -1.268706 0.065945
v -0.294678 -1.331507 0.065945
v -0.260907 -1.286356 0.065945
v -0.329157 -1.290906 0.065945
v -0.329157 -1.290906 0.001543
v -0.328708 -1.229376 0.001543
v -0.328708 -1.229376 0.065945
v -0.280087 -1.245836 0.065945
v -0.277337 -1.268706 0.001543
v -0.278467 -1.222236 0.065945
v -0.297297 -1.199766 0.065945
v -0.278467 -1.222236 0.001543
v -0.280087 -1.245836 0.001543
v -0.278478 -1.201366 0.065945
v -0.278478 -1.201366 0.001543
v -0.297297 -1.199766 0.001543
v 0.068192 -1.456921 0.065945
v 0.028743 -1.445224 0.001543
v 0.068192 -1.456921 0.001543
v 0.083632 -1.413476 0.065945
v 0.083632 -1.413476 0.001543
v 0.098932 -1.398658 0.001543
v 0.105783 -1.449990 0.065945
v 0.133343 -1.415052 0.065945
v 0.098932 -1.398658 0.065945
v 0.138243 -1.381068 0.065945
v 0.138243 -1.381068 0.001543
v 0.133343 -1.415052 0.001543
v 0.114202 -1.341263 0.065945
v 0.092443 -1.372555 0.065945
v 0.100553 -1.386714 0.065945
v 0.100553 -1.386714 0.001543
v 0.092443 -1.372555 0.001543
v 0.114202 -1.341263 0.001543
v -0.123608 -1.386714 0.001543
v -0.115507 -1.372555 0.001543
v -0.137258 -1.341263 0.001543
v -0.115507 -1.372555 0.065945
v -0.123608 -1.386714 0.065945
v -0.121997 -1.398658 0.065945
v -0.011527 0.299104 0.151043
v -0.011527 0.129264 0.151043
v 0.161303 0.279054 0.151043
v 0.173223 0.334414 0.119743
v -0.011527 0.355854 0.119743
v 0.288683 0.261644 0.119743
v -0.196287 0.334414 0.119743
v 0.269313 0.210974 0.151043
v 0.379663 0.145854 0.119743
v -0.184367 0.279054 0.151043
v -0.311748 0.261644 0.119743
v -0.292377 0.210974 0.151043
v -0.402758 0.145854 0.119743
v 0.354433 0.102654 0.151043
v 0.416883 -0.024736 0.119743
v -0.011527 0.020944 0.151043
v -0.377458 0.102654 0.151043
v -0.439958 -0.024736 0.119743
v 0.389253 -0.056936 0.151043
v 0.403442 -0.189126 0.119743
v -0.412357 -0.056936 0.151043
v -0.426457 -0.189126 0.119743
v -0.011527 -0.138646 0.151043
v 0.376673 -0.210716 0.151043
v 0.346582 -0.289406 0.119743
v -0.399757 -0.210716 0.151043
v -0.369658 -0.289406 0.119743
v -0.011527 -0.292426 0.151043
v 0.323483 -0.304536 0.151043
v 0.264903 -0.393046 0.119743
v -0.346547 -0.304536 0.151043
v -0.287968 -0.393046 0.119743
v -0.011527 -0.386246 0.151043
v 0.247072 -0.401486 0.151043
v 0.260762 -0.430266 0.119743
v -0.270138 -0.401486 0.151043
v -0.283828 -0.430266 0.119743
v 0.243202 -0.436306 0.151043
v -0.011527 -0.401486 0.151043
v -0.266268 -0.436306 0.151043
v -0.292097 -0.470586 0.119743
v -0.011527 -0.436306 0.151043
v 0.269043 -0.470586 0.119743
v -0.011527 -0.474026 0.151043
v -0.274008 -0.474026 0.151043
v -0.367558 -0.560536 0.119743
v 0.250942 -0.474026 0.151043
v 0.344513 -0.560536 0.119743
v -0.011527 -0.558166 0.151043
v -0.344607 -0.558166 0.151043
v -0.424857 -0.669396 0.151043
v -0.453358 -0.679436 0.119743
v -0.011527 -0.669396 0.151043
v 0.321543 -0.558166 0.151043
v 0.401823 -0.669396 0.151043
v 0.430323 -0.679436 0.119743
v -0.469357 -0.797066 0.151043
v -0.500957 -0.815906 0.119743
v -0.011527 -0.797066 0.151043
v 0.446313 -0.797066 0.151043
v 0.477882 -0.815906 0.119743
v -0.465557 -0.911196 0.151043
v -0.496858 -0.937906 0.119743
v 0.442443 -0.911196 0.151043
v 0.473742 -0.937906 0.119743
v -0.011527 -0.911196 0.151043
v -0.431658 -1.022426 0.151043
v -0.460657 -1.056796 0.119743
v 0.408592 -1.022426 0.151043
v 0.437563 -1.056796 0.119743
v -0.011527 -1.022426 0.151043
v -0.356257 -1.111406 0.151043
v -0.379957 -1.151916 0.119743
v 0.333153 -1.111406 0.151043
v 0.356923 -1.151916 0.119743
v -0.011527 -1.111406 0.151043
v -0.268197 -1.182006 0.151043
v -0.285897 -1.227386 0.119743
v 0.245132 -1.182006 0.151043
v 0.262833 -1.227386 0.119743
v -0.011527 -1.182006 0.151043
v -0.175697 -1.254316 0.151043
v -0.187017 -1.304686 0.119743
v 0.152633 -1.254316 0.151043
v 0.163953 -1.304686 0.119743
v -0.011527 -1.254316 0.151043
v -0.011527 -1.346823 0.151043
v -0.011527 -1.403568 0.119743
v 0.250253 -0.722126 -0.063255
v 0.240513 -0.914526 -0.063255
v 0.134923 -0.909186 -0.063255
v 0.144663 -0.716786 -0.063255
v 0.134923 -0.909186 -0.037857
v 0.144663 -0.716786 -0.037857
v 0.240513 -0.914526 -0.037857
v 0.376093 0.324724 -0.029457
v 0.376093 0.288264 -0.029457
v 0.339633 0.288264 -0.029457
v 0.376093 0.324724 0.008944
v 0.358402 0.369564 0.008944
v 0.376093 0.288264 0.008944
v 0.358402 0.369564 -0.029457
v 0.351233 0.237604 -0.029457
v 0.351233 0.237604 0.008944
v 0.327783 0.265524 -0.029457
v 0.327783 0.265524 0.008944
v 0.308493 0.252994 -0.029457
v 0.339633 0.324724 -0.029457
v 0.339633 0.288264 0.008944
v 0.339633 0.324724 0.008944
v 0.330683 0.345894 -0.029457
v 0.309993 0.361864 -0.029457
v 0.325823 0.394704 -0.029457
v 0.306152 0.216614 -0.029457
v 0.306152 0.216614 0.008944
v 0.266843 0.223484 -0.029457
v 0.286633 0.254104 -0.029457
v 0.330683 0.345894 0.008944
v 0.309993 0.361864 0.008944
v 0.259373 0.270774 -0.029457
v 0.229712 0.249584 -0.029457
v 0.259373 0.270774 0.008944
v 0.286633 0.254104 0.008944
v 0.249172 0.288894 0.008944
v 0.249172 0.288894 -0.029457
v 0.216453 0.284914 -0.029457
v 0.255733 0.305824 -0.029356
v 0.224193 0.315864 -0.029457
v 0.229712 0.249584 0.008944
v 0.212873 0.285534 0.008944
v 0.219233 0.322054 0.008944
v 0.258332 0.349514 0.008944
v 0.257672 0.342204 -0.029457
v 0.267673 0.312594 -0.029356
v 0.283783 0.341014 -0.029457
v 0.289323 0.346074 0.008944
v 0.274802 0.310984 -0.029356
v 0.300822 0.312034 0.008944
v 0.295293 0.306974 -0.029457
v -0.158677 -0.767336 -0.060957
v -0.141077 -0.924256 -0.060957
v -0.227187 -0.933906 -0.060957
v -0.244787 -0.776996 -0.060957
v -0.227187 -0.933906 -0.040155
v -0.141077 -0.924256 -0.040155
v -0.244787 -0.776996 -0.040155
v -0.158677 -0.767336 -0.040155
v 0.319202 -0.147336 -0.063255
v 0.263363 -0.331706 -0.063255
v 0.162183 -0.301066 -0.063255
v 0.218022 -0.116686 -0.063255
v 0.162183 -0.301066 -0.037857
v 0.218022 -0.116686 -0.037857
v 0.263363 -0.331706 -0.037857
v 0.319202 -0.147336 -0.037857
v -0.359357 -0.881936 -0.040155
v -0.306467 -1.030716 -0.040155
v -0.224817 -1.001696 -0.040155
v -0.277707 -0.852916 -0.040155
v -0.359357 -0.881936 -0.060957
v -0.306467 -1.030716 -0.060957
v 0.137833 1.251934 -0.011356
v 0.097803 1.253204 -0.011356
v 0.097803 1.217894 -0.011356
v 0.097803 1.217894 -0.042757
v 0.129522 1.281514 -0.011356
v 0.186193 1.292644 -0.042757
v 0.129522 1.281514 -0.042757
v 0.174413 1.264254 -0.011356
v 0.137833 1.251934 -0.042757
v 0.174413 1.264254 -0.042757
v 0.186193 1.292644 -0.011356
v 0.226823 1.266124 -0.042757
v 0.201293 1.249014 -0.011356
v 0.226823 1.266124 -0.011356
v 0.245442 1.223994 -0.042757
v 0.209562 1.224214 -0.011356
v 0.245442 1.223994 -0.011356
v 0.235473 1.188164 -0.042757
v 0.235473 1.188164 -0.011356
v 0.209363 1.160444 -0.042757
v 0.209363 1.160444 -0.011356
v 0.209232 1.200554 -0.011356
v 0.209562 1.224214 -0.042757
v 0.209232 1.200554 -0.042757
v 0.193573 1.184794 -0.011356
v 0.174703 1.160444 -0.011356
v 0.180182 1.183084 -0.011356
v 0.159423 1.179204 -0.011356
v 0.180182 1.183084 -0.042757
v 0.159423 1.179204 -0.042757
v -0.036717 1.308424 -0.074856
v -0.036717 -1.038576 -0.088156
v -0.061828 -1.038576 -0.088156
v -0.036717 -1.038576 -0.078056
v -0.061828 -1.038576 -0.078056
v -0.036717 1.308424 -0.064756
v -0.061828 1.308424 -0.074856
v -0.061828 1.308424 -0.064756
v -0.076187 1.308424 -0.074856
v -0.076187 -1.038576 -0.088156
v -0.101287 -1.038576 -0.088156
v -0.076187 -1.038576 -0.078056
v -0.101287 -1.038576 -0.078056
v -0.076187 1.308424 -0.064756
v -0.101287 1.308424 -0.074856
v -0.101287 1.308424 -0.064756
v 0.086303 1.308424 -0.074856
v 0.086303 -1.038576 -0.088156
v 0.061203 -1.038576 -0.088156
v 0.086303 -1.038576 -0.078056
v 0.061203 -1.038576 -0.078056
v 0.086303 1.308424 -0.064756
v 0.061203 1.308424 -0.074856
v 0.061203 1.308424 -0.064756
v 0.045623 1.308424 -0.074856
v 0.045623 -1.038576 -0.088156
v 0.020523 -1.038576 -0.088156
v 0.045623 -1.038576 -0.078056
v 0.020523 -1.038576 -0.078056
v 0.045623 1.308424 -0.064756
v 0.020523 1.308424 -0.074856
v 0.020523 1.308424 -0.064756
v 0.006153 1.308424 -0.074856
v 0.006153 -1.038576 -0.088156
v -0.018948 -1.038576 -0.088156
v 0.006153 -1.038576 -0.078056
v -0.018948 -1.038576 -0.078056
v 0.006153 1.308424 -0.064756
v -0.018948 1.308424 -0.074856
v -0.018948 1.308424 -0.064756
v 0.128683 1.652724 -0.079157
v 0.192633 1.545664 -0.079157
v 0.128683 1.553234 -0.079157
v 0.192633 1.545664 0.050043
v 0.221482 1.503944 0.050043
v 0.128683 1.553234 0.050043
v 0.128683 1.652724 0.050043
v 0.309282 1.652724 -0.079157
v 0.309282 1.652724 0.050043
v 0.245653 1.592144 -0.079157
v 0.288763 1.613114 -0.079157
v 0.288763 1.613114 0.050043
v 0.221482 1.503944 -0.079157
v 0.293443 1.547394 -0.079157
v 0.245653 1.592144 0.050043
v 0.293443 1.547394 0.050043
v 0.305253 1.476394 -0.079157
v 0.221923 1.451134 -0.079157
v 0.221923 1.451134 0.050043
v 0.299132 1.397394 -0.079157
v 0.305253 1.476394 0.050043
v 0.299132 1.397394 0.050043
v 0.205953 1.403204 -0.079157
v 0.205953 1.403204 0.050043
v 0.186872 1.371694 0.050043
v 0.266783 1.328754 -0.079157
v 0.266783 1.328754 0.050043
v 0.186872 1.371694 -0.079157
v 0.214123 1.291244 -0.079157
v -0.079887 1.371694 0.050043
v -0.079887 1.291244 -0.079157
v 0.214123 1.291244 0.050043
v -0.079887 1.371694 -0.079157
v -0.144688 1.384574 0.050043
v -0.079887 1.291244 0.050043
v -0.144688 1.384574 -0.079157
v -0.182947 1.293894 -0.079157
v -0.182947 1.293894 0.050043
v -0.171968 1.424364 0.050043
v -0.240928 1.327624 -0.079157
v -0.240928 1.327624 0.050043
v -0.122547 0.378694 0.008944
v -0.146438 0.425824 0.008944
v -0.157718 0.383604 0.008944
v -0.119067 0.422004 0.008944
v -0.146438 0.425824 -0.029457
v -0.157718 0.383604 -0.029457
v -0.149867 0.461894 -0.029457
v -0.149867 0.461894 0.008944
v -0.125478 0.474934 0.008944
v -0.119067 0.422004 -0.029457
v -0.125478 0.474934 -0.029457
v -0.166038 0.485464 0.008944
v -0.166038 0.485464 -0.029457
v -0.192207 0.495714 -0.029457
v -0.148188 0.509194 0.008944
v -0.148188 0.509194 -0.029457
v -0.192207 0.495714 0.008944
v -0.191587 0.525444 0.008944
v -0.218277 0.510804 0.008944
v -0.218277 0.510804 -0.029457
v -0.191587 0.525444 -0.029457
v 0.272563 0.402204 -0.029457
v 0.272563 0.402204 0.008944
v 0.325823 0.394704 0.008944
v 0.228333 0.381514 0.008944
v 0.276393 0.365954 -0.029457
v 0.228333 0.381514 -0.029457
v 0.276393 0.365954 0.008944
v 0.244113 0.348654 -0.029457
v 0.244113 0.348654 0.008944
v 0.188733 0.356094 -0.029457
v 0.188733 0.356094 0.008944
v 0.204513 0.323234 -0.029457
v 0.204513 0.323234 0.008944
v 0.167003 0.352194 0.008944
v 0.167003 0.352194 -0.029457
v 0.150133 0.358564 0.008944
v 0.157223 0.314304 -0.029457
v 0.157223 0.314304 0.008944
v 0.150133 0.358564 -0.029457
v 0.117743 0.336604 -0.029457
v 0.135782 0.380694 -0.029457
v 0.100452 0.375774 -0.029457
v 0.124443 0.422914 -0.029457
v 0.117743 0.336604 0.008944
v 0.100452 0.375774 0.008944
v 0.096952 0.419084 -0.029457
v 0.127892 0.458974 0.008944
v 0.124443 0.422914 0.008944
v 0.127892 0.458974 -0.029457
v 0.144133 0.482554 0.008944
v 0.103393 0.472014 -0.029457
v 0.096952 0.419084 0.008944
v 0.103393 0.472014 0.008944
v 0.144133 0.482554 -0.029457
v 0.170433 0.492804 0.008944
v 0.126213 0.506284 -0.029457
v 0.126213 0.506284 0.008944
v 0.169803 0.522534 -0.029457
v 0.170433 0.492804 -0.029457
v 0.196612 0.507894 0.008944
v 0.196612 0.507894 -0.029457
v 0.169803 0.522534 0.008944
v 0.304803 -0.817966 -0.063255
v 0.335883 -0.600426 -0.063255
v 0.403743 -0.780716 -0.063255
v 0.335883 -0.600426 -0.037857
v 0.304803 -0.817966 -0.037857
v 0.236942 -0.637666 -0.063255
v 0.236942 -0.637666 -0.037857
v -0.346897 0.397614 -0.029457
v -0.331138 0.364784 -0.029457
v -0.379357 0.372484 -0.029457
v -0.379357 0.372484 0.008944
v -0.351757 0.348804 -0.029457
v -0.346897 0.397614 0.008944
v -0.331138 0.364784 0.008944
v -0.351757 0.348804 0.008944
v -0.293878 0.405114 -0.029457
v -0.293878 0.405114 0.008944
v -0.297688 0.368864 -0.029457
v -0.249847 0.384424 -0.029457
v -0.265557 0.351564 0.008944
v -0.297688 0.368864 0.008944
v -0.265557 0.351564 -0.029457
v -0.226137 0.326154 0.008944
v -0.210438 0.359014 -0.029457
v -0.249847 0.384424 0.008944
v -0.210438 0.359014 0.008944
v -0.226137 0.326154 -0.029457
v -0.188797 0.355104 -0.029457
v -0.188797 0.355104 0.008944
v -0.179068 0.317214 -0.029457
v -0.179068 0.317214 0.008944
v -0.139757 0.339514 0.008944
v -0.171997 0.361474 -0.029457
v -0.139757 0.339514 -0.029457
v -0.157718 0.383604 -0.029457
v -0.171997 0.361474 0.008944
v -0.157718 0.383604 0.008944
v -0.122547 0.378694 -0.029457
v -0.122547 0.378694 0.008944
v -0.146438 0.425824 -0.029457
v -0.119067 0.422004 0.008944
v -0.119067 0.422004 -0.029457
v -0.125478 0.474934 0.008944
v -0.149867 0.461894 -0.029457
v -0.125478 0.474934 -0.029457
v -0.148188 0.509194 0.008944
v -0.166038 0.485464 -0.029457
v -0.149867 0.461894 0.008944
v -0.148188 0.509194 -0.029457
v -0.191587 0.525444 0.008944
v -0.192207 0.495714 -0.029457
v -0.191587 0.525444 -0.029457
v -0.218277 0.510804 0.008944
v -0.218277 0.510804 -0.029457
v -0.192207 0.495714 0.008944
v 0.334662 0.055154 -0.068956
v 0.316863 0.098134 -0.068956
v 0.316863 0.098134 -0.032856
v 0.334662 0.055154 -0.032856
v 0.273883 0.115934 -0.032856
v 0.273883 0.115934 -0.068956
v 0.290973 0.055154 -0.068956
v 0.285963 0.067234 -0.068956
v 0.285963 0.043074 -0.068956
v 0.273883 0.072244 -0.068956
v 0.316863 0.012174 -0.068956
v 0.230903 0.098134 -0.068956
v 0.273883 -0.005626 -0.068956
v 0.273883 0.038064 -0.068956
v 0.316863 0.012174 -0.032856
v 0.273883 -0.005626 -0.032856
v 0.261803 0.043074 -0.068956
v 0.230903 0.012174 -0.068956
v 0.261803 0.067234 -0.068956
v 0.213102 0.055154 -0.068956
v 0.230903 0.012174 -0.032856
v 0.213102 0.055154 -0.032856
v 0.230903 0.098134 -0.032856
v 0.256793 0.055154 -0.068956
v 0.287803 0.029264 -0.157656
v 0.287803 0.081044 -0.157656
v 0.278152 0.055154 -0.162355
v 0.297482 0.055154 -0.174156
v 0.303903 0.037934 -0.171057
v 0.311112 0.018544 -0.146456
v 0.303903 0.072374 -0.171057
v 0.311112 0.091764 -0.146456
v 0.319412 0.030794 -0.163557
v 0.319412 0.079504 -0.163557
v 0.334912 0.037934 -0.156055
v 0.334423 0.029264 -0.135157
v 0.344072 0.055154 -0.130457
v 0.334912 0.072374 -0.156055
v 0.334423 0.081044 -0.135157
v 0.341332 0.055154 -0.152956
v -0.216047 -0.668536 -0.060957
v -0.284167 -0.810986 -0.060957
v -0.362357 -0.773606 -0.060957
v -0.362357 -0.773606 -0.040155
v -0.284167 -0.810986 -0.040155
v -0.294217 -0.631156 -0.060957
v -0.216047 -0.668536 -0.040155
v -0.294217 -0.631156 -0.040155
v 0.334423 0.081044 -0.135157
v 0.285963 0.067234 -0.068956
v 0.344072 0.055154 -0.130457
v 0.311112 0.091764 -0.146456
v 0.290973 0.055154 -0.068956
v 0.273883 0.072244 -0.068956
v 0.287803 0.081044 -0.157656
v 0.261803 0.067234 -0.068956
v 0.285963 0.043074 -0.068956
v 0.334423 0.029264 -0.135157
v 0.311112 0.018544 -0.146456
v 0.273883 0.038064 -0.068956
v 0.287803 0.029264 -0.157656
v 0.261803 0.043074 -0.068956
v 0.396623 -0.883406 -0.063255
v 0.351593 -1.070716 -0.063255
v 0.248803 -1.046006 -0.063255
v 0.293822 -0.858696 -0.063255
v 0.248803 -1.046006 -0.037857
v 0.351593 -1.070716 -0.037857
v 0.293822 -0.858696 -0.037857
v -0.148808 -0.015946 0.041044
v 0.125743 -0.015946 0.041044
v -0.148808 0.102294 0.041044
v 0.125743 0.102294 0.041044
v -0.183117 -1.088786 0.041044
v 0.160052 -1.088786 0.041044
v -0.183117 -1.005316 0.041044
v 0.160052 -1.005316 0.041044
v 0.160052 -1.088786 -0.095156
v -0.183117 -1.088786 -0.095156
v 0.160052 -1.005316 -0.095156
v -0.183117 -1.088786 0.041044
v 0.160052 -1.088786 0.041044
v 0.160052 -1.005316 0.041044
v -0.183117 -1.005316 -0.095156
v -0.183117 -1.005316 0.041044
v 0.100452 1.298934 -0.060057
v 0.100452 -1.036296 -0.060057
v -0.123517 -1.036296 -0.060057
v 0.100452 1.298934 0.030844
v 0.100452 -1.036296 0.030844
v -0.123517 -1.036296 0.030844
v -0.123517 1.298934 -0.060057
v -0.123517 1.298934 0.030844
v -0.123517 1.298934 0.030844
v -0.123517 -1.036296 0.030844
v 0.100452 -1.036296 0.030844
v 0.100452 1.298934 0.030844
v 0.125743 -0.015946 -0.070356
v -0.148808 -0.015946 -0.070356
v 0.125743 0.102294 -0.070356
v -0.148808 -0.015946 0.041044
v 0.125743 -0.015946 0.041044
v 0.125743 0.102294 0.041044
v -0.148808 0.102294 -0.070356
v -0.148808 0.102294 0.041044
v -0.161537 0.105194 -0.062756
v -0.211547 -0.072146 -0.062756
v -0.308867 -0.044696 -0.062756
v -0.258858 0.132644 -0.062756
v -0.308867 -0.044696 -0.038456
v -0.258858 0.132644 -0.038456
v -0.211547 -0.072146 -0.038456
v -0.161537 0.105194 -0.038456
v 0.186872 1.755484 0.034643
v 0.214123 1.675024 0.034643
v 0.266783 1.712534 0.034643
v -0.079887 1.675024 0.034643
v -0.079887 1.755484 0.034643
v -0.144688 1.768364 0.034643
v -0.079887 1.755484 -0.063656
v -0.182947 1.677684 0.034643
v -0.240928 1.711404 0.034643
v -0.171968 1.808144 0.034643
v -0.240928 1.711404 -0.063656
v -0.182947 1.677684 -0.063656
v -0.271997 1.787564 -0.063656
v -0.271997 1.787564 0.034643
v -0.182657 1.851094 0.034643
v -0.271997 1.871584 0.034643
v -0.258687 1.916044 0.034643
v -0.176007 1.900464 0.034643
v -0.231028 1.945804 0.034643
v -0.154997 1.931274 0.034643
v -0.154997 2.029214 0.034643
v -0.231028 2.029214 0.034643
v -0.057628 2.028564 0.034643
v -0.263587 1.981514 0.034643
v -0.256587 2.039714 0.034643
v -0.275147 2.027384 0.034643
v -0.275147 2.027384 -0.063656
v -0.256587 2.039714 -0.063656
v -0.231028 2.029214 -0.063656
v -0.057628 1.918334 0.034643
v 0.042003 2.028564 0.034643
v -0.057628 2.071164 0.034643
v 0.042003 1.918334 0.034643
v 0.042003 2.071164 0.034643
v -0.047088 2.083894 0.034643
v 0.031472 2.083894 0.034643
v 0.031472 2.083894 -0.063656
v 0.042003 2.071164 -0.063656
v 0.042003 1.878864 0.034643
v -0.057628 1.878864 0.034643
v -0.049217 1.868834 0.034643
v 0.033592 1.868834 0.034643
v -0.057628 1.878864 -0.063656
v -0.261988 -0.121766 -0.038357
v -0.241318 -0.305816 -0.038357
v -0.140317 -0.294466 -0.038357
v -0.160987 -0.110416 -0.038357
v -0.140317 -0.294466 -0.062756
v -0.241318 -0.305816 -0.062756
v -0.261988 -0.121766 -0.062756
v -0.160987 -0.110416 -0.062756
v -0.360658 0.327634 -0.029457
v -0.360658 0.291184 -0.029457
v -0.396957 0.327634 -0.029457
v -0.360658 0.327634 0.008944
v -0.360658 0.291184 0.008944
v -0.396957 0.291184 -0.029457
v -0.396957 0.291184 0.008944
v -0.396957 0.327634 0.008944
v -0.372157 0.240524 -0.029457
v -0.348847 0.268434 -0.029457
v -0.329647 0.255914 -0.029457
v -0.348847 0.268434 0.008944
v -0.329647 0.255914 0.008944
v -0.327317 0.219534 -0.029457
v -0.307878 0.257014 -0.029457
v -0.307878 0.257014 0.008944
v -0.288187 0.226404 -0.029457
v -0.280747 0.273694 -0.029457
v -0.288187 0.226404 0.008944
v -0.327317 0.219534 0.008944
v -0.251227 0.252494 0.008944
v -0.251227 0.252494 -0.029457
v -0.270597 0.291804 -0.029457
v -0.280747 0.273694 0.008944
v -0.270597 0.291804 0.008944
v -0.234468 0.288444 -0.029457
v -0.230867 0.289064 0.008944
v -0.273567 0.309354 -0.029356
v -0.240788 0.324964 -0.029457
v -0.235797 0.331164 0.008944
v -0.284067 0.321704 -0.029356
v -0.280367 0.359754 0.008944
v -0.279707 0.352434 -0.029457
v -0.296767 0.321214 -0.029356
v -0.310557 0.348994 -0.029457
v -0.316117 0.354054 0.008944
v -0.322007 0.314944 -0.029457
v -0.327567 0.320004 0.008944
v -0.011527 0.138714 -0.052256
v -0.011527 0.311014 -0.052256
v 0.163803 0.290664 -0.052256
v -0.011527 0.355854 0.119743
v 0.173223 0.334414 0.119743
v -0.186868 0.290664 -0.052256
v -0.196287 0.334414 0.119743
v 0.273383 0.221604 -0.052256
v 0.288683 0.261644 0.119743
v 0.379663 0.145854 0.119743
v -0.296448 0.221604 -0.052256
v -0.311748 0.261644 0.119743
v -0.402758 0.145854 0.119743
v 0.359723 0.111714 -0.052256
v 0.416883 -0.024736 0.119743
v -0.011527 0.028824 -0.052256
v -0.382757 0.111714 -0.052256
v -0.439958 -0.024736 0.119743
v 0.395042 -0.050176 -0.052256
v 0.403442 -0.189126 0.119743
v -0.418158 -0.050176 -0.052256
v -0.426457 -0.189126 0.119743
v -0.011527 -0.133076 -0.052256
v 0.382293 -0.206186 -0.052256
v 0.346582 -0.289406 0.119743
v -0.405357 -0.206186 -0.052256
v -0.369658 -0.289406 0.119743
v -0.011527 -0.289076 -0.052256
v 0.328322 -0.301356 -0.052256
v 0.264903 -0.393046 0.119743
v -0.351357 -0.301356 -0.052256
v -0.287968 -0.393046 0.119743
v -0.011527 -0.384256 -0.052256
v 0.250813 -0.399716 -0.052256
v 0.260762 -0.430266 0.119743
v -0.273877 -0.399716 -0.052256
v -0.283828 -0.430266 0.119743
v -0.011527 -0.399716 -0.052256
v 0.246882 -0.435036 -0.052256
v 0.269043 -0.470586 0.119743
v -0.269947 -0.435036 -0.052256
v -0.292097 -0.470586 0.119743
v -0.011527 -0.435036 -0.052256
v 0.254733 -0.473306 -0.052256
v 0.344513 -0.560536 0.119743
v -0.011527 -0.473306 -0.052256
v -0.277798 -0.473306 -0.052256
v -0.367558 -0.560536 0.119743
v -0.011527 -0.558666 -0.052256
v 0.326363 -0.558666 -0.052256
v -0.349427 -0.558666 -0.052256
v -0.430858 -0.671506 -0.052256
v -0.011527 -0.671506 -0.052256
v -0.453358 -0.679436 0.119743
v 0.407803 -0.671506 -0.052256
v 0.430323 -0.679436 0.119743
v -0.475957 -0.801016 -0.052256
v -0.500957 -0.815906 0.119743
v -0.011527 -0.801016 -0.052256
v -0.472057 -0.916796 -0.052256
v -0.496858 -0.937906 0.119743
v 0.452932 -0.801016 -0.052256
v 0.477882 -0.815906 0.119743
v 0.449013 -0.916796 -0.052256
v 0.473742 -0.937906 0.119743
v -0.011527 -0.916796 -0.052256
v -0.437757 -1.029636 -0.052256
v -0.460657 -1.056796 0.119743
v 0.414673 -1.029636 -0.052256
v 0.437563 -1.056796 0.119743
v -0.361157 -1.119906 -0.052256
v -0.379957 -1.151916 0.119743
v -0.011527 -1.029636 -0.052256
v -0.285897 -1.227386 0.119743
v 0.338133 -1.119906 -0.052256
v 0.356923 -1.151916 0.119743
v 0.262833 -1.227386 0.119743
v -0.011527 -1.119906 -0.052256
v 0.248853 -1.191526 -0.052256
v 0.163953 -1.304686 0.119743
v -0.271917 -1.191526 -0.052256
v -0.187017 -1.304686 0.119743
v -0.011527 -1.191526 -0.052256
v -0.178067 -1.264886 -0.052256
v -0.011527 -1.403568 0.119743
v 0.155003 -1.264886 -0.052256
v -0.011527 -1.264886 -0.052256
v -0.011527 -1.358728 -0.052256
v 0.273883 0.115934 -0.068956
v 0.230903 0.098134 -0.068956
v 0.230903 0.098134 -0.032856
v 0.273883 0.115934 -0.032856
v -0.396957 0.327634 0.008944
v -0.396957 0.291184 0.008944
v -0.360658 0.291184 0.008944
v -0.396957 0.327634 -0.029457
v -0.379357 0.372484 -0.029457
v -0.379357 0.372484 0.008944
v -0.360658 0.327634 0.008944
v -0.351757 0.348804 0.008944
v -0.360658 0.327634 -0.029457
v -0.351757 0.348804 -0.029457
v -0.331138 0.364784 0.008944
v -0.346897 0.397614 0.008944
v -0.293878 0.405114 0.008944
v -0.348847 0.268434 -0.029457
v -0.360658 0.291184 -0.029457
v -0.348847 0.268434 0.008944
v -0.372157 0.240524 0.008944
v -0.396957 0.291184 -0.029457
v -0.329647 0.255914 0.008944
v -0.372157 0.240524 -0.029457
v -0.327317 0.219534 0.008944
v -0.327317 0.219534 -0.029457
v -0.307878 0.257014 0.008944
v -0.288187 0.226404 0.008944
v -0.280747 0.273694 0.008944
v -0.280747 0.273694 -0.029457
v -0.307878 0.257014 -0.029457
v -0.270597 0.291804 -0.029457
v -0.251227 0.252494 0.008944
v -0.270597 0.291804 0.008944
v -0.273567 0.309354 -0.029356
v -0.230867 0.289064 0.008944
v -0.234468 0.288444 -0.029457
v -0.251227 0.252494 -0.029457
v -0.288187 0.226404 -0.029457
v -0.269978 0.309974 0.009045
v -0.284067 0.321704 -0.029356
v -0.235797 0.331164 0.008944
v -0.279078 0.327894 0.009045
v -0.280367 0.359754 0.008944
v -0.297427 0.328534 0.009045
v -0.296767 0.321214 -0.029356
v -0.316117 0.354054 0.008944
v -0.322007 0.314944 -0.029457
v -0.327567 0.320004 0.008944
v -0.140317 -0.294466 -0.062756
v -0.261988 -0.121766 -0.062756
v -0.160987 -0.110416 -0.062756
v -0.241318 -0.305816 -0.062756
v -0.160987 -0.110416 -0.038357
v -0.261988 -0.121766 -0.038357
v -0.140317 -0.294466 -0.038357
v 0.339633 0.324724 0.008944
v 0.358402 0.369564 0.008944
v 0.330683 0.345894 0.008944
v 0.330683 0.345894 -0.029457
v 0.309993 0.361864 -0.029457
v 0.309993 0.361864 0.008944
v 0.276393 0.365954 -0.029457
v 0.325823 0.394704 0.008944
v 0.358402 0.369564 -0.029457
v 0.325823 0.394704 -0.029457
v 0.272563 0.402204 0.008944
v 0.276393 0.365954 0.008944
v 0.228333 0.381514 0.008944
v 0.244113 0.348654 0.008944
v 0.272563 0.402204 -0.029457
v 0.228333 0.381514 -0.029457
v 0.188733 0.356094 0.008944
v 0.204513 0.323234 0.008944
v 0.204513 0.323234 -0.029457
v 0.244113 0.348654 -0.029457
v 0.157223 0.314304 -0.029457
v 0.167003 0.352194 0.008944
v 0.157223 0.314304 0.008944
v 0.117743 0.336604 -0.029457
v 0.150133 0.358564 0.008944
v 0.117743 0.336604 0.008944
v 0.100452 0.375774 -0.029457
v 0.135782 0.380694 0.008944
v 0.150133 0.358564 -0.029457
v 0.100452 0.375774 0.008944
v 0.135782 0.380694 -0.029457
v 0.124443 0.422914 0.008944
v 0.124443 0.422914 -0.029457
v 0.096952 0.419084 0.008944
v 0.096952 0.419084 -0.029457
v 0.127892 0.458974 0.008944
v 0.127892 0.458974 -0.029457
v 0.103393 0.472014 0.008944
v 0.144133 0.482554 0.008944
v 0.126213 0.506284 0.008944
v 0.170433 0.492804 0.008944
v 0.169803 0.522534 0.008944
v 0.169803 0.522534 -0.029457
v 0.196612 0.507894 0.008944
v 0.170433 0.492804 -0.029457
v 0.196612 0.507894 -0.029457
v -0.308867 -0.044696 -0.038456
v -0.161537 0.105194 -0.038456
v -0.258858 0.132644 -0.038456
v -0.211547 -0.072146 -0.038456
v -0.258858 0.132644 -0.062756
v -0.308867 -0.044696 -0.062756
v 0.351593 -1.070716 -0.063255
v 0.396623 -0.883406 -0.063255
v 0.396623 -0.883406 -0.037857
v 0.351593 -1.070716 -0.037857
v 0.293822 -0.858696 -0.063255
v 0.248803 -1.046006 -0.037857
v 0.293822 -0.858696 -0.037857
v -0.284167 -0.810986 -0.060957
v -0.216047 -0.668536 -0.060957
v -0.216047 -0.668536 -0.040155
v -0.284167 -0.810986 -0.040155
v -0.362357 -0.773606 -0.040155
v -0.294217 -0.631156 -0.040155
v 0.403743 -0.780716 -0.063255
v 0.335883 -0.600426 -0.037857
v 0.403743 -0.780716 -0.037857
v 0.304803 -0.817966 -0.037857
v 0.236942 -0.637666 -0.037857
v 0.236942 -0.637666 -0.063255
v 0.205953 1.403204 0.050043
v 0.299132 1.397394 0.050043
v 0.221923 1.451134 0.050043
v 0.221923 1.451134 -0.079157
v 0.266783 1.328754 0.050043
v 0.186872 1.371694 0.050043
v 0.214123 1.291244 0.050043
v 0.214123 1.291244 -0.079157
v -0.079887 1.291244 0.050043
v -0.079887 1.371694 0.050043
v -0.144688 1.384574 0.050043
v -0.182947 1.293894 0.050043
v -0.182947 1.293894 -0.079157
v -0.240928 1.327624 -0.079157
v -0.240928 1.327624 0.050043
v -0.171968 1.424364 0.050043
v -0.271997 1.403774 0.050043
v -0.271997 1.403774 -0.079157
v -0.182657 1.467314 0.050043
v -0.271997 1.487804 0.050043
v -0.258687 1.532264 0.050043
v -0.176007 1.516674 0.050043
v -0.231028 1.562024 0.050043
v -0.231028 1.562024 -0.079157
v -0.154997 1.547484 0.050043
v -0.154997 1.645434 0.050043
v -0.057628 1.644784 -0.079157
v -0.154997 1.645434 -0.079157
v -0.231028 1.645434 0.050043
v -0.057628 1.644784 0.050043
v -0.263587 1.597734 0.050043
v -0.256587 1.655934 0.050043
v -0.275147 1.643594 0.050043
v -0.256587 1.655934 -0.079157
v -0.275147 1.643594 -0.079157
v -0.263587 1.597734 -0.079157
v -0.057628 1.534544 0.050043
v -0.154997 1.547484 -0.079157
v 0.042003 1.644784 0.050043
v -0.057628 1.687374 0.050043
v 0.042003 1.534544 0.050043
v 0.042003 1.687374 0.050043
v -0.047088 1.700114 0.050043
v 0.031472 1.700114 0.050043
v 0.031472 1.700114 -0.079157
v 0.042003 1.687374 -0.079157
v 0.042003 1.495084 0.050043
v -0.057628 1.495084 0.050043
v -0.049217 1.485054 0.050043
v 0.033592 1.485054 0.050043
v 0.058172 -1.257036 -0.065657
v -0.011527 -1.178556 -0.065657
v 0.066903 -1.178556 -0.065657
v 0.066903 -1.178556 0.035645
v -0.011527 -1.178556 0.035645
v -0.089968 -1.178556 -0.065657
v -0.089968 -1.178556 0.035645
v -0.104347 -1.080926 -0.065657
v -0.011527 -1.257036 -0.065657
v -0.123577 -1.178556 -0.065657
v -0.081238 -1.257036 -0.065657
v -0.111117 -1.257036 -0.065657
v -0.011527 -1.303486 -0.065657
v -0.041408 -1.323391 -0.065657
v -0.111117 -1.257036 0.035645
v -0.123577 -1.178556 0.035645
v -0.041408 -1.323391 0.035645
v -0.137967 -1.080926 0.035645
v -0.011527 -1.351828 -0.065657
v -0.011527 -1.351828 0.035645
v 0.018343 -1.323391 -0.065657
v 0.018343 -1.323391 0.035645
v 0.088053 -1.257036 -0.065657
v 0.088053 -1.257036 0.035645
v 0.100513 -1.178556 -0.065657
v 0.081293 -1.080926 -0.065657
v 0.081293 -1.080926 0.035645
v 0.114902 -1.080926 0.035645
v 0.114902 -1.080926 -0.065657
v 0.100513 -1.178556 0.035645
v 0.128683 2.036514 -0.063656
v 0.192633 1.929444 -0.063656
v 0.128683 1.937014 -0.063656
v 0.128683 1.937014 0.034643
v 0.192633 1.929444 0.034643
v 0.128683 2.036514 0.034643
v 0.221482 1.887724 0.034643
v 0.221482 1.887724 -0.063656
v 0.245653 1.975924 -0.063656
v 0.309282 2.036514 -0.063656
v 0.309282 2.036514 0.034643
v 0.288763 1.996894 -0.063656
v 0.288763 1.996894 0.034643
v 0.245653 1.975924 0.034643
v 0.293443 1.931174 -0.063656
v 0.293443 1.931174 0.034643
v 0.305253 1.860174 -0.063656
v 0.221923 1.834914 -0.063656
v 0.221923 1.834914 0.034643
v 0.299132 1.781184 -0.063656
v 0.205953 1.786984 -0.063656
v 0.305253 1.860174 0.034643
v 0.299132 1.781184 0.034643
v 0.266783 1.712534 -0.063656
v 0.266783 1.712534 0.034643
v 0.186872 1.755484 -0.063656
v 0.214123 1.675024 -0.063656
v 0.214123 1.675024 0.034643
v -0.079887 1.675024 -0.063656
v -0.079887 1.675024 0.034643
v 0.186872 1.755484 0.034643
v 0.205953 1.786984 0.034643
v -0.079887 1.755484 0.034643
v -0.079887 1.755484 -0.063656
v -0.182947 1.677684 -0.063656
v -0.182947 1.677684 0.034643
v -0.144688 1.768364 -0.063656
v -0.144688 1.768364 0.034643
v -0.240928 1.711404 -0.063656
v -0.240928 1.711404 0.034643
v -0.171968 1.808144 0.034643
v -0.171968 1.808144 -0.063656
v -0.182657 1.851094 0.034643
v -0.271997 1.787564 -0.063656
v -0.271997 1.787564 0.034643
v -0.271997 1.871584 -0.063656
v 0.137833 1.251934 -0.042757
v 0.097803 1.253204 -0.042757
v 0.129522 1.281514 -0.042757
v 0.097803 1.217894 -0.042757
v 0.137833 1.251934 -0.011356
v 0.097803 1.217894 -0.011356
v 0.097803 1.253204 -0.011356
v 0.129522 1.281514 -0.011356
v 0.174413 1.264254 -0.042757
v 0.186193 1.292644 -0.042757
v 0.186193 1.292644 -0.011356
v 0.201293 1.249014 -0.042757
v 0.226823 1.266124 -0.042757
v 0.201293 1.249014 -0.011356
v 0.174413 1.264254 -0.011356
v 0.209562 1.224214 -0.011356
v 0.209562 1.224214 -0.042757
v 0.245442 1.223994 -0.042757
v 0.226823 1.266124 -0.011356
v 0.245442 1.223994 -0.011356
v 0.209232 1.200554 -0.042757
v 0.235473 1.188164 -0.042757
v 0.209363 1.160444 -0.042757
v 0.193573 1.184794 -0.011356
v 0.209232 1.200554 -0.011356
v 0.193573 1.184794 -0.042757
v 0.180182 1.183084 -0.011356
v 0.180182 1.183084 -0.042757
v 0.174703 1.160444 -0.042757
v 0.209363 1.160444 -0.011356
v 0.159423 1.179204 -0.042757
v 0.174703 1.160444 -0.011356
v 0.159423 1.179204 -0.011356
v -0.061828 1.308424 -0.064756
v -0.061828 -1.038576 -0.078056
v -0.036717 -1.038576 -0.078056
v -0.036717 1.308424 -0.064756
v -0.101287 1.308424 -0.064756
v -0.101287 -1.038576 -0.078056
v -0.076187 -1.038576 -0.078056
v -0.076187 1.308424 -0.064756
v 0.061203 1.308424 -0.064756
v 0.061203 -1.038576 -0.078056
v 0.086303 -1.038576 -0.078056
v 0.086303 1.308424 -0.064756
v 0.020523 1.308424 -0.064756
v 0.020523 -1.038576 -0.078056
v 0.045623 -1.038576 -0.078056
v 0.045623 1.308424 -0.064756
v -0.018948 1.308424 -0.064756
v -0.018948 -1.038576 -0.078056
v 0.006153 -1.038576 -0.078056
v 0.006153 1.308424 -0.064756
v -0.224817 -1.001696 -0.060957
v -0.359357 -0.881936 -0.060957
v -0.277707 -0.852916 -0.060957
v -0.277707 -0.852916 -0.040155
v -0.359357 -0.881936 -0.040155
v -0.224817 -1.001696 -0.040155
v -0.306467 -1.030716 -0.060957
v -0.306467 -1.030716 -0.040155
v 0.162183 -0.301066 -0.037857
v 0.319202 -0.147336 -0.037857
v 0.218022 -0.116686 -0.037857
v 0.263363 -0.331706 -0.037857
v 0.218022 -0.116686 -0.063255
v 0.162183 -0.301066 -0.063255
v 0.010563 -1.433538 0.001543
v 0.010563 -1.541894 0.001543
v -0.033628 -1.541894 0.001543
v 0.010563 -1.433538 0.065945
v 0.028743 -1.445224 0.065945
v 0.010563 -1.541894 0.065945
v 0.028743 -1.445224 0.001543
v 0.037753 -1.570055 0.001543
v 0.037753 -1.570055 0.065945
v 0.061123 -1.564523 0.001543
v 0.061123 -1.564523 0.065945
v 0.039762 -1.615332 0.001543
v 0.085993 -1.602411 0.001543
v 0.039762 -1.615332 0.065945
v 0.067062 -1.549705 0.001543
v 0.067062 -1.549705 0.065945
v 0.111683 -1.557653 0.001543
v 0.069233 -1.531594 0.001543
v 0.069233 -1.531594 0.065945
v 0.111683 -1.557653 0.065945
v 0.085993 -1.602411 0.065945
v 0.103183 -1.511459 0.065945
v 0.103183 -1.511459 0.001543
v 0.067372 -1.500078 0.065945
v 0.067372 -1.500078 0.001543
v 0.058753 -1.524950 0.001543
v 0.058753 -1.524950 0.065945
v 0.046503 -1.507399 0.001543
v 0.046503 -1.507399 0.065945
v -0.141077 -0.924256 -0.060957
v -0.158677 -0.767336 -0.060957
v -0.158677 -0.767336 -0.040155
v -0.141077 -0.924256 -0.040155
v -0.244787 -0.776996 -0.060957
v -0.227187 -0.933906 -0.040155
v -0.227187 -0.933906 -0.060957
v -0.244787 -0.776996 -0.040155
v -0.297688 0.368864 0.008944
v -0.331138 0.364784 -0.029457
v -0.297688 0.368864 -0.029457
v -0.249847 0.384424 0.008944
v -0.265557 0.351564 0.008944
v -0.249847 0.384424 -0.029457
v -0.293878 0.405114 -0.029457
v -0.210438 0.359014 0.008944
v -0.226137 0.326154 0.008944
v -0.210438 0.359014 -0.029457
v -0.188797 0.355104 -0.029457
v -0.188797 0.355104 0.008944
v -0.171997 0.361474 -0.029457
v -0.171997 0.361474 0.008944
v -0.179068 0.317214 0.008944
v -0.226137 0.326154 -0.029457
v -0.265557 0.351564 -0.029457
v -0.139757 0.339514 0.008944
v -0.139757 0.339514 -0.029457
v -0.179068 0.317214 -0.029457
v 0.339633 0.288264 0.008944
v 0.376093 0.324724 0.008944
v 0.376093 0.288264 0.008944
v 0.351233 0.237604 0.008944
v 0.327783 0.265524 0.008944
v 0.339633 0.288264 -0.029457
v 0.308493 0.252994 0.008944
v 0.327783 0.265524 -0.029457
v 0.306152 0.216614 0.008944
v 0.308493 0.252994 -0.029457
v 0.286633 0.254104 0.008944
v 0.286633 0.254104 -0.029457
v 0.266843 0.223484 0.008944
v 0.266843 0.223484 -0.029457
v 0.259373 0.270774 0.008944
v 0.229712 0.249584 -0.029457
v 0.229712 0.249584 0.008944
v 0.216453 0.284914 -0.029457
v 0.249172 0.288894 0.008944
v 0.212873 0.285534 0.008944
v 0.252163 0.306444 0.009045
v 0.219233 0.322054 0.008944
v 0.255733 0.305824 -0.029356
v 0.262703 0.318784 0.009045
v 0.258332 0.349514 0.008944
v 0.267673 0.312594 -0.029356
v 0.275463 0.318304 0.009045
v 0.289323 0.346074 0.008944
v 0.274802 0.310984 -0.029356
v 0.300822 0.312034 0.008944
v 0.295293 0.306974 -0.029457
v 0.230903 0.012174 -0.068956
v 0.273883 -0.005626 -0.068956
v 0.273883 -0.005626 -0.032856
v 0.230903 0.012174 -0.032856
v 0.240513 -0.914526 -0.063255
v 0.250253 -0.722126 -0.063255
v 0.250253 -0.722126 -0.037857
v 0.240513 -0.914526 -0.037857
v 0.144663 -0.716786 -0.063255
v 0.134923 -0.909186 -0.037857
v 0.134923 -0.909186 -0.063255
v 0.144663 -0.716786 -0.037857
v -0.033628 -1.541894 0.065945
v -0.060818 -1.570055 0.065945
v -0.060818 -1.570055 0.001543
v -0.084188 -1.564523 0.065945
v -0.062827 -1.615332 0.001543
v -0.084188 -1.564523 0.001543
v -0.090127 -1.549705 0.065945
v -0.029918 -1.592352 0.065945
v -0.109057 -1.602411 0.001543
v -0.090127 -1.549705 0.001543
v -0.092298 -1.531594 0.065945
v -0.134748 -1.557653 0.001543
v -0.109057 -1.602411 0.065945
v -0.092298 -1.531594 0.001543
v -0.126247 -1.511459 0.001543
v -0.134748 -1.557653 0.065945
v -0.126247 -1.511459 0.065945
v -0.090437 -1.500078 0.001543
v -0.090437 -1.500078 0.065945
v -0.081818 -1.524950 0.001543
v -0.069568 -1.507399 0.001543
v -0.069568 -1.507399 0.065945
v -0.081818 -1.524950 0.065945
v -0.029918 -1.727391 0.065945
v 0.006853 -1.727391 0.065945
v -0.086567 -1.735014 0.065945
v -0.064107 -1.757752 0.065945
v -0.092628 -1.761257 0.065945
v -0.092628 -1.761257 0.001543
v -0.064107 -1.757752 0.001543
v -0.086567 -1.735014 0.001543
v 0.002143 -1.800741 0.065945
v -0.025197 -1.800741 0.065945
v -0.011527 -1.833318 0.065945
v -0.029918 -1.727391 0.001543
v 0.063502 -1.735014 0.001543
v 0.006853 -1.695429 0.001543
v 0.063502 -1.735014 0.065945
v 0.041042 -1.757752 0.065945
v 0.069563 -1.761257 0.065945
v 0.069563 -1.761257 0.001543
v 0.041042 -1.757752 0.001543
v 0.006853 -1.727391 0.001543
v 0.128683 2.036514 0.034643
v 0.192633 1.929444 0.034643
v 0.245653 1.975924 0.034643
v 0.128683 1.937014 0.034643
v 0.128683 1.937014 -0.063656
v 0.309282 2.036514 0.034643
v 0.288763 1.996894 0.034643
v 0.288763 1.996894 -0.063656
v 0.245653 1.975924 -0.063656
v 0.221482 1.887724 0.034643
v 0.293443 1.931174 0.034643
v 0.305253 1.860174 0.034643
v 0.305253 1.860174 -0.063656
v 0.299132 1.781184 -0.063656
v 0.221923 1.834914 0.034643
v 0.221482 1.887724 -0.063656
v 0.299132 1.781184 0.034643
v 0.205953 1.786984 0.034643
v 0.221923 1.834914 -0.063656
v 0.205953 1.786984 -0.063656
v 0.128683 1.652724 0.050043
v 0.192633 1.545664 0.050043
v 0.245653 1.592144 0.050043
v 0.128683 1.553234 0.050043
v 0.309282 1.652724 0.050043
v 0.288763 1.613114 0.050043
v 0.245653 1.592144 -0.079157
v 0.288763 1.613114 -0.079157
v 0.221482 1.503944 0.050043
v 0.293443 1.547394 0.050043
v 0.293443 1.547394 -0.079157
v 0.305253 1.476394 -0.079157
v 0.305253 1.476394 0.050043
v 0.221482 1.503944 -0.079157
v 0.192633 1.545664 -0.079157
v -0.033628 -1.433538 0.065945
v -0.017057 -1.351390 0.065945
v -0.067337 -1.387590 0.065945
v -0.051807 -1.445224 0.065945
v -0.059387 -1.322064 0.065945
v -0.017057 -1.351390 0.001543
v -0.087128 -1.414415 0.065945
v -0.084248 -1.339961 0.065945
v -0.091257 -1.456921 0.065945
v -0.126237 -1.291916 0.065945
v -0.125537 -1.332402 0.065945
v -0.059387 -1.322064 0.001543
v -0.126237 -1.291916 0.001543
v -0.173898 -1.296636 0.065945
v -0.173187 -1.337118 0.065945
v -0.173187 -1.337118 0.001543
v -0.225277 -1.299616 0.065945
v -0.173898 -1.296636 0.001543
v -0.225277 -1.299616 0.001543
v -0.224567 -1.340097 0.065945
v -0.106697 -1.413476 0.065945
v -0.128847 -1.449990 0.001543
v -0.091257 -1.456921 0.001543
v -0.128847 -1.449990 0.065945
v -0.156407 -1.415052 0.065945
v -0.121997 -1.398658 0.065945
v -0.106697 -1.413476 0.001543
v -0.121997 -1.398658 0.001543
v -0.161307 -1.381068 0.065945
v -0.161307 -1.381068 0.001543
v -0.123608 -1.386714 0.065945
v -0.137258 -1.341263 0.001543
v -0.115507 -1.372555 0.065945
v -0.137258 -1.341263 0.065945
v -0.115507 -1.372555 0.001543
v 0.009823 -1.238716 -0.078756
v 0.009823 -1.238716 -0.018356
v 0.018673 -1.260076 -0.078756
v -0.011527 -1.229866 -0.018356
v 0.018673 -1.260076 -0.018356
v -0.011527 -1.229866 -0.078756
v -0.032887 -1.238716 -0.018356
v -0.032887 -1.238716 -0.078756
v -0.041738 -1.260076 -0.078756
v -0.032887 -1.281436 -0.018356
v -0.041738 -1.260076 -0.018356
v -0.032887 -1.281436 -0.078756
v -0.011527 -1.290276 -0.078756
v 0.009823 -1.281436 -0.078756
v 0.009823 -1.281436 -0.018356
v -0.011527 -1.290276 -0.018356
v -0.104347 -1.080926 0.035645
v -0.137967 -1.080926 -0.065657
v -0.157578 1.251934 -0.042757
v -0.117667 1.253204 -0.042757
v -0.117667 1.217894 -0.042757
v -0.149298 1.281514 -0.042757
v -0.117667 1.217894 -0.011356
v -0.117667 1.253204 -0.011356
v -0.157578 1.251934 -0.011356
v -0.194037 1.264254 -0.042757
v -0.205777 1.292644 -0.042757
v -0.220838 1.249014 -0.011356
v -0.194037 1.264254 -0.011356
v -0.220838 1.249014 -0.042757
v -0.246277 1.266124 -0.042757
v -0.205777 1.292644 -0.011356
v -0.229077 1.224214 -0.042757
v -0.264837 1.223994 -0.042757
v -0.228747 1.200554 -0.011356
v -0.229077 1.224214 -0.011356
v -0.228747 1.200554 -0.042757
v -0.254908 1.188164 -0.042757
v -0.264837 1.223994 -0.011356
v -0.254908 1.188164 -0.011356
v -0.228877 1.160444 -0.042757
v -0.228877 1.160444 -0.011356
v -0.213147 1.184794 -0.042757
v -0.194327 1.160444 -0.042757
v -0.194327 1.160444 -0.011356
v -0.179097 1.179204 -0.042757
v -0.179097 1.179204 -0.011356
v -0.199787 1.183084 -0.042757
v -0.199787 1.183084 -0.011356
v -0.213147 1.184794 -0.011356
v -0.006007 -1.351390 0.001543
v -0.017057 -1.351390 0.065945
v -0.006007 -1.351390 0.065945
v 0.044272 -1.387590 0.001543
v 0.036333 -1.322064 0.001543
v 0.036333 -1.322064 0.065945
v 0.061193 -1.339961 0.001543
v 0.061193 -1.339961 0.065945
v 0.103172 -1.291916 0.001543
v 0.103172 -1.291916 0.065945
v 0.102472 -1.332402 0.001543
v 0.064063 -1.414415 0.001543
v 0.044272 -1.387590 0.065945
v 0.064063 -1.414415 0.065945
v 0.150833 -1.296636 0.001543
v 0.150123 -1.337118 0.001543
v 0.150833 -1.296636 0.065945
v 0.202212 -1.299616 0.001543
v 0.202212 -1.299616 0.065945
v 0.201503 -1.340097 0.001543
v 0.237843 -1.286356 0.001543
v 0.271613 -1.331507 0.065945
v 0.201503 -1.340097 0.065945
v 0.271613 -1.331507 0.001543
v 0.254272 -1.268706 0.001543
v 0.237843 -1.286356 0.065945
v 0.254272 -1.268706 0.065945
v 0.306092 -1.290906 0.001543
v 0.306092 -1.290906 0.065945
v 0.305643 -1.229376 0.065945
v 0.257023 -1.245836 0.001543
v 0.257023 -1.245836 0.065945
v 0.305643 -1.229376 0.001543
v 0.255403 -1.222236 0.001543
v 0.255403 -1.222236 0.065945
v 0.274233 -1.199766 0.001543
v 0.274233 -1.199766 0.065945
v 0.255413 -1.201366 0.001543
v 0.255413 -1.201366 0.065945
vn -0.0550 -0.9038 -0.4244
vn -0.2607 0.5767 -0.7742
vn 0.5041 -0.7876 -0.3544
vn 0.5041 -0.7876 0.3544
vn -0.0550 -0.9038 0.4244
vn 0.8508 -0.4017 0.3387
vn 0.8508 -0.4018 -0.3387
vn 0.9262 0.2375 0.2929
vn -0.5255 0.3294 -0.7844
vn 0.9262 0.2375 -0.2929
vn -0.2607 0.5767 0.7742
vn -0.5256 0.3294 0.7844
vn -0.5761 -0.1420 -0.8050
vn -0.8697 0.2608 -0.4191
vn 0.1728 0.9503 -0.2591
vn 0.1728 0.9502 0.2592
vn -0.8697 0.2609 0.4190
vn -0.3613 -0.5891 0.7227
vn 0.6847 0.3385 0.6454
vn 0.3313 0.7413 0.5837
vn 0.0314 -0.8726 0.4874
vn 0.3313 0.7414 -0.5836
vn 0.6848 0.3384 -0.6454
vn -0.1337 0.8491 -0.5110
vn -0.1337 0.8491 0.5111
vn 0.0236 -0.5270 0.8495
vn -0.3613 -0.5891 -0.7227
vn 0.0315 -0.8726 -0.4874
vn 0.0236 -0.5270 -0.8495
vn 0.3858 -0.3385 0.8582
vn -0.6313 0.5444 0.5524
vn -0.6313 0.5444 -0.5524
vn -0.8283 0.0947 -0.5523
vn -0.8283 0.0947 0.5522
vn 0.5435 -0.0867 0.8349
vn 0.3858 -0.3386 -0.8582
vn 0.5435 -0.0867 -0.8349
vn 0.4795 0.1887 0.8570
vn -0.7258 -0.4102 0.5522
vn -0.3695 -0.8096 0.4560
vn 0.2764 0.4580 0.8449
vn 0.4796 0.1887 -0.8570
vn 0.2764 0.4580 -0.8449
vn 0.3295 -0.8788 0.3453
vn 0.1261 0.7723 0.6226
vn 0.9519 0.2281 0.2046
vn 0.1261 0.7723 -0.6226
vn 0.9519 0.2282 -0.2045
vn 0.7946 0.3147 -0.5192
vn -0.5338 -0.2198 -0.8165
vn 0.5339 -0.2198 -0.8165
vn 0.5339 -0.2198 0.8165
vn 0.7946 0.3147 0.5193
vn -0.7946 0.3147 -0.5193
vn -0.7946 0.3147 0.5193
vn -0.6952 0.6636 0.2764
vn 0.4011 -0.3617 -0.8416
vn -0.6951 0.6636 -0.2765
vn -0.7086 -0.6928 0.1338
vn -0.4011 -0.3618 -0.8416
vn 0.6951 0.6636 -0.2764
vn 0.4407 -0.8106 -0.3856
vn -0.7086 -0.6928 -0.1338
vn -0.4011 -0.3617 0.8416
vn 0.4407 -0.8106 0.3856
vn -0.4407 -0.8106 -0.3856
vn 0.7086 -0.6928 -0.1338
vn 0.6952 0.6635 0.2765
vn 0.7086 -0.6928 0.1338
vn -0.4407 -0.8106 0.3856
vn 0.4011 -0.3618 0.8415
vn 0.9152 -0.1578 -0.3708
vn 0.9152 -0.1578 0.3708
vn 0.0001 -0.9920 -0.1260
vn -0.0000 -0.9920 0.1260
vn -0.9152 -0.1578 -0.3708
vn -0.9152 -0.1578 0.3708
vn 0.5511 -0.0000 -0.8345
vn 0.5510 -0.0000 0.8345
vn 0.3924 -0.3924 -0.8319
vn -0.0000 0.5511 0.8345
vn 0.5511 -0.0000 0.8345
vn 0.3924 0.3924 0.8319
vn -0.5510 0.0001 0.8345
vn -0.3924 0.3923 0.8319
vn -0.3924 0.3924 -0.8319
vn -0.5511 -0.0000 -0.8345
vn -0.0001 -0.5511 0.8345
vn 0.3924 -0.3924 0.8319
vn -0.3924 -0.3925 0.8319
vn -0.3925 -0.3924 -0.8319
vn -0.0000 -0.5511 -0.8345
vn 0.7485 0.1497 0.6460
vn 0.5134 -0.0948 0.8529
vn -0.7485 0.1497 0.6460
vn 0.5339 -0.2199 0.8165
vn 0.2752 0.6054 0.7468
vn -0.1179 -0.9119 0.3931
vn -0.2920 0.4182 0.8601
vn 0.5823 -0.7318 0.3541
vn -0.1179 -0.9119 -0.3931
vn 0.5823 -0.7318 -0.3541
vn 0.9279 -0.1731 0.3303
vn -0.5813 0.1414 0.8013
vn -0.4969 -0.1656 0.8518
vn 0.7625 0.5818 0.2830
vn 0.0711 0.9709 0.2288
vn -0.6685 -0.6212 0.4090
vn -0.9397 0.3238 0.1106
vn 0.0710 0.9709 -0.2288
vn -0.5339 -0.2198 0.8165
vn -0.2835 0.5118 0.8110
vn 0.6454 0.0236 0.7635
vn -0.4326 0.7866 0.4406
vn -0.2837 -0.6936 0.6621
vn -0.1961 0.9021 -0.3843
vn -0.4327 0.7866 -0.4405
vn -0.4326 0.7866 0.4405
vn 0.3468 0.5203 0.7804
vn 0.4807 -0.5044 0.7173
vn 0.6454 0.0236 -0.7635
vn -0.1961 0.9021 0.3844
vn 0.0236 -0.8182 0.5744
vn 0.4808 -0.5044 -0.7172
vn 0.0630 0.8423 0.5353
vn 0.0236 -0.8182 -0.5744
vn -0.0628 -0.8481 0.5261
vn -0.0628 -0.8481 -0.5261
vn -0.0865 0.7314 0.6764
vn 0.0395 -0.8757 0.4812
vn 0.0395 -0.8757 -0.4813
vn -0.3069 0.5115 0.8026
vn 0.3870 -0.8215 0.4187
vn -0.3069 0.5115 -0.8026
vn -0.0865 0.7314 -0.6764
vn -0.4496 0.2129 0.8675
vn 0.8592 -0.2838 0.4256
vn 0.3870 -0.8215 -0.4187
vn -0.6237 0.0158 0.7815
vn 0.8736 0.3069 0.3777
vn -0.6236 0.0158 -0.7816
vn -0.6236 0.0158 0.7816
vn -0.8280 -0.0315 -0.5599
vn -0.8280 -0.0316 0.5599
vn 0.4637 0.8253 0.3222
vn 0.8736 0.3069 -0.3778
vn -0.7629 0.6371 0.1101
vn 0.4638 0.8253 -0.3223
vn 0.0621 -0.8481 -0.5261
vn 0.0865 0.7315 -0.6764
vn -0.0630 0.8423 -0.5353
vn -0.0395 -0.8757 -0.4813
vn 0.0628 -0.8481 0.5261
vn -0.0394 -0.8757 0.4812
vn -0.3871 -0.8215 -0.4187
vn -0.3871 -0.8215 0.4186
vn -0.8593 -0.2838 -0.4256
vn 0.3069 0.5115 -0.8026
vn 0.4496 0.2130 -0.8675
vn 0.4496 0.2129 0.8675
vn 0.3069 0.5115 0.8026
vn 0.0865 0.7314 0.6764
vn 0.6236 0.0158 -0.7816
vn 0.6236 0.0158 0.7815
vn 0.8280 -0.0316 0.5599
vn -0.8736 0.3069 -0.3777
vn 0.8280 -0.0315 -0.5599
vn 0.7629 0.6371 0.1101
vn 0.8280 -0.0315 0.5599
vn 0.7629 0.6371 -0.1101
vn -0.4638 0.8253 -0.3222
vn -0.8735 0.3069 0.3778
vn -0.4637 0.8253 0.3222
vn -0.7015 0.3862 -0.5990
vn -0.8645 0.0865 0.4951
vn -0.7014 0.3862 0.5990
vn 0.6870 -0.2369 -0.6870
vn 0.6869 -0.2369 0.6870
vn 0.6407 0.0316 -0.7672
vn 0.0788 -0.5199 0.8506
vn -0.4564 -0.0314 -0.8892
vn 0.0788 -0.5198 -0.8506
vn -0.1965 -0.3615 0.9114
vn -0.4564 -0.0315 0.8892
vn -0.1965 -0.3614 -0.9115
vn -0.7322 -0.1260 0.6693
vn -0.7323 -0.1260 -0.6693
vn -0.8291 -0.4501 -0.3317
vn -0.8291 -0.4501 0.3316
vn -0.9876 0.1185 -0.1027
vn -0.0393 0.9045 -0.4247
vn -0.9876 0.1185 0.1027
vn -0.0393 0.9045 0.4247
vn 0.0709 0.7170 -0.6934
vn 0.0709 0.7170 0.6935
vn -0.0000 0.7071 -0.7071
vn -0.0000 0.7071 0.7071
vn -0.1503 0.3480 -0.9254
vn -0.1503 0.3480 0.9254
vn -0.7382 0.1414 -0.6596
vn -0.7381 0.1414 0.6597
vn 0.7032 -0.0000 -0.7110
vn -0.1413 0.9734 -0.1805
vn -0.1413 0.9734 0.1805
vn 0.1413 0.9734 -0.1805
vn 0.1413 0.9734 0.1805
vn 0.7382 0.1413 -0.6597
vn 0.7381 0.1413 0.6597
vn 0.7031 -0.0000 0.7111
vn 0.7323 -0.1260 -0.6693
vn 0.7322 -0.1260 0.6693
vn 0.1102 -0.9838 -0.1417
vn 0.1102 -0.9838 0.1416
vn -0.1102 -0.9838 -0.1417
vn -0.1102 -0.9838 0.1416
vn -0.2751 0.6054 0.7468
vn 0.7946 0.3147 0.5192
vn 0.1179 -0.9119 0.3931
vn 0.1179 -0.9119 -0.3930
vn -0.5823 -0.7318 -0.3541
vn -0.5823 -0.7318 0.3541
vn 0.2920 0.4182 0.8601
vn -0.7946 0.3147 0.5192
vn 0.2920 0.4183 -0.8601
vn 0.2920 0.4183 0.8601
vn -0.2751 0.6054 -0.7469
vn -0.9279 -0.1730 0.3302
vn -0.9279 -0.1730 -0.3303
vn 0.5813 0.1414 0.8013
vn 0.5813 0.1414 -0.8013
vn 0.4969 -0.1656 0.8519
vn 0.4969 -0.1657 -0.8518
vn 0.5813 0.1413 -0.8013
vn -0.7625 0.5817 0.2830
vn 0.6685 -0.6213 0.4089
vn 0.6685 -0.6213 -0.4089
vn -0.0711 0.9709 0.2288
vn 0.9397 0.3238 0.1106
vn 0.9397 0.3237 -0.1106
vn -0.0710 0.9708 -0.2289
vn -0.7626 0.5817 -0.2830
vn -0.7626 0.5817 0.2830
vn -0.0711 0.9709 -0.2289
vn 0.7413 0.0315 -0.6704
vn 0.7413 0.0316 0.6704
vn 0.5895 0.2672 -0.7623
vn -0.8916 -0.1736 -0.4182
vn 0.7691 -0.2668 0.5808
vn -0.9113 0.0943 -0.4007
vn -0.8916 -0.1736 0.4182
vn -0.9114 0.0943 0.4007
vn -0.7591 0.4191 -0.4982
vn -0.7591 0.4191 0.4981
vn 0.7691 -0.2668 -0.5808
vn 0.0944 -0.6210 0.7781
vn -0.5597 -0.0394 -0.8278
vn 0.0943 -0.6209 -0.7782
vn -0.0000 0.7953 -0.6063
vn 0.0866 0.8026 -0.5902
vn -0.1889 0.4328 -0.8815
vn 0.0866 0.8026 0.5902
vn -0.0000 0.7952 0.6063
vn -0.0395 0.9397 0.3396
vn -0.0395 0.9397 -0.3396
vn -0.8507 -0.4569 -0.2599
vn -0.5597 -0.0394 0.8277
vn -0.8507 -0.4569 0.2599
vn -0.9899 0.1178 -0.0786
vn -0.9899 0.1178 0.0786
vn -0.1889 0.4329 0.8814
vn -0.8156 0.1569 -0.5569
vn -0.8157 0.1569 0.5569
vn 0.7915 -0.0000 -0.6112
vn -0.1423 0.9796 -0.1422
vn -0.1423 0.9796 0.1422
vn 0.1422 0.9796 -0.1422
vn 0.1422 0.9796 0.1422
vn 0.8157 0.1568 -0.5569
vn 0.1421 0.9796 0.1422
vn 0.8157 0.1568 0.5569
vn 0.7915 -0.0000 0.6112
vn 0.7914 -0.0000 -0.6113
vn -0.2444 -0.4493 -0.8593
vn -0.2444 -0.4493 0.8593
vn -0.8113 -0.1418 0.5671
vn 0.8113 -0.1418 -0.5672
vn 0.8113 -0.1418 0.5672
vn -0.8113 -0.1418 -0.5672
vn -0.1106 -0.9877 0.1106
vn 0.1107 -0.9877 -0.1106
vn 0.1107 -0.9877 0.1106
vn -0.1106 -0.9877 -0.1106
vn 0.6116 -0.6116 -0.5019
vn 0.8644 -0.0000 -0.5029
vn 1.0000 -0.0000 -0.0000
vn 0.7071 -0.7071 -0.0000
vn -0.6454 0.0236 -0.7635
vn -0.5133 -0.0948 -0.8530
vn 0.2838 -0.6936 -0.6621
vn -0.5134 -0.0948 0.8529
vn 0.2837 -0.6936 0.6621
vn 0.0550 -0.9038 -0.4243
vn 0.0550 -0.9038 0.4244
vn -0.3468 0.5203 -0.7804
vn 0.2607 0.5767 -0.7742
vn -0.5041 -0.7876 -0.3544
vn 0.2608 0.5767 0.7742
vn -0.3468 0.5203 0.7804
vn -0.6454 0.0236 0.7635
vn -0.8508 -0.4018 -0.3388
vn -0.5041 -0.7876 0.3544
vn -0.8508 -0.4018 0.3387
vn 0.5255 0.3294 -0.7844
vn -0.9262 0.2375 -0.2929
vn -0.4808 -0.5044 -0.7173
vn -0.4807 -0.5044 0.7172
vn 0.4327 0.7866 -0.4405
vn 0.2834 0.5118 -0.8110
vn 0.4326 0.7866 0.4405
vn 0.1961 0.9021 0.3844
vn 0.1961 0.9021 -0.3843
vn -0.0630 0.8423 0.5353
vn -0.0236 -0.8182 -0.5744
vn -0.0236 -0.8182 0.5744
vn 0.9406 -0.1423 -0.3082
vn 0.9406 -0.1423 0.3082
vn 0.8479 -0.4788 -0.2276
vn 0.8479 -0.4789 0.2276
vn 0.6636 -0.6952 -0.2765
vn 0.8478 -0.4789 -0.2276
vn 0.6636 -0.6952 0.2765
vn -0.0001 -0.9715 0.2369
vn -0.0001 -0.9715 -0.2369
vn 0.6636 -0.6951 -0.2764
vn -0.0000 -0.0000 1.0000
vn -0.0000 -0.9715 0.2370
vn 0.6635 -0.6952 0.2765
vn -0.6635 -0.6952 0.2765
vn -0.5655 0.5341 0.6284
vn -0.8540 0.4191 0.3084
vn 0.9407 0.1881 0.2823
vn -0.5655 0.5342 -0.6284
vn -0.0000 0.8084 0.5886
vn -0.8479 -0.4789 0.2277
vn 0.5656 0.5341 0.6283
vn -0.9406 -0.1423 0.3083
vn 0.8540 0.4191 0.3084
vn 0.8540 0.4191 -0.3083
vn -0.9407 0.1882 0.2823
vn 0.4495 0.2129 0.8675
vn -0.8592 -0.2838 0.4257
vn -0.8592 -0.2838 -0.4257
vn -0.8735 0.3069 -0.3778
vn -0.8736 0.3069 0.3777
vn 0.6236 0.0158 0.7816
vn 0.4495 0.2129 -0.8675
vn -0.4638 0.8253 0.3222
vn 0.8280 -0.0316 -0.5599
vn 0.7629 0.6370 -0.1101
vn -0.4637 0.8253 -0.3223
vn -0.0550 -0.9038 0.4243
vn -0.2837 -0.6936 -0.6621
vn -0.0551 -0.9038 -0.4244
vn -0.2607 0.5767 0.7743
vn -0.5256 0.3294 -0.7844
vn 0.5040 -0.7876 0.3544
vn 0.8508 -0.4018 0.3388
vn 0.9262 0.2374 -0.2929
vn 0.8508 -0.4017 -0.3387
vn 0.1727 0.9503 0.2592
vn -0.5761 -0.1420 0.8049
vn -0.5761 -0.1419 -0.8049
vn -0.8697 0.2609 -0.4190
vn 0.1727 0.9503 -0.2591
vn 0.5761 -0.1420 -0.8049
vn 0.8697 0.2609 -0.4190
vn -0.1728 0.9502 -0.2592
vn 0.8697 0.2609 0.4191
vn 0.5761 -0.1420 0.8050
vn 0.5255 0.3294 0.7844
vn -0.0000 0.1580 0.9874
vn 0.0474 0.1501 0.9875
vn 0.2922 0.9558 0.0316
vn -0.0001 0.9989 0.0472
vn 0.6620 0.7488 0.0315
vn -0.2923 0.9558 0.0316
vn 0.0788 0.0867 0.9931
vn 0.9004 0.4344 0.0237
vn -0.0474 0.1501 0.9875
vn -0.6621 0.7488 0.0315
vn -0.0788 0.0867 0.9931
vn -0.9004 0.4344 0.0237
vn 0.0948 0.0395 0.9947
vn 0.9950 0.0948 0.0316
vn -0.0948 0.0395 0.9947
vn -0.9950 0.0947 0.0315
vn 0.0863 -0.0000 0.9963
vn 0.9733 -0.2276 0.0314
vn -0.0863 -0.0000 0.9963
vn -0.9732 -0.2277 0.0314
vn 0.0863 -0.0314 0.9958
vn 0.8344 -0.5510 0.0158
vn -0.0863 -0.0313 0.9958
vn -0.8344 -0.5510 0.0158
vn 0.1101 -0.0786 0.9908
vn 0.8497 -0.5271 0.0158
vn -0.1101 -0.0787 0.9908
vn -0.8496 -0.5271 0.0158
vn 0.1103 -0.0552 0.9924
vn 0.9986 0.0471 0.0236
vn -0.1103 -0.0551 0.9924
vn -0.9986 0.0472 0.0236
vn 0.1027 0.0079 0.9947
vn -0.1027 0.0079 0.9947
vn -0.8379 0.5454 0.0237
vn 0.8378 0.5454 0.0237
vn -0.0707 0.0471 0.9964
vn -0.7952 0.6062 0.0158
vn 0.0706 0.0471 0.9964
vn 0.7952 0.6062 0.0157
vn -0.0790 0.0632 0.9949
vn -0.0791 0.0474 0.9957
vn -0.8926 0.4502 0.0237
vn 0.0790 0.0631 0.9949
vn 0.0790 0.0474 0.9957
vn 0.8926 0.4503 0.0237
vn -0.0863 0.0157 0.9961
vn -0.9886 0.1491 0.0235
vn 0.0863 0.0157 0.9961
vn 0.9885 0.1491 0.0235
vn -0.0785 -0.0079 0.9969
vn -0.9830 -0.1809 0.0314
vn 0.0785 -0.0079 0.9969
vn 0.9830 -0.1809 0.0314
vn -0.0869 -0.0395 0.9954
vn -0.8726 -0.4874 0.0314
vn 0.0869 -0.0395 0.9954
vn 0.8726 -0.4874 0.0314
vn -0.0789 -0.0789 0.9938
vn -0.6946 -0.7183 0.0394
vn 0.0789 -0.0789 0.9938
vn 0.6947 -0.7183 0.0394
vn -0.0865 -0.1100 0.9902
vn -0.6230 -0.7808 0.0473
vn 0.0865 -0.1101 0.9902
vn 0.6230 -0.7808 0.0473
vn -0.1257 -0.1885 0.9740
vn -0.5358 -0.8430 0.0472
vn 0.1257 -0.1885 0.9740
vn 0.5358 -0.8430 0.0472
vn -0.0000 -0.3632 0.9317
vn -0.0001 -1.0000 -0.0079
vn 0.2371 0.1185 -0.9642
vn 0.2289 -0.1421 -0.9630
vn -0.2371 -0.1185 -0.9642
vn -0.2289 0.1421 -0.9630
vn -0.2371 -0.1185 0.9642
vn -0.2289 0.1420 0.9630
vn 0.2289 -0.1421 0.9630
vn 0.7981 0.1738 -0.5769
vn 0.8027 -0.2282 -0.5509
vn -0.5883 0.1177 -0.8001
vn 0.7981 0.1739 0.5769
vn 0.6942 0.4970 0.5207
vn 0.8027 -0.2282 0.5509
vn 0.6942 0.4970 -0.5206
vn 0.6348 -0.6191 -0.4624
vn 0.6348 -0.6191 0.4624
vn -0.3858 0.3385 -0.8582
vn -0.3858 0.3386 0.8582
vn -0.1343 0.4899 -0.8613
vn -0.6074 -0.0947 -0.7888
vn -0.5883 0.1177 0.8001
vn -0.6073 -0.0947 0.7888
vn -0.4241 -0.3377 -0.8403
vn -0.1972 -0.5365 -0.8205
vn 0.2985 0.7856 -0.5420
vn 0.1411 -0.8624 -0.4861
vn 0.1411 -0.8624 0.4861
vn -0.3314 -0.7651 -0.5521
vn 0.1968 0.5511 -0.8109
vn -0.4241 -0.3377 0.8403
vn -0.1973 -0.5365 0.8205
vn 0.3950 0.4266 -0.8136
vn -0.6488 -0.5459 -0.5301
vn 0.3871 0.4186 0.8215
vn 0.1968 0.5511 0.8109
vn 0.4743 0.0712 0.8775
vn 0.5198 0.0788 -0.8506
vn -0.8488 -0.1022 -0.5187
vn 0.4744 -0.2925 -0.8303
vn -0.7106 0.4895 -0.5054
vn -0.6488 -0.5460 0.5301
vn -0.8758 -0.0946 0.4734
vn -0.7564 0.5595 0.3388
vn -0.3291 0.9012 0.2821
vn -0.3232 0.8197 -0.4729
vn 0.1890 -0.5041 -0.8427
vn 0.6062 0.6771 -0.4173
vn 0.6709 0.7262 0.1499
vn -0.1660 -0.8928 -0.4188
vn 0.9526 -0.2834 0.1103
vn 0.8660 -0.4409 -0.2362
vn 0.2136 0.1503 -0.9653
vn 0.2450 -0.1027 -0.9641
vn -0.2136 -0.1503 -0.9653
vn -0.2449 0.1027 -0.9641
vn -0.2136 -0.1503 0.9653
vn 0.2450 -0.1027 0.9641
vn -0.2449 0.1027 0.9641
vn 0.2137 0.1503 0.9653
vn 0.2606 0.0553 -0.9639
vn 0.1818 -0.1898 -0.9648
vn -0.2607 -0.0553 -0.9638
vn -0.1819 0.1898 -0.9648
vn -0.2607 -0.0553 0.9638
vn -0.1819 0.1898 0.9648
vn 0.1818 -0.1899 0.9648
vn 0.2607 0.0553 0.9638
vn -0.2609 0.0395 0.9646
vn -0.1740 -0.1977 0.9647
vn 0.2608 -0.0395 0.9646
vn 0.1739 0.1976 0.9647
vn -0.2609 0.0396 -0.9646
vn -0.1740 -0.1976 -0.9647
vn 0.3613 -0.5891 0.7228
vn -0.6848 0.3385 0.6454
vn -0.0316 -0.8673 0.4968
vn -0.0316 -0.8673 -0.4967
vn -0.3312 0.7414 0.5836
vn 0.1336 0.8491 -0.5111
vn -0.3313 0.7414 -0.5837
vn -0.3312 0.7414 0.5837
vn -0.0236 -0.5270 0.8496
vn 0.3613 -0.5892 -0.7227
vn -0.0236 -0.5271 -0.8495
vn 0.1337 0.8491 0.5110
vn 0.6312 0.5444 -0.5524
vn -0.3858 -0.3386 0.8582
vn 0.6313 0.5444 0.5524
vn 0.8283 0.0946 -0.5522
vn -0.5435 -0.0866 0.8349
vn 0.8283 0.0947 0.5522
vn 0.7258 -0.4102 -0.5522
vn 0.8283 0.0947 -0.5522
vn 0.7262 -0.4095 0.5522
vn 0.3695 -0.8097 -0.4560
vn 0.3694 -0.8097 0.4559
vn -0.4735 0.1894 0.8602
vn -0.5435 -0.0866 -0.8349
vn -0.4735 0.1893 -0.8602
vn -0.2764 0.4580 0.8449
vn -0.3296 -0.8787 0.3453
vn -0.1261 0.7723 0.6226
vn -0.9519 0.2282 0.2046
vn -0.1261 0.7723 -0.6226
vn -0.9519 0.2282 -0.2046
vn 0.3700 0.0078 -0.9290
vn 0.3700 -0.0000 -0.9290
vn -0.3700 0.0001 -0.9290
vn 0.3700 -0.0079 0.9290
vn -0.3700 -0.0079 0.9290
vn 0.3701 -0.0000 0.9290
vn -0.3700 0.0078 -0.9290
vn -0.3701 -0.0000 0.9290
vn -0.4631 0.8476 -0.2590
vn -0.3077 -0.5759 -0.7574
vn -0.7663 -0.4582 -0.4503
vn -0.3077 -0.5759 0.7574
vn -0.7167 -0.2205 0.6616
vn -0.7664 -0.4582 0.4503
vn -0.4631 0.8476 0.2590
vn 0.2359 0.9517 -0.1966
vn 0.2359 0.9517 0.1966
vn 0.4088 0.0315 -0.9121
vn 0.5194 -0.5509 -0.6532
vn 0.5194 -0.5509 0.6532
vn -0.7167 -0.2205 -0.6616
vn 0.8138 0.4187 -0.4029
vn 0.4089 0.0314 0.9120
vn 0.8138 0.4188 0.4030
vn 0.8971 0.0314 -0.4407
vn -0.7372 0.1098 -0.6667
vn -0.7372 0.1098 0.6667
vn 0.8754 -0.2287 -0.4259
vn 0.8971 0.0315 0.4407
vn 0.8754 -0.2287 0.4259
vn -0.6540 0.2837 -0.7013
vn -0.6540 0.2836 0.7013
vn -0.0786 0.7394 0.6686
vn 0.7318 -0.5823 -0.3541
vn 0.7318 -0.5823 0.3541
vn -0.0787 0.7394 -0.6686
vn 0.0947 -0.9071 -0.4102
vn 0.0315 0.8117 0.5832
vn -0.0079 -0.8643 -0.5029
vn 0.0946 -0.9071 0.4102
vn 0.0315 0.8117 -0.5832
vn 0.3157 0.5604 0.7657
vn -0.0079 -0.8643 0.5029
vn 0.3157 0.5604 -0.7657
vn -0.1964 -0.8641 -0.4635
vn -0.1964 -0.8641 0.4635
vn 0.5894 0.2672 0.7624
vn -0.6833 -0.5576 -0.4713
vn -0.1963 -0.8641 0.4635
vn -0.6833 -0.5577 0.4712
vn 0.7881 -0.1970 0.5832
vn -0.7247 0.0709 0.6854
vn -0.6357 0.2511 0.7299
vn 0.8379 0.0237 0.5454
vn -0.7247 0.0709 -0.6854
vn -0.6357 0.2511 -0.7300
vn -0.6589 -0.2119 -0.7217
vn -0.6589 -0.2118 0.7218
vn 0.8430 0.2836 0.4570
vn 0.8430 0.2837 0.4570
vn 0.8378 0.0238 -0.5454
vn 0.8430 0.2836 -0.4570
vn -0.4092 -0.5115 0.7555
vn -0.4092 -0.5116 -0.7555
vn -0.3536 -0.7388 -0.5737
vn 0.5436 0.7091 0.4491
vn 0.5436 0.7091 -0.4491
vn 0.8431 0.2836 -0.4570
vn -0.3537 -0.7388 0.5737
vn 0.0236 0.9260 0.3768
vn -0.9752 0.0237 0.2202
vn -0.9752 0.0236 -0.2202
vn -0.9752 0.0236 0.2202
vn 0.0236 0.9260 -0.3767
vn -0.1103 0.8269 -0.5514
vn -0.1103 0.8270 0.5513
vn 0.2985 0.7856 0.5420
vn -0.3716 0.6721 0.6405
vn 0.1100 -0.5657 -0.8172
vn -0.3716 0.6721 -0.6405
vn 0.1100 -0.5657 0.8172
vn 0.3548 -0.5993 -0.7176
vn 0.3549 -0.5993 0.7176
vn -0.2688 0.5613 -0.7827
vn -0.2688 0.5613 0.7827
vn 0.2977 -0.7523 -0.5877
vn 0.2978 -0.7523 -0.5877
vn 0.3549 -0.5992 0.7176
vn 0.2978 -0.7523 0.5877
vn 0.0316 0.4659 0.8843
vn 0.0316 0.4659 -0.8843
vn 0.3322 0.3639 0.8702
vn -0.1339 -0.8667 -0.4806
vn -0.1340 -0.8667 -0.4806
vn -0.1339 -0.8666 0.4806
vn 0.3322 0.3639 -0.8702
vn -0.6304 -0.5832 -0.5123
vn 0.6310 0.2524 -0.7335
vn -0.7881 -0.1970 -0.5832
vn 0.7248 0.0709 -0.6853
vn -0.6305 -0.5832 0.5123
vn -0.7881 -0.1970 0.5832
vn -0.8378 0.0237 -0.5454
vn 0.7247 0.0709 -0.6854
vn 0.6534 -0.2204 0.7242
vn 0.7247 0.0709 0.6854
vn 0.6533 -0.2204 -0.7243
vn 0.4092 -0.5115 0.7556
vn 0.6533 -0.2205 0.7243
vn -0.8430 0.2837 -0.4570
vn -0.8378 0.0238 0.5454
vn -0.8430 0.2837 0.4570
vn 0.4092 -0.5115 -0.7555
vn 0.3537 -0.7388 0.5737
vn -0.5436 0.7091 -0.4491
vn -0.5437 0.7091 0.4491
vn -0.0235 0.9260 -0.3767
vn 0.3536 -0.7387 -0.5738
vn 0.9752 0.0236 0.2201
vn 0.9752 0.0236 -0.2202
vn -0.0236 0.9260 0.3768
vn 0.9752 0.0236 0.2202
vn -0.1740 -0.1977 -0.9647
vn 0.1739 0.1976 -0.9647
vn 0.2609 -0.0395 -0.9646
vn 0.1740 0.1977 0.9647
vn -0.1739 -0.1977 0.9647
vn -0.2985 0.7855 -0.5421
vn 0.1972 -0.5365 -0.8206
vn -0.6942 0.4970 -0.5207
vn -0.6942 0.4970 0.5207
vn 0.4269 -0.3399 -0.8380
vn -0.2985 0.7855 0.5420
vn 0.1972 -0.5365 0.8205
vn 0.4269 -0.3399 0.8380
vn 0.1102 0.8270 -0.5514
vn 0.1103 0.8270 0.5513
vn -0.1178 -0.5652 -0.8165
vn 0.3716 0.6720 -0.6405
vn -0.3548 -0.5993 0.7176
vn -0.1178 -0.5652 0.8165
vn -0.3548 -0.5993 -0.7176
vn -0.2991 -0.7557 0.5826
vn 0.2688 0.5613 -0.7827
vn 0.3716 0.6721 0.6405
vn 0.2688 0.5614 0.7827
vn -0.2992 -0.7557 -0.5825
vn -0.0316 0.4658 -0.8843
vn -0.0317 0.4659 -0.8843
vn 0.2688 0.5613 0.7827
vn -0.0315 0.4659 0.8843
vn 0.1339 -0.8666 -0.4806
vn 0.1339 -0.8666 0.4806
vn 0.6305 -0.5832 0.5123
vn -0.3323 0.3638 -0.8702
vn 0.6305 -0.5832 -0.5122
vn -0.6357 0.2512 -0.7299
vn -0.3323 0.3638 0.8702
vn 0.7881 -0.1970 -0.5832
vn -0.7248 0.0709 -0.6853
vn 0.8378 0.0237 0.5454
vn 0.8378 0.0237 -0.5454
vn -0.6590 -0.2118 -0.7217
vn 0.8430 0.2837 -0.4570
vn -0.6590 -0.2118 0.7217
vn 0.5437 0.7091 -0.4491
vn 0.0235 0.9260 0.3767
vn 0.5437 0.7091 0.4491
vn -0.3537 -0.7388 -0.5737
vn -0.9752 0.0236 0.2201
vn -0.9752 0.0236 -0.2203
vn -0.3536 -0.7387 0.5737
vn -0.9752 0.0236 0.2203
vn 0.8643 -0.0000 -0.5029
vn 0.6116 0.6116 -0.5019
vn 0.7071 0.7071 -0.0000
vn -0.0000 1.0000 -0.0000
vn -0.0000 0.8643 -0.5029
vn 0.9737 -0.0001 -0.2278
vn 0.5294 0.7665 -0.3635
vn 0.5295 -0.7665 -0.3635
vn -0.1414 0.8013 -0.5813
vn -0.6116 0.6116 -0.5019
vn -0.0000 -0.8644 -0.5029
vn -0.1414 -0.8013 -0.5813
vn -0.0000 -1.0000 -0.0000
vn -0.5436 -0.4491 -0.7091
vn -0.6116 -0.6116 -0.5018
vn -0.5436 0.4491 -0.7091
vn -0.8643 -0.0000 -0.5029
vn -0.7071 -0.7071 -0.0000
vn -1.0000 -0.0000 -0.0000
vn -0.7071 0.7071 -0.0000
vn -0.6624 -0.0000 -0.7492
vn -0.6698 -0.7012 -0.2443
vn -0.6697 0.7013 -0.2443
vn -0.9290 -0.0000 -0.3701
vn 0.1579 -0.0000 -0.9874
vn 0.2355 -0.2042 -0.9502
vn -0.0157 -0.9979 0.0629
vn 0.2355 0.2042 -0.9502
vn -0.0158 0.9979 0.0629
vn 0.4163 -0.2828 -0.8641
vn 0.4163 0.2828 -0.8641
vn 0.5998 -0.2052 -0.7734
vn 0.6223 -0.6854 0.3782
vn 0.8643 -0.0000 0.5029
vn 0.5998 0.2052 -0.7734
vn 0.6223 0.6853 0.3782
vn 0.6750 -0.0000 -0.7378
vn 0.2610 0.0158 -0.9652
vn 0.1581 -0.2133 -0.9641
vn -0.2611 -0.0157 -0.9652
vn -0.2611 -0.0159 0.9652
vn 0.1580 -0.2133 0.9641
vn -0.1580 0.2134 -0.9641
vn 0.2611 0.0158 0.9652
vn -0.1580 0.2134 0.9641
vn 0.6223 0.6854 0.3782
vn -0.0157 0.9979 0.0629
vn 0.9737 -0.0000 -0.2278
vn 0.5294 -0.7665 -0.3635
vn -0.1414 -0.8013 -0.5814
vn -0.6697 -0.7013 -0.2442
vn -0.5437 -0.4490 -0.7091
vn 0.2530 0.0712 -0.9648
vn 0.1974 -0.1816 -0.9634
vn -0.2531 -0.0711 -0.9648
vn -0.1974 0.1816 -0.9634
vn -0.2531 -0.0712 0.9648
vn 0.1974 -0.1816 0.9634
vn -0.1974 0.1816 0.9634
vn -0.2823 -0.6585 0.6976
vn 0.2822 -0.6586 0.6976
vn -0.2822 0.6586 0.6976
vn 0.2823 0.6585 0.6976
vn -0.2047 -0.8344 0.5117
vn 0.2047 -0.8344 0.5117
vn -0.2047 0.8344 0.5117
vn 0.2047 0.8344 0.5117
vn 0.2047 -0.8344 -0.5117
vn -0.2047 -0.8344 -0.5117
vn 0.2047 0.8344 -0.5117
vn 0.2046 -0.8344 0.5117
vn -0.2047 0.8344 -0.5117
vn -0.2046 0.8344 0.5117
vn 0.3764 0.0392 -0.9256
vn 0.3765 -0.0392 -0.9256
vn -0.3764 -0.0392 -0.9256
vn 0.3766 0.0392 0.9256
vn 0.3765 -0.0392 0.9256
vn -0.3766 -0.0392 0.9256
vn -0.3765 0.0392 -0.9256
vn -0.3765 0.0392 0.9256
vn -0.3765 -0.0392 0.9256
vn 0.3765 0.0392 0.9256
vn 0.2823 -0.6585 -0.6977
vn -0.2823 -0.6585 -0.6977
vn 0.2823 0.6585 -0.6977
vn -0.2822 -0.6585 0.6977
vn 0.2822 -0.6585 0.6977
vn 0.2822 0.6585 0.6977
vn -0.2823 0.6585 -0.6977
vn -0.2822 0.6585 0.6977
vn 0.2606 0.0631 -0.9634
vn 0.1895 -0.1895 -0.9634
vn -0.2606 -0.0631 -0.9634
vn -0.1895 0.1895 -0.9634
vn -0.2605 -0.0632 0.9634
vn -0.2606 -0.0632 0.9634
vn -0.1895 0.1896 0.9634
vn 0.1895 -0.1896 0.9634
vn 0.2606 0.0633 0.9634
vn -0.0707 0.6440 0.7617
vn 0.0945 -0.8585 0.5041
vn 0.6990 -0.5577 0.4477
vn -0.0078 -0.7952 0.6063
vn 0.0316 0.7262 0.6868
vn 0.2680 0.4652 0.8437
vn 0.0315 0.7262 -0.6868
vn -0.1811 -0.8035 0.5671
vn -0.6355 -0.5178 0.5727
vn 0.4941 0.2274 0.8391
vn -0.6355 -0.5177 -0.5727
vn -0.1812 -0.8034 -0.5672
vn -0.1811 -0.8034 0.5672
vn -0.8429 -0.1654 -0.5121
vn -0.6355 -0.5178 -0.5728
vn -0.6354 -0.5179 0.5727
vn -0.8429 -0.1655 0.5121
vn 0.6407 0.0316 0.7672
vn -0.8645 0.0864 0.4952
vn -0.7015 0.3862 0.5990
vn 0.6870 -0.2369 0.6870
vn -0.4564 -0.0314 0.8892
vn 0.0709 0.7171 0.6934
vn -0.0393 0.9045 0.4248
vn -0.1964 -0.3614 0.9115
vn 0.7032 -0.0000 0.7110
vn -0.7382 0.1414 0.6596
vn 0.7382 0.1414 0.6596
vn 0.1412 0.9734 -0.1805
vn 0.1413 0.9734 0.1806
vn 0.7382 0.1413 -0.6596
vn 0.7323 -0.1260 0.6692
vn -0.1102 -0.9838 0.1417
vn 0.1103 -0.9838 0.1416
vn -0.7322 -0.1260 -0.6693
vn 0.2449 -0.1027 0.9641
vn 0.2136 0.1503 0.9653
vn 0.2449 -0.1027 -0.9641
vn -0.2450 0.1027 -0.9641
vn 0.2137 0.1503 -0.9653
vn -0.2451 0.1027 -0.9641
vn 0.2135 0.1503 0.9653
vn 0.6123 -0.0942 -0.7850
vn 0.5919 0.1184 -0.7972
vn -0.8010 0.1727 -0.5732
vn 0.6123 -0.0942 0.7850
vn 0.5920 0.1184 0.7972
vn -0.8028 -0.2282 -0.5509
vn -0.8027 -0.2283 0.5509
vn -0.8010 0.1727 0.5733
vn -0.6347 -0.6191 -0.4624
vn 0.3858 0.3385 -0.8582
vn 0.1343 0.4900 -0.8613
vn 0.3858 0.3386 0.8582
vn 0.1344 0.4900 0.8613
vn -0.1416 -0.8657 -0.4801
vn -0.1968 0.5511 -0.8109
vn -0.1968 0.5511 0.8109
vn 0.3313 -0.7651 -0.5522
vn -0.3871 0.4187 -0.8215
vn 0.3313 -0.7651 0.5521
vn -0.1417 -0.8657 0.4801
vn 0.6285 -0.5578 0.5421
vn 0.6285 -0.5578 -0.5421
vn -0.4964 0.1261 -0.8589
vn -0.4965 0.1260 -0.8589
vn -0.3791 0.4106 0.8292
vn -0.4629 0.1177 0.8786
vn 0.8358 -0.1498 -0.5283
vn 0.8690 -0.1422 0.4740
vn -0.5205 -0.1735 -0.8360
vn 0.7105 0.4815 -0.5132
vn 0.7598 0.5540 0.3403
vn -0.2681 -0.4652 -0.8436
vn 0.2762 0.9156 0.2921
vn 0.2676 0.8262 -0.4958
vn 0.1495 -0.8812 -0.4485
vn -0.5817 0.6839 -0.4403
vn -0.6455 0.7400 0.1889
vn -0.7731 -0.5917 -0.2288
vn -0.8898 -0.4253 0.1653
vn -0.0000 -0.0000 -1.0000
vn -0.0000 0.6624 -0.7492
vn 0.1969 0.6144 -0.7640
vn -0.0000 0.9989 0.0471
vn 0.2923 0.9558 0.0316
vn -0.1969 0.6144 -0.7640
vn 0.3630 0.3945 -0.8442
vn 0.6621 0.7488 0.0315
vn 0.9004 0.4344 0.0236
vn -0.3629 0.3945 -0.8442
vn -0.9004 0.4344 0.0236
vn 0.4335 0.1813 -0.8827
vn 0.9950 0.0948 0.0315
vn -0.4336 0.1813 -0.8827
vn -0.9950 0.0948 0.0316
vn 0.4185 0.0237 -0.9079
vn 0.9732 -0.2276 0.0313
vn -0.4185 0.0237 -0.9079
vn -0.9732 -0.2276 0.0314
vn 0.4186 -0.1185 -0.9004
vn 0.8344 -0.5510 0.0157
vn -0.4186 -0.1185 -0.9004
vn -0.8344 -0.5510 0.0157
vn 0.4869 -0.3298 -0.8088
vn 0.8497 -0.5271 0.0157
vn -0.4869 -0.3298 -0.8088
vn -0.8497 -0.5271 0.0157
vn 0.5488 -0.3292 -0.7684
vn 0.9986 0.0472 0.0236
vn -0.5488 -0.3293 -0.7684
vn 0.5027 0.0314 -0.8639
vn 0.8379 0.5454 0.0237
vn -0.5027 0.0314 -0.8639
vn 0.3945 0.2525 -0.8835
vn 0.7951 0.6062 0.0157
vn -0.3945 0.2524 -0.8835
vn -0.7952 0.6062 0.0157
vn 0.3948 0.3000 -0.8684
vn -0.3948 0.3000 -0.8684
vn -0.3865 0.2051 -0.8992
vn -0.8926 0.4503 0.0236
vn 0.3865 0.2051 -0.8992
vn -0.3949 0.0711 -0.9160
vn -0.9885 0.1491 0.0235
vn -0.3694 -0.0629 -0.9272
vn 0.3949 0.0711 -0.9160
vn 0.3693 -0.0629 -0.9272
vn -0.3865 -0.2051 -0.8992
vn 0.3865 -0.2051 -0.8992
vn -0.3614 -0.3692 -0.8562
vn 0.3613 -0.3692 -0.8562
vn 0.6946 -0.7183 0.0394
vn 0.3928 -0.5028 -0.7700
vn -0.3928 -0.5028 -0.7700
vn -0.4426 -0.6797 -0.5849
vn -0.0000 -1.0000 -0.0079
vn 0.4426 -0.6797 -0.5849
vn -0.0000 -0.9195 -0.3930
vn -0.8009 0.1727 0.5733
vn -0.8027 -0.2282 0.5509
vn 0.5919 0.1184 0.7972
vn -0.8009 0.1728 -0.5733
vn -0.6942 0.4970 -0.5206
vn -0.6942 0.4970 0.5206
vn 0.6123 -0.0943 -0.7850
vn 0.1972 -0.5365 0.8206
vn -0.2985 0.7856 0.5420
vn 0.5920 0.1184 -0.7972
vn 0.3858 0.3385 0.8582
vn -0.6348 -0.6191 0.4624
vn 0.1343 0.4899 0.8613
vn -0.6348 -0.6191 -0.4624
vn -0.1416 -0.8657 0.4801
vn -0.1968 0.5510 0.8109
vn -0.3791 0.4107 0.8293
vn -0.4628 0.1176 0.8786
vn -0.4964 0.1260 -0.8589
vn -0.5206 -0.1735 -0.8360
vn 0.8357 -0.1498 -0.5283
vn 0.3313 -0.7651 -0.5521
vn -0.4113 -0.1344 0.9015
vn -0.1811 -0.2992 0.9369
vn 0.1098 -0.6666 0.7373
vn -0.7731 -0.5917 -0.2287
vn -0.8898 -0.4253 0.1654
vn 0.2137 0.1502 0.9653
vn -0.1973 -0.5365 -0.8205
vn -0.1972 -0.5365 0.8205
vn 0.1099 -0.5657 -0.8172
vn 0.2985 0.7855 0.5420
vn 0.6942 0.4969 -0.5207
vn -0.1102 0.8270 0.5513
vn 0.1100 -0.5658 0.8172
vn 0.3548 -0.5993 0.7176
vn -0.1102 0.8270 -0.5513
vn -0.3717 0.6721 -0.6405
vn -0.1339 -0.8666 -0.4806
vn 0.2977 -0.7523 0.5877
vn 0.0316 0.4658 0.8843
vn -0.1340 -0.8666 0.4806
vn -0.6305 -0.5832 -0.5123
vn 0.3322 0.3638 0.8702
vn -0.6304 -0.5832 0.5123
vn 0.6310 0.2524 0.7336
vn 0.3323 0.3639 -0.8702
vn -0.7881 -0.1970 0.5831
vn 0.6310 0.2524 -0.7336
vn -0.8378 0.0237 0.5454
vn -0.8378 0.0236 -0.5454
vn 0.6533 -0.2204 0.7243
vn 0.4093 -0.5115 0.7555
vn -0.5436 0.7091 0.4491
vn -0.0235 0.9260 0.3767
vn -0.0236 0.9260 -0.3767
vn 0.9752 0.0235 0.2202
vn -0.2606 -0.0631 0.9634
vn 0.2606 0.0631 0.9634
vn -0.1895 0.1895 0.9634
vn 0.1895 -0.1895 0.9634
vn -0.2606 -0.0632 -0.9634
vn 0.2530 0.0711 0.9648
vn -0.2530 -0.0712 0.9648
vn 0.1581 -0.2134 -0.9641
vn 0.2611 0.0158 -0.9652
vn -0.2610 -0.0158 0.9652
vn -0.1580 0.2133 0.9641
vn 0.2609 -0.0395 -0.9645
vn 0.1739 0.1977 0.9647
vn -0.2609 0.0395 -0.9646
vn -0.6540 0.2837 0.7013
vn 0.8754 -0.2286 0.4259
vn -0.7372 0.1097 -0.6667
vn 0.7318 -0.5823 0.3540
vn -0.0787 0.7395 0.6686
vn 0.0946 -0.9071 0.4101
vn 0.0946 -0.9071 -0.4102
vn -0.0078 -0.8643 0.5029
vn 0.3157 0.5605 0.7656
vn -0.6833 -0.5577 -0.4713
vn 0.5895 0.2672 0.7623
vn 0.7414 0.0316 0.6704
vn -0.9113 0.0942 0.4007
vn -0.5597 -0.0394 0.8278
vn -0.5598 -0.0394 -0.8277
vn 0.0943 -0.6209 0.7782
vn -0.0000 0.7953 0.6063
vn -0.1889 0.4329 -0.8814
vn -0.0000 0.7952 -0.6063
vn 0.0001 0.7952 0.6063
vn 0.0865 0.8026 0.5902
vn -0.1889 0.4328 0.8815
vn -0.0394 0.9398 0.3395
vn -0.9899 0.1179 0.0785
vn -0.9899 0.1178 -0.0785
vn -0.8507 -0.4568 -0.2599
vn 0.1422 0.9796 0.1423
vn 0.8156 0.1568 -0.5569
vn 0.8113 -0.1418 0.5671
vn -0.8113 -0.1417 0.5671
vn -0.0000 0.8084 -0.5887
vn -0.5656 0.5341 -0.6284
vn -0.5656 0.5341 0.6283
vn 0.5655 0.5341 -0.6284
vn 0.5656 0.5341 0.6284
vn 0.8540 0.4190 -0.3084
vn -0.9406 -0.1423 -0.3083
vn -0.8478 -0.4789 -0.2277
vn -0.6635 -0.6952 -0.2765
vn -0.8479 -0.4789 0.2276
vn -0.9406 -0.1423 0.3082
vn -0.6636 -0.6952 0.2765
vn -0.9407 0.1881 0.2822
vn -0.0000 -0.9715 -0.2369
vn 0.6635 -0.6952 -0.2765
vn -0.0000 -0.9715 0.2369
vn 0.8479 -0.4789 -0.2277
vn 0.8478 -0.4789 0.2276
vn -0.8540 0.4191 -0.3083
vn 0.9407 0.1881 0.2822
vn 0.9407 0.1881 -0.2822
vn -0.4564 0.8261 -0.3305
vn -0.2595 -0.4876 -0.8336
vn -0.7172 -0.4256 -0.5517
vn -0.7172 -0.4256 0.5518
vn -0.2595 -0.4876 0.8336
vn -0.4564 0.8261 0.3304
vn -0.6229 -0.1972 0.7570
vn -0.6229 -0.1971 -0.7570
vn 0.3232 0.0237 -0.9460
vn 0.2365 0.9383 -0.2523
vn 0.2365 0.9383 0.2523
vn 0.4570 -0.4806 -0.7485
vn 0.4570 -0.4806 0.7485
vn 0.4570 -0.4805 0.7485
vn 0.3233 0.0236 0.9460
vn 0.7699 0.3928 -0.5029
vn 0.7700 0.3928 0.5028
vn 0.8377 0.0316 -0.5452
vn -0.6376 0.1023 -0.7636
vn -0.6376 0.1023 0.7636
vn 0.8213 -0.2132 -0.5292
vn -0.5577 0.2435 -0.7935
vn 0.8377 0.0316 0.5453
vn 0.8213 -0.2132 0.5291
vn 0.6990 -0.5576 -0.4477
vn -0.0707 0.6439 -0.7618
vn 0.0945 -0.8585 -0.5041
vn -0.0079 -0.7952 -0.6063
vn -0.0706 0.6440 0.7618
vn -0.5578 0.2435 0.7935
vn 0.0316 0.7262 -0.6868
vn -0.1812 -0.8035 -0.5671
vn 0.2681 0.4652 -0.8436
vn 0.2681 0.4652 0.8436
vn -0.6355 -0.5179 -0.5727
vn -0.6355 -0.5178 0.5728
vn 0.4941 0.2274 -0.8391
vn 0.6406 0.0316 0.7672
vn -0.8429 -0.1654 -0.5120
vn -0.8429 -0.1654 0.5121
vn -0.8645 0.0864 -0.4952
vn 0.3614 -0.5891 -0.7227
vn -0.6848 0.3384 -0.6454
vn -0.3313 0.7414 -0.5836
vn -0.0316 -0.8673 -0.4968
vn 0.3613 -0.5892 0.7227
vn -0.0315 -0.8673 0.4967
vn -0.6847 0.3384 0.6454
vn -0.0236 -0.5270 -0.8495
vn 0.1337 0.8491 -0.5110
vn -0.3313 0.7413 0.5836
vn -0.3858 -0.3386 -0.8582
vn 0.6312 0.5445 -0.5523
vn -0.0237 -0.5270 0.8495
vn -0.5435 -0.0867 0.8349
vn 0.6312 0.5445 0.5523
vn 0.8283 0.0946 0.5522
vn -0.4734 0.1894 -0.8602
vn 0.3695 -0.8097 -0.4559
vn -0.2763 0.4580 0.8449
vn -0.4735 0.1895 0.8602
vn -0.2764 0.4580 -0.8449
vn -0.3295 -0.8788 -0.3452
vn 0.3694 -0.8097 0.4560
vn -0.9519 0.2281 -0.2045
vn -0.3295 -0.8788 0.3452
vn -0.3700 -0.0000 0.9290
vn 0.3700 -0.0000 0.9290
vn 0.1739 0.1978 0.9647
vn 0.2609 -0.0396 0.9646
vn -0.1739 -0.1976 0.9647
vn 0.1819 -0.1898 0.9648
vn 0.5133 -0.0948 -0.8529
vn 0.7485 0.1497 -0.6461
vn -0.7485 0.1497 -0.6461
vn -0.2838 -0.6936 0.6621
vn 0.7484 0.1497 0.6461
vn -0.2838 -0.6936 -0.6621
vn 0.2751 0.6054 -0.7469
vn 0.2752 0.6053 0.7469
vn -0.2920 0.4182 -0.8601
vn 0.5823 -0.7318 -0.3540
vn -0.5813 0.1414 -0.8013
vn 0.9279 -0.1730 -0.3303
vn -0.4969 -0.1656 -0.8518
vn -0.4969 -0.1657 0.8518
vn 0.9279 -0.1730 0.3302
vn 0.7626 0.5818 0.2830
vn 0.7625 0.5818 -0.2830
vn 0.0711 0.9709 0.2289
vn 0.0710 0.9708 -0.2289
vn -0.6684 -0.6213 -0.4090
vn -0.6684 -0.6213 0.4089
vn -0.9396 0.3238 -0.1106
vn -0.9396 0.3238 0.1106
vn 0.2136 0.1504 -0.9653
vn -0.1177 -0.5652 0.8165
vn 0.1972 -0.5365 -0.8205
vn -0.1177 -0.5652 -0.8165
vn -0.3549 -0.5993 0.7175
vn 0.3716 0.6721 -0.6405
vn 0.1103 0.8270 -0.5513
vn 0.2689 0.5613 0.7827
vn -0.0315 0.4659 -0.8843
vn -0.0316 0.4658 0.8843
vn -0.0316 0.4659 -0.8843
vn -0.3323 0.3639 -0.8701
vn -0.3322 0.3639 0.8702
vn 0.1340 -0.8667 0.4806
vn -0.2991 -0.7557 -0.5826
vn -0.3549 -0.5992 -0.7176
vn 0.6305 -0.5831 0.5123
vn 0.6305 -0.5832 -0.5123
vn -0.5882 0.1177 0.8001
vn 0.7981 0.1739 0.5768
vn 0.6347 -0.6191 0.4624
vn -0.5883 0.1176 -0.8001
vn -0.1343 0.4900 0.8613
vn -0.3858 0.3386 -0.8582
vn 0.1412 -0.8624 0.4861
vn -0.3313 -0.7651 0.5522
vn -0.3312 -0.7651 -0.5522
vn 0.3871 0.4187 0.8215
vn -0.6488 -0.5459 0.5301
vn 0.4743 0.0711 0.8775
vn -0.8757 -0.0947 0.4734
vn 0.3846 -0.2276 0.8946
vn -0.7564 0.5595 0.3389
vn 0.4744 -0.2926 -0.8302
vn 0.1338 -0.3228 0.9369
vn -0.1259 -0.6610 0.7397
vn 0.6710 0.7262 0.1500
vn -0.1659 -0.8928 -0.4188
vn 0.9526 -0.2834 0.1102
vn 0.8660 -0.4408 -0.2362
vn -0.6116 -0.6116 -0.5019
vn -0.0000 -0.8643 -0.5029
vn -0.0000 -1.0000 -0.0001
vn 0.2289 -0.1420 -0.9630
vn 0.2371 0.1186 -0.9642
vn 0.2371 0.1185 0.9642
vn 0.2289 -0.1420 0.9630
vn -0.2371 -0.1186 -0.9642
vn -0.2371 -0.1186 0.9642
vn -0.2289 0.1421 0.9630
vn -0.7484 0.1497 0.6461
vn -0.2751 0.6053 0.7469
vn -0.2751 0.6053 -0.7469
vn 0.2920 0.4182 -0.8601
vn 0.5813 0.1415 0.8013
vn 0.4969 -0.1656 0.8518
vn 0.4969 -0.1656 -0.8518
vn -0.9279 -0.1730 0.3303
vn -0.0711 0.9708 -0.2289
vn -0.0711 0.9709 0.2289
vn 0.6684 -0.6213 -0.4089
vn 0.9397 0.3237 -0.1105
vn 0.9397 0.3238 0.1105
vn 0.6685 -0.6212 0.4089
vn -0.4011 -0.3618 0.8416
vn 0.4039 -0.3587 0.8415
vn -0.6951 0.6636 0.2765
vn -0.0001 -0.9920 0.1259
vn -0.4012 -0.3618 -0.8415
vn 0.6951 0.6636 -0.2765
vn 0.4011 -0.3618 -0.8416
vn -0.4563 0.8262 0.3305
vn 0.3232 0.0237 0.9460
vn -0.7173 -0.4256 0.5517
vn -0.7172 -0.4256 -0.5518
vn 0.2366 0.9383 0.2523
vn 0.4570 -0.4807 0.7484
vn 0.4569 -0.4806 -0.7485
vn -0.6229 -0.1971 0.7570
vn 0.7700 0.3929 0.5028
vn 0.8376 0.0316 0.5453
vn 0.8376 0.0316 -0.5453
vn 0.8213 -0.2132 -0.5291
vn -0.6229 -0.1972 -0.7570
vn -0.5577 0.2435 0.7935
vn -0.5578 0.2435 -0.7935
vn -0.3077 -0.5760 0.7574
vn 0.4088 0.0315 0.9121
vn -0.7663 -0.4582 0.4504
vn 0.2360 0.9517 0.1966
vn 0.4089 0.0315 -0.9121
vn 0.5194 -0.5509 -0.6533
vn -0.7167 -0.2206 0.6616
vn 0.8138 0.4188 -0.4029
vn 0.8971 0.0315 -0.4407
vn 0.2834 0.5118 0.8110
vn 0.2838 -0.6936 0.6621
vn 0.4326 0.7867 0.4404
vn -0.4808 -0.5044 0.7172
vn -0.0236 -0.8183 0.5743
vn 0.4326 0.7866 -0.4405
vn 0.1961 0.9021 -0.3844
vn 0.0629 -0.8481 -0.5261
vn 0.0865 0.7314 -0.6764
vn -0.0394 -0.8757 0.4813
vn 0.2607 0.5767 0.7742
vn -0.5040 -0.7876 -0.3544
vn 0.0550 -0.9038 -0.4244
vn -0.9262 0.2375 0.2929
vn 0.5761 -0.1420 0.8049
vn -0.1728 0.9503 -0.2591
vn -0.1727 0.9503 0.2592
vn 0.3924 0.3924 -0.8319
vn 0.5511 0.0001 -0.8345
vn -0.0000 0.5510 0.8345
vn 0.5511 -0.0000 0.8344
vn -0.0000 0.5511 -0.8344
vn -0.3924 0.3924 0.8319
vn -0.5511 -0.0001 -0.8345
vn -0.3924 -0.3924 0.8319
vn -0.5511 -0.0000 0.8345
vn -0.3924 -0.3924 -0.8319
vn 0.0001 -0.5511 -0.8345
vn -0.0000 -0.5511 0.8345
vn -0.9407 0.1881 -0.2822
vn -0.3614 -0.5892 -0.7227
vn 0.0314 -0.8726 -0.4874
vn 0.3312 0.7414 -0.5836
vn -0.3614 -0.5891 0.7228
vn 0.0236 -0.5270 -0.8496
vn 0.3858 -0.3386 0.8582
vn -0.6313 0.5445 -0.5523
vn -0.1336 0.8491 0.5111
vn 0.5435 -0.0866 -0.8349
vn -0.8283 0.0946 -0.5522
vn 0.4796 0.1886 0.8570
vn 0.5435 -0.0866 0.8349
vn 0.4796 0.1886 -0.8570
vn -0.7258 -0.4102 -0.5523
vn -0.3695 -0.8097 -0.4560
vn -0.3694 -0.8097 0.4560
vn 0.2763 0.4580 -0.8449
vn 0.3295 -0.8787 -0.3453
vn 0.3296 -0.8788 0.3452
vn 0.9519 0.2282 0.2045
vn -0.2834 0.5118 -0.8110
vn 0.2835 0.5118 0.8110
vn -0.2834 0.5118 0.8110
vn 0.4807 -0.5045 -0.7172
vn 0.4808 -0.5043 0.7173
vn -0.1961 0.9021 -0.3844
vn 0.0237 -0.8183 -0.5743
vn 0.3468 0.5203 -0.7804
vn 0.6455 0.0236 0.7634
vn 0.0630 0.8423 -0.5354
vn 0.0394 -0.8757 -0.4812
vn -0.3069 0.5114 -0.8027
vn 0.3871 -0.8215 0.4187
vn -0.4496 0.2129 -0.8675
vn -0.4495 0.2130 0.8675
vn 0.8592 -0.2838 -0.4257
vn 0.8592 -0.2838 0.4257
vn 0.8735 0.3069 0.3778
vn 0.8735 0.3069 -0.3778
vn -0.8280 -0.0315 0.5599
vn 0.4637 0.8253 -0.3223
vn 0.4638 0.8253 0.3223
vn -0.7629 0.6371 -0.1101
vt 0.503160 0.618185
vt 0.505462 0.641081
vt 0.503527 0.673915
vt 0.505379 0.714776
vt 0.507180 0.722034
vt 0.506248 0.663769
vt 0.506881 0.666156
vt 0.507631 0.654136
vt 0.509290 0.686393
vt 0.530720 0.716392
vt 0.530921 0.972835
vt 0.535392 0.769619
vt 0.525347 0.972835
vt 0.537148 0.406663
vt 0.532667 0.482084
vt 0.530260 0.309939
vt 0.532962 0.146433
vt 0.526311 0.027165
vt 0.526345 0.256991
vt 0.522609 0.259097
vt 0.520654 0.091014
vt 0.516277 0.258240
vt 0.520121 0.359357
vt 0.516276 0.480245
vt 0.519851 0.445144
vt 0.519238 0.578117
vt 0.490519 0.527251
vt 0.495982 0.472749
vt 0.495982 0.527251
vt 0.490519 0.472749
vt 0.488421 0.388757
vt 0.488826 0.527251
vt 0.487031 0.379783
vt 0.488826 0.472749
vt 0.488421 0.611243
vt 0.487216 0.422059
vt 0.487216 0.577941
vt 0.487031 0.620217
vt 0.484938 0.520265
vt 0.483212 0.500000
vt 0.484938 0.479735
vt 0.809863 0.968554
vt 0.807050 0.831318
vt 0.813841 0.500000
vt 0.812676 0.831318
vt 0.809863 0.031446
vt 0.812676 0.168682
vt 0.805885 0.500000
vt 0.807050 0.168682
vt 0.498657 0.532758
vt 0.504399 0.532758
vt 0.498657 0.467242
vt 0.497164 0.573063
vt 0.494764 0.576048
vt 0.497457 0.607707
vt 0.495449 0.644576
vt 0.497821 0.682663
vt 0.498243 0.616516
vt 0.499202 0.619727
vt 0.500270 0.670063
vt 0.500873 0.616979
vt 0.499555 0.604202
vt 0.500485 0.586036
vt 0.508753 0.508189
vt 0.506834 0.582733
vt 0.510307 0.570952
vt 0.503780 0.559713
vt 0.511905 0.670053
vt 0.505413 0.612071
vt 0.509359 0.607805
vt 0.509759 0.669006
vt 0.511655 0.740704
vt 0.509509 0.739656
vt 0.511497 0.816873
vt 0.509351 0.815826
vt 0.512199 0.869700
vt 0.509807 0.919754
vt 0.513135 0.894056
vt 0.511958 0.970879
vt 0.514347 0.898128
vt 0.515219 0.970208
vt 0.515598 0.895734
vt 0.516789 0.923641
vt 0.516704 0.895747
vt 0.509509 0.260344
vt 0.511497 0.183127
vt 0.511655 0.259296
vt 0.509351 0.184174
vt 0.509807 0.080246
vt 0.511958 0.029121
vt 0.512199 0.130300
vt 0.513135 0.105944
vt 0.514347 0.101872
vt 0.515598 0.104266
vt 0.515219 0.029792
vt 0.516704 0.104253
vt 0.516789 0.076359
vt 0.943094 0.045315
vt 0.942119 0.023378
vt 0.942753 0.181645
vt 0.941670 0.170677
vt 0.943429 0.216281
vt 0.943747 0.090919
vt 0.943145 0.376835
vt 0.942279 0.376835
vt 0.944531 0.037233
vt 0.945537 0.018183
vt 0.945808 0.048778
vt 0.945577 0.090919
vt 0.945577 0.216281
vt 0.945563 0.376835
vt 0.946497 0.376835
vt 0.945563 0.541122
vt 0.946777 0.394210
vt 0.946777 0.523747
vt 0.946497 0.541122
vt 0.943145 0.541122
vt 0.942279 0.541122
vt 0.942059 0.527254
vt 0.942059 0.390703
vt 0.497164 0.426937
vt 0.494764 0.423952
vt 0.495449 0.355424
vt 0.497457 0.392293
vt 0.497821 0.317337
vt 0.498243 0.383484
vt 0.499202 0.380273
vt 0.500270 0.329937
vt 0.499555 0.395798
vt 0.500873 0.383021
vt 0.500485 0.413964
vt 0.933250 0.170677
vt 0.932307 0.188312
vt 0.931856 0.023378
vt 0.934333 0.181645
vt 0.933699 0.023378
vt 0.934675 0.045315
vt 0.935009 0.216281
vt 0.935328 0.090919
vt 0.937158 0.216281
vt 0.937158 0.090919
vt 0.937143 0.376835
vt 0.937388 0.048778
vt 0.936111 0.037233
vt 0.937117 0.018183
vt 0.938078 0.376835
vt 0.937143 0.541122
vt 0.938357 0.394210
vt 0.938357 0.523747
vt 0.938078 0.541122
vt 0.934725 0.541122
vt 0.934725 0.376835
vt 0.933859 0.376835
vt 0.933859 0.541122
vt 0.933639 0.390703
vt 0.933639 0.527254
vt 0.801563 0.772401
vt 0.810827 0.899098
vt 0.506834 0.417268
vt 0.504399 0.467242
vt 0.503780 0.440287
vt 0.503160 0.381815
vt 0.505413 0.387929
vt 0.505462 0.358919
vt 0.503527 0.326085
vt 0.505379 0.285224
vt 0.506248 0.336231
vt 0.507180 0.277966
vt 0.509359 0.392195
vt 0.510307 0.429048
vt 0.508753 0.491811
vt 0.511905 0.329947
vt 0.509759 0.330994
vt 0.368099 0.904982
vt 0.364652 0.859931
vt 0.361738 0.607979
vt 0.360490 0.500000
vt 0.362612 0.500000
vt 0.361738 0.392021
vt 0.364652 0.751952
vt 0.368099 0.783487
vt 0.372386 0.835495
vt 0.372386 0.956989
vt 0.368099 0.500000
vt 0.364652 0.500000
vt 0.364652 0.248048
vt 0.364652 0.140069
vt 0.368099 0.216513
vt 0.368099 0.095018
vt 0.372386 0.164505
vt 0.372386 0.043011
vt 0.506881 0.333844
vt 0.507631 0.345864
vt 0.509290 0.313607
vt 0.077070 0.500000
vt 0.075046 0.500000
vt 0.076831 0.667778
vt 0.077491 0.679347
vt 0.077746 0.500000
vt 0.076623 0.791433
vt 0.077491 0.320653
vt 0.076020 0.772634
vt 0.075243 0.879753
vt 0.076831 0.332221
vt 0.076623 0.208567
vt 0.076020 0.227366
vt 0.075243 0.120247
vt 0.074728 0.855257
vt 0.073210 0.915884
vt 0.073754 0.500000
vt 0.074728 0.144743
vt 0.073210 0.084116
vt 0.072826 0.889057
vt 0.071250 0.902837
vt 0.072826 0.110942
vt 0.071250 0.097163
vt 0.071852 0.500000
vt 0.070993 0.876852
vt 0.070055 0.847636
vt 0.070993 0.123148
vt 0.070055 0.152363
vt 0.070019 0.500000
vt 0.069875 0.825212
vt 0.068820 0.768349
vt 0.069875 0.174788
vt 0.068820 0.231651
vt 0.068901 0.500000
vt 0.068719 0.751039
vt 0.068376 0.764334
vt 0.068719 0.248961
vt 0.068376 0.235665
vt 0.068304 0.747284
vt 0.068719 0.500000
vt 0.068304 0.252716
vt 0.067895 0.227636
vt 0.068304 0.500000
vt 0.067895 0.772364
vt 0.067854 0.500000
vt 0.067854 0.245205
vt 0.066823 0.154371
vt 0.067854 0.754795
vt 0.066823 0.845629
vt 0.066851 0.500000
vt 0.066851 0.176665
vt 0.065526 0.098737
vt 0.065406 0.071068
vt 0.065526 0.500000
vt 0.066851 0.823334
vt 0.065526 0.901263
vt 0.065406 0.928931
vt 0.064004 0.055547
vt 0.063779 0.024901
vt 0.064004 0.500000
vt 0.064004 0.944453
vt 0.063779 0.975099
vt 0.062643 0.059303
vt 0.062325 0.028916
vt 0.062643 0.940697
vt 0.062325 0.971084
vt 0.062643 0.500000
vt 0.061317 0.092164
vt 0.060908 0.064043
vt 0.061317 0.907836
vt 0.060908 0.935957
vt 0.061317 0.500000
vt 0.060257 0.165398
vt 0.059774 0.142327
vt 0.060257 0.834601
vt 0.059774 0.857673
vt 0.060257 0.500000
vt 0.059415 0.250838
vt 0.058874 0.233658
vt 0.059415 0.749162
vt 0.058874 0.766342
vt 0.059415 0.500000
vt 0.058553 0.340638
vt 0.057953 0.329649
vt 0.058553 0.659362
vt 0.057953 0.670351
vt 0.058553 0.500000
vt 0.057451 0.500000
vt 0.056774 0.500000
vt 0.219669 0.779286
vt 0.210982 0.767437
vt 0.211223 0.638971
vt 0.219910 0.650821
vt 0.506841 0.977363
vt 0.502270 0.977363
vt 0.502270 0.852681
vt 0.512464 0.916875
vt 0.495916 0.892343
vt 0.499417 0.812157
vt 0.497846 0.746169
vt 0.506841 0.852681
vt 0.509496 0.822063
vt 0.511499 0.751287
vt 0.515617 0.805439
vt 0.493284 0.738176
vt 0.494146 0.603712
vt 0.497985 0.671395
vt 0.500076 0.578158
vt 0.497418 0.476714
vt 0.502348 0.543279
vt 0.501849 0.431356
vt 0.504471 0.565720
vt 0.505730 0.457842
vt 0.501926 0.419128
vt 0.506506 0.440857
vt 0.509950 0.574591
vt 0.509033 0.572341
vt 0.505320 0.606543
vt 0.508884 0.661663
vt 0.509519 0.680585
vt 0.505118 0.630940
vt 0.505250 0.719932
vt 0.504615 0.701010
vt 0.217627 0.281748
vt 0.210543 0.303158
vt 0.210107 0.198388
vt 0.217191 0.176977
vt 0.245621 0.863183
vt 0.237296 0.795240
vt 0.238680 0.672133
vt 0.247005 0.740076
vt 0.212453 0.037588
vt 0.205736 0.101930
vt 0.207046 0.201268
vt 0.213764 0.136927
vt 0.530720 0.283608
vt 0.530921 0.027165
vt 0.525347 0.027165
vt 0.535392 0.230381
vt 0.537148 0.593337
vt 0.532667 0.517916
vt 0.532962 0.853567
vt 0.530260 0.690061
vt 0.526311 0.972835
vt 0.526345 0.743009
vt 0.520654 0.908986
vt 0.516277 0.741760
vt 0.522609 0.740903
vt 0.520121 0.640643
vt 0.516276 0.519755
vt 0.519851 0.554856
vt 0.519238 0.421883
vt 0.686702 0.347733
vt 0.656280 0.347733
vt 0.656280 0.216941
vt 0.686702 0.216941
vt 0.686702 0.142110
vt 0.656280 0.142110
vt 0.656280 0.011319
vt 0.686702 0.011319
vt 0.686702 0.988681
vt 0.656280 0.988681
vt 0.656280 0.857889
vt 0.686702 0.857889
vt 0.686702 0.776746
vt 0.656280 0.776746
vt 0.656280 0.645954
vt 0.686702 0.645954
vt 0.686702 0.571123
vt 0.656280 0.571123
vt 0.656280 0.440332
vt 0.686702 0.440332
vt 0.937318 0.684035
vt 0.934969 0.789491
vt 0.935135 0.684035
vt 0.934053 0.837055
vt 0.937318 0.981817
vt 0.935988 0.876904
vt 0.936448 0.947988
vt 0.935007 0.955706
vt 0.933449 0.975180
vt 0.932895 0.837787
vt 0.931716 0.965081
vt 0.931843 0.811443
vt 0.931152 0.779978
vt 0.930210 0.911749
vt 0.929387 0.824909
vt 0.931152 0.340127
vt 0.929387 0.340127
vt 0.931435 0.233294
vt 0.929445 0.170195
vt 0.930185 0.074608
vt 0.525439 0.958776
vt 0.529296 0.877877
vt 0.525842 0.839665
vt 0.528983 0.970572
vt 0.532247 0.866246
vt 0.533314 0.948865
vt 0.534177 0.811492
vt 0.535015 0.722840
vt 0.536118 0.871933
vt 0.537448 0.724931
vt 0.536250 0.634552
vt 0.516557 0.623274
vt 0.513962 0.471989
vt 0.512011 0.636369
vt 0.509842 0.525958
vt 0.510775 0.336566
vt 0.506655 0.390536
vt 0.510285 0.262233
vt 0.511084 0.204515
vt 0.505534 0.228794
vt 0.508331 0.093743
vt 0.513860 0.155433
vt 0.513243 0.034603
vt 0.519154 0.116670
vt 0.518674 0.022637
vt 0.523676 0.128469
vt 0.526633 0.184013
vt 0.525312 0.044658
vt 0.527918 0.273944
vt 0.529608 0.122700
vt 0.531646 0.271823
vt 0.529811 0.363506
vt 0.215342 0.845660
vt 0.225164 0.883475
vt 0.217023 0.966044
vt 0.223482 0.763090
vt 0.526988 0.198906
vt 0.524301 0.252288
vt 0.524931 0.089056
vt 0.522994 0.182519
vt 0.527602 0.378480
vt 0.524635 0.365571
vt 0.525908 0.527612
vt 0.523219 0.474411
vt 0.521140 0.607907
vt 0.523829 0.661109
vt 0.523509 0.734384
vt 0.520409 0.767348
vt 0.522234 0.900478
vt 0.524030 0.791282
vt 0.820090 0.772401
vt 0.823927 0.466527
vt 0.810827 0.588138
vt 0.813431 0.552519
vt 0.808222 0.552519
vt 0.814510 0.466527
vt 0.820090 0.160653
vt 0.797726 0.466527
vt 0.807143 0.466527
vt 0.808222 0.380535
vt 0.801563 0.160653
vt 0.813431 0.380535
vt 0.810827 0.033956
vt 0.810827 0.344916
vt 0.805247 0.565615
vt 0.816406 0.565615
vt 0.810827 0.496912
vt 0.810827 0.634467
vt 0.807115 0.680172
vt 0.802936 0.731478
vt 0.814538 0.680172
vt 0.818717 0.731478
vt 0.805577 0.790515
vt 0.816076 0.790515
vt 0.807115 0.900857
vt 0.805247 0.897342
vt 0.810827 0.966044
vt 0.814538 0.900857
vt 0.816406 0.897342
vt 0.810827 0.946562
vt 0.222088 0.211945
vt 0.215657 0.129069
vt 0.217344 0.033956
vt 0.223776 0.116832
vt 0.212387 0.957371
vt 0.203930 0.902587
vt 0.205046 0.777520
vt 0.213503 0.832305
vt 0.816638 0.116299
vt 0.816638 0.883701
vt 0.817015 0.116299
vt 0.817015 0.883701
vt 0.813215 0.020374
vt 0.813215 0.979626
vt 0.813481 0.020374
vt 0.813481 0.979626
vt 0.242224 0.977363
vt 0.200430 0.977363
vt 0.200430 0.022637
vt 0.242224 0.022637
vt 0.257023 0.278264
vt 0.249016 0.217418
vt 0.250255 0.099007
vt 0.258262 0.159853
vt 0.939572 0.779978
vt 0.937807 0.824909
vt 0.938630 0.911749
vt 0.937807 0.340127
vt 0.939572 0.340127
vt 0.939855 0.233294
vt 0.937865 0.170195
vt 0.938605 0.074608
vt 0.940727 0.188312
vt 0.940276 0.023378
vt 0.246776 0.156044
vt 0.238466 0.181197
vt 0.238978 0.304089
vt 0.247288 0.278936
vt 0.521261 0.152337
vt 0.518278 0.152337
vt 0.521261 0.029429
vt 0.518278 0.029429
vt 0.514132 0.113238
vt 0.516417 0.192284
vt 0.515392 0.257333
vt 0.512415 0.265212
vt 0.515482 0.331043
vt 0.512977 0.397763
vt 0.516847 0.422954
vt 0.515112 0.522955
vt 0.518329 0.457337
vt 0.518054 0.579722
vt 0.518105 0.591887
vt 0.519765 0.447269
vt 0.521043 0.558301
vt 0.521550 0.575198
vt 0.520776 0.411716
vt 0.523889 0.424232
vt 0.523290 0.426470
vt 0.520736 0.368705
vt 0.523009 0.321984
vt 0.523423 0.303160
vt 0.520223 0.283197
vt 0.520637 0.264373
vt 0.075158 0.500000
vt 0.077212 0.500000
vt 0.076969 0.670205
vt 0.076969 0.329794
vt 0.076146 0.776578
vt 0.076146 0.223422
vt 0.074836 0.860396
vt 0.073848 0.500000
vt 0.074836 0.139604
vt 0.072907 0.894685
vt 0.072907 0.105315
vt 0.071919 0.500000
vt 0.071047 0.882303
vt 0.071047 0.117697
vt 0.070059 0.500000
vt 0.069912 0.829917
vt 0.069912 0.170083
vt 0.068924 0.500000
vt 0.068740 0.754671
vt 0.068740 0.245329
vt 0.068740 0.500000
vt 0.068319 0.750861
vt 0.068319 0.249139
vt 0.068319 0.500000
vt 0.067863 0.758480
vt 0.067863 0.500000
vt 0.067863 0.241519
vt 0.066845 0.500000
vt 0.066845 0.828012
vt 0.066845 0.171988
vt 0.065500 0.092932
vt 0.065500 0.500000
vt 0.065500 0.907068
vt 0.063957 0.049118
vt 0.063957 0.500000
vt 0.062577 0.052928
vt 0.063957 0.950882
vt 0.062577 0.947072
vt 0.062577 0.500000
vt 0.061232 0.086265
vt 0.061232 0.913735
vt 0.060155 0.160558
vt 0.061232 0.500000
vt 0.060155 0.839442
vt 0.060155 0.500000
vt 0.059302 0.752766
vt 0.059302 0.247234
vt 0.059302 0.500000
vt 0.058427 0.338332
vt 0.058427 0.661667
vt 0.058427 0.500000
vt 0.057309 0.500000
vt 0.519816 0.459434
vt 0.521282 0.428613
vt 0.521335 0.366467
vt 0.945737 0.684035
vt 0.943388 0.789491
vt 0.943555 0.684035
vt 0.942473 0.837055
vt 0.944408 0.876904
vt 0.945737 0.981817
vt 0.944868 0.947988
vt 0.943426 0.955706
vt 0.941869 0.975180
vt 0.941315 0.837787
vt 0.940136 0.965081
vt 0.940263 0.811443
vt 0.504548 0.553492
vt 0.506097 0.589558
vt 0.506036 0.633190
s 1
usemtl Handle1Mtl.022
f 1/1/1 2/2/2 3/3/3
f 1/1/1 3/3/3 4/3/4
f 1/1/1 4/3/4 5/1/5
f 3/3/3 6/4/6 4/3/4
f 2/2/2 7/4/7 3/3/3
f 7/4/7 6/4/6 3/3/3
f 7/4/7 8/5/8 6/4/6
f 7/4/7 2/2/2 9/6/9
f 9/6/9 10/5/10 7/4/7
f 9/6/9 11/2/11 12/6/12
f 9/6/9 12/6/12 13/7/13
f 10/5/10 9/6/9 13/7/13
f 14/8/14 10/5/10 13/7/13
f 14/8/14 15/9/15 10/5/10
f 10/5/10 15/9/15 16/9/16
f 15/9/15 17/8/17 16/9/16
f 18/10/18 19/11/19 20/12/20
f 19/11/19 18/10/18 21/13/21
f 19/11/19 22/12/22 20/12/20
f 22/12/22 19/11/19 23/11/23
f 24/14/24 20/12/20 22/12/22
f 20/12/20 24/14/24 25/14/25
f 20/12/20 26/15/26 18/10/18
f 26/15/26 20/12/20 25/14/25
f 26/15/26 27/10/27 18/10/18
f 28/13/28 18/10/18 27/10/27
f 27/10/27 26/15/26 29/15/29
f 25/14/25 30/16/30 26/15/26
f 30/16/30 25/14/25 31/17/31
f 25/14/25 32/17/32 31/17/31
f 33/18/33 31/17/31 32/17/32
f 31/17/31 33/18/33 34/18/34
f 31/17/31 35/19/35 30/16/30
f 35/19/35 31/17/31 34/18/34
f 35/19/35 36/16/36 30/16/30
f 36/16/36 35/19/35 37/19/37
f 34/18/34 38/20/38 35/19/35
f 38/20/38 34/18/34 39/21/39
f 38/20/38 39/21/39 40/22/40
f 40/22/40 41/23/41 38/20/38
f 41/23/41 42/20/42 38/20/38
f 42/20/42 41/23/41 43/23/43
f 40/22/40 44/24/44 41/23/41
f 41/23/41 44/24/44 45/25/45
f 45/25/45 44/24/44 46/26/46
f 46/26/46 47/25/47 45/25/45
f 47/25/47 46/26/46 48/26/48
f 49/27/49 50/28/50 51/29/51
f 49/27/49 51/29/51 52/29/52
f 49/27/49 52/29/52 53/27/53
f 50/28/50 49/27/49 54/30/54
f 50/28/50 54/30/54 55/30/55
f 54/30/54 56/31/56 55/30/55
f 57/32/57 54/30/54 49/27/49
f 54/30/54 58/31/58 56/31/56
f 58/31/58 59/33/59 56/31/56
f 60/34/60 58/31/58 54/30/54
f 54/30/54 57/32/57 60/34/60
f 49/27/49 61/35/61 57/32/57
f 58/31/58 60/34/60 62/36/62
f 58/31/58 62/36/62 63/33/63
f 60/34/60 64/34/64 62/36/62
f 62/36/62 64/34/64 65/36/65
f 57/32/57 61/35/61 66/37/66
f 66/37/66 61/35/61 67/38/67
f 61/35/61 68/35/68 67/38/67
f 67/38/67 69/38/69 66/37/66
f 66/37/66 69/38/69 70/37/70
f 57/32/57 70/37/70 71/32/71
f 72/39/72 57/32/57 71/32/71
f 72/39/72 60/34/60 57/32/57
f 72/39/72 71/32/71 73/39/73
f 72/39/72 73/39/73 74/40/74
f 74/40/74 73/39/73 75/40/75
f 60/34/60 72/39/72 76/41/76
f 76/41/76 72/39/72 74/40/74
f 74/40/74 75/40/75 76/41/76
f 60/34/60 76/41/76 77/41/77
f 76/41/76 75/40/75 77/41/77
f 78/42/78 79/42/79 80/43/80
f 81/44/81 79/42/82 82/45/83
f 83/46/84 79/42/82 81/44/81
f 83/46/84 81/44/81 84/47/85
f 85/47/86 83/46/84 84/47/85
f 86/46/87 83/46/84 85/47/86
f 79/42/82 83/46/84 87/48/88
f 79/42/82 87/48/88 88/43/89
f 87/48/88 83/46/84 89/49/90
f 90/49/91 87/48/88 89/49/90
f 91/48/92 87/48/88 90/49/91
f 92/50/93 93/51/94 94/52/95
f 94/52/95 95/29/96 92/50/93
f 92/50/93 95/29/96 96/53/97
f 95/29/96 97/54/98 96/53/97
f 97/54/98 98/55/99 96/53/97
f 99/56/100 98/55/99 97/54/98
f 100/54/101 99/56/100 97/54/98
f 100/54/101 101/56/102 99/56/100
f 102/57/103 98/55/99 99/56/100
f 98/55/99 102/57/103 103/58/104
f 103/58/104 102/57/103 104/59/105
f 102/57/103 105/60/106 104/59/105
f 106/61/107 104/59/105 105/60/106
f 104/59/105 106/61/107 107/62/108
f 106/61/107 108/63/109 107/62/108
f 109/61/110 108/63/109 106/61/107
f 95/29/96 94/52/95 110/28/111
f 111/64/112 93/51/94 112/65/113
f 112/65/113 113/66/114 111/64/112
f 93/51/94 114/67/115 112/65/113
f 115/68/116 116/66/117 113/66/118
f 112/65/113 114/67/115 117/69/119
f 113/66/114 112/65/113 118/70/120
f 119/65/121 118/70/120 112/65/113
f 118/70/120 120/68/122 113/66/114
f 118/70/120 121/71/123 120/68/122
f 122/70/124 121/71/123 118/70/120
f 120/68/122 121/71/123 123/72/125
f 122/70/124 124/71/126 121/71/123
f 121/71/123 125/73/127 123/72/125
f 124/71/126 125/73/127 121/71/123
f 124/71/126 126/73/128 125/73/127
f 123/72/125 125/73/127 127/74/129
f 126/73/128 128/75/130 125/73/127
f 125/73/127 128/75/130 127/74/129
f 126/73/128 129/75/131 128/75/130
f 128/75/130 130/76/132 127/74/129
f 131/77/133 130/76/132 128/75/130
f 132/76/134 127/74/129 130/76/132
f 133/74/135 127/74/129 132/76/134
f 131/77/133 134/78/136 130/76/132
f 134/78/136 131/77/133 135/79/137
f 136/77/138 135/79/137 131/77/133
f 135/79/137 137/80/139 134/78/136
f 135/79/137 138/81/140 137/80/139
f 139/80/141 137/80/142 140/82/143
f 137/80/139 138/81/140 141/82/144
f 138/81/140 142/83/145 141/82/144
f 143/81/146 142/83/145 138/81/140
f 142/83/145 144/84/147 141/82/144
f 145/83/148 144/84/147 142/83/145
f 146/85/149 147/86/150 148/87/151
f 147/86/150 146/85/149 149/88/152
f 149/88/152 146/85/149 150/85/153
f 149/88/152 150/85/153 151/88/154
f 152/89/155 149/88/152 151/88/154
f 152/89/155 151/88/154 153/89/156
f 154/90/157 152/89/155 153/89/156
f 155/91/158 149/88/152 152/89/155
f 149/88/152 155/91/158 147/86/150
f 156/92/159 152/89/155 154/90/157
f 152/89/155 156/92/159 155/91/158
f 156/92/159 157/92/160 155/91/158
f 155/91/158 157/92/160 158/91/161
f 155/91/158 158/91/161 147/86/150
f 147/86/150 158/91/161 159/86/162
f 154/90/157 160/93/163 156/92/159
f 160/93/163 161/93/164 156/92/159
f 160/93/163 162/94/165 161/93/164
f 160/93/163 154/90/157 163/95/166
f 163/95/166 164/94/167 160/93/163
f 164/94/167 165/96/168 162/94/169
f 166/96/170 165/96/168 164/94/167
f 164/94/167 167/97/171 166/96/170
f 164/94/167 163/95/166 167/97/171
f 163/95/166 168/95/172 167/97/171
f 167/97/171 168/95/172 169/97/173
f 170/98/174 171/99/175 172/98/176
f 173/100/177 174/100/178 175/101/179
f 175/101/179 170/98/174 173/100/177
f 173/100/177 176/102/180 174/100/178
f 170/98/174 172/98/176 177/103/181
f 173/100/177 170/98/174 177/103/181
f 178/102/182 176/102/180 173/100/177
f 173/100/177 177/103/181 178/102/182
f 178/102/182 179/104/183 176/102/180
f 177/103/181 172/98/176 180/103/184
f 178/102/182 181/104/185 179/104/183
f 181/104/185 182/105/186 179/104/183
f 183/105/187 182/105/186 181/104/185
f 177/103/181 180/103/184 184/106/188
f 184/106/188 180/103/184 185/106/189
f 184/106/188 185/106/189 186/107/190
f 187/108/191 184/106/188 186/107/190
f 186/107/190 188/107/192 187/108/191
f 187/108/191 188/107/192 189/108/193
f 190/109/194 184/106/188 187/108/191
f 177/103/181 184/106/188 190/109/194
f 190/109/194 189/108/193 191/109/195
f 192/110/196 177/103/181 190/109/194
f 192/110/196 190/109/194 191/109/195
f 177/103/181 192/110/196 178/102/182
f 192/110/196 191/109/195 193/110/197
f 194/111/198 178/102/182 192/110/196
f 194/111/198 192/110/196 193/110/197
f 194/111/198 193/110/197 195/111/199
f 194/111/198 181/104/185 178/102/182
f 194/111/198 195/111/199 196/112/200
f 196/112/200 195/111/199 197/112/201
f 198/113/202 181/104/185 194/111/198
f 198/113/202 194/111/198 196/112/200
f 196/112/200 197/112/201 199/114/203
f 199/114/203 197/112/201 200/114/204
f 201/115/205 199/114/203 200/114/204
f 201/115/205 200/114/204 202/115/206
f 199/114/203 201/115/205 203/116/207
f 203/116/207 196/112/200 199/114/203
f 196/112/200 203/116/207 198/113/202
f 203/116/207 202/115/206 204/116/208
f 203/116/207 204/116/208 198/113/202
f 198/113/202 204/116/208 205/113/209
f 206/117/202 198/113/202 205/113/209
f 198/113/202 206/117/202 181/104/185
f 206/117/202 205/113/209 207/117/209
f 208/118/210 181/104/185 206/117/202
f 206/117/202 207/117/209 208/118/210
f 181/104/185 208/118/210 183/105/187
f 208/118/210 207/117/209 209/118/211
f 208/118/210 209/118/211 210/119/212
f 210/119/212 209/118/211 211/119/213
f 208/118/210 212/120/214 183/105/187
f 212/120/214 208/118/210 210/119/212
f 212/120/214 210/119/212 211/119/213
f 212/120/214 213/120/215 183/105/187
f 212/120/214 211/119/213 213/120/215
f 214/121/216 110/28/111 94/52/95
f 110/28/111 215/27/217 95/29/96
f 110/28/111 214/121/216 216/122/218
f 217/122/219 110/28/111 216/122/218
f 218/123/220 217/122/219 216/122/218
f 218/123/220 216/122/218 219/123/221
f 220/124/222 216/122/218 214/121/216
f 216/122/218 220/124/222 219/123/221
f 110/28/111 221/30/223 215/27/217
f 222/124/224 220/124/225 223/121/226
f 219/123/221 220/124/222 224/125/227
f 225/125/228 219/123/221 224/125/227
f 220/124/222 226/126/229 224/125/227
f 227/126/230 226/126/229 222/124/224
f 228/127/231 224/125/227 226/126/229
f 229/127/232 228/127/231 227/126/233
f 224/125/227 228/127/231 230/128/234
f 229/127/232 231/129/235 228/127/231
f 232/129/236 231/129/235 229/127/232
f 228/127/231 233/130/237 230/128/234
f 231/129/235 233/130/237 228/127/231
f 231/129/235 234/131/238 233/130/237
f 235/131/239 233/130/237 234/131/238
f 236/130/240 233/130/237 235/131/239
f 237/128/241 230/128/242 236/130/243
f 238/132/244 239/132/245 240/133/246
f 241/134/247 238/132/244 240/133/246
f 238/132/244 242/135/248 239/132/245
f 238/132/244 241/134/247 243/136/249
f 243/136/249 241/134/247 244/134/250
f 243/136/249 244/134/250 245/136/251
f 243/136/249 245/136/251 246/137/252
f 238/132/244 243/136/249 246/137/252
f 246/137/252 245/136/251 247/137/253
f 248/135/254 242/135/248 238/132/244
f 238/132/244 246/137/252 248/135/254
f 248/135/254 249/138/255 242/135/248
f 246/137/252 247/137/253 250/139/256
f 248/135/254 246/137/252 250/139/256
f 251/138/257 249/138/255 248/135/254
f 248/135/254 250/139/256 251/138/257
f 250/139/256 252/140/258 251/138/257
f 252/140/258 250/139/256 253/141/259
f 254/142/260 251/138/257 252/140/258
f 252/140/258 253/141/259 255/141/261
f 252/140/258 255/141/261 256/140/262
f 253/141/259 257/143/263 255/141/261
f 258/143/264 257/143/263 253/141/259
f 250/139/256 259/144/265 253/141/259
f 253/141/259 259/144/265 258/143/264
f 250/139/256 260/139/266 259/144/265
f 259/144/265 260/139/266 261/144/267
f 258/143/264 259/144/265 262/145/268
f 262/145/268 263/145/269 258/143/264
f 254/142/260 256/140/262 264/142/270
f 254/142/260 264/142/270 265/146/271
f 265/146/271 264/142/270 266/146/272
f 267/147/273 254/142/260 265/146/271
f 265/146/271 266/146/272 268/148/274
f 268/148/274 266/146/272 269/148/275
f 270/149/276 268/148/274 269/148/275
f 270/149/276 269/148/275 271/149/277
f 268/148/274 270/149/276 272/150/278
f 272/150/278 265/146/271 268/148/274
f 265/146/271 272/150/278 267/147/273
f 272/150/278 271/149/279 273/150/280
f 272/150/278 273/150/280 267/147/273
f 267/147/273 273/150/280 274/147/281
f 275/151/282 267/147/273 274/147/281
f 275/151/282 274/147/281 276/151/281
f 267/147/273 277/152/283 254/142/260
f 267/147/273 275/151/282 277/152/283
f 254/142/260 277/152/283 251/138/257
f 251/138/257 277/152/283 278/152/284
f 277/152/283 279/153/285 278/152/284
f 275/151/282 276/151/281 280/154/286
f 280/154/286 277/152/283 275/151/282
f 280/154/286 276/151/281 281/154/287
f 282/153/288 279/153/285 277/152/283
f 277/152/283 280/154/286 282/153/288
f 282/153/288 283/155/289 279/153/285
f 280/154/286 281/154/287 284/156/290
f 284/156/290 281/154/287 285/156/291
f 280/154/286 286/155/292 282/153/288
f 286/155/292 280/154/286 284/156/290
f 286/155/292 283/155/289 282/153/288
f 286/155/292 284/156/290 285/156/291
f 286/155/292 285/156/291 283/155/289
f 287/157/293 288/158/294 289/158/295
f 287/157/293 289/158/295 290/157/296
f 291/159/297 292/160/298 293/161/299
f 292/160/298 294/160/300 293/161/299
f 293/161/299 294/160/300 295/161/301
f 296/162/302 293/161/299 295/161/301
f 296/162/302 295/161/301 297/162/303
f 298/163/304 293/161/299 296/162/302
f 293/161/299 298/163/304 291/159/297
f 296/162/302 299/164/305 298/163/304
f 299/164/305 296/162/302 300/165/306
f 299/164/305 301/164/307 298/163/304
f 298/163/304 301/164/307 302/163/308
f 298/163/304 302/163/308 291/159/297
f 291/159/297 302/163/308 303/159/309
f 304/166/310 299/164/305 300/165/306
f 300/165/306 305/165/311 304/166/310
f 304/166/310 305/165/311 306/166/312
f 299/164/305 304/166/310 307/167/313
f 304/166/310 306/166/312 308/168/314
f 307/167/313 304/166/310 308/168/314
f 309/169/315 291/159/297 303/159/309
f 309/169/315 303/159/309 310/169/316
f 311/170/317 291/159/297 309/169/315
f 291/159/297 311/170/317 312/171/318
f 312/171/318 311/170/317 313/170/319
f 311/170/317 314/172/320 313/170/319
f 309/169/315 315/172/321 311/170/317
f 315/172/321 316/87/322 314/172/320
f 315/172/321 148/87/151 316/87/322
f 315/172/321 309/169/315 317/173/323
f 317/173/323 148/87/151 315/172/321
f 317/173/323 309/169/315 310/169/316
f 317/173/323 310/169/316 318/173/324
f 146/85/149 317/173/323 318/173/324
f 148/87/151 317/173/323 146/85/149
f 319/174/325 320/174/326 321/175/327
f 321/175/327 320/174/326 322/175/328
f 323/176/329 321/175/330 324/176/331
f 325/177/332 326/177/333 323/176/334
f 327/178/335 325/177/336 324/176/337
f 325/177/336 327/178/335 328/179/338
f 329/180/335 324/176/337 322/175/328
f 324/176/337 329/180/335 327/178/335
f 330/181/339 322/175/328 320/174/326
f 330/181/339 329/180/335 322/175/328
f 320/174/326 331/182/340 330/181/339
f 331/182/340 320/174/326 332/183/341
f 333/181/342 330/181/339 331/182/340
f 334/184/343 329/180/335 330/181/339
f 334/184/343 335/185/335 329/180/335
f 335/185/335 327/178/335 329/180/335
f 334/184/343 336/186/335 335/185/335
f 327/178/335 335/185/335 336/186/335
f 327/178/335 336/186/335 328/179/338
f 337/187/344 328/179/338 336/186/335
f 336/186/335 334/184/343 338/188/345
f 338/188/345 337/187/344 336/186/335
f 337/187/344 338/188/345 339/189/346
f 338/188/345 340/190/347 339/189/346
f 338/188/345 341/190/348 340/190/347
f 342/191/349 339/189/346 340/190/347
f 343/92/350 344/89/156 345/91/161
f 344/89/156 343/92/350 346/90/351
f 347/90/352 344/89/156 346/90/351
f 348/95/353 347/90/352 346/90/351
f 348/95/353 346/90/351 349/95/354
f 350/93/355 346/90/351 343/92/350
f 346/90/351 350/93/355 349/95/354
f 351/92/356 350/93/355 343/92/350
f 352/94/169 349/95/354 350/93/355
f 349/95/354 352/94/169 353/97/357
f 354/94/358 352/94/169 355/93/163
f 352/94/169 356/96/168 353/97/357
f 357/96/359 353/97/357 356/96/168
f 358/97/360 353/97/357 357/96/359
f 114/67/115 359/1/361 117/69/119
f 360/67/362 359/1/361 114/67/115
f 360/67/362 361/1/363 359/1/361
f 117/69/119 359/1/361 362/2/364
f 363/2/2 117/69/119 362/2/364
f 363/2/2 362/2/364 364/6/365
f 365/3/366 362/2/364 359/1/361
f 366/4/367 362/2/364 365/3/366
f 362/2/364 366/4/367 367/6/12
f 368/5/8 367/6/12 366/4/367
f 369/5/368 368/5/8 370/4/369
f 369/5/368 371/9/370 368/5/8
f 368/5/8 371/9/370 372/8/17
f 367/6/12 368/5/8 373/7/371
f 373/7/371 368/5/8 372/8/17
f 374/7/372 367/6/12 373/7/371
f 374/7/372 373/7/371 375/8/373
f 375/8/373 373/7/371 372/8/17
f 375/8/373 372/8/17 376/9/374
f 308/168/314 377/192/375 307/167/313
f 308/168/314 378/193/376 377/192/375
f 378/193/376 308/168/314 379/194/377
f 378/193/376 380/193/378 377/192/375
f 377/192/375 380/193/378 381/192/379
f 377/192/375 381/192/379 307/167/313
f 307/167/313 381/192/379 382/167/380
f 383/195/381 384/196/335 385/197/382
f 386/198/383 383/195/381 385/197/382
f 383/195/381 386/198/383 387/199/384
f 388/200/385 386/198/383 385/197/382
f 389/201/386 383/195/381 387/199/384
f 388/200/385 385/197/382 390/202/387
f 384/196/335 390/202/387 385/197/382
f 391/203/388 388/200/385 390/202/387
f 383/195/381 389/201/386 392/204/389
f 392/204/389 384/196/335 383/195/381
f 393/205/390 392/204/389 389/201/386
f 392/204/389 393/205/390 394/206/391
f 384/196/335 392/204/389 394/206/391
f 395/207/392 394/206/391 393/205/390
f 390/202/387 396/208/393 391/203/388
f 397/209/394 391/203/388 396/208/393
f 398/210/335 390/202/387 384/196/335
f 394/206/391 398/210/335 384/196/335
f 390/202/387 398/210/335 396/208/393
f 394/206/391 395/207/392 399/211/395
f 399/211/395 398/210/335 394/206/391
f 400/212/396 399/211/395 395/207/392
f 396/208/393 401/213/397 397/209/394
f 398/210/335 401/213/397 396/208/393
f 402/214/398 397/209/394 401/213/397
f 399/211/395 400/212/396 403/215/399
f 403/215/399 398/210/335 399/211/395
f 404/216/400 403/215/399 400/212/396
f 405/217/335 401/213/397 398/210/335
f 398/210/335 403/215/399 405/217/335
f 402/214/398 401/213/397 406/218/401
f 405/217/335 406/218/401 401/213/397
f 407/219/402 402/214/398 406/218/401
f 403/215/399 404/216/400 408/220/403
f 408/220/403 405/217/335 403/215/399
f 409/221/404 408/220/403 404/216/400
f 410/222/335 406/218/401 405/217/335
f 405/217/335 408/220/403 410/222/335
f 407/219/402 406/218/401 411/223/405
f 406/218/401 410/222/335 411/223/405
f 412/224/406 407/219/402 411/223/405
f 408/220/403 409/221/404 413/225/407
f 413/225/407 410/222/335 408/220/403
f 414/226/408 413/225/407 409/221/404
f 415/227/335 411/223/405 410/222/335
f 410/222/335 413/225/407 415/227/335
f 412/224/406 411/223/405 416/228/409
f 411/223/405 415/227/335 416/228/409
f 412/224/406 416/228/409 417/229/410
f 413/225/407 414/226/408 418/230/411
f 418/230/411 415/227/335 413/225/407
f 419/231/412 418/230/411 414/226/408
f 417/229/410 416/228/409 420/232/413
f 421/233/335 416/228/409 415/227/335
f 415/227/335 418/230/411 421/233/335
f 421/233/335 420/232/413 416/228/409
f 418/230/411 419/231/412 422/234/414
f 422/234/414 421/233/335 418/230/411
f 423/235/415 422/234/414 419/231/412
f 421/233/335 422/234/414 424/236/335
f 424/236/335 420/232/413 421/233/335
f 417/229/410 420/232/413 425/237/416
f 422/234/414 426/238/335 424/236/335
f 426/238/335 420/232/413 424/236/335
f 422/234/414 423/235/415 427/239/417
f 427/239/417 426/238/335 422/234/414
f 428/240/418 427/239/417 423/235/415
f 425/237/416 420/232/413 429/241/419
f 420/232/413 426/238/335 429/241/419
f 430/242/420 425/237/416 429/241/419
f 427/239/417 431/243/335 426/238/335
f 431/243/335 429/241/419 426/238/335
f 427/239/417 428/240/418 432/244/421
f 432/244/421 431/243/335 427/239/417
f 428/240/418 433/245/422 432/244/421
f 428/240/418 434/246/423 433/245/422
f 432/244/421 435/247/335 431/243/335
f 433/245/422 435/247/335 432/244/421
f 429/241/419 431/243/335 436/248/424
f 430/242/420 429/241/419 436/248/424
f 435/247/335 436/248/424 431/243/335
f 437/249/425 430/242/420 436/248/424
f 436/248/424 435/247/335 437/249/425
f 430/242/420 437/249/425 438/250/426
f 434/246/423 439/251/427 433/245/422
f 434/246/423 440/252/428 439/251/427
f 433/245/422 441/253/335 435/247/335
f 441/253/335 437/249/425 435/247/335
f 439/251/427 441/253/335 433/245/422
f 442/254/429 438/250/426 437/249/425
f 437/249/425 441/253/335 442/254/429
f 438/250/426 442/254/429 443/255/430
f 440/252/428 444/256/431 439/251/427
f 444/256/431 441/253/335 439/251/427
f 440/252/428 445/257/432 444/256/431
f 446/258/433 443/255/430 442/254/429
f 441/253/335 446/258/433 442/254/429
f 443/255/430 446/258/433 447/259/434
f 441/253/335 444/256/431 448/260/335
f 448/260/335 446/258/433 441/253/335
f 445/257/432 449/261/435 444/256/431
f 449/261/435 448/260/335 444/256/431
f 449/261/435 445/257/432 450/262/436
f 451/263/437 447/259/434 446/258/433
f 448/260/335 451/263/437 446/258/433
f 447/259/434 451/263/437 452/264/438
f 448/260/335 449/261/435 453/265/335
f 453/265/335 451/263/437 448/260/335
f 454/266/439 449/261/435 450/262/436
f 454/266/439 453/265/335 449/261/435
f 454/266/439 450/262/436 455/267/440
f 456/268/441 452/264/438 451/263/437
f 451/263/437 453/265/335 456/268/441
f 452/264/438 456/268/441 457/269/442
f 453/265/335 454/266/439 458/270/335
f 458/270/335 456/268/441 453/265/335
f 459/271/443 454/266/439 455/267/440
f 459/271/443 458/270/335 454/266/439
f 459/271/443 455/267/440 460/272/444
f 461/273/445 457/269/442 456/268/441
f 456/268/441 458/270/335 461/273/445
f 457/269/442 461/273/445 462/274/446
f 458/270/335 459/271/443 463/275/335
f 463/275/335 461/273/445 458/270/335
f 464/276/447 459/271/443 460/272/444
f 464/276/447 463/275/335 459/271/443
f 460/272/444 465/277/448 464/276/447
f 466/278/449 462/274/446 461/273/445
f 461/273/445 463/275/335 466/278/449
f 462/274/446 466/278/449 467/279/450
f 463/275/335 464/276/447 468/280/335
f 468/280/335 466/278/449 463/275/335
f 464/276/447 469/281/451 468/280/335
f 468/280/335 469/281/451 466/278/449
f 469/281/451 464/276/447 465/277/448
f 469/281/451 467/279/450 466/278/449
f 465/277/448 470/282/452 469/281/451
f 467/279/450 469/281/451 470/282/452
f 471/283/453 472/284/454 473/285/455
f 471/283/453 473/285/455 474/286/456
f 472/284/454 475/285/457 473/285/455
f 474/286/456 475/285/457 476/286/458
f 475/285/457 472/284/454 477/284/459
f 478/287/460 479/288/461 480/289/462
f 479/288/461 478/287/460 481/287/463
f 478/287/460 482/290/464 481/287/463
f 479/288/461 481/287/463 483/288/465
f 478/287/460 484/290/466 482/290/464
f 485/291/467 479/288/461 483/288/465
f 485/291/467 480/289/462 479/288/461
f 485/291/467 483/288/465 486/291/468
f 485/291/467 487/292/469 480/289/462
f 480/289/462 487/292/469 488/292/470
f 485/291/467 489/293/471 487/292/469
f 478/287/460 480/289/462 490/294/472
f 490/294/472 484/290/466 478/287/460
f 490/294/472 480/289/462 491/289/473
f 490/294/472 491/289/473 492/294/474
f 490/294/472 492/294/474 493/295/475
f 484/290/466 490/294/472 493/295/475
f 494/296/476 484/290/466 493/295/475
f 484/290/466 494/296/476 495/297/477
f 489/293/471 485/291/467 496/298/478
f 496/298/478 485/291/467 486/291/468
f 496/298/478 486/291/468 497/298/479
f 498/299/480 496/298/478 497/298/479
f 496/298/478 499/300/481 489/293/471
f 499/300/481 496/298/478 498/299/480
f 494/296/476 500/295/482 501/296/483
f 498/299/480 502/301/484 499/300/481
f 502/301/484 498/299/480 503/302/485
f 499/300/481 502/301/484 504/301/486
f 499/300/481 504/301/486 505/300/487
f 502/301/484 506/303/488 504/301/486
f 503/302/485 507/303/489 502/301/484
f 507/303/489 506/303/488 502/301/484
f 507/303/489 503/302/485 508/304/490
f 509/305/491 506/303/488 507/303/489
f 507/303/489 508/304/490 510/306/492
f 507/303/489 510/306/492 509/305/491
f 508/304/490 511/302/493 512/307/494
f 510/306/492 508/304/490 512/307/494
f 512/307/494 513/308/495 510/306/492
f 514/309/496 510/306/492 513/308/495
f 510/306/492 515/310/497 509/305/491
f 510/306/492 514/309/496 515/310/497
f 509/305/491 515/310/497 516/311/498
f 517/312/499 515/310/497 514/309/496
f 517/312/499 516/311/498 515/310/497
f 514/309/496 518/313/500 517/312/499
f 517/312/499 519/314/501 516/311/498
f 520/315/502 517/312/499 518/313/500
f 519/314/501 517/312/499 521/316/503
f 517/312/499 520/315/502 521/316/503
f 522/317/504 523/318/505 524/319/506
f 522/317/504 524/319/506 525/320/507
f 523/318/505 526/319/508 524/319/506
f 526/319/508 523/318/505 527/318/509
f 528/320/510 529/317/511 525/320/507
f 530/321/512 531/322/513 532/323/514
f 532/323/514 533/324/515 530/321/512
f 531/322/513 534/323/516 532/323/514
f 533/324/515 534/323/516 535/324/517
f 534/323/516 531/322/513 536/322/518
f 530/321/512 533/324/515 537/321/519
f 531/322/513 530/321/512 537/321/519
f 531/322/513 537/321/519 536/322/518
f 538/325/520 539/326/521 540/327/522
f 540/327/522 541/328/523 538/325/520
f 542/325/524 539/326/521 538/325/520
f 542/325/524 543/326/525 539/326/521
f 544/329/526 545/330/527 546/331/528
f 547/331/529 544/329/526 546/331/528
f 545/330/527 544/329/526 548/332/530
f 549/333/531 550/332/532 548/332/533
f 551/334/534 548/332/530 544/329/526
f 552/329/535 551/334/534 544/329/526
f 552/329/535 553/334/536 551/334/534
f 548/332/530 551/334/534 554/333/537
f 555/335/538 549/333/531 554/333/537
f 556/336/539 554/333/537 551/334/534
f 555/335/538 554/333/537 557/335/540
f 554/333/537 556/336/539 557/335/540
f 558/337/541 555/335/538 557/335/540
f 559/338/542 557/335/540 556/336/539
f 557/335/540 559/338/542 560/337/543
f 561/339/544 558/337/545 560/337/543
f 561/339/544 560/337/543 562/339/546
f 563/340/547 561/339/544 562/339/546
f 563/340/547 562/339/546 564/340/548
f 560/337/543 565/341/549 562/339/546
f 565/341/549 560/337/543 559/338/542
f 562/339/546 565/341/549 564/340/548
f 566/338/550 565/341/549 559/338/542
f 566/338/550 567/341/551 565/341/549
f 564/340/548 565/341/549 568/342/552
f 569/343/553 564/340/548 568/342/552
f 569/343/553 568/342/552 570/344/554
f 570/344/554 571/345/555 569/343/553
f 572/344/556 571/345/555 570/344/554
f 572/344/556 573/345/557 571/345/555
f 574/346/558 575/347/559 576/348/560
f 574/346/558 577/347/561 575/347/559
f 578/348/562 575/347/559 577/347/561
f 575/347/559 578/348/562 576/348/560
f 577/347/561 574/346/558 579/346/563
f 580/349/564 576/348/560 578/348/562
f 574/346/558 576/348/560 580/349/564
f 574/346/558 580/349/564 579/346/563
f 580/349/564 578/348/562 581/349/565
f 581/349/565 579/346/563 580/349/564
f 582/350/558 583/351/559 584/352/560
f 582/350/558 585/351/561 583/351/559
f 586/352/562 583/351/559 585/351/561
f 583/351/559 586/352/562 584/352/560
f 585/351/561 582/350/558 587/350/563
f 588/353/564 584/352/560 586/352/562
f 582/350/558 584/352/560 588/353/564
f 582/350/558 588/353/564 587/350/563
f 588/353/564 586/352/562 589/353/565
f 589/353/565 587/350/563 588/353/564
f 590/354/558 591/355/559 592/356/560
f 590/354/558 593/355/561 591/355/559
f 594/356/562 591/355/559 593/355/561
f 591/355/559 594/356/562 592/356/560
f 593/355/561 590/354/558 595/354/563
f 596/357/564 592/356/560 594/356/562
f 590/354/558 592/356/560 596/357/564
f 590/354/558 596/357/564 595/354/563
f 596/357/564 594/356/562 597/357/565
f 597/357/565 595/354/563 596/357/564
f 598/358/558 599/359/559 600/360/560
f 598/358/558 601/359/561 599/359/559
f 602/360/562 599/359/559 601/359/561
f 599/359/559 602/360/562 600/360/560
f 601/359/561 598/358/558 603/358/563
f 604/361/564 600/360/560 602/360/562
f 598/358/558 600/360/560 604/361/564
f 598/358/558 604/361/564 603/358/563
f 604/361/564 602/360/562 605/361/565
f 605/361/565 603/358/563 604/361/564
f 606/362/558 607/363/559 608/364/560
f 606/362/558 609/363/561 607/363/559
f 610/364/562 607/363/559 609/363/561
f 607/363/559 610/364/562 608/364/560
f 609/363/561 606/362/558 611/362/563
f 612/365/564 608/364/560 610/364/562
f 606/362/558 608/364/560 612/365/564
f 606/362/558 612/365/564 611/362/563
f 612/365/564 610/364/562 613/365/565
f 613/365/565 611/362/563 612/365/564
f 614/366/566 615/367/567 616/368/568
f 615/367/567 617/367/569 616/368/568
f 615/367/567 618/369/570 617/367/569
f 616/368/568 617/367/569 619/368/571
f 614/366/566 616/368/568 619/368/571
f 614/366/566 619/368/571 620/366/572
f 621/370/573 614/366/566 620/366/572
f 621/370/573 620/366/572 622/370/574
f 615/367/567 614/366/566 623/371/575
f 614/366/566 621/370/573 623/371/575
f 621/370/573 622/370/574 624/372/576
f 623/371/575 621/370/573 624/372/576
f 624/372/576 622/370/574 625/372/577
f 623/371/575 626/369/578 615/367/567
f 626/369/578 623/371/575 627/373/579
f 623/371/575 628/371/580 627/373/579
f 627/373/579 628/371/580 629/373/581
f 627/373/579 630/374/582 626/369/578
f 626/369/578 630/374/582 631/375/583
f 631/375/583 632/375/584 626/369/578
f 633/376/585 631/375/583 630/374/582
f 633/376/585 630/374/582 634/374/586
f 633/376/585 634/374/586 635/376/587
f 631/375/583 633/376/585 636/377/588
f 636/377/588 637/377/589 631/375/583
f 636/377/588 638/378/590 637/377/589
f 633/376/585 635/376/587 639/379/591
f 639/379/591 636/377/588 633/376/585
f 639/379/591 635/376/587 640/379/592
f 641/378/593 638/378/590 636/377/588
f 639/379/591 641/378/593 636/377/588
f 639/379/591 640/379/592 642/380/594
f 641/378/593 639/379/591 642/380/594
f 641/378/593 643/381/595 638/378/590
f 642/380/594 644/382/596 641/378/593
f 644/382/596 642/380/594 645/380/597
f 641/378/593 646/381/598 643/381/595
f 641/378/593 644/382/596 646/381/598
f 646/381/598 647/383/599 643/381/595
f 644/382/596 645/380/597 648/382/600
f 649/383/601 647/383/599 646/381/598
f 644/382/596 649/383/601 646/381/598
f 650/384/602 644/382/596 648/382/600
f 649/383/601 644/382/596 650/384/602
f 650/384/602 648/382/600 651/384/603
f 649/383/601 652/133/604 647/383/599
f 653/385/605 649/383/601 650/384/602
f 653/385/605 651/384/606 654/385/607
f 240/133/246 652/133/604 649/383/601
f 653/385/605 240/133/246 649/383/601
f 240/133/246 239/132/245 652/133/604
f 241/134/247 653/385/605 654/385/607
f 240/133/246 653/385/605 241/134/247
f 655/386/608 656/387/609 657/388/610
f 656/387/609 655/386/608 658/389/611
f 659/387/612 657/388/610 656/387/609
f 660/388/613 657/388/610 659/387/612
f 659/387/612 656/387/609 661/390/614
f 661/390/614 656/387/609 662/390/615
f 658/389/611 662/390/615 656/387/609
f 662/390/615 658/389/611 663/391/616
f 663/391/617 664/389/618 665/391/619
f 663/391/616 666/392/620 662/390/615
f 667/392/621 662/390/615 666/392/620
f 666/392/620 668/393/622 667/392/621
f 666/392/620 663/391/616 669/394/623
f 670/394/624 669/394/623 665/391/625
f 668/393/622 666/392/620 671/393/626
f 669/394/623 671/393/626 666/392/620
f 671/393/626 669/394/623 672/395/627
f 671/393/626 672/395/627 673/396/628
f 674/396/629 673/396/630 675/395/631
f 494/296/476 676/397/632 495/297/477
f 495/297/477 676/397/632 677/397/633
f 495/297/477 677/397/633 678/297/634
f 676/397/632 679/398/635 677/397/633
f 676/397/632 494/296/476 680/399/636
f 680/399/636 681/398/637 676/397/632
f 680/399/636 501/296/483 682/399/638
f 683/400/639 680/399/636 682/399/638
f 681/398/637 680/399/636 683/400/639
f 683/400/639 682/399/638 684/400/640
f 683/400/639 685/401/641 681/398/637
f 681/398/637 685/401/641 686/401/642
f 685/401/641 683/400/639 687/402/643
f 687/402/644 684/400/645 688/402/646
f 685/401/641 689/403/647 686/401/642
f 687/402/643 690/403/648 685/401/641
f 690/403/648 689/403/647 685/401/641
f 690/403/648 691/404/649 689/403/647
f 690/403/648 687/402/643 692/405/650
f 692/405/651 688/402/646 693/405/652
f 694/404/653 691/404/649 690/403/648
f 692/405/650 694/404/653 690/403/648
f 694/404/653 692/405/650 695/406/654
f 695/406/654 696/407/655 694/404/653
f 696/407/655 695/406/654 697/408/656
f 697/408/656 698/409/657 696/407/655
f 697/408/656 699/406/658 700/408/659
f 701/410/660 697/408/656 700/408/659
f 698/409/657 697/408/656 701/410/660
f 698/409/661 702/411/662 703/409/663
f 701/410/660 704/411/664 698/409/657
f 704/411/664 705/412/665 702/411/666
f 704/411/664 701/410/660 706/413/667
f 706/413/667 701/410/660 707/410/668
f 706/413/667 707/410/668 708/413/669
f 704/411/664 709/412/670 705/412/665
f 706/413/667 709/412/670 704/411/664
f 709/412/670 710/414/671 705/412/665
f 711/415/672 706/413/667 708/413/669
f 709/412/670 706/413/667 711/415/672
f 711/415/672 708/413/669 712/415/673
f 713/416/674 711/415/672 712/415/673
f 711/415/672 714/414/675 709/412/670
f 709/412/670 714/414/675 710/414/671
f 714/414/675 711/415/672 713/416/674
f 714/414/675 715/417/676 710/414/671
f 714/414/675 713/416/674 716/417/677
f 716/417/677 717/416/678 715/417/679
f 716/417/677 713/416/674 717/416/678
f 718/418/680 719/419/681 720/420/682
f 720/420/682 719/419/681 721/419/683
f 720/420/682 722/418/684 718/418/680
f 719/419/681 723/421/524 721/419/683
f 719/419/681 718/418/680 723/421/524
f 723/421/524 718/418/680 722/418/684
f 723/421/524 722/418/684 724/421/520
f 725/422/685 726/423/686 727/424/687
f 727/424/687 728/424/688 725/422/685
f 727/424/687 726/423/686 729/425/689
f 725/422/685 728/424/688 730/422/690
f 726/423/686 731/423/691 729/425/689
f 729/425/689 731/423/691 732/425/692
f 733/426/693 726/423/686 725/422/685
f 725/422/685 730/422/690 733/426/693
f 733/426/693 730/422/690 734/426/694
f 726/423/686 733/426/693 735/427/695
f 736/428/696 735/427/695 733/426/693
f 735/427/695 737/429/697 738/427/698
f 737/429/697 735/427/695 739/429/699
f 735/427/695 736/428/696 739/429/699
f 739/429/699 740/430/700 737/429/697
f 741/431/701 739/429/699 736/428/696
f 742/428/702 741/431/701 736/428/696
f 741/431/701 742/428/702 743/431/703
f 739/429/699 741/431/701 744/430/704
f 745/432/705 744/430/704 741/431/701
f 745/432/706 743/431/707 746/432/708
f 744/430/704 745/432/705 747/433/709
f 747/433/709 748/433/710 744/430/704
f 747/433/709 749/434/711 748/433/710
f 750/435/712 747/433/709 745/432/705
f 747/433/709 750/435/712 751/434/713
f 752/388/714 751/434/713 750/435/712
f 750/435/712 753/435/715 752/388/714
f 752/388/714 753/435/715 754/388/610
f 751/434/713 752/388/714 755/386/716
f 755/386/716 756/386/608 751/434/713
f 757/387/717 755/386/716 752/388/714
f 755/386/716 758/389/718 756/386/608
f 755/386/716 757/387/717 759/389/719
f 759/389/719 758/389/718 755/386/716
f 759/389/719 760/391/617 758/389/718
f 761/390/720 759/389/719 757/387/717
f 759/389/719 761/390/720 762/391/721
f 762/391/625 763/394/623 760/391/617
f 764/392/621 762/391/721 761/390/720
f 765/390/722 764/392/621 761/390/720
f 762/391/721 764/392/621 766/394/723
f 766/394/723 767/395/724 763/394/725
f 768/393/726 766/394/723 764/392/621
f 767/395/724 766/394/723 769/395/631
f 766/394/723 768/393/726 769/395/631
f 769/395/631 770/396/727 767/395/724
f 768/393/726 771/396/728 769/395/631
f 771/396/728 772/393/729 770/396/730
f 768/393/726 772/393/729 771/396/728
f 773/158/731 774/436/732 775/436/733
f 773/158/731 775/436/733 776/158/295
f 774/436/732 777/437/734 775/436/733
f 774/436/732 778/437/735 777/437/734
f 773/158/731 779/438/736 774/436/732
f 780/439/737 774/436/732 779/438/736
f 773/158/731 781/440/738 779/438/736
f 782/441/739 774/436/732 780/439/737
f 774/436/732 782/441/739 778/437/735
f 781/440/738 773/158/731 783/157/293
f 782/441/739 784/442/740 778/437/735
f 785/443/741 781/440/738 783/157/293
f 781/440/738 785/443/741 786/444/742
f 785/443/741 783/157/293 787/157/296
f 785/443/741 787/157/296 788/443/743
f 785/443/741 789/445/744 786/444/742
f 790/446/745 789/445/744 785/443/741
f 784/442/740 782/441/739 791/447/746
f 792/448/747 789/445/744 790/446/745
f 792/448/747 790/446/745 793/446/748
f 792/448/747 793/446/748 794/448/749
f 784/442/740 792/448/747 794/448/749
f 784/442/740 794/448/749 795/442/750
f 789/445/744 792/448/747 796/449/751
f 784/442/740 796/449/751 792/448/747
f 796/449/751 784/442/740 791/447/746
f 796/449/751 797/450/752 789/445/744
f 798/451/753 796/449/751 791/447/746
f 797/450/752 796/449/751 799/452/754
f 799/452/754 796/449/751 798/451/753
f 800/453/755 797/450/752 799/452/754
f 798/451/753 800/453/755 799/452/754
f 797/450/752 800/453/755 801/454/756
f 802/455/757 797/450/752 801/454/756
f 800/453/755 798/451/753 803/456/758
f 804/457/759 803/456/758 798/451/753
f 805/458/760 802/455/757 801/454/756
f 803/456/758 804/457/759 806/459/761
f 807/460/762 802/455/757 805/458/760
f 801/454/756 807/460/762 805/458/760
f 802/455/757 807/460/762 808/461/763
f 809/462/764 808/461/763 807/460/762
f 804/457/759 810/463/765 806/459/761
f 810/463/765 803/456/758 806/459/761
f 810/463/765 804/457/759 811/464/766
f 809/462/764 810/463/765 811/464/766
f 812/465/767 803/456/758 810/463/765
f 810/463/765 809/462/764 812/465/767
f 803/456/758 812/465/767 800/453/755
f 807/460/762 812/465/767 809/462/764
f 812/465/767 801/454/756 800/453/755
f 801/454/756 812/465/767 807/460/762
f 813/466/768 814/467/769 815/468/770
f 814/467/769 816/468/771 815/468/770
f 816/468/771 814/467/769 817/467/772
f 815/468/770 818/469/773 813/466/768
f 818/469/773 815/468/770 816/468/771
f 813/466/768 818/469/773 819/466/774
f 818/469/773 816/468/771 820/469/775
f 820/469/775 819/466/774 818/469/773
f 821/464/776 822/439/737 823/462/764
f 824/457/777 822/439/737 821/464/776
f 823/462/764 822/439/737 825/438/778
f 822/439/737 824/457/777 826/441/739
f 827/451/753 826/441/739 824/457/777
f 826/441/739 827/451/753 828/447/746
f 829/440/779 823/462/764 825/438/778
f 823/462/764 829/440/779 830/461/763
f 830/461/763 829/440/779 831/455/757
f 832/444/780 831/455/757 829/440/779
f 831/455/757 832/444/780 833/450/781
f 834/445/782 833/450/781 832/444/780
f 835/470/783 836/471/784 837/472/785
f 837/472/785 838/473/786 835/470/783
f 836/471/784 839/472/787 837/472/785
f 838/473/786 837/472/785 839/472/787
f 839/472/787 836/471/784 840/471/788
f 838/473/786 839/472/787 841/473/789
f 842/474/790 843/475/791 844/476/792
f 844/476/792 843/475/791 845/477/793
f 846/478/794 847/479/795 848/480/796
f 848/480/796 847/479/795 849/481/797
f 850/479/798 851/478/799 852/481/800
f 850/479/798 853/478/794 851/478/799
f 853/478/794 850/479/798 854/479/801
f 850/479/798 855/481/797 854/479/801
f 852/481/800 855/481/797 850/479/798
f 856/480/802 851/478/799 853/478/794
f 852/481/800 851/478/799 856/480/802
f 852/481/800 856/480/802 855/481/797
f 856/480/802 853/478/794 857/480/803
f 857/480/803 855/481/797 856/480/802
f 858/482/804 859/483/805 860/484/806
f 859/483/805 858/482/804 861/482/807
f 859/483/805 861/482/807 862/483/808
f 863/484/809 859/483/805 862/483/808
f 859/483/805 863/484/809 860/484/806
f 858/482/804 864/485/810 861/482/807
f 858/482/804 860/484/806 864/485/810
f 864/485/810 860/484/806 863/484/809
f 865/485/811 861/482/807 864/485/810
f 864/485/810 863/484/809 865/485/811
f 866/485/811 867/484/812 868/483/808
f 866/485/811 868/483/808 869/482/813
f 870/475/814 871/474/815 872/477/816
f 870/475/814 873/474/817 871/474/815
f 873/474/817 870/475/814 874/475/818
f 870/475/814 875/477/819 874/475/818
f 872/477/816 875/477/819 870/475/814
f 876/476/820 871/474/815 873/474/817
f 872/477/816 871/474/815 876/476/820
f 872/477/816 876/476/820 875/477/819
f 876/476/820 873/474/817 877/476/821
f 877/476/821 875/477/819 876/476/820
f 878/486/822 879/487/823 880/488/824
f 880/488/824 881/489/825 878/486/822
f 879/487/823 882/488/826 880/488/824
f 881/489/825 882/488/827 883/489/828
f 882/488/826 879/487/823 884/487/829
f 883/489/828 885/486/830 881/489/825
f 878/486/822 881/489/825 885/486/830
f 879/487/823 878/486/822 885/486/830
f 879/487/823 885/486/830 884/487/829
f 886/490/831 887/491/832 888/492/833
f 889/493/834 887/491/832 886/490/831
f 889/493/834 886/490/831 890/494/835
f 891/495/836 889/493/834 890/494/835
f 892/494/837 891/495/836 890/494/835
f 889/493/834 891/495/836 893/496/838
f 891/495/836 894/497/839 893/496/838
f 895/498/840 894/497/839 891/495/836
f 896/497/841 897/496/842 893/496/843
f 898/499/844 896/497/845 894/497/846
f 894/497/839 895/498/840 899/499/847
f 900/101/848 899/499/847 895/498/840
f 900/101/848 901/99/849 899/499/847
f 900/101/848 902/98/850 901/99/849
f 902/98/850 900/101/848 903/100/851
f 903/100/851 904/103/852 902/98/850
f 904/103/852 903/100/851 905/102/180
f 906/110/197 904/103/852 905/102/180
f 904/103/852 906/110/197 907/109/853
f 906/110/197 905/102/180 908/111/199
f 907/109/853 909/106/189 904/103/852
f 909/106/189 907/109/853 910/108/193
f 910/108/193 911/107/192 909/106/189
f 912/107/190 909/106/189 911/107/192
f 913/108/191 910/108/854 914/109/194
f 905/102/180 915/104/855 908/111/199
f 908/111/199 915/104/855 916/113/856
f 908/111/199 916/113/856 917/112/857
f 915/104/855 918/117/856 916/113/856
f 917/112/857 916/113/856 919/116/858
f 917/112/857 919/116/858 920/114/204
f 920/114/204 919/116/858 921/115/206
f 922/115/859 921/115/860 923/116/861
f 915/104/855 924/118/862 918/117/856
f 925/105/186 924/118/862 915/104/855
f 926/120/863 924/118/862 925/105/186
f 924/118/862 926/120/863 927/119/864
f 928/105/865 926/120/863 925/105/186
f 929/500/510 930/501/508 931/502/866
f 929/500/510 931/502/866 932/503/867
f 930/501/508 933/502/868 931/502/866
f 933/502/868 930/501/508 934/501/506
f 935/500/869 930/501/508 929/500/510
f 935/500/869 934/501/506 930/501/508
f 936/503/870 935/500/871 932/503/872
f 937/504/873 938/505/874 939/506/875
f 937/504/873 940/504/876 938/505/874
f 938/505/874 940/504/876 941/505/877
f 727/424/687 937/504/873 939/506/875
f 937/504/873 727/424/687 729/425/689
f 938/505/874 942/507/878 939/506/875
f 942/507/878 943/507/879 939/506/875
f 939/506/875 943/507/879 944/506/880
f 942/507/878 938/505/874 945/508/881
f 938/505/874 946/509/882 945/508/881
f 947/510/883 945/508/881 946/509/882
f 946/509/882 948/509/884 947/510/883
f 947/510/883 948/509/884 949/510/885
f 945/508/881 947/510/883 950/511/886
f 949/510/885 951/512/887 947/510/883
f 951/512/887 950/511/886 947/510/883
f 951/512/887 949/510/885 952/512/888
f 950/511/886 951/512/887 953/513/889
f 954/514/890 953/513/889 951/512/887
f 955/513/891 950/511/886 953/513/889
f 950/511/886 955/513/891 956/511/892
f 953/513/889 957/515/893 955/513/891
f 953/513/889 954/514/890 958/515/894
f 959/516/895 958/515/894 954/514/890
f 959/516/896 960/514/897 961/516/898
f 958/515/894 959/516/895 962/517/899
f 957/515/893 962/517/899 963/518/900
f 964/519/901 962/517/899 959/516/895
f 965/520/902 963/518/900 962/517/899
f 962/517/899 964/519/901 965/520/902
f 963/518/900 965/520/902 966/521/903
f 967/522/904 965/520/902 964/519/901
f 965/520/902 968/523/905 966/521/903
f 965/520/902 967/522/904 969/524/906
f 969/524/906 968/523/905 965/520/902
f 970/525/907 969/524/906 967/522/904
f 971/526/908 968/523/905 969/524/906
f 969/524/906 970/525/907 971/526/908
f 968/523/905 971/526/908 972/527/909
f 970/525/907 973/528/910 971/526/908
f 971/526/908 974/529/911 972/527/909
f 973/528/910 974/529/911 971/526/908
f 975/530/912 976/531/913 977/532/914
f 977/532/914 976/531/913 978/199/915
f 977/532/914 978/199/915 979/198/916
f 980/533/917 978/199/915 976/531/913
f 975/530/912 980/533/917 976/531/913
f 978/199/915 980/533/917 981/201/386
f 982/534/918 977/532/914 979/198/916
f 975/530/912 977/532/914 982/534/918
f 982/534/918 979/198/916 983/200/919
f 984/203/920 982/534/918 983/200/919
f 985/535/921 981/201/386 980/533/917
f 980/533/917 975/530/912 985/535/921
f 981/201/386 985/535/921 986/205/390
f 987/207/922 986/205/390 985/535/921
f 982/534/918 984/203/920 988/536/923
f 989/209/924 988/536/923 984/203/920
f 982/534/918 990/537/912 975/530/912
f 990/537/912 982/534/918 988/536/923
f 990/537/912 985/535/921 975/530/912
f 991/538/925 987/207/922 985/535/921
f 990/537/912 991/538/925 985/535/921
f 992/212/926 987/207/922 991/538/925
f 988/536/923 989/209/924 993/539/927
f 993/539/927 990/537/912 988/536/923
f 994/214/928 993/539/927 989/209/924
f 991/538/925 995/540/929 992/212/926
f 990/537/912 995/540/929 991/538/925
f 995/540/929 996/216/930 992/212/926
f 990/537/912 993/539/927 997/541/912
f 995/540/929 990/537/912 997/541/912
f 993/539/927 994/214/928 998/542/931
f 998/542/931 997/541/912 993/539/927
f 999/219/932 998/542/931 994/214/928
f 995/540/929 1000/543/933 996/216/930
f 997/541/912 1000/543/933 995/540/929
f 1000/543/933 1001/221/934 996/216/930
f 997/541/912 998/542/931 1002/544/912
f 1000/543/933 997/541/912 1002/544/912
f 998/542/931 999/219/932 1003/545/935
f 1003/545/935 1002/544/912 998/542/931
f 1004/224/936 1003/545/935 999/219/932
f 1005/546/937 1001/221/934 1000/543/933
f 1002/544/912 1005/546/937 1000/543/933
f 1005/546/937 1006/226/938 1001/221/934
f 1002/544/912 1003/545/935 1007/547/912
f 1005/546/937 1002/544/912 1007/547/912
f 1003/545/935 1004/224/936 1008/548/939
f 1008/548/939 1007/547/912 1003/545/935
f 1009/229/940 1008/548/939 1004/224/936
f 1010/549/941 1006/226/938 1005/546/937
f 1007/547/912 1010/549/941 1005/546/937
f 1010/549/941 1011/231/412 1006/226/938
f 1007/547/912 1008/548/939 1012/550/912
f 1010/549/941 1007/547/912 1012/550/912
f 1008/548/939 1009/229/940 1013/551/942
f 1013/551/942 1012/550/912 1008/548/939
f 1014/237/943 1013/551/942 1009/229/940
f 1015/552/944 1011/231/412 1010/549/941
f 1012/550/912 1015/552/944 1010/549/941
f 1015/552/944 1016/235/415 1011/231/412
f 1012/550/912 1013/551/942 1017/553/912
f 1015/552/944 1012/550/912 1017/553/912
f 1013/551/942 1014/237/943 1018/554/945
f 1019/242/946 1018/554/945 1014/237/943
f 1013/551/942 1020/555/912 1017/553/912
f 1020/555/912 1015/552/944 1017/553/912
f 1020/555/912 1013/551/942 1018/554/945
f 1021/556/947 1016/235/415 1015/552/944
f 1015/552/944 1020/555/912 1021/556/947
f 1021/556/947 1022/240/948 1016/235/415
f 1018/554/945 1023/557/912 1020/555/912
f 1023/557/912 1021/556/947 1020/555/912
f 1018/554/945 1019/242/946 1024/558/949
f 1023/557/912 1018/554/945 1024/558/949
f 1025/559/950 1022/240/948 1021/556/947
f 1023/557/912 1025/559/950 1021/556/947
f 1026/560/951 1022/240/948 1025/559/950
f 1027/561/912 1025/559/950 1023/557/912
f 1024/558/949 1027/561/912 1023/557/912
f 1027/561/912 1026/560/951 1025/559/950
f 1022/240/948 1026/560/951 1028/246/952
f 1027/561/912 1024/558/949 1029/562/953
f 1029/562/953 1024/558/949 1019/242/946
f 1029/562/953 1019/242/946 1030/250/426
f 1031/563/954 1028/246/952 1026/560/951
f 1028/246/952 1031/563/954 1032/252/955
f 1033/564/912 1026/560/951 1027/561/912
f 1033/564/912 1031/563/954 1026/560/951
f 1029/562/953 1033/564/912 1027/561/912
f 1034/565/956 1032/252/955 1031/563/954
f 1033/564/912 1034/565/956 1031/563/954
f 1032/252/955 1034/565/956 1035/257/432
f 1036/566/957 1029/562/953 1030/250/426
f 1033/564/912 1029/562/953 1036/566/957
f 1036/566/957 1030/250/426 1037/255/430
f 1038/567/958 1036/566/957 1037/255/430
f 1038/567/958 1033/564/912 1036/566/957
f 1038/567/958 1037/255/430 1039/259/434
f 1034/565/956 1033/564/912 1040/568/912
f 1033/564/912 1038/567/958 1040/568/912
f 1041/569/959 1035/257/432 1034/565/956
f 1040/568/912 1041/569/959 1034/565/956
f 1035/257/432 1041/569/959 1042/262/436
f 1038/567/958 1039/259/434 1043/570/960
f 1043/570/960 1040/568/912 1038/567/958
f 1039/259/434 1044/264/438 1043/570/960
f 1045/571/961 1042/262/436 1041/569/959
f 1042/262/436 1045/571/961 1046/267/440
f 1041/569/959 1040/568/912 1047/572/912
f 1040/568/912 1043/570/960 1047/572/912
f 1047/572/912 1045/571/961 1041/569/959
f 1045/571/961 1048/272/444 1046/267/440
f 1043/570/960 1044/264/438 1049/573/962
f 1047/572/912 1043/570/960 1049/573/962
f 1044/264/438 1050/269/963 1049/573/962
f 1051/274/446 1049/573/962 1050/269/963
f 1047/572/912 1049/573/962 1052/574/912
f 1045/571/961 1047/572/912 1052/574/912
f 1049/573/962 1051/274/446 1053/575/964
f 1052/574/912 1049/573/962 1053/575/964
f 1054/279/450 1053/575/964 1051/274/446
f 1052/574/912 1055/576/965 1045/571/961
f 1055/576/965 1048/272/444 1045/571/961
f 1055/576/965 1056/277/448 1048/272/444
f 1055/576/965 1052/574/912 1057/577/912
f 1052/574/912 1053/575/964 1057/577/912
f 1058/578/966 1056/277/448 1055/576/965
f 1057/577/912 1058/578/966 1055/576/965
f 1058/578/966 1059/282/967 1056/277/448
f 1053/575/964 1054/279/450 1060/579/968
f 1057/577/912 1053/575/964 1060/579/968
f 1059/282/967 1060/579/968 1054/279/450
f 1058/578/966 1057/577/912 1061/580/912
f 1057/577/912 1060/579/968 1061/580/912
f 1058/578/966 1062/581/969 1059/282/967
f 1060/579/968 1059/282/967 1062/581/969
f 1058/578/966 1061/580/912 1062/581/969
f 1061/580/912 1060/579/968 1062/581/969
f 1063/437/735 1064/442/740 1065/442/750
f 1063/437/735 1065/442/750 1066/437/734
f 1067/506/970 1068/507/971 1069/505/972
f 1070/506/973 1067/506/970 1071/424/974
f 1071/424/974 1067/506/970 1072/424/975
f 1073/504/876 1072/424/975 1067/506/970
f 1067/506/970 1069/505/972 1073/504/876
f 1072/424/975 1073/504/876 1074/425/692
f 1075/504/976 1074/425/692 1073/504/876
f 1076/425/689 1074/425/692 1075/504/976
f 1077/423/977 1072/424/975 1074/425/692
f 1072/424/975 1077/423/977 1078/422/978
f 1077/423/977 1079/426/694 1078/422/978
f 1069/505/972 1080/509/882 1081/505/979
f 1080/509/882 1069/505/972 1082/509/980
f 1083/508/981 1082/509/980 1069/505/972
f 1083/508/981 1069/505/972 1068/507/971
f 1084/507/878 1083/508/981 1068/507/971
f 1083/508/981 1085/510/982 1082/509/980
f 1086/508/983 1083/508/981 1084/507/878
f 1085/510/982 1083/508/981 1087/511/984
f 1086/508/983 1087/511/984 1083/508/981
f 1088/511/886 1087/511/984 1086/508/983
f 1087/511/984 1089/512/985 1085/510/982
f 1089/512/985 1087/511/984 1090/513/891
f 1090/513/891 1091/514/986 1089/512/985
f 1092/514/890 1089/512/985 1091/514/986
f 1089/512/985 1092/514/890 1093/512/887
f 1092/514/890 1091/514/986 1094/516/895
f 1091/514/986 1090/513/891 1095/515/893
f 1095/515/893 1096/516/987 1091/514/986
f 1094/516/988 1096/516/987 1097/519/989
f 1096/516/987 1095/515/893 1098/518/900
f 1099/517/990 1095/515/893 1100/515/894
f 1100/515/894 1095/515/893 1101/513/991
f 1097/519/989 1096/516/987 1102/582/992
f 1098/518/900 1102/582/992 1096/516/987
f 1097/519/989 1102/582/992 1103/522/904
f 1102/582/992 1098/518/900 1104/521/903
f 1104/521/903 1105/583/993 1102/582/992
f 1103/522/904 1102/582/992 1105/583/993
f 1105/583/993 1104/521/903 1106/523/905
f 1107/584/994 1103/522/904 1105/583/993
f 1106/523/905 1107/584/994 1105/583/993
f 1103/522/904 1107/584/994 1108/525/907
f 1107/584/994 1106/523/905 1109/527/909
f 1108/525/907 1107/584/994 1110/528/995
f 1107/584/994 1109/527/909 1111/529/996
f 1110/528/995 1107/584/994 1111/529/996
f 1112/502/868 1113/500/507 1114/503/504
f 1113/500/507 1112/502/868 1115/501/506
f 1112/502/868 1114/503/504 1116/503/997
f 1117/500/510 1116/503/511 1113/500/507
f 1112/502/868 1116/503/997 1118/502/509
f 1119/294/474 1120/290/464 1121/295/482
f 1122/295/475 1119/294/474 1121/295/482
f 1122/295/475 1121/295/482 1123/296/998
f 1120/290/464 1124/296/999 1121/295/482
f 1125/399/1000 1123/296/476 1124/296/483
f 1126/297/1001 1124/296/999 1120/290/464
f 1127/290/1002 1126/297/1001 1120/290/464
f 1127/290/1002 1128/297/477 1126/297/1001
f 1129/397/1003 1124/296/999 1126/297/1001
f 1124/296/999 1129/397/1003 1130/399/1004
f 1131/398/635 1130/399/1004 1129/397/1003
f 1130/399/1004 1131/398/635 1132/400/1005
f 1133/397/1006 1134/398/1007 1131/398/635
f 1134/398/1007 1135/401/642 1131/398/635
f 1135/401/642 1132/400/1005 1131/398/635
f 1132/400/1005 1135/401/642 1136/402/646
f 1137/402/643 1138/400/639 1132/400/1005
f 1139/405/1008 1137/402/643 1136/402/1009
f 1140/403/1010 1136/402/646 1135/401/642
f 1136/402/646 1140/403/1010 1141/405/1011
f 1142/406/1012 1139/405/650 1141/405/1011
f 1143/404/1013 1141/405/1011 1140/403/1010
f 1142/406/1012 1141/405/1011 1144/406/1014
f 1141/405/1011 1143/404/1013 1144/406/1014
f 1145/408/656 1142/406/1012 1144/406/1014
f 1146/407/1015 1144/406/1014 1143/404/1013
f 1147/404/1016 1146/407/1015 1143/404/1013
f 1144/406/1014 1146/407/1015 1148/408/1017
f 1149/407/1018 1146/407/1015 1147/404/1016
f 1149/407/1018 1150/409/663 1146/407/1015
f 1150/409/663 1148/408/1017 1146/407/1015
f 1149/407/1018 1151/409/661 1150/409/663
f 1148/408/1017 1150/409/663 1152/410/1019
f 1153/410/1020 1148/408/1017 1152/410/1019
f 1154/411/662 1152/410/1019 1150/409/663
f 1151/409/661 1155/411/664 1154/411/1021
f 1152/410/1019 1154/411/662 1156/413/669
f 1157/412/1022 1156/413/669 1154/411/662
f 1156/413/669 1157/412/1022 1158/415/1023
f 1159/414/671 1158/415/1023 1157/412/1022
f 1158/415/1023 1159/414/671 1160/416/1024
f 1161/416/1025 1158/415/1023 1160/416/1024
f 1159/414/671 1162/417/1026 1160/416/1024
f 1163/414/675 1164/417/677 1162/417/679
f 1165/488/1027 1166/486/1028 1167/489/1029
f 1166/486/1028 1165/488/1027 1168/487/1030
f 1169/489/825 1170/488/1031 1165/488/827
f 1171/471/784 1172/470/783 1173/470/1032
f 1171/471/784 1173/470/1032 1174/471/788
f 1172/470/783 1175/473/786 1173/470/1032
f 1173/470/1032 1176/472/1033 1174/471/788
f 1177/473/789 1173/470/1032 1175/473/786
f 1176/472/1033 1173/470/1032 1177/473/789
f 1178/467/1034 1179/466/1035 1180/466/774
f 1178/467/1034 1180/466/774 1181/467/772
f 1180/466/774 1182/468/1036 1181/467/772
f 1182/468/1036 1180/466/774 1183/469/1037
f 1184/420/1038 1185/419/1039 1186/420/522
f 1187/418/684 1184/420/1038 1186/420/522
f 1185/419/1039 1187/418/684 1186/420/522
f 1187/418/684 1185/419/1039 1188/421/520
f 1188/421/520 1185/419/1039 1189/421/1040
f 1190/377/1041 1191/376/1042 1192/375/584
f 1193/375/1043 1190/377/1041 1192/375/584
f 1191/376/1042 1190/377/1041 1194/379/1044
f 1195/378/1045 1194/379/1044 1190/377/1041
f 1195/378/1045 1196/380/1046 1194/379/1044
f 1197/380/1047 1194/379/1044 1196/380/1046
f 1198/382/1048 1196/380/1046 1195/378/1045
f 1198/382/1048 1195/378/1045 1199/381/595
f 1200/383/1049 1198/382/1048 1199/381/595
f 1198/382/1048 1200/383/1049 1201/384/606
f 1202/384/602 1201/384/603 1203/385/1050
f 1200/383/1049 1204/385/607 1201/384/606
f 1205/133/1051 1204/385/607 1200/383/1049
f 1204/385/607 1205/133/1051 1206/134/250
f 1207/134/247 1204/385/607 1206/134/250
f 1208/132/1052 1206/134/250 1205/133/1051
f 1208/132/1052 1209/136/1053 1206/134/250
f 1208/132/1052 1210/137/253 1209/136/1053
f 1210/137/253 1208/132/1052 1211/135/248
f 1211/135/248 1212/139/1054 1210/137/253
f 1213/139/1055 1210/137/253 1212/139/1054
f 1212/139/1054 1211/135/248 1214/138/1056
f 1215/140/1057 1212/139/1054 1214/138/1056
f 1216/142/1058 1217/140/1059 1215/140/1060
f 1212/139/1054 1215/140/1057 1218/141/1061
f 1215/140/1057 1214/138/1056 1219/142/1062
f 1218/141/1061 1220/144/267 1212/139/1054
f 1220/144/267 1218/141/1061 1221/143/1063
f 1221/143/1063 1222/145/1064 1220/144/267
f 1223/143/264 1222/145/1064 1221/143/1063
f 1224/145/1065 1220/144/267 1222/145/1064
f 1225/144/1066 1220/144/267 1224/145/1065
f 1214/138/1056 1226/152/284 1219/142/1062
f 1227/138/257 1226/152/284 1214/138/1056
f 1219/142/1062 1226/152/284 1228/147/281
f 1219/142/1062 1228/147/281 1229/146/272
f 1226/152/284 1230/151/281 1228/147/281
f 1229/146/272 1228/147/281 1231/150/280
f 1229/146/272 1231/150/280 1232/148/275
f 1232/148/275 1231/150/280 1233/149/279
f 1234/149/276 1233/149/1067 1235/150/1068
f 1226/152/284 1236/154/1069 1230/151/281
f 1237/153/1070 1236/154/1069 1226/152/284
f 1238/155/289 1236/154/1069 1237/153/1070
f 1236/154/1069 1238/155/289 1239/156/291
f 1240/180/912 1241/184/1071 1242/181/1072
f 1242/181/1072 1241/184/1071 1243/181/1073
f 1241/184/1071 1244/184/343 1243/181/1073
f 1241/184/1071 1245/188/1074 1244/184/343
f 1245/188/1074 1246/188/1075 1244/184/343
f 1247/190/1076 1246/188/1075 1245/188/1074
f 1241/184/1071 1240/180/912 1248/185/912
f 1249/189/1077 1247/190/1076 1245/188/1074
f 1241/184/1071 1250/186/912 1245/188/1074
f 1241/184/1071 1248/185/912 1250/186/912
f 1245/188/1074 1250/186/912 1251/187/1078
f 1245/188/1074 1251/187/1078 1249/189/1077
f 1250/186/912 1248/185/912 1252/178/912
f 1240/180/912 1252/178/912 1248/185/912
f 1250/186/912 1253/179/1079 1251/187/1078
f 1253/179/1079 1250/186/912 1252/178/912
f 1253/179/1079 1254/187/1080 1251/187/1078
f 1249/189/1077 1251/187/1078 1254/187/1080
f 1249/189/1077 1254/187/1080 1255/189/1081
f 1254/187/1080 1253/179/1079 1256/179/1082
f 1249/189/1077 1255/189/1081 1257/191/1083
f 1258/177/1084 1256/179/1082 1253/179/1079
f 1252/178/912 1258/177/1084 1253/179/1079
f 1256/179/1082 1258/177/1084 1259/177/336
f 1258/177/1084 1252/178/912 1260/176/1085
f 1252/178/912 1240/180/912 1260/176/1085
f 1260/176/329 1261/176/331 1259/177/1086
f 1262/175/1087 1260/176/1085 1240/180/912
f 1262/175/330 1263/175/1088 1261/176/331
f 1242/181/1072 1262/175/1087 1240/180/912
f 1262/175/1087 1242/181/1072 1264/174/325
f 1242/181/1072 1265/182/1089 1264/174/325
f 1265/182/1089 1242/181/1072 1266/182/340
f 1265/182/1089 1266/182/340 1267/183/1090
f 1268/183/1091 1264/174/325 1265/182/1089
f 1267/183/1090 1268/183/1091 1265/182/1089
f 1268/183/1091 1269/174/326 1264/174/325
f 1269/174/326 1268/183/1091 1267/183/1090
f 1270/585/1092 1271/586/1093 1272/587/1094
f 1270/585/1092 1272/587/1094 1273/587/1095
f 1272/587/1094 1271/586/1093 1274/586/1096
f 1270/585/1092 1273/587/1095 1275/585/1097
f 1271/586/1093 1276/588/1098 1274/586/1096
f 1277/588/1099 1276/588/1098 1271/586/1093
f 1271/586/1093 1270/585/1092 1278/589/1100
f 1278/589/1100 1277/588/1099 1271/586/1093
f 1279/590/1101 1270/585/1092 1275/585/1097
f 1270/585/1092 1279/590/1101 1278/589/1100
f 1279/590/1101 1275/585/1097 1280/590/1102
f 1279/590/1101 1280/590/1102 1281/591/1103
f 1278/589/1100 1279/590/1101 1281/591/1103
f 1281/591/1103 1280/590/1102 1282/591/1104
f 1278/589/1100 1282/591/1105 1283/589/1106
f 1278/589/1100 1283/589/1106 1284/592/1107
f 1277/588/1099 1278/589/1100 1284/592/1107
f 1284/592/1107 1283/589/1106 1285/592/1108
f 1286/593/1109 1284/592/1107 1285/592/1108
f 1284/592/1107 1286/593/1109 1277/588/1099
f 1277/588/1099 1286/593/1109 1287/594/1110
f 1287/594/1110 1288/594/1111 1277/588/1099
f 1289/595/1112 1287/594/1110 1286/593/1109
f 1287/594/1110 1289/595/1112 1290/596/1113
f 1289/595/1112 1291/593/1114 1292/595/1115
f 1293/492/1116 1289/595/1112 1292/595/1115
f 1293/492/1116 1290/596/1113 1289/595/1112
f 1293/492/1116 1292/595/1115 1294/492/833
f 1293/492/1116 1295/490/1117 1290/596/1113
f 1293/492/1116 1294/492/833 1296/491/1118
f 1295/490/1117 1293/492/1116 1296/491/1118
f 1296/491/1118 1294/492/833 1297/491/832
f 1298/493/1119 1296/491/1118 1297/491/832
f 1296/491/1118 1298/493/1119 1295/490/1117
f 1298/493/1119 1297/491/832 1299/493/834
f 1295/490/1117 1300/490/1120 1290/596/1113
f 1290/596/1113 1300/490/1120 1301/596/1121
f 1295/490/1117 1302/494/835 1300/490/1120
f 1295/490/1117 1303/494/1122 1302/494/835
f 1295/490/1117 1298/493/1119 1303/494/1122
f 1304/496/1123 1298/493/1119 1299/493/834
f 1304/496/1123 1299/493/834 1305/496/843
f 1298/493/1119 1306/495/1124 1303/494/1122
f 1306/495/1124 1298/493/1119 1304/496/1123
f 1303/494/1122 1306/495/1124 1307/495/1125
f 1308/497/1126 1306/495/1124 1304/496/1123
f 1308/497/845 1305/496/843 1309/497/1127
f 1306/495/1124 1310/498/840 1307/495/1125
f 1308/497/1126 1311/498/1128 1306/495/1124
f 1311/498/1128 1310/498/840 1306/495/1124
f 1311/498/1128 1312/101/1129 1310/498/840
f 1311/498/1128 1308/497/1126 1313/499/1130
f 1313/499/1130 1309/497/1127 1314/499/1131
f 175/101/179 1312/101/1129 1311/498/1128
f 1313/499/1130 175/101/179 1311/498/1128
f 175/101/179 174/100/178 1312/101/1129
f 1315/99/1132 1313/499/1130 1314/499/1131
f 175/101/179 1313/499/1130 1315/99/1132
f 1315/99/1132 1314/499/1131 171/99/175
f 1315/99/1132 171/99/175 170/98/174
f 175/101/179 1315/99/1132 170/98/174
f 1316/329/1133 1317/330/1134 1318/332/1135
f 1317/330/1134 1316/329/1133 1319/331/1136
f 1319/331/1136 1316/329/1133 1320/329/1137
f 1317/330/1134 1319/331/1136 1321/331/1138
f 1317/330/1134 1321/331/1138 1322/330/1139
f 1318/332/1135 1317/330/1134 1322/330/1139
f 1318/332/1135 1322/330/1139 1323/332/533
f 1318/332/1135 1324/334/1140 1316/329/1133
f 1324/334/1140 1318/332/1135 1325/333/1141
f 1325/333/1141 1323/332/1142 1326/333/537
f 1325/333/1141 1327/336/1143 1324/334/1140
f 1327/336/1143 1325/333/1141 1328/335/1144
f 1324/334/1140 1327/336/1143 1329/336/539
f 1324/334/1140 1329/336/539 1330/334/1145
f 1327/336/1143 1331/338/1146 1329/336/539
f 1327/336/1143 1332/338/550 1331/338/1146
f 1328/335/1144 1332/338/550 1327/336/1143
f 1332/338/550 1328/335/1144 1333/337/545
f 1333/337/545 1334/335/1147 1335/337/1148
f 1333/337/545 1336/341/1149 1332/338/550
f 1336/341/1149 1333/337/545 1337/339/544
f 1336/341/1149 1337/339/544 1338/340/1150
f 1336/341/1149 1339/342/1151 1340/341/1152
f 1341/342/1153 1339/342/1151 1336/341/1149
f 1338/340/1150 1341/342/1153 1336/341/1149
f 1341/342/1153 1342/344/554 1339/342/1151
f 1343/344/556 1342/344/554 1341/342/1153
f 1338/340/1150 1344/343/1154 1341/342/1153
f 1341/342/1153 1344/343/1154 1343/344/556
f 1344/343/1154 1338/340/1150 1345/340/1155
f 1343/344/556 1344/343/1154 1346/345/1156
f 1344/343/1154 1345/340/1155 1347/343/1157
f 1346/345/1156 1344/343/1154 1347/343/1157
f 1346/345/1156 1347/343/1157 1348/345/555
f 1349/349/1158 1350/348/562 1351/347/561
f 1349/349/1158 1351/347/561 1352/346/1159
f 1353/353/1158 1354/352/562 1355/351/561
f 1353/353/1158 1355/351/561 1356/350/1159
f 1357/357/1158 1358/356/562 1359/355/561
f 1357/357/1158 1359/355/561 1360/354/1159
f 1361/361/1158 1362/360/562 1363/359/561
f 1361/361/1158 1363/359/561 1364/358/1159
f 1365/365/1158 1366/364/562 1367/363/561
f 1365/365/1158 1367/363/561 1368/362/1159
f 1369/327/682 1370/325/1040 1371/328/681
f 1371/328/681 1370/325/1040 1372/328/1160
f 1369/327/682 1371/328/681 1372/328/1160
f 1373/325/520 1372/328/1160 1370/325/1040
f 1369/327/682 1372/328/1160 1374/327/1161
f 1370/325/1040 1369/327/682 1375/326/525
f 1376/326/1162 1369/327/682 1374/327/1161
f 1369/327/682 1376/326/1162 1375/326/525
f 1377/323/516 1378/321/519 1379/324/517
f 1378/321/519 1377/323/516 1380/322/1163
f 1379/324/517 1378/321/519 1381/324/515
f 1381/324/515 1382/323/514 1377/323/516
f 1383/51/1164 1384/50/1165 1385/52/1166
f 1384/50/1165 1383/51/1164 1386/51/94
f 1383/51/1164 1387/67/1167 1386/51/94
f 1384/50/1165 1386/51/94 1388/50/1168
f 1389/67/1169 1387/67/1167 1383/51/1164
f 1384/50/1165 1388/50/1168 1390/53/1170
f 1390/53/1170 1388/50/1168 1391/53/1171
f 1390/53/1170 1391/53/1171 1392/55/1172
f 1392/55/1172 1391/53/1171 1393/55/99
f 51/29/51 1384/50/1165 1390/53/1170
f 51/29/51 1385/52/1166 1384/50/1165
f 1392/55/1172 1394/54/101 1390/53/1170
f 1390/53/1170 1394/54/101 51/29/51
f 1394/54/101 1392/55/1172 1395/56/1173
f 1394/54/101 1396/54/98 51/29/51
f 51/29/51 1396/54/98 52/29/52
f 1392/55/1172 1393/55/99 1397/58/1174
f 1397/58/1174 1393/55/99 1398/58/104
f 1392/55/1172 1399/57/1175 1395/56/1173
f 1399/57/1175 1392/55/1172 1397/58/1174
f 1397/58/1174 1398/58/104 1400/59/1176
f 1399/57/1175 1397/58/1174 1400/59/1176
f 1400/59/1176 1398/58/104 1401/59/1177
f 1395/56/1173 1399/57/1175 1402/57/1178
f 1395/56/1173 1402/57/1178 1403/56/100
f 1399/57/1175 1404/60/1179 1402/57/1178
f 1399/57/1175 1405/60/1180 1404/60/1179
f 1405/60/1180 1399/57/1175 1400/59/1176
f 1405/60/1180 1406/61/1181 1404/60/1179
f 1407/61/1182 1406/61/1181 1405/60/1180
f 1400/59/1176 1407/61/1182 1405/60/1180
f 1400/59/1176 1401/59/1177 1408/62/1183
f 1407/61/1182 1400/59/1176 1408/62/1183
f 1408/62/1183 1401/59/1177 1409/62/1184
f 1407/61/1182 1408/62/1183 1410/63/1185
f 1408/62/1183 1409/62/1184 1410/63/1185
f 1410/63/1185 1411/63/1186 1407/61/1182
f 1410/63/1185 1409/62/1184 1411/63/1186
f 1412/318/505 1413/317/1187 1414/317/867
f 1412/318/505 1414/317/867 1415/318/509
f 1413/317/1187 1416/320/869 1414/317/867
f 1414/317/867 1417/319/508 1415/318/509
f 1416/320/869 1418/319/506 1417/319/508
f 1417/319/508 1414/317/867 1419/320/510
f 1416/320/869 1417/319/508 1419/320/510
f 1079/426/694 1077/423/977 1420/427/1188
f 1421/423/1189 1420/427/1188 1077/423/977
f 1420/427/1188 1421/423/1189 1422/427/1190
f 1420/427/1188 1423/428/702 1079/426/694
f 1423/428/702 1420/427/1188 1424/429/1191
f 1425/428/1192 1079/426/694 1423/428/702
f 1079/426/694 1425/428/1192 1426/426/1193
f 1424/429/1191 1427/431/707 1423/428/702
f 1427/431/707 1424/429/1191 1428/430/700
f 1429/431/701 1427/431/1194 1430/432/1195
f 1428/430/700 1431/432/1196 1427/431/707
f 1430/432/1197 1431/432/1196 1432/435/1198
f 1432/435/1198 1431/432/1196 1433/435/1199
f 1431/432/1196 1428/430/700 1434/433/1200
f 1434/433/1200 1433/435/1199 1431/432/1196
f 1435/430/1201 1434/433/1200 1428/430/700
f 1428/430/700 1436/429/1202 1435/430/1201
f 1433/435/1199 1434/433/1200 1437/434/1203
f 1437/434/1203 657/388/610 1433/435/1199
f 1438/434/1204 1437/434/1203 1439/433/709
f 1438/434/1204 655/386/608 1437/434/1203
f 657/388/610 1437/434/1203 655/386/608
f 1119/294/474 1440/289/1205 1441/287/1206
f 1440/289/1205 1442/288/465 1441/287/1206
f 1442/288/465 1440/289/1205 1443/291/1207
f 1120/290/464 1119/294/474 1441/287/1206
f 1440/289/1205 1444/292/470 1443/291/1207
f 1445/289/1208 1444/292/470 1440/289/1205
f 1446/293/1209 1443/291/1207 1444/292/470
f 1447/292/1210 1446/293/1209 1444/292/470
f 1443/291/1207 1446/293/1209 1448/298/1211
f 1449/293/471 1446/293/1209 1447/292/1210
f 1449/293/471 1450/300/487 1446/293/1209
f 1450/300/487 1448/298/1211 1446/293/1209
f 1451/300/481 1450/300/487 1449/293/471
f 1448/298/1211 1450/300/487 1452/299/1212
f 1453/299/1213 1448/298/1211 1452/299/1212
f 1454/301/1214 1452/299/1212 1450/300/487
f 1455/302/485 1453/299/1213 1452/299/1212
f 1452/299/1212 1454/301/1214 1456/302/1215
f 1455/302/485 1452/299/1212 1456/302/1215
f 1457/304/490 1455/302/485 1456/302/1215
f 1458/303/1216 1456/302/1215 1454/301/1214
f 1456/302/1215 1458/303/1216 1459/307/1217
f 1460/597/1218 1459/307/1217 1458/303/1216
f 1459/307/1217 1460/597/1218 1461/308/1219
f 1458/303/1216 1462/305/1220 1460/597/1218
f 1463/598/1221 1461/308/1219 1460/597/1218
f 1463/598/1221 1460/597/1218 1462/305/1220
f 1461/308/1219 1463/598/1221 1464/309/496
f 1465/311/498 1463/598/1221 1462/305/1220
f 1466/599/1222 1464/309/496 1463/598/1221
f 1466/599/1222 1463/598/1221 1465/311/498
f 1464/309/496 1466/599/1222 1467/313/1223
f 1468/314/1224 1466/599/1222 1465/311/498
f 1466/599/1222 1469/315/1225 1467/313/1223
f 1470/316/1226 1466/599/1222 1468/314/1224
f 1466/599/1222 1470/316/1226 1469/315/1225
f 1471/446/1227 1472/443/1228 1473/443/1229
f 1471/446/1227 1473/443/1229 1474/446/748
f 1475/284/1230 1476/283/1231 1477/283/1232
f 1475/284/1230 1477/283/1232 1478/284/1233
f 1476/283/1231 1479/286/456 1477/283/1232
f 1477/283/1232 1480/285/457 1478/284/1233
f 1479/286/456 1481/285/1234 1480/285/1235
f 1482/286/1236 1477/283/1232 1479/286/456
f 1480/285/457 1477/283/1232 1482/286/1236
f 1383/51/1164 1385/52/1166 292/160/298
f 292/160/298 1385/52/1166 1483/52/1237
f 1385/52/1166 1484/121/1238 1483/52/1237
f 292/160/298 1483/52/1237 294/160/300
f 1485/121/1239 1484/121/1238 1385/52/1166
f 1485/121/1239 1486/124/225 1484/121/1238
f 50/28/50 1485/121/1239 1385/52/1166
f 1385/52/1166 51/29/51 50/28/50
f 1485/121/1239 50/28/50 1487/122/219
f 1487/122/219 1488/124/1240 1485/121/1239
f 1488/124/1240 1489/126/1241 1486/124/222
f 50/28/50 1490/28/111 1487/122/219
f 1488/124/1240 1487/122/219 1491/123/220
f 50/28/50 55/30/55 1490/28/111
f 1492/126/230 1493/127/1242 1489/126/229
f 1494/125/228 1492/126/230 1488/124/1240
f 1494/125/228 1488/124/1240 1491/123/220
f 1494/125/228 1491/123/220 1495/123/221
f 1494/125/228 1496/127/1243 1492/126/230
f 1496/127/1243 1494/125/228 1497/128/241
f 1497/128/241 1494/125/228 1498/125/1244
f 1497/128/241 1498/125/1244 1499/128/242
f 1497/128/241 1500/130/1245 1496/127/1243
f 1500/130/243 1499/128/242 1501/130/1246
f 1496/127/1243 1500/130/1245 1502/129/1247
f 1502/129/1247 1500/130/1245 1503/131/1248
f 1503/131/1248 1504/131/1249 1502/129/1247
f 1502/129/1247 1504/131/1249 1505/129/1250
f 1506/34/1251 1507/32/1252 221/30/223
f 221/30/223 1507/32/1252 215/27/217
f 1508/31/1253 1506/34/1251 221/30/223
f 1506/34/1251 1508/31/1253 1509/36/65
f 1508/31/1253 1510/33/59 1509/36/65
f 1511/33/63 1509/36/65 1510/33/59
f 1512/36/62 1509/36/65 1511/33/63
f 1511/33/63 1510/33/59 1513/31/58
f 1506/34/1251 1514/39/73 1507/32/1252
f 1514/39/73 1506/34/1251 1515/41/77
f 1515/41/77 1516/40/1254 1514/39/73
f 1517/34/1255 1515/41/77 1506/34/1251
f 1518/35/1256 1519/27/49 215/27/217
f 1518/35/1256 215/27/217 1520/35/68
f 1520/35/68 215/27/217 1507/32/1252
f 1520/35/68 1507/32/1252 1521/37/70
f 1521/37/70 1522/38/69 1520/35/68
f 1523/38/67 1520/35/68 1522/38/69
f 1524/37/66 1521/37/70 1525/32/1257
f 1526/585/1258 1527/586/1096 1528/589/1259
f 1527/586/1096 1526/585/1258 1529/587/1260
f 1530/587/1261 1527/586/1096 1529/587/1260
f 1526/585/1258 1528/589/1259 1531/590/1262
f 1531/590/1262 1528/589/1259 1532/591/1263
f 1533/591/1264 1532/591/1104 1534/589/1100
f 1535/588/1265 1528/589/1259 1527/586/1096
f 1528/589/1259 1535/588/1265 1536/592/1266
f 1535/588/1265 1537/593/1267 1536/592/1266
f 1538/593/1268 1536/592/1266 1537/593/1267
f 1539/595/1269 1538/593/1268 1537/593/1267
f 1540/594/1111 1537/593/1267 1535/588/1265
f 1541/588/1270 1540/594/1111 1535/588/1265
f 1540/594/1111 1542/595/1115 1537/593/1267
f 1543/596/1271 1542/595/1115 1540/594/1111
f 1544/594/1110 1543/596/1271 1540/594/1111
f 1545/596/1272 1543/596/1271 1544/594/1110
f 1542/595/1115 1543/596/1271 888/492/833
f 886/490/831 888/492/833 1543/596/1271
f 1546/366/572 1547/367/1273 1548/371/1274
f 1547/367/1273 1546/366/572 1549/368/1275
f 1546/366/572 1548/371/1274 1550/370/1276
f 1550/370/1276 1548/371/1274 1551/372/577
f 1552/371/1277 1551/372/577 1548/371/1274
f 1553/372/1278 1551/372/577 1552/371/1277
f 1554/369/1279 1548/371/1274 1547/367/1273
f 1548/371/1274 1554/369/1279 1555/373/581
f 1556/373/1280 1555/373/581 1557/374/1281
f 1557/374/1281 1555/373/581 1558/374/586
f 1554/369/1279 1558/374/586 1555/373/581
f 1559/369/578 1554/369/1279 1560/367/567
f 1559/369/578 1192/375/584 1554/369/1279
f 1192/375/584 1558/374/586 1554/369/1279
f 1192/375/584 1191/376/1042 1558/374/586
f 1561/160/300 94/52/95 93/51/94
f 1562/171/1282 1561/160/300 93/51/94
f 1562/171/1282 93/51/94 111/64/112
f 1563/159/309 1561/160/300 1562/171/1282
f 1561/160/300 1563/159/309 1564/161/1283
f 1565/170/1284 1563/159/309 1562/171/1282
f 1566/171/318 1565/170/1284 1562/171/1282
f 1567/163/308 1564/161/1283 1563/159/309
f 1563/159/309 1565/170/1284 1568/169/1285
f 1564/161/1283 1567/163/308 1569/162/303
f 1570/172/320 1568/169/1285 1565/170/1284
f 1568/169/1285 1570/172/320 1571/173/1286
f 1572/170/1287 1573/172/1288 1570/172/320
f 1574/87/322 1571/173/1286 1570/172/320
f 1571/173/1286 1574/87/322 1575/85/153
f 1576/85/1289 1571/173/1286 1575/85/153
f 1577/86/162 1575/85/153 1574/87/322
f 1578/87/151 1577/86/162 1574/87/322
f 1578/87/151 1579/86/1290 1577/86/162
f 1575/85/153 1577/86/162 1580/88/1291
f 345/91/161 1580/88/1291 1577/86/162
f 1580/88/1291 345/91/161 344/89/156
f 1581/164/1292 1569/162/303 1567/163/308
f 1582/165/1293 1583/162/1294 1569/162/303
f 1582/165/1293 1569/162/303 1584/165/311
f 1569/162/303 1581/164/1292 1584/165/311
f 1581/164/1292 1585/166/312 1584/165/311
f 1581/164/1292 1586/167/380 1585/166/312
f 1587/164/305 1586/167/380 1581/164/1292
f 1588/167/313 1586/167/380 1587/164/305
f 1585/166/312 1586/167/380 1589/168/1295
f 1590/168/314 1585/166/312 1589/168/1295
f 1589/168/1295 1586/167/380 1591/192/1296
f 1592/194/1297 1590/168/314 1589/168/1295
f 1593/193/378 1589/168/1295 1591/192/1296
f 1592/194/1297 1589/168/1295 1594/194/1298
f 1589/168/1295 1593/193/378 1594/194/1298
f 1592/194/1297 1594/194/1298 1595/193/376
f 1595/193/376 1594/194/1298 1593/193/378
f 1596/45/1299 1597/45/83 1598/42/1300
f 1596/45/1299 1599/44/1301 1597/45/83
f 1598/42/1300 1597/45/83 1600/42/1302
f 1601/44/1303 1599/44/1301 1596/45/1299
f 1598/42/1300 1601/44/1303 1596/45/1299
f 1601/44/1303 1602/47/1304 1599/44/1301
f 1603/47/86 1602/47/1304 1601/44/1303
f 1601/44/1303 1604/46/1305 1603/47/86
f 1601/44/1303 1598/42/1300 1604/46/1305
f 1604/46/1305 1605/49/1306 1606/46/1307
f 1607/49/1308 1605/49/1306 1604/46/1305
f 1604/46/1305 1608/48/1309 1607/49/1308
f 1598/42/1300 1608/48/1309 1604/46/1305
f 1608/48/1309 1598/42/1300 1609/43/80
f 1609/43/80 1600/42/82 1610/43/89
f 1609/43/80 1610/43/89 1608/48/1309
f 1608/48/1309 1610/43/89 1611/48/1310
f 1612/190/347 1247/190/1076 1613/191/1311
f 1613/191/1311 1257/191/1083 1612/190/347
f 1247/190/1076 1249/189/1077 1613/191/1311
f 1613/191/1311 1249/189/1077 1257/191/1083
f 1614/10/1312 1615/11/23 1616/13/1313
f 1615/11/23 1614/10/1312 1617/12/1314
f 1615/11/23 1618/13/21 1616/13/1313
f 1618/13/21 1615/11/23 1619/11/19
f 1620/10/1315 1616/13/1313 1618/13/21
f 1621/15/1316 1617/12/1314 1614/10/1312
f 1617/12/1314 1621/15/1316 1622/14/24
f 1623/16/1317 1621/15/1316 1624/15/26
f 1621/15/1316 1623/16/1317 1625/16/36
f 1625/16/36 1622/14/24 1621/15/1316
f 1622/14/24 1625/16/36 1626/17/1318
f 1626/17/1318 1627/14/1319 1622/14/24
f 1628/19/1320 1626/17/1318 1625/16/36
f 1626/17/1318 1628/19/1320 1629/18/1321
f 1630/20/1322 1628/19/1320 1631/19/1323
f 1628/19/1320 1630/20/1322 1632/20/1324
f 1632/20/1324 1629/18/1321 1628/19/1320
f 1629/18/1321 1632/20/1324 1633/21/1325
f 1633/21/1325 1634/18/34 1629/18/1321
f 1634/18/34 1633/21/1325 1635/21/39
f 1633/21/1325 1632/20/1324 1636/22/1326
f 1636/22/1326 1635/21/39 1633/21/1325
f 1635/21/39 1636/22/1326 1637/22/1327
f 1636/22/1326 1632/20/1324 1638/23/1328
f 1639/24/1329 1637/22/1327 1636/22/1326
f 1639/24/1329 1636/22/1326 1638/23/1328
f 1637/22/1327 1639/24/1329 1640/24/1330
f 1641/26/48 1640/24/1330 1639/24/1329
f 1640/24/1330 1641/26/48 1642/26/1331
f 1643/25/47 1641/26/48 1639/24/1329
f 1639/24/1329 1638/23/1328 1643/25/47
f 1638/23/1328 1644/25/45 1643/25/47
f 1644/25/45 1638/23/1328 1645/23/41
f 292/160/298 312/171/318 1383/51/1164
f 292/160/298 291/159/297 312/171/318
f 1646/64/1332 1383/51/1164 312/171/318
f 312/171/318 1647/171/1333 1646/64/1332
f 1646/64/1332 1647/171/1333 1648/64/1334
f 1383/51/1164 1646/64/1332 1649/65/121
f 1650/66/117 1646/64/1332 1648/64/1334
f 1650/66/117 1649/65/121 1646/64/1332
f 1650/66/117 1648/64/1334 1651/66/118
f 1649/65/121 1389/67/1169 1383/51/1164
f 1649/65/121 1650/66/117 1652/70/1335
f 1649/65/121 1652/70/1335 1653/70/1336
f 1654/68/1337 1652/70/1335 1650/66/117
f 1654/68/1337 1651/66/118 1655/68/122
f 1652/70/1335 1654/68/1337 1656/71/1338
f 1389/67/1169 1649/65/121 1657/69/1339
f 1649/65/121 1658/65/1340 1657/69/1339
f 1657/69/1339 1658/65/1340 1659/69/119
f 1657/69/1339 1/1/1 1389/67/1169
f 1657/69/1339 1659/69/119 2/2/2
f 2/2/2 1/1/1 1657/69/1339
f 1660/72/1341 1656/71/1338 1654/68/1337
f 1660/72/1341 1654/68/1337 1655/68/122
f 1660/72/1341 1661/73/128 1656/71/1338
f 1660/72/1341 1655/68/122 1662/72/125
f 1663/74/135 1661/73/128 1660/72/1341
f 1663/74/135 1660/72/1341 1662/72/125
f 1663/74/135 1662/72/125 1664/74/129
f 1663/74/135 1665/75/1342 1661/73/128
f 1666/76/1343 1665/75/1342 1663/74/135
f 1665/75/1342 1667/77/1344 1668/75/130
f 1665/75/1342 1669/77/138 1667/77/1344
f 1666/76/1343 1669/77/138 1665/75/1342
f 1670/78/1345 1669/77/138 1666/76/1343
f 1666/76/1343 1671/76/132 1670/78/1345
f 1670/78/1345 1671/76/132 1672/78/1346
f 1669/77/138 1670/78/1345 1673/79/1347
f 1669/77/138 1673/79/1347 1674/79/1348
f 1673/79/1347 1675/81/1349 1674/79/1348
f 1670/78/1345 1672/78/1346 1676/80/141
f 1673/79/1347 1670/78/1345 1676/80/141
f 1676/80/141 1672/78/1346 1677/80/142
f 1673/79/1347 1678/81/1350 1675/81/1349
f 1678/81/1350 1673/79/1347 1676/80/141
f 1678/81/1350 1676/80/141 1679/82/143
f 1679/82/143 1677/80/142 1680/82/1351
f 1678/81/1350 1679/82/143 1681/83/1352
f 1681/83/1352 1682/83/1353 1678/81/1350
f 1679/82/143 1680/82/1351 1683/84/1354
f 1681/83/1352 1679/82/143 1683/84/1354
f 1683/84/1354 1680/82/1351 1684/84/147
f 1683/84/1354 1684/84/147 1681/83/1352
