# Blender 5.1.2
# www.blender.org
mtllib Carrot.mtl
o Carrot
v -0.017785 -0.637207 0.003424
v 0.017695 -0.637207 0.003424
v 0.015525 -0.637207 0.009625
v 0.017695 -0.637207 -0.003277
v -0.015615 -0.637207 0.009625
v -0.017785 -0.637207 -0.003277
v 0.011466 -0.637207 0.014624
v -0.015615 -0.637207 -0.009476
v -0.011565 -0.637207 0.014624
v 0.015525 -0.637207 -0.009476
v -0.006155 -0.637207 0.017923
v 0.006065 -0.637207 0.017923
v -0.000044 -0.637207 0.019024
v 0.011466 -0.637207 -0.014477
v -0.011565 -0.637207 -0.014477
v -0.006155 -0.637207 -0.017776
v 0.006065 -0.637207 -0.017776
v -0.000044 -0.637207 -0.018877
v 0.054296 0.353653 -0.014076
v 0.050816 0.353784 -0.023876
v 0.041696 0.355624 -0.023577
v 0.047145 0.354504 -0.008375
v 0.054296 0.353653 -0.014076
v 0.047145 0.354504 -0.008375
v 0.055895 0.353263 -0.005476
v 0.047145 0.354504 -0.008375
v 0.030836 0.354363 0.034924
v 0.041785 0.355504 0.022524
v 0.047726 0.352874 0.009024
v 0.030655 0.355864 -0.036377
v 0.041696 0.355624 -0.023577
v -0.016884 0.357563 0.042623
v 0.015436 0.353663 0.044323
v -0.000175 0.357473 0.047625
v 0.000246 0.362793 -0.047377
v 0.015965 0.355284 -0.046476
v -0.040655 0.352814 0.025324
v -0.032305 0.356984 0.035124
v -0.046565 0.359894 0.009424
v -0.030674 0.355554 -0.036177
v -0.016984 0.355484 -0.045076
v -0.047134 0.350523 -0.008877
v -0.041554 0.361353 -0.023975
v 0.046425 0.353504 -0.031376
v 0.041696 0.355624 -0.023577
v 0.050816 0.353784 -0.023876
v 0.039216 0.353343 -0.039776
v 0.041696 0.355624 -0.023577
v 0.046425 0.353504 -0.031376
v 0.030655 0.355864 -0.036377
v 0.032685 0.351764 0.044023
v 0.015436 0.353663 0.044323
v 0.022376 0.353844 0.050224
v 0.030836 0.354363 0.034924
v -0.015705 0.355073 0.052025
v -0.004674 0.354703 0.055325
v -0.000175 0.357473 0.047625
v -0.016884 0.357563 0.042623
v 0.047726 0.352874 0.009024
v 0.055895 0.353263 -0.005476
v 0.047145 0.354504 -0.008375
v 0.056305 0.352374 0.006224
v 0.014415 0.353004 -0.055277
v 0.015965 0.355284 -0.046476
v 0.022676 0.352983 -0.052477
v 0.015965 0.355284 -0.046476
v 0.032675 0.353134 -0.045576
v 0.022676 0.352983 -0.052477
v 0.030655 0.355864 -0.036377
v 0.014276 0.354934 0.053425
v -0.000175 0.357473 0.047625
v 0.004045 0.354743 0.055624
v 0.015436 0.353663 0.044323
v -0.045444 0.352654 0.032925
v -0.040655 0.352814 0.025324
v -0.049765 0.352324 0.025423
v 0.032675 0.353134 -0.045576
v 0.030655 0.355864 -0.036377
v 0.039216 0.353343 -0.039776
v -0.000175 0.357473 0.047625
v -0.004674 0.354703 0.055325
v 0.004045 0.354743 0.055624
v -0.015705 0.355073 0.052025
v -0.016884 0.357563 0.042623
v -0.023835 0.354414 0.048923
v -0.054914 0.352573 0.006424
v -0.047134 0.350523 -0.008877
v -0.054884 0.356904 -0.005877
v -0.046565 0.359894 0.009424
v 0.056305 0.352374 0.006224
v 0.047726 0.352874 0.009024
v 0.054646 0.350754 0.014725
v -0.032305 0.356984 0.035124
v -0.040655 0.352814 0.025324
v -0.045444 0.352654 0.032925
v -0.040605 0.352524 0.038723
v -0.032305 0.356984 0.035124
v -0.023835 0.354414 0.048923
v -0.016884 0.357563 0.042623
v -0.033724 0.352973 0.044023
v -0.016984 0.355484 -0.045076
v 0.000246 0.362793 -0.047377
v -0.004385 0.353934 -0.055176
v -0.015445 0.357533 -0.053776
v -0.016984 0.355484 -0.045076
v -0.032655 0.355124 -0.045176
v -0.030674 0.355554 -0.036177
v -0.023614 0.357674 -0.050877
v 0.022376 0.353844 0.050224
v 0.015436 0.353663 0.044323
v 0.014276 0.354934 0.053425
v -0.047134 0.350523 -0.008877
v -0.049954 0.351193 -0.023777
v -0.053365 0.356014 -0.014376
v -0.041554 0.361353 -0.023975
v 0.032675 0.353134 -0.045576
v 0.070496 0.329694 -0.079475
v 0.063876 0.329984 -0.085176
v 0.039216 0.353343 -0.039776
v 0.072176 0.330173 0.077925
v 0.039345 0.350074 0.038424
v 0.032685 0.351764 0.044023
v 0.065485 0.330493 0.083424
v 0.022676 0.352983 -0.052477
v 0.063876 0.329984 -0.085176
v 0.040865 0.329654 -0.099476
v 0.032675 0.353134 -0.045576
v 0.022376 0.353844 0.050224
v 0.065485 0.330493 0.083424
v 0.032685 0.351764 0.044023
v 0.040415 0.327394 0.098423
v 0.032655 0.328194 -0.102276
v 0.014415 0.353004 -0.055277
v 0.022676 0.352983 -0.052477
v 0.040865 0.329654 -0.099476
v 0.090186 0.327414 -0.057076
v 0.039216 0.353343 -0.039776
v 0.046425 0.353504 -0.031376
v 0.070496 0.329694 -0.079475
v -0.039155 0.352344 -0.039375
v -0.030674 0.355554 -0.036177
v -0.032655 0.355124 -0.045176
v -0.071865 0.326764 0.078924
v -0.033724 0.352973 0.044023
v -0.040605 0.352524 0.038723
v -0.065414 0.326754 0.084824
v -0.040134 0.330214 -0.098976
v -0.023614 0.357674 -0.050877
v -0.015445 0.357533 -0.053776
v -0.031945 0.329264 -0.101875
v 0.039345 0.350074 0.038424
v 0.030836 0.354363 0.034924
v 0.032685 0.351764 0.044023
v 0.094396 0.326804 -0.049376
v 0.046425 0.353504 -0.031376
v 0.050816 0.353784 -0.023876
v 0.090186 0.327414 -0.057076
v 0.094215 0.324264 0.050425
v 0.050856 0.349224 0.023125
v 0.046155 0.348654 0.030523
v 0.089776 0.324964 0.057924
v 0.039345 0.350074 0.038424
v 0.089776 0.324964 0.057924
v 0.046155 0.348654 0.030523
v 0.072176 0.330173 0.077925
v -0.065414 0.326754 0.084824
v -0.023835 0.354414 0.048923
v -0.033724 0.352973 0.044023
v -0.041085 0.325573 0.100325
v 0.047726 0.352874 0.009024
v 0.041785 0.355504 0.022524
v 0.050856 0.349224 0.023125
v 0.054646 0.350754 0.014725
v 0.040415 0.327394 0.098423
v 0.022376 0.353844 0.050224
v 0.014276 0.354934 0.053425
v 0.032236 0.326874 0.101423
v -0.039155 0.352344 -0.039375
v -0.071284 0.325563 -0.079376
v -0.089974 0.325074 -0.058376
v -0.045645 0.349813 -0.031277
v -0.004155 0.326933 0.106523
v 0.004045 0.354743 0.055624
v -0.004674 0.354703 0.055325
v 0.004556 0.327114 0.106224
v -0.041085 0.325573 0.100325
v -0.015705 0.355073 0.052025
v -0.023835 0.354414 0.048923
v -0.032875 0.325543 0.103224
v -0.103915 0.325834 0.023523
v -0.053444 0.351243 0.014923
v -0.054914 0.352573 0.006424
v -0.105535 0.326094 0.014923
v -0.094375 0.325294 -0.050877
v -0.045645 0.349813 -0.031277
v -0.089974 0.325074 -0.058376
v -0.049954 0.351193 -0.023777
v 0.004556 0.327114 0.106224
v 0.032236 0.326874 0.101423
v 0.004045 0.354743 0.055624
v 0.014276 0.354934 0.053425
v -0.032875 0.325543 0.103224
v -0.004674 0.354703 0.055325
v -0.015705 0.355073 0.052025
v -0.004155 0.326933 0.106523
v 0.094215 0.324264 0.050425
v 0.054646 0.350754 0.014725
v 0.050856 0.349224 0.023125
v 0.104435 0.325583 0.022924
v -0.053444 0.351243 0.014923
v -0.093804 0.325243 0.049623
v -0.049765 0.352324 0.025423
v -0.103915 0.325834 0.023523
v -0.033724 0.352973 0.044023
v -0.032305 0.356984 0.035124
v -0.040605 0.352524 0.038723
v -0.105515 0.327554 -0.014776
v -0.054884 0.356904 -0.005877
v -0.053365 0.356014 -0.014376
v -0.104054 0.327464 -0.023376
v 0.104435 0.325583 0.022924
v 0.056305 0.352374 0.006224
v 0.054646 0.350754 0.014725
v 0.105735 0.325634 0.014324
v -0.089405 0.325374 0.057123
v -0.040605 0.352524 0.038723
v -0.045444 0.352654 0.032925
v -0.071865 0.326764 0.078924
v -0.089405 0.325374 0.057123
v -0.045444 0.352654 0.032925
v -0.049765 0.352324 0.025423
v -0.093804 0.325243 0.049623
v -0.054884 0.356904 -0.005877
v -0.105535 0.326094 0.014923
v -0.054914 0.352573 0.006424
v -0.105515 0.327554 -0.014776
v 0.056305 0.352374 0.006224
v 0.105735 0.325634 0.014324
v 0.104325 0.325134 -0.013577
v 0.055895 0.353263 -0.005476
v 0.102796 0.325284 -0.022076
v 0.050816 0.353784 -0.023876
v 0.054296 0.353653 -0.014076
v 0.094396 0.326804 -0.049376
v -0.023614 0.357674 -0.050877
v -0.040134 0.330214 -0.098976
v -0.064535 0.326164 -0.084877
v -0.032655 0.355124 -0.045176
v 0.102796 0.325284 -0.022076
v 0.055895 0.353263 -0.005476
v 0.104325 0.325134 -0.013577
v 0.054296 0.353653 -0.014076
v -0.094375 0.325294 -0.050877
v -0.104054 0.327464 -0.023376
v -0.049954 0.351193 -0.023777
v -0.053365 0.356014 -0.014376
v -0.071284 0.325563 -0.079376
v -0.032655 0.355124 -0.045176
v -0.064535 0.326164 -0.084877
v -0.039155 0.352344 -0.039375
v -0.046565 0.359894 0.009424
v -0.049765 0.352324 0.025423
v -0.040655 0.352814 0.025324
v -0.053444 0.351243 0.014923
v -0.023614 0.357674 -0.050877
v -0.016984 0.355484 -0.045076
v -0.015445 0.357533 -0.053776
v -0.017785 -0.637207 -0.003277
v -0.023525 -0.624296 -0.008877
v -0.015615 -0.637207 -0.009476
v -0.023634 -0.624306 -0.008575
v 0.024965 -0.624247 0.000223
v 0.017695 -0.637207 -0.003277
v 0.024985 -0.624296 -0.000076
v 0.017695 -0.637207 0.003424
v -0.017785 -0.637207 -0.003277
v -0.025024 -0.624106 0.000223
v -0.025084 -0.624316 -0.000076
v -0.017785 -0.637207 0.003424
v 0.015525 -0.637207 -0.009476
v 0.023396 -0.624116 -0.008877
v 0.017695 -0.637207 -0.003277
v 0.023535 -0.624326 -0.008676
v -0.015615 -0.637207 -0.009476
v -0.019135 -0.623976 -0.016577
v -0.011565 -0.637207 -0.014477
v -0.019324 -0.624296 -0.016476
v -0.019275 -0.624156 0.016624
v -0.015615 -0.637207 0.009625
v -0.019155 -0.624076 0.016724
v -0.011565 -0.637207 0.014624
v -0.023574 -0.624106 0.008823
v -0.015615 -0.637207 0.009625
v -0.023475 -0.624136 0.009125
v -0.017785 -0.637207 0.003424
v 0.023335 -0.623976 0.009125
v 0.017695 -0.637207 0.003424
v 0.023525 -0.624247 0.008823
v 0.015525 -0.637207 0.009625
v -0.004594 0.319573 -0.105976
v -0.004385 0.353934 -0.055176
v 0.004315 0.352444 -0.055576
v 0.004116 0.319414 -0.106075
v 0.014415 0.353004 -0.055277
v 0.004116 0.319414 -0.106075
v 0.004315 0.352444 -0.055576
v 0.032655 0.328194 -0.102276
v 0.015525 -0.637207 -0.009476
v 0.019015 -0.623976 -0.016577
v 0.019206 -0.624096 -0.016376
v 0.011466 -0.637207 -0.014477
v 0.030836 0.354363 0.034924
v 0.046155 0.348654 0.030523
v 0.041785 0.355504 0.022524
v 0.039345 0.350074 0.038424
v 0.011466 -0.637207 0.014624
v 0.019135 -0.624006 0.016624
v 0.019065 -0.624046 0.016724
v 0.015525 -0.637207 0.009625
v 0.012405 -0.623907 0.022524
v 0.011466 -0.637207 0.014624
v 0.012556 -0.624006 0.022425
v 0.006065 -0.637207 0.017923
v -0.012515 -0.623877 -0.022276
v -0.011565 -0.637207 -0.014477
v -0.012625 -0.623956 -0.022276
v -0.006155 -0.637207 -0.017776
v 0.012506 -0.623996 -0.022276
v 0.011466 -0.637207 -0.014477
v 0.012425 -0.623857 -0.022276
v 0.006065 -0.637207 -0.017776
v -0.006155 -0.637207 0.017923
v -0.012475 -0.623726 0.022425
v -0.011565 -0.637207 0.014624
v -0.012645 -0.624056 0.022425
v 0.006065 -0.637207 0.017923
v 0.004325 -0.623907 0.025524
v 0.004315 -0.623867 0.025524
v -0.000044 -0.637207 0.019024
v 0.004345 -0.623837 -0.025375
v 0.006065 -0.637207 -0.017776
v 0.004335 -0.623827 -0.025375
v -0.000044 -0.637207 -0.018877
v -0.004304 -0.623776 -0.025375
v -0.006155 -0.637207 -0.017776
v -0.004435 -0.623867 -0.025375
v -0.000044 -0.637207 -0.018877
v -0.004594 0.319573 -0.105976
v -0.015445 0.357533 -0.053776
v -0.004385 0.353934 -0.055176
v -0.031945 0.329264 -0.101875
v -0.000044 -0.637207 0.019024
v -0.004395 -0.623726 0.025524
v -0.006155 -0.637207 0.017923
v -0.004314 -0.623827 0.025524
v 0.015965 0.355284 -0.046476
v 0.004315 0.352444 -0.055576
v 0.000246 0.362793 -0.047377
v 0.014415 0.353004 -0.055277
v -0.017785 -0.637207 -0.003277
v -0.025084 -0.624316 -0.000076
v -0.023634 -0.624306 -0.008575
v 0.017695 -0.637207 -0.003277
v 0.023535 -0.624326 -0.008676
v 0.024985 -0.624296 -0.000076
v -0.015615 -0.637207 -0.009476
v -0.023525 -0.624296 -0.008877
v -0.019324 -0.624296 -0.016476
v 0.017695 -0.637207 0.003424
v 0.024965 -0.624247 0.000223
v 0.023525 -0.624247 0.008823
v -0.015615 -0.637207 0.009625
v -0.019275 -0.624156 0.016624
v -0.023475 -0.624136 0.009125
v -0.017785 -0.637207 0.003424
v -0.023574 -0.624106 0.008823
v -0.025024 -0.624106 0.000223
v 0.015525 -0.637207 -0.009476
v 0.019206 -0.624096 -0.016376
v 0.023396 -0.624116 -0.008877
v 0.050856 0.349224 0.023125
v 0.041785 0.355504 0.022524
v 0.046155 0.348654 0.030523
v -0.011565 -0.637207 0.014624
v -0.012645 -0.624056 0.022425
v -0.019155 -0.624076 0.016724
v 0.011466 -0.637207 0.014624
v 0.019065 -0.624046 0.016724
v 0.012556 -0.624006 0.022425
v 0.015525 -0.637207 0.009625
v 0.023335 -0.623976 0.009125
v 0.019135 -0.624006 0.016624
v -0.011565 -0.637207 -0.014477
v -0.019135 -0.623976 -0.016577
v -0.012625 -0.623956 -0.022276
v 0.011466 -0.637207 -0.014477
v 0.012506 -0.623996 -0.022276
v 0.019015 -0.623976 -0.016577
v 0.006065 -0.637207 0.017923
v 0.012405 -0.623907 0.022524
v 0.004325 -0.623907 0.025524
v -0.006155 -0.637207 -0.017776
v -0.012515 -0.623877 -0.022276
v -0.004435 -0.623867 -0.025375
v -0.004314 -0.623827 0.025524
v -0.000044 -0.637207 0.019024
v 0.004315 -0.623867 0.025524
v 0.006065 -0.637207 -0.017776
v 0.004345 -0.623837 -0.025375
v 0.012425 -0.623857 -0.022276
v -0.045645 0.349813 -0.031277
v -0.030674 0.355554 -0.036177
v -0.039155 0.352344 -0.039375
v -0.041554 0.361353 -0.023975
v 0.112576 0.315733 -0.015177
v 0.102796 0.325284 -0.022076
v 0.104325 0.325134 -0.013577
v 0.111015 0.315974 -0.023777
v -0.000044 -0.637207 -0.018877
v -0.004304 -0.623776 -0.025375
v 0.004335 -0.623827 -0.025375
v -0.006155 -0.637207 0.017923
v -0.004395 -0.623726 0.025524
v -0.012475 -0.623726 0.022425
v 0.004116 0.319414 -0.106075
v -0.004594 0.310143 -0.114475
v -0.004594 0.319573 -0.105976
v 0.004126 0.310024 -0.114475
v -0.105515 0.327554 -0.014776
v -0.112315 0.316574 -0.024477
v -0.113695 0.316914 -0.015776
v -0.104054 0.327464 -0.023376
v -0.089405 0.325374 0.057123
v -0.100874 0.314564 0.054024
v -0.096445 0.314864 0.061523
v -0.093804 0.325243 0.049623
v -0.053444 0.351243 0.014923
v -0.046565 0.359894 0.009424
v -0.054914 0.352573 0.006424
v 0.111015 0.315974 -0.023777
v 0.101436 0.314934 -0.053576
v 0.094396 0.326804 -0.049376
v 0.102796 0.325284 -0.022076
v 0.040415 0.327394 0.098423
v 0.032236 0.326874 0.101423
v 0.043025 0.316113 0.106323
v 0.034815 0.315854 0.109224
v 0.004325 0.315854 0.114424
v -0.004155 0.326933 0.106523
v -0.004395 0.315904 0.114624
v 0.004556 0.327114 0.106224
v 0.105735 0.325634 0.014324
v 0.112576 0.315733 -0.015177
v 0.104325 0.325134 -0.013577
v 0.113696 0.313233 0.015924
v -0.096445 0.314864 0.061523
v -0.071865 0.326764 0.078924
v -0.089405 0.325374 0.057123
v -0.076934 0.315363 0.085424
v -0.070095 0.314693 -0.090977
v -0.071284 0.325563 -0.079376
v -0.064535 0.326164 -0.084877
v -0.076815 0.314454 -0.085276
v -0.076934 0.315363 0.085424
v -0.065414 0.326754 0.084824
v -0.071865 0.326764 0.078924
v -0.070435 0.315494 0.091124
v 0.034815 0.315854 0.109224
v 0.004556 0.327114 0.106224
v 0.004325 0.315854 0.114424
v 0.032236 0.326874 0.101423
v -0.101405 0.313963 -0.054976
v -0.112315 0.316574 -0.024477
v -0.104054 0.327464 -0.023376
v -0.094375 0.325294 -0.050877
v -0.097014 0.313704 -0.062475
v -0.101405 0.313963 -0.054976
v -0.089974 0.325074 -0.058376
v -0.094375 0.325294 -0.050877
v -0.113695 0.316914 -0.015776
v -0.113484 0.314224 0.016224
v -0.105535 0.326094 0.014923
v -0.105515 0.327554 -0.014776
v -0.076815 0.314454 -0.085276
v -0.097014 0.313704 -0.062475
v -0.089974 0.325074 -0.058376
v -0.071284 0.325563 -0.079376
v 0.065485 0.330493 0.083424
v 0.077136 0.318503 0.084225
v 0.072176 0.330173 0.077925
v 0.070466 0.318923 0.089724
v 0.070466 0.318923 0.089724
v 0.040415 0.327394 0.098423
v 0.043025 0.316113 0.106323
v 0.065485 0.330493 0.083424
v -0.004594 0.310143 -0.114475
v -0.031945 0.329264 -0.101875
v -0.004594 0.319573 -0.105976
v -0.034745 0.317004 -0.109377
v -0.103915 0.325834 0.023523
v -0.100874 0.314564 0.054024
v -0.093804 0.325243 0.049623
v -0.111925 0.313874 0.024723
v 0.101436 0.314934 -0.053576
v 0.090186 0.327414 -0.057076
v 0.094396 0.326804 -0.049376
v 0.097206 0.315594 -0.061176
v 0.063876 0.329984 -0.085176
v 0.070496 0.329694 -0.079475
v 0.069205 0.318004 -0.091177
v 0.075816 0.317934 -0.085476
v 0.032655 0.328194 -0.102276
v 0.004126 0.310024 -0.114475
v 0.004116 0.319414 -0.106075
v 0.034925 0.315294 -0.109776
v -0.105535 0.326094 0.014923
v -0.111925 0.313874 0.024723
v -0.103915 0.325834 0.023523
v -0.113484 0.314224 0.016224
v 0.075816 0.317934 -0.085476
v 0.090186 0.327414 -0.057076
v 0.097206 0.315594 -0.061176
v 0.070496 0.329694 -0.079475
v -0.042864 0.317994 -0.106476
v -0.064535 0.326164 -0.084877
v -0.040134 0.330214 -0.098976
v -0.070095 0.314693 -0.090977
v -0.034745 0.317004 -0.109377
v -0.040134 0.330214 -0.098976
v -0.031945 0.329264 -0.101875
v -0.042864 0.317994 -0.106476
v -0.070435 0.315494 0.091124
v -0.041085 0.325573 0.100325
v -0.065414 0.326754 0.084824
v -0.043875 0.312873 0.107824
v -0.004395 0.315904 0.114624
v -0.032875 0.325543 0.103224
v -0.035735 0.312603 0.110825
v -0.004155 0.326933 0.106523
v 0.094215 0.324264 0.050425
v 0.096965 0.312583 0.061724
v 0.101326 0.312414 0.054024
v 0.089776 0.324964 0.057924
v 0.113696 0.313233 0.015924
v 0.104435 0.325583 0.022924
v 0.112316 0.313424 0.024424
v 0.105735 0.325634 0.014324
v 0.089776 0.324964 0.057924
v 0.072176 0.330173 0.077925
v 0.077136 0.318503 0.084225
v 0.096965 0.312583 0.061724
v 0.101326 0.312414 0.054024
v 0.104435 0.325583 0.022924
v 0.094215 0.324264 0.050425
v 0.112316 0.313424 0.024424
v -0.004385 0.353934 -0.055176
v 0.000246 0.362793 -0.047377
v 0.004315 0.352444 -0.055576
v -0.041085 0.325573 0.100325
v -0.043875 0.312873 0.107824
v -0.035735 0.312603 0.110825
v -0.032875 0.325543 0.103224
v 0.069205 0.318004 -0.091177
v 0.043146 0.316214 -0.106976
v 0.040865 0.329654 -0.099476
v 0.063876 0.329984 -0.085176
v 0.032655 0.328194 -0.102276
v 0.043146 0.316214 -0.106976
v 0.034925 0.315294 -0.109776
v 0.040865 0.329654 -0.099476
v 0.120046 0.301484 -0.017077
v 0.111015 0.315974 -0.023777
v 0.112576 0.315733 -0.015177
v 0.118745 0.301353 -0.025677
v 0.004146 0.301044 -0.119076
v -0.004594 0.310143 -0.114475
v 0.004126 0.310024 -0.114475
v -0.004545 0.300434 -0.119476
v 0.101436 0.314934 -0.053576
v 0.118745 0.301353 -0.025677
v 0.106815 0.300633 -0.056776
v 0.111015 0.315974 -0.023777
v -0.049954 0.351193 -0.023777
v -0.041554 0.361353 -0.023975
v -0.045645 0.349813 -0.031277
v -0.054884 0.356904 -0.005877
v -0.047134 0.350523 -0.008877
v -0.053365 0.356014 -0.014376
v 0.118835 0.300613 0.017124
v 0.112576 0.315733 -0.015177
v 0.113696 0.313233 0.015924
v 0.120046 0.301484 -0.017077
v -0.113695 0.316914 -0.015776
v -0.116105 0.308363 -0.024576
v -0.117664 0.307983 -0.016077
v -0.112315 0.316574 -0.024477
v -0.096445 0.314864 0.061523
v -0.105565 0.301864 0.057323
v -0.101315 0.301914 0.064924
v -0.100874 0.314564 0.054024
v 0.004126 0.310024 -0.114475
v 0.035465 0.306653 -0.113176
v 0.004146 0.301044 -0.119076
v 0.034925 0.315294 -0.109776
v -0.101315 0.301914 0.064924
v -0.076934 0.315363 0.085424
v -0.096445 0.314864 0.061523
v -0.079714 0.305223 0.088823
v -0.004545 0.300434 -0.119476
v -0.034745 0.317004 -0.109377
v -0.004594 0.310143 -0.114475
v -0.037125 0.301064 -0.115477
v 0.034815 0.315854 0.109224
v 0.044365 0.303473 0.111423
v 0.043025 0.316113 0.106323
v 0.036235 0.303133 0.114624
v 0.034815 0.315854 0.109224
v 0.004325 0.315854 0.114424
v 0.036235 0.303133 0.114624
v 0.003856 0.303014 0.120125
v -0.004845 0.302854 0.120024
v 0.003856 0.303014 0.120125
v -0.004395 0.315904 0.114624
v 0.004325 0.315854 0.114424
v -0.112315 0.316574 -0.024477
v -0.104774 0.304754 -0.056875
v -0.116105 0.308363 -0.024576
v -0.101405 0.313963 -0.054976
v -0.113484 0.314224 0.016224
v -0.117664 0.307983 -0.016077
v -0.117535 0.304074 0.016825
v -0.113695 0.316914 -0.015776
v -0.079714 0.305223 0.088823
v -0.070435 0.315494 0.091124
v -0.076934 0.315363 0.085424
v -0.072945 0.305344 0.094223
v -0.100425 0.304254 -0.064377
v -0.101405 0.313963 -0.054976
v -0.097014 0.313704 -0.062475
v -0.104774 0.304754 -0.056875
v -0.073454 0.303884 -0.093876
v -0.076815 0.314454 -0.085276
v -0.070095 0.314693 -0.090977
v -0.080074 0.304093 -0.088177
v -0.100874 0.314564 0.054024
v -0.116125 0.303334 0.025423
v -0.105565 0.301864 0.057323
v -0.111925 0.313874 0.024723
v 0.102225 0.300564 -0.064177
v 0.101436 0.314934 -0.053576
v 0.106815 0.300633 -0.056776
v 0.097206 0.315594 -0.061176
v -0.097014 0.313704 -0.062475
v -0.080074 0.304093 -0.088177
v -0.100425 0.304254 -0.064377
v -0.076815 0.314454 -0.085276
v -0.111925 0.313874 0.024723
v -0.113484 0.314224 0.016224
v -0.116125 0.303334 0.025423
v -0.117535 0.304074 0.016825
v -0.037125 0.301064 -0.115477
v -0.042864 0.317994 -0.106476
v -0.034745 0.317004 -0.109377
v -0.045255 0.301084 -0.112476
v -0.004395 0.315904 0.114624
v -0.035735 0.312603 0.110825
v -0.004845 0.302854 0.120024
v -0.036934 0.304904 0.113523
v 0.043025 0.316113 0.106323
v 0.073616 0.304853 0.094025
v 0.070466 0.318923 0.089724
v 0.044365 0.303473 0.111423
v 0.116896 0.300603 0.025623
v 0.118835 0.300613 0.017124
v 0.112316 0.313424 0.024424
v 0.113696 0.313233 0.015924
v -0.036934 0.304904 0.113523
v -0.043875 0.312873 0.107824
v -0.045074 0.305024 0.110424
v -0.035735 0.312603 0.110825
v -0.045255 0.301084 -0.112476
v -0.070095 0.314693 -0.090977
v -0.042864 0.317994 -0.106476
v -0.073454 0.303884 -0.093876
v -0.072945 0.305344 0.094223
v -0.045074 0.305024 0.110424
v -0.070435 0.315494 0.091124
v -0.043875 0.312873 0.107824
v 0.075816 0.317934 -0.085476
v 0.097206 0.315594 -0.061176
v 0.079795 0.303383 -0.089176
v 0.102225 0.300564 -0.064177
v 0.077136 0.318503 0.084225
v 0.070466 0.318923 0.089724
v 0.080036 0.305114 0.088123
v 0.073616 0.304853 0.094025
v 0.034925 0.315294 -0.109776
v 0.043695 0.306943 -0.110077
v 0.035465 0.306653 -0.113176
v 0.043146 0.316214 -0.106976
v 0.075816 0.317934 -0.085476
v 0.072765 0.304314 -0.094477
v 0.069205 0.318004 -0.091177
v 0.079795 0.303383 -0.089176
v 0.104196 0.304113 0.055124
v 0.112316 0.313424 0.024424
v 0.101326 0.312414 0.054024
v 0.116896 0.300603 0.025623
v 0.099616 0.304934 0.062624
v 0.101326 0.312414 0.054024
v 0.096965 0.312583 0.061724
v 0.104196 0.304113 0.055124
v 0.096965 0.312583 0.061724
v 0.080036 0.305114 0.088123
v 0.099616 0.304934 0.062624
v 0.077136 0.318503 0.084225
v 0.043146 0.316214 -0.106976
v 0.072765 0.304314 -0.094477
v 0.043695 0.306943 -0.110077
v 0.069205 0.318004 -0.091177
v -0.078404 -0.388577 -0.009075
v -0.023634 -0.624306 -0.008575
v -0.025084 -0.624316 -0.000076
v -0.077215 -0.388796 -0.017576
v 0.023535 -0.624326 -0.008676
v 0.077025 -0.387156 -0.018375
v 0.078455 -0.388287 -0.009876
v 0.024985 -0.624296 -0.000076
v -0.023525 -0.624296 -0.008877
v -0.066935 -0.385137 -0.043076
v -0.019324 -0.624296 -0.016476
v -0.071455 -0.385736 -0.035776
v -0.023525 -0.624296 -0.008877
v -0.077215 -0.388796 -0.017576
v -0.071455 -0.385736 -0.035776
v -0.023634 -0.624306 -0.008575
v 0.077275 -0.391966 0.009323
v 0.023525 -0.624247 0.008823
v 0.024965 -0.624247 0.000223
v 0.075466 -0.391356 0.017723
v 0.077275 -0.391966 0.009323
v 0.024985 -0.624296 -0.000076
v 0.078455 -0.388287 -0.009876
v 0.024965 -0.624247 0.000223
v -0.019275 -0.624156 0.016624
v -0.064415 -0.391976 0.042423
v -0.068715 -0.391787 0.034924
v -0.023475 -0.624136 0.009125
v -0.078404 -0.388577 -0.009075
v -0.025024 -0.624106 0.000223
v -0.077905 -0.384676 0.009224
v -0.025084 -0.624316 -0.000076
v 0.077025 -0.387156 -0.018375
v 0.023396 -0.624116 -0.008877
v 0.070216 -0.386567 -0.034277
v 0.023535 -0.624326 -0.008676
v -0.023574 -0.624106 0.008823
v -0.076005 -0.385437 0.017723
v -0.077905 -0.384676 0.009224
v -0.025024 -0.624106 0.000223
v 0.023396 -0.624116 -0.008877
v 0.065526 -0.386726 -0.041576
v 0.070216 -0.386567 -0.034277
v 0.019206 -0.624096 -0.016376
v -0.054214 -0.386897 0.056124
v -0.019275 -0.624156 0.016624
v -0.019155 -0.624076 0.016724
v -0.064415 -0.391976 0.042423
v -0.047504 -0.385656 0.061424
v -0.019155 -0.624076 0.016724
v -0.012645 -0.624056 0.022425
v -0.054214 -0.386897 0.056124
v -0.076005 -0.385437 0.017723
v -0.023475 -0.624136 0.009125
v -0.068715 -0.391787 0.034924
v -0.023574 -0.624106 0.008823
v -0.053915 -0.385406 -0.055777
v -0.019135 -0.623976 -0.016577
v -0.019324 -0.624296 -0.016476
v -0.066935 -0.385137 -0.043076
v 0.118745 0.301353 -0.025677
v 0.123096 0.277483 -0.017777
v 0.121706 0.277624 -0.026176
v 0.120046 0.301484 -0.017077
v 0.019065 -0.624046 0.016724
v 0.053785 -0.388216 0.055223
v 0.047165 -0.388597 0.060724
v 0.012556 -0.624006 0.022425
v 0.023335 -0.623976 0.009125
v 0.075466 -0.391356 0.017723
v 0.068806 -0.385167 0.035423
v 0.023525 -0.624247 0.008823
v 0.068806 -0.385167 0.035423
v 0.019135 -0.624006 0.016624
v 0.023335 -0.623976 0.009125
v 0.064375 -0.384656 0.042923
v 0.019206 -0.624096 -0.016376
v 0.052825 -0.387577 -0.055876
v 0.065526 -0.386726 -0.041576
v 0.019015 -0.623976 -0.016577
v -0.019135 -0.623976 -0.016577
v -0.053915 -0.385406 -0.055777
v -0.046915 -0.385686 -0.060976
v -0.012625 -0.623956 -0.022276
v 0.019015 -0.623976 -0.016577
v 0.046105 -0.387187 -0.061275
v 0.052825 -0.387577 -0.055876
v 0.012506 -0.623996 -0.022276
v 0.064375 -0.384656 0.042923
v 0.019065 -0.624046 0.016724
v 0.019135 -0.624006 0.016624
v 0.053785 -0.388216 0.055223
v -0.117664 0.307983 -0.016077
v -0.119385 0.282964 -0.024576
v -0.120794 0.282763 -0.016077
v -0.116105 0.308363 -0.024576
v 0.012405 -0.623907 0.022524
v 0.030526 -0.385827 0.070623
v 0.022416 -0.385127 0.073624
v 0.004325 -0.623907 0.025524
v 0.012556 -0.624006 0.022425
v 0.047165 -0.388597 0.060724
v 0.030526 -0.385827 0.070623
v 0.012405 -0.623907 0.022524
v -0.012515 -0.623877 -0.022276
v -0.030974 -0.386127 -0.069876
v -0.022854 -0.385626 -0.072777
v -0.004435 -0.623867 -0.025375
v -0.030974 -0.386127 -0.069876
v -0.012625 -0.623956 -0.022276
v -0.046915 -0.385686 -0.060976
v -0.012515 -0.623877 -0.022276
v 0.012506 -0.623996 -0.022276
v 0.031035 -0.384876 -0.069876
v 0.046105 -0.387187 -0.061275
v 0.012425 -0.623857 -0.022276
v 0.022935 -0.383896 -0.072975
v 0.012425 -0.623857 -0.022276
v 0.004345 -0.623837 -0.025375
v 0.031035 -0.384876 -0.069876
v -0.003345 -0.385226 0.076223
v 0.004315 -0.623867 0.025524
v 0.005285 -0.385006 0.076424
v -0.004314 -0.623827 0.025524
v 0.022416 -0.385127 0.073624
v 0.004315 -0.623867 0.025524
v 0.004325 -0.623907 0.025524
v 0.005285 -0.385006 0.076424
v -0.003065 -0.382836 -0.076376
v 0.004335 -0.623827 -0.025375
v -0.004304 -0.623776 -0.025375
v 0.005586 -0.382506 -0.076376
v -0.108065 0.276514 0.058825
v -0.101315 0.301914 0.064924
v -0.105565 0.301864 0.057323
v -0.103775 0.276964 0.066324
v -0.003065 -0.382836 -0.076376
v -0.004435 -0.623867 -0.025375
v -0.022854 -0.385626 -0.072777
v -0.004304 -0.623776 -0.025375
v 0.005586 -0.382506 -0.076376
v 0.004345 -0.623837 -0.025375
v 0.004335 -0.623827 -0.025375
v 0.022935 -0.383896 -0.072975
v -0.012645 -0.624056 0.022425
v -0.030115 -0.385936 0.069325
v -0.047504 -0.385656 0.061424
v -0.012475 -0.623726 0.022425
v -0.004545 0.300434 -0.119476
v 0.004136 0.278074 -0.121777
v -0.004465 0.277554 -0.122076
v 0.004146 0.301044 -0.119076
v -0.021864 -0.385876 0.072023
v -0.012475 -0.623726 0.022425
v -0.004395 -0.623726 0.025524
v -0.030115 -0.385936 0.069325
v 0.106815 0.300633 -0.056776
v 0.118745 0.301353 -0.025677
v 0.121706 0.277624 -0.026176
v 0.109335 0.274164 -0.057877
v 0.121635 0.273514 0.017525
v 0.120046 0.301484 -0.017077
v 0.118835 0.300613 0.017124
v 0.123096 0.277483 -0.017777
v -0.117535 0.304074 0.016825
v -0.117664 0.307983 -0.016077
v -0.120794 0.282763 -0.016077
v -0.120534 0.277044 0.017223
v -0.116125 0.303334 0.025423
v -0.120534 0.277044 0.017223
v -0.119144 0.276304 0.025724
v -0.117535 0.304074 0.016825
v -0.100425 0.304254 -0.064377
v -0.107464 0.278264 -0.057976
v -0.104774 0.304754 -0.056875
v -0.103185 0.277793 -0.065475
v -0.104774 0.304754 -0.056875
v -0.119385 0.282964 -0.024576
v -0.116105 0.308363 -0.024576
v -0.107464 0.278264 -0.057976
v -0.003345 -0.385226 0.076223
v -0.004395 -0.623726 0.025524
v -0.004314 -0.623827 0.025524
v -0.021864 -0.385876 0.072023
v -0.105565 0.301864 0.057323
v -0.116125 0.303334 0.025423
v -0.119144 0.276304 0.025724
v -0.108065 0.276514 0.058825
v 0.102225 0.300564 -0.064177
v 0.109335 0.274164 -0.057877
v 0.104805 0.274114 -0.065176
v 0.106815 0.300633 -0.056776
v -0.075984 0.278264 -0.095276
v -0.080074 0.304093 -0.088177
v -0.073454 0.303884 -0.093876
v -0.082475 0.278503 -0.089577
v 0.116896 0.300603 0.025623
v 0.121635 0.273514 0.017525
v 0.118835 0.300613 0.017124
v 0.119706 0.273553 0.025925
v 0.099616 0.304934 0.062624
v 0.107205 0.276984 0.055723
v 0.104196 0.304113 0.055124
v 0.102816 0.277584 0.063225
v -0.080074 0.304093 -0.088177
v -0.103185 0.277793 -0.065475
v -0.100425 0.304254 -0.064377
v -0.082475 0.278503 -0.089577
v -0.103775 0.276964 0.066324
v -0.079714 0.305223 0.088823
v -0.101315 0.301914 0.064924
v -0.081584 0.279223 0.090525
v 0.044365 0.303473 0.111423
v 0.037005 0.278074 0.116823
v 0.045065 0.278024 0.113825
v 0.036235 0.303133 0.114624
v 0.104196 0.304113 0.055124
v 0.119706 0.273553 0.025925
v 0.116896 0.300603 0.025623
v 0.107205 0.276984 0.055723
v -0.079714 0.305223 0.088823
v -0.074834 0.279484 0.096024
v -0.072945 0.305344 0.094223
v -0.081584 0.279223 0.090525
v 0.079795 0.303383 -0.089176
v 0.075376 0.277284 -0.095877
v 0.072765 0.304314 -0.094477
v 0.082185 0.276574 -0.090477
v 0.104805 0.274114 -0.065176
v 0.079795 0.303383 -0.089176
v 0.102225 0.300564 -0.064177
v 0.082185 0.276574 -0.090477
v -0.004845 0.302854 0.120024
v 0.003595 0.277704 0.122524
v 0.003856 0.303014 0.120125
v -0.004994 0.277763 0.122324
v -0.037125 0.301064 -0.115477
v -0.004545 0.300434 -0.119476
v -0.004465 0.277554 -0.122076
v -0.038344 0.274714 -0.117376
v 0.075325 0.278173 0.095724
v 0.080036 0.305114 0.088123
v 0.073616 0.304853 0.094025
v 0.081746 0.278034 0.090023
v 0.080036 0.305114 0.088123
v 0.102816 0.277584 0.063225
v 0.099616 0.304934 0.062624
v 0.081746 0.278034 0.090023
v -0.045255 0.301084 -0.112476
v -0.038344 0.274714 -0.117376
v -0.046335 0.274714 -0.114475
v -0.037125 0.301064 -0.115477
v 0.036235 0.303133 0.114624
v 0.003856 0.303014 0.120125
v 0.003595 0.277704 0.122524
v 0.037005 0.278074 0.116823
v 0.035465 0.306653 -0.113176
v 0.004136 0.278074 -0.121777
v 0.004146 0.301044 -0.119076
v 0.036146 0.279124 -0.115175
v -0.046335 0.274714 -0.114475
v -0.073454 0.303884 -0.093876
v -0.045255 0.301084 -0.112476
v -0.075984 0.278264 -0.095276
v 0.073616 0.304853 0.094025
v 0.044365 0.303473 0.111423
v 0.045065 0.278024 0.113825
v 0.075325 0.278173 0.095724
v -0.072945 0.305344 0.094223
v -0.046054 0.278224 0.112425
v -0.045074 0.305024 0.110424
v -0.074834 0.279484 0.096024
v -0.045074 0.305024 0.110424
v -0.038004 0.277984 0.115524
v -0.036934 0.304904 0.113523
v -0.046054 0.278224 0.112425
v -0.036934 0.304904 0.113523
v -0.004994 0.277763 0.122324
v -0.004845 0.302854 0.120024
v -0.038004 0.277984 0.115524
v 0.072765 0.304314 -0.094477
v 0.044355 0.278873 -0.112177
v 0.043695 0.306943 -0.110077
v 0.075376 0.277284 -0.095877
v 0.043695 0.306943 -0.110077
v 0.036146 0.279124 -0.115175
v 0.035465 0.306653 -0.113176
v 0.044355 0.278873 -0.112177
v -0.082495 -0.358936 -0.009775
v -0.077215 -0.388796 -0.017576
v -0.078404 -0.388577 -0.009075
v -0.081305 -0.359177 -0.018276
v -0.066935 -0.385137 -0.043076
v -0.075025 -0.355796 -0.037975
v -0.070575 -0.355227 -0.045176
v -0.071455 -0.385736 -0.035776
v -0.072394 -0.362156 0.037024
v -0.064415 -0.391976 0.042423
v -0.068095 -0.362356 0.044523
v -0.068715 -0.391787 0.034924
v 0.082585 -0.358316 -0.010576
v 0.077025 -0.387156 -0.018375
v 0.081135 -0.357357 -0.018976
v 0.078455 -0.388287 -0.009876
v 0.081376 -0.362356 0.010124
v 0.075466 -0.391356 0.017723
v 0.077275 -0.391966 0.009323
v 0.079566 -0.361716 0.018623
v -0.030115 -0.385936 0.069325
v -0.023355 -0.356216 0.076124
v -0.031585 -0.356317 0.073423
v -0.021864 -0.385876 0.072023
v -0.049675 -0.355886 -0.064276
v -0.053915 -0.385406 -0.055777
v -0.056614 -0.355736 -0.059076
v -0.046915 -0.385686 -0.060976
v 0.073915 -0.356876 -0.036377
v 0.065526 -0.386726 -0.041576
v 0.069285 -0.356866 -0.043676
v 0.070216 -0.386567 -0.034277
v 0.049806 -0.358876 0.064024
v 0.053785 -0.388216 0.055223
v 0.056406 -0.358536 0.058523
v 0.047165 -0.388597 0.060724
v -0.081305 -0.359177 -0.018276
v -0.075025 -0.355796 -0.037975
v -0.071455 -0.385736 -0.035776
v -0.077215 -0.388796 -0.017576
v 0.064375 -0.384656 0.042923
v 0.072455 -0.355056 0.037624
v 0.068046 -0.354626 0.045023
v 0.068806 -0.385167 0.035423
v 0.023826 -0.355297 0.077623
v 0.030526 -0.385827 0.070623
v 0.031906 -0.355856 0.074623
v 0.022416 -0.385127 0.073624
v 0.081376 -0.362356 0.010124
v 0.078455 -0.388287 -0.009876
v 0.082585 -0.358316 -0.010576
v 0.077275 -0.391966 0.009323
v 0.081135 -0.357357 -0.018976
v 0.070216 -0.386567 -0.034277
v 0.073915 -0.356876 -0.036377
v 0.077025 -0.387156 -0.018375
v -0.081964 -0.354666 0.010023
v -0.076005 -0.385437 0.017723
v -0.080134 -0.355166 0.018423
v -0.077905 -0.384676 0.009224
v 0.031035 -0.384876 -0.069876
v 0.024345 -0.354046 -0.076977
v 0.032425 -0.354877 -0.073976
v 0.022935 -0.383896 -0.072975
v 0.052825 -0.387577 -0.055876
v 0.048736 -0.357357 -0.064575
v 0.055426 -0.357727 -0.059175
v 0.046105 -0.387187 -0.061275
v 0.031906 -0.355856 0.074623
v 0.047165 -0.388597 0.060724
v 0.049806 -0.358876 0.064024
v 0.030526 -0.385827 0.070623
v -0.056614 -0.355736 -0.059076
v -0.066935 -0.385137 -0.043076
v -0.070575 -0.355227 -0.045176
v -0.053915 -0.385406 -0.055777
v -0.082495 -0.358936 -0.009775
v -0.077905 -0.384676 0.009224
v -0.081964 -0.354666 0.010023
v -0.078404 -0.388577 -0.009075
v -0.054214 -0.386897 0.056124
v -0.050264 -0.355476 0.064524
v -0.056885 -0.356627 0.059223
v -0.047504 -0.385656 0.061424
v -0.024405 -0.355716 -0.076675
v -0.030974 -0.386127 -0.069876
v -0.032505 -0.356216 -0.073776
v -0.022854 -0.385626 -0.072777
v 0.005455 -0.352447 -0.080576
v -0.003065 -0.382836 -0.076376
v -0.003145 -0.352817 -0.080677
v 0.005586 -0.382506 -0.076376
v 0.053785 -0.388216 0.055223
v 0.068046 -0.354626 0.045023
v 0.056406 -0.358536 0.058523
v 0.064375 -0.384656 0.042923
v 0.079566 -0.361716 0.018623
v 0.072455 -0.355056 0.037624
v 0.068806 -0.385167 0.035423
v 0.075466 -0.391356 0.017723
v 0.069285 -0.356866 -0.043676
v 0.052825 -0.387577 -0.055876
v 0.055426 -0.357727 -0.059175
v 0.065526 -0.386726 -0.041576
v -0.032505 -0.356216 -0.073776
v -0.046915 -0.385686 -0.060976
v -0.049675 -0.355886 -0.064276
v -0.030974 -0.386127 -0.069876
v -0.080134 -0.355166 0.018423
v -0.068715 -0.391787 0.034924
v -0.072394 -0.362156 0.037024
v -0.076005 -0.385437 0.017723
v -0.068095 -0.362356 0.044523
v -0.054214 -0.386897 0.056124
v -0.056885 -0.356627 0.059223
v -0.064415 -0.391976 0.042423
v -0.003325 -0.355146 0.080423
v 0.005285 -0.385006 0.076424
v 0.005246 -0.355026 0.080624
v -0.003345 -0.385226 0.076223
v 0.005246 -0.355026 0.080624
v 0.022416 -0.385127 0.073624
v 0.023826 -0.355297 0.077623
v 0.005285 -0.385006 0.076424
v 0.046105 -0.387187 -0.061275
v 0.032425 -0.354877 -0.073976
v 0.048736 -0.357357 -0.064575
v 0.031035 -0.384876 -0.069876
v -0.021864 -0.385876 0.072023
v -0.003325 -0.355146 0.080423
v -0.023355 -0.356216 0.076124
v -0.003345 -0.385226 0.076223
v 0.022935 -0.383896 -0.072975
v 0.005455 -0.352447 -0.080576
v 0.024345 -0.354046 -0.076977
v 0.005586 -0.382506 -0.076376
v -0.003145 -0.352817 -0.080677
v -0.022854 -0.385626 -0.072777
v -0.024405 -0.355716 -0.076675
v -0.003065 -0.382836 -0.076376
v -0.031585 -0.356317 0.073423
v -0.050264 -0.355476 0.064524
v -0.047504 -0.385656 0.061424
v -0.030115 -0.385936 0.069325
v -0.029125 -0.160946 0.094025
v -0.031585 -0.356317 0.073423
v -0.023355 -0.356216 0.076124
v -0.037075 -0.159276 0.091225
v -0.056614 -0.355736 -0.059076
v -0.065674 -0.163046 -0.072475
v -0.059084 -0.161397 -0.077877
v -0.049675 -0.355886 -0.064276
v -0.113484 0.130744 0.024424
v -0.119144 0.276304 0.025724
v -0.120534 0.277044 0.017223
v -0.115125 0.130784 0.016024
v -0.004344 -0.165856 0.096125
v -0.023355 -0.356216 0.076124
v -0.003325 -0.355146 0.080423
v -0.029125 -0.160946 0.094025
v 0.031906 -0.355856 0.074623
v 0.036315 -0.162566 0.090624
v 0.028175 -0.163446 0.093224
v 0.023826 -0.355297 0.077623
v 0.036315 -0.162566 0.090624
v 0.049806 -0.358876 0.064024
v 0.058065 -0.160427 0.078323
v 0.031906 -0.355856 0.074623
v -0.003145 -0.352817 -0.080677
v -0.005424 -0.159926 -0.096676
v 0.003185 -0.161736 -0.096777
v 0.005455 -0.352447 -0.080576
v 0.028416 -0.165406 -0.092276
v 0.032425 -0.354877 -0.073976
v 0.024345 -0.354046 -0.076977
v 0.036496 -0.164957 -0.089376
v 0.056406 -0.358536 0.058523
v 0.064695 -0.159727 0.072824
v 0.058065 -0.160427 0.078323
v 0.049806 -0.358876 0.064024
v -0.120534 0.277044 0.017223
v -0.114184 0.126863 -0.014477
v -0.115125 0.130784 0.016024
v -0.120794 0.282763 -0.016077
v -0.050264 -0.355476 0.064524
v -0.037075 -0.159276 0.091225
v -0.059335 -0.155026 0.076023
v -0.031585 -0.356317 0.073423
v -0.038744 -0.154296 -0.088877
v -0.049675 -0.355886 -0.064276
v -0.059084 -0.161397 -0.077877
v -0.032505 -0.356216 -0.073776
v 0.028416 -0.165406 -0.092276
v 0.005455 -0.352447 -0.080576
v 0.003185 -0.161736 -0.096777
v 0.024345 -0.354046 -0.076977
v 0.069285 -0.356866 -0.043676
v 0.082796 -0.160417 -0.051176
v 0.087075 -0.160737 -0.043776
v 0.073915 -0.356876 -0.036377
v 0.085755 -0.157646 0.045624
v 0.068046 -0.354626 0.045023
v 0.072455 -0.355056 0.037624
v 0.081465 -0.157446 0.053123
v -0.120794 0.282763 -0.016077
v -0.112555 0.125564 -0.022976
v -0.114184 0.126863 -0.014477
v -0.119385 0.282964 -0.024576
v 0.121635 0.273514 0.017525
v 0.113656 0.128754 0.022123
v 0.114985 0.128404 0.013624
v 0.119706 0.273553 0.025925
v 0.107205 0.276984 0.055723
v 0.099006 0.131413 0.058224
v 0.103506 0.132364 0.050924
v 0.102816 0.277584 0.063225
v 0.004335 -0.166166 0.096024
v -0.003325 -0.355146 0.080423
v 0.005246 -0.355026 0.080624
v -0.004344 -0.165856 0.096125
v 0.004335 -0.166166 0.096024
v 0.023826 -0.355297 0.077623
v 0.028175 -0.163446 0.093224
v 0.005246 -0.355026 0.080624
v 0.119706 0.273553 0.025925
v 0.103506 0.132364 0.050924
v 0.113656 0.128754 0.022123
v 0.107205 0.276984 0.055723
v -0.056614 -0.355736 -0.059076
v -0.081805 -0.164536 -0.052876
v -0.065674 -0.163046 -0.072475
v -0.070575 -0.355227 -0.045176
v -0.005424 -0.159926 -0.096676
v -0.024405 -0.355716 -0.076675
v -0.030594 -0.153986 -0.091877
v -0.003145 -0.352817 -0.080677
v 0.036496 -0.164957 -0.089376
v 0.048736 -0.357357 -0.064575
v 0.032425 -0.354877 -0.073976
v 0.057486 -0.159007 -0.077576
v 0.056406 -0.358536 0.058523
v 0.081465 -0.157446 0.053123
v 0.064695 -0.159727 0.072824
v 0.068046 -0.354626 0.045023
v -0.115125 0.130784 0.016024
v -0.111664 0.096593 0.024124
v -0.113484 0.130744 0.024424
v -0.113305 0.096673 0.015724
v -0.068095 -0.362356 0.044523
v -0.081914 -0.159116 0.051924
v -0.086185 -0.159786 0.044523
v -0.072394 -0.362156 0.037024
v -0.086054 -0.164186 -0.045376
v -0.070575 -0.355227 -0.045176
v -0.075025 -0.355796 -0.037975
v -0.081805 -0.164536 -0.052876
v -0.032505 -0.356216 -0.073776
v -0.038744 -0.154296 -0.088877
v -0.030594 -0.153986 -0.091877
v -0.024405 -0.355716 -0.076675
v 0.057486 -0.159007 -0.077576
v 0.055426 -0.357727 -0.059175
v 0.048736 -0.357357 -0.064575
v 0.064196 -0.158277 -0.072176
v 0.121635 0.273514 0.017525
v 0.114676 0.128814 -0.014776
v 0.123096 0.277483 -0.017777
v 0.114985 0.128404 0.013624
v -0.119385 0.282964 -0.024576
v -0.102294 0.120103 -0.051476
v -0.112555 0.125564 -0.022976
v -0.107464 0.278264 -0.057976
v 0.082796 -0.160417 -0.051176
v 0.055426 -0.357727 -0.059175
v 0.064196 -0.158277 -0.072176
v 0.069285 -0.356866 -0.043676
v 0.094925 -0.160787 -0.020676
v 0.073915 -0.356876 -0.036377
v 0.087075 -0.160737 -0.043776
v 0.081135 -0.357357 -0.018976
v 0.094125 -0.160886 0.022324
v 0.072455 -0.355056 0.037624
v 0.079566 -0.361716 0.018623
v 0.085755 -0.157646 0.045624
v -0.112555 0.125564 -0.022976
v -0.112394 0.092773 -0.014175
v -0.114184 0.126863 -0.014477
v -0.110744 0.091343 -0.022676
v 0.113656 0.128754 0.022123
v 0.111755 0.094764 0.021725
v 0.114985 0.128404 0.013624
v 0.113075 0.094414 0.013224
v 0.097445 0.096914 0.057425
v 0.103506 0.132364 0.050924
v 0.099006 0.131413 0.058224
v 0.102015 0.098154 0.050123
v -0.029864 -0.127186 0.096024
v -0.037795 -0.125687 0.093224
v -0.037075 -0.159276 0.091225
v -0.029125 -0.160946 0.094025
v 0.089185 -0.127136 -0.044777
v 0.082796 -0.160417 -0.051176
v 0.084906 -0.126786 -0.052176
v 0.087075 -0.160737 -0.043776
v 0.087955 -0.124086 0.046623
v 0.083655 -0.123766 0.054024
v 0.081465 -0.157446 0.053123
v 0.085755 -0.157646 0.045624
v -0.096294 -0.159997 -0.012476
v -0.081305 -0.359177 -0.018276
v -0.082495 -0.358936 -0.009775
v -0.094924 -0.160697 -0.020977
v 0.081135 -0.357357 -0.018976
v 0.094925 -0.160787 -0.020676
v 0.096225 -0.160856 -0.012177
v 0.082585 -0.358316 -0.010576
v 0.095665 -0.161376 0.013824
v 0.079566 -0.361716 0.018623
v 0.081376 -0.362356 0.010124
v 0.094125 -0.160886 0.022324
v -0.107464 0.278264 -0.057976
v -0.097825 0.120314 -0.058676
v -0.102294 0.120103 -0.051476
v -0.103185 0.277793 -0.065475
v -0.119144 0.276304 0.025724
v -0.102015 0.126604 0.050924
v -0.108065 0.276514 0.058825
v -0.113484 0.130744 0.024424
v -0.093965 -0.159367 0.021624
v -0.072394 -0.362156 0.037024
v -0.086185 -0.159786 0.044523
v -0.080134 -0.355166 0.018423
v -0.094924 -0.160697 -0.020977
v -0.075025 -0.355796 -0.037975
v -0.081305 -0.359177 -0.018276
v -0.086054 -0.164186 -0.045376
v -0.097825 0.120314 -0.058676
v -0.096264 0.086244 -0.057676
v -0.102294 0.120103 -0.051476
v -0.100735 0.086053 -0.050377
v 0.103496 0.128464 -0.050575
v 0.097576 0.094674 -0.056776
v 0.099205 0.128603 -0.057976
v 0.101855 0.094473 -0.049376
v 0.114676 0.128814 -0.014776
v 0.111095 0.094934 -0.022776
v 0.113155 0.128784 -0.023275
v 0.112616 0.094923 -0.014277
v -0.088254 -0.126136 0.045424
v -0.081914 -0.159116 0.051924
v -0.083974 -0.125456 0.052824
v -0.086185 -0.159786 0.044523
v -0.097835 -0.125816 0.013523
v -0.093965 -0.159367 0.021624
v -0.096314 -0.125796 0.022024
v -0.095485 -0.159387 0.013124
v -0.098505 -0.126266 -0.012775
v -0.097145 -0.126876 -0.021276
v -0.094924 -0.160697 -0.020977
v -0.096294 -0.159997 -0.012476
v -0.088005 -0.130416 -0.046375
v -0.083765 -0.130746 -0.053877
v -0.081805 -0.164536 -0.052876
v -0.086054 -0.164186 -0.045376
v -0.060655 -0.127757 -0.079376
v -0.065674 -0.163046 -0.072475
v -0.067235 -0.129326 -0.073875
v -0.059084 -0.161397 -0.077877
v 0.098435 -0.127106 -0.012476
v 0.094925 -0.160787 -0.020676
v 0.097146 -0.127027 -0.020977
v 0.096225 -0.160856 -0.012177
v 0.098025 -0.127806 0.014124
v 0.096476 -0.127306 0.022524
v 0.094125 -0.160886 0.022324
v 0.095665 -0.161376 0.013824
v -0.080134 -0.355166 0.018423
v -0.093965 -0.159367 0.021624
v -0.095485 -0.159387 0.013124
v -0.081964 -0.354666 0.010023
v 0.113155 0.128784 -0.023275
v 0.121706 0.277624 -0.026176
v 0.123096 0.277483 -0.017777
v 0.114676 0.128814 -0.014776
v 0.113656 0.128754 0.022123
v 0.103506 0.132364 0.050924
v 0.102015 0.098154 0.050123
v 0.111755 0.094764 0.021725
v -0.114184 0.126863 -0.014477
v -0.113305 0.096673 0.015724
v -0.115125 0.130784 0.016024
v -0.112394 0.092773 -0.014175
v -0.096314 -0.125796 0.022024
v -0.111664 0.096593 0.024124
v -0.113305 0.096673 0.015724
v -0.097835 -0.125816 0.013523
v 0.098025 -0.127806 0.014124
v 0.113075 0.094414 0.013224
v 0.111755 0.094764 0.021725
v 0.096476 -0.127306 0.022524
v 0.121706 0.277624 -0.026176
v 0.103496 0.128464 -0.050575
v 0.109335 0.274164 -0.057877
v 0.113155 0.128784 -0.023275
v -0.081914 -0.159116 0.051924
v -0.056885 -0.356627 0.059223
v -0.065804 -0.155046 0.070225
v -0.068095 -0.362356 0.044523
v -0.096294 -0.159997 -0.012476
v -0.081964 -0.354666 0.010023
v -0.095485 -0.159387 0.013124
v -0.082495 -0.358936 -0.009775
v 0.095665 -0.161376 0.013824
v 0.082585 -0.358316 -0.010576
v 0.096225 -0.160856 -0.012177
v 0.081376 -0.362356 0.010124
v 0.059125 -0.125056 -0.079176
v 0.065866 -0.124617 -0.073675
v 0.064196 -0.158277 -0.072176
v 0.057486 -0.159007 -0.077576
v 0.059546 -0.126596 0.079824
v 0.064695 -0.159727 0.072824
v 0.066216 -0.125967 0.074324
v 0.058065 -0.160427 0.078323
v 0.028965 -0.129537 0.095024
v 0.036315 -0.162566 0.090624
v 0.037116 -0.128777 0.092424
v 0.028175 -0.163446 0.093224
v -0.059335 -0.155026 0.076023
v -0.056885 -0.356627 0.059223
v -0.050264 -0.355476 0.064524
v -0.065804 -0.155046 0.070225
v 0.099205 0.128603 -0.057976
v 0.104805 0.274114 -0.065176
v 0.109335 0.274164 -0.057877
v 0.103496 0.128464 -0.050575
v 0.114985 0.128404 0.013624
v 0.112616 0.094923 -0.014277
v 0.114676 0.128814 -0.014776
v 0.113075 0.094414 0.013224
v 0.113155 0.128784 -0.023275
v 0.101855 0.094473 -0.049376
v 0.103496 0.128464 -0.050575
v 0.111095 0.094934 -0.022776
v -0.100735 0.086053 -0.050377
v -0.112555 0.125564 -0.022976
v -0.102294 0.120103 -0.051476
v -0.110744 0.091343 -0.022676
v -0.113484 0.130744 0.024424
v -0.100365 0.092694 0.049725
v -0.102015 0.126604 0.050924
v -0.111664 0.096593 0.024124
v -0.098505 -0.126266 -0.012775
v -0.112394 0.092773 -0.014175
v -0.110744 0.091343 -0.022676
v -0.097145 -0.126876 -0.021276
v -0.100735 0.086053 -0.050377
v -0.083765 -0.130746 -0.053877
v -0.088005 -0.130416 -0.046375
v -0.096264 0.086244 -0.057676
v 0.084906 -0.126786 -0.052176
v 0.097576 0.094674 -0.056776
v 0.101855 0.094473 -0.049376
v 0.089185 -0.127136 -0.044777
v 0.097146 -0.127027 -0.020977
v 0.111095 0.094934 -0.022776
v 0.112616 0.094923 -0.014277
v 0.098435 -0.127106 -0.012476
v 0.102015 0.098154 0.050123
v 0.083655 -0.123766 0.054024
v 0.087955 -0.124086 0.046623
v 0.097445 0.096914 0.057425
v -0.096314 -0.125796 0.022024
v -0.086185 -0.159786 0.044523
v -0.088254 -0.126136 0.045424
v -0.093965 -0.159367 0.021624
v -0.086054 -0.164186 -0.045376
v -0.097145 -0.126876 -0.021276
v -0.088005 -0.130416 -0.046375
v -0.094924 -0.160697 -0.020977
v -0.083765 -0.130746 -0.053877
v -0.067235 -0.129326 -0.073875
v -0.065674 -0.163046 -0.072475
v -0.081805 -0.164536 -0.052876
v 0.097146 -0.127027 -0.020977
v 0.087075 -0.160737 -0.043776
v 0.089185 -0.127136 -0.044777
v 0.094925 -0.160787 -0.020676
v 0.098025 -0.127806 0.014124
v 0.096225 -0.160856 -0.012177
v 0.098435 -0.127106 -0.012476
v 0.095665 -0.161376 0.013824
v 0.096476 -0.127306 0.022524
v 0.087955 -0.124086 0.046623
v 0.085755 -0.157646 0.045624
v 0.094125 -0.160886 0.022324
v 0.064695 -0.159727 0.072824
v 0.083655 -0.123766 0.054024
v 0.066216 -0.125967 0.074324
v 0.081465 -0.157446 0.053123
v 0.111755 0.094764 0.021725
v 0.087955 -0.124086 0.046623
v 0.096476 -0.127306 0.022524
v 0.102015 0.098154 0.050123
v 0.113075 0.094414 0.013224
v 0.098435 -0.127106 -0.012476
v 0.112616 0.094923 -0.014277
v 0.098025 -0.127806 0.014124
v 0.111095 0.094934 -0.022776
v 0.089185 -0.127136 -0.044777
v 0.101855 0.094473 -0.049376
v 0.097146 -0.127027 -0.020977
v -0.110744 0.091343 -0.022676
v -0.088005 -0.130416 -0.046375
v -0.097145 -0.126876 -0.021276
v -0.100735 0.086053 -0.050377
v -0.112394 0.092773 -0.014175
v -0.097835 -0.125816 0.013523
v -0.113305 0.096673 0.015724
v -0.098505 -0.126266 -0.012775
v -0.111664 0.096593 0.024124
v -0.088254 -0.126136 0.045424
v -0.100365 0.092694 0.049725
v -0.096314 -0.125796 0.022024
v -0.031445 -0.120017 -0.093777
v -0.038744 -0.154296 -0.088877
v -0.039575 -0.120367 -0.090876
v -0.030594 -0.153986 -0.091877
v 0.003046 -0.127787 -0.098776
v -0.005424 -0.159926 -0.096676
v -0.005515 -0.126136 -0.098677
v 0.003185 -0.161736 -0.096777
v 0.029346 -0.131686 -0.094175
v 0.037466 -0.131146 -0.091276
v 0.036496 -0.164957 -0.089376
v 0.028416 -0.165406 -0.092276
v -0.083974 -0.125456 0.052824
v -0.095584 0.091764 0.056925
v -0.100365 0.092694 0.049725
v -0.088254 -0.126136 0.045424
v -0.098505 -0.126266 -0.012775
v -0.095485 -0.159387 0.013124
v -0.097835 -0.125816 0.013523
v -0.096294 -0.159997 -0.012476
v -0.039575 -0.120367 -0.090876
v -0.059084 -0.161397 -0.077877
v -0.060655 -0.127757 -0.079376
v -0.038744 -0.154296 -0.088877
v 0.084906 -0.126786 -0.052176
v 0.064196 -0.158277 -0.072176
v 0.065866 -0.124617 -0.073675
v 0.082796 -0.160417 -0.051176
v 0.037116 -0.128777 0.092424
v 0.058065 -0.160427 0.078323
v 0.059546 -0.126596 0.079824
v 0.036315 -0.162566 0.090624
v -0.096264 0.086244 -0.057676
v -0.067235 -0.129326 -0.073875
v -0.083765 -0.130746 -0.053877
v -0.077394 0.092274 -0.077976
v -0.102015 0.126604 0.050924
v -0.095584 0.091764 0.056925
v -0.097235 0.125674 0.058125
v -0.100365 0.092694 0.049725
v -0.004364 -0.132007 0.098124
v -0.004344 -0.165856 0.096125
v 0.004305 -0.132327 0.097923
v 0.004335 -0.166166 0.096024
v 0.099205 0.128603 -0.057976
v 0.078286 0.096804 -0.079376
v 0.079566 0.130814 -0.080875
v 0.097576 0.094674 -0.056776
v 0.071476 0.096243 -0.084677
v 0.065866 -0.124617 -0.073675
v 0.059125 -0.125056 -0.079176
v 0.078286 0.096804 -0.079376
v -0.004364 -0.132007 0.098124
v -0.029864 -0.127186 0.096024
v -0.029125 -0.160946 0.094025
v -0.004344 -0.165856 0.096125
v 0.037466 -0.131146 -0.091276
v 0.059125 -0.125056 -0.079176
v 0.057486 -0.159007 -0.077576
v 0.036496 -0.164957 -0.089376
v 0.078065 0.121824 0.079723
v 0.102816 0.277584 0.063225
v 0.081746 0.278034 0.090023
v 0.099006 0.131413 0.058224
v 0.104805 0.274114 -0.065176
v 0.079566 0.130814 -0.080875
v 0.082185 0.276574 -0.090477
v 0.099205 0.128603 -0.057976
v 0.076826 0.087774 0.078224
v 0.083655 -0.123766 0.054024
v 0.097445 0.096914 0.057425
v 0.066216 -0.125967 0.074324
v 0.097576 0.094674 -0.056776
v 0.065866 -0.124617 -0.073675
v 0.078286 0.096804 -0.079376
v 0.084906 -0.126786 -0.052176
v 0.079566 0.130814 -0.080875
v 0.078286 0.096804 -0.079376
v 0.072805 0.130303 -0.086176
v 0.071476 0.096243 -0.084677
v -0.060745 -0.120996 0.077423
v -0.067214 -0.121067 0.071724
v -0.065804 -0.155046 0.070225
v -0.059335 -0.155026 0.076023
v -0.097235 0.125674 0.058125
v -0.103775 0.276964 0.066324
v -0.108065 0.276514 0.058825
v -0.102015 0.126604 0.050924
v 0.076826 0.087774 0.078224
v 0.099006 0.131413 0.058224
v 0.078065 0.121824 0.079723
v 0.097445 0.096914 0.057425
v -0.097825 0.120314 -0.058676
v -0.078655 0.126384 -0.079376
v -0.077394 0.092274 -0.077976
v -0.096264 0.086244 -0.057676
v -0.067235 -0.129326 -0.073875
v -0.077394 0.092274 -0.077976
v -0.070644 0.093463 -0.083376
v -0.060655 -0.127757 -0.079376
v 0.066216 -0.125967 0.074324
v 0.076826 0.087774 0.078224
v 0.069885 0.087034 0.083525
v 0.059546 -0.126596 0.079824
v -0.037795 -0.125687 0.093224
v -0.060745 -0.120996 0.077423
v -0.059335 -0.155026 0.076023
v -0.037075 -0.159276 0.091225
v -0.083974 -0.125456 0.052824
v -0.065804 -0.155046 0.070225
v -0.067214 -0.121067 0.071724
v -0.081914 -0.159116 0.051924
v -0.005515 -0.126136 -0.098677
v -0.030594 -0.153986 -0.091877
v -0.031445 -0.120017 -0.093777
v -0.005424 -0.159926 -0.096676
v 0.028416 -0.165406 -0.092276
v 0.003046 -0.127787 -0.098776
v 0.029346 -0.131686 -0.094175
v 0.003185 -0.161736 -0.096777
v 0.004305 -0.132327 0.097923
v 0.028175 -0.163446 0.093224
v 0.028965 -0.129537 0.095024
v 0.004335 -0.166166 0.096024
v -0.078655 0.126384 -0.079376
v -0.103185 0.277793 -0.065475
v -0.082475 0.278503 -0.089577
v -0.097825 0.120314 -0.058676
v 0.075376 0.277284 -0.095877
v 0.079566 0.130814 -0.080875
v 0.072805 0.130303 -0.086176
v 0.082185 0.276574 -0.090477
v -0.032925 0.089903 0.101624
v -0.037795 -0.125687 0.093224
v -0.029864 -0.127186 0.096024
v -0.041065 0.089754 0.098824
v 0.042535 0.090464 0.098724
v 0.059546 -0.126596 0.079824
v 0.069885 0.087034 0.083525
v 0.037116 -0.128777 0.092424
v 0.059125 -0.125056 -0.079176
v 0.045166 0.092194 -0.098177
v 0.071476 0.096243 -0.084677
v 0.037466 -0.131146 -0.091276
v -0.043634 0.095734 -0.099377
v -0.060655 -0.127757 -0.079376
v -0.070644 0.093463 -0.083376
v -0.039575 -0.120367 -0.090876
v -0.095584 0.091764 0.056925
v -0.067214 -0.121067 0.071724
v -0.075775 0.089854 0.078123
v -0.083974 -0.125456 0.052824
v -0.071865 0.127444 -0.084877
v -0.077394 0.092274 -0.077976
v -0.078655 0.126384 -0.079376
v -0.070644 0.093463 -0.083376
v 0.071166 0.120994 0.084925
v 0.076826 0.087774 0.078224
v 0.078065 0.121824 0.079723
v 0.069885 0.087034 0.083525
v -0.068944 0.089583 0.083424
v -0.067214 -0.121067 0.071724
v -0.060745 -0.120996 0.077423
v -0.075775 0.089854 0.078123
v -0.039575 -0.120367 -0.090876
v -0.043634 0.095734 -0.099377
v -0.035564 0.096004 -0.102177
v -0.031445 -0.120017 -0.093777
v 0.036945 0.092063 -0.100876
v 0.037466 -0.131146 -0.091276
v 0.029346 -0.131686 -0.094175
v 0.045166 0.092194 -0.098177
v 0.037116 -0.128777 0.092424
v 0.042535 0.090464 0.098724
v 0.034415 0.090874 0.101524
v 0.028965 -0.129537 0.095024
v -0.003554 0.090744 0.106323
v 0.004305 -0.132327 0.097923
v 0.005055 0.090874 0.106323
v -0.004364 -0.132007 0.098124
v -0.097235 0.125674 0.058125
v -0.075775 0.089854 0.078123
v -0.076974 0.123744 0.079824
v -0.095584 0.091764 0.056925
v -0.005515 -0.126136 -0.098677
v -0.004264 0.095794 -0.106775
v 0.004355 0.095354 -0.106676
v 0.003046 -0.127787 -0.098776
v -0.003554 0.090744 0.106323
v -0.029864 -0.127186 0.096024
v -0.004364 -0.132007 0.098124
v -0.032925 0.089903 0.101624
v 0.004355 0.095354 -0.106676
v 0.029346 -0.131686 -0.094175
v 0.003046 -0.127787 -0.098776
v 0.036945 0.092063 -0.100876
v -0.004264 0.095794 -0.106775
v -0.031445 -0.120017 -0.093777
v -0.035564 0.096004 -0.102177
v -0.005515 -0.126136 -0.098677
v -0.041065 0.089754 0.098824
v -0.060745 -0.120996 0.077423
v -0.037795 -0.125687 0.093224
v -0.068944 0.089583 0.083424
v 0.005055 0.090874 0.106323
v 0.028965 -0.129537 0.095024
v 0.034415 0.090874 0.101524
v 0.004305 -0.132327 0.097923
v -0.076974 0.123744 0.079824
v -0.075775 0.089854 0.078123
v -0.070145 0.123434 0.085123
v -0.068944 0.089583 0.083424
v -0.078655 0.126384 -0.079376
v -0.082475 0.278503 -0.089577
v -0.075984 0.278264 -0.095276
v -0.071865 0.127444 -0.084877
v 0.078065 0.121824 0.079723
v 0.081746 0.278034 0.090023
v 0.075325 0.278173 0.095724
v 0.071166 0.120994 0.084925
v 0.045626 0.126183 -0.099976
v 0.072805 0.130303 -0.086176
v 0.071476 0.096243 -0.084677
v 0.045166 0.092194 -0.098177
v -0.103775 0.276964 0.066324
v -0.076974 0.123744 0.079824
v -0.081584 0.279223 0.090525
v -0.097235 0.125674 0.058125
v -0.041775 0.123663 0.100523
v -0.041065 0.089754 0.098824
v -0.033625 0.123824 0.103323
v -0.032925 0.089903 0.101624
v -0.036145 0.129574 -0.104376
v -0.043634 0.095734 -0.099377
v -0.044254 0.129444 -0.101576
v -0.035564 0.096004 -0.102177
v 0.045626 0.126183 -0.099976
v 0.045166 0.092194 -0.098177
v 0.037385 0.125974 -0.102776
v 0.036945 0.092063 -0.100876
v 0.035066 0.124624 0.103424
v 0.042535 0.090464 0.098724
v 0.043215 0.124323 0.100624
v 0.034415 0.090874 0.101524
v 0.043215 0.124323 0.100624
v 0.069885 0.087034 0.083525
v 0.071166 0.120994 0.084925
v 0.042535 0.090464 0.098724
v -0.044254 0.129444 -0.101576
v -0.070644 0.093463 -0.083376
v -0.071865 0.127444 -0.084877
v -0.043634 0.095734 -0.099377
v 0.044355 0.278873 -0.112177
v 0.072805 0.130303 -0.086176
v 0.045626 0.126183 -0.099976
v 0.075376 0.277284 -0.095877
v -0.074834 0.279484 0.096024
v -0.076974 0.123744 0.079824
v -0.070145 0.123434 0.085123
v -0.081584 0.279223 0.090525
v -0.041775 0.123663 0.100523
v -0.070145 0.123434 0.085123
v -0.068944 0.089583 0.083424
v -0.041065 0.089754 0.098824
v 0.004975 0.124554 0.108524
v -0.003634 0.124373 0.108524
v -0.003554 0.090744 0.106323
v 0.005055 0.090874 0.106323
v 0.004436 0.129114 -0.108677
v -0.004264 0.095794 -0.106775
v -0.004185 0.129514 -0.108875
v 0.004355 0.095354 -0.106676
v 0.037385 0.125974 -0.102776
v 0.036146 0.279124 -0.115175
v 0.044355 0.278873 -0.112177
v 0.045626 0.126183 -0.099976
v 0.004975 0.124554 0.108524
v 0.034415 0.090874 0.101524
v 0.035066 0.124624 0.103424
v 0.005055 0.090874 0.106323
v 0.036945 0.092063 -0.100876
v 0.004436 0.129114 -0.108677
v 0.037385 0.125974 -0.102776
v 0.004355 0.095354 -0.106676
v -0.004185 0.129514 -0.108875
v -0.035564 0.096004 -0.102177
v -0.036145 0.129574 -0.104376
v -0.004264 0.095794 -0.106775
v -0.032925 0.089903 0.101624
v -0.003634 0.124373 0.108524
v -0.033625 0.123824 0.103323
v -0.003554 0.090744 0.106323
v 0.045065 0.278024 0.113825
v 0.071166 0.120994 0.084925
v 0.075325 0.278173 0.095724
v 0.043215 0.124323 0.100624
v -0.046335 0.274714 -0.114475
v -0.071865 0.127444 -0.084877
v -0.075984 0.278264 -0.095276
v -0.044254 0.129444 -0.101576
v -0.044254 0.129444 -0.101576
v -0.046335 0.274714 -0.114475
v -0.038344 0.274714 -0.117376
v -0.036145 0.129574 -0.104376
v -0.046054 0.278224 0.112425
v -0.070145 0.123434 0.085123
v -0.041775 0.123663 0.100523
v -0.074834 0.279484 0.096024
v -0.038004 0.277984 0.115524
v -0.041775 0.123663 0.100523
v -0.033625 0.123824 0.103323
v -0.046054 0.278224 0.112425
v 0.043215 0.124323 0.100624
v 0.045065 0.278024 0.113825
v 0.037005 0.278074 0.116823
v 0.035066 0.124624 0.103424
v 0.036146 0.279124 -0.115175
v 0.004436 0.129114 -0.108677
v 0.004136 0.278074 -0.121777
v 0.037385 0.125974 -0.102776
v -0.004185 0.129514 -0.108875
v -0.004465 0.277554 -0.122076
v 0.004136 0.278074 -0.121777
v 0.004436 0.129114 -0.108677
v 0.003595 0.277704 0.122524
v -0.003634 0.124373 0.108524
v 0.004975 0.124554 0.108524
v -0.004994 0.277763 0.122324
v 0.003595 0.277704 0.122524
v 0.035066 0.124624 0.103424
v 0.037005 0.278074 0.116823
v 0.004975 0.124554 0.108524
v -0.004465 0.277554 -0.122076
v -0.036145 0.129574 -0.104376
v -0.038344 0.274714 -0.117376
v -0.004185 0.129514 -0.108875
v -0.004994 0.277763 0.122324
v -0.033625 0.123824 0.103323
v -0.003634 0.124373 0.108524
v -0.038004 0.277984 0.115524
vn -0.0000 -1.0000 -0.0000
vn -0.0000 -1.0000 -0.0001
vn -0.0000 -1.0000 -0.0003
vn -0.0000 -1.0000 0.0001
vn 0.1580 0.9874 -0.0079
vn 0.1337 0.9907 0.0236
vn 0.0236 0.9996 0.0157
vn 0.0236 0.9996 0.0158
vn 0.0235 0.9996 0.0158
vn 0.0237 0.9996 0.0158
vn 0.1894 0.9704 -0.1499
vn 0.1965 0.9665 -0.1650
vn 0.1964 0.9665 -0.1650
vn 0.1099 0.9895 0.0942
vn 0.1099 0.9895 0.0943
vn -0.0706 0.9567 0.2823
vn 0.1023 0.9916 0.0787
vn 0.0943 0.9590 -0.2673
vn 0.1338 0.9605 -0.2440
vn 0.1338 0.9605 -0.2441
vn 0.1500 0.9871 0.0553
vn 0.1501 0.9871 0.0553
vn -0.0550 0.9984 -0.0157
vn 0.1811 0.9527 -0.2441
vn -0.0158 0.9437 0.3304
vn -0.1810 0.9442 0.2754
vn -0.0553 0.9859 -0.1578
vn -0.0552 0.9859 -0.1578
vn -0.0552 0.9859 -0.1577
vn 0.1262 0.9705 0.2052
vn -0.3161 0.9484 0.0237
vn -0.3161 0.9484 0.0238
vn -0.2289 0.9235 0.3078
vn -0.2289 0.9235 0.3079
vn -0.1657 0.9231 -0.3471
vn -0.0236 0.9907 0.1337
vn -0.0236 0.9907 0.1336
vn 0.0869 0.9882 -0.1265
vn -0.3377 0.9348 0.1100
vn -0.3378 0.9348 0.1100
vn 0.2763 0.9077 -0.3157
vn 0.3231 0.9221 0.2128
vn 0.2205 0.9056 -0.3622
vn 0.1967 0.9048 0.3776
vn 0.1967 0.9048 0.3777
vn 0.0709 0.8984 -0.4334
vn 0.3708 0.8915 -0.2603
vn 0.3708 0.8915 -0.2604
vn -0.3630 0.9310 0.0394
vn -0.3078 0.8918 0.3315
vn -0.1103 0.8743 -0.4726
vn -0.1104 0.8742 -0.4729
vn 0.3855 0.9048 0.1810
vn 0.4114 0.8861 -0.2136
vn 0.3691 0.9030 0.2198
vn 0.3691 0.9030 0.2199
vn 0.4018 0.9059 0.1339
vn 0.4017 0.9059 0.1339
vn -0.2443 0.8825 0.4019
vn -0.2443 0.8825 0.4018
vn 0.4173 0.8976 0.1417
vn 0.4173 0.8977 0.1418
vn 0.1971 0.8831 0.4258
vn -0.3858 0.8897 -0.2441
vn -0.3858 0.8897 -0.2440
vn -0.0078 0.8782 0.4783
vn -0.0079 0.8782 0.4783
vn -0.1964 0.8801 0.4322
vn -0.1965 0.8801 0.4322
vn -0.4322 0.8880 0.1571
vn -0.4322 0.8880 0.1572
vn -0.3377 0.8953 -0.2906
vn 0.0865 0.8731 0.4798
vn 0.0865 0.8731 0.4799
vn -0.1025 0.8751 0.4730
vn 0.3939 0.8903 0.2285
vn 0.3940 0.8903 0.2285
vn -0.4416 0.8832 0.1577
vn -0.3225 0.8810 0.3461
vn -0.4713 0.8718 -0.1335
vn 0.4352 0.8863 0.1583
vn -0.3853 0.8808 0.2752
vn -0.4237 0.8788 0.2197
vn -0.4816 0.8684 0.1184
vn -0.4815 0.8684 0.1185
vn 0.4876 0.8729 -0.0157
vn 0.4876 0.8729 -0.0158
vn 0.4816 0.8684 -0.1184
vn -0.3780 0.8585 -0.3465
vn -0.3781 0.8585 -0.3465
vn 0.4960 0.8660 -0.0630
vn -0.3854 0.8730 -0.2988
vn -0.3854 0.8730 -0.2989
vn -0.4328 0.8656 -0.2518
vn -0.3765 0.8628 0.3373
vn 0.1027 0.9641 0.2450
vn -0.8214 -0.4897 -0.2922
vn -0.8214 -0.4897 -0.2923
vn 0.8730 -0.4876 0.0079
vn -0.8728 -0.4875 0.0236
vn 0.8176 -0.4874 -0.3066
vn -0.6594 -0.4867 -0.5730
vn -0.6766 -0.4799 0.5585
vn -0.6766 -0.4799 0.5586
vn -0.6765 -0.4799 0.5586
vn -0.8290 -0.4816 0.2842
vn 0.8187 -0.4802 0.3149
vn 0.0629 0.8328 -0.5500
vn 0.0628 0.8328 -0.5500
vn -0.1488 0.8381 -0.5248
vn 0.6765 -0.4799 -0.5586
vn 0.6766 -0.4799 -0.5586
vn 0.4153 0.8385 0.3527
vn 0.4154 0.8385 0.3526
vn 0.6837 -0.4794 0.5501
vn 0.6838 -0.4794 0.5501
vn 0.4417 -0.4811 0.7573
vn 0.4417 -0.4811 0.7572
vn 0.4417 -0.4812 0.7572
vn -0.4497 -0.4733 -0.7574
vn -0.4497 -0.4734 -0.7574
vn -0.4498 -0.4734 -0.7574
vn 0.4407 -0.4722 -0.7634
vn 0.4408 -0.4722 -0.7634
vn -0.4188 -0.4741 0.7744
vn -0.4189 -0.4741 0.7745
vn -0.4189 -0.4741 0.7744
vn -0.4188 -0.4741 0.7745
vn 0.1576 -0.4729 0.8669
vn 0.1577 -0.4729 0.8669
vn 0.1577 -0.4728 0.8669
vn 0.1576 -0.4728 -0.8669
vn 0.1576 -0.4729 -0.8669
vn 0.1577 -0.4729 -0.8669
vn -0.1499 -0.4734 -0.8680
vn 0.2044 0.8096 -0.5502
vn 0.2043 0.8096 -0.5502
vn -0.1729 -0.4716 0.8647
vn -0.1730 -0.4716 0.8647
vn -0.1730 -0.4717 0.8647
vn 0.2361 0.7950 -0.5588
vn 0.2361 0.7949 -0.5589
vn 0.2361 0.7949 -0.5588
vn -0.8762 -0.4579 -0.1500
vn 0.8763 -0.4579 -0.1500
vn -0.7781 -0.4558 -0.4323
vn 0.8763 -0.4579 0.1500
vn -0.7808 -0.4496 0.4338
vn -0.8812 -0.4485 0.1495
vn 0.7808 -0.4496 -0.4338
vn 0.5102 0.7693 0.3846
vn -0.5880 -0.4469 0.6742
vn 0.5881 -0.4469 0.6741
vn 0.7866 -0.4405 0.4326
vn -0.5900 -0.4406 -0.6766
vn 0.5900 -0.4406 -0.6766
vn 0.3143 -0.4402 0.8411
vn -0.3144 -0.4402 -0.8411
vn -0.0000 -0.4345 0.9007
vn 0.3155 -0.4338 -0.8440
vn -0.4481 0.7390 -0.5031
vn -0.4481 0.7389 -0.5032
vn 0.7330 0.6699 -0.1182
vn -0.0000 -0.4345 -0.9007
vn -0.3226 -0.4329 0.8417
vn -0.0000 0.6707 -0.7417
vn -0.7813 0.6077 -0.1421
vn -0.7814 0.6077 -0.1421
vn -0.6866 0.6156 0.3867
vn -0.6845 0.6924 0.2282
vn 0.7579 0.6079 -0.2368
vn 0.2525 0.5919 0.7655
vn 0.2525 0.5918 0.7655
vn 0.2525 0.5919 0.7654
vn 0.0158 0.5923 0.8056
vn 0.8018 0.5974 -0.0157
vn -0.6373 0.5901 0.4957
vn -0.6373 0.5901 0.4956
vn -0.5346 0.5896 -0.6054
vn -0.5346 0.5897 -0.6054
vn -0.5453 0.5848 0.6006
vn 0.1415 0.5902 0.7948
vn 0.1416 0.5902 0.7948
vn 0.1416 0.5902 0.7947
vn -0.7452 0.5883 -0.3138
vn -0.7452 0.5884 -0.3138
vn -0.6928 0.5826 -0.4250
vn -0.6927 0.5827 -0.4250
vn -0.6928 0.5826 -0.4251
vn -0.8115 0.5830 0.0394
vn -0.6157 0.5841 -0.5289
vn 0.5423 0.5659 0.6210
vn 0.5424 0.5659 0.6209
vn 0.3694 0.5738 0.7310
vn 0.0395 0.5919 -0.8050
vn 0.0394 0.5919 -0.8050
vn 0.0395 0.5920 -0.8050
vn -0.7608 0.5804 0.2902
vn -0.7608 0.5805 0.2902
vn -0.7609 0.5804 0.2902
vn 0.7401 0.5667 -0.3621
vn 0.7400 0.5668 -0.3621
vn 0.7400 0.5668 -0.3622
vn 0.5503 0.5581 -0.6210
vn 0.5503 0.5582 -0.6210
vn -0.0236 0.5833 -0.8119
vn -0.0237 0.5833 -0.8119
vn -0.8109 0.5590 0.1732
vn 0.6485 0.5615 -0.5140
vn 0.6484 0.5615 -0.5141
vn -0.4713 0.5577 -0.6833
vn -0.4712 0.5577 -0.6833
vn -0.2194 0.5484 -0.8069
vn -0.4168 0.5504 0.7234
vn -0.1421 0.5527 0.8212
vn 0.7341 0.5525 0.3947
vn 0.7341 0.5526 0.3947
vn 0.8254 0.5503 0.1258
vn 0.6960 0.5458 0.4667
vn 0.6960 0.5457 0.4666
vn 0.6960 0.5457 0.4667
vn 0.7741 0.5530 0.3081
vn 0.7742 0.5530 0.3081
vn 0.0706 0.6355 -0.7689
vn -0.2757 0.5277 0.8034
vn 0.4255 0.5200 -0.7406
vn 0.4255 0.5200 -0.7407
vn 0.2122 0.5108 -0.8331
vn 0.2122 0.5109 -0.8331
vn 0.8690 0.4740 -0.1422
vn -0.0000 0.4566 -0.8897
vn 0.8460 0.4349 -0.3084
vn -0.6769 0.5510 -0.4880
vn 0.6453 0.7633 0.0315
vn 0.9049 0.4249 0.0236
vn -0.8995 0.4103 -0.1499
vn -0.7921 0.4157 0.4470
vn -0.7921 0.4156 0.4470
vn 0.0868 0.4105 -0.9077
vn 0.0868 0.4104 -0.9077
vn -0.7086 0.4094 0.5747
vn -0.7086 0.4094 0.5748
vn -0.0865 0.4010 -0.9120
vn 0.3072 0.3938 0.8664
vn 0.1575 0.3937 0.9056
vn 0.1575 0.3938 0.9056
vn -0.0000 0.3930 0.9196
vn -0.0000 0.3930 0.9195
vn -0.8556 0.3925 -0.3375
vn -0.9214 0.3858 0.0472
vn -0.9213 0.3859 0.0472
vn -0.9214 0.3859 0.0472
vn -0.6008 0.3795 0.7036
vn -0.7876 0.3859 -0.4804
vn -0.5990 0.3862 -0.7015
vn -0.8669 0.3862 0.3152
vn -0.8669 0.3861 0.3152
vn 0.8046 0.3786 -0.4575
vn -0.6982 0.3843 -0.6040
vn -0.6981 0.3844 -0.6040
vn -0.6982 0.3844 -0.6040
vn -0.9115 0.3693 0.1807
vn -0.9115 0.3694 0.1807
vn -0.2914 0.3702 -0.8821
vn -0.1578 0.3708 0.9152
vn 0.4573 0.3627 0.8120
vn 0.4573 0.3626 0.8120
vn 0.9155 0.3630 0.1736
vn -0.3146 0.3539 0.8808
vn -0.4877 0.3618 -0.7945
vn -0.4877 0.3619 -0.7945
vn -0.4709 0.3532 0.8084
vn 0.7176 0.3548 -0.5993
vn 0.7176 0.3549 -0.5993
vn 0.6143 0.3465 0.7089
vn 0.6143 0.3466 0.7089
vn 0.6144 0.3466 0.7088
vn 0.2998 0.3393 -0.8916
vn 0.6042 0.3374 -0.7219
vn 0.8746 0.3467 0.3388
vn 0.8746 0.3467 0.3389
vn 0.8185 0.3384 0.4643
vn 0.7483 0.3308 0.5750
vn 0.4741 0.3161 -0.8218
vn -0.9636 -0.2212 -0.1501
vn 0.9599 -0.2203 -0.1731
vn -0.8350 -0.2206 -0.5041
vn -0.8350 -0.2206 -0.5042
vn -0.9182 -0.2197 -0.3296
vn 0.9566 -0.2214 0.1898
vn 0.9566 -0.2214 0.1897
vn 0.9753 -0.2202 0.0157
vn 0.9753 -0.2202 0.0158
vn -0.8493 -0.2202 0.4797
vn -0.9724 -0.2196 0.0784
vn -0.9724 -0.2196 0.0785
vn 0.8919 -0.2210 -0.3946
vn 0.8919 -0.2210 -0.3947
vn -0.9586 -0.2200 0.1807
vn 0.8406 -0.2200 -0.4950
vn 0.8406 -0.2200 -0.4949
vn -0.7402 -0.2126 0.6379
vn -0.6161 -0.2133 0.7583
vn -0.9256 -0.2118 0.3138
vn -0.9256 -0.2118 0.3137
vn -0.6789 -0.2131 -0.7026
vn -0.6789 -0.2132 -0.7026
vn 0.9793 0.1264 -0.1580
vn 0.9794 0.1263 -0.1577
vn 0.9793 0.1263 -0.1580
vn 0.9793 0.1264 -0.1579
vn 0.6379 -0.2126 0.7402
vn 0.6378 -0.2126 0.7402
vn 0.8832 -0.2129 0.4180
vn 0.8832 -0.2129 0.4179
vn 0.8831 -0.2129 0.4180
vn 0.8453 -0.2133 0.4898
vn 0.7329 -0.2128 -0.6462
vn -0.6161 -0.2133 -0.7583
vn 0.6247 -0.2135 -0.7511
vn 0.6247 -0.2135 -0.7512
vn 0.6246 -0.2135 -0.7512
vn 0.7685 -0.2117 0.6038
vn -0.9781 0.1262 -0.1657
vn -0.9781 0.1262 -0.1656
vn 0.3302 -0.2122 0.9197
vn 0.3301 -0.2122 0.9198
vn 0.3302 -0.2123 0.9197
vn 0.3302 -0.2123 0.9198
vn 0.4713 -0.2121 0.8561
vn 0.4712 -0.2121 0.8561
vn -0.3302 -0.2122 -0.9197
vn -0.3301 -0.2122 -0.9198
vn -0.3302 -0.2123 -0.9197
vn -0.4813 -0.2052 -0.8522
vn -0.4814 -0.2052 -0.8522
vn 0.4566 -0.2047 -0.8658
vn 0.3302 -0.2123 -0.9197
vn 0.3302 -0.2122 -0.9198
vn 0.3302 -0.2122 -0.9197
vn -0.0158 -0.2052 0.9786
vn 0.1571 -0.2043 0.9662
vn 0.1572 -0.2043 0.9662
vn 0.0079 -0.2052 -0.9787
vn -0.8658 0.1102 0.4880
vn -0.1494 -0.2045 -0.9674
vn 0.1737 -0.2053 -0.9632
vn 0.1736 -0.2053 -0.9632
vn 0.1737 -0.2052 -0.9632
vn -0.3998 -0.2038 0.8937
vn -0.3998 -0.2038 0.8936
vn 0.0315 0.1182 -0.9925
vn 0.0315 0.1181 -0.9925
vn -0.3307 -0.2047 0.9213
vn 0.9249 0.1107 -0.3637
vn 0.9249 0.1107 -0.3636
vn 0.9928 0.1103 0.0472
vn 0.9928 0.1103 0.0473
vn -0.9927 0.1182 0.0236
vn -0.9927 0.1182 0.0237
vn -0.9786 0.1105 0.1736
vn -0.8571 0.1101 -0.5033
vn -0.8571 0.1101 -0.5032
vn -0.9304 0.1183 -0.3469
vn -0.2131 -0.2052 0.9552
vn -0.2131 -0.2053 0.9552
vn -0.2132 -0.2052 0.9552
vn -0.9429 0.1100 0.3143
vn -0.9429 0.1101 0.3143
vn 0.8431 0.1024 -0.5279
vn -0.6545 0.1025 -0.7491
vn 0.9699 0.1025 0.2208
vn 0.8571 0.1101 0.5033
vn -0.7564 0.1025 -0.6461
vn -0.7564 0.1024 -0.6461
vn -0.7417 0.1026 0.6628
vn 0.3547 0.0946 0.9302
vn 0.9203 0.1023 0.3776
vn 0.9203 0.1022 0.3776
vn -0.6248 0.0949 0.7750
vn -0.6247 0.0949 0.7750
vn 0.6123 0.0942 -0.7850
vn 0.7497 0.0947 -0.6550
vn -0.0157 0.0947 0.9954
vn -0.0158 0.0948 0.9954
vn -0.1342 0.0947 -0.9864
vn -0.1341 0.0947 -0.9864
vn 0.6677 0.0943 0.7384
vn 0.6677 0.0942 0.7384
vn 0.7888 0.0947 0.6074
vn 0.7888 0.0946 0.6073
vn 0.7888 0.0946 0.6074
vn -0.3455 0.0864 -0.9344
vn -0.3455 0.0863 -0.9344
vn 0.1649 0.0942 0.9818
vn 0.1650 0.0942 0.9818
vn 0.1649 0.0943 0.9818
vn 0.1816 0.0947 -0.9788
vn 0.1815 0.0947 -0.9788
vn -0.5340 0.0942 -0.8402
vn -0.5339 0.0942 -0.8402
vn 0.5099 0.0941 0.8551
vn -0.4951 0.0865 0.8645
vn -0.4951 0.0864 0.8645
vn -0.3552 0.0789 0.9314
vn -0.1969 0.0866 0.9766
vn 0.4737 0.0868 -0.8764
vn 0.4737 0.0869 -0.8764
vn 0.3457 0.0786 -0.9350
vn 0.3457 0.0785 -0.9351
vn -0.9809 -0.1413 -0.1334
vn -0.9809 -0.1412 -0.1334
vn -0.8367 -0.1421 -0.5289
vn -0.8604 -0.1419 0.4895
vn -0.8604 -0.1419 0.4896
vn -0.8604 -0.1422 0.4894
vn -0.8604 -0.1420 0.4894
vn 0.9734 -0.1413 -0.1806
vn 0.9734 -0.1413 -0.1805
vn 0.9653 -0.1413 0.2197
vn 0.9653 -0.1412 0.2197
vn 0.9653 -0.1413 0.2198
vn -0.3150 -0.1496 0.9372
vn -0.5902 -0.1416 -0.7947
vn -0.5902 -0.1416 -0.7948
vn 0.8332 -0.1415 -0.5345
vn 0.6383 -0.1418 0.7566
vn 0.6383 -0.1419 0.7566
vn 0.6384 -0.1419 0.7566
vn -0.9369 -0.1338 -0.3228
vn -0.9370 -0.1339 -0.3228
vn 0.8482 -0.1414 0.5105
vn 0.3319 -0.1423 0.9325
vn 0.3319 -0.1422 0.9325
vn 0.9905 -0.1337 0.0315
vn 0.9905 -0.1337 0.0314
vn 0.9905 -0.1336 0.0315
vn 0.9129 -0.1338 -0.3856
vn -0.9696 -0.1340 0.2049
vn 0.3319 -0.1423 -0.9325
vn 0.3320 -0.1423 -0.9325
vn 0.3319 -0.1422 -0.9325
vn 0.6164 -0.1422 -0.7745
vn 0.6164 -0.1423 -0.7745
vn 0.4894 -0.1420 0.8604
vn 0.4894 -0.1421 0.8604
vn -0.7000 -0.1416 -0.7000
vn -0.7000 -0.1415 -0.7000
vn -0.9895 -0.1335 0.0550
vn -0.6046 -0.1335 0.7852
vn -0.6047 -0.1334 0.7852
vn -0.6046 -0.1335 0.7853
vn -0.6047 -0.1335 0.7852
vn -0.3295 -0.1412 -0.9335
vn 0.0078 -0.1414 -0.9899
vn 0.0079 -0.1414 -0.9899
vn 0.7707 -0.1416 0.6213
vn 0.7707 -0.1415 0.6213
vn 0.9129 -0.1338 0.3856
vn 0.7428 -0.1343 -0.6559
vn -0.4801 -0.1417 -0.8657
vn -0.4801 -0.1416 -0.8657
vn -0.9311 -0.1342 0.3393
vn -0.9311 -0.1341 0.3393
vn -0.7645 -0.1340 0.6305
vn -0.0236 -0.1414 0.9897
vn -0.0235 -0.1414 0.9897
vn 0.1576 -0.1419 0.9773
vn 0.1576 -0.1418 0.9773
vn 0.4806 -0.1339 -0.8667
vn 0.4806 -0.1339 -0.8666
vn -0.2047 -0.1417 0.9685
vn 0.1807 -0.1336 -0.9744
vn -0.1655 -0.1339 -0.9771
vn -0.1655 -0.1340 -0.9771
vn -0.4173 -0.1417 0.8976
vn -0.3313 -0.0947 0.9388
vn -0.3313 -0.0947 0.9387
vn -0.6078 -0.0868 -0.7893
vn -0.9841 -0.0394 0.1732
vn -0.1497 -0.0867 0.9849
vn 0.3221 -0.0864 0.9427
vn 0.3221 -0.0864 0.9428
vn 0.4954 -0.0786 0.8651
vn 0.4955 -0.0787 0.8651
vn -0.0078 -0.0863 -0.9962
vn -0.0079 -0.0863 -0.9962
vn 0.3386 -0.0866 -0.9370
vn 0.3386 -0.0866 -0.9369
vn 0.6390 -0.0789 0.7652
vn -0.9992 -0.0394 -0.0078
vn -0.9992 -0.0393 -0.0079
vn -0.5140 -0.0791 0.8541
vn -0.5141 -0.0791 0.8541
vn -0.4646 -0.0788 -0.8820
vn -0.4646 -0.0787 -0.8820
vn 0.1728 -0.0785 -0.9818
vn 0.1728 -0.0786 -0.9818
vn 0.8506 -0.0788 -0.5198
vn 0.8597 -0.0789 0.5047
vn 0.8597 -0.0789 0.5048
vn -0.9838 -0.0472 -0.1731
vn -0.9838 -0.0472 -0.1732
vn 0.9810 -0.0471 0.1884
vn 0.9810 -0.0471 0.1883
vn 0.8548 -0.0392 0.5176
vn 0.8547 -0.0392 0.5176
vn -0.0078 -0.0785 0.9969
vn -0.0079 -0.0785 0.9969
vn 0.1421 -0.0789 0.9867
vn 0.9310 -0.0394 0.3629
vn 0.9310 -0.0395 0.3629
vn -0.7394 -0.0787 -0.6686
vn -0.1894 -0.0789 -0.9787
vn 0.4955 -0.0786 -0.8651
vn 0.4954 -0.0786 -0.8651
vn 0.7652 -0.0788 0.6389
vn 0.7652 -0.0789 0.6390
vn 0.7652 -0.0789 0.6389
vn -0.9803 -0.0553 0.1898
vn -0.9803 -0.0553 0.1897
vn -0.8651 -0.0787 0.4955
vn -0.8651 -0.0786 0.4955
vn -0.8651 -0.0786 0.4954
vn -0.8567 -0.0707 -0.5109
vn -0.3318 -0.0790 -0.9400
vn 0.6304 -0.0788 -0.7723
vn 0.6304 -0.0788 -0.7722
vn 0.9984 -0.0550 0.0157
vn -0.9428 -0.0471 -0.3300
vn -0.9428 -0.0472 -0.3300
vn 0.7433 -0.0791 -0.6642
vn 0.9356 -0.0708 -0.3459
vn 0.9314 -0.0789 0.3552
vn -0.9820 -0.0550 -0.1807
vn 0.9859 -0.0552 0.1577
vn 0.9859 -0.0552 0.1578
vn 0.8488 -0.0471 0.5266
vn 0.8488 -0.0472 0.5266
vn -0.3461 -0.0629 0.9361
vn 0.8622 -0.0705 -0.5016
vn 0.8622 -0.0706 -0.5016
vn 0.8622 -0.0706 0.5016
vn 0.8622 -0.0705 0.5016
vn 0.8622 -0.0705 0.5017
vn -0.9873 -0.0711 -0.1421
vn -0.9873 -0.0711 -0.1422
vn 0.9837 -0.0708 -0.1653
vn 0.9778 -0.0710 0.1971
vn 0.9778 -0.0710 0.1972
vn -0.8579 -0.0472 -0.5116
vn -0.9369 -0.0472 0.3464
vn -0.9381 -0.0709 0.3390
vn -0.9439 -0.0708 -0.3225
vn -0.8485 -0.0550 -0.5264
vn -0.8485 -0.0551 -0.5263
vn 0.8664 -0.0552 -0.4963
vn 0.8664 -0.0551 -0.4962
vn 0.9829 -0.0629 -0.1729
vn 0.9829 -0.0629 -0.1730
vn -0.8602 -0.0710 0.5051
vn -0.8602 -0.0710 0.5050
vn -0.9824 -0.0707 0.1729
vn -0.9867 -0.0631 -0.1500
vn -0.9867 -0.0632 -0.1500
vn -0.8694 -0.0632 -0.4900
vn -0.8694 -0.0633 -0.4900
vn -0.6273 -0.0627 -0.7762
vn -0.6273 -0.0627 -0.7763
vn 0.9867 -0.0632 -0.1500
vn 0.9867 -0.0631 -0.1500
vn 0.9810 -0.0706 0.1805
vn 0.9810 -0.0706 0.1806
vn -0.9793 -0.0711 0.1895
vn -0.9793 -0.0711 0.1896
vn 0.9424 -0.0550 0.3298
vn 0.9424 -0.0550 0.3299
vn -0.9982 -0.0550 -0.0236
vn -0.9982 -0.0551 -0.0236
vn -0.9982 -0.0549 -0.0236
vn -0.9810 -0.0706 0.1805
vn 0.9829 -0.0629 0.1730
vn 0.9365 -0.0551 -0.3463
vn -0.7584 -0.0711 0.6479
vn -0.7584 -0.0711 0.6478
vn -0.7585 -0.0711 0.6478
vn -0.9967 -0.0706 0.0392
vn -0.9967 -0.0706 0.0393
vn 0.9970 -0.0707 0.0314
vn 0.6311 -0.0631 -0.7731
vn 0.6397 -0.0632 0.7661
vn 0.6397 -0.0632 0.7660
vn 0.3156 -0.0631 0.9468
vn -0.6393 -0.0710 0.7656
vn 0.8572 -0.0629 -0.5112
vn 0.8572 -0.0629 -0.5111
vn 0.9984 -0.0550 -0.0157
vn 0.9420 -0.0628 -0.3297
vn -0.9424 -0.0550 -0.3299
vn -0.9182 -0.0550 0.3924
vn -0.9181 -0.0549 0.3924
vn -0.9182 -0.0549 0.3924
vn -0.9842 -0.0630 -0.1653
vn -0.9842 -0.0630 -0.1654
vn -0.8606 -0.0632 -0.5053
vn 0.8660 -0.0630 -0.4960
vn 0.9842 -0.0630 -0.1653
vn 0.8572 -0.0629 0.5112
vn -0.9439 -0.0708 0.3225
vn -0.9411 -0.0633 -0.3322
vn -0.9411 -0.0633 -0.3321
vn -0.9411 -0.0632 -0.3321
vn -0.7661 -0.0632 -0.6397
vn -0.7660 -0.0632 -0.6397
vn 0.9468 -0.0631 -0.3156
vn 0.9974 -0.0707 0.0157
vn 0.9356 -0.0708 0.3459
vn 0.9356 -0.0707 0.3459
vn 0.7622 -0.0628 0.6443
vn 0.7622 -0.0629 0.6443
vn 0.9386 -0.0631 0.3391
vn 0.9386 -0.0632 0.3392
vn 0.9386 -0.0631 0.3392
vn 0.9980 -0.0629 -0.0000
vn 0.9444 -0.0630 -0.3227
vn -0.9420 -0.0628 -0.3297
vn -0.9980 -0.0629 -0.0000
vn -0.9299 -0.0630 0.3625
vn -0.3322 -0.0633 -0.9411
vn -0.3321 -0.0633 -0.9411
vn -0.3321 -0.0632 -0.9411
vn -0.0236 -0.0629 -0.9977
vn -0.0236 -0.0628 -0.9977
vn 0.3391 -0.0632 -0.9386
vn 0.3392 -0.0631 -0.9386
vn 0.3391 -0.0631 -0.9386
vn -0.8485 -0.0550 0.5264
vn -0.9970 -0.0707 0.0314
vn -0.9970 -0.0706 0.0314
vn -0.4589 -0.0633 -0.8862
vn 0.7399 -0.0708 -0.6690
vn 0.4960 -0.0630 0.8660
vn -0.7483 -0.0473 -0.6617
vn -0.7483 -0.0473 -0.6616
vn -0.8328 -0.0628 0.5500
vn 0.0157 -0.0550 0.9984
vn 0.7553 -0.0551 -0.6530
vn 0.6228 -0.0552 -0.7804
vn -0.0946 -0.0631 0.9935
vn 0.5019 -0.0628 -0.8627
vn 0.5019 -0.0628 -0.8626
vn 0.5020 -0.0628 -0.8626
vn 0.7553 -0.0551 0.6530
vn 0.7553 -0.0551 0.6531
vn 0.7476 -0.0629 -0.6611
vn 0.7477 -0.0630 -0.6611
vn 0.7406 -0.0552 0.6697
vn 0.7406 -0.0551 0.6697
vn 0.7480 -0.0551 -0.6614
vn 0.6228 -0.0552 -0.7805
vn -0.6614 -0.0551 0.7480
vn -0.8481 -0.0628 0.5261
vn 0.7255 -0.0552 0.6860
vn 0.7255 -0.0552 0.6861
vn -0.7255 -0.0552 -0.6860
vn -0.7255 -0.0552 -0.6861
vn -0.6233 -0.0394 -0.7810
vn -0.6232 -0.0394 -0.7810
vn 0.6230 -0.0473 0.7808
vn -0.5736 -0.0550 0.8173
vn -0.7403 -0.0630 0.6694
vn -0.7402 -0.0630 0.6694
vn -0.2048 -0.0630 -0.9768
vn 0.1654 -0.0551 -0.9847
vn 0.1654 -0.0552 -0.9847
vn 0.1258 -0.0550 0.9905
vn -0.7406 -0.0552 -0.6697
vn -0.7406 -0.0551 -0.6697
vn 0.6138 -0.0630 -0.7869
vn 0.6138 -0.0629 -0.7870
vn -0.3302 -0.0314 0.9434
vn 0.4873 -0.0393 0.8724
vn 0.4811 -0.0473 -0.8754
vn -0.4873 -0.0393 -0.8724
vn -0.4872 -0.0393 -0.8724
vn -0.7331 -0.0552 0.6779
vn -0.6190 -0.0548 -0.7835
vn 0.6054 -0.0550 0.7940
vn 0.6054 -0.0550 0.7941
vn -0.6364 -0.0471 0.7700
vn -0.6364 -0.0468 0.7699
vn -0.6364 -0.0471 0.7699
vn -0.3301 -0.0393 -0.9431
vn 0.3301 -0.0393 -0.9431
vn 0.3231 -0.0315 0.9458
vn 0.3232 -0.0315 0.9458
vn 0.0079 -0.0393 0.9992
vn -0.7327 -0.0630 0.6776
vn -0.0000 -0.0393 -0.9992
vn -0.1259 -0.0315 0.9915
vn 0.1732 -0.0393 -0.9841
vn 0.1732 -0.0394 -0.9841
vn -0.1656 -0.0394 -0.9854
vn -0.1655 -0.0394 -0.9854
vn -0.5268 -0.0393 0.8491
vn -0.5267 -0.0393 0.8491
vn 0.1414 -0.0314 0.9895
vn 0.1413 -0.0314 0.9895
vn -0.6138 -0.0629 0.7869
vn -0.6138 -0.0630 0.7869
vn -0.6393 -0.0710 -0.7656
vn 0.6355 -0.0706 0.7689
vn 0.4560 -0.0550 -0.8883
vn 0.4559 -0.0550 -0.8883
vn -0.7324 -0.0709 0.6772
vn -0.3229 -0.0551 0.9448
vn -0.3229 -0.0550 0.9448
vn -0.3297 -0.0628 -0.9420
vn 0.3158 -0.0553 -0.9472
vn 0.3157 -0.0553 -0.9472
vn 0.3227 -0.0630 0.9444
vn 0.3227 -0.0629 0.9444
vn 0.4809 -0.0552 0.8750
vn 0.4809 -0.0552 0.8751
vn -0.5111 -0.0629 -0.8572
vn -0.5112 -0.0629 -0.8572
vn 0.4651 -0.0631 -0.8830
vn -0.6173 -0.0712 0.7835
vn -0.4809 -0.0552 0.8751
vn -0.0000 -0.0629 0.9980
vn 0.0157 -0.0629 -0.9979
vn 0.0157 -0.0628 -0.9979
vn 0.3295 -0.0706 -0.9415
vn 0.1653 -0.0629 0.9842
vn 0.1653 -0.0630 0.9842
vn 0.1654 -0.0629 0.9842
vn 0.1731 -0.0551 -0.9834
vn -0.1422 -0.0632 -0.9878
vn -0.1423 -0.0632 -0.9878
vn -0.1654 -0.0552 0.9847
vn -0.1654 -0.0551 0.9847
vn 0.4955 -0.0786 0.8651
vn -0.5291 -0.0790 -0.8449
vn -0.5290 -0.0790 -0.8449
vn -0.3385 -0.0866 -0.9370
vn -0.3386 -0.0866 -0.9369
vn -0.3386 -0.0867 -0.9369
vn -0.4862 -0.0784 0.8703
vn -0.4861 -0.0784 0.8704
vn -0.3386 -0.0866 0.9370
vn -0.3386 -0.0866 0.9369
vn -0.3385 -0.0866 0.9370
vn 0.3385 -0.0866 0.9370
vn 0.3386 -0.0866 0.9370
vn 0.3386 -0.0866 0.9369
vn 0.1894 -0.0789 -0.9787
vn 0.0237 -0.0869 -0.9959
vn -0.0079 -0.0870 0.9962
vn 0.1651 -0.0865 0.9825
vn -0.1343 -0.0869 -0.9871
vn -0.1893 -0.0868 0.9781
vt 0.939732 0.284086
vt 0.560268 0.284086
vt 0.583514 0.347953
vt 0.560268 0.215914
vt 0.916487 0.347953
vt 0.939732 0.215914
vt 0.626853 0.399603
vt 0.916486 0.152047
vt 0.873146 0.399603
vt 0.583514 0.152047
vt 0.815319 0.432990
vt 0.684681 0.432990
vt 0.750000 0.444507
vt 0.626854 0.100397
vt 0.873147 0.100397
vt 0.815319 0.067010
vt 0.684681 0.067010
vt 0.750000 0.055493
vt 0.290032 0.998786
vt 0.321066 0.998797
vt 0.330786 1.000000
vt 0.279932 1.000000
vt 0.277778 0.998936
vt 0.033838 0.211579
vt 0.108252 0.417146
vt 0.058672 0.358304
vt 0.032914 0.289632
vt 0.109121 0.082242
vt 0.059393 0.140694
vt 0.324781 0.454311
vt 0.176241 0.457149
vt 0.248979 0.470710
vt 0.248419 0.030081
vt 0.175046 0.041555
vt 0.438804 0.362484
vt 0.394091 0.416154
vt 0.467506 0.289794
vt 0.390801 0.081767
vt 0.326205 0.042324
vt 0.470030 0.210458
vt 0.443362 0.137986
vt 0.345137 0.998807
vt 0.335788 1.000000
vt 0.333333 0.999029
vt 0.377076 0.998804
vt 0.387168 1.000000
vt 0.099849 0.998823
vt 0.057687 1.000000
vt 0.066827 0.998824
vt 0.109125 1.000000
vt 0.956022 0.998865
vt 0.988306 0.998821
vt 0.996721 1.000000
vt 0.945589 1.000000
vt 0.225192 1.000000
vt 0.266331 0.998787
vt 0.275793 1.000000
vt 0.233707 0.998791
vt 0.454264 0.999411
vt 0.440836 1.000000
vt 0.434697 1.000000
vt 0.400143 0.998809
vt 0.433118 0.998797
vt 0.390490 1.000000
vt 0.043348 0.998821
vt 0.003490 1.000000
vt 0.012234 0.998810
vt 0.053229 1.000000
vt 0.843455 0.999205
vt 0.830876 1.000000
vt 0.822137 1.000000
vt 0.388889 0.999031
vt 0.004054 1.001170
vt -0.000000 0.999131
vt 0.011112 1.000000
vt 0.944444 0.999033
vt 0.766692 0.998823
vt 0.725026 1.000000
vt 0.733298 0.998826
vt 0.775498 1.000000
vt 0.232963 0.999299
vt 0.218746 1.000000
vt 0.210772 1.000000
vt 0.885399 1.000000
vt 0.836434 1.000000
vt 0.847804 0.998799
vt 0.874407 0.998803
vt 0.891661 1.000000
vt 0.932584 0.998867
vt 0.943430 1.000000
vt 0.900779 0.998839
vt 0.552509 1.000000
vt 0.501143 1.000000
vt 0.511778 0.998820
vt 0.543752 0.998814
vt 0.558695 1.000000
vt 0.599054 0.998818
vt 0.608820 1.000000
vt 0.567660 0.998810
vt 0.055555 0.998998
vt 0.719022 1.000000
vt 0.679134 0.998829
vt 0.709783 0.998829
vt 0.669502 1.000000
vt 0.382248 0.985060
vt 0.395952 0.985055
vt 0.118287 0.985041
vt 0.123383 0.998823
vt 0.104395 0.985042
vt 0.437352 0.985064
vt 0.062283 0.985041
vt 0.451291 0.985070
vt 0.457021 0.998782
vt 0.339978 0.985058
vt 0.623371 0.998821
vt 0.613435 1.000000
vt 0.611111 0.998970
vt 0.881842 0.985062
vt 0.895667 0.985024
vt 0.562475 0.985053
vt 0.548583 0.985049
vt 0.113270 1.000000
vt 0.111111 0.999003
vt 0.326443 0.985070
vt 0.173438 0.985052
vt 0.179689 0.998814
vt 0.154397 0.998825
vt 0.159486 0.985039
vt 0.937614 0.985004
vt 0.168899 1.000000
vt 0.209135 0.998798
vt 0.048618 0.985045
vt 0.618041 0.985042
vt 0.659733 0.985034
vt 0.654442 0.998832
vt 0.993234 0.985033
vt 1.000000 0.999039
vt 1.000000 0.985245
vt 0.951235 0.985001
vt 0.784726 0.985051
vt 0.789632 0.998814
vt 0.771148 0.985041
vt 0.673457 0.985037
vt 0.006930 0.985053
vt 0.215453 0.985063
vt 0.826409 0.985056
vt 0.821489 0.998808
vt 0.900666 0.999312
vt 0.875433 1.000000
vt 0.728852 0.985039
vt 0.715454 0.985036
vt 0.229189 0.985075
vt 0.840357 0.985065
vt 0.270848 0.985077
vt 0.284630 0.985078
vt 0.604206 0.985047
vt 0.780218 1.000000
vt 0.555555 0.999033
vt 0.717140 0.500000
vt 0.693412 0.506517
vt 0.671839 0.500000
vt 0.695480 0.506519
vt 0.248799 0.506607
vt 0.272719 0.500000
vt 0.251193 0.506602
vt 0.227281 0.500000
vt 0.727281 0.500000
vt 0.751049 0.506545
vt 0.748950 0.506547
vt 0.772719 0.500000
vt 0.328161 0.500000
vt 0.306352 0.506548
vt 0.282860 0.500000
vt 0.304758 0.506546
vt 0.661432 0.500000
vt 0.638251 0.506547
vt 0.616492 0.500000
vt 0.639522 0.506544
vt 0.860597 0.506660
vt 0.838568 0.500000
vt 0.861621 0.506658
vt 0.883508 0.500000
vt 0.804531 0.506634
vt 0.828161 0.500000
vt 0.806573 0.506640
vt 0.782860 0.500000
vt 0.193382 0.506633
vt 0.217140 0.500000
vt 0.195520 0.506636
vt 0.171839 0.500000
vt 0.506968 0.985045
vt 0.487588 0.998810
vt 0.493195 0.985050
vt 0.338568 0.500000
vt 0.361916 0.506641
vt 0.360306 0.506639
vt 0.383508 0.500000
vt 0.164622 1.000000
vt 0.116492 0.500000
vt 0.139261 0.506628
vt 0.138519 0.506629
vt 0.161432 0.500000
vt 0.082791 0.506682
vt 0.105655 0.500000
vt 0.083867 0.506682
vt 0.061148 0.500000
vt 0.582968 0.506666
vt 0.605655 0.500000
vt 0.583690 0.506666
vt 0.561148 0.500000
vt 0.416436 0.506667
vt 0.394345 0.500000
vt 0.416898 0.506667
vt 0.438851 0.500000
vt 0.938851 0.500000
vt 0.917164 0.506677
vt 0.894345 0.500000
vt 0.916178 0.506675
vt 0.049910 0.500000
vt 0.027773 0.506662
vt 0.027772 0.506662
vt 0.005702 0.500000
vt 0.472193 0.506640
vt 0.450090 0.500000
vt 0.472270 0.506640
vt 0.494298 0.500000
vt 0.527359 0.506671
vt 0.549910 0.500000
vt 0.528207 0.506671
vt 0.505702 0.500000
vt 0.994298 0.500000
vt 0.971937 0.506726
vt 0.950090 0.500000
vt 0.972491 0.506726
vt 0.448521 1.000000
vt 0.498779 1.000000
vt 0.715813 0.495636
vt 0.722222 0.505834
vt 0.695532 0.500000
vt 0.271323 0.495544
vt 0.277778 0.505824
vt 0.251386 0.500000
vt 0.672955 0.495599
vt 0.693282 0.500000
vt 0.666667 0.505733
vt 0.228350 0.495602
vt 0.248780 0.500000
vt 0.222222 0.505949
vt 0.840076 0.495627
vt 0.860603 0.500000
vt 0.833333 0.505933
vt 0.784026 0.495574
vt 0.777778 0.505803
vt 0.777778 0.505792
vt 0.340298 0.495633
vt 0.360241 0.500000
vt 0.333333 0.505877
vt 0.177218 0.999179
vt 0.155057 1.000000
vt 0.897007 0.495666
vt 0.888889 0.505779
vt 0.888889 0.505861
vt 0.117659 0.495682
vt 0.111111 0.505995
vt 0.111111 0.505859
vt 0.171749 0.495599
vt 0.193107 0.500000
vt 0.166666 0.505913
vt 0.604202 0.495675
vt 0.611111 0.505902
vt 0.583844 0.500000
vt 0.396103 0.495685
vt 0.416403 0.500000
vt 0.388889 0.505888
vt 0.061983 0.495649
vt 0.082867 0.500000
vt 0.055555 0.505884
vt 0.548197 0.495734
vt 0.555555 0.505951
vt 0.528097 0.500000
vt 1.000000 0.505969
vt 0.438378 0.495677
vt 0.444444 0.505847
vt 0.416895 0.500000
vt 0.663907 1.000000
vt 0.271711 0.979923
vt 0.283776 0.980021
vt 0.506482 0.495715
vt 0.527168 0.500000
vt 0.500000 0.505946
vt 0.950979 0.495724
vt 0.944444 0.505997
vt 0.944444 0.505979
vt 0.506114 0.979198
vt 0.493903 0.979019
vt 0.716281 0.978684
vt 0.728140 0.978831
vt 0.827228 0.979431
vt 0.839432 0.979533
vt 0.777778 0.999029
vt 0.327295 0.979653
vt 0.061566 0.979325
vt 0.049499 0.979437
vt -0.000000 0.980395
vt -0.005604 0.988996
vt -0.000000 0.979616
vt 0.007390 0.983864
vt 0.228267 0.979357
vt 0.882765 0.979015
vt 0.605019 0.979030
vt 0.617264 0.979015
vt 0.894929 0.978869
vt 0.006149 0.979429
vt 0.672529 0.978778
vt 0.660443 0.978809
vt 0.771826 0.978908
vt 0.117356 0.979242
vt 0.105227 0.979427
vt 0.549413 0.979749
vt 0.783795 0.978978
vt 0.339251 0.979564
vt 0.395098 0.979232
vt 0.383033 0.979489
vt 0.450485 0.978652
vt 0.561560 0.979751
vt 0.938411 0.978394
vt 0.994009 0.979386
vt 0.950517 0.978403
vt 0.160318 0.978281
vt 0.172659 0.978488
vt 0.216197 0.979199
vt 0.510469 0.999079
vt 0.486560 1.000000
vt 0.438228 0.978516
vt 0.271987 0.972485
vt 0.283585 0.972374
vt 0.493954 0.973387
vt 0.505912 0.973190
vt 0.327485 0.972733
vt 0.676987 0.999247
vt 0.654712 1.000000
vt 0.722222 0.999008
vt 0.227993 0.973028
vt 0.716442 0.973704
vt 0.728065 0.973558
vt 0.827454 0.972971
vt 0.839292 0.972861
vt 0.450421 0.973736
vt 0.882901 0.973367
vt 0.549618 0.972658
vt 0.061379 0.973063
vt 0.049687 0.972952
vt 0.005960 0.972960
vt -0.000000 0.973352
vt 0.672367 0.973613
vt 0.771902 0.973483
vt 0.894838 0.973525
vt 0.660537 0.973577
vt 0.605254 0.973340
vt 0.617169 0.973374
vt 0.783575 0.973406
vt 0.339138 0.972827
vt 0.561323 0.972647
vt 0.994144 0.973008
vt 0.950396 0.973967
vt 0.105414 0.972963
vt 0.216237 0.973199
vt 0.938496 0.973991
vt 0.383146 0.972901
vt 0.117117 0.973162
vt 0.438469 0.973856
vt 0.394839 0.973174
vt 0.172622 0.973905
vt 0.160534 0.974078
vt 0.731481 0.626177
vt 0.713214 0.626195
vt 0.287383 0.626180
vt 0.268760 0.626113
vt 0.657310 0.626169
vt 0.675704 0.626207
vt 0.231193 0.626094
vt 0.213158 0.626078
vt 0.843016 0.626038
vt 0.824189 0.626045
vt 0.768507 0.626182
vt 0.323748 0.626171
vt 0.786980 0.626071
vt 0.342385 0.626087
vt 0.879161 0.626057
vt 0.897980 0.626039
vt 0.620421 0.626150
vt 0.272154 0.959832
vt 0.283542 0.959887
vt 0.121108 0.626079
vt 0.102162 0.626041
vt 0.175761 0.626089
vt 0.156637 0.626094
vt 0.379861 0.626077
vt 0.601800 0.626061
vt 0.398477 0.626058
vt 0.716662 0.960209
vt 0.728043 0.960057
vt 0.064516 0.626047
vt 0.045957 0.626066
vt 0.564849 0.626055
vt 0.546827 0.626049
vt 0.434850 0.626061
vt 0.453925 0.626084
vt -0.000000 0.624924
vt 0.009590 0.626064
vt -0.000000 0.505825
vt 0.508748 0.626056
vt 0.490512 0.626089
vt 0.827657 0.959895
vt 0.839225 0.960101
vt 0.935402 0.626019
vt 0.494152 0.960125
vt 0.505680 0.960066
vt 0.953510 0.625992
vt 0.327556 0.959770
vt 0.227838 0.959694
vt 0.771962 0.959735
vt 0.783431 0.959685
vt 0.672230 0.960256
vt 0.660607 0.960228
vt 0.990910 0.626000
vt 0.339091 0.959747
vt 0.605550 0.960072
vt 0.617193 0.960095
vt 0.216276 0.959627
vt 0.172624 0.959571
vt 0.160928 0.959773
vt 0.882980 0.960228
vt 0.049811 0.960326
vt 0.061144 0.960286
vt 0.894690 0.960339
vt 0.394518 0.959900
vt 0.383102 0.959727
vt 0.993689 0.968525
vt 1.000000 0.959595
vt 1.000000 0.968525
vt 0.994234 0.960338
vt 0.549879 0.959988
vt 0.105539 0.960355
vt 0.116870 0.960170
vt 0.561132 0.959946
vt 0.005753 0.960319
vt 0.450296 0.960216
vt 0.938641 0.960323
vt 0.950212 0.960322
vt 0.438783 0.960089
vt 0.730583 0.641127
vt 0.714088 0.641173
vt 0.674815 0.641355
vt 0.658277 0.641368
vt 0.825021 0.640986
vt 0.842091 0.640928
vt 0.269679 0.641146
vt 0.286458 0.641186
vt 0.230311 0.641036
vt 0.213983 0.641029
vt 0.952647 0.641077
vt 0.936353 0.640975
vt 0.602637 0.641095
vt 0.619502 0.641264
vt 0.324655 0.641160
vt 0.341395 0.641116
vt 0.102993 0.641056
vt 0.120059 0.641034
vt 0.174924 0.641116
vt 0.157709 0.641101
vt 0.046877 0.641279
vt 0.063688 0.641184
vt 0.769405 0.641227
vt 0.786105 0.641180
vt 0.452968 0.641364
vt 0.435745 0.641295
vt 0.397574 0.641109
vt 0.380827 0.641050
vt 0.896983 0.641017
vt 0.880109 0.641028
vt 0.547660 0.640974
vt 0.564030 0.640955
vt 0.491454 0.641343
vt 0.507895 0.641154
vt -0.000000 0.632727
vt -0.000000 0.625417
vt 0.008320 0.632727
vt -0.010120 0.624301
vt 0.008682 0.641370
vt 0.991797 0.641286
vt 0.951762 0.740278
vt 0.937548 0.740403
vt 0.618342 0.740107
vt 0.603443 0.740279
vt 0.784083 0.884489
vt 0.771659 0.884444
vt 0.992699 0.740086
vt 0.062826 0.740221
vt 0.048045 0.740100
vt 0.103845 0.740339
vt 0.507126 0.740219
vt 0.492800 0.740036
vt 0.451622 0.740018
vt 0.436960 0.740105
vt 0.118266 0.740347
vt 0.728338 0.884110
vt 0.895785 0.740364
vt 0.563234 0.740410
vt 0.340054 0.740270
vt 0.325912 0.740222
vt 0.173995 0.740287
vt 0.159513 0.740289
vt 0.716107 0.883969
vt 0.216074 0.884555
vt 0.228614 0.884487
vt 0.160509 0.884392
vt 0.172825 0.884608
vt 0.007505 0.740017
vt -0.000000 0.640935
vt -0.000000 0.740313
vt 0.659447 0.740014
vt 0.548417 0.740388
vt 0.396378 0.740274
vt 0.784438 0.867251
vt 0.771452 0.867281
vt 0.840754 0.740467
vt 0.825899 0.740413
vt 0.673739 0.740046
vt 0.382161 0.740328
vt 0.271387 0.884336
vt 0.672782 0.883919
vt 0.285199 0.740199
vt 0.214904 0.740368
vt 0.728542 0.867190
vt 0.715819 0.867084
vt 0.215894 0.867282
vt 0.228917 0.867292
vt 0.160180 0.867034
vt 0.172989 0.867281
vt 0.951436 0.757372
vt 0.937885 0.757474
vt 0.326233 0.757076
vt 0.339796 0.757099
vt 0.173668 0.757028
vt 0.159836 0.757213
vt 0.729397 0.740258
vt 0.715146 0.740211
vt 0.270709 0.740247
vt 0.229292 0.740348
vt 0.660157 0.883964
vt 0.827017 0.884259
vt 0.785213 0.740232
vt 0.659995 0.867078
vt 0.673061 0.867059
vt 0.326982 0.884416
vt 0.339665 0.867211
vt 0.339510 0.884431
vt 0.326717 0.867233
vt 0.284397 0.867245
vt 0.284110 0.884291
vt 0.271082 0.867270
vt 0.826165 0.757150
vt 0.840402 0.757310
vt 0.770930 0.757019
vt 0.784950 0.757039
vt 0.770601 0.740168
vt 0.729069 0.757116
vt 0.715417 0.757220
vt 0.673464 0.757245
vt 0.659709 0.757237
vt 0.603856 0.757218
vt 0.618065 0.757175
vt 0.270925 0.757040
vt 0.284880 0.757063
vt 0.229074 0.757018
vt 0.215215 0.757026
vt 0.881459 0.740377
vt 0.396106 0.757220
vt 0.382428 0.757092
vt 0.104143 0.757453
vt 0.117930 0.757384
vt 0.048407 0.757260
vt 0.062500 0.757332
vt 0.826683 0.867147
vt 0.548742 0.757364
vt 0.562814 0.757347
vt 0.493272 0.757161
vt 0.506803 0.757238
vt 0.451178 0.757132
vt 0.437257 0.757174
vt 0.839827 0.866980
vt 0.617780 0.867140
vt 0.839583 0.884066
vt -0.000000 0.748657
vt 0.007273 0.757135
vt -0.000000 0.739735
vt 0.382559 0.867218
vt 0.382682 0.884451
vt 0.395356 0.867106
vt 0.993016 0.757219
vt 0.117273 0.883972
vt 0.117579 0.866872
vt 0.394986 0.884261
vt 0.895457 0.757550
vt 0.881822 0.757464
vt 0.617647 0.884101
vt 0.604947 0.867081
vt 0.104956 0.866880
vt 0.007136 0.757181
vt 0.950807 0.866949
vt 0.938410 0.866841
vt 0.061696 0.866992
vt 0.438004 0.867150
vt 0.561711 0.866966
vt 0.882405 0.866835
vt 0.605243 0.884113
vt 0.105215 0.883828
vt 0.894931 0.866765
vt 0.549470 0.866956
vt 0.450337 0.867174
vt 0.049173 0.867060
vt 0.993638 0.867093
vt 1.000000 0.757337
vt 1.000000 0.867078
vt 0.882625 0.883934
vt 0.506083 0.867073
vt 0.494114 0.867148
vt 0.006375 0.867134
vt 0.894783 0.883838
vt 0.438321 0.884061
vt 0.938548 0.883854
vt 0.950571 0.883854
vt 0.549682 0.884187
vt 0.561441 0.884243
vt 0.450219 0.883969
vt 0.049441 0.883851
vt 0.061470 0.883898
vt 1.000000 0.875651
vt 0.993942 0.875651
vt 0.494230 0.884058
vt 0.505876 0.884107
vt 0.006124 0.883857
vt 0.993875 0.883838
vt 1.000000 0.883124
s 1
usemtl Carrot1Mtl
f 1/1/1 2/2/1 3/3/1
f 2/2/1 1/1/1 4/4/1
f 1/1/1 3/3/1 5/5/1
f 4/4/1 1/1/1 6/6/1
f 7/7/1 5/5/1 3/3/1
f 8/8/1 4/4/1 6/6/1
f 5/5/1 7/7/1 9/9/2
f 4/4/1 8/8/1 10/10/1
f 7/7/1 11/11/3 9/9/2
f 12/12/1 11/11/3 7/7/1
f 11/11/3 12/12/1 13/13/1
f 10/10/1 8/8/1 14/14/1
f 15/15/4 14/14/1 8/8/1
f 16/16/1 14/14/1 15/15/4
f 14/14/1 16/16/1 17/17/1
f 17/17/1 16/16/1 18/18/1
f 19/19/5 20/20/5 21/21/5
f 19/19/5 21/21/5 22/22/5
f 23/19/6 24/22/6 25/23/6
f 26/24/7 27/25/8 28/26/7
f 26/24/7 28/26/7 29/27/8
f 26/24/7 30/28/7 27/25/8
f 30/28/7 26/24/7 31/29/8
f 30/28/7 32/30/8 27/25/8
f 27/25/8 32/30/8 33/31/8
f 33/31/8 32/30/8 34/32/7
f 32/30/8 30/28/7 35/33/7
f 35/33/7 30/28/7 36/34/8
f 32/30/8 37/35/7 38/36/9
f 32/30/8 39/37/7 37/35/7
f 40/38/7 32/30/8 35/33/7
f 32/30/8 40/38/7 39/37/7
f 40/38/7 35/33/7 41/39/10
f 40/38/7 42/40/8 39/37/7
f 42/40/8 40/38/7 43/41/8
f 44/42/11 45/43/11 46/44/11
f 47/45/12 48/43/13 49/42/12
f 48/43/13 47/45/12 50/46/12
f 51/47/14 52/48/14 53/49/14
f 52/48/14 51/47/14 54/50/15
f 55/51/16 56/52/16 57/53/16
f 55/51/16 57/53/16 58/54/16
f 59/55/17 60/56/17 61/57/17
f 60/56/17 59/55/17 62/58/17
f 63/59/18 64/60/18 65/61/18
f 66/60/19 67/62/20 68/63/20
f 67/62/20 66/60/19 69/64/20
f 70/65/21 71/66/21 72/67/21
f 71/66/21 70/65/21 73/68/22
f 74/69/23 75/70/23 76/71/23
f 77/62/24 78/64/24 79/72/24
f 80/73/25 81/74/25 82/75/25
f 83/51/26 84/54/26 85/76/26
f 86/77/27 87/78/28 88/79/29
f 87/78/28 86/77/27 89/80/28
f 90/81/30 91/82/30 92/83/30
f 93/84/31 94/85/31 95/86/31
f 93/84/31 95/86/31 96/87/32
f 97/88/33 98/89/33 99/90/33
f 98/89/33 97/88/33 100/91/34
f 101/92/35 102/93/35 103/94/35
f 101/92/35 103/94/35 104/95/35
f 105/96/36 106/97/36 107/98/37
f 106/97/36 105/96/36 108/99/36
f 109/49/38 110/48/38 111/100/38
f 112/101/39 113/102/40 114/103/39
f 113/102/40 112/101/39 115/104/40
f 116/62/41 117/105/41 118/106/41
f 117/105/41 116/62/41 119/45/41
f 120/107/42 121/108/42 122/47/42
f 120/107/42 122/47/42 123/109/42
f 124/63/43 125/106/43 126/110/43
f 125/106/43 124/63/43 127/62/43
f 128/49/44 129/109/45 130/47/44
f 129/109/45 128/49/44 131/111/45
f 132/112/46 133/113/46 134/63/46
f 132/112/46 134/63/46 135/110/46
f 136/114/47 137/45/48 138/42/48
f 137/45/48 136/114/47 139/105/48
f 140/115/49 141/116/49 142/117/49
f 143/118/50 144/91/50 145/87/50
f 144/91/50 143/118/50 146/119/50
f 147/120/51 148/99/51 149/95/51
f 149/95/51 150/121/52 147/120/51
f 151/108/53 152/122/53 153/123/53
f 154/124/54 155/42/54 156/20/54
f 155/42/54 154/124/54 157/114/54
f 158/125/55 159/126/56 160/127/56
f 160/127/56 161/128/56 158/125/55
f 162/108/57 163/128/57 164/127/58
f 163/128/57 162/108/57 165/107/57
f 166/119/59 167/89/59 168/91/60
f 167/89/59 166/119/59 169/129/59
f 170/82/61 171/130/61 172/126/61
f 170/82/61 172/126/61 173/131/62
f 174/111/63 175/49/63 176/65/63
f 174/111/63 176/65/63 177/132/63
f 178/115/64 179/133/64 180/134/64
f 180/134/64 181/135/65 178/115/64
f 182/136/66 183/137/66 184/52/67
f 183/137/66 182/136/66 185/138/67
f 186/129/68 187/51/69 188/89/69
f 187/51/69 186/129/68 189/139/68
f 190/140/70 191/141/71 192/77/71
f 190/140/70 192/77/71 193/142/70
f 194/143/72 195/135/72 196/134/72
f 195/135/72 194/143/72 197/102/72
f 198/144/73 199/132/73 200/67/73
f 199/132/73 201/65/74 200/67/73
f 202/139/75 203/52/75 204/51/75
f 203/52/75 202/139/75 205/136/75
f 206/125/76 207/131/76 208/126/76
f 207/131/76 206/125/76 209/145/77
f 210/141/78 211/146/78 212/147/78
f 211/146/78 210/141/78 213/140/78
f 214/148/79 215/84/79 216/149/79
f 217/150/80 218/79/80 219/103/80
f 217/150/80 219/103/80 220/151/80
f 221/145/81 222/58/81 223/131/81
f 222/58/81 221/145/81 224/152/81
f 225/153/82 226/87/82 227/86/82
f 226/87/82 225/153/82 228/118/82
f 229/153/83 230/86/83 231/147/83
f 231/147/83 232/146/83 229/153/83
f 233/79/84 234/142/84 235/77/85
f 234/142/84 233/79/84 236/150/84
f 237/58/86 238/152/87 239/154/86
f 237/58/86 239/154/86 240/56/86
f 241/155/88 242/20/88 243/19/88
f 242/20/88 241/155/88 244/124/88
f 245/99/89 246/120/89 247/156/89
f 245/99/89 247/156/89 248/97/90
f 249/155/91 250/56/91 251/154/91
f 250/56/91 249/155/91 252/19/91
f 253/143/92 254/151/93 255/102/93
f 254/151/93 256/103/93 255/102/93
f 257/133/94 258/97/94 259/156/94
f 258/97/94 257/133/94 260/115/94
f 261/157/95 262/147/95 263/70/95
f 262/147/95 261/157/95 264/141/95
f 265/99/96 266/96/96 267/158/96
f 268/159/97 269/160/97 270/161/98
f 269/160/97 268/159/97 271/162/97
f 272/163/99 273/164/99 274/165/99
f 273/164/99 272/163/99 275/166/99
f 276/167/100 277/168/100 278/169/100
f 277/168/100 276/167/100 279/170/100
f 280/171/101 281/172/101 282/173/101
f 282/173/101 281/172/101 283/174/101
f 284/175/102 285/176/102 286/177/102
f 285/176/102 284/175/102 287/178/102
f 288/179/103 289/180/104 290/181/105
f 290/181/105 289/180/104 291/182/105
f 292/183/106 293/184/106 294/185/106
f 293/184/106 292/183/106 295/186/106
f 296/187/107 297/188/107 298/189/107
f 297/188/107 296/187/107 299/190/107
f 300/191/108 301/94/108 302/192/108
f 302/192/108 303/193/109 300/191/108
f 304/113/110 305/193/110 306/192/110
f 305/193/110 304/113/110 307/112/110
f 308/194/111 309/195/111 310/196/111
f 308/194/111 311/197/112 309/195/111
f 312/122/113 313/127/113 314/198/113
f 313/127/113 312/122/113 315/108/114
f 316/199/115 317/200/116 318/201/116
f 317/200/116 316/199/115 319/202/116
f 320/203/117 321/204/118 322/205/119
f 321/204/118 320/203/117 323/206/118
f 324/207/120 325/208/121 326/209/122
f 325/208/121 324/207/120 327/210/121
f 328/211/123 329/212/123 330/213/124
f 330/213/124 329/212/123 331/214/123
f 332/215/125 333/216/126 334/217/127
f 333/216/126 335/218/128 334/217/127
f 336/219/129 337/220/130 338/221/131
f 339/222/129 336/219/129 338/221/131
f 340/223/132 341/224/133 342/225/132
f 342/225/132 341/224/133 343/226/134
f 344/227/135 345/228/135 346/229/135
f 345/228/135 344/227/135 347/230/135
f 348/191/136 349/95/136 350/94/137
f 349/95/136 348/191/136 351/121/136
f 352/231/138 353/232/139 354/233/138
f 353/232/139 352/231/138 355/234/140
f 356/235/141 357/192/141 358/236/142
f 357/192/141 356/235/141 359/113/143
f 360/237/144 361/238/144 362/239/144
f 363/240/145 364/241/145 365/242/145
f 366/243/146 367/244/146 368/245/146
f 369/246/147 370/247/147 371/248/147
f 372/249/148 373/250/148 374/251/148
f 375/252/149 376/253/149 377/254/149
f 378/255/150 379/256/150 380/257/150
f 381/258/151 382/198/151 383/259/151
f 384/260/152 385/261/152 386/262/152
f 387/263/153 388/264/153 389/265/153
f 390/266/154 391/267/154 392/268/154
f 393/269/155 394/270/155 395/271/155
f 396/272/156 397/273/156 398/274/156
f 399/275/157 400/276/157 401/277/157
f 402/278/158 403/279/158 404/280/158
f 405/234/159 406/231/159 407/281/159
f 408/282/160 409/283/160 410/284/160
f 411/135/161 412/116/161 413/115/161
f 412/116/161 411/135/161 414/285/162
f 415/286/163 416/155/163 417/154/163
f 416/155/163 415/286/163 418/287/163
f 419/288/164 420/289/164 421/290/164
f 422/291/165 423/292/165 424/293/165
f 425/193/166 426/294/166 427/191/166
f 426/294/166 425/193/166 428/295/166
f 429/150/167 430/296/168 431/297/167
f 430/296/168 429/150/167 432/151/167
f 433/153/169 434/298/169 435/299/169
f 434/298/169 433/153/169 436/146/169
f 437/141/170 438/157/170 439/300/170
f 440/287/171 441/301/171 442/124/171
f 440/287/171 442/124/171 443/155/171
f 444/111/172 445/132/173 446/302/172
f 446/302/172 445/132/173 447/303/174
f 448/304/175 449/305/175 450/306/175
f 449/305/175 448/304/175 451/307/175
f 452/152/176 453/286/176 454/154/176
f 453/286/176 452/152/176 455/308/176
f 456/299/177 457/118/177 458/153/178
f 457/118/177 456/299/177 459/309/177
f 460/310/179 461/133/180 462/156/180
f 461/133/180 460/310/179 463/311/179
f 464/309/181 465/119/181 466/118/181
f 465/119/181 464/309/181 467/312/181
f 468/303/182 469/144/183 470/313/183
f 469/144/183 468/303/182 471/132/184
f 472/314/185 473/296/186 474/151/186
f 472/314/185 474/151/186 475/143/185
f 476/315/187 477/314/188 478/134/189
f 477/314/188 479/143/189 478/134/189
f 480/297/190 481/316/190 482/142/190
f 482/142/190 483/150/190 480/297/190
f 484/311/191 485/315/191 486/134/191
f 484/311/191 486/134/191 487/133/191
f 488/109/192 489/317/192 490/107/192
f 489/317/192 488/109/192 491/318/193
f 492/318/194 493/111/194 494/302/194
f 493/111/194 492/318/194 495/109/194
f 496/294/195 497/121/196 498/191/197
f 497/121/196 496/294/195 499/319/195
f 500/140/198 501/298/198 502/146/199
f 501/298/198 500/140/198 503/320/200
f 504/301/201 505/114/202 506/124/202
f 505/114/202 504/301/201 507/321/203
f 508/106/204 509/105/204 510/322/205
f 510/322/205 509/105/204 511/323/204
f 512/112/206 513/295/206 514/193/207
f 513/295/206 512/112/206 515/324/206
f 516/142/208 517/320/208 518/140/208
f 517/320/208 516/142/208 519/316/208
f 520/323/209 521/114/210 522/321/209
f 521/114/210 520/323/209 523/105/209
f 524/325/211 525/156/212 526/120/211
f 525/156/212 524/325/211 527/310/212
f 528/319/213 529/120/213 530/121/213
f 529/120/213 528/319/213 531/325/213
f 532/312/214 533/129/214 534/119/214
f 533/129/214 532/312/214 535/326/214
f 536/327/215 537/139/215 538/328/215
f 537/139/215 536/327/215 539/136/215
f 540/125/216 541/329/216 542/330/217
f 541/329/216 540/125/216 543/128/217
f 544/308/218 545/145/218 546/331/218
f 545/145/218 544/308/218 547/152/218
f 548/128/219 549/107/220 550/317/220
f 548/128/219 550/317/220 551/329/221
f 552/330/222 553/145/223 554/125/222
f 553/145/223 552/330/222 555/331/223
f 556/332/224 557/236/224 558/333/224
f 559/129/225 560/326/225 561/328/225
f 561/328/225 562/139/225 559/129/225
f 563/322/226 564/334/227 565/110/226
f 565/110/226 566/106/226 563/322/226
f 567/112/228 568/334/229 569/324/228
f 568/334/229 567/112/228 570/110/228
f 571/335/230 572/287/230 573/286/230
f 572/287/230 571/335/230 574/336/230
f 575/337/231 576/294/231 577/295/231
f 576/294/231 575/337/231 578/338/231
f 579/301/232 580/336/232 581/339/232
f 580/336/232 579/301/232 582/287/232
f 583/340/233 584/285/233 585/341/233
f 586/79/234 587/78/234 588/342/234
f 589/343/235 590/286/235 591/308/235
f 590/286/235 589/343/235 592/335/235
f 593/297/236 594/344/236 595/345/236
f 594/344/236 593/297/236 596/296/236
f 597/299/237 598/346/238 599/347/237
f 598/346/238 597/299/237 600/298/237
f 601/295/239 602/348/240 603/337/240
f 602/348/240 601/295/239 604/324/239
f 605/347/241 606/309/241 607/299/241
f 606/309/241 605/347/241 608/349/242
f 609/338/243 610/319/243 611/294/243
f 610/319/243 609/338/243 612/350/243
f 613/303/244 614/351/244 615/302/244
f 614/351/244 613/303/244 616/352/244
f 617/303/245 618/313/245 619/352/246
f 620/353/246 619/352/246 618/313/245
f 621/354/247 622/353/247 623/306/247
f 622/353/247 624/313/248 623/306/247
f 625/296/249 626/355/249 627/344/249
f 626/355/249 625/296/249 628/314/249
f 629/316/250 630/345/251 631/356/252
f 630/345/251 629/316/250 632/297/251
f 633/349/253 634/312/253 635/309/253
f 634/312/253 633/349/253 636/357/253
f 637/358/254 638/314/254 639/315/254
f 638/314/254 637/358/254 640/355/254
f 641/359/255 642/311/255 643/310/255
f 642/311/255 641/359/255 644/360/255
f 645/298/256 646/361/257 647/346/256
f 646/361/257 645/298/256 648/320/257
f 649/362/258 650/301/258 651/339/258
f 650/301/258 649/362/258 652/321/258
f 653/315/259 654/360/260 655/358/261
f 654/360/260 653/315/259 656/311/261
f 657/320/262 658/316/263 659/361/262
f 658/316/263 660/356/262 659/361/262
f 661/350/264 662/325/264 663/319/264
f 662/325/264 661/350/264 664/363/264
f 665/327/265 666/328/265 667/364/265
f 668/365/265 667/364/265 666/328/265
f 669/302/266 670/366/266 671/318/267
f 670/366/266 669/302/266 672/351/266
f 673/367/268 674/343/268 675/331/268
f 675/331/268 674/343/268 676/308/268
f 677/365/269 678/326/269 679/368/269
f 678/326/269 677/365/269 680/328/269
f 681/363/270 682/310/270 683/325/271
f 682/310/270 681/363/270 684/359/271
f 685/357/272 686/368/272 687/312/272
f 687/312/272 686/368/272 688/326/272
f 689/323/273 690/321/274 691/369/274
f 692/362/273 691/369/274 690/321/274
f 693/317/275 694/318/276 695/370/277
f 694/318/276 696/366/276 695/370/277
f 697/324/278 698/371/278 699/348/278
f 698/371/278 697/324/278 700/334/278
f 701/323/279 702/372/279 703/322/279
f 702/372/279 701/323/279 704/369/279
f 705/373/280 706/331/280 707/330/281
f 706/331/280 705/373/280 708/367/280
f 709/374/282 710/330/282 711/329/282
f 710/330/282 709/374/282 712/373/282
f 713/329/283 714/370/283 715/374/283
f 714/370/283 713/329/283 716/317/283
f 717/334/284 718/372/284 719/371/284
f 718/372/284 717/334/284 720/322/284
f 721/375/285 722/162/285 723/169/285
f 722/162/285 721/375/285 724/376/285
f 725/174/286 726/377/286 727/378/286
f 727/378/286 728/165/286 725/174/286
f 729/160/287 730/379/287 731/178/287
f 730/379/287 729/160/287 732/380/288
f 733/160/289 734/376/289 735/380/289
f 734/376/289 733/160/289 736/162/289
f 737/381/290 738/189/291 739/163/291
f 738/189/291 737/381/290 740/382/291
f 741/381/292 742/165/293 743/378/292
f 742/165/293 741/381/292 744/163/292
f 745/179/294 746/383/294 747/384/294
f 747/384/294 748/185/294 745/179/294
f 749/375/295 750/168/296 751/385/295
f 750/168/296 749/375/295 752/169/296
f 753/377/297 754/172/298 755/386/297
f 754/172/298 753/377/297 756/174/298
f 757/183/299 758/387/299 759/385/299
f 759/385/299 760/168/299 757/183/299
f 761/172/300 762/388/301 763/386/300
f 762/388/301 761/172/300 764/196/301
f 765/389/302 766/179/302 767/181/302
f 766/179/302 765/389/302 768/383/302
f 769/390/303 770/181/303 771/218/303
f 770/181/303 769/390/303 772/389/303
f 773/387/304 774/185/305 775/384/305
f 774/185/305 773/387/304 776/183/304
f 777/391/306 778/176/306 779/178/307
f 779/178/307 780/379/306 777/391/306
f 781/336/308 782/392/309 783/393/310
f 782/392/309 781/336/308 784/335/311
f 785/201/312 786/394/313 787/395/312
f 787/395/312 788/205/312 785/201/312
f 789/187/314 790/382/315 791/396/315
f 790/382/315 789/187/314 792/189/316
f 793/396/317 794/200/317 795/187/317
f 794/200/317 793/396/317 796/397/317
f 797/196/318 798/398/318 799/388/318
f 798/398/318 797/196/318 800/195/318
f 801/176/319 802/391/319 803/399/319
f 801/176/319 803/399/319 804/209/319
f 805/195/320 806/400/321 807/398/322
f 806/400/321 805/195/320 808/211/320
f 809/397/323 810/201/323 811/200/323
f 810/201/323 809/397/323 812/394/323
f 813/345/324 814/401/325 815/402/325
f 814/401/325 813/345/324 816/344/325
f 817/203/326 818/403/327 819/404/328
f 819/404/328 820/220/329 817/203/326
f 821/205/330 822/395/330 823/403/330
f 821/205/330 823/403/330 824/203/331
f 825/207/332 826/405/333 827/406/334
f 827/406/334 828/229/332 825/207/332
f 829/405/335 830/209/336 831/399/335
f 830/209/336 829/405/335 832/207/335
f 833/211/337 834/407/337 835/400/337
f 834/407/337 833/211/337 836/213/337
f 837/408/338 838/213/339 839/223/340
f 838/213/339 837/408/338 840/407/338
f 841/409/341 842/221/341 843/410/341
f 842/221/341 841/409/341 844/411/341
f 845/404/342 846/221/343 847/220/342
f 846/221/343 845/404/342 848/410/342
f 849/412/344 850/225/344 851/227/344
f 850/225/344 849/412/344 852/413/344
f 853/414/345 854/347/345 855/346/345
f 854/347/345 853/414/345 856/415/345
f 857/412/346 858/229/346 859/406/346
f 858/229/346 857/412/346 860/227/346
f 861/413/347 862/223/348 863/225/348
f 862/223/348 861/413/347 864/408/349
f 865/218/350 866/416/351 867/390/350
f 866/416/351 865/218/350 868/216/351
f 869/338/352 870/417/353 871/418/352
f 870/417/353 869/338/352 872/337/353
f 873/419/354 874/216/354 875/232/354
f 874/216/354 873/419/354 876/416/354
f 877/339/355 878/336/356 879/393/355
f 877/339/355 879/393/355 880/420/355
f 881/421/357 882/335/358 883/343/358
f 882/335/358 881/421/357 884/392/358
f 885/356/359 886/345/359 887/402/360
f 885/356/359 887/402/360 888/422/359
f 889/361/361 890/422/361 891/423/361
f 890/422/361 889/361/361 892/356/361
f 893/358/362 894/424/363 895/355/362
f 894/424/363 893/358/362 896/425/363
f 897/355/364 898/401/364 899/344/364
f 898/401/364 897/355/364 900/424/364
f 901/426/365 902/232/366 903/234/367
f 902/232/366 901/426/365 904/419/366
f 905/346/368 906/361/368 907/423/368
f 905/346/368 907/423/368 908/414/369
f 909/362/370 910/420/370 911/427/370
f 910/420/370 909/362/370 912/339/370
f 913/428/371 914/360/371 915/359/371
f 914/360/371 913/428/371 916/429/371
f 917/367/372 918/421/372 919/343/372
f 918/421/372 917/367/372 920/430/372
f 921/374/373 922/431/373 923/373/373
f 922/431/373 921/374/373 924/432/373
f 925/360/374 926/425/375 927/358/375
f 926/425/375 925/360/374 928/429/374
f 929/415/376 930/349/376 931/347/376
f 930/349/376 929/415/376 932/433/376
f 933/351/377 934/434/377 935/435/377
f 934/434/377 933/351/377 936/352/377
f 937/373/378 938/430/378 939/367/379
f 938/430/378 937/373/378 940/431/379
f 941/349/380 942/436/380 943/357/380
f 942/436/380 941/349/380 944/433/381
f 945/369/382 946/437/382 947/372/382
f 946/437/382 945/369/382 948/438/382
f 949/427/383 950/369/383 951/362/383
f 950/369/383 949/427/383 952/438/383
f 953/439/384 954/440/385 955/441/385
f 954/440/385 953/439/384 956/442/385
f 957/350/386 958/338/387 959/418/386
f 957/350/386 959/418/386 960/443/386
f 961/444/388 962/370/388 963/366/389
f 962/370/388 961/444/388 964/445/388
f 965/370/390 966/432/391 967/374/392
f 966/432/391 965/370/390 968/445/392
f 969/363/393 970/443/393 971/446/393
f 970/443/393 969/363/393 972/350/394
f 973/352/395 974/353/395 975/447/396
f 973/352/395 975/447/396 976/434/397
f 977/348/398 978/417/399 979/337/398
f 978/417/399 977/348/398 980/448/398
f 981/446/400 982/359/401 983/363/400
f 982/359/401 981/446/400 984/428/400
f 985/366/402 986/351/402 987/435/402
f 985/366/402 987/435/402 988/444/402
f 989/357/403 990/449/403 991/368/403
f 990/449/403 989/357/403 992/436/404
f 993/368/405 994/450/405 995/365/405
f 994/450/405 993/368/405 996/449/405
f 997/365/406 998/442/406 999/364/406
f 998/442/406 997/365/406 1000/450/406
f 1001/372/407 1002/451/407 1003/371/407
f 1002/451/407 1001/372/407 1004/437/408
f 1005/371/409 1006/448/410 1007/348/409
f 1006/448/410 1005/371/409 1008/451/409
f 1009/452/411 1010/376/412 1011/375/412
f 1010/376/412 1009/452/411 1012/453/411
f 1013/379/413 1014/454/413 1015/455/413
f 1014/454/413 1013/379/413 1016/380/413
f 1017/456/414 1018/383/415 1019/457/416
f 1018/383/415 1017/456/414 1020/384/417
f 1021/458/418 1022/377/418 1023/459/418
f 1022/377/418 1021/458/418 1024/378/419
f 1025/460/420 1026/382/421 1027/381/421
f 1026/382/421 1025/460/420 1028/461/422
f 1029/416/423 1030/462/423 1031/463/423
f 1030/462/423 1029/416/423 1032/419/423
f 1033/464/424 1034/391/425 1035/465/425
f 1034/391/425 1033/464/424 1036/399/425
f 1037/466/426 1038/388/426 1039/467/426
f 1038/388/426 1037/466/426 1040/386/426
f 1041/468/427 1042/394/428 1043/469/427
f 1042/394/428 1041/468/427 1044/395/429
f 1045/453/430 1046/454/430 1047/380/430
f 1045/453/430 1047/380/430 1048/376/431
f 1049/397/432 1050/470/432 1051/471/432
f 1050/470/432 1049/397/432 1052/396/432
f 1053/472/433 1054/403/434 1055/473/433
f 1054/403/434 1053/472/433 1056/404/434
f 1057/460/435 1058/378/435 1059/458/436
f 1058/378/435 1057/460/435 1060/381/437
f 1061/459/438 1062/386/438 1063/466/438
f 1062/386/438 1061/459/438 1064/377/438
f 1065/474/439 1066/387/439 1067/475/439
f 1066/387/439 1065/474/439 1068/385/439
f 1069/407/440 1070/476/441 1071/477/440
f 1070/476/441 1069/407/440 1072/408/442
f 1073/398/443 1074/478/443 1075/479/444
f 1074/478/443 1073/398/443 1076/400/443
f 1077/473/445 1078/395/446 1079/468/446
f 1078/395/446 1077/473/445 1080/403/446
f 1081/465/447 1082/379/447 1083/455/447
f 1082/379/447 1081/465/447 1084/391/448
f 1085/452/449 1086/385/449 1087/474/449
f 1086/385/449 1085/452/449 1088/375/449
f 1089/389/450 1090/480/451 1091/481/452
f 1090/480/451 1089/389/450 1092/390/453
f 1093/482/454 1094/405/454 1095/483/454
f 1094/405/454 1093/482/454 1096/406/454
f 1097/484/455 1098/412/456 1099/485/456
f 1098/412/456 1097/484/455 1100/413/455
f 1101/394/457 1102/471/458 1103/469/458
f 1102/471/458 1101/394/457 1104/397/457
f 1105/461/459 1106/470/459 1107/396/459
f 1105/461/459 1107/396/459 1108/382/459
f 1109/467/460 1110/398/460 1111/479/460
f 1110/398/460 1109/467/460 1112/388/460
f 1113/483/461 1114/399/461 1115/464/462
f 1114/399/461 1113/483/461 1116/405/461
f 1117/475/463 1118/384/463 1119/456/464
f 1118/384/463 1117/475/463 1120/387/464
f 1121/457/465 1122/389/465 1123/481/465
f 1122/389/465 1121/457/465 1124/383/465
f 1125/486/466 1126/487/466 1127/488/467
f 1126/487/466 1125/486/466 1128/489/466
f 1129/490/468 1130/404/469 1131/472/468
f 1130/404/469 1129/490/468 1132/410/468
f 1133/400/470 1134/477/471 1135/478/470
f 1134/477/471 1133/400/470 1136/407/470
f 1137/419/472 1138/491/472 1139/462/472
f 1138/491/472 1137/419/472 1140/426/472
f 1141/408/473 1142/484/473 1143/476/473
f 1142/484/473 1141/408/473 1144/413/473
f 1145/485/474 1146/406/474 1147/482/475
f 1146/406/474 1145/485/474 1148/412/475
f 1149/463/476 1150/480/476 1151/390/476
f 1149/463/476 1151/390/476 1152/416/476
f 1153/492/477 1154/463/478 1155/462/477
f 1154/463/478 1153/492/477 1156/493/477
f 1157/465/479 1158/494/479 1159/495/479
f 1159/495/479 1160/464/479 1157/465/479
f 1161/496/480 1162/423/480 1163/422/480
f 1163/422/480 1164/497/480 1161/496/480
f 1165/498/481 1166/462/481 1167/491/481
f 1166/462/481 1165/498/481 1168/492/481
f 1169/473/482 1170/499/482 1171/500/482
f 1171/500/482 1172/472/483 1169/473/482
f 1173/499/484 1174/468/485 1175/501/484
f 1174/468/485 1173/499/484 1176/473/485
f 1177/485/486 1178/502/487 1179/503/487
f 1179/503/487 1180/484/487 1177/485/486
f 1181/504/488 1182/477/489 1183/476/489
f 1182/477/489 1181/504/488 1184/505/489
f 1185/469/490 1186/506/490 1187/501/490
f 1187/501/490 1188/468/490 1185/469/490
f 1189/422/491 1190/507/492 1191/497/492
f 1190/507/492 1189/422/491 1192/402/492
f 1193/480/493 1194/493/493 1195/508/494
f 1194/493/493 1193/480/493 1196/463/493
f 1197/509/495 1198/464/496 1199/495/496
f 1198/464/496 1197/509/495 1200/483/495
f 1201/504/497 1202/484/497 1203/503/498
f 1202/484/497 1201/504/497 1204/476/497
f 1205/467/499 1206/510/499 1207/511/499
f 1207/511/499 1208/466/499 1205/467/499
f 1209/512/500 1210/471/500 1211/470/501
f 1210/471/500 1209/512/500 1212/513/500
f 1213/402/502 1214/514/502 1215/507/503
f 1214/514/502 1213/402/502 1216/401/502
f 1217/421/504 1218/515/504 1219/516/504
f 1218/515/504 1217/421/504 1220/430/505
f 1221/431/506 1222/517/507 1223/518/507
f 1222/517/507 1221/431/506 1224/432/507
f 1225/519/508 1226/520/509 1227/490/509
f 1226/520/509 1225/519/508 1228/521/509
f 1229/519/510 1230/472/510 1231/500/510
f 1230/472/510 1229/519/510 1232/490/510
f 1233/430/511 1234/518/511 1235/515/512
f 1234/518/511 1233/430/511 1236/431/511
f 1237/465/513 1238/522/513 1239/494/513
f 1238/522/513 1237/465/513 1240/455/513
f 1241/502/514 1242/482/514 1243/523/514
f 1242/482/514 1241/502/514 1244/485/514
f 1245/505/515 1246/478/516 1247/477/515
f 1246/478/516 1245/505/515 1248/524/515
f 1249/469/517 1250/513/518 1251/506/518
f 1250/513/518 1249/469/517 1252/471/519
f 1253/497/520 1254/525/521 1255/496/520
f 1254/525/521 1253/497/520 1256/526/520
f 1257/457/522 1258/527/523 1259/528/524
f 1259/528/524 1260/456/522 1257/457/522
f 1261/529/525 1262/455/525 1263/454/525
f 1262/455/525 1261/529/525 1264/522/525
f 1265/483/526 1266/509/526 1267/523/526
f 1267/523/526 1268/482/526 1265/483/526
f 1269/524/527 1270/479/528 1271/478/527
f 1270/479/528 1269/524/527 1272/530/528
f 1273/421/529 1274/531/529 1275/392/529
f 1274/531/529 1273/421/529 1276/516/529
f 1277/401/530 1278/532/531 1279/514/531
f 1278/532/531 1277/401/530 1280/424/531
f 1281/510/532 1282/479/532 1283/530/532
f 1282/479/532 1281/510/532 1284/467/532
f 1285/533/533 1286/466/533 1287/511/533
f 1286/466/533 1285/533/533 1288/459/533
f 1289/534/534 1290/470/534 1291/461/534
f 1290/470/534 1289/534/534 1292/512/534
f 1293/514/535 1294/535/535 1295/507/535
f 1294/535/535 1293/514/535 1296/536/535
f 1297/515/536 1298/537/537 1299/516/536
f 1299/516/536 1298/537/537 1300/538/536
f 1301/539/538 1302/518/539 1303/517/539
f 1302/518/539 1301/539/538 1304/540/539
f 1305/541/540 1306/542/540 1307/493/540
f 1305/541/540 1307/493/540 1308/492/540
f 1309/543/541 1310/510/542 1311/544/542
f 1310/510/542 1309/543/541 1312/511/542
f 1313/545/543 1314/546/543 1315/513/544
f 1313/545/543 1315/513/544 1316/512/545
f 1317/547/546 1318/453/547 1319/452/547
f 1318/453/547 1317/547/546 1320/548/547
f 1321/459/548 1322/533/548 1323/549/548
f 1323/549/548 1324/458/548 1321/459/548
f 1325/550/549 1326/461/550 1327/460/549
f 1326/461/550 1325/550/549 1328/534/549
f 1329/424/551 1330/551/551 1331/532/551
f 1330/551/551 1329/424/551 1332/425/551
f 1333/423/552 1334/552/552 1335/414/552
f 1334/552/552 1333/423/552 1336/496/552
f 1337/553/553 1338/456/553 1339/528/553
f 1338/456/553 1337/553/553 1340/475/553
f 1341/548/554 1342/454/554 1343/453/554
f 1342/454/554 1341/548/554 1344/529/554
f 1345/551/555 1346/554/555 1347/532/556
f 1347/532/556 1346/554/555 1348/555/555
f 1349/556/557 1350/557/558 1351/558/557
f 1350/557/558 1349/556/557 1352/559/558
f 1353/531/559 1354/560/560 1355/561/560
f 1354/560/560 1353/531/559 1356/562/560
f 1357/563/561 1358/527/561 1359/564/561
f 1358/527/561 1357/563/561 1360/528/562
f 1361/565/563 1362/553/563 1363/566/563
f 1362/553/563 1361/565/563 1364/567/563
f 1365/568/564 1366/569/564 1367/548/565
f 1365/568/564 1367/548/565 1368/547/565
f 1369/570/566 1370/571/566 1371/522/566
f 1369/570/566 1371/522/566 1372/529/567
f 1373/572/568 1374/494/569 1375/573/569
f 1374/494/569 1373/572/568 1376/495/569
f 1377/574/570 1378/533/570 1379/575/571
f 1378/533/570 1377/574/570 1380/549/570
f 1381/576/572 1382/577/572 1383/534/572
f 1381/576/572 1383/534/572 1384/550/573
f 1385/475/574 1386/553/574 1387/567/575
f 1387/567/575 1388/474/575 1385/475/574
f 1389/561/560 1390/393/560 1391/392/560
f 1391/392/560 1392/531/560 1389/561/560
f 1393/515/576 1394/518/577 1395/540/577
f 1393/515/576 1395/540/577 1396/537/577
f 1397/507/578 1398/526/579 1399/497/580
f 1398/526/579 1397/507/578 1400/535/578
f 1401/566/581 1402/525/581 1403/526/581
f 1403/526/581 1404/565/581 1401/566/581
f 1405/576/582 1406/538/582 1407/537/582
f 1407/537/582 1408/577/582 1405/576/582
f 1409/393/583 1410/556/583 1411/420/583
f 1410/556/583 1409/393/583 1412/561/583
f 1413/527/584 1414/481/585 1415/578/584
f 1414/481/585 1413/527/584 1416/457/586
f 1417/547/587 1418/474/587 1419/567/587
f 1418/474/587 1417/547/587 1420/452/588
f 1421/550/589 1422/458/589 1423/549/589
f 1422/458/589 1421/550/589 1424/460/589
f 1425/579/590 1426/580/590 1427/530/590
f 1427/530/590 1428/524/590 1425/579/590
f 1429/581/591 1430/506/592 1431/582/591
f 1430/506/592 1429/581/591 1432/501/592
f 1433/583/593 1434/499/593 1435/584/593
f 1434/499/593 1433/583/593 1436/500/593
f 1437/508/594 1438/481/594 1439/480/594
f 1438/481/594 1437/508/594 1440/578/594
f 1441/558/595 1442/427/595 1443/420/595
f 1443/420/595 1444/556/596 1441/558/595
f 1445/516/597 1446/562/597 1447/531/597
f 1446/562/597 1445/516/597 1448/538/597
f 1449/561/598 1450/559/598 1451/556/598
f 1450/559/598 1449/561/598 1452/560/598
f 1453/555/599 1454/514/599 1455/532/599
f 1454/514/599 1453/555/599 1456/536/599
f 1457/496/600 1458/585/601 1459/552/600
f 1458/585/601 1457/496/600 1460/525/602
f 1461/568/603 1462/535/603 1463/536/604
f 1463/536/604 1464/569/604 1461/568/603
f 1465/555/605 1466/571/605 1467/570/605
f 1466/571/605 1465/555/605 1468/554/605
f 1469/544/606 1470/557/606 1471/559/606
f 1471/559/606 1472/543/606 1469/544/606
f 1473/575/607 1474/560/607 1475/562/607
f 1475/562/607 1476/574/607 1473/575/607
f 1477/540/608 1478/546/608 1479/545/608
f 1478/546/608 1477/540/608 1480/539/608
f 1481/566/609 1482/528/609 1483/563/609
f 1482/528/609 1481/566/609 1484/553/609
f 1485/529/610 1486/569/610 1487/570/611
f 1486/569/610 1485/529/610 1488/548/612
f 1489/571/613 1490/573/614 1491/494/614
f 1489/571/613 1491/494/614 1492/522/614
f 1493/575/615 1494/511/615 1495/543/615
f 1494/511/615 1493/575/615 1496/533/615
f 1497/576/616 1498/549/616 1499/574/616
f 1498/549/616 1497/576/616 1500/550/616
f 1501/577/617 1502/545/617 1503/512/618
f 1501/577/617 1503/512/618 1504/534/618
f 1505/506/619 1506/546/619 1507/582/620
f 1506/546/619 1505/506/619 1508/513/619
f 1509/537/621 1510/545/622 1511/577/623
f 1510/545/622 1509/537/621 1512/540/623
f 1513/538/624 1514/574/624 1515/562/624
f 1514/574/624 1513/538/624 1516/576/624
f 1517/560/625 1518/543/625 1519/559/625
f 1518/543/625 1517/560/625 1520/575/625
f 1521/536/626 1522/570/626 1523/569/626
f 1522/570/626 1521/536/626 1524/555/626
f 1525/535/627 1526/565/627 1527/526/627
f 1526/565/627 1525/535/627 1528/568/627
f 1529/525/628 1530/563/628 1531/585/628
f 1530/563/628 1529/525/628 1532/566/628
f 1533/586/629 1534/509/630 1535/587/631
f 1534/509/630 1533/586/629 1536/523/629
f 1537/588/632 1538/502/632 1539/589/633
f 1538/502/632 1537/588/632 1540/503/632
f 1541/590/634 1542/591/635 1543/505/636
f 1541/590/634 1543/505/636 1544/504/635
f 1545/564/637 1546/592/637 1547/585/637
f 1547/585/637 1548/563/637 1545/564/637
f 1549/568/638 1550/567/638 1551/565/638
f 1550/567/638 1549/568/638 1552/547/639
f 1553/587/640 1554/495/640 1555/572/640
f 1554/495/640 1553/587/640 1556/509/640
f 1557/544/641 1558/530/641 1559/580/641
f 1558/530/641 1557/544/641 1560/510/641
f 1561/584/642 1562/501/642 1563/581/642
f 1562/501/642 1561/584/642 1564/499/642
f 1565/554/643 1566/573/643 1567/571/644
f 1566/573/643 1565/554/643 1568/593/643
f 1569/552/645 1570/592/645 1571/594/645
f 1570/592/645 1569/552/645 1572/585/645
f 1573/595/646 1574/521/646 1575/596/646
f 1575/596/646 1574/521/646 1576/597/646
f 1577/558/647 1578/598/647 1579/599/647
f 1578/598/647 1577/558/647 1580/557/647
f 1581/600/648 1582/580/648 1583/579/648
f 1582/580/648 1581/600/648 1584/598/648
f 1585/601/649 1586/541/649 1587/492/649
f 1585/601/649 1587/492/649 1588/498/649
f 1589/591/650 1590/579/651 1591/524/651
f 1589/591/650 1591/524/651 1592/505/652
f 1593/602/653 1594/432/653 1595/445/653
f 1594/432/653 1593/602/653 1596/517/654
f 1597/427/655 1598/599/656 1599/438/656
f 1598/599/656 1597/427/655 1600/558/656
f 1601/603/657 1602/546/658 1603/539/658
f 1602/546/658 1601/603/657 1604/582/658
f 1605/557/659 1606/580/659 1607/598/659
f 1606/580/659 1605/557/659 1608/544/659
f 1609/599/648 1610/598/660 1611/604/648
f 1611/604/648 1610/598/660 1612/600/660
f 1613/605/661 1614/606/661 1615/578/661
f 1615/578/661 1616/508/661 1613/605/661
f 1617/594/662 1618/415/662 1619/414/662
f 1619/414/662 1620/552/662 1617/594/662
f 1621/603/663 1622/517/663 1623/602/664
f 1622/517/663 1621/603/663 1624/539/663
f 1625/551/665 1626/607/665 1627/593/665
f 1625/551/665 1627/593/665 1628/554/666
f 1629/573/667 1630/593/668 1631/608/667
f 1631/608/667 1632/572/668 1629/573/667
f 1633/582/669 1634/603/669 1635/609/669
f 1635/609/669 1636/581/669 1633/582/669
f 1637/542/670 1638/605/670 1639/508/670
f 1637/542/670 1639/508/670 1640/493/670
f 1641/564/671 1642/578/672 1643/606/672
f 1642/578/672 1641/564/671 1644/527/671
f 1645/589/673 1646/523/673 1647/586/673
f 1646/523/673 1645/589/673 1648/502/673
f 1649/504/674 1650/588/674 1651/590/675
f 1650/588/674 1649/504/674 1652/503/675
f 1653/610/676 1654/500/676 1655/583/676
f 1654/500/676 1653/610/676 1656/519/676
f 1657/607/677 1658/425/678 1659/429/677
f 1658/425/678 1657/607/677 1660/551/678
f 1661/437/679 1662/599/680 1663/604/679
f 1662/599/680 1661/437/679 1664/438/679
f 1665/611/681 1666/542/681 1667/541/681
f 1666/542/681 1665/611/681 1668/612/681
f 1669/613/682 1670/581/682 1671/609/682
f 1670/581/682 1669/613/682 1672/584/682
f 1673/579/683 1674/614/683 1675/600/683
f 1674/614/683 1673/579/683 1676/591/683
f 1677/615/684 1678/572/684 1679/608/684
f 1678/572/684 1677/615/684 1680/587/685
f 1681/592/686 1682/606/686 1683/616/686
f 1682/606/686 1681/592/686 1684/564/686
f 1685/617/687 1686/593/687 1687/607/687
f 1686/593/687 1685/617/687 1688/608/687
f 1689/618/688 1690/603/688 1691/602/689
f 1690/603/688 1689/618/688 1692/609/688
f 1693/619/690 1694/606/691 1695/605/692
f 1694/606/691 1693/619/690 1696/616/692
f 1697/587/693 1698/615/693 1699/620/693
f 1699/620/693 1700/586/693 1697/587/693
f 1701/621/694 1702/591/694 1703/590/694
f 1702/591/694 1701/621/694 1704/614/694
f 1705/584/695 1706/613/696 1707/622/696
f 1707/622/696 1708/583/695 1705/584/695
f 1709/623/697 1710/624/697 1711/625/697
f 1710/624/697 1709/623/697 1712/601/697
f 1713/594/698 1714/616/698 1715/626/698
f 1714/616/698 1713/594/698 1716/592/698
f 1717/589/699 1718/627/699 1719/628/699
f 1719/628/699 1720/588/699 1717/589/699
f 1721/623/700 1722/541/700 1723/601/700
f 1722/541/700 1721/623/700 1724/611/700
f 1725/628/701 1726/590/702 1727/588/702
f 1726/590/702 1725/628/701 1728/621/701
f 1729/627/703 1730/586/704 1731/620/704
f 1730/586/704 1729/627/703 1732/589/704
f 1733/612/705 1734/605/705 1735/542/705
f 1734/605/705 1733/612/705 1736/619/706
f 1737/629/707 1738/583/708 1739/622/708
f 1738/583/708 1737/629/707 1740/610/708
f 1741/626/709 1742/616/710 1743/630/710
f 1743/630/710 1742/616/710 1744/619/709
f 1745/607/711 1746/429/711 1747/428/711
f 1747/428/711 1748/617/711 1745/607/711
f 1749/602/712 1750/445/712 1751/444/712
f 1751/444/712 1752/618/712 1749/602/712
f 1753/631/713 1754/604/713 1755/600/714
f 1753/631/713 1755/600/714 1756/614/714
f 1757/415/715 1758/626/715 1759/433/715
f 1758/626/715 1757/415/715 1760/594/715
f 1761/632/716 1762/612/716 1763/633/717
f 1763/633/717 1762/612/716 1764/611/716
f 1765/634/718 1766/615/718 1767/635/718
f 1766/615/718 1765/634/718 1768/620/718
f 1769/631/719 1770/614/720 1771/636/720
f 1771/636/720 1770/614/720 1772/621/719
f 1773/637/721 1774/613/722 1775/638/721
f 1774/613/722 1773/637/721 1776/622/721
f 1777/638/723 1778/609/723 1779/618/723
f 1778/609/723 1777/638/723 1780/613/724
f 1781/635/725 1782/608/726 1783/617/726
f 1782/608/726 1781/635/725 1784/615/726
f 1785/451/727 1786/604/727 1787/631/727
f 1786/604/727 1785/451/727 1788/437/727
f 1789/436/728 1790/626/728 1791/630/728
f 1790/626/728 1789/436/728 1792/433/728
f 1793/632/729 1794/630/729 1795/619/729
f 1793/632/729 1795/619/729 1796/612/729
f 1797/639/730 1798/640/730 1799/623/730
f 1797/639/730 1799/623/730 1800/625/730
f 1801/641/731 1802/627/731 1803/642/731
f 1802/627/731 1801/641/731 1804/628/732
f 1805/636/733 1806/448/733 1807/451/733
f 1807/451/733 1808/631/733 1805/636/733
f 1809/643/734 1810/622/735 1811/637/736
f 1810/622/735 1809/643/734 1812/629/735
f 1813/621/737 1814/641/737 1815/636/737
f 1814/641/737 1813/621/737 1816/628/737
f 1817/642/738 1818/620/738 1819/634/738
f 1818/620/738 1817/642/738 1820/627/739
f 1821/611/740 1822/644/741 1823/633/741
f 1822/644/741 1821/611/740 1824/623/740
f 1825/435/742 1826/618/484 1827/444/484
f 1826/618/484 1825/435/742 1828/638/484
f 1829/446/743 1830/617/743 1831/428/743
f 1830/617/743 1829/446/743 1832/635/744
f 1833/635/745 1834/446/746 1835/443/747
f 1835/443/747 1836/634/746 1833/635/745
f 1837/449/748 1838/630/749 1839/632/749
f 1838/630/749 1837/449/748 1840/436/749
f 1841/450/750 1842/632/751 1843/633/751
f 1842/632/751 1841/450/750 1844/449/752
f 1845/638/753 1846/435/754 1847/434/755
f 1847/434/755 1848/637/755 1845/638/753
f 1849/448/756 1850/641/756 1851/417/756
f 1850/641/756 1849/448/756 1852/636/756
f 1853/642/757 1854/418/757 1855/417/757
f 1855/417/757 1856/641/757 1853/642/757
f 1857/440/758 1858/644/758 1859/645/758
f 1858/644/758 1857/440/758 1860/442/758
f 1861/447/759 1862/637/759 1863/434/759
f 1862/637/759 1861/447/759 1864/643/759
f 1865/418/760 1866/634/760 1867/443/760
f 1866/634/760 1865/418/760 1868/642/760
f 1869/442/761 1870/633/761 1871/644/761
f 1870/633/761 1869/442/761 1872/450/761
