# Blender 5.1.2
# www.blender.org
mtllib Splitter_4.mtl
o Splitter_4
v -0.788740 0.050664 -0.214478
v -0.788740 -0.099336 -0.214478
v -0.741060 0.050664 -0.152277
v -0.741060 -0.099336 -0.152277
v -0.711090 0.050664 -0.079977
v -0.711090 -0.099336 -0.079977
v -0.700870 0.050664 -0.002277
v -0.700870 -0.099336 -0.002277
v -0.711090 0.050664 0.075323
v -0.711090 -0.099336 0.075323
v -0.741060 0.050664 0.147722
v -0.741060 -0.099336 0.147722
v -0.788740 0.050664 0.209824
v -0.788740 -0.099336 0.209824
v -1.204740 0.050664 0.115423
v -1.159180 0.019014 0.156023
v -1.194760 0.019014 0.109623
v -1.167330 0.050664 0.164124
v -1.217120 0.019014 0.055624
v -1.194760 0.019014 0.109623
v -1.228250 0.050664 0.058622
v -1.204740 0.050664 0.115423
v -1.224750 0.019014 -0.002277
v -1.217120 0.019014 0.055624
v -1.236270 0.050664 -0.002277
v -1.228250 0.050664 0.058622
v -1.217120 0.019014 -0.060276
v -1.224750 0.019014 -0.002277
v -1.236270 0.050664 -0.002277
v -1.228250 0.050664 -0.063276
v -1.194760 0.019014 -0.114277
v -1.217120 0.019014 -0.060276
v -1.228250 0.050664 -0.063276
v -1.204740 0.050664 -0.119976
v -1.159180 0.019014 -0.160578
v -1.194760 0.019014 -0.114277
v -1.204740 0.050664 -0.119976
v -1.167330 0.050664 -0.168777
v -1.150870 0.050664 -0.262077
v -1.167330 0.050664 -0.168777
v -1.118570 0.050664 -0.206177
v -1.213000 0.050664 -0.214478
v -1.204740 0.050664 -0.119976
v -1.213000 0.050664 -0.214478
v -1.260680 0.050664 -0.152277
v -1.167330 0.050664 -0.168777
v -1.000870 0.050664 -0.302277
v -1.061800 0.050664 -0.229677
v -1.000870 0.050664 -0.237677
v -1.078510 0.050664 -0.292076
v -1.061800 0.050664 -0.229677
v -1.150870 0.050664 -0.262077
v -1.118570 0.050664 -0.206177
v -1.078510 0.050664 -0.292076
v -1.290650 0.050664 -0.079977
v -1.236270 0.050664 -0.002277
v -1.228250 0.050664 -0.063276
v -1.300870 0.050664 -0.002277
v -1.236270 0.050664 -0.002277
v -1.300870 0.050664 -0.002277
v -1.290650 0.050664 0.075323
v -1.228250 0.050664 0.058622
v -1.260680 0.050664 0.147722
v -1.204740 0.050664 0.115423
v -1.290650 0.050664 0.075323
v -1.228250 0.050664 0.058622
v -1.290650 0.050664 -0.079977
v -1.204740 0.050664 -0.119976
v -1.260680 0.050664 -0.152277
v -1.228250 0.050664 -0.063276
v -1.118570 0.050664 0.201523
v -1.213000 0.050664 0.209824
v -1.150870 0.050664 0.257523
v -1.167330 0.050664 0.164124
v -1.061800 0.050664 0.225122
v -1.150870 0.050664 0.257523
v -1.078510 0.050664 0.287422
v -1.118570 0.050664 0.201523
v -1.000870 0.050664 0.233124
v -1.078510 0.050664 0.287422
v -1.000870 0.050664 0.297724
v -1.078510 0.050664 0.287422
v -1.000870 0.050664 0.233124
v -1.061800 0.050664 0.225122
v -1.167330 0.050664 0.164124
v -1.260680 0.050664 0.147722
v -1.213000 0.050664 0.209824
v -1.204740 0.050664 0.115423
v -1.000870 0.050664 0.297724
v -0.939940 0.050664 0.225122
v -1.000870 0.050664 0.233124
v -0.923220 0.050664 0.287422
v -0.923220 0.050664 0.287422
v -0.883170 0.050664 0.201523
v -0.939940 0.050664 0.225122
v -0.850870 0.050664 0.257523
v -0.883170 0.050664 0.201523
v -0.850870 0.050664 0.257523
v -0.834410 0.050664 0.164124
v -0.788740 0.050664 0.209824
v -0.741060 0.050664 0.147722
v -0.797000 0.050664 0.115423
v -0.788740 0.050664 0.209824
v -0.834410 0.050664 0.164124
v -0.773480 0.050664 -0.063276
v -0.741060 0.050664 -0.152277
v -0.797000 0.050664 -0.119976
v -0.711090 0.050664 -0.079977
v -0.741060 0.050664 0.147722
v -0.711090 0.050664 0.075323
v -0.797000 0.050664 0.115423
v -0.773480 0.050664 0.058622
v -0.773480 0.050664 0.058622
v -0.700870 0.050664 -0.002277
v -0.765460 0.050664 -0.002277
v -0.700870 0.050664 -0.002277
v -0.773480 0.050664 0.058622
v -0.711090 0.050664 0.075323
v -0.765460 0.050664 -0.002277
v -0.711090 0.050664 -0.079977
v -0.773480 0.050664 -0.063276
v -0.700870 0.050664 -0.002277
v -0.850870 0.050664 -0.262077
v -0.939940 0.050664 -0.229677
v -0.883170 0.050664 -0.206177
v -0.923220 0.050664 -0.292076
v -0.923220 0.050664 -0.292076
v -1.000870 0.050664 -0.302277
v -0.939940 0.050664 -0.229677
v -1.000870 0.050664 -0.237677
v -0.797000 0.050664 -0.119976
v -0.788740 0.050664 -0.214478
v -0.834410 0.050664 -0.168777
v -0.741060 0.050664 -0.152277
v -0.834410 0.050664 -0.168777
v -0.788740 0.050664 -0.214478
v -0.883170 0.050664 -0.206177
v -0.850870 0.050664 -0.262077
v -0.930600 -0.046756 -0.021177
v -0.867220 -0.032206 -0.038076
v -0.937870 -0.046756 -0.038677
v -1.000870 -0.051766 -0.002277
v -0.881040 -0.032206 -0.071476
v -0.816910 -0.009546 -0.051577
v -0.835940 -0.009546 -0.097576
v -0.784610 0.019014 -0.060276
v -0.806980 0.019014 -0.114277
v -0.816910 -0.009546 -0.051577
v -0.862500 -0.032206 -0.002277
v -0.810420 -0.009546 -0.002277
v -0.776980 0.019014 -0.002277
v -0.867220 -0.032206 -0.038076
v -0.784610 0.019014 -0.060276
v -0.930600 -0.046756 -0.021177
v -0.928120 -0.046756 -0.002277
v -1.000870 -0.051766 -0.002277
v -0.776980 0.019014 -0.002277
v -0.816910 -0.009546 0.047024
v -0.784610 0.019014 0.055624
v -0.810420 -0.009546 -0.002277
v -0.862500 -0.032206 -0.002277
v -0.867220 -0.032206 0.033524
v -0.930600 -0.046756 0.016523
v -0.928120 -0.046756 -0.002277
v -1.000870 -0.051766 -0.002277
v -1.000870 -0.051766 -0.002277
v -0.937870 -0.046756 0.034023
v -0.930600 -0.046756 0.016523
v -0.867220 -0.032206 0.033524
v -0.881040 -0.032206 0.066923
v -0.816910 -0.009546 0.047024
v -0.835940 -0.009546 0.092922
v -0.784610 0.019014 0.055624
v -0.806980 0.019014 0.109623
v -0.842560 0.019014 0.156023
v -0.806980 0.019014 0.109623
v -0.835940 -0.009546 0.092922
v -0.866200 -0.009546 0.132322
v -0.903030 -0.032206 0.095524
v -0.881040 -0.032206 0.066923
v -0.949430 -0.046756 0.049124
v -0.937870 -0.046756 0.034023
v -1.000870 -0.051766 -0.002277
v -0.964500 -0.046756 0.060722
v -0.903030 -0.032206 0.095524
v -0.949430 -0.046756 0.049124
v -1.000870 -0.051766 -0.002277
v -0.931680 -0.032206 0.117523
v -0.905640 -0.009546 0.162622
v -0.866200 -0.009546 0.132322
v -0.888930 0.019014 0.191624
v -0.842560 0.019014 0.156023
v -0.965060 -0.032206 0.131323
v -0.905640 -0.009546 0.162622
v -0.931680 -0.032206 0.117523
v -0.964500 -0.046756 0.060722
v -0.982040 -0.046756 0.067923
v -1.000870 -0.051766 -0.002277
v -0.951580 -0.009546 0.181623
v -0.942920 0.019014 0.213923
v -0.888930 0.019014 0.191624
v -1.050160 -0.009546 0.181623
v -1.000870 0.019014 0.221622
v -1.000870 -0.009546 0.188124
v -1.058810 0.019014 0.213923
v -1.036680 -0.032206 0.131323
v -1.000870 -0.032206 0.136023
v -1.019700 -0.046756 0.067923
v -1.000870 -0.046756 0.070423
v -1.000870 -0.051766 -0.002277
v -1.050160 -0.009546 0.181623
v -1.096090 -0.009546 0.162622
v -1.112810 0.019014 0.191624
v -1.070050 -0.032206 0.117523
v -1.058810 0.019014 0.213923
v -1.036680 -0.032206 0.131323
v -1.037240 -0.046756 0.060722
v -1.019700 -0.046756 0.067923
v -1.000870 -0.051766 -0.002277
v -1.000870 -0.051766 -0.002277
v -1.052310 -0.046756 0.049124
v -1.037240 -0.046756 0.060722
v -1.098710 -0.032206 0.095524
v -1.070050 -0.032206 0.117523
v -1.096090 -0.009546 0.162622
v -1.135530 -0.009546 0.132322
v -1.112810 0.019014 0.191624
v -1.159180 0.019014 0.156023
v -1.159180 0.019014 0.156023
v -1.194760 0.019014 0.109623
v -1.165800 -0.009546 0.092922
v -1.135530 -0.009546 0.132322
v -1.098710 -0.032206 0.095524
v -1.120700 -0.032206 0.066923
v -1.052310 -0.046756 0.049124
v -1.063870 -0.046756 0.034023
v -1.000870 -0.051766 -0.002277
v -1.120700 -0.032206 0.066923
v -1.071130 -0.046756 0.016523
v -1.134520 -0.032206 0.033524
v -1.063870 -0.046756 0.034023
v -1.000870 -0.051766 -0.002277
v -1.165800 -0.009546 0.092922
v -1.184830 -0.009546 0.047024
v -1.217120 0.019014 0.055624
v -1.194760 0.019014 0.109623
v -1.070050 -0.032206 -0.122177
v -1.037240 -0.046756 -0.065277
v -1.036680 -0.032206 -0.135977
v -1.019700 -0.046756 -0.072577
v -1.000870 -0.051766 -0.002277
v -1.050160 -0.009546 -0.186277
v -1.096090 -0.009546 -0.167276
v -1.112810 0.019014 -0.196177
v -1.058810 0.019014 -0.218576
v -1.000870 -0.009546 -0.192778
v -1.050160 -0.009546 -0.186277
v -1.036680 -0.032206 -0.135977
v -1.058810 0.019014 -0.218576
v -1.000870 -0.032206 -0.140676
v -1.000870 0.019014 -0.226177
v -1.019700 -0.046756 -0.072577
v -1.000870 -0.046756 -0.075077
v -1.000870 -0.051766 -0.002277
v -1.000870 -0.009546 -0.192778
v -0.965060 -0.032206 -0.135977
v -0.951580 -0.009546 -0.186277
v -0.942920 0.019014 -0.218576
v -1.000870 -0.032206 -0.140676
v -1.000870 0.019014 -0.226177
v -0.982040 -0.046756 -0.072577
v -1.000870 -0.046756 -0.075077
v -1.000870 -0.051766 -0.002277
v -1.000870 -0.051766 -0.002277
v -0.964500 -0.046756 -0.065277
v -0.982040 -0.046756 -0.072577
v -0.965060 -0.032206 -0.135977
v -0.931680 -0.032206 -0.122177
v -0.951580 -0.009546 -0.186277
v -0.905640 -0.009546 -0.167276
v -0.942920 0.019014 -0.218576
v -0.888930 0.019014 -0.196177
v -0.842560 0.019014 -0.160578
v -0.888930 0.019014 -0.196177
v -0.866200 -0.009546 -0.136976
v -0.905640 -0.009546 -0.167276
v -0.931680 -0.032206 -0.122177
v -0.903030 -0.032206 -0.100178
v -0.964500 -0.046756 -0.065277
v -0.949430 -0.046756 -0.053778
v -1.000870 -0.051766 -0.002277
v -0.937870 -0.046756 -0.038677
v -0.903030 -0.032206 -0.100178
v -0.949430 -0.046756 -0.053778
v -1.000870 -0.051766 -0.002277
v -0.881040 -0.032206 -0.071476
v -0.866200 -0.009546 -0.136976
v -0.835940 -0.009546 -0.097576
v -0.842560 0.019014 -0.160578
v -0.806980 0.019014 -0.114277
v -1.000870 -0.009546 0.188124
v -0.965060 -0.032206 0.131323
v -1.000870 -0.032206 0.136023
v -0.951580 -0.009546 0.181623
v -0.982040 -0.046756 0.067923
v -1.000870 -0.046756 0.070423
v -1.000870 -0.051766 -0.002277
v -1.000870 0.019014 0.221622
v -0.942920 0.019014 0.213923
v -1.191320 -0.009546 -0.002277
v -1.134520 -0.032206 0.033524
v -1.139240 -0.032206 -0.002277
v -1.073610 -0.046756 -0.002277
v -1.071130 -0.046756 0.016523
v -1.000870 -0.051766 -0.002277
v -1.184830 -0.009546 0.047024
v -1.224750 0.019014 -0.002277
v -1.217120 0.019014 0.055624
v -1.184830 -0.009546 -0.051577
v -1.139240 -0.032206 -0.002277
v -1.134520 -0.032206 -0.038076
v -1.191320 -0.009546 -0.002277
v -1.073610 -0.046756 -0.002277
v -1.071130 -0.046756 -0.021177
v -1.000870 -0.051766 -0.002277
v -1.217120 0.019014 -0.060276
v -1.224750 0.019014 -0.002277
v -1.194760 0.019014 -0.114277
v -1.184830 -0.009546 -0.051577
v -1.165800 -0.009546 -0.097576
v -1.120700 -0.032206 -0.071476
v -1.217120 0.019014 -0.060276
v -1.134520 -0.032206 -0.038076
v -1.063870 -0.046756 -0.038677
v -1.071130 -0.046756 -0.021177
v -1.000870 -0.051766 -0.002277
v -1.000870 -0.051766 -0.002277
v -1.052310 -0.046756 -0.053778
v -1.063870 -0.046756 -0.038677
v -1.098710 -0.032206 -0.100178
v -1.120700 -0.032206 -0.071476
v -1.165800 -0.009546 -0.097576
v -1.135530 -0.009546 -0.136976
v -1.159180 0.019014 -0.160578
v -1.194760 0.019014 -0.114277
v -1.037240 -0.046756 -0.065277
v -1.098710 -0.032206 -0.100178
v -1.052310 -0.046756 -0.053778
v -1.000870 -0.051766 -0.002277
v -1.070050 -0.032206 -0.122177
v -1.135530 -0.009546 -0.136976
v -1.096090 -0.009546 -0.167276
v -1.112810 0.019014 -0.196177
v -1.159180 0.019014 -0.160578
v -1.078510 -0.099336 0.287422
v -1.000870 -0.099336 0.297724
v -1.078510 0.050664 0.287422
v -1.000870 0.050664 0.297724
v -1.150870 0.050664 0.257523
v -1.150870 -0.099336 0.257523
v -1.213000 0.050664 0.209824
v -1.213000 -0.099336 0.209824
v -0.788740 0.050664 0.209824
v -0.788740 -0.099336 0.209824
v -0.850870 0.050664 0.257523
v -0.850870 -0.099336 0.257523
v -0.923220 0.050664 0.287422
v -0.923220 -0.099336 0.287422
v -1.000870 0.050664 0.297724
v -1.000870 -0.099336 0.297724
v -1.112810 0.019014 -0.196177
v -1.058810 0.019014 -0.218576
v -1.061800 0.050664 -0.229677
v -1.118570 0.050664 -0.206177
v -1.058810 0.019014 -0.218576
v -1.000870 0.019014 -0.226177
v -1.000870 0.050664 -0.237677
v -1.061800 0.050664 -0.229677
v -0.942920 0.019014 -0.218576
v -1.000870 0.019014 -0.226177
v -1.000870 0.050664 -0.237677
v -0.939940 0.050664 -0.229677
v -0.942920 0.019014 -0.218576
v -0.888930 0.019014 -0.196177
v -0.939940 0.050664 -0.229677
v -0.883170 0.050664 -0.206177
v -0.842560 0.019014 -0.160578
v -0.883170 0.050664 -0.206177
v -0.888930 0.019014 -0.196177
v -0.834410 0.050664 -0.168777
v -1.112810 0.019014 -0.196177
v -1.159180 0.019014 -0.160578
v -1.118570 0.050664 -0.206177
v -1.167330 0.050664 -0.168777
v -1.213000 0.050664 0.209824
v -1.213000 -0.099336 0.209824
v -1.260680 0.050664 0.147722
v -1.260680 -0.099336 0.147722
v -1.290650 0.050664 0.075323
v -1.290650 -0.099336 0.075323
v -1.300870 0.050664 -0.002277
v -1.300870 -0.099336 -0.002277
v -1.290650 0.050664 -0.079977
v -1.290650 -0.099336 -0.079977
v -1.260680 0.050664 -0.152277
v -1.260680 -0.099336 -0.152277
v -1.213000 0.050664 -0.214478
v -1.213000 -0.099336 -0.214478
v -0.784610 0.019014 -0.060276
v -0.806980 0.019014 -0.114277
v -0.773480 0.050664 -0.063276
v -0.797000 0.050664 -0.119976
v -0.776980 0.019014 -0.002277
v -0.784610 0.019014 -0.060276
v -0.765460 0.050664 -0.002277
v -0.773480 0.050664 -0.063276
v -0.776980 0.019014 -0.002277
v -0.784610 0.019014 0.055624
v -0.765460 0.050664 -0.002277
v -0.773480 0.050664 0.058622
v -0.784610 0.019014 0.055624
v -0.806980 0.019014 0.109623
v -0.773480 0.050664 0.058622
v -0.797000 0.050664 0.115423
v -0.797000 0.050664 0.115423
v -0.842560 0.019014 0.156023
v -0.834410 0.050664 0.164124
v -0.806980 0.019014 0.109623
v -0.842560 0.019014 -0.160578
v -0.806980 0.019014 -0.114277
v -0.797000 0.050664 -0.119976
v -0.834410 0.050664 -0.168777
v -0.788740 -0.099336 -0.214478
v -1.260680 -0.099336 0.147722
v -1.150870 -0.099336 -0.262077
v -0.923220 -0.099336 -0.292076
v -0.850870 -0.099336 -0.262077
v -1.000870 -0.099336 -0.302277
v -1.078510 -0.099336 -0.292076
v -0.788740 -0.099336 0.209824
v -0.741060 -0.099336 -0.152277
v -1.300870 -0.099336 -0.002277
v -1.290650 -0.099336 0.075323
v -1.290650 -0.099336 -0.079977
v -1.213000 -0.099336 -0.214478
v -1.260680 -0.099336 -0.152277
v -0.700870 -0.099336 -0.002277
v -0.711090 -0.099336 -0.079977
v -0.741060 -0.099336 0.147722
v -0.711090 -0.099336 0.075323
v -1.150870 -0.099336 0.257523
v -1.213000 -0.099336 0.209824
v -1.000870 -0.099336 0.297724
v -1.078510 -0.099336 0.287422
v -0.850870 -0.099336 0.257523
v -0.923220 -0.099336 0.287422
v -1.213000 0.050664 -0.214478
v -1.213000 -0.099336 -0.214478
v -1.150870 0.050664 -0.262077
v -1.150870 -0.099336 -0.262077
v -1.078510 0.050664 -0.292076
v -1.078510 -0.099336 -0.292076
v -1.000870 0.050664 -0.302277
v -1.000870 -0.099336 -0.302277
v -0.923220 0.050664 -0.292076
v -0.923220 -0.099336 -0.292076
v -0.850870 0.050664 -0.262077
v -0.850870 -0.099336 -0.262077
v -0.788740 0.050664 -0.214478
v -0.788740 -0.099336 -0.214478
v -0.888930 0.019014 0.191624
v -0.842560 0.019014 0.156023
v -0.883170 0.050664 0.201523
v -0.834410 0.050664 0.164124
v -0.942920 0.019014 0.213923
v -0.888930 0.019014 0.191624
v -0.939940 0.050664 0.225122
v -0.883170 0.050664 0.201523
v -1.000870 0.019014 0.221622
v -1.058810 0.019014 0.213923
v -1.000870 0.050664 0.233124
v -1.061800 0.050664 0.225122
v -1.112810 0.019014 0.191624
v -1.058810 0.019014 0.213923
v -1.061800 0.050664 0.225122
v -1.118570 0.050664 0.201523
v -1.112810 0.019014 0.191624
v -1.159180 0.019014 0.156023
v -1.118570 0.050664 0.201523
v -1.167330 0.050664 0.164124
v -1.000870 0.019014 0.221622
v -0.942920 0.019014 0.213923
v -1.000870 0.050664 0.233124
v -0.939940 0.050664 0.225122
v 1.211260 0.050664 -0.214478
v 1.211260 -0.099336 -0.214478
v 1.258940 0.050664 -0.152277
v 1.258940 -0.099336 -0.152277
v 1.288910 0.050664 -0.079977
v 1.288910 -0.099336 -0.079977
v 1.299130 0.050664 -0.002277
v 1.299130 -0.099336 -0.002277
v 1.288910 0.050664 0.075323
v 1.288910 -0.099336 0.075323
v 1.258940 0.050664 0.147722
v 1.258940 -0.099336 0.147722
v 1.211260 0.050664 0.209824
v 1.211260 -0.099336 0.209824
v 0.795260 0.050664 0.115423
v 0.840820 0.019014 0.156023
v 0.805240 0.019014 0.109623
v 0.832670 0.050664 0.164124
v 0.782880 0.019014 0.055624
v 0.805240 0.019014 0.109623
v 0.771750 0.050664 0.058622
v 0.795260 0.050664 0.115423
v 0.775250 0.019014 -0.002277
v 0.782880 0.019014 0.055624
v 0.763730 0.050664 -0.002277
v 0.771750 0.050664 0.058622
v 0.782880 0.019014 -0.060276
v 0.775250 0.019014 -0.002277
v 0.763730 0.050664 -0.002277
v 0.771750 0.050664 -0.063276
v 0.805240 0.019014 -0.114277
v 0.782880 0.019014 -0.060276
v 0.771750 0.050664 -0.063276
v 0.795260 0.050664 -0.119976
v 0.840820 0.019014 -0.160578
v 0.805240 0.019014 -0.114277
v 0.795260 0.050664 -0.119976
v 0.832670 0.050664 -0.168777
v 0.849130 0.050664 -0.262077
v 0.832670 0.050664 -0.168777
v 0.881430 0.050664 -0.206177
v 0.787000 0.050664 -0.214478
v 0.795260 0.050664 -0.119976
v 0.787000 0.050664 -0.214478
v 0.739320 0.050664 -0.152277
v 0.832670 0.050664 -0.168777
v 0.999130 0.050664 -0.302277
v 0.938200 0.050664 -0.229677
v 0.999130 0.050664 -0.237677
v 0.921490 0.050664 -0.292076
v 0.938200 0.050664 -0.229677
v 0.849130 0.050664 -0.262077
v 0.881430 0.050664 -0.206177
v 0.921490 0.050664 -0.292076
v 0.709350 0.050664 -0.079977
v 0.763730 0.050664 -0.002277
v 0.771750 0.050664 -0.063276
v 0.699130 0.050664 -0.002277
v 0.763730 0.050664 -0.002277
v 0.699130 0.050664 -0.002277
v 0.709350 0.050664 0.075323
v 0.771750 0.050664 0.058622
v 0.739320 0.050664 0.147722
v 0.795260 0.050664 0.115423
v 0.709350 0.050664 0.075323
v 0.771750 0.050664 0.058622
v 0.709350 0.050664 -0.079977
v 0.795260 0.050664 -0.119976
v 0.739320 0.050664 -0.152277
v 0.771750 0.050664 -0.063276
v 0.881430 0.050664 0.201523
v 0.787000 0.050664 0.209824
v 0.849130 0.050664 0.257523
v 0.832670 0.050664 0.164124
v 0.938200 0.050664 0.225122
v 0.849130 0.050664 0.257523
v 0.921490 0.050664 0.287422
v 0.881430 0.050664 0.201523
v 0.999130 0.050664 0.233124
v 0.921490 0.050664 0.287422
v 0.999130 0.050664 0.297724
v 0.921490 0.050664 0.287422
v 0.999130 0.050664 0.233124
v 0.938200 0.050664 0.225122
v 0.832670 0.050664 0.164124
v 0.739320 0.050664 0.147722
v 0.787000 0.050664 0.209824
v 0.795260 0.050664 0.115423
v 0.999130 0.050664 0.297724
v 1.060060 0.050664 0.225122
v 0.999130 0.050664 0.233124
v 1.076780 0.050664 0.287422
v 1.076780 0.050664 0.287422
v 1.116830 0.050664 0.201523
v 1.060060 0.050664 0.225122
v 1.149130 0.050664 0.257523
v 1.116830 0.050664 0.201523
v 1.149130 0.050664 0.257523
v 1.165590 0.050664 0.164124
v 1.211260 0.050664 0.209824
v 1.258940 0.050664 0.147722
v 1.203000 0.050664 0.115423
v 1.211260 0.050664 0.209824
v 1.165590 0.050664 0.164124
v 1.226520 0.050664 -0.063276
v 1.258940 0.050664 -0.152277
v 1.203000 0.050664 -0.119976
v 1.288910 0.050664 -0.079977
v 1.258940 0.050664 0.147722
v 1.288910 0.050664 0.075323
v 1.203000 0.050664 0.115423
v 1.226520 0.050664 0.058622
v 1.226520 0.050664 0.058622
v 1.299130 0.050664 -0.002277
v 1.234540 0.050664 -0.002277
v 1.299130 0.050664 -0.002277
v 1.226520 0.050664 0.058622
v 1.288910 0.050664 0.075323
v 1.234540 0.050664 -0.002277
v 1.288910 0.050664 -0.079977
v 1.226520 0.050664 -0.063276
v 1.299130 0.050664 -0.002277
v 1.149130 0.050664 -0.262077
v 1.060060 0.050664 -0.229677
v 1.116830 0.050664 -0.206177
v 1.076780 0.050664 -0.292076
v 1.076780 0.050664 -0.292076
v 0.999130 0.050664 -0.302277
v 1.060060 0.050664 -0.229677
v 0.999130 0.050664 -0.237677
v 1.203000 0.050664 -0.119976
v 1.211260 0.050664 -0.214478
v 1.165590 0.050664 -0.168777
v 1.258940 0.050664 -0.152277
v 1.165590 0.050664 -0.168777
v 1.211260 0.050664 -0.214478
v 1.116830 0.050664 -0.206177
v 1.149130 0.050664 -0.262077
v 1.069400 -0.046756 -0.021177
v 1.132780 -0.032206 -0.038076
v 1.062130 -0.046756 -0.038677
v 0.999130 -0.051766 -0.002277
v 1.118960 -0.032206 -0.071476
v 1.183090 -0.009546 -0.051577
v 1.164060 -0.009546 -0.097576
v 1.215390 0.019014 -0.060276
v 1.193020 0.019014 -0.114277
v 1.183090 -0.009546 -0.051577
v 1.137500 -0.032206 -0.002277
v 1.189580 -0.009546 -0.002277
v 1.223020 0.019014 -0.002277
v 1.132780 -0.032206 -0.038076
v 1.215390 0.019014 -0.060276
v 1.069400 -0.046756 -0.021177
v 1.071880 -0.046756 -0.002277
v 0.999130 -0.051766 -0.002277
v 1.223020 0.019014 -0.002277
v 1.183090 -0.009546 0.047024
v 1.215390 0.019014 0.055624
v 1.189580 -0.009546 -0.002277
v 1.137500 -0.032206 -0.002277
v 1.132780 -0.032206 0.033524
v 1.069400 -0.046756 0.016523
v 1.071880 -0.046756 -0.002277
v 0.999130 -0.051766 -0.002277
v 0.999130 -0.051766 -0.002277
v 1.062130 -0.046756 0.034023
v 1.069400 -0.046756 0.016523
v 1.132780 -0.032206 0.033524
v 1.118960 -0.032206 0.066923
v 1.183090 -0.009546 0.047024
v 1.164060 -0.009546 0.092922
v 1.215390 0.019014 0.055624
v 1.193020 0.019014 0.109623
v 1.157440 0.019014 0.156023
v 1.193020 0.019014 0.109623
v 1.164060 -0.009546 0.092922
v 1.133800 -0.009546 0.132322
v 1.096970 -0.032206 0.095524
v 1.118960 -0.032206 0.066923
v 1.050570 -0.046756 0.049124
v 1.062130 -0.046756 0.034023
v 0.999130 -0.051766 -0.002277
v 1.035500 -0.046756 0.060722
v 1.096970 -0.032206 0.095524
v 1.050570 -0.046756 0.049124
v 0.999130 -0.051766 -0.002277
v 1.068320 -0.032206 0.117523
v 1.094360 -0.009546 0.162622
v 1.133800 -0.009546 0.132322
v 1.111070 0.019014 0.191624
v 1.157440 0.019014 0.156023
v 1.034940 -0.032206 0.131323
v 1.094360 -0.009546 0.162622
v 1.068320 -0.032206 0.117523
v 1.035500 -0.046756 0.060722
v 1.017960 -0.046756 0.067923
v 0.999130 -0.051766 -0.002277
v 1.048420 -0.009546 0.181623
v 1.057080 0.019014 0.213923
v 1.111070 0.019014 0.191624
v 0.949840 -0.009546 0.181623
v 0.999130 0.019014 0.221622
v 0.999130 -0.009546 0.188124
v 0.941190 0.019014 0.213923
v 0.963320 -0.032206 0.131323
v 0.999130 -0.032206 0.136023
v 0.980300 -0.046756 0.067923
v 0.999130 -0.046756 0.070423
v 0.999130 -0.051766 -0.002277
v 0.949840 -0.009546 0.181623
v 0.903910 -0.009546 0.162622
v 0.887190 0.019014 0.191624
v 0.929950 -0.032206 0.117523
v 0.941190 0.019014 0.213923
v 0.963320 -0.032206 0.131323
v 0.962760 -0.046756 0.060722
v 0.980300 -0.046756 0.067923
v 0.999130 -0.051766 -0.002277
v 0.999130 -0.051766 -0.002277
v 0.947690 -0.046756 0.049124
v 0.962760 -0.046756 0.060722
v 0.901290 -0.032206 0.095524
v 0.929950 -0.032206 0.117523
v 0.903910 -0.009546 0.162622
v 0.864470 -0.009546 0.132322
v 0.887190 0.019014 0.191624
v 0.840820 0.019014 0.156023
v 0.840820 0.019014 0.156023
v 0.805240 0.019014 0.109623
v 0.834200 -0.009546 0.092922
v 0.864470 -0.009546 0.132322
v 0.901290 -0.032206 0.095524
v 0.879300 -0.032206 0.066923
v 0.947690 -0.046756 0.049124
v 0.936130 -0.046756 0.034023
v 0.999130 -0.051766 -0.002277
v 0.879300 -0.032206 0.066923
v 0.928870 -0.046756 0.016523
v 0.865480 -0.032206 0.033524
v 0.936130 -0.046756 0.034023
v 0.999130 -0.051766 -0.002277
v 0.834200 -0.009546 0.092922
v 0.815170 -0.009546 0.047024
v 0.782880 0.019014 0.055624
v 0.805240 0.019014 0.109623
v 0.929950 -0.032206 -0.122177
v 0.962760 -0.046756 -0.065277
v 0.963320 -0.032206 -0.135977
v 0.980300 -0.046756 -0.072577
v 0.999130 -0.051766 -0.002277
v 0.949840 -0.009546 -0.186277
v 0.903910 -0.009546 -0.167276
v 0.887190 0.019014 -0.196177
v 0.941190 0.019014 -0.218576
v 0.999130 -0.009546 -0.192778
v 0.949840 -0.009546 -0.186277
v 0.963320 -0.032206 -0.135977
v 0.941190 0.019014 -0.218576
v 0.999130 -0.032206 -0.140676
v 0.999130 0.019014 -0.226177
v 0.980300 -0.046756 -0.072577
v 0.999130 -0.046756 -0.075077
v 0.999130 -0.051766 -0.002277
v 0.999130 -0.009546 -0.192778
v 1.034940 -0.032206 -0.135977
v 1.048420 -0.009546 -0.186277
v 1.057080 0.019014 -0.218576
v 0.999130 -0.032206 -0.140676
v 0.999130 0.019014 -0.226177
v 1.017960 -0.046756 -0.072577
v 0.999130 -0.046756 -0.075077
v 0.999130 -0.051766 -0.002277
v 0.999130 -0.051766 -0.002277
v 1.035500 -0.046756 -0.065277
v 1.017960 -0.046756 -0.072577
v 1.034940 -0.032206 -0.135977
v 1.068320 -0.032206 -0.122177
v 1.048420 -0.009546 -0.186277
v 1.094360 -0.009546 -0.167276
v 1.057080 0.019014 -0.218576
v 1.111070 0.019014 -0.196177
v 1.157440 0.019014 -0.160578
v 1.111070 0.019014 -0.196177
v 1.133800 -0.009546 -0.136976
v 1.094360 -0.009546 -0.167276
v 1.068320 -0.032206 -0.122177
v 1.096970 -0.032206 -0.100178
v 1.035500 -0.046756 -0.065277
v 1.050570 -0.046756 -0.053778
v 0.999130 -0.051766 -0.002277
v 1.062130 -0.046756 -0.038677
v 1.096970 -0.032206 -0.100178
v 1.050570 -0.046756 -0.053778
v 0.999130 -0.051766 -0.002277
v 1.118960 -0.032206 -0.071476
v 1.133800 -0.009546 -0.136976
v 1.164060 -0.009546 -0.097576
v 1.157440 0.019014 -0.160578
v 1.193020 0.019014 -0.114277
v 0.999130 -0.009546 0.188124
v 1.034940 -0.032206 0.131323
v 0.999130 -0.032206 0.136023
v 1.048420 -0.009546 0.181623
v 1.017960 -0.046756 0.067923
v 0.999130 -0.046756 0.070423
v 0.999130 -0.051766 -0.002277
v 0.999130 0.019014 0.221622
v 1.057080 0.019014 0.213923
v 0.808680 -0.009546 -0.002277
v 0.865480 -0.032206 0.033524
v 0.860760 -0.032206 -0.002277
v 0.926390 -0.046756 -0.002277
v 0.928870 -0.046756 0.016523
v 0.999130 -0.051766 -0.002277
v 0.815170 -0.009546 0.047024
v 0.775250 0.019014 -0.002277
v 0.782880 0.019014 0.055624
v 0.815170 -0.009546 -0.051577
v 0.860760 -0.032206 -0.002277
v 0.865480 -0.032206 -0.038076
v 0.808680 -0.009546 -0.002277
v 0.926390 -0.046756 -0.002277
v 0.928870 -0.046756 -0.021177
v 0.999130 -0.051766 -0.002277
v 0.782880 0.019014 -0.060276
v 0.775250 0.019014 -0.002277
v 0.805240 0.019014 -0.114277
v 0.815170 -0.009546 -0.051577
v 0.834200 -0.009546 -0.097576
v 0.879300 -0.032206 -0.071476
v 0.782880 0.019014 -0.060276
v 0.865480 -0.032206 -0.038076
v 0.936130 -0.046756 -0.038677
v 0.928870 -0.046756 -0.021177
v 0.999130 -0.051766 -0.002277
v 0.999130 -0.051766 -0.002277
v 0.947690 -0.046756 -0.053778
v 0.936130 -0.046756 -0.038677
v 0.901290 -0.032206 -0.100178
v 0.879300 -0.032206 -0.071476
v 0.834200 -0.009546 -0.097576
v 0.864470 -0.009546 -0.136976
v 0.840820 0.019014 -0.160578
v 0.805240 0.019014 -0.114277
v 0.962760 -0.046756 -0.065277
v 0.901290 -0.032206 -0.100178
v 0.947690 -0.046756 -0.053778
v 0.999130 -0.051766 -0.002277
v 0.929950 -0.032206 -0.122177
v 0.864470 -0.009546 -0.136976
v 0.903910 -0.009546 -0.167276
v 0.887190 0.019014 -0.196177
v 0.840820 0.019014 -0.160578
v 0.921490 -0.099336 0.287422
v 0.999130 -0.099336 0.297724
v 0.921490 0.050664 0.287422
v 0.999130 0.050664 0.297724
v 0.849130 0.050664 0.257523
v 0.849130 -0.099336 0.257523
v 0.787000 0.050664 0.209824
v 0.787000 -0.099336 0.209824
v 1.211260 0.050664 0.209824
v 1.211260 -0.099336 0.209824
v 1.149130 0.050664 0.257523
v 1.149130 -0.099336 0.257523
v 1.076780 0.050664 0.287422
v 1.076780 -0.099336 0.287422
v 0.999130 0.050664 0.297724
v 0.999130 -0.099336 0.297724
v 0.887190 0.019014 -0.196177
v 0.941190 0.019014 -0.218576
v 0.938200 0.050664 -0.229677
v 0.881430 0.050664 -0.206177
v 0.941190 0.019014 -0.218576
v 0.999130 0.019014 -0.226177
v 0.999130 0.050664 -0.237677
v 0.938200 0.050664 -0.229677
v 1.057080 0.019014 -0.218576
v 0.999130 0.019014 -0.226177
v 0.999130 0.050664 -0.237677
v 1.060060 0.050664 -0.229677
v 1.057080 0.019014 -0.218576
v 1.111070 0.019014 -0.196177
v 1.060060 0.050664 -0.229677
v 1.116830 0.050664 -0.206177
v 1.157440 0.019014 -0.160578
v 1.116830 0.050664 -0.206177
v 1.111070 0.019014 -0.196177
v 1.165590 0.050664 -0.168777
v 0.887190 0.019014 -0.196177
v 0.840820 0.019014 -0.160578
v 0.881430 0.050664 -0.206177
v 0.832670 0.050664 -0.168777
v 0.787000 0.050664 0.209824
v 0.787000 -0.099336 0.209824
v 0.739320 0.050664 0.147722
v 0.739320 -0.099336 0.147722
v 0.709350 0.050664 0.075323
v 0.709350 -0.099336 0.075323
v 0.699130 0.050664 -0.002277
v 0.699130 -0.099336 -0.002277
v 0.709350 0.050664 -0.079977
v 0.709350 -0.099336 -0.079977
v 0.739320 0.050664 -0.152277
v 0.739320 -0.099336 -0.152277
v 0.787000 0.050664 -0.214478
v 0.787000 -0.099336 -0.214478
v 1.215390 0.019014 -0.060276
v 1.193020 0.019014 -0.114277
v 1.226520 0.050664 -0.063276
v 1.203000 0.050664 -0.119976
v 1.223020 0.019014 -0.002277
v 1.215390 0.019014 -0.060276
v 1.234540 0.050664 -0.002277
v 1.226520 0.050664 -0.063276
v 1.223020 0.019014 -0.002277
v 1.215390 0.019014 0.055624
v 1.234540 0.050664 -0.002277
v 1.226520 0.050664 0.058622
v 1.215390 0.019014 0.055624
v 1.193020 0.019014 0.109623
v 1.226520 0.050664 0.058622
v 1.203000 0.050664 0.115423
v 1.203000 0.050664 0.115423
v 1.157440 0.019014 0.156023
v 1.165590 0.050664 0.164124
v 1.193020 0.019014 0.109623
v 1.157440 0.019014 -0.160578
v 1.193020 0.019014 -0.114277
v 1.203000 0.050664 -0.119976
v 1.165590 0.050664 -0.168777
v 1.211260 -0.099336 -0.214478
v 0.739320 -0.099336 0.147722
v 0.849130 -0.099336 -0.262077
v 1.076780 -0.099336 -0.292076
v 1.149130 -0.099336 -0.262077
v 0.999130 -0.099336 -0.302277
v 0.921490 -0.099336 -0.292076
v 1.211260 -0.099336 0.209824
v 1.258940 -0.099336 -0.152277
v 0.699130 -0.099336 -0.002277
v 0.709350 -0.099336 0.075323
v 0.709350 -0.099336 -0.079977
v 0.787000 -0.099336 -0.214478
v 0.739320 -0.099336 -0.152277
v 1.299130 -0.099336 -0.002277
v 1.288910 -0.099336 -0.079977
v 1.258940 -0.099336 0.147722
v 1.288910 -0.099336 0.075323
v 0.849130 -0.099336 0.257523
v 0.787000 -0.099336 0.209824
v 0.999130 -0.099336 0.297724
v 0.921490 -0.099336 0.287422
v 1.149130 -0.099336 0.257523
v 1.076780 -0.099336 0.287422
v 0.787000 0.050664 -0.214478
v 0.787000 -0.099336 -0.214478
v 0.849130 0.050664 -0.262077
v 0.849130 -0.099336 -0.262077
v 0.921490 0.050664 -0.292076
v 0.921490 -0.099336 -0.292076
v 0.999130 0.050664 -0.302277
v 0.999130 -0.099336 -0.302277
v 1.076780 0.050664 -0.292076
v 1.076780 -0.099336 -0.292076
v 1.149130 0.050664 -0.262077
v 1.149130 -0.099336 -0.262077
v 1.211260 0.050664 -0.214478
v 1.211260 -0.099336 -0.214478
v 1.111070 0.019014 0.191624
v 1.157440 0.019014 0.156023
v 1.116830 0.050664 0.201523
v 1.165590 0.050664 0.164124
v 1.057080 0.019014 0.213923
v 1.111070 0.019014 0.191624
v 1.060060 0.050664 0.225122
v 1.116830 0.050664 0.201523
v 0.999130 0.019014 0.221622
v 0.941190 0.019014 0.213923
v 0.999130 0.050664 0.233124
v 0.938200 0.050664 0.225122
v 0.887190 0.019014 0.191624
v 0.941190 0.019014 0.213923
v 0.938200 0.050664 0.225122
v 0.881430 0.050664 0.201523
v 0.887190 0.019014 0.191624
v 0.840820 0.019014 0.156023
v 0.881430 0.050664 0.201523
v 0.832670 0.050664 0.164124
v 0.999130 0.019014 0.221622
v 1.057080 0.019014 0.213923
v 0.999130 0.050664 0.233124
v 1.060060 0.050664 0.225122
v 0.211260 0.050664 -1.214478
v 0.211260 -0.099336 -1.214478
v 0.258940 0.050664 -1.152277
v 0.258940 -0.099336 -1.152277
v 0.288910 0.050664 -1.079977
v 0.288910 -0.099336 -1.079977
v 0.299130 0.050664 -1.002277
v 0.299130 -0.099336 -1.002277
v 0.288910 0.050664 -0.924677
v 0.288910 -0.099336 -0.924677
v 0.258940 0.050664 -0.852278
v 0.258940 -0.099336 -0.852278
v 0.211260 0.050664 -0.790176
v 0.211260 -0.099336 -0.790176
v -0.204740 0.050664 -0.884577
v -0.159180 0.019014 -0.843977
v -0.194760 0.019014 -0.890377
v -0.167330 0.050664 -0.835876
v -0.217120 0.019014 -0.944376
v -0.194760 0.019014 -0.890377
v -0.228250 0.050664 -0.941378
v -0.204740 0.050664 -0.884577
v -0.224750 0.019014 -1.002277
v -0.217120 0.019014 -0.944376
v -0.236270 0.050664 -1.002277
v -0.228250 0.050664 -0.941378
v -0.217120 0.019014 -1.060276
v -0.224750 0.019014 -1.002277
v -0.236270 0.050664 -1.002277
v -0.228250 0.050664 -1.063276
v -0.194760 0.019014 -1.114277
v -0.217120 0.019014 -1.060276
v -0.228250 0.050664 -1.063276
v -0.204740 0.050664 -1.119976
v -0.159180 0.019014 -1.160578
v -0.194760 0.019014 -1.114277
v -0.204740 0.050664 -1.119976
v -0.167330 0.050664 -1.168777
v -0.150870 0.050664 -1.262077
v -0.167330 0.050664 -1.168777
v -0.118570 0.050664 -1.206177
v -0.213000 0.050664 -1.214478
v -0.204740 0.050664 -1.119976
v -0.213000 0.050664 -1.214478
v -0.260680 0.050664 -1.152277
v -0.167330 0.050664 -1.168777
v -0.000870 0.050664 -1.302277
v -0.061800 0.050664 -1.229677
v -0.000870 0.050664 -1.237677
v -0.078510 0.050664 -1.292076
v -0.061800 0.050664 -1.229677
v -0.150870 0.050664 -1.262077
v -0.118570 0.050664 -1.206177
v -0.078510 0.050664 -1.292076
v -0.290650 0.050664 -1.079977
v -0.236270 0.050664 -1.002277
v -0.228250 0.050664 -1.063276
v -0.300870 0.050664 -1.002277
v -0.236270 0.050664 -1.002277
v -0.300870 0.050664 -1.002277
v -0.290650 0.050664 -0.924677
v -0.228250 0.050664 -0.941378
v -0.260680 0.050664 -0.852278
v -0.204740 0.050664 -0.884577
v -0.290650 0.050664 -0.924677
v -0.228250 0.050664 -0.941378
v -0.290650 0.050664 -1.079977
v -0.204740 0.050664 -1.119976
v -0.260680 0.050664 -1.152277
v -0.228250 0.050664 -1.063276
v -0.118570 0.050664 -0.798477
v -0.213000 0.050664 -0.790176
v -0.150870 0.050664 -0.742477
v -0.167330 0.050664 -0.835876
v -0.061800 0.050664 -0.774878
v -0.150870 0.050664 -0.742477
v -0.078510 0.050664 -0.712578
v -0.118570 0.050664 -0.798477
v -0.000870 0.050664 -0.766876
v -0.078510 0.050664 -0.712578
v -0.000870 0.050664 -0.702276
v -0.078510 0.050664 -0.712578
v -0.000870 0.050664 -0.766876
v -0.061800 0.050664 -0.774878
v -0.167330 0.050664 -0.835876
v -0.260680 0.050664 -0.852278
v -0.213000 0.050664 -0.790176
v -0.204740 0.050664 -0.884577
v -0.000870 0.050664 -0.702276
v 0.060060 0.050664 -0.774878
v -0.000870 0.050664 -0.766876
v 0.076780 0.050664 -0.712578
v 0.076780 0.050664 -0.712578
v 0.116830 0.050664 -0.798477
v 0.060060 0.050664 -0.774878
v 0.149130 0.050664 -0.742477
v 0.116830 0.050664 -0.798477
v 0.149130 0.050664 -0.742477
v 0.165590 0.050664 -0.835876
v 0.211260 0.050664 -0.790176
v 0.258940 0.050664 -0.852278
v 0.203000 0.050664 -0.884577
v 0.211260 0.050664 -0.790176
v 0.165590 0.050664 -0.835876
v 0.226520 0.050664 -1.063276
v 0.258940 0.050664 -1.152277
v 0.203000 0.050664 -1.119976
v 0.288910 0.050664 -1.079977
v 0.258940 0.050664 -0.852278
v 0.288910 0.050664 -0.924677
v 0.203000 0.050664 -0.884577
v 0.226520 0.050664 -0.941378
v 0.226520 0.050664 -0.941378
v 0.299130 0.050664 -1.002277
v 0.234540 0.050664 -1.002277
v 0.299130 0.050664 -1.002277
v 0.226520 0.050664 -0.941378
v 0.288910 0.050664 -0.924677
v 0.234540 0.050664 -1.002277
v 0.288910 0.050664 -1.079977
v 0.226520 0.050664 -1.063276
v 0.299130 0.050664 -1.002277
v 0.149130 0.050664 -1.262077
v 0.060060 0.050664 -1.229677
v 0.116830 0.050664 -1.206177
v 0.076780 0.050664 -1.292076
v 0.076780 0.050664 -1.292076
v -0.000870 0.050664 -1.302277
v 0.060060 0.050664 -1.229677
v -0.000870 0.050664 -1.237677
v 0.203000 0.050664 -1.119976
v 0.211260 0.050664 -1.214478
v 0.165590 0.050664 -1.168777
v 0.258940 0.050664 -1.152277
v 0.165590 0.050664 -1.168777
v 0.211260 0.050664 -1.214478
v 0.116830 0.050664 -1.206177
v 0.149130 0.050664 -1.262077
v 0.069400 -0.046756 -1.021177
v 0.132780 -0.032206 -1.038076
v 0.062130 -0.046756 -1.038677
v -0.000870 -0.051766 -1.002277
v 0.118960 -0.032206 -1.071476
v 0.183090 -0.009546 -1.051577
v 0.164060 -0.009546 -1.097576
v 0.215390 0.019014 -1.060276
v 0.193020 0.019014 -1.114277
v 0.183090 -0.009546 -1.051577
v 0.137500 -0.032206 -1.002277
v 0.189580 -0.009546 -1.002277
v 0.223020 0.019014 -1.002277
v 0.132780 -0.032206 -1.038076
v 0.215390 0.019014 -1.060276
v 0.069400 -0.046756 -1.021177
v 0.071880 -0.046756 -1.002277
v -0.000870 -0.051766 -1.002277
v 0.223020 0.019014 -1.002277
v 0.183090 -0.009546 -0.952976
v 0.215390 0.019014 -0.944376
v 0.189580 -0.009546 -1.002277
v 0.137500 -0.032206 -1.002277
v 0.132780 -0.032206 -0.966476
v 0.069400 -0.046756 -0.983477
v 0.071880 -0.046756 -1.002277
v -0.000870 -0.051766 -1.002277
v -0.000870 -0.051766 -1.002277
v 0.062130 -0.046756 -0.965977
v 0.069400 -0.046756 -0.983477
v 0.132780 -0.032206 -0.966476
v 0.118960 -0.032206 -0.933077
v 0.183090 -0.009546 -0.952976
v 0.164060 -0.009546 -0.907078
v 0.215390 0.019014 -0.944376
v 0.193020 0.019014 -0.890377
v 0.157440 0.019014 -0.843977
v 0.193020 0.019014 -0.890377
v 0.164060 -0.009546 -0.907078
v 0.133800 -0.009546 -0.867678
v 0.096970 -0.032206 -0.904476
v 0.118960 -0.032206 -0.933077
v 0.050570 -0.046756 -0.950876
v 0.062130 -0.046756 -0.965977
v -0.000870 -0.051766 -1.002277
v 0.035500 -0.046756 -0.939278
v 0.096970 -0.032206 -0.904476
v 0.050570 -0.046756 -0.950876
v -0.000870 -0.051766 -1.002277
v 0.068320 -0.032206 -0.882477
v 0.094360 -0.009546 -0.837378
v 0.133800 -0.009546 -0.867678
v 0.111070 0.019014 -0.808376
v 0.157440 0.019014 -0.843977
v 0.034940 -0.032206 -0.868677
v 0.094360 -0.009546 -0.837378
v 0.068320 -0.032206 -0.882477
v 0.035500 -0.046756 -0.939278
v 0.017960 -0.046756 -0.932077
v -0.000870 -0.051766 -1.002277
v 0.048420 -0.009546 -0.818377
v 0.057080 0.019014 -0.786077
v 0.111070 0.019014 -0.808376
v -0.050160 -0.009546 -0.818377
v -0.000870 0.019014 -0.778378
v -0.000870 -0.009546 -0.811876
v -0.058810 0.019014 -0.786077
v -0.036680 -0.032206 -0.868677
v -0.000870 -0.032206 -0.863977
v -0.019700 -0.046756 -0.932077
v -0.000870 -0.046756 -0.929577
v -0.000870 -0.051766 -1.002277
v -0.050160 -0.009546 -0.818377
v -0.096090 -0.009546 -0.837378
v -0.112810 0.019014 -0.808376
v -0.070050 -0.032206 -0.882477
v -0.058810 0.019014 -0.786077
v -0.036680 -0.032206 -0.868677
v -0.037240 -0.046756 -0.939278
v -0.019700 -0.046756 -0.932077
v -0.000870 -0.051766 -1.002277
v -0.000870 -0.051766 -1.002277
v -0.052310 -0.046756 -0.950876
v -0.037240 -0.046756 -0.939278
v -0.098710 -0.032206 -0.904476
v -0.070050 -0.032206 -0.882477
v -0.096090 -0.009546 -0.837378
v -0.135530 -0.009546 -0.867678
v -0.112810 0.019014 -0.808376
v -0.159180 0.019014 -0.843977
v -0.159180 0.019014 -0.843977
v -0.194760 0.019014 -0.890377
v -0.165800 -0.009546 -0.907078
v -0.135530 -0.009546 -0.867678
v -0.098710 -0.032206 -0.904476
v -0.120700 -0.032206 -0.933077
v -0.052310 -0.046756 -0.950876
v -0.063870 -0.046756 -0.965977
v -0.000870 -0.051766 -1.002277
v -0.120700 -0.032206 -0.933077
v -0.071130 -0.046756 -0.983477
v -0.134520 -0.032206 -0.966476
v -0.063870 -0.046756 -0.965977
v -0.000870 -0.051766 -1.002277
v -0.165800 -0.009546 -0.907078
v -0.184830 -0.009546 -0.952976
v -0.217120 0.019014 -0.944376
v -0.194760 0.019014 -0.890377
v -0.070050 -0.032206 -1.122177
v -0.037240 -0.046756 -1.065277
v -0.036680 -0.032206 -1.135977
v -0.019700 -0.046756 -1.072577
v -0.000870 -0.051766 -1.002277
v -0.050160 -0.009546 -1.186277
v -0.096090 -0.009546 -1.167276
v -0.112810 0.019014 -1.196177
v -0.058810 0.019014 -1.218576
v -0.000870 -0.009546 -1.192778
v -0.050160 -0.009546 -1.186277
v -0.036680 -0.032206 -1.135977
v -0.058810 0.019014 -1.218576
v -0.000870 -0.032206 -1.140676
v -0.000870 0.019014 -1.226177
v -0.019700 -0.046756 -1.072577
v -0.000870 -0.046756 -1.075077
v -0.000870 -0.051766 -1.002277
v -0.000870 -0.009546 -1.192778
v 0.034940 -0.032206 -1.135977
v 0.048420 -0.009546 -1.186277
v 0.057080 0.019014 -1.218576
v -0.000870 -0.032206 -1.140676
v -0.000870 0.019014 -1.226177
v 0.017960 -0.046756 -1.072577
v -0.000870 -0.046756 -1.075077
v -0.000870 -0.051766 -1.002277
v -0.000870 -0.051766 -1.002277
v 0.035500 -0.046756 -1.065277
v 0.017960 -0.046756 -1.072577
v 0.034940 -0.032206 -1.135977
v 0.068320 -0.032206 -1.122177
v 0.048420 -0.009546 -1.186277
v 0.094360 -0.009546 -1.167276
v 0.057080 0.019014 -1.218576
v 0.111070 0.019014 -1.196177
v 0.157440 0.019014 -1.160578
v 0.111070 0.019014 -1.196177
v 0.133800 -0.009546 -1.136976
v 0.094360 -0.009546 -1.167276
v 0.068320 -0.032206 -1.122177
v 0.096970 -0.032206 -1.100178
v 0.035500 -0.046756 -1.065277
v 0.050570 -0.046756 -1.053778
v -0.000870 -0.051766 -1.002277
v 0.062130 -0.046756 -1.038677
v 0.096970 -0.032206 -1.100178
v 0.050570 -0.046756 -1.053778
v -0.000870 -0.051766 -1.002277
v 0.118960 -0.032206 -1.071476
v 0.133800 -0.009546 -1.136976
v 0.164060 -0.009546 -1.097576
v 0.157440 0.019014 -1.160578
v 0.193020 0.019014 -1.114277
v -0.000870 -0.009546 -0.811876
v 0.034940 -0.032206 -0.868677
v -0.000870 -0.032206 -0.863977
v 0.048420 -0.009546 -0.818377
v 0.017960 -0.046756 -0.932077
v -0.000870 -0.046756 -0.929577
v -0.000870 -0.051766 -1.002277
v -0.000870 0.019014 -0.778378
v 0.057080 0.019014 -0.786077
v -0.191320 -0.009546 -1.002277
v -0.134520 -0.032206 -0.966476
v -0.139240 -0.032206 -1.002277
v -0.073610 -0.046756 -1.002277
v -0.071130 -0.046756 -0.983477
v -0.000870 -0.051766 -1.002277
v -0.184830 -0.009546 -0.952976
v -0.224750 0.019014 -1.002277
v -0.217120 0.019014 -0.944376
v -0.184830 -0.009546 -1.051577
v -0.139240 -0.032206 -1.002277
v -0.134520 -0.032206 -1.038076
v -0.191320 -0.009546 -1.002277
v -0.073610 -0.046756 -1.002277
v -0.071130 -0.046756 -1.021177
v -0.000870 -0.051766 -1.002277
v -0.217120 0.019014 -1.060276
v -0.224750 0.019014 -1.002277
v -0.194760 0.019014 -1.114277
v -0.184830 -0.009546 -1.051577
v -0.165800 -0.009546 -1.097576
v -0.120700 -0.032206 -1.071476
v -0.217120 0.019014 -1.060276
v -0.134520 -0.032206 -1.038076
v -0.063870 -0.046756 -1.038677
v -0.071130 -0.046756 -1.021177
v -0.000870 -0.051766 -1.002277
v -0.000870 -0.051766 -1.002277
v -0.052310 -0.046756 -1.053778
v -0.063870 -0.046756 -1.038677
v -0.098710 -0.032206 -1.100178
v -0.120700 -0.032206 -1.071476
v -0.165800 -0.009546 -1.097576
v -0.135530 -0.009546 -1.136976
v -0.159180 0.019014 -1.160578
v -0.194760 0.019014 -1.114277
v -0.037240 -0.046756 -1.065277
v -0.098710 -0.032206 -1.100178
v -0.052310 -0.046756 -1.053778
v -0.000870 -0.051766 -1.002277
v -0.070050 -0.032206 -1.122177
v -0.135530 -0.009546 -1.136976
v -0.096090 -0.009546 -1.167276
v -0.112810 0.019014 -1.196177
v -0.159180 0.019014 -1.160578
v -0.078510 -0.099336 -0.712578
v -0.000870 -0.099336 -0.702276
v -0.078510 0.050664 -0.712578
v -0.000870 0.050664 -0.702276
v -0.150870 0.050664 -0.742477
v -0.150870 -0.099336 -0.742477
v -0.213000 0.050664 -0.790176
v -0.213000 -0.099336 -0.790176
v 0.211260 0.050664 -0.790176
v 0.211260 -0.099336 -0.790176
v 0.149130 0.050664 -0.742477
v 0.149130 -0.099336 -0.742477
v 0.076780 0.050664 -0.712578
v 0.076780 -0.099336 -0.712578
v -0.000870 0.050664 -0.702276
v -0.000870 -0.099336 -0.702276
v -0.112810 0.019014 -1.196177
v -0.058810 0.019014 -1.218576
v -0.061800 0.050664 -1.229677
v -0.118570 0.050664 -1.206177
v -0.058810 0.019014 -1.218576
v -0.000870 0.019014 -1.226177
v -0.000870 0.050664 -1.237677
v -0.061800 0.050664 -1.229677
v 0.057080 0.019014 -1.218576
v -0.000870 0.019014 -1.226177
v -0.000870 0.050664 -1.237677
v 0.060060 0.050664 -1.229677
v 0.057080 0.019014 -1.218576
v 0.111070 0.019014 -1.196177
v 0.060060 0.050664 -1.229677
v 0.116830 0.050664 -1.206177
v 0.157440 0.019014 -1.160578
v 0.116830 0.050664 -1.206177
v 0.111070 0.019014 -1.196177
v 0.165590 0.050664 -1.168777
v -0.112810 0.019014 -1.196177
v -0.159180 0.019014 -1.160578
v -0.118570 0.050664 -1.206177
v -0.167330 0.050664 -1.168777
v -0.213000 0.050664 -0.790176
v -0.213000 -0.099336 -0.790176
v -0.260680 0.050664 -0.852278
v -0.260680 -0.099336 -0.852278
v -0.290650 0.050664 -0.924677
v -0.290650 -0.099336 -0.924677
v -0.300870 0.050664 -1.002277
v -0.300870 -0.099336 -1.002277
v -0.290650 0.050664 -1.079977
v -0.290650 -0.099336 -1.079977
v -0.260680 0.050664 -1.152277
v -0.260680 -0.099336 -1.152277
v -0.213000 0.050664 -1.214478
v -0.213000 -0.099336 -1.214478
v 0.215390 0.019014 -1.060276
v 0.193020 0.019014 -1.114277
v 0.226520 0.050664 -1.063276
v 0.203000 0.050664 -1.119976
v 0.223020 0.019014 -1.002277
v 0.215390 0.019014 -1.060276
v 0.234540 0.050664 -1.002277
v 0.226520 0.050664 -1.063276
v 0.223020 0.019014 -1.002277
v 0.215390 0.019014 -0.944376
v 0.234540 0.050664 -1.002277
v 0.226520 0.050664 -0.941378
v 0.215390 0.019014 -0.944376
v 0.193020 0.019014 -0.890377
v 0.226520 0.050664 -0.941378
v 0.203000 0.050664 -0.884577
v 0.203000 0.050664 -0.884577
v 0.157440 0.019014 -0.843977
v 0.165590 0.050664 -0.835876
v 0.193020 0.019014 -0.890377
v 0.157440 0.019014 -1.160578
v 0.193020 0.019014 -1.114277
v 0.203000 0.050664 -1.119976
v 0.165590 0.050664 -1.168777
v 0.211260 -0.099336 -1.214478
v -0.260680 -0.099336 -0.852278
v -0.150870 -0.099336 -1.262077
v 0.076780 -0.099336 -1.292076
v 0.149130 -0.099336 -1.262077
v -0.000870 -0.099336 -1.302277
v -0.078510 -0.099336 -1.292076
v 0.211260 -0.099336 -0.790176
v 0.258940 -0.099336 -1.152277
v -0.300870 -0.099336 -1.002277
v -0.290650 -0.099336 -0.924677
v -0.290650 -0.099336 -1.079977
v -0.213000 -0.099336 -1.214478
v -0.260680 -0.099336 -1.152277
v 0.299130 -0.099336 -1.002277
v 0.288910 -0.099336 -1.079977
v 0.258940 -0.099336 -0.852278
v 0.288910 -0.099336 -0.924677
v -0.150870 -0.099336 -0.742477
v -0.213000 -0.099336 -0.790176
v -0.000870 -0.099336 -0.702276
v -0.078510 -0.099336 -0.712578
v 0.149130 -0.099336 -0.742477
v 0.076780 -0.099336 -0.712578
v -0.213000 0.050664 -1.214478
v -0.213000 -0.099336 -1.214478
v -0.150870 0.050664 -1.262077
v -0.150870 -0.099336 -1.262077
v -0.078510 0.050664 -1.292076
v -0.078510 -0.099336 -1.292076
v -0.000870 0.050664 -1.302277
v -0.000870 -0.099336 -1.302277
v 0.076780 0.050664 -1.292076
v 0.076780 -0.099336 -1.292076
v 0.149130 0.050664 -1.262077
v 0.149130 -0.099336 -1.262077
v 0.211260 0.050664 -1.214478
v 0.211260 -0.099336 -1.214478
v 0.111070 0.019014 -0.808376
v 0.157440 0.019014 -0.843977
v 0.116830 0.050664 -0.798477
v 0.165590 0.050664 -0.835876
v 0.057080 0.019014 -0.786077
v 0.111070 0.019014 -0.808376
v 0.060060 0.050664 -0.774878
v 0.116830 0.050664 -0.798477
v -0.000870 0.019014 -0.778378
v -0.058810 0.019014 -0.786077
v -0.000870 0.050664 -0.766876
v -0.061800 0.050664 -0.774878
v -0.112810 0.019014 -0.808376
v -0.058810 0.019014 -0.786077
v -0.061800 0.050664 -0.774878
v -0.118570 0.050664 -0.798477
v -0.112810 0.019014 -0.808376
v -0.159180 0.019014 -0.843977
v -0.118570 0.050664 -0.798477
v -0.167330 0.050664 -0.835876
v -0.000870 0.019014 -0.778378
v 0.057080 0.019014 -0.786077
v -0.000870 0.050664 -0.766876
v 0.060060 0.050664 -0.774878
v 0.299140 0.025664 -0.242277
v 0.239140 -0.124336 -0.302277
v 0.239140 0.025664 -0.302277
v 0.299140 -0.124336 -0.242277
v 0.269140 0.075665 -0.212276
v 0.209140 0.025664 -0.272278
v 0.209140 0.075664 -0.272278
v 0.269140 0.025664 -0.212276
v 0.299140 0.025664 0.237722
v 0.299140 -0.124336 -0.242277
v 0.299140 0.025664 -0.242277
v 0.299140 -0.124336 0.237722
v 0.269140 0.075665 0.207724
v 0.269140 0.025664 -0.212276
v 0.269140 0.075665 -0.212276
v 0.269140 0.025664 0.207724
v -0.210860 0.075665 0.267723
v 0.209140 0.075665 0.267723
v 0.209140 0.075664 -0.272278
v 0.269140 0.075665 0.207724
v 0.269140 0.075665 -0.212276
v -0.270860 0.075665 0.207724
v -0.210860 0.075664 -0.272278
v -0.270860 0.075665 -0.212276
v -0.240860 0.025664 0.297724
v 0.239140 0.025664 0.297724
v 0.239140 0.025664 -0.302277
v 0.299140 0.025664 0.237722
v 0.299140 0.025664 -0.242277
v -0.300860 0.025664 0.237722
v -0.240860 0.025664 -0.302277
v -0.300860 0.025664 -0.242277
v -0.240860 0.025664 0.297724
v -0.300860 0.025664 0.237722
v -0.240860 -0.124336 0.297724
v -0.300860 -0.124336 0.237722
v 0.299140 0.025664 0.237722
v 0.239140 0.025664 0.297724
v 0.299140 -0.124336 0.237722
v 0.239140 -0.124336 0.297724
v -0.270860 0.025664 0.207724
v -0.210860 0.025664 0.267723
v -0.270860 0.075665 0.207724
v -0.210860 0.075665 0.267723
v 0.209140 0.025664 0.267723
v 0.269140 0.025664 0.207724
v 0.209140 0.075665 0.267723
v 0.269140 0.075665 0.207724
v -0.240860 0.025664 0.297724
v 0.239140 -0.124336 0.297724
v 0.239140 0.025664 0.297724
v -0.240860 -0.124336 0.297724
v -0.210860 0.075665 0.267723
v 0.209140 0.025664 0.267723
v 0.209140 0.075665 0.267723
v -0.210860 0.025664 0.267723
v -0.300860 0.025664 -0.242277
v -0.240860 0.025664 -0.302277
v -0.300860 -0.124336 -0.242277
v -0.240860 -0.124336 -0.302277
v -0.210860 0.025664 -0.272278
v -0.270860 0.025664 -0.212276
v -0.210860 0.075664 -0.272278
v -0.270860 0.075665 -0.212276
v -0.300860 0.025664 -0.242277
v -0.300860 -0.124336 0.237722
v -0.300860 0.025664 0.237722
v -0.300860 -0.124336 -0.242277
v -0.270860 0.075665 -0.212276
v -0.270860 0.025664 0.207724
v -0.270860 0.075665 0.207724
v -0.270860 0.025664 -0.212276
v -0.240860 -0.124336 -0.302277
v 0.239140 -0.124336 -0.302277
v 0.299140 -0.124336 0.237722
v 0.299140 -0.124336 -0.242277
v 0.239140 -0.124336 0.297724
v -0.240860 -0.124336 0.297724
v -0.300860 -0.124336 0.237722
v -0.300860 -0.124336 -0.242277
v 0.239140 0.025664 -0.302277
v -0.240860 -0.124336 -0.302277
v -0.240860 0.025664 -0.302277
v 0.239140 -0.124336 -0.302277
v 0.209140 0.075664 -0.272278
v -0.210860 0.025664 -0.272278
v -0.210860 0.075664 -0.272278
v 0.209140 0.025664 -0.272278
v 0.211260 0.050664 0.785522
v 0.211260 -0.099336 0.785522
v 0.258940 0.050664 0.847723
v 0.258940 -0.099336 0.847723
v 0.288910 0.050664 0.920023
v 0.288910 -0.099336 0.920023
v 0.299130 0.050664 0.997723
v 0.299130 -0.099336 0.997723
v 0.288910 0.050665 1.075323
v 0.288910 -0.099336 1.075323
v 0.258940 0.050665 1.147722
v 0.258940 -0.099336 1.147722
v 0.211260 0.050665 1.209824
v 0.211260 -0.099336 1.209824
v -0.204740 0.050665 1.115423
v -0.159180 0.019014 1.156023
v -0.194760 0.019014 1.109623
v -0.167330 0.050665 1.164124
v -0.217120 0.019014 1.055624
v -0.194760 0.019014 1.109623
v -0.228250 0.050665 1.058622
v -0.204740 0.050665 1.115423
v -0.224750 0.019014 0.997723
v -0.217120 0.019014 1.055624
v -0.236270 0.050664 0.997723
v -0.228250 0.050665 1.058622
v -0.217120 0.019014 0.939724
v -0.224750 0.019014 0.997723
v -0.236270 0.050664 0.997723
v -0.228250 0.050664 0.936724
v -0.194760 0.019014 0.885723
v -0.217120 0.019014 0.939724
v -0.228250 0.050664 0.936724
v -0.204740 0.050664 0.880024
v -0.159180 0.019014 0.839422
v -0.194760 0.019014 0.885723
v -0.204740 0.050664 0.880024
v -0.167330 0.050664 0.831223
v -0.150870 0.050664 0.737923
v -0.167330 0.050664 0.831223
v -0.118570 0.050664 0.793823
v -0.213000 0.050664 0.785522
v -0.204740 0.050664 0.880024
v -0.213000 0.050664 0.785522
v -0.260680 0.050664 0.847723
v -0.167330 0.050664 0.831223
v -0.000870 0.050664 0.697723
v -0.061800 0.050664 0.770323
v -0.000870 0.050664 0.762323
v -0.078510 0.050664 0.707924
v -0.061800 0.050664 0.770323
v -0.150870 0.050664 0.737923
v -0.118570 0.050664 0.793823
v -0.078510 0.050664 0.707924
v -0.290650 0.050664 0.920023
v -0.236270 0.050664 0.997723
v -0.228250 0.050664 0.936724
v -0.300870 0.050664 0.997723
v -0.236270 0.050664 0.997723
v -0.300870 0.050664 0.997723
v -0.290650 0.050665 1.075323
v -0.228250 0.050665 1.058622
v -0.260680 0.050665 1.147722
v -0.204740 0.050665 1.115423
v -0.290650 0.050665 1.075323
v -0.228250 0.050665 1.058622
v -0.290650 0.050664 0.920023
v -0.204740 0.050664 0.880024
v -0.260680 0.050664 0.847723
v -0.228250 0.050664 0.936724
v -0.118570 0.050665 1.201523
v -0.213000 0.050665 1.209824
v -0.150870 0.050665 1.257523
v -0.167330 0.050665 1.164124
v -0.061800 0.050665 1.225122
v -0.150870 0.050665 1.257523
v -0.078510 0.050665 1.287422
v -0.118570 0.050665 1.201523
v -0.000870 0.050665 1.233124
v -0.078510 0.050665 1.287422
v -0.000870 0.050665 1.297724
v -0.078510 0.050665 1.287422
v -0.000870 0.050665 1.233124
v -0.061800 0.050665 1.225122
v -0.167330 0.050665 1.164124
v -0.260680 0.050665 1.147722
v -0.213000 0.050665 1.209824
v -0.204740 0.050665 1.115423
v -0.000870 0.050665 1.297724
v 0.060060 0.050665 1.225122
v -0.000870 0.050665 1.233124
v 0.076780 0.050665 1.287422
v 0.076780 0.050665 1.287422
v 0.116830 0.050665 1.201523
v 0.060060 0.050665 1.225122
v 0.149130 0.050665 1.257523
v 0.116830 0.050665 1.201523
v 0.149130 0.050665 1.257523
v 0.165590 0.050665 1.164124
v 0.211260 0.050665 1.209824
v 0.258940 0.050665 1.147722
v 0.203000 0.050665 1.115423
v 0.211260 0.050665 1.209824
v 0.165590 0.050665 1.164124
v 0.226520 0.050664 0.936724
v 0.258940 0.050664 0.847723
v 0.203000 0.050664 0.880024
v 0.288910 0.050664 0.920023
v 0.258940 0.050665 1.147722
v 0.288910 0.050665 1.075323
v 0.203000 0.050665 1.115423
v 0.226520 0.050665 1.058622
v 0.226520 0.050665 1.058622
v 0.299130 0.050664 0.997723
v 0.234540 0.050664 0.997723
v 0.299130 0.050664 0.997723
v 0.226520 0.050665 1.058622
v 0.288910 0.050665 1.075323
v 0.234540 0.050664 0.997723
v 0.288910 0.050664 0.920023
v 0.226520 0.050664 0.936724
v 0.299130 0.050664 0.997723
v 0.149130 0.050664 0.737923
v 0.060060 0.050664 0.770323
v 0.116830 0.050664 0.793823
v 0.076780 0.050664 0.707924
v 0.076780 0.050664 0.707924
v -0.000870 0.050664 0.697723
v 0.060060 0.050664 0.770323
v -0.000870 0.050664 0.762323
v 0.203000 0.050664 0.880024
v 0.211260 0.050664 0.785522
v 0.165590 0.050664 0.831223
v 0.258940 0.050664 0.847723
v 0.165590 0.050664 0.831223
v 0.211260 0.050664 0.785522
v 0.116830 0.050664 0.793823
v 0.149130 0.050664 0.737923
v 0.069400 -0.046755 0.978823
v 0.132780 -0.032206 0.961924
v 0.062130 -0.046755 0.961323
v -0.000870 -0.051766 0.997723
v 0.118960 -0.032206 0.928524
v 0.183090 -0.009545 0.948423
v 0.164060 -0.009545 0.902424
v 0.215390 0.019014 0.939724
v 0.193020 0.019014 0.885723
v 0.183090 -0.009545 0.948423
v 0.137500 -0.032206 0.997723
v 0.189580 -0.009545 0.997723
v 0.223020 0.019014 0.997723
v 0.132780 -0.032206 0.961924
v 0.215390 0.019014 0.939724
v 0.069400 -0.046755 0.978823
v 0.071880 -0.046755 0.997723
v -0.000870 -0.051766 0.997723
v 0.223020 0.019014 0.997723
v 0.183090 -0.009545 1.047024
v 0.215390 0.019014 1.055624
v 0.189580 -0.009545 0.997723
v 0.137500 -0.032206 0.997723
v 0.132780 -0.032206 1.033524
v 0.069400 -0.046755 1.016523
v 0.071880 -0.046755 0.997723
v -0.000870 -0.051766 0.997723
v -0.000870 -0.051766 0.997723
v 0.062130 -0.046755 1.034023
v 0.069400 -0.046755 1.016523
v 0.132780 -0.032206 1.033524
v 0.118960 -0.032205 1.066923
v 0.183090 -0.009545 1.047024
v 0.164060 -0.009545 1.092922
v 0.215390 0.019014 1.055624
v 0.193020 0.019014 1.109623
v 0.157440 0.019014 1.156023
v 0.193020 0.019014 1.109623
v 0.164060 -0.009545 1.092922
v 0.133800 -0.009545 1.132322
v 0.096970 -0.032205 1.095524
v 0.118960 -0.032205 1.066923
v 0.050570 -0.046755 1.049124
v 0.062130 -0.046755 1.034023
v -0.000870 -0.051766 0.997723
v 0.035500 -0.046755 1.060722
v 0.096970 -0.032205 1.095524
v 0.050570 -0.046755 1.049124
v -0.000870 -0.051766 0.997723
v 0.068320 -0.032205 1.117523
v 0.094360 -0.009545 1.162622
v 0.133800 -0.009545 1.132322
v 0.111070 0.019014 1.191624
v 0.157440 0.019014 1.156023
v 0.034940 -0.032205 1.131323
v 0.094360 -0.009545 1.162622
v 0.068320 -0.032205 1.117523
v 0.035500 -0.046755 1.060722
v 0.017960 -0.046755 1.067923
v -0.000870 -0.051766 0.997723
v 0.048420 -0.009545 1.181623
v 0.057080 0.019014 1.213923
v 0.111070 0.019014 1.191624
v -0.050160 -0.009545 1.181623
v -0.000870 0.019014 1.221622
v -0.000870 -0.009545 1.188124
v -0.058810 0.019014 1.213923
v -0.036680 -0.032205 1.131323
v -0.000870 -0.032205 1.136023
v -0.019700 -0.046755 1.067923
v -0.000870 -0.046755 1.070423
v -0.000870 -0.051766 0.997723
v -0.050160 -0.009545 1.181623
v -0.096090 -0.009545 1.162622
v -0.112810 0.019014 1.191624
v -0.070050 -0.032205 1.117523
v -0.058810 0.019014 1.213923
v -0.036680 -0.032205 1.131323
v -0.037240 -0.046755 1.060722
v -0.019700 -0.046755 1.067923
v -0.000870 -0.051766 0.997723
v -0.000870 -0.051766 0.997723
v -0.052310 -0.046755 1.049124
v -0.037240 -0.046755 1.060722
v -0.098710 -0.032205 1.095524
v -0.070050 -0.032205 1.117523
v -0.096090 -0.009545 1.162622
v -0.135530 -0.009545 1.132322
v -0.112810 0.019014 1.191624
v -0.159180 0.019014 1.156023
v -0.159180 0.019014 1.156023
v -0.194760 0.019014 1.109623
v -0.165800 -0.009545 1.092922
v -0.135530 -0.009545 1.132322
v -0.098710 -0.032205 1.095524
v -0.120700 -0.032205 1.066923
v -0.052310 -0.046755 1.049124
v -0.063870 -0.046755 1.034023
v -0.000870 -0.051766 0.997723
v -0.120700 -0.032205 1.066923
v -0.071130 -0.046755 1.016523
v -0.134520 -0.032206 1.033524
v -0.063870 -0.046755 1.034023
v -0.000870 -0.051766 0.997723
v -0.165800 -0.009545 1.092922
v -0.184830 -0.009545 1.047024
v -0.217120 0.019014 1.055624
v -0.194760 0.019014 1.109623
v -0.070050 -0.032206 0.877823
v -0.037240 -0.046755 0.934723
v -0.036680 -0.032206 0.864023
v -0.019700 -0.046755 0.927423
v -0.000870 -0.051766 0.997723
v -0.050160 -0.009546 0.813723
v -0.096090 -0.009546 0.832724
v -0.112810 0.019014 0.803823
v -0.058810 0.019014 0.781424
v -0.000870 -0.009546 0.807222
v -0.050160 -0.009546 0.813723
v -0.036680 -0.032206 0.864023
v -0.058810 0.019014 0.781424
v -0.000870 -0.032206 0.859324
v -0.000870 0.019014 0.773823
v -0.019700 -0.046755 0.927423
v -0.000870 -0.046755 0.924923
v -0.000870 -0.051766 0.997723
v -0.000870 -0.009546 0.807222
v 0.034940 -0.032206 0.864023
v 0.048420 -0.009546 0.813723
v 0.057080 0.019014 0.781424
v -0.000870 -0.032206 0.859324
v -0.000870 0.019014 0.773823
v 0.017960 -0.046755 0.927423
v -0.000870 -0.046755 0.924923
v -0.000870 -0.051766 0.997723
v -0.000870 -0.051766 0.997723
v 0.035500 -0.046755 0.934723
v 0.017960 -0.046755 0.927423
v 0.034940 -0.032206 0.864023
v 0.068320 -0.032206 0.877823
v 0.048420 -0.009546 0.813723
v 0.094360 -0.009546 0.832724
v 0.057080 0.019014 0.781424
v 0.111070 0.019014 0.803823
v 0.157440 0.019014 0.839422
v 0.111070 0.019014 0.803823
v 0.133800 -0.009545 0.863024
v 0.094360 -0.009546 0.832724
v 0.068320 -0.032206 0.877823
v 0.096970 -0.032206 0.899822
v 0.035500 -0.046755 0.934723
v 0.050570 -0.046755 0.946222
v -0.000870 -0.051766 0.997723
v 0.062130 -0.046755 0.961323
v 0.096970 -0.032206 0.899822
v 0.050570 -0.046755 0.946222
v -0.000870 -0.051766 0.997723
v 0.118960 -0.032206 0.928524
v 0.133800 -0.009545 0.863024
v 0.164060 -0.009545 0.902424
v 0.157440 0.019014 0.839422
v 0.193020 0.019014 0.885723
v -0.000870 -0.009545 1.188124
v 0.034940 -0.032205 1.131323
v -0.000870 -0.032205 1.136023
v 0.048420 -0.009545 1.181623
v 0.017960 -0.046755 1.067923
v -0.000870 -0.046755 1.070423
v -0.000870 -0.051766 0.997723
v -0.000870 0.019014 1.221622
v 0.057080 0.019014 1.213923
v -0.191320 -0.009545 0.997723
v -0.134520 -0.032206 1.033524
v -0.139240 -0.032206 0.997723
v -0.073610 -0.046755 0.997723
v -0.071130 -0.046755 1.016523
v -0.000870 -0.051766 0.997723
v -0.184830 -0.009545 1.047024
v -0.224750 0.019014 0.997723
v -0.217120 0.019014 1.055624
v -0.184830 -0.009545 0.948423
v -0.139240 -0.032206 0.997723
v -0.134520 -0.032206 0.961924
v -0.191320 -0.009545 0.997723
v -0.073610 -0.046755 0.997723
v -0.071130 -0.046755 0.978823
v -0.000870 -0.051766 0.997723
v -0.217120 0.019014 0.939724
v -0.224750 0.019014 0.997723
v -0.194760 0.019014 0.885723
v -0.184830 -0.009545 0.948423
v -0.165800 -0.009545 0.902424
v -0.120700 -0.032206 0.928524
v -0.217120 0.019014 0.939724
v -0.134520 -0.032206 0.961924
v -0.063870 -0.046755 0.961323
v -0.071130 -0.046755 0.978823
v -0.000870 -0.051766 0.997723
v -0.000870 -0.051766 0.997723
v -0.052310 -0.046755 0.946222
v -0.063870 -0.046755 0.961323
v -0.098710 -0.032206 0.899822
v -0.120700 -0.032206 0.928524
v -0.165800 -0.009545 0.902424
v -0.135530 -0.009545 0.863024
v -0.159180 0.019014 0.839422
v -0.194760 0.019014 0.885723
v -0.037240 -0.046755 0.934723
v -0.098710 -0.032206 0.899822
v -0.052310 -0.046755 0.946222
v -0.000870 -0.051766 0.997723
v -0.070050 -0.032206 0.877823
v -0.135530 -0.009545 0.863024
v -0.096090 -0.009546 0.832724
v -0.112810 0.019014 0.803823
v -0.159180 0.019014 0.839422
v -0.078510 -0.099336 1.287422
v -0.000870 -0.099336 1.297724
v -0.078510 0.050665 1.287422
v -0.000870 0.050665 1.297724
v -0.150870 0.050665 1.257523
v -0.150870 -0.099336 1.257523
v -0.213000 0.050665 1.209824
v -0.213000 -0.099336 1.209824
v 0.211260 0.050665 1.209824
v 0.211260 -0.099336 1.209824
v 0.149130 0.050665 1.257523
v 0.149130 -0.099336 1.257523
v 0.076780 0.050665 1.287422
v 0.076780 -0.099336 1.287422
v -0.000870 0.050665 1.297724
v -0.000870 -0.099336 1.297724
v -0.112810 0.019014 0.803823
v -0.058810 0.019014 0.781424
v -0.061800 0.050664 0.770323
v -0.118570 0.050664 0.793823
v -0.058810 0.019014 0.781424
v -0.000870 0.019014 0.773823
v -0.000870 0.050664 0.762323
v -0.061800 0.050664 0.770323
v 0.057080 0.019014 0.781424
v -0.000870 0.019014 0.773823
v -0.000870 0.050664 0.762323
v 0.060060 0.050664 0.770323
v 0.057080 0.019014 0.781424
v 0.111070 0.019014 0.803823
v 0.060060 0.050664 0.770323
v 0.116830 0.050664 0.793823
v 0.157440 0.019014 0.839422
v 0.116830 0.050664 0.793823
v 0.111070 0.019014 0.803823
v 0.165590 0.050664 0.831223
v -0.112810 0.019014 0.803823
v -0.159180 0.019014 0.839422
v -0.118570 0.050664 0.793823
v -0.167330 0.050664 0.831223
v -0.213000 0.050665 1.209824
v -0.213000 -0.099336 1.209824
v -0.260680 0.050665 1.147722
v -0.260680 -0.099336 1.147722
v -0.290650 0.050665 1.075323
v -0.290650 -0.099336 1.075323
v -0.300870 0.050664 0.997723
v -0.300870 -0.099336 0.997723
v -0.290650 0.050664 0.920023
v -0.290650 -0.099336 0.920023
v -0.260680 0.050664 0.847723
v -0.260680 -0.099336 0.847723
v -0.213000 0.050664 0.785522
v -0.213000 -0.099336 0.785522
v 0.215390 0.019014 0.939724
v 0.193020 0.019014 0.885723
v 0.226520 0.050664 0.936724
v 0.203000 0.050664 0.880024
v 0.223020 0.019014 0.997723
v 0.215390 0.019014 0.939724
v 0.234540 0.050664 0.997723
v 0.226520 0.050664 0.936724
v 0.223020 0.019014 0.997723
v 0.215390 0.019014 1.055624
v 0.234540 0.050664 0.997723
v 0.226520 0.050665 1.058622
v 0.215390 0.019014 1.055624
v 0.193020 0.019014 1.109623
v 0.226520 0.050665 1.058622
v 0.203000 0.050665 1.115423
v 0.203000 0.050665 1.115423
v 0.157440 0.019014 1.156023
v 0.165590 0.050665 1.164124
v 0.193020 0.019014 1.109623
v 0.157440 0.019014 0.839422
v 0.193020 0.019014 0.885723
v 0.203000 0.050664 0.880024
v 0.165590 0.050664 0.831223
v 0.211260 -0.099336 0.785522
v -0.260680 -0.099336 1.147722
v -0.150870 -0.099336 0.737923
v 0.076780 -0.099336 0.707924
v 0.149130 -0.099336 0.737923
v -0.000870 -0.099336 0.697723
v -0.078510 -0.099336 0.707924
v 0.211260 -0.099336 1.209824
v 0.258940 -0.099336 0.847723
v -0.300870 -0.099336 0.997723
v -0.290650 -0.099336 1.075323
v -0.290650 -0.099336 0.920023
v -0.213000 -0.099336 0.785522
v -0.260680 -0.099336 0.847723
v 0.299130 -0.099336 0.997723
v 0.288910 -0.099336 0.920023
v 0.258940 -0.099336 1.147722
v 0.288910 -0.099336 1.075323
v -0.150870 -0.099336 1.257523
v -0.213000 -0.099336 1.209824
v -0.000870 -0.099336 1.297724
v -0.078510 -0.099336 1.287422
v 0.149130 -0.099336 1.257523
v 0.076780 -0.099336 1.287422
v -0.213000 0.050664 0.785522
v -0.213000 -0.099336 0.785522
v -0.150870 0.050664 0.737923
v -0.150870 -0.099336 0.737923
v -0.078510 0.050664 0.707924
v -0.078510 -0.099336 0.707924
v -0.000870 0.050664 0.697723
v -0.000870 -0.099336 0.697723
v 0.076780 0.050664 0.707924
v 0.076780 -0.099336 0.707924
v 0.149130 0.050664 0.737923
v 0.149130 -0.099336 0.737923
v 0.211260 0.050664 0.785522
v 0.211260 -0.099336 0.785522
v 0.111070 0.019014 1.191624
v 0.157440 0.019014 1.156023
v 0.116830 0.050665 1.201523
v 0.165590 0.050665 1.164124
v 0.057080 0.019014 1.213923
v 0.111070 0.019014 1.191624
v 0.060060 0.050665 1.225122
v 0.116830 0.050665 1.201523
v -0.000870 0.019014 1.221622
v -0.058810 0.019014 1.213923
v -0.000870 0.050665 1.233124
v -0.061800 0.050665 1.225122
v -0.112810 0.019014 1.191624
v -0.058810 0.019014 1.213923
v -0.061800 0.050665 1.225122
v -0.118570 0.050665 1.201523
v -0.112810 0.019014 1.191624
v -0.159180 0.019014 1.156023
v -0.118570 0.050665 1.201523
v -0.167330 0.050665 1.164124
v -0.000870 0.019014 1.221622
v 0.057080 0.019014 1.213923
v -0.000870 0.050665 1.233124
v 0.060060 0.050665 1.225122
vn 0.8644 -0.0000 -0.5029
vn 0.7071 -0.0000 -0.7071
vn 0.9659 -0.0000 -0.2589
vn 1.0000 -0.0000 0.0001
vn 0.9659 -0.0000 0.2591
vn 0.8644 -0.0000 0.5029
vn 0.7071 -0.0000 0.7071
vn 0.8128 0.3393 -0.4735
vn 0.5927 0.5453 -0.5927
vn 0.7266 0.5449 -0.4186
vn 0.6649 0.3404 -0.6649
vn 0.9081 0.3396 -0.2449
vn 0.8104 0.5429 -0.2203
vn 0.8128 0.3393 -0.4734
vn 0.9405 0.3398 -0.0000
vn 0.8104 0.5428 -0.2203
vn 0.8381 0.5455 -0.0000
vn 0.9082 0.3396 -0.2448
vn 0.8104 0.5429 0.2203
vn 0.9082 0.3396 0.2448
vn 0.7266 0.5449 0.4185
vn 0.9081 0.3396 0.2449
vn 0.8104 0.5428 0.2203
vn 0.8128 0.3393 0.4734
vn 0.5928 0.5453 0.5927
vn 0.8128 0.3393 0.4735
vn 0.7266 0.5449 0.4186
vn 0.6649 0.3404 0.6649
vn -0.0000 1.0000 -0.0000
vn -0.1413 0.9892 0.0393
vn -0.3081 0.9481 0.0790
vn -0.1257 0.9896 0.0707
vn -0.2765 0.9479 0.1580
vn -0.5254 0.8391 0.1412
vn -0.4713 0.8405 0.2671
vn -0.8104 0.5429 0.2203
vn -0.7265 0.5450 0.4185
vn -0.5254 0.8391 0.1411
vn -0.3162 0.9487 -0.0000
vn -0.5419 0.8404 -0.0000
vn -0.8381 0.5456 -0.0000
vn -0.1491 0.9888 -0.0000
vn -0.5254 0.8391 -0.1412
vn -0.8104 0.5429 -0.2203
vn -0.3081 0.9481 -0.0790
vn -0.1413 0.9892 -0.0393
vn -0.1257 0.9896 -0.0707
vn -0.1413 0.9892 -0.0392
vn -0.2765 0.9479 -0.1580
vn -0.4713 0.8405 -0.2671
vn -0.7265 0.5449 -0.4186
vn -0.5927 0.5454 -0.5927
vn -0.7265 0.5450 -0.4186
vn -0.3844 0.8394 -0.3844
vn -0.2287 0.9463 -0.2287
vn -0.1021 0.9895 -0.1021
vn -0.0707 0.9896 -0.1257
vn -0.1580 0.9479 -0.2765
vn -0.2671 0.8405 -0.4713
vn -0.4185 0.5449 -0.7265
vn -0.0790 0.9481 -0.3081
vn -0.0393 0.9892 -0.1413
vn -0.1412 0.8391 -0.5254
vn -0.2203 0.5429 -0.8104
vn -0.4185 0.5450 -0.7265
vn 0.1411 0.8391 -0.5254
vn -0.0000 0.5456 -0.8381
vn -0.0000 0.8404 -0.5419
vn 0.2203 0.5429 -0.8104
vn 0.0790 0.9481 -0.3081
vn -0.0000 0.9487 -0.3162
vn 0.0392 0.9892 -0.1413
vn -0.0000 0.9888 -0.1491
vn 0.1412 0.8391 -0.5254
vn 0.2671 0.8405 -0.4713
vn 0.4185 0.5450 -0.7265
vn 0.1580 0.9479 -0.2765
vn 0.0707 0.9896 -0.1257
vn 0.1021 0.9895 -0.1021
vn 0.2287 0.9463 -0.2287
vn 0.3844 0.8394 -0.3844
vn 0.4186 0.5449 -0.7265
vn 0.5927 0.5454 -0.5927
vn 0.4713 0.8405 -0.2671
vn 0.7265 0.5450 -0.4185
vn 0.3844 0.8394 -0.3843
vn 0.2765 0.9479 -0.1580
vn 0.1257 0.9896 -0.0707
vn 0.1413 0.9892 -0.0393
vn 0.3081 0.9481 -0.0790
vn 0.5254 0.8391 -0.1412
vn 0.7265 0.5449 -0.4185
vn 0.1580 0.9479 0.2765
vn 0.0707 0.9896 0.1256
vn 0.0790 0.9481 0.3081
vn 0.0393 0.9892 0.1413
vn 0.1412 0.8391 0.5254
vn 0.2671 0.8405 0.4713
vn 0.4185 0.5449 0.7265
vn 0.2203 0.5429 0.8104
vn -0.0000 0.8404 0.5419
vn 0.1411 0.8391 0.5254
vn -0.0000 0.9487 0.3162
vn -0.0000 0.5456 0.8381
vn -0.0000 0.9888 0.1491
vn -0.0790 0.9481 0.3081
vn -0.1411 0.8391 0.5254
vn -0.2203 0.5429 0.8104
vn -0.0393 0.9892 0.1413
vn -0.0707 0.9896 0.1257
vn -0.1580 0.9479 0.2765
vn -0.1412 0.8391 0.5254
vn -0.2671 0.8405 0.4713
vn -0.4185 0.5450 0.7265
vn -0.4186 0.5449 0.7265
vn -0.3843 0.8394 0.3844
vn -0.5927 0.5453 0.5927
vn -0.2287 0.9463 0.2287
vn -0.1021 0.9895 0.1021
vn -0.3844 0.8394 0.3844
vn -0.1411 0.8391 -0.5254
vn -0.0392 0.9892 -0.1413
vn 0.5419 0.8404 -0.0000
vn 0.3162 0.9487 -0.0000
vn 0.1491 0.9888 -0.0000
vn 0.1413 0.9892 -0.0392
vn 0.5254 0.8391 -0.1411
vn 0.8381 0.5456 -0.0000
vn 0.5254 0.8391 0.1411
vn 0.3081 0.9481 0.0790
vn 0.1413 0.9892 0.0393
vn 0.7265 0.5450 0.4185
vn 0.5254 0.8391 0.1412
vn 0.4713 0.8405 0.2671
vn 0.2765 0.9479 0.1580
vn 0.1256 0.9896 0.0707
vn 0.1021 0.9895 0.1021
vn 0.1257 0.9896 0.0707
vn 0.2287 0.9463 0.2287
vn 0.3844 0.8394 0.3844
vn 0.5927 0.5453 0.5927
vn 0.7265 0.5450 0.4186
vn 0.0707 0.9896 0.1257
vn -0.2589 -0.0000 0.9659
vn -0.0000 -0.0000 1.0000
vn -0.5029 -0.0000 0.8644
vn -0.7071 -0.0000 0.7071
vn 0.5028 -0.0000 0.8644
vn 0.5029 -0.0000 0.8643
vn 0.2594 -0.0000 0.9658
vn 0.2593 -0.0000 0.9658
vn 0.4186 0.5449 0.7266
vn 0.2203 0.5428 0.8104
vn 0.2448 0.3396 0.9082
vn 0.4735 0.3393 0.8128
vn -0.0000 0.5455 0.8381
vn -0.0000 0.3398 0.9405
vn -0.2203 0.5428 0.8104
vn -0.2448 0.3396 0.9082
vn -0.4185 0.5449 0.7266
vn -0.2449 0.3396 0.9081
vn -0.4735 0.3393 0.8128
vn -0.5927 0.5453 0.5928
vn -0.4186 0.5449 0.7266
vn -0.6649 0.3404 0.6649
vn 0.5927 0.5453 0.5928
vn -0.8644 -0.0000 0.5029
vn -0.9659 -0.0000 0.2591
vn -1.0000 -0.0000 0.0001
vn -0.9659 -0.0000 -0.2589
vn -0.8644 -0.0000 -0.5029
vn -0.7071 -0.0000 -0.7071
vn -0.7266 0.5449 0.4186
vn -0.9081 0.3396 0.2449
vn -0.8128 0.3393 0.4734
vn -0.8381 0.5455 -0.0000
vn -0.9405 0.3398 -0.0000
vn -0.9082 0.3396 0.2448
vn -0.9082 0.3396 -0.2448
vn -0.7266 0.5449 -0.4186
vn -0.9082 0.3396 -0.2449
vn -0.8128 0.3393 -0.4734
vn -0.8128 0.3393 -0.4735
vn -0.5928 0.5453 -0.5927
vn -0.6649 0.3404 -0.6649
vn -0.5928 0.5453 0.5927
vn -0.8128 0.3393 0.4735
vn -0.0000 -1.0000 -0.0000
vn -0.5029 -0.0000 -0.8644
vn -0.2592 -0.0000 -0.9658
vn -0.0000 -0.0000 -1.0000
vn 0.2594 -0.0000 -0.9658
vn 0.2589 -0.0000 -0.9659
vn 0.5029 -0.0000 -0.8644
vn -0.5927 0.5453 -0.5927
vn -0.4186 0.5449 -0.7266
vn -0.4735 0.3393 -0.8128
vn -0.2448 0.3396 -0.9082
vn -0.4734 0.3393 -0.8128
vn -0.0000 0.3398 -0.9405
vn -0.0000 0.5455 -0.8381
vn 0.2448 0.3387 -0.9085
vn 0.4185 0.5449 -0.7266
vn 0.2449 0.3396 -0.9081
vn 0.2203 0.5428 -0.8104
vn 0.4734 0.3393 -0.8128
vn 0.5927 0.5453 -0.5928
vn 0.4735 0.3393 -0.8128
vn 0.4186 0.5449 -0.7266
vn -0.2203 0.5428 -0.8104
vn -0.7266 0.5449 0.4185
vn 0.0393 0.9892 -0.1413
vn 0.4185 0.5449 0.7266
vn -0.9082 0.3396 0.2449
vn -0.7266 0.5449 -0.4185
vn -0.9081 0.3396 -0.2449
vn 0.2449 0.3396 -0.9082
vn 1.0000 -0.0000 -0.0000
vn -1.0000 -0.0000 -0.0000
vt 0.174570 1.264660
vt 0.255342 1.069660
vt 0.255342 1.264660
vt 0.174570 1.069660
vt 0.080510 1.264660
vt 0.080510 1.069660
vt -0.020429 1.264660
vt -0.020429 1.069660
vt -0.121369 1.264660
vt -0.121369 1.069660
vt -0.215429 1.264660
vt -0.215429 1.069660
vt -0.296201 1.264660
vt -0.296201 1.069660
vt -0.173443 1.264660
vt -0.226233 1.223510
vt -0.165954 1.223510
vt -0.236824 1.264660
vt -0.099635 1.264660
vt -0.095759 1.223510
vt -0.020429 1.223510
vt 0.054900 1.223510
vt 0.058776 1.264660
vt 0.125095 1.223510
vt 0.132585 1.264660
vt 0.185374 1.223510
vt 0.195965 1.264660
vt 0.174570 0.829410
vt 0.195965 0.950765
vt 0.132584 0.902132
vt 0.255342 0.891388
vt 0.244598 1.014150
vt 0.317321 0.972160
vt -0.020429 0.777160
vt 0.058776 0.871559
vt -0.020429 0.861132
vt 0.080510 0.790449
vt 0.356282 1.066220
vt 0.285598 1.167160
vt 0.275171 1.087950
vt 0.369570 1.167160
vt 0.356282 1.268100
vt 0.275171 1.246370
vt 0.317320 1.362160
vt 0.244598 1.320170
vt 0.132585 1.432190
vt 0.255342 1.442930
vt 0.174570 1.504910
vt 0.195965 1.383550
vt 0.058776 1.462760
vt 0.080510 1.543870
vt -0.020429 1.473190
vt -0.020429 1.557160
vt -0.099635 1.462760
vt -0.121369 1.543870
vt -0.173443 1.432190
vt -0.215430 1.504910
vt -0.236824 1.383550
vt -0.296201 1.442930
vt -0.358180 1.362160
vt -0.285458 1.320170
vt -0.316030 1.087950
vt -0.358179 0.972160
vt -0.285458 1.014150
vt -0.397141 1.066220
vt -0.397141 1.268100
vt -0.316030 1.246370
vt -0.410430 1.167160
vt -0.326457 1.167160
vt -0.215430 0.829410
vt -0.099635 0.871559
vt -0.173443 0.902132
vt -0.121369 0.790449
vt -0.296201 0.891388
vt -0.236824 0.950765
vt -0.111775 1.142680
vt -0.194179 1.120600
vt -0.102328 1.119880
vt -0.020429 1.167160
vt -0.176209 1.077220
vt -0.259575 1.103080
vt -0.234842 1.043370
vt -0.301562 1.091830
vt -0.272486 1.021630
vt -0.200308 1.167160
vt -0.268011 1.167160
vt -0.311479 1.167160
vt -0.114997 1.167160
vt -0.259575 1.231240
vt -0.301562 1.242490
vt -0.194179 1.213720
vt -0.111775 1.191640
vt -0.102328 1.214440
vt -0.176209 1.257100
vt -0.234842 1.290950
vt -0.272486 1.312680
vt -0.226233 1.372960
vt -0.195496 1.342230
vt -0.147623 1.294350
vt -0.087299 1.234030
vt -0.067713 1.249060
vt -0.110369 1.322940
vt -0.144220 1.381570
vt -0.165955 1.419220
vt -0.066985 1.340910
vt -0.044905 1.258510
vt -0.084509 1.406310
vt -0.095759 1.448290
vt 0.043649 1.406310
vt -0.020429 1.458210
vt -0.020429 1.414740
vt 0.054900 1.448290
vt 0.026126 1.340910
vt -0.020429 1.347040
vt 0.004046 1.258510
vt -0.020429 1.261730
vt 0.103362 1.381570
vt 0.125095 1.419220
vt 0.069510 1.322940
vt 0.026854 1.249060
vt 0.046440 1.234030
vt 0.106764 1.294350
vt 0.154637 1.342230
vt 0.185374 1.372960
vt 0.193983 1.290950
vt 0.231627 1.312680
vt 0.135350 1.257100
vt 0.061469 1.214440
vt 0.070916 1.191640
vt 0.153320 1.213720
vt 0.218716 1.231240
vt 0.260703 1.242490
vt 0.069510 1.011380
vt 0.026854 1.085260
vt 0.026126 0.993410
vt 0.004046 1.075810
vt 0.043649 0.928014
vt 0.103362 0.952747
vt 0.125095 0.915103
vt 0.054900 0.886027
vt -0.020429 0.919578
vt -0.020429 0.987281
vt -0.020429 0.876110
vt -0.020429 1.072590
vt -0.066985 0.993410
vt -0.084509 0.928014
vt -0.095759 0.886027
vt -0.044905 1.075810
vt -0.067713 1.085260
vt -0.110369 1.011380
vt -0.144220 0.952747
vt -0.165955 0.915103
vt -0.195496 0.992093
vt -0.226233 0.961356
vt -0.147623 1.039970
vt -0.087299 1.100290
vt 0.227152 1.167160
vt 0.159449 1.167160
vt 0.074138 1.167160
vt 0.270620 1.167160
vt 0.218716 1.103080
vt 0.153320 1.120600
vt 0.070916 1.142680
vt 0.260703 1.091830
vt 0.231627 1.021630
vt 0.193983 1.043370
vt 0.135350 1.077220
vt 0.061469 1.119880
vt 0.046440 1.100290
vt 0.106764 1.039970
vt 0.154637 0.992093
vt 0.185374 0.961356
vt -0.215430 1.264660
vt -0.215430 1.069660
vt 0.174571 1.264660
vt 0.174571 1.069660
vt 0.080510 1.264660
vt 0.080510 1.069660
vt -0.165955 1.223510
vt 0.132584 1.264660
vt -0.173444 1.264660
vt 0.054899 1.223510
vt 0.058776 1.264660
vt 0.185373 1.223510
vt -0.358179 1.362160
vt 0.317320 0.972160
vt -0.358180 0.972160
vt 0.317321 1.362160
vt 0.174571 1.504910
vt 0.080510 1.543870
vt 0.664861 0.685649
vt 0.745632 0.490649
vt 0.745632 0.685649
vt 0.664861 0.490649
vt 0.570800 0.685649
vt 0.570800 0.490649
vt 0.469861 0.685649
vt 0.469861 0.490649
vt 0.368921 0.685649
vt 0.368921 0.490649
vt 0.274861 0.685649
vt 0.274861 0.490649
vt 0.194089 0.685649
vt 0.194089 0.490649
vt 0.316847 0.685649
vt 0.264058 0.644498
vt 0.324336 0.644498
vt 0.253466 0.685649
vt 0.390655 0.685649
vt 0.394531 0.644498
vt 0.469861 0.644498
vt 0.545190 0.644498
vt 0.549067 0.685649
vt 0.615386 0.644498
vt 0.622875 0.685649
vt 0.675664 0.644498
vt 0.686255 0.685649
vt 0.664861 0.250399
vt 0.686255 0.371754
vt 0.622874 0.323121
vt 0.745632 0.312377
vt 0.734889 0.435135
vt 0.807611 0.393149
vt 0.469861 0.198149
vt 0.549067 0.292548
vt 0.469861 0.282121
vt 0.570800 0.211438
vt 0.846572 0.487209
vt 0.775889 0.588149
vt 0.765461 0.508943
vt 0.859861 0.588149
vt 0.846572 0.689088
vt 0.765461 0.667355
vt 0.807610 0.783149
vt 0.734889 0.741163
vt 0.622875 0.853176
vt 0.745632 0.863921
vt 0.664861 0.925898
vt 0.686255 0.804543
vt 0.549067 0.883749
vt 0.570800 0.964860
vt 0.469861 0.894177
vt 0.469861 0.978149
vt 0.390655 0.883749
vt 0.368921 0.964860
vt 0.316847 0.853176
vt 0.274860 0.925898
vt 0.253466 0.804543
vt 0.194089 0.863920
vt 0.132111 0.783148
vt 0.204833 0.741163
vt 0.174261 0.508943
vt 0.132111 0.393149
vt 0.204833 0.435135
vt 0.093150 0.487209
vt 0.093150 0.689088
vt 0.174261 0.667354
vt 0.079861 0.588149
vt 0.163833 0.588149
vt 0.274861 0.250399
vt 0.390655 0.292548
vt 0.316847 0.323121
vt 0.368921 0.211438
vt 0.194089 0.312377
vt 0.253466 0.371754
vt 0.378515 0.563673
vt 0.296111 0.541593
vt 0.387963 0.540865
vt 0.469861 0.588149
vt 0.314081 0.498209
vt 0.230715 0.524070
vt 0.255448 0.464358
vt 0.188728 0.512820
vt 0.217804 0.442624
vt 0.289982 0.588149
vt 0.222279 0.588149
vt 0.178811 0.588149
vt 0.375293 0.588149
vt 0.230715 0.652227
vt 0.188728 0.663478
vt 0.296111 0.634705
vt 0.378515 0.612624
vt 0.387963 0.635432
vt 0.314081 0.678088
vt 0.255448 0.711939
vt 0.217804 0.733673
vt 0.264057 0.793952
vt 0.294794 0.763215
vt 0.342667 0.715342
vt 0.402991 0.655018
vt 0.422577 0.670047
vt 0.379921 0.743928
vt 0.346070 0.802561
vt 0.324336 0.840205
vt 0.423305 0.761898
vt 0.445385 0.679494
vt 0.405782 0.827294
vt 0.394531 0.869281
vt 0.533940 0.827294
vt 0.469861 0.879198
vt 0.469861 0.835731
vt 0.545190 0.869281
vt 0.516417 0.761898
vt 0.469861 0.768027
vt 0.494337 0.679494
vt 0.469861 0.682716
vt 0.593652 0.802561
vt 0.615386 0.840205
vt 0.559800 0.743928
vt 0.517145 0.670047
vt 0.536730 0.655018
vt 0.597054 0.715342
vt 0.644927 0.763215
vt 0.675664 0.793952
vt 0.684273 0.711939
vt 0.721917 0.733673
vt 0.625640 0.678088
vt 0.551759 0.635432
vt 0.561206 0.612624
vt 0.643610 0.634705
vt 0.709006 0.652227
vt 0.750993 0.663478
vt 0.559800 0.432369
vt 0.517145 0.506250
vt 0.516417 0.414399
vt 0.494337 0.496803
vt 0.533940 0.349003
vt 0.593652 0.373737
vt 0.615386 0.336092
vt 0.545190 0.307016
vt 0.469861 0.340567
vt 0.469861 0.408270
vt 0.469861 0.297099
vt 0.469861 0.493581
vt 0.423305 0.414399
vt 0.405782 0.349003
vt 0.394531 0.307016
vt 0.445385 0.496803
vt 0.422577 0.506250
vt 0.379921 0.432369
vt 0.346070 0.373737
vt 0.324336 0.336092
vt 0.294794 0.413082
vt 0.264057 0.382345
vt 0.342667 0.460955
vt 0.402991 0.521279
vt 0.717442 0.588149
vt 0.649739 0.588149
vt 0.564429 0.588149
vt 0.760911 0.588149
vt 0.709006 0.524070
vt 0.643610 0.541593
vt 0.561206 0.563673
vt 0.750993 0.512820
vt 0.721917 0.442624
vt 0.684273 0.464358
vt 0.625640 0.498209
vt 0.551759 0.540865
vt 0.536730 0.521279
vt 0.597054 0.460955
vt 0.644927 0.413082
vt 0.675664 0.382345
vt 0.622874 0.685649
vt 0.264057 0.644498
vt 0.549066 0.685649
vt 0.615385 0.644498
vt 0.132111 0.783149
vt 0.745632 0.863920
vt 0.807610 0.393149
vt 0.807611 0.783148
vt 0.274861 0.925898
vt 0.194089 0.863921
vt 0.511672 1.400330
vt 0.592444 1.205330
vt 0.592444 1.400330
vt 0.511672 1.205330
vt 0.417612 1.400330
vt 0.417612 1.205330
vt 0.316672 1.400330
vt 0.316672 1.205330
vt 0.215733 1.400330
vt 0.215733 1.205330
vt 0.121673 1.400330
vt 0.121673 1.205330
vt 0.040901 1.400330
vt 0.040901 1.205330
vt 0.163658 1.400330
vt 0.110869 1.359180
vt 0.171148 1.359180
vt 0.100278 1.400330
vt 0.237466 1.400330
vt 0.241343 1.359180
vt 0.316672 1.359180
vt 0.392001 1.359180
vt 0.395878 1.400330
vt 0.462197 1.359180
vt 0.469686 1.400330
vt 0.522476 1.359180
vt 0.533067 1.400330
vt 0.511672 0.965085
vt 0.533066 1.086440
vt 0.469686 1.037810
vt 0.592444 1.027060
vt 0.581700 1.149820
vt 0.654422 1.107830
vt 0.316672 0.912835
vt 0.395878 1.007230
vt 0.316672 0.996807
vt 0.417612 0.926124
vt 0.693383 1.201900
vt 0.622700 1.302830
vt 0.612272 1.223630
vt 0.706672 1.302830
vt 0.693383 1.403770
vt 0.612272 1.382040
vt 0.654422 1.497830
vt 0.581700 1.455850
vt 0.469686 1.567860
vt 0.592444 1.578610
vt 0.511672 1.640580
vt 0.533066 1.519230
vt 0.395878 1.598430
vt 0.417612 1.679550
vt 0.316672 1.608860
vt 0.316672 1.692830
vt 0.237466 1.598430
vt 0.215732 1.679550
vt 0.163658 1.567860
vt 0.121672 1.640580
vt 0.100278 1.519230
vt 0.040900 1.578610
vt -0.021078 1.497830
vt 0.051644 1.455850
vt 0.021072 1.223630
vt -0.021078 1.107830
vt 0.051644 1.149820
vt -0.060039 1.201900
vt -0.060039 1.403770
vt 0.021072 1.382040
vt -0.073328 1.302830
vt 0.010644 1.302830
vt 0.121672 0.965085
vt 0.237466 1.007230
vt 0.163658 1.037810
vt 0.215733 0.926124
vt 0.040901 1.027060
vt 0.100278 1.086440
vt 0.225327 1.278360
vt 0.142923 1.256280
vt 0.234774 1.255550
vt 0.316672 1.302830
vt 0.160893 1.212900
vt 0.077527 1.238760
vt 0.102260 1.179040
vt 0.035540 1.227510
vt 0.064616 1.157310
vt 0.136794 1.302830
vt 0.069091 1.302830
vt 0.025623 1.302830
vt 0.222105 1.302830
vt 0.077527 1.366910
vt 0.035540 1.378160
vt 0.142923 1.349390
vt 0.225327 1.327310
vt 0.234774 1.350120
vt 0.160893 1.392770
vt 0.102260 1.426630
vt 0.064616 1.448360
vt 0.110869 1.508640
vt 0.141605 1.477900
vt 0.189479 1.430030
vt 0.249803 1.369700
vt 0.269388 1.384730
vt 0.226733 1.458610
vt 0.192882 1.517250
vt 0.171147 1.554890
vt 0.270116 1.476580
vt 0.292196 1.394180
vt 0.252593 1.541980
vt 0.241343 1.583970
vt 0.380751 1.541980
vt 0.316672 1.593880
vt 0.316672 1.550420
vt 0.392001 1.583970
vt 0.363228 1.476580
vt 0.316672 1.482710
vt 0.341148 1.394180
vt 0.316672 1.397400
vt 0.440463 1.517250
vt 0.462197 1.554890
vt 0.406612 1.458610
vt 0.363956 1.384730
vt 0.383542 1.369700
vt 0.443866 1.430030
vt 0.491739 1.477900
vt 0.522476 1.508640
vt 0.531084 1.426630
vt 0.568729 1.448360
vt 0.472452 1.392770
vt 0.398570 1.350120
vt 0.408018 1.327310
vt 0.490422 1.349390
vt 0.555818 1.366910
vt 0.597805 1.378160
vt 0.406612 1.147060
vt 0.363956 1.220940
vt 0.363228 1.129090
vt 0.341148 1.211490
vt 0.380751 1.063690
vt 0.440463 1.088420
vt 0.462197 1.050780
vt 0.392001 1.021700
vt 0.316672 1.055250
vt 0.316672 1.122960
vt 0.316672 1.011780
vt 0.316672 1.208270
vt 0.270116 1.129090
vt 0.252593 1.063690
vt 0.241343 1.021700
vt 0.292196 1.211490
vt 0.269388 1.220940
vt 0.226733 1.147060
vt 0.192882 1.088420
vt 0.171147 1.050780
vt 0.141605 1.127770
vt 0.110869 1.097030
vt 0.189479 1.175640
vt 0.249803 1.235960
vt 0.564254 1.302830
vt 0.496551 1.302830
vt 0.411240 1.302830
vt 0.607722 1.302830
vt 0.555818 1.238760
vt 0.490421 1.256280
vt 0.408018 1.278360
vt 0.597805 1.227510
vt 0.568729 1.157310
vt 0.531084 1.179040
vt 0.472452 1.212900
vt 0.398570 1.255550
vt 0.383542 1.235960
vt 0.443866 1.175640
vt 0.491739 1.127770
vt 0.522476 1.097030
vt 0.121672 1.400330
vt 0.121672 1.205330
vt 0.040900 1.400330
vt 0.040900 1.205330
vt 0.511673 1.400330
vt 0.511673 1.205330
vt 0.171147 1.359180
vt 0.533066 1.400330
vt 0.522475 1.359180
vt 0.592443 1.027060
vt -0.021078 1.497830
vt 0.040900 1.027060
vt -0.021078 1.107830
vt 0.215733 1.679550
vt 0.511673 1.640580
vt -0.097345 0.482695
vt -0.019345 0.287695
vt -0.019345 0.482695
vt -0.097345 0.287695
vt -0.136345 0.547695
vt -0.058345 0.482695
vt -0.058345 0.547695
vt -0.136345 0.482695
vt -0.721345 0.482695
vt -0.721345 0.287695
vt -0.682345 0.547695
vt -0.682345 0.482695
vt -0.136345 0.768695
vt -0.682345 0.768695
vt -0.682345 0.066695
vt -0.760345 0.690695
vt -0.760345 0.144695
vt -0.058345 0.690695
vt -0.136345 0.066695
vt -0.058345 0.144695
vt -0.097345 0.807695
vt -0.721345 0.807695
vt -0.721345 0.027695
vt -0.799345 0.729695
vt -0.799345 0.105695
vt -0.019345 0.729695
vt -0.097345 0.027695
vt -0.019345 0.105695
vt -0.799345 0.482695
vt -0.799345 0.287695
vt -0.760345 0.482695
vt -0.760345 0.547695
vt -0.097345 0.287695
vt -0.097345 0.482695
vt -0.333727 1.706960
vt -0.252956 1.511960
vt -0.252956 1.706960
vt -0.333727 1.511960
vt -0.427788 1.706960
vt -0.427788 1.511960
vt -0.528727 1.706960
vt -0.528727 1.511960
vt -0.629667 1.706960
vt -0.629667 1.511960
vt -0.723727 1.706960
vt -0.723727 1.511960
vt -0.804499 1.706960
vt -0.804499 1.511960
vt -0.681741 1.706960
vt -0.734530 1.665810
vt -0.674252 1.665810
vt -0.745122 1.706960
vt -0.607933 1.706960
vt -0.604057 1.665810
vt -0.528727 1.665810
vt -0.453398 1.665810
vt -0.449522 1.706960
vt -0.383202 1.665810
vt -0.375713 1.706960
vt -0.322924 1.665810
vt -0.312333 1.706960
vt -0.333727 1.271710
vt -0.312333 1.393060
vt -0.375714 1.344430
vt -0.252956 1.333690
vt -0.263700 1.456440
vt -0.190977 1.414460
vt -0.528727 1.219460
vt -0.449522 1.313860
vt -0.528727 1.303430
vt -0.427788 1.232750
vt -0.152016 1.508520
vt -0.222700 1.609460
vt -0.233127 1.530250
vt -0.138728 1.609460
vt -0.152016 1.710400
vt -0.233127 1.688660
vt -0.190978 1.804460
vt -0.263700 1.762470
vt -0.375713 1.874490
vt -0.252956 1.885230
vt -0.333727 1.947210
vt -0.312333 1.825850
vt -0.449522 1.905060
vt -0.427788 1.986170
vt -0.528727 1.915490
vt -0.528727 1.999460
vt -0.607933 1.905060
vt -0.629667 1.986170
vt -0.681741 1.874490
vt -0.723728 1.947210
vt -0.745122 1.825850
vt -0.804499 1.885230
vt -0.866478 1.804460
vt -0.793755 1.762470
vt -0.824328 1.530250
vt -0.866477 1.414460
vt -0.793755 1.456440
vt -0.905439 1.508520
vt -0.905439 1.710400
vt -0.824328 1.688660
vt -0.918727 1.609460
vt -0.834755 1.609460
vt -0.723727 1.271710
vt -0.607933 1.313860
vt -0.681741 1.344430
vt -0.629667 1.232750
vt -0.804499 1.333690
vt -0.745122 1.393060
vt -0.620073 1.584980
vt -0.702477 1.562900
vt -0.610626 1.562170
vt -0.528727 1.609460
vt -0.684507 1.519520
vt -0.767873 1.545380
vt -0.743140 1.485670
vt -0.809860 1.534130
vt -0.780784 1.463930
vt -0.708606 1.609460
vt -0.776309 1.609460
vt -0.819777 1.609460
vt -0.623295 1.609460
vt -0.767873 1.673540
vt -0.809860 1.684790
vt -0.702477 1.656010
vt -0.620073 1.633930
vt -0.610626 1.656740
vt -0.684507 1.699400
vt -0.743140 1.733250
vt -0.780784 1.754980
vt -0.734531 1.815260
vt -0.703794 1.784520
vt -0.655921 1.736650
vt -0.595597 1.676330
vt -0.576011 1.691360
vt -0.618667 1.765240
vt -0.652518 1.823870
vt -0.674252 1.861510
vt -0.575283 1.783210
vt -0.553203 1.700800
vt -0.592806 1.848600
vt -0.604057 1.890590
vt -0.464649 1.848600
vt -0.528727 1.900510
vt -0.528727 1.857040
vt -0.453398 1.890590
vt -0.482172 1.783210
vt -0.528727 1.789340
vt -0.504251 1.700800
vt -0.528727 1.704030
vt -0.404936 1.823870
vt -0.383202 1.861510
vt -0.438788 1.765240
vt -0.481443 1.691360
vt -0.461858 1.676330
vt -0.401534 1.736650
vt -0.353661 1.784520
vt -0.322924 1.815260
vt -0.314315 1.733250
vt -0.276671 1.754980
vt -0.372948 1.699400
vt -0.446829 1.656740
vt -0.437382 1.633930
vt -0.354978 1.656010
vt -0.289582 1.673540
vt -0.247595 1.684790
vt -0.438788 1.453680
vt -0.481443 1.527560
vt -0.482172 1.435710
vt -0.504251 1.518110
vt -0.464649 1.370310
vt -0.404936 1.395050
vt -0.383202 1.357400
vt -0.453398 1.328320
vt -0.528727 1.361880
vt -0.528727 1.429580
vt -0.528727 1.318410
vt -0.528727 1.514890
vt -0.575283 1.435710
vt -0.592806 1.370310
vt -0.604057 1.328320
vt -0.553203 1.518110
vt -0.576011 1.527560
vt -0.618667 1.453680
vt -0.652518 1.395050
vt -0.674252 1.357400
vt -0.703794 1.434390
vt -0.734531 1.403650
vt -0.655921 1.482260
vt -0.595597 1.542590
vt -0.281146 1.609460
vt -0.348849 1.609460
vt -0.434160 1.609460
vt -0.237678 1.609460
vt -0.289582 1.545380
vt -0.354978 1.562900
vt -0.437382 1.584980
vt -0.247595 1.534130
vt -0.276671 1.463930
vt -0.314315 1.485670
vt -0.372948 1.519520
vt -0.446829 1.562170
vt -0.461858 1.542590
vt -0.401534 1.482260
vt -0.353661 1.434390
vt -0.322924 1.403650
vt -0.375714 1.706960
vt -0.734531 1.665810
vt -0.681742 1.706960
vt -0.453399 1.665810
vt -0.383203 1.665810
vt -0.866477 1.804460
vt -0.190978 1.414460
vt -0.866478 1.414460
vt -0.190977 1.804460
vt -0.723727 1.947210
s 1
usemtl Output21Mtl.003
f 3/1/1 2/2/2 1/3/2
f 2/2/2 3/1/1 4/4/1
f 3/1/1 5/5/3 4/4/1
f 4/4/1 5/5/3 6/6/3
f 5/5/3 7/7/4 6/6/3
f 6/6/3 7/7/4 8/8/4
f 7/7/4 9/9/5 8/8/4
f 8/8/4 9/9/5 10/10/5
f 9/9/5 11/11/6 10/10/5
f 10/10/5 11/11/6 12/12/6
f 12/12/6 11/11/6 13/13/7
f 12/12/6 13/13/7 14/14/7
f 15/15/8 16/16/9 17/17/10
f 16/16/9 15/15/8 18/18/11
f 21/19/12 20/17/10 19/20/13
f 20/17/10 21/19/12 22/15/14
f 25/7/15 24/20/16 23/21/17
f 24/20/16 25/7/15 26/19/18
f 27/22/19 29/7/15 28/21/17
f 29/7/15 27/22/19 30/23/20
f 31/24/21 33/23/22 32/22/23
f 33/23/22 31/24/21 34/25/24
f 35/26/25 37/25/26 36/24/27
f 37/25/26 35/26/25 38/27/28
f 39/28/29 40/29/29 41/30/29
f 40/29/29 39/28/29 42/31/29
f 43/32/29 44/31/29 45/33/29
f 44/31/29 43/32/29 46/29/29
f 47/34/29 48/35/29 49/36/29
f 48/35/29 47/34/29 50/37/29
f 51/35/29 52/28/29 53/30/29
f 52/28/29 51/35/29 54/37/29
f 55/38/29 56/39/29 57/40/29
f 56/39/29 55/38/29 58/41/29
f 59/39/29 60/41/29 61/42/29
f 59/39/29 61/42/29 62/43/29
f 63/44/29 64/45/29 65/42/29
f 65/42/29 64/45/29 66/43/29
f 67/38/29 68/32/29 69/33/29
f 68/32/29 67/38/29 70/40/29
f 71/46/29 72/47/29 73/48/29
f 72/47/29 71/46/29 74/49/29
f 75/50/29 76/48/29 77/51/29
f 76/48/29 75/50/29 78/46/29
f 79/52/29 80/51/29 81/53/29
f 82/51/29 83/52/29 84/50/29
f 85/49/29 86/44/29 87/47/29
f 86/44/29 85/49/29 88/45/29
f 89/53/29 90/54/29 91/52/29
f 90/54/29 89/53/29 92/55/29
f 93/55/29 94/56/29 95/54/29
f 94/56/29 93/55/29 96/57/29
f 97/56/29 98/57/29 99/58/29
f 98/57/29 100/59/29 99/58/29
f 101/60/29 102/61/29 103/59/29
f 103/59/29 102/61/29 104/58/29
f 105/62/29 106/63/29 107/64/29
f 106/63/29 105/62/29 108/65/29
f 109/60/29 110/66/29 111/61/29
f 110/66/29 112/67/29 111/61/29
f 113/67/29 114/68/29 115/69/29
f 116/68/29 117/67/29 118/66/29
f 119/69/29 120/65/29 121/62/29
f 120/65/29 119/69/29 122/68/29
f 123/70/29 124/71/29 125/72/29
f 124/71/29 123/70/29 126/73/29
f 127/73/29 128/34/29 129/71/29
f 128/34/29 130/36/29 129/71/29
f 131/64/29 132/74/29 133/75/29
f 132/74/29 131/64/29 134/63/29
f 135/75/29 136/74/29 137/72/29
f 136/74/29 138/70/29 137/72/29
f 139/76/30 140/77/31 141/78/32
f 142/79/29 139/76/30 141/78/32
f 141/78/32 140/77/31 143/80/33
f 140/77/31 144/81/34 143/80/33
f 143/80/33 144/81/34 145/82/35
f 145/82/35 144/81/34 146/83/36
f 145/82/35 146/83/36 147/84/37
f 148/81/38 149/85/39 150/86/40
f 148/81/38 150/86/40 151/87/41
f 149/85/39 148/81/38 152/77/31
f 148/81/38 151/87/41 153/83/36
f 152/77/31 154/76/30 149/85/39
f 155/88/42 149/85/39 154/76/30
f 156/79/29 155/88/42 154/76/30
f 157/87/41 158/89/43 159/90/44
f 158/89/43 157/87/41 160/86/40
f 160/86/40 161/85/39 158/89/43
f 161/85/39 162/91/45 158/89/43
f 161/85/39 163/92/46 162/91/45
f 163/92/46 161/85/39 164/88/42
f 165/79/29 163/92/46 164/88/42
f 166/79/29 167/93/47 168/92/48
f 167/93/47 169/91/45 168/92/48
f 169/91/45 167/93/47 170/94/49
f 170/94/49 171/89/43 169/91/45
f 171/89/43 170/94/49 172/95/50
f 172/95/50 173/90/44 171/89/43
f 173/90/44 172/95/50 174/96/51
f 175/97/52 176/96/53 177/95/50
f 175/97/52 177/95/50 178/98/54
f 177/95/50 179/99/55 178/98/54
f 179/99/55 177/95/50 180/94/49
f 180/94/49 181/100/56 179/99/55
f 181/100/56 180/94/49 182/93/47
f 183/79/29 181/100/56 182/93/47
f 184/101/57 185/99/55 186/100/56
f 187/79/29 184/101/57 186/100/56
f 185/99/55 184/101/57 188/102/58
f 189/103/59 185/99/55 188/102/58
f 185/99/55 189/103/59 190/98/54
f 191/104/60 190/98/54 189/103/59
f 190/98/54 191/104/60 192/97/52
f 193/105/61 194/103/59 195/102/58
f 196/101/57 193/105/61 195/102/58
f 193/105/61 196/101/57 197/106/62
f 198/79/29 197/106/62 196/101/57
f 194/103/59 193/105/61 199/107/63
f 200/108/64 194/103/59 199/107/63
f 194/103/59 200/108/64 201/104/65
f 202/109/66 203/110/67 204/111/68
f 203/110/67 202/109/66 205/112/69
f 204/111/68 206/113/70 202/109/66
f 206/113/70 204/111/68 207/114/71
f 207/114/71 208/115/72 206/113/70
f 208/115/72 207/114/71 209/116/73
f 210/79/29 208/115/72 209/116/73
f 211/109/74 212/117/75 213/118/76
f 211/109/74 214/119/77 212/117/75
f 211/109/74 213/118/76 215/112/69
f 214/119/77 211/109/74 216/113/70
f 216/113/70 217/120/78 214/119/77
f 217/120/78 216/113/70 218/115/72
f 219/79/29 217/120/78 218/115/72
f 220/79/29 221/121/79 222/120/78
f 222/120/78 221/121/79 223/122/80
f 224/119/77 222/120/78 223/122/80
f 223/122/80 225/117/75 224/119/77
f 225/117/75 223/122/80 226/123/81
f 226/123/81 227/118/82 225/117/75
f 227/118/82 226/123/81 228/124/83
f 229/124/83 231/125/84 230/126/85
f 231/125/84 229/124/83 232/123/86
f 231/125/84 232/123/86 233/122/80
f 231/125/84 233/122/80 234/127/87
f 233/122/80 235/121/79 234/127/87
f 234/127/87 235/121/79 236/128/88
f 237/79/29 236/128/88 235/121/79
f 238/127/87 239/129/89 240/130/90
f 239/129/89 238/127/87 241/128/88
f 242/79/29 239/129/89 241/128/88
f 240/130/90 243/125/84 238/127/87
f 243/125/84 240/130/90 244/131/91
f 245/132/13 243/125/84 244/131/91
f 245/132/13 246/126/92 243/125/84
f 247/133/93 248/134/94 249/135/95
f 248/134/94 250/136/96 249/135/95
f 251/79/29 250/136/96 248/134/94
f 247/133/93 249/135/95 252/137/97
f 253/138/98 247/133/93 252/137/97
f 252/137/97 254/139/99 253/138/98
f 254/139/99 252/137/97 255/140/100
f 256/141/101 257/137/102 258/135/95
f 256/141/101 259/140/100 257/137/102
f 256/141/101 258/135/95 260/142/103
f 259/140/100 256/141/101 261/143/104
f 258/135/95 262/136/96 260/142/103
f 260/142/103 262/136/96 263/144/105
f 264/79/29 263/144/105 262/136/96
f 265/141/101 266/145/106 267/146/107
f 268/147/108 265/141/101 267/146/107
f 266/145/106 265/141/101 269/142/103
f 268/147/108 270/143/104 265/141/101
f 269/142/103 271/148/109 266/145/106
f 271/148/109 269/142/103 272/144/105
f 273/79/29 271/148/109 272/144/105
f 274/79/29 275/149/110 276/148/109
f 275/149/110 277/145/106 276/148/109
f 277/145/106 275/149/110 278/150/111
f 278/150/111 279/146/112 277/145/106
f 279/146/112 278/150/111 280/151/113
f 280/151/113 281/147/108 279/146/112
f 281/147/108 280/151/113 282/152/114
f 284/152/115 285/153/116 283/154/117
f 285/153/116 284/152/115 286/151/113
f 287/150/111 285/153/116 286/151/113
f 285/153/116 287/150/111 288/155/118
f 289/149/110 288/155/118 287/150/111
f 288/155/118 289/149/110 290/156/119
f 291/79/29 290/156/119 289/149/110
f 292/78/32 293/155/118 294/156/119
f 295/79/29 292/78/32 294/156/119
f 293/155/118 292/78/32 296/80/33
f 296/80/33 297/153/120 293/155/118
f 297/153/120 296/80/33 298/82/35
f 298/82/35 299/154/117 297/153/120
f 299/154/117 298/82/35 300/84/37
f 301/111/68 302/105/61 303/114/71
f 302/105/61 301/111/68 304/107/121
f 305/106/122 303/114/71 302/105/61
f 303/114/71 305/106/122 306/116/73
f 307/79/29 306/116/73 305/106/122
f 308/110/67 304/107/121 301/111/68
f 304/107/121 308/110/67 309/108/64
f 310/157/123 311/130/90 312/158/124
f 311/130/90 313/159/125 312/158/124
f 313/159/125 311/130/90 314/129/126
f 315/79/29 313/159/125 314/129/126
f 311/130/90 310/157/123 316/131/127
f 317/160/128 316/131/127 310/157/123
f 316/131/127 317/160/128 318/132/13
f 319/161/129 320/158/124 321/162/130
f 320/158/124 319/161/129 322/157/123
f 323/159/125 321/162/130 320/158/124
f 321/162/130 323/159/125 324/163/131
f 325/79/29 324/163/131 323/159/125
f 326/164/19 322/157/123 319/161/129
f 322/157/123 326/164/19 327/160/128
f 328/165/132 329/161/133 330/166/134
f 329/161/133 331/167/135 330/166/134
f 329/161/133 328/165/132 332/164/19
f 331/167/135 329/161/133 333/162/130
f 333/162/130 334/168/136 331/167/135
f 334/168/136 333/162/130 335/163/131
f 336/79/29 334/168/136 335/163/131
f 337/79/29 338/169/137 339/168/138
f 338/169/137 340/170/139 339/168/138
f 339/168/138 340/170/139 341/167/135
f 340/170/139 342/166/134 341/167/135
f 342/166/134 340/170/139 343/171/140
f 342/166/134 343/171/140 344/172/141
f 342/166/134 344/172/141 345/165/142
f 346/134/143 347/170/139 348/169/137
f 349/79/29 346/134/143 348/169/137
f 347/170/139 346/134/143 350/133/93
f 350/133/93 351/171/140 347/170/139
f 351/171/140 350/133/93 352/138/98
f 351/171/140 352/138/98 353/139/99
f 351/171/140 353/139/99 354/172/141
f 355/10/144 356/8/145 357/9/144
f 356/8/145 358/7/145 357/9/144
f 355/10/144 357/9/144 359/173/146
f 360/174/146 355/10/144 359/173/146
f 360/174/146 359/173/146 361/13/147
f 361/13/147 362/14/147 360/174/146
f 364/2/7 363/3/7 365/175/148
f 365/175/148 366/176/149 364/2/7
f 366/176/149 365/175/148 367/177/150
f 368/178/151 366/176/149 367/177/150
f 368/178/151 367/177/150 369/7/145
f 370/8/145 368/178/151 369/7/145
f 371/179/152 372/20/153 373/19/154
f 371/179/152 373/19/154 374/15/155
f 375/20/100 376/21/156 377/7/157
f 375/20/100 377/7/157 378/19/154
f 379/22/158 381/7/157 380/21/156
f 381/7/157 379/22/158 382/23/159
f 384/24/160 385/23/161 383/22/108
f 385/23/161 384/24/160 386/180/162
f 387/26/163 388/180/162 389/24/164
f 388/180/162 387/26/163 390/27/165
f 391/179/152 393/15/155 392/16/166
f 392/16/166 393/15/155 394/18/28
f 397/1/167 396/2/147 395/3/147
f 397/1/167 398/4/167 396/2/147
f 399/5/168 398/4/167 397/1/167
f 399/5/168 400/6/168 398/4/167
f 401/7/169 400/6/168 399/5/168
f 401/7/169 402/8/169 400/6/168
f 403/9/170 402/8/169 401/7/169
f 403/9/170 404/10/170 402/8/169
f 405/173/171 404/10/170 403/9/170
f 405/173/171 406/174/171 404/10/170
f 407/13/172 406/174/171 405/173/171
f 407/13/172 408/14/172 406/174/171
f 410/179/173 409/20/36 411/19/174
f 411/19/174 412/181/175 410/179/173
f 414/20/36 413/21/176 415/7/177
f 415/7/177 416/19/178 414/20/36
f 418/182/44 419/7/177 417/21/176
f 419/7/177 418/182/44 420/183/179
f 422/24/180 423/183/181 421/182/44
f 423/183/181 422/24/180 424/180/182
f 425/180/183 426/184/184 427/27/185
f 426/184/184 425/180/183 428/24/180
f 429/16/186 430/179/173 431/181/187
f 432/18/165 429/16/186 431/181/187
f 433/31/188 434/185/188 435/70/188
f 433/31/188 436/37/188 437/28/188
f 433/31/188 438/34/188 436/37/188
f 435/70/188 438/34/188 433/31/188
f 438/34/188 435/70/188 439/73/188
f 440/47/188 434/185/188 433/31/188
f 440/47/188 433/31/188 441/186/188
f 434/185/188 442/68/188 435/70/188
f 442/68/188 434/185/188 443/66/188
f 444/65/188 435/70/188 442/68/188
f 444/65/188 445/74/188 435/70/188
f 445/74/188 444/65/188 446/187/188
f 447/41/188 440/47/188 441/186/188
f 447/41/188 441/186/188 448/38/188
f 440/47/188 447/41/188 449/188/188
f 449/188/188 447/41/188 450/42/188
f 434/185/188 440/47/188 451/57/188
f 434/185/188 451/57/188 452/59/188
f 451/57/188 440/47/188 453/53/188
f 451/57/188 453/53/188 454/55/188
f 453/53/188 440/47/188 455/189/188
f 453/53/188 455/189/188 456/190/188
f 459/1/189 458/2/172 457/3/172
f 458/2/172 459/1/189 460/4/189
f 461/5/190 460/4/189 459/1/189
f 460/4/189 461/5/190 462/6/190
f 463/7/191 462/6/190 461/5/190
f 462/6/190 463/7/191 464/8/191
f 465/9/192 464/8/191 463/7/191
f 464/8/191 465/9/192 466/10/193
f 467/173/194 466/10/193 465/9/192
f 466/10/193 467/173/194 468/174/194
f 469/13/2 468/174/194 467/173/194
f 468/174/194 469/13/2 470/14/2
f 472/16/195 471/179/196 473/15/197
f 473/15/197 474/18/185 472/16/195
f 477/19/198 476/179/196 475/20/64
f 477/19/198 478/15/199 476/179/196
f 480/22/69 481/7/200 479/21/201
f 481/7/200 480/22/69 482/23/202
f 483/24/203 485/23/204 484/22/205
f 485/23/204 483/24/203 486/25/206
f 488/26/207 489/25/208 487/24/209
f 489/25/208 488/26/207 490/27/11
f 493/7/200 492/20/210 491/21/201
f 493/7/200 494/19/198 492/20/210
f 497/191/1 496/192/2 495/193/2
f 496/192/2 497/191/1 498/194/1
f 497/191/1 499/195/3 498/194/1
f 498/194/1 499/195/3 500/196/3
f 499/195/3 501/197/4 500/196/3
f 500/196/3 501/197/4 502/198/4
f 501/197/4 503/199/5 502/198/4
f 502/198/4 503/199/5 504/200/5
f 503/199/5 505/201/6 504/200/5
f 504/200/5 505/201/6 506/202/6
f 506/202/6 505/201/6 507/203/7
f 506/202/6 507/203/7 508/204/7
f 509/205/8 510/206/9 511/207/10
f 510/206/9 509/205/8 512/208/11
f 515/209/12 514/207/10 513/210/13
f 514/207/10 515/209/12 516/205/14
f 519/197/15 518/210/16 517/211/17
f 518/210/16 519/197/15 520/209/18
f 521/212/19 523/197/15 522/211/17
f 523/197/15 521/212/19 524/213/20
f 525/214/21 527/213/22 526/212/23
f 527/213/22 525/214/21 528/215/24
f 529/216/25 531/215/26 530/214/27
f 531/215/26 529/216/25 532/217/28
f 533/218/29 534/219/29 535/220/29
f 534/219/29 533/218/29 536/221/29
f 537/222/29 538/221/29 539/223/29
f 538/221/29 537/222/29 540/219/29
f 541/224/29 542/225/29 543/226/29
f 542/225/29 541/224/29 544/227/29
f 545/225/29 546/218/29 547/220/29
f 546/218/29 545/225/29 548/227/29
f 549/228/29 550/229/29 551/230/29
f 550/229/29 549/228/29 552/231/29
f 553/229/29 554/231/29 555/232/29
f 553/229/29 555/232/29 556/233/29
f 557/234/29 558/235/29 559/232/29
f 559/232/29 558/235/29 560/233/29
f 561/228/29 562/222/29 563/223/29
f 562/222/29 561/228/29 564/230/29
f 565/236/29 566/237/29 567/238/29
f 566/237/29 565/236/29 568/239/29
f 569/240/29 570/238/29 571/241/29
f 570/238/29 569/240/29 572/236/29
f 573/242/29 574/241/29 575/243/29
f 576/241/29 577/242/29 578/240/29
f 579/239/29 580/234/29 581/237/29
f 580/234/29 579/239/29 582/235/29
f 583/243/29 584/244/29 585/242/29
f 584/244/29 583/243/29 586/245/29
f 587/245/29 588/246/29 589/244/29
f 588/246/29 587/245/29 590/247/29
f 591/246/29 592/247/29 593/248/29
f 592/247/29 594/249/29 593/248/29
f 595/250/29 596/251/29 597/249/29
f 597/249/29 596/251/29 598/248/29
f 599/252/29 600/253/29 601/254/29
f 600/253/29 599/252/29 602/255/29
f 603/250/29 604/256/29 605/251/29
f 604/256/29 606/257/29 605/251/29
f 607/257/29 608/258/29 609/259/29
f 610/258/29 611/257/29 612/256/29
f 613/259/29 614/255/29 615/252/29
f 614/255/29 613/259/29 616/258/29
f 617/260/29 618/261/29 619/262/29
f 618/261/29 617/260/29 620/263/29
f 621/263/29 622/224/29 623/261/29
f 622/224/29 624/226/29 623/261/29
f 625/254/29 626/264/29 627/265/29
f 626/264/29 625/254/29 628/253/29
f 629/265/29 630/264/29 631/262/29
f 630/264/29 632/260/29 631/262/29
f 633/266/30 634/267/31 635/268/32
f 636/269/29 633/266/30 635/268/32
f 635/268/32 634/267/31 637/270/33
f 634/267/31 638/271/34 637/270/33
f 637/270/33 638/271/34 639/272/35
f 639/272/35 638/271/34 640/273/36
f 639/272/35 640/273/36 641/274/211
f 642/271/38 643/275/39 644/276/40
f 642/271/38 644/276/40 645/277/41
f 643/275/39 642/271/38 646/267/31
f 642/271/38 645/277/41 647/273/36
f 646/267/31 648/266/30 643/275/39
f 649/278/42 643/275/39 648/266/30
f 650/269/29 649/278/42 648/266/30
f 651/277/41 652/279/43 653/280/44
f 652/279/43 651/277/41 654/276/40
f 654/276/40 655/275/39 652/279/43
f 655/275/39 656/281/45 652/279/43
f 655/275/39 657/282/46 656/281/45
f 657/282/46 655/275/39 658/278/42
f 659/269/29 657/282/46 658/278/42
f 660/269/29 661/283/47 662/282/48
f 661/283/47 663/281/45 662/282/48
f 663/281/45 661/283/47 664/284/49
f 664/284/49 665/279/43 663/281/45
f 665/279/43 664/284/49 666/285/50
f 666/285/50 667/280/44 665/279/43
f 667/280/44 666/285/50 668/286/51
f 669/287/52 670/286/51 671/285/50
f 669/287/52 671/285/50 672/288/54
f 671/285/50 673/289/55 672/288/54
f 673/289/55 671/285/50 674/284/49
f 674/284/49 675/290/56 673/289/55
f 675/290/56 674/284/49 676/283/47
f 677/269/29 675/290/56 676/283/47
f 678/291/57 679/289/55 680/290/56
f 681/269/29 678/291/57 680/290/56
f 679/289/55 678/291/57 682/292/58
f 683/293/59 679/289/55 682/292/58
f 679/289/55 683/293/59 684/288/54
f 685/294/60 684/288/54 683/293/59
f 684/288/54 685/294/60 686/287/52
f 687/295/61 688/293/59 689/292/58
f 690/291/57 687/295/61 689/292/58
f 687/295/61 690/291/57 691/296/62
f 692/269/29 691/296/62 690/291/57
f 688/293/59 687/295/61 693/297/63
f 694/298/64 688/293/59 693/297/63
f 688/293/59 694/298/64 695/294/65
f 696/299/66 697/300/67 698/301/68
f 697/300/67 696/299/66 699/302/69
f 698/301/68 700/303/70 696/299/66
f 700/303/70 698/301/68 701/304/71
f 701/304/71 702/305/72 700/303/70
f 702/305/72 701/304/71 703/306/73
f 704/269/29 702/305/72 703/306/73
f 705/299/74 706/307/75 707/308/76
f 705/299/74 708/309/77 706/307/75
f 705/299/74 707/308/76 709/302/69
f 708/309/77 705/299/74 710/303/70
f 710/303/70 711/310/78 708/309/77
f 711/310/78 710/303/70 712/305/212
f 713/269/29 711/310/78 712/305/212
f 714/269/29 715/311/79 716/310/78
f 716/310/78 715/311/79 717/312/80
f 718/309/77 716/310/78 717/312/80
f 717/312/80 719/307/75 718/309/77
f 719/307/75 717/312/80 720/313/81
f 720/313/81 721/308/82 719/307/75
f 721/308/82 720/313/81 722/314/83
f 723/314/83 725/315/84 724/316/85
f 725/315/84 723/314/83 726/313/86
f 725/315/84 726/313/86 727/312/80
f 725/315/84 727/312/80 728/317/87
f 727/312/80 729/311/79 728/317/87
f 728/317/87 729/311/79 730/318/88
f 731/269/29 730/318/88 729/311/79
f 732/317/87 733/319/89 734/320/90
f 733/319/89 732/317/87 735/318/88
f 736/269/29 733/319/89 735/318/88
f 734/320/90 737/315/84 732/317/87
f 737/315/84 734/320/90 738/321/91
f 739/322/13 737/315/84 738/321/91
f 739/322/13 740/316/85 737/315/84
f 741/323/93 742/324/94 743/325/95
f 742/324/94 744/326/96 743/325/95
f 745/269/29 744/326/96 742/324/94
f 741/323/93 743/325/95 746/327/97
f 747/328/98 741/323/93 746/327/97
f 746/327/97 748/329/213 747/328/98
f 748/329/213 746/327/97 749/330/100
f 750/331/101 751/327/102 752/325/95
f 750/331/101 753/330/100 751/327/102
f 750/331/101 752/325/95 754/332/103
f 753/330/100 750/331/101 755/333/104
f 752/325/95 756/326/96 754/332/103
f 754/332/103 756/326/96 757/334/105
f 758/269/29 757/334/105 756/326/96
f 759/331/101 760/335/106 761/336/107
f 762/337/108 759/331/101 761/336/107
f 760/335/106 759/331/101 763/332/103
f 762/337/108 764/333/104 759/331/101
f 763/332/103 765/338/109 760/335/106
f 765/338/109 763/332/103 766/334/105
f 767/269/29 765/338/109 766/334/105
f 768/269/29 769/339/110 770/338/109
f 769/339/110 771/335/106 770/338/109
f 771/335/106 769/339/110 772/340/111
f 772/340/111 773/336/112 771/335/106
f 773/336/112 772/340/111 774/341/113
f 774/341/113 775/337/108 773/336/112
f 775/337/108 774/341/113 776/342/114
f 778/342/115 779/343/116 777/344/117
f 779/343/116 778/342/115 780/341/113
f 781/340/111 779/343/116 780/341/113
f 779/343/116 781/340/111 782/345/118
f 783/339/110 782/345/118 781/340/111
f 782/345/118 783/339/110 784/346/119
f 785/269/29 784/346/119 783/339/110
f 786/268/32 787/345/118 788/346/119
f 789/269/29 786/268/32 788/346/119
f 787/345/118 786/268/32 790/270/33
f 790/270/33 791/343/120 787/345/118
f 791/343/120 790/270/33 792/272/35
f 792/272/35 793/344/117 791/343/120
f 793/344/117 792/272/35 794/274/37
f 795/301/68 796/295/61 797/304/71
f 796/295/61 795/301/68 798/297/121
f 799/296/122 797/304/71 796/295/61
f 797/304/71 799/296/122 800/306/73
f 801/269/29 800/306/73 799/296/122
f 802/300/67 798/297/121 795/301/68
f 798/297/121 802/300/67 803/298/64
f 804/347/123 805/320/90 806/348/124
f 805/320/90 807/349/125 806/348/124
f 807/349/125 805/320/90 808/319/126
f 809/269/29 807/349/125 808/319/126
f 805/320/90 804/347/123 810/321/127
f 811/350/128 810/321/127 804/347/123
f 810/321/127 811/350/128 812/322/13
f 813/351/129 814/348/124 815/352/130
f 814/348/124 813/351/129 816/347/123
f 817/349/125 815/352/130 814/348/124
f 815/352/130 817/349/125 818/353/131
f 819/269/29 818/353/131 817/349/125
f 820/354/19 816/347/123 813/351/129
f 816/347/123 820/354/19 821/350/128
f 822/355/132 823/351/133 824/356/134
f 823/351/133 825/357/135 824/356/134
f 823/351/133 822/355/132 826/354/19
f 825/357/135 823/351/133 827/352/130
f 827/352/130 828/358/136 825/357/135
f 828/358/136 827/352/130 829/353/131
f 830/269/29 828/358/136 829/353/131
f 831/269/29 832/359/137 833/358/138
f 832/359/137 834/360/139 833/358/138
f 833/358/138 834/360/139 835/357/135
f 834/360/139 836/356/134 835/357/135
f 836/356/134 834/360/139 837/361/140
f 836/356/134 837/361/140 838/362/141
f 836/356/134 838/362/141 839/355/142
f 840/324/143 841/360/139 842/359/137
f 843/269/29 840/324/143 842/359/137
f 841/360/139 840/324/143 844/323/93
f 844/323/93 845/361/140 841/360/139
f 845/361/140 844/323/93 846/328/98
f 845/361/140 846/328/98 847/329/99
f 845/361/140 847/329/99 848/362/141
f 849/200/144 850/198/145 851/199/144
f 850/198/145 852/197/145 851/199/144
f 849/200/144 851/199/144 853/201/146
f 854/202/146 849/200/144 853/201/146
f 854/202/146 853/201/146 855/203/147
f 855/203/147 856/204/147 854/202/146
f 858/192/7 857/193/7 859/191/148
f 859/191/148 860/194/149 858/192/7
f 860/194/149 859/191/148 861/195/150
f 862/196/151 860/194/149 861/195/150
f 862/196/151 861/195/150 863/197/145
f 864/198/145 862/196/151 863/197/145
f 865/207/152 866/210/153 867/209/154
f 865/207/152 867/209/154 868/205/155
f 869/210/100 870/211/156 871/197/157
f 869/210/100 871/197/157 872/209/154
f 873/212/108 875/197/157 874/211/156
f 875/197/157 873/212/108 876/213/159
f 878/214/160 879/213/161 877/212/108
f 879/213/161 878/214/160 880/363/162
f 881/216/163 882/363/162 883/214/164
f 882/363/162 881/216/163 884/217/165
f 885/207/152 887/205/155 886/364/166
f 886/364/166 887/205/155 888/208/28
f 891/191/167 890/192/147 889/193/147
f 891/191/167 892/194/167 890/192/147
f 893/195/168 892/194/167 891/191/167
f 893/195/168 894/196/168 892/194/167
f 895/197/169 894/196/168 893/195/168
f 895/197/169 896/198/169 894/196/168
f 897/199/170 896/198/169 895/197/169
f 897/199/170 898/200/170 896/198/169
f 899/201/171 898/200/170 897/199/170
f 899/201/171 900/202/171 898/200/170
f 901/203/172 900/202/171 899/201/171
f 901/203/172 902/204/172 900/202/171
f 904/207/173 903/210/36 905/209/214
f 905/209/214 906/205/175 904/207/173
f 908/210/36 907/211/176 909/197/177
f 909/197/177 910/209/178 908/210/36
f 912/212/44 913/197/177 911/211/176
f 913/197/177 912/212/44 914/365/179
f 916/366/215 917/365/216 915/212/44
f 917/365/216 916/366/215 918/363/182
f 919/363/183 920/216/184 921/217/185
f 920/216/184 919/363/183 922/366/180
f 923/364/117 924/207/173 925/205/187
f 926/208/165 923/364/117 925/205/187
f 927/221/188 928/367/188 929/260/188
f 927/221/188 930/227/188 931/218/188
f 927/221/188 932/224/188 930/227/188
f 929/260/188 932/224/188 927/221/188
f 932/224/188 929/260/188 933/263/188
f 934/368/188 928/367/188 927/221/188
f 934/368/188 927/221/188 935/369/188
f 928/367/188 936/258/188 929/260/188
f 936/258/188 928/367/188 937/256/188
f 938/255/188 929/260/188 936/258/188
f 938/255/188 939/264/188 929/260/188
f 939/264/188 938/255/188 940/253/188
f 941/231/188 934/368/188 935/369/188
f 941/231/188 935/369/188 942/228/188
f 934/368/188 941/231/188 943/370/188
f 943/370/188 941/231/188 944/232/188
f 928/367/188 934/368/188 945/371/188
f 928/367/188 945/371/188 946/372/188
f 945/371/188 934/368/188 947/243/188
f 945/371/188 947/243/188 948/245/188
f 947/243/188 934/368/188 949/238/188
f 947/243/188 949/238/188 950/241/188
f 953/191/189 952/192/172 951/193/172
f 952/192/172 953/191/189 954/194/189
f 955/195/190 954/194/189 953/191/189
f 954/194/189 955/195/190 956/196/190
f 957/197/191 956/196/190 955/195/190
f 956/196/190 957/197/191 958/198/191
f 959/199/192 958/198/191 957/197/191
f 958/198/191 959/199/192 960/200/193
f 961/201/194 960/200/193 959/199/192
f 960/200/193 961/201/194 962/202/194
f 963/203/2 962/202/194 961/201/194
f 962/202/194 963/203/2 964/204/2
f 966/364/195 965/207/196 967/205/197
f 967/205/197 968/208/185 966/364/195
f 971/209/198 970/207/196 969/210/64
f 971/209/198 972/205/199 970/207/196
f 974/212/69 975/197/200 973/211/201
f 975/197/200 974/212/69 976/213/202
f 977/214/203 979/213/217 978/212/205
f 979/213/217 977/214/203 980/215/206
f 982/216/207 983/215/208 981/214/209
f 983/215/208 982/216/207 984/217/11
f 987/197/200 986/210/210 985/211/201
f 987/197/200 988/209/198 986/210/210
f 991/373/1 990/374/2 989/375/2
f 990/374/2 991/373/1 992/376/1
f 991/373/1 993/377/3 992/376/1
f 992/376/1 993/377/3 994/378/3
f 993/377/3 995/379/4 994/378/3
f 994/378/3 995/379/4 996/380/4
f 995/379/4 997/381/5 996/380/4
f 996/380/4 997/381/5 998/382/5
f 997/381/5 999/383/6 998/382/5
f 998/382/5 999/383/6 1000/384/6
f 1000/384/6 999/383/6 1001/385/7
f 1000/384/6 1001/385/7 1002/386/7
f 1003/387/8 1004/388/9 1005/389/10
f 1004/388/9 1003/387/8 1006/390/11
f 1009/391/12 1008/389/10 1007/392/13
f 1008/389/10 1009/391/12 1010/387/14
f 1013/379/15 1012/392/16 1011/393/17
f 1012/392/16 1013/379/15 1014/391/18
f 1015/394/19 1017/379/15 1016/393/17
f 1017/379/15 1015/394/19 1018/395/20
f 1019/396/21 1021/395/22 1020/394/23
f 1021/395/22 1019/396/21 1022/397/24
f 1023/398/25 1025/397/26 1024/396/27
f 1025/397/26 1023/398/25 1026/399/28
f 1027/400/29 1028/401/29 1029/402/29
f 1028/401/29 1027/400/29 1030/403/29
f 1031/404/29 1032/403/29 1033/405/29
f 1032/403/29 1031/404/29 1034/401/29
f 1035/406/29 1036/407/29 1037/408/29
f 1036/407/29 1035/406/29 1038/409/29
f 1039/407/29 1040/400/29 1041/402/29
f 1040/400/29 1039/407/29 1042/409/29
f 1043/410/29 1044/411/29 1045/412/29
f 1044/411/29 1043/410/29 1046/413/29
f 1047/411/29 1048/413/29 1049/414/29
f 1047/411/29 1049/414/29 1050/415/29
f 1051/416/29 1052/417/29 1053/414/29
f 1053/414/29 1052/417/29 1054/415/29
f 1055/410/29 1056/404/29 1057/405/29
f 1056/404/29 1055/410/29 1058/412/29
f 1059/418/29 1060/419/29 1061/420/29
f 1060/419/29 1059/418/29 1062/421/29
f 1063/422/29 1064/420/29 1065/423/29
f 1064/420/29 1063/422/29 1066/418/29
f 1067/424/29 1068/423/29 1069/425/29
f 1070/423/29 1071/424/29 1072/422/29
f 1073/421/29 1074/416/29 1075/419/29
f 1074/416/29 1073/421/29 1076/417/29
f 1077/425/29 1078/426/29 1079/424/29
f 1078/426/29 1077/425/29 1080/427/29
f 1081/427/29 1082/428/29 1083/426/29
f 1082/428/29 1081/427/29 1084/429/29
f 1085/428/29 1086/429/29 1087/430/29
f 1086/429/29 1088/431/29 1087/430/29
f 1089/432/29 1090/433/29 1091/431/29
f 1091/431/29 1090/433/29 1092/430/29
f 1093/434/29 1094/435/29 1095/436/29
f 1094/435/29 1093/434/29 1096/437/29
f 1097/432/29 1098/438/29 1099/433/29
f 1098/438/29 1100/439/29 1099/433/29
f 1101/439/29 1102/440/29 1103/441/29
f 1104/440/29 1105/439/29 1106/438/29
f 1107/441/29 1108/437/29 1109/434/29
f 1108/437/29 1107/441/29 1110/440/29
f 1111/442/29 1112/443/29 1113/444/29
f 1112/443/29 1111/442/29 1114/445/29
f 1115/445/29 1116/406/29 1117/443/29
f 1116/406/29 1118/408/29 1117/443/29
f 1119/436/29 1120/446/29 1121/447/29
f 1120/446/29 1119/436/29 1122/435/29
f 1123/447/29 1124/446/29 1125/444/29
f 1124/446/29 1126/442/29 1125/444/29
f 1127/448/30 1128/449/31 1129/450/32
f 1130/451/29 1127/448/30 1129/450/32
f 1129/450/32 1128/449/31 1131/452/33
f 1128/449/31 1132/453/34 1131/452/33
f 1131/452/33 1132/453/34 1133/454/35
f 1133/454/35 1132/453/34 1134/455/36
f 1133/454/35 1134/455/36 1135/456/211
f 1136/453/38 1137/457/39 1138/458/40
f 1136/453/38 1138/458/40 1139/459/41
f 1137/457/39 1136/453/38 1140/449/31
f 1136/453/38 1139/459/41 1141/455/36
f 1140/449/31 1142/448/30 1137/457/39
f 1143/460/42 1137/457/39 1142/448/30
f 1144/451/29 1143/460/42 1142/448/30
f 1145/459/41 1146/461/43 1147/462/44
f 1146/461/43 1145/459/41 1148/458/40
f 1148/458/40 1149/457/39 1146/461/43
f 1149/457/39 1150/463/45 1146/461/43
f 1149/457/39 1151/464/46 1150/463/45
f 1151/464/46 1149/457/39 1152/460/42
f 1153/451/29 1151/464/46 1152/460/42
f 1154/451/29 1155/465/47 1156/464/48
f 1155/465/47 1157/463/45 1156/464/48
f 1157/463/45 1155/465/47 1158/466/49
f 1158/466/49 1159/461/43 1157/463/45
f 1159/461/43 1158/466/49 1160/467/50
f 1160/467/50 1161/462/44 1159/461/43
f 1161/462/44 1160/467/50 1162/468/51
f 1163/469/52 1164/468/51 1165/467/50
f 1163/469/52 1165/467/50 1166/470/54
f 1165/467/50 1167/471/55 1166/470/54
f 1167/471/55 1165/467/50 1168/466/49
f 1168/466/49 1169/472/56 1167/471/55
f 1169/472/56 1168/466/49 1170/465/47
f 1171/451/29 1169/472/56 1170/465/47
f 1172/473/57 1173/471/55 1174/472/56
f 1175/451/29 1172/473/57 1174/472/56
f 1173/471/55 1172/473/57 1176/474/58
f 1177/475/59 1173/471/55 1176/474/58
f 1173/471/55 1177/475/59 1178/470/54
f 1179/476/60 1178/470/54 1177/475/59
f 1178/470/54 1179/476/60 1180/469/52
f 1181/477/61 1182/475/59 1183/474/58
f 1184/473/57 1181/477/61 1183/474/58
f 1181/477/61 1184/473/57 1185/478/62
f 1186/451/29 1185/478/62 1184/473/57
f 1182/475/59 1181/477/61 1187/479/63
f 1188/480/64 1182/475/59 1187/479/63
f 1182/475/59 1188/480/64 1189/476/65
f 1190/481/66 1191/482/67 1192/483/68
f 1191/482/67 1190/481/66 1193/484/69
f 1192/483/68 1194/485/70 1190/481/66
f 1194/485/70 1192/483/68 1195/486/71
f 1195/486/71 1196/487/72 1194/485/70
f 1196/487/72 1195/486/71 1197/488/73
f 1198/451/29 1196/487/72 1197/488/73
f 1199/481/74 1200/489/75 1201/490/76
f 1199/481/74 1202/491/77 1200/489/75
f 1199/481/74 1201/490/76 1203/484/69
f 1202/491/77 1199/481/74 1204/485/70
f 1204/485/70 1205/492/78 1202/491/77
f 1205/492/78 1204/485/70 1206/487/212
f 1207/451/29 1205/492/78 1206/487/212
f 1208/451/29 1209/493/79 1210/492/78
f 1210/492/78 1209/493/79 1211/494/80
f 1212/491/77 1210/492/78 1211/494/80
f 1211/494/80 1213/489/75 1212/491/77
f 1213/489/75 1211/494/80 1214/495/81
f 1214/495/81 1215/490/82 1213/489/75
f 1215/490/82 1214/495/81 1216/496/83
f 1217/496/83 1219/497/84 1218/498/85
f 1219/497/84 1217/496/83 1220/495/86
f 1219/497/84 1220/495/86 1221/494/80
f 1219/497/84 1221/494/80 1222/499/87
f 1221/494/80 1223/493/79 1222/499/87
f 1222/499/87 1223/493/79 1224/500/88
f 1225/451/29 1224/500/88 1223/493/79
f 1226/499/87 1227/501/89 1228/502/90
f 1227/501/89 1226/499/87 1229/500/88
f 1230/451/29 1227/501/89 1229/500/88
f 1228/502/90 1231/497/84 1226/499/87
f 1231/497/84 1228/502/90 1232/503/91
f 1233/504/13 1231/497/84 1232/503/91
f 1233/504/13 1234/498/85 1231/497/84
f 1235/505/93 1236/506/94 1237/507/95
f 1236/506/94 1238/508/96 1237/507/95
f 1239/451/29 1238/508/96 1236/506/94
f 1235/505/93 1237/507/95 1240/509/97
f 1241/510/98 1235/505/93 1240/509/97
f 1240/509/97 1242/511/213 1241/510/98
f 1242/511/213 1240/509/97 1243/512/100
f 1244/513/101 1245/509/102 1246/507/95
f 1244/513/101 1247/512/100 1245/509/102
f 1244/513/101 1246/507/95 1248/514/103
f 1247/512/100 1244/513/101 1249/515/104
f 1246/507/95 1250/508/96 1248/514/103
f 1248/514/103 1250/508/96 1251/516/105
f 1252/451/29 1251/516/105 1250/508/96
f 1253/513/101 1254/517/106 1255/518/107
f 1256/519/108 1253/513/101 1255/518/107
f 1254/517/106 1253/513/101 1257/514/103
f 1256/519/108 1258/515/104 1253/513/101
f 1257/514/103 1259/520/109 1254/517/106
f 1259/520/109 1257/514/103 1260/516/105
f 1261/451/29 1259/520/109 1260/516/105
f 1262/451/29 1263/521/110 1264/520/109
f 1263/521/110 1265/517/106 1264/520/109
f 1265/517/106 1263/521/110 1266/522/111
f 1266/522/111 1267/518/112 1265/517/106
f 1267/518/112 1266/522/111 1268/523/113
f 1268/523/113 1269/519/108 1267/518/112
f 1269/519/108 1268/523/113 1270/524/114
f 1272/524/115 1273/525/116 1271/526/117
f 1273/525/116 1272/524/115 1274/523/113
f 1275/522/111 1273/525/116 1274/523/113
f 1273/525/116 1275/522/111 1276/527/118
f 1277/521/110 1276/527/118 1275/522/111
f 1276/527/118 1277/521/110 1278/528/119
f 1279/451/29 1278/528/119 1277/521/110
f 1280/450/32 1281/527/118 1282/528/119
f 1283/451/29 1280/450/32 1282/528/119
f 1281/527/118 1280/450/32 1284/452/33
f 1284/452/33 1285/525/120 1281/527/118
f 1285/525/120 1284/452/33 1286/454/35
f 1286/454/35 1287/526/117 1285/525/120
f 1287/526/117 1286/454/35 1288/456/37
f 1289/483/68 1290/477/61 1291/486/71
f 1290/477/61 1289/483/68 1292/479/121
f 1293/478/122 1291/486/71 1290/477/61
f 1291/486/71 1293/478/122 1294/488/73
f 1295/451/29 1294/488/73 1293/478/122
f 1296/482/67 1292/479/121 1289/483/68
f 1292/479/121 1296/482/67 1297/480/64
f 1298/529/123 1299/502/90 1300/530/124
f 1299/502/90 1301/531/125 1300/530/124
f 1301/531/125 1299/502/90 1302/501/126
f 1303/451/29 1301/531/125 1302/501/126
f 1299/502/90 1298/529/123 1304/503/127
f 1305/532/128 1304/503/127 1298/529/123
f 1304/503/127 1305/532/128 1306/504/13
f 1307/533/129 1308/530/124 1309/534/130
f 1308/530/124 1307/533/129 1310/529/123
f 1311/531/125 1309/534/130 1308/530/124
f 1309/534/130 1311/531/125 1312/535/131
f 1313/451/29 1312/535/131 1311/531/125
f 1314/536/19 1310/529/123 1307/533/129
f 1310/529/123 1314/536/19 1315/532/128
f 1316/537/132 1317/533/133 1318/538/134
f 1317/533/133 1319/539/135 1318/538/134
f 1317/533/133 1316/537/132 1320/536/19
f 1319/539/135 1317/533/133 1321/534/130
f 1321/534/130 1322/540/136 1319/539/135
f 1322/540/136 1321/534/130 1323/535/131
f 1324/451/29 1322/540/136 1323/535/131
f 1325/451/29 1326/541/137 1327/540/138
f 1326/541/137 1328/542/139 1327/540/138
f 1327/540/138 1328/542/139 1329/539/135
f 1328/542/139 1330/538/134 1329/539/135
f 1330/538/134 1328/542/139 1331/543/140
f 1330/538/134 1331/543/140 1332/544/141
f 1330/538/134 1332/544/141 1333/537/142
f 1334/506/143 1335/542/139 1336/541/137
f 1337/451/29 1334/506/143 1336/541/137
f 1335/542/139 1334/506/143 1338/505/93
f 1338/505/93 1339/543/140 1335/542/139
f 1339/543/140 1338/505/93 1340/510/98
f 1339/543/140 1340/510/98 1341/511/99
f 1339/543/140 1341/511/99 1342/544/141
f 1343/382/144 1344/380/145 1345/381/144
f 1344/380/145 1346/379/145 1345/381/144
f 1343/382/144 1345/381/144 1347/545/146
f 1348/546/146 1343/382/144 1347/545/146
f 1348/546/146 1347/545/146 1349/547/147
f 1349/547/147 1350/548/147 1348/546/146
f 1352/374/7 1351/375/7 1353/549/148
f 1353/549/148 1354/550/149 1352/374/7
f 1354/550/149 1353/549/148 1355/377/150
f 1356/378/151 1354/550/149 1355/377/150
f 1356/378/151 1355/377/150 1357/379/145
f 1358/380/145 1356/378/151 1357/379/145
f 1359/551/152 1360/392/153 1361/391/154
f 1359/551/152 1361/391/154 1362/387/155
f 1363/392/100 1364/393/156 1365/379/157
f 1363/392/100 1365/379/157 1366/391/154
f 1367/394/158 1369/379/157 1368/393/156
f 1369/379/157 1367/394/158 1370/395/159
f 1372/396/160 1373/395/161 1371/394/108
f 1373/395/161 1372/396/160 1374/397/162
f 1375/398/163 1376/397/162 1377/396/164
f 1376/397/162 1375/398/163 1378/552/165
f 1379/551/152 1381/387/155 1380/388/166
f 1380/388/166 1381/387/155 1382/390/28
f 1385/373/167 1384/374/147 1383/375/147
f 1385/373/167 1386/376/167 1384/374/147
f 1387/377/168 1386/376/167 1385/373/167
f 1387/377/168 1388/378/168 1386/376/167
f 1389/379/169 1388/378/168 1387/377/168
f 1389/379/169 1390/380/169 1388/378/168
f 1391/381/170 1390/380/169 1389/379/169
f 1391/381/170 1392/382/170 1390/380/169
f 1393/545/171 1392/382/170 1391/381/170
f 1393/545/171 1394/546/171 1392/382/170
f 1395/547/172 1394/546/171 1393/545/171
f 1395/547/172 1396/548/172 1394/546/171
f 1398/551/173 1397/392/36 1399/391/214
f 1399/391/214 1400/387/175 1398/551/173
f 1402/392/36 1401/393/176 1403/379/177
f 1403/379/177 1404/391/178 1402/392/36
f 1406/394/44 1407/379/177 1405/393/176
f 1407/379/177 1406/394/44 1408/395/179
f 1410/396/215 1411/395/216 1409/394/44
f 1411/395/216 1410/396/215 1412/397/182
f 1413/397/183 1414/553/184 1415/552/185
f 1414/553/184 1413/397/183 1416/396/180
f 1417/388/117 1418/551/173 1419/387/187
f 1420/390/165 1417/388/117 1419/387/187
f 1421/554/188 1422/555/188 1423/442/188
f 1421/554/188 1424/409/188 1425/400/188
f 1421/554/188 1426/406/188 1424/409/188
f 1423/442/188 1426/406/188 1421/554/188
f 1426/406/188 1423/442/188 1427/445/188
f 1428/419/188 1422/555/188 1421/554/188
f 1428/419/188 1421/554/188 1429/405/188
f 1422/555/188 1430/440/188 1423/442/188
f 1430/440/188 1422/555/188 1431/438/188
f 1432/437/188 1423/442/188 1430/440/188
f 1432/437/188 1433/556/188 1423/442/188
f 1433/556/188 1432/437/188 1434/557/188
f 1435/413/188 1428/419/188 1429/405/188
f 1435/413/188 1429/405/188 1436/410/188
f 1428/419/188 1435/413/188 1437/416/188
f 1437/416/188 1435/413/188 1438/414/188
f 1422/555/188 1428/419/188 1439/429/188
f 1422/555/188 1439/429/188 1440/431/188
f 1439/429/188 1428/419/188 1441/425/188
f 1439/429/188 1441/425/188 1442/558/188
f 1441/425/188 1428/419/188 1443/559/188
f 1441/425/188 1443/559/188 1444/423/188
f 1447/373/189 1446/374/172 1445/375/172
f 1446/374/172 1447/373/189 1448/376/189
f 1449/377/190 1448/376/189 1447/373/189
f 1448/376/189 1449/377/190 1450/378/190
f 1451/379/191 1450/378/190 1449/377/190
f 1450/378/190 1451/379/191 1452/380/191
f 1453/381/192 1452/380/191 1451/379/191
f 1452/380/191 1453/381/192 1454/382/193
f 1455/545/194 1454/382/193 1453/381/192
f 1454/382/193 1455/545/194 1456/546/194
f 1457/385/2 1456/546/194 1455/545/194
f 1456/546/194 1457/385/2 1458/386/2
f 1460/388/195 1459/551/196 1461/387/197
f 1461/387/197 1462/390/185 1460/388/195
f 1465/391/198 1464/551/196 1463/392/64
f 1465/391/198 1466/387/199 1464/551/196
f 1468/394/69 1469/379/200 1467/393/201
f 1469/379/200 1468/394/69 1470/395/202
f 1471/396/203 1473/395/204 1472/394/205
f 1473/395/204 1471/396/203 1474/397/206
f 1476/398/207 1477/397/208 1475/396/209
f 1477/397/208 1476/398/207 1478/552/11
f 1481/379/200 1480/392/210 1479/393/201
f 1481/379/200 1482/391/198 1480/392/210
f 1573/594/1 1572/595/2 1571/596/2
f 1572/595/2 1573/594/1 1574/597/1
f 1573/594/1 1575/598/3 1574/597/1
f 1574/597/1 1575/598/3 1576/599/3
f 1575/598/3 1577/600/4 1576/599/3
f 1576/599/3 1577/600/4 1578/601/4
f 1577/600/4 1579/602/5 1578/601/4
f 1578/601/4 1579/602/5 1580/603/5
f 1579/602/5 1581/604/6 1580/603/5
f 1580/603/5 1581/604/6 1582/605/6
f 1582/605/6 1581/604/6 1583/606/7
f 1582/605/6 1583/606/7 1584/607/7
f 1585/608/8 1586/609/9 1587/610/10
f 1586/609/9 1585/608/8 1588/611/11
f 1591/612/12 1590/610/10 1589/613/13
f 1590/610/10 1591/612/12 1592/608/14
f 1595/600/15 1594/613/16 1593/614/17
f 1594/613/16 1595/600/15 1596/612/18
f 1597/615/19 1599/600/15 1598/614/17
f 1599/600/15 1597/615/19 1600/616/20
f 1601/617/21 1603/616/22 1602/615/23
f 1603/616/22 1601/617/21 1604/618/24
f 1605/619/25 1607/618/26 1606/617/27
f 1607/618/26 1605/619/25 1608/620/28
f 1609/621/29 1610/622/29 1611/623/29
f 1610/622/29 1609/621/29 1612/624/29
f 1613/625/29 1614/624/29 1615/626/29
f 1614/624/29 1613/625/29 1616/622/29
f 1617/627/29 1618/628/29 1619/629/29
f 1618/628/29 1617/627/29 1620/630/29
f 1621/628/29 1622/621/29 1623/623/29
f 1622/621/29 1621/628/29 1624/630/29
f 1625/631/29 1626/632/29 1627/633/29
f 1626/632/29 1625/631/29 1628/634/29
f 1629/632/29 1630/634/29 1631/635/29
f 1629/632/29 1631/635/29 1632/636/29
f 1633/637/29 1634/638/29 1635/635/29
f 1635/635/29 1634/638/29 1636/636/29
f 1637/631/29 1638/625/29 1639/626/29
f 1638/625/29 1637/631/29 1640/633/29
f 1641/639/29 1642/640/29 1643/641/29
f 1642/640/29 1641/639/29 1644/642/29
f 1645/643/29 1646/641/29 1647/644/29
f 1646/641/29 1645/643/29 1648/639/29
f 1649/645/29 1650/644/29 1651/646/29
f 1652/644/29 1653/645/29 1654/643/29
f 1655/642/29 1656/637/29 1657/640/29
f 1656/637/29 1655/642/29 1658/638/29
f 1659/646/29 1660/647/29 1661/645/29
f 1660/647/29 1659/646/29 1662/648/29
f 1663/648/29 1664/649/29 1665/647/29
f 1664/649/29 1663/648/29 1666/650/29
f 1667/649/29 1668/650/29 1669/651/29
f 1668/650/29 1670/652/29 1669/651/29
f 1671/653/29 1672/654/29 1673/652/29
f 1673/652/29 1672/654/29 1674/651/29
f 1675/655/29 1676/656/29 1677/657/29
f 1676/656/29 1675/655/29 1678/658/29
f 1679/653/29 1680/659/29 1681/654/29
f 1680/659/29 1682/660/29 1681/654/29
f 1683/660/29 1684/661/29 1685/662/29
f 1686/661/29 1687/660/29 1688/659/29
f 1689/662/29 1690/658/29 1691/655/29
f 1690/658/29 1689/662/29 1692/661/29
f 1693/663/29 1694/664/29 1695/665/29
f 1694/664/29 1693/663/29 1696/666/29
f 1697/666/29 1698/627/29 1699/664/29
f 1698/627/29 1700/629/29 1699/664/29
f 1701/657/29 1702/667/29 1703/668/29
f 1702/667/29 1701/657/29 1704/656/29
f 1705/668/29 1706/667/29 1707/665/29
f 1706/667/29 1708/663/29 1707/665/29
f 1709/669/30 1710/670/31 1711/671/32
f 1712/672/29 1709/669/30 1711/671/32
f 1711/671/32 1710/670/31 1713/673/33
f 1710/670/31 1714/674/34 1713/673/33
f 1713/673/33 1714/674/34 1715/675/35
f 1715/675/35 1714/674/34 1716/676/36
f 1715/675/35 1716/676/36 1717/677/211
f 1718/674/38 1719/678/39 1720/679/40
f 1718/674/38 1720/679/40 1721/680/41
f 1719/678/39 1718/674/38 1722/670/31
f 1718/674/38 1721/680/41 1723/676/36
f 1722/670/31 1724/669/30 1719/678/39
f 1725/681/42 1719/678/39 1724/669/30
f 1726/672/29 1725/681/42 1724/669/30
f 1727/680/41 1728/682/43 1729/683/44
f 1728/682/43 1727/680/41 1730/679/40
f 1730/679/40 1731/678/39 1728/682/43
f 1731/678/39 1732/684/45 1728/682/43
f 1731/678/39 1733/685/46 1732/684/45
f 1733/685/46 1731/678/39 1734/681/42
f 1735/672/29 1733/685/46 1734/681/42
f 1736/672/29 1737/686/47 1738/685/48
f 1737/686/47 1739/684/45 1738/685/48
f 1739/684/45 1737/686/47 1740/687/49
f 1740/687/49 1741/682/43 1739/684/45
f 1741/682/43 1740/687/49 1742/688/50
f 1742/688/50 1743/683/44 1741/682/43
f 1743/683/44 1742/688/50 1744/689/51
f 1745/690/52 1746/689/51 1747/688/50
f 1745/690/52 1747/688/50 1748/691/54
f 1747/688/50 1749/692/55 1748/691/54
f 1749/692/55 1747/688/50 1750/687/49
f 1750/687/49 1751/693/56 1749/692/55
f 1751/693/56 1750/687/49 1752/686/47
f 1753/672/29 1751/693/56 1752/686/47
f 1754/694/57 1755/692/55 1756/693/56
f 1757/672/29 1754/694/57 1756/693/56
f 1755/692/55 1754/694/57 1758/695/58
f 1759/696/59 1755/692/55 1758/695/58
f 1755/692/55 1759/696/59 1760/691/54
f 1761/697/60 1760/691/54 1759/696/59
f 1760/691/54 1761/697/60 1762/690/52
f 1763/698/61 1764/696/59 1765/695/58
f 1766/694/57 1763/698/61 1765/695/58
f 1763/698/61 1766/694/57 1767/699/62
f 1768/672/29 1767/699/62 1766/694/57
f 1764/696/59 1763/698/61 1769/700/63
f 1770/701/64 1764/696/59 1769/700/63
f 1764/696/59 1770/701/64 1771/697/65
f 1772/702/66 1773/703/67 1774/704/68
f 1773/703/67 1772/702/66 1775/705/69
f 1774/704/68 1776/706/70 1772/702/66
f 1776/706/70 1774/704/68 1777/707/71
f 1777/707/71 1778/708/72 1776/706/70
f 1778/708/72 1777/707/71 1779/709/73
f 1780/672/29 1778/708/72 1779/709/73
f 1781/702/74 1782/710/75 1783/711/76
f 1781/702/74 1784/712/77 1782/710/75
f 1781/702/74 1783/711/76 1785/705/69
f 1784/712/77 1781/702/74 1786/706/70
f 1786/706/70 1787/713/78 1784/712/77
f 1787/713/78 1786/706/70 1788/708/212
f 1789/672/29 1787/713/78 1788/708/212
f 1790/672/29 1791/714/79 1792/713/78
f 1792/713/78 1791/714/79 1793/715/80
f 1794/712/77 1792/713/78 1793/715/80
f 1793/715/80 1795/710/75 1794/712/77
f 1795/710/75 1793/715/80 1796/716/81
f 1796/716/81 1797/711/82 1795/710/75
f 1797/711/82 1796/716/81 1798/717/83
f 1799/717/83 1801/718/84 1800/719/85
f 1801/718/84 1799/717/83 1802/716/86
f 1801/718/84 1802/716/86 1803/715/80
f 1801/718/84 1803/715/80 1804/720/87
f 1803/715/80 1805/714/79 1804/720/87
f 1804/720/87 1805/714/79 1806/721/88
f 1807/672/29 1806/721/88 1805/714/79
f 1808/720/87 1809/722/89 1810/723/90
f 1809/722/89 1808/720/87 1811/721/88
f 1812/672/29 1809/722/89 1811/721/88
f 1810/723/90 1813/718/84 1808/720/87
f 1813/718/84 1810/723/90 1814/724/91
f 1815/725/13 1813/718/84 1814/724/91
f 1815/725/13 1816/719/85 1813/718/84
f 1817/726/93 1818/727/94 1819/728/95
f 1818/727/94 1820/729/96 1819/728/95
f 1821/672/29 1820/729/96 1818/727/94
f 1817/726/93 1819/728/95 1822/730/97
f 1823/731/98 1817/726/93 1822/730/97
f 1822/730/97 1824/732/213 1823/731/98
f 1824/732/213 1822/730/97 1825/733/100
f 1826/734/101 1827/730/102 1828/728/95
f 1826/734/101 1829/733/100 1827/730/102
f 1826/734/101 1828/728/95 1830/735/103
f 1829/733/100 1826/734/101 1831/736/104
f 1828/728/95 1832/729/96 1830/735/103
f 1830/735/103 1832/729/96 1833/737/105
f 1834/672/29 1833/737/105 1832/729/96
f 1835/734/101 1836/738/106 1837/739/107
f 1838/740/108 1835/734/101 1837/739/107
f 1836/738/106 1835/734/101 1839/735/103
f 1838/740/108 1840/736/104 1835/734/101
f 1839/735/103 1841/741/109 1836/738/106
f 1841/741/109 1839/735/103 1842/737/105
f 1843/672/29 1841/741/109 1842/737/105
f 1844/672/29 1845/742/110 1846/741/109
f 1845/742/110 1847/738/106 1846/741/109
f 1847/738/106 1845/742/110 1848/743/111
f 1848/743/111 1849/739/112 1847/738/106
f 1849/739/112 1848/743/111 1850/744/113
f 1850/744/113 1851/740/108 1849/739/112
f 1851/740/108 1850/744/113 1852/745/114
f 1854/745/115 1855/746/116 1853/747/117
f 1855/746/116 1854/745/115 1856/744/113
f 1857/743/111 1855/746/116 1856/744/113
f 1855/746/116 1857/743/111 1858/748/118
f 1859/742/110 1858/748/118 1857/743/111
f 1858/748/118 1859/742/110 1860/749/119
f 1861/672/29 1860/749/119 1859/742/110
f 1862/671/32 1863/748/118 1864/749/119
f 1865/672/29 1862/671/32 1864/749/119
f 1863/748/118 1862/671/32 1866/673/33
f 1866/673/33 1867/746/120 1863/748/118
f 1867/746/120 1866/673/33 1868/675/35
f 1868/675/35 1869/747/117 1867/746/120
f 1869/747/117 1868/675/35 1870/677/37
f 1871/704/68 1872/698/61 1873/707/71
f 1872/698/61 1871/704/68 1874/700/121
f 1875/699/122 1873/707/71 1872/698/61
f 1873/707/71 1875/699/122 1876/709/73
f 1877/672/29 1876/709/73 1875/699/122
f 1878/703/67 1874/700/121 1871/704/68
f 1874/700/121 1878/703/67 1879/701/64
f 1880/750/123 1881/723/90 1882/751/124
f 1881/723/90 1883/752/125 1882/751/124
f 1883/752/125 1881/723/90 1884/722/126
f 1885/672/29 1883/752/125 1884/722/126
f 1881/723/90 1880/750/123 1886/724/127
f 1887/753/128 1886/724/127 1880/750/123
f 1886/724/127 1887/753/128 1888/725/13
f 1889/754/129 1890/751/124 1891/755/130
f 1890/751/124 1889/754/129 1892/750/123
f 1893/752/125 1891/755/130 1890/751/124
f 1891/755/130 1893/752/125 1894/756/131
f 1895/672/29 1894/756/131 1893/752/125
f 1896/757/19 1892/750/123 1889/754/129
f 1892/750/123 1896/757/19 1897/753/128
f 1898/758/132 1899/754/133 1900/759/134
f 1899/754/133 1901/760/135 1900/759/134
f 1899/754/133 1898/758/132 1902/757/19
f 1901/760/135 1899/754/133 1903/755/130
f 1903/755/130 1904/761/136 1901/760/135
f 1904/761/136 1903/755/130 1905/756/131
f 1906/672/29 1904/761/136 1905/756/131
f 1907/672/29 1908/762/137 1909/761/138
f 1908/762/137 1910/763/139 1909/761/138
f 1909/761/138 1910/763/139 1911/760/135
f 1910/763/139 1912/759/134 1911/760/135
f 1912/759/134 1910/763/139 1913/764/140
f 1912/759/134 1913/764/140 1914/765/141
f 1912/759/134 1914/765/141 1915/758/142
f 1916/727/143 1917/763/139 1918/762/137
f 1919/672/29 1916/727/143 1918/762/137
f 1917/763/139 1916/727/143 1920/726/93
f 1920/726/93 1921/764/140 1917/763/139
f 1921/764/140 1920/726/93 1922/731/98
f 1921/764/140 1922/731/98 1923/732/99
f 1921/764/140 1923/732/99 1924/765/141
f 1925/603/144 1926/601/145 1927/602/144
f 1926/601/145 1928/600/145 1927/602/144
f 1925/603/144 1927/602/144 1929/604/146
f 1930/605/146 1925/603/144 1929/604/146
f 1930/605/146 1929/604/146 1931/606/147
f 1931/606/147 1932/607/147 1930/605/146
f 1934/595/7 1933/596/7 1935/594/148
f 1935/594/148 1936/597/149 1934/595/7
f 1936/597/149 1935/594/148 1937/598/150
f 1938/599/151 1936/597/149 1937/598/150
f 1938/599/151 1937/598/150 1939/600/145
f 1940/601/145 1938/599/151 1939/600/145
f 1941/610/152 1942/613/153 1943/612/154
f 1941/610/152 1943/612/154 1944/608/155
f 1945/613/100 1946/614/156 1947/600/157
f 1945/613/100 1947/600/157 1948/612/154
f 1949/615/158 1951/600/157 1950/614/156
f 1951/600/157 1949/615/158 1952/616/159
f 1954/617/160 1955/616/161 1953/615/108
f 1955/616/161 1954/617/160 1956/766/162
f 1957/619/163 1958/766/162 1959/617/164
f 1958/766/162 1957/619/163 1960/620/165
f 1961/610/152 1963/608/155 1962/767/166
f 1962/767/166 1963/608/155 1964/611/28
f 1967/594/167 1966/595/147 1965/596/147
f 1967/594/167 1968/597/167 1966/595/147
f 1969/598/168 1968/597/167 1967/594/167
f 1969/598/168 1970/599/168 1968/597/167
f 1971/600/169 1970/599/168 1969/598/168
f 1971/600/169 1972/601/169 1970/599/168
f 1973/602/170 1972/601/169 1971/600/169
f 1973/602/170 1974/603/170 1972/601/169
f 1975/604/171 1974/603/170 1973/602/170
f 1975/604/171 1976/605/171 1974/603/170
f 1977/606/172 1976/605/171 1975/604/171
f 1977/606/172 1978/607/172 1976/605/171
f 1980/610/173 1979/613/36 1981/612/214
f 1981/612/214 1982/768/175 1980/610/173
f 1984/613/36 1983/614/176 1985/600/177
f 1985/600/177 1986/612/178 1984/613/36
f 1988/769/44 1989/600/177 1987/614/176
f 1989/600/177 1988/769/44 1990/616/179
f 1992/770/215 1993/616/216 1991/769/44
f 1993/616/216 1992/770/215 1994/766/182
f 1995/766/183 1996/619/184 1997/620/185
f 1996/619/184 1995/766/183 1998/770/180
f 1999/767/117 2000/610/173 2001/768/187
f 2002/611/165 1999/767/117 2001/768/187
f 2003/624/188 2004/771/188 2005/663/188
f 2003/624/188 2006/630/188 2007/621/188
f 2003/624/188 2008/627/188 2006/630/188
f 2005/663/188 2008/627/188 2003/624/188
f 2008/627/188 2005/663/188 2009/666/188
f 2010/640/188 2004/771/188 2003/624/188
f 2010/640/188 2003/624/188 2011/772/188
f 2004/771/188 2012/661/188 2005/663/188
f 2012/661/188 2004/771/188 2013/659/188
f 2014/658/188 2005/663/188 2012/661/188
f 2014/658/188 2015/667/188 2005/663/188
f 2015/667/188 2014/658/188 2016/773/188
f 2017/634/188 2010/640/188 2011/772/188
f 2017/634/188 2011/772/188 2018/631/188
f 2010/640/188 2017/634/188 2019/774/188
f 2019/774/188 2017/634/188 2020/635/188
f 2004/771/188 2010/640/188 2021/775/188
f 2004/771/188 2021/775/188 2022/652/188
f 2021/775/188 2010/640/188 2023/646/188
f 2021/775/188 2023/646/188 2024/648/188
f 2023/646/188 2010/640/188 2025/641/188
f 2023/646/188 2025/641/188 2026/644/188
f 2029/594/189 2028/595/172 2027/596/172
f 2028/595/172 2029/594/189 2030/597/189
f 2031/598/190 2030/597/189 2029/594/189
f 2030/597/189 2031/598/190 2032/599/190
f 2033/600/191 2032/599/190 2031/598/190
f 2032/599/190 2033/600/191 2034/601/191
f 2035/602/192 2034/601/191 2033/600/191
f 2034/601/191 2035/602/192 2036/603/193
f 2037/604/194 2036/603/193 2035/602/192
f 2036/603/193 2037/604/194 2038/605/194
f 2039/606/2 2038/605/194 2037/604/194
f 2038/605/194 2039/606/2 2040/607/2
f 2042/767/195 2041/610/196 2043/608/197
f 2043/608/197 2044/611/185 2042/767/195
f 2047/612/198 2046/610/196 2045/613/64
f 2047/612/198 2048/608/199 2046/610/196
f 2050/615/69 2051/600/200 2049/614/201
f 2051/600/200 2050/615/69 2052/616/202
f 2053/617/203 2055/616/204 2054/615/205
f 2055/616/204 2053/617/203 2056/618/206
f 2058/619/207 2059/618/208 2057/617/209
f 2059/618/208 2058/619/207 2060/620/11
f 2063/600/200 2062/613/210 2061/614/201
f 2063/600/200 2064/612/198 2062/613/210
usemtl Handle1Mtl.052
f 1483/560/2 1484/561/2 1485/562/2
f 1484/561/2 1483/560/2 1486/563/2
f 1487/564/2 1488/565/2 1489/566/2
f 1488/565/2 1487/564/2 1490/567/2
f 1491/568/218 1492/563/218 1493/560/218
f 1492/563/218 1491/568/218 1494/569/218
f 1495/570/218 1496/567/218 1497/564/218
f 1496/567/218 1495/570/218 1498/571/218
f 1499/572/29 1500/573/29 1501/574/29
f 1501/574/29 1500/573/29 1502/575/29
f 1501/574/29 1502/575/29 1503/576/29
f 1501/574/29 1504/577/29 1499/572/29
f 1504/577/29 1501/574/29 1505/578/29
f 1504/577/29 1505/578/29 1506/579/29
f 1507/580/29 1508/581/29 1509/582/29
f 1509/582/29 1508/581/29 1510/583/29
f 1509/582/29 1510/583/29 1511/584/29
f 1509/582/29 1512/585/29 1507/580/29
f 1512/585/29 1509/582/29 1513/586/29
f 1512/585/29 1513/586/29 1514/587/29
f 1515/568/147 1516/588/147 1517/569/147
f 1516/588/147 1518/589/147 1517/569/147
f 1519/562/7 1520/560/7 1521/561/7
f 1520/560/7 1522/563/7 1521/561/7
f 1523/590/147 1524/571/147 1525/591/147
f 1526/570/147 1525/591/147 1524/571/147
f 1527/567/7 1528/565/7 1529/564/7
f 1530/566/7 1529/564/7 1528/565/7
f 1531/568/145 1532/563/145 1533/560/145
f 1532/563/145 1531/568/145 1534/569/145
f 1535/570/145 1536/567/145 1537/564/145
f 1536/567/145 1535/570/145 1538/571/145
f 1539/568/172 1540/588/172 1541/569/172
f 1540/588/172 1542/589/172 1541/569/172
f 1543/590/172 1544/571/172 1545/591/172
f 1546/570/172 1545/591/172 1544/571/172
f 1547/568/219 1548/592/219 1549/593/219
f 1548/592/219 1547/568/219 1550/569/219
f 1551/570/219 1552/567/219 1553/564/219
f 1552/567/219 1551/570/219 1554/571/219
f 1555/582/188 1556/586/188 1557/585/188
f 1557/585/188 1556/586/188 1558/587/188
f 1559/580/188 1555/582/188 1557/585/188
f 1555/582/188 1559/580/188 1560/581/188
f 1555/582/188 1560/581/188 1561/583/188
f 1555/582/188 1561/583/188 1562/584/188
f 1563/568/191 1564/563/191 1565/560/191
f 1564/563/191 1563/568/191 1566/569/191
f 1567/570/191 1568/567/191 1569/564/191
f 1568/567/191 1567/570/191 1570/571/191
