# Blender 5.1.2
# www.blender.org
mtllib Head.mtl
o Head
v -0.106475 0.471702 0.696796
v 0.003996 0.354302 0.761700
v 0.003716 0.471702 0.708500
v -0.116975 0.354302 0.748997
v 0.113775 0.471702 0.695599
v -0.094054 0.586052 0.614899
v 0.003276 0.586112 0.624496
v 0.100495 0.586052 0.613899
v 0.002766 0.676652 0.527698
v -0.187634 0.585822 0.589600
v -0.084635 0.676202 0.521000
v -0.213554 0.471702 0.665699
v -0.273624 0.584642 0.554298
v -0.168585 0.674342 0.502899
v 0.002295 0.728262 0.437797
v -0.083605 0.726882 0.434299
v 0.090096 0.676202 0.520100
v 0.193806 0.585822 0.587597
v 0.088156 0.726882 0.433399
v 0.001856 0.752292 0.354896
v 0.173845 0.674342 0.501099
v 0.090796 0.749692 0.352997
v 0.279435 0.584642 0.551399
v 0.172775 0.721192 0.421799
v 0.250806 0.667432 0.477199
v 0.002995 -0.582398 0.571999
v 0.065665 -0.658948 0.489098
v 0.083535 -0.582398 0.566097
v 0.107065 -0.766458 0.434898
v 0.055925 -0.766458 0.447197
v 0.078376 -0.839668 0.374100
v 0.125896 -0.658948 0.474697
v 0.112375 -0.839668 0.358097
v 0.001105 -0.883598 0.210899
v 0.153695 -0.766458 0.412899
v 0.142305 -0.839668 0.335999
v 0.194736 -0.766458 0.382599
v 0.167385 -0.839668 0.308899
v 0.180805 -0.658948 0.448799
v 0.160445 -0.582398 0.547600
v 0.116615 -0.520248 0.634800
v 0.224795 -0.520248 0.615898
v 0.230545 -0.582398 0.514698
v 0.323416 -0.520248 0.579498
v 0.229145 -0.658948 0.413097
v 0.292275 -0.582398 0.468998
v 0.410265 -0.520248 0.525898
v 0.269655 -0.658948 0.369297
v 0.343995 -0.582398 0.413097
v 0.483055 -0.520248 0.457298
v 0.229136 -0.766458 0.345398
v 0.299655 -0.658948 0.319099
v 0.382305 -0.582398 0.349098
v 0.536976 -0.520248 0.376999
v 0.404305 -0.582398 0.278896
v 0.316885 -0.658948 0.264198
v 0.322076 -0.658948 0.206799
v 0.254616 -0.766458 0.302799
v 0.269236 -0.766458 0.256199
v 0.273645 -0.766458 0.207398
v 0.199845 -0.839668 0.208298
v 0.196635 -0.839668 0.243797
v 0.185966 -0.839668 0.277798
v -0.575225 -0.520248 0.203297
v -0.750725 -0.464518 0.296799
v -0.764424 -0.464518 0.180798
v -0.838124 -0.385148 0.417099
v -0.708324 -0.464518 0.409100
v -0.752125 -0.385148 0.545998
v -0.564924 -0.520248 0.294899
v -0.408725 -0.582398 0.209999
v -0.635625 -0.464518 0.511700
v -0.636724 -0.385148 0.651897
v -0.533025 -0.520248 0.382599
v -0.401324 -0.582398 0.283199
v -0.319924 -0.658948 0.210197
v -0.538025 -0.464518 0.597298
v -0.499425 -0.385148 0.724899
v -0.422025 -0.464518 0.659897
v -0.478225 -0.520248 0.462299
v -0.404724 -0.520248 0.530197
v -0.317325 -0.520248 0.582798
v -0.290625 -0.464518 0.698898
v -0.378625 -0.582398 0.353100
v -0.339624 -0.582398 0.416698
v -0.287325 -0.582398 0.472099
v -0.218314 -0.520248 0.618198
v -0.146685 -0.464518 0.716396
v -0.225135 -0.582398 0.517098
v -0.109944 -0.520248 0.635998
v 0.003776 -0.464518 0.719898
v -0.154695 -0.582398 0.549297
v 0.003355 -0.520248 0.640297
v -0.077595 -0.582398 0.566998
v -0.176085 -0.658948 0.450699
v -0.120914 -0.658948 0.475998
v -0.060534 -0.658948 0.489800
v -0.224805 -0.658948 0.415497
v -0.190715 -0.766458 0.384598
v -0.265724 -0.658948 0.372097
v -0.296325 -0.658948 0.322300
v -0.225505 -0.766458 0.347797
v -0.314124 -0.658948 0.267498
v -0.251425 -0.766458 0.305500
v -0.266524 -0.766458 0.258999
v -0.271424 -0.766458 0.210297
v -0.197655 -0.839668 0.210400
v -0.194064 -0.839668 0.245899
v -0.183044 -0.839668 0.279797
v -0.164145 -0.839668 0.310597
v -0.138775 -0.839668 0.337498
v -0.149355 -0.766458 0.414497
v -0.108615 -0.839668 0.359299
v -0.102505 -0.766458 0.435997
v -0.074445 -0.839668 0.374897
v -0.051234 -0.766458 0.447697
v 0.002585 -0.658948 0.493698
v -0.037065 -0.839668 0.383499
v 0.002365 -0.766458 0.450996
v 0.002026 -0.839668 0.385899
v 0.041076 -0.839668 0.383099
v -0.063415 -0.658948 -0.059303
v -0.104835 -0.766458 -0.007400
v -0.123654 -0.658948 -0.046204
v -0.110154 -0.839668 0.064900
v -0.151475 -0.766458 0.010799
v -0.140095 -0.839668 0.084099
v 0.001105 -0.883598 0.210899
v -0.192534 -0.766458 0.037197
v -0.000745 -0.590398 -0.140003
v -0.000344 -0.658948 -0.063900
v 0.062776 -0.658948 -0.059902
v -0.081275 -0.588148 -0.134102
v 0.079855 -0.588148 -0.134903
v 0.123156 -0.658948 -0.047501
v -0.000995 -0.544618 -0.189003
v -0.178584 -0.658948 -0.024803
v -0.158195 -0.584398 -0.117401
v -0.115105 -0.537668 -0.182903
v -0.228325 -0.582648 -0.090103
v -0.223695 -0.526158 -0.168800
v -0.226934 -0.658948 0.006298
v -0.322824 -0.520768 -0.149101
v -0.290025 -0.582398 -0.050404
v -0.267425 -0.658948 0.047997
v -0.226925 -0.766458 0.072498
v -0.341825 -0.582398 0.002800
v -0.165174 -0.839668 0.109898
v -0.183744 -0.839668 0.140797
v -0.297424 -0.658948 0.097797
v -0.252424 -0.766458 0.114899
v -0.194414 -0.839668 0.174797
v -0.197655 -0.839668 0.210400
v -0.271424 -0.766458 0.210297
v -0.267025 -0.766458 0.161499
v -0.319924 -0.658948 0.210197
v -0.314625 -0.658948 0.152798
v -0.408725 -0.582398 0.209999
v -0.380025 -0.582398 0.066498
v -0.402124 -0.582398 0.136597
v -0.565825 -0.520248 0.111897
v -0.575225 -0.520248 0.203297
v -0.764424 -0.464518 0.180798
v -0.535125 -0.520248 0.024799
v -0.752225 -0.464518 0.067200
v -0.904525 -0.385148 0.136597
v -0.713525 -0.464518 -0.037601
v -0.890824 -0.385148 0.002800
v -0.989724 -0.288678 0.093098
v -0.482525 -0.520068 -0.053303
v -0.650925 -0.463618 -0.128902
v -0.975325 -0.288678 -0.055202
v -1.030325 -0.188328 0.072697
v -0.849825 -0.385148 -0.113102
v -0.788525 -0.384198 -0.203201
v -0.935024 -0.288678 -0.176804
v -1.015625 -0.188328 -0.082802
v -1.036325 -0.087278 0.068798
v -1.021625 -0.087278 -0.087704
v -0.998124 0.012072 -0.080803
v -0.975724 -0.188328 -0.207302
v -0.877725 -0.288488 -0.261303
v -0.959024 0.012072 -0.203300
v -0.891025 0.100572 -0.171402
v -0.981825 -0.087278 -0.212502
v -0.838525 0.099692 -0.254402
v -0.770724 0.173622 -0.112003
v -0.905225 0.011602 -0.283802
v -0.920324 -0.188478 -0.289303
v -0.927125 -0.087508 -0.293903
v -0.872424 -0.089148 -0.343002
v -0.850724 0.008272 -0.334103
v -0.864024 -0.189568 -0.339603
v -0.831224 -0.091848 -0.375103
v -0.358225 0.100572 0.806099
v -0.180775 0.100572 0.825699
v -0.311225 0.173622 0.778099
v -0.454525 0.173622 0.730297
v -0.520925 0.100572 0.760899
v 0.271835 0.251712 0.744999
v 0.164776 0.173622 0.802597
v 0.319366 0.173622 0.774696
v 0.394985 0.251712 0.693600
v 0.004355 0.100572 0.829399
v 0.189435 0.100572 0.823700
v 0.004445 0.012072 0.847698
v 0.462126 0.173622 0.725399
v 0.501955 0.251712 0.621197
v 0.366675 0.100572 0.802299
v 0.586905 0.173622 0.647900
v 0.586335 0.251712 0.524696
v 0.528886 0.100572 0.755398
v 0.203485 0.012072 0.843597
v 0.393705 0.012072 0.824596
v 0.671366 0.100572 0.672997
v 0.688215 0.173622 0.538097
v 0.648986 0.251712 0.411999
v 0.567215 0.012072 0.777798
v 0.763335 0.173622 0.406799
v 0.690906 0.251712 0.292198
v 0.789585 0.100572 0.550098
v 0.810125 0.173622 0.266998
v 0.706165 0.251712 0.170696
v 0.825875 0.173622 0.127197
v 0.877155 0.100572 0.400398
v 0.928716 0.100572 0.240799
v 0.944896 0.100572 0.082996
v 0.942136 0.012072 0.401096
v 0.996655 0.012072 0.230198
v 1.013275 0.012072 0.061897
v 1.020076 -0.087278 0.229897
v 1.036985 -0.087278 0.057899
v 1.031026 -0.188328 0.061798
v 0.964375 -0.087278 0.404499
v 1.014205 -0.188328 0.232300
v 0.990636 -0.288678 0.082699
v 0.847586 0.012072 0.561298
v 0.974465 -0.288678 0.243599
v 0.905915 -0.385148 0.127098
v 0.958836 -0.188328 0.405098
v 0.719895 0.012072 0.691998
v 0.867536 -0.087278 0.568199
v 0.862545 -0.188328 0.566998
v 0.736735 -0.087278 0.701599
v 0.732486 -0.188328 0.699097
v 0.580485 -0.087278 0.789200
v 0.402975 -0.087278 0.836800
v 0.577146 -0.188328 0.786198
v 0.828726 -0.288678 0.557198
v 0.703755 -0.288678 0.681198
v 0.921255 -0.288678 0.405697
v 0.757806 -0.385148 0.537998
v 0.891135 -0.385148 0.268299
v 0.766246 -0.464518 0.172798
v 0.842456 -0.385148 0.408299
v 0.753756 -0.464518 0.288799
v 0.577326 -0.520248 0.197300
v 0.712585 -0.464518 0.401600
v 0.567945 -0.520248 0.288998
v 0.410935 -0.582398 0.205597
v 0.640965 -0.464518 0.504997
v 0.643505 -0.385148 0.645199
v 0.554505 -0.288678 0.764099
v 0.544295 -0.464518 0.591698
v 0.507046 -0.385148 0.719597
v 0.400656 -0.188328 0.833698
v 0.384955 -0.288678 0.810398
v 0.208285 -0.087278 0.855797
v 0.207095 -0.188328 0.852898
v 0.004516 -0.087278 0.859798
v 0.199005 -0.288678 0.829498
v 0.352045 -0.385148 0.763397
v 0.004496 -0.188328 0.856899
v 0.182055 -0.385148 0.782497
v 0.428915 -0.464518 0.655399
v 0.297895 -0.464518 0.695797
v 0.004375 -0.288678 0.833698
v 0.154196 -0.464518 0.714897
v 0.004126 -0.385148 0.787098
v -0.173835 -0.385148 0.784397
v -0.190294 -0.288678 0.831596
v -0.198134 -0.188328 0.855000
v -0.344025 -0.385148 0.766998
v -0.376425 -0.288678 0.814400
v -0.199295 -0.087278 0.857998
v -0.391925 -0.188328 0.837898
v -0.546425 -0.288678 0.769897
v -0.194625 0.012072 0.845699
v -0.385025 0.012072 0.828697
v -0.394125 -0.087278 0.841000
v -0.559025 0.012072 0.783798
v -0.664225 0.100572 0.679996
v -0.568825 -0.188328 0.792198
v -0.572124 -0.087278 0.795300
v -0.712625 0.012072 0.699497
v -0.841624 0.012072 0.570198
v -0.729324 -0.087278 0.709297
v -0.861525 -0.087278 0.577297
v -0.960125 -0.087278 0.414597
v -0.725124 -0.188328 0.706799
v -0.856524 -0.188328 0.576099
v -0.954525 -0.188328 0.415096
v -1.011724 -0.188328 0.242897
v -0.822824 -0.288678 0.565899
v -0.696525 -0.288678 0.688499
v -0.916924 -0.288678 0.415398
v -0.971825 -0.288678 0.253799
v -0.989724 -0.288678 0.093098
v -0.904525 -0.385148 0.136597
v -0.888225 -0.385148 0.277599
v 0.706165 0.251712 0.170696
v 0.615665 0.354022 0.080799
v 0.631235 0.354022 0.189796
v 0.690016 0.251712 0.051899
v 0.825875 0.173622 0.127197
v 0.522956 0.469782 -0.002300
v 0.576486 0.354072 -0.024902
v 0.809815 0.173622 -0.004902
v 0.944896 0.100572 0.082996
v 0.649486 0.251712 -0.059402
v 0.471335 0.470552 -0.092503
v 0.407155 0.581572 -0.051201
v 0.929006 0.100572 -0.062202
v 1.013275 0.012072 0.061897
v 0.769506 0.173622 -0.120102
v 0.997195 0.012072 -0.091301
v 1.036985 -0.087278 0.057899
v 0.889126 0.100572 -0.180801
v 0.835825 0.099692 -0.263203
v 0.956805 0.012072 -0.213402
v 1.020656 -0.087278 -0.098503
v 1.014735 -0.188328 -0.093502
v 1.031026 -0.188328 0.061798
v 0.979526 -0.087278 -0.222801
v 0.973455 -0.188328 -0.217503
v 0.974706 -0.288678 -0.065502
v 0.990636 -0.288678 0.082699
v 0.933146 -0.288678 -0.186604
v 0.902185 0.011602 -0.293301
v 0.923945 -0.087508 -0.303600
v 0.890756 -0.385148 -0.006500
v 0.905915 -0.385148 0.127098
v 0.848545 -0.385148 -0.122002
v 0.752846 -0.464518 0.059300
v 0.766246 -0.464518 0.172798
v 0.713105 -0.464518 -0.045101
v 0.786366 -0.384198 -0.211502
v 0.566965 -0.520248 0.105900
v 0.577326 -0.520248 0.197300
v 0.410935 -0.582398 0.205597
v 0.535365 -0.520248 0.019199
v 0.403485 -0.582398 0.132397
v 0.316245 -0.658948 0.149498
v 0.322076 -0.658948 0.206799
v 0.380735 -0.582398 0.062500
v 0.649506 -0.463618 -0.135700
v 0.481885 -0.520068 -0.058403
v 0.268696 -0.766458 0.158699
v 0.273645 -0.766458 0.207398
v 0.298426 -0.658948 0.094700
v 0.253575 -0.766458 0.112198
v 0.196236 -0.839668 0.172798
v 0.199845 -0.839668 0.208298
v 0.185205 -0.839668 0.138798
v 0.227666 -0.766458 0.070099
v 0.166315 -0.839668 0.108196
v 0.192905 -0.766458 0.035099
v 0.267916 -0.658948 0.045097
v 0.341776 -0.582398 -0.000801
v 0.140965 -0.839668 0.082600
v 0.226985 -0.658948 0.003899
v 0.289515 -0.582398 -0.053402
v 0.410476 -0.519538 -0.119102
v 0.577275 -0.453328 -0.222900
v 0.321236 -0.520768 -0.152500
v 0.227355 -0.582648 -0.092503
v 0.178306 -0.658948 -0.026703
v 0.732555 -0.375958 -0.280102
v 0.434055 -0.464578 -0.238602
v 0.151566 -0.766458 0.009197
v 0.110826 -0.839668 0.063698
v 0.104746 -0.766458 -0.008503
v 0.076675 -0.839668 0.050797
v 0.053475 -0.766458 -0.019100
v 0.039295 -0.839668 0.043099
v -0.000125 -0.766458 -0.022503
v 0.000205 -0.839668 0.040600
v -0.038844 -0.839668 0.043499
v -0.053684 -0.766458 -0.018501
v -0.076144 -0.839668 0.051598
v 0.422855 0.307302 -0.379303
v 0.411196 0.278732 -0.399601
v 0.377026 0.312572 -0.394001
v 0.427256 0.287892 -0.388104
v 0.431926 0.253872 -0.398201
v 0.451116 0.300912 -0.364803
v 0.447796 0.274642 -0.381302
v 0.444096 0.327762 -0.350601
v 0.473266 0.292052 -0.346802
v 0.467885 0.257592 -0.368801
v 0.463005 0.327562 -0.328503
v 0.486606 0.281642 -0.327103
v 0.438715 0.358742 -0.316700
v 0.474476 0.323232 -0.305702
v 0.424665 0.324962 -0.366802
v 0.425145 0.351032 -0.342201
v 0.407085 0.337732 -0.365601
v 0.399325 0.368192 -0.339104
v 0.404036 0.380812 -0.313202
v 0.393425 0.353182 -0.358704
v 0.364295 0.390452 -0.318604
v 0.369226 0.374862 -0.343700
v 0.373136 0.352202 -0.366501
v 0.351826 0.356012 -0.368603
v 0.340885 0.342232 -0.381401
v 0.339705 0.372252 -0.353302
v 0.325525 0.386152 -0.332001
v 0.316106 0.358452 -0.368301
v 0.358886 0.396982 -0.294102
v 0.255116 0.705932 0.407398
v 0.181425 0.739662 0.347298
v 0.310676 0.648192 0.460697
v 0.274526 0.716732 0.339100
v 0.220526 0.471702 0.663498
v 0.334636 0.663952 0.407898
v 0.409736 0.581572 0.438499
v 0.367075 0.667012 0.340698
v 0.352916 0.581572 0.503899
v 0.320195 0.471652 0.618198
v 0.474336 0.470552 0.479099
v 0.406526 0.471312 0.557499
v 0.242485 0.354302 0.712498
v 0.124825 0.354302 0.747700
v 0.352996 0.354302 0.662197
v 0.004155 0.251712 0.792000
v 0.140016 0.251712 0.778896
v 0.448675 0.354262 0.594597
v 0.523066 0.354162 0.507298
v 0.578385 0.354072 0.406399
v 0.525016 0.469782 0.388397
v 0.616765 0.354022 0.299297
v 0.453916 0.580352 0.361298
v 0.559826 0.469452 0.291798
v 0.631235 0.354022 0.189796
v 0.572805 0.469402 0.192799
v 0.483416 0.579572 0.278500
v 0.493916 0.579472 0.193199
v 0.396775 0.667272 0.193699
v 0.389365 0.667112 0.268398
v 0.292596 0.721132 0.194298
v 0.288296 0.720182 0.267799
v 0.189566 0.749342 0.194797
v 0.187765 0.747292 0.271698
v 0.093145 0.763362 0.195297
v 0.092775 0.760282 0.273998
v 0.001025 0.767482 0.195797
v 0.001435 0.763942 0.274799
v -0.089905 0.760282 0.274998
v -0.091105 0.763362 0.196297
v -0.087085 0.749692 0.353897
v -0.184904 0.747292 0.273697
v -0.187514 0.749342 0.196796
v -0.177774 0.739662 0.349197
v -0.168344 0.721192 0.423599
v -0.285524 0.720182 0.270798
v -0.290524 0.721132 0.197300
v -0.270925 0.716732 0.341999
v -0.250825 0.705932 0.410099
v -0.245825 0.667432 0.479797
v -0.305824 0.648192 0.463997
v -0.330324 0.663952 0.411400
v -0.363524 0.667012 0.344498
v -0.405125 0.581572 0.442799
v -0.347625 0.581572 0.507599
v -0.313725 0.471652 0.621498
v -0.386524 0.667112 0.272499
v -0.394725 0.667272 0.197899
v -0.450125 0.580352 0.366096
v -0.480425 0.579572 0.283600
v -0.491824 0.579472 0.198399
v -0.570724 0.469402 0.198799
v -0.556725 0.469452 0.297699
v -0.629225 0.354022 0.196400
v -0.520925 0.469782 0.393898
v -0.613625 0.354022 0.305798
v -0.687824 0.251712 0.299396
v -0.704325 0.251712 0.178097
v -0.574124 0.354072 0.412399
v -0.469324 0.470552 0.484096
v -0.644625 0.251712 0.418797
v -0.517725 0.354162 0.512699
v -0.400624 0.471312 0.561699
v -0.759025 0.173622 0.414799
v -0.807324 0.173622 0.275497
v -0.824525 0.173622 0.135899
v -0.926125 0.100572 0.250500
v -0.944025 0.100572 0.092899
v -0.872925 0.100572 0.409599
v -0.937924 0.012072 0.410999
v -0.994225 0.012072 0.240700
v -1.012625 0.012072 0.072598
v -1.017625 -0.087278 0.240597
v -1.036325 -0.087278 0.068798
v -1.030325 -0.188328 0.072697
v -0.783725 0.100572 0.558399
v -0.682525 0.173622 0.545300
v -0.580825 0.251712 0.530899
v -0.580125 0.173622 0.654099
v -0.442425 0.354262 0.599297
v -0.495424 0.251712 0.626400
v -0.346025 0.354302 0.665897
v -0.387725 0.251712 0.697800
v -0.264025 0.251712 0.747799
v -0.234995 0.354302 0.714996
v -0.131835 0.251712 0.780399
v -0.156344 0.173622 0.804298
v 0.004266 0.173622 0.811996
v -0.367624 0.390452 -0.314701
v -0.407325 0.380812 -0.309002
v -0.361924 0.396982 -0.290302
v -0.329024 0.386152 -0.328503
v -0.402824 0.368192 -0.334904
v -0.408424 0.385582 -0.283604
v -0.343425 0.372252 -0.349701
v -0.442024 0.358742 -0.312103
v -0.372825 0.374862 -0.339802
v -0.355724 0.356012 -0.364903
v -0.344925 0.342232 -0.377800
v -0.376925 0.352202 -0.362503
v -0.397224 0.353182 -0.354504
v -0.381124 0.312572 -0.390003
v -0.410925 0.337732 -0.361301
v -0.428724 0.351032 -0.337704
v -0.428525 0.324962 -0.362301
v -0.447724 0.327762 -0.346001
v -0.426825 0.307302 -0.374901
v -0.821324 -0.287118 -0.317100
v -0.819425 -0.190918 -0.373001
v -0.735425 -0.375958 -0.272404
v -0.775524 -0.285608 -0.355701
v -0.788224 -0.183398 -0.397800
v -0.579624 -0.453328 -0.216801
v -0.720525 -0.354448 -0.320400
v -0.710625 -0.285488 -0.389900
v -0.642025 -0.378428 -0.319500
v -0.411725 -0.519538 -0.114803
v -0.436524 -0.464578 -0.234001
v -0.523925 -0.387738 -0.331100
v -0.572925 -0.311698 -0.413303
v -0.570524 -0.263918 -0.460003
v -0.305525 -0.473798 -0.248203
v -0.377324 -0.398048 -0.350903
v -0.413924 -0.323528 -0.441002
v -0.158685 -0.494638 -0.262703
v -0.198885 -0.425508 -0.371803
v -0.218715 -0.349758 -0.463402
v -0.401125 -0.278308 -0.486401
v -0.001425 -0.507538 -0.270401
v -0.002014 -0.443068 -0.382301
v -0.002484 -0.366458 -0.473003
v 0.113175 -0.537668 -0.184101
v 0.155906 -0.494638 -0.264400
v 0.156945 -0.584398 -0.119003
v 0.221895 -0.526158 -0.171101
v 0.302845 -0.473798 -0.251400
v 0.194965 -0.425508 -0.373901
v -0.809825 0.173622 0.003597
v -0.650125 0.251712 -0.052601
v -0.929625 0.100572 -0.052403
v -0.944025 0.100572 0.092899
v -0.824525 0.173622 0.135899
v -1.012625 0.012072 0.072598
v -0.689425 0.251712 0.059097
v -0.704325 0.251712 0.178097
v -0.614824 0.354022 0.087299
v -0.629225 0.354022 0.196400
v -0.576725 0.354072 -0.018803
v -0.557725 0.469452 0.099796
v -0.570724 0.469402 0.198799
v -0.522924 0.469782 0.003197
v -0.522325 0.353442 -0.118603
v -0.472324 0.470552 -0.087502
v -0.407724 0.581572 -0.047001
v -0.451824 0.580352 0.030197
v -0.481324 0.579572 0.113098
v -0.491824 0.579472 0.198399
v -0.394725 0.667272 0.197899
v -0.387324 0.667112 0.123199
v -0.290524 0.721132 0.197300
v -0.365025 0.667012 0.050899
v -0.286224 0.720182 0.123798
v -0.187514 0.749342 0.196796
v -0.332624 0.663952 -0.016300
v -0.185715 0.747292 0.119900
v -0.091105 0.763362 0.196297
v -0.272525 0.716732 0.052399
v -0.090734 0.760282 0.117496
v 0.001025 0.767482 0.195797
v -0.179375 0.739662 0.044197
v -0.253024 0.705932 -0.015904
v -0.308624 0.648192 -0.069202
v -0.170725 0.721192 -0.030300
v -0.248725 0.667432 -0.085602
v -0.350824 0.581572 -0.112301
v -0.277425 0.584642 -0.159802
v -0.171804 0.674342 -0.109600
v -0.088744 0.749692 0.038597
v -0.086104 0.726882 -0.041802
v 0.000606 0.763942 0.116798
v 0.000185 0.752292 0.036697
v 0.091955 0.760282 0.116600
v 0.093145 0.763362 0.195297
v 0.089135 0.749692 0.037598
v -0.000244 0.728262 -0.046204
v 0.085655 0.726882 -0.042702
v -0.088044 0.676202 -0.128502
v 0.186955 0.747292 0.117897
v 0.189566 0.749342 0.194797
v 0.179815 0.739662 0.042297
v 0.170385 0.721192 -0.032002
v 0.287525 0.720182 0.120800
v 0.292596 0.721132 0.194298
v 0.273005 0.716732 0.049599
v 0.252875 0.705932 -0.018501
v 0.388576 0.667112 0.119099
v 0.396775 0.667272 0.193699
v 0.365536 0.667012 0.047100
v 0.332396 0.663952 -0.019802
v 0.482526 0.579572 0.107998
v 0.493916 0.579472 0.193199
v 0.572805 0.469402 0.192799
v 0.452146 0.580352 0.025497
v 0.558785 0.469452 0.093899
v -0.466425 0.327562 -0.323601
v -0.454925 0.300912 -0.360104
v -0.476925 0.292052 -0.341801
v -0.477625 0.323232 -0.300701
v -0.490025 0.281642 -0.322002
v -0.449124 0.359812 -0.287102
v -0.448225 0.353122 -0.266701
v -0.451824 0.274642 -0.376503
v -0.405424 0.380212 -0.262901
v -0.388325 0.343082 -0.229401
v -0.431325 0.287892 -0.383602
v -0.426024 0.319222 -0.232700
v -0.478125 0.314682 -0.280903
v -0.452425 0.285352 -0.245300
v -0.491124 0.270972 -0.303303
v -0.463924 0.246842 -0.265003
v -0.458224 0.209502 -0.288902
v -0.356524 0.392192 -0.270000
v -0.345325 0.353632 -0.235603
v -0.303425 0.348872 -0.250603
v -0.309025 0.386782 -0.287003
v -0.269025 0.329932 -0.272003
v -0.316725 0.391832 -0.306503
v -0.269924 0.365282 -0.311302
v -0.245524 0.330552 -0.339104
v -0.247524 0.299332 -0.296501
v -0.279525 0.371382 -0.329601
v -0.297324 0.368612 -0.348301
v -0.319924 0.358452 -0.364903
v -0.304225 0.337552 -0.381901
v -0.328324 0.331802 -0.387302
v -0.277325 0.340452 -0.370903
v -0.301125 0.311412 -0.398502
v -0.333425 0.313672 -0.398201
v -0.256325 0.338332 -0.356102
v -0.272224 0.306012 -0.393002
v -0.331124 0.294732 -0.408703
v -0.239024 0.288172 -0.366303
v -0.241824 0.261992 -0.320503
v -0.253224 0.223482 -0.340202
v -0.308225 0.284432 -0.412403
v -0.349324 0.283242 -0.411800
v -0.327325 0.261292 -0.420902
v -0.282624 0.270492 -0.411102
v -0.307124 0.239322 -0.422703
v -0.250125 0.298002 -0.382000
v -0.262525 0.256412 -0.403202
v -0.252025 0.244452 -0.388702
v -0.291024 0.219832 -0.416801
v -0.282024 0.206012 -0.403004
v -0.279625 0.189612 -0.352802
v -0.317325 0.165752 -0.356102
v -0.324824 0.178922 -0.406700
v -0.360325 0.155202 -0.349903
v -0.331724 0.194062 -0.420403
v -0.373625 0.166942 -0.399700
v -0.421124 0.172352 -0.382603
v -0.402225 0.159962 -0.334801
v -0.378224 0.182662 -0.413700
v -0.341825 0.217242 -0.425800
v -0.423425 0.187812 -0.397404
v -0.381525 0.207612 -0.420002
v -0.353125 0.244002 -0.423603
v -0.362425 0.266512 -0.416401
v -0.383224 0.237452 -0.418903
v -0.383325 0.268772 -0.410603
v -0.415424 0.278732 -0.395302
v -0.403925 0.263682 -0.406002
v -0.436125 0.253872 -0.393703
v -0.412624 0.239952 -0.408703
v -0.471725 0.257592 -0.363903
v -0.451824 0.229452 -0.386501
v -0.483825 0.241312 -0.347900
v -0.420125 0.211892 -0.406200
v -0.460625 0.208262 -0.374401
v -0.484725 0.228582 -0.330502
v -0.436725 0.178902 -0.313503
v -0.460224 0.193852 -0.358402
v 0.373595 -0.398048 -0.354900
v 0.520366 -0.387738 -0.336601
v 0.213825 -0.349758 -0.465603
v 0.409225 -0.323528 -0.445400
v 0.638665 -0.378428 -0.326302
v 0.568545 -0.311698 -0.419300
v 0.565616 -0.263918 -0.465900
v 0.706466 -0.285488 -0.397301
v 0.717126 -0.354448 -0.327900
v 0.771755 -0.285608 -0.363903
v 0.817905 -0.287118 -0.325802
v 0.783965 -0.183398 -0.406101
v 0.815465 -0.190918 -0.381603
v 0.874966 -0.288488 -0.270500
v 0.860425 -0.189568 -0.348701
v 0.917186 -0.188478 -0.299004
v 0.827255 -0.091848 -0.383801
v 0.868806 -0.089148 -0.352203
v 0.847116 0.008272 -0.343002
v 0.800945 -0.088318 -0.406303
v 0.803326 0.000992 -0.377602
v 0.784836 0.093492 -0.318901
v 0.716545 0.171842 -0.211601
v 0.675666 0.159282 -0.282902
v 0.593555 0.248592 -0.160603
v 0.521066 0.353442 -0.124104
v 0.745945 0.080272 -0.358704
v 0.772205 -0.004938 -0.402901
v 0.676405 0.133112 -0.329403
v 0.710425 0.067672 -0.384403
v 0.630666 0.133112 -0.340900
v 0.528316 0.215552 -0.271400
v 0.625225 0.105972 -0.370701
v 0.446666 0.351062 -0.211201
v 0.559405 0.121972 -0.369602
v 0.402705 0.471312 -0.170101
v 0.388556 0.236102 -0.326901
v 0.349666 0.581572 -0.116001
v 0.348286 0.352162 -0.276901
v 0.315736 0.471652 -0.229900
v 0.307876 0.648192 -0.072403
v 0.275685 0.584642 -0.162701
v 0.247835 0.667432 -0.088203
v 0.170635 0.674342 -0.111401
v 0.215606 0.471702 -0.274200
v 0.086676 0.676202 -0.129402
v 0.189686 0.585822 -0.198002
v -0.000725 0.676652 -0.136200
v 0.096095 0.586052 -0.223301
v 0.108516 0.471702 -0.305203
v -0.001225 0.586112 -0.232903
v -0.098445 0.586052 -0.222302
v -0.001664 0.471702 -0.316902
v 0.293615 0.368612 -0.351402
v 0.324235 0.331802 -0.390801
v 0.300176 0.337552 -0.385002
v 0.329226 0.313672 -0.401703
v 0.296906 0.311412 -0.401703
v 0.273445 0.340452 -0.373802
v 0.313496 0.391832 -0.309803
v 0.276035 0.371382 -0.332500
v 0.268075 0.306012 -0.395802
v 0.266625 0.365282 -0.314102
v 0.252525 0.338332 -0.358704
v 0.241905 0.330552 -0.341702
v 0.266126 0.329932 -0.274803
v 0.305985 0.386782 -0.290302
v 0.244355 0.299332 -0.299103
v 0.300805 0.348872 -0.253803
v 0.235155 0.288172 -0.368801
v 0.238405 0.261992 -0.323002
v 0.249636 0.223482 -0.342800
v 0.353696 0.392192 -0.273701
v 0.342835 0.353632 -0.239201
v 0.385925 0.343082 -0.233501
v 0.402616 0.380212 -0.267200
v 0.405425 0.385582 -0.287903
v 0.445365 0.353122 -0.271400
v 0.423595 0.319222 -0.237202
v 0.446105 0.359812 -0.291801
v 0.475176 0.314682 -0.286003
v 0.449856 0.285352 -0.250000
v 0.487935 0.270972 -0.308403
v 0.461096 0.246842 -0.269802
v 0.455146 0.209502 -0.293701
v 0.480186 0.241312 -0.352901
v 0.481175 0.228582 -0.335602
v 0.433375 0.178902 -0.318100
v 0.456466 0.193852 -0.363201
v 0.398695 0.159962 -0.339001
v 0.456665 0.208262 -0.379200
v 0.447725 0.229452 -0.391201
v 0.417095 0.172352 -0.387001
v 0.356666 0.155202 -0.353603
v 0.415815 0.211892 -0.410603
v 0.408265 0.239952 -0.413002
v 0.399666 0.263682 -0.410301
v 0.377046 0.207612 -0.424004
v 0.419215 0.187812 -0.401901
v 0.378805 0.237452 -0.422901
v 0.378945 0.268772 -0.414600
v 0.344995 0.283242 -0.415401
v 0.358055 0.266512 -0.420200
v 0.348645 0.244002 -0.427200
v 0.322875 0.261292 -0.424301
v 0.326816 0.294732 -0.412102
v 0.303875 0.284432 -0.415703
v 0.302626 0.239322 -0.425903
v 0.278325 0.270492 -0.414101
v 0.246096 0.298002 -0.384602
v 0.258225 0.256412 -0.406002
v 0.247906 0.244452 -0.391300
v 0.286595 0.219832 -0.419804
v 0.277725 0.206012 -0.405903
v 0.275906 0.189612 -0.355701
v 0.313565 0.165752 -0.359402
v 0.320476 0.178922 -0.410103
v 0.327275 0.194062 -0.423801
v 0.337296 0.217242 -0.429302
v 0.369395 0.166942 -0.403603
v 0.373816 0.182662 -0.417603
v -0.191765 0.585822 -0.196003
v -0.111725 0.471702 -0.304001
v -0.218485 0.471702 -0.271900
v -0.318125 0.471652 -0.226601
v -0.001955 0.354222 -0.371601
v -0.122684 0.353792 -0.357803
v 0.118916 0.353792 -0.359100
v -0.002174 0.251062 -0.412201
v -0.240225 0.353022 -0.322903
v -0.137204 0.247572 -0.400703
v 0.236795 0.353022 -0.325401
v 0.132985 0.247572 -0.402103
v 0.264086 0.241442 -0.372501
v -0.002395 0.174472 -0.455402
v 0.155275 0.163972 -0.452301
v 0.306596 0.145522 -0.434902
v 0.445035 0.133532 -0.399601
v 0.344255 0.070872 -0.493103
v 0.498216 0.051282 -0.465103
v 0.175005 0.102092 -0.498100
v -0.002604 0.119842 -0.494102
v 0.641755 0.034892 -0.434803
v -0.160025 0.163972 -0.450603
v -0.268024 0.241442 -0.369701
v -0.180235 0.102092 -0.496201
v -0.351225 0.352162 -0.273201
v -0.311125 0.145522 -0.431702
v -0.391925 0.236102 -0.322804
v -0.404525 0.471312 -0.165901
v -0.448825 0.351062 -0.206501
v -0.595224 0.248592 -0.154404
v -0.531124 0.215552 -0.265801
v -0.718724 0.171842 -0.204102
v -0.678624 0.159282 -0.275803
v -0.788125 0.093492 -0.310600
v -0.807224 0.000992 -0.369202
v -0.749724 0.080272 -0.350903
v -0.679825 0.133112 -0.322201
v -0.805224 -0.088318 -0.397800
v -0.776424 -0.004938 -0.394802
v -0.714424 0.067672 -0.376904
v -0.634225 0.133112 -0.334301
v -0.774224 -0.156268 -0.418800
v -0.629125 0.105972 -0.364101
v -0.563225 0.121972 -0.363701
v -0.449224 0.133532 -0.394901
v -0.692924 0.051812 -0.400402
v -0.646324 0.034892 -0.428101
v -0.503124 0.051282 -0.459904
v -0.349424 0.070872 -0.489403
v -0.758124 -0.006908 -0.415203
v -0.741725 -0.011888 -0.430202
v -0.791024 -0.073598 -0.415901
v -0.777225 -0.059008 -0.428501
v -0.760725 -0.126988 -0.432602
v -0.683925 -0.193118 -0.449902
v -0.737024 -0.109108 -0.434902
v -0.756624 -0.056698 -0.430702
v -0.726524 -0.027758 -0.434601
v -0.747424 -0.065918 -0.405300
v -0.700725 -0.229608 -0.431801
v -0.544425 -0.232678 -0.481300
v -0.659225 -0.165108 -0.453800
v -0.369024 -0.250398 -0.501701
v -0.721725 -0.108018 -0.409203
v -0.520624 -0.203038 -0.487801
v -0.640224 -0.153888 -0.427303
v -0.349324 -0.224508 -0.504402
v -0.207794 -0.293588 -0.495701
v -0.186194 -0.257058 -0.491703
v -0.002615 -0.301948 -0.496403
v 0.202565 -0.293588 -0.497902
v -0.002524 -0.258308 -0.479801
v -0.174965 -0.235938 -0.479900
v 0.181005 -0.257058 -0.493603
v -0.002415 -0.239498 -0.458702
v -0.503325 -0.187148 -0.461002
v -0.337125 -0.212288 -0.476501
v -0.487525 -0.195378 -0.380302
v -0.168705 -0.235118 -0.449100
v -0.319425 -0.223018 -0.395901
v -0.002245 -0.245778 -0.426102
v -0.632825 -0.164778 -0.352501
v -0.157294 -0.253808 -0.379600
v -0.450925 -0.203808 -0.245800
v -0.287024 -0.229748 -0.261002
v -0.598925 -0.176138 -0.225700
v -0.379624 -0.187308 -0.074303
v -0.509725 -0.165998 -0.059803
v -0.697124 -0.138388 -0.216003
v -0.725224 -0.123498 -0.338203
v -0.758425 -0.081788 -0.335403
v -0.734124 -0.095848 -0.214302
v -0.597725 -0.136318 -0.054203
v -0.633024 -0.101258 -0.056400
v -0.605525 -0.066488 -0.054100
v -0.536525 -0.101418 0.053200
v -0.490125 -0.120488 0.080399
v -0.417524 -0.137958 0.080997
v -0.494724 -0.082008 0.080399
v -0.442425 -0.100948 0.128597
v -0.312224 -0.150298 0.069397
v -0.384624 -0.101848 0.132198
v -0.426524 -0.066598 0.080997
v 0.743155 -0.065918 -0.413200
v 0.732375 -0.109108 -0.442703
v 0.717356 -0.108018 -0.416702
v 0.721895 -0.027758 -0.442204
v 0.642096 -0.013168 -0.458401
v 0.514826 -0.001058 -0.492203
v 0.640515 -0.033338 -0.434002
v 0.512055 -0.022598 -0.468304
v 0.356606 0.022062 -0.519703
v 0.717996 -0.043418 -0.416702
v 0.181095 0.060302 -0.520000
v 0.350915 0.002592 -0.496002
v 0.337075 0.009412 -0.410103
v -0.002694 0.082042 -0.512901
v 0.176736 0.046032 -0.496902
v -0.186564 0.060302 -0.518101
v -0.002575 0.070942 -0.490101
v -0.362024 0.022062 -0.515903
v -0.181954 0.046032 -0.495003
v -0.356125 0.002592 -0.492302
v -0.520024 -0.001058 -0.486702
v -0.516925 -0.022598 -0.462902
v -0.341325 0.009412 -0.406502
v -0.646925 -0.013168 -0.451603
v -0.645024 -0.033338 -0.427303
v -0.508224 -0.018278 -0.381603
v -0.722324 -0.043418 -0.409203
v -0.646925 -0.032298 -0.352402
v -0.732124 -0.051408 -0.338100
v -0.705825 -0.056908 -0.215900
v -0.615825 -0.028598 -0.225601
v -0.524625 -0.040238 -0.059700
v -0.474025 -0.011968 -0.246101
v -0.399924 -0.026308 -0.074303
v -0.310425 0.014552 -0.264603
v -0.258425 -0.008088 -0.087902
v -0.171254 0.059612 -0.410400
v -0.152695 0.064072 -0.269100
v -0.125605 0.025862 -0.092003
v -0.002145 0.088912 -0.407501
v -0.001414 0.093322 -0.268101
v -0.000484 0.046012 -0.091904
v 0.166925 0.059612 -0.412201
v 0.149845 0.064072 -0.270702
v 0.124616 0.025862 -0.093304
v 0.100975 -0.037328 0.054100
v 0.307586 0.014552 -0.267803
v 0.257456 -0.008088 -0.090603
v 0.208836 -0.052198 0.056396
v 0.186296 -0.104808 0.109699
v 0.292675 -0.104318 0.118500
v 0.196666 -0.158508 0.056499
v 0.325115 -0.059758 0.065998
v 0.399096 -0.026308 -0.078503
v 0.471436 -0.011968 -0.251102
v 0.312945 -0.150298 0.066097
v 0.237175 -0.205368 -0.090000
v 0.378845 -0.187308 -0.078300
v 0.385996 -0.101848 0.128098
v 0.418386 -0.137958 0.076599
v 0.509026 -0.165998 -0.065102
v 0.448296 -0.203808 -0.250504
v 0.443726 -0.100948 0.123997
v 0.427385 -0.066598 0.076500
v 0.490935 -0.120488 0.075298
v 0.495485 -0.082008 0.075199
v 0.523966 -0.040238 -0.065201
v 0.604925 -0.066488 -0.060501
v 0.613405 -0.028598 -0.232002
v 0.537015 -0.101418 0.047600
v 0.597136 -0.136318 -0.060402
v 0.632425 -0.101258 -0.063004
v 0.596536 -0.176138 -0.232002
v 0.483516 -0.195378 -0.385403
v 0.694825 -0.138388 -0.223301
v 0.629115 -0.164778 -0.359100
v 0.635715 -0.153888 -0.434002
v 0.721656 -0.123498 -0.345802
v 0.731795 -0.095848 -0.222000
v 0.754855 -0.081788 -0.343304
v 0.703546 -0.056908 -0.223301
v 0.728565 -0.051408 -0.345802
v 0.643186 -0.032298 -0.359203
v 0.504206 -0.018278 -0.386902
v -0.324425 -0.059758 0.069397
v -0.291425 -0.104318 0.121597
v -0.238114 -0.205368 -0.087502
v -0.196074 -0.158508 0.058498
v -0.208244 -0.052198 0.058598
v -0.185144 -0.104808 0.111599
v -0.138214 -0.259688 -0.258602
v -0.113134 -0.223928 -0.090702
v -0.092944 -0.163378 0.055099
v -0.001915 -0.269488 -0.364502
v -0.001334 -0.275128 -0.253403
v -0.000475 -0.233078 -0.090103
v -0.088385 -0.100858 0.108498
v 0.000285 -0.165008 0.055099
v -0.100414 -0.037328 0.055199
v 0.000566 -0.097888 0.108498
v 0.000285 -0.028338 0.055099
v 0.089505 -0.100858 0.107498
v 0.093506 -0.163378 0.054100
v 0.112165 -0.223928 -0.091904
v 0.135486 -0.259688 -0.260002
v 0.153296 -0.253808 -0.381302
v 0.284225 -0.229748 -0.264000
v 0.163976 -0.235118 -0.450901
v 0.315195 -0.223018 -0.399200
v 0.169906 -0.235938 -0.481701
v 0.332075 -0.212288 -0.480003
v 0.343975 -0.224508 -0.508102
v 0.363715 -0.250398 -0.505600
v 0.498425 -0.187148 -0.466301
v 0.515475 -0.203038 -0.493202
v 0.539355 -0.232678 -0.487003
v 0.396006 -0.278308 -0.490601
v 0.654446 -0.165108 -0.460701
v 0.679166 -0.193118 -0.457001
v 0.696125 -0.229608 -0.439102
v 0.769805 -0.156268 -0.426903
v 0.756135 -0.126988 -0.440601
v 0.786575 -0.073598 -0.424202
v 0.772645 -0.059008 -0.436703
v 0.753665 -0.006908 -0.423103
v 0.688625 0.051812 -0.407600
v 0.737125 -0.011888 -0.438004
v 0.752026 -0.056698 -0.438602
vn -0.1656 0.4969 0.8518
vn 0.0079 0.3537 0.9353
vn 0.0079 0.5029 0.8643
vn -0.1659 0.3635 0.9167
vn 0.1733 0.4963 0.8507
vn -0.1336 0.6521 0.7463
vn 0.0078 0.6585 0.7526
vn 0.1421 0.6552 0.7420
vn -0.0000 0.7990 0.6013
vn -0.2513 0.6440 0.7226
vn -0.1023 0.7948 0.5981
vn -0.2912 0.4957 0.8183
vn -0.3695 0.6290 0.6840
vn -0.1961 0.7845 0.5884
vn -0.0000 0.9195 0.3930
vn -0.0789 0.9155 0.3946
vn 0.1101 0.7942 0.5976
vn 0.2587 0.6427 0.7211
vn 0.0789 0.9155 0.3946
vn -0.0000 0.9787 0.2052
vn 0.2036 0.7832 0.5874
vn 0.0787 0.9757 0.2046
vn 0.3695 0.6290 0.6840
vn 0.1738 0.9088 0.3793
vn 0.3228 0.7637 0.5590
vn -0.0000 -0.7303 0.6832
vn 0.1261 -0.5594 0.8193
vn 0.0943 -0.7384 0.6677
vn 0.2829 -0.5266 0.8016
vn 0.1340 -0.5203 0.8434
vn 0.1733 -0.8507 0.4962
vn 0.2676 -0.5667 0.7792
vn 0.2674 -0.8571 0.4403
vn -0.0000 -1.0000 -0.0000
vn 0.4333 -0.5357 0.7248
vn 0.3396 -0.8608 0.3791
vn 0.5605 -0.5447 0.6238
vn 0.4014 -0.8657 0.2991
vn 0.4182 -0.5762 0.7022
vn 0.1969 -0.7640 0.6144
vn 0.0704 -0.7999 0.5960
vn 0.1418 -0.8367 0.5290
vn 0.2920 -0.7970 0.5287
vn 0.2130 -0.8755 0.4338
vn 0.5427 -0.5820 0.6056
vn 0.3710 -0.8209 0.4341
vn 0.2596 -0.9046 0.3382
vn 0.6469 -0.5916 0.4812
vn 0.4252 -0.8425 0.3307
vn 0.2923 -0.9244 0.2449
vn 0.6700 -0.5518 0.4966
vn 0.7309 -0.5973 0.3301
vn 0.4705 -0.8547 0.2196
vn 0.3075 -0.9384 0.1577
vn 0.4944 -0.8632 0.1020
vn 0.7795 -0.6063 0.1575
vn 0.7952 -0.6063 -0.0079
vn 0.7565 -0.5593 0.3389
vn 0.8084 -0.5651 0.1648
vn 0.8247 -0.5655 -0.0078
vn 0.4876 -0.8730 -0.0000
vn 0.4888 -0.8673 0.0946
vn 0.4565 -0.8659 0.2047
vn -0.3139 -0.9495 -0.0000
vn -0.4098 -0.9064 0.1025
vn -0.4025 -0.9154 0.0079
vn -0.6222 -0.7167 0.3151
vn -0.3926 -0.8949 0.2120
vn -0.5457 -0.6960 0.4666
vn -0.3154 -0.9463 0.0710
vn -0.5029 -0.8643 -0.0000
vn -0.3554 -0.8768 0.3238
vn -0.4324 -0.6683 0.6054
vn -0.3075 -0.9384 0.1577
vn -0.4940 -0.8625 0.1098
vn -0.7952 -0.6063 0.0079
vn -0.2910 -0.8573 0.4248
vn -0.2834 -0.6376 0.7164
vn -0.2119 -0.8239 0.5257
vn -0.2917 -0.9226 0.2523
vn -0.2596 -0.9046 0.3382
vn -0.2047 -0.8739 0.4409
vn -0.1258 -0.7860 0.6053
vn -0.4643 -0.8578 0.2204
vn -0.4241 -0.8403 0.3377
vn -0.3629 -0.8205 0.4418
vn -0.1343 -0.8376 0.5294
vn -0.0472 -0.7556 0.6533
vn -0.2908 -0.7937 0.5343
vn -0.0628 -0.8003 0.5963
vn -0.0000 -0.7417 0.6707
vn -0.1893 -0.7652 0.6153
vn -0.0000 -0.7885 0.6151
vn -0.0865 -0.7389 0.6682
vn -0.4094 -0.5747 0.7086
vn -0.2603 -0.5679 0.7808
vn -0.1183 -0.5599 0.8201
vn -0.5345 -0.5817 0.6131
vn -0.5525 -0.5444 0.6311
vn -0.6397 -0.5924 0.4897
vn -0.7253 -0.5992 0.3390
vn -0.6630 -0.5525 0.5052
vn -0.7786 -0.6055 0.1651
vn -0.7544 -0.5579 0.3458
vn -0.8073 -0.5643 0.1724
vn -0.8247 -0.5655 0.0079
vn -0.4876 -0.8730 -0.0000
vn -0.4824 -0.8699 0.1028
vn -0.4496 -0.8675 0.2129
vn -0.4004 -0.8637 0.3062
vn -0.3385 -0.8582 0.3858
vn -0.4244 -0.5345 0.7309
vn -0.2591 -0.8560 0.4474
vn -0.2757 -0.5277 0.8034
vn -0.1657 -0.8518 0.4969
vn -0.1262 -0.5208 0.8443
vn 0.0079 -0.5601 0.8284
vn -0.0710 -0.8511 0.5201
vn 0.0079 -0.5214 0.8533
vn -0.0000 -0.8498 0.5272
vn 0.0788 -0.8506 0.5199
vn -0.1263 -0.5683 -0.8130
vn -0.2441 -0.5196 -0.8188
vn -0.2439 -0.5667 -0.7870
vn -0.2368 -0.8526 -0.4658
vn -0.3861 -0.5279 -0.7564
vn -0.3225 -0.8574 -0.4012
vn -0.5330 -0.5409 -0.6506
vn -0.0000 -0.7303 -0.6831
vn -0.0079 -0.5692 -0.8222
vn 0.1177 -0.5653 -0.8165
vn -0.1105 -0.7336 -0.6705
vn 0.1105 -0.7336 -0.6706
vn 0.2365 -0.5677 -0.7885
vn -0.0000 -0.8247 -0.5655
vn -0.3694 -0.5738 -0.7310
vn -0.1964 -0.7461 -0.6362
vn -0.1263 -0.8290 -0.5448
vn -0.2592 -0.7774 -0.5732
vn -0.1655 -0.8429 -0.5120
vn -0.5123 -0.5832 -0.6305
vn -0.1730 -0.8729 -0.4561
vn -0.3396 -0.8214 -0.4581
vn -0.6368 -0.5975 -0.4874
vn -0.6604 -0.5503 -0.5110
vn -0.4083 -0.8481 -0.3377
vn -0.3938 -0.8663 -0.3072
vn -0.4565 -0.8659 -0.2047
vn -0.7238 -0.6058 -0.3304
vn -0.7564 -0.5595 -0.3389
vn -0.4828 -0.8706 -0.0950
vn -0.8247 -0.5655 0.0078
vn -0.8084 -0.5651 -0.1648
vn -0.7795 -0.6063 -0.1574
vn -0.4651 -0.8593 -0.2129
vn -0.4884 -0.8666 -0.1024
vn -0.3060 -0.9494 -0.0706
vn -0.4024 -0.9154 0.0079
vn -0.2917 -0.9459 -0.1419
vn -0.3784 -0.9223 -0.0789
vn -0.6371 -0.7708 0.0079
vn -0.3372 -0.9255 -0.1726
vn -0.5914 -0.7964 -0.1262
vn -0.8533 -0.5214 0.0079
vn -0.2597 -0.9364 -0.2361
vn -0.2839 -0.9228 -0.2603
vn -0.8109 -0.5590 -0.1732
vn -0.9754 -0.2203 -0.0000
vn -0.5208 -0.8130 -0.2604
vn -0.4341 -0.8209 -0.3710
vn -0.7247 -0.5909 -0.3545
vn -0.9499 -0.2433 -0.1963
vn -0.9962 0.0863 0.0078
vn -0.9750 0.0865 -0.2045
vn -0.8797 0.4399 -0.1807
vn -0.8668 -0.2601 -0.4255
vn -0.6125 -0.5969 -0.5183
vn -0.8050 0.4498 -0.3867
vn -0.5830 0.7642 -0.2758
vn -0.8979 0.0788 -0.4332
vn -0.5054 0.7502 -0.4264
vn -0.4465 0.8694 -0.2115
vn -0.6831 0.4319 -0.5889
vn -0.7321 -0.2598 -0.6297
vn -0.7546 0.0708 -0.6524
vn -0.6397 0.0632 -0.7660
vn -0.5818 0.4010 -0.7076
vn -0.6274 -0.2509 -0.7372
vn -0.6190 0.0548 -0.7835
vn -0.1816 0.3788 0.9075
vn -0.0706 0.2823 0.9567
vn -0.2122 0.4558 0.8644
vn -0.3316 0.5922 0.7344
vn -0.3389 0.4887 0.8039
vn 0.2764 0.4107 0.8688
vn 0.1103 0.3308 0.9372
vn 0.2211 0.4581 0.8609
vn 0.3952 0.5059 0.7667
vn 0.0079 0.2369 0.9715
vn 0.0790 0.2842 0.9555
vn 0.0079 0.1657 0.9861
vn 0.3386 0.5907 0.7324
vn 0.5264 0.5893 0.6129
vn 0.1967 0.3777 0.9048
vn 0.4564 0.6925 0.5587
vn 0.6204 0.6440 0.4476
vn 0.3459 0.4874 0.8018
vn 0.0629 0.1806 0.9816
vn 0.1810 0.2125 0.9602
vn 0.5039 0.5826 0.6377
vn 0.5191 0.7629 0.3853
vn 0.6690 0.6769 0.3070
vn 0.3701 0.2676 0.8896
vn 0.5434 0.8032 0.2441
vn 0.6855 0.7091 0.1654
vn 0.6062 0.6456 0.4645
vn 0.5503 0.8254 0.1258
vn 0.6789 0.7342 -0.0000
vn 0.5272 0.8498 -0.0000
vn 0.6626 0.6863 0.2998
vn 0.6841 0.7155 0.1415
vn 0.6707 0.7417 -0.0000
vn 0.8443 0.3867 0.3709
vn 0.8933 0.4110 0.1818
vn 0.9051 0.4250 -0.0079
vn 0.9766 0.0866 0.1969
vn 0.9962 0.0863 -0.0078
vn 0.9754 -0.2202 -0.0078
vn 0.9126 0.0787 0.4012
vn 0.9605 -0.1969 0.1968
vn 0.8533 -0.5214 -0.0079
vn 0.7456 0.3532 0.5651
vn 0.8550 -0.4863 0.1804
vn 0.6371 -0.7708 -0.0000
vn 0.8964 -0.1887 0.4010
vn 0.5831 0.3153 0.7488
vn 0.7928 0.0785 0.6044
vn 0.7801 -0.1812 0.5989
vn 0.6089 0.0633 0.7907
vn 0.5997 -0.1736 0.7812
vn 0.3790 0.0553 0.9237
vn 0.1808 0.0471 0.9824
vn 0.3776 -0.1573 0.9125
vn 0.7015 -0.4414 0.5596
vn 0.5431 -0.4250 0.7242
vn 0.8097 -0.4559 0.3695
vn 0.5533 -0.6955 0.4584
vn 0.6544 -0.7412 0.1498
vn 0.4025 -0.9154 -0.0000
vn 0.6285 -0.7149 0.3064
vn 0.4098 -0.9064 0.1024
vn 0.3139 -0.9495 -0.0000
vn 0.3932 -0.8964 0.2045
vn 0.3154 -0.9463 0.0710
vn 0.5029 -0.8643 -0.0000
vn 0.3632 -0.8765 0.3159
vn 0.4345 -0.6714 0.6003
vn 0.3468 -0.3941 0.8512
vn 0.2981 -0.8553 0.4237
vn 0.2906 -0.6362 0.7147
vn 0.1806 -0.1414 0.9733
vn 0.1736 -0.3631 0.9154
vn 0.0628 0.0471 0.9969
vn 0.0628 -0.1334 0.9891
vn 0.0078 0.0472 0.9989
vn 0.0631 -0.3392 0.9386
vn 0.1570 -0.5888 0.7929
vn 0.0078 -0.1260 0.9920
vn 0.0552 -0.5593 0.8271
vn 0.2202 -0.8259 0.5191
vn 0.1335 -0.7852 0.6047
vn 0.0079 -0.3303 0.9438
vn 0.0551 -0.7553 0.6531
vn 0.0079 -0.5510 0.8344
vn -0.0473 -0.5595 0.8275
vn -0.0474 -0.3395 0.9394
vn -0.0472 -0.1335 0.9899
vn -0.1493 -0.5896 0.7938
vn -0.1660 -0.3635 0.9167
vn -0.0471 0.0471 0.9978
vn -0.1729 -0.1415 0.9747
vn -0.3398 -0.3951 0.8535
vn -0.0550 0.1807 0.9820
vn -0.1734 0.2128 0.9616
vn -0.1731 0.0472 0.9838
vn -0.3632 0.2684 0.8922
vn -0.4954 0.5819 0.6449
vn -0.3640 -0.1582 0.9179
vn -0.3695 0.0550 0.9276
vn -0.5745 0.3149 0.7555
vn -0.7388 0.3537 0.5737
vn -0.6001 0.0632 0.7974
vn -0.7861 0.0786 0.6131
vn -0.9054 0.0788 0.4172
vn -0.5909 -0.1733 0.7879
vn -0.7733 -0.1815 0.6076
vn -0.8920 -0.1894 0.4105
vn -0.9590 -0.1966 0.2044
vn -0.6984 -0.4394 0.5650
vn -0.5344 -0.4244 0.7309
vn -0.8046 -0.4575 0.3786
vn -0.8516 -0.4889 0.1892
vn -0.6536 -0.7403 0.1575
vn 0.8192 0.5357 -0.2047
vn 0.8498 0.5272 -0.0000
vn 0.6369 0.7548 -0.1572
vn 0.7792 0.5116 -0.3621
vn 0.7655 0.5366 -0.3551
vn 0.4880 0.8658 -0.1102
vn 0.5917 0.7574 -0.2762
vn 0.7038 0.5062 -0.4983
vn 0.6361 0.6284 -0.4478
vn 0.6383 0.7566 -0.1418
vn 0.4402 0.8725 -0.2122
vn 0.8766 0.4423 -0.1896
vn 0.5765 0.7661 -0.2843
vn 0.5037 0.7476 -0.4328
vn 0.8026 0.4485 -0.3934
vn 0.9735 0.0863 -0.2119
vn 0.9460 -0.2444 -0.2129
vn 0.9754 -0.2203 -0.0079
vn 0.8932 0.0790 -0.4427
vn 0.8639 -0.2592 -0.4319
vn 0.8098 -0.5582 -0.1808
vn 0.8532 -0.5215 -0.0079
vn 0.7189 -0.5926 -0.3633
vn 0.6789 0.4342 -0.5921
vn 0.7473 0.0708 -0.6607
vn 0.5909 -0.7956 -0.1338
vn 0.5198 -0.8112 -0.2678
vn 0.3713 -0.9244 -0.0869
vn 0.3303 -0.9279 -0.1730
vn 0.4329 -0.8185 -0.3777
vn 0.3060 -0.9494 -0.0706
vn 0.2913 -0.9449 -0.1496
vn 0.4880 -0.8658 -0.1102
vn 0.7785 -0.6055 -0.1650
vn 0.4582 -0.8609 -0.2211
vn 0.2833 -0.9209 -0.2676
vn 0.2597 -0.9364 -0.2360
vn 0.8073 -0.5643 -0.1724
vn 0.8247 -0.5655 -0.0079
vn 0.7219 -0.6042 -0.3374
vn 0.7510 -0.5613 -0.3478
vn 0.4824 -0.8699 -0.1028
vn 0.4496 -0.8675 -0.2129
vn 0.6559 -0.5532 -0.5137
vn 0.3928 -0.8642 -0.3143
vn 0.5274 -0.5431 -0.6534
vn 0.6296 -0.5981 -0.4958
vn 0.4084 -0.8481 -0.3376
vn 0.3154 -0.8595 -0.4022
vn 0.5064 -0.5855 -0.6330
vn 0.3384 -0.8185 -0.4643
vn 0.2045 -0.9126 -0.3540
vn 0.1970 -0.8906 -0.4098
vn 0.1647 -0.8710 -0.4629
vn 0.2591 -0.7774 -0.5732
vn 0.3694 -0.5738 -0.7310
vn 0.3695 -0.8097 -0.4559
vn 0.1258 -0.8727 -0.4718
vn 0.3793 -0.5295 -0.7587
vn 0.2285 -0.8510 -0.4728
vn 0.2366 -0.5206 -0.8203
vn 0.1490 -0.8472 -0.5099
vn 0.1182 -0.5120 -0.8508
vn 0.0711 -0.8454 -0.5294
vn -0.0079 -0.5121 -0.8589
vn -0.0000 -0.8440 -0.5364
vn -0.0789 -0.8449 -0.5291
vn -0.1259 -0.5116 -0.8500
vn -0.1491 -0.8472 -0.5099
vn 0.4016 0.4804 -0.7797
vn 0.3613 0.3692 -0.8562
vn 0.2364 0.4964 -0.8353
vn 0.4317 0.4002 -0.8084
vn 0.5033 0.1966 -0.8414
vn 0.5971 0.4322 -0.6757
vn 0.5773 0.3004 -0.7593
vn 0.5586 0.5665 -0.6058
vn 0.7814 0.3552 -0.5131
vn 0.7485 0.1497 -0.6460
vn 0.7226 0.5577 -0.4084
vn 0.9588 0.1886 -0.2122
vn 0.5821 0.7394 -0.3382
vn 0.8746 0.4807 -0.0631
vn 0.4186 0.5449 -0.7266
vn 0.4738 0.6791 -0.5607
vn 0.3456 0.5891 -0.7305
vn 0.3383 0.7631 -0.5507
vn 0.3785 0.8673 -0.3233
vn 0.2997 0.6546 -0.6940
vn 0.1498 0.9228 -0.3549
vn 0.1888 0.8023 -0.5663
vn 0.2203 0.6451 -0.7316
vn 0.1337 0.6686 -0.7315
vn 0.1025 0.6069 -0.7881
vn 0.0473 0.7808 -0.6230
vn -0.0790 0.9009 -0.4267
vn -0.0709 0.7171 -0.6934
vn 0.0629 0.9979 0.0157
vn 0.3239 0.8768 0.3554
vn 0.1808 0.9668 0.1808
vn 0.4559 0.7232 0.5188
vn 0.3556 0.9168 0.1818
vn 0.3002 0.4977 0.8137
vn 0.5133 0.7738 0.3711
vn 0.6384 0.6305 0.4414
vn 0.5589 0.7949 0.2361
vn 0.5206 0.6231 0.5837
vn 0.4256 0.4965 0.7566
vn 0.7107 0.4975 0.4974
vn 0.5820 0.4955 0.6448
vn 0.3152 0.3862 0.8669
vn 0.1813 0.3625 0.9142
vn 0.4407 0.4171 0.7948
vn 0.0079 0.2830 0.9591
vn 0.1493 0.3221 0.9349
vn 0.5911 0.4492 0.6699
vn 0.7199 0.4747 0.5063
vn 0.7945 0.4877 0.3618
vn 0.7876 0.5041 0.3544
vn 0.8344 0.5117 0.2047
vn 0.7035 0.6403 0.3083
vn 0.8589 0.5122 -0.0000
vn 0.7393 0.6528 0.1652
vn 0.7491 0.6624 -0.0079
vn 0.5745 0.8185 -0.0000
vn 0.5742 0.8102 0.1180
vn 0.3700 0.9290 -0.0000
vn 0.3689 0.9262 0.0785
vn 0.2052 0.9787 -0.0000
vn 0.1972 0.9778 0.0710
vn 0.0948 0.9955 -0.0000
vn 0.0866 0.9925 0.0866
vn -0.0000 1.0000 -0.0000
vn -0.0000 0.9955 0.0948
vn -0.0867 0.9925 0.0867
vn -0.0948 0.9955 -0.0000
vn -0.0709 0.9763 0.2047
vn -0.1970 0.9772 0.0788
vn -0.2052 0.9787 -0.0000
vn -0.1805 0.9654 0.1883
vn -0.1738 0.9088 0.3793
vn -0.3619 0.9282 0.0865
vn -0.3700 0.9290 -0.0000
vn -0.3551 0.9154 0.1894
vn -0.3239 0.8768 0.3554
vn -0.3157 0.7657 0.5604
vn -0.4559 0.7232 0.5188
vn -0.5117 0.7716 0.3779
vn -0.5578 0.7935 0.2434
vn -0.6362 0.6284 0.4477
vn -0.5182 0.6203 0.5888
vn -0.4166 0.4952 0.7624
vn -0.5736 0.8094 0.1258
vn -0.5745 0.8185 -0.0000
vn -0.7018 0.6387 0.3154
vn -0.7383 0.6519 0.1728
vn -0.7491 0.6624 0.0079
vn -0.8589 0.5122 0.0079
vn -0.8331 0.5108 0.2122
vn -0.8497 0.5272 0.0079
vn -0.7854 0.5026 0.3613
vn -0.6845 0.7081 0.1731
vn -0.6789 0.7342 0.0079
vn -0.7893 0.4894 0.3709
vn -0.7079 0.4955 0.5034
vn -0.6646 0.6805 0.3086
vn -0.7170 0.4728 0.5122
vn -0.5767 0.4976 0.6479
vn -0.5423 0.8017 0.2515
vn -0.5503 0.8254 0.1258
vn -0.5272 0.8497 0.0079
vn -0.6791 0.7186 0.1500
vn -0.6707 0.7417 0.0079
vn -0.6611 0.6847 0.3069
vn -0.8419 0.3855 0.3777
vn -0.8920 0.4105 0.1895
vn -0.9052 0.4250 -0.0000
vn -0.9735 0.0863 0.2119
vn -0.9754 -0.2202 -0.0000
vn -0.6062 0.6456 0.4645
vn -0.5175 0.7606 0.3921
vn -0.6156 0.6471 0.4498
vn -0.4481 0.6919 0.5661
vn -0.5911 0.4492 0.6699
vn -0.5182 0.5888 0.6203
vn -0.4344 0.4185 0.7976
vn -0.3862 0.5044 0.7723
vn -0.2673 0.4088 0.8726
vn -0.3081 0.3871 0.8690
vn -0.1416 0.3225 0.9359
vn -0.1025 0.3311 0.9380
vn 0.0079 0.2685 0.9633
vn -0.1503 0.9254 -0.3480
vn -0.3794 0.8695 -0.3162
vn -0.0628 0.9979 0.0157
vn 0.0709 0.8984 -0.4334
vn -0.3467 0.7643 -0.5437
vn -0.3856 0.9205 0.0630
vn -0.0552 0.7805 -0.6228
vn -0.5836 0.7414 -0.3312
vn -0.1963 0.8011 -0.5655
vn -0.1414 0.6679 -0.7307
vn -0.1103 0.6064 -0.7875
vn -0.2278 0.6440 -0.7304
vn -0.3069 0.6530 -0.6924
vn -0.2438 0.4955 -0.8337
vn -0.3545 0.5908 -0.7247
vn -0.4738 0.6791 -0.5607
vn -0.4250 0.5431 -0.7241
vn -0.5667 0.5666 -0.5982
vn -0.4082 0.4789 -0.7772
vn -0.5507 -0.5743 -0.6058
vn -0.5732 -0.2591 -0.7774
vn -0.3776 -0.8102 -0.4484
vn -0.4641 -0.5427 -0.7001
vn -0.5664 -0.2911 -0.7710
vn -0.2046 -0.8892 -0.4092
vn -0.3382 -0.7394 -0.5821
vn -0.3313 -0.5836 -0.7414
vn -0.2130 -0.7891 -0.5761
vn -0.2120 -0.9111 -0.3535
vn -0.1258 -0.8727 -0.4718
vn -0.1423 -0.7984 -0.5850
vn -0.2045 -0.7000 -0.6842
vn -0.2435 -0.5105 -0.8247
vn -0.1499 -0.8680 -0.4734
vn -0.1578 -0.8130 -0.5604
vn -0.1569 -0.7139 -0.6825
vn -0.1336 -0.8800 -0.4557
vn -0.1416 -0.8176 -0.5581
vn -0.1181 -0.6534 -0.7478
vn -0.1343 -0.4900 -0.8613
vn -0.0000 -0.8848 -0.4661
vn -0.0000 -0.8185 -0.5745
vn -0.0079 -0.6150 -0.7885
vn 0.1186 -0.8298 -0.5453
vn 0.1259 -0.8809 -0.4562
vn 0.1888 -0.7473 -0.6371
vn 0.1654 -0.8429 -0.5120
vn 0.1422 -0.8690 -0.4740
vn 0.1338 -0.8185 -0.5588
vn -0.4940 0.8625 -0.1098
vn -0.5917 0.7574 -0.2761
vn -0.6390 0.7574 -0.1341
vn -0.5271 0.8497 0.0078
vn -0.9052 0.4251 -0.0000
vn -0.6376 0.7557 -0.1496
vn -0.8205 0.5365 -0.1972
vn -0.8497 0.5272 0.0078
vn -0.7708 0.5349 -0.3461
vn -0.8358 0.5125 -0.1971
vn -0.7845 0.5099 -0.3530
vn -0.6911 0.5341 -0.4869
vn -0.7106 0.5054 -0.4896
vn -0.6384 0.6305 -0.4414
vn -0.7035 0.6403 -0.3083
vn -0.7393 0.6528 -0.1652
vn -0.7491 0.6624 0.0078
vn -0.5742 0.8102 -0.1180
vn -0.5589 0.7949 -0.2361
vn -0.3689 0.9262 -0.0785
vn -0.5133 0.7738 -0.3711
vn -0.1971 0.9778 -0.0710
vn -0.3557 0.9168 -0.1818
vn -0.0866 0.9925 -0.0866
vn -0.1808 0.9668 -0.1808
vn -0.3239 0.8768 -0.3554
vn -0.4559 0.7232 -0.5188
vn -0.1738 0.9088 -0.3793
vn -0.3228 0.7637 -0.5590
vn -0.5206 0.6231 -0.5837
vn -0.3696 0.6290 -0.6840
vn -0.2036 0.7832 -0.5874
vn -0.0787 0.9757 -0.2046
vn -0.0790 0.9155 -0.3946
vn -0.0000 0.9955 -0.0948
vn -0.0000 0.9787 -0.2052
vn 0.0866 0.9925 -0.0866
vn 0.0709 0.9763 -0.2047
vn -0.0000 0.9195 -0.3930
vn 0.0789 0.9155 -0.3946
vn -0.1101 0.7942 -0.5976
vn 0.1970 0.9772 -0.0788
vn 0.1805 0.9654 -0.1883
vn 0.1739 0.9088 -0.3793
vn 0.3618 0.9282 -0.0865
vn 0.3551 0.9154 -0.1894
vn 0.3238 0.8768 -0.3554
vn 0.5737 0.8094 -0.1257
vn 0.5578 0.7935 -0.2435
vn 0.5117 0.7716 -0.3779
vn 0.7383 0.6519 -0.1728
vn 0.7018 0.6387 -0.3154
vn 0.8344 0.5117 -0.2047
vn -0.7249 0.5595 -0.4019
vn -0.6053 0.4324 -0.6683
vn -0.7876 0.3544 -0.5041
vn -0.8750 0.4810 -0.0552
vn -0.9604 0.1889 -0.2047
vn -0.6745 0.7372 0.0393
vn -0.6383 0.5674 0.5201
vn -0.5860 0.3009 -0.7523
vn -0.3081 0.7742 0.5530
vn -0.2287 0.5916 0.7731
vn -0.4408 0.4014 -0.8029
vn -0.5351 0.3935 0.7476
vn -0.8679 0.2683 0.4181
vn -0.7629 0.1101 0.6371
vn -0.9678 -0.0629 0.2439
vn -0.8561 -0.2121 0.4713
vn -0.8095 -0.5187 0.2751
vn 0.0630 0.8660 0.4960
vn 0.1345 0.6806 0.7202
vn 0.4789 0.6438 0.5967
vn 0.4313 0.8235 0.3686
vn 0.7715 0.4803 0.4173
vn 0.2526 0.9629 -0.0947
vn 0.7300 0.6592 0.1805
vn 0.9191 0.3928 -0.0314
vn 0.9504 0.2277 0.2120
vn 0.5118 0.8189 -0.2598
vn 0.2604 0.7972 -0.5446
vn 0.0631 0.7174 -0.6938
vn 0.1414 0.6127 -0.7776
vn -0.0315 0.5742 -0.8181
vn 0.3783 0.6305 -0.6778
vn 0.1581 0.4822 -0.8617
vn -0.0628 0.5019 -0.8626
vn 0.6766 0.5900 -0.4406
vn 0.4094 0.4330 -0.8031
vn -0.0472 0.4246 -0.9042
vn 0.9678 0.0629 -0.2439
vn 0.9961 -0.0863 0.0157
vn 0.9039 -0.4009 -0.1493
vn 0.1179 0.3538 -0.9278
vn -0.1260 0.3860 -0.9138
vn 0.0316 0.2368 -0.9710
vn 0.3454 0.2276 -0.9105
vn 0.2050 0.0473 -0.9776
vn 0.7185 0.3079 -0.6237
vn 0.6323 0.0158 -0.7746
vn 0.8679 -0.2683 -0.4181
vn 0.4336 -0.2444 -0.8673
vn 0.6383 -0.5674 -0.5202
vn 0.6830 -0.6830 -0.2590
vn 0.3710 -0.8841 -0.2842
vn 0.3081 -0.7742 -0.5530
vn 0.0079 -0.9737 -0.2277
vn 0.1486 -0.4230 -0.8939
vn -0.0630 -0.8660 -0.4960
vn -0.4313 -0.8235 -0.3686
vn -0.3378 -0.9348 -0.1100
vn -0.1802 -0.5014 -0.8462
vn -0.0000 -0.0863 -0.9963
vn -0.4965 -0.4650 -0.7330
vn -0.2289 -0.1421 -0.9630
vn -0.1023 0.1495 -0.9835
vn -0.1650 0.3142 -0.9349
vn -0.2519 0.1181 -0.9605
vn -0.2522 0.3389 -0.9064
vn -0.3706 0.3706 -0.8516
vn -0.3315 0.3078 -0.8918
vn -0.5125 0.1972 -0.8358
vn -0.3923 0.1334 -0.9101
vn -0.7557 0.1495 -0.6376
vn -0.6409 -0.0158 -0.7675
vn -0.9183 -0.0942 -0.3846
vn -0.4566 -0.1182 -0.8818
vn -0.7537 -0.3219 -0.5730
vn -0.9191 -0.3928 0.0314
vn -0.6308 -0.7727 0.0710
vn -0.7299 -0.6592 -0.1806
vn 0.1502 -0.8140 -0.5611
vn 0.1423 -0.7984 -0.5850
vn 0.1103 -0.6539 -0.7485
vn 0.1492 -0.7147 -0.6833
vn 0.2046 -0.7868 -0.5823
vn 0.1969 -0.7011 -0.6853
vn 0.2286 -0.5124 -0.8278
vn 0.3242 -0.5852 -0.7433
vn 0.3367 -0.7360 -0.5873
vn 0.4579 -0.5447 -0.7026
vn 0.5426 -0.5740 -0.6133
vn 0.5576 -0.2906 -0.7776
vn 0.5644 -0.2587 -0.7839
vn 0.6076 -0.5997 -0.5208
vn 0.6226 -0.2522 -0.7408
vn 0.7247 -0.2600 -0.6381
vn 0.6141 0.0551 -0.7873
vn 0.6311 0.0631 -0.7731
vn 0.5766 0.4028 -0.7108
vn 0.6863 0.0473 -0.7257
vn 0.5352 0.3778 -0.7556
vn 0.4408 0.7085 -0.5511
vn 0.3842 0.8625 -0.3293
vn 0.3131 0.8298 -0.4619
vn 0.5261 0.7460 -0.4083
vn 0.6844 0.5349 -0.4955
vn 0.3767 0.6429 -0.6669
vn 0.5826 0.4251 -0.6927
vn 0.2599 0.7639 -0.5907
vn 0.3154 0.6387 -0.7018
vn 0.1973 0.7499 -0.6315
vn 0.3773 0.7075 -0.5975
vn 0.1731 0.7003 -0.6925
vn 0.5503 0.5110 -0.6603
vn 0.2131 0.7103 -0.6709
vn 0.5744 0.5036 -0.6453
vn 0.3382 0.5821 -0.7394
vn 0.5182 0.6202 -0.5889
vn 0.4087 0.4638 -0.7860
vn 0.4191 0.4982 -0.7591
vn 0.4559 0.7232 -0.5188
vn 0.3695 0.6290 -0.6840
vn 0.3157 0.7657 -0.5604
vn 0.1961 0.7845 -0.5884
vn 0.2911 0.4957 -0.8182
vn 0.1023 0.7949 -0.5981
vn 0.2513 0.6440 -0.7226
vn -0.0000 0.7991 -0.6013
vn 0.1336 0.6521 -0.7463
vn 0.1647 0.5030 -0.8485
vn -0.0078 0.6585 -0.7526
vn -0.1421 0.6552 -0.7420
vn -0.0079 0.5029 -0.8643
vn -0.2678 0.7956 -0.5435
vn 0.0236 0.5743 -0.8183
vn -0.1491 0.6120 -0.7767
vn 0.0549 0.5021 -0.8630
vn -0.1734 0.4810 -0.8594
vn -0.3870 0.6319 -0.6715
vn -0.2526 0.9629 -0.0947
vn -0.5129 0.8205 -0.2525
vn -0.4159 0.4316 -0.8005
vn -0.7288 0.6583 0.1883
vn -0.6789 0.5921 -0.4342
vn -0.9193 0.3928 -0.0236
vn -0.7658 0.4815 0.4263
vn -0.4249 0.8262 0.3699
vn -0.9479 0.2291 0.2212
vn -0.4790 0.6438 0.5967
vn -0.9714 0.0632 -0.2290
vn -0.9960 -0.0863 0.0235
vn -0.9049 -0.4013 -0.1416
vn -0.0630 0.8660 0.4960
vn -0.1260 0.6774 0.7247
vn 0.2362 0.5906 0.7716
vn 0.3152 0.7723 0.5516
vn 0.3922 0.9178 0.0627
vn 0.6430 0.5646 0.5175
vn 0.5439 0.3941 0.7409
vn 0.6747 0.7374 0.0314
vn 0.8754 0.2681 0.4022
vn 0.7667 0.1107 0.6324
vn 0.9714 -0.0632 0.2290
vn 0.8593 -0.2129 0.4651
vn 0.8112 -0.5198 0.2678
vn 0.9142 -0.0946 -0.3941
vn 0.9193 -0.3929 0.0236
vn 0.6311 -0.7731 0.0631
vn 0.7289 -0.6583 -0.1882
vn 0.3378 -0.9348 -0.1100
vn 0.7468 -0.3223 -0.5817
vn 0.6323 -0.0158 -0.7746
vn 0.4249 -0.8262 -0.3699
vn -0.0079 -0.9737 -0.2277
vn 0.4473 -0.1178 -0.8866
vn 0.3856 0.1338 -0.9129
vn 0.3222 0.3064 -0.8957
vn 0.2197 -0.1413 -0.9653
vn 0.4877 -0.4641 -0.7394
vn 0.2371 0.1185 -0.9642
vn 0.2431 0.3371 -0.9095
vn 0.1183 0.3864 -0.9147
vn 0.1573 0.3146 -0.9361
vn 0.0867 0.1497 -0.9849
vn -0.0395 0.2368 -0.9708
vn 0.0393 0.4247 -0.9045
vn -0.1334 0.3531 -0.9260
vn -0.2125 0.0472 -0.9760
vn -0.3547 0.2286 -0.9066
vn -0.7258 0.3077 -0.6153
vn -0.6409 0.0158 -0.7675
vn -0.8754 -0.2681 -0.4022
vn -0.4401 -0.2435 -0.8643
vn -0.6430 -0.5646 -0.5175
vn -0.6843 -0.6843 -0.2517
vn -0.3710 -0.8841 -0.2841
vn -0.3152 -0.7723 -0.5516
vn -0.1577 -0.4258 -0.8910
vn -0.0079 -0.0863 -0.9962
vn 0.0630 -0.8660 -0.4960
vn 0.1650 -0.5028 -0.8485
vn -0.2587 0.6427 -0.7211
vn -0.1727 0.5022 -0.8473
vn -0.3002 0.4977 -0.8137
vn -0.4256 0.4965 -0.7565
vn -0.0079 0.4025 -0.9154
vn -0.1730 0.4087 -0.8961
vn 0.1653 0.4093 -0.8973
vn -0.0078 0.4472 -0.8944
vn -0.3074 0.4256 -0.8511
vn -0.1495 0.4641 -0.8731
vn 0.3002 0.4266 -0.8532
vn 0.1418 0.4646 -0.8741
vn 0.2588 0.5176 -0.8155
vn -0.0079 0.5510 -0.8344
vn 0.1097 0.5799 -0.8072
vn 0.2049 0.6305 -0.7487
vn 0.2590 0.6830 -0.6830
vn 0.1731 0.5821 -0.7945
vn 0.2365 0.5992 -0.7648
vn 0.0863 0.5490 -0.8314
vn -0.0079 0.5271 -0.8497
vn 0.2202 0.5662 -0.7943
vn -0.1182 0.5831 -0.8037
vn -0.2677 0.5197 -0.8113
vn -0.0947 0.5522 -0.8283
vn -0.4178 0.4651 -0.7804
vn -0.2137 0.6332 -0.7439
vn -0.3452 0.5805 -0.7374
vn -0.5774 0.5062 -0.6406
vn -0.5586 0.5114 -0.6530
vn -0.5261 0.7460 -0.4083
vn -0.3859 0.7087 -0.5906
vn -0.3852 0.8647 -0.3223
vn -0.3143 0.8328 -0.4557
vn -0.4491 0.7091 -0.5436
vn -0.5440 0.3784 -0.7489
vn -0.3852 0.6446 -0.6604
vn -0.2672 0.7623 -0.5894
vn -0.6944 0.0473 -0.7180
vn -0.5909 0.4255 -0.6854
vn -0.3243 0.6406 -0.6960
vn -0.2049 0.7487 -0.6305
vn -0.5829 -0.2284 -0.7798
vn -0.1817 0.7032 -0.6874
vn -0.2206 0.7091 -0.6697
vn -0.2663 0.6816 -0.6816
vn -0.2908 0.6444 -0.7073
vn -0.2277 0.5652 -0.7929
vn -0.2439 0.5981 -0.7634
vn -0.1882 0.5805 -0.7922
vn -0.5685 0.4974 -0.6553
vn -0.3468 0.3941 -0.8512
vn -0.7254 0.1183 -0.6781
vn -0.4948 0.1885 -0.8483
vn -0.3920 -0.0706 -0.9172
vn -0.2913 -0.1496 -0.9449
vn 0.2519 0.3621 -0.8974
vn 0.2365 -0.0631 -0.9696
vn -0.0000 -0.2518 -0.9678
vn 0.9706 -0.1263 -0.2052
vn -0.3871 -0.4187 -0.8215
vn -0.1962 -0.2119 -0.9574
vn 0.0157 0.4722 -0.8814
vn -0.0472 -0.1258 -0.9909
vn 0.6699 0.7330 -0.1182
vn -0.0472 0.4561 -0.8887
vn 0.3077 0.9308 -0.1972
vn 0.0710 0.5442 -0.8360
vn -0.0394 -0.2755 -0.9605
vn 0.0552 0.2049 -0.9772
vn -0.0079 -0.1026 -0.9947
vn 0.0315 -0.2756 -0.9608
vn -0.0079 0.4472 -0.8944
vn 0.1022 0.8179 -0.5662
vn -0.0709 0.2047 -0.9763
vn -0.0000 0.9317 -0.3632
vn 0.1498 0.9619 -0.2287
vn 0.1336 0.9820 -0.1336
vn 0.1883 0.9806 0.0549
vn 0.0866 0.9925 0.0867
vn 0.1576 0.9850 0.0709
vn 0.3297 0.9420 0.0628
vn 0.1181 0.9839 0.1338
vn 0.1576 0.9850 -0.0709
vn 0.1652 0.9831 -0.0787
vn 0.2673 0.9590 -0.0942
vn 0.1181 0.9682 -0.2204
vn 0.2133 0.9459 -0.2445
vn 0.5655 0.8011 -0.1963
vn 0.6358 0.7693 0.0628
vn 0.9994 -0.0157 -0.0315
vn 0.9369 0.0472 -0.3464
vn 0.4804 0.7876 -0.3859
vn 0.8068 0.0627 -0.5875
vn 0.4965 -0.7566 -0.4256
vn 0.7251 0.0631 -0.6857
vn 0.4730 0.6071 -0.6385
vn 0.1185 0.8849 -0.4504
vn 0.4966 -0.5518 -0.6700
vn 0.2830 -0.0079 -0.9591
vn 0.0315 0.8760 -0.4813
vn 0.0315 -0.0157 -0.9994
vn 0.0869 -0.9003 -0.4265
vn -0.9725 -0.1255 -0.1961
vn -0.2593 0.3614 -0.8956
vn -0.6705 0.7336 -0.1104
vn -0.0079 -0.2518 -0.9678
vn 0.1807 -0.2200 -0.9586
vn 0.1808 -0.1808 -0.9668
vn -0.0473 -0.9452 -0.3230
vn -0.0395 -0.9397 -0.3396
vn 0.0549 -0.1883 -0.9806
vn -0.3854 -0.8730 -0.2989
vn -0.0551 -0.2124 -0.9756
vn -0.1569 -0.9337 -0.3217
vn -0.2201 -0.9750 0.0314
vn -0.0079 -0.2444 -0.9696
vn -0.1970 -0.9534 -0.2285
vn 0.0394 -0.2126 -0.9763
vn -0.0000 -0.9862 -0.1657
vn -0.0632 -0.1896 -0.9798
vn 0.1890 -0.9531 -0.2363
vn 0.1569 -0.9337 -0.3217
vn -0.1898 -0.1819 -0.9648
vn 0.0395 -0.9397 -0.3396
vn 0.2201 -0.9750 0.0314
vn -0.1897 -0.2213 -0.9566
vn 0.0394 -0.9456 -0.3230
vn 0.1337 -0.9907 0.0236
vn 0.3845 -0.8710 -0.3060
vn 0.1657 -0.9861 -0.0158
vn 0.5287 -0.8444 -0.0868
vn 0.5490 -0.7921 -0.2667
vn 0.1966 -0.9751 -0.1022
vn 0.1728 -0.9583 -0.2278
vn 0.1257 -0.9901 -0.0629
vn 0.0866 -0.9766 -0.1969
vn 0.2118 -0.9728 -0.0941
vn 0.1575 -0.9527 -0.2598
vn 0.2198 -0.9735 0.0628
vn 0.2279 -0.9665 -0.1179
vn 0.1815 -0.9313 -0.3157
vn -0.0000 -0.9955 0.0948
vn -0.0000 -0.9939 -0.1104
vn -0.0000 -0.9414 -0.3373
vn -0.2198 -0.9730 0.0706
vn -0.2281 -0.9674 -0.1101
vn -0.1891 -0.9300 -0.3152
vn -0.1023 -0.7949 -0.5981
vn -0.2118 -0.9728 -0.0941
vn -0.1651 -0.9515 -0.2595
vn -0.0708 -0.8419 -0.5350
vn 0.0079 0.0079 -0.9999
vn 0.0393 -0.0079 -0.9992
vn -0.0314 0.8493 -0.5269
vn -0.0158 -0.8927 -0.4503
vn -0.0944 -0.9759 -0.1968
vn -0.1257 -0.9901 -0.0628
vn -0.0394 0.8757 -0.4812
vn -0.1181 0.9605 -0.2519
vn -0.1181 0.9682 -0.2204
vn -0.0472 -0.0157 -0.9988
vn -0.1263 0.8841 -0.4499
vn -0.2129 0.9460 -0.2444
vn -0.1577 0.9855 -0.0631
vn -0.2996 -0.0079 -0.9540
vn -0.0947 -0.8997 -0.4262
vn -0.4791 0.6048 -0.6362
vn -0.5025 -0.5496 -0.6674
vn -0.1728 -0.9583 -0.2278
vn -0.5041 -0.7561 -0.4174
vn -0.1966 -0.9751 -0.1022
vn -0.7327 0.0630 -0.6776
vn -0.4804 0.7876 -0.3859
vn -0.8142 0.0633 -0.5771
vn -0.2674 0.9597 -0.0865
vn -0.1883 0.9806 0.0549
vn -0.5663 0.8023 -0.1888
vn -0.3227 0.9444 0.0630
vn -0.3076 0.9308 -0.1972
vn -0.6355 0.7689 0.0706
vn -0.9394 0.0474 -0.3395
vn -0.9996 -0.0157 -0.0236
vn -0.5502 -0.7938 -0.2594
vn -0.5347 -0.8414 -0.0786
vn -0.1657 -0.9861 -0.0158
vn -0.1337 -0.9907 0.0236
vn 0.0077 -0.8928 -0.4504
vn -0.0550 -0.0079 -0.9985
vn 0.1179 0.9586 -0.2593
vn 0.0236 0.8495 -0.5270
vn 0.0630 -0.8423 -0.5353
vn -0.0158 0.0079 -0.9998
vn 0.1419 0.9854 -0.0946
vn 0.1027 0.9483 -0.3003
vn 0.0315 0.8117 -0.5832
vn -0.0000 0.9862 0.1657
vn -0.0000 0.9947 -0.1026
vn -0.0000 0.9463 -0.3233
vn 0.0157 0.0079 -0.9998
vn -0.0000 0.7952 -0.6063
vn 0.0945 -0.7955 -0.5986
vn -0.0079 -0.0079 -0.9999
vn -0.0000 -0.7885 -0.6150
vn -0.0315 0.0079 -0.9995
vn -0.0315 0.8117 -0.5832
vn -0.1027 0.9483 -0.3003
vn -0.1419 0.9854 -0.0946
vn -0.1181 0.9839 0.1338
vn -0.1652 0.9831 -0.0787
vn -0.0866 0.9925 0.0867
vn -0.1575 0.9844 0.0788
vn -0.1100 0.8172 -0.5658
vn -0.1336 0.9820 -0.1336
vn -0.0788 0.5438 -0.8355
vn 0.0393 -0.1259 -0.9913
vn -0.1498 0.9619 -0.2287
vn 0.0393 0.4563 -0.8890
vn 0.1886 -0.2122 -0.9589
vn 0.1257 -0.4871 -0.8642
vn -0.0236 0.4721 -0.8812
vn 0.2768 -0.1503 -0.9491
vn 0.3778 -0.4172 -0.8265
vn 0.5741 -0.2280 -0.7864
vn 0.3786 -0.0710 -0.9228
vn 0.7178 0.1183 -0.6862
vn 0.4889 0.1892 -0.8516
vn 0.5602 0.4970 -0.6627
vn 0.2835 0.6458 -0.7089
vn 0.3398 0.3951 -0.8535
vn -0.2513 -0.0628 -0.9659
vt 0.621387 0.716666
vt 0.623602 0.743674
vt 0.609619 0.729431
vt 0.636610 0.729954
vt 0.596640 0.740963
vt 0.604527 0.701608
vt 0.593810 0.713329
vt 0.581894 0.723829
vt 0.578363 0.697596
vt 0.614332 0.689089
vt 0.588632 0.686638
vt 0.632516 0.702773
vt 0.623311 0.676382
vt 0.598164 0.675346
vt 0.565511 0.684505
vt 0.576706 0.673423
vt 0.567218 0.707662
vt 0.569197 0.733402
vt 0.554225 0.695495
vt 0.553950 0.672730
vt 0.555754 0.716985
vt 0.541795 0.685510
vt 0.556328 0.742147
vt 0.543133 0.706545
vt 0.545033 0.726022
vt 0.740174 0.862407
vt 0.746283 0.885811
vt 0.729981 0.873173
vt 0.757528 0.906050
vt 0.762873 0.898692
vt 0.772497 0.913708
vt 0.739127 0.895367
vt 0.769687 0.919453
vt 0.804107 0.927525
vt 0.753314 0.914016
vt 0.767801 0.925636
vt 0.750214 0.922591
vt 0.766858 0.932153
vt 0.733254 0.905707
vt 0.720823 0.884643
vt 0.714546 0.864625
vt 0.701306 0.878624
vt 0.713091 0.897083
vt 0.689593 0.893032
vt 0.728660 0.916842
vt 0.706755 0.910539
vt 0.679438 0.908204
vt 0.725383 0.928676
vt 0.701832 0.924896
vt 0.670851 0.924423
vt 0.748253 0.931676
vt 0.723710 0.940958
vt 0.698792 0.939966
vt 0.664402 0.941726
vt 0.698230 0.955630
vt 0.723905 0.953446
vt 0.725802 0.965899
vt 0.747617 0.941080
vt 0.748490 0.950724
vt 0.750825 0.960668
vt 0.771528 0.952273
vt 0.768596 0.945561
vt 0.767049 0.938839
vt 0.859552 0.785521
vt 0.841673 0.745470
vt 0.866349 0.741028
vt 0.816860 0.726688
vt 0.820195 0.753123
vt 0.795730 0.740522
vt 0.839484 0.785048
vt 0.850227 0.824470
vt 0.800881 0.763415
vt 0.776814 0.755087
vt 0.820872 0.788105
vt 0.834152 0.822183
vt 0.843913 0.849938
vt 0.783205 0.775484
vt 0.759733 0.770566
vt 0.766871 0.789014
vt 0.803453 0.794235
vt 0.787079 0.802522
vt 0.771723 0.812397
vt 0.750947 0.804261
vt 0.818480 0.822456
vt 0.803357 0.825219
vt 0.788912 0.829877
vt 0.757103 0.823844
vt 0.734514 0.821221
vt 0.775342 0.835966
vt 0.742862 0.836824
vt 0.717054 0.838858
vt 0.762762 0.843468
vt 0.728591 0.850609
vt 0.751125 0.852413
vt 0.783594 0.856284
vt 0.773148 0.861966
vt 0.763462 0.868945
vt 0.794811 0.851894
vt 0.800163 0.873551
vt 0.806703 0.848836
vt 0.819014 0.847389
vt 0.809283 0.871757
vt 0.831496 0.847813
vt 0.818697 0.871294
vt 0.828323 0.872344
vt 0.838223 0.874861
vt 0.829449 0.895407
vt 0.822792 0.892351
vt 0.816099 0.890681
vt 0.809418 0.890368
vt 0.802885 0.891191
vt 0.791533 0.876493
vt 0.796668 0.892963
vt 0.783491 0.880560
vt 0.790872 0.895667
vt 0.776036 0.885768
vt 0.754449 0.876946
vt 0.785549 0.899300
vt 0.769155 0.891926
vt 0.780664 0.903648
vt 0.776227 0.908452
vt 0.267519 0.558795
vt 0.277572 0.535978
vt 0.280347 0.558864
vt 0.280895 0.517151
vt 0.287041 0.534784
vt 0.287285 0.515125
vt 0.265004 0.482613
vt 0.296188 0.532313
vt 0.251737 0.577964
vt 0.254565 0.557640
vt 0.241788 0.555215
vt 0.267516 0.579897
vt 0.236030 0.575516
vt 0.229428 0.551780
vt 0.249953 0.590786
vt 0.292860 0.557720
vt 0.283190 0.581070
vt 0.271342 0.594403
vt 0.298639 0.580837
vt 0.291788 0.599073
vt 0.305199 0.555027
vt 0.310931 0.603538
vt 0.314087 0.578646
vt 0.317523 0.550377
vt 0.305155 0.528292
vt 0.329768 0.573941
vt 0.293405 0.511839
vt 0.298994 0.507291
vt 0.329366 0.543709
vt 0.313666 0.522681
vt 0.303732 0.501504
vt 0.307367 0.494634
vt 0.328364 0.506674
vt 0.321400 0.515513
vt 0.349856 0.525058
vt 0.340138 0.535161
vt 0.371876 0.543616
vt 0.345107 0.566537
vt 0.359256 0.556332
vt 0.387092 0.588083
vt 0.403821 0.573663
vt 0.433676 0.612863
vt 0.368549 0.598209
vt 0.410527 0.628097
vt 0.448417 0.653078
vt 0.387536 0.636497
vt 0.418539 0.666167
vt 0.452066 0.688947
vt 0.348998 0.604192
vt 0.365207 0.640062
vt 0.417195 0.696832
vt 0.452630 0.718508
vt 0.393091 0.671860
vt 0.372163 0.672736
vt 0.391569 0.699489
vt 0.415299 0.720393
vt 0.451647 0.745890
vt 0.413498 0.741723
vt 0.410382 0.763307
vt 0.389586 0.720323
vt 0.372725 0.698937
vt 0.385024 0.757979
vt 0.380556 0.780253
vt 0.387694 0.738956
vt 0.361387 0.776930
vt 0.372060 0.811274
vt 0.366981 0.755964
vt 0.371643 0.719068
vt 0.369876 0.737316
vt 0.356111 0.735694
vt 0.352889 0.754917
vt 0.358116 0.716762
vt 0.345793 0.734045
vt 0.691597 0.734246
vt 0.672047 0.752809
vt 0.678497 0.729602
vt 0.694829 0.712629
vt 0.709900 0.717013
vt 0.603626 0.784056
vt 0.626090 0.781509
vt 0.608524 0.798301
vt 0.586916 0.797653
vt 0.651862 0.772458
vt 0.631846 0.792279
vt 0.661448 0.782222
vt 0.591254 0.814318
vt 0.569347 0.810255
vt 0.612927 0.811484
vt 0.573490 0.829354
vt 0.549955 0.821588
vt 0.595361 0.829467
vt 0.640206 0.803297
vt 0.620418 0.823411
vt 0.577865 0.846449
vt 0.553592 0.843726
vt 0.528391 0.832179
vt 0.602465 0.841958
vt 0.531212 0.858018
vt 0.504865 0.842165
vt 0.558243 0.863583
vt 0.506556 0.872032
vt 0.479178 0.850195
vt 0.478879 0.884662
vt 0.536083 0.881476
vt 0.511479 0.899699
vt 0.483536 0.917915
vt 0.544269 0.898129
vt 0.520557 0.919123
vt 0.493866 0.941288
vt 0.532803 0.933818
vt 0.508129 0.958441
vt 0.524832 0.972871
vt 0.555146 0.910955
vt 0.547272 0.945995
vt 0.547143 0.983344
vt 0.565774 0.878164
vt 0.565591 0.955191
vt 0.577988 0.987673
vt 0.567751 0.921723
vt 0.585003 0.859640
vt 0.575683 0.889743
vt 0.586947 0.899678
vt 0.594348 0.870533
vt 0.604819 0.880085
vt 0.611766 0.852723
vt 0.630023 0.834326
vt 0.622010 0.862401
vt 0.600250 0.908356
vt 0.616915 0.888852
vt 0.583099 0.930453
vt 0.617289 0.915715
vt 0.589985 0.960126
vt 0.616498 0.986331
vt 0.603069 0.936587
vt 0.621393 0.961740
vt 0.661108 0.980352
vt 0.629439 0.940408
vt 0.661004 0.960280
vt 0.700222 0.971744
vt 0.640084 0.921285
vt 0.632199 0.897070
vt 0.633637 0.871483
vt 0.652475 0.903834
vt 0.647990 0.880275
vt 0.640372 0.844465
vt 0.651852 0.854178
vt 0.650283 0.814280
vt 0.660839 0.824911
vt 0.672004 0.792973
vt 0.672166 0.835420
vt 0.665491 0.863734
vt 0.682672 0.803839
vt 0.684953 0.846087
vt 0.666303 0.887752
vt 0.681840 0.872110
vt 0.693636 0.815006
vt 0.699099 0.855992
vt 0.705300 0.826886
vt 0.724871 0.806896
vt 0.714441 0.793915
vt 0.704142 0.782396
vt 0.742872 0.787760
vt 0.733569 0.773949
vt 0.693706 0.771647
vt 0.724069 0.762292
vt 0.751206 0.756055
vt 0.682910 0.761370
vt 0.703384 0.741955
vt 0.714121 0.751758
vt 0.722258 0.724345
vt 0.727201 0.699833
vt 0.742339 0.744263
vt 0.732850 0.733842
vt 0.740258 0.707211
vt 0.759132 0.688326
vt 0.750978 0.716754
vt 0.770527 0.698445
vt 0.792112 0.678302
vt 0.760336 0.727399
vt 0.780253 0.709891
vt 0.802647 0.691102
vt 0.827292 0.671073
vt 0.788686 0.723350
vt 0.768879 0.739654
vt 0.811093 0.706609
vt 0.836149 0.689557
vt 0.864637 0.671630
vt 0.868398 0.702549
vt 0.840635 0.714039
vt 0.018242 0.822313
vt 0.055410 0.842811
vt 0.029559 0.854444
vt 0.047267 0.811057
vt 0.011813 0.782797
vt 0.090702 0.863465
vt 0.081557 0.834860
vt 0.044312 0.773141
vt 0.010335 0.743296
vt 0.075438 0.804883
vt 0.112840 0.857091
vt 0.121567 0.884464
vt 0.045946 0.738103
vt 0.011235 0.712543
vt 0.072294 0.769566
vt 0.048522 0.712960
vt 0.013579 0.684939
vt 0.072589 0.737404
vt 0.091936 0.739440
vt 0.074371 0.714756
vt 0.051416 0.691345
vt 0.055506 0.670333
vt 0.020108 0.658329
vt 0.076995 0.695727
vt 0.080262 0.677285
vt 0.060114 0.647149
vt 0.028720 0.630045
vt 0.084041 0.656700
vt 0.092279 0.717743
vt 0.094584 0.699013
vt 0.067192 0.617282
vt 0.042022 0.596534
vt 0.090120 0.629705
vt 0.085293 0.582845
vt 0.067182 0.561871
vt 0.105118 0.597202
vt 0.110014 0.636261
vt 0.118761 0.550749
vt 0.106603 0.532309
vt 0.145538 0.512125
vt 0.133835 0.565552
vt 0.154207 0.527802
vt 0.178378 0.512655
vt 0.171788 0.500282
vt 0.165033 0.541483
vt 0.125625 0.606727
vt 0.151010 0.576645
vt 0.201768 0.498868
vt 0.197481 0.488463
vt 0.186407 0.523819
vt 0.207251 0.507875
vt 0.222589 0.490215
vt 0.220968 0.482613
vt 0.225568 0.497075
vt 0.213908 0.515596
vt 0.229702 0.502976
vt 0.221436 0.521912
vt 0.195981 0.533466
vt 0.177768 0.552792
vt 0.234693 0.507808
vt 0.206567 0.541304
vt 0.191569 0.561599
vt 0.168925 0.583875
vt 0.145121 0.615880
vt 0.187809 0.586408
vt 0.205832 0.567924
vt 0.217702 0.547263
vt 0.125080 0.641768
vt 0.170741 0.609585
vt 0.229561 0.526787
vt 0.240287 0.511501
vt 0.238345 0.530521
vt 0.246449 0.514272
vt 0.247803 0.533322
vt 0.253128 0.516319
vt 0.257692 0.535161
vt 0.260128 0.517652
vt 0.267227 0.518281
vt 0.267708 0.536092
vt 0.274211 0.518135
vt 0.953075 0.320481
vt 0.949434 0.317605
vt 0.954726 0.314647
vt 0.950354 0.320183
vt 0.945856 0.319605
vt 0.951959 0.324425
vt 0.948354 0.322716
vt 0.955925 0.324858
vt 0.950885 0.328220
vt 0.946009 0.325685
vt 0.956367 0.328616
vt 0.949899 0.331708
vt 0.961608 0.326960
vt 0.956790 0.332215
vt 0.955549 0.321653
vt 0.959683 0.323517
vt 0.957683 0.319939
vt 0.962794 0.321019
vt 0.965763 0.323364
vt 0.960262 0.319019
vt 0.968299 0.318487
vt 0.964503 0.317414
vt 0.960559 0.316298
vt 0.961731 0.313824
vt 0.960017 0.311689
vt 0.964936 0.313447
vt 0.968694 0.313006
vt 0.963596 0.309690
vt 0.971786 0.319474
vt 0.533033 0.718328
vt 0.530308 0.699401
vt 0.537843 0.734901
vt 0.519790 0.715073
vt 0.582545 0.751835
vt 0.527076 0.733655
vt 0.528715 0.754756
vt 0.512878 0.734425
vt 0.543390 0.749675
vt 0.567864 0.762029
vt 0.535653 0.778313
vt 0.552457 0.770971
vt 0.594608 0.768720
vt 0.609645 0.756427
vt 0.578757 0.780528
vt 0.635154 0.755440
vt 0.619750 0.769954
vt 0.562049 0.791232
vt 0.543815 0.800412
vt 0.523611 0.808499
vt 0.517077 0.784319
vt 0.501604 0.815659
vt 0.512376 0.758685
vt 0.496920 0.789022
vt 0.477950 0.820819
vt 0.475291 0.791578
vt 0.494726 0.760973
vt 0.475858 0.760738
vt 0.481072 0.731141
vt 0.497457 0.734034
vt 0.489969 0.705450
vt 0.505393 0.711214
vt 0.501470 0.683221
vt 0.516485 0.691940
vt 0.514591 0.664225
vt 0.528748 0.675323
vt 0.529260 0.647582
vt 0.542103 0.660664
vt 0.557006 0.647580
vt 0.546169 0.633222
vt 0.566951 0.660812
vt 0.573844 0.635624
vt 0.565403 0.620452
vt 0.581051 0.649582
vt 0.587957 0.662536
vt 0.593319 0.624889
vt 0.587840 0.609361
vt 0.596913 0.639353
vt 0.599925 0.652654
vt 0.607397 0.664794
vt 0.616406 0.657768
vt 0.615358 0.646980
vt 0.616388 0.632799
vt 0.636425 0.649006
vt 0.631076 0.663585
vt 0.642978 0.688282
vt 0.616281 0.617373
vt 0.613689 0.600938
vt 0.640653 0.632742
vt 0.643266 0.615137
vt 0.643378 0.596268
vt 0.674223 0.596268
vt 0.671270 0.617846
vt 0.703410 0.599463
vt 0.666197 0.637913
vt 0.697816 0.623018
vt 0.724257 0.626765
vt 0.732759 0.601231
vt 0.690253 0.644891
vt 0.659851 0.656376
vt 0.713841 0.650105
vt 0.681796 0.664942
vt 0.652202 0.673042
vt 0.739624 0.653399
vt 0.754089 0.629005
vt 0.767225 0.601565
vt 0.781661 0.634435
vt 0.800387 0.606832
vt 0.762989 0.658701
vt 0.779488 0.667191
vt 0.800915 0.643869
vt 0.823566 0.617589
vt 0.815383 0.656383
vt 0.840454 0.632165
vt 0.854575 0.649130
vt 0.744692 0.680529
vt 0.724924 0.675513
vt 0.702856 0.671470
vt 0.710189 0.695144
vt 0.672283 0.683004
vt 0.691169 0.690651
vt 0.661274 0.699513
vt 0.678246 0.707986
vt 0.664345 0.724443
vt 0.649176 0.715145
vt 0.649949 0.740305
vt 0.661385 0.746856
vt 0.643832 0.764279
vt 0.968299 0.399364
vt 0.965763 0.394488
vt 0.971786 0.398377
vt 0.968694 0.404846
vt 0.962794 0.396833
vt 0.968608 0.392242
vt 0.964936 0.404404
vt 0.961608 0.390891
vt 0.964503 0.400438
vt 0.961731 0.404027
vt 0.960017 0.406162
vt 0.960559 0.401554
vt 0.960262 0.398832
vt 0.954726 0.403204
vt 0.957683 0.397912
vt 0.959683 0.394334
vt 0.955549 0.396198
vt 0.955925 0.392994
vt 0.953075 0.397371
vt 0.358625 0.697057
vt 0.347977 0.714440
vt 0.356166 0.673921
vt 0.348177 0.695218
vt 0.340181 0.714072
vt 0.343952 0.643545
vt 0.347884 0.678846
vt 0.336196 0.691029
vt 0.338877 0.668063
vt 0.329790 0.606257
vt 0.321024 0.630494
vt 0.322497 0.656609
vt 0.318447 0.675835
vt 0.311782 0.683553
vt 0.299426 0.620918
vt 0.301045 0.645532
vt 0.297373 0.663707
vt 0.274652 0.612343
vt 0.274639 0.634715
vt 0.271943 0.652464
vt 0.291412 0.670664
vt 0.247731 0.606756
vt 0.244829 0.627615
vt 0.242439 0.644793
vt 0.228389 0.588426
vt 0.220307 0.604782
vt 0.220630 0.572366
vt 0.207445 0.587338
vt 0.194133 0.606268
vt 0.214213 0.626307
vt 0.398003 0.822352
vt 0.359394 0.844391
vt 0.405996 0.788199
vt 0.438837 0.802916
vt 0.426632 0.840513
vt 0.446367 0.773085
vt 0.384810 0.858021
vt 0.409660 0.876773
vt 0.368307 0.886346
vt 0.390001 0.904594
vt 0.345324 0.871560
vt 0.348118 0.911393
vt 0.366405 0.929160
vt 0.328718 0.896581
vt 0.322435 0.859347
vt 0.309161 0.884406
vt 0.293293 0.908357
vt 0.309039 0.920109
vt 0.324285 0.934357
vt 0.338135 0.951611
vt 0.307398 0.969020
vt 0.297826 0.951972
vt 0.277316 0.980036
vt 0.286734 0.937703
vt 0.271172 0.961661
vt 0.248368 0.985899
vt 0.275543 0.925453
vt 0.245378 0.965672
vt 0.221149 0.987673
vt 0.264089 0.945705
vt 0.221147 0.966472
vt 0.194954 0.986075
vt 0.242133 0.947573
vt 0.257344 0.931314
vt 0.268744 0.914866
vt 0.239344 0.930726
vt 0.255532 0.914901
vt 0.277842 0.899045
vt 0.261682 0.893135
vt 0.239681 0.911822
vt 0.221117 0.947101
vt 0.221343 0.928583
vt 0.197935 0.964652
vt 0.200662 0.945051
vt 0.175107 0.960066
vt 0.169318 0.980461
vt 0.180425 0.941439
vt 0.203302 0.926077
vt 0.185262 0.923563
vt 0.223131 0.908168
vt 0.152015 0.952682
vt 0.143617 0.971324
vt 0.160078 0.936156
vt 0.167360 0.920711
vt 0.128296 0.941782
vt 0.117369 0.957782
vt 0.139466 0.928365
vt 0.149883 0.916362
vt 0.105300 0.925184
vt 0.091437 0.938972
vt 0.119865 0.914485
vt 0.133975 0.905756
vt 0.084654 0.901016
vt 0.066620 0.913834
vt 0.045553 0.884518
vt 0.103211 0.891471
vt 0.067995 0.872418
vt 0.956367 0.389236
vt 0.951959 0.393426
vt 0.950885 0.389631
vt 0.956790 0.385637
vt 0.949899 0.386143
vt 0.963376 0.387727
vt 0.964995 0.384831
vt 0.948354 0.395136
vt 0.971357 0.390070
vt 0.980761 0.382644
vt 0.950354 0.397668
vt 0.971432 0.373315
vt 0.957199 0.382157
vt 0.958598 0.370257
vt 0.948995 0.382951
vt 0.945404 0.370257
vt 0.934166 0.377169
vt 0.974979 0.397474
vt 0.987673 0.393882
vt 0.987673 0.407076
vt 0.975773 0.405677
vt 0.984614 0.419910
vt 0.972293 0.405268
vt 0.973099 0.413473
vt 0.967859 0.419836
vt 0.975285 0.429239
vt 0.970203 0.411855
vt 0.967039 0.410086
vt 0.963596 0.408162
vt 0.961097 0.411272
vt 0.959097 0.408740
vt 0.963442 0.414242
vt 0.957492 0.412982
vt 0.956376 0.409037
vt 0.965688 0.417086
vt 0.958566 0.416777
vt 0.953902 0.410210
vt 0.960456 0.423457
vt 0.964047 0.436151
vt 0.950854 0.436151
vt 0.953526 0.413414
vt 0.951768 0.408496
vt 0.949768 0.412074
vt 0.953084 0.417172
vt 0.947843 0.415517
vt 0.959553 0.420265
vt 0.952661 0.420771
vt 0.952252 0.424251
vt 0.946075 0.418681
vt 0.944456 0.421577
vt 0.938020 0.433093
vt 0.928690 0.423764
vt 0.938094 0.416338
vt 0.921778 0.412526
vt 0.940844 0.414166
vt 0.934472 0.408934
vt 0.933678 0.400731
vt 0.921778 0.399332
vt 0.937665 0.408031
vt 0.943688 0.411920
vt 0.937158 0.401140
vt 0.941153 0.407044
vt 0.946657 0.409575
vt 0.949190 0.407576
vt 0.944948 0.405970
vt 0.948892 0.404854
vt 0.949434 0.400246
vt 0.947720 0.402381
vt 0.945856 0.398246
vt 0.944515 0.402004
vt 0.946009 0.392166
vt 0.942413 0.396322
vt 0.943763 0.389322
vt 0.940757 0.401563
vt 0.939249 0.394553
vt 0.941592 0.386572
vt 0.924837 0.386498
vt 0.936352 0.392935
vt 0.185856 0.629505
vt 0.162196 0.634305
vt 0.211961 0.644118
vt 0.184427 0.647993
vt 0.143311 0.640853
vt 0.160843 0.653907
vt 0.165148 0.663151
vt 0.139621 0.663679
vt 0.131702 0.648768
vt 0.126951 0.664438
vt 0.116398 0.663354
vt 0.129497 0.684758
vt 0.121896 0.682984
vt 0.102321 0.661315
vt 0.111509 0.682451
vt 0.097865 0.680976
vt 0.118646 0.702440
vt 0.108269 0.701211
vt 0.106121 0.720583
vt 0.125668 0.704135
vt 0.117243 0.722251
vt 0.106449 0.741555
vt 0.094949 0.768965
vt 0.111656 0.766706
vt 0.101243 0.800973
vt 0.106911 0.829360
vt 0.117489 0.742167
vt 0.125656 0.723506
vt 0.119258 0.759637
vt 0.126199 0.743510
vt 0.126531 0.764743
vt 0.127729 0.793183
vt 0.132623 0.760191
vt 0.130706 0.826772
vt 0.139528 0.770134
vt 0.133908 0.853466
vt 0.153965 0.803804
vt 0.138973 0.879723
vt 0.153551 0.827690
vt 0.154289 0.852347
vt 0.143406 0.897427
vt 0.156132 0.878449
vt 0.156107 0.901067
vt 0.172196 0.902432
vt 0.174369 0.852664
vt 0.189115 0.903435
vt 0.173876 0.878238
vt 0.206209 0.905183
vt 0.191852 0.878748
vt 0.194096 0.853577
vt 0.209659 0.880388
vt 0.227238 0.883672
vt 0.213126 0.855468
vt 0.967039 0.307765
vt 0.959097 0.309111
vt 0.961097 0.306579
vt 0.956376 0.308814
vt 0.957492 0.304870
vt 0.963442 0.303610
vt 0.972293 0.312583
vt 0.970203 0.305997
vt 0.958566 0.301074
vt 0.973099 0.304378
vt 0.965688 0.300766
vt 0.967859 0.298016
vt 0.984614 0.297941
vt 0.975773 0.312174
vt 0.975285 0.288612
vt 0.987673 0.310776
vt 0.960456 0.294394
vt 0.964047 0.281700
vt 0.950854 0.281700
vt 0.974979 0.320377
vt 0.987673 0.323969
vt 0.980761 0.335207
vt 0.971357 0.327781
vt 0.968607 0.325610
vt 0.964995 0.333020
vt 0.971431 0.344536
vt 0.963376 0.330124
vt 0.957199 0.335695
vt 0.958598 0.347595
vt 0.948995 0.334901
vt 0.945404 0.347595
vt 0.934166 0.340683
vt 0.943763 0.328529
vt 0.941592 0.331279
vt 0.924837 0.331353
vt 0.936352 0.324917
vt 0.921778 0.318519
vt 0.939249 0.323298
vt 0.942413 0.321530
vt 0.933678 0.317121
vt 0.921778 0.305326
vt 0.940757 0.316289
vt 0.944515 0.315847
vt 0.947720 0.315471
vt 0.941153 0.310807
vt 0.937158 0.316712
vt 0.944948 0.311881
vt 0.948892 0.312997
vt 0.951768 0.309355
vt 0.949190 0.310276
vt 0.946657 0.308276
vt 0.949768 0.305777
vt 0.953902 0.307642
vt 0.953526 0.304437
vt 0.947843 0.302334
vt 0.953084 0.300679
vt 0.959553 0.297587
vt 0.952661 0.297080
vt 0.952252 0.293600
vt 0.946075 0.299170
vt 0.944456 0.296274
vt 0.938020 0.284759
vt 0.928690 0.294088
vt 0.938094 0.301514
vt 0.940844 0.303685
vt 0.943688 0.305931
vt 0.934472 0.308917
vt 0.937665 0.309820
vt 0.244670 0.888088
vt 0.231950 0.858844
vt 0.251177 0.863351
vt 0.270581 0.868527
vt 0.216141 0.833804
vt 0.236109 0.837079
vt 0.196037 0.831504
vt 0.218612 0.816038
vt 0.256648 0.840855
vt 0.240034 0.818643
vt 0.175247 0.829529
vt 0.197293 0.812697
vt 0.175955 0.808610
vt 0.220482 0.802604
vt 0.197423 0.797384
vt 0.176177 0.789646
vt 0.156133 0.780846
vt 0.177090 0.775659
vt 0.159585 0.763340
vt 0.197487 0.786081
vt 0.221840 0.792841
vt 0.143261 0.745951
vt 0.244089 0.803877
vt 0.261678 0.820537
vt 0.247114 0.792986
vt 0.278022 0.845009
vt 0.266641 0.802233
vt 0.284144 0.821916
vt 0.289883 0.875168
vt 0.300250 0.850362
vt 0.335637 0.833585
vt 0.312283 0.818861
vt 0.350429 0.804511
vt 0.334974 0.797777
vt 0.346848 0.775003
vt 0.341734 0.753486
vt 0.336061 0.772578
vt 0.329590 0.788901
vt 0.338575 0.733758
vt 0.333298 0.752396
vt 0.327315 0.771492
vt 0.321199 0.791828
vt 0.334155 0.718107
vt 0.316581 0.785786
vt 0.307225 0.793466
vt 0.288326 0.799239
vt 0.320791 0.769172
vt 0.310235 0.769183
vt 0.289784 0.781455
vt 0.269581 0.788527
vt 0.327337 0.751881
vt 0.322301 0.751234
vt 0.333104 0.736103
vt 0.328429 0.738887
vt 0.328494 0.722764
vt 0.320895 0.703634
vt 0.321938 0.724470
vt 0.323476 0.739433
vt 0.318018 0.749642
vt 0.315880 0.736642
vt 0.327485 0.699509
vt 0.305429 0.685697
vt 0.314688 0.705318
vt 0.285803 0.672583
vt 0.315483 0.724481
vt 0.300349 0.687407
vt 0.308998 0.707051
vt 0.282311 0.674648
vt 0.268013 0.660657
vt 0.263999 0.664650
vt 0.241125 0.654237
vt 0.213505 0.653073
vt 0.240263 0.660429
vt 0.261732 0.667275
vt 0.216277 0.658011
vt 0.239759 0.664054
vt 0.296167 0.689849
vt 0.279384 0.677268
vt 0.288496 0.696273
vt 0.259606 0.670568
vt 0.272952 0.684157
vt 0.239187 0.668164
vt 0.298721 0.711935
vt 0.255331 0.678061
vt 0.276102 0.704432
vt 0.263361 0.694808
vt 0.284481 0.715859
vt 0.263079 0.712640
vt 0.269918 0.718935
vt 0.288044 0.724505
vt 0.301695 0.725013
vt 0.301774 0.732026
vt 0.288922 0.729287
vt 0.273533 0.724053
vt 0.274854 0.727243
vt 0.273158 0.729813
vt 0.266323 0.726120
vt 0.263709 0.724741
vt 0.260688 0.722507
vt 0.263629 0.726778
vt 0.260765 0.725442
vt 0.255126 0.720135
vt 0.258323 0.725129
vt 0.260383 0.728150
vt 0.146713 0.713105
vt 0.144208 0.699742
vt 0.150415 0.701515
vt 0.141107 0.725028
vt 0.150606 0.739842
vt 0.163470 0.755583
vt 0.154319 0.736164
vt 0.166074 0.752171
vt 0.178856 0.768772
vt 0.147074 0.721476
vt 0.198257 0.779811
vt 0.181044 0.765683
vt 0.187480 0.758256
vt 0.222671 0.786868
vt 0.199920 0.776673
vt 0.248084 0.786743
vt 0.223154 0.783394
vt 0.269762 0.781420
vt 0.247341 0.783271
vt 0.268500 0.777851
vt 0.288164 0.772932
vt 0.286590 0.768939
vt 0.264336 0.768950
vt 0.304836 0.761301
vt 0.302269 0.756749
vt 0.281959 0.760141
vt 0.313248 0.744596
vt 0.295523 0.747856
vt 0.300963 0.737154
vt 0.287440 0.733195
vt 0.282487 0.740017
vt 0.268805 0.733595
vt 0.272111 0.748829
vt 0.261075 0.737891
vt 0.257511 0.755491
vt 0.250581 0.740789
vt 0.244662 0.773155
vt 0.241671 0.758206
vt 0.239492 0.741880
vt 0.224693 0.772336
vt 0.226778 0.757352
vt 0.229015 0.741271
vt 0.205259 0.767672
vt 0.212217 0.754108
vt 0.218770 0.738997
vt 0.223168 0.726850
vt 0.197720 0.747172
vt 0.208400 0.734921
vt 0.215242 0.724710
vt 0.217610 0.719393
vt 0.210333 0.718405
vt 0.217651 0.713737
vt 0.207662 0.722420
vt 0.199096 0.729268
vt 0.185493 0.736778
vt 0.209666 0.713810
vt 0.214727 0.701918
vt 0.204061 0.704429
vt 0.205228 0.717741
vt 0.203667 0.714573
vt 0.195764 0.708618
vt 0.193773 0.692977
vt 0.202793 0.717376
vt 0.202420 0.720085
vt 0.200151 0.715898
vt 0.199672 0.717879
vt 0.192832 0.723025
vt 0.189677 0.718198
vt 0.177916 0.725468
vt 0.197260 0.716511
vt 0.190889 0.712554
vt 0.188747 0.715262
vt 0.182594 0.701683
vt 0.184078 0.681745
vt 0.176806 0.709028
vt 0.169965 0.694021
vt 0.161411 0.686517
vt 0.163534 0.705790
vt 0.174655 0.713389
vt 0.161544 0.712515
vt 0.175014 0.717553
vt 0.160924 0.717670
vt 0.163236 0.729450
vt 0.172931 0.744972
vt 0.254703 0.728966
vt 0.253229 0.724373
vt 0.253504 0.707313
vt 0.247464 0.717885
vt 0.246786 0.729099
vt 0.245959 0.723337
vt 0.249589 0.689615
vt 0.243706 0.704068
vt 0.239833 0.716242
vt 0.238111 0.675896
vt 0.236510 0.687402
vt 0.234429 0.702358
vt 0.238617 0.722504
vt 0.232651 0.715139
vt 0.238577 0.728994
vt 0.231737 0.721705
vt 0.230814 0.728346
vt 0.224902 0.720595
vt 0.225441 0.714240
vt 0.225039 0.701471
vt 0.223325 0.685961
vt 0.220955 0.673278
vt 0.208658 0.687197
vt 0.218887 0.664903
vt 0.202338 0.674333
vt 0.217741 0.661154
vt 0.198032 0.665949
vt 0.195931 0.662630
vt 0.193135 0.659690
vt 0.178451 0.673470
vt 0.175095 0.669980
vt 0.170675 0.666948
vt 0.188262 0.656313
vt 0.156411 0.683297
vt 0.150900 0.679981
vt 0.145686 0.674214
vt 0.134192 0.690285
vt 0.138367 0.696311
vt 0.130291 0.707884
vt 0.134029 0.711839
vt 0.131532 0.724637
vt 0.133109 0.743059
vt 0.136553 0.725390
vt 0.138644 0.713717
s 1
usemtl Handle1Mtl.025
f 1/1/1 2/2/2 3/3/3
f 2/2/2 1/1/1 4/4/4
f 2/2/2 5/5/5 3/3/3
f 3/3/3 6/6/6 1/1/1
f 6/6/6 3/3/3 7/7/7
f 3/3/3 8/8/8 7/7/7
f 8/8/8 3/3/3 5/5/5
f 7/7/7 9/9/9 6/6/6
f 7/7/7 8/8/8 9/9/9
f 10/10/10 1/1/1 6/6/6
f 6/6/6 9/9/9 11/11/11
f 6/6/6 11/11/11 10/10/10
f 1/1/1 10/10/10 12/12/12
f 12/12/12 4/4/4 1/1/1
f 13/13/13 12/12/12 10/10/10
f 10/10/10 11/11/11 14/14/14
f 13/13/13 10/10/10 14/14/14
f 9/9/9 15/15/15 11/11/11
f 11/11/11 16/16/16 14/14/14
f 11/11/11 15/15/15 16/16/16
f 9/9/9 17/17/17 15/15/15
f 8/8/8 17/17/17 9/9/9
f 8/8/8 18/18/18 17/17/17
f 5/5/5 18/18/18 8/8/8
f 17/17/17 19/19/19 15/15/15
f 15/15/15 20/20/20 16/16/16
f 15/15/15 19/19/19 20/20/20
f 17/17/17 21/21/21 19/19/19
f 18/18/18 21/21/21 17/17/17
f 19/19/19 22/22/22 20/20/20
f 23/23/23 21/21/21 18/18/18
f 21/21/21 24/24/24 19/19/19
f 19/19/19 24/24/24 22/22/22
f 25/25/25 24/24/24 21/21/21
f 25/25/25 21/21/21 23/23/23
f 26/26/26 27/27/27 28/28/28
f 29/29/29 27/27/27 30/30/30
f 30/30/30 31/31/31 29/29/29
f 32/32/32 28/28/28 27/27/27
f 27/27/27 29/29/29 32/32/32
f 33/33/33 29/29/29 31/31/31
f 33/33/33 31/31/31 34/34/34
f 29/29/29 33/33/33 35/35/35
f 35/35/35 32/32/32 29/29/29
f 36/36/36 35/35/35 33/33/33
f 36/36/36 33/33/33 34/34/34
f 35/35/35 36/36/36 37/37/37
f 38/38/38 36/36/36 34/34/34
f 38/38/38 37/37/37 36/36/36
f 32/32/32 35/35/35 39/39/39
f 37/37/37 39/39/39 35/35/35
f 28/28/28 32/32/32 40/40/40
f 39/39/39 40/40/40 32/32/32
f 40/40/40 41/41/41 28/28/28
f 41/41/41 40/40/40 42/42/42
f 40/40/40 43/43/43 42/42/42
f 40/40/40 39/39/39 43/43/43
f 44/44/44 42/42/42 43/43/43
f 39/39/39 37/37/37 45/45/45
f 45/45/45 43/43/43 39/39/39
f 44/44/44 43/43/43 46/46/46
f 43/43/43 45/45/45 46/46/46
f 47/47/47 44/44/44 46/46/46
f 45/45/45 37/37/37 48/48/48
f 48/48/48 46/46/46 45/45/45
f 47/47/47 46/46/46 49/49/49
f 46/46/46 48/48/48 49/49/49
f 49/49/49 50/50/50 47/47/47
f 48/48/48 37/37/37 51/51/51
f 37/37/37 38/38/38 51/51/51
f 52/52/52 49/49/49 48/48/48
f 48/48/48 51/51/51 52/52/52
f 50/50/50 49/49/49 53/53/53
f 49/49/49 52/52/52 53/53/53
f 53/53/53 54/54/54 50/50/50
f 54/54/54 53/53/53 55/55/55
f 53/53/53 56/56/56 55/55/55
f 56/56/56 53/53/53 52/52/52
f 57/57/57 55/55/55 56/56/56
f 52/52/52 51/51/51 58/58/58
f 52/52/52 58/58/58 56/56/56
f 59/59/59 57/57/57 56/56/56
f 56/56/56 58/58/58 59/59/59
f 57/57/57 59/59/59 60/60/60
f 59/59/59 61/61/61 60/60/60
f 61/61/61 59/59/59 62/62/62
f 58/58/58 62/62/62 59/59/59
f 61/61/61 62/62/62 34/34/34
f 51/51/51 63/63/63 58/58/58
f 62/62/62 58/58/58 63/63/63
f 62/62/62 63/63/63 34/34/34
f 63/63/63 51/51/51 38/38/38
f 63/63/63 38/38/38 34/34/34
f 64/64/64 65/65/65 66/66/66
f 67/67/67 68/68/68 69/69/69
f 67/67/67 65/65/65 68/68/68
f 65/65/65 64/64/64 70/70/70
f 70/70/70 68/68/68 65/65/65
f 71/71/71 70/70/70 64/64/64
f 69/69/69 68/68/68 72/72/72
f 69/69/69 72/72/72 73/73/73
f 68/68/68 70/70/70 74/74/74
f 68/68/68 74/74/74 72/72/72
f 70/70/70 71/71/71 75/75/75
f 75/75/75 74/74/74 70/70/70
f 76/76/76 75/75/75 71/71/71
f 73/73/73 72/72/72 77/77/77
f 77/77/77 78/78/78 73/73/73
f 78/78/78 77/77/77 79/79/79
f 72/72/72 80/80/80 77/77/77
f 72/72/72 74/74/74 80/80/80
f 77/77/77 81/81/81 79/79/79
f 77/77/77 80/80/80 81/81/81
f 82/82/82 79/79/79 81/81/81
f 83/83/83 79/79/79 82/82/82
f 74/74/74 84/84/84 80/80/80
f 74/74/74 75/75/75 84/84/84
f 80/80/80 85/85/85 81/81/81
f 80/80/80 84/84/84 85/85/85
f 81/81/81 85/85/85 86/86/86
f 81/81/81 86/86/86 82/82/82
f 87/87/87 83/83/83 82/82/82
f 88/88/88 83/83/83 87/87/87
f 89/89/89 82/82/82 86/86/86
f 87/87/87 82/82/82 89/89/89
f 87/87/87 90/90/90 88/88/88
f 91/91/91 88/88/88 90/90/90
f 92/92/92 87/87/87 89/89/89
f 90/90/90 87/87/87 92/92/92
f 90/90/90 93/93/93 91/91/91
f 41/41/41 91/91/91 93/93/93
f 94/94/94 90/90/90 92/92/92
f 93/93/93 90/90/90 94/94/94
f 92/92/92 89/89/89 95/95/95
f 93/93/93 28/28/28 41/41/41
f 94/94/94 92/92/92 96/96/96
f 96/96/96 92/92/92 95/95/95
f 94/94/94 26/26/26 93/93/93
f 28/28/28 93/93/93 26/26/26
f 97/97/97 94/94/94 96/96/96
f 26/26/26 94/94/94 97/97/97
f 95/95/95 89/89/89 98/98/98
f 86/86/86 98/98/98 89/89/89
f 98/98/98 99/99/99 95/95/95
f 86/86/86 100/100/100 98/98/98
f 100/100/100 99/99/99 98/98/98
f 85/85/85 100/100/100 86/86/86
f 85/85/85 101/101/101 100/100/100
f 84/84/84 101/101/101 85/85/85
f 101/101/101 102/102/102 100/100/100
f 99/99/99 100/100/100 102/102/102
f 84/84/84 103/103/103 101/101/101
f 103/103/103 84/84/84 75/75/75
f 75/75/75 76/76/76 103/103/103
f 103/103/103 104/104/104 101/101/101
f 102/102/102 101/101/101 104/104/104
f 76/76/76 105/105/105 103/103/103
f 104/104/104 103/103/103 105/105/105
f 105/105/105 76/76/76 106/106/106
f 107/107/107 105/105/105 106/106/106
f 105/105/105 107/107/107 108/108/108
f 108/108/108 104/104/104 105/105/105
f 108/108/108 107/107/107 34/34/34
f 104/104/104 108/108/108 109/109/109
f 104/104/104 109/109/109 102/102/102
f 109/109/109 108/108/108 34/34/34
f 102/102/102 109/109/109 110/110/110
f 102/102/102 110/110/110 99/99/99
f 110/110/110 109/109/109 34/34/34
f 99/99/99 110/110/110 111/111/111
f 111/111/111 110/110/110 34/34/34
f 99/99/99 111/111/111 112/112/112
f 95/95/95 99/99/99 112/112/112
f 95/95/95 112/112/112 96/96/96
f 113/113/113 112/112/112 111/111/111
f 113/113/113 111/111/111 34/34/34
f 96/96/96 112/112/112 114/114/114
f 114/114/114 112/112/112 113/113/113
f 96/96/96 114/114/114 97/97/97
f 115/115/115 114/114/114 113/113/113
f 115/115/115 113/113/113 34/34/34
f 97/97/97 114/114/114 116/116/116
f 114/114/114 115/115/115 116/116/116
f 97/97/97 116/116/116 117/117/117
f 97/97/97 117/117/117 26/26/26
f 116/116/116 115/115/115 118/118/118
f 118/118/118 115/115/115 34/34/34
f 116/116/116 118/118/118 119/119/119
f 117/117/117 116/116/116 119/119/119
f 119/119/119 118/118/118 120/120/120
f 120/120/120 118/118/118 34/34/34
f 121/121/121 119/119/119 120/120/120
f 121/121/121 120/120/120 34/34/34
f 119/119/119 121/121/121 30/30/30
f 30/30/30 117/117/117 119/119/119
f 31/31/31 30/30/30 121/121/121
f 31/31/31 121/121/121 34/34/34
f 117/117/117 30/30/30 27/27/27
f 27/27/27 26/26/26 117/117/117
f 122/122/122 123/123/123 124/124/124
f 123/123/123 125/125/125 126/126/126
f 126/126/126 124/124/124 123/123/123
f 127/127/127 126/126/126 125/125/125
f 127/127/127 125/125/125 128/128/34
f 126/126/126 127/127/127 129/129/128
f 122/122/122 130/130/129 131/131/130
f 130/130/129 132/132/131 131/131/130
f 130/130/129 122/122/122 133/133/132
f 124/124/124 133/133/132 122/122/122
f 132/132/131 130/130/129 134/134/133
f 134/134/133 135/135/134 132/132/131
f 133/133/132 136/136/135 130/130/129
f 136/136/135 134/134/133 130/130/129
f 124/124/124 126/126/126 137/137/136
f 129/129/128 137/137/136 126/126/126
f 133/133/132 124/124/124 138/138/137
f 137/137/136 138/138/137 124/124/124
f 136/136/135 133/133/132 139/139/138
f 138/138/137 139/139/138 133/133/132
f 138/138/137 137/137/136 140/140/139
f 139/139/138 138/138/137 141/141/140
f 141/141/140 138/138/137 140/140/139
f 142/142/141 140/140/139 137/137/136
f 137/137/136 129/129/128 142/142/141
f 140/140/139 143/143/142 141/141/140
f 140/140/139 142/142/141 144/144/143
f 144/144/143 143/143/142 140/140/139
f 142/142/141 129/129/128 145/145/144
f 145/145/144 144/144/143 142/142/141
f 145/145/144 129/129/128 146/146/145
f 144/144/143 145/145/144 147/147/146
f 129/129/128 148/148/147 146/146/145
f 148/148/147 129/129/128 127/127/127
f 148/148/147 127/127/127 128/128/34
f 149/149/148 146/146/145 148/148/147
f 149/149/148 148/148/147 128/128/34
f 145/145/144 146/146/145 150/150/149
f 150/150/149 147/147/146 145/145/144
f 146/146/145 149/149/148 151/151/150
f 150/150/149 146/146/145 151/151/150
f 152/152/151 149/149/148 128/128/34
f 152/152/151 151/151/150 149/149/148
f 153/153/107 152/152/151 128/128/34
f 154/154/152 152/152/151 153/153/107
f 152/152/151 154/154/152 155/155/153
f 151/151/150 152/152/151 155/155/153
f 156/156/76 155/155/153 154/154/152
f 157/157/154 151/151/150 155/155/153
f 157/157/154 155/155/153 156/156/76
f 150/150/149 151/151/150 157/157/154
f 158/158/71 157/157/154 156/156/76
f 157/157/154 159/159/155 150/150/149
f 147/147/146 150/150/149 159/159/155
f 157/157/154 158/158/71 160/160/156
f 159/159/155 157/157/154 160/160/156
f 158/158/71 161/161/157 160/160/156
f 161/161/157 158/158/71 162/162/64
f 163/163/158 161/161/157 162/162/64
f 164/164/159 160/160/156 161/161/157
f 160/160/156 164/164/159 159/159/155
f 161/161/157 163/163/158 165/165/160
f 166/166/161 165/165/160 163/163/158
f 161/161/157 167/167/162 164/164/159
f 167/167/162 161/161/157 165/165/160
f 165/165/160 166/166/161 168/168/163
f 168/168/163 167/167/162 165/165/160
f 169/169/164 168/168/163 166/166/161
f 170/170/165 159/159/155 164/164/159
f 159/159/155 170/170/165 147/147/146
f 171/171/166 164/164/159 167/167/162
f 164/164/159 171/171/166 170/170/165
f 168/168/163 169/169/164 172/172/167
f 172/172/167 169/169/164 173/173/168
f 167/167/162 168/168/163 174/174/169
f 172/172/167 174/174/169 168/168/163
f 167/167/162 175/175/170 171/171/166
f 175/175/170 167/167/162 174/174/169
f 174/174/169 172/172/167 176/176/171
f 176/176/171 175/175/170 174/174/169
f 173/173/168 177/177/172 172/172/167
f 176/176/171 172/172/167 177/177/172
f 178/178/173 177/177/172 173/173/168
f 178/178/173 179/179/174 177/177/172
f 178/178/173 180/180/175 179/179/174
f 177/177/172 181/181/176 176/176/171
f 179/179/174 181/181/176 177/177/172
f 181/181/176 182/182/177 176/176/171
f 175/175/170 176/176/171 182/182/177
f 183/183/178 179/179/174 180/180/175
f 180/180/175 184/184/179 183/183/178
f 179/179/174 185/185/180 181/181/176
f 179/179/174 183/183/178 185/185/180
f 184/184/179 186/186/181 183/183/178
f 187/187/182 186/186/181 184/184/179
f 183/183/178 188/188/183 185/185/180
f 186/186/181 188/188/183 183/183/178
f 185/185/180 189/189/184 181/181/176
f 182/182/177 181/181/176 189/189/184
f 188/188/183 190/190/185 185/185/180
f 189/189/184 185/185/180 190/190/185
f 188/188/183 191/191/186 190/190/185
f 189/189/184 190/190/185 191/191/186
f 186/186/181 192/192/187 188/188/183
f 191/191/186 188/188/183 192/192/187
f 191/191/186 193/193/188 189/189/184
f 182/182/177 189/189/184 193/193/188
f 192/192/187 194/194/189 191/191/186
f 194/194/189 193/193/188 191/191/186
f 195/195/190 196/196/191 197/197/192
f 197/197/192 198/198/193 195/195/190
f 198/198/193 199/199/194 195/195/190
f 200/200/195 201/201/196 202/202/197
f 200/200/195 202/202/197 203/203/198
f 201/201/196 204/204/199 205/205/200
f 202/202/197 201/201/196 205/205/200
f 205/205/200 204/204/199 206/206/201
f 204/204/199 196/196/191 206/206/201
f 203/203/198 202/202/197 207/207/202
f 208/208/203 203/203/198 207/207/202
f 202/202/197 205/205/200 209/209/204
f 202/202/197 209/209/204 207/207/202
f 210/210/205 208/208/203 207/207/202
f 211/211/206 208/208/203 210/210/205
f 207/207/202 209/209/204 212/212/207
f 207/207/202 212/212/207 210/210/205
f 209/209/204 205/205/200 213/213/208
f 205/205/200 206/206/201 213/213/208
f 212/212/207 209/209/204 214/214/209
f 209/209/204 213/213/208 214/214/209
f 210/210/205 212/212/207 215/215/210
f 210/210/205 216/216/211 211/211/206
f 216/216/211 210/210/205 215/215/210
f 217/217/212 211/211/206 216/216/211
f 214/214/209 218/218/213 212/212/207
f 215/215/210 212/212/207 218/218/213
f 216/216/211 219/219/214 217/217/212
f 217/217/212 219/219/214 220/220/215
f 215/215/210 221/221/216 216/216/211
f 219/219/214 216/216/211 221/221/216
f 219/219/214 222/222/217 220/220/215
f 220/220/215 222/222/217 223/223/218
f 222/222/217 224/224/219 223/223/218
f 222/222/217 219/219/214 225/225/220
f 221/221/216 225/225/220 219/219/214
f 222/222/217 226/226/221 224/224/219
f 225/225/220 226/226/221 222/222/217
f 226/226/221 227/227/222 224/224/219
f 221/221/216 228/228/223 225/225/220
f 226/226/221 225/225/220 228/228/223
f 227/227/222 226/226/221 229/229/224
f 226/226/221 228/228/223 229/229/224
f 229/229/224 230/230/225 227/227/222
f 230/230/225 229/229/224 231/231/226
f 228/228/223 231/231/226 229/229/224
f 230/230/225 231/231/226 232/232/227
f 231/231/226 233/233/228 232/232/227
f 231/231/226 228/228/223 234/234/229
f 233/233/228 231/231/226 235/235/230
f 234/234/229 235/235/230 231/231/226
f 235/235/230 236/236/231 233/233/228
f 228/228/223 221/221/216 237/237/232
f 237/237/232 234/234/229 228/228/223
f 215/215/210 237/237/232 221/221/216
f 236/236/231 235/235/230 238/238/233
f 236/236/231 238/238/233 239/239/234
f 235/235/230 234/234/229 240/240/235
f 240/240/235 238/238/233 235/235/230
f 237/237/232 215/215/210 241/241/236
f 218/218/213 241/241/236 215/215/210
f 234/234/229 237/237/232 242/242/237
f 241/241/236 242/242/237 237/237/232
f 234/234/229 243/243/238 240/240/235
f 243/243/238 234/234/229 242/242/237
f 242/242/237 241/241/236 244/244/239
f 242/242/237 245/245/240 243/243/238
f 245/245/240 242/242/237 244/244/239
f 241/241/236 246/246/241 244/244/239
f 241/241/236 218/218/213 246/246/241
f 246/246/241 245/245/240 244/244/239
f 218/218/213 247/247/242 246/246/241
f 218/218/213 214/214/209 247/247/242
f 245/245/240 246/246/241 248/248/243
f 247/247/242 248/248/243 246/246/241
f 245/245/240 249/249/244 243/243/238
f 249/249/244 240/240/235 243/243/238
f 248/248/243 250/250/245 245/245/240
f 249/249/244 245/245/240 250/250/245
f 240/240/235 249/249/244 251/251/246
f 238/238/233 240/240/235 251/251/246
f 252/252/247 249/249/244 250/250/245
f 252/252/247 251/251/246 249/249/244
f 238/238/233 251/251/246 253/253/248
f 238/238/233 253/253/248 239/239/234
f 254/254/249 239/239/234 253/253/248
f 251/251/246 255/255/250 253/253/248
f 251/251/246 252/252/247 255/255/250
f 254/254/249 253/253/248 256/256/251
f 256/256/251 253/253/248 255/255/250
f 257/257/252 254/254/249 256/256/251
f 255/255/250 258/258/253 256/256/251
f 255/255/250 252/252/247 258/258/253
f 257/257/252 256/256/251 259/259/254
f 259/259/254 256/256/251 258/258/253
f 260/260/255 257/257/252 259/259/254
f 260/260/255 259/259/254 55/55/55
f 55/55/55 57/57/57 260/260/255
f 258/258/253 54/54/54 259/259/254
f 55/55/55 259/259/254 54/54/54
f 252/252/247 261/261/256 258/258/253
f 54/54/54 258/258/253 261/261/256
f 252/252/247 262/262/257 261/261/256
f 250/250/245 262/262/257 252/252/247
f 261/261/256 50/50/50 54/54/54
f 263/263/258 262/262/257 250/250/245
f 250/250/245 248/248/243 263/263/258
f 262/262/257 264/264/259 261/261/256
f 261/261/256 264/264/259 50/50/50
f 262/262/257 263/263/258 265/265/260
f 265/265/260 264/264/259 262/262/257
f 266/266/261 263/263/258 248/248/243
f 248/248/243 247/247/242 266/266/261
f 267/267/262 265/265/260 263/263/258
f 263/263/258 266/266/261 267/267/262
f 268/268/263 266/266/261 247/247/242
f 214/214/209 268/268/263 247/247/242
f 214/214/209 213/213/208 268/268/263
f 266/266/261 268/268/263 269/269/264
f 269/269/264 267/267/262 266/266/261
f 213/213/208 270/270/265 268/268/263
f 270/270/265 269/269/264 268/268/263
f 213/213/208 206/206/201 270/270/265
f 267/267/262 269/269/264 271/271/266
f 265/265/260 267/267/262 272/272/267
f 271/271/266 272/272/267 267/267/262
f 273/273/268 271/271/266 269/269/264
f 269/269/264 270/270/265 273/273/268
f 272/272/267 271/271/266 274/274/269
f 272/272/267 275/275/270 265/265/260
f 264/264/259 265/265/260 275/275/270
f 275/275/270 272/272/267 276/276/271
f 272/272/267 274/274/269 276/276/271
f 264/264/259 275/275/270 47/47/47
f 264/264/259 47/47/47 50/50/50
f 276/276/271 44/44/44 275/275/270
f 275/275/270 44/44/44 47/47/47
f 277/277/272 274/274/269 271/271/266
f 271/271/266 273/273/268 277/277/272
f 276/276/271 274/274/269 278/278/273
f 42/42/42 44/44/44 276/276/271
f 278/278/273 42/42/42 276/276/271
f 279/279/274 278/278/273 274/274/269
f 274/274/269 277/277/272 279/279/274
f 42/42/42 278/278/273 41/41/41
f 278/278/273 279/279/274 91/91/91
f 91/91/91 41/41/41 278/278/273
f 277/277/272 280/280/275 279/279/274
f 279/279/274 88/88/88 91/91/91
f 279/279/274 280/280/275 88/88/88
f 277/277/272 281/281/276 280/280/275
f 273/273/268 281/281/276 277/277/272
f 281/281/276 273/273/268 282/282/277
f 270/270/265 282/282/277 273/273/268
f 281/281/276 283/283/278 280/280/275
f 83/83/83 88/88/88 280/280/275
f 280/280/275 283/283/278 83/83/83
f 281/281/276 284/284/279 283/283/278
f 282/282/277 284/284/279 281/281/276
f 283/283/278 79/79/79 83/83/83
f 282/282/277 270/270/265 285/285/280
f 284/284/279 78/78/78 283/283/278
f 79/79/79 283/283/278 78/78/78
f 284/284/279 282/282/277 286/286/281
f 285/285/280 286/286/281 282/282/277
f 78/78/78 284/284/279 287/287/282
f 286/286/281 287/287/282 284/284/279
f 285/285/280 270/270/265 288/288/283
f 206/206/201 288/288/283 270/270/265
f 288/288/283 206/206/201 196/196/191
f 196/196/191 195/195/190 288/288/283
f 289/289/284 288/288/283 195/195/190
f 288/288/283 289/289/284 285/285/280
f 199/199/194 289/289/284 195/195/190
f 286/286/281 285/285/280 290/290/285
f 290/290/285 285/285/280 289/289/284
f 289/289/284 199/199/194 291/291/286
f 291/291/286 290/290/285 289/289/284
f 292/292/287 291/291/286 199/199/194
f 290/290/285 293/293/288 286/286/281
f 287/287/282 286/286/281 293/293/288
f 290/290/285 291/291/286 294/294/289
f 293/293/288 290/290/285 294/294/289
f 291/291/286 292/292/287 295/295/290
f 295/295/290 294/294/289 291/291/286
f 296/296/291 295/295/290 292/292/287
f 294/294/289 295/295/290 297/297/292
f 295/295/290 296/296/291 298/298/293
f 295/295/290 298/298/293 297/297/292
f 296/296/291 299/299/294 298/298/293
f 300/300/295 294/294/289 297/297/292
f 294/294/289 300/300/295 293/293/288
f 298/298/293 300/300/295 297/297/292
f 299/299/294 301/301/296 298/298/293
f 300/300/295 298/298/293 301/301/296
f 301/301/296 299/299/294 302/302/297
f 299/299/294 303/303/298 302/302/297
f 300/300/295 301/301/296 304/304/299
f 302/302/297 304/304/299 301/301/296
f 305/305/300 293/293/288 300/300/295
f 304/304/299 305/305/300 300/300/295
f 293/293/288 305/305/300 287/287/282
f 304/304/299 69/69/69 305/305/300
f 73/73/73 287/287/282 305/305/300
f 305/305/300 69/69/69 73/73/73
f 287/287/282 73/73/73 78/78/78
f 304/304/299 302/302/297 306/306/301
f 306/306/301 69/69/69 304/304/299
f 302/302/297 307/307/302 306/306/301
f 307/307/302 302/302/297 303/303/298
f 303/303/298 308/308/164 307/307/302
f 308/308/164 309/309/161 307/307/302
f 307/307/302 309/309/161 310/310/303
f 307/307/302 310/310/303 306/306/301
f 66/66/66 310/310/303 309/309/161
f 69/69/69 306/306/301 67/67/67
f 306/306/301 310/310/303 67/67/67
f 310/310/303 66/66/66 65/65/65
f 65/65/65 67/67/67 310/310/303
f 311/311/218 312/312/304 313/313/305
f 312/312/304 311/311/218 314/314/306
f 315/315/219 314/314/306 311/311/218
f 316/316/307 312/312/304 317/317/308
f 314/314/306 317/317/308 312/312/304
f 315/315/219 318/318/309 314/314/306
f 319/319/222 318/318/309 315/315/219
f 317/317/308 314/314/306 320/320/310
f 318/318/309 320/320/310 314/314/306
f 316/316/307 317/317/308 321/321/311
f 322/322/312 316/316/307 321/321/311
f 319/319/222 323/323/313 318/318/309
f 324/324/225 323/323/313 319/319/222
f 323/323/313 325/325/314 318/318/309
f 318/318/309 325/325/314 320/320/310
f 323/323/313 324/324/225 326/326/315
f 327/327/227 326/326/315 324/324/225
f 323/323/313 328/328/316 325/325/314
f 326/326/315 328/328/316 323/323/313
f 329/329/317 325/325/314 328/328/316
f 328/328/316 326/326/315 330/330/318
f 328/328/316 330/330/318 329/329/317
f 326/326/315 327/327/227 331/331/319
f 331/331/319 330/330/318 326/326/315
f 327/327/227 332/332/320 331/331/319
f 332/332/320 327/327/227 333/333/321
f 330/330/318 331/331/319 334/334/322
f 335/335/323 331/331/319 332/332/320
f 331/331/319 335/335/323 334/334/322
f 333/333/321 336/336/324 332/332/320
f 336/336/324 333/333/321 337/337/325
f 332/332/320 338/338/326 335/335/323
f 338/338/326 332/332/320 336/336/324
f 330/330/318 334/334/322 339/339/327
f 329/329/317 330/330/318 339/339/327
f 339/339/327 334/334/322 340/340/328
f 337/337/325 341/341/329 336/336/324
f 341/341/329 337/337/325 342/342/234
f 343/343/330 336/336/324 341/341/329
f 336/336/324 343/343/330 338/338/326
f 342/342/234 344/344/331 341/341/329
f 344/344/331 342/342/234 345/345/249
f 341/341/329 346/346/332 343/343/330
f 346/346/332 341/341/329 344/344/331
f 343/343/330 347/347/333 338/338/326
f 346/346/332 347/347/333 343/343/330
f 345/345/249 348/348/334 344/344/331
f 346/346/332 344/344/331 348/348/334
f 348/348/334 345/345/249 349/349/252
f 348/348/334 349/349/252 350/350/255
f 351/351/335 346/346/332 348/348/334
f 352/352/336 348/348/334 350/350/255
f 351/351/335 348/348/334 352/352/336
f 350/350/255 353/353/337 352/352/336
f 353/353/337 350/350/255 354/354/57
f 355/355/338 351/351/335 352/352/336
f 355/355/338 352/352/336 353/353/337
f 356/356/339 346/346/332 351/351/335
f 347/347/333 346/346/332 356/356/339
f 357/357/340 351/351/335 355/355/338
f 357/357/340 356/356/339 351/351/335
f 354/354/57 358/358/341 353/353/337
f 358/358/341 354/354/57 359/359/342
f 360/360/343 355/355/338 353/353/337
f 361/361/344 353/353/337 358/358/341
f 353/353/337 361/361/344 360/360/343
f 359/359/342 362/362/345 358/358/341
f 361/361/344 358/358/341 362/362/345
f 362/362/345 359/359/342 363/363/61
f 362/362/345 363/363/61 128/128/34
f 364/364/346 361/361/344 362/362/345
f 364/364/346 362/362/345 128/128/34
f 365/365/347 361/361/344 364/364/346
f 365/365/347 360/360/343 361/361/344
f 366/366/348 365/365/347 364/364/346
f 366/366/348 364/364/346 128/128/34
f 366/366/348 367/367/349 365/365/347
f 360/360/343 365/365/347 368/368/350
f 367/367/349 368/368/350 365/365/347
f 369/369/351 355/355/338 360/360/343
f 360/360/343 368/368/350 369/369/351
f 369/369/351 357/357/340 355/355/338
f 367/367/349 366/366/348 370/370/352
f 370/370/352 366/366/348 128/128/34
f 368/368/350 367/367/349 371/371/353
f 368/368/350 372/372/354 369/369/351
f 372/372/354 368/368/350 371/371/353
f 373/373/355 357/357/340 369/369/351
f 369/369/351 372/372/354 373/373/355
f 373/373/355 374/374/356 357/357/340
f 374/374/356 356/356/339 357/357/340
f 372/372/354 375/375/357 373/373/355
f 371/371/353 376/376/358 372/372/354
f 372/372/354 376/376/358 375/375/357
f 376/376/358 371/371/353 377/377/359
f 371/371/353 367/367/349 377/377/359
f 378/378/360 356/356/339 374/374/356
f 356/356/339 378/378/360 347/347/333
f 373/373/355 379/379/361 374/374/356
f 379/379/361 373/373/355 375/375/357
f 377/377/359 367/367/349 380/380/362
f 370/370/352 380/380/362 367/367/349
f 380/380/362 370/370/352 381/381/363
f 381/381/363 370/370/352 128/128/34
f 377/377/359 380/380/362 135/135/134
f 380/380/362 381/381/363 382/382/364
f 135/135/134 380/380/362 382/382/364
f 382/382/364 381/381/363 383/383/365
f 383/383/365 381/381/363 128/128/34
f 135/135/134 382/382/364 132/132/131
f 382/382/364 383/383/365 384/384/366
f 132/132/131 382/382/364 384/384/366
f 384/384/366 383/383/365 385/385/367
f 385/385/367 383/383/365 128/128/34
f 132/132/131 384/384/366 131/131/130
f 384/384/366 385/385/367 386/386/368
f 131/131/130 384/384/366 386/386/368
f 386/386/368 385/385/367 387/387/369
f 387/387/369 385/385/367 128/128/34
f 388/388/370 386/386/368 387/387/369
f 388/388/370 387/387/369 128/128/34
f 386/386/368 388/388/370 389/389/371
f 389/389/371 131/131/130 386/386/368
f 390/390/372 389/389/371 388/388/370
f 390/390/372 388/388/370 128/128/34
f 131/131/130 389/389/371 122/122/122
f 389/389/371 390/390/372 123/123/123
f 123/123/123 122/122/122 389/389/371
f 125/125/125 123/123/123 390/390/372
f 125/125/125 390/390/372 128/128/34
f 391/391/373 392/392/374 393/393/375
f 392/392/374 391/391/373 394/394/376
f 395/395/377 392/392/374 394/394/376
f 391/391/373 396/396/378 394/394/376
f 397/397/379 394/394/376 396/396/378
f 397/397/379 395/395/377 394/394/376
f 391/391/373 398/398/380 396/396/378
f 399/399/381 397/397/379 396/396/378
f 398/398/380 399/399/381 396/396/378
f 397/397/379 399/399/381 400/400/382
f 400/400/382 395/395/377 397/397/379
f 399/399/381 398/398/380 401/401/383
f 402/402/384 400/400/382 399/399/381
f 401/401/383 402/402/384 399/399/381
f 398/398/380 403/403/385 401/401/383
f 402/402/384 401/401/383 404/404/386
f 403/403/385 404/404/386 401/401/383
f 398/398/380 391/391/373 405/405/387
f 406/406/388 398/398/380 405/405/387
f 403/403/385 398/398/380 406/406/388
f 391/391/373 407/407/389 405/405/387
f 405/405/387 407/407/389 406/406/388
f 407/407/389 391/391/373 393/393/375
f 407/407/389 408/408/390 406/406/388
f 406/406/388 409/409/391 403/403/385
f 409/409/391 406/406/388 408/408/390
f 408/408/390 407/407/389 410/410/392
f 393/393/375 410/410/392 407/407/389
f 409/409/391 408/408/390 411/411/393
f 408/408/390 410/410/392 412/412/394
f 411/411/393 408/408/390 412/412/394
f 412/412/394 410/410/392 413/413/395
f 410/410/392 393/393/375 413/413/395
f 412/412/394 413/413/395 414/414/396
f 413/413/395 415/415/397 414/414/396
f 415/415/397 413/413/395 393/393/375
f 416/416/398 412/412/394 414/414/396
f 416/416/398 411/411/393 412/412/394
f 415/415/397 416/416/398 414/414/396
f 411/411/393 416/416/398 417/417/399
f 416/416/398 415/415/397 418/418/400
f 418/418/400 417/417/399 416/416/398
f 417/417/399 419/419/401 411/411/393
f 419/419/401 409/409/391 411/411/393
f 24/24/24 25/25/25 420/420/402
f 24/24/24 421/421/403 22/22/22
f 420/420/402 421/421/403 24/24/24
f 422/422/404 420/420/402 25/25/25
f 23/23/23 422/422/404 25/25/25
f 421/421/403 420/420/402 423/423/405
f 424/424/406 23/23/23 18/18/18
f 18/18/18 5/5/5 424/424/406
f 420/420/402 422/422/404 425/425/407
f 425/425/407 423/423/405 420/420/402
f 422/422/404 426/426/408 425/425/407
f 423/423/405 425/425/407 427/427/409
f 427/427/409 425/425/407 426/426/408
f 422/422/404 23/23/23 428/428/410
f 426/426/408 422/422/404 428/428/410
f 429/429/411 428/428/410 23/23/23
f 23/23/23 424/424/406 429/429/411
f 428/428/410 430/430/412 426/426/408
f 428/428/410 429/429/411 431/431/413
f 430/430/412 428/428/410 431/431/413
f 429/429/411 424/424/406 432/432/414
f 433/433/415 424/424/406 5/5/5
f 424/424/406 433/433/415 432/432/414
f 5/5/5 2/2/2 433/433/415
f 432/432/414 434/434/416 429/429/411
f 429/429/411 434/434/416 431/431/413
f 435/435/417 433/433/415 2/2/2
f 4/4/4 435/435/417 2/2/2
f 436/436/418 432/432/414 433/433/415
f 433/433/415 435/435/417 436/436/418
f 434/434/416 432/432/414 200/200/195
f 432/432/414 436/436/418 200/200/195
f 434/434/416 437/437/419 431/431/413
f 200/200/195 203/203/198 434/434/416
f 434/434/416 203/203/198 437/437/419
f 431/431/413 437/437/419 438/438/420
f 438/438/420 430/430/412 431/431/413
f 203/203/198 208/208/203 437/437/419
f 438/438/420 437/437/419 211/211/206
f 437/437/419 208/208/203 211/211/206
f 438/438/420 211/211/206 217/217/212
f 430/430/412 438/438/420 439/439/421
f 439/439/421 438/438/420 217/217/212
f 440/440/422 430/430/412 439/439/421
f 440/440/422 426/426/408 430/430/412
f 441/441/423 440/440/422 439/439/421
f 441/441/423 439/439/421 217/217/212
f 426/426/408 440/440/422 442/442/424
f 426/426/408 442/442/424 427/427/409
f 440/440/422 441/441/423 443/443/423
f 443/443/423 442/442/424 440/440/422
f 444/444/305 443/443/423 441/441/423
f 443/443/423 444/444/305 445/445/425
f 444/444/305 441/441/423 220/220/215
f 441/441/423 217/217/212 220/220/215
f 220/220/215 223/223/218 444/444/305
f 445/445/425 446/446/426 443/443/423
f 442/442/424 443/443/423 446/446/426
f 446/446/426 445/445/425 447/447/427
f 448/448/428 446/446/426 447/447/427
f 449/449/429 442/442/424 446/446/426
f 446/446/426 448/448/428 449/449/429
f 442/442/424 449/449/429 427/427/409
f 450/450/430 449/449/429 448/448/428
f 451/451/431 427/427/409 449/449/429
f 449/449/429 450/450/430 451/451/431
f 427/427/409 451/451/431 423/423/405
f 452/452/432 451/451/431 450/450/430
f 453/453/433 423/423/405 451/451/431
f 451/451/431 452/452/432 453/453/433
f 423/423/405 453/453/433 421/421/403
f 454/454/434 453/453/433 452/452/432
f 455/455/435 421/421/403 453/453/433
f 453/453/433 454/454/434 455/455/435
f 421/421/403 455/455/435 22/22/22
f 456/456/436 455/455/435 454/454/434
f 457/457/437 22/22/22 455/455/435
f 455/455/435 456/456/436 457/457/437
f 22/22/22 457/457/437 20/20/20
f 456/456/436 458/458/438 457/457/437
f 458/458/438 456/456/436 459/459/439
f 457/457/437 460/460/440 20/20/20
f 460/460/440 457/457/437 458/458/438
f 16/16/16 20/20/20 460/460/440
f 459/459/439 461/461/441 458/458/438
f 461/461/441 459/459/439 462/462/442
f 458/458/438 463/463/443 460/460/440
f 463/463/443 458/458/438 461/461/441
f 16/16/16 460/460/440 464/464/444
f 464/464/444 460/460/440 463/463/443
f 14/14/14 16/16/16 464/464/444
f 462/462/442 465/465/445 461/461/441
f 465/465/445 462/462/442 466/466/446
f 461/461/441 467/467/447 463/463/443
f 467/467/447 461/461/441 465/465/445
f 463/463/443 468/468/448 464/464/444
f 468/468/448 463/463/443 467/467/447
f 464/464/444 469/469/449 14/14/14
f 469/469/449 464/464/444 468/468/448
f 13/13/13 14/14/14 469/469/449
f 468/468/448 470/470/450 469/469/449
f 470/470/450 13/13/13 469/469/449
f 467/467/447 471/471/451 468/468/448
f 470/470/450 468/468/448 471/471/451
f 471/471/451 467/467/447 472/472/452
f 465/465/445 472/472/452 467/467/447
f 473/473/453 470/470/450 471/471/451
f 472/472/452 473/473/453 471/471/451
f 13/13/13 470/470/450 474/474/454
f 470/470/450 473/473/453 474/474/454
f 474/474/454 475/475/455 13/13/13
f 12/12/12 13/13/13 475/475/455
f 472/472/452 465/465/445 476/476/456
f 466/466/446 476/476/456 465/465/445
f 476/476/456 466/466/446 477/477/457
f 476/476/456 478/478/458 472/472/452
f 473/473/453 472/472/452 478/478/458
f 477/477/457 479/479/459 476/476/456
f 478/478/458 476/476/456 479/479/459
f 479/479/459 477/477/457 480/480/460
f 479/479/459 480/480/460 481/481/461
f 479/479/459 481/481/461 482/482/462
f 478/478/458 479/479/459 482/482/462
f 483/483/463 482/482/462 481/481/461
f 484/484/464 473/473/453 478/478/458
f 482/482/462 484/484/464 478/478/458
f 482/482/462 483/483/463 485/485/462
f 485/485/462 484/484/464 482/482/462
f 483/483/463 486/486/465 485/485/462
f 486/486/465 483/483/463 487/487/466
f 484/484/464 485/485/462 488/488/467
f 473/473/453 484/484/464 489/489/468
f 484/484/464 488/488/467 489/489/468
f 489/489/468 474/474/454 473/473/453
f 485/485/462 490/490/469 488/488/467
f 490/490/469 485/485/462 486/486/465
f 489/489/468 488/488/467 491/491/470
f 488/488/467 490/490/469 491/491/470
f 474/474/454 489/489/468 492/492/471
f 489/489/468 491/491/470 492/492/471
f 475/475/455 474/474/454 492/492/471
f 490/490/469 486/486/465 493/493/472
f 486/486/465 487/487/466 494/494/473
f 493/493/472 486/486/465 494/494/473
f 494/494/473 487/487/466 495/495/474
f 494/494/473 495/495/474 496/496/475
f 496/496/475 495/495/474 497/497/476
f 493/493/472 494/494/473 498/498/477
f 498/498/477 494/494/473 496/496/475
f 496/496/475 499/499/478 498/498/477
f 497/497/476 500/500/479 496/496/475
f 499/499/478 496/496/475 500/500/479
f 500/500/479 497/497/476 501/501/480
f 501/501/480 502/502/481 500/500/479
f 502/502/481 499/499/478 500/500/479
f 502/502/481 501/501/480 503/503/173
f 504/504/482 502/502/481 503/503/173
f 505/505/483 498/498/477 499/499/478
f 505/505/483 493/493/472 498/498/477
f 499/499/478 502/502/481 299/299/294
f 502/502/481 504/504/482 303/303/298
f 303/303/298 299/299/294 502/502/481
f 308/308/164 303/303/298 504/504/482
f 493/493/472 505/505/483 506/506/484
f 506/506/484 490/490/469 493/493/472
f 505/505/483 499/499/478 296/296/291
f 296/296/291 499/499/478 299/299/294
f 292/292/287 506/506/484 505/505/483
f 292/292/287 505/505/483 296/296/291
f 490/490/469 506/506/484 507/507/485
f 491/491/470 490/490/469 507/507/485
f 508/508/486 507/507/485 506/506/484
f 506/506/484 292/292/287 508/508/486
f 491/491/470 507/507/485 509/509/487
f 492/492/471 491/491/470 509/509/487
f 507/507/485 508/508/486 510/510/488
f 509/509/487 507/507/485 510/510/488
f 511/511/489 492/492/471 509/509/487
f 492/492/471 511/511/489 475/475/455
f 512/512/490 509/509/487 510/510/488
f 509/509/487 512/512/490 511/511/489
f 508/508/486 198/198/193 510/510/488
f 512/512/490 510/510/488 198/198/193
f 198/198/193 508/508/486 199/199/194
f 508/508/486 292/292/287 199/199/194
f 512/512/490 198/198/193 197/197/192
f 513/513/491 511/511/489 512/512/490
f 513/513/491 512/512/490 197/197/192
f 514/514/492 475/475/455 511/511/489
f 511/511/489 513/513/491 514/514/492
f 475/475/455 514/514/492 12/12/12
f 4/4/4 12/12/12 514/514/492
f 514/514/492 515/515/493 4/4/4
f 515/515/493 514/514/492 513/513/491
f 435/435/417 4/4/4 515/515/493
f 515/515/493 513/513/491 516/516/494
f 513/513/491 197/197/192 516/516/494
f 435/435/417 515/515/493 517/517/495
f 516/516/494 517/517/495 515/515/493
f 436/436/418 435/435/417 517/517/495
f 436/436/418 517/517/495 201/201/196
f 436/436/418 201/201/196 200/200/195
f 517/517/495 516/516/494 204/204/199
f 201/201/196 517/517/495 204/204/199
f 516/516/494 197/197/192 196/196/191
f 196/196/191 204/204/199 516/516/494
f 518/518/496 519/519/497 520/520/498
f 520/520/498 521/521/499 518/518/496
f 519/519/497 518/518/496 522/522/500
f 523/523/501 520/520/498 519/519/497
f 524/524/502 518/518/496 521/521/499
f 523/523/501 519/519/497 525/525/503
f 518/518/496 524/524/502 526/526/504
f 518/518/496 526/526/504 522/522/500
f 527/527/505 526/526/504 524/524/502
f 524/524/502 528/528/506 527/527/505
f 526/526/504 527/527/505 529/529/507
f 528/528/506 529/529/507 527/527/505
f 526/526/504 529/529/507 530/530/508
f 522/522/500 526/526/504 530/530/508
f 529/529/507 531/531/509 530/530/508
f 529/529/507 528/528/506 531/531/509
f 532/532/510 522/522/500 530/530/508
f 531/531/509 532/532/510 530/530/508
f 519/519/497 522/522/500 533/533/511
f 522/522/500 532/532/510 533/533/511
f 525/525/503 519/519/497 533/533/511
f 534/534/512 533/533/511 532/532/510
f 533/533/511 534/534/512 535/535/513
f 535/535/513 525/525/503 533/533/511
f 532/532/510 536/536/514 534/534/512
f 536/536/514 535/535/513 534/534/512
f 536/536/514 532/532/510 531/531/509
f 193/193/188 537/537/515 182/182/177
f 537/537/515 175/175/170 182/182/177
f 538/538/516 537/537/515 193/193/188
f 193/193/188 194/194/189 538/538/516
f 175/175/170 537/537/515 539/539/517
f 539/539/517 171/171/166 175/175/170
f 537/537/515 538/538/516 540/540/518
f 540/540/518 539/539/517 537/537/515
f 194/194/189 541/541/519 538/538/516
f 541/541/519 540/540/518 538/538/516
f 171/171/166 539/539/517 542/542/520
f 542/542/520 170/170/165 171/171/166
f 539/539/517 540/540/518 543/543/521
f 543/543/521 540/540/518 544/544/522
f 540/540/518 541/541/519 544/544/522
f 545/545/523 539/539/517 543/543/521
f 539/539/517 545/545/523 542/542/520
f 544/544/522 545/545/523 543/543/521
f 170/170/165 542/542/520 546/546/524
f 546/546/524 147/147/146 170/170/165
f 147/147/146 546/546/524 144/144/143
f 144/144/143 546/546/524 143/143/142
f 546/546/524 542/542/520 547/547/525
f 547/547/525 143/143/142 546/546/524
f 545/545/523 548/548/526 542/542/520
f 542/542/520 548/548/526 547/547/525
f 544/544/522 549/549/527 545/545/523
f 545/545/523 549/549/527 548/548/526
f 544/544/522 550/550/528 549/549/527
f 143/143/142 547/547/525 551/551/529
f 551/551/529 141/141/140 143/143/142
f 548/548/526 552/552/530 547/547/525
f 547/547/525 552/552/530 551/551/529
f 549/549/527 553/553/531 548/548/526
f 548/548/526 553/553/531 552/552/530
f 550/550/528 553/553/531 549/549/527
f 554/554/532 141/141/140 551/551/529
f 141/141/140 554/554/532 139/139/138
f 552/552/530 555/555/533 551/551/529
f 551/551/529 555/555/533 554/554/532
f 556/556/534 552/552/530 553/553/531
f 552/552/530 556/556/534 555/555/533
f 557/557/535 556/556/534 553/553/531
f 553/553/531 550/550/528 557/557/535
f 558/558/536 139/139/138 554/554/532
f 139/139/138 558/558/536 136/136/135
f 559/559/537 554/554/532 555/555/533
f 554/554/532 559/559/537 558/558/536
f 560/560/538 555/555/533 556/556/534
f 555/555/533 560/560/538 559/559/537
f 558/558/536 561/561/539 136/136/135
f 134/134/133 136/136/135 561/561/539
f 559/559/537 562/562/540 558/558/536
f 561/561/539 558/558/536 562/562/540
f 561/561/539 563/563/541 134/134/133
f 135/135/134 134/134/133 563/563/541
f 563/563/541 377/377/359 135/135/134
f 377/377/359 563/563/541 376/376/358
f 563/563/541 561/561/539 564/564/542
f 564/564/542 376/376/358 563/563/541
f 562/562/540 564/564/542 561/561/539
f 376/376/358 564/564/542 375/375/357
f 565/565/543 375/375/357 564/564/542
f 564/564/542 562/562/540 565/565/543
f 375/375/357 565/565/543 379/379/361
f 559/559/537 566/566/544 562/562/540
f 565/565/543 562/562/540 566/566/544
f 560/560/538 566/566/544 559/559/537
f 567/567/545 568/568/546 187/187/182
f 187/187/182 569/569/547 567/567/545
f 570/570/476 567/567/545 569/569/547
f 570/570/476 571/571/548 567/567/545
f 569/569/547 572/572/549 570/570/476
f 571/571/548 573/573/550 567/567/545
f 568/568/546 567/567/545 573/573/550
f 571/571/548 574/574/466 573/573/550
f 572/572/549 569/569/547 180/180/175
f 180/180/175 178/178/173 572/572/549
f 184/184/179 180/180/175 569/569/547
f 569/569/547 187/187/182 184/184/179
f 574/574/466 575/575/551 573/573/550
f 575/575/551 574/574/466 576/576/552
f 577/577/553 573/573/550 575/575/551
f 573/573/550 577/577/553 568/568/546
f 576/576/552 578/578/554 575/575/551
f 578/578/554 576/576/552 579/579/461
f 575/575/551 580/580/555 577/577/553
f 580/580/555 575/575/551 578/578/554
f 581/581/556 568/568/546 577/577/553
f 582/582/557 577/577/553 580/580/555
f 577/577/553 582/582/557 581/581/556
f 580/580/555 583/583/558 582/582/557
f 578/578/554 584/584/559 580/580/555
f 583/583/558 580/580/555 584/584/559
f 579/579/461 585/585/560 578/578/554
f 584/584/559 578/578/554 585/585/560
f 585/585/560 579/579/461 586/586/561
f 587/587/457 585/585/560 586/586/561
f 585/585/560 587/587/457 588/588/562
f 588/588/562 584/584/559 585/585/560
f 589/589/446 588/588/562 587/587/457
f 584/584/559 588/588/562 590/590/563
f 584/584/559 590/590/563 583/583/558
f 588/588/562 589/589/446 591/591/564
f 591/591/564 590/590/563 588/588/562
f 592/592/442 591/591/564 589/589/446
f 583/583/558 590/590/563 593/593/565
f 591/591/564 592/592/442 594/594/566
f 595/595/439 594/594/566 592/592/442
f 590/590/563 591/591/564 596/596/567
f 590/590/563 596/596/567 593/593/565
f 594/594/566 596/596/567 591/591/564
f 594/594/566 595/595/439 597/597/568
f 598/598/436 597/597/568 595/595/439
f 596/596/567 594/594/566 599/599/569
f 597/597/568 599/599/569 594/594/566
f 593/593/565 596/596/567 600/600/570
f 599/599/569 600/600/570 596/596/567
f 593/593/565 600/600/570 601/601/571
f 601/601/571 583/583/558 593/593/565
f 600/600/570 599/599/569 602/602/572
f 601/601/571 600/600/570 603/603/573
f 602/602/572 603/603/573 600/600/570
f 583/583/558 601/601/571 604/604/574
f 604/604/574 582/582/557 583/583/558
f 605/605/575 601/601/571 603/603/573
f 601/601/571 605/605/575 604/604/574
f 603/603/573 602/602/572 606/606/576
f 606/606/576 605/605/575 603/603/573
f 607/607/577 602/602/572 599/599/569
f 599/599/569 597/597/568 607/607/577
f 608/608/578 606/606/576 602/602/572
f 602/602/572 607/607/577 608/608/578
f 609/609/579 607/607/577 597/597/568
f 597/597/568 598/598/436 609/609/579
f 610/610/580 608/608/578 607/607/577
f 607/607/577 609/609/579 610/610/580
f 598/598/436 611/611/581 609/609/579
f 611/611/581 598/598/436 612/612/434
f 609/609/579 613/613/582 610/610/580
f 613/613/582 609/609/579 611/611/581
f 608/608/578 610/610/580 614/614/583
f 615/615/584 610/610/580 613/613/582
f 610/610/580 615/615/584 614/614/583
f 614/614/583 616/616/585 608/608/578
f 606/606/576 608/608/578 616/616/585
f 612/612/434 617/617/586 611/611/581
f 617/617/586 612/612/434 618/618/432
f 611/611/581 619/619/587 613/613/582
f 619/619/587 611/611/581 617/617/586
f 620/620/588 613/613/582 619/619/587
f 613/613/582 620/620/588 615/615/584
f 618/618/432 621/621/589 617/617/586
f 618/618/432 622/622/430 621/621/589
f 617/617/586 623/623/590 619/619/587
f 617/617/586 621/621/589 623/623/590
f 619/619/587 624/624/591 620/620/588
f 619/619/587 623/623/590 624/624/591
f 622/622/430 625/625/592 621/621/589
f 622/622/430 626/626/428 625/625/592
f 627/627/593 623/623/590 621/621/589
f 621/621/589 625/625/592 627/627/593
f 628/628/594 624/624/591 623/623/590
f 623/623/590 627/627/593 628/628/594
f 626/626/428 629/629/595 625/625/592
f 626/626/428 630/630/427 629/629/595
f 631/631/425 629/629/595 630/630/427
f 625/625/592 629/629/595 632/632/596
f 632/632/596 627/627/593 625/625/592
f 629/629/595 631/631/425 633/633/597
f 633/633/597 632/632/596 629/629/595
f 313/313/305 633/633/597 631/631/425
f 632/632/596 322/322/312 627/627/593
f 322/322/312 628/628/594 627/627/593
f 632/632/596 633/633/597 316/316/307
f 316/316/307 322/322/312 632/632/596
f 633/633/597 313/313/305 312/312/304
f 312/312/304 316/316/307 633/633/597
f 535/535/513 634/634/598 525/525/503
f 535/535/513 536/536/514 635/635/599
f 535/535/513 636/636/600 634/634/598
f 636/636/600 535/535/513 635/635/599
f 637/637/601 525/525/503 634/634/598
f 638/638/602 634/634/598 636/636/600
f 634/634/598 638/638/602 637/637/601
f 525/525/503 637/637/601 639/639/603
f 639/639/603 523/523/501 525/525/503
f 639/639/603 637/637/601 640/640/604
f 640/640/604 523/523/501 639/639/603
f 636/636/600 635/635/599 641/641/605
f 523/523/501 640/640/604 642/642/606
f 642/642/606 520/520/498 523/523/501
f 640/640/604 643/643/607 642/642/606
f 641/641/605 635/635/599 644/644/608
f 635/635/599 536/536/514 644/644/608
f 640/640/604 645/645/609 643/643/607
f 645/645/609 640/640/604 646/646/610
f 646/646/610 640/640/604 637/637/601
f 647/647/611 645/645/609 646/646/610
f 637/637/601 648/648/612 646/646/610
f 647/647/611 646/646/610 648/648/612
f 649/649/613 647/647/611 648/648/612
f 648/648/612 637/637/601 638/638/602
f 648/648/612 650/650/614 649/649/613
f 643/643/607 651/651/615 642/642/606
f 651/651/615 643/643/607 652/652/616
f 520/520/498 642/642/606 651/651/615
f 653/653/617 651/651/615 652/652/616
f 654/654/618 651/651/615 653/653/617
f 654/654/618 520/520/498 651/651/615
f 655/655/619 654/654/618 653/653/617
f 656/656/620 520/520/498 654/654/618
f 521/521/499 520/520/498 656/656/620
f 655/655/619 657/657/621 654/654/618
f 657/657/621 656/656/620 654/654/618
f 655/655/619 658/658/622 657/657/621
f 658/658/622 655/655/619 659/659/623
f 660/660/624 656/656/620 657/657/621
f 657/657/621 658/658/622 660/660/624
f 656/656/620 661/661/625 521/521/499
f 661/661/625 656/656/620 660/660/624
f 662/662/626 521/521/499 661/661/625
f 521/521/499 662/662/626 524/524/502
f 528/528/506 524/524/502 662/662/626
f 661/661/625 663/663/627 662/662/626
f 664/664/628 528/528/506 662/662/626
f 662/662/626 663/663/627 664/664/628
f 663/663/627 661/661/625 665/665/629
f 660/660/624 665/665/629 661/661/625
f 664/664/628 663/663/627 666/666/630
f 665/665/629 666/666/630 663/663/627
f 667/667/631 528/528/506 664/664/628
f 666/666/630 667/667/631 664/664/628
f 528/528/506 667/667/631 531/531/509
f 665/665/629 660/660/624 668/668/632
f 668/668/632 660/660/624 658/658/622
f 666/666/630 665/665/629 669/669/633
f 668/668/632 669/669/633 665/665/629
f 667/667/631 666/666/630 670/670/634
f 658/658/622 671/671/635 668/668/632
f 659/659/623 671/671/635 658/658/622
f 671/671/635 659/659/623 672/672/636
f 672/672/636 673/673/637 671/671/635
f 674/674/638 670/670/634 666/666/630
f 669/669/633 674/674/638 666/666/630
f 675/675/639 667/667/631 670/670/634
f 667/667/631 675/675/639 531/531/509
f 674/674/638 676/676/640 670/670/634
f 676/676/640 675/675/639 670/670/634
f 674/674/638 669/669/633 677/677/641
f 678/678/642 676/676/640 674/674/638
f 677/677/641 678/678/642 674/674/638
f 679/679/643 677/677/641 669/669/633
f 669/669/633 668/668/632 679/679/643
f 679/679/643 668/668/632 671/671/635
f 677/677/641 679/679/643 680/680/644
f 671/671/635 680/680/644 679/679/643
f 680/680/644 678/678/642 677/677/641
f 680/680/644 671/671/635 681/681/645
f 673/673/637 681/681/645 671/671/635
f 678/678/642 680/680/644 682/682/646
f 681/681/645 682/682/646 680/680/644
f 673/673/637 683/683/647 681/681/645
f 682/682/646 681/681/645 683/683/647
f 683/683/647 673/673/637 684/684/648
f 685/685/649 683/683/647 684/684/648
f 683/683/647 685/685/649 686/686/650
f 687/687/651 686/686/650 685/685/649
f 683/683/647 688/688/652 682/682/646
f 688/688/652 683/683/647 686/686/650
f 686/686/650 687/687/651 689/689/653
f 689/689/653 688/688/652 686/686/650
f 687/687/651 690/690/654 689/689/653
f 690/690/654 687/687/651 691/691/655
f 688/688/652 689/689/653 692/692/656
f 693/693/657 682/682/646 688/688/652
f 692/692/656 693/693/657 688/688/652
f 682/682/646 693/693/657 678/678/642
f 689/689/653 694/694/658 692/692/656
f 694/694/658 689/689/653 690/690/654
f 693/693/657 692/692/656 695/695/659
f 694/694/658 695/695/659 692/692/656
f 696/696/660 678/678/642 693/693/657
f 695/695/659 696/696/660 693/693/657
f 678/678/642 696/696/660 676/676/640
f 697/697/661 676/676/640 696/696/660
f 676/676/640 697/697/661 675/675/639
f 696/696/660 695/695/659 698/698/662
f 698/698/662 697/697/661 696/696/660
f 699/699/663 675/675/639 697/697/661
f 697/697/661 698/698/662 699/699/663
f 675/675/639 699/699/663 531/531/509
f 699/699/663 700/700/664 531/531/509
f 700/700/664 536/536/514 531/531/509
f 536/536/514 700/700/664 644/644/608
f 700/700/664 699/699/663 701/701/665
f 701/701/665 699/699/663 698/698/662
f 700/700/664 702/702/666 644/644/608
f 702/702/666 700/700/664 701/701/665
f 641/641/605 644/644/608 702/702/666
f 698/698/662 703/703/667 701/701/665
f 701/701/665 703/703/667 702/702/666
f 695/695/659 703/703/667 698/698/662
f 704/704/668 641/641/605 702/702/666
f 704/704/668 636/636/600 641/641/605
f 638/638/602 636/636/600 704/704/668
f 705/705/669 704/704/668 702/702/666
f 703/703/667 705/705/669 702/702/666
f 706/706/670 638/638/602 704/704/668
f 706/706/670 704/704/668 705/705/669
f 638/638/602 706/706/670 648/648/612
f 703/703/667 695/695/659 707/707/671
f 703/703/667 707/707/671 705/705/669
f 695/695/659 694/694/658 707/707/671
f 707/707/671 708/708/672 705/705/669
f 707/707/671 694/694/658 708/708/672
f 708/708/672 706/706/670 705/705/669
f 690/690/654 708/708/672 694/694/658
f 709/709/673 648/648/612 706/706/670
f 709/709/673 706/706/670 708/708/672
f 650/650/614 648/648/612 709/709/673
f 709/709/673 710/710/674 650/650/614
f 711/711/675 709/709/673 708/708/672
f 710/710/674 709/709/673 711/711/675
f 708/708/672 690/690/654 711/711/675
f 711/711/675 691/691/655 710/710/674
f 691/691/655 711/711/675 690/690/654
f 379/379/361 565/565/543 712/712/676
f 566/566/544 712/712/676 565/565/543
f 713/713/677 379/379/361 712/712/676
f 374/374/356 379/379/361 713/713/677
f 712/712/676 566/566/544 714/714/678
f 560/560/538 714/714/678 566/566/544
f 713/713/677 712/712/676 715/715/679
f 714/714/678 715/715/679 712/712/676
f 716/716/680 374/374/356 713/713/677
f 715/715/679 717/717/681 713/713/677
f 716/716/680 713/713/677 717/717/681
f 716/716/680 378/378/360 374/374/356
f 715/715/679 718/718/682 717/717/681
f 717/717/681 719/719/683 716/716/680
f 718/718/682 719/719/683 717/717/681
f 378/378/360 716/716/680 720/720/684
f 719/719/683 720/720/684 716/716/680
f 721/721/685 378/378/360 720/720/684
f 721/721/685 720/720/684 719/719/683
f 378/378/360 721/721/685 722/722/686
f 722/722/686 347/347/333 378/378/360
f 723/723/687 721/721/685 719/719/683
f 724/724/688 722/722/686 721/721/685
f 721/721/685 723/723/687 724/724/688
f 347/347/333 722/722/686 725/725/689
f 347/347/333 725/725/689 338/338/326
f 725/725/689 335/335/323 338/338/326
f 726/726/690 725/725/689 722/722/686
f 722/722/686 724/724/688 726/726/690
f 335/335/323 725/725/689 727/727/691
f 727/727/691 725/725/689 726/726/690
f 727/727/691 334/334/322 335/335/323
f 334/334/322 727/727/691 340/340/328
f 728/728/692 726/726/690 724/724/688
f 723/723/687 728/728/692 724/724/688
f 729/729/693 727/727/691 726/726/690
f 340/340/328 727/727/691 729/729/693
f 726/726/690 728/728/692 729/729/693
f 729/729/693 339/339/327 340/340/328
f 339/339/327 729/729/693 730/730/694
f 730/730/694 729/729/693 728/728/692
f 730/730/694 329/329/317 339/339/327
f 728/728/692 723/723/687 731/731/695
f 728/728/692 732/732/696 730/730/694
f 732/732/696 728/728/692 731/731/695
f 329/329/317 730/730/694 733/733/697
f 733/733/697 730/730/694 732/732/696
f 733/733/697 734/734/698 329/329/317
f 325/325/314 329/329/317 734/734/698
f 734/734/698 320/320/310 325/325/314
f 734/734/698 733/733/697 735/735/699
f 320/320/310 734/734/698 736/736/700
f 735/735/699 736/736/700 734/734/698
f 320/320/310 736/736/700 737/737/701
f 737/737/701 317/317/308 320/320/310
f 317/317/308 737/737/701 321/321/311
f 732/732/696 738/738/702 733/733/697
f 738/738/702 735/735/699 733/733/697
f 738/738/702 732/732/696 739/739/703
f 731/731/695 739/739/703 732/732/696
f 735/735/699 738/738/702 740/740/704
f 739/739/703 741/741/705 738/738/702
f 741/741/705 740/740/704 738/738/702
f 742/742/706 735/735/699 740/740/704
f 741/741/705 742/742/706 740/740/704
f 735/735/699 742/742/706 743/743/707
f 736/736/700 735/735/699 743/743/707
f 742/742/706 741/741/705 744/744/708
f 737/737/701 736/736/700 745/745/709
f 736/736/700 743/743/707 745/745/709
f 742/742/706 746/746/710 743/743/707
f 746/746/710 742/742/706 744/744/708
f 737/737/701 745/745/709 747/747/711
f 321/321/311 737/737/701 747/747/711
f 748/748/712 745/745/709 743/743/707
f 749/749/713 321/321/311 747/747/711
f 321/321/311 749/749/713 322/322/312
f 750/750/714 747/747/711 745/745/709
f 745/745/709 748/748/712 750/750/714
f 751/751/715 749/749/713 747/747/711
f 747/747/711 750/750/714 751/751/715
f 752/752/716 322/322/312 749/749/713
f 322/322/312 752/752/716 628/628/594
f 624/624/591 628/628/594 752/752/716
f 753/753/717 752/752/716 749/749/713
f 749/749/713 751/751/715 753/753/717
f 624/624/591 752/752/716 754/754/718
f 752/752/716 753/753/717 754/754/718
f 620/620/588 624/624/591 754/754/718
f 620/620/588 754/754/718 755/755/719
f 753/753/717 755/755/719 754/754/718
f 755/755/719 615/615/584 620/620/588
f 756/756/720 753/753/717 751/751/715
f 615/615/584 755/755/719 757/757/721
f 757/757/721 614/614/583 615/615/584
f 755/755/719 753/753/717 758/758/722
f 758/758/722 757/757/721 755/755/719
f 753/753/717 756/756/720 758/758/722
f 614/614/583 757/757/721 759/759/723
f 616/616/585 614/614/583 759/759/723
f 757/757/721 758/758/722 760/760/724
f 760/760/724 759/759/723 757/757/721
f 761/761/725 758/758/722 756/756/720
f 758/758/722 761/761/725 760/760/724
f 759/759/723 760/760/724 762/762/726
f 759/759/723 763/763/727 616/616/585
f 763/763/727 759/759/723 762/762/726
f 760/760/724 764/764/728 762/762/726
f 763/763/727 762/762/726 764/764/728
f 417/417/399 418/418/400 765/765/729
f 766/766/730 418/418/400 415/415/397
f 418/418/400 766/766/730 767/767/731
f 767/767/731 765/765/729 418/418/400
f 415/415/397 768/768/732 766/766/730
f 768/768/732 415/415/397 393/393/375
f 766/766/730 769/769/733 767/767/731
f 769/769/733 766/766/730 768/768/732
f 765/765/729 767/767/731 770/770/734
f 769/769/733 770/770/734 767/767/731
f 765/765/729 771/771/735 417/417/399
f 419/419/401 417/417/399 771/771/735
f 770/770/734 772/772/736 765/765/729
f 771/771/735 765/765/729 772/772/736
f 770/770/734 769/769/733 773/773/737
f 771/771/735 772/772/736 774/774/738
f 772/772/736 770/770/734 775/775/739
f 773/773/737 775/775/739 770/770/734
f 776/776/740 774/774/738 772/772/736
f 776/776/740 772/772/736 775/775/739
f 776/776/740 777/777/741 774/774/738
f 774/774/738 778/778/742 771/771/735
f 777/777/741 778/778/742 774/774/738
f 778/778/742 419/419/401 771/771/735
f 777/777/741 776/776/740 779/779/743
f 780/780/744 778/778/742 777/777/741
f 781/781/745 779/779/743 776/776/740
f 781/781/745 776/776/740 775/775/739
f 779/779/743 781/781/745 782/782/746
f 781/781/745 783/783/747 782/782/746
f 780/780/744 784/784/748 778/778/742
f 778/778/742 784/784/748 419/419/401
f 780/780/744 785/785/749 784/784/748
f 786/786/750 784/784/748 785/785/749
f 787/787/751 419/419/401 784/784/748
f 784/784/748 786/786/750 787/787/751
f 419/419/401 787/787/751 788/788/752
f 419/419/401 788/788/752 409/409/391
f 786/786/750 789/789/753 787/787/751
f 789/789/753 788/788/752 787/787/751
f 788/788/752 403/403/385 409/409/391
f 789/789/753 786/786/750 790/790/754
f 403/403/385 788/788/752 791/791/755
f 788/788/752 789/789/753 791/791/755
f 404/404/386 403/403/385 791/791/755
f 789/789/753 404/404/386 791/791/755
f 790/790/754 792/792/756 789/789/753
f 789/789/753 792/792/756 404/404/386
f 792/792/756 790/790/754 793/793/757
f 794/794/758 404/404/386 792/792/756
f 793/793/757 794/794/758 792/792/756
f 795/795/759 794/794/758 793/793/757
f 404/404/386 794/794/758 402/402/384
f 796/796/760 794/794/758 795/795/759
f 794/794/758 797/797/761 402/402/384
f 794/794/758 796/796/760 798/798/762
f 797/797/761 794/794/758 798/798/762
f 799/799/763 798/798/762 796/796/760
f 400/400/382 402/402/384 797/797/761
f 798/798/762 799/799/763 800/800/764
f 801/801/765 800/800/764 799/799/763
f 798/798/762 802/802/766 797/797/761
f 802/802/766 798/798/762 800/800/764
f 797/797/761 803/803/767 400/400/382
f 803/803/767 797/797/761 802/802/766
f 395/395/377 400/400/382 803/803/767
f 800/800/764 801/801/765 804/804/768
f 804/804/768 802/802/766 800/800/764
f 805/805/769 804/804/768 801/801/765
f 802/802/766 806/806/770 803/803/767
f 803/803/767 807/807/771 395/395/377
f 807/807/771 803/803/767 806/806/770
f 808/808/772 395/395/377 807/807/771
f 395/395/377 808/808/772 392/392/374
f 809/809/773 807/807/771 806/806/770
f 806/806/770 802/802/766 810/810/774
f 802/802/766 804/804/768 810/810/774
f 809/809/773 806/806/770 810/810/774
f 811/811/775 808/808/772 807/807/771
f 807/807/771 809/809/773 811/811/775
f 812/812/776 392/392/374 808/808/772
f 808/808/772 811/811/775 812/812/776
f 392/392/374 812/812/776 393/393/375
f 812/812/776 813/813/777 393/393/375
f 813/813/777 768/768/732 393/393/375
f 814/814/778 812/812/776 811/811/775
f 813/813/777 812/812/776 814/814/778
f 811/811/775 815/815/779 814/814/778
f 815/815/779 811/811/775 809/809/773
f 816/816/780 813/813/777 814/814/778
f 814/814/778 815/815/779 816/816/780
f 768/768/732 813/813/777 817/817/781
f 813/813/777 816/816/780 817/817/781
f 769/769/733 768/768/732 817/817/781
f 818/818/782 769/769/733 817/817/781
f 818/818/782 817/817/781 816/816/780
f 818/818/782 773/773/737 769/769/733
f 815/815/779 819/819/783 816/816/780
f 819/819/783 818/818/782 816/816/780
f 773/773/737 818/818/782 820/820/784
f 820/820/784 818/818/782 819/819/783
f 820/820/784 821/821/785 773/773/737
f 775/775/739 773/773/737 821/821/785
f 781/781/745 775/775/739 821/821/785
f 821/821/785 820/820/784 822/822/786
f 822/822/786 781/781/745 821/821/785
f 819/819/783 822/822/786 820/820/784
f 781/781/745 822/822/786 823/823/787
f 783/783/747 781/781/745 823/823/787
f 822/822/786 819/819/783 824/824/788
f 824/824/788 823/823/787 822/822/786
f 825/825/789 783/783/747 823/823/787
f 823/823/787 824/824/788 825/825/789
f 783/783/747 825/825/789 826/826/790
f 825/825/789 827/827/791 826/826/790
f 825/825/789 828/828/792 827/827/791
f 828/828/792 805/805/769 827/827/791
f 829/829/793 825/825/789 824/824/788
f 825/825/789 829/829/793 828/828/792
f 830/830/794 824/824/788 819/819/783
f 824/824/788 830/830/794 829/829/793
f 819/819/783 815/815/779 830/830/794
f 809/809/773 830/830/794 815/815/779
f 828/828/792 831/831/795 805/805/769
f 831/831/795 828/828/792 829/829/793
f 804/804/768 805/805/769 831/831/795
f 831/831/795 810/810/774 804/804/768
f 830/830/794 809/809/773 832/832/796
f 809/809/773 810/810/774 832/832/796
f 810/810/774 831/831/795 832/832/796
f 832/832/796 829/829/793 830/830/794
f 829/829/793 832/832/796 831/831/795
f 764/764/728 760/760/724 761/761/725
f 833/833/797 616/616/585 763/763/727
f 616/616/585 833/833/797 606/606/576
f 605/605/575 606/606/576 833/833/797
f 833/833/797 763/763/727 834/834/798
f 763/763/727 764/764/728 834/834/798
f 835/835/799 605/605/575 833/833/797
f 834/834/798 835/835/799 833/833/797
f 605/605/575 835/835/799 836/836/800
f 836/836/800 604/604/574 605/605/575
f 837/837/801 834/834/798 764/764/728
f 761/761/725 837/837/801 764/764/728
f 838/838/802 835/835/799 834/834/798
f 834/834/798 837/837/801 838/838/802
f 837/837/801 761/761/725 839/839/803
f 756/756/720 839/839/803 761/761/725
f 840/840/804 838/838/802 837/837/801
f 839/839/803 840/840/804 837/837/801
f 835/835/799 838/838/802 841/841/805
f 836/836/800 835/835/799 841/841/805
f 838/838/802 840/840/804 842/842/806
f 842/842/806 841/841/805 838/838/802
f 839/839/803 756/756/720 843/843/807
f 751/751/715 843/843/807 756/756/720
f 843/843/807 751/751/715 750/750/714
f 843/843/807 844/844/808 839/839/803
f 840/840/804 839/839/803 844/844/808
f 750/750/714 845/845/809 843/843/807
f 844/844/808 843/843/807 845/845/809
f 845/845/809 750/750/714 748/748/712
f 844/844/808 846/846/810 840/840/804
f 846/846/810 842/842/806 840/840/804
f 845/845/809 847/847/811 844/844/808
f 846/846/810 844/844/808 847/847/811
f 748/748/712 848/848/812 845/845/809
f 847/847/811 845/845/809 848/848/812
f 848/848/812 748/748/712 849/849/813
f 743/743/707 849/849/813 748/748/712
f 849/849/813 743/743/707 746/746/710
f 849/849/813 850/850/814 848/848/812
f 746/746/710 851/851/815 849/849/813
f 850/850/814 849/849/813 851/851/815
f 848/848/812 852/852/816 847/847/811
f 852/852/816 848/848/812 850/850/814
f 853/853/817 847/847/811 852/852/816
f 847/847/811 853/853/817 846/846/810
f 851/851/815 746/746/710 854/854/818
f 854/854/818 746/746/710 744/744/708
f 853/853/817 855/855/819 846/846/810
f 842/842/806 846/846/810 855/855/819
f 855/855/819 856/856/820 842/842/806
f 841/841/805 842/842/806 856/856/820
f 855/855/819 853/853/817 857/857/821
f 858/858/822 841/841/805 856/856/820
f 841/841/805 858/858/822 836/836/800
f 856/856/820 855/855/819 859/859/823
f 857/857/821 859/859/823 855/855/819
f 856/856/820 860/860/824 858/858/822
f 859/859/823 860/860/824 856/856/820
f 836/836/800 858/858/822 861/861/825
f 604/604/574 836/836/800 861/861/825
f 582/582/557 604/604/574 861/861/825
f 861/861/825 581/581/556 582/582/557
f 858/858/822 862/862/826 861/861/825
f 581/581/556 861/861/825 862/862/826
f 858/858/822 860/860/824 862/862/826
f 862/862/826 863/863/827 581/581/556
f 568/568/546 581/581/556 863/863/827
f 860/860/824 864/864/828 862/862/826
f 863/863/827 862/862/826 864/864/828
f 865/865/829 568/568/546 863/863/827
f 568/568/546 865/865/829 187/187/182
f 186/186/181 187/187/182 865/865/829
f 863/863/827 866/866/830 865/865/829
f 866/866/830 863/863/827 864/864/828
f 865/865/829 867/867/831 186/186/181
f 867/867/831 865/865/829 866/866/830
f 192/192/187 186/186/181 867/867/831
f 867/867/831 868/868/832 192/192/187
f 194/194/189 192/192/187 868/868/832
f 866/866/830 869/869/833 867/867/831
f 868/868/832 867/867/831 869/869/833
f 869/869/833 866/866/830 870/870/834
f 868/868/832 871/871/835 194/194/189
f 871/871/835 541/541/519 194/194/189
f 869/869/833 872/872/836 868/868/832
f 871/871/835 868/868/832 872/872/836
f 869/869/833 870/870/834 873/873/837
f 872/872/836 869/869/833 873/873/837
f 866/866/830 874/874/838 870/870/834
f 874/874/838 866/866/830 864/864/828
f 874/874/838 873/873/837 870/870/834
f 541/541/519 871/871/835 875/875/839
f 873/873/837 874/874/838 876/876/840
f 877/877/841 874/874/838 864/864/828
f 874/874/838 877/877/841 876/876/840
f 864/864/828 878/878/842 877/877/841
f 878/878/842 864/864/828 860/860/824
f 860/860/824 859/859/823 878/878/842
f 876/876/840 879/879/843 873/873/837
f 877/877/841 880/880/844 876/876/840
f 879/879/843 876/876/840 880/880/844
f 881/881/845 877/877/841 878/878/842
f 877/877/841 881/881/845 880/880/844
f 882/882/846 878/878/842 859/859/823
f 878/878/842 882/882/846 881/881/845
f 859/859/823 857/857/821 882/882/846
f 879/879/843 883/883/847 873/873/837
f 872/872/836 873/873/837 883/883/847
f 883/883/847 879/879/843 884/884/848
f 880/880/844 884/884/848 879/879/843
f 883/883/847 885/885/849 872/872/836
f 872/872/836 885/885/849 871/871/835
f 885/885/849 875/875/839 871/871/835
f 883/883/847 886/886/850 885/885/849
f 884/884/848 886/886/850 883/883/847
f 875/875/839 885/885/849 887/887/851
f 887/887/851 885/885/849 886/886/850
f 888/888/852 875/875/839 887/887/851
f 886/886/850 889/889/853 887/887/851
f 889/889/853 888/888/852 887/887/851
f 886/886/850 884/884/848 890/890/854
f 889/889/853 886/886/850 890/890/854
f 890/890/854 884/884/848 891/891/855
f 884/884/848 880/880/844 891/891/855
f 892/892/856 889/889/853 890/890/854
f 891/891/855 892/892/856 890/890/854
f 893/893/857 875/875/839 888/888/852
f 893/893/857 541/541/519 875/875/839
f 544/544/522 541/541/519 893/893/857
f 550/550/528 544/544/522 893/893/857
f 888/888/852 550/550/528 893/893/857
f 550/550/528 888/888/852 894/894/858
f 894/894/858 557/557/535 550/550/528
f 895/895/859 894/894/858 888/888/852
f 888/888/852 889/889/853 895/895/859
f 557/557/535 894/894/858 896/896/860
f 897/897/861 895/895/859 889/889/853
f 889/889/853 892/892/856 897/897/861
f 894/894/858 895/895/859 898/898/862
f 898/898/862 896/896/860 894/894/858
f 899/899/863 898/898/862 895/895/859
f 895/895/859 897/897/861 899/899/863
f 896/896/860 898/898/862 900/900/864
f 896/896/860 901/901/865 557/557/535
f 556/556/534 557/557/535 901/901/865
f 901/901/865 560/560/538 556/556/534
f 901/901/865 896/896/860 902/902/866
f 900/900/864 902/902/866 896/896/860
f 560/560/538 901/901/865 903/903/867
f 902/902/866 903/903/867 901/901/865
f 904/904/868 560/560/538 903/903/867
f 560/560/538 904/904/868 714/714/678
f 903/903/867 902/902/866 905/905/869
f 902/902/866 900/900/864 906/906/870
f 906/906/870 905/905/869 902/902/866
f 907/907/871 903/903/867 905/905/869
f 903/903/867 907/907/871 904/904/868
f 905/905/869 906/906/870 908/908/872
f 909/909/873 900/900/864 898/898/862
f 898/898/862 899/899/863 909/909/873
f 910/910/874 906/906/870 900/900/864
f 900/900/864 909/909/873 910/910/874
f 899/899/863 911/911/875 909/909/873
f 911/911/875 910/910/874 909/909/873
f 906/906/870 910/910/874 912/912/876
f 912/912/876 908/908/872 906/906/870
f 912/912/876 910/910/874 913/913/877
f 911/911/875 913/913/877 910/910/874
f 908/908/872 912/912/876 914/914/20
f 911/911/875 899/899/863 915/915/878
f 897/897/861 915/915/878 899/899/863
f 913/913/877 916/916/879 912/912/876
f 916/916/879 914/914/20 912/912/876
f 913/913/877 911/911/875 917/917/880
f 916/916/879 913/913/877 918/918/881
f 917/917/880 918/918/881 913/913/877
f 919/919/882 917/917/880 911/911/875
f 911/911/875 915/915/878 919/919/882
f 918/918/881 917/917/880 920/920/883
f 917/917/880 919/919/882 921/921/884
f 920/920/883 917/917/880 921/921/884
f 919/919/882 915/915/878 922/922/885
f 915/915/878 897/897/861 923/923/886
f 915/915/878 923/923/886 922/922/885
f 897/897/861 924/924/887 923/923/886
f 924/924/887 897/897/861 892/892/856
f 923/923/886 925/925/888 922/922/885
f 925/925/888 923/923/886 924/924/887
f 922/922/885 926/926/889 919/919/882
f 921/921/884 919/919/882 926/926/889
f 927/927/890 922/922/885 925/925/888
f 922/922/885 927/927/890 926/926/889
f 925/925/888 928/928/891 927/927/890
f 927/927/890 929/929/892 926/926/889
f 928/928/891 929/929/892 927/927/890
f 926/926/889 930/930/893 921/921/884
f 930/930/893 926/926/889 929/929/892
f 931/931/894 921/921/884 930/930/893
f 920/920/883 921/921/884 931/931/894
f 932/932/895 930/930/893 929/929/892
f 929/929/892 928/928/891 932/932/895
f 931/931/894 930/930/893 933/933/896
f 930/930/893 932/932/895 933/933/896
f 934/934/897 920/920/883 931/931/894
f 935/935/898 931/931/894 933/933/896
f 935/935/898 934/934/897 931/931/894
f 933/933/896 932/932/895 936/936/899
f 936/936/899 935/935/898 933/933/896
f 937/937/900 938/938/901 939/939/902
f 854/854/818 940/940/903 941/941/904
f 942/942/905 854/854/818 941/941/904
f 854/854/818 942/942/905 851/851/815
f 940/940/903 943/943/906 941/941/904
f 941/941/904 944/944/907 942/942/905
f 944/944/907 941/941/904 943/943/906
f 945/945/908 851/851/815 942/942/905
f 945/945/908 942/942/905 944/944/907
f 851/851/815 945/945/908 850/850/814
f 943/943/906 940/940/903 946/946/909
f 940/940/903 937/937/900 946/946/909
f 947/947/910 850/850/814 945/945/908
f 850/850/814 947/947/910 852/852/816
f 944/944/907 948/948/911 945/945/908
f 947/947/910 945/945/908 948/948/911
f 948/948/911 944/944/907 949/949/912
f 950/950/913 852/852/816 947/947/910
f 852/852/816 950/950/913 853/853/817
f 947/947/910 948/948/911 951/951/914
f 949/949/912 951/951/914 948/948/911
f 950/950/913 947/947/910 951/951/914
f 950/950/913 857/857/821 853/853/817
f 857/857/821 950/950/913 952/952/915
f 952/952/915 882/882/846 857/857/821
f 950/950/913 951/951/914 953/953/916
f 882/882/846 952/952/915 954/954/917
f 954/954/917 881/881/845 882/882/846
f 950/950/913 955/955/918 952/952/915
f 955/955/918 950/950/913 953/953/916
f 952/952/915 956/956/919 954/954/917
f 956/956/919 952/952/915 955/955/918
f 881/881/845 954/954/917 957/957/920
f 957/957/920 880/880/844 881/881/845
f 958/958/921 954/954/917 956/956/919
f 954/954/917 958/958/921 957/957/920
f 955/955/918 959/959/922 956/956/919
f 958/958/921 956/956/919 959/959/922
f 880/880/844 957/957/920 960/960/923
f 958/958/921 960/960/923 957/957/920
f 891/891/855 880/880/844 960/960/923
f 960/960/923 958/958/921 961/961/924
f 961/961/924 891/891/855 960/960/923
f 961/961/924 958/958/921 962/962/925
f 958/958/921 959/959/922 962/962/925
f 891/891/855 961/961/924 963/963/926
f 892/892/856 891/891/855 963/963/926
f 961/961/924 962/962/925 964/964/927
f 961/961/924 964/964/927 963/963/926
f 965/965/928 892/892/856 963/963/926
f 963/963/926 964/964/927 965/965/928
f 892/892/856 965/965/928 924/924/887
f 966/966/929 924/924/887 965/965/928
f 964/964/927 966/966/929 965/965/928
f 924/924/887 966/966/929 925/925/888
f 928/928/891 925/925/888 966/966/929
f 966/966/929 964/964/927 967/967/930
f 967/967/930 928/928/891 966/966/929
f 962/962/925 967/967/930 964/964/927
f 928/928/891 967/967/930 968/968/931
f 967/967/930 962/962/925 969/969/932
f 969/969/932 968/968/931 967/967/930
f 959/959/922 969/969/932 962/962/925
f 968/968/931 969/969/932 970/970/933
f 971/971/934 970/970/933 969/969/932
f 969/969/932 959/959/922 971/971/934
f 970/970/933 971/971/934 972/972/935
f 973/973/936 971/971/934 959/959/922
f 959/959/922 955/955/918 973/973/936
f 953/953/916 973/973/936 955/955/918
f 974/974/937 972/972/935 971/971/934
f 971/971/934 973/973/936 974/974/937
f 972/972/935 974/974/937 975/975/938
f 973/973/936 953/953/916 976/976/939
f 976/976/939 974/974/937 973/973/936
f 977/977/940 975/975/938 974/974/937
f 974/974/937 976/976/939 977/977/940
f 975/975/938 977/977/940 978/978/941
f 953/953/916 979/979/942 976/976/939
f 979/979/942 953/953/916 951/951/914
f 951/951/914 949/949/912 979/979/942
f 980/980/943 976/976/939 979/979/942
f 976/976/939 980/980/943 977/977/940
f 977/977/940 981/981/944 978/978/941
f 981/981/944 977/977/940 980/980/943
f 982/982/945 978/978/941 981/981/944
f 979/979/942 983/983/946 980/980/943
f 983/983/946 979/979/942 949/949/912
f 980/980/943 984/984/947 981/981/944
f 984/984/947 980/980/943 983/983/946
f 981/981/944 985/985/948 982/982/945
f 985/985/948 981/981/944 984/984/947
f 986/986/949 982/982/945 985/985/948
f 987/987/950 986/986/949 985/985/948
f 987/987/950 988/988/951 986/986/949
f 984/984/947 989/989/952 985/985/948
f 985/985/948 989/989/952 987/987/950
f 983/983/946 990/990/953 984/984/947
f 989/989/952 984/984/947 990/990/953
f 990/990/953 983/983/946 991/991/954
f 949/949/912 991/991/954 983/983/946
f 988/988/951 987/987/950 992/992/955
f 992/992/955 993/993/956 988/988/951
f 993/993/956 992/992/955 994/994/957
f 995/995/958 992/992/955 987/987/950
f 995/995/958 987/987/950 989/989/952
f 996/996/959 994/994/957 992/992/955
f 992/992/955 995/995/958 996/996/959
f 994/994/957 996/996/959 997/997/960
f 997/997/960 998/998/961 994/994/957
f 995/995/958 999/999/962 996/996/959
f 989/989/952 1000/1000/963 995/995/958
f 1000/1000/963 999/999/962 995/995/958
f 990/990/953 1000/1000/963 989/989/952
f 996/996/959 999/999/962 1001/1001/964
f 997/997/960 996/996/959 1001/1001/964
f 1002/1002/965 999/999/962 1000/1000/963
f 1002/1002/965 1001/1001/964 999/999/962
f 1000/1000/963 990/990/953 1003/1003/966
f 1003/1003/966 1002/1002/965 1000/1000/963
f 991/991/954 1003/1003/966 990/990/953
f 1002/1002/965 1003/1003/966 1004/1004/967
f 1003/1003/966 991/991/954 1005/1005/968
f 1005/1005/968 1004/1004/967 1003/1003/966
f 1001/1001/964 1002/1002/965 1006/1006/969
f 1004/1004/967 1006/1006/969 1002/1002/965
f 1007/1007/970 1001/1001/964 1006/1006/969
f 997/997/960 1001/1001/964 1007/1007/970
f 1006/1006/969 1004/1004/967 1008/1008/971
f 1007/1007/970 1006/1006/969 1008/1008/971
f 1009/1009/972 997/997/960 1007/1007/970
f 998/998/961 997/997/960 1009/1009/972
f 1009/1009/972 1010/1010/973 998/998/961
f 1009/1009/972 1007/1007/970 1011/1011/974
f 1008/1008/971 1011/1011/974 1007/1007/970
f 1010/1010/973 1009/1009/972 1012/1012/975
f 1011/1011/974 1012/1012/975 1009/1009/972
f 1013/1013/976 1010/1010/973 1012/1012/975
f 1012/1012/975 939/939/902 1013/1013/976
f 1012/1012/975 1011/1011/974 1014/1014/977
f 939/939/902 1012/1012/975 1014/1014/977
f 1008/1008/971 1015/1015/978 1011/1011/974
f 1015/1015/978 1014/1014/977 1011/1011/974
f 1004/1004/967 1015/1015/978 1008/1008/971
f 1016/1016/979 939/939/902 1014/1014/977
f 1015/1015/978 1016/1016/979 1014/1014/977
f 1016/1016/979 937/937/900 939/939/902
f 1004/1004/967 1017/1017/980 1015/1015/978
f 1017/1017/980 1016/1016/979 1015/1015/978
f 1004/1004/967 1005/1005/968 1017/1017/980
f 1018/1018/981 937/937/900 1016/1016/979
f 1017/1017/980 1018/1018/981 1016/1016/979
f 1018/1018/981 946/946/909 937/937/900
f 1017/1017/980 1019/1019/982 1018/1018/981
f 946/946/909 1018/1018/981 1019/1019/982
f 1019/1019/982 1017/1017/980 1005/1005/968
f 943/943/906 946/946/909 1019/1019/982
f 1005/1005/968 1020/1020/983 1019/1019/982
f 1019/1019/982 1020/1020/983 943/943/906
f 1020/1020/983 1005/1005/968 991/991/954
f 944/944/907 943/943/906 1020/1020/983
f 991/991/954 949/949/912 1020/1020/983
f 1020/1020/983 949/949/912 944/944/907
f 932/932/895 968/968/931 936/936/899
f 968/968/931 932/932/895 928/928/891
f 936/936/899 1021/1021/984 935/935/898
f 970/970/933 936/936/899 968/968/931
f 936/936/899 970/970/933 1021/1021/984
f 935/935/898 1021/1021/984 1022/1022/985
f 934/934/897 935/935/898 1022/1022/985
f 972/972/935 1021/1021/984 970/970/933
f 1023/1023/986 920/920/883 934/934/897
f 1023/1023/986 918/918/881 920/920/883
f 1022/1022/985 1024/1024/987 934/934/897
f 1024/1024/987 1023/1023/986 934/934/897
f 1021/1021/984 1025/1025/988 1022/1022/985
f 1021/1021/984 972/972/935 1025/1025/988
f 1024/1024/987 1022/1022/985 1026/1026/989
f 1022/1022/985 1025/1025/988 1026/1026/989
f 1027/1027/990 918/918/881 1023/1023/986
f 918/918/881 1027/1027/990 916/916/879
f 1028/1028/991 1023/1023/986 1024/1024/987
f 1023/1023/986 1028/1028/991 1027/1027/990
f 1029/1029/992 1028/1028/991 1024/1024/987
f 1026/1026/989 1029/1029/992 1024/1024/987
f 1027/1027/990 1030/1030/993 916/916/879
f 916/916/879 1030/1030/993 914/914/20
f 1031/1031/994 1027/1027/990 1028/1028/991
f 1027/1027/990 1031/1031/994 1030/1030/993
f 1032/1032/995 1028/1028/991 1029/1029/992
f 1028/1028/991 1032/1032/995 1031/1031/994
f 1029/1029/992 1026/1026/989 1033/1033/996
f 1029/1029/992 1034/1034/997 1032/1032/995
f 1033/1033/996 1034/1034/997 1029/1029/992
f 1035/1035/998 1033/1033/996 1026/1026/989
f 1025/1025/988 1035/1035/998 1026/1026/989
f 1034/1034/997 1033/1033/996 1036/1036/999
f 1025/1025/988 975/975/938 1035/1035/998
f 975/975/938 1025/1025/988 972/972/935
f 1035/1035/998 1037/1037/1000 1033/1033/996
f 1037/1037/1000 1036/1036/999 1033/1033/996
f 978/978/941 1035/1035/998 975/975/938
f 1035/1035/998 978/978/941 1037/1037/1000
f 1037/1037/1000 1038/1038/1001 1036/1036/999
f 1038/1038/1001 1034/1034/997 1036/1036/999
f 978/978/941 982/982/945 1037/1037/1000
f 1038/1038/1001 1037/1037/1000 982/982/945
f 1034/1034/997 1038/1038/1001 1039/1039/1002
f 1039/1039/1002 1032/1032/995 1034/1034/997
f 982/982/945 986/986/949 1038/1038/1001
f 986/986/949 1039/1039/1002 1038/1038/1001
f 1032/1032/995 1039/1039/1002 1040/1040/1003
f 1040/1040/1003 1031/1031/994 1032/1032/995
f 1039/1039/1002 986/986/949 988/988/951
f 988/988/951 1040/1040/1003 1039/1039/1002
f 1031/1031/994 1040/1040/1003 1041/1041/1004
f 1041/1041/1004 1030/1030/993 1031/1031/994
f 1040/1040/1003 988/988/951 993/993/956
f 993/993/956 1041/1041/1004 1040/1040/1003
f 1030/1030/993 1041/1041/1004 1042/1042/1005
f 1042/1042/1005 914/914/20 1030/1030/993
f 1041/1041/1004 993/993/956 1043/1043/1006
f 1043/1043/1006 1042/1042/1005 1041/1041/1004
f 914/914/20 1042/1042/1005 1044/1044/1007
f 1044/1044/1007 908/908/872 914/914/20
f 1042/1042/1005 1043/1043/1006 1045/1045/1008
f 1045/1045/1008 1044/1044/1007 1042/1042/1005
f 908/908/872 1044/1044/1007 1046/1046/1009
f 1046/1046/1009 905/905/869 908/908/872
f 905/905/869 1046/1046/1009 907/907/871
f 1047/1047/1010 1046/1046/1009 1044/1044/1007
f 1044/1044/1007 1045/1045/1008 1047/1047/1010
f 1048/1048/1011 907/907/871 1046/1046/1009
f 1046/1046/1009 1047/1047/1010 1048/1048/1011
f 907/907/871 1048/1048/1011 1049/1049/1012
f 1049/1049/1012 904/904/868 907/907/871
f 1050/1050/1013 1048/1048/1011 1047/1047/1010
f 1010/1010/973 1047/1047/1010 1045/1045/1008
f 1047/1047/1010 1010/1010/973 1050/1050/1013
f 998/998/961 1045/1045/1008 1043/1043/1006
f 1045/1045/1008 998/998/961 1010/1010/973
f 1043/1043/1006 994/994/957 998/998/961
f 994/994/957 1043/1043/1006 993/993/956
f 1048/1048/1011 1050/1050/1013 1051/1051/1014
f 1051/1051/1014 1049/1049/1012 1048/1048/1011
f 1013/1013/976 1051/1051/1014 1050/1050/1013
f 1010/1010/973 1013/1013/976 1050/1050/1013
f 1049/1049/1012 1051/1051/1014 1052/1052/1015
f 904/904/868 1049/1049/1012 1053/1053/1016
f 1052/1052/1015 1053/1053/1016 1049/1049/1012
f 1053/1053/1016 714/714/678 904/904/868
f 714/714/678 1053/1053/1016 715/715/679
f 718/718/682 715/715/679 1053/1053/1016
f 1053/1053/1016 1052/1052/1015 718/718/682
f 1054/1054/1017 1052/1052/1015 1051/1051/1014
f 1051/1051/1014 1013/1013/976 1054/1054/1017
f 1055/1055/1018 718/718/682 1052/1052/1015
f 1052/1052/1015 1054/1054/1017 1055/1055/1018
f 939/939/902 1054/1054/1017 1013/1013/976
f 718/718/682 1055/1055/1018 1056/1056/1019
f 718/718/682 1056/1056/1019 719/719/683
f 723/723/687 719/719/683 1056/1056/1019
f 1056/1056/1019 1057/1057/1020 723/723/687
f 1057/1057/1020 1056/1056/1019 1055/1055/1018
f 731/731/695 723/723/687 1057/1057/1020
f 938/938/901 1055/1055/1018 1054/1054/1017
f 1054/1054/1017 939/939/902 938/938/901
f 1055/1055/1018 1058/1058/1021 1057/1057/1020
f 1055/1055/1018 938/938/901 1058/1058/1021
f 731/731/695 1057/1057/1020 1059/1059/1022
f 1059/1059/1022 1057/1057/1020 1058/1058/1021
f 739/739/703 731/731/695 1059/1059/1022
f 1058/1058/1021 1060/1060/1023 1059/1059/1022
f 1060/1060/1023 1058/1058/1021 938/938/901
f 739/739/703 1059/1059/1022 1061/1061/1024
f 1061/1061/1024 1059/1059/1022 1060/1060/1023
f 741/741/705 739/739/703 1061/1061/1024
f 1061/1061/1024 1062/1062/1025 741/741/705
f 744/744/708 741/741/705 1062/1062/1025
f 854/854/818 744/744/708 1062/1062/1025
f 1062/1062/1025 1061/1061/1024 1063/1063/1026
f 1061/1061/1024 1060/1060/1023 1063/1063/1026
f 1063/1063/1026 854/854/818 1062/1062/1025
f 1064/1064/1027 1063/1063/1026 1060/1060/1023
f 1060/1060/1023 938/938/901 1064/1064/1027
f 854/854/818 1063/1063/1026 940/940/903
f 1064/1064/1027 940/940/903 1063/1063/1026
f 938/938/901 937/937/900 1064/1064/1027
f 940/940/903 1064/1064/1027 937/937/900
