mtllib Fricklet.mtl
v 202.1640015 3.436700106 369.480011
vn -0.1596888304 0.501486361 0.8503004909
v 202.2749939 3.31930995 369.5440063
vn 0.007954163477 0.375487566 0.9267932773
v 202.2740021 3.436700106 369.4909973
vn 0.006703748368 0.5338122845 0.8455764055
v 202.154007 3.31930995 369.5320129
vn -0.1737953275 0.3602963388 0.9165051579
v 202.3849945 3.436700106 369.4779968
vn 0.1712560207 0.4996654391 0.8491206169
v 202.177002 3.551059961 369.3980103
vn -0.1137593612 0.6541215181 0.7477859259
v 202.2740021 3.551110029 369.4070129
vn 0.003890985856 0.6619415283 0.7495453954
v 202.3710022 3.551059961 369.3970032
vn 0.1224618927 0.6529899836 0.7474002838
v 202.272995 3.641659975 369.3099976
vn 0.003464490175 0.7690278888 0.639205873
v 202.0829926 3.550820112 369.3720093
vn -0.2332382053 0.6413955688 0.7308978438
v 202.1860046 3.641210079 369.3039856
vn -0.1068285257 0.7854105234 0.6096867919
v 202.0570068 3.436700106 369.4490051
vn -0.2933667898 0.4953986406 0.817628324
v 201.996994 3.54963994 369.3370056
vn -0.3495282829 0.6284118891 0.6949305534
v 202.102005 3.639339924 369.2860107
vn -0.2016774267 0.7717781067 0.6030628085
v 202.272995 3.693269968 369.2210083
vn 0.002519569127 0.8986930847 0.4385708272
v 202.1869965 3.691879988 369.2170105
vn -0.07534200698 0.9135280848 0.3997374773
v 202.3609924 3.641210079 369.303009
vn 0.1131744832 0.7856248617 0.608264029
v 202.4649963 3.550820112 369.3699951
vn 0.2420083433 0.6398091316 0.7294355631
v 202.3589935 3.691879988 369.2160034
vn 0.07850182801 0.9132149816 0.3998447657
v 202.272995 3.717299938 369.1380005
vn 0.001339923241 0.9722601175 0.2338985056
v 202.4450073 3.639339924 369.2839966
vn 0.2081509233 0.7711541653 0.6016597748
v 202.3619995 3.714699984 369.1359863
vn 0.07449007779 0.9764291048 0.2025769204
v 202.5500031 3.54963994 369.3340149
vn 0.3546915352 0.6292603016 0.6915383935
v 202.4440002 3.686199903 369.2049866
vn 0.1733556837 0.9065946341 0.3847517967
v 202.5220032 3.63244009 369.2600098
vn 0.3030594587 0.7705146074 0.5607693195
v 202.2740021 2.382600069 369.355011
vn 0.004681035876 -0.7233019471 0.6905160546
v 202.3359985 2.306060076 369.2720032
vn 0.1244829297 -0.5643931627 0.8160663843
v 202.3540039 2.382600069 369.348999
vn 0.09858690202 -0.7365905643 0.6691150665
v 202.378006 2.198539972 369.2179871
vn 0.2742924988 -0.5084116459 0.8162605166
v 202.3269958 2.198539972 369.230011
vn 0.1198424995 -0.50198704 0.8565318584
v 202.348999 2.125339985 369.1570129
vn 0.1500888318 -0.8671036959 0.474978447
v 202.3970032 2.306060076 369.2569885
vn 0.269569397 -0.5702168345 0.7760058641
v 202.3829956 2.125339985 369.1409912
vn 0.2386472225 -0.8718966246 0.4276023209
v 202.2720032 2.081399918 368.993988
vn 0.000791224651 -0.9877022505 0.1563448012
v 202.423996 2.198539972 369.1960144
vn 0.4302170873 -0.518419385 0.7390227318
v 202.4129944 2.125339985 369.118988
vn 0.3129812181 -0.8750732541 0.3691742122
v 202.4649963 2.198539972 369.1650085
vn 0.5824731588 -0.5043301582 0.6374763846
v 202.4380035 2.125339985 369.0920105
vn 0.3690242767 -0.8797693253 0.2997116148
v 202.4519958 2.306060076 369.2319946
vn 0.4170166254 -0.5782262087 0.7012500167
v 202.4309998 2.382600069 369.3299866
vn 0.2017854303 -0.7629135251 0.6142032146
v 202.3869934 2.444760084 369.4179993
vn 0.06464280188 -0.8032286167 0.5921529531
v 202.4960022 2.444760084 369.3989868
vn 0.1392683834 -0.8380558491 0.5275099277
v 202.5010071 2.382600069 369.2969971
vn 0.2980794907 -0.7956244946 0.5273805857
v 202.5939941 2.444760084 369.3619995
vn 0.2073042691 -0.8760005236 0.4354859889
v 202.5 2.306060076 369.1960144
vn 0.5157055855 -0.6169084907 0.5945348144
v 202.5630035 2.382600069 369.2520142
vn 0.3649750352 -0.8264216781 0.428742826
v 202.6809998 2.444760084 369.3089905
vn 0.2556758523 -0.9049789906 0.3400630653
v 202.5399933 2.306060076 369.1520081
vn 0.6248868108 -0.5961574912 0.504095912
v 202.6150055 2.382600069 369.1960144
vn 0.413726151 -0.8512840867 0.3227166831
v 202.7539978 2.444760084 369.2399902
vn 0.2874778211 -0.9250658751 0.2482129633
v 202.5 2.198539972 369.1279907
vn 0.6906648278 -0.5346192718 0.48699525
v 202.5700073 2.306060076 369.1019897
vn 0.7119469643 -0.6044578552 0.3574384451
v 202.6529999 2.382600069 369.1319885
vn 0.4475832283 -0.8691284657 0.2104398459
v 202.8079987 2.444760084 369.1600037
vn 0.3075182438 -0.9384067059 0.1575608253
v 202.6750031 2.382600069 369.0620117
vn 0.4646813869 -0.8799545765 0.09874813259
v 202.5879974 2.306060076 369.0469971
vn 0.7712447047 -0.6083965302 0.1871772259
v 202.5930023 2.306060076 368.9899902
vn 0.7853106856 -0.6152195334 0.06922467798
v 202.5249939 2.198539972 369.0859985
vn 0.7785004377 -0.5431160331 0.3145824373
v 202.5399933 2.198539972 369.0390015
vn 0.8243970871 -0.5497537851 0.1346857399
v 202.5440063 2.198539972 368.9899902
vn 0.8270716071 -0.5580021739 0.06772099435
v 202.470993 2.125339985 368.9909973
vn 0.5026102066 -0.8631195426 0.04906769469
v 202.4669952 2.125339985 369.0270081
vn 0.4496478438 -0.8869271278 0.1057219431
v 202.4570007 2.125339985 369.0610046
vn 0.4182645082 -0.885006249 0.2044962794
v 201.6950073 2.444760084 368.9859924
vn -0.3048767447 -0.9516899586 0.03655742109
v 201.5200043 2.50048995 369.0799866
vn -0.3957458735 -0.9125832915 0.1028442904
v 201.5059967 2.50048995 368.9639893
vn -0.4296729565 -0.9015662074 0.05059222504
v 201.4329987 2.579859972 369.2000122
vn -0.5920922756 -0.7522904277 0.2889391482
v 201.5619965 2.50048995 369.1919861
vn -0.382463038 -0.899820447 0.2098693997
v 201.5189972 2.579859972 369.32901
vn -0.5622213483 -0.6853456497 0.4628266394
v 201.7059937 2.444760084 369.0780029
vn -0.3140588999 -0.9462536573 0.07727248222
v 201.8619995 2.382600069 368.9930115
vn -0.4243516028 -0.904412806 0.04430767521
v 201.6349945 2.50048995 369.2940063
vn -0.3447932899 -0.8833571076 0.317486763
v 201.6340027 2.579859972 369.4349976
vn -0.4174742699 -0.6812591553 0.6013328433
v 201.7380066 2.444760084 369.1650085
vn -0.305812031 -0.9383981228 0.1608973742
v 201.8690033 2.382600069 369.0660095
vn -0.4639712274 -0.8797706962 0.1036062911
v 201.951004 2.306060076 368.9930115
vn -0.7852976918 -0.6139091253 0.08014425635
v 201.7330017 2.50048995 369.3800049
vn -0.2854401171 -0.860568285 0.4218366444
v 201.7709961 2.579859972 369.5079956
vn -0.2743519247 -0.6394454241 0.7182204127
v 201.848999 2.50048995 369.4429932
vn -0.2085311413 -0.8246194124 0.525849402
v 201.7920074 2.444760084 369.2449951
vn -0.2853152454 -0.9250852466 0.2506241798
v 201.8659973 2.444760084 369.3129883
vn -0.2530660629 -0.905205071 0.3414107859
v 201.9530029 2.444760084 369.3659973
vn -0.2027902156 -0.8757999539 0.4380074739
v 201.9799957 2.50048995 369.4819946
vn -0.118914254 -0.7797881961 0.6146460772
v 201.8919983 2.382600069 369.1359863
vn -0.4461180568 -0.8690015078 0.2140443921
v 201.9309998 2.382600069 369.1990051
vn -0.4109151959 -0.8506904244 0.3278329968
v 201.9830017 2.382600069 369.2550049
vn -0.3618291914 -0.8269189596 0.4304471016
v 202.052002 2.444760084 369.401001
vn -0.1322203726 -0.8369669914 0.5310404897
v 202.1239929 2.50048995 369.4989929
vn -0.04527786002 -0.7441268563 0.6665021777
v 202.0460052 2.382600069 369.2999878
vn -0.2900929451 -0.7972174883 0.5294246078
v 202.1609955 2.444760084 369.4190063
vn -0.05941275135 -0.8020253181 0.5943278074
v 202.2749939 2.50048995 369.5029907
vn 0.00233677146 -0.7619631886 0.6476160884
v 202.1159973 2.382600069 369.3320007
vn -0.1973123401 -0.7625468373 0.6161088943
v 202.2740021 2.444760084 369.4230042
vn 0.003127928125 -0.7747576237 0.632250607
v 202.1929932 2.382600069 369.3500061
vn -0.09034446627 -0.7355545163 0.6714144945
v 202.0950012 2.306060076 369.2330017
vn -0.4116242826 -0.5789140463 0.7038636208
v 202.1499939 2.306060076 369.2590027
vn -0.2685740888 -0.5700389147 0.7764815688
v 202.2100067 2.306060076 369.2730103
vn -0.1116822883 -0.5668299794 0.8162296414
v 202.0460052 2.306060076 369.197998
vn -0.5025895238 -0.618670404 0.6038631201
v 202.0800018 2.198539972 369.1669922
vn -0.5719839334 -0.5031553507 0.6478186846
v 202.0050049 2.306060076 369.1549988
vn -0.6184003949 -0.5946006179 0.5138395429
v 201.973999 2.306060076 369.105011
vn -0.7115958929 -0.6024771929 0.3614588082
v 202.0449982 2.198539972 369.131012
vn -0.6840744615 -0.5373884439 0.4932096601
v 201.9570007 2.306060076 369.0499878
vn -0.7702050805 -0.6090095043 0.1894507706
v 202.0189972 2.198539972 369.0880127
vn -0.7756121755 -0.5452400446 0.3180236816
v 202.0039978 2.198539972 369.0419922
vn -0.8243006468 -0.5473399162 0.1447325051
v 201.9989929 2.198539972 368.9930115
vn -0.8258752227 -0.5575021505 0.08438850194
v 202.072998 2.125339985 368.9930115
vn -0.5006866455 -0.863969028 0.0535765551
v 202.0769958 2.125339985 369.0289917
vn -0.4461374879 -0.8881627917 0.1101278737
v 202.0879974 2.125339985 369.0629883
vn -0.4154492617 -0.8846990466 0.211446166
v 202.1069946 2.125339985 369.0929871
vn -0.3646906018 -0.8807086349 0.30224666
v 202.1320038 2.125339985 369.1199951
vn -0.3102512956 -0.876038909 0.3691882491
v 202.1210022 2.198539972 369.196991
vn -0.4267161787 -0.5166899562 0.7422565818
v 202.1620026 2.125339985 369.1419983
vn -0.2377981097 -0.8714088202 0.4290672839
v 202.1679993 2.198539972 369.2189941
vn -0.2652304769 -0.5108576417 0.8177269101
v 202.1959991 2.125339985 369.1579895
vn -0.1417833567 -0.8673972487 0.4769900143
v 202.2189941 2.198539972 369.230011
vn -0.1087272912 -0.5040717125 0.8567905426
v 202.272995 2.306060076 369.276001
vn 0.004623165354 -0.4965234399 0.8680109978
v 202.2339935 2.125339985 369.1659851
vn -0.06131826714 -0.8624383211 0.5024343133
v 202.272995 2.198539972 369.2340088
vn 1.076248914e-17 -0.5506124496 0.8347610235
v 202.272995 2.125339985 369.1690063
vn 1.040849388e-17 -0.8986846805 0.438595295
v 202.3119965 2.125339985 369.1659851
vn 0.06623063236 -0.8625710607 0.5015821457
v 202.2070007 2.306060076 368.723999
vn -0.1228500158 -0.5670687556 -0.8144574165
v 202.1660004 2.198539972 368.7749939
vn -0.2450093925 -0.4967540801 -0.8325898051
v 202.1470032 2.306060076 368.7369995
vn -0.2423084378 -0.5686603189 -0.7860738635
v 202.1609955 2.125339985 368.8479919
vn -0.2153709382 -0.867598772 -0.448205024
v 202.1190033 2.198539972 368.7940063
vn -0.3784959018 -0.5117140412 -0.7712908983
v 202.1309967 2.125339985 368.8670044
vn -0.2911584973 -0.8766040206 -0.3831346631
v 202.2720032 2.081399918 368.993988
vn -0.0008065836737 -0.9872170091 -0.1593797058
v 202.0780029 2.198539972 368.8200073
vn -0.5523579717 -0.5048643351 -0.6633344889
v 202.2700043 2.374599934 368.6430054
vn -0.004499605857 -0.7362654805 -0.6766778231
v 202.2700043 2.306060076 368.7189941
vn -0.004550201818 -0.494653672 -0.8690782785
v 202.3339996 2.306060076 368.7229919
vn 0.1091329902 -0.5691646338 -0.8149488568
v 202.1889954 2.37684989 368.6489868
vn -0.11812675 -0.7312064171 -0.6718506217
v 202.3509979 2.37684989 368.6480103
vn 0.1123099402 -0.7297402024 -0.6744372845
v 202.3939972 2.306060076 368.7349854
vn 0.2352050692 -0.5683941245 -0.7884203792
v 202.2700043 2.420380116 368.5939941
vn -0.002840553178 -0.8171822429 -0.5763723254
v 202.0919952 2.306060076 368.7579956
vn -0.3711155951 -0.5764636397 -0.7279855013
v 202.1130066 2.380599976 368.6650085
vn -0.2115565836 -0.741125524 -0.6371631026
v 202.1560059 2.427340031 368.6000061
vn -0.1185531989 -0.8471699953 -0.5179268122
v 202.0420074 2.382349968 368.6929932
vn -0.2787108421 -0.7759399414 -0.565895319
v 202.0469971 2.438849926 368.6140137
vn -0.1673868746 -0.8500696421 -0.499362886
v 202.0440063 2.306060076 368.7890015
vn -0.4853653014 -0.6153759956 -0.6210740209
v 201.947998 2.44423008 368.6340027
vn -0.1680331975 -0.8725699782 -0.4586790204
v 201.9810028 2.382600069 368.7319946
vn -0.3422704935 -0.8242182136 -0.4511266649
v 202.003006 2.306060076 368.8309937
vn -0.6158928871 -0.5975151658 -0.5134700537
v 202.0440063 2.198539972 368.855011
vn -0.6856074333 -0.5407037139 -0.4874237776
v 201.9290009 2.382600069 368.7860107
vn -0.3988519311 -0.8583298326 -0.3227801025
v 202.1060028 2.125339985 368.8930054
vn -0.361618638 -0.8830586076 -0.2990643084
v 202.0870056 2.125339985 368.9240112
vn -0.413870275 -0.8861763477 -0.2083335072
v 201.9730072 2.306060076 368.881012
vn -0.7128275037 -0.6044564843 -0.3556814492
v 202.0180054 2.198539972 368.8980103
vn -0.7765389085 -0.5468914509 -0.3128851056
v 202.076004 2.125339985 368.9580078
vn -0.4930738211 -0.8642856479 -0.09944117814
v 202.072998 2.125339985 368.9930115
vn -0.3939771056 -0.918497324 -0.03383325413
v 201.9989929 2.198539972 368.9930115
vn -0.7982961535 -0.5971127748 -0.07861062884
v 202.0039978 2.198539972 368.9440002
vn -0.8393676281 -0.5243851542 -0.1431159973
v 201.951004 2.306060076 368.9930115
vn -0.8369794488 -0.5417414308 -0.07734075934
v 201.9559937 2.306060076 368.9360046
vn -0.7529906631 -0.6382675171 -0.1600614786
v 201.8619995 2.382600069 368.9930115
vn -0.4590936303 -0.8872631192 -0.04469015822
v 201.8910065 2.382600069 368.848999
vn -0.4381216168 -0.8752704263 -0.2048196346
v 201.8690033 2.382600069 368.9190063
vn -0.4357424676 -0.894256711 -0.1021441892
v 201.7050018 2.444760084 368.894989
vn -0.2984877527 -0.9522610307 -0.06406243145
v 201.6950073 2.444760084 368.9859924
vn -0.3116607666 -0.9495767355 -0.03422833607
v 201.5059967 2.50048995 368.9639893
vn -0.3444295824 -0.9380049109 -0.03892333061
v 201.7359924 2.444760084 368.8080139
vn -0.2855308056 -0.9470319152 -0.1469787806
v 201.5189972 2.50048995 368.8500061
vn -0.3847064078 -0.9198467731 -0.07670029998
v 201.3659973 2.579859972 368.9190063
vn -0.5601868629 -0.8261638284 -0.06036547944
v 201.5570068 2.50048995 368.7449951
vn -0.3405389786 -0.9245077372 -0.1712268889
v 201.3800049 2.579859972 368.7860107
vn -0.5775075555 -0.8072009087 -0.1221133992
v 201.2810059 2.676320076 368.8760071
vn -0.7958241701 -0.6005013585 -0.07785882801
v 201.7879944 2.444930077 368.7290039
vn -0.2546392679 -0.9371795654 -0.238439396
v 201.6199951 2.501379967 368.6539917
vn -0.2788611948 -0.9241856933 -0.2609927356
v 201.2949982 2.676320076 368.7279968
vn -0.8001157641 -0.5772499442 -0.1630867124
v 201.2400055 2.776679993 368.855011
vn -0.953025341 -0.2887272835 -0.09153851122
v 201.4210052 2.579859972 368.6700134
vn -0.5341416001 -0.8086357117 -0.2465786934
v 201.4819946 2.580800056 368.5799866
vn -0.4449722171 -0.8209084272 -0.3579232395
v 201.3359985 2.676320076 368.6059875
vn -0.7139279246 -0.613381207 -0.3377431035
v 201.2550049 2.776679993 368.7000122
vn -0.9506132603 -0.2470073998 -0.1879409701
v 201.2339935 2.877729893 368.8519897
vn -0.9914300442 0.08899898827 -0.0956331268
v 201.2489929 2.877729893 368.6950073
vn -0.9701470137 0.08837578446 -0.2258417755
v 201.272995 2.977080107 368.7019958
vn -0.8749078512 0.4537455738 -0.1692665368
v 201.2949982 2.776679993 368.5750122
vn -0.8749851584 -0.2694798112 -0.4022207856
v 201.3930054 2.676520109 368.5209961
vn -0.6311405897 -0.5746263266 -0.5210241079
v 201.3119965 2.977080107 368.57901
vn -0.8113348484 0.4573820233 -0.3640568852
v 201.3800049 3.065579891 368.6109924
vn -0.5945947766 0.763909936 -0.2507959902
v 201.2890015 2.877729893 368.5700073
vn -0.8843847513 0.08274756372 -0.4593652785
v 201.4320068 3.064690113 368.5280151
vn -0.5046453476 0.7644284368 -0.4012259245
v 201.5 3.138629913 368.67099
vn -0.4442229569 0.8726090789 -0.2030256093
v 201.3650055 2.976599932 368.4989929
vn -0.7076707482 0.3744995296 -0.5991262197
v 201.3500061 2.776520014 368.4930115
vn -0.7470958233 -0.2149223685 -0.6290121078
v 201.3439941 2.877490044 368.4890137
vn -0.7635341287 0.07640963793 -0.6412310004
v 201.397995 2.875859976 368.4400024
vn -0.6516526937 0.06760282815 -0.7554989457
v 201.4199982 2.973269939 368.4490051
vn -0.579578042 0.4204183817 -0.6980957985
v 201.4069977 2.775439978 368.4429932
vn -0.6221299767 -0.2786769867 -0.7316374779
v 201.4389954 2.873159885 368.4079895
vn -0.6169061065 0.03889286518 -0.7860751748
v 201.9129944 3.065579891 369.5889893
vn -0.1703587025 0.3707027733 0.9129936099
v 202.0899963 3.065579891 369.6080017
vn -0.06369102001 0.2728527188 0.9599452615
v 201.9600067 3.138629913 369.5610046
vn -0.2112678885 0.4583221376 0.8633114696
v 201.8159943 3.138629913 369.5130005
vn -0.331474632 0.5935729146 0.7333455682
v 201.75 3.065579891 369.5440063
vn -0.3260165155 0.4857703745 0.81101197
v 202.5429993 3.216720104 369.5280151
vn 0.2859107852 0.4030580223 0.8693671823
v 202.4360046 3.138629913 369.5849915
vn 0.1152145267 0.3234612346 0.9392009377
v 202.5899963 3.138629913 369.5570068
vn 0.2208278328 0.4593768418 0.8603534102
v 202.6660004 3.216720104 369.4760132
vn 0.4069217741 0.498616308 0.7653734088
v 202.2749939 3.065579891 369.6119995
vn 0.003613669658 0.2368489951 0.9715397358
v 202.4600067 3.065579891 369.6069946
vn 0.0741988495 0.2752490938 0.9585053325
v 202.2749939 2.977080107 369.6300049
vn 0.004224765114 0.1800747812 0.9836438298
v 202.7330017 3.138629913 369.5079956
vn 0.3380374908 0.5927746892 0.7309916615
v 202.772995 3.216720104 369.4039917
vn 0.5096802115 0.5992363095 0.6173669696
v 202.6369934 3.065579891 369.5849915
vn 0.181770891 0.3716788292 0.910392344
v 202.8580017 3.138629913 369.4309998
vn 0.4542315602 0.6969940662 0.5548629761
v 202.8569946 3.216720104 369.3070068
vn 0.6111511588 0.6398646832 0.4659049809
v 202.8000031 3.065579891 369.5379944
vn 0.334182322 0.4856609404 0.8077472448
v 202.473999 2.977080107 369.6260071
vn 0.06004499272 0.1804084331 0.9817572832
v 202.6640015 2.977080107 369.6069946
vn 0.1716370136 0.2191492021 0.9604761004
v 202.9420013 3.065579891 369.4559937
vn 0.5174407959 0.5727361441 0.6357895136
v 202.9589996 3.138629913 369.3210144
vn 0.5205836892 0.7616471648 0.3858577907
v 202.9199982 3.216720104 369.1950073
vn 0.6750471592 0.6668393612 0.3156526089
v 202.8379974 2.977080107 369.5610046
vn 0.3594991565 0.2669937909 0.8941334486
v 203.0339966 3.138629913 369.1900024
vn 0.5458923578 0.7994713783 0.2506931722
v 202.9620056 3.216720104 369.0750122
vn 0.6822554469 0.7132282853 0.1607262641
v 203.0599976 3.065579891 369.3330078
vn 0.6151069403 0.6623565555 0.4276999533
v 203.0809937 3.138629913 369.0499878
vn 0.5514625311 0.8247355819 0.1253010184
v 202.977005 3.216720104 368.9530029
vn 0.6423436403 0.7625252008 0.07713606209
v 203.0970001 3.138629913 368.9100037
vn 0.5442740321 0.8366913795 0.06093753129
v 203.147995 3.065579891 369.1830139
vn 0.6285578609 0.729192555 0.2705424726
v 203.1990051 3.065579891 369.0239868
vn 0.6681358218 0.7292181849 0.1477678418
v 203.2160034 3.065579891 368.8659973
vn 0.7114039063 0.6987847686 0.07486214489
v 203.2129974 2.977080107 369.1839905
vn 0.8347616196 0.4180249274 0.3583688736
v 203.2669983 2.977080107 369.0130005
vn 0.8729055524 0.4584841728 0.1668177098
v 203.2839966 2.977080107 368.8450012
vn 0.9264128208 0.3648505211 0.09296982735
v 203.2910004 2.877729893 369.0130005
vn 0.9758201241 0.1080990806 0.1899727434
v 203.3079987 2.877729893 368.8410034
vn 0.9911977649 0.08905625343 0.0979590416
v 203.302002 2.776679993 368.8450012
vn 0.9817421436 -0.1631634533 0.09777545929
v 203.2350006 2.877729893 369.1870117
vn 0.9024255276 0.06444393843 0.4259989858
v 203.2850037 2.776679993 369.0150146
vn 0.9576726556 -0.2043510824 0.2027405947
v 203.2610016 2.676320076 368.8649902
vn 0.8811908364 -0.4645406008 0.0877769962
v 203.1179962 2.977080107 369.3439941
vn 0.7463193536 0.3544257581 0.5633735657
v 203.2449951 2.676320076 369.026001
vn 0.8495381474 -0.4941511452 0.1846606582
v 203.177002 2.579859972 368.9100037
vn 0.6808027029 -0.7290565372 0.07059888542
v 203.2299957 2.776679993 369.1879883
vn 0.8840565681 -0.2344783694 0.40430668
v 202.9909973 2.977080107 369.4750061
vn 0.5895284414 0.2668319941 0.7624020576
v 203.1380005 2.877729893 369.3510132
vn 0.7666321397 0.07388845831 0.6378210187
v 203.1329956 2.776679993 369.3500061
vn 0.7970110178 -0.1545210779 0.5838635564
v 203.0070038 2.877729893 369.4840088
vn 0.6088160872 0.06405706704 0.7907209992
v 203.003006 2.776679993 369.4819946
vn 0.6157779694 -0.1555578709 0.7724113464
v 202.8509979 2.877729893 369.571991
vn 0.4148650467 0.05692224205 0.9081006646
v 202.673996 2.877729893 369.6199951
vn 0.2027543634 0.05042824522 0.9779303074
v 202.8480072 2.776679993 369.5690002
vn 0.3687184453 -0.1626841426 0.915194273
v 203.098999 2.676320076 369.3399963
vn 0.7192547321 -0.4062306881 0.5636038184
v 202.973999 2.676320076 369.4639893
vn 0.5369451642 -0.4337306023 0.7235797644
v 203.1920013 2.676320076 369.1879883
vn 0.7783706784 -0.508439362 0.3682777882
v 203.029007 2.579859972 369.3210144
vn 0.5675846934 -0.6847370863 0.4571463168
v 203.1620026 2.579859972 369.0509949
vn 0.6399340034 -0.7536579967 0.149946928
v 203.0370026 2.50048995 368.9559937
vn 0.4295506775 -0.9018123746 0.04712391645
v 203.1130066 2.579859972 369.1910095
vn 0.5939023495 -0.7539899945 0.2806761563
v 203.0240021 2.50048995 369.071991
vn 0.396699816 -0.9126431346 0.09854841232
v 202.8480072 2.444760084 368.980011
vn 0.3059785366 -0.9515147805 0.03157084808
v 202.9830017 2.50048995 369.1839905
vn 0.385582149 -0.8997750282 0.204282403
v 202.8390045 2.444760084 369.071991
vn 0.315834403 -0.945981741 0.0732608363
v 202.6820068 2.382600069 368.9880066
vn 0.4252923429 -0.9041385651 0.04074187577
v 202.9120026 2.50048995 369.2879944
vn 0.3481965661 -0.883243382 0.3140705228
v 202.9140015 2.579859972 369.428009
vn 0.4220605195 -0.6805824637 0.5988926888
v 202.8249969 2.676320076 369.5469971
vn 0.3386004567 -0.4040456712 0.8497627974
v 202.8150024 2.50048995 369.3739929
vn 0.2895244062 -0.8600592017 0.4200878739
v 202.7779999 2.579859972 369.5020142
vn 0.2825258672 -0.6393389106 0.7151397467
v 202.6710052 2.776679993 369.6159973
vn 0.1753991246 -0.1452275813 0.9737269282
v 202.6560059 2.676320076 369.5929871
vn 0.167227298 -0.3671031892 0.9150247574
v 202.4790039 2.877729893 369.6390076
vn 0.07172148675 0.04968699068 0.996186316
v 202.4779968 2.776679993 369.6359863
vn 0.05941103026 -0.1336824 0.9892417789
v 202.2749939 2.877729893 369.6430054
vn 0.004913602956 0.04963747784 0.9987552166
v 202.4700012 2.676320076 369.6119995
vn 0.056734588 -0.3446892798 0.9370008111
v 202.6230011 2.579859972 369.54599
vn 0.1503444612 -0.5875895023 0.7950692773
v 202.2749939 2.776679993 369.6400146
vn 0.004965219647 -0.1661486924 0.9860882163
v 202.4530029 2.579859972 369.5650024
vn 0.05572030693 -0.5503290296 0.8330865502
v 202.6999969 2.50048995 369.4379883
vn 0.2145141512 -0.8243365288 0.5238826275
v 202.5690002 2.50048995 369.4790039
vn 0.1276000291 -0.7795974612 0.6131443977
v 202.2749939 2.676320076 369.6159973
vn 0.004916034173 -0.3694809079 0.9292253256
v 202.4250031 2.50048995 369.4979858
vn 0.05225498974 -0.7435773611 0.6666048765
v 202.2749939 2.579859972 369.5700073
vn 0.004055202939 -0.5750931501 0.8180778623
v 202.0970001 2.579859972 369.5669861
vn -0.04609541222 -0.5516864657 0.8327768445
v 202.0800018 2.676320076 369.6140137
vn -0.04690355435 -0.3436768055 0.9379159212
v 202.072998 2.776679993 369.6380005
vn -0.04774072021 -0.134587571 0.9897509813
v 201.927002 2.579859972 369.5499878
vn -0.1405726671 -0.5875270367 0.7969010472
v 201.8939972 2.676320076 369.5969849
vn -0.1556995213 -0.3679454625 0.9167190194
v 202.0709991 2.877729893 369.6409912
vn -0.06084112078 0.05100584403 0.9968433976
v 201.8789978 2.776679993 369.6210022
vn -0.1648455113 -0.1437814534 0.9757831693
v 201.723999 2.676320076 369.553009
vn -0.3310012817 -0.4030955136 0.8532010913
v 202.076004 2.977080107 369.6279907
vn -0.04913532734 0.1824598163 0.9819847941
v 201.8860016 2.977080107 369.6109924
vn -0.1615565568 0.216914922 0.962729156
v 201.8769989 2.877729893 369.6239929
vn -0.1932433993 0.05345635116 0.979693532
v 201.7120056 2.977080107 369.5669861
vn -0.3510423005 0.2642739415 0.8982920647
v 201.6060028 3.065579891 369.4630127
vn -0.5103379488 0.5725619197 0.6416603327
v 201.7019958 2.776679993 369.5750122
vn -0.3604668677 -0.1594186425 0.9190480709
v 201.6990051 2.877729893 369.5780029
vn -0.4035415649 0.05813354254 0.9131126404
v 201.5579987 2.977080107 369.4819946
vn -0.5803558826 0.267734319 0.7690938711
v 201.4290009 2.977080107 369.3529968
vn -0.7406818867 0.3537423909 0.5711888075
v 201.5410004 2.877729893 369.4920044
vn -0.5995227695 0.06769822538 0.7974894643
v 201.4089966 2.877729893 369.3599854
vn -0.7604707479 0.07473517954 0.6450573206
v 201.3110046 2.877729893 369.196991
vn -0.8986858726 0.06484638155 0.4337725341
v 201.5460052 2.776679993 369.4899902
vn -0.6065283418 -0.1567734033 0.7794520259
v 201.4140015 2.776679993 369.3590088
vn -0.7916452885 -0.1538446695 0.5912948251
v 201.3159943 2.776679993 369.197998
vn -0.8802896738 -0.2332811505 0.4131222665
v 201.2590027 2.776679993 369.026001
vn -0.9557943344 -0.2021333426 0.2135399282
v 201.447998 2.676320076 369.348999
vn -0.712991178 -0.4083456695 0.5699977279
v 201.5740051 2.676320076 369.4710083
vn -0.5296299458 -0.4338597357 0.7288743854
v 201.3540039 2.676320076 369.197998
vn -0.7736219764 -0.5094947815 0.3767281771
v 201.298996 2.676320076 369.0369873
vn -0.8473416567 -0.4941472411 0.1945008188
v 201.2810059 2.676320076 368.8760071
vn -0.8802503943 -0.4642435014 0.09816936404
v 201.3659973 2.579859972 368.9190063
vn -0.6797733307 -0.7293997407 0.07670880854
v 201.3820038 2.579859972 369.0599976
vn -0.6387493014 -0.7532734871 0.156774953
v 202.977005 3.216720104 368.9530029
vn 0.7013303041 0.7060977817 -0.09778418392
v 202.8860016 3.319030046 368.8640137
vn 0.8201585412 0.5331302285 -0.2076345533
v 202.9019928 3.319020033 368.9729919
vn 0.8562057018 0.5015257597 -0.1240310818
v 202.9609985 3.216720104 368.8349915
vn 0.631316483 0.7595882416 -0.1564136147
v 203.0970001 3.138629913 368.9100037
vn 0.5180703998 0.8528510332 -0.06517856568
v 202.7940063 3.434789896 368.7799988
vn 0.7828040123 0.5060085058 -0.3621784449
v 202.8470001 3.319070101 368.7579956
vn 0.7652136087 0.5379844904 -0.3535828292
v 203.0809937 3.138629913 368.7780151
vn 0.4921609163 0.8631666899 -0.1127870828
v 203.2160034 3.065579891 368.8659973
vn 0.5927186608 0.8025916815 -0.06731426716
v 202.9199982 3.216720104 368.7229919
vn 0.5614478588 0.7809630632 -0.2736292481
v 202.7420044 3.435549974 368.6900024
vn 0.7036939859 0.5066096187 -0.4981580675
v 202.6779938 3.546580076 368.7319946
vn 0.6456594467 0.6287936568 -0.4332925677
v 203.1999969 3.065579891 368.7210083
vn 0.6171715856 0.776280582 -0.128404364
v 203.2839966 2.977080107 368.8450012
vn 0.8553096056 0.5101448298 -0.09054158628
v 203.0399933 3.138629913 368.6629944
vn 0.4421787262 0.8724309802 -0.2081877589
v 203.2680054 2.977080107 368.6910095
vn 0.8738014698 0.4531357586 -0.1764624268
v 203.3079987 2.877729893 368.8410034
vn 0.9905606508 0.08649162203 -0.1063428372
v 203.1600037 3.065579891 368.6019897
vn 0.5901478529 0.765640676 -0.2559684217
v 203.1069946 3.064690113 368.519989
vn 0.5004006028 0.7648836374 -0.4056503773
v 203.2279968 2.977080107 368.5690002
vn 0.8075659871 0.4549918473 -0.37525931
v 203.2910004 2.877729893 368.6839905
vn 0.9681395292 0.08357682824 -0.2360524833
v 203.2850037 2.776679993 368.6889954
vn 0.9489477277 -0.2464259118 -0.1969072372
v 203.302002 2.776679993 368.8450012
vn 0.951397419 -0.290080905 -0.1034215614
v 203.25 2.877729893 368.5599976
vn 0.8804976344 0.07896117121 -0.4674281776
v 203.2440033 2.776679993 368.5650024
vn 0.87104249 -0.2663436234 -0.4127299786
v 203.2449951 2.676320076 368.7170105
vn 0.7988486886 -0.5769566298 -0.1701817364
v 203.2610016 2.676320076 368.8649902
vn 0.7950255275 -0.6000478268 -0.08875237405
v 203.2039948 2.676320076 368.5960083
vn 0.7110843658 -0.6133972406 -0.3436609209
v 203.1730042 2.976599932 368.4890137
vn 0.7004308105 0.3758173585 -0.6067602038
v 203.1950073 2.877490044 368.4790039
vn 0.7583560944 0.07305435836 -0.6477338076
v 203.1609955 2.579859972 368.776001
vn 0.5774849057 -0.805998385 -0.1299146265
v 203.177002 2.579859972 368.9100037
vn 0.5611373782 -0.8250721693 -0.06618769467
v 203.1190033 2.579859972 368.6610107
vn 0.5314342976 -0.8091521263 -0.2506999075
v 203.0240021 2.50048995 368.8420105
vn 0.3844103813 -0.9196142554 -0.08085972071
v 203.0370026 2.50048995 368.9559937
vn 0.344112277 -0.9381222725 -0.03890176862
v 202.9839935 2.50048995 368.7380066
vn 0.3388309181 -0.9243156314 -0.1755967587
v 203.0570068 2.580800056 368.5710144
vn 0.4398369193 -0.8214290738 -0.3630396724
v 202.8379974 2.444760084 368.8890076
vn 0.2977716327 -0.9523228407 -0.06643208116
v 202.8480072 2.444760084 368.980011
vn 0.3121877909 -0.9493996501 -0.03433856368
v 202.6820068 2.382600069 368.9880066
vn 0.4594610333 -0.8867997527 -0.04981674999
v 202.8059998 2.444760084 368.802002
vn 0.2839230001 -0.9470067024 -0.1502200365
v 202.673996 2.382600069 368.9150085
vn 0.4335579276 -0.8946275115 -0.1080238223
v 202.5870056 2.306060076 368.9320068
vn 0.7503917217 -0.6382540464 -0.1718839407
v 202.5930023 2.306060076 368.9899902
vn 0.834151566 -0.5448006392 -0.08592697233
v 202.651001 2.382600069 368.8450012
vn 0.4363143742 -0.8752314448 -0.208805427
v 202.9199982 2.501379967 368.6470032
vn 0.2759594321 -0.9239900112 -0.2647430599
v 202.753006 2.444930077 368.723999
vn 0.2518289089 -0.9370650053 -0.2418498993
v 202.5390015 2.198539972 368.9410095
vn 0.8365781307 -0.5262587667 -0.1522783935
v 202.5440063 2.198539972 368.9899902
vn 0.7971662283 -0.5979428887 -0.08360782266
v 202.5690002 2.306060076 368.8770142
vn 0.7081711888 -0.6064500809 -0.3615409732
v 202.5240021 2.198539972 368.894989
vn 0.7725720406 -0.5468456745 -0.3226333857
v 202.4669952 2.125339985 368.9559937
vn 0.4930889904 -0.8635418415 -0.1056348607
v 202.470993 2.125339985 368.9909973
vn 0.3945762515 -0.9177574515 -0.04506494477
v 202.4559937 2.125339985 368.9219971
vn 0.4135408998 -0.886030674 -0.2096034735
v 202.4980011 2.198539972 368.8529968
vn 0.6824628711 -0.540761888 -0.4917530119
v 202.4369965 2.125339985 368.8909912
vn 0.3623706102 -0.8825393915 -0.2996861935
v 202.4640045 2.198539972 368.8179932
vn 0.5473406911 -0.5035933852 -0.6684399247
v 202.5390015 2.306060076 368.8280029
vn 0.6092767119 -0.5994406939 -0.5190883875
v 202.6130066 2.382600069 368.7820129
vn 0.3954624832 -0.8582089543 -0.3272412717
v 202.4120026 2.125339985 368.8649902
vn 0.2904996872 -0.8758098483 -0.3854439259
v 202.4980011 2.306060076 368.7869873
vn 0.4780316949 -0.6157681942 -0.6263507009
v 202.5599976 2.382600069 368.7290039
vn 0.3371503651 -0.824323833 -0.4547745287
v 202.6809998 2.445470095 368.6640015
vn 0.2016233504 -0.9129664898 -0.3547395766
v 202.8480072 2.511679888 368.5599976
vn 0.1912305206 -0.8967180252 -0.399158746
v 202.5919952 2.44423008 368.6300049
vn 0.1638896912 -0.8732372522 -0.4589083195
v 202.4980011 2.382349968 368.6900024
vn 0.2713045478 -0.7763505578 -0.5689232349
v 202.4490051 2.306060076 368.756012
vn 0.3664648235 -0.5744763613 -0.7319019437
v 203.003006 2.589050055 368.5029907
vn 0.3523657024 -0.8299181461 -0.4325208068
v 202.7050018 2.500430107 368.5440063
vn 0.1232814267 -0.8680871725 -0.4808600545
v 202.4219971 2.198539972 368.7919922
vn 0.3720040023 -0.5097774863 -0.775718987
v 202.3820038 2.125339985 368.8460083
vn 0.2033063322 -0.8673084378 -0.4543595314
v 202.375 2.198539972 368.7739868
vn 0.2260703892 -0.4997261763 -0.8361614347
v 202.3470001 2.125339985 368.8340149
vn 0.1248215511 -0.860557735 -0.49382177
v 202.3240051 2.198539972 368.7640076
vn 0.1079222262 -0.4908130765 -0.8645550013
v 202.3099976 2.125339985 368.8259888
vn 0.06340182573 -0.8566744328 -0.5119463801
v 202.2709961 2.198539972 368.7600098
vn -1.639965801e-17 -0.5395252109 -0.8419694304
v 202.2709961 2.125339985 368.822998
vn 1.460795502e-17 -0.8941963911 -0.4476749599
v 202.2319946 2.125339985 368.8259888
vn -0.0631108135 -0.8564130664 -0.5124194622
v 202.2169952 2.198539972 368.7640076
vn -0.116474703 -0.4887968004 -0.8645873666
v 202.1950073 2.125339985 368.8340149
vn -0.1373319924 -0.8612075448 -0.4893480539
v 202.6940002 3.272300005 368.4030151
vn 0.3818545043 0.4855850041 -0.7863805294
v 202.6820068 3.243740082 368.3829956
vn 0.3341608644 0.4030003846 -0.8520136476
v 202.647995 3.277580023 368.3890076
vn 0.2342576832 0.5005089045 -0.8334351778
v 202.697998 3.252899885 368.394989
vn 0.4593252838 0.376054287 -0.8047381043
v 202.7030029 3.218869925 368.3850098
vn 0.5095992088 0.2024052739 -0.8362659812
v 202.7220001 3.265919924 368.4179993
vn 0.5736831427 0.4393780231 -0.6912558079
v 202.7189941 3.239650011 368.401001
vn 0.6028786898 0.3082613647 -0.7358751297
v 202.7149963 3.292769909 368.4320068
vn 0.5748345852 0.5609804392 -0.5957064033
v 202.7440033 3.257060051 368.4360046
vn 0.7469797134 0.371004194 -0.5517038703
v 202.7389984 3.222599983 368.4140015
vn 0.7528894544 0.1540106982 -0.6398735046
v 202.7339935 3.292560101 368.45401
vn 0.7453134656 0.5319046378 -0.4019767344
v 202.7570038 3.246639967 368.4559937
vn 0.921798408 0.2412222624 -0.3034790456
v 202.7089996 3.323750019 368.4660034
vn 0.5892183185 0.7362743616 -0.3327489495
v 202.7449951 3.288239956 368.4769897
vn 0.8653081059 0.4982371628 -0.05478690565
v 202.6950073 3.289969921 368.4159851
vn 0.4355393648 0.5788878798 -0.6893433332
v 202.6959991 3.316040039 368.4410095
vn 0.4517428875 0.6946645975 -0.5597941279
v 202.6779938 3.302730083 368.4169922
vn 0.3364571631 0.591881156 -0.7324433923
v 202.6699982 3.333199978 368.4440002
vn 0.335807234 0.7701140046 -0.5423633456
v 202.6750031 3.345809937 368.4700012
vn 0.3676723838 0.8691526055 -0.3307427764
v 202.6640015 3.318180084 368.4240112
vn 0.2797756493 0.6396592259 -0.7159341574
v 202.6349945 3.355459929 368.4639893
vn 0.1590393931 0.9005896449 -0.4045302868
v 202.6399994 3.339869976 368.4389954
vn 0.2010493428 0.7771282792 -0.5963646173
v 202.6439972 3.317199945 368.4159851
vn 0.2222135961 0.6154974103 -0.7561640739
v 202.6230011 3.321010113 368.4140015
vn 0.1420661211 0.6967682242 -0.7030869722
v 202.6119995 3.307240009 368.401001
vn 0.1241452992 0.5929498672 -0.7956119776
v 202.6100006 3.337249994 368.4289856
vn 0.05224756896 0.7909657955 -0.6096255183
v 202.595993 3.351160049 368.4509888
vn -0.06377802789 0.9008818269 -0.4293533862
v 202.5870056 3.323460102 368.4140015
vn -0.06278038025 0.7261195183 -0.6846963167
v 202.6300049 3.361979961 368.4890137
vn 0.07014164329 0.9975073338 -0.00770035293
v 202.526001 3.670939922 369.1900024
vn 0.327079922 0.8778082728 0.3499591351
v 202.4519958 3.704669952 369.1300049
vn 0.1830135584 0.9666779041 0.1789969802
v 202.5809937 3.613199949 369.2430115
vn 0.4671310186 0.7138436437 0.5217431188
v 202.5449982 3.681730032 369.1220093
vn 0.3583304286 0.9160498381 0.1801445186
v 202.4909973 3.436700106 369.4460144
vn 0.2997030318 0.4950362444 0.8155471683
v 202.6049957 3.628959894 369.1910095
vn 0.5193020701 0.7796628475 0.349930346
v 202.6799927 3.546580076 369.2210083
vn 0.6503743529 0.6294156313 0.4252635837
v 202.6380005 3.632019997 369.1229858
vn 0.5643843412 0.7876172662 0.247243464
v 202.6239929 3.546580076 369.2869873
vn 0.538256526 0.593487978 0.5983744264
v 202.5910034 3.436650038 369.401001
vn 0.4244423509 0.4929932654 0.759477675
v 202.7449951 3.435549974 369.2619934
vn 0.7141374946 0.5003415942 0.489556849
v 202.677002 3.436320066 369.3399963
vn 0.592372179 0.4740513861 0.651437223
v 202.5130005 3.31930995 369.4949951
vn 0.3154590726 0.3874381483 0.8662431836
v 202.3959961 3.31930995 369.5299988
vn 0.1839996874 0.3638698161 0.9130952358
v 202.6239929 3.319299936 369.4450073
vn 0.4477611184 0.415463984 0.7917699218
v 202.2749939 3.216720104 369.5750122
vn 0.004966138862 0.2836637497 0.9589109421
v 202.4109955 3.216720104 369.5620117
vn 0.1646125764 0.3167153001 0.93412745
v 202.7189941 3.319259882 369.3770142
vn 0.5952324271 0.4592973292 0.6593514085
v 202.7940063 3.319169998 369.2900085
vn 0.7214457989 0.4792064726 0.4998770952
v 202.848999 3.319070101 369.1889954
vn 0.7941807508 0.481169641 0.3711505532
v 202.7960052 3.434789896 369.17099
vn 0.7888883352 0.500420928 0.3566988707
v 202.8869934 3.319030046 369.0820007
vn 0.8308343887 0.5047841668 0.2343229055
v 202.7250061 3.545360088 369.1440125
vn 0.710411787 0.639724195 0.2933735549
v 202.8309937 3.434449911 369.0750122
vn 0.837816298 0.5082344413 0.1994030923
v 202.9019928 3.319020033 368.9729919
vn 0.850063324 0.5145584941 0.1123472154
v 202.8439941 3.434400082 368.9760132
vn 0.8378897309 0.5348049402 0.10919936
v 202.7539978 3.544569969 369.0610046
vn 0.7412856221 0.6556827426 0.1434425563
v 202.7649994 3.544480085 368.9760132
vn 0.7419654727 0.6636244059 0.09534074366
v 202.6670074 3.632280111 368.9760132
vn 0.6123454571 0.7877381444 0.06709438562
v 202.6600037 3.632119894 369.0509949
vn 0.5778239369 0.8065466881 0.1249075979
v 202.5630035 3.68614006 368.9769897
vn 0.4019920528 0.9149158597 0.03648772091
v 202.5590057 3.685189962 369.0509949
vn 0.3675431609 0.9266934395 0.07843048871
v 202.4600067 3.714349985 368.9779968
vn 0.2251088768 0.9738694429 0.03007190861
v 202.4579926 3.712300062 369.0539856
vn 0.1995791942 0.9773464203 0.07044262439
v 202.3639984 3.728369951 368.9779968
vn 0.1097457856 0.9933061004 0.03603972122
v 202.3639984 3.72529006 369.0570068
vn 0.08733708411 0.9926857948 0.08334925026
v 202.2720032 3.732490063 368.9790039
vn 0.0002297104802 0.9991179705 0.04199101776
v 202.2720032 3.728950024 369.0580139
vn 0.0005982085713 0.99417454 0.1077803448
v 202.1809998 3.72529006 369.0580139
vn -0.08629447222 0.9926902652 0.08437629789
v 202.1799927 3.728369951 368.9790039
vn -0.1086044684 0.9933806658 0.03741567209
v 202.1840057 3.714699984 369.1369934
vn -0.07256785035 0.9763377905 0.2037117034
v 202.0859985 3.712300062 369.0559998
vn -0.1979218423 0.9774990082 0.0729566887
v 202.0829926 3.714349985 368.980011
vn -0.2241112143 0.974003613 0.03303282335
v 202.0930023 3.704669952 369.1319885
vn -0.1798723489 0.9667360187 0.1818443835
v 202.102005 3.686199903 369.2059937
vn -0.168747291 0.9068416953 0.3862155974
v 201.9850006 3.685189962 369.0539856
vn -0.3667812645 0.9265666604 0.08334089816
v 201.9799957 3.68614006 368.980011
vn -0.4012356102 0.9150088429 0.04205680639
v 202 3.681730032 369.125
vn -0.3560585976 0.9161460996 0.1841157973
v 202.0200043 3.670939922 369.1929932
vn -0.3214869797 0.8781929016 0.3541515768
v 202.0249939 3.63244009 369.2630005
vn -0.2931883931 0.772035718 0.5639161468
v 201.9649963 3.613199949 369.2470093
vn -0.4612852931 0.7128062248 0.5283210874
v 201.9400024 3.628959894 369.1940002
vn -0.5152799487 0.7807981372 0.3533282876
v 201.9069977 3.632019997 369.1270142
vn -0.5633551478 0.7869792581 0.2515842319
v 201.8659973 3.546580076 369.2260132
vn -0.6469767094 0.6290345788 0.4309717119
v 201.9230042 3.546580076 369.2900085
vn -0.5313110352 0.5914821029 0.6065125465
v 201.9570007 3.436650038 369.4039917
vn -0.4200922251 0.4929625988 0.7619123459
v 201.8840027 3.632119894 369.0549927
vn -0.5763803124 0.8060567975 0.1343806535
v 201.8760071 3.632280111 368.9809875
vn -0.613229394 0.7865748405 0.07245511562
v 201.8209991 3.545360088 369.1489868
vn -0.7086786628 0.6382952929 0.3005887866
v 201.7899933 3.544569969 369.0660095
vn -0.7412478328 0.6536307335 0.1527038813
v 201.779007 3.544480085 368.9809875
vn -0.7435427904 0.6618511081 0.09537905455
v 201.6999969 3.434400082 368.9819946
vn -0.838037014 0.533139348 0.1160016209
v 201.7140045 3.434449911 369.0799866
vn -0.8352504969 0.5094106197 0.2070202827
v 201.6419983 3.319020033 368.9790039
vn -0.8484157324 0.516043067 0.117856957
v 201.75 3.434789896 369.177002
vn -0.7854001522 0.5025690198 0.361346066
v 201.6569977 3.319030046 369.0889893
vn -0.8286029696 0.5052955747 0.2410260588
v 201.5829926 3.216720104 369.0820007
vn -0.6808722615 0.7129095793 0.1678479016
v 201.5659943 3.216720104 368.9609985
vn -0.6402171254 0.7633572817 0.08606799692
v 201.6970062 3.319070101 369.1950073
vn -0.7898973227 0.4807463884 0.3807166815
v 201.8009949 3.435549974 369.2669983
vn -0.7088397741 0.5001381636 0.4974012673
v 201.6260071 3.216720104 369.2019958
vn -0.6726229191 0.6661683321 0.3221773207
v 201.753006 3.319169998 369.29599
vn -0.7171390653 0.4805388749 0.504771173
v 201.8699951 3.436320066 369.3439941
vn -0.5828162432 0.4766944051 0.6580939889
v 201.5119934 3.138629913 369.197998
vn -0.5432430506 0.7996567488 0.2558047473
v 201.4629974 3.138629913 369.0580139
vn -0.5501275063 0.8245805502 0.1320099533
v 201.4459991 3.138629913 368.9190063
vn -0.5447061658 0.8360925913 0.06514927745
v 201.3450012 3.065579891 369.0329895
vn -0.6673772335 0.7285243869 0.1544663608
v 201.3269958 3.065579891 368.8760071
vn -0.7103347182 0.6991822124 0.08104836941
v 201.397995 3.065579891 369.1919861
vn -0.6260133386 0.7290503383 0.2767541707
v 201.3329926 2.977080107 369.1940002
vn -0.8312731385 0.4185091257 0.3658347726
v 201.2769928 2.977080107 369.0230103
vn -0.8708053231 0.4590300322 0.1760384589
v 201.2579956 2.977080107 368.855011
vn -0.9244285822 0.3669241071 0.1039160565
v 201.253006 2.877729893 369.0230103
vn -0.9735631347 0.1083725169 0.2010727972
v 201.2339935 2.877729893 368.8519897
vn -0.9899448752 0.08886830509 0.110052757
v 201.2400055 2.776679993 368.855011
vn -0.9807300568 -0.1621459275 0.1089830175
v 201.4869995 3.065579891 369.3410034
vn -0.6107093096 0.66358006 0.4320828915
v 201.5879974 3.138629913 369.3280029
vn -0.5164219141 0.7617413402 0.3912269473
v 201.6900024 3.216720104 369.3139954
vn -0.6070112586 0.6386088133 0.4729864001
v 201.6909943 3.138629913 369.4370117
vn -0.4479143918 0.6970973015 0.5598464608
v 201.8280029 3.319259882 369.3819885
vn -0.5869592428 0.4586918354 0.6671436429
v 201.7749939 3.216720104 369.4089966
vn -0.5032729506 0.5965589881 0.6251669526
v 201.9250031 3.319299936 369.4490051
vn -0.4386427402 0.4155588746 0.7968082428
v 201.8829956 3.216720104 369.480011
vn -0.3984117508 0.4988060594 0.7697145939
v 202.0070038 3.216720104 369.5310059
vn -0.2759830356 0.4041526318 0.8720631003
v 202.0359955 3.31930995 369.4979858
vn -0.308511585 0.3845640421 0.8700178862
v 202.1390076 3.216720104 369.5629883
vn -0.1545657068 0.315112859 0.9363831282
v 202.1139984 3.138629913 369.5870056
vn -0.1044312343 0.3221080303 0.9409253597
v 202.2749939 3.138629913 369.5950012
vn 0.0052561583 0.2613341808 0.9652341008
v 201.9029999 3.355459929 368.4679871
vn -0.1641988754 0.8983596563 -0.4074170887
v 201.8630066 3.345809937 368.473999
vn -0.3712414205 0.8682732582 -0.3290613294
v 201.9089966 3.361979961 368.4920044
vn -0.069513686 0.9975516796 -0.007644305006
v 201.9420013 3.351160049 368.45401
vn 0.06077655777 0.8973801136 -0.4370528162
v 201.8679962 3.333199978 368.447998
vn -0.3358453512 0.7701346278 -0.5423103571
v 201.8619995 3.350579977 368.4989929
vn -0.4425622523 0.8959234953 0.03820635751
v 201.927002 3.337249994 368.4330139
vn -0.0585969016 0.7873096466 -0.6137669683
v 201.8289948 3.323750019 368.4710083
vn -0.596288383 0.7345514894 -0.3238430321
v 201.897995 3.339869976 368.4429932
vn -0.2033603042 0.7762822509 -0.5966829062
v 201.9149933 3.321010113 368.4179993
vn -0.145057112 0.695245266 -0.7039832473
v 201.9259949 3.307240009 368.4049988
vn -0.132681489 0.5949599743 -0.7927283645
v 201.8939972 3.317199945 368.4200134
vn -0.2222135961 0.6154974103 -0.7561640739
v 201.8739929 3.318180084 368.428009
vn -0.2793482542 0.6397081614 -0.716057241
v 201.8899994 3.277580023 368.3930054
vn -0.2391573191 0.5027315617 -0.8307013512
v 201.8600006 3.302730083 368.42099
vn -0.3442190289 0.5848311782 -0.7344969511
v 201.8419952 3.316040039 368.4450073
vn -0.4631429613 0.6913641095 -0.5545396805
v 201.8419952 3.289969921 368.42099
vn -0.4512315392 0.564402163 -0.6912599206
v 201.822998 3.292769909 368.4370117
vn -0.5833719373 0.5560485125 -0.5920196176
v 201.8439941 3.272300005 368.4079895
vn -0.3893654346 0.4917392731 -0.7788369656
v 201.4490051 2.677880049 368.4660034
vn -0.5341632962 -0.6089388728 -0.5863983631
v 201.451004 2.774090052 368.4100037
vn -0.5789356232 -0.2873248756 -0.7630714178
v 201.5350037 2.589050055 368.5100098
vn -0.3584038615 -0.8300331235 -0.4273074567
v 201.4949951 2.679399967 368.427002
vn -0.4801867306 -0.5428822041 -0.6889844537
v 201.4830017 2.781610012 368.3850098
vn -0.5430819392 -0.3180668652 -0.7771071196
v 201.6909943 2.511679888 368.5660095
vn -0.1945878118 -0.8966028094 -0.3977926672
v 201.5500031 2.61055994 368.4620056
vn -0.3267755806 -0.7126116157 -0.6208078861
v 201.5599976 2.679519892 368.3930054
vn -0.3193678856 -0.6006721258 -0.732937336
v 201.6289978 2.586580038 368.4630127
vn -0.1940191835 -0.7837041616 -0.590054512
v 201.8589935 2.445470095 368.6679993
vn -0.2046337426 -0.9130304456 -0.3528461456
v 201.8339996 2.500430107 368.5490112
vn -0.1271903813 -0.8678870201 -0.4802028239
v 201.746994 2.577270031 368.4519958
vn -0.1341941804 -0.8064620495 -0.575856626
v 201.697998 2.653310061 368.368988
vn -0.1882735491 -0.7259651423 -0.6614587307
v 201.6999969 2.701090097 368.322998
vn -0.2347709388 -0.5693826079 -0.7878363132
v 201.9649963 2.491209984 368.5350037
vn -0.153099671 -0.8665081263 -0.4751043916
v 201.8930054 2.566960096 368.4320068
vn -0.1601493508 -0.8138748407 -0.5585337281
v 201.8569946 2.641479969 368.3420105
vn -0.1651797742 -0.7481913567 -0.6425926685
v 202.1119995 2.470370054 368.519989
vn -0.127366513 -0.8748430014 -0.4673622847
v 202.0720062 2.539499998 368.4110107
vn -0.1381275505 -0.8156679869 -0.5617887378
v 202.052002 2.615250111 368.3190002
vn -0.1354420781 -0.7087789178 -0.6923061609
v 201.8699951 2.686700106 368.29599
vn -0.1389959604 -0.5469573736 -0.8255409002
v 202.2689972 2.457459927 368.5119934
vn -0.002646234585 -0.8889180422 -0.4580586553
v 202.2689972 2.521939993 368.3999939
vn -0.003058993025 -0.8319506645 -0.5548411608
v 202.2680054 2.598550081 368.3099976
vn -0.003640020965 -0.6578335166 -0.7531545758
v 202.3840027 2.427340031 368.598999
vn 0.113824375 -0.847620666 -0.5182501674
v 202.427002 2.470370054 368.5180054
vn 0.1215880737 -0.875238955 -0.4681592882
v 202.4279938 2.380599976 368.6640015
vn 0.2055425048 -0.7397455573 -0.6407251954
v 202.4929962 2.438849926 368.6119995
vn 0.1598944217 -0.8511262536 -0.5000178814
v 202.5740051 2.491209984 368.5310059
vn 0.1478923261 -0.8661863804 -0.4773353338
v 202.4660034 2.539499998 368.4089966
vn 0.1322642714 -0.8146415949 -0.56468153
v 201.4609985 3.138629913 368.7860107
vn -0.4937085509 0.8630430102 -0.1068113223
v 201.6210022 3.216720104 368.730011
vn -0.5649171472 0.780415535 -0.2679929137
v 201.3410034 3.065579891 368.730011
vn -0.6184418797 0.7763543129 -0.1216701567
v 201.3269958 3.065579891 368.8760071
vn -0.5925735831 0.8032961488 -0.05976500735
v 201.4459991 3.138629913 368.9190063
vn -0.5198456645 0.8520930409 -0.060810633
v 201.2579956 2.977080107 368.855011
vn -0.8552942276 0.5114046931 -0.0832887888
v 201.5809937 3.216720104 368.8420105
vn -0.633862555 0.7585722804 -0.1509514898
v 201.5659943 3.216720104 368.9609985
vn -0.7024255395 0.7061563134 -0.08911578357
v 201.6560059 3.319030046 368.8699951
vn -0.820920825 0.5358458161 -0.1973784864
v 201.6419983 3.319020033 368.9790039
vn -0.8562893271 0.5044910908 -0.1107129678
v 201.6940002 3.319070101 368.7640076
vn -0.768940568 0.5384323001 -0.34470433
v 201.7129974 3.434449911 368.8829956
vn -0.8360369205 0.5115878582 -0.1982931644
v 201.6999969 3.434400082 368.9819946
vn -0.8386525512 0.5341801643 -0.1063648462
v 201.7480011 3.434789896 368.7860107
vn -0.7864308953 0.5084282756 -0.3507522643
v 201.7480011 3.31843996 368.6640015
vn -0.6938772202 0.5328275561 -0.4843853712
v 201.7980042 3.435549974 368.6950073
vn -0.710961163 0.5082226992 -0.4860492647
v 201.8630066 3.546580076 368.7359924
vn -0.6517962217 0.6293735504 -0.4231437147
v 201.8190002 3.545360088 368.8129883
vn -0.7112262249 0.6383641958 -0.2943610251
v 201.7890015 3.544569969 368.8959961
vn -0.743363142 0.6532394886 -0.1438380331
v 201.779007 3.544480085 368.9809875
vn -0.7445858717 0.6618514657 -0.08685906976
v 201.8760071 3.632280111 368.9809875
vn -0.613871038 0.7867925167 -0.06418631971
v 201.8829956 3.632119894 368.9060059
vn -0.577239573 0.8063033819 -0.1291097999
v 201.9799957 3.68614006 368.980011
vn -0.402104646 0.914855063 -0.03677132726
v 201.9060059 3.632019997 368.8340149
vn -0.5657517314 0.7871031761 -0.2457509637
v 201.9839935 3.685189962 368.9070129
vn -0.3677477539 0.9265286922 -0.07941172272
v 202.0829926 3.714349985 368.980011
vn -0.2241608351 0.9740921855 -0.02993974835
v 201.9380035 3.628959894 368.7659912
vn -0.519395411 0.7804527283 -0.3480258286
v 202.0850067 3.712300062 368.9030151
vn -0.1989868581 0.9775048494 -0.06991744787
v 202.1799927 3.728369951 368.9790039
vn -0.1091019884 0.9933832884 -0.03586576879
v 201.9980011 3.681730032 368.8349915
vn -0.3591835499 0.9157289267 -0.1800770611
v 202.1799927 3.72529006 368.8999939
vn -0.08678653836 0.9927392006 -0.08328869939
v 202.2720032 3.732490063 368.9790039
vn -0.0002296850289 0.9991181493 -0.0419860594
v 202.0910034 3.704669952 368.8269958
vn -0.181777671 0.966565907 -0.1808513254
v 202.0180054 3.670939922 368.7669983
vn -0.3240469396 0.8777640462 -0.3528794646
v 201.9620056 3.613199949 368.7139893
vn -0.4655219316 0.713966012 -0.5230122805
v 202.1000061 3.686199903 368.7529907
vn -0.1730923504 0.9064591527 -0.3851893842
v 202.0220032 3.63244009 368.696991
vn -0.3000522554 0.7725906372 -0.5595287085
v 201.9199982 3.546580076 368.6700134
vn -0.5376766324 0.5929387808 -0.5994392633
v 201.9929962 3.54963994 368.6229858
vn -0.3547980189 0.6293944716 -0.6913616657
v 202.098999 3.639339924 368.6730042
vn -0.2082075477 0.7722838521 -0.6001893878
v 202.1820068 3.714699984 368.8210144
vn -0.0744722262 0.9763512015 -0.2029586285
v 202.1849976 3.691879988 368.7409973
vn -0.07876109332 0.9132019877 -0.3998235464
v 202.2709961 3.728950024 368.8999939
vn -0.0005956603563 0.9942235351 -0.1073274612
v 202.2709961 3.717299938 368.8190002
vn -0.001342339092 0.9722751379 -0.2338359356
v 202.3630066 3.72529006 368.8989868
vn 0.08558801562 0.9927440882 -0.08446250111
v 202.3639984 3.728369951 368.9779968
vn 0.1091049984 0.9933541417 -0.03665589914
v 202.3600006 3.714699984 368.8200073
vn 0.07211368531 0.9763978124 -0.2035850734
v 202.2700043 3.693269968 368.7369995
vn -0.002534043742 0.8986962438 -0.4385642707
v 202.3560028 3.691879988 368.7399902
vn 0.07384932041 0.9132003784 -0.4007634819
v 202.1829987 3.641210079 368.6539917
vn -0.1130296066 0.7863923311 -0.6072984934
v 202.4579926 3.712300062 368.901001
vn 0.1993095726 0.9773501754 -0.07115036994
v 202.4600067 3.714349985 368.9779968
vn 0.2253072858 0.9737890363 -0.03116923012
v 202.451004 3.704669952 368.8250122
vn 0.1796071231 0.9666395187 -0.1826179922
v 202.4409943 3.686199903 368.7510071
vn 0.1688670963 0.9060692191 -0.3879723251
v 202.5579987 3.685189962 368.9039917
vn 0.3681249619 0.926230669 -0.08112166077
v 202.5630035 3.68614006 368.9769897
vn 0.4012712538 0.9149755836 -0.04243857041
v 202.5440063 3.681730032 368.8320007
vn 0.3586358428 0.9155333042 -0.1821514517
v 202.5240021 3.670939922 368.7640076
vn 0.3206600845 0.8778969049 -0.3556320965
v 202.6589966 3.632119894 368.9020081
vn 0.5759308934 0.8066171408 -0.1329376549
v 202.6670074 3.632280111 368.9760132
vn 0.611679256 0.7875083685 -0.07535944134
v 202.6360016 3.632019997 368.8299866
vn 0.5624489188 0.7879875302 -0.2504533231
v 202.6029968 3.628959894 368.7630005
vn 0.5182948709 0.779820025 -0.3510713875
v 202.753006 3.544569969 368.8909912
vn 0.7398067117 0.6554116607 -0.1520578265
v 202.7649994 3.544480085 368.9760132
vn 0.7413288951 0.6630550027 -0.1038727015
v 202.8439941 3.434400082 368.9760132
vn 0.8359305263 0.5360633135 -0.1177126691
v 202.7230072 3.545360088 368.8080139
vn 0.7075155973 0.6405922174 -0.2984346747
v 202.8300018 3.434449911 368.8770142
vn 0.8338496685 0.5119847655 -0.206316039
v 201.8040009 3.292560101 368.4590149
vn -0.7453712821 0.5317693353 -0.4020485282
v 201.8159943 3.265919924 368.4230042
vn -0.5807632208 0.4438871443 -0.6824062467
v 201.7940063 3.257060051 368.4410095
vn -0.7470774651 0.370954752 -0.5516047478
v 201.7929993 3.288239956 368.4819946
vn -0.8677375317 0.4959489405 -0.03265274689
v 201.7810059 3.246639967 368.4609985
vn -0.9269582629 0.2350967824 -0.2923659086
v 201.8220062 3.324810028 368.4960022
vn -0.6708222628 0.7416111827 0.003226429923
v 201.822998 3.318130016 368.5159912
vn -0.5870900154 0.5406458974 0.6025175452
v 201.8190002 3.239650011 368.4060059
vn -0.6188719869 0.3049479127 -0.7238813639
v 201.8650055 3.345210075 368.519989
vn -0.2713362873 0.7434940934 0.6112226248
v 201.8820038 3.308089972 368.553009
vn -0.2265671492 0.5895113945 0.775334537
v 201.8390045 3.252899885 368.3989868
vn -0.4775262177 0.3843741715 -0.790079236
v 201.8450012 3.28421998 368.5499878
vn -0.5884657502 0.3485604227 0.729529798
v 201.7929993 3.279690027 368.5020142
vn -0.7950172424 0.2193415314 0.5655412674
v 201.8179932 3.250360012 368.5369873
vn -0.7906244993 0.05726867542 0.6096172929
v 201.7799988 3.23597002 368.4790039
vn -0.9306326509 -0.1275226027 0.3430173099
v 201.8070068 3.211849928 368.5180054
vn -0.8596333265 -0.2079755068 0.4666655064
v 201.8130035 3.174499989 368.493988
vn -0.8275782466 -0.4645956159 0.3150638044
v 201.9140015 3.357189894 368.5130005
vn 0.1099205762 0.7509961724 0.6510930657
v 201.9250031 3.318639994 368.5469971
vn 0.1328244507 0.6766169667 0.7242562771
v 201.9669952 3.313879967 368.5320129
vn 0.4191930294 0.6541699171 0.6295545101
v 201.9620056 3.351789951 368.4960022
vn 0.4767429233 0.7504475117 0.4577605128
v 202.0019989 3.294939995 368.5109863
vn 0.7711108327 0.4817105234 0.4163448513
v 201.9539948 3.356839895 368.4760132
vn 0.2885476649 0.9461495876 -0.1467692405
v 202.0010071 3.330290079 368.4710083
vn 0.7320398688 0.6344200969 0.2482514232
v 202.0249939 3.295559883 368.4440002
vn 0.9225008488 0.3727910817 0.1000950038
v 202.022995 3.264339924 368.4859924
vn 0.9686275125 0.1747445613 0.1767060906
v 201.9909973 3.336380005 368.4530029
vn 0.5270385146 0.7872173786 -0.3201862276
v 201.9730072 3.333620071 368.4349976
vn 0.2411545068 0.8015145063 -0.5471919179
v 201.951004 3.323460102 368.4179993
vn 0.05576196313 0.728833735 -0.6824163198
v 201.9669952 3.302560091 368.401001
vn 0.1658766419 0.6417645812 -0.748747766
v 201.9420013 3.296799898 368.394989
vn -0.003717447165 0.5805312991 -0.8142294884
v 201.9929962 3.305459976 368.4119873
vn 0.3643044233 0.6445242763 -0.6722133756
v 201.9700012 3.276410103 368.3840027
vn 0.1526907086 0.5024514794 -0.8510159254
v 201.9369965 3.278670073 368.3850098
vn -0.1170612723 0.5004856586 -0.857794106
v 202.0140076 3.303339958 368.427002
vn 0.6713495255 0.5562697053 -0.489748776
v 201.9989929 3.271019936 368.3900146
vn 0.3993635178 0.4475128949 -0.8001506329
v 201.9400024 3.259730101 368.3739929
vn -0.02243189886 0.4175068438 -0.9083968401
v 202.0319977 3.253170013 368.4159851
vn 0.9908583164 0.004908644594 -0.1348174363
v 202.029007 3.226999998 368.4620056
vn 0.9960677028 -0.08730154485 0.0150863044
v 202.0169983 3.188489914 368.4429932
vn 0.9012150168 -0.4087509215 -0.1439935416
v 201.9620056 3.249439955 368.3699951
vn 0.1651398987 0.3259156644 -0.9308640361
v 201.9210052 3.248250008 368.3710022
vn -0.1518360525 0.4261937737 -0.8917985559
v 201.9429932 3.226289988 368.3619995
vn 0.00373721635 0.2613458931 -0.9652379751
v 201.9880066 3.235490084 368.3720093
vn 0.3769707382 0.2384652793 -0.8950013518
v 201.9640045 3.204329967 368.3599854
vn 0.2050442249 0.08434698731 -0.9751114845
v 202.0209961 3.263010025 368.401001
vn 0.6555466652 0.311899364 -0.6877334714
v 202.0079956 3.22142005 368.3800049
vn 0.6118869185 0.04328087345 -0.7897601724
v 202.0189972 3.20946002 368.3940125
vn 0.8750534654 -0.3282871842 -0.3556810617
v 201.9799957 3.184839964 368.3659973
vn 0.4247355461 -0.2086119652 -0.8809544444
v 201.9889984 3.171020031 368.3800049
vn 0.6573238373 -0.6485750079 -0.3837653995
v 201.9909973 3.154619932 368.4299927
vn 0.6821492314 -0.6862601042 -0.2524272799
v 201.9530029 3.130759954 368.427002
vn 0.4278255999 -0.8587194681 -0.2820746601
v 201.9459991 3.143929958 368.3760071
vn 0.3053959012 -0.8651329279 -0.3978421092
v 201.9100037 3.120199919 368.4330139
vn 0.009269349277 -0.9728780985 -0.2311325073
v 201.9389954 3.159070015 368.3619995
vn 0.1680252403 -0.4624041021 -0.8706032038
v 201.8970032 3.131949902 368.3829956
vn -0.05626669526 -0.8827064633 -0.4665440917
v 201.8500061 3.137360096 368.3999939
vn -0.3754817247 -0.8863037825 -0.2710703313
v 201.8679962 3.124959946 368.447998
vn -0.3985008299 -0.913506031 -0.08187688142
v 201.8930054 3.147670031 368.368988
vn -0.1668571979 -0.4225464165 -0.8908497095
v 201.9290009 3.182240009 368.3569946
vn 0.01031095535 -0.1127418801 -0.9935708046
v 201.8470001 3.152810097 368.3850098
vn -0.445086062 -0.4497799575 -0.7743360996
v 201.8890076 3.172610044 368.3630066
vn -0.2586776912 -0.1101224422 -0.9596660137
v 201.9179993 3.209009886 368.3590088
vn -0.0836372152 0.1082208529 -0.9906023741
v 201.9080048 3.231519938 368.3659973
vn -0.1520190686 0.2819137573 -0.9473198056
v 201.8869934 3.202460051 368.3640137
vn -0.2532003224 0.1473142952 -0.9561318159
v 201.8869934 3.233779907 368.3720093
vn -0.2503684163 0.3786900938 -0.8910159469
v 201.8549957 3.243740082 368.3869934
vn -0.3358469903 0.4057091475 -0.8500628471
v 201.8670044 3.228689909 368.3770142
vn -0.3476398587 0.2598749995 -0.9008948207
v 201.8350067 3.218869925 368.3890076
vn -0.5186426044 0.2125263214 -0.828156054
v 201.8580017 3.204950094 368.3739929
vn -0.4058653712 0.0867382586 -0.9098075628
v 201.798996 3.222599983 368.4190063
vn -0.7559781075 0.1670018435 -0.6329355836
v 201.8190002 3.194449902 368.3959961
vn -0.6423358321 0.008380813524 -0.7663775086
v 201.7870026 3.206320047 368.4349976
vn -0.9130225182 -0.05959343165 -0.403532505
v 201.8509979 3.17689991 368.3770142
vn -0.4815358222 -0.1153835803 -0.8687979579
v 201.8099976 3.173269987 368.4079895
vn -0.7408646345 -0.330738306 -0.5845782757
v 201.7859955 3.193589926 368.4519958
vn -0.8634873629 -0.4922929406 0.1097144857
v 201.8339996 3.143909931 368.4689941
vn -0.6720926762 -0.7313351631 0.1159325689
v 201.8099976 3.158859968 368.4240112
vn -0.6486711502 -0.7583205104 -0.06461977959
v 202.6439972 2.566960096 368.428009
vn 0.1535002738 -0.8137183785 -0.5606247187
v 202.7910004 2.577270031 368.4460144
vn 0.1284486353 -0.8066772819 -0.5768645406
v 202.4850006 2.615250111 368.3169861
vn 0.1273228526 -0.7082594633 -0.6943755746
v 202.6799927 2.641479969 368.3370056
vn 0.1578587145 -0.7479790449 -0.6446766257
v 202.9089966 2.586580038 368.4559937
vn 0.1899335086 -0.7842853069 -0.5906114578
v 202.8390045 2.653310061 368.3630066
vn 0.1820502728 -0.7249211073 -0.6643395424
v 202.8359985 2.701090097 368.3169861
vn 0.2265694141 -0.5645063519 -0.7937247157
v 202.977005 2.679519892 368.3850098
vn 0.3128225207 -0.600546062 -0.7358576655
v 202.9880066 2.61055994 368.4549866
vn 0.3260762691 -0.7141093612 -0.6194530129
v 203.0420074 2.679399967 368.4190063
vn 0.4724765122 -0.5457336903 -0.6920554042
v 203.0890045 2.677880049 368.4570007
vn 0.5241851807 -0.6093364954 -0.5949277282
v 203.0549927 2.781610012 368.3770142
vn 0.5363103747 -0.3204018474 -0.7808417678
v 203.0859985 2.774090052 368.401001
vn 0.5694245696 -0.2884254158 -0.7697833776
v 203.1459961 2.676520109 368.5119934
vn 0.6268796921 -0.5720871091 -0.5289028287
v 203.1309967 2.775439978 368.4339905
vn 0.6176916957 -0.2766920626 -0.736137569
v 203.1880035 2.776520014 368.4840088
vn 0.7415954471 -0.2166836858 -0.6348893046
v 203.0980072 2.873159885 368.3989868
vn 0.6133797765 0.03860580176 -0.7888439894
v 203.1399994 2.875859976 368.4309998
vn 0.6425076723 0.06546267867 -0.7634779215
v 203.1179962 2.973269939 368.4400024
vn 0.5734128356 0.4199922383 -0.7034232616
v 203.0720062 2.876679897 368.3760071
vn 0.692648828 0.0671031028 -0.7181467414
v 203.0740051 2.965990067 368.4049988
vn 0.5474742055 0.3981906772 -0.7360137105
v 203.0559998 3.058500051 368.4639893
vn 0.4256564677 0.7358635664 -0.5266131163
v 202.9869995 3.136850119 368.5710144
vn 0.4024112225 0.8609521389 -0.3111697435
v 202.9459991 3.124289989 368.5
vn 0.3209482431 0.8353729844 -0.4462557435
v 202.8639984 3.213589907 368.6220093
vn 0.5071488619 0.7443236709 -0.4344908595
v 202.7920074 3.31843996 368.6589966
vn 0.6871894002 0.5338920951 -0.4926763475
v 203.0169983 3.045269966 368.4240112
vn 0.3900610209 0.6613604426 -0.6406674385
v 203.0429993 2.960069895 368.3800049
vn 0.5503374934 0.4449755251 -0.7064881325
v 202.9470062 3.098119974 368.4530029
vn 0.2544104159 0.761253655 -0.5964630842
v 202.9810028 3.032680035 368.3980103
vn 0.2919925749 0.6482698321 -0.7031974196
v 202.901001 3.098119974 368.4419861
vn 0.1943995208 0.7561151385 -0.6248989701
v 202.798996 3.180550098 368.5109863
vn 0.3572778106 0.7054347992 -0.6121391058
v 202.8959961 3.070980072 368.4119873
vn 0.1755010188 0.6938942671 -0.6983624697
v 202.7169952 3.31607008 368.571991
vn 0.5372285843 0.5343419909 -0.6525825858
v 202.8300018 3.086980104 368.4129944
vn 0.2118451148 0.716751039 -0.6643715501
v 202.6730042 3.436320066 368.6130066
vn 0.5787029862 0.4836939871 -0.6566147804
v 202.6589966 3.201100111 368.4559937
vn 0.348364085 0.578727901 -0.7373713255
v 202.6199951 3.546580076 368.6669922
vn 0.5320214033 0.5903951526 -0.6069487333
v 202.6190033 3.317169905 368.506012
vn 0.4273290038 0.4494014084 -0.7844923735
v 202.5859985 3.436650038 368.553009
vn 0.4171695709 0.4974247217 -0.7606169581
v 202.5789948 3.613199949 368.7099915
vn 0.4617362916 0.7119469047 -0.5290852189
v 202.5460052 3.54963994 368.6199951
vn 0.3481360078 0.6280270219 -0.6959765553
v 202.5189972 3.63244009 368.6950073
vn 0.2911088765 0.7717512846 -0.5653809309
v 202.4409943 3.639339924 368.67099
vn 0.203108266 0.7719744444 -0.6023309231
v 202.4859924 3.436700106 368.5090027
vn 0.289255172 0.500271976 -0.8161246181
v 202.3569946 3.641210079 368.6530151
vn 0.1060648635 0.7863592505 -0.6085962057
v 202.4600067 3.550820112 368.5849915
vn 0.2345891297 0.6390756965 -0.7324958444
v 202.2700043 3.641659975 368.6470032
vn -0.00346201146 0.7700368762 -0.6379899979
v 202.3670044 3.551059961 368.5589905
vn 0.1157647595 0.6525797248 -0.7488245368
v 202.3789978 3.436700106 368.4779968
vn 0.1637704521 0.5037465692 -0.8481854796
v 202.2700043 3.551110029 368.5499878
vn -0.003870892106 0.6619415283 -0.7495455146
v 202.1719971 3.551059961 368.5599976
vn -0.1228628606 0.6529836655 -0.7473400235
v 202.2689972 3.436700106 368.4660034
vn -0.004013683647 0.5364980698 -0.8438919783
v 202.5639954 3.333620071 368.4309998
vn -0.2453409433 0.8018958569 -0.5447668433
v 202.5950012 3.296799898 368.3919983
vn -0.01759252138 0.5786408186 -0.8153927326
v 202.5709991 3.302560091 368.3980103
vn -0.1703648567 0.6315709949 -0.7563688755
v 202.6000061 3.278670073 368.381012
vn 0.09956739843 0.4997479022 -0.8604291677
v 202.5679932 3.276410103 368.381012
vn -0.1590973735 0.5017625093 -0.850248456
v 202.5440063 3.305459976 368.4089966
vn -0.3679746985 0.6401668787 -0.6743745208
v 202.5839996 3.356839895 368.4729919
vn -0.2884097695 0.9472764134 -0.1395967156
v 202.5469971 3.336380005 368.4500122
vn -0.5373691916 0.7875008583 -0.3017893136
v 202.5390015 3.271019936 368.3869934
vn -0.4001817405 0.4468108416 -0.8001341224
v 202.5370026 3.330290079 368.4689941
vn -0.7293512821 0.6308560371 0.2647024989
v 202.522995 3.303339958 368.4240112
vn -0.6813694239 0.5499058366 -0.4830520451
v 202.5130005 3.295559883 368.4410095
vn -0.9213026166 0.3717993498 0.1138714701
v 202.5370026 3.294939995 368.5079956
vn -0.7630249858 0.4840082526 0.4284026921
v 202.5769958 3.351789951 368.4920044
vn -0.4720891714 0.7471806407 0.4678171873
v 202.5149994 3.264339924 368.4840088
vn -0.9662086368 0.1841840893 0.1803248823
v 202.5720062 3.313879967 368.5289917
vn -0.4209246337 0.6604949236 0.6217466593
v 202.5059967 3.253170013 368.4140015
vn -0.9917011261 0.006079190411 -0.1284210533
v 202.5090027 3.226999998 368.4599915
vn -0.9967463017 -0.07786171883 0.02084276266
v 202.5200043 3.188489914 368.4400024
vn -0.9042080641 -0.4015983641 -0.1453495324
v 202.6239929 3.357189894 368.5090027
vn -0.1078291237 0.7521297336 0.6501336694
v 202.6139984 3.318639994 368.5440063
vn -0.1226666942 0.6844007969 0.7187130451
v 202.6569977 3.308089972 368.5490112
vn 0.2363661081 0.5937228203 0.7691711783
v 202.6730042 3.345210075 368.5159912
vn 0.276134491 0.7401052713 0.6131834984
v 202.6759949 3.350579977 368.4949951
vn 0.441886425 0.8963633776 0.03562367335
v 202.7160034 3.318130016 368.5109863
vn 0.5909659863 0.5455965996 0.5942083001
v 202.6940002 3.28421998 368.54599
vn 0.5944151282 0.3570722044 0.7205345631
v 202.7169952 3.324810028 368.4909973
vn 0.6687294245 0.7434208989 -0.01124002598
v 202.7460022 3.279690027 368.4970093
vn 0.8013352156 0.2289022505 0.5526894927
v 202.720993 3.250360012 368.5329895
vn 0.7956848145 0.05834069476 0.6028946638
v 202.7590027 3.23597002 368.473999
vn 0.9360839128 -0.125786528 0.3285188675
v 202.7319946 3.211849928 368.5130005
vn 0.8599202037 -0.2123411894 0.4641642272
v 202.7259979 3.174499989 368.4890137
vn 0.8303841352 -0.4684268832 0.3017258048
v 202.7510071 3.206320047 368.4299927
vn 0.9050833583 -0.06876500696 -0.4196372926
v 202.7519989 3.193589926 368.446991
vn 0.8615019321 -0.4995616376 0.09084380418
v 202.7039948 3.143909931 368.4649963
vn 0.6702657938 -0.7356058955 0.09812122583
v 202.727005 3.158859968 368.4200134
vn 0.6469891071 -0.7592871785 -0.06991481781
v 202.6690063 3.124959946 368.4440002
vn 0.3978063762 -0.9138870239 -0.08099776506
v 202.727005 3.173269987 368.4039917
vn 0.7378829718 -0.3372276723 -0.5846419334
v 202.7180023 3.194449902 368.3919983
vn 0.6386485696 0.003194374498 -0.7694919109
v 202.6880035 3.137360096 368.3959961
vn 0.3755276203 -0.8862786889 -0.2710886598
v 202.6269989 3.120199919 368.4289856
vn -0.009359751828 -0.9727615714 -0.2316188961
v 202.6869965 3.17689991 368.3720093
vn 0.4815358222 -0.1153835803 -0.8687979579
v 202.6790009 3.204950094 368.3699951
vn 0.4014316499 0.09123513103 -0.9113335013
v 202.6699982 3.228689909 368.3720093
vn 0.3437137902 0.2610286474 -0.9020670056
v 202.647995 3.172610044 368.3590088
vn 0.2513875365 -0.1094001383 -0.9616838694
v 202.6900024 3.152810097 368.381012
vn 0.4426880479 -0.4595091641 -0.769986093
v 202.6499939 3.202460051 368.3599854
vn 0.2425420582 0.1481759846 -0.9587581754
v 202.6499939 3.233779907 368.3680115
vn 0.2354632914 0.377259165 -0.8956743479
v 202.6159973 3.248250008 368.3670044
vn 0.1447445303 0.4182465672 -0.8967267275
v 202.6289978 3.231519938 368.3630066
vn 0.1518097669 0.282186389 -0.9472721815
v 202.6190033 3.209009886 368.355011
vn 0.07975697517 0.1154222786 -0.9901093245
v 202.5939941 3.226289988 368.3580017
vn -0.01547135692 0.2659888864 -0.9638519287
v 202.5980072 3.259730101 368.3710022
vn -0.001280912082 0.4169709086 -0.9089189172
v 202.5749969 3.249439955 368.3670044
vn -0.1729586869 0.3323304951 -0.9271686673
v 202.572998 3.204329967 368.3569946
vn -0.218945846 0.08441809565 -0.9720783234
v 202.548996 3.235490084 368.368988
vn -0.3788644969 0.2429988235 -0.8929799795
v 202.5169983 3.263010025 368.3980103
vn -0.6657034159 0.3093939126 -0.6790540218
v 202.529007 3.22142005 368.3770142
vn -0.6249831915 0.04124490172 -0.7795478702
v 202.5189972 3.20946002 368.3909912
vn -0.8797746301 -0.3196498752 -0.3518814445
v 202.5570068 3.184839964 368.3630066
vn -0.4329122901 -0.2130916268 -0.8758875132
v 202.5480042 3.171020031 368.3770142
vn -0.6614679694 -0.6451693773 -0.3823827803
v 202.5469971 3.154619932 368.427002
vn -0.6846296787 -0.6883726716 -0.2396356612
v 202.5839996 3.130759954 368.4230042
vn -0.4330216646 -0.8562235236 -0.281733036
v 202.5910034 3.143929958 368.3729858
vn -0.3073900044 -0.8625331521 -0.4019302726
v 202.5980072 3.159070015 368.3590088
vn -0.1792479604 -0.4689448774 -0.8648473024
v 202.6080017 3.182240009 368.3529968
vn -0.02588164806 -0.119711034 -0.9924713373
v 202.6399994 3.131949902 368.3789978
vn 0.051371824 -0.8821807504 -0.4681004882
v 202.6450043 3.147670031 368.3649902
vn 0.157323882 -0.4280748367 -0.8899444342
v 202.0789948 3.550820112 368.5870056
vn -0.2414971143 0.6401438713 -0.7293112874
v 202.1589966 3.436700106 368.4790039
vn -0.171182707 0.5043829679 -0.8463417292
v 202.052002 3.436700106 368.5109863
vn -0.2990126908 0.4986367226 -0.8136048317
v 201.9530029 3.436650038 368.5559998
vn -0.4250790775 0.4942102432 -0.7583297491
v 202.2689972 3.31923008 368.4110107
vn -0.003851578571 0.4050320685 -0.9142943621
v 202.147995 3.318789959 368.4249878
vn -0.1814339012 0.4023563266 -0.8973244429
v 202.3899994 3.318789959 368.4240112
vn 0.1712803543 0.4034137428 -0.8988439441
v 202.2689972 3.216059923 368.3710022
vn -0.003429771867 0.4110580683 -0.9116027355
v 202.0310059 3.318030119 368.4599915
vn -0.3126889467 0.4210962951 -0.8514126539
v 202.1340027 3.212579966 368.3819885
vn -0.1585532725 0.460881114 -0.8731835485
v 202.5079956 3.318030119 368.4570007
vn 0.3011533618 0.4235720038 -0.8543379903
v 202.404007 3.212579966 368.381012
vn 0.1474926323 0.4617162645 -0.8746793866
v 202.5350037 3.206449986 368.4100037
vn 0.2642476261 0.5137551427 -0.8162284493
v 202.2680054 3.139480114 368.3269958
vn -0.004550283775 0.530952096 -0.8473896384
v 202.4259949 3.128979921 368.3299866
vn 0.1164127588 0.5746227503 -0.8100967407
v 202.5769958 3.1105299 368.3479919
vn 0.2105399966 0.6301727891 -0.7473654747
v 202.7160034 3.098540068 368.3829956
vn 0.2597107589 0.6833440065 -0.6823425293
v 202.6150055 3.035870075 368.2900085
vn 0.1798518598 0.6116812229 -0.7703891397
v 202.7689972 3.016289949 368.3179932
vn 0.2265637368 0.6312552094 -0.7417450547
v 202.4459991 3.067100048 368.2850037
vn 0.09319645166 0.5672736764 -0.8182389736
v 202.2680054 3.084850073 368.2890015
vn -0.004936701152 0.5545740724 -0.8321197033
v 202.9120026 2.999890089 368.3479919
vn 0.2185351402 0.5878975391 -0.77885741
v 202.1109924 3.128979921 368.3320007
vn -0.1254114062 0.5742325783 -0.8090296388
v 202.003006 3.206449986 368.4129944
vn -0.271777451 0.5153433084 -0.8127473593
v 202.0899963 3.067100048 368.2869873
vn -0.1003223434 0.5688815713 -0.8162776232
v 201.9199982 3.317169905 368.5100098
vn -0.4312362373 0.4492976964 -0.7824109197
v 201.9600067 3.1105299 368.3510132
vn -0.2176249772 0.631788373 -0.7439642549
v 201.8789978 3.201100111 368.4599915
vn -0.3559779227 0.5777539611 -0.7344930768
v 201.8659973 3.436320066 368.6170044
vn -0.5846978426 0.4831478596 -0.6516875029
v 201.8220062 3.31607008 368.5759888
vn -0.5433044434 0.5322896838 -0.6492210627
v 201.6759949 3.213589907 368.6279907
vn -0.5122625232 0.7437040806 -0.4295245409
v 201.7400055 3.180550098 368.5169983
vn -0.3631261289 0.7048048973 -0.6094173193
v 201.552002 3.136850119 368.57901
vn -0.4055444002 0.8610574007 -0.3067798316
v 201.5919952 3.124289989 368.5069885
vn -0.3254192472 0.835308671 -0.4431271851
v 201.4830017 3.058500051 368.4719849
vn -0.4304328561 0.7355812192 -0.5231136084
v 201.4629974 2.965990067 368.4140015
vn -0.5547680259 0.3973478377 -0.7309905291
v 201.5209961 3.045269966 368.4320068
vn -0.3958417177 0.6608601809 -0.6376308799
v 201.5910034 3.098119974 368.4609985
vn -0.2639684379 0.7593293786 -0.5947600603
v 201.4660034 2.876679897 368.3850098
vn -0.7030644417 0.06607849896 -0.7080494761
v 201.4940033 2.960069895 368.3880005
vn -0.562774539 0.4439559579 -0.6972717643
v 201.5559998 3.032680035 368.4060059
vn -0.3007754982 0.6501917839 -0.6976996064
v 201.6369934 3.098119974 368.447998
vn -0.2017396092 0.7555187941 -0.6232916713
v 201.4960022 2.808739901 368.3640137
vn -0.541034162 -0.2256329954 -0.8101677299
v 201.6419983 3.070980072 368.4190063
vn -0.1827332228 0.6927554607 -0.6976377368
v 201.7070007 3.086980104 368.4190063
vn -0.2172663212 0.7176908851 -0.6616004109
v 201.8220062 3.098540068 368.3880005
vn -0.26784271 0.684414506 -0.6781128645
v 201.5780029 3.01680994 368.3819885
vn -0.2639487088 0.6357215643 -0.7253889441
v 201.6239929 2.999890089 368.355011
vn -0.2274398506 0.5881832838 -0.7760873437
v 201.7680054 3.016289949 368.322998
vn -0.2344842106 0.6319596767 -0.7386772633
v 201.9210052 3.035870075 368.2929993
vn -0.1882594973 0.6114351153 -0.7685736418
v 201.5130005 2.95810008 368.3680115
vn -0.5349521041 0.5298513174 -0.6580910683
v 201.529007 2.953119993 368.3529968
vn -0.2808544636 0.4323118627 -0.8568705916
v 201.4799957 2.891400099 368.3670044
vn -0.7384203076 0.1073713526 -0.6657378674
v 201.4940033 2.905999899 368.3540039
vn -0.4129603505 0.1335224509 -0.9009081721
v 201.5099945 2.838020086 368.3500061
vn -0.3636038303 -0.07332403958 -0.9286634922
v 201.5870056 2.771879911 368.3330078
vn -0.2899355292 -0.1753776819 -0.9408400655
v 201.5339966 2.855900049 368.3479919
vn 0.1921862066 0.3297340572 -0.9243050814
v 201.5140076 2.908309937 368.3519897
vn 0.4019503593 -0.01742793992 -0.9154955745
v 201.5440063 2.937249899 368.3479919
vn -0.03369040042 -0.2648253143 -0.9637076855
v 201.522995 2.899090052 368.3770142
vn 0.9752402902 -0.1909676492 -0.1115243658
v 201.5700073 2.735389948 368.3510132
vn -0.395665288 -0.4177176952 -0.8179003
v 201.7259979 2.73232007 368.3009949
vn -0.2033297271 -0.2269876897 -0.9524356127
v 201.6109924 2.799890041 368.32901
vn -0.001259509125 0.45410496 -0.8909472823
v 201.9019928 2.7146101 368.2810059
vn -0.05512951314 -0.1641356945 -0.9848960638
v 201.548996 2.856990099 368.3739929
vn 0.5889658332 0.8080806136 0.01117747184
v 201.75 2.761970043 368.2950134
vn -0.04294472188 0.4715568423 -0.8807893395
v 201.6300049 2.811120033 368.355011
vn 0.267973721 0.9576967359 -0.104914546
v 201.9210052 2.74048996 368.2780151
vn 0.07022397965 0.5817297101 -0.8103450537
v 202.0630035 2.671410084 368.2869873
vn -0.039776057 -0.3172765374 -0.9474985003
v 202.0850067 2.707950115 368.2909851
vn 0.05863846838 0.212171331 -0.9754716158
v 202.2680054 2.66305995 368.2860107
vn -0.004962254781 -0.03383605182 -0.9994150996
v 202.4730072 2.671410084 368.2850037
vn 0.03040608764 -0.3201805949 -0.9468684196
v 202.2680054 2.706700087 368.303009
vn -0.004747591913 0.5026221275 -0.8644931912
v 202.095993 2.729059935 368.303009
vn 0.1096593291 0.8478941917 -0.5187005997
v 202.4519958 2.707950115 368.2890015
vn -0.06849588454 0.213196367 -0.9746053815
v 202.2680054 2.725500107 368.3240051
vn -0.0009263385436 0.9866694808 -0.1627342254
v 201.7669983 2.777859926 368.321991
vn 0.1558958441 0.9739329815 -0.1647757292
v 201.9340057 2.752720118 368.3059998
vn 0.1428622454 0.9895039201 -0.02173298039
v 201.7830048 2.769619942 368.4020081
vn 0.1906100661 0.9805290103 0.04722964019
v 202.102005 2.729890108 368.3340149
vn 0.09151958674 0.9846863151 0.1483813375
v 201.951004 2.741980076 368.3869934
vn 0.1618329138 0.9851350188 0.05761165917
v 202.2680054 2.719229937 368.3569946
vn 0.001794506446 0.9591662288 0.2828371823
v 201.6380005 2.800230026 368.4299927
vn 0.3304492235 0.9421179295 0.0567192398
v 202.1130066 2.711189985 368.4030151
vn 0.1340368837 0.984474659 0.1133303121
v 201.8200073 2.761199951 368.5369873
vn 0.1580671072 0.9844527245 -0.07660006732
v 201.9839935 2.73526001 368.5220032
vn 0.1625500619 0.982334435 -0.09271739423
v 201.6719971 2.788860083 368.5570068
vn 0.2460265011 0.964744091 -0.0934869498
v 201.8910065 2.777699947 368.7080078
vn 0.1184566244 0.9701708555 -0.2115100473
v 201.7610016 2.799010038 368.7229919
vn 0.1929695457 0.9554975629 -0.2231302708
v 201.5740051 2.826610088 368.5669861
vn 0.5005610585 0.8465855122 -0.1809187531
v 201.5449982 2.841500044 368.4450073
vn 0.5954079628 0.8027377129 0.0331899114
v 201.5119934 2.883209944 368.446991
vn 0.9975906014 -0.02138555236 -0.06599728018
v 201.5370026 2.869149923 368.5679932
vn 0.9151490927 0.06883337349 -0.3971952498
v 201.6730042 2.828690052 368.7290039
vn 0.4104020596 0.8513984084 -0.326635778
v 201.6380005 2.863739967 368.7260132
vn 0.7911182046 0.2546457052 -0.5561362505
v 201.6649933 2.898519993 368.7290039
vn 0.4544163346 -0.8100361824 -0.3706038296
v 201.7339935 2.863579988 368.8359985
vn 0.7213047743 0.08663240075 -0.6871784925
v 201.7810059 2.844520092 368.8630066
vn 0.3583260179 0.8115305901 -0.4615415633
v 201.8529968 2.827049971 368.8640137
vn 0.1226615235 0.9246285558 -0.3605776131
v 201.776001 2.882989883 368.8630066
vn 0.3691784441 -0.7955832481 -0.4803691804
v 201.8280029 2.864049911 368.9110107
vn 0.3402010798 0.04293907806 -0.9393718243
v 201.9579926 2.814709902 368.8519897
vn 0.04937947914 0.9168055058 -0.3962692618
v 201.8860016 2.863159895 368.9150085
vn -0.02870049141 -0.002516883891 -0.9995849133
v 201.8439941 2.898400068 368.8640137
vn 0.08625005931 -0.9387149215 -0.3337292969
v 203.0140076 2.899090052 368.3699951
vn -0.9767460227 -0.1880816966 -0.1029197946
v 203.003006 2.855900049 368.3399963
vn -0.198386237 0.3280858397 -0.9235813618
v 202.9880066 2.856990099 368.3659973
vn -0.5871508718 0.8093212247 0.01590579189
v 202.9929962 2.937249899 368.3410034
vn 0.02100587264 -0.2704506218 -0.9625046849
v 202.9129944 2.951839924 368.3240051
vn 0.2200149447 -0.1869855672 -0.9574078918
v 202.7859955 2.963949919 368.2909851
vn 0.2253463715 0.1897047311 -0.9556312561
v 202.9109955 2.931659937 368.348999
vn -0.07083513588 -0.9880545735 -0.1368595213
v 202.7830048 2.942399979 368.3139954
vn -0.09030617774 -0.9771311283 -0.192508623
v 202.6269989 2.987070084 368.2630005
vn 0.12049824 0.06048191711 -0.9908693433
v 202.9889984 2.92159009 368.3659973
vn -0.2436064333 -0.9617645144 -0.1251594871
v 202.4519958 3.02531004 368.2630005
vn -0.01227492746 0.001701201196 -0.9999232292
v 202.621994 2.967600107 368.2869873
vn -0.1874082536 -0.9634597898 -0.1913724095
v 202.6080017 2.974410057 368.3729858
vn -0.2094445974 -0.977512598 0.02453746833
v 202.2680054 3.047049999 368.269989
vn -0.005514938384 -0.04865103215 -0.9988006353
v 202.4470062 3.011039972 368.2860107
vn -0.2105180621 -0.9764239788 -0.04773198068
v 202.0839996 3.02531004 368.2650146
vn 0.00262822723 0.002706530271 -0.999992907
v 202.2680054 3.035949945 368.2929993
vn -1.969054028e-05 -0.99520123 0.09784946591
v 201.9089966 2.987070084 368.2669983
vn -0.1308179647 0.05505394191 -0.9898766279
v 202.0890045 3.011039972 368.2879944
vn 0.2105881721 -0.976333499 -0.04924998432
v 201.9149933 2.967600107 368.2900085
vn 0.1853942424 -0.9632886648 -0.1941749007
v 201.7510071 2.963949919 368.29599
vn -0.2350898683 0.1809390932 -0.9549836516
v 201.7539978 2.942399979 368.3200073
vn 0.0882101208 -0.9771620631 -0.1933216751
v 201.9290009 2.974410057 368.3760071
vn 0.2099103779 -0.9774477482 0.02309761569
v 201.6239929 2.951839924 368.3309937
vn -0.227864638 -0.1849868745 -0.9559589624
v 201.6260071 2.931659937 368.355011
vn 0.06985036284 -0.9878649712 -0.1387216449
v 201.7619934 2.946719885 368.401001
vn 0.1297225207 -0.9914115071 0.0165907722
v 201.5480042 2.92159009 368.3739929
vn 0.242352128 -0.9618092179 -0.1272340119
v 201.6239929 2.932709932 368.4299927
vn 0.1700577438 -0.9850893617 -0.02606297471
v 201.5390015 2.913589954 368.4450073
vn 0.4155007005 -0.9045330286 -0.09580801427
v 201.5650024 2.90809989 368.5669861
vn 0.4423068166 -0.8729061484 -0.205911532
v 201.6549988 2.93640995 368.5570068
vn 0.1789045781 -0.9791379571 -0.09634311497
v 201.7460022 2.924760103 368.7229919
vn 0.153375417 -0.9669939876 -0.2034664899
v 201.7969971 2.953039885 368.5369873
vn 0.1309566349 -0.989081502 -0.06758786738
v 201.8710022 2.938699961 368.7080078
vn 0.1003667042 -0.9766594172 -0.1899022311
v 201.9600067 2.979549885 368.5180054
vn 0.2146579921 -0.9717589617 -0.09801241755
v 202.0119934 2.956919909 368.6950073
vn 0.1756367534 -0.9525842071 -0.2484654039
v 202.098999 3.024620056 368.3720093
vn 0.2298832238 -0.9717411995 0.05359758809
v 202.1179962 3.029069901 368.5140076
vn 0.2312927395 -0.9655345082 -0.1193599552
v 202.1450043 2.990859985 368.6910095
vn 0.1801485121 -0.9341347814 -0.3081212342
v 202.2689972 3.053920031 368.375
vn 0.0005152366939 -0.9977789521 0.06661021709
v 202.2689972 3.058330059 368.5150146
vn -0.001151162782 -0.9860517383 -0.1664352417
v 202.2700043 3.011009932 368.6910095
vn -0.002674242714 -0.9301965833 -0.3670519888
v 202.4380035 3.024620056 368.3710022
vn -0.2299757749 -0.9715551138 0.05649619177
v 202.4210052 3.029069901 368.5119934
vn -0.2325507104 -0.9654129744 -0.1178895831
v 202.3950043 2.990859985 368.6889954
vn -0.1835004091 -0.9342316389 -0.3058412373
v 202.371994 2.927670002 368.8370056
vn -0.1009061262 -0.8391745687 -0.5344193578
v 202.5780029 2.979549885 368.5150146
vn -0.2152520865 -0.9718287587 -0.09599690139
v 202.5279999 2.956919909 368.6919861
vn -0.177298069 -0.9527688026 -0.2465704829
v 202.4799957 2.912800074 368.8389893
vn -0.09581870586 -0.8825432062 -0.4603653848
v 202.4570007 2.860199928 368.8919983
vn 0.0105754463 -0.01207054406 -0.9998711944
v 202.5630035 2.860690117 368.901001
vn 0.06336163729 -0.009902935475 -0.997941494
v 202.4669952 2.806499958 368.8389893
vn -0.04662129283 0.8860527277 -0.4612342715
v 202.595993 2.905250072 368.848999
vn -0.03796359524 -0.9270790219 -0.3729386926
v 202.6699982 2.938699961 368.70401
vn -0.1020136178 -0.9766907096 -0.188861087
v 202.7420044 2.953039885 368.5320129
vn -0.1314791292 -0.9891161323 -0.0660494566
v 202.5839996 2.814709902 368.848999
vn -0.05450785905 0.9164806008 -0.396348536
v 202.5079956 2.759639978 368.6929932
vn -0.1249173954 0.9610385895 -0.246577546
v 202.6499939 2.777699947 368.70401
vn -0.1211948991 0.9700864553 -0.2103426456
v 202.6569977 2.863159895 368.9110107
vn 0.01637104712 -0.0009052155074 -0.9998655915
v 202.6889954 2.827049971 368.8590088
vn -0.125844866 0.9247775674 -0.3590953648
v 202.7799988 2.799010038 368.7179871
vn -0.1952781528 0.9554700851 -0.2212315053
v 202.7189941 2.761199951 368.5320129
vn -0.1589568853 0.9844630361 -0.07460028678
v 202.7140045 2.864049911 368.9070129
vn -0.3463685513 0.04362670332 -0.9370835423
v 202.697998 2.898400068 368.8590088
vn -0.08962246031 -0.9386883974 -0.332914263
v 202.7619934 2.844520092 368.8580017
vn -0.3639204502 0.8107860684 -0.4584624469
v 202.7660065 2.882989883 368.8580017
vn -0.3748512864 -0.7950385809 -0.4768649638
v 202.7949982 2.924760103 368.7179871
vn -0.1558001637 -0.9668431282 -0.2023380399
v 202.8760071 2.898519993 368.7219849
vn -0.4573714435 -0.8108171821 -0.3652216494
v 202.8840027 2.93640995 368.5509949
vn -0.1804032326 -0.9790390134 -0.09453735501
v 202.8079987 2.863579988 368.8299866
vn -0.7290450335 0.08096696436 -0.6796600223
v 202.8679962 2.828690052 368.7219849
vn -0.4140606821 0.8513273001 -0.322173208
v 202.9029999 2.863739967 368.7200012
vn -0.7939113379 0.2588489354 -0.5501836538
v 202.8670044 2.788860083 368.5509949
vn -0.2467566133 0.9648042321 -0.09090635926
v 202.7539978 2.769619942 368.3970032
vn -0.1902960986 0.9804728031 0.04960361496
v 202.9660034 2.826610088 368.5589905
vn -0.5008505583 0.8477184772 -0.174705714
v 202.8999939 2.800230026 368.4240112
vn -0.3293224871 0.9421913028 0.06182431802
v 202.9060059 2.811120033 368.348999
vn -0.2691878974 0.9579091072 -0.09973971546
v 202.9920044 2.841500044 368.4370117
vn -0.5956123471 0.80215168 0.04241083562
v 203.003006 2.869149923 368.5610046
vn -0.9206745028 0.06118712202 -0.3855056167
v 203.026001 2.883209944 368.4389954
vn -0.9983997941 -0.01959793642 -0.05304503813
v 202.973999 2.90809989 368.5589905
vn -0.4428671002 -0.8738529682 -0.2006234527
v 202.9989929 2.913589954 368.4370117
vn -0.4168474078 -0.9043546915 -0.09154691547
v 202.9140015 2.932709932 368.4240112
vn -0.1703187078 -0.9850879312 -0.0243578814
v 202.7749939 2.946719885 368.3959961
vn -0.1295122057 -0.9914181232 0.0177948419
v 201.9459991 2.905250072 368.8519897
vn 0.03363209963 -0.9270255566 -0.3734869361
v 201.9790039 2.860690117 368.9039917
vn -0.07248686999 -0.01107572298 -0.9973078966
v 202.0330048 2.759639978 368.6950073
vn 0.1221353114 0.961079061 -0.2478103936
v 202.0749969 2.806499958 368.8410034
vn 0.04252140597 0.8863654137 -0.4610295892
v 202.0619965 2.912800074 368.8410034
vn 0.09141292423 -0.8818366528 -0.4626097977
v 202.0859985 2.860199928 368.8940125
vn -0.02029806376 -0.01303866133 -0.9997089505
v 202.1329956 2.705310106 368.5239868
vn 0.1470130235 0.982925117 -0.1106591001
v 202.1580048 2.741080046 368.6919861
vn 0.1002931073 0.9500323534 -0.2956008017
v 202.1779938 2.80163002 368.8380127
vn 0.02752012573 0.8524180055 -0.5221361518
v 202.2689972 2.695519924 368.4179993
vn 0.0005612772075 0.9931789637 0.1165987924
v 202.2689972 2.689870119 368.5289917
vn -0.0006166963722 0.9869180322 -0.1612216681
v 202.2700043 2.731930017 368.6929932
vn -0.001632592175 0.9367993474 -0.3498633504
v 202.1820068 2.864150047 368.8909912
vn 0.004977080505 -0.01221955009 -0.9999129772
v 202.2709961 2.799989939 368.8380127
vn -0.003353925655 0.7871017456 -0.6168140769
v 202.1699982 2.927670002 368.8380127
vn 0.09491501004 -0.838819921 -0.5360711217
v 202.2709961 2.867120028 368.8909912
vn -0.005486415699 -6.123141619e-17 -0.99998492
v 202.2709961 2.936660051 368.8380127
vn -0.003226429224 -0.7763689756 -0.6302704215
v 202.3600006 2.864150047 368.8900146
vn -0.01560584363 -0.01173815969 -0.9998093247
v 202.3639984 2.80163002 368.8370056
vn -0.03265652806 0.8521837592 -0.5222225785
v 202.3829956 2.741080046 368.6910095
vn -0.1023660079 0.950042665 -0.2948561311
v 202.4060059 2.705310106 368.5230103
vn -0.1478492022 0.9830095768 -0.108778365
v 202.423996 2.711189985 368.401001
vn -0.1328389794 0.9844420552 0.1150117144
v 202.5549927 2.73526001 368.5190125
vn -0.1638306081 0.9823347926 -0.09043169767
v 202.4349976 2.729890108 368.3320007
vn -0.08993822336 0.9847872853 0.1486778408
v 202.5859985 2.741980076 368.3840027
vn -0.1613944322 0.9851055741 0.05931990221
v 202.4409943 2.729059935 368.3009949
vn -0.114081189 0.8473309278 -0.5186673403
v 202.6029968 2.752720118 368.303009
vn -0.1434994489 0.9894405603 -0.02037724853
v 202.6150055 2.74048996 368.2749939
vn -0.07860961556 0.5822605491 -0.8091928959
v 202.6340027 2.7146101 368.2770081
vn 0.04582876712 -0.1606584489 -0.9859455228
v 202.7689972 2.777859926 368.3160095
vn -0.158221826 0.9737291932 -0.1637600809
v 202.7859955 2.761970043 368.2900085
vn 0.0355610624 0.4665504694 -0.8837794065
v 202.8099976 2.73232007 368.29599
vn 0.1928624213 -0.2241249084 -0.9552863836
v 202.6670074 2.686700106 368.2919922
vn 0.1295957118 -0.5425795317 -0.8299472332
v 202.9250031 2.799890041 368.321991
vn -0.01191505417 0.4548344314 -0.8904963136
v 202.9499969 2.771879911 368.3259888
vn 0.2788235545 -0.1763182878 -0.9440176487
v 202.9669952 2.735389948 368.3439941
vn 0.3857212961 -0.4153279364 -0.8238457441
v 203.0410004 2.808739901 368.3559875
vn 0.5270159841 -0.2257595807 -0.8193209171
v 203.0269928 2.838020086 368.3420105
vn 0.3598336279 -0.07631473988 -0.9298902154
v 203.0570068 2.891400099 368.3590088
vn 0.7237372398 0.1101243272 -0.6812319756
v 203.0429993 2.905999899 368.3460083
vn 0.4127837121 0.1333006918 -0.9010219574
v 203.0240021 2.95810008 368.3599854
vn 0.5307497978 0.5301116109 -0.6612762809
v 202.9589996 3.01680994 368.375
vn 0.2555889785 0.6339970827 -0.729878068
v 203.0079956 2.953119993 368.3450012
vn 0.2687775195 0.4310569167 -0.8613643646
v 203.022995 2.908309937 368.3439941
vn -0.4292034507 -0.02106303908 -0.9029622078
v 203.5839996 1.923440099 369.0490112
vn -0.9934651852 -0.0360115245 0.1083055213
v 203.5780029 1.923389912 368.993988
vn -0.9934651852 -0.0360115245 0.1083055213
v 203.5839996 1.902330041 369.0419922
vn -0.9934651852 -0.0360115245 0.1083055213
v 203.5839996 1.92279017 368.9389954
vn -0.99344486 0.0353279151 -0.1087161377
v 203.5780029 1.923389912 368.993988
vn -0.99344486 0.0353279151 -0.1087161377
v 203.5839996 1.944390059 368.9460144
vn -0.99344486 0.0353279151 -0.1087161377
v 203.5839996 1.89349997 369.0220032
vn -0.9818368554 -0.1895617992 0.007916153409
v 203.5780029 1.923389912 368.993988
vn -0.9818368554 -0.1895617992 0.007916153409
v 203.5839996 1.89233005 368.993988
vn -0.9818368554 -0.1895617992 0.007916153409
v 203.6009979 1.975160003 368.946991
vn -0.8533006907 0.4780015051 -0.2083087564
v 203.5839996 1.944390059 368.9460144
vn -0.9446876049 0.3006619215 -0.1310257614
v 203.5839996 1.953540087 368.9670105
vn -0.9446876049 0.3006619215 -0.1310257614
v 203.5780029 1.923389912 368.993988
vn -0.9880353808 0.1413851082 -0.06161436066
v 203.6009979 1.959450006 368.9110107
vn -0.912563622 0.1262083799 -0.3889718354
v 203.5839996 1.92279017 368.9389954
vn -0.912563622 0.1262083799 -0.3889718354
v 203.6009979 1.922359943 368.8989868
vn -0.9125364423 0.1261268705 -0.3890620768
v 203.6009979 1.886490107 368.9110107
vn -0.4416540265 -0.8313368559 -0.3373733461
v 203.628006 1.879040003 368.8940125
vn -0.4416540265 -0.8313368559 -0.3373733461
v 203.628006 1.861590028 368.9370117
vn -0.4416540265 -0.8313368559 -0.3373733461
v 203.6009979 1.922359943 368.8989868
vn -0.9131162167 -0.1295781583 -0.3865594864
v 203.5839996 1.92279017 368.9389954
vn -0.9482179284 -0.1010429934 -0.301119715
v 203.5839996 1.901899934 368.9460144
vn -0.9691436291 -0.07850967348 -0.2336596251
v 203.5780029 1.923389912 368.993988
vn -0.9934955835 -0.03626804054 -0.1079405397
v 204.1840057 1.96273005 369.131012
vn 0.58805269 0.416089803 0.6935873032
v 204.1670074 1.923419833 369.1690063
vn 0.58805269 0.416089803 0.6935873032
v 204.2120056 1.923419833 369.1329956
vn 0.5623136163 0.4359828532 0.7026537657
v 204.1549988 1.955659986 369.1619873
vn 0.629540205 0.3818111122 0.676682651
v 203.9230042 1.775629997 368.678009
vn 0.03025287017 -0.6885172725 -0.7245886922
v 203.951004 1.744230151 368.7090149
vn 0.03025287017 -0.6885172725 -0.7245886922
v 203.9210052 1.751559854 368.696991
vn 0.1568863988 -0.6195598245 -0.7691113949
v 203.9669952 1.768290043 368.6830139
vn -0.0414624773 -0.7204995155 -0.692214787
v 203.6289978 1.861690044 369.0509949
vn -0.435831815 -0.8211675286 0.3684217036
v 203.602005 1.887230158 369.0759888
vn -0.435831815 -0.8211675286 0.3684217036
v 203.6009979 1.872059941 369.0409851
vn -0.435831815 -0.8211675286 0.3684217036
v 203.5839996 1.902330041 369.0419922
vn -0.9442380071 -0.3011858463 0.1330476999
v 203.5839996 1.89349997 369.0220032
vn -0.9442380071 -0.3011858463 0.1330476999
v 203.5780029 1.923389912 368.993988
vn -0.988183558 -0.1402047724 0.06193492189
v 203.6009979 1.975160003 368.946991
vn -0.3678871095 0.9289941192 -0.04036105424
v 203.6289978 1.988289952 368.993988
vn -0.3678871095 0.9289941192 -0.04036105424
v 203.628006 1.985610008 368.9370117
vn -0.3725070059 0.9272862673 -0.03713147715
v 203.6009979 1.977390051 368.993988
vn -0.3624118567 0.9309705496 -0.04417528957
v 203.5839996 1.953540087 368.9670105
vn -0.798205018 0.6016876698 -0.02899376303
v 203.5839996 1.954839945 368.993988
vn -0.9822673202 0.1872935593 0.008490086533
v 203.5780029 1.923389912 368.993988
vn -0.9822673202 0.1872935593 0.008490086533
v 203.5839996 1.953570008 369.0220032
vn -0.9822673202 0.1872935593 0.008490086533
v 203.6009979 1.975209951 369.0409851
vn -0.7195385098 0.6301153302 0.2919229567
v 203.5839996 1.94464004 369.0419922
vn -0.8479993939 0.4789999425 0.2268394083
v 203.5780029 1.923389912 368.993988
vn -0.9934784174 0.03583732247 0.1082417443
v 203.5839996 1.923440099 369.0490112
vn -0.90218997 0.1450445801 0.4062208235
v 203.602005 1.959879994 369.0759888
vn -0.6809467673 0.4901951253 0.544077456
v 203.602005 1.92347002 369.0889893
vn -0.7702954412 0.2144324481 0.6005527973
v 203.6289978 1.985669971 369.0509949
vn -0.4391986728 0.818533361 0.3702805638
v 203.6300049 1.923489928 369.1080017
vn -0.5453346372 0.2765159309 0.7912958264
v 203.6300049 1.96724999 369.0929871
vn -0.5311929584 0.5678646564 0.6287795901
v 204.1670074 1.923419833 369.1690063
vn 0.5880522728 -0.4160909653 0.6935869455
v 204.1549988 1.891179919 369.1619873
vn 0.6295397282 -0.3818123043 0.6766824126
v 204.1840057 1.884110093 369.131012
vn 0.5880522728 -0.4160909653 0.6935869455
v 204.2120056 1.923419833 369.1329956
vn 0.5623133183 -0.4359838963 0.7026534081
v 203.602005 1.887230158 369.0759888
vn -0.5383939147 -0.2845469713 0.7931992412
v 203.6300049 1.923489928 369.1080017
vn -0.5383939147 -0.2845469713 0.7931992412
v 203.602005 1.92347002 369.0889893
vn -0.5383939147 -0.2845469713 0.7931992412
v 203.6009979 1.977390051 368.993988
vn -0.6472581029 0.7614589334 0.03517453
v 203.6009979 1.975209951 369.0409851
vn -0.5083847046 0.8602123857 0.03974482417
v 203.6289978 1.988289952 368.993988
vn -0.3627499938 0.9308955669 0.04296352342
v 203.6289978 1.985669971 369.0509949
vn -0.3630157411 0.9308004975 0.04277873412
v 203.5839996 1.953570008 369.0220032
vn -0.7979962826 0.6020259261 0.02768897638
v 203.5839996 1.954839945 368.993988
vn -0.7982436419 0.6017168164 0.02727604657
v 203.5780029 1.923389912 368.993988
vn -0.9883739352 0.1388197094 0.06201684102
v 203.5839996 1.94464004 369.0419922
vn -0.899479568 0.137340486 0.4148181975
v 203.5839996 1.923440099 369.0490112
vn -0.899479568 0.137340486 0.4148181975
v 203.602005 1.959879994 369.0759888
vn -0.899479568 0.137340486 0.4148181975
v 204.1990051 1.923419833 368.8139954
vn 0.7159808278 -0.3882190883 -0.5802218914
v 204.2290039 1.923419833 368.8510132
vn 0.7217724323 -0.4288731813 -0.5432424545
v 204.1880035 1.891179919 368.821991
vn 0.7217724323 -0.4288731813 -0.5432424545
v 204.2050018 1.884110093 368.8529968
vn 0.7253687382 -0.468355149 -0.5044636726
v 203.6009979 1.871970177 368.946991
vn -0.5918483734 -0.8053774238 -0.03290435672
v 203.6289978 1.85927999 368.993988
vn -0.3587409854 -0.9326590896 -0.0381045565
v 203.6009979 1.870049953 368.993988
vn -0.5918483734 -0.8053774238 -0.03290435672
v 203.5839996 1.893450022 368.9670105
vn -0.7950257063 -0.6060701013 -0.02476149425
v 203.5839996 1.89233005 368.993988
vn -0.7947813272 -0.6063674092 0.02532207221
v 203.5780029 1.923389912 368.993988
vn -0.9818372726 -0.1895618588 -0.007869651541
v 203.6289978 1.85927999 368.993988
vn -0.359087199 -0.9324623346 0.03962853551
v 203.6009979 1.872059941 369.0409851
vn -0.359087199 -0.9324623346 0.03962853551
v 203.6289978 1.861690044 369.0509949
vn -0.3593930304 -0.9323534369 0.03941671923
v 203.6009979 1.870049953 368.993988
vn -0.7945409417 -0.6066657305 0.02571769804
v 203.5839996 1.89349997 369.0220032
vn -0.7945409417 -0.6066657305 0.02571769804
v 203.6009979 1.872059941 369.0409851
vn -0.7943973541 -0.6068436503 0.02595371194
v 203.602005 1.887230158 369.0759888
vn -0.5297734737 -0.5703813434 0.6276983023
v 203.6300049 1.879930019 369.0929871
vn -0.5297734737 -0.5703813434 0.6276983023
v 203.6300049 1.923489928 369.1080017
vn -0.5502058268 -0.2721136808 0.7894477248
v 203.5839996 1.902330041 369.0419922
vn -0.8992968798 -0.1379871368 0.4149996042
v 203.602005 1.887230158 369.0759888
vn -0.90103966 -0.1429482996 0.409503758
v 203.5839996 1.923440099 369.0490112
vn -0.90103966 -0.1429482996 0.409503758
v 203.602005 1.92347002 369.0889893
vn -0.9020103216 -0.1457743198 0.4063584805
v 203.6009979 1.959450006 368.9110107
vn -0.5678317547 0.2712012827 -0.7771852612
v 203.6289978 1.966729999 368.8940125
vn -0.5505712628 0.2885190547 -0.7833441496
v 203.6269989 1.922149897 368.8789978
vn -0.5678317547 0.2712012827 -0.7771852612
v 203.6009979 1.922359943 368.8989868
vn -0.5889898539 0.2492160201 -0.768753767
v 203.6009979 1.959450006 368.9110107
vn -0.597612679 0.7330847383 -0.3247243166
v 203.628006 1.985610008 368.9370117
vn -0.4427608252 0.8192672729 -0.3643679917
v 203.6009979 1.975160003 368.946991
vn -0.6850196719 0.6676565409 -0.2915179729
v 203.5839996 1.944390059 368.9460144
vn -0.8532232046 0.4779709876 -0.208695814
v 203.5839996 1.953540087 368.9670105
vn -0.982262671 0.1872926801 -0.009025146253
v 203.6009979 1.977390051 368.993988
vn -0.7984701991 0.6013576984 -0.02853489481
v 203.5780029 1.923389912 368.993988
vn -0.982262671 0.1872926801 -0.009025146253
v 203.5839996 1.954839945 368.993988
vn -0.982262671 0.1872926801 -0.009025146253
v 203.9609985 1.814460039 368.6900024
vn 0.1714416891 0.1337278485 -0.9760761261
v 203.9230042 1.775629997 368.678009
vn 0.1714416891 0.1337278485 -0.9760761261
v 203.9279938 1.810940027 368.6820068
vn 0.2268803567 0.07785443962 -0.9708058238
v 203.9669952 1.768290043 368.6830139
vn 0.1387445033 0.1658058017 -0.9763495326
v 203.628006 1.861590028 368.9370117
vn -0.4047549665 -0.9005438685 -0.1587266326
v 203.6289978 1.85927999 368.993988
vn -0.368612498 -0.9290577173 -0.03125088662
v 203.6009979 1.871970177 368.946991
vn -0.6174169183 -0.7650468349 -0.183029294
v 203.6009979 1.886490107 368.9110107
vn -0.6794385314 -0.6804166436 -0.2745842338
v 203.5839996 1.901899934 368.9460144
vn -0.90688169 -0.3908313513 -0.1575322598
v 203.5839996 1.893450022 368.9670105
vn -0.9431436658 -0.3083500862 -0.1240977496
v 203.5780029 1.923389912 368.993988
vn -0.9876790643 -0.1451766789 -0.05842741579
v 203.6009979 1.870049953 368.993988
vn -0.7947843075 -0.6063696742 -0.02517340891
v 203.5839996 1.89233005 368.993988
vn -0.7947843075 -0.6063696742 -0.02517340891
v 203.6269989 1.922149897 368.8789978
vn -0.5768336654 -0.2711494863 -0.7705458403
v 203.6009979 1.922359943 368.8989868
vn -0.5903921127 -0.2565240264 -0.7652663589
v 203.628006 1.879040003 368.8940125
vn -0.5655871034 -0.2829993963 -0.7746112347
v 204.1860046 1.955659986 369.098999
vn 0.8421230912 0.5168545246 -0.1539159566
v 204.2120056 1.923419833 369.1329956
vn 0.8421230912 0.5168545246 -0.1539159566
v 204.201004 1.923419833 369.0920105
vn 0.8619312048 0.4511582851 -0.2313672453
v 204.1840057 1.96273005 369.131012
vn 0.8139430881 0.5759035945 -0.07636547834
v 203.9210052 1.751559854 368.696991
vn -0.7344417572 -0.3815998137 -0.5612280369
v 203.8880005 1.768000007 368.7290039
vn -0.7258474827 -0.4017445147 -0.5583429337
v 203.9230042 1.775629997 368.678009
vn -0.7258474827 -0.4017445147 -0.5583429337
v 203.8800049 1.80336988 368.7130127
vn -0.7202393413 -0.4143613577 -0.556381166
v 204.0690002 1.923489928 369.1789856
vn 0.08105606586 0.2875715196 0.9543230534
v 204.1670074 1.923419833 369.1690063
vn 0.09834568202 0.2465344369 0.9641311765
v 204.1549988 1.955659986 369.1619873
vn 0.08105606586 0.2875715196 0.9543230534
v 204.0769958 1.9654001 369.1640015
vn 0.06493738294 0.3249429464 0.9435015917
v 204.1549988 1.955659986 369.1619873
vn 0.148860991 0.899836421 0.4100424647
v 204.1060028 1.980620027 369.125
vn 0.148860991 0.899836421 0.4100424647
v 204.1840057 1.96273005 369.131012
vn 0.1795675009 0.9091877341 0.3756769896
v 204.0690002 1.923489928 369.1789856
vn -0.0974880904 -0.3458814323 0.9331999421
v 203.951004 1.875810027 369.1489868
vn -0.0974880904 -0.3458814323 0.9331999421
v 204.0769958 1.881770015 369.1640015
vn -0.09428279102 -0.3524686694 0.9310621023
v 203.9470062 1.923759937 369.1659851
vn -0.1004026458 -0.3398640156 0.9350998402
v 204.1549988 1.891179919 369.1619873
vn 0.0803135708 -0.2882296741 0.954187274
v 204.0690002 1.923489928 369.1789856
vn 0.0803135708 -0.2882296741 0.954187274
v 204.1670074 1.923419833 369.1690063
vn 0.09799966961 -0.2464204878 0.9641955495
v 203.746994 1.923759937 369.1180115
vn -0.2226832956 0.3542942703 0.908233285
v 203.8450012 1.923869967 369.1419983
vn -0.2642517686 0.2915375233 0.9193350077
v 203.7579956 1.974249959 369.1010132
vn -0.2642517686 0.2915375233 0.9193350077
v 203.8500061 1.969879985 369.1329956
vn -0.3115222156 0.2149965316 0.9255973101
v 203.951004 1.974249959 369.1489868
vn -0.1615809649 0.3263449371 0.9313380718
v 203.8500061 1.969879985 369.1329956
vn -0.1914301068 0.2719615698 0.9430755377
v 203.9470062 1.923759937 369.1659851
vn -0.1914301068 0.2719615698 0.9430755377
v 203.8450012 1.923869967 369.1419983
vn -0.2235639393 0.2105321884 0.9516803026
v 204.1880035 1.955659986 368.821991
vn 0.7217729688 0.4288720191 -0.5432426929
v 204.2290039 1.923419833 368.8510132
vn 0.7217729688 0.4288720191 -0.5432426929
v 204.1990051 1.923419833 368.8139954
vn 0.7159811854 0.3882178962 -0.5802221894
v 204.2050018 1.96273005 368.8529968
vn 0.7253693342 0.4683541059 -0.5044637918
v 204.1880035 1.955659986 368.821991
vn 0.1860751063 0.914434135 -0.3594249189
v 204.1369934 1.980589867 368.8590088
vn 0.1860751063 0.914434135 -0.3594249189
v 204.1269989 1.965240002 368.8190002
vn 0.1615094095 0.9072192311 -0.3884172142
v 203.9279938 1.810940027 368.6820068
vn -0.5536490083 0.2191186994 -0.8034051061
v 203.9230042 1.775629997 368.678009
vn -0.5535745621 0.1705170274 -0.8151559234
v 203.8800049 1.80336988 368.7130127
vn -0.5536490083 0.2191186994 -0.8034051061
v 203.8950043 1.844190001 368.7160034
vn -0.5525846481 0.2610400915 -0.7915227413
v 203.8450012 1.923869967 369.1419983
vn -0.2612531483 -0.3073654175 0.9150263667
v 203.7579956 1.875810027 369.1010132
vn -0.2612531483 -0.3073654175 0.9150263667
v 203.8500061 1.880809903 369.1329956
vn -0.3084893227 -0.228888914 0.923279047
v 203.746994 1.923759937 369.1180115
vn -0.2204234749 -0.3704465032 0.9023208618
v 204.2220001 1.955659986 369.0220032
vn 0.7620717883 0.4560383856 0.4596472085
v 204.2599945 1.923419833 368.9909973
vn 0.7620717883 0.4560383856 0.4596472085
v 204.2339935 1.96273005 368.9909973
vn 0.7610468268 0.5033811331 0.4091640115
v 204.2339935 1.923419833 369.0299988
vn 0.759588778 0.4081563056 0.5063924789
v 204.1609955 1.980720043 368.9909973
vn 0.2112808079 0.9206142426 0.3283745646
v 204.2220001 1.955659986 369.0220032
vn 0.2112808079 0.9206142426 0.3283745646
v 204.1600037 1.965440035 369.0310059
vn 0.1956860125 0.9144994617 0.3541154563
v 203.7960052 1.8829 368.8240051
vn -0.6301077604 -0.430367887 -0.6463340521
v 203.7489929 1.867630124 368.8800049
vn -0.6301077604 -0.430367887 -0.6463340521
v 203.7330017 1.911800146 368.8630066
vn -0.6103152633 -0.4671569169 -0.6397497058
v 203.8110046 1.84416008 368.8320007
vn -0.6515555978 -0.386939466 -0.6524976492
v 203.9730072 1.760579944 368.7319946
vn 0.7297406793 -0.6385481954 -0.2444068193
v 203.951004 1.744230151 368.7090149
vn 0.7304526567 -0.6551876068 -0.1927904934
v 203.9889984 1.783059955 368.7210083
vn 0.7304526567 -0.6551876068 -0.1927904934
v 203.9669952 1.768290043 368.6830139
vn 0.7299491763 -0.6633196473 -0.1648671478
v 204.0690002 1.923489928 369.1789856
vn -0.09348402917 0.3364729583 0.9370414615
v 203.951004 1.974249959 369.1489868
vn -0.09348402917 0.3364729583 0.9370414615
v 203.9470062 1.923759937 369.1659851
vn -0.09952000529 0.3245547712 0.9406167865
v 204.0769958 1.9654001 369.1640015
vn -0.08657129854 0.3500005007 0.9327406287
v 204.0769958 1.9654001 369.1640015
vn 0.0188423302 0.9294072986 0.3685743511
v 204.0140076 1.986899972 369.1130066
vn 0.0188423302 0.9294072986 0.3685743511
v 204.1060028 1.980620027 369.125
vn 0.01470532455 0.9277248383 0.3729750216
v 204.2599945 1.923419833 368.9909973
vn 0.7620711923 -0.4560395777 0.4596469998
v 204.2220001 1.891179919 369.0220032
vn 0.7620711923 -0.4560395777 0.4596469998
v 204.2339935 1.884110093 368.9909973
vn 0.7610461116 -0.503382206 0.4091640115
v 204.2339935 1.923419833 369.0299988
vn 0.7595883012 -0.4081575572 0.5063921809
v 204.1609955 1.866789937 368.9909973
vn 0.2041754872 -0.9235047698 0.3247326314
v 204.2220001 1.891179919 369.0220032
vn 0.2041754872 -0.9235047698 0.3247326314
v 204.1600037 1.881819963 369.0310059
vn 0.1892846972 -0.9176466465 0.3494223654
v 203.852005 1.895850062 368.7810059
vn -0.6252749562 0.2559573948 -0.7372360826
v 203.7960052 1.8829 368.8240051
vn -0.6252749562 0.2559573948 -0.7372360826
v 203.8070068 1.929619908 368.8269958
vn -0.6253130436 0.1956079602 -0.7554608583
v 203.8379974 1.844030023 368.7709961
vn -0.6232359409 0.3073722124 -0.7190961242
v 203.8379974 1.844030023 368.7709961
vn -0.8572103977 -0.358697027 -0.3694952726
v 203.8800049 1.80336988 368.7130127
vn -0.8569114208 -0.3595888913 -0.3693218231
v 203.848999 1.806390166 368.7820129
vn -0.8569114208 -0.3595888913 -0.3693218231
v 203.8880005 1.768000007 368.7290039
vn -0.8565947413 -0.3605305552 -0.36913836
v 204.1880035 1.955659986 368.821991
vn 0.1144862249 0.3100737631 -0.9437940121
v 204.1269989 1.923380017 368.8039856
vn 0.1144862249 0.3100737631 -0.9437940121
v 204.1269989 1.965240002 368.8190002
vn 0.09868165851 0.3359775245 -0.9366862178
v 204.1990051 1.923419833 368.8139954
vn 0.1319958121 0.2808044851 -0.9506450295
v 203.9609985 1.814460039 368.6900024
vn 0.8095795512 0.1659044772 -0.563077867
v 203.9889984 1.783059955 368.7210083
vn 0.8095795512 0.1659044772 -0.563077867
v 203.9669952 1.768290043 368.6830139
vn 0.8162387013 0.1886669695 -0.5460395217
v 203.9810028 1.815320015 368.7170105
vn 0.7955259681 0.1236622185 -0.5931661725
v 203.7330017 1.911800146 368.8630066
vn -0.4757708609 0.320994854 -0.8189043999
v 203.8070068 1.929619908 368.8269958
vn -0.4757708609 0.320994854 -0.8189043999
v 203.7960052 1.8829 368.8240051
vn -0.4633734226 0.1648511291 -0.8706946373
v 203.7599945 1.969820023 368.8789978
vn -0.476575017 0.4326482117 -0.7653050423
v 203.8950043 1.844190001 368.7160034
vn -0.6619814038 0.3034531474 -0.6853443384
v 203.8800049 1.80336988 368.7130127
vn -0.6639511585 0.294334203 -0.6874127388
v 203.8379974 1.844030023 368.7709961
vn -0.6619814038 0.3034531474 -0.6853443384
v 203.852005 1.895850062 368.7810059
vn -0.6603963971 0.3105761111 -0.6836805344
v 203.8500061 1.969879985 369.1329956
vn -0.09034270048 0.8121311665 0.5764383674
v 203.9109955 1.993689895 369.1090088
vn -0.09034270048 0.8121311665 0.5764383674
v 203.8609924 1.990489841 369.1119995
vn -0.003899917472 0.7146522403 0.6994690895
v 203.951004 1.974249959 369.1489868
vn -0.1200734228 0.8402424455 0.5287485123
v 203.8990021 2.000279903 369.0539856
vn -0.04343592003 0.9894086123 0.1385059208
v 203.8609924 1.990489841 369.1119995
vn -0.04343592003 0.9894086123 0.1385059208
v 203.8289948 1.993729949 369.0830078
vn -0.03204150125 0.9887853265 0.1458661556
v 203.8500061 1.969879985 369.1329956
vn -0.1864650249 0.8539449573 0.485807389
v 203.8609924 1.990489841 369.1119995
vn -0.4009168744 0.7498586774 0.5262866616
v 203.7579956 1.974249959 369.1010132
vn -0.07714933902 0.3331775367 0.9397024512
v 203.6300049 1.96724999 369.0929871
vn -0.07904224098 0.3288680017 0.9410622716
v 203.746994 1.923759937 369.1180115
vn -0.07904224098 0.3288680017 0.9410622716
v 203.6300049 1.923489928 369.1080017
vn -0.08140810579 0.3234645128 0.9427319169
v 204.1269989 1.923380017 368.8039856
vn 0.1145123988 -0.3106809855 -0.9435911179
v 204.1880035 1.891179919 368.821991
vn 0.1145123988 -0.3106809855 -0.9435911179
v 204.128006 1.882049918 368.8190002
vn 0.09805206209 -0.3376962245 -0.9361341
v 204.1990051 1.923419833 368.8139954
vn 0.1322979033 -0.2808918059 -0.9505771995
v 204.0480042 1.974249959 369.071991
vn 0.5723001361 0.3550158441 -0.7392132878
v 204.0559998 1.923869967 369.0539856
vn 0.5723001361 0.3550158441 -0.7392132878
v 204.0379944 1.969920039 369.0539856
vn 0.7967372537 0.3115206659 -0.5178461671
v 204.0769958 1.923759937 369.0620117
vn 0.33426404 0.3637810349 -0.8694428802
v 204.0559998 1.923869967 369.0539856
vn 0.3610657752 0.2515355051 0.8979762793
v 204.0630035 1.974499941 369.0369873
vn 0.3610657752 0.2515355051 0.8979762793
v 204.0850067 1.923789859 369.0480042
vn 0.1941644251 0.2879759669 0.9377472997
v 204.2220001 1.955659986 368.9599915
vn 0.7620717883 0.4560383856 -0.4596472085
v 204.2599945 1.923419833 368.9909973
vn 0.7620717883 0.4560383856 -0.4596472085
v 204.2339935 1.923419833 368.9519958
vn 0.759588778 0.4081563056 -0.5063924789
v 204.2339935 1.96273005 368.9909973
vn 0.7610468268 0.5033811331 -0.4091640115
v 204.2220001 1.955659986 368.9599915
vn 0.2088851482 0.919726491 -0.3323705792
v 204.1609955 1.980720043 368.9909973
vn 0.2088851482 0.919726491 -0.3323705792
v 204.1600037 1.965440035 368.9519958
vn 0.1906504035 0.9123578072 -0.3622922003
v 203.9470062 1.923759937 369.1659851
vn -0.1920392066 -0.2871061265 0.9384514093
v 203.8500061 1.880809903 369.1329956
vn -0.1920392066 -0.2871061265 0.9384514093
v 203.951004 1.875810027 369.1489868
vn -0.163450256 -0.3417111337 0.9254823327
v 203.8450012 1.923869967 369.1419983
vn -0.2233068943 -0.2242809534 0.9485948086
v 203.8500061 1.880809903 369.1329956
vn -0.06652612984 -0.9238409996 0.3769510686
v 203.9109955 1.866219878 369.1080017
vn -0.06652612984 -0.9238409996 0.3769510686
v 203.8609924 1.867200017 369.1119995
vn 0.02798479609 -0.8320513368 0.5539922714
v 203.8289948 1.866270065 369.0830078
vn -0.1128433421 -0.9403486252 0.3209530115
v 203.8609924 1.867200017 369.1119995
vn -0.3264277875 -0.8619506955 0.3879250884
v 203.7579956 1.875810027 369.1010132
vn -0.05218104273 -0.952801168 0.2990769446
v 204.197998 1.955659986 368.8850098
vn 0.8300564885 0.4478375316 0.332336843
v 204.2290039 1.923419833 368.8510132
vn 0.8300564885 0.4478375316 0.332336843
v 204.2050018 1.96273005 368.8529968
vn 0.8236989379 0.4884000123 0.2880719304
v 204.2109985 1.923419833 368.8909912
vn 0.8333862424 0.4056917429 0.3753418922
v 204.1369934 1.980589867 368.8590088
vn 0.2538664341 0.9229583144 0.289309144
v 204.197998 1.955659986 368.8850098
vn 0.2538664341 0.9229583144 0.289309144
v 204.1439972 1.9654001 368.8980103
vn 0.2412666529 0.9181627035 0.3142732382
v 204.2339935 1.923419833 368.9519958
vn 0.7595883012 -0.4081575572 -0.5063921809
v 204.2599945 1.923419833 368.9909973
vn 0.7620711923 -0.4560395777 -0.4596469998
v 204.2220001 1.891179919 368.9599915
vn 0.7620711923 -0.4560395777 -0.4596469998
v 204.2339935 1.884110093 368.9909973
vn 0.7610461116 -0.503382206 -0.4091640115
v 204.1609955 1.866789937 368.9909973
vn 0.2039776742 -0.9234317541 -0.3250643909
v 204.2220001 1.891179919 368.9599915
vn 0.2039776742 -0.9234317541 -0.3250643909
v 204.1600037 1.881850123 368.9509888
vn 0.1889062524 -0.917488277 -0.3500424027
v 204.0630035 1.87612009 369.0360107
vn 0.3682631552 -0.2797470689 0.8866362572
v 204.0559998 1.923869967 369.0539856
vn 0.3682631552 -0.2797470689 0.8866362572
v 204.0379944 1.88086009 369.0539856
vn 0.5399128795 -0.2260249406 0.8108062744
v 204.0850067 1.923789859 369.0480042
vn 0.1904017925 -0.3212733567 0.9276478887
v 204.2220001 1.955659986 369.0220032
vn 0.1926397532 0.3169470429 0.9286735058
v 204.1640015 1.923489928 369.0450134
vn 0.1926397532 0.3169470429 0.9286735058
v 204.2339935 1.923419833 369.0299988
vn 0.2000253946 0.305302918 0.9310101867
v 204.1600037 1.965440035 369.0310059
vn 0.1861368865 0.3270995915 0.9264765978
v 204.2339935 1.923419833 369.0299988
vn 0.1994522661 -0.3051349819 0.9311881661
v 204.1640015 1.923489928 369.0450134
vn 0.1913505495 -0.3178558052 0.928629458
v 204.2220001 1.891179919 369.0220032
vn 0.1913505495 -0.3178558052 0.928629458
v 204.1600037 1.881819963 369.0310059
vn 0.184168607 -0.3290124536 0.9261925817
v 203.9109955 1.993689895 369.1090088
vn 0.08936427534 0.9279605746 0.3618054986
v 203.951004 1.974249959 369.1489868
vn 0.04772194475 0.9333960414 0.3556606472
v 203.9609985 1.993170023 369.0979919
vn 0.04772194475 0.9333960414 0.3556606472
v 204.0140076 1.986899972 369.1130066
vn 0.01170810871 0.9367357492 0.3498413861
v 204.0180054 1.971940041 368.82901
vn -0.07115460932 0.2749515772 -0.9588214755
v 204.1269989 1.965240002 368.8190002
vn -0.08446360379 0.3000711799 -0.9501700997
v 204.0420074 1.922279835 368.8129883
vn -0.08446360379 0.3000711799 -0.9501700997
v 204.1269989 1.923380017 368.8039856
vn -0.1035156175 0.3358116746 -0.936223805
v 204.2290039 1.923419833 368.8510132
vn 0.8300558925 -0.4478387237 0.3323367536
v 204.197998 1.891179919 368.8850098
vn 0.8300558925 -0.4478387237 0.3323367536
v 204.2050018 1.884110093 368.8529968
vn 0.8236982822 -0.4884010851 0.2880720198
v 204.2109985 1.923419833 368.8909912
vn 0.8333857656 -0.4056929946 0.3753416836
v 204.1369934 1.866809964 368.8580017
vn 0.2444500476 -0.9270367622 0.2843361795
v 204.197998 1.891179919 368.8850098
vn 0.2444500476 -0.9270367622 0.2843361795
v 204.1439972 1.881829858 368.8980103
vn 0.2334193289 -0.9230789542 0.3056806624
v 203.947998 1.953230023 368.8340149
vn -0.1043480635 0.09409507364 -0.9900795817
v 203.9380035 1.899760008 368.8299866
vn -0.1043480635 0.09409507364 -0.9900795817
v 203.9160004 1.939469934 368.8340149
vn -0.03509008512 0.08159910887 -0.996047318
v 203.9730072 1.939429998 368.8280029
vn -0.1763599217 0.1066850573 -0.9785271883
v 203.9160004 1.939469934 368.8340149
vn -0.1416961104 0.3292110264 -0.9335643053
v 203.947998 1.973060012 368.8410034
vn -0.1416961104 0.3292110264 -0.9335643053
v 203.8910065 1.965479851 368.8469849
vn -0.1417715251 0.3292757273 -0.9335300326
v 204.128006 1.882049918 368.8190002
vn -0.09414555132 -0.3410280347 -0.9353269339
v 204.0420074 1.922279835 368.8129883
vn -0.09414555132 -0.3410280347 -0.9353269339
v 204.1269989 1.923380017 368.8039856
vn -0.09460722655 -0.3419572711 -0.9349409938
v 204.029007 1.879120111 368.8299866
vn -0.09376207739 -0.3402560949 -0.935646534
v 203.8110046 1.84416008 368.8320007
vn -0.8458438516 -0.3808977008 -0.3734502792
v 203.8379974 1.844030023 368.7709961
vn -0.8458438516 -0.3808977008 -0.3734502792
v 203.848999 1.806390166 368.7820129
vn -0.8535252213 -0.3597854376 -0.376894027
v 203.7960052 1.8829 368.8240051
vn -0.8381066918 -0.4008601308 -0.3699842691
v 203.8240051 1.860240102 368.8880005
vn -0.1722634137 -0.9354618192 0.3086041212
v 203.7489929 1.867630124 368.8800049
vn -0.125186488 -0.9455112815 0.3005607426
v 203.8500061 1.838800073 368.848999
vn -0.265432477 -0.9085861444 0.3225163519
v 203.9380035 1.899760008 368.8299866
vn 0.01569083147 -0.3941902816 -0.918894887
v 203.9940033 1.918279886 368.822998
vn 0.01569083147 -0.3941902816 -0.918894887
v 203.973999 1.894150019 368.8330078
vn 0.01569083147 -0.3941902816 -0.918894887
v 203.9810028 1.994650006 369.0360107
vn 0.3016243279 0.9075309038 0.2922506928
v 204.0379944 1.969920039 369.0539856
vn 0.3016243279 0.9075309038 0.2922506928
v 204.0630035 1.974499941 369.0369873
vn 0.1985289156 0.8329464197 0.5165138841
v 203.9980011 1.99063015 369.0539856
vn 0.4475194812 0.8642096519 -0.2299303561
v 203.9730072 1.939429998 368.8280029
vn -0.1505829692 0.08361379057 -0.985055089
v 203.9940033 1.918279886 368.822998
vn -0.1505829692 0.08361379057 -0.985055089
v 203.9380035 1.899760008 368.8299866
vn -0.1505829692 0.08361379057 -0.985055089
v 204.0180054 1.971940041 368.82901
vn -0.1655027717 0.1826114208 -0.969155252
v 204.0420074 1.922279835 368.8129883
vn -0.2160833627 0.2036392242 -0.9549026489
v 203.9940033 1.918279886 368.822998
vn -0.1655027717 0.1826114208 -0.969155252
v 203.9730072 1.939429998 368.8280029
vn -0.08524806052 0.1485144496 -0.9852290154
v 203.7359924 1.988680005 369.052002
vn -0.05331522971 0.9348758459 0.3509482741
v 203.6289978 1.985669971 369.0509949
vn -0.02952934057 0.9151092768 0.4021232128
v 203.6300049 1.96724999 369.0929871
vn -0.05331522971 0.9348758459 0.3509482741
v 203.7579956 1.974249959 369.1010132
vn -0.07133727521 0.9477109909 0.3110544086
v 204.1880035 1.891179919 368.821991
vn 0.183253184 -0.9149367213 -0.3595956564
v 204.1369934 1.866809964 368.8580017
vn 0.183253184 -0.9149367213 -0.3595956564
v 204.128006 1.882049918 368.8190002
vn 0.1574881375 -0.9069510102 -0.3906882703
v 204.2050018 1.884110093 368.8529968
vn 0.2105196565 -0.9217737317 -0.3255989254
v 203.7330017 1.911800146 368.8630066
vn -0.1563619077 -0.3668152094 -0.9170591831
v 203.628006 1.879040003 368.8940125
vn -0.1563619077 -0.3668152094 -0.9170591831
v 203.6269989 1.922149897 368.8789978
vn -0.1721320301 -0.3275831044 -0.9290101528
v 203.7489929 1.867630124 368.8800049
vn -0.1425445825 -0.4000205994 -0.9053533077
v 203.9190063 1.761970162 368.7539978
vn -0.303306222 -0.939214766 0.1608756632
v 203.9210052 1.751559854 368.696991
vn -0.303306222 -0.939214766 0.1608756632
v 203.951004 1.744230151 368.7090149
vn -0.2948962748 -0.9417591095 0.1616351753
v 203.8880005 1.768000007 368.7290039
vn -0.3112658858 -0.936732471 0.1601432711
v 204.0769958 1.881770015 369.1640015
vn -0.003506202484 -0.9417828321 0.3362035155
v 204.0140076 1.863800049 369.1130066
vn -0.003506202484 -0.9417828321 0.3362035155
v 204.1060028 1.866670012 369.125
vn -0.01645752974 -0.9364808202 0.3503324687
v 203.951004 1.875810027 369.1489868
vn 0.005886485334 -0.9453946948 0.3258745372
v 204.1549988 1.891179919 369.1619873
vn 0.1448925883 -0.9023162723 0.4059944749
v 204.0769958 1.881770015 369.1640015
vn 0.1189329624 -0.8929443359 0.4341720343
v 204.1840057 1.884110093 369.131012
vn 0.1751272082 -0.9115399122 0.3720557392
v 203.9940033 1.918279886 368.822998
vn -0.1514839828 -0.3032977581 -0.9407778978
v 204.0420074 1.922279835 368.8129883
vn -0.168223232 -0.316944778 -0.9334061146
v 204.029007 1.879120111 368.8299866
vn -0.1514839828 -0.3032977581 -0.9407778978
v 203.973999 1.894150019 368.8330078
vn -0.1302476376 -0.2858507633 -0.9493812919
v 203.8339996 1.972719908 368.8599854
vn -0.03143405542 0.7521163225 -0.658280313
v 203.8619995 1.938899875 368.8200073
vn -0.03143405542 0.7521163225 -0.658280313
v 203.8309937 1.951619983 368.8340149
vn 0.03177015483 0.773933351 -0.6324696541
v 203.8910065 1.965479851 368.8469849
vn -0.05818677321 0.7416987419 -0.668204546
v 203.8910065 1.965479851 368.8469849
vn 0.2001870722 0.5725612044 -0.7950463891
v 203.8890076 1.927320004 368.8190002
vn 0.2001870722 0.5725612044 -0.7950463891
v 203.8619995 1.938899875 368.8200073
vn 0.2149172574 0.5702077746 -0.7928894162
v 203.9160004 1.939469934 368.8340149
vn 0.1846220642 0.5748994946 -0.7971231341
v 203.947998 1.973060012 368.8410034
vn -0.04398919269 0.8651357293 -0.4996049404
v 203.9600067 1.992140055 368.8729858
vn -0.04398919269 0.8651357293 -0.4996049404
v 204.0180054 1.971940041 368.82901
vn -0.07030883431 0.8680551052 -0.491464138
v 203.9340057 1.986719847 368.8619995
vn 0.04409711435 0.8505790234 -0.5239950418
v 204.1600037 1.965440035 369.0310059
vn 0.0636010319 0.2767933309 0.9588223696
v 204.0850067 1.923789859 369.0480042
vn 0.0636010319 0.2767933309 0.9588223696
v 204.1640015 1.923489928 369.0450134
vn 0.03705943003 0.3196791112 0.9468008876
v 204.0630035 1.974499941 369.0369873
vn 0.0825002864 0.2456292957 0.965846777
v 203.8249969 1.997290015 369.0239868
vn -0.06450970471 0.9958345294 0.06443696469
v 203.8289948 1.993729949 369.0830078
vn -0.06450970471 0.9958345294 0.06443696469
v 203.8990021 2.000279903 369.0539856
vn -0.06639628112 0.9957027435 0.06455680728
v 203.8000031 1.993929982 369.053009
vn -0.05946969241 0.9961689115 0.06411574781
v 203.7579956 1.974249959 369.1010132
vn -0.1409263313 0.9532076716 0.267460078
v 203.8000031 1.993929982 369.053009
vn -0.1409263313 0.9532076716 0.267460078
v 203.7359924 1.988680005 369.052002
vn -0.08249880373 0.9453735948 0.3153771162
v 203.7519989 1.991539955 368.9930115
vn -0.08692226559 0.9957668781 0.02987987734
v 203.8249969 1.997290015 369.0239868
vn -0.09320239723 0.9950341582 0.03493380919
v 204.0509949 1.98672998 368.8699951
vn 0.0227512829 0.9329621792 -0.359254688
v 204.1269989 1.965240002 368.8190002
vn 0.0227512829 0.9329621792 -0.359254688
v 204.0180054 1.971940041 368.82901
vn 0.02463578992 0.9338484406 -0.3568194807
v 204.1369934 1.980589867 368.8590088
vn 0.02021032386 0.9317522049 -0.3625319004
v 204.0180054 1.971940041 368.82901
vn 0.04541555792 0.9441813827 -0.3262804449
v 203.9920044 1.992879987 368.8859863
vn 0.04541555792 0.9441813827 -0.3262804449
v 204.0509949 1.98672998 368.8699951
vn 0.004959259182 0.9393362403 -0.3429618776
v 203.9600067 1.992140055 368.8729858
vn 0.1009070352 0.9478545189 -0.3023070395
v 203.852005 1.895850062 368.7810059
vn 0.1552575082 0.6812083721 -0.7154371142
v 203.8890076 1.927320004 368.8190002
vn 0.1552575082 0.6812083721 -0.7154371142
v 203.8999939 1.899760008 368.7909851
vn 0.08267819136 0.7264512777 -0.6822263598
v 203.8619995 1.938899875 368.8200073
vn 0.2384414524 0.6210495234 -0.7466211319
v 204.0639954 1.987689972 368.9920044
vn 0.1650776267 0.9736509919 0.1573311538
v 203.9810028 1.994650006 369.0360107
vn 0.1650776267 0.9736509919 0.1573311538
v 204.0630035 1.974499941 369.0369873
vn 0.2260465175 0.9334027767 0.2786793709
v 203.9759979 1.996520042 368.9920044
vn 0.09979551286 0.9945276976 0.03091230989
v 204.0630035 1.87612009 369.0360107
vn 0.06551065296 -0.2717972994 0.9601221681
v 204.1600037 1.881819963 369.0310059
vn 0.05236326531 -0.2930760086 0.9546541572
v 204.0850067 1.923789859 369.0480042
vn 0.05236326531 -0.2930760086 0.9546541572
v 204.1640015 1.923489928 369.0450134
vn 0.03460641205 -0.3214237094 0.9463028908
v 203.6289978 1.966729999 368.8940125
vn -0.04883647338 0.9300242066 -0.3642388582
v 203.7359924 1.988400102 368.9349976
vn -0.04883647338 0.9300242066 -0.3642388582
v 203.7599945 1.969820023 368.8789978
vn -0.060865812 0.9392743707 -0.3377262354
v 203.628006 1.985610008 368.9370117
vn -0.03114437312 0.9149173498 -0.4024379551
v 203.7330017 1.911800146 368.8630066
vn -0.1135022268 0.3166623712 -0.9417229891
v 203.6269989 1.922149897 368.8789978
vn -0.1104550436 0.3216766119 -0.9403849244
v 203.7599945 1.969820023 368.8789978
vn -0.115428552 0.313483119 -0.9425521493
v 204.0639954 1.987689972 368.9920044
vn 0.08944663405 0.9437837601 0.3182318807
v 204.1600037 1.965440035 369.0310059
vn 0.08944663405 0.9437837601 0.3182318807
v 204.1609955 1.980720043 368.9909973
vn 0.07062704861 0.9312694669 0.3574199975
v 204.0630035 1.974499941 369.0369873
vn 0.1064442396 0.9535095692 0.281938076
v 203.9810028 1.994639993 368.947998
vn 0.2991410196 0.9136206508 -0.2753397226
v 204.0390015 1.969920039 368.9289856
vn 0.2991410196 0.9136206508 -0.2753397226
v 203.9989929 1.99063015 368.9299927
vn 0.4492150545 0.8552513719 0.2583619952
v 204.0630035 1.974499941 368.9460144
vn 0.1949069649 0.8429561257 -0.501434207
v 203.9750061 1.993709922 369.0690002
vn 0.07522187382 0.9956549406 0.05488975346
v 203.8990021 2.000279903 369.0539856
vn 0.05325906351 0.9948957562 0.0857084617
v 203.9609985 1.993170023 369.0979919
vn 0.05325906351 0.9948957562 0.0857084617
v 203.9109955 1.993689895 369.1090088
vn 0.03486094996 0.9931697249 0.1113489941
v 203.9320068 1.859189987 368.7340088
vn 0.0601221174 0.7294138074 -0.6814255714
v 203.9609985 1.814460039 368.6900024
vn 0.08749768138 0.7268702984 -0.6811782122
v 203.9279938 1.810940027 368.6820068
vn 0.0601221174 0.7294138074 -0.6814255714
v 203.8950043 1.844190001 368.7160034
vn 0.03503575549 0.7312579155 -0.6812006831
v 203.852005 1.895850062 368.7810059
vn 0.05893391743 0.8001371622 -0.5969148278
v 203.8999939 1.899760008 368.7909851
vn 0.01766874082 0.8027253747 -0.5960870385
v 203.9320068 1.859189987 368.7340088
vn -0.03718669713 0.8040400743 -0.593411088
v 203.7359924 1.862400055 369.0509949
vn -0.02498716488 -0.943385303 0.3307563663
v 203.6300049 1.879930019 369.0929871
vn -0.02498716488 -0.943385303 0.3307563663
v 203.6289978 1.861690044 369.0509949
vn 0.006086795125 -0.9172461033 0.3982744515
v 203.7579956 1.875810027 369.1010132
vn -0.04833802208 -0.9592373967 0.27843678
v 203.6289978 1.85927999 368.993988
vn 0.01640914194 -0.9995794296 0.02391050942
v 203.7359924 1.862400055 369.0509949
vn 0.01640914194 -0.9995794296 0.02391050942
v 203.7519989 1.86225009 368.9899902
vn 0.02442605235 -0.9996622801 0.008868319914
v 203.746994 1.923759937 369.1180115
vn -0.07439212501 -0.3372488916 0.9384716153
v 203.6300049 1.879930019 369.0929871
vn -0.07439212501 -0.3372488916 0.9384716153
v 203.6300049 1.923489928 369.1080017
vn -0.07988277823 -0.324831903 0.9423921704
v 203.9810028 1.994650006 369.0360107
vn 0.09691218287 0.9942319393 0.04594483227
v 203.9750061 1.993709922 369.0690002
vn 0.09691218287 0.9942319393 0.04594483227
v 203.9980011 1.99063015 369.0539856
vn 0.1702586114 0.9836329818 0.05897547305
v 203.8990021 2.000279903 369.0539856
vn 0.07770423591 0.9960699081 0.04250565544
v 203.8339996 1.972719908 368.8599854
vn -0.1524991244 0.9012283683 -0.4056247175
v 203.826004 1.992079854 368.9060059
vn -0.1524991244 0.9012283683 -0.4056247175
v 203.848999 1.986680031 368.8829956
vn -0.2005366832 0.8900949955 -0.4092871547
v 203.7599945 1.969820023 368.8789978
vn -0.1393270195 0.903883636 -0.404453218
v 203.7599945 1.969820023 368.8789978
vn -0.1386692077 0.9401755333 -0.3111925125
v 203.8000031 1.993600011 368.9330139
vn -0.1386692077 0.9401755333 -0.3111925125
v 203.7359924 1.988400102 368.9349976
vn -0.0866169408 0.9338680506 -0.3469696939
v 203.7519989 1.991539955 368.9930115
vn -0.08799048513 0.9954625368 -0.03622147441
v 203.8249969 1.997249961 368.9620056
vn -0.0958654657 0.9944841862 -0.04255584627
v 203.7359924 1.988400102 368.9349976
vn -0.02671399154 0.9985567927 -0.04659026489
v 203.628006 1.985610008 368.9370117
vn -0.02666658163 0.9985620975 -0.04650427029
v 203.6289978 1.988289952 368.993988
vn -0.02671399154 0.9985567927 -0.04659026489
v 203.7519989 1.991539955 368.9930115
vn -0.02675478719 0.9985522628 -0.0466642715
v 203.8249969 1.997249961 368.9620056
vn -0.06639758497 0.993457973 -0.09291171283
v 203.826004 1.992079854 368.9060059
vn -0.06639758497 0.993457973 -0.09291171283
v 203.8000031 1.993600011 368.9330139
vn -0.0379579775 0.9949851036 -0.09254124761
v 203.9019928 1.999760032 368.9259949
vn -0.07586885244 0.992769599 -0.0930184871
v 203.9160004 1.939469934 368.8340149
vn 0.4670667648 0.5564007163 -0.6872167587
v 203.8999939 1.899760008 368.7909851
vn 0.4670667648 0.5564007163 -0.6872167587
v 203.8890076 1.927320004 368.8190002
vn 0.05761587247 0.7228927016 -0.6885539293
v 203.9380035 1.899760008 368.8299866
vn 0.6487297416 0.4235942364 -0.6322323084
v 203.6289978 1.988289952 368.993988
vn -0.02718807198 0.998686552 0.0434281528
v 203.7359924 1.988680005 369.052002
vn -0.02718807198 0.998686552 0.0434281528
v 203.7519989 1.991539955 368.9930115
vn -0.02606265619 0.9988046885 0.04135176539
v 203.6289978 1.985669971 369.0509949
vn -0.02852343209 0.9985390902 0.04589194059
v 203.8249969 1.997290015 369.0239868
vn -0.08607159555 0.9962887168 -0.0006438350538
v 203.8249969 1.997249961 368.9620056
vn -0.08607159555 0.9962887168 -0.0006438350538
v 203.848999 1.999920011 368.9930115
vn -0.1097407863 0.9939600229 -0.0006423301529
v 203.848999 1.999920011 368.9930115
vn -0.0428346023 0.9984241128 -0.03625510633
v 203.9019928 1.999760032 368.9259949
vn -0.0428346023 0.9984241128 -0.03625510633
v 203.8249969 1.997249961 368.9620056
vn -0.05337469652 0.9975786209 -0.04458773136
v 203.901001 2.001600027 368.9920044
vn -0.03282527253 0.9990592003 -0.02834168449
v 203.848999 1.999920011 368.9930115
vn -0.04394317791 0.9985792041 0.03014248423
v 203.8990021 2.000279903 369.0539856
vn -0.04394317791 0.9985792041 0.03014248423
v 203.8249969 1.997290015 369.0239868
vn -0.05679598078 0.9975563288 0.04068872333
v 203.9810028 1.994639993 368.947998
vn 0.1641746014 0.974052012 -0.1557863355
v 204.0639954 1.987689972 368.9920044
vn 0.1641746014 0.974052012 -0.1557863355
v 204.0630035 1.974499941 368.9460144
vn 0.223209545 0.9357091784 -0.2731772065
v 203.9759979 1.996520042 368.9920044
vn 0.0997948125 0.9945206642 -0.03113839403
v 203.9980011 1.99063015 369.0539856
vn 0.3357854784 0.9386540651 -0.07859200239
v 204.0480042 1.974249959 369.071991
vn 0.3357854784 0.9386540651 -0.07859200239
v 204.0379944 1.969920039 369.0539856
vn 0.4162964225 0.8039144278 -0.4247573912
v 203.9750061 1.993709922 369.0690002
vn 0.2463202626 0.9519537091 0.1819626838
v 203.9600067 1.992140055 368.8729858
vn 0.04694439843 0.9967288971 -0.06578592211
v 203.9850006 1.993669987 368.9140015
vn 0.04694439843 0.9967288971 -0.06578592211
v 203.9920044 1.992879987 368.8859863
vn -0.0105859749 0.999468565 -0.03083054721
v 203.9019928 1.999760032 368.9259949
vn 0.06217956915 0.99524194 -0.07501439005
v 203.848999 1.986680031 368.8829956
vn -0.03786756471 0.9680686593 -0.2478087246
v 203.9019928 1.999760032 368.9259949
vn -0.03786756471 0.9680686593 -0.2478087246
v 203.8919983 1.987490058 368.8779907
vn -0.04602001235 0.9700824618 -0.2383739501
v 203.826004 1.992079854 368.9060059
vn -0.03008935787 0.9660047889 -0.2567670643
v 203.9810028 1.994639993 368.947998
vn 0.09440210462 0.9953837991 -0.01729959995
v 203.9850006 1.993669987 368.9140015
vn 0.09440210462 0.9953837991 -0.01729959995
v 203.9989929 1.99063015 368.9299927
vn 0.2151082605 0.9765868187 -0.002568925731
v 203.9850006 1.993669987 368.9140015
vn 0.3328992426 0.910852015 0.2439809889
v 204.0390015 1.969920039 368.9289856
vn 0.3328992426 0.910852015 0.2439809889
v 204.0570068 1.974249959 368.9119873
vn 0.2418360859 0.8477235436 0.4721017778
v 203.9989929 1.99063015 368.9299927
vn 0.4436665177 0.867950201 -0.2232094109
v 203.9750061 1.993709922 369.0690002
vn 0.2040093392 0.9785280228 -0.02937800623
v 204.0140076 1.986899972 369.1130066
vn 0.2040093392 0.9785280228 -0.02937800623
v 204.0480042 1.974249959 369.071991
vn 0.2598450482 0.9622144103 -0.08138804138
v 203.9609985 1.993170023 369.0979919
vn 0.09869877994 0.9929141402 0.06618174911
v 203.9920044 1.992879987 368.8859863
vn 0.2106441706 0.9637233615 0.1639095247
v 204.0570068 1.974249959 368.9119873
vn 0.2106441706 0.9637233615 0.1639095247
v 204.0509949 1.98672998 368.8699951
vn 0.1692129672 0.9510925412 0.2584374249
v 203.9850006 1.993669987 368.9140015
vn 0.2611995041 0.9645326138 0.03810098395
v 203.973999 1.894150019 368.8330078
vn -0.2004701793 -0.752522707 -0.6273127794
v 203.9649963 1.873219848 368.8609924
vn -0.2004701793 -0.752522707 -0.6273127794
v 203.9499969 1.882640004 368.8510132
vn -0.08431275934 -0.7847515941 -0.6140491366
v 204.029007 1.879120111 368.8299866
vn -0.2367636263 -0.7399663329 -0.6295973659
v 203.901001 2.001600027 368.9920044
vn 0.07122152299 0.9970676899 0.02799116261
v 203.9810028 1.994650006 369.0360107
vn 0.07122152299 0.9970676899 0.02799116261
v 203.9759979 1.996520042 368.9920044
vn 0.06754034758 0.9971132874 0.03469059244
v 203.8990021 2.000279903 369.0539856
vn 0.07362642139 0.9970064163 0.02360947616
v 203.9810028 1.994639993 368.947998
vn 0.0703067556 0.9970777035 -0.02988264523
v 203.901001 2.001600027 368.9920044
vn 0.0703067556 0.9970777035 -0.02988264523
v 203.9019928 1.999760032 368.9259949
vn 0.07204908878 0.9970433712 -0.02670971304
v 203.9600067 1.992140055 368.8729858
vn -0.09742753208 0.9645447135 -0.2452782094
v 203.9340057 1.986719847 368.8619995
vn -0.1281932294 0.9112085104 -0.3914914727
v 203.8910065 1.965479851 368.8469849
vn -0.1844897717 0.7883663774 -0.5868917704
v 203.947998 1.973060012 368.8410034
vn -0.1670437157 0.7718421817 -0.6134786606
v 203.9730072 1.939429998 368.8280029
vn -0.139124617 0.2653541565 -0.9540605545
v 204.0180054 1.971940041 368.82901
vn -0.1595805436 0.2504603565 -0.9548841119
v 203.947998 1.953230023 368.8340149
vn -0.04327271506 0.3320733607 -0.9422604442
v 203.8910065 1.965479851 368.8469849
vn -0.04420667887 0.8375138044 -0.5446250439
v 203.848999 1.986680031 368.8829956
vn -0.04420667887 0.8375138044 -0.5446250439
v 203.8339996 1.972719908 368.8599854
vn -0.008473496884 0.8573698997 -0.5146309733
v 203.7599945 1.969820023 368.8789978
vn -0.2573212385 0.6837864518 -0.6828044057
v 203.8309937 1.951619983 368.8340149
vn -0.2573212385 0.6837864518 -0.6828044057
v 203.8070068 1.929619908 368.8269958
vn -0.3206457496 0.5868231654 -0.7435219288
v 203.852005 1.895850062 368.7810059
vn -0.2018405646 0.6337379217 -0.7467507124
v 203.8309937 1.951619983 368.8340149
vn -0.2018405646 0.6337379217 -0.7467507124
v 203.8619995 1.938899875 368.8200073
vn -0.05367105827 0.6772469878 -0.7337955832
v 203.9499969 1.882640004 368.8510132
vn -0.1494397521 -0.8067777753 -0.571644485
v 203.9380035 1.899760008 368.8299866
vn -0.1494397521 -0.8067777753 -0.571644485
v 203.973999 1.894150019 368.8330078
vn -0.07292063534 -0.7933618426 -0.6043670774
v 203.923996 1.882870078 368.8619995
vn -0.2317051888 -0.8148738742 -0.5313128233
v 203.9109955 1.866219878 369.1080017
vn 0.01032134984 -0.9758363366 0.2182587385
v 203.9609985 1.864510059 369.0979919
vn -0.03315883875 -0.9771336913 0.2100245059
v 203.951004 1.875810027 369.1489868
vn -0.03315883875 -0.9771336913 0.2100245059
v 204.0140076 1.863800049 369.1130066
vn -0.0704735741 -0.9767184854 0.2026191652
v 204.0630035 1.974499941 368.9460144
vn 0.3528598249 0.2544351518 -0.9004180431
v 204.0559998 1.923949957 368.9289856
vn 0.3528598249 0.2544351518 -0.9004180431
v 204.0390015 1.969920039 368.9289856
vn 0.5412406325 0.2001337856 -0.8167037964
v 204.0850067 1.923830032 368.9339905
vn 0.1636702567 0.2944978476 -0.9415323138
v 204.1600037 1.965440035 368.9519958
vn 0.0861678198 0.9440810084 -0.3182549179
v 204.0639954 1.987689972 368.9920044
vn 0.0861678198 0.9440810084 -0.3182549179
v 204.1609955 1.980720043 368.9909973
vn 0.06293755025 0.9287016988 -0.3654476404
v 204.0630035 1.974499941 368.9460144
vn 0.1062506586 0.9551963806 -0.2762438357
v 204.0630035 1.876490116 368.9440002
vn 0.3687225878 -0.2304771245 -0.9005131721
v 204.0559998 1.923949957 368.9289856
vn 0.3687225878 -0.2304771245 -0.9005131721
v 204.0850067 1.923830032 368.9339905
vn 0.1623278558 -0.2757739127 -0.9474167228
v 204.0390015 1.881469965 368.9259949
vn 0.5683518648 -0.1707595438 -0.8048710227
v 203.628006 1.879040003 368.8940125
vn -0.06649438292 -0.9675836563 -0.2436398119
v 203.7489929 1.867630124 368.8800049
vn -0.1083631441 -0.985101819 -0.1335360259
v 203.7350006 1.862120152 368.9320068
vn -0.06649438292 -0.9675836563 -0.2436398119
v 203.628006 1.861590028 368.9370117
vn -0.01299868803 -0.9265270829 -0.376003474
v 204.0379944 1.88086009 369.0539856
vn 0.1722283512 -0.9722831249 0.1581231505
v 203.9810028 1.867349982 369.0329895
vn 0.1722283512 -0.9722831249 0.1581231505
v 204.0630035 1.87612009 369.0360107
vn 0.0857841298 -0.9274676442 0.3639298081
v 203.9980011 1.867370009 369.053009
vn 0.3139468729 -0.9115176201 -0.2656558156
v 204.1309967 1.9654001 369.0859985
vn 0.2276993096 0.9504240751 -0.2117713541
v 204.1840057 1.96273005 369.131012
vn 0.2276993096 0.9504240751 -0.2117713541
v 204.1860046 1.955659986 369.098999
vn 0.2160236835 0.9561673403 -0.1976811439
v 204.1060028 1.980620027 369.125
vn 0.2341364473 0.9470892549 -0.2195497006
v 203.9649963 1.873219848 368.8609924
vn -0.05283373594 -0.955306828 -0.2908564508
v 204.029007 1.879120111 368.8299866
vn -0.07173445821 -0.949893117 -0.3042321801
v 203.9929962 1.8671 368.8760071
vn -0.07173445821 -0.949893117 -0.3042321801
v 204.0509949 1.864799976 368.8670044
vn -0.08629724383 -0.9453466535 -0.3144399524
v 203.923996 1.882870078 368.8619995
vn -0.220866248 -0.8989174366 -0.378372252
v 203.9649963 1.873219848 368.8609924
vn -0.220866248 -0.8989174366 -0.378372252
v 203.9019928 1.872970104 368.9020081
vn -0.2228793055 -0.91064924 -0.3479120731
v 203.9499969 1.882640004 368.8510132
vn -0.2117850929 -0.8493682742 -0.4834465981
v 204.2220001 1.955659986 368.9599915
vn 0.1843605936 0.3246261179 -0.9277009368
v 204.1629944 1.923499942 368.9370117
vn 0.1843605936 0.3246261179 -0.9277009368
v 204.1600037 1.965440035 368.9519958
vn 0.1731010526 0.3422908485 -0.9235112071
v 204.2339935 1.923419833 368.9519958
vn 0.1970256269 0.3044174314 -0.9319393635
v 204.0570068 1.974249959 368.9119873
vn 0.1255383343 0.9448125958 0.3026041389
v 204.1369934 1.980589867 368.8590088
vn 0.1255383343 0.9448125958 0.3026041389
v 204.0509949 1.98672998 368.8699951
vn 0.1028247252 0.957405448 0.269818306
v 204.1439972 1.9654001 368.8980103
vn 0.1485595107 0.9302114248 0.3356139958
v 203.848999 1.806390166 368.7820129
vn -0.3980852067 -0.8480265141 0.349827379
v 203.9190063 1.761970162 368.7539978
vn -0.3980852067 -0.8480265141 0.349827379
v 203.8809967 1.803050041 368.8059998
vn -0.3782928586 -0.8406416178 0.3875773251
v 203.8880005 1.768000007 368.7290039
vn -0.4171158969 -0.8538200259 0.3114573658
v 203.9810028 1.869099855 368.9360046
vn 0.1767028272 -0.9688596725 -0.173456341
v 204.0390015 1.881469965 368.9259949
vn 0.1767028272 -0.9688596725 -0.173456341
v 204.0630035 1.876490116 368.9440002
vn 0.1215455607 -0.9031252265 -0.4118149281
v 203.9989929 1.869109988 368.9200134
vn 0.2458077222 -0.9292088747 0.2759518325
v 204.1629944 1.923499942 368.9370117
vn 0.18963328 -0.3149968386 -0.929954946
v 204.2339935 1.923419833 368.9519958
vn 0.1963816583 -0.3042280376 -0.9321370721
v 204.2220001 1.891179919 368.9599915
vn 0.18963328 -0.3149968386 -0.929954946
v 204.1600037 1.881850123 368.9509888
vn 0.1835841835 -0.324563086 -0.9278769493
v 203.8000031 1.864420056 369.053009
vn -0.006519811228 -0.98737216 0.1582837105
v 203.7579956 1.875810027 369.1010132
vn -0.03011504561 -0.9781448841 0.2057319134
v 203.7359924 1.862400055 369.0509949
vn 0.0226976499 -0.9680927396 0.2495621294
v 203.8289948 1.866270065 369.0830078
vn 0.002142221667 -0.9992431402 0.03883996606
v 203.8249969 1.866760015 369.0209961
vn 0.04418871924 -0.9989654422 -0.01074345596
v 203.8990021 1.868810058 369.052002
vn 0.03185555711 -0.999442935 -0.009952128865
v 204.1430054 1.923489928 369.0710144
vn 0.2955621481 -0.3696402609 -0.880913794
v 204.201004 1.923419833 369.0920105
vn 0.3196985424 -0.3404145837 -0.8842571974
v 204.1860046 1.891179919 369.098999
vn 0.2955621481 -0.3696402609 -0.880913794
v 204.1309967 1.881770015 369.0859985
vn 0.2746976912 -0.3940752745 -0.8770666122
v 204.2120056 1.923419833 369.1329956
vn 0.8421223164 -0.5168557763 -0.1539159864
v 204.1860046 1.891179919 369.098999
vn 0.8421223164 -0.5168557763 -0.1539159864
v 204.1840057 1.884110093 369.131012
vn 0.8139422536 -0.575904727 -0.07636578381
v 204.1600037 1.881850123 368.9509888
vn 0.04978406429 -0.9525142312 -0.3003967702
v 204.0639954 1.864840031 368.9890137
vn 0.04978406429 -0.9525142312 -0.3003967702
v 204.0630035 1.876490116 368.9440002
vn 0.07144906372 -0.9652450085 -0.2513902485
v 204.1609955 1.866789937 368.9909973
vn 0.02601724491 -0.9353624582 -0.3527325094
v 204.0639954 1.864840031 368.9890137
vn 0.04221826419 -0.9560731649 0.2900719047
v 204.1600037 1.881819963 369.0310059
vn 0.04221826419 -0.9560731649 0.2900719047
v 204.0630035 1.87612009 369.0360107
vn 0.06906826794 -0.9697303772 0.2342061847
v 204.128006 1.882049918 368.8190002
vn -0.01369545516 -0.9338018894 -0.3575282991
v 204.0509949 1.864799976 368.8670044
vn -0.01369545516 -0.9338018894 -0.3575282991
v 204.029007 1.879120111 368.8299866
vn -0.011693893 -0.9349022508 -0.3547126651
v 204.1369934 1.866809964 368.8580017
vn -0.01596567966 -0.932538867 -0.3607164621
v 204.0570068 1.876330018 368.9089966
vn 0.07556880265 -0.9521078467 0.2962769866
v 204.1439972 1.881829858 368.8980103
vn 0.1014345959 -0.9370838404 0.3340432644
v 204.0509949 1.864799976 368.8670044
vn 0.04954500496 -0.9649141431 0.2578488588
v 204.1840057 1.884110093 369.131012
vn 0.2224480063 -0.9515048265 -0.2124981731
v 204.1309967 1.881770015 369.0859985
vn 0.2224480063 -0.9515048265 -0.2124981731
v 204.1860046 1.891179919 369.098999
vn 0.210610643 -0.9572546482 -0.1982592791
v 204.1060028 1.866670012 369.125
vn 0.228974849 -0.9481628537 -0.2203580886
v 203.9810028 1.815320015 368.7170105
vn 0.5375161171 0.7498146296 -0.3858166039
v 203.9320068 1.859189987 368.7340088
vn 0.5375161171 0.7498146296 -0.3858166039
v 203.9629974 1.85006988 368.7619934
vn 0.5488393903 0.7533428669 -0.3622841537
v 203.9609985 1.814460039 368.6900024
vn 0.5242868662 0.7452066541 -0.4120562077
v 203.798996 1.86473012 368.9219971
vn -0.03475316614 -0.9990144968 -0.02760946937
v 203.7489929 1.867630124 368.8800049
vn -0.03475316614 -0.9990144968 -0.02760946937
v 203.8240051 1.860240102 368.8880005
vn -0.1036874354 -0.9930945039 0.05488424748
v 203.7350006 1.862120152 368.9320068
vn 0.02514297515 -0.9948053956 -0.09864133596
v 203.6289978 1.85927999 368.993988
vn 0.01438244898 -0.999671638 -0.02120851912
v 203.7519989 1.86225009 368.9899902
vn 0.02398304082 -0.9997009039 -0.0047905338
v 203.628006 1.861590028 368.9370117
vn 0.003052029759 -0.9991723299 -0.04056338966
v 203.798996 1.86473012 368.9219971
vn 0.06590021402 -0.9977841973 0.009156538174
v 203.7519989 1.86225009 368.9899902
vn 0.06590021402 -0.9977841973 0.009156538174
v 203.8249969 1.868219972 368.9490051
vn 0.09963116795 -0.9944905043 0.0325916037
v 204.0480042 1.875810027 369.071991
vn 0.2022427469 -0.9742608666 -0.0995670408
v 203.9750061 1.866250038 369.0690002
vn 0.1246253625 -0.9860710502 0.1101472825
v 203.9980011 1.867370009 369.053009
vn 0.2022427469 -0.9742608666 -0.0995670408
v 204.0379944 1.88086009 369.0539856
vn 0.3006327748 -0.8616827726 -0.4088065326
v 204.0639954 1.864840031 368.9890137
vn 0.02797037363 -0.9935935736 0.1094966158
v 203.9810028 1.867349982 369.0329895
vn 0.02797037363 -0.9935935736 0.1094966158
v 203.9759979 1.867939949 368.9840088
vn -0.03472203016 -0.9993609786 -0.008489261381
v 204.0630035 1.87612009 369.0360107
vn 0.09484916925 -0.9675443172 0.2342255712
v 204.0630035 1.876490116 368.9440002
vn 0.0353022255 -0.9902371764 -0.1348482817
v 204.0639954 1.864840031 368.9890137
vn -0.01987643912 -0.9680171609 -0.2500954568
v 203.9810028 1.869099855 368.9360046
vn 0.09115612507 -0.9957302213 -0.01455804985
v 203.9989929 1.869109988 368.9200134
vn 0.1541940719 -0.9724829197 0.1746458709
v 204.0570068 1.876330018 368.9089966
vn 0.1541940719 -0.9724829197 0.1746458709
v 204.0390015 1.881469965 368.9259949
vn 0.1961470544 -0.8615342379 0.4682788849
v 203.9850006 1.86860013 368.9020081
vn 0.1122222543 -0.9919231534 -0.05911514908
v 203.8500061 1.838800073 368.848999
vn -0.3420554101 -0.8438484669 0.4134221077
v 203.848999 1.806390166 368.7820129
vn -0.3420554101 -0.8438484669 0.4134221077
v 203.8809967 1.803050041 368.8059998
vn -0.3904076815 -0.8264228702 0.4057179987
v 203.8110046 1.84416008 368.8320007
vn -0.3004003465 -0.8568190336 0.4190713763
v 204.0570068 1.974249959 368.9119873
vn 0.4804389477 0.2721333802 0.8337396979
v 204.0559998 1.923949957 368.9289856
vn 0.4804389477 0.2721333802 0.8337396979
v 204.0789948 1.923810124 368.92099
vn 0.3151024282 0.298173815 0.9010010362
v 204.0390015 1.969920039 368.9289856
vn 0.6366530657 0.2354142964 0.7343384624
v 204.0480042 1.974249959 369.071991
vn 0.1197961196 0.9616753459 -0.2466362864
v 204.1060028 1.980620027 369.125
vn 0.1197961196 0.9616753459 -0.2466362864
v 204.1309967 1.9654001 369.0859985
vn 0.147842437 0.9497513175 -0.2758896351
v 204.0140076 1.986899972 369.1130066
vn 0.09502757341 0.9707189202 -0.2206230909
v 203.8289948 1.866270065 369.0830078
vn 0.03389411792 -0.9994111061 -0.005346703809
v 203.8990021 1.868810058 369.052002
vn 0.006343251094 -0.999719739 -0.02280900627
v 203.8609924 1.867200017 369.1119995
vn 0.006343251094 -0.999719739 -0.02280900627
v 203.9109955 1.866219878 369.1080017
vn -0.02287929505 -0.9988847971 -0.04129966348
v 203.901001 1.871610045 368.9809875
vn -0.03542824462 -0.9989983439 -0.0273349639
v 203.9810028 1.867349982 369.0329895
vn -0.03542824462 -0.9989983439 -0.0273349639
v 203.8990021 1.868810058 369.052002
vn -0.02709259465 -0.9988265038 -0.04014477879
v 203.9759979 1.867939949 368.9840088
vn -0.04859296605 -0.9987936616 -0.007065087091
v 203.901001 1.871610045 368.9809875
vn -0.04364146292 -0.9988076091 -0.02188207209
v 203.9810028 1.869099855 368.9360046
vn -0.04364146292 -0.9988076091 -0.02188207209
v 203.9019928 1.872970104 368.9020081
vn -0.04130706936 -0.9989893436 -0.01772022434
v 203.9850006 1.86860013 368.9020081
vn -0.08434402198 -0.9939169884 -0.07081720978
v 203.9649963 1.873219848 368.8609924
vn -0.08434402198 -0.9939169884 -0.07081720978
v 203.9929962 1.8671 368.8760071
vn -0.2094306797 -0.9777908325 -0.00799310673
v 203.9019928 1.872970104 368.9020081
vn -0.05237540603 -0.9948726892 -0.08651669323
v 203.9850006 1.86860013 368.9020081
vn -0.04157717898 -0.9990872145 0.009803633206
v 203.9810028 1.869099855 368.9360046
vn -0.04157717898 -0.9990872145 0.009803633206
v 203.9989929 1.869109988 368.9200134
vn 0.0152159417 -0.99974823 0.01649189927
v 203.9750061 1.866250038 369.0690002
vn -0.01420216635 -0.999358058 -0.0328903012
v 203.9810028 1.867349982 369.0329895
vn -0.01420216635 -0.999358058 -0.0328903012
v 203.9980011 1.867370009 369.053009
vn 0.03103544191 -0.9991967082 -0.02535216138
v 203.8990021 1.868810058 369.052002
vn -0.02586282976 -0.9990587831 -0.03482295945
v 203.8000031 1.864420056 369.053009
vn 0.04815761745 -0.9988371134 -0.002288256772
v 203.7519989 1.86225009 368.9899902
vn 0.04815761745 -0.9988371134 -0.002288256772
v 203.8249969 1.866760015 369.0209961
vn 0.06953107566 -0.9974060059 -0.01861862466
v 203.7359924 1.862400055 369.0509949
vn 0.03120512329 -0.9994562864 0.01064651459
v 203.9609985 1.864510059 369.0979919
vn -0.03096410073 -0.9981883168 -0.05158825591
v 203.8990021 1.868810058 369.052002
vn -0.03096410073 -0.9981883168 -0.05158825591
v 203.9750061 1.866250038 369.0690002
vn -0.01823803037 -0.9974722266 -0.06867659092
v 203.9109955 1.866219878 369.1080017
vn -0.04160387442 -0.9984388351 -0.0372688137
v 203.8249969 1.868219972 368.9490051
vn 0.06493196636 -0.9978743792 0.005523221102
v 203.9019928 1.872970104 368.9020081
vn 0.04714265093 -0.9988692403 -0.006153095514
v 203.848999 1.869969845 368.9830017
vn 0.04714265093 -0.9988692403 -0.006153095514
v 203.901001 1.871610045 368.9809875
vn 0.03086784668 -0.9993819594 -0.01682061516
v 203.848999 1.869969845 368.9830017
vn 0.03971377015 -0.9981719255 -0.04555919766
v 203.901001 1.871610045 368.9809875
vn 0.03000858054 -0.9988064766 -0.03853671253
v 203.8990021 1.868810058 369.052002
vn 0.03971377015 -0.9981719255 -0.04555919766
v 203.8249969 1.866760015 369.0209961
vn 0.049761042 -0.9973630905 -0.05282665044
v 203.9629974 1.85006988 368.7619934
vn 0.4648045897 0.8047592044 -0.3692145348
v 203.8999939 1.899760008 368.7909851
vn 0.4648045897 0.8047592044 -0.3692145348
v 203.9380035 1.899760008 368.8299866
vn 0.4334455729 0.7960426211 -0.4224228859
v 203.9320068 1.859189987 368.7340088
vn 0.5046436787 0.8115965128 -0.2943567038
v 203.8249969 1.868219972 368.9490051
vn 0.07787311822 -0.9967583418 -0.02021397278
v 203.8249969 1.866760015 369.0209961
vn 0.07787311822 -0.9967583418 -0.02021397278
v 203.7519989 1.86225009 368.9899902
vn 0.07020872831 -0.9973272681 -0.02022551
v 203.848999 1.869969845 368.9830017
vn 0.1010928079 -0.9946724772 -0.02017167211
v 204.0559998 1.923949957 368.9289856
vn 0.458404094 -0.3357247114 0.8228940368
v 204.0390015 1.881469965 368.9259949
vn 0.609767139 -0.2957665026 0.7353273034
v 204.0570068 1.876330018 368.9089966
vn 0.458404094 -0.3357247114 0.8228940368
v 204.0789948 1.923810124 368.92099
vn 0.3040159643 -0.3632520437 0.8806942105
v 204.0140076 1.863800049 369.1130066
vn 0.08837482333 -0.9871302247 -0.133280918
v 203.9750061 1.866250038 369.0690002
vn 0.08837482333 -0.9871302247 -0.133280918
v 204.0480042 1.875810027 369.071991
vn 0.1348751783 -0.9754930139 -0.1738448441
v 203.9609985 1.864510059 369.0979919
vn 0.003165903501 -0.9982891679 -0.05838413909
v 203.9929962 1.8671 368.8760071
vn 0.04390389845 -0.9809437394 0.189266637
v 204.0509949 1.864799976 368.8670044
vn 0.002796171 -0.9644082785 0.264402926
v 204.0570068 1.876330018 368.9089966
vn 0.04390389845 -0.9809437394 0.189266637
v 203.9850006 1.86860013 368.9020081
vn 0.09794969112 -0.9913538098 0.08731242269
v 203.8249969 1.868219972 368.9490051
vn 0.1036318541 -0.9864292145 0.1273494959
v 203.8240051 1.860240102 368.8880005
vn 0.1036318541 -0.9864292145 0.1273494959
v 203.9019928 1.872970104 368.9020081
vn 0.1376779974 -0.9823955894 0.1262683272
v 203.798996 1.86473012 368.9219971
vn -0.001665664488 -0.991547823 0.1297309995
v 204.1490021 1.923499942 368.9119873
vn 0.291408509 0.3140166104 0.9035898447
v 204.197998 1.955659986 368.8850098
vn 0.291408509 0.3140166104 0.9035898447
v 204.1439972 1.9654001 368.8980103
vn 0.2771054804 0.3336701095 0.9010420442
v 204.2109985 1.923419833 368.8909912
vn 0.3071377873 0.2919007838 0.9057926536
v 204.1600037 1.965440035 368.9519958
vn 0.06489253044 0.2954804003 -0.953142345
v 204.0850067 1.923830032 368.9339905
vn 0.06489253044 0.2954804003 -0.953142345
v 204.0630035 1.974499941 368.9460144
vn 0.08394206315 0.2644350231 -0.9607433677
v 204.1629944 1.923499942 368.9370117
vn 0.03785528243 0.3385980725 -0.9401693344
v 203.9190063 1.761970162 368.7539978
vn 0.181757614 -0.8469823003 0.4995850325
v 203.9730072 1.760579944 368.7319946
vn 0.181757614 -0.8469823003 0.4995850325
v 203.9519958 1.783360004 368.7749939
vn 0.1955673844 -0.8238404393 0.5320153236
v 203.951004 1.744230151 368.7090149
vn 0.1656138301 -0.8715361953 0.4615157247
v 204.0850067 1.923830032 368.9339905
vn 0.06279855222 -0.276148051 -0.9590613246
v 204.1629944 1.923499942 368.9370117
vn 0.03531904519 -0.3202274442 -0.9466820955
v 204.1600037 1.881850123 368.9509888
vn 0.06279855222 -0.276148051 -0.9590613246
v 204.0630035 1.876490116 368.9440002
vn 0.08305651695 -0.2429590076 -0.9664742947
v 204.1439972 1.881829858 368.8980103
vn 0.2749868631 -0.3352757692 0.9010950923
v 204.197998 1.891179919 368.8850098
vn 0.2900340855 -0.3147136867 0.9037895203
v 204.1490021 1.923499942 368.9119873
vn 0.2900340855 -0.3147136867 0.9037895203
v 204.2109985 1.923419833 368.8909912
vn 0.3064827919 -0.2916913927 0.9060819149
v 204.1060028 1.866670012 369.125
vn 0.08733406663 -0.9612972736 -0.261305064
v 204.0480042 1.875810027 369.071991
vn 0.08733406663 -0.9612972736 -0.261305064
v 204.1309967 1.881770015 369.0859985
vn 0.1174746007 -0.9491199851 -0.2921830416
v 204.0140076 1.863800049 369.1130066
vn 0.06075201184 -0.9703876376 -0.2337883115
v 203.8240051 1.860240102 368.8880005
vn 0.09691828489 -0.8771365285 0.4703598619
v 203.8919983 1.854349971 368.8630066
vn 0.09691828489 -0.8771365285 0.4703598619
v 203.9019928 1.872970104 368.9020081
vn 0.07368072122 -0.9071867466 0.4142261744
v 203.8500061 1.838800073 368.848999
vn 0.1270821095 -0.8310095668 0.54154706
v 204.1439972 1.9654001 368.8980103
vn 0.1550227404 0.2810118198 0.947100997
v 204.0789948 1.923810124 368.92099
vn 0.1550227404 0.2810118198 0.947100997
v 204.1490021 1.923499942 368.9119873
vn 0.1219525337 0.3271550834 0.9370683432
v 204.0570068 1.974249959 368.9119873
vn 0.1782076508 0.2476573586 0.9523171186
v 204.0379944 1.88086009 369.0539856
vn 0.7835857272 -0.3280342519 -0.5276238918
v 204.0559998 1.923869967 369.0539856
vn 0.5602200031 -0.3707219958 -0.740755558
v 204.0480042 1.875810027 369.071991
vn 0.5602200031 -0.3707219958 -0.740755558
v 204.0769958 1.923759937 369.0620117
vn 0.3287271261 -0.3788043857 -0.8651275635
v 203.9700012 1.817530155 368.776001
vn 0.9493362308 0.2661689222 0.1670772433
v 203.9810028 1.815320015 368.7170105
vn 0.9493362308 0.2661689222 0.1670772433
v 203.9629974 1.85006988 368.7619934
vn 0.9468502998 0.2753708661 0.1662688851
v 203.9889984 1.783059955 368.7210083
vn 0.9517953992 0.2567066848 0.167890355
v 204.0570068 1.876330018 368.9089966
vn 0.1382240802 -0.3022511899 0.9431533813
v 204.1439972 1.881829858 368.8980103
vn 0.1301255822 -0.313423723 0.9406555891
v 204.0789948 1.923810124 368.92099
vn 0.1301255822 -0.313423723 0.9406555891
v 204.1490021 1.923499942 368.9119873
vn 0.1190329045 -0.3285705447 0.9369485378
v 203.9149933 1.824149966 368.8259888
vn 0.07701456547 -0.7524169087 0.6541693807
v 203.9190063 1.761970162 368.7539978
vn 0.07701456547 -0.7524169087 0.6541693807
v 203.9519958 1.783360004 368.7749939
vn 0.071743384 -0.7528603077 0.6542585492
v 203.8809967 1.803050041 368.8059998
vn 0.08213482797 -0.7519658208 0.6540651917
v 203.8919983 1.854349971 368.8630066
vn 0.06525200605 -0.7479792237 0.6605068445
v 203.8809967 1.803050041 368.8059998
vn 0.06525200605 -0.7479792237 0.6605068445
v 203.8500061 1.838800073 368.848999
vn 0.05602714792 -0.7475191951 0.6618731618
v 203.9140015 1.869400024 368.8599854
vn 0.8534904718 -0.1987798959 0.4817058742
v 203.9380035 1.899760008 368.8299866
vn 0.8534904718 -0.1987798959 0.4817058742
v 203.923996 1.882870078 368.8619995
vn 0.8001567125 -0.5988162756 0.03418033943
v 203.9349976 1.854969978 368.8309937
vn 0.7996490002 -0.04019571841 0.5991208553
v 203.9019928 1.872970104 368.9020081
vn 0.6491350532 -0.7195808887 0.2466314733
v 203.9140015 1.869400024 368.8599854
vn 0.6491350532 -0.7195808887 0.2466314733
v 203.8919983 1.854349971 368.8630066
vn 0.5707424879 -0.7882412672 0.2300624698
v 203.9889984 1.783059955 368.7210083
vn 0.7663336992 -0.3670023978 0.5272967815
v 203.9519958 1.783360004 368.7749939
vn 0.7663336992 -0.3670023978 0.5272967815
v 203.9730072 1.760579944 368.7319946
vn 0.7872421145 -0.295498997 0.5412303209
v 203.9700012 1.817530155 368.776001
vn 0.7509191632 -0.4109218717 0.516975522
v 204.1860046 1.955659986 369.098999
vn 0.2969769239 0.3691306412 -0.8806516528
v 204.1430054 1.923489928 369.0710144
vn 0.2969769239 0.3691306412 -0.8806516528
v 204.1309967 1.9654001 369.0859985
vn 0.2768173516 0.3928545415 -0.8769478202
v 204.201004 1.923419833 369.0920105
vn 0.3203957379 0.3406623006 -0.8839093447
v 203.9629974 1.85006988 368.7619934
vn 0.922962904 0.118797794 0.3660964072
v 203.9349976 1.854969978 368.8309937
vn 0.922962904 0.118797794 0.3660964072
v 203.9700012 1.817530155 368.776001
vn 0.8815669417 0.3335439265 0.3340482116
v 203.9380035 1.899760008 368.8299866
vn 0.9239578247 -0.05349367484 0.3787352443
v 203.9149933 1.824149966 368.8259888
vn 0.5198244452 -0.5058218837 0.6884233952
v 203.9140015 1.869400024 368.8599854
vn 0.5198244452 -0.5058218837 0.6884233952
v 203.8919983 1.854349971 368.8630066
vn 0.4588388205 -0.527254343 0.7151711583
v 203.9349976 1.854969978 368.8309937
vn 0.5779428482 -0.4820560217 0.6584861875
v 203.9149933 1.824149966 368.8259888
vn 0.5866858959 -0.407843858 0.6996163726
v 203.9700012 1.817530155 368.776001
vn 0.5866858959 -0.407843858 0.6996163726
v 203.9349976 1.854969978 368.8309937
vn 0.5602699518 -0.4739657342 0.6793041229
v 203.9519958 1.783360004 368.7749939
vn 0.6090893149 -0.3420394957 0.7155551314
v 204.1309967 1.9654001 369.0859985
vn 0.163727954 0.3243539631 -0.931658566
v 204.0769958 1.923759937 369.0620117
vn 0.163727954 0.3243539631 -0.931658566
v 204.0480042 1.974249959 369.071991
vn 0.1894693375 0.293961674 -0.9368500113
v 204.1430054 1.923489928 369.0710144
vn 0.1272246242 0.3660479188 -0.9218583703
v 204.0769958 1.923759937 369.0620117
vn 0.1563563347 -0.3305988312 -0.9307293296
v 204.1430054 1.923489928 369.0710144
vn 0.1242369935 -0.3668814898 -0.9219344854
v 204.1309967 1.881770015 369.0859985
vn 0.1563563347 -0.3305988312 -0.9307293296
v 204.0480042 1.875810027 369.071991
vn 0.1797269881 -0.303414315 -0.9357553124
v 200.9600067 1.923440099 369.0480042
vn 0.9934580326 -0.03603125364 0.1083648577
v 200.9600067 1.902330041 369.0409851
vn 0.9934580326 -0.03603125364 0.1083648577
v 200.9660034 1.923389912 368.9930115
vn 0.9934580326 -0.03603125364 0.1083648577
v 200.9589996 1.953540087 368.9649963
vn 0.9813531041 0.1871192455 -0.04396023229
v 200.9600067 1.954839945 368.9930115
vn 0.9813531041 0.1871192455 -0.04396023229
v 200.9660034 1.923389912 368.9930115
vn 0.9813531041 0.1871192455 -0.04396023229
v 200.9589996 1.92279017 368.9370117
vn 0.991411984 0.04025691375 -0.1244253442
v 200.9589996 1.944390059 368.9440002
vn 0.991411984 0.04025691375 -0.1244253442
v 200.9660034 1.923389912 368.9930115
vn 0.991411984 0.04025691375 -0.1244253442
v 200.9600067 1.89349997 369.019989
vn 0.9818344712 -0.1895613223 0.008220600896
v 200.9600067 1.89233005 368.9930115
vn 0.9818344712 -0.1895613223 0.008220600896
v 200.9660034 1.923389912 368.9930115
vn 0.9818344712 -0.1895613223 0.008220600896
v 200.3789978 1.923419833 369.1740112
vn -0.5789901018 0.4141557515 0.7023143768
v 200.3609924 1.96273005 369.1359863
vn -0.5789901018 0.4141557515 0.7023143768
v 200.3329926 1.923419833 369.1380005
vn -0.5558133721 0.4322785437 0.71007514
v 200.3899994 1.955659986 369.1659851
vn -0.617780745 0.3819311559 0.6873685718
v 200.6170044 1.775629997 368.6799927
vn -0.04145034403 -0.6830657125 -0.72917974
v 200.5890045 1.744230151 368.7109985
vn -0.04145034403 -0.6830657125 -0.72917974
v 200.572998 1.768290043 368.6860046
vn 0.02312578075 -0.7128047347 -0.7009811997
v 200.6199951 1.751559854 368.6990051
vn -0.1491250694 -0.6242540479 -0.7668563128
v 200.3789978 1.923419833 369.1740112
vn -0.5789897442 -0.4141568542 0.7023140192
v 200.3609924 1.884110093 369.1359863
vn -0.5789897442 -0.4141568542 0.7023140192
v 200.3899994 1.891179919 369.1659851
vn -0.6177802086 -0.381932348 0.6873683333
v 200.3329926 1.923419833 369.1380005
vn -0.5558130741 -0.4322796166 0.7100747824
v 200.9160004 1.985669971 369.0499878
vn 0.4306376874 0.8188910484 0.3794320226
v 200.9140015 1.96724999 369.0920105
vn 0.4306376874 0.8188910484 0.3794320226
v 200.9429932 1.959879994 369.0750122
vn 0.4306376874 0.8188910484 0.3794320226
v 200.9149933 1.988289952 368.9930115
vn 0.3732708395 0.9270382524 0.03562187776
v 200.9429932 1.975209951 369.0400085
vn 0.3732708395 0.9270382524 0.03562187776
v 200.9420013 1.977390051 368.9930115
vn 0.3740199506 0.9267563224 0.03509708121
v 200.9600067 1.954839945 368.9930115
vn 0.7801869512 0.6229484677 -0.05695240945
v 200.9600067 1.953570008 369.019989
vn 0.9879826307 0.1422347575 0.06049467623
v 200.9600067 1.94464004 369.0409851
vn 0.9879826307 0.1422347575 0.06049467623
v 200.9660034 1.923389912 368.9930115
vn 0.9879826307 0.1422347575 0.06049467623
v 200.9600067 1.923440099 369.0480042
vn 0.9105457067 0.1356998682 0.3905023336
v 200.9429932 1.92347002 369.0880127
vn 0.7770638466 0.2116530687 0.5927687287
v 200.9149933 1.923489928 369.1069946
vn 0.5382713675 0.2833953202 0.7936945558
v 200.9589996 1.953540087 368.9649963
vn 0.7912915945 0.6101722717 -0.03933783248
v 200.9420013 1.977390051 368.9930115
vn 0.7912915945 0.6101722717 -0.03933783248
v 200.9420013 1.975160003 368.9460144
vn 0.797837615 0.6021948457 -0.02857462317
v 200.9149933 1.922149897 368.8779907
vn 0.5750509501 0.2517131567 -0.7784323096
v 200.9420013 1.959450006 368.9100037
vn 0.5750509501 0.2517131567 -0.7784323096
v 200.9420013 1.922359943 368.8980103
vn 0.5750509501 0.2517131567 -0.7784323096
v 200.9420013 1.959450006 368.9100037
vn 0.9086022973 0.1285279989 -0.3973945677
v 200.9589996 1.92279017 368.9370117
vn 0.9086022973 0.1285279989 -0.3973945677
v 200.9589996 1.944390059 368.9440002
vn 0.9086142182 0.1285617352 -0.3973563015
v 200.9589996 1.953540087 368.9649963
vn 0.9401724339 0.3123296201 -0.1361104548
v 200.9660034 1.923389912 368.9930115
vn 0.9841209054 0.1627191901 -0.07091156393
v 200.9420013 1.975160003 368.9460144
vn 0.7262069583 0.630143106 -0.2748511732
v 200.9420013 1.959450006 368.9100037
vn 0.5949711204 0.7349371314 -0.32538715
v 200.9149933 1.985610008 368.9360046
vn 0.4428908825 0.81926018 -0.3642258048
v 200.9140015 1.966729999 368.8930054
vn 0.4376532733 0.8195200562 -0.3699277043
v 200.9149933 1.988289952 368.9930115
vn 0.3742266893 0.9263055921 -0.04373059794
v 200.9420013 1.975160003 368.9460144
vn 0.3742266893 0.9263055921 -0.04373059794
v 200.9420013 1.977390051 368.9930115
vn 0.3738887608 0.926431179 -0.04395989329
v 200.9429932 1.975209951 369.0400085
vn 0.7542812824 0.6271170378 0.1943809986
v 200.9600067 1.953570008 369.019989
vn 0.8185773492 0.568659544 0.08097819239
v 200.9600067 1.954839945 368.9930115
vn 0.9822645187 0.1872930229 0.008816603571
v 200.9660034 1.923389912 368.9930115
vn 0.9822645187 0.1872930229 0.008816603571
v 200.9600067 1.94464004 369.0409851
vn 0.8517901301 0.4807127118 0.2082518786
v 200.9429932 1.959879994 369.0750122
vn 0.6834045649 0.6687201262 0.2928679585
v 200.9160004 1.985669971 369.0499878
vn 0.4495517015 0.8182253242 0.3583441973
v 200.9600067 1.923440099 369.0480042
vn 0.9934712648 0.0358569473 0.1083010063
v 200.9660034 1.923389912 368.9930115
vn 0.9934712648 0.0358569473 0.1083010063
v 200.9149933 1.923489928 369.1069946
vn 0.5376662612 0.2840239108 0.7938799858
v 200.9140015 1.96724999 369.0920105
vn 0.5376662612 0.2840239108 0.7938799858
v 200.9420013 1.886490107 368.9100037
vn 0.8219791055 -0.180611521 -0.540120244
v 200.9149933 1.922149897 368.8779907
vn 0.5764490962 -0.2591147423 -0.7749619484
v 200.9420013 1.922359943 368.8980103
vn 0.7872261405 -0.1955456883 -0.5848391652
v 200.9589996 1.92279017 368.9370117
vn 0.9453238249 -0.1034403518 -0.309294343
v 200.9589996 1.901899934 368.9440002
vn 0.9665313363 -0.08139178902 -0.243295148
v 200.9660034 1.923389912 368.9930115
vn 0.9914759398 -0.04133539647 -0.123559162
v 200.9149933 1.861590028 368.9360046
vn 0.433427453 -0.8319214582 -0.3464784324
v 200.9140015 1.879040003 368.8930054
vn 0.4323969185 -0.8319855928 -0.3476102948
v 200.9420013 1.871970177 368.9450073
vn 0.7947944999 -0.6063937545 -0.02425496653
v 200.9420013 1.870049953 368.9930115
vn 0.7856615782 -0.6183784008 -0.0185487587
v 200.9589996 1.893450022 368.9649963
vn 0.8641983271 -0.5017014742 -0.0381693244
v 200.9600067 1.89233005 368.9930115
vn 0.8749388456 -0.4835949838 -0.02485886589
v 200.9600067 1.89349997 369.019989
vn 0.7774832845 -0.6283130646 0.0272477027
v 200.9660034 1.923389912 368.9930115
vn 0.9809664488 -0.189393729 -0.04283495992
v 200.3430023 1.923419833 368.8190002
vn -0.7157489657 -0.388212055 -0.5805125833
v 200.3540039 1.891179919 368.8269958
vn -0.7215823531 -0.4290299118 -0.5433712006
v 200.3130035 1.923419833 368.8559875
vn -0.7215823531 -0.4290299118 -0.5433712006
v 200.3370056 1.884110093 368.8580017
vn -0.7252010703 -0.4686430395 -0.504437387
v 200.9160004 1.861690044 369.0499878
vn 0.4278502762 -0.8215051293 0.3769263327
v 200.9429932 1.887230158 369.0750122
vn 0.4278502762 -0.8215051293 0.3769263327
v 200.9140015 1.879930019 369.0920105
vn 0.4278502762 -0.8215051293 0.3769263327
v 200.9429932 1.887230158 369.0750122
vn 0.5374660492 -0.2850055695 0.7936637402
v 200.9149933 1.923489928 369.1069946
vn 0.5374660492 -0.2850055695 0.7936637402
v 200.9429932 1.92347002 369.0880127
vn 0.53777951 -0.2846794128 0.7935684323
v 200.9420013 1.871970177 368.9450073
vn 0.3635213971 -0.9309626818 -0.03406839445
v 200.9140015 1.85927999 368.9930115
vn 0.3635213971 -0.9309626818 -0.03406839445
v 200.9149933 1.861590028 368.9360046
vn 0.3676362336 -0.9294438958 -0.03126679361
v 200.9420013 1.870049953 368.9930115
vn 0.3587518036 -0.9326871634 -0.03730628267
v 200.9429932 1.872059941 369.0400085
vn 0.3632640839 -0.9312304258 0.02913875878
v 200.9140015 1.85927999 368.9930115
vn 0.3632640839 -0.9312304258 0.02913875878
v 200.9160004 1.861690044 369.0499878
vn 0.3670015633 -0.9298440218 0.02645615861
v 200.9429932 1.887230158 369.0750122
vn 0.6805012226 -0.6723231673 0.2913754582
v 200.9429932 1.872059941 369.0400085
vn 0.7512468696 -0.6311776638 0.1929843128
v 200.9600067 1.902330041 369.0409851
vn 0.9076849818 -0.3858512044 0.16500552
v 200.9600067 1.89349997 369.019989
vn 0.8873203993 -0.4549343288 0.07548004389
v 200.9420013 1.870049953 368.9930115
vn 0.7876937985 -0.6159902215 0.009721485898
v 200.9660034 1.923389912 368.9930115
vn 0.9877830744 -0.1436485052 0.06041249633
v 200.9600067 1.923440099 369.0480042
vn 0.9103795886 -0.1363691241 0.3906564116
v 200.9429932 1.887230158 369.0750122
vn 0.9103795886 -0.1363691241 0.3906564116
v 200.9429932 1.92347002 369.0880127
vn 0.9112709761 -0.1390523762 0.3876204789
v 200.9420013 1.886490107 368.9100037
vn 0.5517098904 -0.2856133282 -0.7836078405
v 200.9589996 1.901899934 368.9440002
vn 0.9045003057 -0.394713074 -0.1614954025
v 200.9589996 1.893450022 368.9649963
vn 0.9391543269 -0.3186568022 -0.128245756
v 200.9660034 1.923389912 368.9930115
vn 0.9836334586 -0.1671520621 -0.06727156788
v 200.9149933 1.922149897 368.8779907
vn 0.5517098904 -0.2856133282 -0.7836078405
v 200.9140015 1.879040003 368.8930054
vn 0.5517098904 -0.2856133282 -0.7836078405
v 200.5800018 1.814460039 368.6919861
vn -0.1835784763 0.1261701435 -0.9748743773
v 200.6130066 1.810940027 368.6839905
vn -0.2261093706 0.08427422494 -0.9704495668
v 200.6170044 1.775629997 368.6799927
vn -0.1835784763 0.1261701435 -0.9748743773
v 200.572998 1.768290043 368.6860046
vn -0.1584101766 0.150453195 -0.9758432508
v 200.9420013 1.959450006 368.9100037
vn 0.5502519608 0.2774882913 -0.7875424027
v 200.9149933 1.922149897 368.8779907
vn 0.5502519608 0.2774882913 -0.7875424027
v 200.9140015 1.966729999 368.8930054
vn 0.5502519608 0.2774882913 -0.7875424027
v 200.3329926 1.923419833 369.1380005
vn -0.8421230912 0.5168545246 -0.1539159566
v 200.3589935 1.955659986 369.1040039
vn -0.8421230912 0.5168545246 -0.1539159566
v 200.3439941 1.923419833 369.0969849
vn -0.8618949056 0.4513207972 -0.2311853617
v 200.3609924 1.96273005 369.1359863
vn -0.8139686584 0.5758593082 -0.07642696798
v 200.6170044 1.775629997 368.6799927
vn 0.7214508057 -0.3954837322 -0.5684200525
v 200.6529999 1.768000007 368.7309875
vn 0.7214508057 -0.3954837322 -0.5684200525
v 200.6199951 1.751559854 368.6990051
vn 0.7354361415 -0.3613714874 -0.5731878281
v 200.6609955 1.80336988 368.7149963
vn 0.7122290134 -0.4164702594 -0.5650507808
v 200.4689941 1.9654001 369.1679993
vn -0.06436086446 0.3270200789 0.9428231716
v 200.3899994 1.955659986 369.1659851
vn -0.07623177767 0.29961887 0.9510085583
v 200.4759979 1.923489928 369.1830139
vn -0.07623177767 0.29961887 0.9510085583
v 200.3789978 1.923419833 369.1740112
vn -0.08919605613 0.2691678703 0.9589539766
v 200.4389954 1.980620027 369.1289978
vn -0.1450062245 0.8985298872 0.4142670929
v 200.3899994 1.955659986 369.1659851
vn -0.1450062245 0.8985298872 0.4142670929
v 200.3609924 1.96273005 369.1359863
vn -0.1739290208 0.9076128006 0.3820833266
v 200.5980072 1.923759937 369.1679993
vn 0.1162987426 -0.3229666352 0.939237535
v 200.4759979 1.923489928 369.1830139
vn 0.1096274257 -0.3368267715 0.9351628423
v 200.5939941 1.875810027 369.1520081
vn 0.1096274257 -0.3368267715 0.9351628423
v 200.4689941 1.881770015 369.1679993
vn 0.1022418514 -0.3520051539 0.9303972125
v 200.4759979 1.923489928 369.1830139
vn -0.07545790076 -0.3002992272 0.9508556724
v 200.3899994 1.891179919 369.1659851
vn -0.07545790076 -0.3002992272 0.9508556724
v 200.3789978 1.923419833 369.1740112
vn -0.08881335706 -0.2690549791 0.9590211511
v 200.7980042 1.923759937 369.1180115
vn 0.2313608974 0.3553188741 0.9056603312
v 200.7870026 1.974249959 369.1010132
vn 0.2731438875 0.2922102809 0.9165181518
v 200.6999969 1.923869967 369.1430054
vn 0.2731438875 0.2922102809 0.9165181518
v 200.6950073 1.969879985 369.1340027
vn 0.3205634654 0.2152567655 0.9224443436
v 200.5980072 1.923759937 369.1679993
vn 0.2051919103 0.2632911503 0.9426420331
v 200.6999969 1.923869967 369.1430054
vn 0.2324473262 0.2109848559 0.949449122
v 200.6950073 1.969879985 369.1340027
vn 0.2051919103 0.2632911503 0.9426420331
v 200.5939941 1.974249959 369.1520081
vn 0.1798192859 0.3099780381 0.9335837364
v 200.3130035 1.923419833 368.8559875
vn -0.7215828896 0.4290287495 -0.543371439
v 200.3540039 1.955659986 368.8269958
vn -0.7215828896 0.4290287495 -0.543371439
v 200.3430023 1.923419833 368.8190002
vn -0.7157493234 0.3882108927 -0.5805128813
v 200.3370056 1.96273005 368.8580017
vn -0.7252016664 0.4686419964 -0.5044375062
v 200.4049988 1.980589867 368.8630066
vn -0.1913636476 0.9127578735 -0.3609058857
v 200.3540039 1.955659986 368.8269958
vn -0.1913636476 0.9127578735 -0.3609058857
v 200.4149933 1.965240002 368.822998
vn -0.1677827388 0.9056634903 -0.3893874586
v 200.6130066 1.810940027 368.6839905
vn 0.5537241101 0.2120926678 -0.8052368164
v 200.6609955 1.80336988 368.7149963
vn 0.5537241101 0.2120926678 -0.8052368164
v 200.6170044 1.775629997 368.6799927
vn 0.5532689095 0.1553001702 -0.8183980584
v 200.6459961 1.844190001 368.7179871
vn 0.5525846481 0.2610400915 -0.7915227413
v 200.7870026 1.875810027 369.1010132
vn 0.2700974643 -0.3080728054 0.9122162461
v 200.6999969 1.923869967 369.1430054
vn 0.2700974643 -0.3080728054 0.9122162461
v 200.6950073 1.880809903 369.1340027
vn 0.3175090551 -0.229169786 0.9201462865
v 200.7980042 1.923759937 369.1180115
vn 0.2290351242 -0.3715062439 0.8997366428
v 200.3099976 1.96273005 368.9960022
vn -0.7649117112 0.5059374571 0.3986694515
v 200.2839966 1.923419833 368.9960022
vn -0.7669824362 0.4519361556 0.4555124938
v 200.3220062 1.955659986 369.0280151
vn -0.7669824362 0.4519361556 0.4555124938
v 200.3099976 1.923419833 369.0350037
vn -0.7643347383 0.3951512873 0.5095565319
v 200.3829956 1.980720043 368.9960022
vn -0.206607759 0.9218125343 0.3279860318
v 200.3220062 1.955659986 369.0280151
vn -0.206607759 0.9218125343 0.3279860318
v 200.3840027 1.965440035 369.0350037
vn -0.1849664748 0.9133945704 0.362626195
v 200.7929993 1.867630124 368.8800049
vn 0.6178715825 -0.4294951558 -0.6586111188
v 200.7449951 1.8829 368.8250122
vn 0.6178715825 -0.4294951558 -0.6586111188
v 200.8099976 1.911800146 368.8630066
vn 0.5918637514 -0.4776375294 -0.6492762566
v 200.7310028 1.84416008 368.8330078
vn 0.6460937262 -0.3710244298 -0.6670110226
v 200.552002 1.783059955 368.723999
vn -0.7414423227 -0.6470817924 -0.1776188314
v 200.5890045 1.744230151 368.7109985
vn -0.7414423227 -0.6470817924 -0.1776188314
v 200.5679932 1.760579944 368.7349854
vn -0.7419410944 -0.6341528296 -0.217654705
v 200.572998 1.768290043 368.6860046
vn -0.7405914068 -0.653811574 -0.1550962627
v 200.5939941 1.974249959 369.1520081
vn 0.1057529747 0.3276546597 0.9388603568
v 200.4759979 1.923489928 369.1830139
vn 0.1057529747 0.3276546597 0.9388603568
v 200.5980072 1.923759937 369.1679993
vn 0.1155205518 0.3082504272 0.9442651272
v 200.4689941 1.9654001 369.1679993
vn 0.09448081255 0.3497158885 0.932079494
v 200.5310059 1.986899972 369.1159973
vn -0.01603463665 0.9306185246 0.3656392395
v 200.4689941 1.9654001 369.1679993
vn -0.01603463665 0.9306185246 0.3656392395
v 200.4389954 1.980620027 369.1289978
vn -0.01098404918 0.9286316037 0.3708405197
v 200.2839966 1.923419833 368.9960022
vn -0.7669818997 -0.4519373178 0.4555122852
v 200.3220062 1.891179919 369.0280151
vn -0.7669818997 -0.4519373178 0.4555122852
v 200.3099976 1.923419833 369.0350037
vn -0.764334321 -0.3951525092 0.5095562339
v 200.3099976 1.884110093 368.9960022
vn -0.764910996 -0.50593853 0.3986694217
v 200.3829956 1.866789937 368.9960022
vn -0.1995376945 -0.9246593714 0.3243296742
v 200.3220062 1.891179919 369.0280151
vn -0.1995376945 -0.9246593714 0.3243296742
v 200.3840027 1.881819963 369.0350037
vn -0.1787104011 -0.9165315628 0.3578163087
v 200.6889954 1.895850062 368.7820129
vn 0.6253924966 0.2498582453 -0.7392259836
v 200.7449951 1.8829 368.8250122
vn 0.6253924966 0.2498582453 -0.7392259836
v 200.7030029 1.844030023 368.7720032
vn 0.6232359409 0.3073722124 -0.7190961242
v 200.7350006 1.929619908 368.8280029
vn 0.624989748 0.1822896004 -0.7590509057
v 200.6920013 1.806390166 368.7829895
vn 0.8546352983 -0.3604656756 -0.3737151921
v 200.6529999 1.768000007 368.7309875
vn 0.854147315 -0.3619167805 -0.3734281957
v 200.6609955 1.80336988 368.7149963
vn 0.8546352983 -0.3604656756 -0.3737151921
v 200.7030029 1.844030023 368.7720032
vn 0.8550956249 -0.3590901494 -0.3739862144
v 200.3540039 1.955659986 368.8269958
vn -0.1211555675 0.2990453839 -0.946516335
v 200.4149933 1.965240002 368.822998
vn -0.111310862 0.3153614402 -0.9424208403
v 200.4149933 1.923380017 368.8089905
vn -0.1211555675 0.2990453839 -0.946516335
v 200.3430023 1.923419833 368.8190002
vn -0.1320229322 0.2808122337 -0.9506389499
v 200.5800018 1.814460039 368.6919861
vn -0.8153533936 0.1596966982 -0.5565032363
v 200.552002 1.783059955 368.723999
vn -0.8153533936 0.1596966982 -0.5565032363
v 200.5590057 1.815320015 368.7200012
vn -0.7948763967 0.09837186337 -0.5987440944
v 200.572998 1.768290043 368.6860046
vn -0.8247747421 0.1939287633 -0.5311668515
v 200.7350006 1.929619908 368.8280029
vn 0.4617624283 0.3134437203 -0.8297761679
v 200.8099976 1.911800146 368.8630066
vn 0.4617624283 0.3134437203 -0.8297761679
v 200.7449951 1.8829 368.8250122
vn 0.4474660456 0.1521365196 -0.8812653422
v 200.7830048 1.969820023 368.8789978
vn 0.4637327194 0.4293439984 -0.7749940157
v 200.6459961 1.844190001 368.7179871
vn 0.6560423374 0.3024531603 -0.6914698482
v 200.7030029 1.844030023 368.7720032
vn 0.6560423374 0.3024531603 -0.6914698482
v 200.6609955 1.80336988 368.7149963
vn 0.6581282616 0.2926552296 -0.693700254
v 200.6889954 1.895850062 368.7820129
vn 0.65436095 0.3101021349 -0.6896727085
v 200.6950073 1.969879985 369.1340027
vn 0.09797937423 0.8099161386 0.5783043504
v 200.6340027 1.993689895 369.1109924
vn 0.09797937423 0.8099161386 0.5783043504
v 200.5939941 1.974249959 369.1520081
vn 0.1300251037 0.8408745527 0.5253793597
v 200.6840057 1.990489841 369.1140137
vn 0.001224191627 0.6965463161 0.7175108194
v 200.6450043 2.000279903 369.0559998
vn 0.0445936583 0.9895651937 0.1370114237
v 200.6840057 1.990489841 369.1140137
vn 0.0445936583 0.9895651937 0.1370114237
v 200.7160034 1.993729949 369.0840149
vn 0.03455078602 0.9890221357 0.1436713785
v 200.6950073 1.969879985 369.1340027
vn 0.1957187653 0.8505951166 0.4880390167
v 200.6840057 1.990489841 369.1140137
vn 0.4208556414 0.7372531295 0.5285247564
v 200.7870026 1.974249959 369.1010132
vn 0.08496934175 0.3344964087 0.9385586381
v 200.7980042 1.923759937 369.1180115
vn 0.08695836365 0.3300275505 0.9399574995
v 200.9140015 1.96724999 369.0920105
vn 0.08695836365 0.3300275505 0.9399574995
v 200.9149933 1.923489928 369.1069946
vn 0.08942485601 0.3244669735 0.9416604638
v 200.4149933 1.923380017 368.8089905
vn -0.1145263165 -0.3107037544 -0.9435819387
v 200.3540039 1.891179919 368.8269958
vn -0.1145263165 -0.3107037544 -0.9435819387
v 200.3430023 1.923419833 368.8190002
vn -0.1323250979 -0.2808995843 -0.9505711198
v 200.4140015 1.882049918 368.8240051
vn -0.09805630147 -0.3377279937 -0.936122179
v 200.4889984 1.923869967 369.0570068
vn -0.5752542615 0.3450289071 -0.7416452169
v 200.4960022 1.974249959 369.0750122
vn -0.5752542615 0.3450289071 -0.7416452169
v 200.5059967 1.969920039 369.0570068
vn -0.8030122519 0.296412915 -0.5170210004
v 200.4680023 1.923759937 369.0650024
vn -0.3339247108 0.3580489755 -0.8719490767
v 200.4889984 1.923869967 369.0570068
vn -0.329976052 0.2370412648 0.9137435555
v 200.4810028 1.974499941 369.0409851
vn -0.329976052 0.2370412648 0.9137435555
v 200.4589996 1.923789859 369.052002
vn -0.1589318067 0.2749652267 0.9482271671
v 200.2839966 1.923419833 368.9960022
vn -0.7619945407 0.4598892629 -0.4559234083
v 200.3220062 1.955659986 368.9649963
vn -0.7619945407 0.4598892629 -0.4559234083
v 200.3090057 1.923419833 368.9580078
vn -0.7599999309 0.4149012268 -0.5002570152
v 200.3099976 1.96273005 368.9960022
vn -0.7609301805 0.5033039451 -0.4094757736
v 200.3829956 1.980720043 368.9960022
vn -0.2128117532 0.9211427569 -0.3258943558
v 200.3220062 1.955659986 368.9649963
vn -0.2128117532 0.9211427569 -0.3258943558
v 200.3829956 1.965440035 368.9559937
vn -0.1984415799 0.9156086445 -0.3496879935
v 200.6950073 1.880809903 369.1340027
vn 0.2057412267 -0.2780300081 0.9382802844
v 200.5980072 1.923759937 369.1679993
vn 0.2057412267 -0.2780300081 0.9382802844
v 200.5939941 1.875810027 369.1520081
vn 0.1815270633 -0.3247501552 0.9282161593
v 200.6999969 1.923869967 369.1430054
vn 0.2321584076 -0.2247590125 0.946353972
v 200.6340027 1.866219878 369.1099854
vn 0.07158985734 -0.9227435589 0.3787072599
v 200.6950073 1.880809903 369.1340027
vn 0.07158985734 -0.9227435589 0.3787072599
v 200.6840057 1.867200017 369.1140137
vn -0.03018990345 -0.8184056282 0.5738473535
v 200.7160034 1.866270065 369.0840149
vn 0.1192693338 -0.9387962818 0.3231661022
v 200.6840057 1.867200017 369.1140137
vn 0.3430090547 -0.8534784317 0.3923256099
v 200.7870026 1.875810027 369.1010132
vn 0.05600048602 -0.9521445036 0.3004742563
v 200.3370056 1.96273005 368.8580017
vn -0.8238835931 0.4883082211 0.2876993418
v 200.3130035 1.923419833 368.8559875
vn -0.8309551477 0.4415658414 0.3384273946
v 200.3439941 1.955659986 368.8900146
vn -0.8309551477 0.4415658414 0.3384273946
v 200.3320007 1.923419833 368.8970032
vn -0.8340023756 0.393985033 0.3862845898
v 200.4049988 1.980589867 368.8630066
vn -0.2496885359 0.9241700172 0.2890767455
v 200.3439941 1.955659986 368.8900146
vn -0.2496885359 0.9241700172 0.2890767455
v 200.3990021 1.9654001 368.9030151
vn -0.2369311154 0.9195205569 0.3136009276
v 200.3090057 1.923419833 368.9580078
vn -0.759999454 -0.4149024785 -0.5002566576
v 200.3220062 1.891179919 368.9649963
vn -0.7619939446 -0.459890455 -0.4559231997
v 200.2839966 1.923419833 368.9960022
vn -0.7619939446 -0.459890455 -0.4559231997
v 200.3099976 1.884110093 368.9960022
vn -0.7609294653 -0.5033050179 -0.4094757438
v 200.3220062 1.891179919 368.9649963
vn -0.2054519355 -0.9239450693 -0.322668612
v 200.3829956 1.866789937 368.9960022
vn -0.2054519355 -0.9239450693 -0.322668612
v 200.3829956 1.881850123 368.9559937
vn -0.1915578991 -0.9185605645 -0.3457629979
v 200.4889984 1.923869967 369.0570068
vn -0.3381120563 -0.2648621798 0.9030660391
v 200.4810028 1.87612009 369.0400085
vn -0.3381120563 -0.2648621798 0.9030660391
v 200.5059967 1.88086009 369.0570068
vn -0.5231056809 -0.2067403793 0.8268124461
v 200.4589996 1.923789859 369.052002
vn -0.1557613015 -0.3080248535 0.9385409355
v 200.3809967 1.923489928 369.0499878
vn -0.1773216277 0.3122961521 0.9332888722
v 200.3220062 1.955659986 369.0280151
vn -0.1773216277 0.3122961521 0.9332888722
v 200.3099976 1.923419833 369.0350037
vn -0.1986369193 0.2777254879 0.939899981
v 200.3840027 1.965440035 369.0350037
vn -0.1583833694 0.3421757817 0.9261913896
v 200.3220062 1.891179919 369.0280151
vn -0.1760589182 -0.3132035136 0.9332239032
v 200.3840027 1.881819963 369.0350037
vn -0.1563241482 -0.344183892 0.9257970452
v 200.3809967 1.923489928 369.0499878
vn -0.1760589182 -0.3132035136 0.9332239032
v 200.3099976 1.923419833 369.0350037
vn -0.1981214583 -0.2775681913 0.9400551915
v 200.6340027 1.993689895 369.1109924
vn -0.08777232468 0.9305682778 0.3554415107
v 200.5839996 1.993170023 369.1000061
vn -0.04473959282 0.9359993935 0.349146843
v 200.5939941 1.974249959 369.1520081
vn -0.04473959282 0.9359993935 0.349146843
v 200.5310059 1.986899972 369.1159973
vn -0.007570390124 0.9392385483 0.3431816399
v 200.4149933 1.965240002 368.822998
vn 0.07467820495 0.3023532033 -0.9502661228
v 200.5240021 1.971940041 368.8330078
vn 0.06957194209 0.2927980721 -0.9536398649
v 200.5 1.922279835 368.8160095
vn 0.07467820495 0.3023532033 -0.9502661228
v 200.4149933 1.923380017 368.8089905
vn 0.08213088661 0.3162613511 -0.9451102018
v 200.3130035 1.923419833 368.8559875
vn -0.8309546113 -0.4415670335 0.3384272754
v 200.3439941 1.891179919 368.8900146
vn -0.8309546113 -0.4415670335 0.3384272754
v 200.3320007 1.923419833 368.8970032
vn -0.8340018988 -0.3939862847 0.3862843812
v 200.3370056 1.884110093 368.8580017
vn -0.8238829374 -0.4883092642 0.2876994312
v 200.4049988 1.866809964 368.8630066
vn -0.240852043 -0.9258006215 0.2913477719
v 200.3439941 1.891179919 368.8900146
vn -0.240852043 -0.9258006215 0.2913477719
v 200.3990021 1.881829858 368.9020081
vn -0.2260939032 -0.9201796055 0.3196108341
v 200.6260071 1.939469934 368.8370056
vn 0.04348682612 0.1011732593 -0.993917942
v 200.6040039 1.899760008 368.8320007
vn 0.1041411161 0.111996159 -0.9882365465
v 200.5939941 1.953230023 368.8370056
vn 0.1041411161 0.111996159 -0.9882365465
v 200.5690002 1.939429998 368.8309937
vn 0.1674319208 0.1229042932 -0.9781927466
v 200.5939941 1.973060012 368.8429871
vn 0.1218690351 0.2854267061 -0.9506205916
v 200.6260071 1.939469934 368.8370056
vn 0.1218690351 0.2854267061 -0.9506205916
v 200.651001 1.965479851 368.8479919
vn 0.1213702336 0.2849861979 -0.9508165717
v 200.5 1.922279835 368.8160095
vn 0.07396221161 -0.3441356122 -0.9360023141
v 200.4140015 1.882049918 368.8240051
vn 0.07396221161 -0.3441356122 -0.9360023141
v 200.4149933 1.923380017 368.8089905
vn 0.07292779535 -0.3420894742 -0.9368331432
v 200.5130005 1.879120111 368.8330078
vn 0.07481895387 -0.3458293974 -0.9353096485
v 200.7030029 1.844030023 368.7720032
vn 0.8438481688 -0.3721900284 -0.386516273
v 200.7310028 1.84416008 368.8330078
vn 0.8438481688 -0.3721900284 -0.386516273
v 200.6920013 1.806390166 368.7829895
vn 0.8477942348 -0.3611488342 -0.3883509338
v 200.7449951 1.8829 368.8250122
vn 0.8399367332 -0.3827706873 -0.3846984506
v 200.7180023 1.860240102 368.8890076
vn 0.1750417799 -0.9347960353 0.3090579212
v 200.7929993 1.867630124 368.8800049
vn 0.1292579621 -0.9447333813 0.3012825847
v 200.6920013 1.838800073 368.8500061
vn 0.265432477 -0.9085861444 0.3225163519
v 200.6040039 1.899760008 368.8320007
vn -0.03193389997 -0.4359502792 -0.8994039893
v 200.5679932 1.894150019 368.8359985
vn -0.03193389997 -0.4359502792 -0.8994039893
v 200.5480042 1.918279886 368.8250122
vn -0.03193389997 -0.4359502792 -0.8994039893
v 200.5059967 1.969920039 369.0570068
vn -0.2986322641 0.9062503576 0.2992140949
v 200.5630035 1.994650006 369.0390015
vn -0.2986322641 0.9062503576 0.2992140949
v 200.4810028 1.974499941 369.0409851
vn -0.1898859292 0.8251217604 0.5320878029
v 200.5460052 1.99063015 369.0570068
vn -0.4474395812 0.8643850684 -0.229426071
v 200.5690002 1.939429998 368.8309937
vn 0.1610687524 0.1172448918 -0.9799543023
v 200.6040039 1.899760008 368.8320007
vn 0.1610687524 0.1172448918 -0.9799543023
v 200.5480042 1.918279886 368.8250122
vn 0.1610687524 0.1172448918 -0.9799543023
v 200.5240021 1.971940041 368.8330078
vn 0.1563211381 0.2136122137 -0.9643306136
v 200.5480042 1.918279886 368.8250122
vn 0.1563211381 0.2136122137 -0.9643306136
v 200.5 1.922279835 368.8160095
vn 0.1978820115 0.2304760665 -0.9527452588
v 200.5690002 1.939429998 368.8309937
vn 0.09089882672 0.1864237487 -0.9782553911
v 200.7870026 1.974249959 369.1010132
vn 0.07426041365 0.9475701451 0.3107993603
v 200.9140015 1.96724999 369.0920105
vn 0.05628194287 0.9345166087 0.351441443
v 200.8079987 1.988680005 369.052002
vn 0.05628194287 0.9345166087 0.351441443
v 200.9160004 1.985669971 369.0499878
vn 0.03300312161 0.9147995114 0.4025576115
v 200.4049988 1.866809964 368.8630066
vn -0.1832704246 -0.914917469 -0.3596358597
v 200.3540039 1.891179919 368.8269958
vn -0.1832704246 -0.914917469 -0.3596358597
v 200.4140015 1.882049918 368.8240051
vn -0.1574873328 -0.9069284797 -0.3907409012
v 200.3370056 1.884110093 368.8580017
vn -0.21056135 -0.9217574596 -0.3256180584
v 200.9140015 1.879040003 368.8930054
vn 0.1490548253 -0.3674402535 -0.9180252552
v 200.8099976 1.911800146 368.8630066
vn 0.1490548253 -0.3674402535 -0.9180252552
v 200.9149933 1.922149897 368.8779907
vn 0.1650648415 -0.3277816176 -0.9302219152
v 200.7929993 1.867630124 368.8800049
vn 0.1351469308 -0.4007380903 -0.9061701298
v 200.621994 1.761970162 368.756012
vn 0.2989732921 -0.9405356646 0.1612688005
v 200.5890045 1.744230151 368.7109985
vn 0.2861997187 -0.9443062544 0.1624052525
v 200.6199951 1.751559854 368.6990051
vn 0.2989732921 -0.9405356646 0.1612688005
v 200.6529999 1.768000007 368.7309875
vn 0.3114045858 -0.9366885424 0.1601303816
v 200.5310059 1.863800049 369.1159973
vn 0.006142354105 -0.9428568482 0.3331414163
v 200.4689941 1.881770015 369.1679993
vn 0.006142354105 -0.9428568482 0.3331414163
v 200.4389954 1.866670012 369.1289978
vn 0.01988017187 -0.9374160171 0.347643435
v 200.5939941 1.875810027 369.1520081
vn -0.003878224641 -0.9465699792 0.3224751055
v 200.3899994 1.891179919 369.1659851
vn -0.1410996467 -0.901029706 0.4101663232
v 200.4689941 1.881770015 369.1679993
vn -0.1174108014 -0.8923539519 0.4357971549
v 200.3609924 1.884110093 369.1359863
vn -0.1695509851 -0.9099781513 0.3784074783
v 200.5480042 1.918279886 368.8250122
vn 0.1432770193 -0.3193332255 -0.9367486238
v 200.5130005 1.879120111 368.8330078
vn 0.1432770193 -0.3193332255 -0.9367486238
v 200.5 1.922279835 368.8160095
vn 0.1483213753 -0.3233967125 -0.934566915
v 200.5679932 1.894150019 368.8359985
vn 0.1369744092 -0.3142427504 -0.9394091368
v 200.6799927 1.938899875 368.821991
vn 0.02780433558 0.7452510595 -0.6662040353
v 200.7079926 1.972719908 368.8609924
vn 0.02780433558 0.7452510595 -0.6662040353
v 200.7109985 1.951619983 368.8349915
vn -0.05156652257 0.772531867 -0.6328787208
v 200.651001 1.965479851 368.8479919
vn 0.06191739067 0.7316306233 -0.6788835526
v 200.651001 1.965479851 368.8479919
vn -0.2172889113 0.5558627844 -0.8023728132
v 200.6529999 1.927320004 368.8210144
vn -0.2172889113 0.5558627844 -0.8023728132
v 200.6260071 1.939469934 368.8370056
vn -0.2249819487 0.5545852184 -0.8011356592
v 200.6799927 1.938899875 368.821991
vn -0.2099078596 0.5570539236 -0.8035107851
v 200.5829926 1.992140055 368.875
vn 0.03895492107 0.8641798496 -0.501672864
v 200.5939941 1.973060012 368.8429871
vn 0.03895492107 0.8641798496 -0.501672864
v 200.5240021 1.971940041 368.8330078
vn 0.05694909766 0.8660926223 -0.4966289997
v 200.6080017 1.986719847 368.8649902
vn -0.02164974064 0.8555102348 -0.5173330903
v 200.4589996 1.923789859 369.052002
vn -0.05893026292 0.2844144702 0.9568884969
v 200.3840027 1.965440035 369.0350037
vn -0.05893026292 0.2844144702 0.9568884969
v 200.3809967 1.923489928 369.0499878
vn -0.02559314668 0.3378917873 0.9408369064
v 200.4810028 1.974499941 369.0409851
vn -0.0825002864 0.2456292957 0.965846777
v 200.7189941 1.997290015 369.0249939
vn 0.06516502053 0.9958602786 0.06337098777
v 200.7160034 1.993729949 369.0840149
vn 0.06516502053 0.9958602786 0.06337098777
v 200.7440033 1.993929982 369.0539856
vn 0.06061987951 0.9961607456 0.06315880269
v 200.6450043 2.000279903 369.0559998
vn 0.06682581455 0.9957452416 0.06344821304
v 200.7910004 1.991539955 368.993988
vn 0.08755079657 0.9957403541 0.02891425602
v 200.7189941 1.997290015 369.0249939
vn 0.09413977712 0.9949746132 0.03410601243
v 200.8079987 1.988680005 369.052002
vn 0.08729650825 0.9448717237 0.3155894876
v 200.7870026 1.974249959 369.1010132
vn 0.1449592263 0.952943325 0.2662438452
v 200.7440033 1.993929982 369.0539856
vn 0.1449592263 0.952943325 0.2662438452
v 200.4149933 1.965240002 368.822998
vn -0.02266980335 0.9330719709 -0.3589746952
v 200.4920044 1.98672998 368.8739929
vn -0.02266980335 0.9330719709 -0.3589746952
v 200.5240021 1.971940041 368.8330078
vn -0.02468854748 0.9340334535 -0.3563312292
v 200.4049988 1.980589867 368.8630066
vn -0.019984046 0.9317755699 -0.3624843359
v 200.5240021 1.971940041 368.8330078
vn -0.05246927589 0.9434020519 -0.3274745643
v 200.4920044 1.98672998 368.8739929
vn -0.009708773345 0.9381405711 -0.3461184204
v 200.5509949 1.992879987 368.8890076
vn -0.05246927589 0.9434020519 -0.3274745643
v 200.5829926 1.992140055 368.875
vn -0.1099480018 0.947204113 -0.3011905849
v 200.6889954 1.895850062 368.7820129
vn -0.1669114381 0.686349988 -0.7078589201
v 200.6419983 1.899760008 368.7929993
vn -0.09791893512 0.7284027338 -0.6781160235
v 200.6529999 1.927320004 368.8210144
vn -0.1669114381 0.686349988 -0.7078589201
v 200.6799927 1.938899875 368.821991
vn -0.2444719225 0.631886363 -0.7354951501
v 200.4799957 1.987689972 368.9949951
vn -0.1642324775 0.9740511179 0.155730918
v 200.5630035 1.994650006 369.0390015
vn -0.1642324775 0.9740511179 0.155730918
v 200.5679932 1.996520042 368.9949951
vn -0.09979540855 0.9945266247 0.03094687872
v 200.4810028 1.974499941 369.0409851
vn -0.2233116776 0.9356661439 0.2732411623
v 200.4810028 1.87612009 369.0400085
vn -0.06551065296 -0.2717972994 0.9601221681
v 200.4589996 1.923789859 369.052002
vn -0.0474868454 -0.3009055257 0.9524708986
v 200.3840027 1.881819963 369.0350037
vn -0.0474868454 -0.3009055257 0.9524708986
v 200.3809967 1.923489928 369.0499878
vn -0.02297192439 -0.3397552967 0.9402332902
v 200.8070068 1.988400102 368.9349976
vn 0.04573703185 0.9304280877 -0.3636091948
v 200.9140015 1.966729999 368.8930054
vn 0.04573703185 0.9304280877 -0.3636091948
v 200.7830048 1.969820023 368.8789978
vn 0.05817702413 0.9397962093 -0.3367469311
v 200.9149933 1.985610008 368.9360046
vn 0.02739439905 0.9150497317 -0.4024096131
v 200.8099976 1.911800146 368.8630066
vn 0.1062384769 0.3140836656 -0.9434324503
v 200.9149933 1.922149897 368.8779907
vn 0.1029300392 0.3195457458 -0.9419638515
v 200.7830048 1.969820023 368.8789978
vn 0.108305946 0.310659647 -0.9443306923
v 200.4799957 1.987689972 368.9949951
vn -0.08616776019 0.9440716505 0.3182827234
v 200.3829956 1.980720043 368.9960022
vn -0.06293673068 0.9286934137 0.3654689789
v 200.3840027 1.965440035 369.0350037
vn -0.08616776019 0.9440716505 0.3182827234
v 200.4810028 1.974499941 369.0409851
vn -0.1062517762 0.9551868439 0.2762763798
v 200.5619965 1.994639993 368.9509888
vn -0.3062023818 0.9134150147 -0.2681662738
v 200.5039978 1.969920039 368.9330139
vn -0.3062023818 0.9134150147 -0.2681662738
v 200.4810028 1.974499941 368.9500122
vn -0.2030964494 0.8410668373 -0.5013566017
v 200.5440063 1.99063015 368.9330139
vn -0.4446950555 0.8590829968 0.2534220219
v 200.5839996 1.993170023 369.1000061
vn -0.0524754785 0.9947399497 0.08796992153
v 200.6450043 2.000279903 369.0559998
vn -0.0524754785 0.9947399497 0.08796992153
v 200.5690002 1.993709922 369.071991
vn -0.0737150535 0.9955527782 0.05865748227
v 200.6340027 1.993689895 369.1109924
vn -0.03493845463 0.9930921197 0.1120147184
v 200.6089935 1.859189987 368.7369995
vn -0.06561367214 0.7354524732 -0.6743919253
v 200.6130066 1.810940027 368.6839905
vn -0.06561367214 0.7354524732 -0.6743919253
v 200.5800018 1.814460039 368.6919861
vn -0.08508766443 0.7336268425 -0.6742045283
v 200.6459961 1.844190001 368.7179871
vn -0.04777153954 0.7368764877 -0.6743373871
v 200.6419983 1.899760008 368.7929993
vn -0.03226090968 0.8022880554 -0.5960646868
v 200.6889954 1.895850062 368.7820129
vn -0.0728488043 0.799533546 -0.5961872339
v 200.6089935 1.859189987 368.7369995
vn 0.02044518851 0.8038824201 -0.5944367647
v 200.9140015 1.879930019 369.0920105
vn 0.02779508382 -0.9431312084 0.3312566578
v 200.8079987 1.862400055 369.0509949
vn 0.02779508382 -0.9431312084 0.3312566578
v 200.9160004 1.861690044 369.0499878
vn -0.002318896819 -0.9173532724 0.3980673254
v 200.7870026 1.875810027 369.1010132
vn 0.05085511878 -0.9590942264 0.2784817219
v 200.8079987 1.862400055 369.0509949
vn -0.01603040472 -0.9995718002 0.0244804658
v 200.9140015 1.85927999 368.9930115
vn -0.01603040472 -0.9995718002 0.0244804658
v 200.7910004 1.86225009 368.9909973
vn -0.02429142222 -0.9996609092 0.009382819757
v 200.9140015 1.879930019 369.0920105
vn 0.08225467801 -0.3383985162 0.9374009967
v 200.7980042 1.923759937 369.1180115
vn 0.08225467801 -0.3383985162 0.9374009967
v 200.9149933 1.923489928 369.1069946
vn 0.08789388835 -0.3258111477 0.9413403869
v 200.5690002 1.993709922 369.071991
vn -0.09645038843 0.9942806363 0.04586227611
v 200.5630035 1.994650006 369.0390015
vn -0.09645038843 0.9942806363 0.04586227611
v 200.5460052 1.99063015 369.0570068
vn -0.1701725572 0.9836488366 0.05896027759
v 200.6450043 2.000279903 369.0559998
vn -0.07718166709 0.996114552 0.04241193831
v 200.7169952 1.992079854 368.9070129
vn 0.146152705 0.901317358 -0.4077578187
v 200.7079926 1.972719908 368.8609924
vn 0.146152705 0.901317358 -0.4077578187
v 200.6929932 1.986680031 368.8840027
vn 0.195287779 0.8897727728 -0.4125131965
v 200.7830048 1.969820023 368.8789978
vn 0.1324674338 0.904107213 -0.4062542915
v 200.7440033 1.993600011 368.9339905
vn 0.1351403594 0.9407650232 -0.3109633923
v 200.7830048 1.969820023 368.8789978
vn 0.1351403594 0.9407650232 -0.3109633923
v 200.8070068 1.988400102 368.9349976
vn 0.08267332613 0.93474406 -0.3455700576
v 200.7910004 1.991539955 368.993988
vn 0.08882474154 0.9954180121 -0.03539954126
v 200.7189941 1.997249961 368.9630127
vn 0.09678082913 0.9944332242 -0.04166548699
v 200.8070068 1.988400102 368.9349976
vn 0.02600582503 0.9985790849 -0.04651302472
v 200.7910004 1.991539955 368.993988
vn 0.02581105009 0.9986009598 -0.04615043104
v 200.9149933 1.988289952 368.9930115
vn 0.02600582503 0.9985790849 -0.04651302472
v 200.9149933 1.985610008 368.9360046
vn 0.02623673901 0.998552978 -0.04694289714
v 200.7169952 1.992079854 368.9070129
vn 0.06487718225 0.9934529662 -0.09403295815
v 200.7189941 1.997249961 368.9630127
vn 0.06487718225 0.9934529662 -0.09403295815
v 200.7440033 1.993600011 368.9339905
vn 0.03707719967 0.9949586987 -0.09317965806
v 200.6410065 1.999760032 368.928009
vn 0.0742803663 0.9927682877 -0.09430540353
v 200.6419983 1.899760008 368.7929993
vn -0.469515115 0.5638595223 -0.6794247627
v 200.6260071 1.939469934 368.8370056
vn -0.469515115 0.5638595223 -0.6794247627
v 200.6529999 1.927320004 368.8210144
vn -0.07812976092 0.7258624434 -0.6833882332
v 200.6040039 1.899760008 368.8320007
vn -0.6445329785 0.4362696707 -0.62789011
v 200.8079987 1.988680005 369.052002
vn 0.02750604786 0.998683989 0.04328596964
v 200.9149933 1.988289952 368.9930115
vn 0.02750604786 0.998683989 0.04328596964
v 200.7910004 1.991539955 368.993988
vn 0.02650605887 0.9987880588 0.0414715372
v 200.9160004 1.985669971 369.0499878
vn 0.02867689915 0.9985567331 0.04541045427
v 200.7189941 1.997249961 368.9630127
vn 0.08696778864 0.9962109327 -0.0006437847624
v 200.7189941 1.997290015 369.0249939
vn 0.08696778864 0.9962109327 -0.0006437847624
v 200.6950073 1.999920011 368.993988
vn 0.1098105609 0.9939523339 -0.0006423251471
v 200.7189941 1.997249961 368.9630127
vn 0.0524677895 0.9975918531 -0.04536138847
v 200.6410065 1.999760032 368.928009
vn 0.04211787134 0.9984312654 -0.03689247742
v 200.6950073 1.999920011 368.993988
vn 0.04211787134 0.9984312654 -0.03689247742
v 200.6430054 2.001600027 368.993988
vn 0.03227651864 0.9990628362 -0.02883930318
v 200.6950073 1.999920011 368.993988
vn 0.0443954356 0.9985634089 0.03000289947
v 200.6450043 2.000279903 369.0559998
vn 0.0443954356 0.9985634089 0.03000289947
v 200.7189941 1.997290015 369.0249939
vn 0.05721863732 0.9975460172 0.04034877196
v 200.5619965 1.994639993 368.9509888
vn -0.1660336703 0.9737673998 -0.1555952728
v 200.4810028 1.974499941 368.9500122
vn -0.2285914421 0.9327960014 -0.2786351144
v 200.4799957 1.987689972 368.9949951
vn -0.1660336703 0.9737673998 -0.1555952728
v 200.5679932 1.996520042 368.9949951
vn -0.09980154783 0.9945878386 -0.02889115363
v 200.4960022 1.974249959 369.0750122
vn -0.3357642591 0.9386675954 -0.07852078974
v 200.5690002 1.993709922 369.071991
vn -0.2462288141 0.9519324899 0.1821973175
v 200.5460052 1.99063015 369.0570068
vn -0.3357642591 0.9386675954 -0.07852078974
v 200.5059967 1.969920039 369.0570068
vn -0.4162430763 0.8041181564 -0.4244239926
v 200.5579987 1.993669987 368.9169922
vn -0.04805670679 0.9967327714 -0.06491821259
v 200.5829926 1.992140055 368.875
vn -0.04805670679 0.9967327714 -0.06491821259
v 200.5509949 1.992879987 368.8890076
vn 0.009698322974 0.9994833469 -0.03064243123
v 200.6410065 1.999760032 368.928009
vn -0.06321328878 0.9952612519 -0.07388585061
v 200.6410065 1.999760032 368.928009
vn 0.03365042061 0.9681711793 -0.2480166256
v 200.6929932 1.986680031 368.8840027
vn 0.03365042061 0.9681711793 -0.2480166256
v 200.6499939 1.987490058 368.8800049
vn 0.0406111218 0.9698505402 -0.2402927876
v 200.7169952 1.992079854 368.9070129
vn 0.02717964351 0.9665145278 -0.255168438
v 200.5579987 1.993669987 368.9169922
vn -0.09457907081 0.9953674078 -0.01727832109
v 200.5619965 1.994639993 368.9509888
vn -0.09457907081 0.9953674078 -0.01727832109
v 200.5440063 1.99063015 368.9330139
vn -0.2151129693 0.9765858054 -0.00256834249
v 200.5039978 1.969920039 368.9330139
vn -0.3281997144 0.9120633602 0.2458156943
v 200.5579987 1.993669987 368.9169922
vn -0.3281997144 0.9120633602 0.2458156943
v 200.4850006 1.974249959 368.9150085
vn -0.2400408238 0.8554094434 0.458971709
v 200.5440063 1.99063015 368.9330139
vn -0.4477123618 0.8649119735 -0.2268940806
v 200.5310059 1.986899972 369.1159973
vn -0.2035467923 0.9787642956 -0.02427338436
v 200.5690002 1.993709922 369.071991
vn -0.2035467923 0.9787642956 -0.02427338436
v 200.4960022 1.974249959 369.0750122
vn -0.2597648203 0.9627322555 -0.07529211789
v 200.5839996 1.993170023 369.1000061
vn -0.09616070986 0.9928572178 0.07062298805
v 200.5509949 1.992879987 368.8890076
vn -0.2078772485 0.9644120336 0.1633906662
v 200.4920044 1.98672998 368.8739929
vn -0.1656002998 0.9510042667 0.2610888779
v 200.4850006 1.974249959 368.9150085
vn -0.2078772485 0.9644120336 0.1633906662
v 200.5579987 1.993669987 368.9169922
vn -0.2578598559 0.9654628038 0.03728045151
v 200.5679932 1.894150019 368.8359985
vn 0.2044338435 -0.7356038094 -0.6458280683
v 200.5780029 1.873219848 368.8630066
vn 0.2044338435 -0.7356038094 -0.6458280683
v 200.5130005 1.879120111 368.8330078
vn 0.2333554178 -0.7248325944 -0.6481997967
v 200.5919952 1.882640004 368.8540039
vn 0.1080089584 -0.7660278678 -0.6336682439
v 200.6430054 2.001600027 368.993988
vn -0.07086401433 0.9970927835 0.0280041974
v 200.5679932 1.996520042 368.9949951
vn -0.06706181169 0.9971427917 0.03476952761
v 200.5630035 1.994650006 369.0390015
vn -0.07086401433 0.9970927835 0.0280041974
v 200.6450043 2.000279903 369.0559998
vn -0.07334250957 0.9970278144 0.02358916216
v 200.6430054 2.001600027 368.993988
vn -0.07048668712 0.9971026182 -0.02860092558
v 200.5619965 1.994639993 368.9509888
vn -0.07048668712 0.9971026182 -0.02860092558
v 200.6410065 1.999760032 368.928009
vn -0.0720648244 0.9970707893 -0.02562262304
v 200.5829926 1.992140055 368.875
vn 0.1064012349 0.961171329 -0.2546142638
v 200.6080017 1.986719847 368.8649902
vn 0.1241963506 0.9116193652 -0.3918232024
v 200.651001 1.965479851 368.8479919
vn 0.1707416773 0.8028235435 -0.5712457299
v 200.5939941 1.973060012 368.8429871
vn 0.157092154 0.7911177278 -0.5911470056
v 200.5690002 1.939429998 368.8309937
vn 0.1221066266 0.2516438067 -0.9600861073
v 200.5939941 1.953230023 368.8370056
vn 0.07066338509 0.2880629301 -0.9550007582
v 200.5240021 1.971940041 368.8330078
vn 0.1330706179 0.2437059432 -0.9606766701
v 200.651001 1.965479851 368.8479919
vn 0.03754264116 0.8413925171 -0.539118886
v 200.6929932 1.986680031 368.8840027
vn 0.03754264116 0.8413925171 -0.539118886
v 200.7079926 1.972719908 368.8609924
vn 0.008475477807 0.8573704362 -0.5146300197
v 200.7830048 1.969820023 368.8789978
vn 0.2480626255 0.6820289493 -0.6879690886
v 200.7109985 1.951619983 368.8349915
vn 0.2480626255 0.6820289493 -0.6879690886
v 200.7350006 1.929619908 368.8280029
vn 0.3128932714 0.5802330971 -0.7519490719
v 200.6889954 1.895850062 368.7820129
vn 0.1890693158 0.6360695362 -0.7481098175
v 200.7109985 1.951619983 368.8349915
vn 0.1890693158 0.6360695362 -0.7481098175
v 200.6799927 1.938899875 368.821991
vn 0.02575843409 0.6831396222 -0.7298334241
v 200.5679932 1.894150019 368.8359985
vn 0.05935046077 -0.8032898307 -0.5926238298
v 200.6040039 1.899760008 368.8320007
vn 0.1378213316 -0.8167589903 -0.5602767467
v 200.5919952 1.882640004 368.8540039
vn 0.1378213316 -0.8167589903 -0.5602767467
v 200.6190033 1.882870078 368.8649902
vn 0.2192700058 -0.8244169354 -0.5217829347
v 200.6340027 1.866219878 369.1099854
vn -0.009314617142 -0.9767797589 0.2140433937
v 200.5939941 1.875810027 369.1520081
vn 0.03498966619 -0.9779710174 0.2057872117
v 200.5839996 1.864510059 369.1000061
vn 0.03498966619 -0.9779710174 0.2057872117
v 200.5310059 1.863800049 369.1159973
vn 0.07295425236 -0.9774086475 0.1983684003
v 200.5039978 1.969920039 368.9330139
vn -0.550812006 0.2213029712 -0.8047553301
v 200.4869995 1.923949957 368.9320068
vn -0.3692209423 0.2726545334 -0.8884454966
v 200.4810028 1.974499941 368.9500122
vn -0.3692209423 0.2726545334 -0.8884454966
v 200.4579926 1.923830032 368.9379883
vn -0.1933135688 0.3087799251 -0.9312812686
v 200.3829956 1.965440035 368.9559937
vn -0.08898084611 0.9441359043 -0.3173165619
v 200.4799957 1.987689972 368.9949951
vn -0.08898084611 0.9441359043 -0.3173165619
v 200.4810028 1.974499941 368.9500122
vn -0.1053630263 0.9536168575 -0.2819814086
v 200.3829956 1.980720043 368.9960022
vn -0.07065308094 0.9318525195 -0.3558918238
v 200.4869995 1.923949957 368.9320068
vn -0.388496995 -0.2324268073 -0.891654551
v 200.4810028 1.876490116 368.946991
vn -0.388496995 -0.2324268073 -0.891654551
v 200.4579926 1.923830032 368.9379883
vn -0.19319655 -0.2731188834 -0.9423806071
v 200.5039978 1.881469965 368.9289856
vn -0.5827761889 -0.1767853945 -0.7931700945
v 200.9149933 1.861590028 368.9360046
vn 0.009467337281 -0.9264877439 -0.3762058914
v 200.8079987 1.862120152 368.9320068
vn 0.06440807134 -0.9674674273 -0.2446596473
v 200.9140015 1.879040003 368.8930054
vn 0.06440807134 -0.9674674273 -0.2446596473
v 200.7929993 1.867630124 368.8800049
vn 0.1074191108 -0.984957993 -0.1353470832
v 200.5630035 1.867349982 369.0360107
vn -0.1706777811 -0.9719222784 0.161975801
v 200.5059967 1.88086009 369.0570068
vn -0.1706777811 -0.9719222784 0.161975801
v 200.4810028 1.87612009 369.0400085
vn -0.08042437583 -0.9232441783 0.3757022023
v 200.5460052 1.867370009 369.0559998
vn -0.3139920235 -0.9113724828 -0.2660999596
v 200.3609924 1.96273005 369.1359863
vn -0.2318689674 0.9504669905 -0.2070006579
v 200.4129944 1.9654001 369.0899963
vn -0.2318689674 0.9504669905 -0.2070006579
v 200.3589935 1.955659986 369.1040039
vn -0.2233020216 0.9546195865 -0.1970727295
v 200.4389954 1.980620027 369.1289978
vn -0.2364828289 0.9481468201 -0.2123523653
v 200.5500031 1.8671 368.8789978
vn 0.06446710229 -0.9515772462 -0.3005740643
v 200.5130005 1.879120111 368.8330078
vn 0.06446710229 -0.9515772462 -0.3005740643
v 200.5780029 1.873219848 368.8630066
vn 0.04543993622 -0.956951201 -0.2866697609
v 200.4909973 1.864799976 368.8710022
vn 0.07907896489 -0.9470646977 -0.3111510575
v 200.5780029 1.873219848 368.8630066
vn 0.2286947221 -0.8910870552 -0.3919982016
v 200.6190033 1.882870078 368.8649902
vn 0.2286947221 -0.8910870552 -0.3919982016
v 200.6399994 1.872970104 368.9039917
vn 0.2304564416 -0.9063563347 -0.3541299999
v 200.5919952 1.882640004 368.8540039
vn 0.2192792296 -0.8243998885 -0.5218059421
v 200.3800049 1.923499942 368.9419861
vn -0.1993633807 0.306427896 -0.9307825565
v 200.3220062 1.955659986 368.9649963
vn -0.1993633807 0.306427896 -0.9307825565
v 200.3829956 1.965440035 368.9559937
vn -0.188707754 0.3231764734 -0.9273329377
v 200.3090057 1.923419833 368.9580078
vn -0.2111316323 0.2876344919 -0.93417871
v 200.4049988 1.980589867 368.8630066
vn -0.1221532971 0.9450816512 0.3031488359
v 200.4850006 1.974249959 368.9150085
vn -0.1221532971 0.9450816512 0.3031488359
v 200.4920044 1.98672998 368.8739929
vn -0.1020411029 0.9564185143 0.2735896111
v 200.3990021 1.9654001 368.9030151
vn -0.1423245668 0.9322601557 0.3326179087
v 200.621994 1.761970162 368.756012
vn 0.4030348659 -0.8464821577 0.3478948772
v 200.6920013 1.806390166 368.7829895
vn 0.4030348659 -0.8464821577 0.3478948772
v 200.6609955 1.803050041 368.8070068
vn 0.3859604299 -0.8399554491 0.3814569116
v 200.6529999 1.768000007 368.7309875
vn 0.4192999899 -0.8517087698 0.3142924309
v 200.5619965 1.869099855 368.9389954
vn -0.1777112037 -0.9695544243 -0.1684723049
v 200.5039978 1.881469965 368.9289856
vn -0.1777112037 -0.9695544243 -0.1684723049
v 200.5440063 1.869109988 368.9230042
vn -0.2458077222 -0.9292088747 0.2759518325
v 200.4810028 1.876490116 368.946991
vn -0.1227725744 -0.9050833583 -0.4071252644
v 200.3800049 1.923499942 368.9419861
vn -0.1980088949 -0.3073356748 -0.9307724237
v 200.3220062 1.891179919 368.9649963
vn -0.1980088949 -0.3073356748 -0.9307724237
v 200.3090057 1.923419833 368.9580078
vn -0.2105283141 -0.2874350846 -0.9343761802
v 200.3829956 1.881850123 368.9559937
vn -0.1865899265 -0.325183928 -0.9270596504
v 200.7440033 1.864420056 369.0539856
vn 0.008636000566 -0.9871495366 0.1595656872
v 200.8079987 1.862400055 369.0509949
vn -0.01878855005 -0.9676632285 0.2515448928
v 200.7870026 1.875810027 369.1010132
vn 0.03303221241 -0.9778608084 0.2066328526
v 200.7160034 1.866270065 369.0840149
vn -0.00196428434 -0.9992575645 0.03847741708
v 200.7189941 1.866760015 369.0220032
vn -0.04429812357 -0.9989680052 -0.01003112085
v 200.6450043 1.868810058 369.0539856
vn -0.03176828101 -0.9994507432 -0.00943064224
v 200.3439941 1.923419833 369.0969849
vn -0.3242969215 -0.3428229988 -0.8816484213
v 200.401001 1.923489928 369.0759888
vn -0.3078821003 -0.3624563813 -0.8796783686
v 200.3589935 1.891179919 369.1040039
vn -0.3078821003 -0.3624563813 -0.8796783686
v 200.4129944 1.881770015 369.0899963
vn -0.2936817706 -0.3790590763 -0.8775336146
v 200.3589935 1.891179919 369.1040039
vn -0.8421223164 -0.5168557763 -0.1539159864
v 200.3329926 1.923419833 369.1380005
vn -0.8421223164 -0.5168557763 -0.1539159864
v 200.3609924 1.884110093 369.1359863
vn -0.813967824 -0.5758604407 -0.07642727345
v 200.3829956 1.881850123 368.9559937
vn -0.05398632959 -0.9534569383 -0.296656996
v 200.4799957 1.864840031 368.9930115
vn -0.05398632959 -0.9534569383 -0.296656996
v 200.3829956 1.866789937 368.9960022
vn -0.02966325171 -0.935480237 -0.3521318734
v 200.4810028 1.876490116 368.946991
vn -0.07546541095 -0.9662618637 -0.2462579906
v 200.4799957 1.864840031 368.9930115
vn -0.0407099165 -0.955190599 0.2931784391
v 200.3840027 1.881819963 369.0350037
vn -0.0407099165 -0.955190599 0.2931784391
v 200.4810028 1.87612009 369.0400085
vn -0.0690690577 -0.9697251916 0.2342273891
v 200.4909973 1.864799976 368.8710022
vn 0.007725882344 -0.9345727563 -0.3556880951
v 200.4140015 1.882049918 368.8240051
vn 0.007725882344 -0.9345727563 -0.3556880951
v 200.5130005 1.879120111 368.8330078
vn 0.004161305726 -0.9365287423 -0.350566119
v 200.4049988 1.866809964 368.8630066
vn 0.01182634477 -0.9322731495 -0.3615618348
v 200.4850006 1.876330018 368.9119873
vn -0.07326806337 -0.9497638345 0.3042704165
v 200.3990021 1.881829858 368.9020081
vn -0.09964946657 -0.9335873723 0.3442159295
v 200.4909973 1.864799976 368.8710022
vn -0.0470719412 -0.9633398652 0.2641220987
v 200.4129944 1.881770015 369.0899963
vn -0.2266039401 -0.9515593052 -0.2078112662
v 200.3609924 1.884110093 369.1359863
vn -0.2266039401 -0.9515593052 -0.2078112662
v 200.3589935 1.891179919 369.1040039
vn -0.2178222388 -0.9557619691 -0.1976677626
v 200.4389954 1.866670012 369.1289978
vn -0.2313331813 -0.949208796 -0.2132783085
v 200.6089935 1.859189987 368.7369995
vn -0.5300731063 0.7541786432 -0.3876042664
v 200.5590057 1.815320015 368.7200012
vn -0.5300731063 0.7541786432 -0.3876042664
v 200.5780029 1.85006988 368.7640076
vn -0.5409701467 0.7577807903 -0.3648554981
v 200.5800018 1.814460039 368.6919861
vn -0.5181826949 0.7498395443 -0.4113725424
v 200.7180023 1.860240102 368.8890076
vn 0.104063578 -0.9932317138 0.05158970505
v 200.7929993 1.867630124 368.8800049
vn 0.03435676545 -0.9990109205 -0.02822822332
v 200.7440033 1.86473012 368.9230042
vn 0.03435676545 -0.9990109205 -0.02822822332
v 200.8079987 1.862120152 368.9320068
vn -0.0268337056 -0.9948568344 -0.09767218679
v 200.9140015 1.85927999 368.9930115
vn -0.01466204319 -0.9996706247 -0.02106215432
v 200.7910004 1.86225009 368.9909973
vn -0.02406122908 -0.9996992946 -0.004731283989
v 200.9149933 1.861590028 368.9360046
vn -0.003434390761 -0.9991716743 -0.04054830223
v 200.7440033 1.86473012 368.9230042
vn -0.06581062078 -0.9977906942 0.00909437798
v 200.7910004 1.86225009 368.9909973
vn -0.06581062078 -0.9977906942 0.00909437798
v 200.7180023 1.868219972 368.9500122
vn -0.09963116795 -0.9944905043 0.0325916037
v 200.5460052 1.867370009 369.0559998
vn -0.2022667229 -0.9742660522 -0.09946801513
v 200.4960022 1.875810027 369.0750122
vn -0.2022667229 -0.9742660522 -0.09946801513
v 200.5059967 1.88086009 369.0570068
vn -0.3008268476 -0.8616845012 -0.4086599946
v 200.5690002 1.866250038 369.071991
vn -0.124583438 -0.9860831499 0.110086143
v 200.4799957 1.864840031 368.9930115
vn -0.02669195645 -0.9936253428 0.1095272675
v 200.5679932 1.867939949 368.9869995
vn 0.03462392837 -0.9993641973 -0.008504811674
v 200.5630035 1.867349982 369.0360107
vn -0.02669195645 -0.9936253428 0.1095272675
v 200.4810028 1.87612009 369.0400085
vn -0.09208576381 -0.967803061 0.2342592627
v 200.4810028 1.876490116 368.946991
vn -0.03617020324 -0.9904530644 -0.1330206394
v 200.4799957 1.864840031 368.9930115
vn 0.01740906201 -0.9693639874 -0.2450108975
v 200.5619965 1.869099855 368.9389954
vn -0.09208669513 -0.9956718087 -0.01255699992
v 200.4850006 1.876330018 368.9119873
vn -0.1529909074 -0.9711430669 0.182961598
v 200.5570068 1.86860013 368.9049988
vn -0.1116265431 -0.9923629761 -0.05249083787
v 200.5440063 1.869109988 368.9230042
vn -0.1529909074 -0.9711430669 0.182961598
v 200.5039978 1.881469965 368.9289856
vn -0.1938388795 -0.8578076959 0.4760172963
v 200.6920013 1.838800073 368.8500061
vn 0.3444892168 -0.8451471925 0.4087217152
v 200.6920013 1.806390166 368.7829895
vn 0.3444892168 -0.8451471925 0.4087217152
v 200.7310028 1.84416008 368.8330078
vn 0.2991208136 -0.859033525 0.4154373109
v 200.6609955 1.803050041 368.8070068
vn 0.3982901275 -0.82576406 0.3993478417
v 200.4869995 1.923949957 368.9320068
vn -0.4739843607 0.2649406493 0.8397293091
v 200.4850006 1.974249959 368.9150085
vn -0.4739843607 0.2649406493 0.8397293091
v 200.4640045 1.923810124 368.9249878
vn -0.2803996205 0.2972884476 0.9126859307
v 200.5039978 1.969920039 368.9330139
vn -0.6436250806 0.2219462693 0.7324524522
v 200.4389954 1.980620027 369.1289978
vn -0.1219561026 0.9624928832 -0.2423512489
v 200.4960022 1.974249959 369.0750122
vn -0.1219561026 0.9624928832 -0.2423512489
v 200.4129944 1.9654001 369.0899963
vn -0.1502682865 0.9508149028 -0.2708699405
v 200.5310059 1.986899972 369.1159973
vn -0.09695709497 0.9713451266 -0.2169977129
v 200.6840057 1.867200017 369.1140137
vn -0.006537984591 -0.9997239709 -0.02256619558
v 200.6450043 1.868810058 369.0539856
vn -0.006537984591 -0.9997239709 -0.02256619558
v 200.7160034 1.866270065 369.0840149
vn -0.03367115557 -0.9994208217 -0.004929089919
v 200.6340027 1.866219878 369.1099854
vn 0.02293583937 -0.9988671541 -0.04169295728
v 200.6419983 1.871610045 368.9819946
vn 0.03513078019 -0.9990066886 -0.02741190232
v 200.5630035 1.867349982 369.0360107
vn 0.03513078019 -0.9990066886 -0.02741190232
v 200.5679932 1.867939949 368.9869995
vn 0.0490562059 -0.9987713099 -0.007028386462
v 200.6450043 1.868810058 369.0539856
vn 0.02654389478 -0.9988487363 -0.03995716199
v 200.5619965 1.869099855 368.9389954
vn 0.04355866835 -0.9987920523 -0.02273839898
v 200.6419983 1.871610045 368.9819946
vn 0.04355866835 -0.9987920523 -0.02273839898
v 200.6399994 1.872970104 368.9039917
vn 0.0412726067 -0.9989771247 -0.01847428456
v 200.5780029 1.873219848 368.8630066
vn 0.08361368626 -0.994204402 -0.06757494807
v 200.5570068 1.86860013 368.9049988
vn 0.08361368626 -0.994204402 -0.06757494807
v 200.5500031 1.8671 368.8789978
vn 0.2129830122 -0.9770553708 -0.001003564103
v 200.6399994 1.872970104 368.9039917
vn 0.05138320848 -0.995157361 -0.08379502594
v 200.5619965 1.869099855 368.9389954
vn 0.04186751693 -0.9990866184 0.008548033424
v 200.5570068 1.86860013 368.9049988
vn 0.04186751693 -0.9990866184 0.008548033424
v 200.5440063 1.869109988 368.9230042
vn -0.01566948928 -0.9997326732 0.01700214855
v 200.5630035 1.867349982 369.0360107
vn 0.01386822853 -0.9993636608 -0.03286271542
v 200.5690002 1.866250038 369.071991
vn 0.01386822853 -0.9993636608 -0.03286271542
v 200.5460052 1.867370009 369.0559998
vn -0.03101852536 -0.9991966486 -0.02537648194
v 200.6450043 1.868810058 369.0539856
vn 0.02541254275 -0.9990718961 -0.03477784619
v 200.7189941 1.866760015 369.0220032
vn -0.07023983449 -0.9973669052 -0.01804612763
v 200.7910004 1.86225009 368.9909973
vn -0.04837946221 -0.9988276362 -0.001685253927
v 200.7440033 1.864420056 369.0539856
vn -0.04837946221 -0.9988276362 -0.001685253927
v 200.8079987 1.862400055 369.0509949
vn -0.03102005087 -0.9994550347 0.01128863543
v 200.5690002 1.866250038 369.071991
vn 0.01678920351 -0.9973398447 -0.0709322989
v 200.6450043 1.868810058 369.0539856
vn 0.03045447357 -0.9981357455 -0.05289202556
v 200.5839996 1.864510059 369.1000061
vn 0.03045447357 -0.9981357455 -0.05289202556
v 200.6340027 1.866219878 369.1099854
vn 0.04172216728 -0.9984070659 -0.03798095882
v 200.6950073 1.869969845 368.9840088
vn -0.04678088054 -0.9988911748 -0.005291054025
v 200.6399994 1.872970104 368.9039917
vn -0.04678088054 -0.9988911748 -0.005291054025
v 200.7180023 1.868219972 368.9500122
vn -0.06509302557 -0.9978522062 0.007336621638
v 200.6419983 1.871610045 368.9819946
vn -0.03028861247 -0.999402523 -0.01664787717
v 200.6950073 1.869969845 368.9840088
vn -0.0395831503 -0.9982100725 -0.04483069107
v 200.6450043 1.868810058 369.0539856
vn -0.0395831503 -0.9982100725 -0.04483069107
v 200.6419983 1.871610045 368.9819946
vn -0.02947493643 -0.998857379 -0.03761843219
v 200.7189941 1.866760015 369.0220032
vn -0.05032311752 -0.9973526597 -0.05249089375
v 200.6419983 1.899760008 368.7929993
vn -0.4599093199 0.80763942 -0.3690554798
v 200.5780029 1.85006988 368.7640076
vn -0.4599093199 0.80763942 -0.3690554798
v 200.6040039 1.899760008 368.8320007
vn -0.4305392206 0.7992002964 -0.4194220304
v 200.6089935 1.859189987 368.7369995
vn -0.4982417226 0.8147307038 -0.2965958118
v 200.7180023 1.868219972 368.9500122
vn -0.07876525819 -0.9967096448 -0.01912783459
v 200.7189941 1.866760015 369.0220032
vn -0.07876525819 -0.9967096448 -0.01912783459
v 200.6950073 1.869969845 368.9840088
vn -0.1033921912 -0.9944640398 -0.01874301024
v 200.7910004 1.86225009 368.9909973
vn -0.07075466961 -0.9973079562 -0.01925033145
v 200.4869995 1.923949957 368.9320068
vn -0.4362158775 -0.3331098258 0.8359147906
v 200.4850006 1.876330018 368.9119873
vn -0.4362158775 -0.3331098258 0.8359147906
v 200.5039978 1.881469965 368.9289856
vn -0.5931240916 -0.2907344401 0.7507844567
v 200.4640045 1.923810124 368.9249878
vn -0.2699482441 -0.3635084927 0.8916218281
v 200.5690002 1.866250038 369.071991
vn -0.08926901221 -0.9872171283 -0.1320353299
v 200.5310059 1.863800049 369.1159973
vn -0.08926901221 -0.9872171283 -0.1320353299
v 200.4960022 1.875810027 369.0750122
vn -0.1348920017 -0.9760279655 -0.1708025485
v 200.5839996 1.864510059 369.1000061
vn -0.004592190031 -0.9982154369 -0.05953901261
v 200.5500031 1.8671 368.8789978
vn -0.0421140343 -0.98061198 0.19138062
v 200.4850006 1.876330018 368.9119873
vn -0.0421140343 -0.98061198 0.19138062
v 200.4909973 1.864799976 368.8710022
vn 0.0008106820751 -0.9626014233 0.2709202766
v 200.5570068 1.86860013 368.9049988
vn -0.09833027422 -0.99162817 0.08369442075
v 200.7180023 1.868219972 368.9500122
vn -0.1017383933 -0.9864076972 0.129031539
v 200.7180023 1.860240102 368.8890076
vn -0.1017383933 -0.9864076972 0.129031539
v 200.7440033 1.86473012 368.9230042
vn 0.001637540874 -0.9915513396 0.129704386
v 200.6399994 1.872970104 368.9039917
vn -0.1356393397 -0.9823890328 0.1285058558
v 200.3939972 1.923499942 368.9169922
vn -0.2818795145 0.3203713 0.9043816328
v 200.3439941 1.955659986 368.8900146
vn -0.2818795145 0.3203713 0.9043816328
v 200.3320007 1.923419833 368.8970032
vn -0.2925743759 0.3052728176 0.9062056541
v 200.3990021 1.9654001 368.9030151
vn -0.2723667026 0.3335949481 0.9025136232
v 200.3829956 1.965440035 368.9559937
vn -0.06952164322 0.2879872918 -0.9551073313
v 200.4579926 1.923830032 368.9379883
vn -0.06952164322 0.2879872918 -0.9551073313
v 200.3800049 1.923499942 368.9419861
vn -0.04985899106 0.3195910156 -0.9462429285
v 200.4810028 1.974499941 368.9500122
vn -0.0831784606 0.2656902075 -0.9604634643
v 200.5679932 1.760579944 368.7349854
vn -0.171522975 -0.8507735729 0.4967536926
v 200.621994 1.761970162 368.756012
vn -0.171522975 -0.8507735729 0.4967536926
v 200.5890045 1.783360004 368.7780151
vn -0.1845426112 -0.8284934163 0.5287179351
v 200.5890045 1.744230151 368.7109985
vn -0.1562806666 -0.8744904995 0.4591761529
v 200.4579926 1.923830032 368.9379883
vn -0.07861222327 -0.271030575 -0.9593552947
v 200.3829956 1.881850123 368.9559937
vn -0.07861222327 -0.271030575 -0.9593552947
v 200.3800049 1.923499942 368.9419861
vn -0.04712050781 -0.3214555681 -0.9457515478
v 200.4810028 1.876490116 368.946991
vn -0.1015926301 -0.2332916856 -0.9670853019
v 200.3990021 1.881829858 368.9020081
vn -0.2562935054 -0.354187578 0.8993691206
v 200.3939972 1.923499942 368.9169922
vn -0.2731140256 -0.3313043714 0.9031313062
v 200.3439941 1.891179919 368.8900146
vn -0.2731140256 -0.3313043714 0.9031313062
v 200.3320007 1.923419833 368.8970032
vn -0.2918801606 -0.3050783873 0.9064949751
v 200.4960022 1.875810027 369.0750122
vn -0.0897326991 -0.9620661736 -0.2576367855
v 200.4389954 1.866670012 369.1289978
vn -0.0897326991 -0.9620661736 -0.2576367855
v 200.4129944 1.881770015 369.0899963
vn -0.120163396 -0.9501369596 -0.2877508402
v 200.5310059 1.863800049 369.1159973
vn -0.06289748102 -0.9709646702 -0.2308063358
v 200.7180023 1.860240102 368.8890076
vn -0.08973743767 -0.8783541322 0.469511658
v 200.6399994 1.872970104 368.9039917
vn -0.06819793582 -0.9070112705 0.4155474007
v 200.6499939 1.854349971 368.8649902
vn -0.08973743767 -0.8783541322 0.469511658
v 200.6920013 1.838800073 368.8500061
vn -0.1174517423 -0.8351179957 0.5373853445
v 200.4640045 1.923810124 368.9249878
vn -0.1382657737 0.2850076854 0.948500514
v 200.3990021 1.9654001 368.9030151
vn -0.1382657737 0.2850076854 0.948500514
v 200.3939972 1.923499942 368.9169922
vn -0.1086916104 0.3262231648 0.9390231967
v 200.4850006 1.974249959 368.9150085
vn -0.1592492014 0.2549812198 0.9537422657
v 200.4960022 1.875810027 369.0750122
vn -0.5635408163 -0.360575676 -0.7432408333
v 200.4680023 1.923759937 369.0650024
vn -0.3284975886 -0.3729681075 -0.8677465916
v 200.4889984 1.923869967 369.0570068
vn -0.5635408163 -0.360575676 -0.7432408333
v 200.5059967 1.88086009 369.0570068
vn -0.7906532884 -0.312479794 -0.526520431
v 200.5709991 1.817530155 368.7789917
vn -0.948446393 0.2586689591 0.1831387281
v 200.5590057 1.815320015 368.7200012
vn -0.948446393 0.2586689591 0.1831387281
v 200.552002 1.783059955 368.723999
vn -0.9552399516 0.2303841114 0.1855795979
v 200.5780029 1.85006988 368.7640076
vn -0.9411271811 0.2857449055 0.1806362718
v 200.4850006 1.876330018 368.9119873
vn -0.1292428374 -0.314635694 0.9403726459
v 200.4640045 1.923810124 368.9249878
vn -0.1188857406 -0.3287702799 0.9368971586
v 200.3990021 1.881829858 368.9020081
vn -0.1188857406 -0.3287702799 0.9368971586
v 200.3939972 1.923499942 368.9169922
vn -0.1048756167 -0.3476426005 0.9317433834
v 200.6269989 1.824149966 368.8280029
vn -0.05761971697 -0.7535498738 0.6548606753
v 200.5890045 1.783360004 368.7780151
vn -0.05210235342 -0.7539697289 0.6548396945
v 200.621994 1.761970162 368.756012
vn -0.05761971697 -0.7535498738 0.6548606753
v 200.6609955 1.803050041 368.8070068
vn -0.06298351288 -0.7531195283 0.6548618674
v 200.6609955 1.803050041 368.8070068
vn -0.05242198333 -0.7528377175 0.6561153531
v 200.6499939 1.854349971 368.8649902
vn -0.05242198333 -0.7528377175 0.6561153531
v 200.6920013 1.838800073 368.8500061
vn -0.04404980317 -0.7523583174 0.6572796702
v 200.628006 1.869400024 368.8619995
vn -0.851868093 -0.1919578016 0.4873120189
v 200.6040039 1.899760008 368.8320007
vn -0.851868093 -0.1919578016 0.4873120189
v 200.6069946 1.854969978 368.8330078
vn -0.7995227575 -0.03991065174 0.5993083715
v 200.6190033 1.882870078 368.8649902
vn -0.8199534416 -0.5664074421 0.08281882107
v 200.628006 1.869400024 368.8619995
vn -0.6560183764 -0.7128475308 0.2479683608
v 200.6399994 1.872970104 368.9039917
vn -0.6560183764 -0.7128475308 0.2479683608
v 200.6499939 1.854349971 368.8649902
vn -0.5707949996 -0.7882113457 0.2300347239
v 200.5890045 1.783360004 368.7780151
vn -0.7665196657 -0.3668601811 0.5271254778
v 200.552002 1.783059955 368.723999
vn -0.7665196657 -0.3668601811 0.5271254778
v 200.5679932 1.760579944 368.7349854
vn -0.7873373032 -0.2956838012 0.5409907699
v 200.5709991 1.817530155 368.7789917
vn -0.7511786222 -0.4105935693 0.5168593526
v 200.401001 1.923489928 369.0759888
vn -0.3092829883 0.361956507 -0.8793926835
v 200.3589935 1.955659986 369.1040039
vn -0.3092829883 0.361956507 -0.8793926835
v 200.4129944 1.9654001 369.0899963
vn -0.295737505 0.3778703809 -0.8773558736
v 200.3439941 1.923419833 369.0969849
vn -0.3250078559 0.3430742025 -0.8812888265
v 200.6069946 1.854969978 368.8330078
vn -0.9177863598 0.1255293638 0.3767101765
v 200.5780029 1.85006988 368.7640076
vn -0.9177863598 0.1255293638 0.3767101765
v 200.5709991 1.817530155 368.7789917
vn -0.8735871315 0.345743835 0.3425007761
v 200.6040039 1.899760008 368.8320007
vn -0.9193099737 -0.05261525512 0.3900010884
v 200.6269989 1.824149966 368.8280029
vn -0.5195091963 -0.505828619 0.6886563301
v 200.628006 1.869400024 368.8619995
vn -0.5195091963 -0.505828619 0.6886563301
v 200.6069946 1.854969978 368.8330078
vn -0.5778019428 -0.4819922447 0.6586564779
v 200.6499939 1.854349971 368.8649902
vn -0.4582651556 -0.5273407698 0.7154752016
v 200.5709991 1.817530155 368.7789917
vn -0.5756013393 -0.402172029 0.7119977474
v 200.6269989 1.824149966 368.8280029
vn -0.5756013393 -0.402172029 0.7119977474
v 200.6069946 1.854969978 368.8330078
vn -0.5496199727 -0.4690075815 0.6913391352
v 200.5890045 1.783360004 368.7780151
vn -0.5975894332 -0.3357005119 0.7281428576
v 200.4680023 1.923759937 369.0650024
vn -0.1804736853 0.3198765814 -0.9301119447
v 200.4129944 1.9654001 369.0899963
vn -0.1804736853 0.3198765814 -0.9301119447
v 200.4960022 1.974249959 369.0750122
vn -0.2001633048 0.2961575985 -0.9339300394
v 200.401001 1.923489928 369.0759888
vn -0.1528173387 0.3523314893 -0.923314333
v 200.4680023 1.923759937 369.0650024
vn -0.1732572615 -0.3261772096 -0.9292955995
v 200.4129944 1.881770015 369.0899963
vn -0.1732572615 -0.3261772096 -0.9292955995
v 200.401001 1.923489928 369.0759888
vn -0.1499973983 -0.3531720042 -0.9234556556
v 200.4960022 1.875810027 369.0750122
vn -0.1903549135 -0.3058904111 -0.9328430295
v 201.8569946 1.95193994 369.0679932
vn 0.9552880526 0.1238893494 0.2684700191
v 201.8569946 1.92595005 369.0799866
vn 0.9552880526 0.1238893494 0.2684700191
v 201.8820038 1.92595005 368.9909973
vn 0.9552880526 0.1238893494 0.2684700191
v 201.8560028 1.92595005 368.9020081
vn 0.9519280791 0.1283495575 -0.2781353593
v 201.8560028 1.95193994 368.9140015
vn 0.9519280791 0.1283495575 -0.2781353593
v 201.8820038 1.92595005 368.9909973
vn 0.9519280791 0.1283495575 -0.2781353593
v 201.8569946 1.92595005 369.0799866
vn 0.9552881122 -0.1238887832 0.2684700489
v 201.8569946 1.89996016 369.0679932
vn 0.9552881122 -0.1238887832 0.2684700489
v 201.8820038 1.92595005 368.9909973
vn 0.9552881122 -0.1238887832 0.2684700489
v 201.8560028 1.89996016 368.9140015
vn 0.9519281983 -0.1283489913 -0.2781353891
v 201.8560028 1.92595005 368.9020081
vn 0.9519281983 -0.1283489913 -0.2781353891
v 201.8820038 1.92595005 368.9909973
vn 0.9519281983 -0.1283489913 -0.2781353891
v 201.8560028 1.95193994 368.9140015
vn 0.9198850393 0.3397180438 -0.1959673762
v 201.8560028 1.970970035 368.946991
vn 0.9198850393 0.3397180438 -0.1959673762
v 201.8820038 1.92595005 368.9909973
vn 0.9198850393 0.3397180438 -0.1959673762
v 201.8569946 1.970970035 369.0350037
vn 0.9252253771 0.328656286 0.189586401
v 201.8569946 1.95193994 369.0679932
vn 0.9252253771 0.328656286 0.189586401
v 201.8820038 1.92595005 368.9909973
vn 0.9252253771 0.328656286 0.189586401
v 201.8569946 1.89996016 369.0679932
vn 0.9252256155 -0.3286558092 0.189586103
v 201.8569946 1.880929947 369.0350037
vn 0.9252256155 -0.3286558092 0.189586103
v 201.8820038 1.92595005 368.9909973
vn 0.9252256155 -0.3286558092 0.189586103
v 201.8560028 1.880929947 368.946991
vn 0.9198852777 -0.3397175372 -0.1959670931
v 201.8560028 1.89996016 368.9140015
vn 0.9198852777 -0.3397175372 -0.1959670931
v 201.8820038 1.92595005 368.9909973
vn 0.9198852777 -0.3397175372 -0.1959670931
v 201.8569946 1.977939963 368.9909973
vn 0.8990410566 0.4324734509 0.06849714369
v 201.8569946 1.970970035 369.0350037
vn 0.8990410566 0.4324734509 0.06849714369
v 201.8820038 1.92595005 368.9909973
vn 0.8990410566 0.4324734509 0.06849714369
v 200.8390045 1.936239958 368.9660034
vn -0.9884892106 0.05242037028 -0.1419198066
v 200.8390045 1.922690153 368.9609985
vn -0.9884892106 0.05242037028 -0.1419198066
v 200.8339996 1.923079967 368.9960022
vn -0.9884892106 0.05242037028 -0.1419198066
v 200.8399963 1.909860015 369.026001
vn -0.9836319685 -0.06371362507 0.1685488224
v 200.8399963 1.923099995 369.0310059
vn -0.9836319685 -0.06371362507 0.1685488224
v 200.8339996 1.923079967 368.9960022
vn -0.9836319685 -0.06371362507 0.1685488224
v 200.8399963 1.936400056 369.026001
vn -0.981157124 0.138639614 0.1345727146
v 200.8390045 1.941999912 369.0130005
vn -0.981157124 0.138639614 0.1345727146
v 200.8339996 1.923079967 368.9960022
vn -0.981157124 0.138639614 0.1345727146
v 200.8390045 1.90357995 368.9960022
vn -0.9685503244 -0.2485885471 0.01067630947
v 200.8390045 1.904309869 369.0130005
vn -0.9685503244 -0.2485885471 0.01067630947
v 200.8339996 1.923079967 368.9960022
vn -0.9685503244 -0.2485885471 0.01067630947
v 200.8390045 1.904279947 368.9790039
vn -0.9685547948 -0.2485896945 -0.01023703068
v 200.8390045 1.90357995 368.9960022
vn -0.9685547948 -0.2485896945 -0.01023703068
v 200.8339996 1.923079967 368.9960022
vn -0.9685547948 -0.2485896945 -0.01023703068
v 200.8390045 1.942800045 368.9960022
vn -0.96920228 0.2459799498 -0.01186669711
v 200.8390045 1.941979885 368.9790039
vn -0.96920228 0.2459799498 -0.01186669711
v 200.8339996 1.923079967 368.9960022
vn -0.96920228 0.2459799498 -0.01186669711
v 200.8390045 1.941999912 369.0130005
vn -0.9692055583 0.2459807843 0.01157692634
v 200.8390045 1.942800045 368.9960022
vn -0.9692055583 0.2459807843 0.01157692634
v 200.8339996 1.923079967 368.9960022
vn -0.9692055583 0.2459807843 0.01157692634
v 200.8619995 1.92208004 368.9049988
vn -0.9169569016 0.1279300302 -0.3779205382
v 200.8390045 1.922690153 368.9609985
vn -0.9173494577 0.1305168122 -0.3760788441
v 200.8619995 1.957509875 368.9169922
vn -0.9173494577 0.1305168122 -0.3760788441
v 200.8390045 1.936239958 368.9660034
vn -0.9183149934 0.1371565908 -0.3713296354
v 200.8630066 1.888520002 369.0750122
vn -0.9173950553 -0.1331969351 0.3750264645
v 200.8399963 1.923099995 369.0310059
vn -0.9173950553 -0.1331969351 0.3750264645
v 200.8399963 1.909860015 369.026001
vn -0.9183428288 -0.1399470866 0.3702178001
v 200.8630066 1.92313993 369.0870056
vn -0.9170088172 -0.1305663884 0.3768915534
v 201.8569946 1.92595005 369.0799866
vn 0.7144770026 0.2889311016 0.6372138262
v 201.8139954 1.966119885 369.1099854
vn 0.7144770026 0.2889311016 0.6372138262
v 201.8139954 1.92595005 369.1279907
vn 0.7136394382 0.286524564 0.6392358541
v 201.8569946 1.95193994 369.0679932
vn 0.7157464027 0.2926148474 0.6341006756
v 201.8119965 1.966119885 368.8729858
vn 0.7015016675 0.3021837175 -0.6454303861
v 201.8560028 1.92595005 368.9020081
vn 0.7015016675 0.3021837175 -0.6454303861
v 201.8119965 1.92595005 368.8540039
vn 0.7022038698 0.3041857481 -0.6437240839
v 201.8560028 1.95193994 368.9140015
vn 0.7003986835 0.2990639806 -0.6480759382
v 201.8569946 1.92595005 369.0799866
vn 0.7144771218 -0.2889301777 0.6372141242
v 201.8139954 1.885779977 369.1099854
vn 0.7144771218 -0.2889301777 0.6372141242
v 201.8569946 1.89996016 369.0679932
vn 0.7157464623 -0.2926137149 0.6341010928
v 201.8139954 1.92595005 369.1279907
vn 0.713639617 -0.2865237892 0.6392359734
v 201.8119965 1.92595005 368.8540039
vn 0.7022041082 -0.3041849434 -0.6437242627
v 201.8560028 1.92595005 368.9020081
vn 0.7015018463 -0.3021827638 -0.6454306841
v 201.8119965 1.885779977 368.8729858
vn 0.7015018463 -0.3021827638 -0.6454306841
v 201.8560028 1.89996016 368.9140015
vn 0.7003987432 -0.2990628183 -0.6480764151
v 200.8390045 1.941979885 368.9790039
vn -0.9147828221 0.3695297539 -0.1631567925
v 200.8619995 1.972520113 368.9509888
vn -0.8628483415 0.4623987377 -0.2041572928
v 200.8390045 1.936239958 368.9660034
vn -0.8833050132 0.4288581908 -0.1893487275
v 200.8339996 1.923079967 368.9960022
vn -0.9792025089 0.1855994612 -0.08194688708
v 200.8619995 1.957509875 368.9169922
vn -0.8628483415 0.4623992145 -0.2041561604
v 200.8630066 1.874029994 369.0409851
vn -0.8585692644 -0.4446081817 0.2553084493
v 200.8399963 1.909860015 369.026001
vn -0.8585692644 -0.4446081817 0.2553084493
v 200.8390045 1.904309869 369.0130005
vn -0.8585692644 -0.4446081817 0.2553084493
v 200.8630066 1.972569942 369.0409851
vn -0.8618823886 0.4589465261 0.2157007903
v 200.8399963 1.936400056 369.026001
vn -0.8618823886 0.4589465261 0.2157007903
v 200.8630066 1.957930088 369.0750122
vn -0.8621026874 0.4654792547 0.2002698928
v 200.8390045 1.941999912 369.0130005
vn -0.8601657748 0.4412816465 0.2557055652
v 200.8630066 1.92313993 369.0870056
vn -0.7393907309 0.2194309533 0.6365150809
v 200.9080048 1.923159957 369.1099854
vn -0.4348830581 0.2934822142 0.8513195515
v 200.8630066 1.957930088 369.0750122
vn -0.7783604264 0.2065300047 0.5928747058
v 200.8399963 1.923099995 369.0310059
vn -0.9295563698 0.1233411655 0.3474362195
v 200.8399963 1.936400056 369.026001
vn -0.9478009939 0.1123015285 0.2984319925
v 200.8339996 1.923079967 368.9960022
vn -0.9836637378 0.06340048462 0.1684815288
v 200.9089966 1.921830058 368.881012
vn -0.4516093731 -0.2741705775 -0.8490462303
v 200.9069977 1.878720164 368.8959961
vn -0.4516093731 -0.2741705775 -0.8490462303
v 200.8619995 1.887820005 368.9169922
vn -0.4516093731 -0.2741705775 -0.8490462303
v 200.8390045 1.922690153 368.9609985
vn -0.9312860966 -0.1234613955 -0.3427294791
v 200.8619995 1.92208004 368.9049988
vn -0.9175306559 -0.1313922256 -0.3753313422
v 200.8390045 1.909590125 368.9660034
vn -0.9512834549 -0.1100359708 -0.2880136073
v 200.8339996 1.923079967 368.9960022
vn -0.988583684 -0.0537738502 -0.1407503337
v 200.8630066 1.874029994 369.0409851
vn -0.7949030995 -0.6061845422 0.02587348782
v 200.8390045 1.904309869 369.0130005
vn -0.7949030995 -0.6061845422 0.02587348782
v 200.8630066 1.872110009 368.9960022
vn -0.7949030995 -0.6061845422 0.02587348782
v 200.8630066 1.974650145 368.9960022
vn -0.8033033013 0.5954826474 -0.01020597946
v 200.8619995 1.972520113 368.9509888
vn -0.8033033013 0.5954826474 -0.01020597946
v 200.8390045 1.941979885 368.9790039
vn -0.8033033013 0.5954826474 -0.01020597946
v 200.8630066 1.974650145 368.9960022
vn -0.7982823253 0.6015837789 -0.02902192995
v 200.8390045 1.941979885 368.9790039
vn -0.7982823253 0.6015837789 -0.02902192995
v 200.8390045 1.942800045 368.9960022
vn -0.7982823253 0.6015837789 -0.02902192995
v 201.8560028 1.95193994 368.9140015
vn 0.6073312759 0.6829305291 -0.4058997929
v 201.8130035 1.995530009 368.9230042
vn 0.6073312759 0.6829305291 -0.4058997929
v 201.8560028 1.970970035 368.946991
vn 0.6118285656 0.6851652265 -0.3952396512
v 201.8119965 1.966119885 368.8729858
vn 0.6043481231 0.681419611 -0.4128324687
v 201.8139954 1.966119885 369.1099854
vn 0.6103366613 0.6879754663 0.3926562071
v 201.8569946 1.95193994 369.0679932
vn 0.6097435951 0.6876500249 0.3941448927
v 201.8130035 1.995530009 369.0599976
vn 0.6097435951 0.6876500249 0.3941448927
v 201.8569946 1.970970035 369.0350037
vn 0.608846128 0.6871557236 0.3963879049
v 201.8130035 1.856370091 369.0599976
vn 0.6097435951 -0.6876500249 0.3941448927
v 201.8569946 1.89996016 369.0679932
vn 0.6097435951 -0.6876500249 0.3941448927
v 201.8139954 1.885779977 369.1099854
vn 0.6103366613 -0.6879754663 0.3926562071
v 201.8569946 1.880929947 369.0350037
vn 0.608846128 -0.6871557236 0.3963879049
v 201.8560028 1.89996016 368.9140015
vn 0.6073312759 -0.6829305291 -0.4058997929
v 201.8560028 1.880929947 368.946991
vn 0.6118285656 -0.6851652265 -0.3952396512
v 201.8130035 1.856370091 368.9230042
vn 0.6073312759 -0.6829305291 -0.4058997929
v 201.8119965 1.885779977 368.8729858
vn 0.6043481231 -0.681419611 -0.4128324687
v 200.8630066 1.874029994 369.0409851
vn -0.621924758 -0.7204726338 0.3068041205
v 200.9089966 1.861369967 369.052002
vn -0.3279287815 -0.8691766858 0.3701278567
v 200.8630066 1.888520002 369.0750122
vn -0.621924758 -0.7204726338 0.3068041205
v 200.8399963 1.909860015 369.026001
vn -0.8603284359 -0.4689881504 0.199712649
v 200.8390045 1.904309869 369.0130005
vn -0.9810060859 -0.1397654563 0.1345091611
v 200.8339996 1.923079967 368.9960022
vn -0.9810060859 -0.1397654563 0.1345091611
v 200.9080048 1.861269951 368.9389954
vn -0.3387613595 -0.8745543957 -0.3469802737
v 200.8619995 1.887820005 368.9169922
vn -0.3387613595 -0.8745543957 -0.3469802737
v 200.9069977 1.878720164 368.8959961
vn -0.3387613595 -0.8745543957 -0.3469802737
v 200.8619995 1.873950005 368.9509888
vn -0.8595229983 -0.4732065201 -0.193121165
v 200.8390045 1.909590125 368.9660034
vn -0.880418241 -0.4390400052 -0.1791858524
v 200.8390045 1.904279947 368.9790039
vn -0.9126112461 -0.3784748018 -0.1545883119
v 200.8339996 1.923079967 368.9960022
vn -0.9786515832 -0.1902668625 -0.07771462947
v 200.8619995 1.873950005 368.9509888
vn -0.550716579 -0.8344079256 -0.02178663388
v 200.9069977 1.858960032 368.9960022
vn -0.2862480879 -0.9575960636 -0.03273906559
v 200.8630066 1.872110009 368.9960022
vn -0.5931200981 -0.8048010468 -0.02244727686
v 200.8390045 1.904279947 368.9790039
vn -0.7984725237 -0.6019178033 -0.01168716047
v 200.8390045 1.90357995 368.9960022
vn -0.7948795557 -0.6062533855 -0.02496577613
v 200.8630066 1.972569942 369.0409851
vn -0.5473356843 0.836019814 0.03865891695
v 200.9080048 1.987959862 368.9960022
vn -0.2833625078 0.9579892159 0.04429897666
v 200.8630066 1.974650145 368.9960022
vn -0.5906689763 0.8060491085 0.03735006228
v 200.8390045 1.941999912 369.0130005
vn -0.7983988523 0.6014799476 0.02794912271
v 200.8390045 1.942800045 368.9960022
vn -0.7982985377 0.6015959978 0.02831372619
v 200.8630066 1.888520002 369.0750122
vn -0.4395766556 -0.2879577577 0.8507953286
v 200.9080048 1.923159957 369.1099854
vn -0.4395766556 -0.2879577577 0.8507953286
v 200.8630066 1.92313993 369.0870056
vn -0.4344878495 -0.2948307395 0.8510553241
v 200.9069977 1.879609942 369.0950012
vn -0.4436692894 -0.2823830247 0.8505395055
v 200.9080048 1.923159957 369.1099854
vn -0.4440284967 0.2811005712 0.8507767916
v 200.9069977 1.966920018 369.0950012
vn -0.4440284967 0.2811005712 0.8507767916
v 200.8630066 1.957930088 369.0750122
vn -0.4440284967 0.2811005712 0.8507767916
v 200.8619995 1.957509875 368.9169922
vn -0.4429757297 0.2765206397 -0.8528240323
v 200.9089966 1.921830058 368.881012
vn -0.4429757297 0.2765206397 -0.8528240323
v 200.8619995 1.92208004 368.9049988
vn -0.4340021312 0.2888663113 -0.8533453941
v 200.9069977 1.966400027 368.8959961
vn -0.4502737224 0.2663255632 -0.8522465825
v 200.8619995 1.92208004 368.9049988
vn -0.4352774918 -0.2974662185 -0.8497337103
v 200.9089966 1.921830058 368.881012
vn -0.4352774918 -0.2974662185 -0.8497337103
v 200.8619995 1.887820005 368.9169922
vn -0.4352774918 -0.2974662185 -0.8497337103
v 201.7380066 1.92595005 369.1549988
vn 0.3056874573 0.3933609426 0.8670769334
v 201.8139954 1.966119885 369.1099854
vn 0.3056874573 0.3933609426 0.8670769334
v 201.7380066 1.973970056 369.1329956
vn 0.3033241332 0.3969356716 0.8662773967
v 201.8139954 1.92595005 369.1279907
vn 0.3085106015 0.3890692592 0.8680128455
v 201.8139954 1.885779977 369.1099854
vn 0.3056871891 -0.3933605254 0.8670771718
v 201.7380066 1.92595005 369.1549988
vn 0.3056871891 -0.3933605254 0.8670771718
v 201.7380066 1.877929926 369.1329956
vn 0.3033235669 -0.3969357312 0.8662775755
v 201.8139954 1.92595005 369.1279907
vn 0.3085107207 -0.3890682757 0.8680132627
v 201.7369995 1.92595005 368.8280029
vn 0.3032111824 -0.4016069174 -0.8641613722
v 201.8119965 1.885779977 368.8729858
vn 0.3032111824 -0.4016069174 -0.8641613722
v 201.7369995 1.877929926 368.8500061
vn 0.3066402972 -0.3964932859 -0.8653119802
v 201.8119965 1.92595005 368.8540039
vn 0.2991085947 -0.4076811373 -0.8627457023
v 201.8130035 1.995530009 368.9230042
vn 0.1986474544 0.9681207538 -0.1525822729
v 201.7369995 2.022000074 368.9920044
vn 0.1986474544 0.9681207538 -0.1525822729
v 201.8130035 2.006299973 368.9909973
vn 0.1979562491 0.9681408405 -0.1533513218
v 201.7369995 2.009130001 368.9100037
vn 0.1992203742 0.9681033492 -0.1519445181
v 201.8130035 2.006299973 368.9909973
vn 0.54201895 0.8292640448 -0.136149168
v 201.8560028 1.970970035 368.946991
vn 0.54201895 0.8292640448 -0.136149168
v 201.8569946 1.977939963 368.9909973
vn 0.5362058878 0.8317444921 -0.1438206136
v 201.8569946 1.977939963 368.9909973
vn 0.8976120949 0.4317860901 -0.08861877769
v 201.8820038 1.92595005 368.9909973
vn 0.8976120949 0.4317860901 -0.08861877769
v 201.8119965 1.966119885 368.8729858
vn 0.2364740819 0.8370245099 -0.4934267998
v 201.7369995 2.009130001 368.9100037
vn 0.2364740819 0.8370245099 -0.4934267998
v 201.8130035 1.995530009 368.9230042
vn 0.2344604582 0.8359301686 -0.4962348938
v 201.7369995 1.973970056 368.8500061
vn 0.2381711304 0.8379395008 -0.4910517931
v 201.8119965 1.966119885 368.8729858
vn 0.3032114208 0.4016073346 -0.8641610742
v 201.7369995 1.92595005 368.8280029
vn 0.3032114208 0.4016073346 -0.8641610742
v 201.8119965 1.92595005 368.8540039
vn 0.2991084456 0.4076821506 -0.862745285
v 200.9069977 1.879609942 369.0950012
vn -0.3375977874 -0.8720902801 0.3542404473
v 200.8630066 1.888520002 369.0750122
vn -0.3375977874 -0.8720902801 0.3542404473
v 200.9089966 1.861369967 369.052002
vn -0.3375977874 -0.8720902801 0.3542404473
v 200.9089966 1.985349894 369.053009
vn -0.3401855826 0.8655385971 0.367582202
v 200.8630066 1.957930088 369.0750122
vn -0.3401855826 0.8655385971 0.367582202
v 200.9069977 1.966920018 369.0950012
vn -0.3423707485 0.8662382364 0.3638867438
v 200.8630066 1.972569942 369.0409851
vn -0.3375465572 0.8646746874 0.3720215559
v 200.8619995 1.957509875 368.9169922
vn -0.3370428085 0.8648649454 -0.3720359802
v 200.9089966 1.985290051 368.9389954
vn -0.3370428085 0.8648649454 -0.3720359802
v 200.9069977 1.966400027 368.8959961
vn -0.3413241208 0.8663051724 -0.3647097349
v 200.8619995 1.972520113 368.9509888
vn -0.3317314386 0.8630016446 -0.3810281157
v 200.8619995 1.887820005 368.9169922
vn -0.3334386051 -0.8729183674 -0.3561351597
v 200.9080048 1.861269951 368.9389954
vn -0.3334386051 -0.8729183674 -0.3561351597
v 200.8619995 1.873950005 368.9509888
vn -0.3334386051 -0.8729183674 -0.3561351597
v 201.7380066 1.973970056 369.1329956
vn 0.2354220003 0.8385176063 0.4913905561
v 201.8139954 1.966119885 369.1099854
vn 0.2361379862 0.8389101624 0.4903760254
v 201.7380066 2.009130001 369.072998
vn 0.2361379862 0.8389101624 0.4903760254
v 201.8130035 1.995530009 369.0599976
vn 0.2370060831 0.8393844366 0.489144057
v 200.8630066 1.872110009 368.9960022
vn -0.286162436 -0.9573094845 0.0408603996
v 200.9069977 1.858960032 368.9960022
vn -0.2806939483 -0.9586623907 0.04666158184
v 200.8630066 1.874029994 369.0409851
vn -0.2806939483 -0.9586623907 0.04666158184
v 200.9089966 1.861369967 369.052002
vn -0.2764328122 -0.959670186 0.05116638169
v 200.8390045 1.90357995 368.9960022
vn -0.7948578596 -0.6062368155 0.02603648417
v 200.8390045 1.904309869 369.0130005
vn -0.7948578596 -0.6062368155 0.02603648417
v 201.7380066 1.8427701 369.072998
vn 0.2361374497 -0.8389098644 0.4903767705
v 201.8139954 1.885779977 369.1099854
vn 0.2361374497 -0.8389098644 0.4903767705
v 201.7380066 1.877929926 369.1329956
vn 0.2354210317 -0.8385170698 0.491391927
v 201.8130035 1.856370091 369.0599976
vn 0.2370060831 -0.8393844366 0.489144057
v 201.8119965 1.885779977 368.8729858
vn 0.2364735603 -0.8370242119 -0.4934275448
v 201.7369995 1.8427701 368.9100037
vn 0.2364735603 -0.8370242119 -0.4934275448
v 201.7369995 1.877929926 368.8500061
vn 0.2381701618 -0.837939024 -0.4910531342
v 201.8130035 1.856370091 368.9230042
vn 0.2344604582 -0.8359301686 -0.4962348938
v 200.9069977 1.858960032 368.9960022
vn -0.2760508358 -0.9601453543 -0.04378181323
v 200.8619995 1.873950005 368.9509888
vn -0.2760508358 -0.9601453543 -0.04378181323
v 200.9080048 1.861269951 368.9389954
vn -0.2760508358 -0.9601453543 -0.04378181323
v 200.8619995 1.972520113 368.9509888
vn -0.2779057026 0.9595488906 -0.04510435089
v 200.9080048 1.987959862 368.9960022
vn -0.2779057026 0.9595488906 -0.04510435089
v 200.9089966 1.985290051 368.9389954
vn -0.273691088 0.9605302215 -0.04974844679
v 200.8630066 1.974650145 368.9960022
vn -0.2834251523 0.9582009912 -0.03900095075
v 200.9080048 1.987959862 368.9960022
vn -0.2792389691 0.9589826465 0.04876378924
v 200.8630066 1.972569942 369.0409851
vn -0.2792389691 0.9589826465 0.04876378924
v 200.9089966 1.985349894 369.053009
vn -0.2792389691 0.9589826465 0.04876378924
v 201.7369995 2.022000074 368.9920044
vn -0.01325678639 0.9893782139 0.144758597
v 201.6820068 2.020230055 368.9920044
vn -0.0318935886 0.9909008145 0.1307606399
v 201.6820068 2.010730028 369.0639954
vn -0.01325678639 0.9893782139 0.144758597
v 201.7380066 2.009130001 369.072998
vn 0.002994935028 0.9876105189 0.1568962932
v 201.7369995 2.022000074 368.9920044
vn 0.2017926723 0.9676933289 0.1511600465
v 201.8130035 1.995530009 369.0599976
vn 0.2017926723 0.9676933289 0.1511600465
v 201.8130035 2.006299973 368.9909973
vn 0.201896444 0.967689991 0.1510427296
v 201.8130035 2.006299973 368.9909973
vn 0.538015008 0.8327370882 0.1307239383
v 201.8569946 1.970970035 369.0350037
vn 0.538015008 0.8327370882 0.1307239383
v 201.8569946 1.977939963 368.9909973
vn 0.5371009707 0.833132863 0.1319554299
v 201.7369995 1.82991004 368.9920044
vn -0.05736127123 -0.9879626632 -0.143664211
v 201.6150055 1.849210024 368.9079895
vn -0.05736127123 -0.9879626632 -0.143664211
v 201.7369995 1.8427701 368.9100037
vn -0.04953350872 -0.9867122173 -0.1547432542
v 201.6049957 1.838510036 368.9920044
vn -0.06442876905 -0.988935411 -0.1336252689
v 201.8130035 1.856370091 368.9230042
vn 0.1986407936 -0.9681420922 -0.1524555981
v 201.7369995 1.82991004 368.9920044
vn 0.1986407936 -0.9681420922 -0.1524555981
v 201.8130035 1.845610023 368.9909973
vn 0.197960943 -0.9681619406 -0.1532120705
v 201.8560028 1.880929947 368.946991
vn 0.542001009 -0.8292992115 -0.1360062957
v 201.8130035 1.845610023 368.9909973
vn 0.542001009 -0.8292992115 -0.1360062957
v 201.8569946 1.873970032 368.9909973
vn 0.5362204909 -0.8317670822 -0.1436352581
v 201.8569946 1.873970032 368.9909973
vn 0.8975870013 -0.431856215 -0.08853105456
v 201.8820038 1.92595005 368.9909973
vn 0.8975870013 -0.431856215 -0.08853105456
v 201.7369995 1.82991004 368.9920044
vn -0.05622440577 -0.9879360795 0.1442953646
v 201.6159973 1.849210024 369.0769958
vn -0.05622440577 -0.9879360795 0.1442953646
v 201.6049957 1.838510036 368.9920044
vn -0.06443549693 -0.9890386462 0.1328556389
v 201.7380066 1.8427701 369.072998
vn -0.04691685364 -0.9864502549 0.1572091132
v 201.7369995 1.82991004 368.9920044
vn 0.2017843425 -0.9677147865 0.1510335058
v 201.8130035 1.856370091 369.0599976
vn 0.2017843425 -0.9677147865 0.1510335058
v 201.8130035 1.845610023 368.9909973
vn 0.2018975019 -0.9677111506 0.1509056091
v 201.8130035 1.845610023 368.9909973
vn 0.5379956365 -0.8327719569 0.1305818111
v 201.8569946 1.880929947 369.0350037
vn 0.5379956365 -0.8327719569 0.1305818111
v 201.8569946 1.873970032 368.9909973
vn 0.5371143818 -0.8331536651 0.1317691505
v 201.8569946 1.873970032 368.9909973
vn 0.8990142941 -0.4325429201 0.06840971857
v 201.8820038 1.92595005 368.9909973
vn 0.8990142941 -0.4325429201 0.06840971857
v 201.7369995 1.92595005 368.8280029
vn -0.05286265537 -0.4159784615 -0.9078366756
v 201.7369995 1.877929926 368.8500061
vn -0.05006891116 -0.4117585421 -0.9099164605
v 201.6519928 1.925830007 368.8330078
vn -0.05006891116 -0.4117585421 -0.9099164605
v 201.6329956 1.874529958 368.8569946
vn -0.04789546877 -0.4084686339 -0.9115148783
v 201.7380066 1.877929926 369.1329956
vn -0.03072251938 -0.4153747857 0.9091314077
v 201.6529999 1.925830007 369.1520081
vn -0.03072251938 -0.4153747857 0.9091314077
v 201.6340027 1.874529958 369.1279907
vn -0.03021228872 -0.4146139324 0.9094957709
v 201.7380066 1.92595005 369.1549988
vn -0.03138069063 -0.4163557589 0.9086600542
v 201.7380066 1.92595005 369.1549988
vn -0.06140984595 0.4585674107 0.8865352869
v 201.6719971 1.979000092 369.1229858
vn -0.06140984595 0.4585674107 0.8865352869
v 201.6529999 1.925830007 369.1520081
vn -0.03138709068 0.4874927104 0.8725627065
v 201.7380066 1.973970056 369.1329956
vn -0.1055238768 0.4142351449 0.9040320516
v 201.7369995 1.92595005 368.8280029
vn -0.09462539107 0.4758503735 -0.8744212389
v 201.6710052 1.979000092 368.8640137
vn -0.09462539107 0.4758503735 -0.8744212389
v 201.7369995 1.973970056 368.8500061
vn -0.1591578871 0.4112510681 -0.8975195289
v 201.6519928 1.925830007 368.8330078
vn -0.05104953423 0.5166527629 -0.8546717763
v 201.7369995 1.877929926 368.8500061
vn -0.005768299103 -0.86275208 -0.5055942535
v 201.7369995 1.8427701 368.9100037
vn -0.02237851545 -0.8763511181 -0.4811526835
v 201.6329956 1.874529958 368.8569946
vn -0.02237851545 -0.8763511181 -0.4811526835
v 201.6150055 1.849210024 368.9079895
vn -0.03942899033 -0.8893641233 -0.4554962218
v 201.7380066 1.8427701 369.072998
vn -0.01393637899 -0.8770625591 0.4801739454
v 201.6340027 1.874529958 369.1279907
vn -0.01393637899 -0.8770625591 0.4801739454
v 201.6159973 1.849210024 369.0769958
vn -0.03214897215 -0.8906400204 0.453571111
v 201.7380066 1.877929926 369.1329956
vn 0.003874818794 -0.8627600074 0.5055988431
v 200.9089966 1.921830058 368.881012
vn 0.01823809743 -0.3299096823 -0.9438363314
v 201.0339966 1.880110145 368.8980103
vn 0.01823809743 -0.3299096823 -0.9438363314
v 200.9069977 1.878720164 368.8959961
vn 0.01857483573 -0.3290240169 -0.9441388249
v 201.0370026 1.923099995 368.8829956
vn 0.01790320687 -0.3307901025 -0.9435344934
v 201.6719971 1.979000092 369.1229858
vn -0.02863980457 0.8723728061 0.4880014956
v 201.7380066 2.009130001 369.072998
vn -0.02863980457 0.8723728061 0.4880014956
v 201.6820068 2.010730028 369.0639954
vn -0.04977304861 0.8830906749 0.4665549397
v 201.7380066 1.973970056 369.1329956
vn -0.0109266201 0.8627157211 0.5055711865
v 201.5429993 1.974840045 368.881012
vn -0.1067276001 0.8866719604 -0.4499133527
v 201.6809998 2.010730028 368.9190063
vn -0.1067276001 0.8866719604 -0.4499133527
v 201.6710052 1.979000092 368.8640137
vn -0.09265612811 0.8696324825 -0.4849270284
v 201.5429993 1.996559978 368.9289856
vn -0.1224377528 0.9041284919 -0.4093417227
v 201.5330048 1.925200105 368.8619995
vn -0.09028337896 0.3592034876 -0.9288820028
v 201.4069977 1.968500137 368.8909912
vn -0.09028337896 0.3592034876 -0.9288820028
v 201.3999939 1.923349977 368.875
vn -0.0960444808 0.3455192745 -0.9334837198
v 201.5429993 1.974840045 368.881012
vn -0.07253948599 0.9085826278 -0.4113583267
v 201.5429993 1.996559978 368.9289856
vn -0.07186371088 0.907800436 -0.4131996334
v 201.4019928 1.988250136 368.9349976
vn -0.02228698507 0.9097050428 -0.4146565199
v 201.3999939 1.923349977 368.875
vn -0.0331225507 0.3343616426 -0.9418626428
v 201.2700043 1.966779947 368.894989
vn -0.0331225507 0.3343616426 -0.9418626428
v 201.2610016 1.9230901 368.8800049
vn -0.03457933292 0.3305897117 -0.9431408644
v 201.4069977 1.968500137 368.8909912
vn -0.02344971895 0.9110813141 -0.4115592241
v 201.2700043 1.966779947 368.894989
vn -0.01902752928 0.9095785618 -0.4150961637
v 201.2610016 1.985900044 368.9370117
vn -0.01475399639 0.9772328734 -0.2116560042
v 201.1499939 1.966210008 368.8970032
vn -0.00878293626 0.9084324837 -0.4179393947
v 201.2610016 1.9230901 368.8800049
vn -0.01663227379 0.3293406069 -0.9440646768
v 201.1499939 1.966210008 368.8970032
vn -0.01663227379 0.3293406069 -0.9440646768
v 201.1430054 1.923099995 368.8819885
vn -0.01583218947 0.3311554193 -0.9434434175
v 201.1439972 1.98506999 368.9379883
vn -0.006424572784 0.9765100479 -0.2153761387
v 201.0390015 1.966089964 368.8980103
vn -0.005070729181 0.9084436297 -0.417976588
v 201.1499939 1.966210008 368.8970032
vn -0.008921269327 0.3301850855 -0.9438740611
v 201.0370026 1.923099995 368.8829956
vn 0.006958862301 0.3258210421 -0.9454058409
v 200.9069977 1.966400027 368.8959961
vn 0.01334786881 0.3240849674 -0.9459338188
v 200.9089966 1.921830058 368.881012
vn 0.01151934918 0.3191095889 -0.94764781
v 200.9089966 1.985290051 368.9389954
vn 0.0056287935 0.9122843742 -0.4095186889
v 200.9069977 1.966400027 368.8959961
vn 0.008291893639 0.9153741598 -0.4025188088
v 201.0370026 1.984900117 368.9389954
vn -0.0003841255384 0.9829996228 -0.1836072654
v 201.1340027 1.987769961 368.9949951
vn -0.004123086575 0.9988334775 -0.04811103269
v 201.6710052 1.979000092 368.8640137
vn -0.04713621363 0.8652065396 -0.4991951287
v 201.7369995 2.009130001 368.9100037
vn -0.04713621363 0.8652065396 -0.4991951287
v 201.7369995 1.973970056 368.8500061
vn -0.04152229428 0.8620231152 -0.5051653385
v 201.6809998 2.010730028 368.9190063
vn -0.05420183018 0.8691209555 -0.4916206896
v 201.3880005 1.923349977 369.1119995
vn -0.01816593856 0.3294613957 0.9439942837
v 201.2400055 1.966779947 369.0939941
vn -0.01816593856 0.3294613957 0.9439942837
v 201.2400055 1.9230901 369.1090088
vn -0.0196783524 0.3249437213 0.9455286264
v 201.3880005 1.968500137 369.0960083
vn -0.01670670323 0.3338111341 0.942491889
v 201.5390015 1.996559978 369.0559998
vn -0.06100814417 0.9107264876 0.4084792137
v 201.5370026 1.974840045 369.1040039
vn -0.06070233136 0.9103478193 0.4093678594
v 201.3890076 1.988250136 369.052002
vn -0.06134028733 0.9111367464 0.4075133801
v 201.3890076 1.988250136 369.052002
vn -0.01671370305 0.9130427241 0.4075213969
v 201.2409973 1.985900044 369.0509949
vn -0.01726955362 0.9137496352 0.4059104919
v 201.2400055 1.966779947 369.0939941
vn -0.01671370305 0.9130427241 0.4075213969
v 201.3880005 1.968500137 369.0960083
vn -0.01617137529 0.912349999 0.4090915918
v 201.1289978 1.966210008 369.0929871
vn -0.009397733025 0.3269323111 0.9450010061
v 201.2400055 1.9230901 369.1090088
vn -0.009397733025 0.3269323111 0.9450010061
v 201.1289978 1.923099995 369.1080017
vn -0.008537424728 0.3288967311 0.9443272948
v 201.6809998 2.010730028 368.9190063
vn -0.01309421659 0.9896723628 -0.1427487582
v 201.7369995 2.022000074 368.9920044
vn -0.01309421659 0.9896723628 -0.1427487582
v 201.7369995 2.009130001 368.9100037
vn 0.003299765056 0.9879008532 -0.155051738
v 201.6820068 2.020230055 368.9920044
vn -0.03190287203 0.9911892414 -0.1285540611
v 201.6820068 2.010730028 369.0639954
vn -0.1012381613 0.894485414 0.4354844689
v 201.5370026 1.974840045 369.1040039
vn -0.1012381613 0.894485414 0.4354844689
v 201.6719971 1.979000092 369.1229858
vn -0.09184335917 0.883379221 0.4595714808
v 201.5390015 1.996559978 369.0559998
vn -0.1125605777 0.9070429802 0.405713141
v 201.3880005 1.968500137 369.0960083
vn -0.07401300222 0.358674854 0.9305237532
v 201.5299988 1.925200105 369.1239929
vn -0.07401300222 0.358674854 0.9305237532
v 201.3880005 1.923349977 369.1119995
vn -0.08367072046 0.3326870501 0.9393181205
v 201.6340027 1.874529958 369.1279907
vn -0.1862623096 -0.308725208 0.9327352643
v 201.5299988 1.925200105 369.1239929
vn -0.1862623096 -0.308725208 0.9327352643
v 201.5209961 1.875560045 369.1090088
vn -0.1623282135 -0.2580474317 0.9523975253
v 201.6529999 1.925830007 369.1520081
vn -0.2062176466 -0.3512182832 0.9133017063
v 201.6529999 1.925830007 369.1520081
vn -0.167502284 0.4584390819 0.8727981448
v 201.5370026 1.974840045 369.1040039
vn -0.167502284 0.4584390819 0.8727981448
v 201.5299988 1.925200105 369.1239929
vn -0.2063532025 0.3904058933 0.8972188234
v 201.6719971 1.979000092 369.1229858
vn -0.1350872815 0.5114723444 0.8486150503
v 201.5429993 1.974840045 368.881012
vn -0.170410946 0.4695478976 -0.8663052917
v 201.6710052 1.979000092 368.8640137
vn -0.1283564717 0.5334343314 -0.8360456824
v 201.6519928 1.925830007 368.8330078
vn -0.170410946 0.4695478976 -0.8663052917
v 201.5330048 1.925200105 368.8619995
vn -0.2201921195 0.3872387409 -0.8952997327
v 201.6519928 1.925830007 368.8330078
vn -0.2204716802 -0.3449554741 -0.9123584628
v 201.6329956 1.874529958 368.8569946
vn -0.1985235065 -0.2995862961 -0.9331861734
v 201.5330048 1.925200105 368.8619995
vn -0.1985235065 -0.2995862961 -0.9331861734
v 201.5209961 1.875560045 368.8770142
vn -0.1727192849 -0.2466496825 -0.9535890222
v 201.0330048 1.880110145 369.0929871
vn -0.0002230668324 -0.3292834461 0.9442310929
v 201.1289978 1.879979968 369.0929871
vn -0.0004455336311 -0.3288405538 0.9443853498
v 201.1289978 1.923099995 369.1080017
vn -0.0002230668324 -0.3292834461 0.9442310929
v 201.0330048 1.923099995 369.1080017
vn 0 -0.3297274113 0.9440761805
v 200.9080048 1.923159957 369.1099854
vn 0.01562032197 -0.3276484907 0.944670558
v 201.0330048 1.880110145 369.0929871
vn 0.01562032197 -0.3276484907 0.944670558
v 200.9069977 1.879609942 369.0950012
vn 0.01640333049 -0.3256433606 0.9453503489
v 200.9089966 1.861369967 369.052002
vn 0.004826257937 -0.9148724675 0.4037141502
v 200.9069977 1.879609942 369.0950012
vn 0.009900785051 -0.9203875661 0.3908819258
v 201.0330048 1.861299992 369.052002
vn -0.0004745050683 -0.9832505584 0.1822584718
v 201.128006 1.861119986 369.0509949
vn -0.004142462742 -0.9776273966 0.2103034258
v 201.2400055 1.860290051 369.0509949
vn -0.01060386188 -0.9868535995 0.1612685919
v 201.2400055 1.879400015 369.0939941
vn -0.01027708873 -0.3249894679 0.9456617832
v 201.128006 1.858429909 368.9949951
vn -0.003750159871 -0.9988542199 0.04770932719
v 201.0330048 1.858610034 368.9949951
vn -0.001606202568 -0.9989552498 0.04567068443
v 200.9089966 1.861369967 369.052002
vn -0.001496377983 -0.9989809394 0.04510963708
v 200.9069977 1.858960032 368.9960022
vn -0.002430705121 -0.9990686178 0.04308142141
v 201.2389984 1.857559919 368.993988
vn -0.009734297171 -0.9987995028 0.04800818488
v 201.3849945 1.855620146 368.993988
vn -0.01334017795 -0.9987635016 0.04789022356
v 201.3849945 1.858440042 369.053009
vn -0.01340689696 -0.9987707138 0.04772112891
v 201.2400055 1.9230901 369.1090088
vn -0.009441982955 -0.3268984854 0.9450122714
v 201.1289978 1.879979968 369.0929871
vn -0.009441982955 -0.3268984854 0.9450122714
v 201.1289978 1.923099995 369.1080017
vn -0.008596966043 -0.328828454 0.9443505406
v 201.3860016 1.878200173 369.0969849
vn -0.02029549144 -0.3197415769 0.9472873807
v 201.2400055 1.9230901 369.1090088
vn -0.02029549144 -0.3197415769 0.9472873807
v 201.3880005 1.923349977 369.1119995
vn -0.01862443052 -0.3147622347 0.9489878416
v 201.5140076 1.853839874 369.0599976
vn -0.05453518778 -0.9101427794 0.410689652
v 201.5209961 1.875560045 369.1090088
vn -0.05440704525 -0.9099943638 0.4110353887
v 201.3849945 1.858440042 369.053009
vn -0.01658689417 -0.9127773046 0.4081206918
v 201.2400055 1.879400015 369.0939941
vn -0.01658689417 -0.9127773046 0.4081206918
v 201.3860016 1.878200173 369.0969849
vn -0.01589614525 -0.9118959308 0.4101135433
v 201.5209961 1.875560045 369.1090088
vn -0.08344847709 -0.2918582261 0.9528143406
v 201.5299988 1.925200105 369.1239929
vn -0.07735057175 -0.275229156 0.9582618475
v 201.5119934 1.850739837 368.9930115
vn -0.03807682544 -0.9981450438 0.04750339687
v 201.5140076 1.853839874 369.0599976
vn -0.03815409914 -0.9981498718 0.04734043777
v 201.2400055 1.860290051 368.9370117
vn -0.01340609137 -0.978351295 -0.2065162808
v 201.2389984 1.857559919 368.993988
vn -0.01013604552 -0.9988046885 -0.04781658575
v 201.1289978 1.861119986 368.9379883
vn -0.006960395258 -0.977362752 -0.2114558816
v 201.1329956 1.879979968 368.8970032
vn -0.009484158829 -0.908596158 -0.417568028
v 201.3849945 1.855620146 368.993988
vn -0.0135021368 -0.9987797141 -0.04750507325
v 201.3849945 1.858440042 368.9339905
vn -0.0137226237 -0.9988031983 -0.04694590718
v 201.246994 1.879400015 368.894989
vn -0.01857701875 -0.9098120928 -0.4146043956
v 201.1430054 1.923099995 368.8819885
vn -0.01712958887 -0.3223314881 -0.9464718699
v 201.246994 1.879400015 368.894989
vn -0.01712958887 -0.3223314881 -0.9464718699
v 201.2610016 1.9230901 368.8800049
vn -0.01595315151 -0.3197940886 -0.947352767
v 201.3849945 1.858440042 368.9339905
vn -0.02113657631 -0.9099304676 -0.4142218828
v 201.5119934 1.850739837 368.9930115
vn -0.0386130698 -0.9981419444 -0.04713510349
v 201.5140076 1.853839874 368.9259949
vn -0.03852246702 -0.9981362224 -0.04732932523
v 201.3899994 1.878200173 368.8900146
vn -0.02196986601 -0.9109899998 -0.4118428528
v 201.2610016 1.9230901 368.8800049
vn -0.03464446962 -0.3113186955 -0.9496738315
v 201.3899994 1.878200173 368.8900146
vn -0.03464446962 -0.3113186955 -0.9496738315
v 201.3999939 1.923349977 368.875
vn -0.03365125507 -0.308665514 -0.9505751729
v 201.5209961 1.875560045 368.8770142
vn -0.09490662068 -0.2805549502 -0.9551343918
v 201.5330048 1.925200105 368.8619995
vn -0.09001163393 -0.2683287561 -0.9591129422
v 201.3899994 1.878200173 368.8900146
vn -0.1002595127 -0.2939154506 -0.9505586624
v 201.3899994 1.878200173 368.8900146
vn -0.0586640276 -0.9087939262 -0.4131006896
v 201.5140076 1.853839874 368.9259949
vn -0.0586640276 -0.9087939262 -0.4131006896
v 201.5209961 1.875560045 368.8770142
vn -0.05918614194 -0.9093925357 -0.4117064774
v 201.5209961 1.875560045 368.8770142
vn -0.1029878333 -0.8898738623 -0.4444299936
v 201.6329956 1.874529958 368.8569946
vn -0.09184924513 -0.8785991073 -0.4686441422
v 201.6150055 1.849210024 368.9079895
vn -0.1029878333 -0.8898738623 -0.4444299936
v 201.5140076 1.853839874 368.9259949
vn -0.1155727282 -0.9018107653 -0.4163895845
v 201.6340027 1.874529958 369.1279907
vn -0.0865283981 -0.8798054457 0.4673919082
v 201.5209961 1.875560045 369.1090088
vn -0.09767370671 -0.890943706 0.4434852004
v 201.6159973 1.849210024 369.0769958
vn -0.09767370671 -0.890943706 0.4434852004
v 201.5140076 1.853839874 369.0599976
vn -0.1102801487 -0.902749002 0.4157914519
v 201.0370026 1.923099995 368.8829956
vn -0.009489187971 -0.3279895186 -0.9446337223
v 201.1329956 1.879979968 368.8970032
vn -0.009489187971 -0.3279895186 -0.9446337223
v 201.0339966 1.880110145 368.8980103
vn -0.0100377975 -0.3290851712 -0.9442468882
v 201.1430054 1.923099995 368.8819885
vn -0.00897790771 -0.3269679546 -0.9449927807
v 200.9069977 1.878720164 368.8959961
vn 0.01610695757 -0.9263527393 -0.3763125837
v 200.9080048 1.861269951 368.9389954
vn 0.008341332898 -0.9180531502 -0.3963695765
v 201.0330048 1.861299992 368.9389954
vn -0.001701098052 -0.983047545 -0.1833430827
v 201.128006 1.858429909 368.9949951
vn -0.004397194367 -0.9988633394 -0.04746264964
v 201.0330048 1.858610034 368.9949951
vn -0.001571363537 -0.9989748597 -0.04524126276
v 200.9080048 1.861269951 368.9389954
vn -0.001450840617 -0.9990210533 -0.04421372712
v 200.9069977 1.858960032 368.9960022
vn -0.003099328838 -0.9991730452 -0.04054126889
v 201.1289978 1.98506999 369.0509949
vn -0.004140746314 0.9760910273 0.2173228264
v 201.0330048 1.984900117 369.052002
vn 0.002687266795 0.9787391424 0.2050913125
v 201.1289978 1.966210008 369.0929871
vn 0.0007928035338 0.9105601311 0.4133759141
v 201.0339966 1.987579942 368.9949951
vn 0.0003683430259 0.998881042 0.04729152471
v 200.9080048 1.987959862 368.9960022
vn 0.003690027632 0.9989185929 0.0463469997
v 200.9089966 1.985349894 369.053009
vn 0.00399595499 0.9989487529 0.04566577449
v 201.0330048 1.966089964 369.0929871
vn 0.006654000375 0.911295414 0.4116993845
v 200.9089966 1.985349894 369.053009
vn 0.009620461613 0.9122026563 0.4096263349
v 200.9069977 1.966920018 369.0950012
vn 0.01246149186 0.9153994322 0.4023537934
v 201.0339966 1.987579942 368.9949951
vn 0.001510969596 0.9988753796 -0.04738875106
v 200.9089966 1.985290051 368.9389954
vn 0.002841399051 0.9988819957 -0.04718781263
v 200.9080048 1.987959862 368.9960022
vn 0.002639486222 0.9989036918 -0.04673799872
v 201.246994 1.988630056 368.993988
vn -0.01139073446 0.9986684322 -0.05031510815
v 201.3930054 1.991079926 368.9930115
vn -0.03122858331 0.9980657697 -0.05375440046
v 201.4019928 1.988250136 368.9349976
vn -0.04620888829 0.9975043535 -0.05338381231
v 201.5399933 1.999660015 368.9930115
vn -0.05958917737 0.9967455864 -0.05428921431
v 201.5429993 1.996559978 368.9289856
vn -0.06092628092 0.9968320727 -0.05112557858
v 201.3890076 1.988250136 369.052002
vn -0.0564333424 0.9974351525 0.04402677715
v 201.3930054 1.991079926 368.9930115
vn -0.01644577086 0.9987688661 0.04680072889
v 201.1340027 1.987769961 368.9949951
vn -0.005641811527 0.9988552928 0.04750058427
v 201.5390015 1.996559978 369.0559998
vn -0.05733878911 0.9972881079 0.04613823816
v 201.3930054 1.991079926 368.9930115
vn -0.05733878911 0.9972881079 0.04613823816
v 201.5399933 1.999660015 368.9930115
vn -0.05820513144 0.9971423745 0.04815895483
v 201.5390015 1.996559978 369.0559998
vn -0.1226923838 0.9882318377 0.09134808183
v 201.6820068 2.020230055 368.9920044
vn -0.1226923838 0.9882318377 0.09134808183
v 201.6820068 2.010730028 369.0639954
vn -0.1049675196 0.985928297 0.1301044524
v 201.2400055 1.966779947 369.0939941
vn -0.007573639043 0.9129947424 0.4079010189
v 201.1289978 1.966210008 369.0929871
vn -0.008400158025 0.9121858478 0.4096907079
v 201.0330048 1.966089964 369.0929871
vn -0.0002059134713 0.3293175995 0.944219172
v 201.1289978 1.923099995 369.1080017
vn -0.0002059134713 0.3293175995 0.944219172
v 201.0330048 1.923099995 369.1080017
vn 0 0.3297274113 0.9440761805
v 200.9080048 1.923159957 369.1099854
vn 0.01620882004 0.3269430697 0.9449050426
v 201.0330048 1.966089964 369.0929871
vn 0.01620882004 0.3269430697 0.9449050426
v 200.9069977 1.966920018 369.0950012
vn 0.01725432463 0.3242577314 0.9458113909
v 201.5140076 1.853839874 368.9259949
vn -0.0957030654 -0.9905613065 -0.09812851995
v 201.6150055 1.849210024 368.9079895
vn -0.06923191994 -0.9885400534 -0.1341471821
v 201.6049957 1.838510036 368.9920044
vn -0.0957030654 -0.9905613065 -0.09812851995
v 201.5119934 1.850739837 368.9930115
vn -0.1307467967 -0.9901676178 -0.04973248392
v 201.5119934 1.850739837 368.9930115
vn -0.1296880841 -0.9903069735 0.04972975701
v 201.6049957 1.838510036 368.9920044
vn -0.09370218217 -0.9907663465 0.09798950702
v 201.5140076 1.853839874 369.0599976
vn -0.09370218217 -0.9907663465 0.09798950702
v 201.6159973 1.849210024 369.0769958
vn -0.06708405912 -0.9888201356 0.1331709623
v 201.5429993 1.996559978 368.9289856
vn -0.1261715442 0.9876712561 -0.09266210347
v 201.6820068 2.020230055 368.9920044
vn -0.1261715442 0.9876712561 -0.09266210347
v 201.6809998 2.010730028 368.9190063
vn -0.1103870049 0.9857712984 -0.1267662048
v 201.5399933 1.999660015 368.9930115
vn -0.1435150653 0.9881417751 -0.05458230898
v 202.6869965 1.95193994 369.071991
vn -0.9558115005 0.09212013334 0.279174298
v 202.6620026 1.92595005 368.9949951
vn -0.9558115005 0.09212013334 0.279174298
v 202.6880035 1.92595005 369.0840149
vn -0.9558115005 0.09212013334 0.279174298
v 202.6869965 1.92595005 368.9070129
vn -0.9543800354 0.1251119524 -0.2711194158
v 202.6620026 1.92595005 368.9949951
vn -0.9543800354 0.1251119524 -0.2711194158
v 202.6869965 1.95193994 368.9190063
vn -0.9543800354 0.1251119524 -0.2711194158
v 202.6880035 1.92595005 369.0840149
vn -0.9558115005 -0.09211971611 0.279174298
v 202.6620026 1.92595005 368.9949951
vn -0.9558115005 -0.09211971611 0.279174298
v 202.6869965 1.89996016 369.071991
vn -0.9558115005 -0.09211971611 0.279174298
v 202.6869965 1.89996016 368.9190063
vn -0.954380095 -0.1251113862 -0.2711194158
v 202.6620026 1.92595005 368.9949951
vn -0.954380095 -0.1251113862 -0.2711194158
v 202.6869965 1.92595005 368.9070129
vn -0.954380095 -0.1251113862 -0.2711194158
v 202.6869965 1.95193994 368.9190063
vn -0.9257534742 0.3249538839 -0.193353191
v 202.6620026 1.92595005 368.9949951
vn -0.9257534742 0.3249538839 -0.193353191
v 202.6869965 1.970970035 368.9509888
vn -0.9257534742 0.3249538839 -0.193353191
v 202.6869965 1.970970035 369.0400085
vn -0.9268555045 0.3226256073 0.1919678301
v 202.6620026 1.92595005 368.9949951
vn -0.9268555045 0.3226256073 0.1919678301
v 202.6869965 1.95193994 369.071991
vn -0.9268555045 0.3226256073 0.1919678301
v 202.6869965 1.89996016 369.071991
vn -0.9268556833 -0.3226251602 0.1919675469
v 202.6620026 1.92595005 368.9949951
vn -0.9268556833 -0.3226251602 0.1919675469
v 202.6869965 1.880929947 369.0400085
vn -0.9268556833 -0.3226251602 0.1919675469
v 202.6869965 1.880929947 368.9509888
vn -0.9257537127 -0.3249534369 -0.1933529079
v 202.6620026 1.92595005 368.9949951
vn -0.9257537127 -0.3249534369 -0.1933529079
v 202.6869965 1.89996016 368.9190063
vn -0.9257537127 -0.3249534369 -0.1933529079
v 202.6869965 1.977939963 368.9949951
vn -0.8992394805 0.4323049784 0.06693857908
v 202.6620026 1.92595005 368.9949951
vn -0.8992394805 0.4323049784 0.06693857908
v 202.6869965 1.970970035 369.0400085
vn -0.8992394805 0.4323049784 0.06693857908
v 203.7039948 1.923099995 369.0239868
vn 0.9833807349 0.05226290599 0.1738704741
v 203.7100067 1.923079967 368.9899902
vn 0.9833807349 0.05226290599 0.1738704741
v 203.7039948 1.936400056 369.019989
vn 0.9833807349 0.05226290599 0.1738704741
v 203.7039948 1.936239958 368.9590149
vn 0.984221518 0.05042239651 -0.1696041077
v 203.7100067 1.923079967 368.9899902
vn 0.984221518 0.05042239651 -0.1696041077
v 203.7039948 1.922690153 368.9549866
vn 0.984221518 0.05042239651 -0.1696041077
v 203.7039948 1.909860015 369.019989
vn 0.9833570123 -0.05251744017 0.1739279926
v 203.7100067 1.923079967 368.9899902
vn 0.9833570123 -0.05251744017 0.1739279926
v 203.7039948 1.923099995 369.0239868
vn 0.9833570123 -0.05251744017 0.1739279926
v 203.7039948 1.90357995 368.9899902
vn 0.9555376768 -0.2945975363 0.01265229005
v 203.7100067 1.923079967 368.9899902
vn 0.9555376768 -0.2945975363 0.01265229005
v 203.7039948 1.904309869 369.0069885
vn 0.9555376768 -0.2945975363 0.01265229005
v 203.6809998 1.92208004 368.8989868
vn 0.9169173241 0.1282512099 -0.377907753
v 203.6809998 1.957509875 368.9110107
vn 0.9163611531 0.1246829107 -0.3804423511
v 203.7039948 1.922690153 368.9549866
vn 0.9163611531 0.1246829107 -0.3804423511
v 203.7039948 1.936239958 368.9590149
vn 0.9147833586 0.1151113212 -0.3871960342
v 202.6880035 1.92595005 369.0840149
vn -0.7117188573 0.2810748518 0.6437804103
v 202.7310028 1.92595005 369.1319885
vn -0.7135159373 0.2861713469 0.6395317912
v 202.7310028 1.966119885 369.1140137
vn -0.7117188573 0.2810748518 0.6437804103
v 202.6869965 1.95193994 369.071991
vn -0.7089295387 0.2733211219 0.6501649618
v 202.7299957 1.966119885 368.8760071
vn -0.7216670513 0.2858675122 -0.6304572821
v 202.6869965 1.92595005 368.9070129
vn -0.7216670513 0.2858675122 -0.6304572821
v 202.6869965 1.95193994 368.9190063
vn -0.7228751779 0.2895219326 -0.6273981929
v 202.7299957 1.92595005 368.8580017
vn -0.72086972 0.283480376 -0.6324442625
v 202.6880035 1.92595005 369.0840149
vn -0.7117189765 -0.2810739577 0.6437806487
v 202.7310028 1.885779977 369.1140137
vn -0.7117189765 -0.2810739577 0.6437806487
v 202.7310028 1.92595005 369.1319885
vn -0.7135161161 -0.286170572 0.63953197
v 202.6869965 1.89996016 369.071991
vn -0.7089295983 -0.273320049 0.6501653194
v 202.7299957 1.92595005 368.8580017
vn -0.7208698988 -0.2834796011 -0.6324443817
v 202.7299957 1.885779977 368.8760071
vn -0.7216671705 -0.2858665884 -0.6304575801
v 202.6869965 1.92595005 368.9070129
vn -0.7216671705 -0.2858665884 -0.6304575801
v 202.6869965 1.89996016 368.9190063
vn -0.7228752375 -0.2895208001 -0.6273986697
v 203.6809998 1.972520113 368.9450073
vn 0.860537231 0.4659894407 -0.2057413161
v 203.7039948 1.936239958 368.9590149
vn 0.860537231 0.4659894407 -0.2057413161
v 203.6809998 1.957509875 368.9110107
vn 0.860537231 0.4659894407 -0.2057413161
v 203.7039948 1.941979885 368.9729919
vn 0.9698863626 0.2252987921 -0.09252492338
v 203.7100067 1.923079967 368.9899902
vn 0.9698863626 0.2252987921 -0.09252492338
v 203.6809998 1.873950005 368.9450073
vn 0.8572886586 -0.4766241014 -0.1946423054
v 203.7039948 1.909590125 368.9590149
vn 0.8769065142 -0.4449747205 -0.1817484349
v 203.7039948 1.904279947 368.9719849
vn 0.9070961475 -0.3895406127 -0.159482494
v 203.6809998 1.887820005 368.9110107
vn 0.8572896719 -0.476688385 -0.1944803745
v 203.7100067 1.923079967 368.9899902
vn 0.9705477357 -0.2229474038 -0.09127728641
v 203.6809998 1.874029994 369.0350037
vn 0.8605441451 -0.4684718251 0.1999948919
v 203.7039948 1.904309869 369.0069885
vn 0.8605441451 -0.4684718251 0.1999948919
v 203.7039948 1.909860015 369.019989
vn 0.8605441451 -0.4684718251 0.1999948919
v 203.6809998 1.972569942 369.0350037
vn 0.86231637 0.4650595784 0.2003249526
v 203.7039948 1.936400056 369.019989
vn 0.86231637 0.4650595784 0.2003249526
v 203.7039948 1.941999912 369.0069885
vn 0.86231637 0.4650595784 0.2003249526
v 203.7039948 1.941979885 368.9729919
vn 0.8105545044 0.5850009918 -0.02784384787
v 203.6809998 1.972520113 368.9450073
vn 0.8105939031 0.5849532485 -0.02769871615
v 203.6809998 1.974650145 368.9899902
vn 0.8105545044 0.5850009918 -0.02784384787
v 203.7039948 1.942800045 368.9899902
vn 0.8104500175 0.5851272941 -0.02822802775
v 203.7100067 1.923079967 368.9899902
vn 0.9564413428 0.2915855646 -0.01406682748
v 203.7039948 1.941979885 368.9729919
vn 0.9564413428 0.2915855646 -0.01406682748
v 203.6809998 1.874029994 369.0350037
vn 0.8072080016 -0.5897308588 0.02515414543
v 203.6809998 1.872110009 368.9899902
vn 0.8072080016 -0.5897308588 0.02515414543
v 203.7039948 1.904309869 369.0069885
vn 0.8072080016 -0.5897308588 0.02515414543
v 203.6809998 1.872110009 368.9899902
vn 0.8072065711 -0.5898234844 -0.02293063886
v 203.7039948 1.904279947 368.9719849
vn 0.8072065711 -0.5898234844 -0.02293063886
v 203.7039948 1.90357995 368.9899902
vn 0.8072065711 -0.5898234844 -0.02293063886
v 203.7039948 1.941999912 369.0069885
vn 0.8106033802 0.5849713683 0.02703168802
v 203.6809998 1.974650145 368.9899902
vn 0.8106033802 0.5849713683 0.02703168802
v 203.6809998 1.972569942 369.0350037
vn 0.8106033802 0.5849713683 0.02703168802
v 203.6369934 1.923159957 369.1040039
vn 0.4439281225 0.2816516459 0.8506469131
v 203.6820068 1.957930088 369.0690002
vn 0.4439281225 0.2816516459 0.8506469131
v 203.6380005 1.966920018 369.0889893
vn 0.4439281225 0.2816516459 0.8506469131
v 203.7039948 1.923099995 369.0239868
vn 0.9245211482 0.1133785173 0.3638763428
v 203.7039948 1.936400056 369.019989
vn 0.9240088463 0.1100701317 0.3661860228
v 203.6820068 1.92313993 369.0799866
vn 0.924711287 0.1146318018 0.362999469
v 203.6340027 1.921830058 368.8760071
vn 0.429423511 -0.2876693606 -0.8560617566
v 203.6809998 1.887820005 368.9110107
vn 0.429423511 -0.2876693606 -0.8560617566
v 203.6349945 1.878720164 368.8909912
vn 0.429423511 -0.2876693606 -0.8560617566
v 203.7039948 1.922690153 368.9549866
vn 0.9843415022 -0.05181019381 -0.168485865
v 203.6809998 1.92208004 368.8989868
vn 0.9174916744 -0.1317196935 -0.3753117919
v 203.7100067 1.923079967 368.9899902
vn 0.9843415022 -0.05181019381 -0.168485865
v 203.7039948 1.909590125 368.9590149
vn 0.9843415022 -0.05181019381 -0.168485865
v 203.6820068 1.888520002 369.0690002
vn 0.687117815 -0.2232358158 0.6914006472
v 203.6369934 1.923159957 369.1040039
vn 0.4479010999 -0.2769888043 0.8500951529
v 203.6380005 1.879609942 369.0889893
vn 0.4435679317 -0.2829362154 0.8504084945
v 203.6820068 1.92313993 369.0799866
vn 0.7511985302 -0.1996566057 0.6291565895
v 203.7039948 1.923099995 369.0239868
vn 0.9244010448 -0.1139617562 0.3639992774
v 203.7039948 1.909860015 369.019989
vn 0.9238897562 -0.1106111333 0.3663235009
v 202.7299957 1.995530009 368.927002
vn -0.6158798337 0.680388689 -0.3971941769
v 202.6869965 1.95193994 368.9190063
vn -0.6158798337 0.680388689 -0.3971941769
v 202.6869965 1.970970035 368.9509888
vn -0.6131148338 0.6789019108 -0.4039583802
v 202.7299957 1.966119885 368.8760071
vn -0.6176025867 0.6813051105 -0.3929255009
v 202.7310028 1.966119885 369.1140137
vn -0.6030761003 0.6911045313 0.3983387053
v 202.7310028 1.995530009 369.0629883
vn -0.6012332439 0.6901545525 0.4027471244
v 202.6869965 1.95193994 369.071991
vn -0.6012332439 0.6901545525 0.4027471244
v 202.6869965 1.970970035 369.0400085
vn -0.5982744098 0.6886107326 0.4097352922
v 202.6869965 1.89996016 369.071991
vn -0.6012332439 -0.6901545525 0.4027471244
v 202.7310028 1.856370091 369.0629883
vn -0.6012332439 -0.6901545525 0.4027471244
v 202.7310028 1.885779977 369.1140137
vn -0.6030761003 -0.6911045313 0.3983387053
v 202.6869965 1.880929947 369.0400085
vn -0.5982744098 -0.6886107326 0.4097352922
v 202.6869965 1.89996016 368.9190063
vn -0.6158798337 -0.680388689 -0.3971941769
v 202.7299957 1.856370091 368.927002
vn -0.6158798337 -0.680388689 -0.3971941769
v 202.6869965 1.880929947 368.9509888
vn -0.6131148338 -0.6789019108 -0.4039583802
v 202.7299957 1.885779977 368.8760071
vn -0.6176025867 -0.6813051105 -0.3929255009
v 203.6349945 1.861369967 369.0469971
vn 0.3337734044 -0.8706977963 0.3612210751
v 203.6809998 1.874029994 369.0350037
vn 0.6237054467 -0.7255634665 0.2907733321
v 203.6820068 1.888520002 369.0690002
vn 0.6237054467 -0.7255634665 0.2907733321
v 203.7039948 1.909860015 369.019989
vn 0.8603708744 -0.4775541127 0.1780561507
v 203.7039948 1.904309869 369.0069885
vn 0.9698770046 -0.2240339071 0.09564211965
v 203.7100067 1.923079967 368.9899902
vn 0.9698770046 -0.2240339071 0.09564211965
v 203.6809998 1.92208004 368.8989868
vn 0.4202506542 -0.3004953265 -0.8562079072
v 203.6809998 1.887820005 368.9110107
vn 0.4202506542 -0.3004953265 -0.8562079072
v 203.6340027 1.921830058 368.8760071
vn 0.4202506542 -0.3004953265 -0.8562079072
v 203.7039948 1.922690153 368.9549866
vn 0.9153749943 -0.1183337122 -0.3848191798
v 203.7039948 1.909590125 368.9590149
vn 0.9153749943 -0.1183337122 -0.3848191798
v 203.6360016 1.858960032 368.9899902
vn 0.2802855074 -0.9591146111 -0.03923193365
v 203.6809998 1.873950005 368.9450073
vn 0.5480169654 -0.835768342 -0.03418653458
v 203.6809998 1.872110009 368.9899902
vn 0.5480169654 -0.835768342 -0.03418653458
v 203.7039948 1.904279947 368.9719849
vn 0.8068572283 -0.5902528763 -0.02414389327
v 203.7100067 1.923079967 368.9899902
vn 0.9555514455 -0.2946017981 -0.01145326905
v 203.7039948 1.90357995 368.9899902
vn 0.9555514455 -0.2946017981 -0.01145326905
v 203.6349945 1.985349894 369.0469971
vn 0.3383093476 0.8692712188 0.3604363501
v 203.6820068 1.957930088 369.0690002
vn 0.518797636 0.7916635871 0.3226728737
v 203.6809998 1.972569942 369.0350037
vn 0.6268131137 0.7222089171 0.2924372852
v 203.6380005 1.966920018 369.0889893
vn 0.3400503099 0.869836688 0.3574212492
v 203.7039948 1.936400056 369.019989
vn 0.862214148 0.474018842 0.1785857379
v 203.7100067 1.923079967 368.9899902
vn 0.970268786 0.2222848237 0.09574944526
v 203.7039948 1.941999912 369.0069885
vn 0.970268786 0.2222848237 0.09574944526
v 203.6820068 1.92313993 369.0799866
vn 0.453566283 0.2683759034 0.8498541117
v 203.6820068 1.957930088 369.0690002
vn 0.453566283 0.2683759034 0.8498541117
v 203.6369934 1.923159957 369.1040039
vn 0.453566283 0.2683759034 0.8498541117
v 203.6809998 1.957509875 368.9110107
vn 0.4279809296 0.2794719636 -0.8594927192
v 203.6340027 1.921830058 368.8760071
vn 0.4279809296 0.2794719636 -0.8594927192
v 203.6360016 1.966400027 368.8909912
vn 0.4353794456 0.2692747414 -0.8590319157
v 203.6809998 1.92208004 368.8989868
vn 0.4188902676 0.2918152809 -0.8598690629
v 202.8070068 1.92595005 369.1579895
vn -0.2950226367 0.3944986463 0.8702484965
v 202.7310028 1.966119885 369.1140137
vn -0.2950226367 0.3944986463 0.8702484965
v 202.7310028 1.92595005 369.1319885
vn -0.2980691195 0.3898773193 0.8712924123
v 202.8070068 1.973970056 369.1359863
vn -0.2924726605 0.3983463347 0.8693560362
v 202.7310028 1.885779977 369.1140137
vn -0.2950223982 -0.394498229 0.8702487946
v 202.8070068 1.877929926 369.1359863
vn -0.2924720943 -0.3983463943 0.869356215
v 202.8070068 1.92595005 369.1579895
vn -0.2950223982 -0.394498229 0.8702487946
v 202.7310028 1.92595005 369.1319885
vn -0.2980692685 -0.3898763359 0.8712928295
v 202.8049927 1.92595005 368.8309937
vn -0.3093452752 -0.3928721249 -0.8660005927
v 202.7299957 1.885779977 368.8760071
vn -0.3093452752 -0.3928721249 -0.8660005927
v 202.7299957 1.92595005 368.8580017
vn -0.3121954203 -0.3885762393 -0.866915524
v 202.8049927 1.877929926 368.8529968
vn -0.3069592416 -0.39645046 -0.8652185202
v 202.7299957 1.995530009 368.927002
vn -0.2017926723 0.9676933289 -0.1511600465
v 202.8059998 2.022000074 368.9949951
vn -0.2017926723 0.9676933289 -0.1511600465
v 202.8059998 2.009130001 368.9129944
vn -0.2011526078 0.967713356 -0.1518832892
v 202.7310028 2.006299973 368.9949951
vn -0.2025746554 0.9676676393 -0.1502759308
v 202.6869965 1.970970035 368.9509888
vn -0.5407565832 0.8315595388 -0.1268504709
v 202.7310028 2.006299973 368.9949951
vn -0.5407565832 0.8315595388 -0.1268504709
v 202.6869965 1.977939963 368.9949951
vn -0.53696841 0.8332161903 -0.1319686323
v 202.6620026 1.92595005 368.9949951
vn -0.8991461992 0.4322601557 -0.06846336275
v 202.6869965 1.977939963 368.9949951
vn -0.8991461992 0.4322601557 -0.06846336275
v 203.6809998 1.957509875 368.9110107
vn 0.330049783 0.8670638204 -0.3731856346
v 203.6360016 1.966400027 368.8909912
vn 0.3344015777 0.8684661984 -0.3659809232
v 203.6340027 1.985290051 368.9339905
vn 0.330049783 0.8670638204 -0.3731856346
v 203.6809998 1.972520113 368.9450073
vn 0.3246575892 0.8652499914 -0.3820208013
v 203.7039948 1.936239958 368.9590149
vn 0.8607369065 0.4708876908 -0.1933825165
v 203.7039948 1.941979885 368.9729919
vn 0.8607369065 0.4708876908 -0.1933825165
v 202.7299957 1.966119885 368.8760071
vn -0.2386845648 0.8403304815 -0.4866973758
v 202.8059998 2.009130001 368.9129944
vn -0.2386845648 0.8403304815 -0.4866973758
v 202.8049927 1.973970056 368.8529968
vn -0.2376706004 0.8397802711 -0.4881411195
v 202.7299957 1.995530009 368.927002
vn -0.2398684323 0.8409698606 -0.4850081205
v 202.7299957 1.966119885 368.8760071
vn -0.3093455434 0.3928725123 -0.8660002947
v 202.8049927 1.92595005 368.8309937
vn -0.3093455434 0.3928725123 -0.8660002947
v 202.7299957 1.92595005 368.8580017
vn -0.3121952713 0.3885772228 -0.8669151664
v 203.6360016 1.987959862 368.9899902
vn 0.2809876204 0.9585676193 0.04684077576
v 203.6809998 1.972569942 369.0350037
vn 0.2809876204 0.9585676193 0.04684077576
v 203.6809998 1.974650145 368.9899902
vn 0.2833628654 0.9579904675 0.04426900297
v 203.6349945 1.985349894 369.0469971
vn 0.2791402638 0.9590076208 0.04883792996
v 203.7039948 1.941999912 369.0069885
vn 0.8713523149 0.4901154041 0.023066964
v 203.7039948 1.942800045 368.9899902
vn 0.8713523149 0.4901154041 0.023066964
v 203.7100067 1.923079967 368.9899902
vn 0.9564458728 0.2915869355 0.01372335013
v 203.6380005 1.879609942 369.0889893
vn 0.337605685 -0.8719499707 0.3545780778
v 203.6349945 1.861369967 369.0469971
vn 0.337605685 -0.8719499707 0.3545780778
v 203.6820068 1.888520002 369.0690002
vn 0.337605685 -0.8719499707 0.3545780778
v 203.6809998 1.887820005 368.9110107
vn 0.3315291703 -0.8723100424 -0.3593934476
v 203.6349945 1.861269951 368.9330139
vn 0.3315291703 -0.8723100424 -0.3593934476
v 203.6349945 1.878720164 368.8909912
vn 0.329982847 -0.8718091846 -0.3620221913
v 203.6809998 1.873950005 368.9450073
vn 0.3334386051 -0.8729183674 -0.3561351597
v 202.8070068 2.009130001 369.0759888
vn -0.2312109619 0.8410106897 0.4891242683
v 202.7310028 1.995530009 369.0629883
vn -0.2337837517 0.8423804045 0.4855310619
v 202.7310028 1.966119885 369.1140137
vn -0.2312109619 0.8410106897 0.4891242683
v 202.8070068 1.973970056 369.1359863
vn -0.2290256321 0.8398351669 0.4921626747
v 203.6809998 1.872110009 368.9899902
vn 0.2802666724 -0.9590501785 0.04090694338
v 203.6809998 1.874029994 369.0350037
vn 0.2778946161 -0.9596274495 0.04347148165
v 203.6360016 1.858960032 368.9899902
vn 0.2778946161 -0.9596274495 0.04347148165
v 203.6349945 1.861369967 369.0469971
vn 0.2760497332 -0.9600675106 0.04546304792
v 203.7039948 1.904309869 369.0069885
vn 0.8071597815 -0.589789331 0.02533010207
v 203.7039948 1.90357995 368.9899902
vn 0.8071597815 -0.589789331 0.02533010207
v 202.8070068 1.8427701 369.0759888
vn -0.2312104255 -0.8410103917 0.4891249835
v 202.7310028 1.885779977 369.1140137
vn -0.2312104255 -0.8410103917 0.4891249835
v 202.7310028 1.856370091 369.0629883
vn -0.2337837517 -0.8423804045 0.4855310619
v 202.8070068 1.877929926 369.1359863
vn -0.2290246487 -0.8398346901 0.4921640456
v 202.7299957 1.885779977 368.8760071
vn -0.2386840433 -0.8403302431 -0.4866981208
v 202.8049927 1.877929926 368.8529968
vn -0.2376696318 -0.8397797346 -0.4881424904
v 202.8059998 1.8427701 368.9129944
vn -0.2386840433 -0.8403302431 -0.4866981208
v 202.7299957 1.856370091 368.927002
vn -0.2398684323 -0.8409698606 -0.4850081205
v 203.6809998 1.873950005 368.9450073
vn 0.2760562301 -0.9601427317 -0.04380525276
v 203.6360016 1.858960032 368.9899902
vn 0.2760562301 -0.9601427317 -0.04380525276
v 203.6349945 1.861269951 368.9330139
vn 0.2760562301 -0.9601427317 -0.04380525276
v 203.6809998 1.972520113 368.9450073
vn 0.2780477405 0.9592072368 -0.05109736696
v 203.6340027 1.985290051 368.9339905
vn 0.2739146352 0.9601481557 -0.05555483326
v 203.6360016 1.987959862 368.9899902
vn 0.2780477405 0.9592072368 -0.05109736696
v 203.6809998 1.974650145 368.9899902
vn 0.2833489776 0.9579434991 -0.04536055773
v 202.8059998 2.022000074 368.9949951
vn 0.01459453814 0.9895344377 0.1435570121
v 202.8619995 2.010730028 369.0669861
vn 0.01459453814 0.9895344377 0.1435570121
v 202.8609924 2.020230055 368.993988
vn 0.03425396234 0.9911161661 0.1285121143
v 202.8070068 2.009130001 369.0759888
vn -0.003037465736 0.9875987768 0.1569694281
v 202.8059998 2.022000074 368.9949951
vn -0.2010195404 0.9672726393 0.1548378915
v 202.7310028 1.995530009 369.0629883
vn -0.2010195404 0.9672726393 0.1548378915
v 202.7310028 2.006299973 368.9949951
vn -0.2024824619 0.9672272801 0.1532066166
v 202.7310028 2.006299973 368.9949951
vn -0.5357510448 0.8341604471 0.1309473664
v 202.6869965 1.970970035 369.0400085
vn -0.5357510448 0.8341604471 0.1309473664
v 202.6869965 1.977939963 368.9949951
vn -0.5371754169 0.8335373998 0.1290658414
v 202.8059998 1.8427701 368.9129944
vn 0.04829771444 -0.9867720008 -0.154752627
v 202.9279938 1.849210024 368.9100037
vn 0.05624386296 -0.9880314469 -0.1436329931
v 202.8059998 1.82991004 368.9949951
vn 0.05624386296 -0.9880314469 -0.1436329931
v 202.9380035 1.838510036 368.993988
vn 0.06341461837 -0.9890094399 -0.133562386
v 202.7299957 1.856370091 368.927002
vn -0.2017843425 -0.9677147865 -0.1510335058
v 202.8059998 1.82991004 368.9949951
vn -0.2017843425 -0.9677147865 -0.1510335058
v 202.7310028 1.845610023 368.9949951
vn -0.2025775313 -0.9676886201 -0.1501367092
v 202.6869965 1.880929947 368.9509888
vn -0.5407378078 -0.8315935731 -0.1267073303
v 202.7310028 1.845610023 368.9949951
vn -0.5407378078 -0.8315935731 -0.1267073303
v 202.6869965 1.873970032 368.9949951
vn -0.5369818211 -0.8332369924 -0.1317823231
v 202.6869965 1.873970032 368.9949951
vn -0.8991194963 -0.4323295653 -0.06837598234
v 202.6620026 1.92595005 368.9949951
vn -0.8991194963 -0.4323295653 -0.06837598234
v 202.8059998 1.82991004 368.9949951
vn 0.057926476 -0.9879012704 0.1438594609
v 202.9290009 1.849210024 369.0780029
vn 0.057926476 -0.9879012704 0.1438594609
v 202.8070068 1.8427701 369.0759888
vn 0.0495018959 -0.986512661 0.1560201496
v 202.9380035 1.838510036 368.993988
vn 0.06544463336 -0.9889577031 0.1329646707
v 202.7310028 1.856370091 369.0629883
vn -0.2010120749 -0.9672945738 0.1547105163
v 202.8059998 1.82991004 368.9949951
vn -0.2010120749 -0.9672945738 0.1547105163
v 202.7310028 1.845610023 368.9949951
vn -0.2024853975 -0.9672486782 0.1530675441
v 202.6869965 1.880929947 369.0400085
vn -0.5357338786 -0.8341938257 0.1308047771
v 202.7310028 1.845610023 368.9949951
vn -0.5357338786 -0.8341938257 0.1308047771
v 202.6869965 1.873970032 368.9949951
vn -0.5371882319 -0.8335573673 0.1288834959
v 202.6620026 1.92595005 368.9949951
vn -0.8992124796 -0.4323742986 0.06685312837
v 202.6869965 1.873970032 368.9949951
vn -0.8992124796 -0.4323742986 0.06685312837
v 202.8049927 1.92595005 368.8309937
vn 0.04212897643 -0.4161910713 -0.9083006978
v 202.8899994 1.925830007 368.8349915
vn 0.04026120156 -0.4133888781 -0.9096640348
v 202.8049927 1.877929926 368.8529968
vn 0.04026120156 -0.4133888781 -0.9096640348
v 202.9100037 1.874529958 368.8590088
vn 0.03882364929 -0.4112289548 -0.9107049108
v 202.8070068 1.877929926 369.1359863
vn 0.04033118114 -0.413482964 0.9096181989
v 202.8919983 1.925830007 369.1539917
vn 0.04033118114 -0.413482964 0.9096181989
v 202.8070068 1.92595005 369.1579895
vn 0.0421365276 -0.4161909521 0.9083003998
v 202.9109955 1.874529958 369.1300049
vn 0.03892913088 -0.4113769233 0.9106336236
v 202.8070068 1.92595005 369.1579895
vn 0.06763426214 0.4520682991 0.8894154429
v 202.8730011 1.979000092 369.1260071
vn 0.06763426214 0.4520682991 0.8894154429
v 202.8070068 1.973970056 369.1359863
vn 0.105134584 0.4142523408 0.9040695429
v 202.8919983 1.925830007 369.1539917
vn 0.04196713492 0.4770424664 0.8778777122
v 202.8049927 1.973970056 368.8529968
vn 0.1457330585 0.4121136963 -0.8994021416
v 202.8710022 1.979000092 368.8659973
vn 0.0831971094 0.4746422768 -0.8762379289
v 202.8049927 1.92595005 368.8309937
vn 0.0831971094 0.4746422768 -0.8762379289
v 202.8899994 1.925830007 368.8349915
vn 0.0410150066 0.5142216682 -0.8566760421
v 202.8049927 1.877929926 368.8529968
vn 0.001012124587 -0.8627585769 -0.5056150556
v 202.9100037 1.874529958 368.8590088
vn 0.01813861355 -0.8766473532 -0.4807914495
v 202.8059998 1.8427701 368.9129944
vn 0.01813861355 -0.8766473532 -0.4807914495
v 202.9279938 1.849210024 368.9100037
vn 0.03583968058 -0.8900016546 -0.454546541
v 202.8070068 1.8427701 369.0759888
vn 0.02019989863 -0.8783637285 0.4775658548
v 202.9109955 1.874529958 369.1300049
vn 0.02019989863 -0.8783637285 0.4775658548
v 202.8070068 1.877929926 369.1359863
vn 0.0008727224777 -0.8627661467 0.505602479
v 202.9290009 1.849210024 369.0780029
vn 0.03973069787 -0.8928943276 0.4485099316
v 203.6340027 1.921830058 368.8760071
vn -0.01823917404 -0.3299068511 -0.943837285
v 203.5090027 1.880110145 368.8930054
vn -0.01823917404 -0.3299068511 -0.943837285
v 203.5050049 1.923099995 368.8779907
vn -0.01776718721 -0.3311475813 -0.9434117079
v 203.6349945 1.878720164 368.8909912
vn -0.01872115955 -0.3286390603 -0.9442700148
v 202.8730011 1.979000092 369.1260071
vn 0.02870588191 0.872528553 0.4877191186
v 202.8070068 2.009130001 369.0759888
vn 0.02870588191 0.872528553 0.4877191186
v 202.8070068 1.973970056 369.1359863
vn 0.01069538295 0.8627178669 0.5055724382
v 202.8619995 2.010730028 369.0669861
vn 0.05051304772 0.8835576177 0.4655903876
v 202.8710022 1.979000092 368.8659973
vn 0.04250990972 0.8667696118 -0.4968936443
v 202.8059998 2.009130001 368.9129944
vn 0.04250990972 0.8667696118 -0.4968936443
v 202.8619995 2.010730028 368.9219971
vn 0.05316990986 0.872454524 -0.4857942462
v 202.8049927 1.973970056 368.8529968
vn 0.03391769528 0.8620223403 -0.5057342052
v 203.1569977 1.923349977 369.1109924
vn 0.03080318496 0.3293769956 0.9436959028
v 203.3049927 1.9230901 369.1059875
vn 0.0325415507 0.3242438436 0.9454136491
v 203.3049927 1.966779947 369.0910034
vn 0.03080318496 0.3293769956 0.9436959028
v 203.1560059 1.968500137 369.0950012
vn 0.02913687378 0.3342846334 0.942021668
v 203.0050049 1.996559978 369.0570068
vn 0.0652204603 0.9088452458 0.4120031893
v 203.0070038 1.974840045 369.105011
vn 0.06620363891 0.9101147652 0.4090332985
v 203.1549988 1.988250136 369.052002
vn 0.06413026154 0.9074265957 0.4152882397
v 203.1549988 1.988250136 369.052002
vn 0.02216216736 0.9093799591 0.4153757095
v 203.3049927 1.966779947 369.0910034
vn 0.02216216736 0.9093799591 0.4153757095
v 203.3040009 1.985900044 369.0490112
vn 0.022659529 0.9100670218 0.413841188
v 203.1560059 1.968500137 369.0950012
vn 0.02167713828 0.9087072611 0.416870743
v 203.3049927 1.9230901 369.1059875
vn 0.01357466169 0.3167725801 0.9484043717
v 203.4160004 1.966210008 369.0899963
vn 0.01357466169 0.3167725801 0.9484043717
v 203.4160004 1.923099995 369.1040039
vn 0.01696447469 0.3089780211 0.95091784
v 202.8619995 2.010730028 368.9219971
vn 0.01186540909 0.9895540476 -0.1436731517
v 202.8059998 2.022000074 368.9949951
vn 0.01186540909 0.9895540476 -0.1436731517
v 202.8609924 2.020230055 368.993988
vn 0.02951028384 0.9910268784 -0.1303644478
v 202.8059998 2.009130001 368.9129944
vn -0.003299765056 0.9879008532 -0.155051738
v 202.8619995 2.010730028 369.0669861
vn 0.1076931804 0.8946006298 0.4336955547
v 203.0070038 1.974840045 369.105011
vn 0.1076931804 0.8946006298 0.4336955547
v 203.0050049 1.996559978 369.0570068
vn 0.1181067154 0.906542182 0.4052556157
v 202.8730011 1.979000092 369.1260071
vn 0.09901814163 0.8840377331 0.4568070769
v 203.0149994 1.925200105 369.1239929
vn 0.08362330496 0.351901859 0.9322940707
v 203.1560059 1.968500137 369.0950012
vn 0.08362330496 0.351901859 0.9322940707
v 203.1569977 1.923349977 369.1109924
vn 0.09024619311 0.3342563212 0.9381515384
v 202.9109955 1.874529958 369.1300049
vn 0.2017242014 -0.303565979 0.9312115908
v 203.0240021 1.875560045 369.1090088
vn 0.1788987517 -0.2544386089 0.9503979087
v 203.0149994 1.925200105 369.1239929
vn 0.2017242014 -0.303565979 0.9312115908
v 202.8919983 1.925830007 369.1539917
vn 0.2207433581 -0.3448438644 0.9123349786
v 202.8919983 1.925830007 369.1539917
vn 0.1820505261 0.4477247 0.8754428625
v 203.0149994 1.925200105 369.1239929
vn 0.221081987 0.3791954219 0.8985174298
v 203.0070038 1.974840045 369.105011
vn 0.1820505261 0.4477247 0.8754428625
v 202.8730011 1.979000092 369.1260071
vn 0.1490827203 0.5017348528 0.8520777225
v 203.0090027 1.925200105 368.8630066
vn 0.2136444151 0.3824863732 -0.8989217281
v 202.8899994 1.925830007 368.8349915
vn 0.1632292271 0.4670043588 -0.8690587878
v 203 1.974840045 368.8819885
vn 0.1632292271 0.4670043588 -0.8690587878
v 202.8710022 1.979000092 368.8659973
vn 0.1210461184 0.5319657326 -0.8380693793
v 202.8899994 1.925830007 368.8349915
vn 0.2133716345 -0.3447624147 -0.9141178131
v 203.0090027 1.925200105 368.8630066
vn 0.1914599389 -0.3003498912 -0.9344158769
v 202.9100037 1.874529958 368.8590088
vn 0.1914599389 -0.3003498912 -0.9344158769
v 203.0209961 1.875560045 368.8779907
vn 0.1655380726 -0.2481206954 -0.954480648
v 203.5119934 1.923099995 369.1029968
vn 0.00997381378 -0.3099952936 0.9506857991
v 203.4160004 1.923099995 369.1040039
vn 0.01023811474 -0.3094700277 0.950854063
v 203.5110016 1.880110145 369.0889893
vn 0.01023811474 -0.3094700277 0.950854063
v 203.4160004 1.879979968 369.0899963
vn 0.01050446089 -0.3089405298 0.9510233402
v 203.5110016 1.880110145 369.0889893
vn -0.004344253335 -0.3179559112 0.9480955601
v 203.6369934 1.923159957 369.1040039
vn -0.004344253335 -0.3179559112 0.9480955601
v 203.6380005 1.879609942 369.0889893
vn -0.001283556921 -0.325966537 0.9453804493
v 203.6349945 1.861369967 369.0469971
vn -0.00156780635 -0.9149037004 0.4036691487
v 203.6380005 1.879609942 369.0889893
vn -0.003611296881 -0.9171093106 0.3986195326
v 203.5110016 1.861299992 369.0469971
vn 0.00206403085 -0.9833649993 0.1816289276
v 203.4160004 1.861119986 369.0480042
vn 0.006998256315 -0.9781814814 0.2076342404
v 203.3049927 1.860290051 369.0490112
vn 0.01147876587 -0.9868121743 0.1614620686
v 203.3049927 1.879400015 369.0910034
vn 0.01027584169 -0.3243985176 0.9458646774
v 203.4160004 1.858429909 368.9909973
vn 0.004396471661 -0.9988664985 0.04739648476
v 203.5110016 1.858610034 368.9909973
vn 0.00187430263 -0.9989447594 0.04589015618
v 203.6349945 1.861369967 369.0469971
vn 0.001867383951 -0.9989807606 0.04509980232
v 203.6360016 1.858960032 368.9899902
vn 0.003138199449 -0.9991003871 0.04229189828
v 203.3040009 1.857559919 368.9920044
vn 0.010268935 -0.998819232 0.04748375341
v 203.1589966 1.855620146 368.9930115
vn 0.01366299111 -0.9987696409 0.04767047986
v 203.1589966 1.858440042 369.052002
vn 0.01363406889 -0.9987664819 0.04774561152
v 203.4160004 1.879979968 369.0899963
vn 0.0136175761 -0.3167395294 0.9484148026
v 203.3049927 1.9230901 369.1059875
vn 0.0136175761 -0.3167395294 0.9484148026
v 203.4160004 1.923099995 369.1040039
vn 0.01702057384 -0.3089128435 0.950938046
v 203.1580048 1.878200173 369.0960083
vn 0.03315633535 -0.3191198707 0.9471341968
v 203.3049927 1.9230901 369.1059875
vn 0.03315633535 -0.3191198707 0.9471341968
v 203.1569977 1.923349977 369.1109924
vn 0.03153568134 -0.3141914606 0.9488357306
v 203.0299988 1.853839874 369.0610046
vn 0.05964206159 -0.9083139896 0.4140150845
v 203.0240021 1.875560045 369.1090088
vn 0.05837562308 -0.9067676067 0.4175701439
v 203.1589966 1.858440042 369.052002
vn 0.03862120584 -0.9981412888 0.04714189097
v 203.0319977 1.850739837 368.9930115
vn 0.03862120584 -0.9981412888 0.04714189097
v 203.0299988 1.853839874 369.0610046
vn 0.03884989396 -0.9981554747 0.04665140435
v 203.3049927 1.879400015 369.0910034
vn 0.02072606608 -0.9109581709 0.4119777083
v 203.1580048 1.878200173 369.0960083
vn 0.0978366062 -0.3115042448 0.9451947212
v 203.0240021 1.875560045 369.1090088
vn 0.0905444473 -0.2915046215 0.9522745013
v 203.0149994 1.925200105 369.1239929
vn 0.08414511383 -0.273935914 0.9580598474
v 203.3029938 1.860290051 368.9349976
vn 0.01122807059 -0.9784605503 -0.206128329
v 203.4149933 1.861119986 368.9349976
vn 0.004797181115 -0.9775958657 -0.210435912
v 203.3040009 1.857559919 368.9920044
vn 0.009602182545 -0.9987989664 -0.04804572463
v 203.4100037 1.879979968 368.8930054
vn 0.0043179309 -0.9112752676 -0.4117750823
v 203.1589966 1.855620146 368.9930115
vn 0.01321368385 -0.9987789989 -0.04760216922
v 203.1580048 1.858440042 368.9330139
vn 0.01338960975 -0.9987972975 -0.04716697335
v 203.2960052 1.879400015 368.8930054
vn 0.01337007247 -0.9087623954 -0.4170997441
v 203.2960052 1.879400015 368.8930054
vn 0.004921780434 -0.3157387376 -0.948833406
v 203.3990021 1.923099995 368.8789978
vn 0.004921780434 -0.3157387376 -0.948833406
v 203.2810059 1.9230901 368.8779907
vn 0.008105884306 -0.3225059211 -0.9465327263
v 203.1580048 1.858440042 368.9330139
vn 0.01677999832 -0.9083054066 -0.4179709554
v 203.0319977 1.850739837 368.9930115
vn 0.03827130422 -0.9981272221 -0.04772210121
v 203.029007 1.853839874 368.9259949
vn 0.0381979607 -0.9981226325 -0.04787556082
v 203.1519928 1.878200173 368.8900146
vn 0.01627236977 -0.9076625705 -0.4193851054
v 203.1519928 1.878200173 368.8900146
vn 0.02110034786 -0.3148134351 -0.9489189982
v 203.2810059 1.9230901 368.8779907
vn 0.02110034786 -0.3148134351 -0.9489189982
v 203.1419983 1.923349977 368.875
vn 0.01985696331 -0.3115366399 -0.9500266314
v 203.0209961 1.875560045 368.8779907
vn 0.0877629295 -0.2820011973 -0.9553915262
v 203.1519928 1.878200173 368.8900146
vn 0.09322541952 -0.2955428064 -0.9507699609
v 203.0090027 1.925200105 368.8630066
vn 0.08276806772 -0.269605726 -0.9594072104
v 203.029007 1.853839874 368.9259949
vn 0.05606079847 -0.9052139521 -0.4212420285
v 203.1519928 1.878200173 368.8900146
vn 0.05606079847 -0.9052139521 -0.4212420285
v 203.0209961 1.875560045 368.8779907
vn 0.05675616488 -0.9060204029 -0.4194111526
v 203.0209961 1.875560045 368.8779907
vn 0.09761770815 -0.8887273669 -0.4479223788
v 202.9279938 1.849210024 368.9100037
vn 0.09761770815 -0.8887273669 -0.4479223788
v 202.9100037 1.874529958 368.8590088
vn 0.08815871924 -0.8794463873 -0.4677628875
v 203.029007 1.853839874 368.9259949
vn 0.1084395945 -0.8987865448 -0.4247629642
v 202.9290009 1.849210024 369.0780029
vn 0.1022723615 -0.8904710412 0.4433978796
v 203.0299988 1.853839874 369.0610046
vn 0.112151213 -0.8999958634 0.4212238789
v 203.0240021 1.875560045 369.1090088
vn 0.1022723615 -0.8904710412 0.4433978796
v 202.9109955 1.874529958 369.1300049
vn 0.0938615948 -0.8819413185 0.4619193673
v 203.5050049 1.923099995 368.8779907
vn -0.004450985231 -0.3200773299 -0.94738096
v 203.4100037 1.879979968 368.8930054
vn -0.004450985231 -0.3200773299 -0.94738096
v 203.3990021 1.923099995 368.8789978
vn -0.009028878994 -0.3110279739 -0.9503578544
v 203.5090027 1.880110145 368.8930054
vn 0.0004331234377 -0.3296914995 -0.9440886378
v 203.6349945 1.878720164 368.8909912
vn -0.01631744951 -0.9234164953 -0.3834523559
v 203.6349945 1.861269951 368.9330139
vn -0.01150383707 -0.9181267023 -0.3961200118
v 203.5099945 1.861299992 368.9349976
vn -0.0006536963629 -0.983230412 -0.1823664755
v 203.4160004 1.858429909 368.9909973
vn 0.003907860722 -0.9988372922 -0.04804959521
v 203.5110016 1.858610034 368.9909973
vn 0.0010622876 -0.9989745617 -0.04526257515
v 203.6349945 1.861269951 368.9330139
vn 0.0007495062309 -0.9990212917 -0.04422610998
v 203.6360016 1.858960032 368.9899902
vn 0.002470963635 -0.9991743565 -0.04055193067
v 203 1.974840045 368.8819885
vn 0.1012193635 0.8883859515 -0.4478002191
v 202.8619995 2.010730028 368.9219971
vn 0.1012193635 0.8883859515 -0.4478002191
v 203 1.996559978 368.9299927
vn 0.1166333929 0.9048629403 -0.4094138145
v 202.8710022 1.979000092 368.8659973
vn 0.08769078553 0.8726723194 -0.4803679585
v 203.1360016 1.968500137 368.8900146
vn 0.08011042327 0.3477178812 -0.9341705441
v 203.0090027 1.925200105 368.8630066
vn 0.08011042327 0.3477178812 -0.9341705441
v 203.1419983 1.923349977 368.875
vn 0.0894228071 0.324968636 -0.9414876103
v 203 1.974840045 368.8819885
vn 0.06665115803 0.9090551138 -0.4113106132
v 203 1.996559978 368.9299927
vn 0.06596765667 0.9082928896 -0.4131008089
v 203.1410065 1.988250136 368.9339905
vn 0.01928251237 0.9098356962 -0.4145204425
v 203.272995 1.966779947 368.8930054
vn 0.022821391 0.323361069 -0.9460003972
v 203.1419983 1.923349977 368.875
vn 0.022821391 0.323361069 -0.9460003972
v 203.2810059 1.9230901 368.8779907
vn 0.02093101107 0.328365773 -0.9443187118
v 203.272995 1.966779947 368.8930054
vn 0.01483680308 0.9098288417 -0.4147184491
v 203.1360016 1.968500137 368.8900146
vn 0.02042478882 0.9111638665 -0.4115376472
v 203.2819977 1.985900044 368.9349976
vn 0.01253739744 0.9776152372 -0.2100268304
v 203.3930054 1.966210008 368.8930054
vn 0.004759535193 0.3177888989 -0.9481495619
v 203.2810059 1.9230901 368.8779907
vn 0.004759535193 0.3177888989 -0.9481495619
v 203.3990021 1.923099995 368.8789978
vn 0.008087707683 0.3100298047 -0.9506924152
v 203.3930054 1.966210008 368.8930054
vn 0.003980094101 0.9112283587 -0.4118823707
v 203.3990021 1.98506999 368.9349976
vn 0.004410532769 0.9767536521 -0.2143196315
v 203.5039978 1.966089964 368.8930054
vn 0.001213935902 0.9123768806 -0.4093494415
v 203.3930054 1.966210008 368.8930054
vn 0.0003342684358 0.3090645373 -0.9510409832
v 203.5050049 1.923099995 368.8779907
vn -0.01206087321 0.3257366717 -0.9453836083
v 203.6360016 1.966400027 368.8909912
vn -0.01329595223 0.3242199719 -0.9458882809
v 203.6340027 1.921830058 368.8760071
vn -0.0114308456 0.3191063404 -0.9476499557
v 203.6340027 1.985290051 368.9339905
vn -0.007172686048 0.9140828848 -0.4054640234
v 203.6360016 1.966400027 368.8909912
vn -0.008291893639 0.9153741598 -0.4025188088
v 203.5059967 1.984900117 368.9349976
vn -0.00112031796 0.9831184745 -0.1829665452
v 203.4100037 1.987769961 368.9909973
vn 0.00366592058 0.9988076687 -0.04868100956
v 203.5090027 1.987579942 368.9909973
vn -0.001907722792 0.9988619089 -0.0476571247
v 203.6340027 1.985290051 368.9339905
vn -0.003392137587 0.9988625646 -0.04756103083
v 203.6360016 1.987959862 368.9899902
vn -0.003365758806 0.9988654256 -0.04750330374
v 203.2969971 1.988630056 368.9920044
vn 0.01074484643 0.9986608624 -0.05060680956
v 203.151001 1.991079926 368.9930115
vn 0.03081096336 0.9980891347 -0.05356137827
v 203.1410065 1.988250136 368.9339905
vn 0.04562287033 0.9975253344 -0.05349576473
v 203.0039978 1.999660015 368.993988
vn 0.05902768299 0.9967530966 -0.05476300418
v 203 1.996559978 368.9299927
vn 0.06022190675 0.9968270063 -0.05204997212
v 203.1549988 1.988250136 369.052002
vn 0.05672738329 0.9974194169 0.04400609434
v 203.151001 1.991079926 368.9930115
vn 0.01708292216 0.9987602234 0.04675713554
v 203.4100037 1.987769961 368.9909973
vn 0.006107136142 0.9988828301 0.04685984552
v 203.151001 1.991079926 368.9930115
vn 0.05764244497 0.9972720742 0.0461062938
v 203.0050049 1.996559978 369.0570068
vn 0.05764244497 0.9972720742 0.0461062938
v 203.0039978 1.999660015 368.993988
vn 0.05851778388 0.9971261621 0.04811574519
v 202.8609924 2.020230055 368.993988
vn 0.1231763512 0.9883198142 0.08973003924
v 203.0050049 1.996559978 369.0570068
vn 0.1231763512 0.9883198142 0.08973003924
v 202.8619995 2.010730028 369.0669861
vn 0.1065713167 0.9861775041 0.1268717051
v 203.4149933 1.98506999 369.0480042
vn 0.006237308495 0.9760397673 0.2175026983
v 203.5090027 1.987579942 368.9909973
vn 0.0002460641845 0.9988660216 0.04760879278
v 203.3049927 1.966779947 369.0910034
vn 0.009482896887 0.9112040401 0.4118461907
v 203.4160004 1.966210008 369.0899963
vn 0.008399023674 0.9122610688 0.4095230997
v 203.4160004 1.923099995 369.1040039
vn 0.01022180077 0.3095024526 0.9508436918
v 203.5110016 1.966089964 369.0889893
vn 0.01022180077 0.3095024526 0.9508436918
v 203.5119934 1.923099995 369.1029968
vn 0.00997381378 0.3099952936 0.9506857991
v 203.5110016 1.984900117 369.0469971
vn -2.38765424e-05 0.9788615108 0.2045241892
v 203.6360016 1.987959862 368.9899902
vn -0.003115732921 0.9989000559 0.04678650945
v 203.6349945 1.985349894 369.0469971
vn -0.003625550075 0.998949945 0.0456712991
v 203.4160004 1.966210008 369.0899963
vn 0.005700303707 0.9124314189 0.4091899991
v 203.5110016 1.966089964 369.0889893
vn -0.001872084686 0.9136923552 0.4064022005
v 203.6349945 1.985349894 369.0469971
vn -0.004661890678 0.9140883088 0.4054883718
v 203.6380005 1.966920018 369.0889893
vn -0.005983729381 0.9155148864 0.4022396207
v 203.6369934 1.923159957 369.1040039
vn -0.004910372198 0.317262888 0.9483249187
v 203.5110016 1.966089964 369.0889893
vn -0.004910372198 0.317262888 0.9483249187
v 203.6380005 1.966920018 369.0889893
vn -0.002121453173 0.3245838583 0.9458545446
v 203.029007 1.853839874 368.9259949
vn 0.09324777871 -0.9907513261 -0.09857326746
v 202.9380035 1.838510036 368.993988
vn 0.09324777871 -0.9907513261 -0.09857326746
v 202.9279938 1.849210024 368.9100037
vn 0.06651763618 -0.9887598753 -0.1339004338
v 203.0319977 1.850739837 368.9930115
vn 0.1283279657 -0.9903916121 -0.05154013261
v 203.0319977 1.850739837 368.9930115
vn 0.1293714941 -0.9903868437 0.04895840958
v 203.0299988 1.853839874 369.0610046
vn 0.09459180385 -0.9907991886 0.09679561108
v 202.9380035 1.838510036 368.993988
vn 0.09459180385 -0.9907991886 0.09679561108
v 202.9290009 1.849210024 369.0780029
vn 0.0677434504 -0.9887729287 0.1331874728
v 203 1.996559978 368.9299927
vn 0.1247885376 0.9876956344 -0.09426121414
v 202.8609924 2.020230055 368.993988
vn 0.1247885376 0.9876956344 -0.09426121414
v 203.0039978 1.999660015 368.993988
vn 0.1421462148 0.988217473 -0.05675073713
v 202.8619995 2.010730028 368.9219971
vn 0.1086644977 0.9857305884 -0.1285582483
v 202.5379944 0.8313930631 369.07901
vn -0.2070125937 -0.06158624962 0.9763979316
v 202.4839935 0.8226089478 369.0669861
vn -0.400434792 -0.08448561281 0.9124221206
v 202.5359955 0.737079978 369.0599976
vn -0.1680030376 -0.1279990226 0.9774411917
v 202.4889984 0.8734359741 369.0639954
vn -0.4367874265 0.1556191593 0.8860019445
v 202.5359955 0.8734359741 369.0750122
vn -0.2205107957 0.1732723564 0.9598706365
v 202.4830017 0.7339658737 369.0509949
vn -0.3787012696 -0.09070137888 0.9210638404
v 202.5359955 0.60276407 369.053009
vn -0.1733209938 -0.02979391254 0.9844146371
v 202.4539948 0.8734359741 369.0339966
vn -0.8599555492 0.0760525763 0.50467062
v 202.4539948 0.8158938885 369.0369873
vn -0.8709148169 -0.07194588333 0.4861390889
v 202.4949951 0.9206530452 369.0549927
vn -0.3710761964 0.4374187291 0.8191259503
v 202.5359955 0.9206530452 369.0639954
vn -0.191324994 0.4931827784 0.8486256599
v 202.4649963 0.9206530452 369.0289917
vn -0.7620162368 0.4008822441 0.508551538
v 202.4499969 0.8137519956 368.993988
vn -0.9956904054 -0.08521030098 0.03660293669
v 202.4409943 0.8734359741 368.9930115
vn -0.9963172078 0.08433660865 -0.01546950638
v 202.5119934 0.9552189112 369.0280151
vn -0.2208693624 0.7924268842 0.5685739517
v 202.5359955 0.9552189112 369.0339966
vn -0.135416463 0.8284843564 0.5433930755
v 202.5359955 0.9678710699 368.9920044
vn -0.1767836213 0.984249711 -5.114270454e-17
v 202.4949951 0.9552189112 369.0130005
vn -0.5124502778 0.7894138098 0.3379652798
v 202.4539948 0.9206530452 368.9930115
vn -0.8319568038 0.5548404455 -2.162698949e-17
v 202.4889984 0.9552189112 368.9930115
vn -0.4990079403 0.866597414 -5.30637885e-17
v 202.4949951 0.9552189112 368.9719849
vn -0.5182240009 0.7871501446 -0.3344226778
v 202.5119934 0.9552189112 368.9570007
vn -0.2234341502 0.7911887169 -0.5692957044
v 202.5359955 0.9552189112 368.9509888
vn -0.1370442957 0.8257502913 -0.5471336842
v 202.5350037 0.9206530452 368.92099
vn -0.1948690563 0.4952095151 -0.8466366529
v 202.4949951 0.9206530452 368.9299927
vn -0.3798884153 0.4393830597 -0.8140192032
v 202.5350037 0.8734359741 368.9100037
vn -0.2216627151 0.1740480214 -0.9594649076
v 202.4649963 0.9206530452 368.9570007
vn -0.7665247321 0.4038310945 -0.4993598759
v 202.4880066 0.8734359741 368.92099
vn -0.4457373023 0.1534878165 -0.881906867
v 202.5379944 0.832472086 368.9060059
vn -0.2101062536 -0.07398181409 -0.9748753905
v 202.4539948 0.8734359741 368.9509888
vn -0.8136501908 0.1052123755 -0.5717549324
v 202.5390015 0.3433159292 368.8970032
vn 0.2021591514 0.7966079712 -0.5696906447
v 202.5899963 0.3135288358 368.82901
vn 0.445910275 0.8606773615 -0.2457611263
v 202.5379944 0.3221588433 368.8309937
vn 0.1414204687 0.9592244625 -0.2447215766
v 202.5390015 0.3883401155 368.9249878
vn 0.1467696726 0.5221728683 -0.8401155472
v 202.5930023 0.3876458406 368.9339905
vn 0.5096622705 0.3913354576 -0.7662250996
v 202.5780029 0.3037640452 368.7720032
vn 0.3444633484 0.8951881528 -0.2828130126
v 202.5379944 0.3068511188 368.7630005
vn 0.1801823229 0.9015598893 -0.3933498561
v 202.6000061 0.3335061073 368.9089966
vn 0.6891508698 0.5871784091 -0.424608767
v 202.5890045 0.2837608457 368.7470093
vn 0.6435990334 0.520788312 -0.5608563423
v 202.5379944 0.282892108 368.7210083
vn 0.3291318715 0.6674042344 -0.6680148244
v 202.5379944 0.2487840503 368.7049866
vn 0.4569323659 0.1131048277 -0.8822811842
v 202.6119995 0.2884170413 368.8169861
vn 0.9044548273 0.3900022209 -0.1727997065
v 202.6170044 0.2941351831 368.8980103
vn 0.945989728 0.3104765415 -0.09331555665
v 202.5910034 0.250251174 368.7330017
vn 0.7992776632 0.07729908824 -0.5959698558
v 202.6150055 0.2543461025 368.8089905
vn 0.9821905494 0.001546066836 -0.1878810525
v 202.5890045 0.2143508494 368.7380066
vn 0.7246579528 -0.3865008652 -0.5705154538
v 202.5379944 0.2118178308 368.7120056
vn 0.4049170315 -0.5337600708 -0.742389679
v 202.5379944 0.1875769198 368.7489929
vn 0.2393315136 -0.9067726135 -0.3471078575
v 202.6190033 0.2584969103 368.8940125
vn 0.9993847013 -0.01070844196 -0.03339985013
v 202.5780029 0.1932669431 368.7590027
vn 0.4210722446 -0.892373085 -0.1623835862
v 202.5379944 0.1840619743 368.8190002
vn 0.1731891036 -0.9848852158 0.0025876211
v 202.6119995 0.2191880047 368.8110046
vn 0.8952106237 -0.4268411696 -0.1280801594
v 202.6150055 0.2241459042 368.894989
vn 0.9161144495 -0.4007502794 -0.01155377366
v 202.5890045 0.1934381723 368.8179932
vn 0.4280245006 -0.9036931396 0.01156681962
v 202.5390015 0.1893601716 368.8970032
vn 0.1749944687 -0.9836091399 0.04347384349
v 202.5919952 0.1985730678 368.8970032
vn 0.4202051461 -0.9072784781 0.01653444953
v 202.5390015 0.1890209615 368.9509888
vn 0.1756618917 -0.9837610722 -0.03683800623
v 202.6159973 0.2249879688 368.9509888
vn 0.9309642315 -0.3650313318 -0.007595304865
v 202.5919952 0.1985741556 368.9519958
vn 0.4325877428 -0.8994358778 -0.06231351569
v 202.5390015 0.1838918328 368.9880066
vn 0.1912114918 -0.9748626351 -0.1143721193
v 202.6190033 0.2602069974 368.9509888
vn 0.9997839928 -0.01914087124 -0.008100467734
v 202.6190033 0.2966829836 368.9530029
vn 0.9896795154 0.1156192794 -0.08465597779
v 202.6190033 0.2602859437 368.9890137
vn 0.9987721443 -0.04141525924 0.02718369476
v 202.6170044 0.3364169002 368.9570007
vn 0.9552006125 0.1053033769 -0.276591748
v 202.6159973 0.3876761198 368.9599915
vn 0.9560782313 0.02810823917 -0.2917607427
v 202.6190033 0.2974179685 368.9899902
vn 0.9994168282 0.00840642862 0.03309513628
v 202.6190033 0.3369381428 368.9909973
vn 0.999971211 0.004403944593 0.006178423762
v 202.6190033 0.3877629936 368.9920044
vn 0.999512136 -0.0006019845023 0.03122783452
v 202.6159973 0.2599881887 369.0220032
vn 0.9275316 -0.03582315892 0.3720239699
v 202.6159973 0.3371129632 369.0230103
vn 0.9350426197 -0.004042516928 0.3545123041
v 202.6159973 0.3877720237 369.0239868
vn 0.8435429931 -0.005492748693 0.5370335579
v 202.6159973 0.2977968454 369.0230103
vn 0.9060152769 -0.004077221733 0.4232252836
v 202.5930023 0.3370671868 369.04599
vn 0.3990087807 -0.001216692734 0.9169462919
v 202.5930023 0.3877471387 369.04599
vn 0.3527080715 5.729714667e-17 0.9357334375
v 202.5390015 0.3876750469 369.053009
vn 0.1300648898 0.001268597669 0.9915046692
v 202.5399933 0.3366670609 369.053009
vn 0.1312590092 0.0009954539128 0.991347611
v 202.5930023 0.2975718975 369.04599
vn 0.3675583005 -0.002410933143 0.9299973845
v 202.5399933 0.2963899076 369.053009
vn 0.1312664598 6.070250367e-17 0.9913471341
v 202.5930023 0.259065032 369.04599
vn 0.3763118386 -0.02138601057 0.9262462258
v 202.5399933 0.2572050095 369.053009
vn 0.1334532797 -0.01861590706 0.9908802509
v 202.6130066 0.2207459509 369.0220032
vn 0.8492588997 -0.3523694575 0.3931858242
v 202.5910034 0.219302997 369.0450134
vn 0.3110785186 -0.1261862963 0.9419698119
v 202.5399933 0.2169109136 369.052002
vn 0.1351013929 -0.1647256613 0.9770430326
v 202.5789948 0.1945120096 369.0400085
vn 0.3332183957 -0.6195678115 0.7107047439
v 202.5399933 0.1885000914 369.0429993
vn 0.1572103649 -0.6500152349 0.7434816957
v 202.5390015 0.1800549924 369.019989
vn 0.1991419941 -0.9727199674 0.1189887598
v 202.5899963 0.1909408271 369.0209961
vn 0.3989112079 -0.914839685 0.06275513023
v 202.5930023 0.1942888796 368.9890137
vn 0.5177103877 -0.8529950976 -0.06614603102
v 202.6159973 0.2229509503 368.9890137
vn 0.9259909987 -0.3774145544 0.009946153499
v 202.4779968 0.3326171935 368.9079895
vn -0.6931732893 0.5864521861 -0.419028163
v 202.5390015 0.3433159292 368.8970032
vn -0.2051562369 0.797221601 -0.5677575469
v 202.4869995 0.3131269217 368.8280029
vn -0.4641520083 0.854106009 -0.2346611321
v 202.4850006 0.3875128329 368.9339905
vn -0.4984077811 0.399215281 -0.769556284
v 202.5390015 0.3883401155 368.9249878
vn -0.1480274796 0.5220739245 -0.8399563432
v 202.5379944 0.3221588433 368.8309937
vn -0.143710047 0.9600200057 -0.2402271032
v 202.4609985 0.3348928392 368.95401
vn -0.9538336992 0.1137593985 -0.2779569626
v 202.4620056 0.3874461651 368.9590149
vn -0.9539071321 0.03855133802 -0.2976154387
v 202.4980011 0.303787142 368.7709961
vn -0.3540747762 0.8929119706 -0.2780993879
v 202.5379944 0.3068511188 368.7630005
vn -0.1733404845 0.901743412 -0.3959948719
v 202.4869995 0.2834879756 368.7460022
vn -0.6394597888 0.5255419612 -0.5611566305
v 202.5379944 0.282892108 368.7210083
vn -0.320602417 0.669475019 -0.6700875163
v 202.5379944 0.2487840503 368.7049866
vn -0.437150538 0.114085868 -0.8921232224
v 202.4649963 0.2865000665 368.8139954
vn -0.9107627869 0.3814793825 -0.1580653638
v 202.4850006 0.2495259047 368.7309875
vn -0.7898401022 0.07851059735 -0.6082670093
v 202.4869995 0.2137391269 368.7369995
vn -0.7061479688 -0.4010588229 -0.5835296512
v 202.5379944 0.2118178308 368.7120056
vn -0.3871834576 -0.5382253528 -0.7486003041
v 202.4620056 0.2513170838 368.8039856
vn -0.977186203 0.02372263558 -0.2110552341
v 202.5379944 0.1875769198 368.7489929
vn -0.224023357 -0.9103779197 -0.347887367
v 202.4980011 0.1929428875 368.7579956
vn -0.3991648853 -0.9017201662 -0.166036427
v 202.5379944 0.1840619743 368.8190002
vn -0.156365037 -0.9875300527 0.01828425564
v 202.4649963 0.2169329077 368.8070068
vn -0.9202437401 -0.3732099533 -0.1177533343
v 202.4869995 0.1926411688 368.8160095
vn -0.4713870883 -0.8818888664 -0.00814209599
v 202.4850006 0.1971989572 368.8940125
vn -0.3676203489 -0.9293066859 0.03527484089
v 202.5390015 0.1893601716 368.8970032
vn -0.1465303302 -0.9888371229 0.02701878175
v 202.4620056 0.2202019989 368.8869934
vn -0.9023035169 -0.4310981035 -0.001673518913
v 202.4589996 0.2530469894 368.8850098
vn -0.9995261431 -0.006495406851 -0.03008811176
v 202.4859924 0.1969949305 368.947998
vn -0.3645863831 -0.9306945205 -0.02974034101
v 202.5390015 0.1890209615 368.9509888
vn -0.1496189088 -0.9859579206 -0.07416971028
v 202.4620056 0.2204489261 368.9440002
vn -0.897855103 -0.4402773976 0.003464307869
v 202.4589996 0.2538969517 368.9410095
vn -0.9994831681 -0.03140016645 -0.00688499026
v 202.4609985 0.2903509736 368.8919983
vn -0.9504164457 0.2997277379 -0.08289664239
v 202.4589996 0.2921680808 368.9460144
vn -0.989798665 0.1150018871 -0.0841018334
v 202.4589996 0.2541651428 368.9809875
vn -0.9979404211 -0.05037177727 0.0397188887
v 202.4629974 0.2185521275 368.9819946
vn -0.9125577807 -0.4080433846 0.02718342096
v 202.4589996 0.2930191755 368.9840088
vn -0.9989129901 0.005606454331 0.04627492651
v 202.4629974 0.2544420063 369.0150146
vn -0.9285250306 -0.05165128782 0.3676593304
v 202.4859924 0.192759037 368.9859924
vn -0.4068990946 -0.9096997976 -0.08294191957
v 202.5390015 0.1838918328 368.9880066
vn -0.1647774279 -0.9795483351 -0.1154705361
v 202.4660034 0.2167429328 369.0159912
vn -0.8553144336 -0.4019961655 0.3268582523
v 202.4880066 0.1894870549 369.0180054
vn -0.3712742925 -0.9266969562 0.05820820853
v 202.5390015 0.1800549924 369.019989
vn -0.1782803088 -0.9760748148 0.1244751662
v 202.5 0.1931191534 369.0369873
vn -0.3513513505 -0.6033473611 0.7159079313
v 202.5399933 0.1885000914 369.0429993
vn -0.1859675944 -0.6414651871 0.7442704439
v 202.5399933 0.2169109136 369.052002
vn -0.2008781433 -0.162058726 0.9661185145
v 202.4889984 0.2165659368 369.0409851
vn -0.4323988557 -0.1154303625 0.8942634463
v 202.5399933 0.2572050095 369.053009
vn -0.2022565007 -0.01617386937 0.9791989923
v 202.4859924 0.2553500235 369.0419922
vn -0.4946671128 -0.02968544327 0.8685753942
v 202.4629974 0.2938111126 369.0169983
vn -0.9077111483 -0.01587155834 0.4192952812
v 202.4859924 0.2949019074 369.0419922
vn -0.4230801165 -0.01206592843 0.906011939
v 202.5399933 0.2963899076 369.053009
vn -0.1938067079 -0.008185314946 0.981005609
v 202.4589996 0.3354079425 368.9880066
vn -0.9997606874 0.002867169911 0.0216882769
v 202.4589996 0.387520045 368.9899902
vn -0.9985384345 -0.001225601416 0.05403268337
v 202.4629974 0.3357258737 369.0190125
vn -0.9028532505 -0.01303398144 0.4297512472
v 202.4629974 0.3875470757 369.019989
vn -0.8389828801 -0.005555074196 0.5441294312
v 202.4859924 0.3361378908 369.0429993
vn -0.4146510959 -0.008662929758 0.9099392295
v 202.5399933 0.3366670609 369.053009
vn -0.1834201217 -0.001274476061 0.9830337763
v 202.4859924 0.3875939548 369.0429993
vn -0.3146508932 -0.001413714141 0.9492064118
v 202.5390015 0.3876750469 369.053009
vn -0.1855456233 -0.003607829334 0.9826290011
v 202.5890045 0.7397748232 369.0509949
vn 0.3758505285 -0.1016692072 0.9210861921
v 202.5879974 0.8394790888 369.0660095
vn 0.541633904 -0.06038242951 0.8384429812
v 202.5379944 0.8313930631 369.07901
vn 0.2267449945 -0.09814599901 0.9689964056
v 202.5359955 0.737079978 369.0599976
vn 0.1582523435 -0.08524238318 0.9837123156
v 202.5879974 0.6035271883 369.04599
vn 0.3397226036 -0.01989657246 0.940315187
v 202.5359955 0.60276407 369.053009
vn 0.1340833753 -0.02512761392 0.9906514287
v 202.5379944 0.4722251594 369.053009
vn 0.1321806908 0.002295320621 0.9912229776
v 202.6119995 0.740660131 369.0270081
vn 0.8715316057 -0.07524760813 0.484531194
v 202.5910034 0.4724050164 369.04599
vn 0.3806348145 0.009398582391 0.92467767
v 202.5390015 0.3876750469 369.053009
vn 0.1300648004 0.002310601762 0.9915028214
v 202.5930023 0.3877471387 369.04599
vn 0.4545992911 0.01072688121 0.8906314969
v 202.6109924 0.6039968729 369.0230103
vn 0.9232522249 0.005422281101 0.3841560781
v 202.6139984 0.4725560546 369.0239868
vn 0.9007583857 0.02236509882 0.4337442815
v 202.6159973 0.3877720237 369.0239868
vn 0.9007444382 0.02123630978 0.4338300526
v 202.6190033 0.3877629936 368.9920044
vn 0.9997163415 0.02381622232 -6.014252358e-05
v 202.6170044 0.4726631343 368.9920044
vn 0.9996759892 0.02474728227 -0.005958319642
v 202.6139984 0.6042701006 368.9930115
vn 0.9998406172 0.00751419412 -0.01619641483
v 202.6139984 0.4727229476 368.9609985
vn 0.9204626679 0.02821646631 -0.3898105621
v 202.6159973 0.3876761198 368.9599915
vn 0.8503503203 0.03791737556 -0.5248491764
v 202.6100006 0.6044769883 368.9620056
vn 0.9170903563 0.0102193933 -0.3985483646
v 202.6150055 0.7408079505 368.9930115
vn 0.9988653064 -0.04489368573 -0.01589495316
v 202.5899963 0.472707808 368.9379883
vn 0.4391777515 0.03575349227 -0.8976884484
v 202.5930023 0.3876458406 368.9339905
vn 0.4135864675 0.05732138082 -0.9086586237
v 202.5390015 0.3883401155 368.9249878
vn 0.1583884954 0.05616579577 -0.9857780933
v 202.5379944 0.4726029336 368.9299927
vn 0.1518494487 0.02303182893 -0.9881352782
v 202.5870056 0.6043980718 368.9389954
vn 0.348074764 -0.008333585225 -0.9374297261
v 202.5350037 0.6038490534 368.9309998
vn 0.1520551294 -0.008827349171 -0.9883325696
v 202.5339966 0.7385877967 368.927002
vn 0.1528815925 -0.07980203629 -0.9850171804
v 202.6109924 0.7413270473 368.9599915
vn 0.8950508237 -0.07481702417 -0.4396435022
v 202.5870056 0.7409881949 368.9349976
vn 0.4156866372 -0.1225616112 -0.9012120962
v 202.5379944 0.832472086 368.9060059
vn 0.2123808116 -0.109253861 -0.9710602164
v 202.6289978 0.840067029 368.993988
vn 0.9968413711 -0.07914084196 -0.006633093115
v 202.6210022 0.8411729336 368.946991
vn 0.859010458 -0.08957538009 -0.5040607452
v 202.5919952 0.8403409719 368.9190063
vn 0.4752239883 -0.0618757382 -0.8776865005
v 202.5870056 0.8734359741 368.9219971
vn 0.4319810271 0.1933654994 -0.8809098601
v 202.6170044 0.8734359741 368.9509888
vn 0.8534927964 0.1695955545 -0.4927345812
v 202.5350037 0.8734359741 368.9100037
vn 0.2179675102 0.1825776845 -0.9587259889
v 202.6210022 0.8406960368 369.0350037
vn 0.867621541 -0.0614133887 0.4934179187
v 202.6179962 0.8734359741 369.0329895
vn 0.8355483413 0.1566740125 0.5266044736
v 202.6300049 0.8734359741 368.9920044
vn 0.9840090871 0.1776818782 -0.01246217266
v 202.6060028 0.9206530452 368.9559937
vn 0.7674084902 0.4006058276 -0.5005988479
v 202.576004 0.9206530452 368.9299927
vn 0.3660514653 0.4330672026 -0.8236863017
v 202.5350037 0.9206530452 368.92099
vn 0.1872402281 0.4849196076 -0.8542798758
v 202.5829926 0.8734359741 369.0639954
vn 0.443631947 0.1816256791 0.8776119947
v 202.5359955 0.8734359741 369.0750122
vn 0.2269927859 0.1867857724 0.9558165669
v 202.6069946 0.9206530452 369.0280151
vn 0.7665691376 0.3973331749 0.5044780374
v 202.5769958 0.9206530452 369.0539856
vn 0.3775064945 0.4366281033 0.8166056275
v 202.5359955 0.9206530452 369.0639954
vn 0.2078418136 0.4878251255 0.8478375077
v 202.6179962 0.9206530452 368.9920044
vn 0.8366954923 0.5475903749 -0.009244238026
v 202.5769958 0.9552189112 369.0130005
vn 0.5161015391 0.7878037095 0.3361614048
v 202.5599976 0.9552189112 369.0280151
vn 0.2277310044 0.7887471914 0.5709785223
v 202.5359955 0.9552189112 369.0339966
vn 0.135416463 0.8284843564 0.5433930755
v 202.5359955 0.9678710699 368.9920044
vn 0.1755072176 0.984478116 -6.028189887e-17
v 202.5829926 0.9552189112 368.9920044
vn 0.4990079403 0.866597414 -4.283150145e-17
v 202.5769958 0.9552189112 368.9710083
vn 0.5142179132 0.7849048972 -0.3456939161
v 202.5590057 0.9552189112 368.9559937
vn 0.216577813 0.7867813706 -0.5779871345
v 202.5359955 0.9552189112 368.9509888
vn 0.1198150441 0.8259545565 -0.5508569479
v 202.4859924 0.823611021 368.9179993
vn -0.4211914241 -0.09986776114 -0.9014567137
v 202.5339966 0.7385877967 368.927002
vn -0.1603409052 -0.1267311126 -0.9788922668
v 202.4539948 0.8164950013 368.9519958
vn -0.8844035864 -0.08624404669 -0.4586853385
v 202.4830017 0.7353760004 368.9349976
vn -0.3902604878 -0.07653164864 -0.9175181985
v 202.5350037 0.6038490534 368.9309998
vn -0.1528533846 -0.0127319498 -0.9881668687
v 202.4600067 0.7329410315 368.9599915
vn -0.8978816867 -0.04947590083 -0.4374477863
v 202.4839935 0.603120923 368.9389954
vn -0.4526205361 -0.01406896766 -0.8915922642
v 202.4850006 0.4724648595 368.9379883
vn -0.3804109395 0.01942260563 -0.924613595
v 202.5379944 0.4726029336 368.9299927
vn -0.1492069066 0.02480775304 -0.9884947538
v 202.4609985 0.6025499105 368.9620056
vn -0.9193642735 -0.00717611704 -0.3933419287
v 202.5390015 0.3883401155 368.9249878
vn -0.1571475863 0.05153476447 -0.9862295985
v 202.4850006 0.3875128329 368.9339905
vn -0.4042640924 0.0429950729 -0.9136312008
v 202.4620056 0.3874461651 368.9590149
vn -0.8467019796 0.01499540266 -0.5318561196
v 202.4620056 0.4723531306 368.9599915
vn -0.9230051041 0.00180320756 -0.3847834468
v 202.4589996 0.387520045 368.9899902
vn -0.9997591376 0.0002482665004 -0.0219453387
v 202.4589996 0.4722500145 368.9909973
vn -0.999977529 -0.006109402981 -0.002750841901
v 202.4629974 0.3875470757 369.019989
vn -0.8894314766 -0.008286533877 0.4569934309
v 202.4559937 0.7317828536 368.9930115
vn -0.9996075034 -0.02801153995 -0.0003651278676
v 202.4579926 0.6021599174 368.9920044
vn -0.9997410178 -0.01096928399 0.01993986405
v 202.4620056 0.4721429646 369.0209961
vn -0.8900717497 -0.01285845786 0.4556390941
v 202.4609985 0.6019461751 369.0220032
vn -0.926369369 -0.01717133634 0.3762245774
v 202.4600067 0.7321000695 369.0270081
vn -0.8971934319 -0.0599107109 0.4375553131
v 202.4839935 0.6021069288 369.0440063
vn -0.4795916677 -0.02988917194 0.8769825697
v 202.4859924 0.4721130431 369.0429993
vn -0.3705665767 -0.007586288732 0.9287748933
v 202.5379944 0.4722251594 369.053009
vn -0.1880235225 -0.001886448939 0.982162714
v 202.4859924 0.3875939548 369.0429993
vn -0.3186120987 -0.000883058703 0.947884798
v 202.5390015 0.3876750469 369.053009
vn -0.1855484396 -0.00221007783 0.982632637
v 202.0059967 0.8313930631 369.0820007
vn 0.2198634595 -0.06472882628 0.9733808041
v 202.0090027 0.737079978 369.0629883
vn 0.1877832115 -0.1275809705 0.9738894105
v 202.0599976 0.8226089478 369.0690002
vn 0.4131172299 -0.08656600118 0.9065541625
v 202.0549927 0.8734359741 369.0669861
vn 0.4450371265 0.1555584818 0.8818976879
v 202.0079956 0.8734359741 369.0780029
vn 0.227074936 0.1799388528 0.9571096897
v 202.0610046 0.7339658737 369.053009
vn 0.3882928789 -0.0880452469 0.9173203707
v 202.0079956 0.60276407 369.0559998
vn 0.1733255982 -0.02960649878 0.9844194651
v 202.0899963 0.8158938885 369.0390015
vn 0.8751652241 -0.07175608724 0.4784735143
v 202.048996 0.9206530452 369.0570068
vn 0.3775064945 0.4366281033 0.8166056275
v 202.0079956 0.9206530452 369.0669861
vn 0.2003131509 0.4922809303 0.847073853
v 202.0899963 0.8734359741 369.0360107
vn 0.8671881557 0.07402856648 0.4924474359
v 202.0789948 0.9206530452 369.0310059
vn 0.7666177154 0.3973876536 0.5043613315
v 202.0319977 0.9552189112 369.0310059
vn 0.2200582474 0.790248394 0.5719107389
v 202.0079956 0.9552189112 369.0360107
vn 0.1136204824 0.8307716846 0.5448933244
v 202.048996 0.9552189112 369.0159912
vn 0.5161271691 0.7878192067 0.336085856
v 202.0079956 0.9678710699 368.9949951
vn 0.1741704643 0.9847155213 -5.119570034e-17
v 202.0549927 0.9552189112 368.9949951
vn 0.4990079403 0.866597414 -5.313115491e-18
v 202.0899963 0.9206530452 368.9949951
vn 0.8366945982 0.5475916266 -0.009247372858
v 202.102005 0.8734359741 368.9949951
vn 0.9964014292 0.08192203939 -0.02174710296
v 202.048996 0.9552189112 368.973999
vn 0.5141848326 0.7848374248 -0.3458962739
v 202.0780029 0.9206530452 368.9590149
vn 0.7630005479 0.3978730738 -0.5094380975
v 202.0310059 0.9552189112 368.9590149
vn 0.2209176272 0.788261652 -0.5743160844
v 202.0079956 0.9552189112 368.95401
vn 0.1186956987 0.8295246959 -0.5457106829
v 202.0070038 0.9206530452 368.9230042
vn 0.2026852369 0.4898122847 -0.8479402065
v 202.0480042 0.9206530452 368.9330139
vn 0.3745244145 0.4375427961 -0.8174886703
v 202.0070038 0.8734359741 368.9119873
vn 0.224431023 0.1756995916 -0.958519876
v 202.0549927 0.8734359741 368.9230042
vn 0.4370744526 0.1564509869 -0.8857138157
v 202.0050049 0.832472086 368.9089966
vn 0.1962760091 -0.07253583521 -0.9778621197
v 202.0890045 0.8734359741 368.9530029
vn 0.8090642095 0.1157662347 -0.5762059689
v 202.0039978 0.3433159292 368.8999939
vn -0.2100901008 0.7975074053 -0.5655475855
v 201.9519958 0.3135288358 368.8320007
vn -0.4496979713 0.8606024981 -0.239029482
v 201.9429932 0.3335061073 368.9129944
vn -0.6919757724 0.5874822736 -0.4195641875
v 202.0039978 0.3221588433 368.8340149
vn -0.1413092464 0.9597796202 -0.2426000834
v 201.9499969 0.3876458406 368.9379883
vn -0.5107161403 0.3948946297 -0.7636932135
v 202.0039978 0.3883401155 368.928009
vn -0.161543265 0.5213656425 -0.837903142
v 201.9629974 0.3037640452 368.7749939
vn -0.3483327329 0.895097971 -0.2783234715
v 202.003006 0.3068511188 368.7659912
vn -0.1799797118 0.9020080566 -0.3924140036
v 201.9519958 0.2837608457 368.75
vn -0.6485131979 0.5227384567 -0.5533309579
v 202.003006 0.282892108 368.723999
vn -0.3265014291 0.673606813 -0.6630616188
v 202.003006 0.2487840503 368.7070007
vn -0.4664610028 0.1185362414 -0.8765633106
v 201.9299927 0.2884170413 368.8210144
vn -0.9081304073 0.386772424 -0.1603316665
v 201.9499969 0.250251174 368.7359924
vn -0.8058089614 0.07616893202 -0.5872564912
v 201.927002 0.2543461025 368.8120117
vn -0.9841355085 0.004980407655 -0.1773484498
v 201.9519958 0.2143508494 368.7409973
vn -0.7316318154 -0.3883321881 -0.560279429
v 202.003006 0.2118178308 368.7139893
vn -0.4148662686 -0.5390699506 -0.7330003977
v 202.003006 0.1875769198 368.7520142
vn -0.241478458 -0.9073189497 -0.3441808224
v 201.9259949 0.2941351831 368.9020081
vn -0.946811378 0.3114019334 -0.08109878004
v 201.923996 0.2584969103 368.8970032
vn -0.9997484684 -0.005545596592 -0.0217320025
v 201.9629974 0.1932669431 368.7619934
vn -0.425747484 -0.8905425072 -0.1602283865
v 202.003006 0.1840619743 368.821991
vn -0.1728929281 -0.9849305749 0.004453844391
v 201.9299927 0.2191880047 368.8150024
vn -0.9002914429 -0.4171978831 -0.1241821572
v 201.9519958 0.1934381723 368.821991
vn -0.4288707972 -0.9032142162 0.01655147225
v 202.0039978 0.1893601716 368.8999939
vn -0.174536854 -0.9835278392 0.04700909555
v 201.927002 0.2241459042 368.8980103
vn -0.9189329743 -0.3944080174 0.002120694844
v 201.951004 0.1985730678 368.8999939
vn -0.419213742 -0.9075614214 0.02433319204
v 202.0039978 0.1890209615 368.95401
vn -0.1762861609 -0.9836589694 -0.03658184037
v 201.9279938 0.2249879688 368.9549866
vn -0.9297994971 -0.3680542707 0.002983795479
v 201.951004 0.1985741556 368.9559937
vn -0.4378892481 -0.8971329927 -0.05835606158
v 202.0039978 0.1838918328 368.9909973
vn -0.1950044334 -0.9744512439 -0.1114363372
v 201.923996 0.2602069974 368.9549866
vn -0.999801755 -0.01951005682 -0.003974534571
v 201.9250031 0.2966829836 368.9570007
vn -0.9898181558 0.1141942665 -0.08496882021
v 201.923996 0.2602859437 368.9930115
vn -0.998247385 -0.05013498291 0.03144336492
v 201.9279938 0.2229509503 368.9930115
vn -0.9242726564 -0.3812714219 0.01876570098
v 201.951004 0.1942888796 368.9930115
vn -0.5227695107 -0.8503575325 -0.06003408879
v 201.9279938 0.2599881887 369.026001
vn -0.9207342267 -0.0367433764 0.388456434
v 201.9309998 0.2207459509 369.026001
vn -0.8423494697 -0.3525580168 0.407615304
v 201.9539948 0.1909408271 369.0249939
vn -0.3991071284 -0.9145207405 0.06607048959
v 202.0050049 0.1800549924 369.0230103
vn -0.1953688115 -0.9723361135 0.1280370057
v 201.9649963 0.1945120096 369.0429993
vn -0.3122313023 -0.6045994163 0.7327831388
v 202.0050049 0.1885000914 369.0450134
vn -0.1340009868 -0.6375880241 0.7586337924
v 202.0050049 0.2169109136 369.0539856
vn -0.114219375 -0.1728584021 0.9783015251
v 201.9539948 0.219302997 369.0480042
vn -0.2905862331 -0.1298778206 0.9479933381
v 202.0050049 0.2572050095 369.0559998
vn -0.1255791336 -0.02796542645 0.991689384
v 201.951004 0.259065032 369.0490112
vn -0.3601084054 -0.02409781516 0.9325991869
v 202.0050049 0.2963899076 369.0559998
vn -0.1283447742 6.072592281e-17 0.9917296171
v 201.951004 0.2975718975 369.0490112
vn -0.3564436138 -0.007762250956 0.9342845678
v 202.0050049 0.3366670609 369.0559998
vn -0.1161607057 -0.0074164588 0.9932027459
v 201.951004 0.3370671868 369.0499878
vn -0.3903698027 -0.005446283612 0.9206420183
v 202.0050049 0.3876750469 369.0559998
vn -0.11165528 0.001089038211 0.9937463999
v 201.9519958 0.3877471387 369.0499878
vn -0.3523061275 0.006894728635 0.9358594418
v 201.9279938 0.3877720237 369.0270081
vn -0.8385339379 0.004901100881 0.544827342
v 201.9279938 0.3371129632 369.0270081
vn -0.9298189878 0.0001445547823 0.3680171967
v 201.9250031 0.3877629936 368.9960022
vn -0.9990515709 0.01320979465 0.04149102792
v 201.9279938 0.2977968454 369.026001
vn -0.8976394534 -0.007512328681 0.4406665564
v 201.923996 0.3369381428 368.9949951
vn -0.9996806979 0.01492684335 0.0203876216
v 201.9279938 0.3876761198 368.9630127
vn -0.9591097236 0.0461682789 -0.2792435884
v 201.923996 0.2974179685 368.993988
vn -0.9992721677 0.004384208005 0.03789270297
v 201.9259949 0.3364169002 368.9599915
vn -0.9556040764 0.1011587754 -0.2767448723
v 202.0650024 0.3326171935 368.9100037
vn 0.6896897554 0.5878556967 -0.4227927625
v 202.0549927 0.3131269217 368.8299866
vn 0.4600484967 0.8543717265 -0.2416699231
v 202.0039978 0.3433159292 368.8999939
vn 0.1955697834 0.7980805635 -0.569929719
v 202.0039978 0.3221588433 368.8340149
vn 0.1399551779 0.95974648 -0.2435143888
v 202.0579987 0.3875128329 368.9360046
vn 0.4909383953 0.4007516205 -0.7735487223
v 202.0039978 0.3883401155 368.928009
vn 0.1326234639 0.5236378312 -0.8415547609
v 202.0820007 0.3348928392 368.9559937
vn 0.9534425139 0.1142051965 -0.2791138589
v 202.0809937 0.3874461651 368.9609985
vn 0.9539064169 0.03856378421 -0.2976162136
v 202.0429993 0.303787142 368.7739868
vn 0.3487448096 0.8935585022 -0.2827194333
v 202.003006 0.3068511188 368.7659912
vn 0.1694478542 0.9030125737 -0.3947857022
v 202.0540009 0.2834879756 368.7479858
vn 0.6305750012 0.5335998535 -0.5636011958
v 202.003006 0.282892108 368.723999
vn 0.3061942458 0.6784331799 -0.6678124666
v 202.003006 0.2487840503 368.7070007
vn 0.4334970415 0.1202776954 -0.8930921555
v 202.0769958 0.2865000665 368.8160095
vn 0.9064280391 0.3864133656 -0.1705079526
v 202.0559998 0.2495259047 368.7330017
vn 0.7859261632 0.07888767868 -0.6132673621
v 202.0540009 0.2137391269 368.7390137
vn 0.7007039785 -0.408141613 -0.5851789117
v 202.003006 0.2118178308 368.7139893
vn 0.3853845894 -0.5466970801 -0.7433713675
v 202.0800018 0.2513170838 368.8059998
vn 0.9743608236 0.02511631511 -0.2235847861
v 202.003006 0.1875769198 368.7520142
vn 0.2221474946 -0.9126057625 -0.3432217836
v 202.0429993 0.1929428875 368.7609863
vn 0.3944373727 -0.9038405418 -0.165805459
v 202.003006 0.1840619743 368.821991
vn 0.1574414223 -0.9873932004 0.01633438282
v 202.0769958 0.2169329077 368.8089905
vn 0.9125586748 -0.3901054561 -0.122696504
v 202.0839996 0.2530469894 368.8869934
vn 0.9992131591 -0.01451162994 -0.03691200912
v 202.0820007 0.2903509736 368.8940125
vn 0.9491255283 0.3018059134 -0.08985527605
v 202.0540009 0.1926411688 368.8190002
vn 0.4670931697 -0.8841486573 -0.01025182754
v 202.0570068 0.1971989572 368.8959961
vn 0.3691889942 -0.9288981557 0.02911581285
v 202.0039978 0.1893601716 368.8999939
vn 0.1487865746 -0.9885694981 0.02435054258
v 202.0800018 0.2202019989 368.8890076
vn 0.8954340816 -0.4451330602 -0.007372669876
v 202.0839996 0.2538969517 368.9429932
vn 0.9992815256 -0.0365794003 -0.009917809628
v 202.0809937 0.2204489261 368.9450073
vn 0.8980479836 -0.4397430718 -0.01165286824
v 202.0570068 0.1969949305 368.9509888
vn 0.3660148978 -0.9298637509 -0.0372358188
v 202.0039978 0.1890209615 368.95401
vn 0.1480244994 -0.9860449433 -0.07618489861
v 202.0839996 0.2921680808 368.947998
vn 0.9896692634 0.1156424731 -0.08474414051
v 202.0839996 0.2541651428 368.9830017
vn 0.9987767935 -0.04161954671 0.0266970396
v 202.0839996 0.2930191755 368.9849854
vn 0.9994561076 0.006653112825 0.0322997272
v 202.0839996 0.3354079425 368.9899902
vn 0.9999698997 0.003616419155 0.00686737569
v 202.0839996 0.387520045 368.9920044
vn 0.9994704127 -0.0006322818808 0.03253512457
v 202.0809937 0.2185521275 368.9840088
vn 0.9164631963 -0.399977237 0.01065042708
v 202.0809937 0.2544420063 369.0169983
vn 0.9352886081 -0.0440190956 0.3511374295
v 202.0809937 0.2938111126 369.0190125
vn 0.9170412421 -0.01797571965 0.3983870149
v 202.0809937 0.3357258737 369.0209961
vn 0.9102883339 -0.009793099016 0.4138590097
v 202.0809937 0.3875470757 369.0220032
vn 0.8470054269 -0.01021568011 0.531486094
v 202.0579987 0.192759037 368.9880066
vn 0.402874887 -0.9110172391 -0.08797416836
v 202.0039978 0.1838918328 368.9909973
vn 0.1604933888 -0.9800358415 -0.1173526943
v 202.0780029 0.2167429328 369.0180054
vn 0.8607719541 -0.4020374119 0.3121499419
v 202.0559998 0.1894870549 369.019989
vn 0.3705022931 -0.9275513291 0.0487504527
v 202.0050049 0.1800549924 369.0230103
vn 0.1768636256 -0.977185607 0.1175907254
v 202.0449982 0.1931191534 369.0400085
vn 0.3559727967 -0.6032384634 0.7137133479
v 202.0050049 0.1885000914 369.0450134
vn 0.1677007228 -0.6342788935 0.7546964288
v 202.0050049 0.2169109136 369.0539856
vn 0.1943933815 -0.1619414687 0.9674637914
v 202.0559998 0.2165659368 369.0429993
vn 0.4409664869 -0.10902486 0.8908771873
v 202.0050049 0.2572050095 369.0559998
vn 0.2131235152 -0.02751144022 0.9766378403
v 202.0579987 0.2553500235 369.0440063
vn 0.5098513961 -0.03473191336 0.8595610857
v 202.0579987 0.2949019074 369.0450134
vn 0.4370954037 -0.01196654234 0.8993355632
v 202.0050049 0.2963899076 369.0559998
vn 0.202997148 5.995743893e-17 0.9791793227
v 202.0579987 0.3361378908 369.0450134
vn 0.4292934835 -0.00847990904 0.9031252265
v 202.0050049 0.3366670609 369.0559998
vn 0.1967340112 -0.006707638968 0.9804339409
v 202.0579987 0.3875939548 369.04599
vn 0.3296933174 -0.0105931228 0.9440286756
v 202.0050049 0.3876750469 369.0559998
vn 0.1856037378 6.016840969e-17 0.98262465
v 201.9570007 0.8394790888 369.0690002
vn -0.5386977196 -0.05815582722 0.8404895663
v 201.9550018 0.7397748232 369.0549927
vn -0.3739936352 -0.1002864391 0.921993196
v 202.0059967 0.8313930631 369.0820007
vn -0.2205324024 -0.09597541392 0.9706462622
v 202.0090027 0.737079978 369.0629883
vn -0.1448375136 -0.08817763627 0.9855185151
v 201.9559937 0.6035271883 369.0490112
vn -0.3296248317 -0.02260330319 0.9438413978
v 202.0079956 0.60276407 369.0559998
vn -0.1335477531 -0.02839021571 0.9906356335
v 202.0059967 0.4722251594 369.0549927
vn -0.1200321019 0.002113582334 0.9927677512
v 201.9320068 0.740660131 369.0299988
vn -0.8688150644 -0.07466667145 0.4894745052
v 201.9530029 0.4724050164 369.0490112
vn -0.3671880662 0.01212170348 0.930067718
v 202.0050049 0.3876750469 369.0559998
vn -0.1123851463 0.01297547575 0.9935799837
v 201.9519958 0.3877471387 369.0499878
vn -0.4542406499 0.01560317818 0.8907423615
v 201.9329987 0.6039968729 369.0270081
vn -0.9201681614 0.006556913257 0.3914684653
v 201.9299927 0.4725560546 369.0270081
vn -0.8918685317 0.01905202866 0.4518933296
v 201.9279938 0.3877720237 369.0270081
vn -0.8942258954 0.02108262479 0.4471192062
v 201.9250031 0.3877629936 368.9960022
vn -0.9998333454 0.01825623401 -7.595754141e-05
v 201.9230042 0.8406960368 369.0390015
vn -0.8620914221 -0.06548342109 0.5025040507
v 201.9259949 0.4726631343 368.9960022
vn -0.9997330308 0.02310464531 6.222627417e-05
v 201.9299927 0.4727229476 368.9649963
vn -0.9233717322 0.02437871881 -0.3831322789
v 201.9279938 0.3876761198 368.9630127
vn -0.8623436689 0.03798151761 -0.5048968792
v 201.9299927 0.6042701006 368.9960022
vn -0.9999371767 0.0112092467 8.819650247e-05
v 201.9329987 0.6044769883 368.9660034
vn -0.9170022011 0.01199168246 -0.3987018168
v 201.9530029 0.472707808 368.9410095
vn -0.4472991824 0.03688650578 -0.8936234117
v 201.9499969 0.3876458406 368.9379883
vn -0.4181944132 0.04699837044 -0.9071409106
v 202.0039978 0.3883401155 368.928009
vn -0.16724208 0.05063512176 -0.9846147299
v 202.0050049 0.4726029336 368.9330139
vn -0.160026595 0.02643234842 -0.9867587686
v 201.9570007 0.6043980718 368.9429932
vn -0.358198911 -0.007636900526 -0.9336140752
v 202.0079956 0.6038490534 368.9339905
vn -0.1739678234 -0.01229804661 -0.9846745133
v 202.0090027 0.7385877967 368.9289856
vn -0.1838605255 -0.0805099532 -0.979649663
v 201.9559937 0.7409881949 368.9389954
vn -0.4282626212 -0.1218069494 -0.8954072595
v 202.0050049 0.832472086 368.9089966
vn -0.2367066741 -0.1139123514 -0.9648802876
v 201.9329987 0.7413270473 368.9630127
vn -0.8974839449 -0.07565321028 -0.434510231
v 201.9290009 0.7408079505 368.9970093
vn -0.9989995956 -0.04355793819 -0.01012734696
v 201.9149933 0.840067029 368.9970093
vn -0.9963741899 -0.08506989479 0.001260101446
v 201.9219971 0.8411729336 368.9509888
vn -0.8616155982 -0.09419815987 -0.4987437129
v 201.951004 0.8403409719 368.9230042
vn -0.4830323458 -0.06976086646 -0.8728191257
v 201.9259949 0.8734359741 368.95401
vn -0.8570722342 0.1639848799 -0.4884016812
v 201.9559937 0.8734359741 368.9249878
vn -0.4480000138 0.185146451 -0.8746523857
v 202.0070038 0.8734359741 368.9119873
vn -0.2419136167 0.1750821173 -0.9543710351
v 201.9259949 0.8734359741 369.0369873
vn -0.8283990622 0.1524597257 0.538990736
v 201.9129944 0.8734359741 368.9960022
vn -0.9838642478 0.1789166331 1.029390042e-17
v 201.9369965 0.9206530452 368.9599915
vn -0.769945085 0.4118742943 -0.487384975
v 201.9669952 0.9206530452 368.9330139
vn -0.3894051313 0.4380089641 -0.8102541566
v 202.0070038 0.9206530452 368.9230042
vn -0.2042586654 0.4944313765 -0.844876349
v 201.9609985 0.8734359741 369.0669861
vn -0.4396622479 0.1803915501 0.8798613548
v 202.0079956 0.8734359741 369.0780029
vn -0.2267891765 0.1865794808 0.9559051991
v 201.9839935 0.9552189112 368.9590149
vn -0.2278589457 0.7926772833 -0.5654582381
v 202.0079956 0.9552189112 368.95401
vn -0.1133955494 0.8315089345 -0.5438146591
v 202.0079956 0.9678710699 368.9949951
vn -0.1742664576 0.984698534 -6.940114822e-17
v 201.9669952 0.9552189112 368.9750061
vn -0.5203841925 0.7850363851 -0.336032927
v 201.9669952 0.9206530452 369.0570068
vn -0.3775064945 0.4366281033 0.8166056275
v 202.0079956 0.9206530452 369.0669861
vn -0.2003131509 0.4922809303 0.847073853
v 201.9369965 0.9206530452 369.0310059
vn -0.7591233253 0.4026513994 0.5114719868
v 201.9609985 0.9552189112 368.9949951
vn -0.4990079403 0.866597414 -9.499863609e-17
v 201.9259949 0.9206530452 368.9960022
vn -0.8319302201 0.5548802614 -4.021916251e-17
v 201.9669952 0.9552189112 369.0159912
vn -0.5140053034 0.7884888649 0.3377630413
v 201.9839935 0.9552189112 369.0310059
vn -0.2200582474 0.790248394 0.5719107389
v 202.0079956 0.9552189112 369.0360107
vn -0.1136204824 0.8307716846 0.5448933244
v 202.0570068 0.823611021 368.9200134
vn 0.4094536006 -0.09751221538 -0.9071047902
v 202.0090027 0.7385877967 368.9289856
vn 0.166042909 -0.12872307 -0.9776809812
v 202.0899963 0.8164950013 368.9530029
vn 0.8838753104 -0.08232329041 -0.4604208171
v 202.0610046 0.7353760004 368.9379883
vn 0.3835193217 -0.08216556907 -0.9198704958
v 202.0079956 0.6038490534 368.9339905
vn 0.1521434039 -0.01318433043 -0.9882704616
v 202.0930023 0.8137519956 368.9960022
vn 0.9958407879 -0.08472079784 0.0335184969
v 202.0839996 0.7329410315 368.9620056
vn 0.9006840587 -0.05484907702 -0.4309986532
v 202.0839996 0.7321000695 369.0289917
vn 0.9040346146 -0.05820131674 0.4234784245
v 202.0870056 0.7317828536 368.9949951
vn 0.9996302724 -0.02646863274 -0.006223753095
v 202.0590057 0.603120923 368.9419861
vn 0.4401022494 -0.01330378558 -0.8978490829
v 202.0820007 0.6025499105 368.9639893
vn 0.9135146141 -0.006864145398 -0.406747967
v 202.0579987 0.4724648595 368.9400024
vn 0.369749099 0.02167034522 -0.9288789034
v 202.0050049 0.4726029336 368.9330139
vn 0.1307655573 0.02508207038 -0.9910959601
v 202.0039978 0.3883401155 368.928009
vn 0.1389641315 0.05178730935 -0.9889423847
v 202.0579987 0.3875128329 368.9360046
vn 0.3938874006 0.0432073772 -0.9181426167
v 202.0809937 0.3874461651 368.9609985
vn 0.8467006683 0.01509679854 -0.5318553448
v 202.0809937 0.4723531306 368.9620056
vn 0.9156470895 -0.0001870527049 -0.4019830227
v 202.0839996 0.387520045 368.9920044
vn 0.9989994168 -0.007430876605 -0.04410168156
v 202.0850067 0.4722500145 368.9920044
vn 0.9996541142 -0.00897721108 -0.0247194171
v 202.0809937 0.3875470757 369.0220032
vn 0.9009683728 -0.01330517232 0.4336807132
v 202.0859985 0.6021599174 368.993988
vn 0.9999479651 -0.007686682511 0.006707588676
v 202.0820007 0.4721429646 369.0230103
vn 0.8997125626 -0.01175285596 0.4363245964
v 202.0829926 0.6019461751 369.0239868
vn 0.9305700064 -0.01528612152 0.3657948077
v 202.0599976 0.6021069288 369.0469971
vn 0.4917814434 -0.02632495947 0.8703206182
v 202.0590057 0.4721130431 369.04599
vn 0.3729277551 -0.009565747343 0.9278110862
v 202.0059967 0.4722251594 369.0549927
vn 0.1725729853 -0.00229517906 0.9849940538
v 202.0579987 0.3875939548 369.04599
vn 0.3162091672 0.0008889519959 0.9486891031
v 202.0050049 0.3876750469 369.0559998
vn 0.1856093705 0.009526228532 0.9825774431
v 202.3119965 2.367239952 368.7850037
vn 0.07041682303 0.8927397132 -0.4450362027
v 202.2700043 2.296710014 368.7229919
vn 0 0.4788122475 -0.8779173493
v 202.2709961 2.367239952 368.7810059
vn 5.583049341e-18 0.9265168905 -0.3762532175
v 202.2720032 2.406759977 368.993988
vn -0.0005498038954 0.9930047989 -0.1180725098
v 202.2290039 2.367239952 368.7850037
vn -0.07327030599 0.8937196136 -0.4426022768
v 202.2700043 2.177659988 368.6929932
vn -0.004986905027 0.4141508639 -0.9101945758
v 202.2169952 2.296710014 368.7279968
vn -0.1598884314 0.4126319587 -0.8967555761
v 202.2109985 2.177659988 368.697998
vn -0.165150851 0.5069528222 -0.8460047245
v 202.2700043 2.104959965 368.6149902
vn -0.005216339603 0.6983453631 -0.7157419324
v 202.1959991 2.104959965 368.6220093
vn -0.1337740272 0.6824612021 -0.7185758352
v 202.1549988 2.177659988 368.7149963
vn -0.3369903564 0.5473565459 -0.7660537362
v 202.1889954 2.367239952 368.7969971
vn -0.1608070135 0.8942950368 -0.4175852835
v 202.1670074 2.296710014 368.7430115
vn -0.3448482156 0.4126836061 -0.8430728912
v 202.1529999 2.367239952 368.8169861
vn -0.2851592302 0.8649407029 -0.4129912555
v 202.1210022 2.296710014 368.7690125
vn -0.5024394393 0.3835715652 -0.7748725414
v 202.1029968 2.177659988 368.7430115
vn -0.5117718577 0.507201314 -0.6934236884
v 202.0599976 2.104959965 368.6789856
vn -0.4121724367 0.6754880548 -0.6114162207
v 202.0800018 2.296710014 368.803009
vn -0.6471192837 0.40730533 -0.6444680095
v 202.1210022 2.367239952 368.8439941
vn -0.2662441432 0.9264258146 -0.2661752999
v 202.003006 2.104959965 368.7269897
vn -0.5092794299 0.6974672079 -0.5041566491
v 202.0579987 2.177659988 368.7820129
vn -0.6194757223 0.4914367199 -0.6121599674
v 201.9579926 2.02809 368.6830139
vn -0.5645292401 0.5939759612 -0.5731485486
v 202.0200043 2.177659988 368.8269958
vn -0.6919349432 0.5068609715 -0.5141186714
v 202.0939941 2.367239952 368.8760071
vn -0.4117137194 0.8652718067 -0.2860009968
v 202.0460052 2.296710014 368.8439941
vn -0.7703569531 0.3828835785 -0.5098532438
v 201.9550018 2.104979992 368.7850037
vn -0.5914500356 0.6866414547 -0.4227415323
v 201.9900055 2.177659988 368.8789978
vn -0.7611516118 0.5501396656 -0.3435033858
v 202.0189972 2.296710014 368.8909912
vn -0.843999207 0.4174902141 -0.3367004693
v 202.072998 2.367239952 368.9129944
vn -0.418068409 0.8948943019 -0.1561504453
v 202.3769989 2.296710014 369.2430115
vn 0.3411831856 0.4138152599 0.844008863
v 202.4230042 2.296710014 369.2170105
vn 0.5041267872 0.3840127587 0.7735569477
v 202.3899994 2.367239952 369.1690063
vn 0.2856814861 0.8644067049 0.4137476385
v 202.3890076 2.177659988 369.2709961
vn 0.3368271589 0.5477636456 0.7658345103
v 202.3540039 2.367239952 369.1889954
vn 0.1626519263 0.8922826648 0.4211603105
v 202.2720032 2.406759977 368.993988
vn 0.0005531908828 0.9929180741 0.1187998727
v 202.3320007 2.177659988 369.2879944
vn 0.1683879048 0.5053001046 0.846355319
v 202.3480072 2.104959965 369.3640137
vn 0.1349212825 0.6837269068 0.7171567082
v 202.326004 2.296710014 369.2579956
vn 0.1625726819 0.41320315 0.896009624
v 202.3150024 2.367239952 369.2009888
vn 0.07442224026 0.8920754194 0.4457160532
v 202.272995 2.177659988 369.2940063
vn 0.008087956347 0.412891984 0.910744071
v 202.2740021 2.104959965 369.3710022
vn 0.005082230549 0.6987503171 0.7153475881
v 202.2740021 2.02809 369.4349976
vn 0.004769034684 0.606923759 0.7947457433
v 202.1990051 2.104959965 369.3649902
vn -0.1251077354 0.682905972 0.7197135091
v 202.2140045 2.177659988 369.2890015
vn -0.1578572541 0.5061565638 0.84787184
v 202.1580048 2.177659988 369.2730103
vn -0.3298745453 0.5482985973 0.7684734464
v 202.272995 2.296710014 369.2630005
vn 0.008821986616 0.4816546142 0.8763167262
v 202.272995 2.367239952 369.2049866
vn 0.004539228044 0.9255439639 0.3786129057
v 202.2310028 2.367239952 369.2019958
vn -0.06738369912 0.8928218484 0.4453409314
v 202.2200012 2.296710014 369.2590027
vn -0.1532092541 0.4136326909 0.8974602818
v 202.1909943 2.367239952 369.1900024
vn -0.1611231863 0.8926799893 0.4209058881
v 202.1690063 2.296710014 369.243988
vn -0.3341345787 0.4154343903 0.8460309505
v 202.1549988 2.367239952 369.1700134
vn -0.2820383012 0.8642684817 0.4165265262
v 202.1230011 2.296710014 369.2189941
vn -0.4975271225 0.3848851323 0.7773867846
v 202.1060028 2.177659988 369.2449951
vn -0.5057444572 0.5053020716 0.6992084384
v 202.0630035 2.104959965 369.3089905
vn -0.4068259597 0.6770811677 0.6132321954
v 202.0820007 2.296710014 369.1849976
vn -0.6425042152 0.4081587791 0.6485327482
v 202.1230011 2.367239952 369.1440125
vn -0.2651161253 0.9257445931 0.2696486115
v 202.095993 2.367239952 369.1119995
vn -0.4083575308 0.8653904796 0.2904195189
v 202.0059967 2.104959965 369.2619934
vn -0.502250731 0.6988218427 0.509305656
v 201.9609985 2.02809 369.3070068
vn -0.5592344403 0.5942369699 0.578047812
v 202.0599976 2.177659988 369.2070007
vn -0.6157904863 0.491392225 0.6159023643
v 202.0220032 2.177659988 369.1610107
vn -0.6867678761 0.5067617893 0.5210973024
v 202.0469971 2.296710014 369.1440125
vn -0.7624426484 0.3826897144 0.5217564702
v 201.9570007 2.104979992 369.2049866
vn -0.5832052827 0.6891862154 0.429992944
v 201.9019928 2.028140068 369.2409973
vn -0.5985575318 0.6201270223 0.5071206093
v 201.9909973 2.177659988 369.1099854
vn -0.7551119924 0.5534214377 0.3514691889
v 202.0200043 2.296710014 369.0979919
vn -0.8400528431 0.4185497463 0.3451482654
v 202.0740051 2.367239952 369.0750122
vn -0.4162091911 0.8945090175 0.1631673127
v 201.9190063 2.105619907 369.1400146
vn -0.6074123979 0.7205054164 0.3345475793
v 202.0630035 2.367239952 369.0360107
vn -0.442245096 0.8943189979 0.06791770458
v 202.0590057 2.367239952 368.993988
vn -0.3758984804 0.9259705544 0.03576085716
v 202.0010071 2.296710014 368.9949951
vn -0.8722541332 0.4839099944 0.0707379356
v 202.0050049 2.296710014 369.0469971
vn -0.8964264989 0.4160324037 0.1527632773
v 201.9700012 2.177659988 368.9949951
vn -0.905248642 0.4182066023 0.07502111793
v 201.9750061 2.177659988 369.053009
vn -0.8415462971 0.5163312554 0.1587510854
v 201.8919983 2.108360052 368.9949951
vn -0.6181263328 0.7837326527 0.060687121
v 201.897995 2.10781002 369.0690002
vn -0.6185999513 0.7658563852 0.1754938364
v 202.6459961 2.10781002 369.0650024
vn 0.6187723279 0.7669753432 0.1699106544
v 202.5540009 2.177659988 369.1069946
vn 0.7615326047 0.5520306826 0.3396030664
v 202.6260071 2.105619907 369.1359863
vn 0.6115121245 0.7204973698 0.3270113468
v 202.5890045 2.104979992 369.2019958
vn 0.591652751 0.6871163249 0.4216849506
v 202.6519928 2.108360052 368.9909973
vn 0.6188402176 0.7834525108 0.05691208318
v 202.5690002 2.177659988 369.0499878
vn 0.8432694077 0.5157715082 0.1512497962
v 202.5740051 2.177659988 368.9920044
vn 0.9053814411 0.417912513 0.07505732775
v 202.5859985 2.02809 369.3039856
vn 0.5655220151 0.5934430361 0.5727217197
v 202.5410004 2.104959965 369.2590027
vn 0.5044042468 0.7007723451 0.5044744611
v 202.4839935 2.104959965 369.3070068
vn 0.4111750126 0.6767565608 0.6106846333
v 202.5240021 2.177659988 369.1589966
vn 0.6885855794 0.5078542233 0.5176233649
v 202.4400024 2.177659988 369.2430115
vn 0.5139240026 0.5073808432 0.6916984916
v 202.4850006 2.177659988 369.20401
vn 0.6159172058 0.4913550615 0.6158053279
v 202.4640045 2.296710014 369.1830139
vn 0.6458457112 0.4073531628 0.6457141042
v 202.4980011 2.296710014 369.1419983
vn 0.7695689201 0.3854544461 0.5091056228
v 202.5249939 2.296710014 369.0950012
vn 0.8442490101 0.4198019207 0.3331815898
v 202.5390015 2.296710014 369.0440063
vn 0.8968555331 0.4172812402 0.146719113
v 202.5429993 2.296710014 368.9920044
vn 0.8729067445 0.4826641977 0.07119721174
v 202.4810028 2.367239952 369.0329895
vn 0.44294402 0.8939634562 0.06804320216
v 202.4850006 2.367239952 368.9920044
vn 0.3762303293 0.9257990718 0.03669856489
v 202.4700012 2.367239952 369.072998
vn 0.4182360768 0.8947985172 0.1562503576
v 202.4490051 2.367239952 369.1099854
vn 0.4118277133 0.865216732 0.2860034406
v 202.4219971 2.367239952 369.1419983
vn 0.2674140334 0.9257518053 0.267344892
v 202.7100067 2.027810097 368.8250122
vn 0.6586123109 0.6606073976 -0.3603161275
v 202.7640076 1.932829976 368.7810059
vn 0.722871542 0.4992721081 -0.4776861966
v 202.6410065 2.028140068 368.7460022
vn 0.5984851718 0.6175478697 -0.5103431344
v 202.8130035 1.932829976 368.8999939
vn 0.8657585979 0.4532995224 -0.2120887339
v 202.625 2.105619907 368.8460083
vn 0.6092367768 0.7201489806 -0.3319879472
v 202.7230072 2.052479982 368.9110107
vn 0.7116446495 0.6872238517 -0.1458946466
v 202.8190002 1.932829976 368.9899902
vn 0.855622232 0.513818264 -0.06246070191
v 202.7279968 2.055259943 368.9909973
vn 0.7225526571 0.6878657937 -0.06898040324
v 202.6519928 2.108360052 368.9909973
vn 0.6190361381 0.7828156948 -0.06319746375
v 202.6450043 2.10781002 368.9179993
vn 0.6178302169 0.7660976648 -0.1771444827
v 202.5690002 2.177659988 368.9330139
vn 0.8422716856 0.5141797662 -0.1618564874
v 202.5740051 2.177659988 368.9920044
vn 0.9037279487 0.4206024706 -0.07980827242
v 202.552002 2.177659988 368.8760071
vn 0.7551944852 0.5530798435 -0.3518295586
v 202.5870056 2.104979992 368.7810059
vn 0.5865374804 0.6865853667 -0.4296211004
v 202.5820007 2.02809 368.6789856
vn 0.5592628717 0.5932175517 -0.579066515
v 202.5379944 2.104959965 368.723999
vn 0.4990493357 0.6997277141 -0.5112053156
v 202.5220032 2.177659988 368.8250122
vn 0.6851702332 0.5095210075 -0.5205094814
v 202.4830017 2.177659988 368.7799988
vn 0.6121899486 0.4913628399 -0.6195046902
v 202.4620056 2.296710014 368.8009949
vn 0.6446315646 0.406824708 -0.6472586989
v 202.4960022 2.296710014 368.8420105
vn 0.7640258074 0.3834632039 -0.5188646913
v 202.447998 2.367239952 368.875
vn 0.4090631604 0.8652352691 -0.2898884416
v 202.5240021 2.296710014 368.8880005
vn 0.8393219709 0.418282181 -0.3472443521
v 202.4689941 2.367239952 368.9110107
vn 0.416129142 0.894988656 -0.1607228667
v 202.5379944 2.296710014 368.9389954
vn 0.8954981565 0.418007791 -0.1528154463
v 202.5429993 2.296710014 368.9920044
vn 0.8736060262 0.4794898331 -0.08307854086
v 202.4810028 2.367239952 368.9509888
vn 0.4432619214 0.8933257461 -0.07408113033
v 202.4850006 2.367239952 368.9920044
vn 0.3757706285 0.9259886146 -0.03662645072
v 202.125 2.104959965 368.6430054
vn -0.2660433054 0.6775612831 -0.6856614947
v 202.1000061 2.02809 368.5840149
vn -0.3045631051 0.59551543 -0.7433724999
v 202.1829987 2.02809 368.5599976
vn -0.1429391354 0.5963093042 -0.7899263501
v 202.1699982 1.933759928 368.4970093
vn -0.1603445709 0.5016049743 -0.8501070738
v 202.2700043 2.02809 368.552002
vn -0.004843032919 0.6069746017 -0.7947064638
v 202.2689972 1.933759928 368.4880066
vn -0.004515759647 0.5227844119 -0.8524529934
v 202.2689972 1.823549986 368.4320068
vn -0.00713866204 0.412809819 -0.9107892513
v 202.3560028 2.02809 368.5589905
vn 0.1389377862 0.5952468514 -0.7914401293
v 202.0749969 1.933759928 368.526001
vn -0.3313298821 0.5015988946 -0.7991364598
v 202.3679962 1.933759928 368.4960022
vn 0.1485415399 0.5048977733 -0.8503021002
v 202.1589966 1.823549986 368.4429932
vn -0.171635136 0.395344764 -0.9023546576
v 202.0249939 2.02809 368.6260071
vn -0.4474568963 0.5860117078 -0.6755535603
v 202.0529938 1.823549986 368.473999
vn -0.3487598002 0.4004564881 -0.8473495245
v 201.9889984 1.933759928 368.5740051
vn -0.487616539 0.5033622384 -0.7133418322
v 202.2689972 1.702199936 368.3880005
vn -0.005314975511 0.3069643378 -0.951706171
v 202.1499939 1.702199936 368.3989868
vn -0.1747021675 0.2927164733 -0.9401043653
v 202.3789978 1.823549986 368.4410095
vn 0.1623623222 0.3941175938 -0.9046047926
v 202.2680054 1.563730001 368.3529968
vn -0.003867737716 0.2101217806 -0.9776675701
v 202.3880005 1.702199936 368.3980103
vn 0.1679619551 0.2898496389 -0.9422186613
v 202.4629974 1.933759928 368.5230103
vn 0.3231165111 0.5040261745 -0.8009702563
v 202.4850006 1.823549986 368.4719849
vn 0.3440057039 0.3974342942 -0.8507091403
v 202.4389954 2.02809 368.5830078
vn 0.2961758971 0.5974966884 -0.7451694608
v 202.5149994 2.02809 368.6239929
vn 0.4364798069 0.5882642865 -0.6807572842
v 202.5500031 1.933759928 368.5710144
vn 0.4794172049 0.5027428269 -0.7193113565
v 202.4799957 2.104959965 368.677002
vn 0.4034717977 0.6753581762 -0.6173344851
v 202.4149933 2.104959965 368.6419983
vn 0.2634231746 0.6755922437 -0.6886097193
v 202.3439941 2.104959965 368.6210022
vn 0.1289496273 0.6822131276 -0.7196924686
v 202.3860016 2.177659988 368.7139893
vn 0.3317805529 0.5449723601 -0.7700173855
v 202.3289948 2.177659988 368.696991
vn 0.1541545391 0.5084326267 -0.8471910357
v 202.4380035 2.177659988 368.7420044
vn 0.5072931647 0.5050071478 -0.6982989311
v 202.4210052 2.296710014 368.7669983
vn 0.495228678 0.381927073 -0.7803077698
v 202.3739929 2.296710014 368.7420044
vn 0.3284262419 0.4150599539 -0.8484464884
v 202.322998 2.296710014 368.7279968
vn 0.1474980861 0.4145768285 -0.897981286
v 202.3890076 2.367239952 368.8160095
vn 0.2800008953 0.8661127687 -0.4140630662
v 202.352005 2.367239952 368.79599
vn 0.1534790099 0.8939499259 -0.4210673273
v 202.4210052 2.367239952 368.8429871
vn 0.2662006915 0.9264310002 -0.2662006915
v 202.3999939 1.140499949 369.6149902
vn 0.1605128795 -0.4202258587 0.8931102157
v 202.2749939 1.256829977 369.6589966
vn 0.004708167166 -0.1105468869 0.9938597679
v 202.2749939 1.140429974 369.6270142
vn 0.006149244029 -0.481774658 0.8762735724
v 202.3890076 1.052539945 369.552002
vn 0.1049093902 -0.7005404234 0.7058591843
v 202.4060059 1.256829977 369.6470032
vn 0.217399165 -0.1114720926 0.969696641
v 202.4060059 1.406479955 369.644989
vn 0.1872925609 0.08459722996 0.9786545634
v 202.4989929 1.05381 369.5230103
vn 0.2436300367 -0.6896091104 0.6819704175
v 202.5299988 1.406479955 369.6080017
vn 0.3864447176 0.0843237415 0.9184497595
v 202.5209961 1.563730001 369.5859985
vn 0.3769561946 0.1939379424 0.9056997895
v 202.5189972 1.140660167 369.5809937
vn 0.3413193822 -0.4101088047 0.8457611203
v 202.5310059 1.256829977 369.6099854
vn 0.4183057845 -0.1077266857 0.9018953443
v 202.6300049 1.563730001 369.5249939
vn 0.5556237698 0.1944758445 0.8083695769
v 202.6109924 1.702199936 369.4960022
vn 0.5427842736 0.290463537 0.7880458236
v 202.6439972 1.406479955 369.5450134
vn 0.5675150156 0.08397569507 0.8190694451
v 202.7019958 1.702199936 369.4190063
vn 0.682819128 0.2731517255 0.6776032448
v 202.6699982 1.823549986 369.3880005
vn 0.6550786495 0.3781581223 0.6541165113
v 202.727005 1.563730001 369.4429932
vn 0.7001271248 0.1794420928 0.6911024451
v 202.6450043 1.256829977 369.54599
vn 0.5939381719 -0.1069940552 0.7973642349
v 202.779007 1.702280045 369.3269958
vn 0.7916409373 0.2846358418 0.5406358242
v 202.7440033 1.406479955 369.4599915
vn 0.7109584212 0.05951183289 0.7007114291
v 202.8070068 1.563730001 369.3460083
vn 0.8143119812 0.1916710138 0.5478669405
v 202.8269958 1.406479955 369.3590088
vn 0.8258251548 0.08446229249 0.5575651526
v 202.7449951 1.256829977 369.4609985
vn 0.7067475319 -0.1085118353 0.6990944743
v 202.8289948 1.256829977 369.3599854
vn 0.8050869107 -0.1073481664 0.5833622217
v 202.7230072 1.140949965 369.4400024
vn 0.6677117348 -0.3482779562 0.6579236388
v 202.628006 1.140849948 369.5209961
vn 0.5172098875 -0.3985356987 0.7574055791
v 202.6829987 1.056150079 369.3989868
vn 0.5458025932 -0.6405230761 0.5402126312
v 202.5980072 1.05535984 369.4710083
vn 0.3974329531 -0.6677784324 0.6293798685
v 202.8029938 1.140849948 369.3429871
vn 0.762855947 -0.405489862 0.503615737
v 202.8910065 1.256829977 369.2460022
vn 0.9058702588 -0.1087354273 0.4093600512
v 202.8890076 1.406479955 369.2449951
vn 0.9217858315 0.08414679021 0.3784576356
v 202.8619995 1.140660167 369.2330017
vn 0.8455959558 -0.4171357751 0.3331143856
v 202.8670044 1.563730001 369.2359924
vn 0.909696281 0.187913686 0.3703256845
v 202.927002 1.256829977 369.1210022
vn 0.9719286561 -0.1092326865 0.2083816081
v 202.9250031 1.406479955 369.1199951
vn 0.9803749323 0.08349386603 0.1785883009
v 202.9369965 1.256829977 368.9899902
vn 0.9908859134 -0.1091915742 0.07888139784
v 202.9360046 1.406479955 368.9899902
vn 0.9908730388 0.1048359349 0.08473484218
v 202.8959961 1.140499949 369.1140137
vn 0.8945103884 -0.419680059 0.1540122479
v 202.9060059 1.140429974 368.9899902
vn 0.8776295185 -0.4742168188 0.06989133358
v 202.901001 1.563730001 369.1159973
vn 0.9675210118 0.1827418208 0.1746669114
v 202.9120026 1.563730001 368.9899902
vn 0.9779850841 0.1910071671 0.08403227478
v 202.8379974 1.701859832 369.2219849
vn 0.8874645233 0.2453563958 0.3901371658
v 202.871994 1.699010015 369.1090088
vn 0.9619342685 0.2012530118 0.1848773956
v 202.8820038 1.698280096 368.9899902
vn 0.9813170433 0.1734938323 0.08316678554
v 202.7429962 1.823819995 369.302002
vn 0.74255687 0.3728347421 0.5564202666
v 202.6309967 1.933759928 369.3479919
vn 0.6168894768 0.4814763665 0.6225976944
v 202.8159943 1.826699972 369.1990051
vn 0.8483788371 0.3125014305 0.4273128211
v 202.6970062 1.933680058 369.2730103
vn 0.6663960218 0.4774807394 0.572650373
v 202.8589935 1.795680046 369.0960083
vn 0.9550045133 0.2379229367 0.1770849377
v 202.8690033 1.792129874 368.9899902
vn 0.9577842951 0.278236419 0.07234423608
v 202.8139954 1.932829976 369.0799866
vn 0.8682060242 0.4528113902 0.2029289156
v 202.8190002 1.932829976 368.9899902
vn 0.8566150665 0.5132344365 0.05292519927
v 202.7660065 1.932829976 369.2000122
vn 0.7295407653 0.4977676868 0.4690390527
v 202.6439972 2.028140068 369.2369995
vn 0.6041613817 0.6186843514 0.5022138357
v 202.7120056 2.027810097 369.1570129
vn 0.6627991199 0.6605436206 0.3526746631
v 202.723999 2.052479982 369.0700073
vn 0.7137627602 0.6868031025 0.1372742653
v 202.7279968 2.055259943 368.9909973
vn 0.7233098745 0.6878416538 0.06080017984
v 201.973999 2.177659988 368.9360046
vn -0.84397012 0.5147619247 -0.1507800221
v 202.0050049 2.296710014 368.9419861
vn -0.8982725739 0.415974319 -0.1416748613
v 202.0619965 2.367239952 368.9530029
vn -0.4446214736 0.8934275508 -0.06402266771
v 201.9700012 2.177659988 368.9949951
vn -0.9049725533 0.4206537306 -0.06383708119
v 202.0010071 2.296710014 368.9949951
vn -0.875310123 0.4791004956 -0.06553523988
v 202.0590057 2.367239952 368.993988
vn -0.3761989772 0.9261321425 -0.02745160088
v 201.8919983 2.108360052 368.9949951
vn -0.6187592745 0.7835531235 -0.05640474334
v 201.897995 2.10781002 368.9219971
vn -0.6198199391 0.7657142282 -0.1717700511
v 201.9179993 2.105619907 368.8500061
vn -0.6108382344 0.7212359309 -0.3266425133
v 201.8200073 2.052479982 368.9159851
vn -0.7122271657 0.6882479787 -0.13801153
v 201.8150024 2.055259943 368.9960022
vn -0.7229735255 0.6874111891 -0.06910241395
v 201.7250061 1.932829976 368.9960022
vn -0.8565167785 0.5137807727 -0.04907461256
v 201.8320007 2.027810097 368.82901
vn -0.6613956094 0.6616379619 -0.3532578051
v 201.7290039 1.932829976 368.9060059
vn -0.8675861359 0.4540368319 -0.2028420269
v 201.6750031 1.792129874 368.9960022
vn -0.9584875703 0.2780520618 -0.06315579265
v 201.8999939 2.028140068 368.7489929
vn -0.6019153595 0.6209945083 -0.5020594597
v 201.7779999 1.932829976 368.7860107
vn -0.7297263741 0.4973703921 -0.4691717327
v 201.6840057 1.795680046 368.8909912
vn -0.9555999637 0.2342801541 -0.1787218601
v 201.6620026 1.698280096 368.9960022
vn -0.9819820523 0.1705515832 -0.08138418198
v 201.7279968 1.826699972 368.7879944
vn -0.849414289 0.310831964 -0.4264725745
v 201.845993 1.933680058 368.7130127
vn -0.6664963961 0.4793680906 -0.5709543228
v 201.6719971 1.699010015 368.8779907
vn -0.96179533 0.2018900961 -0.1849056333
v 201.6320038 1.563730001 368.9960022
vn -0.9779959321 0.1930098832 -0.07919032127
v 201.9129944 1.933759928 368.6380005
vn -0.6125788689 0.4836376905 -0.6251733303
v 201.8000031 1.823819995 368.6839905
vn -0.7435674071 0.3718115985 -0.5557550788
v 201.7059937 1.701859832 368.7640076
vn -0.8880912662 0.2461407334 -0.388212055
v 201.6419983 1.563730001 368.8710022
vn -0.9675608873 0.1829810292 -0.174194932
v 201.6080017 1.406479955 368.9970093
vn -0.9911311269 0.1046325639 -0.08192159235
v 201.6190033 1.406479955 368.8659973
vn -0.9804879427 0.08356008679 -0.1779357046
v 201.6060028 1.256829977 368.9970093
vn -0.9906413555 -0.1087196469 -0.08252099901
v 201.677002 1.563730001 368.75
vn -0.9101627469 0.1900130808 -0.3681016862
v 201.7649994 1.702280045 368.6589966
vn -0.7919166684 0.2845464945 -0.5402789116
v 201.8730011 1.823549986 368.598999
vn -0.653971076 0.3773125708 -0.6557111144
v 201.7359924 1.563730001 368.6400146
vn -0.8138774633 0.1943656653 -0.5475631952
v 201.9579926 1.823549986 368.5270081
vn -0.5199170113 0.3981617391 -0.7557470202
v 201.8419952 1.702199936 368.5669861
vn -0.6825518012 0.2746726274 -0.6772577167
v 201.9329987 1.702199936 368.4899902
vn -0.5421019793 0.2920106649 -0.7879436612
v 202.0359955 1.702199936 368.4320068
vn -0.3651861548 0.2923128009 -0.8838508129
v 202.1430054 1.563730001 368.3649902
vn -0.1805686057 0.1948594749 -0.9640668035
v 202.022995 1.563730001 368.3999939
vn -0.3754208088 0.195203796 -0.9060655236
v 201.9129944 1.563730001 368.4609985
vn -0.5562593937 0.1949732155 -0.8078124523
v 201.8170013 1.563730001 368.5429993
vn -0.6996045113 0.1786429882 -0.6918383241
v 202.1040039 2.02809 369.4039917
vn -0.2948880792 0.5966058969 0.7463929653
v 202.128006 2.104959965 369.3450012
vn -0.2613632977 0.6765658855 0.6884387136
v 202.1869965 2.02809 369.427002
vn -0.137209177 0.594011426 0.7926689386
v 202.1750031 1.933759928 369.4899902
vn -0.1472344697 0.5034812093 0.8513687253
v 202.0279999 2.02809 369.3630066
vn -0.4372635484 0.5892769694 0.679377079
v 202.0800018 1.933759928 369.4630127
vn -0.3194684088 0.5030645728 0.8030354381
v 202.2740021 1.933759928 369.4979858
vn 0.004405092448 0.5209053159 0.853603065
v 202.1649933 1.823549986 369.5450134
vn -0.1593293846 0.3977893293 0.9035362601
v 202.2749939 1.823549986 369.5539856
vn 0.004252729006 0.4161158204 0.9093016982
v 202.3609924 2.02809 369.4259949
vn 0.1457098573 0.5950456262 0.7903729081
v 202.3739929 1.933759928 369.4890137
vn 0.1556283981 0.5044927597 0.8492743373
v 202.2749939 1.702199936 369.598999
vn 0.006854341365 0.3068277538 0.9517403841
v 202.3849945 1.823549986 369.5440063
vn 0.1725657433 0.3952474296 0.9022197723
v 202.4440002 2.02809 369.4020081
vn 0.303370297 0.5968080759 0.7428233624
v 202.4680023 1.933759928 369.4609985
vn 0.330634594 0.5025252104 0.7988424301
v 202.4190063 2.104959965 369.3429871
vn 0.2660945654 0.6775847673 0.685618341
v 202.5189972 2.02809 369.3599854
vn 0.4431922436 0.5884371996 0.6762561202
v 202.4900055 1.823549986 369.5119934
vn 0.351167202 0.3972483277 0.8478651643
v 202.5549927 1.933759928 369.4129944
vn 0.4871950448 0.5015179515 0.7149270773
v 202.3939972 1.702199936 369.5870056
vn 0.1786909997 0.2894774079 0.9403575659
v 202.5859985 1.823549986 369.4590149
vn 0.5191575885 0.3971661925 0.7567921877
v 202.5079956 1.702199936 369.5539856
vn 0.3646165431 0.2931751907 0.8838003874
v 202.401001 1.563730001 369.6210022
vn 0.1798880696 0.1948424876 0.9641974568
v 202.2749939 1.563730001 369.6329956
vn 0.007838039659 0.2080772817 0.9780809879
v 202.1560059 1.702199936 369.5889893
vn -0.1679865122 0.2902837694 0.942080617
v 202.2749939 1.406479955 369.6570129
vn 0.005157259293 0.1063668877 0.9943135977
v 202.1490021 1.563730001 369.6229858
vn -0.1737396419 0.1924877167 0.9657965899
v 202.0590057 1.823549986 369.5150146
vn -0.3444575667 0.3960378468 0.851177454
v 202.0420074 1.702199936 369.5559998
vn -0.3591999114 0.2911518216 0.8866826296
v 201.9929962 1.933759928 369.4159851
vn -0.4838607311 0.4996327758 0.7185025215
v 201.9629974 1.823549986 369.4620056
vn -0.5111455917 0.3968909681 0.7623698115
v 201.9170074 1.933759928 369.3519897
vn -0.6083512902 0.4814264476 0.6309812069
v 201.9380035 1.702199936 369.5
vn -0.5317077637 0.2917550206 0.7950885892
v 201.8769989 1.823549986 369.3919983
vn -0.6473700404 0.3789754212 0.6612787843
v 202.029007 1.563730001 369.5880127
vn -0.366034925 0.194467783 0.9100553393
v 202.1450043 1.406479955 369.6459961
vn -0.1786169112 0.08351160586 0.980368197
v 201.9190063 1.563730001 369.5289917
vn -0.5475387573 0.1944295466 0.8138786554
v 202.0200043 1.406479955 369.6109924
vn -0.3751184046 0.08409176022 0.9231547713
v 202.1439972 1.256829977 369.6480103
vn -0.2094825804 -0.1096350029 0.9716466665
v 201.9060059 1.406479955 369.5490112
vn -0.560298562 0.08186604828 0.8242350817
v 201.845993 1.702199936 369.4230042
vn -0.6763939261 0.2722631395 0.6843712926
v 201.8220062 1.563730001 369.447998
vn -0.6918706298 0.1787018478 0.6995574832
v 201.7680054 1.702280045 369.3320007
vn -0.7872409225 0.2859970331 0.5463125706
v 201.7400055 1.563730001 369.3519897
vn -0.8074997663 0.1932990104 0.5572967529
v 201.8040009 1.823819995 369.3070068
vn -0.7385209799 0.371566385 0.562605679
v 201.6790009 1.563730001 369.2420044
vn -0.9065119624 0.1914432347 0.376278609
v 201.848999 1.933680058 369.2780151
vn -0.6607675552 0.4766069055 0.5798552036
v 201.7089996 1.701859832 369.2279968
vn -0.8837354183 0.2465776354 0.3977576494
v 201.7299957 1.826699972 369.20401
vn -0.8436731696 0.3093902767 0.4387405217
v 201.6569977 1.406479955 369.2520142
vn -0.918651402 0.08388189971 0.3860614002
v 201.7200012 1.406479955 369.3649902
vn -0.8179218769 0.08222276717 0.5694236159
v 201.8049927 1.406479955 369.4649963
vn -0.7020712495 0.05876609311 0.7096777558
v 201.6549988 1.256829977 369.2520142
vn -0.9015213847 -0.1088504717 0.4188207388
v 201.7799988 1.932829976 369.2049866
vn -0.725174129 0.4979679286 0.4755527675
v 201.7189941 1.256829977 369.3659973
vn -0.7973678112 -0.106979847 0.5939359069
v 201.8040009 1.256829977 369.4660034
vn -0.6990914345 -0.1085515469 0.7067444324
v 201.9049988 1.256829977 369.5499878
vn -0.5847878456 -0.1078120172 0.8039898872
v 201.8249969 1.140949965 369.4440002
vn -0.6598085165 -0.34556216 0.6672626734
v 201.7440033 1.140849948 369.348999
vn -0.7573003769 -0.403385222 0.513591826
v 202.0189972 1.256829977 369.6119995
vn -0.4092724621 -0.1105873585 0.9056856632
v 201.9210052 1.140849948 369.5239868
vn -0.5088387728 -0.396538347 0.7640945315
v 202.0310059 1.140660167 369.5830078
vn -0.3353549838 -0.4078552425 0.849229753
v 201.8650055 1.056150079 369.4039917
vn -0.5397637486 -0.6406193972 0.5461335778
v 201.951004 1.05535984 369.4750061
vn -0.3893351555 -0.6662548184 0.6360209584
v 202.1499939 1.140499949 369.6170044
vn -0.1536127478 -0.4196020067 0.8946157098
v 202.0509949 1.05381 369.5249939
vn -0.2365797162 -0.6884139776 0.6856502295
v 201.9859924 0.9917509556 369.4079895
vn -0.3147256672 -0.8276972175 0.4646128714
v 202.0740051 0.9867400527 369.4440002
vn -0.1955332905 -0.8422836661 0.502319634
v 202.1600037 1.052539945 369.553009
vn -0.09762982279 -0.7017526031 0.7056994438
v 202.1719971 0.9828330874 369.4620056
vn -0.09239725024 -0.8493900895 0.5196145177
v 202.2749939 1.052039981 369.5610046
vn 0.003110608086 -0.7068732381 0.7073333859
v 202.2740021 0.9812949896 369.4679871
vn 0.002605828689 -0.8333888054 0.5526810288
v 201.8209991 2.052479982 369.0750122
vn -0.7118272185 0.687081337 0.1456750631
v 201.8150024 2.055259943 368.9960022
vn -0.7220176458 0.6873514652 0.078984119
v 201.7250061 1.932829976 368.9960022
vn -0.8560736179 0.5134696364 0.05904976651
v 201.8339996 2.027810097 369.1619873
vn -0.6593536139 0.6601575613 0.3597843349
v 201.7299957 1.932829976 369.0859985
vn -0.865141809 0.4548564255 0.2112707049
v 201.6750031 1.792129874 368.9960022
vn -0.9577951431 0.2782333791 0.0722129494
v 201.6849976 1.795680046 369.1019897
vn -0.9538118839 0.235229671 0.1868418455
v 201.6620026 1.698280096 368.9960022
vn -0.9812816381 0.1706881672 0.08917351067
v 201.6730042 1.699010015 369.1149902
vn -0.9599795938 0.19872123 0.1973550916
v 201.6320038 1.563730001 368.9960022
vn -0.9772447944 0.1912186146 0.09180463105
v 201.6439972 1.563730001 369.1220093
vn -0.9655988812 0.1843712926 0.1833741665
v 201.6080017 1.406479955 368.9970093
vn -0.989926517 0.1073724702 0.09228566289
v 201.6199951 1.406479955 369.1270142
vn -0.9785838127 0.0849955976 0.1874818057
v 201.6060028 1.256829977 368.9970093
vn -0.9898506403 -0.109603025 0.09045906365
v 201.6179962 1.256829977 369.1270142
vn -0.9696365595 -0.1093181819 0.2187566012
v 201.6490021 1.140499949 369.1210022
vn -0.8920984864 -0.4217326641 0.1621785313
v 201.6380005 1.140429974 368.9960022
vn -0.8756839633 -0.4767770469 0.07655898482
v 201.6840057 1.140660167 369.2399902
vn -0.8425019383 -0.4173173308 0.3406417072
v 201.7120056 1.052539945 369.1059875
vn -0.7137740254 -0.6885338426 0.12824893
v 201.7030029 1.052039981 368.9960022
vn -0.698010087 -0.7133215666 0.06288291514
v 201.7420044 1.05381 369.2130127
vn -0.6743357778 -0.6898521185 0.2633918822
v 201.7929993 1.05535984 369.3139954
vn -0.621342957 -0.6745237708 0.3986861408
v 201.7980042 0.9806898832 369.0820007
vn -0.6005343795 -0.7881439924 0.1348611265
v 201.7910004 0.979295969 368.9960022
vn -0.6339964867 -0.7705336213 0.06577548385
v 201.8200073 0.9846790433 369.1730042
vn -0.5301027298 -0.8172616363 0.2259967923
v 201.8580017 0.9913230538 369.2690125
vn -0.4895280302 -0.8216198087 0.2920670509
v 201.9129944 0.9948499203 369.3519897
vn -0.4317830205 -0.8093031049 0.3982360363
v 201.8769989 0.9141090512 369.0580139
vn -0.4604021311 -0.8778504133 0.1319413781
v 201.871994 0.9124630094 368.9949951
vn -0.4631031454 -0.8842796087 0.05987555534
v 201.9980011 0.8707519174 368.993988
vn -0.2636235058 -0.9628454447 0.05857706815
v 202 0.8739500046 369.0499878
vn -0.2186419815 -0.9655606151 0.1410261095
v 201.9120026 0.9172729254 369.1270142
vn -0.4139315486 -0.8751996756 0.2503721714
v 202.1210022 0.8510799408 368.993988
vn -0.09382994473 -0.9931545258 0.06957045197
v 201.9320068 0.9463469982 369.2319946
vn -0.3664191365 -0.8843314648 0.2893007398
v 202.0039978 0.8886669278 369.1350098
vn -0.2294467688 -0.9348680973 0.2708797455
v 202.1190033 0.8555189371 369.052002
vn -0.03234440088 -0.988488555 0.1477980614
v 202.1860046 0.8600460887 368.993988
vn 0.0685338825 -0.9954925179 0.06555745006
v 202.0930023 0.8742570877 369.1220093
vn -0.09141641855 -0.9651172757 0.2453398705
v 202.1860046 0.8644090295 369.0660095
vn 0.01228210237 -0.9918039441 0.1271772832
v 202.2720032 0.8588610291 368.9930115
vn 0.0003244952532 -0.9983940721 0.05664917454
v 202.0110016 0.9206130505 369.2269897
vn -0.2102106959 -0.9338770509 0.2892839015
v 201.951004 0.9603190422 369.3049927
vn -0.3390901983 -0.8952440023 0.289060533
v 202.0099945 0.948462069 369.3250122
vn -0.2387983203 -0.9164060354 0.3212091625
v 202.0950012 0.9064209461 369.2349854
vn -0.1403841823 -0.9552752376 0.2602718771
v 202.0910034 0.9382899404 369.3450012
vn -0.161392808 -0.9259715676 0.3413635194
v 202.1840057 0.8772650361 369.1480103
vn -0.05085771903 -0.9796668291 0.1940783709
v 202.1829987 0.8981310725 369.2479858
vn -0.08670616895 -0.9654771686 0.2456336319
v 202.1799927 0.9312130213 369.3559875
vn -0.08180378377 -0.9277330041 0.3641697764
v 202.2720032 0.8630179763 369.0710144
vn 0.0006709605223 -0.9931951165 0.1164604276
v 202.272995 0.8748599887 369.1570129
vn 0.001019610092 -0.9831627607 0.1827290952
v 202.272995 0.8947719932 369.2539978
vn 0.001436460181 -0.9633107781 0.2683845162
v 202.2740021 0.9284590483 369.3599854
vn 0.002024310641 -0.9179543257 0.3966809511
v 202.3589935 0.8644090295 369.0650024
vn -0.01126401313 -0.9918633103 0.1268080473
v 202.3580017 0.8600460887 368.9930115
vn -0.06782370806 -0.9954327941 0.06718272716
v 202.3619995 0.8772650361 369.1470032
vn 0.05234411359 -0.9796278477 0.1938799024
v 202.3630066 0.8981310725 369.2470093
vn 0.08920451999 -0.9654164314 0.2449768037
v 202.4259949 0.8555189371 369.0499878
vn 0.03431322798 -0.9886628985 0.1461787224
v 202.4219971 0.8510799408 368.9920044
vn 0.0944525525 -0.993219018 0.06778421998
v 202.4519958 0.8742570877 369.1210022
vn 0.09448464215 -0.9650623798 0.2443917245
v 202.5440063 0.8739500046 369.0469971
vn 0.2208787054 -0.9655038118 0.1378947347
v 202.5449982 0.8707519174 368.9920044
vn 0.2635977566 -0.9629572034 0.05683012307
v 202.451004 0.9064209461 369.2330017
vn 0.1428919733 -0.9552464485 0.2590097785
v 202.5410004 0.8886669278 369.1319885
vn 0.2330725193 -0.9347975254 0.2680125833
v 202.6670074 0.9141090512 369.053009
vn 0.4615938365 -0.8780047297 0.1266446263
v 202.6719971 0.9124630094 368.9909973
vn 0.4637667835 -0.883870244 0.06077652052
v 202.7519989 0.979295969 368.9909973
vn 0.6334652901 -0.7718120217 0.05502635613
v 202.6329956 0.9172729254 369.1229858
vn 0.4166671038 -0.8753246069 0.2453475147
v 202.746994 0.9806898832 369.0769958
vn 0.6005524993 -0.7892952561 0.1278661042
v 202.8410034 1.052039981 368.9899902
vn 0.6976783276 -0.714374423 0.05398270488
v 202.5350037 0.9206130505 369.223999
vn 0.2133396268 -0.9339687824 0.286685437
v 202.6139984 0.9463469982 369.2290039
vn 0.3705255687 -0.8839379549 0.2852445841
v 202.7250061 0.9846790433 369.1679993
vn 0.5323038697 -0.8167803288 0.2225365043
v 202.8329926 1.052539945 369.1000061
vn 0.7147420049 -0.6884817481 0.1230317652
v 202.8040009 1.05381 369.2070007
vn 0.6763097644 -0.6903312802 0.2569977045
v 202.6880035 0.9913230538 369.2640076
vn 0.4935260117 -0.821711123 0.2849963307
v 202.7539978 1.05535984 369.3089905
vn 0.6265267134 -0.6737405062 0.3918392658
v 202.595993 0.9603190422 369.302002
vn 0.3435743451 -0.8951417208 0.2840386033
v 202.6349945 0.9948499203 369.3479919
vn 0.4372639954 -0.8086794019 0.3934944272
v 202.5370026 0.948462069 369.322998
vn 0.2420113981 -0.9165848494 0.3182809353
v 202.5619965 0.9917509556 369.4049988
vn 0.3199480176 -0.8260370493 0.4640001059
v 202.4570007 0.9382899404 369.3429871
vn 0.1635193229 -0.9259029031 0.3405367136
v 202.4750061 0.9867400527 369.4410095
vn 0.2016673535 -0.8427667618 0.4990735948
v 202.3670044 0.9312130213 369.355011
vn 0.08639312536 -0.927668035 0.3632743359
v 202.3769989 0.9828330874 369.4609985
vn 0.09858565778 -0.8498026729 0.517799437
v 202.0130005 1.406479955 368.3779907
vn -0.3861415684 0.08078181744 -0.9188955426
v 202.1380005 1.406479955 368.3410034
vn -0.1874908358 0.08177648485 -0.9788563848
v 202.2680054 1.406479955 368.32901
vn -0.003847635118 0.1053144634 -0.9944315553
v 201.8999939 1.406479955 368.4410095
vn -0.5686253309 0.08125028014 -0.8185741305
v 202.3939972 1.563730001 368.3640137
vn 0.1718144715 0.1944139451 -0.9657551646
v 202.2680054 1.256829977 368.3280029
vn -0.005751091056 -0.1114700064 -0.9937511683
v 202.1380005 1.256829977 368.3399963
vn -0.2184460759 -0.1127400622 -0.9693146944
v 202.0130005 1.256829977 368.3770142
vn -0.4170327485 -0.1110800654 -0.9020780921
v 202.3990021 1.406479955 368.3399963
vn 0.1779260337 0.08359304816 -0.9804868698
v 202.5019989 1.702199936 368.4299927
vn 0.3538489044 0.2927852869 -0.888294816
v 202.5149994 1.563730001 368.3980103
vn 0.3664450943 0.1929078102 -0.9102222919
v 202.5809937 1.823549986 368.5239868
vn 0.5102737546 0.3994952142 -0.7615932226
v 202.6060028 1.702199936 368.4859924
vn 0.5342161059 0.2913487852 -0.7935546637
v 202.6269989 1.933759928 368.6340027
vn 0.6078311205 0.4828736186 -0.6303763986
v 202.6660004 1.823549986 368.5950012
vn 0.6482871771 0.3781630397 -0.6608452797
v 202.697998 1.702199936 368.5629883
vn 0.6772104502 0.2746730447 -0.6825985312
v 202.625 1.563730001 368.4580078
vn 0.547790885 0.1917114407 -0.8143536448
v 202.5240021 1.406479955 368.3760071
vn 0.3780005872 0.08379292488 -0.9220055938
v 202.3990021 1.256829977 368.3380127
vn 0.2065640092 -0.1114166379 -0.972068727
v 202.6380005 1.406479955 368.4379883
vn 0.5574938655 0.08453063667 -0.825866282
v 202.7220001 1.563730001 368.5379944
vn 0.6910905242 0.1794656813 -0.7001327872
v 202.5249939 1.256829977 368.3739929
vn 0.4087617099 -0.1076823995 -0.9062661529
v 202.7389984 1.406479955 368.5209961
vn 0.7007389069 0.05955797806 -0.7109274268
v 202.3930054 1.140499949 368.3699951
vn 0.1517559588 -0.4185940325 -0.895404458
v 202.6390076 1.256829977 368.4360046
vn 0.5833291411 -0.1073641926 -0.805108726
v 202.5130005 1.140660167 368.4030151
vn 0.3328701556 -0.408813417 -0.8497464657
v 202.621994 1.140849948 368.4620056
vn 0.508402586 -0.3992110491 -0.7629923224
v 202.7400055 1.256829977 368.519989
vn 0.6991204619 -0.1085514575 -0.7067157626
v 202.7189941 1.140949965 368.5419922
vn 0.6597864628 -0.3502429426 -0.6648396254
v 202.8249969 1.256829977 368.6199951
vn 0.799244225 -0.1104280874 -0.5907743573
v 202.8240051 1.406479955 368.6210022
vn 0.8197286725 0.08310414851 -0.5666909814
v 202.6790009 1.056150079 368.5830078
vn 0.5405781269 -0.6408481598 -0.5450586677
v 202.8040009 1.563730001 368.6350098
vn 0.8083463311 0.1944118291 -0.5556799769
v 202.798996 1.140849948 368.6380005
vn 0.7588220239 -0.4066696465 -0.5087326765
v 202.8880005 1.256829977 368.7340088
vn 0.9023942351 -0.1125960052 -0.4159408212
v 202.8869934 1.406479955 368.7349854
vn 0.9186771512 0.08125828952 -0.3865610063
v 202.7749939 1.702280045 368.6539917
vn 0.7856683135 0.2863097191 -0.5484086871
v 202.8650055 1.563730001 368.743988
vn 0.9055669904 0.191093117 -0.378723979
v 202.7400055 1.823819995 368.6789856
vn 0.7367143035 0.3714771867 -0.565028131
v 202.8350067 1.701859832 368.7579956
vn 0.883728981 0.2467786521 -0.3976472914
v 202.6940002 1.933680058 368.7090149
vn 0.6598181725 0.4804356694 -0.5777729154
v 202.8139954 1.826699972 368.7820129
vn 0.8444847465 0.3108727634 -0.4361234307
v 202.8999939 1.563730001 368.8640137
vn 0.9655237794 0.1862351 -0.1818798929
v 202.8699951 1.699010015 368.8710022
vn 0.9597931504 0.2010468692 -0.1959013045
v 202.9120026 1.563730001 368.9899902
vn 0.9766169786 0.1931785792 -0.09434701502
v 202.8820038 1.698280096 368.9899902
vn 0.9804389477 0.1708841622 -0.09766319394
v 202.9360046 1.406479955 368.9899902
vn 0.9902194738 0.1049085855 -0.09197616577
v 202.8580017 1.795680046 368.8840027
vn 0.9535310864 0.2351676822 -0.1883470565
v 202.8690033 1.792129874 368.9899902
vn 0.956974566 0.2784092724 -0.08178019524
v 202.923996 1.406479955 368.8590088
vn 0.9789200425 0.08139831573 -0.1873228699
v 202.9369965 1.256829977 368.9899902
vn 0.9895735979 -0.1110057235 -0.09177070856
v 202.9250031 1.256829977 368.8590088
vn 0.9692299962 -0.1135198623 -0.2184179574
v 202.8939972 1.140499949 368.8659973
vn 0.8929107785 -0.4193267822 -0.1639372557
v 202.9060059 1.140429974 368.9899902
vn 0.8763844967 -0.4741140306 -0.08465267718
v 202.8589935 1.140660167 368.7470093
vn 0.8428019285 -0.4161107242 -0.3413748443
v 202.8309937 1.052539945 368.881012
vn 0.7143585086 -0.6873753667 -0.1311754733
v 202.8410034 1.052039981 368.9899902
vn 0.6974762678 -0.7135869265 -0.06573086977
v 202.802002 1.05381 368.7739868
vn 0.6751673222 -0.689242363 -0.2628574967
v 202.75 1.05535984 368.6719971
vn 0.6230437756 -0.6725162864 -0.3994224668
v 202.7460022 0.9807090163 368.9039917
vn 0.5991116166 -0.7891421318 -0.1353511661
v 202.7519989 0.979295969 368.9909973
vn 0.631978929 -0.7724146843 -0.06307305396
v 202.7230072 0.9846990705 368.8129883
vn 0.5304634571 -0.8170645833 -0.2258628458
v 202.6849976 0.9913270473 368.7170105
vn 0.4910919368 -0.8205830455 -0.2923562527
v 202.6309967 0.9948499203 368.6350098
vn 0.4337023497 -0.8084540367 -0.3978747725
v 202.6660004 0.9142669439 368.9289856
vn 0.4604502916 -0.8776826859 -0.1328858882
v 202.6719971 0.9124630094 368.9909973
vn 0.4629697502 -0.8835679889 -0.07047448307
v 202.5449982 0.8707519174 368.9920044
vn 0.2375255972 -0.9693369269 -0.06298789382
v 202.6309967 0.9174910188 368.8590088
vn 0.4132697582 -0.875831902 -0.2492519617
v 202.5440063 0.8740900159 368.9360046
vn 0.2289584279 -0.9613201618 -0.1531065553
v 202.4250031 0.855717957 368.9339905
vn 0.05671624467 -0.9895905852 -0.1322637647
v 202.4219971 0.8510799408 368.9920044
vn 0.05657891557 -0.9954513311 -0.07665134221
v 202.3580017 0.8600460887 368.9930115
vn -0.06778602302 -0.9954771399 -0.06656098366
v 202.451004 0.8745110631 368.8640137
vn 0.09271641076 -0.9650729299 -0.2450264245
v 202.3580017 0.8644319177 368.9200134
vn -0.01099580806 -0.9918783307 -0.1267139912
v 202.2720032 0.8588610291 368.9930115
vn -0.0003197182668 -0.9984067678 -0.0564250797
v 202.5390015 0.8890239596 368.8510132
vn 0.230370298 -0.9349933267 -0.2696608603
v 202.6119995 0.9463720322 368.7539978
vn 0.3676178157 -0.8846906424 -0.2866699696
v 202.5330048 0.9206550121 368.7590027
vn 0.2101531327 -0.9345132113 -0.2872642279
v 202.5930023 0.9603190422 368.6809998
vn 0.3406748474 -0.8943618536 -0.2899267077
v 202.5339966 0.9484629631 368.6610107
vn 0.2377737761 -0.9165048599 -0.3216869235
v 202.447998 0.9064490795 368.7510071
vn 0.1398950964 -0.9553211927 -0.260366559
v 202.3600006 0.8772889972 368.8380127
vn 0.05114724487 -0.9796458483 -0.1941081285
v 202.4530029 0.9382899404 368.6419983
vn 0.1602791399 -0.9259192348 -0.3420294821
v 202.5579987 0.9917509556 368.5780029
vn 0.314809978 -0.8271328807 -0.4655597508
v 202.3600006 0.8981360793 368.7380066
vn 0.08681072295 -0.9654449821 -0.2457232177
v 202.4700012 0.9867400527 368.5429993
vn 0.1959682107 -0.8431315422 -0.5007251501
v 202.5919952 1.05535984 368.5109863
vn 0.3909104764 -0.666028142 -0.635291636
v 202.4929962 1.05381 368.4609985
vn 0.2358361483 -0.6888046265 -0.6855140328
v 202.3630066 0.9312130213 368.6300049
vn 0.08385247737 -0.9277541637 -0.3636494577
v 202.371994 0.9828330874 368.5239868
vn 0.092054151 -0.8492224216 -0.519949317
v 202.3829956 1.052539945 368.4330139
vn 0.09782633185 -0.7007829547 -0.7066351771
v 202.2680054 1.140429974 368.3590088
vn -0.00360660255 -0.4783963859 -0.8781365752
v 202.2689972 1.052039981 368.4249878
vn -0.003007308813 -0.7090349793 -0.7051668763
v 202.1439972 1.140499949 368.3710022
vn -0.16457434 -0.4165335298 -0.8941001892
v 202.154007 1.052539945 368.4339905
vn -0.1062202677 -0.7012710571 -0.7049370408
v 202.2689972 0.9812949896 368.5190125
vn -0.002577801235 -0.8333801031 -0.5526942611
v 202.2700043 0.9284590483 368.6260071
vn -0.002069999697 -0.9174754024 -0.3977870941
v 202.1670074 0.9828330874 368.5249939
vn -0.09836114943 -0.8493126631 -0.5186454654
v 202.0449982 1.05381 368.4639893
vn -0.2454683334 -0.6884105206 -0.6825219989
v 202.2700043 0.8947719932 368.7319946
vn -0.001482112217 -0.9635404348 -0.2675586939
v 202.1759949 0.9312130213 368.631012
vn -0.08784946054 -0.9277220368 -0.3627867997
v 202.0690002 0.9867400527 368.5450134
vn -0.2014221549 -0.8422507644 -0.5000427365
v 202.0240021 1.140660167 368.4060059
vn -0.3430061638 -0.407646507 -0.8462689519
v 201.9459991 1.05535984 368.5150146
vn -0.3959920704 -0.6654149294 -0.6327821612
v 201.9160004 1.140849948 368.4660034
vn -0.5160247087 -0.3973104656 -0.7588562965
v 201.8990021 1.256829977 368.4400024
vn -0.5915635228 -0.1092792526 -0.7988182902
v 201.8600006 1.056150079 368.5870056
vn -0.5463275313 -0.6392745972 -0.5411600471
v 201.8000031 1.406479955 368.526001
vn -0.7097067833 0.05877894908 -0.7020407915
v 201.8200073 1.140949965 368.5469971
vn -0.666746974 -0.347418189 -0.6593550444
v 201.798996 1.256829977 368.5249939
vn -0.70671767 -0.108523421 -0.6991229057
v 201.7160034 1.406479955 368.6270142
vn -0.8242229819 0.08185969293 -0.5603173375
v 201.7149963 1.256829977 368.6260071
vn -0.8044287562 -0.108844012 -0.5839926004
v 201.7409973 1.140849948 368.6430054
vn -0.7640702724 -0.4045240581 -0.5025504231
v 201.6529999 1.256829977 368.7399902
vn -0.9059920907 -0.1120838001 -0.4081856906
v 201.654007 1.406479955 368.7409973
vn -0.9233646989 0.08369034529 -0.3746913075
v 201.6170044 1.256829977 368.8659973
vn -0.9716736674 -0.1104397103 -0.2089338601
v 201.6820068 1.140660167 368.7529907
vn -0.846042037 -0.4165733159 -0.3326853514
v 201.647995 1.140499949 368.8720093
vn -0.8937274814 -0.4209370315 -0.1551233083
v 201.6380005 1.140429974 368.9960022
vn -0.8765010238 -0.4763008952 -0.0698813796
v 201.7899933 1.05535984 368.677002
vn -0.6270230412 -0.6743633151 -0.3899695575
v 201.7400055 1.05381 368.7789917
vn -0.6763529778 -0.6905940771 -0.2561766803
v 201.7109985 1.052539945 368.8869934
vn -0.7147023678 -0.6885237098 -0.123026751
v 201.7030029 1.052039981 368.9960022
vn -0.6984713078 -0.7134199142 -0.0563015379
v 201.7969971 0.9807090163 368.9089966
vn -0.6006711125 -0.7888581753 -0.1299884468
v 201.7910004 0.979295969 368.9960022
vn -0.6330067515 -0.7717712522 -0.06059301272
v 201.8190002 0.9846990705 368.8179932
vn -0.5329859853 -0.8166021109 -0.2215556204
v 201.8560028 0.9913270473 368.7219849
vn -0.4938046038 -0.821472764 -0.2852007747
v 201.9089966 0.9948499203 368.6380005
vn -0.4378164709 -0.8098991513 -0.3903589249
v 201.8769989 0.9142669439 368.9330139
vn -0.4612428546 -0.8777368665 -0.12974222
v 201.871994 0.9124630094 368.9949951
vn -0.4639476538 -0.8836066723 -0.06318084896
v 201.9980011 0.8707519174 368.993988
vn -0.2384271324 -0.9690340757 -0.06423018128
v 201.9109955 0.9174910188 368.8630066
vn -0.4159520864 -0.8758740425 -0.2445986569
v 202 0.8740900159 368.9389954
vn -0.2300035208 -0.9612631798 -0.151892826
v 202.1179962 0.855717957 368.9360046
vn -0.05775396153 -0.989528358 -0.1322805136
v 202.1210022 0.8510799408 368.993988
vn -0.05668593943 -0.9954426289 -0.07668543607
v 202.1860046 0.8600460887 368.993988
vn 0.06652971357 -0.9955294728 -0.06704381853
v 202.0919952 0.8745110631 368.8649902
vn -0.09563884139 -0.965118587 -0.2437197864
v 202.1849976 0.8644319177 368.92099
vn 0.01007342432 -0.9919308424 -0.1263795197
v 202.003006 0.8890239596 368.8540039
vn -0.233016789 -0.9349992871 -0.2673564851
v 201.9290009 0.9463720322 368.7579956
vn -0.3701574206 -0.8844716549 -0.2840658426
v 202.0090027 0.9206550121 368.7619934
vn -0.2139465511 -0.9342228174 -0.285402596
v 201.947998 0.9603190422 368.6839905
vn -0.3437400162 -0.8950994611 -0.2839713395
v 202.0059967 0.9484629631 368.6640015
vn -0.2408708781 -0.9170184135 -0.3178969622
v 202.0930023 0.9064490795 368.7529907
vn -0.1430544555 -0.9551958442 -0.2591067553
v 201.9810028 0.9917509556 368.5809937
vn -0.3181011975 -0.8272277117 -0.4631478488
v 202.0870056 0.9382899404 368.6440125
vn -0.1643391997 -0.9260235429 -0.3398132026
v 202.1809998 0.8981360793 368.7390137
vn -0.08991231024 -0.9654952884 -0.2444066554
v 202.1820068 0.8772889972 368.8389893
vn -0.0527398549 -0.9795985222 -0.1939206421
v 202.2709961 0.8748599887 368.8299866
vn -0.001010824228 -0.9831705093 -0.1826874763
v 202.2709961 0.8630179763 368.9150085
vn -0.0006532220868 -0.9931401014 -0.1169285104
v 203.5839996 1.944390059 368.9460144
vn -0.9126102924 0.1263482273 -0.3888169527
v 203.6009979 1.886490107 368.9110107
vn -0.9131428599 -0.1296603829 -0.3864690065
v 203.6009979 1.872059941 369.0409851
vn -0.8487369418 -0.4837206602 0.2136817575
v 203.6009979 1.977390051 368.993988
vn -0.798205018 0.6016876698 -0.02899376303
v 203.5839996 1.954839945 368.993988
vn -0.798205018 0.6016876698 -0.02899376303
v 203.5839996 1.953570008 369.0220032
vn -0.8506224155 0.4800506234 0.2144596428
v 203.5839996 1.94464004 369.0419922
vn -0.9934784174 0.03583732247 0.1082417443
v 203.5839996 1.923440099 369.0490112
vn -0.9934784174 0.03583732247 0.1082417443
v 203.5839996 1.953570008 369.0220032
vn -0.9883739352 0.1388197094 0.06201684102
v 203.5839996 1.94464004 369.0419922
vn -0.9883739352 0.1388197094 0.06201684102
v 203.6009979 1.870049953 368.993988
vn -0.3587160408 -0.9325941801 0.03988552839
v 203.5839996 1.893450022 368.9670105
vn -0.9818372726 -0.1895618588 -0.007869651541
v 203.5839996 1.89233005 368.993988
vn -0.9818372726 -0.1895618588 -0.007869651541
v 203.6289978 1.861690044 369.0509949
vn -0.4369733334 -0.8211301565 0.3671506643
v 203.6009979 1.872059941 369.0409851
vn -0.8445549011 -0.4820215702 0.2331998497
v 203.602005 1.887230158 369.0759888
vn -0.8445549011 -0.4820215702 0.2331998497
v 203.5839996 1.902330041 369.0419922
vn -0.8445549011 -0.4820215702 0.2331998497
v 203.6289978 1.966729999 368.8940125
vn -0.4376532733 0.8195200562 -0.3699277043
v 203.6009979 1.975160003 368.946991
vn -0.7984701991 0.6013576984 -0.02853489481
v 203.5839996 1.953540087 368.9670105
vn -0.7984701991 0.6013576984 -0.02853489481
v 203.6009979 1.886490107 368.9110107
vn -0.5768336654 -0.2711494863 -0.7705458403
v 203.5839996 1.893450022 368.9670105
vn -0.7947843075 -0.6063696742 -0.02517340891
v 204.0769958 1.9654001 369.1640015
vn 0.1224957407 0.8903211355 0.4385465384
v 204.0769958 1.881770015 369.1640015
vn 0.06373769045 -0.326489538 0.9430493712
v 204.2050018 1.96273005 368.8529968
vn 0.2129398286 0.9208244681 -0.3267092705
v 204.2339935 1.96273005 368.9909973
vn 0.228298232 0.9263664484 0.2995415926
v 203.951004 1.974249959 369.1489868
vn 0.02182278782 0.9305969477 0.3653945029
v 204.2339935 1.884110093 368.9909973
vn 0.2204316556 -0.9290506244 0.2971107662
v 203.9109955 1.993689895 369.1090088
vn -0.05553422868 0.9898710251 0.13065736
v 203.8289948 1.993729949 369.0830078
vn -0.1864650249 0.8539449573 0.485807389
v 203.7579956 1.974249959 369.1010132
vn -0.1212874055 0.8750966787 0.4685031176
v 204.0379944 1.969920039 369.0539856
vn 0.5242422223 0.204976365 0.8265317678
v 204.2339935 1.96273005 368.9909973
vn 0.228298232 0.9263664484 -0.2995415926
v 203.951004 1.875810027 369.1489868
vn -0.09665154666 -0.9440738559 0.3152506948
v 203.8500061 1.880809903 369.1329956
vn -0.1128433421 -0.9403486252 0.3209530115
v 204.2050018 1.96273005 368.8529968
vn 0.2667433023 0.9271546006 0.2631203532
v 204.2339935 1.884110093 368.9909973
vn 0.2204316556 -0.9290506244 -0.2971107662
v 204.2050018 1.884110093 368.8529968
vn 0.2559810579 -0.9306309223 0.2615335286
v 203.947998 1.953230023 368.8340149
vn -0.1414973587 0.3290404677 -0.9336546063
v 203.8110046 1.84416008 368.8320007
vn -0.1722634137 -0.9354618192 0.3086041212
v 204.1060028 1.866670012 369.125
vn 0.1448925883 -0.9023162723 0.4059944749
v 203.8289948 1.993729949 369.0830078
vn -0.2092281133 0.9553639293 0.2085745782
v 203.8000031 1.993929982 369.053009
vn -0.08692226559 0.9957668781 0.02987987734
v 203.7359924 1.988680005 369.052002
vn -0.08212174475 0.9962826371 0.02601842582
v 203.6289978 1.966729999 368.8940125
vn -0.1135022268 0.3166623712 -0.9417229891
v 203.8950043 1.844190001 368.7160034
vn 0.01766874082 0.8027253747 -0.5960870385
v 203.6289978 1.861690044 369.0509949
vn 0.006629877724 -0.9990856051 0.04223792255
v 203.7579956 1.875810027 369.1010132
vn -0.06982336193 -0.3475044072 0.9350750446
v 203.826004 1.992079854 368.9060059
vn -0.2124702632 0.9426025748 -0.2575981617
v 203.8000031 1.993600011 368.9330139
vn -0.08799048513 0.9954625368 -0.03622147441
v 203.7359924 1.988400102 368.9349976
vn -0.08189470321 0.9961487055 -0.03132066876
v 203.7519989 1.991539955 368.9930115
vn -0.07825510204 0.9969331622 -0.0006442514714
v 203.901001 2.001600027 368.9920044
vn -0.03189146891 0.9992860556 0.02025506645
v 203.9019928 1.999760032 368.9259949
vn 0.07025300711 0.9973247647 -0.02019477449
v 203.8919983 1.987490058 368.8779907
vn -0.1277670115 0.9162214994 -0.3797549009
v 203.8919983 1.987490058 368.8779907
vn -0.08227538317 0.8139092922 -0.5751368403
v 203.9759979 1.996520042 368.9920044
vn 0.06753981858 0.9971054196 -0.0349172093
v 203.9019928 1.999760032 368.9259949
vn -0.08373410255 0.9674000144 -0.2390100509
v 203.947998 1.973060012 368.8410034
vn -0.139124617 0.2653541565 -0.9540605545
v 203.8339996 1.972719908 368.8599854
vn -0.1861039102 0.773000896 -0.6064940095
v 203.8070068 1.929619908 368.8269958
vn -0.3202142715 0.5864946842 -0.7439669371
v 204.201004 1.923419833 369.0920105
vn 0.8619305491 -0.4511595964 -0.2313670665
v 204.1609955 1.866789937 368.9909973
vn 0.01161970943 -0.935965538 0.3518998325
v 204.1369934 1.866809964 368.8580017
vn 0.07556880265 -0.9521078467 0.2962769866
v 203.7350006 1.862120152 368.9320068
vn 0.01438244898 -0.999671638 -0.02120851912
v 203.7350006 1.862120152 368.9320068
vn 0.03929867595 -0.9991844296 -0.009281590581
v 203.9759979 1.867939949 368.9840088
vn 0.0353022255 -0.9902371764 -0.1348482817
v 203.9759979 1.867939949 368.9840088
vn -0.04768792912 -0.9984382987 -0.02909928747
v 203.9019928 1.872970104 368.9020081
vn -0.05257063359 -0.9985809922 0.008503422141
v 203.9149933 1.824149966 368.8259888
vn 0.07728437334 -0.7484815717 0.6586368084
v 203.923996 1.882870078 368.8619995
vn 0.7545201778 -0.5997028351 0.2665629685
v 200.9160004 1.985669971 369.0499878
vn 0.3726559579 0.9272689819 0.03605240583
v 200.9429932 1.959879994 369.0750122
vn 0.8145318627 0.1927990168 0.5471438169
v 200.9420013 1.977390051 368.9930115
vn 0.7811183929 0.6236922741 0.02935959399
v 200.9600067 1.954839945 368.9930115
vn 0.7811183929 0.6236922741 0.02935959399
v 200.9600067 1.953570008 369.019989
vn 0.7811183929 0.6236922741 0.02935959399
v 200.9600067 1.94464004 369.0409851
vn 0.9089465737 0.1310385764 0.3957841098
v 200.9420013 1.922359943 368.8980103
vn 0.9085953236 0.1285083443 -0.3974168599
v 200.9589996 1.944390059 368.9440002
vn 0.9052029252 0.3895556629 -0.1698647738
v 200.9149933 1.985610008 368.9360046
vn 0.3745051622 0.9262019396 -0.04354161024
v 200.9420013 1.977390051 368.9930115
vn 0.791287899 0.6113325953 0.0116592329
v 200.9600067 1.953570008 369.019989
vn 0.9822645187 0.1872930229 0.008816603571
v 200.9600067 1.94464004 369.0409851
vn 0.9934712648 0.0358569473 0.1083010063
v 200.9429932 1.959879994 369.0750122
vn 0.5376662612 0.2840239108 0.7938799858
v 200.9420013 1.886490107 368.9100037
vn 0.433427453 -0.8319214582 -0.3464784324
v 200.9420013 1.871970177 368.9450073
vn 0.4347198606 -0.8318382502 -0.3450562656
v 200.9140015 1.879930019 369.0920105
vn 0.5372125506 -0.2852691412 0.7937406301
v 200.9420013 1.871970177 368.9450073
vn 0.8489713669 -0.4889082611 -0.2005402297
v 200.9420013 1.870049953 368.9930115
vn 0.3588141203 -0.9328491688 0.03232405707
v 200.9160004 1.861690044 369.0499878
vn 0.4468584061 -0.8208338022 0.3557378948
v 200.9600067 1.902330041 369.0409851
vn 0.9087786078 -0.1316578984 0.3959642649
v 200.9420013 1.886490107 368.9100037
vn 0.8485463262 -0.4887407422 -0.2027353942
v 200.4689941 1.9654001 369.1679993
vn -0.1209251732 0.8897117972 0.440215826
v 200.4689941 1.881770015 369.1679993
vn -0.06316530704 -0.3285472691 0.9423729777
v 200.3370056 1.96273005 368.8580017
vn -0.2172343135 0.9191202521 -0.3286750317
v 200.3099976 1.96273005 368.9960022
vn -0.2289278954 0.9289213419 0.2910277247
v 200.5939941 1.974249959 369.1520081
vn -0.01969514787 0.9320259094 0.3618560135
v 200.3099976 1.884110093 368.9960022
vn -0.2210299224 -0.9315721393 0.2886504829
v 200.6340027 1.993689895 369.1109924
vn 0.05551772937 0.9899926186 0.1297395527
v 200.7160034 1.993729949 369.0840149
vn 0.1957187653 0.8505951166 0.4880390167
v 200.7870026 1.974249959 369.1010132
vn 0.1270889938 0.8734150529 0.4701005816
v 200.5059967 1.969920039 369.0570068
vn -0.5057087541 0.1866703928 0.8422665
v 200.3099976 1.96273005 368.9960022
vn -0.2282905579 0.9263352156 -0.2996438444
v 200.5939941 1.875810027 369.1520081
vn 0.1025439352 -0.9441685081 0.3130983114
v 200.6950073 1.880809903 369.1340027
vn 0.1192693338 -0.9387962818 0.3231661022
v 200.3370056 1.96273005 368.8580017
vn -0.263174206 0.928355515 0.2624792755
v 200.3099976 1.884110093 368.9960022
vn -0.2204245478 -0.9290207028 -0.2972096801
v 200.3370056 1.884110093 368.8580017
vn -0.2560345531 -0.9306462407 0.261426568
v 200.5939941 1.953230023 368.8370056
vn 0.1231816858 0.28658548 -0.9501026273
v 200.7310028 1.84416008 368.8330078
vn 0.1750417799 -0.9347960353 0.3090579212
v 200.4389954 1.866670012 369.1289978
vn -0.1410996467 -0.901029706 0.4101663232
v 200.7160034 1.993729949 369.0840149
vn 0.2130264044 0.9552996755 0.2049933076
v 200.7440033 1.993929982 369.0539856
vn 0.08755079657 0.9957403541 0.02891425602
v 200.8079987 1.988680005 369.052002
vn 0.08250460029 0.996278584 0.02494004555
v 200.9140015 1.966729999 368.8930054
vn 0.1062384769 0.3140836656 -0.9434324503
v 200.6459961 1.844190001 368.7179871
vn -0.03226090968 0.8022880554 -0.5960646868
v 200.9160004 1.861690044 369.0499878
vn -0.006171926856 -0.999078393 0.04247677326
v 200.7870026 1.875810027 369.1010132
vn 0.07752418518 -0.348875016 0.9339572787
v 200.7169952 1.992079854 368.9070129
vn 0.2073277682 0.9428977966 -0.2606894672
v 200.7440033 1.993600011 368.9339905
vn 0.08882474154 0.9954180121 -0.03539954126
v 200.8070068 1.988400102 368.9349976
vn 0.08270283043 0.9961049557 -0.03058056161
v 200.7910004 1.991539955 368.993988
vn 0.07932598889 0.9968485236 -0.0006441968144
v 200.6430054 2.001600027 368.993988
vn 0.03228333965 0.9992739558 0.02023220807
v 200.6410065 1.999760032 368.928009
vn -0.07049320638 0.9973083735 -0.02016606182
v 200.6499939 1.987490058 368.8800049
vn 0.1184925586 0.9179948568 -0.3784772158
v 200.6499939 1.987490058 368.8800049
vn 0.06792369485 0.8231208324 -0.5637894273
v 200.5679932 1.996520042 368.9949951
vn -0.06797529757 0.9971299171 -0.03333669156
v 200.6410065 1.999760032 368.928009
vn 0.08530012518 0.9658805728 -0.2445374578
v 200.5939941 1.973060012 368.8429871
vn 0.1221066266 0.2516438067 -0.9600861073
v 200.7079926 1.972719908 368.8609924
vn 0.1758649051 0.7742378712 -0.6079697609
v 200.7350006 1.929619908 368.8280029
vn 0.3178870678 0.5840675831 -0.7468687296
v 200.3439941 1.923419833 369.0969849
vn -0.8618942499 -0.4513221383 -0.2311851829
v 200.3829956 1.866789937 368.9960022
vn -0.007664796896 -0.9330163598 0.3597523272
v 200.4049988 1.866809964 368.8630066
vn -0.07326806337 -0.9497638345 0.3042704165
v 200.8079987 1.862120152 368.9320068
vn -0.01466204319 -0.9996706247 -0.02106215432
v 200.8079987 1.862120152 368.9320068
vn -0.03946026042 -0.9991790652 -0.009169708937
v 200.5679932 1.867939949 368.9869995
vn -0.03617020324 -0.9904530644 -0.1330206394
v 200.5679932 1.867939949 368.9869995
vn 0.04748128355 -0.9984197617 -0.0300583113
v 200.6399994 1.872970104 368.9039917
vn 0.05266507342 -0.9985880256 0.006955960765
v 200.6269989 1.824149966 368.8280029
vn -0.06335622817 -0.753382802 0.6545229554
v 200.6190033 1.882870078 368.8649902
vn -0.7719531655 -0.5757585764 0.2694259584
v 200.8619995 1.887820005 368.9169922
vn -0.9179196358 -0.1340340972 -0.3734412491
v 200.8399963 1.909860015 369.026001
vn -0.9810060859 -0.1397654563 0.1345091611
v 200.8619995 1.887820005 368.9169922
vn -0.8595227003 -0.4732284248 -0.1930687726
v 201.8130035 1.995530009 368.9230042
vn 0.5458195806 0.8275850415 -0.1310876012
v 201.8560028 1.970970035 368.946991
vn 0.8976120949 0.4317860901 -0.08861877769
v 201.7369995 1.973970056 368.8500061
vn 0.3066408634 0.3964931965 -0.8653118014
v 200.8630066 1.872110009 368.9960022
vn -0.7948578596 -0.6062368155 0.02603648417
v 201.7380066 2.009130001 369.072998
vn 0.2017032504 0.9676961899 0.1512611061
v 201.8130035 1.995530009 369.0599976
vn 0.5385968685 0.8324838281 0.1299389601
v 201.7369995 1.8427701 368.9100037
vn 0.1992043555 -0.9681248665 -0.1518282592
v 201.8130035 1.856370091 368.9230042
vn 0.5457805395 -0.8276290298 -0.1309726685
v 201.8560028 1.880929947 368.946991
vn 0.8975870013 -0.431856215 -0.08853105456
v 201.7380066 1.8427701 369.072998
vn 0.2016868442 -0.9677179456 0.1511436999
v 201.8130035 1.856370091 369.0599976
vn 0.5385565758 -0.8325276375 0.1298249811
v 201.8569946 1.880929947 369.0350037
vn 0.8990142941 -0.4325429201 0.06840971857
v 201.5429993 1.974840045 368.881012
vn -0.08515202254 0.3712757826 -0.9246098995
v 201.4069977 1.968500137 368.8909912
vn -0.07186371088 0.907800436 -0.4131996334
v 201.4069977 1.968500137 368.8909912
vn -0.03169336542 0.338054806 -0.9405926466
v 201.4019928 1.988250136 368.9349976
vn -0.07115062326 0.9069711566 -0.4151396453
v 201.2700043 1.966779947 368.894989
vn -0.01741019636 0.3275745511 -0.9446648955
v 201.1430054 1.923099995 368.8819885
vn -0.008943873458 0.330136627 -0.94389081
v 201.0390015 1.966089964 368.8980103
vn 0.000171768057 0.3297525346 -0.9440674186
v 201.0390015 1.966089964 368.8980103
vn 0.0056287935 0.9122843742 -0.4095186889
v 201.3880005 1.968500137 369.0960083
vn -0.06100814417 0.9107264876 0.4084792137
v 201.2409973 1.985900044 369.0509949
vn -0.01013792306 0.9927526116 0.1197474152
v 201.2400055 1.966779947 369.0939941
vn -0.01024777535 0.3249895871 0.9456620812
v 201.5370026 1.974840045 369.1040039
vn -0.06569339335 0.380686909 0.9223675132
v 201.1289978 1.879979968 369.0929871
vn -0.005709680729 -0.9127455354 0.4084886909
v 201.0330048 1.923099995 369.1080017
vn 0.01482187957 -0.3296912014 0.9439724684
v 201.0330048 1.880110145 369.0929871
vn 0.003047069767 -0.9130281806 0.4078851342
v 201.2400055 1.860290051 369.0509949
vn -0.01729920506 -0.9136812687 0.4060631096
v 201.2400055 1.879400015 369.0939941
vn -0.02203877456 -0.3249277174 0.9454820156
v 201.2400055 1.879400015 369.0939941
vn -0.008458308876 -0.9137853384 0.4061093628
v 201.3849945 1.855620146 368.993988
vn -0.03798787296 -0.9981395006 0.04769096896
v 201.3860016 1.878200173 369.0969849
vn -0.05453518778 -0.9101427794 0.410689652
v 201.3880005 1.923349977 369.1119995
vn -0.08344847709 -0.2918582261 0.9528143406
v 201.3849945 1.858440042 369.053009
vn -0.03807682544 -0.9981450438 0.04750339687
v 201.3849945 1.858440042 369.053009
vn -0.05468295515 -0.9103137851 0.4102908671
v 201.3860016 1.878200173 369.0969849
vn -0.09035464376 -0.3106645644 0.9462153912
v 201.1329956 1.879979968 368.8970032
vn -0.01835944317 -0.324981451 -0.9455421567
v 201.3849945 1.855620146 368.993988
vn -0.03871568665 -0.9981483221 -0.04691512883
v 201.246994 1.879400015 368.894989
vn -0.03563677892 -0.3139674962 -0.9487646818
v 201.3849945 1.858440042 368.9339905
vn -0.0386130698 -0.9981419444 -0.04713510349
v 201.3849945 1.858440042 368.9339905
vn -0.05807841942 -0.9081199169 -0.414662689
v 201.3999939 1.923349977 368.875
vn -0.09490662068 -0.2805549502 -0.9551343918
v 201.0339966 1.880110145 368.8980103
vn 0.002239726949 -0.9140017629 -0.4057039917
v 201.246994 1.988630056 368.993988
vn -0.01381004509 0.9988164306 0.04663656652
v 201.3890076 1.988250136 369.052002
vn -0.016310215 0.9987865686 0.04646901786
v 201.5399933 1.999660015 368.9930115
vn -0.14287287 0.9886524677 0.0464079231
v 201.1289978 1.966210008 369.0929871
vn -0.0004113155883 0.3289086819 0.9443616271
v 201.0330048 1.923099995 369.1080017
vn 0.01513811201 0.3296896517 0.943967998
v 203.7039948 1.936239958 368.9590149
vn 0.9698863626 0.2252987921 -0.09252492338
v 203.7039948 1.942800045 368.9899902
vn 0.9564413428 0.2915855646 -0.01406682748
v 203.6820068 1.957930088 369.0690002
vn 0.9245211482 0.1133785173 0.3638763428
v 203.6809998 1.887820005 368.9110107
vn 0.9174916744 -0.1317196935 -0.3753117919
v 203.7039948 1.922690153 368.9549866
vn 0.9174916744 -0.1317196935 -0.3753117919
v 203.7039948 1.909860015 369.019989
vn 0.9698770046 -0.2240339071 0.09564211965
v 203.6809998 1.887820005 368.9110107
vn 0.9153749943 -0.1183337122 -0.3848191798
v 203.7039948 1.904279947 368.9719849
vn 0.9555514455 -0.2946017981 -0.01145326905
v 203.7039948 1.936400056 369.019989
vn 0.970268786 0.2222848237 0.09574944526
v 202.7299957 1.995530009 368.927002
vn -0.5432242751 0.8304553628 -0.1234962866
v 202.6869965 1.970970035 368.9509888
vn -0.8991461992 0.4322601557 -0.06846336275
v 203.6809998 1.972520113 368.9450073
vn 0.8607369065 0.4708876908 -0.1933825165
v 202.8049927 1.973970056 368.8529968
vn -0.3069598079 0.3964503706 -0.8652183414
v 203.6809998 1.974650145 368.9899902
vn 0.8104655743 0.5851385593 0.02753916755
v 203.6809998 1.872110009 368.9899902
vn 0.8071597815 -0.589789331 0.02533010207
v 202.8070068 2.009130001 369.0759888
vn -0.1998042911 0.9673067927 0.1561916023
v 202.7310028 1.995530009 369.0629883
vn -0.534805119 0.8345706463 0.1321941018
v 202.8059998 1.8427701 368.9129944
vn -0.2011351287 -0.9677351713 -0.1517671496
v 202.7299957 1.856370091 368.927002
vn -0.5431846976 -0.8304982781 -0.1233813688
v 202.6869965 1.880929947 368.9509888
vn -0.8991194963 -0.4323295653 -0.06837598234
v 202.8070068 1.8427701 369.0759888
vn -0.1997881681 -0.9673291445 0.1560739279
v 202.7310028 1.856370091 369.0629883
vn -0.5347679853 -0.8346128464 0.1320778728
v 202.6869965 1.880929947 369.0400085
vn -0.8992124796 -0.4323742986 0.06685312837
v 203.1560059 1.968500137 369.0950012
vn 0.0652204603 0.9088452458 0.4120031893
v 203.3049927 1.966779947 369.0910034
vn 0.01024658233 0.324398607 0.9458649755
v 203.3040009 1.985900044 369.0490112
vn 0.01139990147 0.9928363562 0.118937172
v 203.0070038 1.974840045 369.105011
vn 0.07788748294 0.3670042455 0.9269527793
v 203.5119934 1.923099995 369.1029968
vn -0.007511923555 -0.3096372783 0.9508250952
v 203.4160004 1.879979968 369.0899963
vn 0.00834623538 -0.9114747643 0.4112713337
v 203.5110016 1.880110145 369.0889893
vn 0.001623332617 -0.9138358831 0.4060805142
v 203.3049927 1.860290051 369.0490112
vn 0.02001453005 -0.9099994898 0.4141260386
v 203.3049927 1.879400015 369.0910034
vn 0.03483530134 -0.32421875 0.9453405142
v 203.3049927 1.879400015 369.0910034
vn 0.008512655273 -0.9101487994 0.4141939878
v 203.1589966 1.855620146 368.9930115
vn 0.03835401312 -0.998124361 0.04771491513
v 203.1580048 1.878200173 369.0960083
vn 0.05964206159 -0.9083139896 0.4140150845
v 203.1569977 1.923349977 369.1109924
vn 0.0905444473 -0.2915046215 0.9522745013
v 203.1589966 1.858440042 369.052002
vn 0.02072606608 -0.9109581709 0.4119777083
v 203.1589966 1.858440042 369.052002
vn 0.0610659197 -0.9100360274 0.4100065231
v 203.1580048 1.878200173 369.0960083
vn 0.0214022398 -0.9118642807 0.4099335074
v 203.4100037 1.879979968 368.8930054
vn 0.001569939195 -0.3085948825 -0.9511922598
v 203.1589966 1.855620146 368.9930115
vn 0.03835431859 -0.9981322885 -0.04754841328
v 203.2960052 1.879400015 368.8930054
vn 0.02233340777 -0.3180595636 -0.9478076696
v 203.1580048 1.858440042 368.9330139
vn 0.03827130422 -0.9981272221 -0.04772210121
v 203.1580048 1.858440042 368.9330139
vn 0.05527977273 -0.9043036699 -0.4232954085
v 203.1419983 1.923349977 368.875
vn 0.0877629295 -0.2820011973 -0.9553915262
v 203.5090027 1.880110145 368.8930054
vn -0.005834863521 -0.9156559706 -0.4019204676
v 203 1.974840045 368.8819885
vn 0.07185511291 0.367588222 -0.9272086024
v 203.1360016 1.968500137 368.8900146
vn 0.06596765667 0.9082928896 -0.4131008089
v 203.1360016 1.968500137 368.8900146
vn 0.02468581125 0.3184132874 -0.9476305246
v 203.1410065 1.988250136 368.9339905
vn 0.06524664164 0.9074850082 -0.4149865806
v 203.272995 1.966779947 368.8930054
vn 0.001544685685 0.3252595663 -0.945623517
v 203.3990021 1.923099995 368.8789978
vn -0.004221809562 0.3191064596 -0.9477095008
v 203.5039978 1.966089964 368.8930054
vn -0.008372900076 0.323004663 -0.9463603497
v 203.5039978 1.966089964 368.8930054
vn -0.007172686048 0.9140828848 -0.4054640234
v 203.2969971 1.988630056 368.9920044
vn 0.014455989 0.9988168478 0.04643145576
v 203.1549988 1.988250136 369.052002
vn 0.01687850617 0.998786211 0.046273496
v 203.0039978 1.999660015 368.993988
vn 0.1422225535 0.9887481928 0.04636595771
v 203.4160004 1.966210008 369.0899963
vn 0.01047175936 0.3090055585 0.9510025978
v 203.5119934 1.923099995 369.1029968
vn -0.007808983792 0.3096303642 0.9508249164
vt 0.6213870049 0.7166659832
vt 0.6236019731 0.7436739802
vt 0.6096190214 0.7294309735
vt 0.6366099715 0.7299540043
vt 0.5966399908 0.7409629822
vt 0.6045269966 0.7016080022
vt 0.5938100219 0.7133290172
vt 0.5818939805 0.7238289714
vt 0.5783630013 0.6975960135
vt 0.6143320203 0.6890890002
vt 0.5886319876 0.6866379976
vt 0.6325160265 0.702772975
vt 0.6233109832 0.6763820052
vt 0.598164022 0.6753460169
vt 0.5655109882 0.6845049858
vt 0.5767059922 0.6734229922
vt 0.5672180057 0.7076619864
vt 0.5691969991 0.7334020138
vt 0.5542250276 0.6954950094
vt 0.5539500117 0.6727300286
vt 0.5557540059 0.7169849873
vt 0.5417950153 0.6855099797
vt 0.5563279986 0.7421470284
vt 0.5431330204 0.7065449953
vt 0.5450329781 0.7260220051
vt 0.7401739955 0.8624070287
vt 0.7462829947 0.8858109713
vt 0.7299810052 0.8731729984
vt 0.757528007 0.9060500264
vt 0.7628729939 0.8986920118
vt 0.7724969983 0.9137079716
vt 0.7391269803 0.8953670263
vt 0.7696869969 0.9194530249
vt 0.8041070104 0.9275249839
vt 0.7533140182 0.9140160084
vt 0.7678009868 0.9256359935
vt 0.7502139807 0.922590971
vt 0.7668579817 0.9321529865
vt 0.7332540154 0.9057070017
vt 0.7208229899 0.8846430182
vt 0.7145460248 0.8646249771
vt 0.7013059855 0.878624022
vt 0.7130910158 0.8970829844
vt 0.6895930171 0.8930320144
vt 0.7286599874 0.9168419838
vt 0.7067549825 0.9105389714
vt 0.679437995 0.9082040191
vt 0.7253829837 0.9286760092
vt 0.7018319964 0.9248960018
vt 0.6708509922 0.9244229794
vt 0.7482529879 0.9316759706
vt 0.7237100005 0.9409580231
vt 0.6987919807 0.939966023
vt 0.6644020081 0.9417260289
vt 0.6982300282 0.9556300044
vt 0.7239050269 0.953445971
vt 0.7258020043 0.9658989906
vt 0.7476170063 0.9410799742
vt 0.7484899759 0.9507240057
vt 0.7508249879 0.9606680274
vt 0.7715280056 0.9522730112
vt 0.7685959935 0.9455609918
vt 0.7670490146 0.9388390183
vt 0.8595520258 0.7855209708
vt 0.8416730165 0.7454699874
vt 0.8663489819 0.7410280108
vt 0.8168600202 0.7266880274
vt 0.8201950192 0.7531229854
vt 0.7957299948 0.740522027
vt 0.8394839764 0.785048008
vt 0.8502269983 0.8244699836
vt 0.8008810282 0.763414979
vt 0.7768139839 0.755087018
vt 0.8208720088 0.788105011
vt 0.8341519833 0.822183013
vt 0.8439130187 0.8499379754
vt 0.7832049727 0.7754840255
vt 0.7597330213 0.7705659866
vt 0.7668709755 0.7890139818
vt 0.8034530282 0.7942349911
vt 0.7870789766 0.8025220037
vt 0.7717229724 0.8123970032
vt 0.7509469986 0.8042610288
vt 0.8184800148 0.8224560022
vt 0.8033570051 0.8252189755
vt 0.7889119983 0.8298770189
vt 0.7571030259 0.8238440156
vt 0.734513998 0.821220994
vt 0.7753419876 0.835965991
vt 0.7428619862 0.8368239999
vt 0.7170540094 0.8388580084
vt 0.7627620101 0.8434680104
vt 0.7285910249 0.8506090045
vt 0.7511249781 0.8524129987
vt 0.7835940123 0.8562840223
vt 0.7731480002 0.8619660139
vt 0.763462007 0.8689450026
vt 0.7948110104 0.851894021
vt 0.800162971 0.8735510111
vt 0.8067029715 0.8488360047
vt 0.8190140128 0.8473889828
vt 0.8092830181 0.8717569709
vt 0.8314960003 0.8478130102
vt 0.8186969757 0.8712940216
vt 0.8283230066 0.872344017
vt 0.8382229805 0.874861002
vt 0.829448998 0.895407021
vt 0.8227919936 0.8923509717
vt 0.8160989881 0.8906810284
vt 0.8094180226 0.8903679848
vt 0.8028849959 0.8911910057
vt 0.7915329933 0.8764929771
vt 0.7966679931 0.8929629922
vt 0.7834910154 0.8805599809
vt 0.7908719778 0.8956670165
vt 0.7760360241 0.8857679963
vt 0.7544490099 0.8769459724
vt 0.785548985 0.8992999792
vt 0.7691550255 0.8919259906
vt 0.7806640267 0.9036480188
vt 0.7762269974 0.9084519744
vt 0.2675189972 0.5587949753
vt 0.277572006 0.5359780192
vt 0.2803469896 0.5588639975
vt 0.2808949947 0.5171509981
vt 0.2870410085 0.534784019
vt 0.2872850001 0.5151249766
vt 0.265004009 0.4826129973
vt 0.2961879969 0.5323129892
vt 0.2517369986 0.5779640079
vt 0.2545650005 0.5576400161
vt 0.2417879999 0.5552150011
vt 0.2675159872 0.5798969865
vt 0.2360299975 0.5755159855
vt 0.2294279933 0.5517799854
vt 0.2499530017 0.5907859802
vt 0.2928600013 0.5577200055
vt 0.283190012 0.5810700059
vt 0.2713420093 0.5944030285
vt 0.2986389995 0.5808370113
vt 0.2917880118 0.5990729928
vt 0.3051989973 0.5550270081
vt 0.3109309971 0.6035379767
vt 0.3140870035 0.5786460042
vt 0.3175230026 0.5503770113
vt 0.305155009 0.5282920003
vt 0.329768002 0.5739409924
vt 0.2934049964 0.5118389726
vt 0.2989940047 0.507291019
vt 0.3293659985 0.5437089801
vt 0.3136659861 0.5226809978
vt 0.3037320077 0.501504004
vt 0.307366997 0.4946340024
vt 0.3283640146 0.5066739917
vt 0.3213999867 0.5155130029
vt 0.3498559892 0.5250579715
vt 0.3401379883 0.5351610184
vt 0.3718760014 0.5436159968
vt 0.3451069891 0.5665370226
vt 0.3592559993 0.5563319921
vt 0.3870919943 0.5880830288
vt 0.4038209915 0.5736629963
vt 0.4336760044 0.6128630042
vt 0.3685489893 0.5982090235
vt 0.4105269909 0.6280969977
vt 0.4484170079 0.6530780196
vt 0.3875359893 0.6364970207
vt 0.4185389876 0.6661670208
vt 0.4520660043 0.688947022
vt 0.3489980102 0.6041920185
vt 0.3652069867 0.6400619745
vt 0.4171949923 0.6968320012
vt 0.4526300132 0.7185080051
vt 0.3930909932 0.6718599796
vt 0.3721629977 0.6727359891
vt 0.3915689886 0.6994889975
vt 0.4152989984 0.720393002
vt 0.4516470134 0.7458900213
vt 0.4134980142 0.741723001
vt 0.4103820026 0.7633069754
vt 0.3895860016 0.7203230262
vt 0.3727250099 0.6989369988
vt 0.3850240111 0.7579789758
vt 0.3805559874 0.7802529931
vt 0.3876940012 0.7389559746
vt 0.3613870144 0.7769299746
vt 0.3720600009 0.8112739921
vt 0.3669809997 0.7559639812
vt 0.3716430068 0.7190679908
vt 0.3698759973 0.7373160124
vt 0.35611099 0.7356939912
vt 0.3528890014 0.7549170256
vt 0.3581160009 0.7167620063
vt 0.3457930088 0.7340450287
vt 0.6915969849 0.7342460155
vt 0.672047019 0.7528089881
vt 0.6784970164 0.7296019793
vt 0.6948289871 0.7126290202
vt 0.7099000216 0.7170130014
vt 0.6036260128 0.7840560079
vt 0.6260899901 0.7815089822
vt 0.6085240245 0.7983009815
vt 0.5869160295 0.7976530194
vt 0.6518620253 0.7724580169
vt 0.6318460107 0.7922790051
vt 0.6614480019 0.7822219729
vt 0.5912539959 0.8143180013
vt 0.569347024 0.8102549911
vt 0.6129270196 0.8114839792
vt 0.5734900236 0.8293539882
vt 0.5499550104 0.8215879798
vt 0.5953609943 0.8294669986
vt 0.6402059793 0.8032969832
vt 0.6204180121 0.8234109879
vt 0.5778650045 0.8464490175
vt 0.5535920262 0.8437259793
vt 0.5283910036 0.8321790099
vt 0.6024649739 0.8419579864
vt 0.5312119722 0.8580179811
vt 0.5048649907 0.8421649933
vt 0.5582429767 0.8635830283
vt 0.5065559745 0.8720319867
vt 0.4791780114 0.8501949906
vt 0.4788790047 0.8846619725
vt 0.536082983 0.8814759851
vt 0.5114790201 0.8996989727
vt 0.483536005 0.9179149866
vt 0.5442690253 0.8981289864
vt 0.5205569863 0.9191229939
vt 0.4938659966 0.9412879944
vt 0.532802999 0.9338179827
vt 0.5081290007 0.9584410191
vt 0.5248320103 0.9728710055
vt 0.5551459789 0.9109550118
vt 0.5472720265 0.9459949732
vt 0.5471429825 0.9833440185
vt 0.5657740235 0.8781639934
vt 0.5655909777 0.9551910162
vt 0.5779880285 0.9876729846
vt 0.5677509904 0.9217230082
vt 0.5850030184 0.8596400023
vt 0.5756829977 0.8897429705
vt 0.5869470239 0.8996779919
vt 0.5943480134 0.8705329895
vt 0.6048189998 0.8800849915
vt 0.6117659807 0.8527230024
vt 0.6300230026 0.8343260288
vt 0.6220099926 0.8624010086
vt 0.6002500057 0.9083560109
vt 0.6169149876 0.8888520002
vt 0.5830990076 0.9304530025
vt 0.6172890067 0.9157149792
vt 0.589985013 0.9601259828
vt 0.6164979935 0.986330986
vt 0.6030690074 0.9365869761
vt 0.6213930249 0.9617400169
vt 0.661108017 0.9803519845
vt 0.6294389963 0.9404079914
vt 0.6610040069 0.9602800012
vt 0.7002220154 0.9717440009
vt 0.6400840282 0.9212849736
vt 0.6321989894 0.8970699906
vt 0.6336370111 0.8714830279
vt 0.6524749994 0.9038339853
vt 0.6479899883 0.8802750111
vt 0.6403719783 0.8444650173
vt 0.6518520117 0.8541780114
vt 0.650282979 0.8142799735
vt 0.6608390212 0.8249109983
vt 0.6720039845 0.7929729819
vt 0.6721659899 0.8354200125
vt 0.6654909849 0.8637340069
vt 0.6826720238 0.8038390279
vt 0.6849529743 0.8460869789
vt 0.666302979 0.8877519965
vt 0.6818400025 0.8721100092
vt 0.6936360002 0.8150060177
vt 0.6990990043 0.8559920192
vt 0.7052999735 0.8268859982
vt 0.7248709798 0.8068959713
vt 0.7144410014 0.7939149737
vt 0.7041419744 0.7823960185
vt 0.7428719997 0.7877600193
vt 0.733569026 0.7739490271
vt 0.693705976 0.7716469765
vt 0.7240689993 0.7622920275
vt 0.7512059808 0.7560549974
vt 0.6829100251 0.7613700032
vt 0.7033839822 0.7419549823
vt 0.7141209841 0.7517579794
vt 0.7222579718 0.7243450284
vt 0.727200985 0.6998329759
vt 0.742339015 0.7442629933
vt 0.7328500152 0.7338420153
vt 0.7402579784 0.7072110176
vt 0.7591320276 0.6883260012
vt 0.750977993 0.7167540193
vt 0.7705270052 0.6984450221
vt 0.7921119928 0.67830199
vt 0.7603359818 0.7273989916
vt 0.7802529931 0.7098910213
vt 0.8026469946 0.6911020279
vt 0.8272920251 0.6710730195
vt 0.7886859775 0.7233499885
vt 0.7688789964 0.7396540046
vt 0.8110929728 0.7066090107
vt 0.8361489773 0.6895570159
vt 0.8646370173 0.6716300249
vt 0.8683980107 0.7025489807
vt 0.8406350017 0.7140390277
vt 0.01824189909 0.8223130107
vt 0.05541009828 0.8428109884
vt 0.02955929935 0.8544440269
vt 0.04726690054 0.8110569715
vt 0.01181310043 0.782796979
vt 0.09070210159 0.8634650111
vt 0.08155670017 0.8348600268
vt 0.04431249946 0.7731410265
vt 0.01033489965 0.7432960272
vt 0.0754379034 0.8048830032
vt 0.1128399968 0.8570910096
vt 0.1215670034 0.8844640255
vt 0.04594580084 0.7381029725
vt 0.0112346001 0.7125430107
vt 0.07229389995 0.7695659995
vt 0.04852180183 0.7129600048
vt 0.01357899979 0.6849390268
vt 0.07258869708 0.7374039888
vt 0.09193629771 0.7394400239
vt 0.07437060028 0.714756012
vt 0.05141599849 0.6913449764
vt 0.05550590158 0.6703330278
vt 0.02010829933 0.65832901
vt 0.07699549943 0.6957269907
vt 0.08026190102 0.6772850156
vt 0.06011399999 0.6471490264
vt 0.02871979959 0.6300449967
vt 0.08404140174 0.6567000151
vt 0.0922786966 0.7177429795
vt 0.09458430111 0.6990129948
vt 0.06719189882 0.6172819734
vt 0.04202210158 0.5965340137
vt 0.09011950344 0.6297050118
vt 0.08529250324 0.5828449726
vt 0.06718169898 0.5618709922
vt 0.105117999 0.597202003
vt 0.110013999 0.6362609863
vt 0.118761003 0.5507490039
vt 0.1066029966 0.5323089957
vt 0.1455380023 0.5121250153
vt 0.1338350028 0.5655519962
vt 0.1542070061 0.5278019905
vt 0.1783780009 0.5126550198
vt 0.171788007 0.5002819896
vt 0.1650329977 0.541482985
vt 0.1256249994 0.6067270041
vt 0.1510100067 0.5766450167
vt 0.201767996 0.4988679886
vt 0.1974810064 0.4884630144
vt 0.1864069998 0.5238190293
vt 0.2072509974 0.5078750253
vt 0.2225890011 0.4902150035
vt 0.2209679931 0.4826129973
vt 0.2255679965 0.4970749915
vt 0.2139080018 0.5155959725
vt 0.2297019958 0.5029760003
vt 0.2214359939 0.5219119787
vt 0.1959809959 0.5334659815
vt 0.1777680069 0.5527920127
vt 0.2346930057 0.5078080297
vt 0.2065670043 0.5413039923
vt 0.1915690005 0.5615990162
vt 0.1689250022 0.5838750005
vt 0.1451209933 0.6158800125
vt 0.1878090054 0.5864080191
vt 0.2058320045 0.5679240227
vt 0.2177020013 0.5472630262
vt 0.1250800043 0.6417679787
vt 0.1707410067 0.6095849872
vt 0.2295610011 0.526786983
vt 0.2402870059 0.5115010142
vt 0.2383449972 0.5305209756
vt 0.2464489937 0.5142719746
vt 0.2478030026 0.5333219767
vt 0.2531279922 0.5163189769
vt 0.2576920092 0.5351610184
vt 0.2601279914 0.5176519752
vt 0.267226994 0.518280983
vt 0.2677080035 0.5360919833
vt 0.2742109895 0.5181350112
vt 0.9530749917 0.3204810023
vt 0.9494339824 0.3176049888
vt 0.9547259808 0.3146469891
vt 0.9503539801 0.3201830089
vt 0.9458559752 0.3196049929
vt 0.9519590139 0.3244250119
vt 0.9483540058 0.3227159977
vt 0.9559249878 0.3248580098
vt 0.9508849978 0.3282200098
vt 0.9460089803 0.3256849945
vt 0.9563670158 0.3286159933
vt 0.9498990178 0.331708014
vt 0.9616079926 0.3269599974
vt 0.9567899704 0.3322150111
vt 0.9555490017 0.3216530085
vt 0.959683001 0.3235169947
vt 0.9576830268 0.3199389875
vt 0.9627940059 0.3210189939
vt 0.9657629728 0.3233639896
vt 0.9602620006 0.3190189898
vt 0.9682989717 0.3184869885
vt 0.9645029902 0.3174139857
vt 0.9605590105 0.316298008
vt 0.9617310166 0.313823998
vt 0.9600170255 0.3116889894
vt 0.964936018 0.3134469986
vt 0.9686939716 0.3130060136
vt 0.9635959864 0.3096899986
vt 0.9717860222 0.3194740117
vt 0.5330330133 0.7183279991
vt 0.5303080082 0.699401021
vt 0.537842989 0.734901011
vt 0.5197899938 0.7150729895
vt 0.5825449824 0.7518349886
vt 0.5270760059 0.7336549759
vt 0.5287150145 0.7547559738
vt 0.5128780007 0.7344250083
vt 0.543389976 0.7496749759
vt 0.5678640008 0.7620289922
vt 0.5356529951 0.7783129811
vt 0.552456975 0.7709710002
vt 0.5946080089 0.7687199712
vt 0.609645009 0.75642699
vt 0.578756988 0.7805280089
vt 0.6351540089 0.7554399967
vt 0.6197500229 0.7699540257
vt 0.5620489717 0.7912319899
vt 0.5438150167 0.8004119992
vt 0.5236110091 0.8084989786
vt 0.5170770288 0.7843189836
vt 0.5016040206 0.8156589866
vt 0.5123760104 0.7586849928
vt 0.4969199896 0.7890220284
vt 0.4779500067 0.8208190203
vt 0.4752910137 0.7915779948
vt 0.4947260022 0.7609729767
vt 0.4758580029 0.7607380152
vt 0.4810720086 0.7311409712
vt 0.4974569976 0.7340340018
vt 0.4899689853 0.7054499984
vt 0.5053930283 0.7112140059
vt 0.5014700294 0.6832209826
vt 0.5164849758 0.6919400096
vt 0.5145909786 0.6642249823
vt 0.5287479758 0.6753230095
vt 0.5292599797 0.6475819945
vt 0.5421029925 0.660664022
vt 0.5570060015 0.6475800276
vt 0.546168983 0.6332219839
vt 0.5669509768 0.6608120203
vt 0.5738440156 0.6356239915
vt 0.5654029846 0.6204519868
vt 0.581050992 0.6495820284
vt 0.5879570246 0.662536025
vt 0.5933189988 0.6248890162
vt 0.5878400207 0.6093609929
vt 0.5969129801 0.6393529773
vt 0.5999249816 0.6526539922
vt 0.6073970199 0.6647940278
vt 0.6164060235 0.6577680111
vt 0.615357995 0.6469799876
vt 0.6163880229 0.6327990294
vt 0.6364250183 0.6490060091
vt 0.6310759783 0.6635850072
vt 0.6429780126 0.6882820129
vt 0.616280973 0.6173729897
vt 0.6136890054 0.6009380221
vt 0.6406530142 0.6327419877
vt 0.6432660222 0.615136981
vt 0.6433780193 0.5962679982
vt 0.6742230058 0.5962679982
vt 0.6712700129 0.6178460121
vt 0.7034100294 0.599462986
vt 0.6661970019 0.6379129887
vt 0.6978160143 0.6230180264
vt 0.7242569923 0.6267650127
vt 0.7327589989 0.601230979
vt 0.6902530193 0.6448910236
vt 0.6598510146 0.6563760042
vt 0.7138410211 0.6501049995
vt 0.6817960143 0.6649420261
vt 0.6522020102 0.6730419993
vt 0.7396240234 0.6533989906
vt 0.7540889978 0.6290050149
vt 0.7672250271 0.6015650034
vt 0.781660974 0.634434998
vt 0.8003870249 0.6068320274
vt 0.7629889846 0.6587010026
vt 0.7794880271 0.6671910286
vt 0.8009150028 0.6438689828
vt 0.8235660195 0.6175889969
vt 0.8153830171 0.656382978
vt 0.8404539824 0.6321650147
vt 0.8545749784 0.6491299868
vt 0.7446920276 0.6805289984
vt 0.7249240279 0.6755130291
vt 0.7028560042 0.6714699864
vt 0.7101889849 0.6951439977
vt 0.6722829938 0.6830040216
vt 0.6911690235 0.6906509995
vt 0.6612740159 0.6995130181
vt 0.6782460213 0.7079859972
vt 0.664345026 0.7244430184
vt 0.6491760015 0.7151449919
vt 0.6499490142 0.7403050065
vt 0.6613849998 0.7468559742
vt 0.6438320279 0.7642790079
vt 0.9682989717 0.3993639946
vt 0.9657629728 0.3944880068
vt 0.9717860222 0.3983770013
vt 0.9686939716 0.4048460126
vt 0.9627940059 0.3968330026
vt 0.9686080217 0.3922420144
vt 0.964936018 0.4044040143
vt 0.9616079926 0.3908909857
vt 0.9645029902 0.4004380107
vt 0.9617310166 0.4040269852
vt 0.9600170255 0.4061619937
vt 0.9605590105 0.4015539885
vt 0.9602620006 0.3988319933
vt 0.9547259808 0.403203994
vt 0.9576830268 0.3979119956
vt 0.959683001 0.3943339884
vt 0.9555490017 0.3961980045
vt 0.9559249878 0.3929939866
vt 0.9530749917 0.3973709941
vt 0.3586249948 0.6970570087
vt 0.3479770124 0.7144399881
vt 0.3561660051 0.673920989
vt 0.348176986 0.6952180266
vt 0.3401809931 0.7140719891
vt 0.3439520001 0.6435449719
vt 0.3478839993 0.6788460016
vt 0.3361960053 0.6910290122
vt 0.3388769925 0.6680629849
vt 0.3297899961 0.6062570214
vt 0.3210240006 0.6304939985
vt 0.3224970102 0.6566089988
vt 0.3184469938 0.6758350134
vt 0.3117820024 0.6835529804
vt 0.2994259894 0.6209179759
vt 0.3010450006 0.645532012
vt 0.2973729968 0.6637070179
vt 0.2746520042 0.6123430133
vt 0.2746390104 0.6347150207
vt 0.2719430029 0.6524639726
vt 0.2914119959 0.6706640124
vt 0.2477310002 0.6067559719
vt 0.244828999 0.627614975
vt 0.2424390018 0.644792974
vt 0.2283889949 0.5884259939
vt 0.2203070074 0.6047819853
vt 0.220630005 0.5723659992
vt 0.2074449956 0.5873379707
vt 0.1941329986 0.6062679887
vt 0.2142129987 0.6263070107
vt 0.3980030119 0.8223519921
vt 0.3593940139 0.8443909883
vt 0.4059959948 0.7881990075
vt 0.4388369918 0.8029159904
vt 0.4266319871 0.840512991
vt 0.4463669956 0.7730849981
vt 0.3848100007 0.8580210209
vt 0.4096600115 0.8767729998
vt 0.3683069944 0.8863459826
vt 0.390000999 0.9045940042
vt 0.3453240097 0.8715599775
vt 0.3481180072 0.9113929868
vt 0.3664050102 0.9291599989
vt 0.3287180066 0.8965809941
vt 0.3224349916 0.8593469858
vt 0.3091610074 0.8844059706
vt 0.2932929993 0.9083570242
vt 0.3090389967 0.920108974
vt 0.3242850006 0.9343569875
vt 0.338135004 0.9516109824
vt 0.3073979914 0.969020009
vt 0.2978259921 0.9519720078
vt 0.277316004 0.9800360203
vt 0.2867340147 0.9377030134
vt 0.2711719871 0.9616609812
vt 0.248367995 0.9858989716
vt 0.2755430043 0.9254530072
vt 0.2453780025 0.9656720161
vt 0.2211489975 0.9876729846
vt 0.2640889883 0.9457049966
vt 0.2211470008 0.9664720297
vt 0.194953993 0.9860749841
vt 0.2421330065 0.9475730062
vt 0.2573440075 0.9313139915
vt 0.2687439919 0.9148659706
vt 0.2393440008 0.9307259917
vt 0.2555319965 0.9149010181
vt 0.2778419852 0.8990449905
vt 0.2616820037 0.8931350112
vt 0.2396810055 0.911822021
vt 0.2211170048 0.947100997
vt 0.2213429958 0.9285830259
vt 0.1979350001 0.9646520019
vt 0.200662002 0.9450510144
vt 0.1751070023 0.9600660205
vt 0.1693180054 0.9804610014
vt 0.1804250032 0.9414389729
vt 0.203301996 0.9260770082
vt 0.1852619946 0.9235630035
vt 0.223131001 0.9081680179
vt 0.1520150006 0.9526820183
vt 0.1436170042 0.9713240266
vt 0.160078004 0.9361559749
vt 0.1673599929 0.9207109809
vt 0.1282960027 0.9417819977
vt 0.1173690036 0.9577819705
vt 0.1394660026 0.9283649921
vt 0.149883002 0.9163619876
vt 0.1053000018 0.9251840115
vt 0.09143680334 0.9389719963
vt 0.1198650002 0.9144849777
vt 0.1339749992 0.9057559967
vt 0.08465380222 0.9010159969
vt 0.06662009656 0.9138339758
vt 0.04555270076 0.8845180273
vt 0.1032110006 0.8914710283
vt 0.06799490005 0.8724179864
vt 0.9563670158 0.3892360032
vt 0.9519590139 0.3934260011
vt 0.9508849978 0.3896310031
vt 0.9567899704 0.3856369853
vt 0.9498990178 0.3861429989
vt 0.9633759856 0.3877269924
vt 0.9649950266 0.3848310113
vt 0.9483540058 0.3951359987
vt 0.971356988 0.3900699914
vt 0.9807609916 0.3826439977
vt 0.9503539801 0.397668004
vt 0.9714319706 0.3733150065
vt 0.9571989775 0.3821569979
vt 0.9585980177 0.3702569902
vt 0.9489949942 0.3829509914
vt 0.9454039931 0.3702569902
vt 0.9341660142 0.377169013
vt 0.9749789834 0.3974739909
vt 0.9876729846 0.3938820064
vt 0.9876729846 0.4070760012
vt 0.9757729769 0.4056769907
vt 0.9846140146 0.4199100137
vt 0.9722930193 0.4052680135
vt 0.9730989933 0.4134730101
vt 0.9678590298 0.4198360145
vt 0.9752849936 0.4292390049
vt 0.9702029824 0.4118550122
vt 0.9670389891 0.4100860059
vt 0.9635959864 0.4081619978
vt 0.961097002 0.4112719893
vt 0.9590970278 0.4087400138
vt 0.9634420276 0.4142419994
vt 0.9574919939 0.412981987
vt 0.9563760161 0.409036994
vt 0.9656879902 0.4170860052
vt 0.95856601 0.4167770147
vt 0.9539020061 0.4102100134
vt 0.9604560137 0.4234569967
vt 0.9640470147 0.4361509979
vt 0.9508540034 0.4361509979
vt 0.9535260201 0.4134140015
vt 0.9517679811 0.4084959924
vt 0.9497680068 0.4120739996
vt 0.953083992 0.4171720147
vt 0.9478430152 0.4155170023
vt 0.9595530033 0.4202649891
vt 0.9526609778 0.4207710028
vt 0.9522519708 0.4242509902
vt 0.9460750222 0.4186809957
vt 0.9444559813 0.4215770066
vt 0.9380199909 0.4330930114
vt 0.9286900163 0.4237639904
vt 0.9380940199 0.4163379967
vt 0.9217780232 0.4125260115
vt 0.9408439994 0.4141660035
vt 0.9344720244 0.4089339972
vt 0.9336779714 0.4007309973
vt 0.9217780232 0.3993319869
vt 0.9376649857 0.4080309868
vt 0.9436879754 0.411920011
vt 0.9371579885 0.4011400044
vt 0.9411529899 0.4070439935
vt 0.946657002 0.4095749855
vt 0.9491900206 0.4075759947
vt 0.9449480176 0.4059700072
vt 0.9488919973 0.4048539996
vt 0.9494339824 0.4002459943
vt 0.9477199912 0.4023810029
vt 0.9458559752 0.3982459903
vt 0.9445149899 0.4020040035
vt 0.9460089803 0.3921659887
vt 0.9424129725 0.3963220119
vt 0.9437630177 0.3893220127
vt 0.9407569766 0.4015629888
vt 0.9392489791 0.3945530057
vt 0.9415919781 0.3865720034
vt 0.9248369932 0.3864980042
vt 0.9363520145 0.3929350078
vt 0.1858559996 0.6295049787
vt 0.1621959955 0.6343050003
vt 0.2119610012 0.644118011
vt 0.1844269931 0.6479930282
vt 0.1433109939 0.6408529878
vt 0.1608429998 0.653907001
vt 0.1651480049 0.6631510258
vt 0.1396210045 0.6636790037
vt 0.1317020059 0.6487680078
vt 0.1269509941 0.6644380093
vt 0.1163979992 0.6633539796
vt 0.1294970065 0.6847580075
vt 0.1218959987 0.6829839945
vt 0.1023209989 0.6613150239
vt 0.1115090027 0.6824510098
vt 0.09786549956 0.6809759736
vt 0.1186460033 0.7024400234
vt 0.1082689986 0.7012109756
vt 0.1061210036 0.7205830216
vt 0.1256680042 0.7041350007
vt 0.1172429994 0.722250998
vt 0.1064490005 0.7415549755
vt 0.09494949877 0.7689650059
vt 0.1116560027 0.7667059898
vt 0.1012429968 0.8009729981
vt 0.1069110036 0.8293600082
vt 0.1174890026 0.742166996
vt 0.1256559938 0.7235059738
vt 0.1192580014 0.7596369982
vt 0.126199007 0.7435100079
vt 0.1265310049 0.7647429705
vt 0.1277289987 0.7931830287
vt 0.1326230019 0.7601910233
vt 0.1307059973 0.8267719746
vt 0.1395280063 0.7701339722
vt 0.1339080036 0.8534659743
vt 0.1539649963 0.8038039804
vt 0.1389729977 0.8797230124
vt 0.1535509974 0.8276900053
vt 0.1542890072 0.8523470163
vt 0.1434060037 0.8974270225
vt 0.1561319977 0.8784490228
vt 0.1561069936 0.9010670185
vt 0.1721960008 0.9024320245
vt 0.1743690073 0.8526639938
vt 0.1891150028 0.9034349918
vt 0.1738760024 0.8782380223
vt 0.2062090039 0.9051830173
vt 0.1918520033 0.8787479997
vt 0.194095999 0.8535770178
vt 0.2096589953 0.8803880215
vt 0.2272379994 0.883671999
vt 0.2131260037 0.8554679751
vt 0.9670389891 0.307765007
vt 0.9590970278 0.3091109991
vt 0.961097002 0.3065789938
vt 0.9563760161 0.3088139892
vt 0.9574919939 0.3048700094
vt 0.9634420276 0.303609997
vt 0.9722930193 0.3125829995
vt 0.9702029824 0.305997014
vt 0.95856601 0.3010739982
vt 0.9730989933 0.3043780029
vt 0.9656879902 0.3007659912
vt 0.9678590298 0.2980160117
vt 0.9846140146 0.2979409993
vt 0.9757729769 0.3121739924
vt 0.9752849936 0.2886120081
vt 0.9876729846 0.3107759953
vt 0.9604560137 0.2943939865
vt 0.9640470147 0.2816999853
vt 0.9508540034 0.2816999853
vt 0.9749789834 0.3203769922
vt 0.9876729846 0.3239690065
vt 0.9807609916 0.3352069855
vt 0.971356988 0.3277809918
vt 0.9686070085 0.3256100118
vt 0.9649950266 0.3330200016
vt 0.9714310169 0.3445360065
vt 0.9633759856 0.3301239908
vt 0.9571989775 0.3356949985
vt 0.9585980177 0.3475950062
vt 0.9489949942 0.334901005
vt 0.9454039931 0.3475950062
vt 0.9341660142 0.3406830132
vt 0.9437630177 0.3285290003
vt 0.9415919781 0.3312790096
vt 0.9248369932 0.3313530087
vt 0.9363520145 0.3249169886
vt 0.9217780232 0.3185189962
vt 0.9392489791 0.3232980072
vt 0.9424129725 0.3215300143
vt 0.9336779714 0.3171209991
vt 0.9217780232 0.3053260148
vt 0.9407569766 0.3162890077
vt 0.9445149899 0.3158470094
vt 0.9477199912 0.3154709935
vt 0.9411529899 0.3108069897
vt 0.9371579885 0.316711992
vt 0.9449480176 0.3118810058
vt 0.9488919973 0.3129970133
vt 0.9517679811 0.3093549907
vt 0.9491900206 0.3102760017
vt 0.946657002 0.3082759976
vt 0.9497680068 0.3057770133
vt 0.9539020061 0.3076420128
vt 0.9535260201 0.3044370115
vt 0.9478430152 0.3023340106
vt 0.953083992 0.3006789982
vt 0.9595530033 0.2975870073
vt 0.9526609778 0.2970800102
vt 0.9522519708 0.293599993
vt 0.9460750222 0.2991699874
vt 0.9444559813 0.2962740064
vt 0.9380199909 0.2847590148
vt 0.9286900163 0.294088006
vt 0.9380940199 0.3015139997
vt 0.9408439994 0.3036850095
vt 0.9436879754 0.3059310019
vt 0.9344720244 0.308916986
vt 0.9376649857 0.3098199964
vt 0.2446700037 0.8880879879
vt 0.2319499999 0.8588439822
vt 0.2511770129 0.8633509874
vt 0.270581007 0.8685269952
vt 0.2161410004 0.8338040113
vt 0.2361090034 0.8370789886
vt 0.1960369945 0.8315039873
vt 0.2186120003 0.8160380125
vt 0.2566480041 0.8408550024
vt 0.2400339991 0.8186429739
vt 0.1752469987 0.8295289874
vt 0.1972929984 0.8126969934
vt 0.1759549975 0.8086100221
vt 0.2204820067 0.8026040196
vt 0.1974229962 0.7973840237
vt 0.176176995 0.7896460295
vt 0.1561329961 0.7808459997
vt 0.1770900041 0.7756590247
vt 0.1595849991 0.7633399963
vt 0.1974869967 0.7860810161
vt 0.2218399942 0.7928410172
vt 0.1432610005 0.7459509969
vt 0.2440890074 0.803876996
vt 0.2616780102 0.8205369711
vt 0.2471140027 0.7929859757
vt 0.2780219913 0.8450090289
vt 0.266640991 0.8022329807
vt 0.2841440141 0.8219159842
vt 0.2898829877 0.8751680255
vt 0.3002499938 0.8503620028
vt 0.3356370032 0.8335850239
vt 0.3122830093 0.8188610077
vt 0.3504289985 0.8045110106
vt 0.3349739909 0.7977769971
vt 0.346848011 0.775003016
vt 0.3417339921 0.7534859776
vt 0.3360610008 0.772578001
vt 0.3295899928 0.7889009714
vt 0.3385750055 0.7337579727
vt 0.3332979977 0.7523959875
vt 0.3273150027 0.7714920044
vt 0.3211989999 0.7918279767
vt 0.3341549933 0.7181069851
vt 0.3165810108 0.7857859731
vt 0.3072249889 0.7934659719
vt 0.2883259952 0.7992389798
vt 0.3207910061 0.7691720128
vt 0.3102349937 0.7691829801
vt 0.2897840142 0.7814549804
vt 0.2695809901 0.7885270119
vt 0.3273369968 0.7518810034
vt 0.3223010004 0.751233995
vt 0.3331040144 0.7361029983
vt 0.3284290135 0.738887012
vt 0.3284940124 0.7227640152
vt 0.3208949864 0.7036340237
vt 0.3219380081 0.7244700193
vt 0.3234759867 0.7394329906
vt 0.3180179894 0.7496420145
vt 0.3158800006 0.7366420031
vt 0.3274849951 0.6995090246
vt 0.3054290116 0.6856970191
vt 0.3146879971 0.7053179741
vt 0.2858029902 0.672582984
vt 0.3154830039 0.7244809866
vt 0.3003489971 0.6874070168
vt 0.3089979887 0.7070509791
vt 0.2823109925 0.6746479869
vt 0.2680130005 0.6606569886
vt 0.2639989853 0.664650023
vt 0.2411250025 0.6542369723
vt 0.2135049999 0.6530730128
vt 0.2402630001 0.6604290009
vt 0.261732012 0.6672750115
vt 0.2162770033 0.6580110192
vt 0.2397589982 0.6640539765
vt 0.2961669862 0.6898490191
vt 0.2793839872 0.6772680283
vt 0.2884959877 0.6962730289
vt 0.2596060038 0.6705679893
vt 0.2729519904 0.6841570139
vt 0.2391870022 0.6681640148
vt 0.2987209857 0.7119349837
vt 0.2553310096 0.6780610085
vt 0.2761020064 0.7044320107
vt 0.263361007 0.6948080063
vt 0.284480989 0.7158589959
vt 0.2630789876 0.7126399875
vt 0.2699179947 0.7189350128
vt 0.2880440056 0.7245050073
vt 0.3016949892 0.7250130177
vt 0.3017739952 0.7320259809
vt 0.2889220119 0.7292870283
vt 0.2735329866 0.7240530252
vt 0.2748540044 0.7272430062
vt 0.2731580138 0.7298129797
vt 0.2663230002 0.7261199951
vt 0.2637090087 0.7247409821
vt 0.2606880069 0.722507
vt 0.2636289895 0.7267779708
vt 0.2607649863 0.7254419923
vt 0.2551259995 0.7201349735
vt 0.2583230138 0.7251290083
vt 0.2603830099 0.7281500101
vt 0.1467130035 0.7131050229
vt 0.1442079991 0.6997420192
vt 0.1504150033 0.7015150189
vt 0.141106993 0.7250279784
vt 0.1506060064 0.7398419976
vt 0.16347 0.7555829883
vt 0.1543190032 0.7361639738
vt 0.1660739928 0.75217098
vt 0.1788560003 0.768772006
vt 0.147073999 0.7214760184
vt 0.1982569993 0.7798110247
vt 0.1810439974 0.7656829953
vt 0.1874800026 0.7582560182
vt 0.2226710021 0.7868679762
vt 0.1999199986 0.7766730189
vt 0.2480839938 0.7867429852
vt 0.2231539935 0.7833939791
vt 0.2697620094 0.7814199924
vt 0.247341007 0.7832710147
vt 0.2685000002 0.7778509855
vt 0.2881639898 0.772931993
vt 0.2865900099 0.7689390182
vt 0.26433599 0.7689499855
vt 0.304836005 0.761300981
vt 0.3022690117 0.7567489743
vt 0.2819589972 0.7601410151
vt 0.3132480085 0.7445960045
vt 0.2955229878 0.7478560209
vt 0.3009630144 0.737154007
vt 0.287440002 0.7331950068
vt 0.282487005 0.7400169969
vt 0.2688049972 0.7335950136
vt 0.2721109986 0.7488290071
vt 0.26107499 0.7378910184
vt 0.2575109899 0.7554910183
vt 0.2505809963 0.7407889962
vt 0.2446620017 0.773154974
vt 0.241670996 0.7582060099
vt 0.2394919991 0.7418799996
vt 0.2246930003 0.7723360062
vt 0.2267780006 0.7573519945
vt 0.2290149927 0.741271019
vt 0.2052589953 0.7676720023
vt 0.2122170031 0.7541080117
vt 0.2187699974 0.7389969826
vt 0.2231680006 0.7268499732
vt 0.1977200061 0.747171998
vt 0.2083999962 0.7349209785
vt 0.2152419984 0.7247099876
vt 0.2176100016 0.7193930149
vt 0.2103330046 0.7184050083
vt 0.2176509947 0.713737011
vt 0.2076620013 0.7224199772
vt 0.1990959942 0.7292680144
vt 0.1854930073 0.7367780209
vt 0.2096659988 0.7138100266
vt 0.2147269994 0.7019180059
vt 0.2040610015 0.7044289708
vt 0.2052280009 0.7177410126
vt 0.2036669999 0.7145730257
vt 0.1957640052 0.7086179852
vt 0.1937730014 0.6929770112
vt 0.2027930021 0.7173759937
vt 0.2024199963 0.7200850248
vt 0.2001509964 0.7158979774
vt 0.1996719986 0.7178789973
vt 0.1928319931 0.7230250239
vt 0.189677 0.7181980014
vt 0.1779160053 0.7254679799
vt 0.1972600073 0.7165110111
vt 0.1908890009 0.712553978
vt 0.1887470037 0.7152619958
vt 0.1825940013 0.7016829848
vt 0.184077993 0.6817449927
vt 0.1768060029 0.7090280056
vt 0.169964999 0.6940209866
vt 0.1614110023 0.6865170002
vt 0.1635340005 0.7057899833
vt 0.1746550053 0.7133889794
vt 0.1615439951 0.7125149965
vt 0.1750140041 0.7175530195
vt 0.1609240025 0.7176700234
vt 0.1632360071 0.7294499874
vt 0.1729310006 0.7449719906
vt 0.2547029853 0.7289659977
vt 0.2532289922 0.724372983
vt 0.2535040081 0.7073130012
vt 0.2474640012 0.7178850174
vt 0.2467859983 0.7290989757
vt 0.2459589988 0.7233369946
vt 0.2495889962 0.6896150112
vt 0.2437060028 0.7040680051
vt 0.2398329973 0.7162420154
vt 0.2381110042 0.6758959889
vt 0.2365099937 0.68740201
vt 0.2344290018 0.7023580074
vt 0.238617003 0.7225040197
vt 0.2326509953 0.7151389718
vt 0.2385769933 0.7289940119
vt 0.2317370027 0.7217050195
vt 0.230813995 0.7283459902
vt 0.224902004 0.7205950022
vt 0.2254409939 0.7142400146
vt 0.2250390053 0.7014709711
vt 0.2233249992 0.6859610081
vt 0.2209549993 0.6732779741
vt 0.2086579949 0.6871970296
vt 0.2188870013 0.6649029851
vt 0.2023379952 0.6743329763
vt 0.2177409977 0.6611539721
vt 0.1980320066 0.665948987
vt 0.1959310025 0.6626300216
vt 0.1931349933 0.6596900225
vt 0.1784510016 0.6734700203
vt 0.1750950068 0.6699799895
vt 0.1706749946 0.6669480205
vt 0.1882620007 0.6563130021
vt 0.156411007 0.6832969785
vt 0.1509000063 0.6799809933
vt 0.1456860006 0.6742140055
vt 0.1341920048 0.690285027
vt 0.1383669972 0.696310997
vt 0.130291 0.7078840137
vt 0.134029001 0.7118390203
vt 0.1315319985 0.724636972
vt 0.1331090033 0.7430589795
vt 0.1365530044 0.725390017
vt 0.1386439949 0.7137169838
vt 0.8471390009 0.4588130116
vt 0.8471390009 0.4588130116
vt 0.8451319933 0.4671249986
vt 0.4752910137 0.1751540005
vt 0.4752910137 0.1751540005
vt 0.4809480011 0.1820330024
vt 0.842031002 0.4751060009
vt 0.842031002 0.4751060009
vt 0.8385180235 0.4849370122
vt 0.4853590131 0.1897590011
vt 0.4809480011 0.1820330024
vt 0.4853590131 0.1897590011
vt 0.4809480011 0.1820330024
vt 0.4809480011 0.1820330024
vt 0.4752910137 0.1751540005
vt 0.4752910137 0.1751540005
vt 0.8299409747 0.5019140244
vt 0.8299409747 0.5019140244
vt 0.8338479996 0.4942849874
vt 0.8244050145 0.5083760023
vt 0.8244050145 0.5083760023
vt 0.8299409747 0.5019140244
vt 0.8299409747 0.5019140244
vt 0.6038950086 0.1976259947
vt 0.6035299897 0.2068970054
vt 0.6114320159 0.199702993
vt 0.5996530056 0.2021069974
vt 0.8622320294 0.5701000094
vt 0.8699020147 0.5671269894
vt 0.8658210039 0.5665910244
vt 0.8702629805 0.5736060143
vt 0.842031002 0.4751060009
vt 0.8451319933 0.4671249986
vt 0.842031002 0.4751060009
vt 0.8451319933 0.4671249986
vt 0.842031002 0.4751060009
vt 0.8451319933 0.4671249986
vt 0.4853590131 0.1897590011
vt 0.4908219874 0.1989749968
vt 0.4853590131 0.1897590011
vt 0.4908219874 0.1989749968
vt 0.4853590131 0.1897590011
vt 0.4908219874 0.1989749968
vt 0.4908219874 0.1989749968
vt 0.4954969883 0.2085860074
vt 0.4954969883 0.2085860074
vt 0.4994960129 0.2164019942
vt 0.4994960129 0.2164019942
vt 0.5024129748 0.2247119993
vt 0.4994960129 0.2164019942
vt 0.5024129748 0.2247119993
vt 0.4954969883 0.2085860074
vt 0.5024129748 0.2247119993
vt 0.4994960129 0.2164019942
vt 0.9470030069 0.4591940045
vt 0.9442129731 0.4645020068
vt 0.9490870237 0.4679749906
vt 0.9559140205 0.4646100104
vt 0.8451319933 0.4671249986
vt 0.8471390009 0.4588130116
vt 0.8471390009 0.4588130116
vt 0.4908219874 0.1989749968
vt 0.4954969883 0.2085860074
vt 0.4908219874 0.1989749968
vt 0.4954969883 0.2085860074
vt 0.4954969883 0.2085860074
vt 0.4908219874 0.1989749968
vt 0.4954969883 0.2085860074
vt 0.4994960129 0.2164019942
vt 0.5024129748 0.2247119993
vt 0.4994960129 0.2164019942
vt 0.9330829978 0.5702369809
vt 0.9410820007 0.5674170256
vt 0.9319519997 0.5646409988
vt 0.9362409711 0.5624089837
vt 0.8338479996 0.4942849874
vt 0.8385180235 0.4849370122
vt 0.8385180235 0.4849370122
vt 0.8338479996 0.4942849874
vt 0.8385180235 0.4849370122
vt 0.8385180235 0.4849370122
vt 0.8385180235 0.4849370122
vt 0.842031002 0.4751060009
vt 0.842031002 0.4751060009
vt 0.8385180235 0.4849370122
vt 0.842031002 0.4751060009
vt 0.842031002 0.4751060009
vt 0.8451319933 0.4671249986
vt 0.8451319933 0.4671249986
vt 0.8471390009 0.4588130116
vt 0.8451319933 0.4671249986
vt 0.8451319933 0.4671249986
vt 0.8471390009 0.4588130116
vt 0.8471390009 0.4588130116
vt 0.4809480011 0.1820330024
vt 0.4809480011 0.1820330024
vt 0.4752910137 0.1751540005
vt 0.4752910137 0.1751540005
vt 0.4809480011 0.1820330024
vt 0.4853590131 0.1897590011
vt 0.4853590131 0.1897590011
vt 0.4809480011 0.1820330024
vt 0.4853590131 0.1897590011
vt 0.4908219874 0.1989749968
vt 0.4853590131 0.1897590011
vt 0.4908219874 0.1989749968
vt 0.501151979 0.1058780029
vt 0.4920620024 0.1041089967
vt 0.4965919852 0.1085160002
vt 0.4985229969 0.09847799689
vt 0.8338479996 0.4942849874
vt 0.8385180235 0.4849370122
vt 0.8338479996 0.4942849874
vt 0.8299409747 0.5019140244
vt 0.8299409747 0.5019140244
vt 0.8338479996 0.4942849874
vt 0.8338479996 0.4942849874
vt 0.8385180235 0.4849370122
vt 0.8385180235 0.4849370122
vt 0.8244050145 0.5083760023
vt 0.8244050145 0.5083760023
vt 0.8299409747 0.5019140244
vt 0.6056780219 0.1933149993
vt 0.6114320159 0.199702993
vt 0.6112779975 0.1921419948
vt 0.6038950086 0.1976259947
vt 0.8658210039 0.5665910244
vt 0.8634819984 0.5602740049
vt 0.8622320294 0.5701000094
vt 0.8570290208 0.5604799986
vt 0.5861679912 0.2108220011
vt 0.6035299897 0.2068970054
vt 0.5996530056 0.2021069974
vt 0.5865880251 0.2022659928
vt 0.5996530056 0.2021069974
vt 0.5919629931 0.1947299987
vt 0.6038950086 0.1976259947
vt 0.9296870232 0.4588130116
vt 0.9079579711 0.4719690084
vt 0.9318010211 0.4668250084
vt 0.9067299962 0.4622339904
vt 0.9442129731 0.4645020068
vt 0.9296870232 0.4588130116
vt 0.9470030069 0.4591940045
vt 0.5235300064 0.2177090049
vt 0.5425130129 0.2145200074
vt 0.5226960182 0.207058996
vt 0.541778028 0.2055460066
vt 0.5614770055 0.2019110024
vt 0.541778028 0.2055460066
vt 0.5623480082 0.2123440057
vt 0.5425130129 0.2145200074
vt 0.5605880022 0.1042909995
vt 0.5686339736 0.09874299914
vt 0.5599880219 0.09847799689
vt 0.5654929876 0.1051509976
vt 0.5605880022 0.1042909995
vt 0.5608540177 0.1145299971
vt 0.5542650223 0.1114040017
vt 0.4965919852 0.1085160002
vt 0.4920620024 0.1041089967
vt 0.4897449911 0.1155660003
vt 0.4974850118 0.1177619994
vt 0.8871870041 0.4638339877
vt 0.8688459992 0.4735350013
vt 0.887929976 0.4721910059
vt 0.8683310151 0.4634450078
vt 0.6060670018 0.1484649926
vt 0.6119019985 0.1407929957
vt 0.6053010225 0.1437149942
vt 0.6118299961 0.1491830051
vt 0.5951279998 0.1482149959
vt 0.6060670018 0.1484649926
vt 0.5986509919 0.154501006
vt 0.8500249982 0.5320129991
vt 0.8501970172 0.5163909793
vt 0.840436995 0.5203120112
vt 0.8586249948 0.5328670144
vt 0.8743069768 0.5662500262
vt 0.8699020147 0.5671269894
vt 0.8782320023 0.5694509745
vt 0.8702629805 0.5736060143
vt 0.5861679912 0.2108220011
vt 0.5614770055 0.2019110024
vt 0.5623480082 0.2123440057
vt 0.5865880251 0.2022659928
vt 0.5865880251 0.2022659928
vt 0.573077023 0.1916020066
vt 0.5919629931 0.1947299987
vt 0.968298018 0.5183669925
vt 0.9610450268 0.5126349926
vt 0.9614729881 0.5172129869
vt 0.966219008 0.510571003
vt 0.9510890245 0.515486002
vt 0.9610450268 0.5126349926
vt 0.9527800083 0.5088580251
vt 0.5017690063 0.1346790045
vt 0.4930349886 0.1458169967
vt 0.5017120242 0.1495099962
vt 0.4917129874 0.1308880001
vt 0.8544920087 0.5460960269
vt 0.8570290208 0.5604799986
vt 0.8616269827 0.5477790236
vt 0.8634819984 0.5602740049
vt 0.5605880022 0.1042909995
vt 0.5490319729 0.1054460034
vt 0.5542650223 0.1114040017
vt 0.5599880219 0.09847799689
vt 0.501151979 0.1058780029
vt 0.5071859956 0.09952200204
vt 0.4985229969 0.09847799689
vt 0.5063869953 0.1053640023
vt 0.4895069897 0.160660997
vt 0.5017120242 0.1495099962
vt 0.4930349886 0.1458169967
vt 0.5014449954 0.1659729928
vt 0.4974850118 0.1177619994
vt 0.4897449911 0.1155660003
vt 0.4917129874 0.1308880001
vt 0.5017690063 0.1346790045
vt 0.541778028 0.2055460066
vt 0.5511850119 0.1956309974
vt 0.5421280265 0.199582994
vt 0.5614770055 0.2019110024
vt 0.5449000001 0.185766995
vt 0.5421280265 0.199582994
vt 0.5340600014 0.1970120072
vt 0.541778028 0.2055460066
vt 0.5421280265 0.199582994
vt 0.5226960182 0.207058996
vt 0.4994960129 0.2164019942
vt 0.5235300064 0.2177090049
vt 0.5024129748 0.2247119993
vt 0.9208549857 0.5667949915
vt 0.9319519997 0.5646409988
vt 0.9242219925 0.5599799752
vt 0.9330829978 0.5702369809
vt 0.5816789865 0.180490002
vt 0.59197402 0.1735009998
vt 0.5793690085 0.1749989986
vt 0.5946620107 0.1768780053
vt 0.59197402 0.1735009998
vt 0.5823900104 0.1667940021
vt 0.5945410132 0.1688529998
vt 0.6023010015 0.1399549991
vt 0.6119019985 0.1407929957
vt 0.6056429744 0.1352089942
vt 0.6053010225 0.1437149942
vt 0.6023010015 0.1399549991
vt 0.5951279998 0.1482149959
vt 0.5928480029 0.1413780004
vt 0.9067299962 0.4622339904
vt 0.887929976 0.4721910059
vt 0.9079579711 0.4719690084
vt 0.8871870041 0.4638339877
vt 0.887929976 0.4721910059
vt 0.8990920186 0.4794549942
vt 0.8892790079 0.4772109985
vt 0.8816130161 0.4812639952
vt 0.8892790079 0.4772109985
vt 0.8688459992 0.4735350013
vt 0.5692909956 0.1079820022
vt 0.5686339736 0.09874299914
vt 0.5654929876 0.1051509976
vt 0.574097991 0.1047210023
vt 0.5608540177 0.1145299971
vt 0.5692909956 0.1079820022
vt 0.5676969886 0.1164150015
vt 0.9637719989 0.5250480175
vt 0.968298018 0.5183669925
vt 0.9595599771 0.5213940144
vt 0.9614729881 0.5172129869
vt 0.9510890245 0.515486002
vt 0.9595599771 0.5213940144
vt 0.9504910111 0.5222679973
vt 0.9350209832 0.50128901
vt 0.9417920113 0.4930939972
vt 0.9300040007 0.4940859973
vt 0.9452700019 0.4967190027
vt 0.6060670018 0.1484649926
vt 0.6045259833 0.1594959944
vt 0.6118299961 0.1491830051
vt 0.5986509919 0.154501006
vt 0.966219008 0.510571003
vt 0.9568989873 0.5028010011
vt 0.9610450268 0.5126349926
vt 0.9527800083 0.5088580251
vt 0.5511850119 0.1956309974
vt 0.5614770055 0.2019110024
vt 0.5606949925 0.1904409975
vt 0.573077023 0.1916020066
vt 0.5420389771 0.1277800053
vt 0.5542650223 0.1114040017
vt 0.5381550193 0.1170549989
vt 0.5490319729 0.1054460034
vt 0.9410820007 0.5674170256
vt 0.9388819933 0.5586439967
vt 0.9362409711 0.5624089837
vt 0.9443529844 0.5601789951
vt 0.9292410016 0.5552669764
vt 0.9388819933 0.5586439967
vt 0.9348359704 0.5514600277
vt 0.5286899805 0.1348389983
vt 0.5205950141 0.1275089979
vt 0.5215449929 0.1367229968
vt 0.5308539867 0.1291570067
vt 0.5215449929 0.1367229968
vt 0.5314120054 0.138319999
vt 0.5210049748 0.1451680064
vt 0.9242219925 0.5599799752
vt 0.9078779817 0.5582470298
vt 0.9208549857 0.5667949915
vt 0.9101489782 0.5493929982
vt 0.8586249948 0.5328670144
vt 0.8544920087 0.5460960269
vt 0.8616269827 0.5477790236
vt 0.8500249982 0.5320129991
vt 0.8669689894 0.5220100284
vt 0.8501970172 0.5163909793
vt 0.8682990074 0.5337560177
vt 0.891941011 0.5452449918
vt 0.9005590081 0.5527549982
vt 0.8989710212 0.5464370251
vt 0.5614150167 0.175417006
vt 0.5793690085 0.1749989986
vt 0.5823900104 0.1667940021
vt 0.566667974 0.1784230024
vt 0.5308539867 0.1291570067
vt 0.5311530232 0.1232889965
vt 0.5205950141 0.1275089979
vt 0.5420389771 0.1277800053
vt 0.5381550193 0.1170549989
vt 0.5311530232 0.1232889965
vt 0.5308539867 0.1291570067
vt 0.5144389868 0.1995809972
vt 0.4954969883 0.2085860074
vt 0.4994960129 0.2164019942
vt 0.5226960182 0.207058996
vt 0.9319519997 0.5646409988
vt 0.9292410016 0.5552669764
vt 0.9242219925 0.5599799752
vt 0.9362409711 0.5624089837
vt 0.840436995 0.5203120112
vt 0.8299409747 0.5019140244
vt 0.8244050145 0.5083760023
vt 0.8501970172 0.5163909793
vt 0.8695769906 0.5597289801
vt 0.8658210039 0.5665910244
vt 0.8699020147 0.5671269894
vt 0.8634819984 0.5602740049
vt 0.9318010211 0.4668250084
vt 0.9211289883 0.479339987
vt 0.9383299947 0.4728929996
vt 0.9079579711 0.4719690084
vt 0.9442129731 0.4645020068
vt 0.9318010211 0.4668250084
vt 0.9490870237 0.4679749906
vt 0.9005590081 0.5527549982
vt 0.9078779817 0.5582470298
vt 0.9101489782 0.5493929982
vt 0.8989710212 0.5464370251
vt 0.5127930045 0.1548070014
vt 0.5111150146 0.1426669955
vt 0.508415997 0.1495479941
vt 0.5210049748 0.1451680064
vt 0.5210049748 0.1451680064
vt 0.5143100023 0.1372980028
vt 0.5111150146 0.1426669955
vt 0.5215449929 0.1367229968
vt 0.5314120054 0.138319999
vt 0.5381839871 0.1436170042
vt 0.5420389771 0.1277800053
vt 0.5320289731 0.1444540024
vt 0.5986509919 0.154501006
vt 0.5945410132 0.1688529998
vt 0.6045259833 0.1594959944
vt 0.5823900104 0.1667940021
vt 0.5282170177 0.1865130067
vt 0.5340600014 0.1970120072
vt 0.5449000001 0.185766995
vt 0.5263080001 0.1941490024
vt 0.5226960182 0.207058996
vt 0.5263080001 0.1941490024
vt 0.5144389868 0.1995809972
vt 0.5120900273 0.1876419932
vt 0.5282170177 0.1865130067
vt 0.5533729792 0.1295180023
vt 0.5542650223 0.1114040017
vt 0.5420389771 0.1277800053
vt 0.5608540177 0.1145299971
vt 0.5420389771 0.1277800053
vt 0.5459190011 0.1416960061
vt 0.5533729792 0.1295180023
vt 0.5381839871 0.1436170042
vt 0.5017690063 0.1346790045
vt 0.5143100023 0.1372980028
vt 0.5102400184 0.1298400015
vt 0.5111150146 0.1426669955
vt 0.576619029 0.1563879997
vt 0.5614150167 0.175417006
vt 0.5823900104 0.1667940021
vt 0.5556870103 0.1659920067
vt 0.9350209832 0.50128901
vt 0.9527800083 0.5088580251
vt 0.9452700019 0.4967190027
vt 0.9568989873 0.5028010011
vt 0.4809480011 0.1820330024
vt 0.5034899712 0.1788250059
vt 0.5014449954 0.1659729928
vt 0.4853590131 0.1897590011
vt 0.4895069897 0.160660997
vt 0.4752910137 0.1751540005
vt 0.5014449954 0.1659729928
vt 0.576619029 0.1563879997
vt 0.5986509919 0.154501006
vt 0.5951279998 0.1482149959
vt 0.5823900104 0.1667940021
vt 0.552192986 0.1553570032
vt 0.5647330284 0.1416269988
vt 0.5535569787 0.1493200064
vt 0.5726659894 0.1450709999
vt 0.5622249842 0.1833419949
vt 0.5449000001 0.185766995
vt 0.5606949925 0.1904409975
vt 0.5511850119 0.1956309974
vt 0.5049660206 0.1163370013
vt 0.501151979 0.1058780029
vt 0.4965919852 0.1085160002
vt 0.4974850118 0.1177619994
vt 0.5017690063 0.1346790045
vt 0.5102400184 0.1298400015
vt 0.5049660206 0.1163370013
vt 0.861586988 0.4818789959
vt 0.8451319933 0.4671249986
vt 0.842031002 0.4751060009
vt 0.8688459992 0.4735350013
vt 0.8385180235 0.4849370122
vt 0.861586988 0.4818789959
vt 0.8605669737 0.4947440028
vt 0.8683310151 0.4634450078
vt 0.8451319933 0.4671249986
vt 0.8471390009 0.4588130116
vt 0.5614150167 0.175417006
vt 0.5622249842 0.1833419949
vt 0.566667974 0.1784230024
vt 0.5449000001 0.185766995
vt 0.5127930045 0.1548070014
vt 0.5168480277 0.1645379961
vt 0.5185390115 0.1577569991
vt 0.5014449954 0.1659729928
vt 0.5014449954 0.1659729928
vt 0.5148789883 0.1721490026
vt 0.5034899712 0.1788250059
vt 0.5120900273 0.1876419932
vt 0.5223919749 0.1749089956
vt 0.5034899712 0.1788250059
vt 0.4853590131 0.1897590011
vt 0.4908219874 0.1989749968
vt 0.5120900273 0.1876419932
vt 0.5223919749 0.1749089956
vt 0.5168480277 0.1645379961
vt 0.5148789883 0.1721490026
vt 0.533370018 0.1603209972
vt 0.5215449929 0.1367229968
vt 0.5102400184 0.1298400015
vt 0.5143100023 0.1372980028
vt 0.5205950141 0.1275089979
vt 0.4908219874 0.1989749968
vt 0.5144389868 0.1995809972
vt 0.5120900273 0.1876419932
vt 0.4954969883 0.2085860074
vt 0.5282170177 0.1865130067
vt 0.5223919749 0.1749089956
vt 0.529802978 0.1784989983
vt 0.529802978 0.1784989983
vt 0.533370018 0.1603209972
vt 0.5223919749 0.1749089956
vt 0.539880991 0.1733859926
vt 0.529802978 0.1784989983
vt 0.5449000001 0.185766995
vt 0.5282170177 0.1865130067
vt 0.552192986 0.1553570032
vt 0.576619029 0.1563879997
vt 0.5726659894 0.1450709999
vt 0.5556870103 0.1659920067
vt 0.566667974 0.1784230024
vt 0.5816789865 0.180490002
vt 0.5793690085 0.1749989986
vt 0.5622249842 0.1833419949
vt 0.5381839871 0.1436170042
vt 0.5487710238 0.148172006
vt 0.5459190011 0.1416960061
vt 0.533370018 0.1603209972
vt 0.5185390115 0.1577569991
vt 0.533370018 0.1603209972
vt 0.5259770155 0.1521670073
vt 0.5168480277 0.1645379961
vt 0.552192986 0.1553570032
vt 0.5487710238 0.148172006
vt 0.5535569787 0.1493200064
vt 0.5487710238 0.148172006
vt 0.5647330284 0.1416269988
vt 0.5630019903 0.1343889982
vt 0.5535569787 0.1493200064
vt 0.5622249842 0.1833419949
vt 0.573077023 0.1916020066
vt 0.5816789865 0.180490002
vt 0.5606949925 0.1904409975
vt 0.5459190011 0.1416960061
vt 0.5630019903 0.1343889982
vt 0.5533729792 0.1295180023
vt 0.5487710238 0.148172006
vt 0.8989710212 0.5464370251
vt 0.8994060159 0.5385739803
vt 0.8954679966 0.5404980183
vt 0.9101489782 0.5493929982
vt 0.539880991 0.1733859926
vt 0.5614150167 0.175417006
vt 0.5556870103 0.1659920067
vt 0.5449000001 0.185766995
vt 0.552192986 0.1553570032
vt 0.539880991 0.1733859926
vt 0.533370018 0.1603209972
vt 0.5381839871 0.1436170042
vt 0.5320289731 0.1444540024
vt 0.5210049748 0.1451680064
vt 0.5314120054 0.138319999
vt 0.5308539867 0.1291570067
vt 0.5420389771 0.1277800053
vt 0.5286899805 0.1348389983
vt 0.5210049748 0.1451680064
vt 0.5185390115 0.1577569991
vt 0.5127930045 0.1548070014
vt 0.5014449954 0.1659729928
vt 0.508415997 0.1495479941
vt 0.5017120242 0.1495099962
vt 0.5017690063 0.1346790045
vt 0.508415997 0.1495479941
vt 0.5111150146 0.1426669955
vt 0.8954679966 0.5404980183
vt 0.891941011 0.5452449918
vt 0.8989710212 0.5464370251
vt 0.8894500136 0.5368970037
vt 0.8990920186 0.4794549942
vt 0.9094939828 0.4827800095
vt 0.9079579711 0.4719690084
vt 0.9211289883 0.479339987
vt 0.5726659894 0.1450709999
vt 0.574492991 0.1334490031
vt 0.5647330284 0.1416269988
vt 0.5795249939 0.1347469985
vt 0.5928480029 0.1413780004
vt 0.576619029 0.1563879997
vt 0.5951279998 0.1482149959
vt 0.5726659894 0.1450709999
vt 0.9310849905 0.5242699981
vt 0.9351890087 0.5336120129
vt 0.939406991 0.5313249826
vt 0.9238399863 0.5294679999
vt 0.8299409747 0.5019140244
vt 0.8501970172 0.5163909793
vt 0.8524079919 0.5047789812
vt 0.8338479996 0.4942849874
vt 0.9300040007 0.4940859973
vt 0.9131910205 0.4979270101
vt 0.9350209832 0.50128901
vt 0.9176369905 0.4934560061
vt 0.5981040001 0.1889690012
vt 0.6038950086 0.1976259947
vt 0.6056780219 0.1933149993
vt 0.5919629931 0.1947299987
vt 0.8994060159 0.5385739803
vt 0.9101489782 0.5493929982
vt 0.906660974 0.5370290279
vt 0.9179430008 0.5444309711
vt 0.8894500136 0.5368970037
vt 0.8994060159 0.5385739803
vt 0.8863090277 0.5257570148
vt 0.8954679966 0.5404980183
vt 0.6023010015 0.1399549991
vt 0.5931069851 0.1336839944
vt 0.5928480029 0.1413780004
vt 0.6056429744 0.1352089942
vt 0.5630019903 0.1343889982
vt 0.5608540177 0.1145299971
vt 0.5533729792 0.1295180023
vt 0.5676969886 0.1164150015
vt 0.8616269827 0.5477790236
vt 0.8695769906 0.5597289801
vt 0.868991971 0.5472159982
vt 0.8634819984 0.5602740049
vt 0.9083240032 0.522397995
vt 0.9238399863 0.5294679999
vt 0.9310849905 0.5242699981
vt 0.9114580154 0.5274410248
vt 0.9524000287 0.5293369889
vt 0.9637719989 0.5250480175
vt 0.9595599771 0.5213940144
vt 0.9504910111 0.5222679973
vt 0.8742250204 0.4855540097
vt 0.8688459992 0.4735350013
vt 0.861586988 0.4818789959
vt 0.8816130161 0.4812639952
vt 0.8772370219 0.4936119914
vt 0.8946089745 0.4910019934
vt 0.951925993 0.4810279906
vt 0.9571390152 0.471890986
vt 0.9515669942 0.471765995
vt 0.9451540112 0.4772430062
vt 0.9559140205 0.4646100104
vt 0.9515669942 0.471765995
vt 0.9490870237 0.4679749906
vt 0.9504910111 0.5222679973
vt 0.9322159886 0.5126960278
vt 0.9310849905 0.5242699981
vt 0.9510890245 0.515486002
vt 0.9322159886 0.5126960278
vt 0.9527800083 0.5088580251
vt 0.9350209832 0.50128901
vt 0.9242219925 0.5599799752
vt 0.9179430008 0.5444309711
vt 0.9101489782 0.5493929982
vt 0.9292410016 0.5552669764
vt 0.9249640107 0.5367739797
vt 0.9348359704 0.5514600277
vt 0.9179430008 0.5444309711
vt 0.9490870237 0.4679749906
vt 0.9451540112 0.4772430062
vt 0.9515669942 0.471765995
vt 0.9383299947 0.4728929996
vt 0.5063869953 0.1053640023
vt 0.5049660206 0.1163370013
vt 0.5120049715 0.1134580001
vt 0.501151979 0.1058780029
vt 0.8647199869 0.5124469995
vt 0.8501970172 0.5163909793
vt 0.8669689894 0.5220100284
vt 0.8524079919 0.5047789812
vt 0.8385180235 0.4849370122
vt 0.8605669737 0.4947440028
vt 0.8338479996 0.4942849874
vt 0.8647199869 0.5124469995
vt 0.8605669737 0.4947440028
vt 0.872379005 0.5088319778
vt 0.9313079715 0.4882990122
vt 0.9123479724 0.4895209968
vt 0.9176369905 0.4934560061
vt 0.9300040007 0.4940859973
vt 0.9322159886 0.5126960278
vt 0.9131910205 0.4979270101
vt 0.9094330072 0.509962976
vt 0.9350209832 0.50128901
vt 0.9310849905 0.5242699981
vt 0.9322159886 0.5126960278
vt 0.9083240032 0.522397995
vt 0.9114580154 0.5274410248
vt 0.9249640107 0.5367739797
vt 0.9238399863 0.5294679999
vt 0.9068530202 0.5304700136
vt 0.8682990074 0.5337560177
vt 0.8616269827 0.5477790236
vt 0.868991971 0.5472159982
vt 0.8586249948 0.5328670144
vt 0.5630019903 0.1343889982
vt 0.574492991 0.1334490031
vt 0.5738779902 0.1289110035
vt 0.5647330284 0.1416269988
vt 0.5816789865 0.180490002
vt 0.5919629931 0.1947299987
vt 0.5981040001 0.1889690012
vt 0.573077023 0.1916020066
vt 0.8816130161 0.4812639952
vt 0.8946089745 0.4910019934
vt 0.8892790079 0.4772109985
vt 0.8990920186 0.4794549942
vt 0.8913140297 0.5070750117
vt 0.9131910205 0.4979270101
vt 0.8946089745 0.4910019934
vt 0.9094330072 0.509962976
vt 0.8913140297 0.5070750117
vt 0.9083240032 0.522397995
vt 0.8863090277 0.5257570148
vt 0.9068530202 0.5304700136
vt 0.8994060159 0.5385739803
vt 0.906660974 0.5370290279
vt 0.8863090277 0.5257570148
vt 0.9068530202 0.5304700136
vt 0.9083240032 0.522397995
vt 0.9114580154 0.5274410248
vt 0.9123479724 0.4895209968
vt 0.9131910205 0.4979270101
vt 0.9176369905 0.4934560061
vt 0.8946089745 0.4910019934
vt 0.8742250204 0.4855540097
vt 0.8605669737 0.4947440028
vt 0.8772370219 0.4936119914
vt 0.861586988 0.4818789959
vt 0.9094939828 0.4827800095
vt 0.8946089745 0.4910019934
vt 0.9123479724 0.4895209968
vt 0.8990920186 0.4794549942
vt 0.872379005 0.5088319778
vt 0.8863090277 0.5257570148
vt 0.879823029 0.5031449795
vt 0.8913140297 0.5070750117
vt 0.879823029 0.5031449795
vt 0.8913140297 0.5070750117
vt 0.8946089745 0.4910019934
vt 0.8772370219 0.4936119914
vt 0.5120049715 0.1134580001
vt 0.5102400184 0.1298400015
vt 0.5205950141 0.1275089979
vt 0.5049660206 0.1163370013
vt 0.872379005 0.5088319778
vt 0.8772370219 0.4936119914
vt 0.8605669737 0.4947440028
vt 0.879823029 0.5031449795
vt 0.9351890087 0.5336120129
vt 0.9238399863 0.5294679999
vt 0.9249640107 0.5367739797
vt 0.9361420274 0.5379139781
vt 0.9211289883 0.479339987
vt 0.9123479724 0.4895209968
vt 0.9313079715 0.4882990122
vt 0.9094939828 0.4827800095
vt 0.906660974 0.5370290279
vt 0.9179430008 0.5444309711
vt 0.9249640107 0.5367739797
vt 0.9068530202 0.5304700136
vt 0.872379005 0.5088319778
vt 0.8669689894 0.5220100284
vt 0.8863090277 0.5257570148
vt 0.8647199869 0.5124469995
vt 0.5755220056 0.1162870005
vt 0.5692909956 0.1079820022
vt 0.5676969886 0.1164150015
vt 0.574097991 0.1047210023
vt 0.5928480029 0.1413780004
vt 0.5795249939 0.1347469985
vt 0.5726659894 0.1450709999
vt 0.5931069851 0.1336839944
vt 0.8695769906 0.5597289801
vt 0.8743069768 0.5662500262
vt 0.8764150143 0.558743
vt 0.8699020147 0.5671269894
vt 0.939406991 0.5313249826
vt 0.9524000287 0.5293369889
vt 0.9504910111 0.5222679973
vt 0.9310849905 0.5242699981
vt 0.9348359704 0.5514600277
vt 0.9388819933 0.5586439967
vt 0.9420049787 0.5489820242
vt 0.9443529844 0.5601789951
vt 0.9383299947 0.4728929996
vt 0.9313079715 0.4882990122
vt 0.9451540112 0.4772430062
vt 0.9211289883 0.479339987
vt 0.8669689894 0.5220100284
vt 0.879388988 0.5341560245
vt 0.8863090277 0.5257570148
vt 0.8682990074 0.5337560177
vt 0.5676969886 0.1164150015
vt 0.5738779902 0.1289110035
vt 0.5755220056 0.1162870005
vt 0.5630019903 0.1343889982
vt 0.9300040007 0.4940859973
vt 0.9417920113 0.4930939972
vt 0.9313079715 0.4882990122
vt 0.9437850118 0.4894120097
vt 0.5162129998 0.1081430018
vt 0.5063869953 0.1053640023
vt 0.5120049715 0.1134580001
vt 0.5071859956 0.09952200204
vt 0.9249640107 0.5367739797
vt 0.9348359704 0.5514600277
vt 0.9361420274 0.5379139781
vt 0.9420049787 0.5489820242
vt 0.8774700165 0.5457410216
vt 0.8695769906 0.5597289801
vt 0.8764150143 0.558743
vt 0.868991971 0.5472159982
vt 0.879388988 0.5341560245
vt 0.868991971 0.5472159982
vt 0.8682990074 0.5337560177
vt 0.8853160143 0.5368120074
vt 0.891941011 0.5452449918
vt 0.8894500136 0.5368970037
vt 0.8841230273 0.5448099971
vt 0.8863090277 0.5257570148
vt 0.8853160143 0.5368120074
vt 0.879388988 0.5341560245
vt 0.8782320023 0.5694509745
vt 0.8764150143 0.558743
vt 0.8743069768 0.5662500262
vt 0.8829209805 0.5584170222
vt 0.6056780219 0.1933149993
vt 0.6043310165 0.1839080006
vt 0.5981040001 0.1889690012
vt 0.6112779975 0.1921419948
vt 0.5120049715 0.1134580001
vt 0.5244579911 0.1199330017
vt 0.5162129998 0.1081430018
vt 0.5205950141 0.1275089979
vt 0.8774700165 0.5457410216
vt 0.8853160143 0.5368120074
vt 0.879388988 0.5341560245
vt 0.8841230273 0.5448099971
vt 0.8774700165 0.5457410216
vt 0.8829209805 0.5584170222
vt 0.8841230273 0.5448099971
vt 0.8764150143 0.558743
vt 0.5981040001 0.1889690012
vt 0.5946620107 0.1768780053
vt 0.5816789865 0.180490002
vt 0.6043310165 0.1839080006
vt 0.9437850118 0.4894120097
vt 0.951925993 0.4810279906
vt 0.9451540112 0.4772430062
vt 0.9313079715 0.4882990122
vt 0.8471390009 0.4588130116
vt 0.8451319933 0.4671249986
vt 0.8471390009 0.4588130116
vt 0.4853590131 0.1897590011
vt 0.4908219874 0.1989749968
vt 0.4853590131 0.1897590011
vt 0.4752910137 0.1751540005
vt 0.4809480011 0.1820330024
vt 0.4752910137 0.1751540005
vt 0.842031002 0.4751060009
vt 0.8385180235 0.4849370122
vt 0.842031002 0.4751060009
vt 0.6035299897 0.2068970054
vt 0.6038950086 0.1976259947
vt 0.6114320159 0.199702993
vt 0.5996530056 0.2021069974
vt 0.8622320294 0.5701000094
vt 0.8699020147 0.5671269894
vt 0.8702629805 0.5736060143
vt 0.8658210039 0.5665910244
vt 0.9470030069 0.4591940045
vt 0.9490870237 0.4679749906
vt 0.9442129731 0.4645020068
vt 0.9559140205 0.4646100104
vt 0.4954969883 0.2085860074
vt 0.4994960129 0.2164019942
vt 0.4994960129 0.2164019942
vt 0.4908219874 0.1989749968
vt 0.4954969883 0.2085860074
vt 0.4908219874 0.1989749968
vt 0.4908219874 0.1989749968
vt 0.4954969883 0.2085860074
vt 0.4994960129 0.2164019942
vt 0.4954969883 0.2085860074
vt 0.5024129748 0.2247119993
vt 0.5024129748 0.2247119993
vt 0.5024129748 0.2247119993
vt 0.4853590131 0.1897590011
vt 0.4908219874 0.1989749968
vt 0.4853590131 0.1897590011
vt 0.4752910137 0.1751540005
vt 0.4809480011 0.1820330024
vt 0.4752910137 0.1751540005
vt 0.4809480011 0.1820330024
vt 0.4752910137 0.1751540005
vt 0.4809480011 0.1820330024
vt 0.4853590131 0.1897590011
vt 0.4809480011 0.1820330024
vt 0.4853590131 0.1897590011
vt 0.4809480011 0.1820330024
vt 0.4853590131 0.1897590011
vt 0.4809480011 0.1820330024
vt 0.4908219874 0.1989749968
vt 0.4853590131 0.1897590011
vt 0.4908219874 0.1989749968
vt 0.4954969883 0.2085860074
vt 0.4954969883 0.2085860074
vt 0.4908219874 0.1989749968
vt 0.4908219874 0.1989749968
vt 0.4994960129 0.2164019942
vt 0.4994960129 0.2164019942
vt 0.4954969883 0.2085860074
vt 0.5024129748 0.2247119993
vt 0.4994960129 0.2164019942
vt 0.5024129748 0.2247119993
vt 0.4994960129 0.2164019942
vt 0.8299409747 0.5019140244
vt 0.8244050145 0.5083760023
vt 0.8244050145 0.5083760023
vt 0.8244050145 0.5083760023
vt 0.8299409747 0.5019140244
vt 0.8299409747 0.5019140244
vt 0.8338479996 0.4942849874
vt 0.8299409747 0.5019140244
vt 0.8338479996 0.4942849874
vt 0.8385180235 0.4849370122
vt 0.8338479996 0.4942849874
vt 0.8385180235 0.4849370122
vt 0.842031002 0.4751060009
vt 0.8385180235 0.4849370122
vt 0.9330829978 0.5702369809
vt 0.9319519997 0.5646409988
vt 0.9410820007 0.5674170256
vt 0.9362409711 0.5624089837
vt 0.842031002 0.4751060009
vt 0.8451319933 0.4671249986
vt 0.8451319933 0.4671249986
vt 0.8451319933 0.4671249986
vt 0.8471390009 0.4588130116
vt 0.8471390009 0.4588130116
vt 0.8338479996 0.4942849874
vt 0.8385180235 0.4849370122
vt 0.8338479996 0.4942849874
vt 0.8385180235 0.4849370122
vt 0.842031002 0.4751060009
vt 0.8385180235 0.4849370122
vt 0.842031002 0.4751060009
vt 0.8451319933 0.4671249986
vt 0.842031002 0.4751060009
vt 0.8451319933 0.4671249986
vt 0.842031002 0.4751060009
vt 0.8385180235 0.4849370122
vt 0.8451319933 0.4671249986
vt 0.8471390009 0.4588130116
vt 0.8451319933 0.4671249986
vt 0.8471390009 0.4588130116
vt 0.8299409747 0.5019140244
vt 0.8299409747 0.5019140244
vt 0.8338479996 0.4942849874
vt 0.8338479996 0.4942849874
vt 0.8244050145 0.5083760023
vt 0.8299409747 0.5019140244
vt 0.501151979 0.1058780029
vt 0.4965919852 0.1085160002
vt 0.4920620024 0.1041089967
vt 0.4985229969 0.09847799689
vt 0.4809480011 0.1820330024
vt 0.4752910137 0.1751540005
vt 0.4809480011 0.1820330024
vt 0.6114320159 0.199702993
vt 0.6056780219 0.1933149993
vt 0.6112779975 0.1921419948
vt 0.6038950086 0.1976259947
vt 0.8622320294 0.5701000094
vt 0.8634819984 0.5602740049
vt 0.8658210039 0.5665910244
vt 0.8570290208 0.5604799986
vt 0.5865880251 0.2022659928
vt 0.5996530056 0.2021069974
vt 0.5861679912 0.2108220011
vt 0.6035299897 0.2068970054
vt 0.5919629931 0.1947299987
vt 0.5996530056 0.2021069974
vt 0.6038950086 0.1976259947
vt 0.9067299962 0.4622339904
vt 0.9296870232 0.4588130116
vt 0.9079579711 0.4719690084
vt 0.9318010211 0.4668250084
vt 0.9296870232 0.4588130116
vt 0.9442129731 0.4645020068
vt 0.9470030069 0.4591940045
vt 0.5235300064 0.2177090049
vt 0.5226960182 0.207058996
vt 0.5425130129 0.2145200074
vt 0.541778028 0.2055460066
vt 0.5623480082 0.2123440057
vt 0.5425130129 0.2145200074
vt 0.541778028 0.2055460066
vt 0.5614770055 0.2019110024
vt 0.5686339736 0.09874299914
vt 0.5605880022 0.1042909995
vt 0.5599880219 0.09847799689
vt 0.5654929876 0.1051509976
vt 0.5608540177 0.1145299971
vt 0.5605880022 0.1042909995
vt 0.5542650223 0.1114040017
vt 0.4965919852 0.1085160002
vt 0.4897449911 0.1155660003
vt 0.4920620024 0.1041089967
vt 0.4974850118 0.1177619994
vt 0.8688459992 0.4735350013
vt 0.8871870041 0.4638339877
vt 0.887929976 0.4721910059
vt 0.8683310151 0.4634450078
vt 0.6053010225 0.1437149942
vt 0.6119019985 0.1407929957
vt 0.6060670018 0.1484649926
vt 0.6118299961 0.1491830051
vt 0.5951279998 0.1482149959
vt 0.6060670018 0.1484649926
vt 0.5986509919 0.154501006
vt 0.8501970172 0.5163909793
vt 0.8500249982 0.5320129991
vt 0.840436995 0.5203120112
vt 0.8586249948 0.5328670144
vt 0.8782320023 0.5694509745
vt 0.8699020147 0.5671269894
vt 0.8743069768 0.5662500262
vt 0.8702629805 0.5736060143
vt 0.5614770055 0.2019110024
vt 0.5861679912 0.2108220011
vt 0.5623480082 0.2123440057
vt 0.5865880251 0.2022659928
vt 0.573077023 0.1916020066
vt 0.5865880251 0.2022659928
vt 0.5919629931 0.1947299987
vt 0.968298018 0.5183669925
vt 0.9610450268 0.5126349926
vt 0.966219008 0.510571003
vt 0.9614729881 0.5172129869
vt 0.9510890245 0.515486002
vt 0.9610450268 0.5126349926
vt 0.9527800083 0.5088580251
vt 0.5017690063 0.1346790045
vt 0.4930349886 0.1458169967
vt 0.4917129874 0.1308880001
vt 0.5017120242 0.1495099962
vt 0.8616269827 0.5477790236
vt 0.8634819984 0.5602740049
vt 0.8570290208 0.5604799986
vt 0.8544920087 0.5460960269
vt 0.5605880022 0.1042909995
vt 0.5542650223 0.1114040017
vt 0.5490319729 0.1054460034
vt 0.5599880219 0.09847799689
vt 0.501151979 0.1058780029
vt 0.5071859956 0.09952200204
vt 0.5063869953 0.1053640023
vt 0.4985229969 0.09847799689
vt 0.5017120242 0.1495099962
vt 0.4895069897 0.160660997
vt 0.4930349886 0.1458169967
vt 0.5014449954 0.1659729928
vt 0.4974850118 0.1177619994
vt 0.4917129874 0.1308880001
vt 0.4897449911 0.1155660003
vt 0.5017690063 0.1346790045
vt 0.541778028 0.2055460066
vt 0.5511850119 0.1956309974
vt 0.5614770055 0.2019110024
vt 0.5421280265 0.199582994
vt 0.5449000001 0.185766995
vt 0.5421280265 0.199582994
vt 0.5340600014 0.1970120072
vt 0.541778028 0.2055460066
vt 0.5421280265 0.199582994
vt 0.5226960182 0.207058996
vt 0.5235300064 0.2177090049
vt 0.4994960129 0.2164019942
vt 0.5024129748 0.2247119993
vt 0.9208549857 0.5667949915
vt 0.9319519997 0.5646409988
vt 0.9330829978 0.5702369809
vt 0.9242219925 0.5599799752
vt 0.59197402 0.1735009998
vt 0.5816789865 0.180490002
vt 0.5793690085 0.1749989986
vt 0.5946620107 0.1768780053
vt 0.59197402 0.1735009998
vt 0.5823900104 0.1667940021
vt 0.5945410132 0.1688529998
vt 0.6119019985 0.1407929957
vt 0.6023010015 0.1399549991
vt 0.6056429744 0.1352089942
vt 0.6053010225 0.1437149942
vt 0.5951279998 0.1482149959
vt 0.6023010015 0.1399549991
vt 0.5928480029 0.1413780004
vt 0.887929976 0.4721910059
vt 0.9067299962 0.4622339904
vt 0.9079579711 0.4719690084
vt 0.8871870041 0.4638339877
vt 0.8990920186 0.4794549942
vt 0.887929976 0.4721910059
vt 0.8892790079 0.4772109985
vt 0.8816130161 0.4812639952
vt 0.8892790079 0.4772109985
vt 0.8688459992 0.4735350013
vt 0.5654929876 0.1051509976
vt 0.5686339736 0.09874299914
vt 0.5692909956 0.1079820022
vt 0.574097991 0.1047210023
vt 0.5608540177 0.1145299971
vt 0.5692909956 0.1079820022
vt 0.5676969886 0.1164150015
vt 0.9637719989 0.5250480175
vt 0.9595599771 0.5213940144
vt 0.968298018 0.5183669925
vt 0.9614729881 0.5172129869
vt 0.9595599771 0.5213940144
vt 0.9510890245 0.515486002
vt 0.9504910111 0.5222679973
vt 0.9417920113 0.4930939972
vt 0.9350209832 0.50128901
vt 0.9300040007 0.4940859973
vt 0.9452700019 0.4967190027
vt 0.6045259833 0.1594959944
vt 0.6060670018 0.1484649926
vt 0.6118299961 0.1491830051
vt 0.5986509919 0.154501006
vt 0.9610450268 0.5126349926
vt 0.9527800083 0.5088580251
vt 0.9568989873 0.5028010011
vt 0.966219008 0.510571003
vt 0.5511850119 0.1956309974
vt 0.5606949925 0.1904409975
vt 0.5614770055 0.2019110024
vt 0.573077023 0.1916020066
vt 0.5542650223 0.1114040017
vt 0.5420389771 0.1277800053
vt 0.5381550193 0.1170549989
vt 0.5490319729 0.1054460034
vt 0.9410820007 0.5674170256
vt 0.9388819933 0.5586439967
vt 0.9443529844 0.5601789951
vt 0.9362409711 0.5624089837
vt 0.9292410016 0.5552669764
vt 0.9388819933 0.5586439967
vt 0.9348359704 0.5514600277
vt 0.5215449929 0.1367229968
vt 0.5205950141 0.1275089979
vt 0.5286899805 0.1348389983
vt 0.5308539867 0.1291570067
vt 0.5314120054 0.138319999
vt 0.5215449929 0.1367229968
vt 0.5210049748 0.1451680064
vt 0.9078779817 0.5582470298
vt 0.9242219925 0.5599799752
vt 0.9208549857 0.5667949915
vt 0.9101489782 0.5493929982
vt 0.8544920087 0.5460960269
vt 0.8586249948 0.5328670144
vt 0.8616269827 0.5477790236
vt 0.8500249982 0.5320129991
vt 0.8669689894 0.5220100284
vt 0.8501970172 0.5163909793
vt 0.8682990074 0.5337560177
vt 0.891941011 0.5452449918
vt 0.8989710212 0.5464370251
vt 0.9005590081 0.5527549982
vt 0.5793690085 0.1749989986
vt 0.5614150167 0.175417006
vt 0.5823900104 0.1667940021
vt 0.566667974 0.1784230024
vt 0.5308539867 0.1291570067
vt 0.5205950141 0.1275089979
vt 0.5311530232 0.1232889965
vt 0.5420389771 0.1277800053
vt 0.5311530232 0.1232889965
vt 0.5381550193 0.1170549989
vt 0.5308539867 0.1291570067
vt 0.5226960182 0.207058996
vt 0.4994960129 0.2164019942
vt 0.5144389868 0.1995809972
vt 0.4954969883 0.2085860074
vt 0.9292410016 0.5552669764
vt 0.9319519997 0.5646409988
vt 0.9242219925 0.5599799752
vt 0.9362409711 0.5624089837
vt 0.8299409747 0.5019140244
vt 0.840436995 0.5203120112
vt 0.8244050145 0.5083760023
vt 0.8501970172 0.5163909793
vt 0.8695769906 0.5597289801
vt 0.8699020147 0.5671269894
vt 0.8658210039 0.5665910244
vt 0.8634819984 0.5602740049
vt 0.9211289883 0.479339987
vt 0.9318010211 0.4668250084
vt 0.9383299947 0.4728929996
vt 0.9079579711 0.4719690084
vt 0.9442129731 0.4645020068
vt 0.9318010211 0.4668250084
vt 0.9490870237 0.4679749906
vt 0.9005590081 0.5527549982
vt 0.9101489782 0.5493929982
vt 0.9078779817 0.5582470298
vt 0.8989710212 0.5464370251
vt 0.5111150146 0.1426669955
vt 0.5127930045 0.1548070014
vt 0.508415997 0.1495479941
vt 0.5210049748 0.1451680064
vt 0.5210049748 0.1451680064
vt 0.5143100023 0.1372980028
vt 0.5215449929 0.1367229968
vt 0.5111150146 0.1426669955
vt 0.5381839871 0.1436170042
vt 0.5314120054 0.138319999
vt 0.5420389771 0.1277800053
vt 0.5320289731 0.1444540024
vt 0.5945410132 0.1688529998
vt 0.5986509919 0.154501006
vt 0.6045259833 0.1594959944
vt 0.5823900104 0.1667940021
vt 0.5282170177 0.1865130067
vt 0.5340600014 0.1970120072
vt 0.5263080001 0.1941490024
vt 0.5449000001 0.185766995
vt 0.5120900273 0.1876419932
vt 0.5282170177 0.1865130067
vt 0.5144389868 0.1995809972
vt 0.5226960182 0.207058996
vt 0.5263080001 0.1941490024
vt 0.5542650223 0.1114040017
vt 0.5533729792 0.1295180023
vt 0.5420389771 0.1277800053
vt 0.5608540177 0.1145299971
vt 0.5420389771 0.1277800053
vt 0.5533729792 0.1295180023
vt 0.5459190011 0.1416960061
vt 0.5381839871 0.1436170042
vt 0.5017690063 0.1346790045
vt 0.5102400184 0.1298400015
vt 0.5143100023 0.1372980028
vt 0.5111150146 0.1426669955
vt 0.576619029 0.1563879997
vt 0.5614150167 0.175417006
vt 0.5556870103 0.1659920067
vt 0.5823900104 0.1667940021
vt 0.9350209832 0.50128901
vt 0.9452700019 0.4967190027
vt 0.9527800083 0.5088580251
vt 0.9568989873 0.5028010011
vt 0.5034899712 0.1788250059
vt 0.4809480011 0.1820330024
vt 0.5014449954 0.1659729928
vt 0.4853590131 0.1897590011
vt 0.4895069897 0.160660997
vt 0.4752910137 0.1751540005
vt 0.5014449954 0.1659729928
vt 0.576619029 0.1563879997
vt 0.5951279998 0.1482149959
vt 0.5986509919 0.154501006
vt 0.5823900104 0.1667940021
vt 0.552192986 0.1553570032
vt 0.5647330284 0.1416269988
vt 0.5726659894 0.1450709999
vt 0.5535569787 0.1493200064
vt 0.5606949925 0.1904409975
vt 0.5449000001 0.185766995
vt 0.5622249842 0.1833419949
vt 0.5511850119 0.1956309974
vt 0.5049660206 0.1163370013
vt 0.4965919852 0.1085160002
vt 0.501151979 0.1058780029
vt 0.4974850118 0.1177619994
vt 0.5102400184 0.1298400015
vt 0.5017690063 0.1346790045
vt 0.5049660206 0.1163370013
vt 0.8451319933 0.4671249986
vt 0.861586988 0.4818789959
vt 0.842031002 0.4751060009
vt 0.8688459992 0.4735350013
vt 0.861586988 0.4818789959
vt 0.8385180235 0.4849370122
vt 0.8605669737 0.4947440028
vt 0.8451319933 0.4671249986
vt 0.8683310151 0.4634450078
vt 0.8471390009 0.4588130116
vt 0.5622249842 0.1833419949
vt 0.5614150167 0.175417006
vt 0.566667974 0.1784230024
vt 0.5449000001 0.185766995
vt 0.5168480277 0.1645379961
vt 0.5127930045 0.1548070014
vt 0.5185390115 0.1577569991
vt 0.5014449954 0.1659729928
vt 0.5148789883 0.1721490026
vt 0.5014449954 0.1659729928
vt 0.5034899712 0.1788250059
vt 0.5120900273 0.1876419932
vt 0.5223919749 0.1749089956
vt 0.5034899712 0.1788250059
vt 0.5120900273 0.1876419932
vt 0.4908219874 0.1989749968
vt 0.4853590131 0.1897590011
vt 0.5168480277 0.1645379961
vt 0.5223919749 0.1749089956
vt 0.5148789883 0.1721490026
vt 0.533370018 0.1603209972
vt 0.5102400184 0.1298400015
vt 0.5215449929 0.1367229968
vt 0.5143100023 0.1372980028
vt 0.5205950141 0.1275089979
vt 0.5144389868 0.1995809972
vt 0.4908219874 0.1989749968
vt 0.5120900273 0.1876419932
vt 0.4954969883 0.2085860074
vt 0.5223919749 0.1749089956
vt 0.5282170177 0.1865130067
vt 0.529802978 0.1784989983
vt 0.5223919749 0.1749089956
vt 0.533370018 0.1603209972
vt 0.529802978 0.1784989983
vt 0.539880991 0.1733859926
vt 0.529802978 0.1784989983
vt 0.5449000001 0.185766995
vt 0.5282170177 0.1865130067
vt 0.552192986 0.1553570032
vt 0.5726659894 0.1450709999
vt 0.576619029 0.1563879997
vt 0.5556870103 0.1659920067
vt 0.5816789865 0.180490002
vt 0.5622249842 0.1833419949
vt 0.566667974 0.1784230024
vt 0.5793690085 0.1749989986
vt 0.5487710238 0.148172006
vt 0.5381839871 0.1436170042
vt 0.5459190011 0.1416960061
vt 0.533370018 0.1603209972
vt 0.533370018 0.1603209972
vt 0.5185390115 0.1577569991
vt 0.5259770155 0.1521670073
vt 0.5168480277 0.1645379961
vt 0.5487710238 0.148172006
vt 0.552192986 0.1553570032
vt 0.5535569787 0.1493200064
vt 0.5647330284 0.1416269988
vt 0.5487710238 0.148172006
vt 0.5630019903 0.1343889982
vt 0.5535569787 0.1493200064
vt 0.573077023 0.1916020066
vt 0.5622249842 0.1833419949
vt 0.5816789865 0.180490002
vt 0.5606949925 0.1904409975
vt 0.5459190011 0.1416960061
vt 0.5533729792 0.1295180023
vt 0.5630019903 0.1343889982
vt 0.5487710238 0.148172006
vt 0.8989710212 0.5464370251
vt 0.8994060159 0.5385739803
vt 0.9101489782 0.5493929982
vt 0.8954679966 0.5404980183
vt 0.539880991 0.1733859926
vt 0.5556870103 0.1659920067
vt 0.5614150167 0.175417006
vt 0.5449000001 0.185766995
vt 0.539880991 0.1733859926
vt 0.552192986 0.1553570032
vt 0.533370018 0.1603209972
vt 0.5381839871 0.1436170042
vt 0.5320289731 0.1444540024
vt 0.5210049748 0.1451680064
vt 0.5314120054 0.138319999
vt 0.5308539867 0.1291570067
vt 0.5286899805 0.1348389983
vt 0.5420389771 0.1277800053
vt 0.5210049748 0.1451680064
vt 0.5185390115 0.1577569991
vt 0.5127930045 0.1548070014
vt 0.5014449954 0.1659729928
vt 0.508415997 0.1495479941
vt 0.5017120242 0.1495099962
vt 0.5017690063 0.1346790045
vt 0.508415997 0.1495479941
vt 0.5111150146 0.1426669955
vt 0.8989710212 0.5464370251
vt 0.891941011 0.5452449918
vt 0.8954679966 0.5404980183
vt 0.8894500136 0.5368970037
vt 0.8990920186 0.4794549942
vt 0.9079579711 0.4719690084
vt 0.9094939828 0.4827800095
vt 0.9211289883 0.479339987
vt 0.5647330284 0.1416269988
vt 0.574492991 0.1334490031
vt 0.5726659894 0.1450709999
vt 0.5795249939 0.1347469985
vt 0.5928480029 0.1413780004
vt 0.576619029 0.1563879997
vt 0.5726659894 0.1450709999
vt 0.5951279998 0.1482149959
vt 0.9351890087 0.5336120129
vt 0.9310849905 0.5242699981
vt 0.939406991 0.5313249826
vt 0.9238399863 0.5294679999
vt 0.8338479996 0.4942849874
vt 0.8524079919 0.5047789812
vt 0.8299409747 0.5019140244
vt 0.8501970172 0.5163909793
vt 0.9131910205 0.4979270101
vt 0.9300040007 0.4940859973
vt 0.9350209832 0.50128901
vt 0.9176369905 0.4934560061
vt 0.6038950086 0.1976259947
vt 0.5981040001 0.1889690012
vt 0.6056780219 0.1933149993
vt 0.5919629931 0.1947299987
vt 0.906660974 0.5370290279
vt 0.9101489782 0.5493929982
vt 0.8994060159 0.5385739803
vt 0.9179430008 0.5444309711
vt 0.8994060159 0.5385739803
vt 0.8894500136 0.5368970037
vt 0.8863090277 0.5257570148
vt 0.8954679966 0.5404980183
vt 0.5931069851 0.1336839944
vt 0.6023010015 0.1399549991
vt 0.5928480029 0.1413780004
vt 0.6056429744 0.1352089942
vt 0.5608540177 0.1145299971
vt 0.5630019903 0.1343889982
vt 0.5533729792 0.1295180023
vt 0.5676969886 0.1164150015
vt 0.8695769906 0.5597289801
vt 0.8616269827 0.5477790236
vt 0.868991971 0.5472159982
vt 0.8634819984 0.5602740049
vt 0.9083240032 0.522397995
vt 0.9238399863 0.5294679999
vt 0.9114580154 0.5274410248
vt 0.9310849905 0.5242699981
vt 0.9524000287 0.5293369889
vt 0.9595599771 0.5213940144
vt 0.9637719989 0.5250480175
vt 0.9504910111 0.5222679973
vt 0.8742250204 0.4855540097
vt 0.861586988 0.4818789959
vt 0.8688459992 0.4735350013
vt 0.8816130161 0.4812639952
vt 0.8772370219 0.4936119914
vt 0.8946089745 0.4910019934
vt 0.9571390152 0.471890986
vt 0.951925993 0.4810279906
vt 0.9515669942 0.471765995
vt 0.9451540112 0.4772430062
vt 0.9515669942 0.471765995
vt 0.9559140205 0.4646100104
vt 0.9490870237 0.4679749906
vt 0.9504910111 0.5222679973
vt 0.9322159886 0.5126960278
vt 0.9510890245 0.515486002
vt 0.9310849905 0.5242699981
vt 0.9322159886 0.5126960278
vt 0.9527800083 0.5088580251
vt 0.9350209832 0.50128901
vt 0.9179430008 0.5444309711
vt 0.9242219925 0.5599799752
vt 0.9101489782 0.5493929982
vt 0.9292410016 0.5552669764
vt 0.9249640107 0.5367739797
vt 0.9348359704 0.5514600277
vt 0.9179430008 0.5444309711
vt 0.9451540112 0.4772430062
vt 0.9490870237 0.4679749906
vt 0.9515669942 0.471765995
vt 0.9383299947 0.4728929996
vt 0.5049660206 0.1163370013
vt 0.5063869953 0.1053640023
vt 0.5120049715 0.1134580001
vt 0.501151979 0.1058780029
vt 0.8669689894 0.5220100284
vt 0.8501970172 0.5163909793
vt 0.8647199869 0.5124469995
vt 0.8524079919 0.5047789812
vt 0.8385180235 0.4849370122
vt 0.8605669737 0.4947440028
vt 0.8338479996 0.4942849874
vt 0.8647199869 0.5124469995
vt 0.8605669737 0.4947440028
vt 0.872379005 0.5088319778
vt 0.9176369905 0.4934560061
vt 0.9313079715 0.4882990122
vt 0.9300040007 0.4940859973
vt 0.9123479724 0.4895209968
vt 0.9322159886 0.5126960278
vt 0.9094330072 0.509962976
vt 0.9131910205 0.4979270101
vt 0.9350209832 0.50128901
vt 0.9310849905 0.5242699981
vt 0.9322159886 0.5126960278
vt 0.9083240032 0.522397995
vt 0.9249640107 0.5367739797
vt 0.9068530202 0.5304700136
vt 0.9114580154 0.5274410248
vt 0.9238399863 0.5294679999
vt 0.8682990074 0.5337560177
vt 0.8616269827 0.5477790236
vt 0.8586249948 0.5328670144
vt 0.868991971 0.5472159982
vt 0.574492991 0.1334490031
vt 0.5630019903 0.1343889982
vt 0.5738779902 0.1289110035
vt 0.5647330284 0.1416269988
vt 0.5919629931 0.1947299987
vt 0.5816789865 0.180490002
vt 0.5981040001 0.1889690012
vt 0.573077023 0.1916020066
vt 0.8892790079 0.4772109985
vt 0.8946089745 0.4910019934
vt 0.8816130161 0.4812639952
vt 0.8990920186 0.4794549942
vt 0.8913140297 0.5070750117
vt 0.9131910205 0.4979270101
vt 0.9094330072 0.509962976
vt 0.8946089745 0.4910019934
vt 0.9083240032 0.522397995
vt 0.8913140297 0.5070750117
vt 0.8863090277 0.5257570148
vt 0.8994060159 0.5385739803
vt 0.9068530202 0.5304700136
vt 0.906660974 0.5370290279
vt 0.8863090277 0.5257570148
vt 0.9083240032 0.522397995
vt 0.9068530202 0.5304700136
vt 0.9114580154 0.5274410248
vt 0.9131910205 0.4979270101
vt 0.9123479724 0.4895209968
vt 0.9176369905 0.4934560061
vt 0.8946089745 0.4910019934
vt 0.8772370219 0.4936119914
vt 0.8605669737 0.4947440028
vt 0.8742250204 0.4855540097
vt 0.861586988 0.4818789959
vt 0.9123479724 0.4895209968
vt 0.8946089745 0.4910019934
vt 0.9094939828 0.4827800095
vt 0.8990920186 0.4794549942
vt 0.879823029 0.5031449795
vt 0.8863090277 0.5257570148
vt 0.872379005 0.5088319778
vt 0.8913140297 0.5070750117
vt 0.879823029 0.5031449795
vt 0.8946089745 0.4910019934
vt 0.8913140297 0.5070750117
vt 0.8772370219 0.4936119914
vt 0.5102400184 0.1298400015
vt 0.5120049715 0.1134580001
vt 0.5205950141 0.1275089979
vt 0.5049660206 0.1163370013
vt 0.872379005 0.5088319778
vt 0.8772370219 0.4936119914
vt 0.879823029 0.5031449795
vt 0.8605669737 0.4947440028
vt 0.9351890087 0.5336120129
vt 0.9249640107 0.5367739797
vt 0.9238399863 0.5294679999
vt 0.9361420274 0.5379139781
vt 0.9123479724 0.4895209968
vt 0.9211289883 0.479339987
vt 0.9313079715 0.4882990122
vt 0.9094939828 0.4827800095
vt 0.906660974 0.5370290279
vt 0.9249640107 0.5367739797
vt 0.9179430008 0.5444309711
vt 0.9068530202 0.5304700136
vt 0.872379005 0.5088319778
vt 0.8669689894 0.5220100284
vt 0.8647199869 0.5124469995
vt 0.8863090277 0.5257570148
vt 0.5755220056 0.1162870005
vt 0.5692909956 0.1079820022
vt 0.574097991 0.1047210023
vt 0.5676969886 0.1164150015
vt 0.5928480029 0.1413780004
vt 0.5795249939 0.1347469985
vt 0.5931069851 0.1336839944
vt 0.5726659894 0.1450709999
vt 0.8743069768 0.5662500262
vt 0.8695769906 0.5597289801
vt 0.8764150143 0.558743
vt 0.8699020147 0.5671269894
vt 0.939406991 0.5313249826
vt 0.9504910111 0.5222679973
vt 0.9524000287 0.5293369889
vt 0.9310849905 0.5242699981
vt 0.9348359704 0.5514600277
vt 0.9420049787 0.5489820242
vt 0.9388819933 0.5586439967
vt 0.9443529844 0.5601789951
vt 0.9313079715 0.4882990122
vt 0.9383299947 0.4728929996
vt 0.9451540112 0.4772430062
vt 0.9211289883 0.479339987
vt 0.8669689894 0.5220100284
vt 0.8863090277 0.5257570148
vt 0.879388988 0.5341560245
vt 0.8682990074 0.5337560177
vt 0.5738779902 0.1289110035
vt 0.5676969886 0.1164150015
vt 0.5755220056 0.1162870005
vt 0.5630019903 0.1343889982
vt 0.9313079715 0.4882990122
vt 0.9437850118 0.4894120097
vt 0.9417920113 0.4930939972
vt 0.9300040007 0.4940859973
vt 0.5162129998 0.1081430018
vt 0.5063869953 0.1053640023
vt 0.5071859956 0.09952200204
vt 0.5120049715 0.1134580001
vt 0.9249640107 0.5367739797
vt 0.9361420274 0.5379139781
vt 0.9348359704 0.5514600277
vt 0.9420049787 0.5489820242
vt 0.8774700165 0.5457410216
vt 0.8764150143 0.558743
vt 0.8695769906 0.5597289801
vt 0.868991971 0.5472159982
vt 0.868991971 0.5472159982
vt 0.879388988 0.5341560245
vt 0.8682990074 0.5337560177
vt 0.8853160143 0.5368120074
vt 0.891941011 0.5452449918
vt 0.8841230273 0.5448099971
vt 0.8894500136 0.5368970037
vt 0.8853160143 0.5368120074
vt 0.8863090277 0.5257570148
vt 0.879388988 0.5341560245
vt 0.8764150143 0.558743
vt 0.8782320023 0.5694509745
vt 0.8743069768 0.5662500262
vt 0.8829209805 0.5584170222
vt 0.6043310165 0.1839080006
vt 0.6056780219 0.1933149993
vt 0.5981040001 0.1889690012
vt 0.6112779975 0.1921419948
vt 0.5244579911 0.1199330017
vt 0.5120049715 0.1134580001
vt 0.5162129998 0.1081430018
vt 0.5205950141 0.1275089979
vt 0.8774700165 0.5457410216
vt 0.8853160143 0.5368120074
vt 0.8841230273 0.5448099971
vt 0.879388988 0.5341560245
vt 0.8829209805 0.5584170222
vt 0.8774700165 0.5457410216
vt 0.8841230273 0.5448099971
vt 0.8764150143 0.558743
vt 0.5946620107 0.1768780053
vt 0.5981040001 0.1889690012
vt 0.5816789865 0.180490002
vt 0.6043310165 0.1839080006
vt 0.9437850118 0.4894120097
vt 0.9451540112 0.4772430062
vt 0.951925993 0.4810279906
vt 0.9313079715 0.4882990122
vt 0.942497015 0.9791989923
vt 0.9467369914 0.9834139943
vt 0.9282950163 0.9876729846
vt 0.9098650217 0.983355999
vt 0.9141209722 0.979155004
vt 0.9282950163 0.9876729846
vt 0.3794409931 0.2678860128
vt 0.3834800124 0.2637520134
vt 0.3973200023 0.2718510032
vt 0.4110909998 0.263639003
vt 0.4151639938 0.2677389979
vt 0.3973200023 0.2718510032
vt 0.9141209722 0.979155004
vt 0.9206650257 0.977034986
vt 0.9282950163 0.9876729846
vt 0.9359580278 0.9770579934
vt 0.942497015 0.9791989923
vt 0.9282950163 0.9876729846
vt 0.3834800124 0.2637520134
vt 0.3898169994 0.2616060078
vt 0.3973200023 0.2718510032
vt 0.4047369957 0.2615450025
vt 0.4110909998 0.263639003
vt 0.3973200023 0.2718510032
vt 0.9283120036 0.9764890075
vt 0.9359580278 0.9770579934
vt 0.9282950163 0.9876729846
vt 0.9071429968 0.8217340112
vt 0.8973199725 0.8220639825
vt 0.9071429968 0.8217340112
vt 0.3750439882 0.1064129993
vt 0.3653860092 0.1065709963
vt 0.3750439882 0.1064129993
vt 0.9501839876 0.8217340112
vt 0.9405500293 0.8220610023
vt 0.9501839876 0.8217340112
vt 0.3966810107 0.1064919978
vt 0.3847439885 0.1067399979
vt 0.3966810107 0.1064919978
vt 0.4086059928 0.1066479981
vt 0.3966810107 0.1064919978
vt 0.4086059928 0.1066479981
vt 0.9287530184 0.8218719959
vt 0.9169219732 0.8220630288
vt 0.9287530184 0.8218719959
vt 0.9405500293 0.8220610023
vt 0.9287530184 0.8218719959
vt 0.9405500293 0.8220610023
vt 0.8973199725 0.8220639825
vt 0.8973199725 0.8220639825
vt 0.9071429968 0.8217340112
vt 0.9071429968 0.8217340112
vt 0.3750439882 0.1064129993
vt 0.3653860092 0.1065709963
vt 0.3750439882 0.1064129993
vt 0.3653860092 0.1065709963
vt 0.9467369914 0.9834139943
vt 0.9495490193 0.9715059996
vt 0.9574919939 0.9756420255
vt 0.942497015 0.9791989923
vt 0.9071050286 0.9714390039
vt 0.9098650217 0.983355999
vt 0.8991339803 0.9755330086
vt 0.9141209722 0.979155004
vt 0.3794409931 0.2678860128
vt 0.3764689863 0.2563950121
vt 0.3834800124 0.2637520134
vt 0.3689239919 0.2606300116
vt 0.4256179929 0.2603980005
vt 0.4151639938 0.2677389979
vt 0.4180409908 0.2562260032
vt 0.4110909998 0.263639003
vt 0.9169219732 0.8220630288
vt 0.9169219732 0.8220630288
vt 0.9071429968 0.8217340112
vt 0.9169219732 0.8220630288
vt 0.9071429968 0.8217340112
vt 0.3847439885 0.1067399979
vt 0.3750439882 0.1064129993
vt 0.3847439885 0.1067399979
vt 0.9405500293 0.8220610023
vt 0.9501839876 0.8217340112
vt 0.9501839876 0.8217340112
vt 0.9405500293 0.8220610023
vt 0.9598140121 0.8219069839
vt 0.9598140121 0.8219069839
vt 0.9501839876 0.8217340112
vt 0.9598140121 0.8219069839
vt 0.9501839876 0.8217340112
vt 0.9598140121 0.8219069839
vt 0.427839011 0.1066970006
vt 0.4182679951 0.1064129993
vt 0.4182679951 0.1064129993
vt 0.427839011 0.1066970006
vt 0.427839011 0.1066970006
vt 0.4182679951 0.1064129993
vt 0.427839011 0.1066970006
vt 0.3847439885 0.1067399979
vt 0.3847439885 0.1067399979
vt 0.3966810107 0.1064919978
vt 0.9287530184 0.8218719959
vt 0.9169219732 0.8220630288
vt 0.9169219732 0.8220630288
vt 0.9287530184 0.8218719959
vt 0.9169219732 0.8220630288
vt 0.9287530184 0.8218719959
vt 0.9141209722 0.979155004
vt 0.9169530272 0.9695079923
vt 0.9206650257 0.977034986
vt 0.9071050286 0.9714390039
vt 0.9495490193 0.9715059996
vt 0.942497015 0.9791989923
vt 0.9396950006 0.96954
vt 0.9359580278 0.9770579934
vt 0.3860880136 0.2542969882
vt 0.3834800124 0.2637520134
vt 0.3764689863 0.2563950121
vt 0.3898169994 0.2616060078
vt 0.4110909998 0.263639003
vt 0.4047369957 0.2615450025
vt 0.4084059894 0.2542069852
vt 0.4180409908 0.2562260032
vt 0.3847439885 0.1067399979
vt 0.3847439885 0.1067399979
vt 0.3750439882 0.1064129993
vt 0.3750439882 0.1064129993
vt 0.3847439885 0.1067399979
vt 0.3847439885 0.1067399979
vt 0.4086059928 0.1066479981
vt 0.4182679951 0.1064129993
vt 0.4182679951 0.1064129993
vt 0.4086059928 0.1066479981
vt 0.4182679951 0.1064129993
vt 0.4086059928 0.1066479981
vt 0.4182679951 0.1064129993
vt 0.4086059928 0.1066479981
vt 0.3966810107 0.1064919978
vt 0.3966810107 0.1064919978
vt 0.4086059928 0.1066479981
vt 0.3966810107 0.1064919978
vt 0.9405500293 0.8220610023
vt 0.9287530184 0.8218719959
vt 0.9287530184 0.8218719959
vt 0.9405500293 0.8220610023
vt 0.9287530184 0.8218719959
vt 0.3750439882 0.1064129993
vt 0.3653860092 0.1065709963
vt 0.3653860092 0.1065709963
vt 0.3750439882 0.1064129993
vt 0.9598140121 0.8219069839
vt 0.9501839876 0.8217340112
vt 0.9501839876 0.8217340112
vt 0.9071429968 0.8217340112
vt 0.8973199725 0.8220639825
vt 0.8973199725 0.8220639825
vt 0.9071429968 0.8217340112
vt 0.427839011 0.1066970006
vt 0.427839011 0.1066970006
vt 0.4182679951 0.1064129993
vt 0.9643110037 0.9629160166
vt 0.9495490193 0.9715059996
vt 0.9541800022 0.960784018
vt 0.9574919939 0.9756420255
vt 0.3764689863 0.2563950121
vt 0.3618229926 0.2487200052
vt 0.371506989 0.2459439933
vt 0.3689239919 0.2606300116
vt 0.4326190054 0.2484329939
vt 0.4180409908 0.2562260032
vt 0.4229159951 0.2457370013
vt 0.4256179929 0.2603980005
vt 0.9169530272 0.9695079923
vt 0.9283339977 0.9584659934
vt 0.9283229709 0.9689480066
vt 0.9143949747 0.9590849876
vt 0.9283229709 0.9689480066
vt 0.9206650257 0.977034986
vt 0.9283120036 0.9764890075
vt 0.9283120036 0.9764890075
vt 0.9282950163 0.9876729846
vt 0.9071050286 0.9714390039
vt 0.9143949747 0.9590849876
vt 0.9169530272 0.9695079923
vt 0.9025440216 0.9607459903
vt 0.9071050286 0.9714390039
vt 0.8924139738 0.9627439976
vt 0.8991339803 0.9755330086
vt 0.3750439882 0.1064129993
vt 0.3750439882 0.1064129993
vt 0.3847439885 0.1067399979
vt 0.9405500293 0.8220610023
vt 0.9501839876 0.8217340112
vt 0.9501839876 0.8217340112
vt 0.9405500293 0.8220610023
vt 0.9071429968 0.8217340112
vt 0.9169219732 0.8220630288
vt 0.9071429968 0.8217340112
vt 0.9169219732 0.8220630288
vt 0.4182679951 0.1064129993
vt 0.4086059928 0.1066479981
vt 0.4086059928 0.1066479981
vt 0.9541800022 0.960784018
vt 0.9495490193 0.9715059996
vt 0.9422829747 0.9591180086
vt 0.9396950006 0.96954
vt 0.3966810107 0.1064919978
vt 0.3966810107 0.1064919978
vt 0.3847439885 0.1067399979
vt 0.3847439885 0.1067399979
vt 0.3966810107 0.1064919978
vt 0.3847439885 0.1067399979
vt 0.3833830059 0.244076997
vt 0.3764689863 0.2563950121
vt 0.371506989 0.2459439933
vt 0.3860880136 0.2542969882
vt 0.4180409908 0.2562260032
vt 0.411029011 0.2439669967
vt 0.4229159951 0.2457370013
vt 0.4084059894 0.2542069852
vt 0.3966810107 0.1064919978
vt 0.4086059928 0.1066479981
vt 0.4086059928 0.1066479981
vt 0.9169219732 0.8220630288
vt 0.9287530184 0.8218719959
vt 0.9169219732 0.8220630288
vt 0.9287530184 0.8218719959
vt 0.9287530184 0.8218719959
vt 0.9405500293 0.8220610023
vt 0.9405500293 0.8220610023
vt 0.9283339977 0.9584659934
vt 0.928342998 0.9508169889
vt 0.9412400126 0.9511799812
vt 0.9422829747 0.9591180086
vt 0.9283339977 0.9584659934
vt 0.9396950006 0.96954
vt 0.9283229709 0.9689480066
vt 0.9283229709 0.9689480066
vt 0.9359580278 0.9770579934
vt 0.9283120036 0.9764890075
vt 0.3972029984 0.2432589978
vt 0.4130370021 0.2265219986
vt 0.411029011 0.2439669967
vt 0.397127986 0.2245270014
vt 0.4084059894 0.2542069852
vt 0.3972029984 0.2432589978
vt 0.3972449899 0.253632009
vt 0.4047369957 0.2615450025
vt 0.3972449899 0.253632009
vt 0.3972750008 0.2610130012
vt 0.3972750008 0.2610130012
vt 0.3973200023 0.2718510032
vt 0.3972029984 0.2432589978
vt 0.3812359869 0.2266470045
vt 0.397127986 0.2245270014
vt 0.3833830059 0.244076997
vt 0.3972029984 0.2432589978
vt 0.3860880136 0.2542969882
vt 0.3972449899 0.253632009
vt 0.3972449899 0.253632009
vt 0.3898169994 0.2616060078
vt 0.3972750008 0.2610130012
vt 0.3972750008 0.2610130012
vt 0.3973200023 0.2718510032
vt 0.4326190054 0.2484329939
vt 0.4229159951 0.2457370013
vt 0.4348619878 0.2342669964
vt 0.4236299992 0.2301049978
vt 0.371506989 0.2459439933
vt 0.3594489992 0.2344709933
vt 0.3706650138 0.2303120047
vt 0.3618229926 0.2487200052
vt 0.9643110037 0.9629160166
vt 0.9537190199 0.9507039785
vt 0.9657710195 0.9484999776
vt 0.9541800022 0.960784018
vt 0.8924139738 0.9627439976
vt 0.9034349918 0.9505500197
vt 0.9025440216 0.9607459903
vt 0.8910599947 0.9484519958
vt 0.4229159951 0.2457370013
vt 0.411029011 0.2439669967
vt 0.4236299992 0.2301049978
vt 0.4130370021 0.2265219986
vt 0.3833830059 0.244076997
vt 0.3706650138 0.2303120047
vt 0.3812359869 0.2266470045
vt 0.371506989 0.2459439933
vt 0.427839011 0.1066970006
vt 0.4182960093 0.1280139983
vt 0.4182679951 0.1064129993
vt 0.4278739989 0.1285240054
vt 0.9537190199 0.9507039785
vt 0.9422829747 0.9591180086
vt 0.9412400126 0.9511799812
vt 0.9541800022 0.960784018
vt 0.9049400091 0.9298160076
vt 0.9154509902 0.9511529803
vt 0.9034349918 0.9505500197
vt 0.9156169891 0.929535985
vt 0.8940259814 0.9276949763
vt 0.9059410095 0.9066929817
vt 0.8959590197 0.9051030278
vt 0.9049400091 0.9298160076
vt 0.9156169891 0.929535985
vt 0.9160439968 0.9058949947
vt 0.8959590197 0.9051030278
vt 0.9067010283 0.8833029866
vt 0.8970720172 0.8815490007
vt 0.9059410095 0.9066929817
vt 0.9067010283 0.8833029866
vt 0.9164720178 0.8819379807
vt 0.9071090221 0.8629059792
vt 0.8970720172 0.8815490007
vt 0.9071090221 0.8629059792
vt 0.8975939751 0.8617110252
vt 0.9167280197 0.8619239926
vt 0.9072729945 0.8441079855
vt 0.9071090221 0.8629059792
vt 0.8977640271 0.8437550068
vt 0.9071429968 0.8217340112
vt 0.8973199725 0.8220639825
vt 0.9169219732 0.8220630288
vt 0.9071429968 0.8217340112
vt 0.9168519974 0.8438410163
vt 0.9286130071 0.8602089882
vt 0.9034349918 0.9505500197
vt 0.9143949747 0.9590849876
vt 0.9025440216 0.9607459903
vt 0.9154509902 0.9511529803
vt 0.9609950185 0.9029930234
vt 0.9503369927 0.8782259822
vt 0.9600329995 0.8780130148
vt 0.9509670138 0.9035770297
vt 0.9411870241 0.9288650155
vt 0.9518989921 0.9288790226
vt 0.9408670068 0.9037529826
vt 0.9408670068 0.9037529826
vt 0.9405969977 0.8784199953
vt 0.9503369927 0.8782259822
vt 0.9509670138 0.9035770297
vt 0.9501029849 0.8592969775
vt 0.9600329995 0.8780130148
vt 0.9596400261 0.8592100143
vt 0.9154509902 0.9511529803
vt 0.9283339977 0.9584659934
vt 0.9143949747 0.9590849876
vt 0.928342998 0.9508169889
vt 0.9412400126 0.9511799812
vt 0.9518989921 0.9288790226
vt 0.9537190199 0.9507039785
vt 0.9411870241 0.9288650155
vt 0.9509670138 0.9035770297
vt 0.9628390074 0.9271150231
vt 0.9609950185 0.9029930234
vt 0.3706650138 0.2303120047
vt 0.3614529967 0.2126799971
vt 0.3724470139 0.2116219997
vt 0.3594489992 0.2344709933
vt 0.9657710195 0.9484999776
vt 0.9518989921 0.9288790226
vt 0.9628390074 0.9271150231
vt 0.9537190199 0.9507039785
vt 0.9049400091 0.9298160076
vt 0.9034349918 0.9505500197
vt 0.8910599947 0.9484519958
vt 0.8940259814 0.9276949763
vt 0.4348619878 0.2342669964
vt 0.4236299992 0.2301049978
vt 0.4327180088 0.2131559998
vt 0.4216920137 0.2116950005
vt 0.3751929998 0.1279219985
vt 0.3751530051 0.1442230046
vt 0.3655549884 0.1441349983
vt 0.3656319976 0.1279329956
vt 0.3653860092 0.1065709963
vt 0.3751929998 0.1279219985
vt 0.3750439882 0.1064129993
vt 0.3847439885 0.1067399979
vt 0.3750439882 0.1064129993
vt 0.384829998 0.1279159933
vt 0.3848339915 0.1442330033
vt 0.3847280145 0.1633220017
vt 0.3748950064 0.1632830054
vt 0.3968000114 0.1441980004
vt 0.3967289925 0.1278779954
vt 0.3847439885 0.1067399979
vt 0.3966810107 0.1064919978
vt 0.3968769908 0.1632869989
vt 0.3969790041 0.1882490069
vt 0.3843789995 0.1883679926
vt 0.3651669919 0.1630599946
vt 0.3751530051 0.1442230046
vt 0.3655549884 0.1441349983
vt 0.3741590083 0.1885070056
vt 0.3651669919 0.1630599946
vt 0.3640539944 0.1882349998
vt 0.3833940029 0.2102530003
vt 0.3724470139 0.2116219997
vt 0.3843789995 0.1883679926
vt 0.3748950064 0.1632830054
vt 0.3741590083 0.1885070056
vt 0.3724470139 0.2116219997
vt 0.3614529967 0.2126799971
vt 0.3970670104 0.2096659988
vt 0.3833940029 0.2102530003
vt 0.4090259969 0.1633899957
vt 0.3968769908 0.1632869989
vt 0.4087679982 0.1442530006
vt 0.4184570014 0.1449979991
vt 0.3969790041 0.1882490069
vt 0.4095790088 0.1883690059
vt 0.418870002 0.1644330025
vt 0.4280900061 0.1466110051
vt 0.418870002 0.1644330025
vt 0.4286719859 0.1665930003
vt 0.4095790088 0.1883690059
vt 0.3970670104 0.2096659988
vt 0.4107449949 0.2101770043
vt 0.4198049903 0.1891579926
vt 0.4286719859 0.1665930003
vt 0.4198049903 0.1891579926
vt 0.4299930036 0.1903489977
vt 0.4216920137 0.2116950005
vt 0.4327180088 0.2131559998
vt 0.4198049903 0.1891579926
vt 0.4198049903 0.1891579926
vt 0.4107449949 0.2101770043
vt 0.4216920137 0.2116950005
vt 0.4216920137 0.2116950005
vt 0.4236299992 0.2301049978
vt 0.4130370021 0.2265219986
vt 0.4107449949 0.2101770043
vt 0.3706650138 0.2303120047
vt 0.3724470139 0.2116219997
vt 0.3812359869 0.2266470045
vt 0.3833940029 0.2102530003
vt 0.4278739989 0.1285240054
vt 0.4184570014 0.1449979991
vt 0.4182960093 0.1280139983
vt 0.4280900061 0.1466110051
vt 0.4182679951 0.1064129993
vt 0.4086059928 0.1066479981
vt 0.4086369872 0.1278380007
vt 0.3968000114 0.1441980004
vt 0.3967289925 0.1278779954
vt 0.4086059928 0.1066479981
vt 0.3966810107 0.1064919978
vt 0.9404910207 0.8594179749
vt 0.9404910207 0.8431289792
vt 0.9501029849 0.8592969775
vt 0.9286739826 0.8433539867
vt 0.9287530184 0.8218719959
vt 0.9405500293 0.8220610023
vt 0.9500640035 0.8431019783
vt 0.9405500293 0.8220610023
vt 0.9501839876 0.8217340112
vt 0.9286739826 0.8433539867
vt 0.9169219732 0.8220630288
vt 0.9287530184 0.8218719959
vt 0.9285429716 0.8795310259
vt 0.9284570217 0.9043480158
vt 0.9160439968 0.9058949947
vt 0.928385973 0.9288250208
vt 0.9156169891 0.929535985
vt 0.9408670068 0.9037529826
vt 0.9284570217 0.9043480158
vt 0.9286130071 0.8602089882
vt 0.9411870241 0.9288650155
vt 0.9284570217 0.9043480158
vt 0.928385973 0.9288250208
vt 0.9411870241 0.9288650155
vt 0.928342998 0.9508169889
vt 0.9412400126 0.9511799812
vt 0.9503369927 0.8782259822
vt 0.9501029849 0.8592969775
vt 0.9500640035 0.8431019783
vt 0.9596400261 0.8592100143
vt 0.9595630169 0.8431199789
vt 0.9598140121 0.8219069839
vt 0.9500640035 0.8431019783
vt 0.9501839876 0.8217340112
vt 0.4107449949 0.2101770043
vt 0.4130370021 0.2265219986
vt 0.397127986 0.2245270014
vt 0.3970670104 0.2096659988
vt 0.3970670104 0.2096659988
vt 0.397127986 0.2245270014
vt 0.3833940029 0.2102530003
vt 0.3812359869 0.2266470045
vt 0.9156169891 0.929535985
vt 0.928342998 0.9508169889
vt 0.9154509902 0.9511529803
vt 0.928385973 0.9288250208
vt 0.942497015 0.9791989923
vt 0.9282950163 0.9876729846
vt 0.9467369914 0.9834139943
vt 0.9098650217 0.983355999
vt 0.9282950163 0.9876729846
vt 0.9141209722 0.979155004
vt 0.3794409931 0.2678860128
vt 0.3973200023 0.2718510032
vt 0.3834800124 0.2637520134
vt 0.4110909998 0.263639003
vt 0.3973200023 0.2718510032
vt 0.4151639938 0.2677389979
vt 0.9141209722 0.979155004
vt 0.9282950163 0.9876729846
vt 0.9206650257 0.977034986
vt 0.9359580278 0.9770579934
vt 0.9282950163 0.9876729846
vt 0.942497015 0.9791989923
vt 0.3834800124 0.2637520134
vt 0.3973200023 0.2718510032
vt 0.3898169994 0.2616060078
vt 0.4047369957 0.2615450025
vt 0.3973200023 0.2718510032
vt 0.4110909998 0.263639003
vt 0.9283120036 0.9764890075
vt 0.9282950163 0.9876729846
vt 0.9359580278 0.9770579934
vt 0.9598140121 0.8219069839
vt 0.9598140121 0.8219069839
vt 0.9501839876 0.8217340112
vt 0.9071429968 0.8217340112
vt 0.9071429968 0.8217340112
vt 0.8973199725 0.8220639825
vt 0.3750439882 0.1064129993
vt 0.3750439882 0.1064129993
vt 0.3653860092 0.1065709963
vt 0.3966810107 0.1064919978
vt 0.3966810107 0.1064919978
vt 0.3847439885 0.1067399979
vt 0.8973199725 0.8220639825
vt 0.9071429968 0.8217340112
vt 0.8973199725 0.8220639825
vt 0.9071429968 0.8217340112
vt 0.9467369914 0.9834139943
vt 0.9574919939 0.9756420255
vt 0.9495490193 0.9715059996
vt 0.942497015 0.9791989923
vt 0.9071050286 0.9714390039
vt 0.9098650217 0.983355999
vt 0.9141209722 0.979155004
vt 0.8991339803 0.9755330086
vt 0.3794409931 0.2678860128
vt 0.3764689863 0.2563950121
vt 0.3689239919 0.2606300116
vt 0.3834800124 0.2637520134
vt 0.4256179929 0.2603980005
vt 0.4180409908 0.2562260032
vt 0.4151639938 0.2677389979
vt 0.4110909998 0.263639003
vt 0.9169219732 0.8220630288
vt 0.9071429968 0.8217340112
vt 0.9071429968 0.8217340112
vt 0.9169219732 0.8220630288
vt 0.9169219732 0.8220630288
vt 0.4086059928 0.1066479981
vt 0.4182679951 0.1064129993
vt 0.4086059928 0.1066479981
vt 0.4182679951 0.1064129993
vt 0.4182679951 0.1064129993
vt 0.3847439885 0.1067399979
vt 0.3847439885 0.1067399979
vt 0.3750439882 0.1064129993
vt 0.9405500293 0.8220610023
vt 0.9501839876 0.8217340112
vt 0.9405500293 0.8220610023
vt 0.9169219732 0.8220630288
vt 0.9169219732 0.8220630288
vt 0.9287530184 0.8218719959
vt 0.9287530184 0.8218719959
vt 0.9287530184 0.8218719959
vt 0.9169219732 0.8220630288
vt 0.3847439885 0.1067399979
vt 0.3966810107 0.1064919978
vt 0.3847439885 0.1067399979
vt 0.3966810107 0.1064919978
vt 0.4086059928 0.1066479981
vt 0.3966810107 0.1064919978
vt 0.9405500293 0.8220610023
vt 0.9287530184 0.8218719959
vt 0.9405500293 0.8220610023
vt 0.9598140121 0.8219069839
vt 0.9501839876 0.8217340112
vt 0.9501839876 0.8217340112
vt 0.9598140121 0.8219069839
vt 0.9501839876 0.8217340112
vt 0.9598140121 0.8219069839
vt 0.427839011 0.1066970006
vt 0.4182679951 0.1064129993
vt 0.4182679951 0.1064129993
vt 0.427839011 0.1066970006
vt 0.427839011 0.1066970006
vt 0.427839011 0.1066970006
vt 0.4182679951 0.1064129993
vt 0.3750439882 0.1064129993
vt 0.3653860092 0.1065709963
vt 0.3750439882 0.1064129993
vt 0.3653860092 0.1065709963
vt 0.3653860092 0.1065709963
vt 0.3750439882 0.1064129993
vt 0.9169530272 0.9695079923
vt 0.9141209722 0.979155004
vt 0.9206650257 0.977034986
vt 0.9071050286 0.9714390039
vt 0.9495490193 0.9715059996
vt 0.9396950006 0.96954
vt 0.942497015 0.9791989923
vt 0.9359580278 0.9770579934
vt 0.3834800124 0.2637520134
vt 0.3860880136 0.2542969882
vt 0.3764689863 0.2563950121
vt 0.3898169994 0.2616060078
vt 0.4110909998 0.263639003
vt 0.4084059894 0.2542069852
vt 0.4047369957 0.2615450025
vt 0.4180409908 0.2562260032
vt 0.3847439885 0.1067399979
vt 0.3847439885 0.1067399979
vt 0.3750439882 0.1064129993
vt 0.3750439882 0.1064129993
vt 0.3847439885 0.1067399979
vt 0.3847439885 0.1067399979
vt 0.427839011 0.1066970006
vt 0.4182679951 0.1064129993
vt 0.427839011 0.1066970006
vt 0.427839011 0.1066970006
vt 0.4182679951 0.1064129993
vt 0.3966810107 0.1064919978
vt 0.4086059928 0.1066479981
vt 0.3966810107 0.1064919978
vt 0.4086059928 0.1066479981
vt 0.4086059928 0.1066479981
vt 0.3966810107 0.1064919978
vt 0.9405500293 0.8220610023
vt 0.9501839876 0.8217340112
vt 0.9405500293 0.8220610023
vt 0.9501839876 0.8217340112
vt 0.9501839876 0.8217340112
vt 0.9501839876 0.8217340112
vt 0.9405500293 0.8220610023
vt 0.9598140121 0.8219069839
vt 0.9501839876 0.8217340112
vt 0.9598140121 0.8219069839
vt 0.9071429968 0.8217340112
vt 0.8973199725 0.8220639825
vt 0.9071429968 0.8217340112
vt 0.8973199725 0.8220639825
vt 0.9643110037 0.9629160166
vt 0.9495490193 0.9715059996
vt 0.9574919939 0.9756420255
vt 0.9541800022 0.960784018
vt 0.3764689863 0.2563950121
vt 0.371506989 0.2459439933
vt 0.3618229926 0.2487200052
vt 0.3689239919 0.2606300116
vt 0.4326190054 0.2484329939
vt 0.4180409908 0.2562260032
vt 0.4256179929 0.2603980005
vt 0.4229159951 0.2457370013
vt 0.9169530272 0.9695079923
vt 0.9283339977 0.9584659934
vt 0.9143949747 0.9590849876
vt 0.9283229709 0.9689480066
vt 0.9206650257 0.977034986
vt 0.9283229709 0.9689480066
vt 0.9283120036 0.9764890075
vt 0.9282950163 0.9876729846
vt 0.9283120036 0.9764890075
vt 0.9071429968 0.8217340112
vt 0.9071429968 0.8217340112
vt 0.9169219732 0.8220630288
vt 0.9169219732 0.8220630288
vt 0.9071429968 0.8217340112
vt 0.9169219732 0.8220630288
vt 0.9071050286 0.9714390039
vt 0.9143949747 0.9590849876
vt 0.9025440216 0.9607459903
vt 0.9169530272 0.9695079923
vt 0.9071050286 0.9714390039
vt 0.8924139738 0.9627439976
vt 0.8991339803 0.9755330086
vt 0.9287530184 0.8218719959
vt 0.9405500293 0.8220610023
vt 0.9287530184 0.8218719959
vt 0.9405500293 0.8220610023
vt 0.9405500293 0.8220610023
vt 0.9287530184 0.8218719959
vt 0.9405500293 0.8220610023
vt 0.3750439882 0.1064129993
vt 0.3847439885 0.1067399979
vt 0.3750439882 0.1064129993
vt 0.4182679951 0.1064129993
vt 0.4086059928 0.1066479981
vt 0.4182679951 0.1064129993
vt 0.4086059928 0.1066479981
vt 0.9422829747 0.9591180086
vt 0.9396950006 0.96954
vt 0.9495490193 0.9715059996
vt 0.9541800022 0.960784018
vt 0.3966810107 0.1064919978
vt 0.3847439885 0.1067399979
vt 0.3966810107 0.1064919978
vt 0.3847439885 0.1067399979
vt 0.3847439885 0.1067399979
vt 0.3966810107 0.1064919978
vt 0.3833830059 0.244076997
vt 0.3764689863 0.2563950121
vt 0.3860880136 0.2542969882
vt 0.371506989 0.2459439933
vt 0.4180409908 0.2562260032
vt 0.4229159951 0.2457370013
vt 0.411029011 0.2439669967
vt 0.4084059894 0.2542069852
vt 0.4086059928 0.1066479981
vt 0.3966810107 0.1064919978
vt 0.4086059928 0.1066479981
vt 0.9169219732 0.8220630288
vt 0.9169219732 0.8220630288
vt 0.9287530184 0.8218719959
vt 0.9287530184 0.8218719959
vt 0.9283339977 0.9584659934
vt 0.9412400126 0.9511799812
vt 0.928342998 0.9508169889
vt 0.9422829747 0.9591180086
vt 0.9283339977 0.9584659934
vt 0.9396950006 0.96954
vt 0.9283229709 0.9689480066
vt 0.9283229709 0.9689480066
vt 0.9359580278 0.9770579934
vt 0.9283120036 0.9764890075
vt 0.411029011 0.2439669967
vt 0.4130370021 0.2265219986
vt 0.3972029984 0.2432589978
vt 0.397127986 0.2245270014
vt 0.4084059894 0.2542069852
vt 0.3972029984 0.2432589978
vt 0.3972449899 0.253632009
vt 0.4047369957 0.2615450025
vt 0.3972449899 0.253632009
vt 0.3972750008 0.2610130012
vt 0.3972750008 0.2610130012
vt 0.3973200023 0.2718510032
vt 0.3972029984 0.2432589978
vt 0.3812359869 0.2266470045
vt 0.3833830059 0.244076997
vt 0.397127986 0.2245270014
vt 0.3860880136 0.2542969882
vt 0.3972029984 0.2432589978
vt 0.3972449899 0.253632009
vt 0.3898169994 0.2616060078
vt 0.3972449899 0.253632009
vt 0.3972750008 0.2610130012
vt 0.3973200023 0.2718510032
vt 0.3972750008 0.2610130012
vt 0.4326190054 0.2484329939
vt 0.4348619878 0.2342669964
vt 0.4229159951 0.2457370013
vt 0.4236299992 0.2301049978
vt 0.371506989 0.2459439933
vt 0.3594489992 0.2344709933
vt 0.3618229926 0.2487200052
vt 0.3706650138 0.2303120047
vt 0.9643110037 0.9629160166
vt 0.9537190199 0.9507039785
vt 0.9541800022 0.960784018
vt 0.9657710195 0.9484999776
vt 0.9025440216 0.9607459903
vt 0.9034349918 0.9505500197
vt 0.8924139738 0.9627439976
vt 0.8910599947 0.9484519958
vt 0.4229159951 0.2457370013
vt 0.4236299992 0.2301049978
vt 0.411029011 0.2439669967
vt 0.4130370021 0.2265219986
vt 0.3833830059 0.244076997
vt 0.3706650138 0.2303120047
vt 0.371506989 0.2459439933
vt 0.3812359869 0.2266470045
vt 0.427839011 0.1066970006
vt 0.4182960093 0.1280139983
vt 0.4278739989 0.1285240054
vt 0.4182679951 0.1064129993
vt 0.9537190199 0.9507039785
vt 0.9422829747 0.9591180086
vt 0.9541800022 0.960784018
vt 0.9412400126 0.9511799812
vt 0.9034349918 0.9505500197
vt 0.9143949747 0.9590849876
vt 0.9154509902 0.9511529803
vt 0.9025440216 0.9607459903
vt 0.9609950185 0.9029930234
vt 0.9600329995 0.8780130148
vt 0.9503369927 0.8782259822
vt 0.9509670138 0.9035770297
vt 0.9411870241 0.9288650155
vt 0.9518989921 0.9288790226
vt 0.9408670068 0.9037529826
vt 0.9408670068 0.9037529826
vt 0.9503369927 0.8782259822
vt 0.9405969977 0.8784199953
vt 0.9509670138 0.9035770297
vt 0.9600329995 0.8780130148
vt 0.9501029849 0.8592969775
vt 0.9596400261 0.8592100143
vt 0.9154509902 0.9511529803
vt 0.9283339977 0.9584659934
vt 0.928342998 0.9508169889
vt 0.9143949747 0.9590849876
vt 0.9412400126 0.9511799812
vt 0.9518989921 0.9288790226
vt 0.9411870241 0.9288650155
vt 0.9537190199 0.9507039785
vt 0.9628390074 0.9271150231
vt 0.9509670138 0.9035770297
vt 0.9609950185 0.9029930234
vt 0.3706650138 0.2303120047
vt 0.3724470139 0.2116219997
vt 0.3614529967 0.2126799971
vt 0.3594489992 0.2344709933
vt 0.9657710195 0.9484999776
vt 0.9628390074 0.9271150231
vt 0.9518989921 0.9288790226
vt 0.9537190199 0.9507039785
vt 0.8940259814 0.9276949763
vt 0.8910599947 0.9484519958
vt 0.9049400091 0.9298160076
vt 0.9034349918 0.9505500197
vt 0.4348619878 0.2342669964
vt 0.4327180088 0.2131559998
vt 0.4236299992 0.2301049978
vt 0.4216920137 0.2116950005
vt 0.3656319976 0.1279329956
vt 0.3655549884 0.1441349983
vt 0.3751929998 0.1279219985
vt 0.3751530051 0.1442230046
vt 0.3751929998 0.1279219985
vt 0.3653860092 0.1065709963
vt 0.3750439882 0.1064129993
vt 0.3847439885 0.1067399979
vt 0.3750439882 0.1064129993
vt 0.384829998 0.1279159933
vt 0.3848339915 0.1442330033
vt 0.3847280145 0.1633220017
vt 0.3748950064 0.1632830054
vt 0.3968000114 0.1441980004
vt 0.3967289925 0.1278779954
vt 0.3847439885 0.1067399979
vt 0.3966810107 0.1064919978
vt 0.3968769908 0.1632869989
vt 0.3969790041 0.1882490069
vt 0.3843789995 0.1883679926
vt 0.3751530051 0.1442230046
vt 0.3651669919 0.1630599946
vt 0.3655549884 0.1441349983
vt 0.3741590083 0.1885070056
vt 0.3651669919 0.1630599946
vt 0.3640539944 0.1882349998
vt 0.3833940029 0.2102530003
vt 0.3724470139 0.2116219997
vt 0.3843789995 0.1883679926
vt 0.3970670104 0.2096659988
vt 0.3833940029 0.2102530003
vt 0.3748950064 0.1632830054
vt 0.3741590083 0.1885070056
vt 0.3724470139 0.2116219997
vt 0.3614529967 0.2126799971
vt 0.4090259969 0.1633899957
vt 0.4087679982 0.1442530006
vt 0.3968769908 0.1632869989
vt 0.4184570014 0.1449979991
vt 0.3969790041 0.1882490069
vt 0.4095790088 0.1883690059
vt 0.418870002 0.1644330025
vt 0.418870002 0.1644330025
vt 0.4280900061 0.1466110051
vt 0.4286719859 0.1665930003
vt 0.4095790088 0.1883690059
vt 0.3970670104 0.2096659988
vt 0.4107449949 0.2101770043
vt 0.4198049903 0.1891579926
vt 0.4198049903 0.1891579926
vt 0.4286719859 0.1665930003
vt 0.4299930036 0.1903489977
vt 0.4216920137 0.2116950005
vt 0.4198049903 0.1891579926
vt 0.4327180088 0.2131559998
vt 0.4107449949 0.2101770043
vt 0.4198049903 0.1891579926
vt 0.4216920137 0.2116950005
vt 0.4216920137 0.2116950005
vt 0.4130370021 0.2265219986
vt 0.4236299992 0.2301049978
vt 0.4107449949 0.2101770043
vt 0.3812359869 0.2266470045
vt 0.3833940029 0.2102530003
vt 0.3724470139 0.2116219997
vt 0.3706650138 0.2303120047
vt 0.4278739989 0.1285240054
vt 0.4184570014 0.1449979991
vt 0.4280900061 0.1466110051
vt 0.4182960093 0.1280139983
vt 0.4182679951 0.1064129993
vt 0.4086059928 0.1066479981
vt 0.4086369872 0.1278380007
vt 0.3968000114 0.1441980004
vt 0.3967289925 0.1278779954
vt 0.4086059928 0.1066479981
vt 0.3966810107 0.1064919978
vt 0.9049400091 0.9298160076
vt 0.9154509902 0.9511529803
vt 0.9156169891 0.929535985
vt 0.9034349918 0.9505500197
vt 0.9059410095 0.9066929817
vt 0.8940259814 0.9276949763
vt 0.8959590197 0.9051030278
vt 0.9049400091 0.9298160076
vt 0.9156169891 0.929535985
vt 0.9160439968 0.9058949947
vt 0.9067010283 0.8833029866
vt 0.8959590197 0.9051030278
vt 0.8970720172 0.8815490007
vt 0.9067010283 0.8833029866
vt 0.9059410095 0.9066929817
vt 0.9164720178 0.8819379807
vt 0.9071090221 0.8629059792
vt 0.8970720172 0.8815490007
vt 0.8975939751 0.8617110252
vt 0.9071090221 0.8629059792
vt 0.9167280197 0.8619239926
vt 0.9072729945 0.8441079855
vt 0.9071090221 0.8629059792
vt 0.8977640271 0.8437550068
vt 0.9071429968 0.8217340112
vt 0.8973199725 0.8220639825
vt 0.9169219732 0.8220630288
vt 0.9071429968 0.8217340112
vt 0.9168519974 0.8438410163
vt 0.9286130071 0.8602089882
vt 0.9286739826 0.8433539867
vt 0.9169219732 0.8220630288
vt 0.9287530184 0.8218719959
vt 0.9285429716 0.8795310259
vt 0.9284570217 0.9043480158
vt 0.9160439968 0.9058949947
vt 0.928385973 0.9288250208
vt 0.9156169891 0.929535985
vt 0.9408670068 0.9037529826
vt 0.9284570217 0.9043480158
vt 0.9286130071 0.8602089882
vt 0.9284570217 0.9043480158
vt 0.9411870241 0.9288650155
vt 0.928385973 0.9288250208
vt 0.928342998 0.9508169889
vt 0.9411870241 0.9288650155
vt 0.9412400126 0.9511799812
vt 0.9404910207 0.8594179749
vt 0.9286739826 0.8433539867
vt 0.9503369927 0.8782259822
vt 0.9501029849 0.8592969775
vt 0.9596400261 0.8592100143
vt 0.9500640035 0.8431019783
vt 0.9595630169 0.8431199789
vt 0.9404910207 0.8431289792
vt 0.9287530184 0.8218719959
vt 0.9405500293 0.8220610023
vt 0.9501029849 0.8592969775
vt 0.9500640035 0.8431019783
vt 0.9405500293 0.8220610023
vt 0.9501839876 0.8217340112
vt 0.9598140121 0.8219069839
vt 0.9500640035 0.8431019783
vt 0.9501839876 0.8217340112
vt 0.4107449949 0.2101770043
vt 0.397127986 0.2245270014
vt 0.4130370021 0.2265219986
vt 0.3970670104 0.2096659988
vt 0.3970670104 0.2096659988
vt 0.3833940029 0.2102530003
vt 0.397127986 0.2245270014
vt 0.3812359869 0.2266470045
vt 0.9156169891 0.929535985
vt 0.928342998 0.9508169889
vt 0.928385973 0.9288250208
vt 0.9154509902 0.9511529803
vt 0.03390479833 0.111060001
vt 0.03782020137 0.1006070003
vt 0.05459769815 0.1110489964
vt 0.02908690087 0.09905529767
vt 0.02543720044 0.107660003
vt 0.05522609875 0.09968020022
vt 0.08302479982 0.1100289971
vt 0.03094450012 0.09203640372
vt 0.03981050104 0.09331130236
vt 0.02181269974 0.09605070204
vt 0.01704370044 0.1019610018
vt 0.02422479913 0.09082359821
vt 0.04050280154 0.08617900312
vt 0.03133080155 0.085897699
vt 0.01577199996 0.09194990247
vt 0.01216990035 0.09433560073
vt 0.01033489965 0.08610480279
vt 0.01780549996 0.08906760067
vt 0.02498300001 0.0859733969
vt 0.01843939908 0.08603189886
vt 0.01775160059 0.08300869912
vt 0.01566779986 0.08015970141
vt 0.01201710012 0.07783269882
vt 0.01677620038 0.07009600103
vt 0.02164239995 0.07595930248
vt 0.02515639924 0.06424900144
vt 0.02412799932 0.08114589751
vt 0.02886370011 0.07287800312
vt 0.03345509991 0.06076470017
vt 0.03073959984 0.07984630018
vt 0.9114360213 0.7466229796
vt 0.9100350142 0.7653419971
vt 0.9019160271 0.7581650019
vt 0.9162089825 0.7362340093
vt 0.9273040295 0.7403569818
vt 0.9016730189 0.772495985
vt 0.8938770294 0.7704309821
vt 0.9238880277 0.7536039948
vt 0.901278019 0.7781329751
vt 0.8910599947 0.7805250287
vt 0.8923280239 0.7884579897
vt 0.9119449854 0.7716550231
vt 0.9256070256 0.7635740042
vt 0.901966989 0.7837870121
vt 0.9133440256 0.7777270079
vt 0.9050260186 0.7885280252
vt 0.8967360258 0.7949910164
vt 0.9055989981 0.7990720272
vt 0.9275419712 0.7707579732
vt 0.9089279771 0.791738987
vt 0.9205240011 0.7988920212
vt 0.915982008 0.7832520008
vt 0.9300940037 0.7770360112
vt 0.9187139869 0.7887319922
vt 0.936619997 0.7940030098
vt 0.9327909946 0.7833499908
vt 0.9474449754 0.7897530198
vt 0.9403960109 0.7730609775
vt 0.9430099726 0.7793949842
vt 0.9546189904 0.7862499952
vt 0.9381840229 0.7665889859
vt 0.9364200234 0.7593150139
vt 0.9451249838 0.764572978
vt 0.9353179932 0.7508299947
vt 0.9345620275 0.7397149801
vt 0.9438030124 0.7575190067
vt 0.9427040219 0.7494930029
vt 0.9414340258 0.7387869954
vt 0.9510250092 0.7633849978
vt 0.949319005 0.7485340238
vt 0.9481629729 0.7379630208
vt 0.950191021 0.7564039826
vt 0.9560139775 0.74782902
vt 0.9550129771 0.7372400165
vt 0.966448009 0.7362340093
vt 0.9673259854 0.7471140027
vt 0.956667006 0.7557770014
vt 0.9677829742 0.755712986
vt 0.9570500255 0.7631049752
vt 0.9676769972 0.764113009
vt 0.9522429705 0.7697950006
vt 0.9572600126 0.769915998
vt 0.9662920237 0.7726290226
vt 0.9578729868 0.7741919756
vt 0.9636639953 0.7785300016
vt 0.9603180289 0.7823749781
vt 0.9545410275 0.7749919891
vt 0.9495530128 0.7769240141
vt 0.9469860196 0.7710000277
vt 0.6175829768 0.02999499999
vt 0.6299740076 0.02281929925
vt 0.631197989 0.04200619832
vt 0.6140660048 0.01642219909
vt 0.6252319813 0.01232689992
vt 0.6393470168 0.03469860181
vt 0.6064500213 0.0272943005
vt 0.6069539785 0.01579979993
vt 0.639334023 0.04922559857
vt 0.6471530199 0.04722189903
vt 0.6396480203 0.05497499928
vt 0.6497520208 0.0574172996
vt 0.6482729912 0.06534279883
vt 0.629472971 0.0487481989
vt 0.6388549805 0.06066609919
vt 0.6356859803 0.06525799632
vt 0.6437169909 0.07182060182
vt 0.6281629801 0.05503010005
vt 0.6347560287 0.07581610233
vt 0.631681025 0.06836149842
vt 0.6196429729 0.07548669726
vt 0.6252750158 0.06019100174
vt 0.6221479774 0.06528639793
vt 0.6084330082 0.06001250073
vt 0.6038290262 0.07017160207
vt 0.6118559837 0.05439219996
vt 0.6146990061 0.04858459905
vt 0.5984200239 0.05601999909
vt 0.5931770205 0.06573189795
vt 0.6017439961 0.05042289943
vt 0.6043279767 0.04440569878
vt 0.6163899899 0.04097260162
vt 0.6058700085 0.0366471
vt 0.597217977 0.04209629819
vt 0.5950509906 0.04815080017
vt 0.5984489918 0.03462610021
vt 0.5910689831 0.04059020057
vt 0.5919529796 0.05346110091
vt 0.5861420035 0.06216850132
vt 0.5896210074 0.04670229927
vt 0.5869600177 0.05143060163
vt 0.5805630088 0.05819819868
vt 0.5835099816 0.05051060021
vt 0.577278018 0.05427769944
vt 0.5749120116 0.04829509929
vt 0.5843139887 0.04645260051
vt 0.5738520026 0.03972579911
vt 0.5847210288 0.03976859897
vt 0.5919269919 0.03325109929
vt 0.585169971 0.03227650002
vt 0.574090004 0.03145439923
vt 0.599240005 0.0259004999
vt 0.6003649831 0.01486719958
vt 0.592730999 0.02484120056
vt 0.5938709974 0.0140282996
vt 0.5858770013 0.02398120053
vt 0.574657023 0.02301209979
vt 0.5869219899 0.0132900998
vt 0.5755800009 0.01232680026
vt 0.8672090173 0.07606109977
vt 0.8867319822 0.07686629891
vt 0.8870999813 0.08718279749
vt 0.8666809797 0.0872573033
vt 0.8388739824 0.07545249909
vt 0.8387140036 0.08646990359
vt 0.8117550015 0.08645710349
vt 0.8672959805 0.06912220269
vt 0.8115500212 0.07548069954
vt 0.7943480015 0.08668089658
vt 0.7940779924 0.075652197
vt 0.8389130235 0.06877540052
vt 0.8114629984 0.06882719696
vt 0.7939540148 0.0689662993
vt 0.7938960195 0.06240620092
vt 0.8114429712 0.06234249845
vt 0.8389409781 0.06232680008
vt 0.8114280105 0.05580890179
vt 0.7938359976 0.05571769923
vt 0.838967979 0.05582369864
vt 0.8672850132 0.06238229945
vt 0.8115040064 0.04900230095
vt 0.7938849926 0.04867190123
vt 0.7944729924 0.03743590042
vt 0.8118219972 0.03800040111
vt 0.8389840126 0.04903069884
vt 0.8389220238 0.03810520098
vt 0.8669760227 0.03743579984
vt 0.8674319983 0.05558240041
vt 0.8674640059 0.04850419983
vt 0.8873590231 0.03748859838
vt 0.8853909969 0.06250789762
vt 0.8858960271 0.05514410138
vt 0.8867549896 0.04848380014
vt 0.8925039768 0.04953679815
vt 0.8908680081 0.05596509948
vt 0.8963099718 0.03957249969
vt 0.8857880235 0.06921429932
vt 0.8908680081 0.06856240332
vt 0.8904359937 0.06226349995
vt 0.8977900147 0.05725060031
vt 0.9002950191 0.05181369931
vt 0.9052870274 0.04555509984
vt 0.8927419782 0.07573930174
vt 0.8963090181 0.08491770178
vt 0.8977890015 0.06728699803
vt 0.9002850056 0.07272060215
vt 0.9052600265 0.07896859944
vt 0.8969720006 0.06226719916
vt 0.9044589996 0.06543280184
vt 0.9065939784 0.06843850017
vt 0.9103839993 0.07093329728
vt 0.9122610092 0.06227919832
vt 0.9037789702 0.06227159873
vt 0.9044629931 0.05911099911
vt 0.906603992 0.05610730127
vt 0.9104030132 0.0536169
vt 0.03743870184 0.07101690024
vt 0.05429759994 0.06106390059
vt 0.03967589885 0.0789495036
vt 0.05498500168 0.07225979865
vt 0.08282429725 0.06183100119
vt 0.05559220165 0.07919120044
vt 0.0828088969 0.07272479683
vt 0.1103959978 0.07255870104
vt 0.110299997 0.06139300019
vt 0.08286889642 0.07940579951
vt 0.1279640049 0.06076470017
vt 0.1282760054 0.0722078979
vt 0.1282099932 0.07917209715
vt 0.1103639975 0.07930000126
vt 0.1281169951 0.08566050231
vt 0.1103250012 0.08567009866
vt 0.128057003 0.09208360314
vt 0.05587109923 0.08599379659
vt 0.08291269839 0.08580049872
vt 0.1103029996 0.09205169976
vt 0.08292450011 0.09217909724
vt 0.05572170019 0.09274770319
vt 0.08292599767 0.0989260003
vt 0.1103119999 0.09889020026
vt 0.1103629991 0.1101450026
vt 0.1280400008 0.09898249805
vt 0.1280629933 0.1103150025
vt 0.2453099936 0.111060001
vt 0.2246170044 0.1110489964
vt 0.2413939983 0.1006070003
vt 0.250128001 0.09905529767
vt 0.2537769973 0.107660003
vt 0.2239879966 0.09968020022
vt 0.1961899996 0.1100289971
vt 0.2394039929 0.09331119806
vt 0.2574020028 0.0960509032
vt 0.2621710002 0.1019610018
vt 0.248270005 0.09203650057
vt 0.2549900115 0.09082350135
vt 0.2634429932 0.09194990247
vt 0.2670449913 0.09433560073
vt 0.2614090145 0.08906760067
vt 0.2688800097 0.08610480279
vt 0.2607749999 0.08603189886
vt 0.2542319894 0.0859733969
vt 0.2478840053 0.085897699
vt 0.2614629865 0.08300860226
vt 0.2550860047 0.08114589751
vt 0.2635470033 0.08015979826
vt 0.2671970129 0.07783269882
vt 0.2624379992 0.07009589672
vt 0.2575719953 0.07595930248
vt 0.2540580034 0.06424889714
vt 0.2503510118 0.07287800312
vt 0.2457589954 0.06076470017
vt 0.2484750003 0.07984630018
vt 0.9474059939 0.661123991
vt 0.9488080144 0.6798430085
vt 0.9349550009 0.6681039929
vt 0.9569270015 0.672665
vt 0.9315389991 0.6548579931
vt 0.9426339865 0.6507350206
vt 0.9571689963 0.6869959831
vt 0.9649659991 0.6849309802
vt 0.9575650096 0.6926339865
vt 0.9677829742 0.6950250268
vt 0.9665139914 0.7029579878
vt 0.9468979836 0.6861550212
vt 0.9568759799 0.6982870102
vt 0.9454990029 0.6922280192
vt 0.9538170099 0.7030289769
vt 0.9621059895 0.7094920278
vt 0.9532430172 0.7135720253
vt 0.9332360029 0.6780740023
vt 0.9312999845 0.6852579713
vt 0.9499149919 0.7062399983
vt 0.9383190274 0.7133920193
vt 0.9428600073 0.6977519989
vt 0.9401280284 0.7032330036
vt 0.9222229719 0.7085030079
vt 0.9287490249 0.6915370226
vt 0.9260510206 0.6978510022
vt 0.9113969803 0.7042530179
vt 0.9184470177 0.6875609756
vt 0.9158319831 0.6938949823
vt 0.9042239785 0.7007510066
vt 0.9206579924 0.6810899973
vt 0.9224219918 0.6738160253
vt 0.9137179852 0.6790729761
vt 0.9118570089 0.6855000257
vt 0.9092900157 0.6914250255
vt 0.9078180194 0.6778849959
vt 0.9065989852 0.6842960119
vt 0.904302001 0.6894930005
vt 0.8985239863 0.6968759894
vt 0.9009699821 0.688692987
vt 0.8951789737 0.6930299997
vt 0.8925499916 0.6871299744
vt 0.9015820026 0.6844170094
vt 0.8911650181 0.6786140203
vt 0.9017930031 0.6776049733
vt 0.8910599947 0.6702139974
vt 0.9021760225 0.6702780128
vt 0.8915159702 0.6616150141
vt 0.9028289914 0.6623290181
vt 0.8923940063 0.6507350206
vt 0.9038299918 0.6517400146
vt 0.910679996 0.6524630189
vt 0.9095230103 0.6630340219
vt 0.9174079895 0.6532869935
vt 0.9086520076 0.670904994
vt 0.9161379933 0.6639940143
vt 0.9242799878 0.6542149782
vt 0.9150400162 0.6720200181
vt 0.9235240221 0.6653310061
vt 0.5074599981 0.02999510057
vt 0.493844986 0.0420062989
vt 0.4950689971 0.02281929925
vt 0.4856970012 0.03469850123
vt 0.5109779835 0.01642219909
vt 0.4998109937 0.01232680026
vt 0.5185930133 0.0272943005
vt 0.5180889964 0.01579990052
vt 0.4857090116 0.04922540113
vt 0.4778900146 0.04722189903
vt 0.4853950143 0.05497499928
vt 0.4752910137 0.0574172996
vt 0.4767700136 0.06534279883
vt 0.495570004 0.04874829948
vt 0.4861879945 0.06066609919
vt 0.4893569946 0.06525799632
vt 0.4813260138 0.07182060182
vt 0.4968799949 0.05503010005
vt 0.4902870059 0.07581619918
vt 0.4933620095 0.06836149842
vt 0.505400002 0.07548669726
vt 0.4997679889 0.06019100174
vt 0.5103440285 0.04858469963
vt 0.5086539984 0.04097260162
vt 0.5028949976 0.06528639793
vt 0.5166100264 0.06001260132
vt 0.5212140083 0.07017160207
vt 0.5131869912 0.05439219996
vt 0.5207149982 0.04440569878
vt 0.5232999921 0.05042289943
vt 0.5266230106 0.05601999909
vt 0.531866014 0.06573189795
vt 0.5191730261 0.0366471
vt 0.5278260112 0.04209629819
vt 0.5265939832 0.03462599963
vt 0.5258030295 0.0259004999
vt 0.5246779919 0.01486719958
vt 0.5299929976 0.04815090075
vt 0.5339750051 0.04059030116
vt 0.533115983 0.03325109929
vt 0.5323129892 0.02484129928
vt 0.5311719775 0.0140282996
vt 0.5330899954 0.05346120149
vt 0.5389009714 0.06216850132
vt 0.5354220271 0.04670239985
vt 0.5380830169 0.05143060163
vt 0.5444809794 0.05819810182
vt 0.5415329933 0.05051049963
vt 0.5477650166 0.05427769944
vt 0.5501310229 0.04829509929
vt 0.5407289863 0.04645260051
vt 0.5511909723 0.03972579911
vt 0.5403220057 0.03976859897
vt 0.539873004 0.03227650002
vt 0.5509539843 0.03145439923
vt 0.5391669869 0.02398120053
vt 0.5503860116 0.0230119992
vt 0.538120985 0.01329000015
vt 0.5494629741 0.01232680026
vt 0.3419660032 0.07336019725
vt 0.3614889979 0.07255490124
vt 0.3415980041 0.08367670327
vt 0.3620170057 0.08375120163
vt 0.389824003 0.07194639742
vt 0.3899840117 0.08296380192
vt 0.4169430137 0.08295109868
vt 0.3614029884 0.06561610103
vt 0.417147994 0.07197479904
vt 0.4343500137 0.08317469805
vt 0.434619993 0.07214610279
vt 0.3897849917 0.06526920199
vt 0.417234987 0.06532099843
vt 0.4347440004 0.06546019763
vt 0.4348019958 0.05889999866
vt 0.3429099917 0.06570830196
vt 0.4172550142 0.05883629993
vt 0.4172700047 0.05230269954
vt 0.4348619878 0.05221160129
vt 0.3897570074 0.05882060155
vt 0.3897300065 0.0523176007
vt 0.4171940088 0.04549619928
vt 0.4348129928 0.04516579956
vt 0.434224993 0.03392969817
vt 0.4168759882 0.03449419886
vt 0.3897140026 0.04552450031
vt 0.3897759914 0.03459909931
vt 0.3617230058 0.03392969817
vt 0.3612340093 0.04499819875
vt 0.3413389921 0.03398250043
vt 0.3612659872 0.05207629874
vt 0.361413002 0.05887620151
vt 0.3433069885 0.05900179967
vt 0.3428019881 0.05163799971
vt 0.3419429958 0.04497779906
vt 0.3378309906 0.05245900154
vt 0.3361940086 0.04603080079
vt 0.3323880136 0.03606640175
vt 0.3378300071 0.06505630165
vt 0.3382619917 0.05875739828
vt 0.3309080005 0.05374440178
vt 0.3284029961 0.04830750078
vt 0.3234120011 0.04204890132
vt 0.3359569907 0.07223320007
vt 0.3323889971 0.08141160011
vt 0.3220939934 0.0526011996
vt 0.318295002 0.05011079833
vt 0.3164379895 0.05877299979
vt 0.3242349923 0.05560490116
vt 0.3284130096 0.06921450049
vt 0.3234379888 0.07546249777
vt 0.3309090137 0.06378079951
vt 0.3249189854 0.0587654002
vt 0.3317260146 0.05876110122
vt 0.3242389858 0.06192659959
vt 0.322104007 0.06493230164
vt 0.3183139861 0.06742720306
vt 0.2417760044 0.07101690024
vt 0.2249169946 0.06106390059
vt 0.2395389974 0.0789495036
vt 0.2242289931 0.07225979865
vt 0.196390003 0.06183100119
vt 0.2387119979 0.08617889881
vt 0.2236219943 0.07919120044
vt 0.2234929949 0.09274770319
vt 0.2233429998 0.08599379659
vt 0.1964060068 0.07272469997
vt 0.1963459998 0.07940589637
vt 0.1688189954 0.0725587979
vt 0.1689140052 0.06139300019
vt 0.1512500048 0.06076470017
vt 0.1509380043 0.07220800221
vt 0.1510040015 0.07917209715
vt 0.1688510031 0.07930000126
vt 0.1510969996 0.08566050231
vt 0.168889001 0.08567020297
vt 0.1511570066 0.09208360314
vt 0.1963019967 0.08580040187
vt 0.1689109951 0.0920516029
vt 0.1962900013 0.09217909724
vt 0.1962880045 0.09892590344
vt 0.1689019948 0.09889020026
vt 0.1688520014 0.1101450026
vt 0.1511739939 0.09898249805
vt 0.1511519998 0.1103150025
vt 0.07802589983 0.1901549995
vt 0.08314289898 0.2041040063
vt 0.07394610345 0.1946430057
vt 0.0491290018 0.1691119969
vt 0.06934410334 0.1985940039
vt 0.09694109857 0.2182990015
vt 0.07718680054 0.209315002
vt 0.08917039633 0.2249770015
vt 0.1092180014 0.2309300005
vt 0.1002779976 0.238943994
vt 0.08070860058 0.230783999
vt 0.0641964972 0.2018290013
vt 0.07060579956 0.2137079984
vt 0.0584807992 0.204133004
vt 0.06327310205 0.217069
vt 0.07154860348 0.2358739972
vt 0.08003800362 0.2524749935
vt 0.0552444011 0.2195329964
vt 0.0522739999 0.2055860013
vt 0.06841970235 0.2580110133
vt 0.0614974983 0.2400750071
vt 0.07559529692 0.2736099958
vt 0.05054660141 0.2431620061
vt 0.04559469968 0.2062959969
vt 0.04661019892 0.2212260067
vt 0.05575079843 0.2628020048
vt 0.0387372002 0.2451969981
vt 0.03735199943 0.2218759954
vt 0.03851079941 0.2060340047
vt 0.7190089822 0.3055100143
vt 0.7154420018 0.2982729971
vt 0.7282320261 0.2931349874
vt 0.7022200227 0.3160920143
vt 0.7306960225 0.2987839878
vt 0.7629100084 0.2828730047
vt 0.70826298 0.3243879974
vt 0.6946120262 0.3358860016
vt 0.7235860229 0.3119669855
vt 0.7340750098 0.3038380146
vt 0.7151579857 0.3319700062
vt 0.7028750181 0.3445990086
vt 0.6920179725 0.3557620049
vt 0.7118139863 0.3526169956
vt 0.7229279876 0.3386510015
vt 0.7313899994 0.3444620073
vt 0.7289630175 0.3177750111
vt 0.7381529808 0.3083260059
vt 0.7427539825 0.312278986
vt 0.7349190116 0.322988987
vt 0.7479000092 0.315515995
vt 0.74150002 0.3273850083
vt 0.7536140084 0.3178220093
vt 0.7488340139 0.3307490051
vt 0.7405490279 0.349555999
vt 0.7320520282 0.3661560118
vt 0.756862998 0.3332180083
vt 0.7598199844 0.3192780018
vt 0.7664989829 0.3199909925
vt 0.7436699867 0.3716979921
vt 0.7364879847 0.3872950077
vt 0.7505999804 0.3537609875
vt 0.7615519762 0.3568539917
vt 0.7654989958 0.3349150121
vt 0.7563380003 0.3764939904
vt 0.7504119873 0.3938829899
vt 0.7733619809 0.3588950038
vt 0.7747600079 0.3355700076
vt 0.7735840082 0.3197329938
vt 0.7701749802 0.3802649975
vt 0.7806599736 0.3178760111
vt 0.7877550125 0.3146049976
vt 0.7949119806 0.332249999
vt 0.7844750285 0.3345769942
vt 0.7984759808 0.3586460054
vt 0.7857400179 0.359544009
vt 0.801165998 0.3816019893
vt 0.7851690054 0.3818430007
vt 0.6633579731 0.263372004
vt 0.6866260171 0.2745360136
vt 0.6653519869 0.2783159912
vt 0.6695060134 0.2920430005
vt 0.663154006 0.2473739982
vt 0.6856330037 0.2621810138
vt 0.6861770153 0.249424994
vt 0.6592609882 0.3121860027
vt 0.6746529937 0.3045729995
vt 0.6805149913 0.3160319924
vt 0.6889939904 0.286285013
vt 0.6968730092 0.3070769906
vt 0.6923900247 0.2971470058
vt 0.7127519846 0.2903150022
vt 0.7108150125 0.2817299962
vt 0.7099030018 0.272491008
vt 0.7106260061 0.2627519965
vt 0.7126610279 0.2522540092
vt 0.7274259925 0.2661010027
vt 0.7304990292 0.2589179873
vt 0.7257670164 0.2732259929
vt 0.7257059813 0.2803150117
vt 0.7266039848 0.2869719863
vt 0.1690769941 0.1681730002
vt 0.1875399947 0.179162994
vt 0.1598089933 0.1847960055
vt 0.1976339966 0.1569190025
vt 0.1467500031 0.1646630019
vt 0.1683560014 0.1502889991
vt 0.2027730048 0.138616994
vt 0.169712007 0.1337220073
vt 0.1489499956 0.1337220073
vt 0.148744002 0.1497199982
vt 0.1264709979 0.1485279948
vt 0.1259279996 0.1357720047
vt 0.1254789978 0.1608809978
vt 0.1425939947 0.1783879995
vt 0.1528349966 0.1985310018
vt 0.1374460012 0.1909150034
vt 0.1231099963 0.1726280004
vt 0.119713001 0.1834869981
vt 0.09935670346 0.1766539961
vt 0.1012940034 0.1680720001
vt 0.08639810234 0.166632995
vt 0.1022059992 0.1588349938
vt 0.0863372013 0.1595450044
vt 0.1014830023 0.1490990072
vt 0.09944629669 0.1386030018
vt 0.08467639983 0.1524209976
vt 0.08160140365 0.1452399939
vt 0.09062559903 0.2461519986
vt 0.09973409772 0.2593050003
vt 0.1102410033 0.2510620058
vt 0.1212389991 0.2640059888
vt 0.1200710014 0.2420949936
vt 0.1318230033 0.2541849911
vt 0.1439789981 0.2666909993
vt 0.1293140054 0.2325229943
vt 0.1100469977 0.2732419968
vt 0.1419399977 0.2438839972
vt 0.1328379959 0.2771970034
vt 0.08823479712 0.2667610049
vt 0.1212050021 0.2873019874
vt 0.09786210209 0.281870991
vt 0.156163007 0.2792249918
vt 0.1446990073 0.2902100086
vt 0.1547970027 0.2558529973
vt 0.1690790057 0.2925130129
vt 0.1674679965 0.2680779994
vt 0.1514900029 0.2329580039
vt 0.1652279943 0.244509995
vt 0.1378509998 0.2222539932
vt 0.1456310004 0.2109709978
vt 0.1604620069 0.2210229933
vt 0.1315820068 0.2023719996
vt 0.124962002 0.2127760053
vt 0.1174829975 0.222221002
vt 0.1098809987 0.2024269998
vt 0.1038369983 0.210721001
vt 0.1152290031 0.193415001
vt 0.09666559845 0.1846099943
vt 0.09309849888 0.1918440014
vt 0.08852019906 0.1982980072
vt 0.08387109637 0.1794530004
vt 0.08140619844 0.1851010025
vt 0.08549910039 0.1732899994
vt 0.5960339904 0.4332360029
vt 0.6167520285 0.4331499934
vt 0.6068000197 0.4433839917
vt 0.5871629715 0.4431270063
vt 0.6054480076 0.4225589931
vt 0.6176350117 0.4093439877
vt 0.5762760043 0.4340040088
vt 0.6057590246 0.3984909952
vt 0.6197829843 0.3835999966
vt 0.5845609903 0.4237090051
vt 0.5937430263 0.412450999
vt 0.6078540087 0.3717060089
vt 0.6223880053 0.3579730093
vt 0.593264997 0.3873760104
vt 0.6109579802 0.3446260095
vt 0.6266599894 0.3324219882
vt 0.5952280164 0.3589619994
vt 0.581092 0.4023860097
vt 0.5989890099 0.3299899995
vt 0.5797029734 0.3757269979
vt 0.5817070007 0.3452610075
vt 0.564850986 0.3635059893
vt 0.5669980049 0.3921020031
vt 0.5516200066 0.3818190098
vt 0.5582119823 0.4059129953
vt 0.5720810294 0.4146830142
vt 0.5512390137 0.4181630015
vt 0.5644990206 0.4257020056
vt 0.542617023 0.3972190022
vt 0.5341960192 0.3712800145
vt 0.5482879877 0.3502939939
vt 0.5250200033 0.3889699876
vt 0.5669879913 0.329847008
vt 0.5135020018 0.359822005
vt 0.5294439793 0.3353529871
vt 0.4875969887 0.3468640149
vt 0.5073649883 0.3175809979
vt 0.5041810274 0.3811829984
vt 0.4784620106 0.3740200102
vt 0.5511410236 0.312507987
vt 0.5334830284 0.2919639945
vt 0.5863729715 0.3135930002
vt 0.5730509758 0.2954379916
vt 0.5590699911 0.2739700079
vt 0.616280973 0.3174540102
vt 0.6429939866 0.3215380013
vt 0.6044589877 0.2989679873
vt 0.6343500018 0.3072229922
vt 0.5886449814 0.2835220098
vt 0.5778869987 0.2635999918
vt 0.6144670248 0.2705669999
vt 0.6093299985 0.252263993
vt 0.6245570183 0.2928130031
vt 0.6522889733 0.2984499931
vt 0.6430230141 0.281825006
vt 0.6437460184 0.26394099
vt 0.6423919797 0.2473739982
vt 0.02636080049 0.2458389997
vt 0.02763959952 0.2208770066
vt 0.0314369984 0.2041720003
vt 0.01362570003 0.2449339926
vt 0.01720610075 0.2185440063
vt 0.02434599958 0.2008939981
vt 0.01092370041 0.2678880095
vt 0.02692029998 0.268137008
vt 0.04191410169 0.2665669918
vt 0.02693320066 0.287755996
vt 0.01033500023 0.2886419892
vt 0.01429019962 0.3218280077
vt 0.04478989914 0.288985014
vt 0.03272990137 0.3172099888
vt 0.02473440021 0.3535790145
vt 0.06166860089 0.2801919878
vt 0.05525140092 0.3077520132
vt 0.0449510999 0.3433870077
vt 0.03457089886 0.3726809919
vt 0.06083799899 0.3280149996
vt 0.06993249804 0.2983689904
vt 0.0564244017 0.3593100011
vt 0.051837001 0.3987640142
vt 0.08448400348 0.2901319861
vt 0.07964959741 0.3167189956
vt 0.07494740188 0.3465059996
vt 0.0728700012 0.3816930056
vt 0.07670760155 0.4255949855
vt 0.0950948 0.4040249884
vt 0.1054230034 0.446179986
vt 0.09064870328 0.3663409948
vt 0.0916936025 0.3343569934
vt 0.09490340203 0.3067660034
vt 0.1064710021 0.3520610034
vt 0.1086490005 0.2970579863
vt 0.106660001 0.3228049874
vt 0.1203230023 0.3117550015
vt 0.1328999996 0.3010089993
vt 0.1575379968 0.3037669957
vt 0.145867005 0.315079987
vt 0.1336420029 0.326669991
vt 0.1205469966 0.3389320076
vt 0.7123519778 0.3729799986
vt 0.7214660048 0.3598290086
vt 0.7018460035 0.3647330105
vt 0.6908429861 0.3776749969
vt 0.7238489985 0.38044101
vt 0.7020329833 0.3869149983
vt 0.6802620292 0.3678500056
vt 0.679238975 0.3908630013
vt 0.6681010127 0.3803539872
vt 0.6827769876 0.3461869955
vt 0.6701470017 0.3575460017
vt 0.6559140086 0.3928839862
vt 0.6572859883 0.3695119917
vt 0.6742420197 0.3359149992
vt 0.6605989933 0.3466170132
vt 0.6871340275 0.3264389932
vt 0.6664639711 0.3246290088
vt 0.6468570232 0.3581660092
vt 0.6516289711 0.3346790075
vt 0.644611001 0.3817340136
vt 0.6367520094 0.3458890021
vt 0.6334840059 0.3702430129
vt 0.6314200163 0.3949489892
vt 0.6429939866 0.4061689973
vt 0.6673740149 0.4038729966
vt 0.6292150021 0.4203360081
vt 0.654531002 0.4174259901
vt 0.690869987 0.4009729922
vt 0.6791700125 0.4146760106
vt 0.7142159939 0.3955489993
vt 0.7034239769 0.4107320011
vt 0.7275919914 0.4038150012
vt 0.6917440295 0.4254260063
vt 0.7171660066 0.4204460084
vt 0.6661990285 0.4287430048
vt 0.6405249834 0.4316059947
vt 0.6784200072 0.4403370023
vt 0.6517040133 0.4431760013
vt 0.627654016 0.4441559911
vt 0.663161993 0.4553549886
vt 0.7054039836 0.436480999
vt 0.6915100217 0.4526030123
vt 0.7203660011 0.4480380118
vt 0.7055820227 0.4657369852
vt 0.7324169874 0.4304049909
vt 0.7213990092 0.4800229967
vt 0.7421410084 0.4120579958
vt 0.7371079922 0.4601939917
vt 0.7512230277 0.4417079985
vt 0.7014799714 0.4992829859
vt 0.6878119707 0.4830940068
vt 0.6751829982 0.4685879946
vt 0.6808940172 0.5139529705
vt 0.7568179965 0.4214470088
vt 0.6698740125 0.4968299866
vt 0.659168005 0.4817439914
vt 0.6484969854 0.4679409862
vt 0.6456069946 0.4909099936
vt 0.6547319889 0.5062569976
vt 0.6380839944 0.4555749893
vt 0.6364549994 0.477290988
vt 0.6270849705 0.4650659859
vt 0.6335560083 0.49822101
vt 0.6256510019 0.485175997
vt 0.6172429919 0.4538629949
vt 0.6170250177 0.4736349881
vt 0.6148920059 0.4932169914
vt 0.6063950062 0.4831439853
vt 0.6076030135 0.4630059898
vt 0.596889019 0.4734820127
vt 0.5975289941 0.4529159963
vt 0.5869339705 0.4638099968
vt 0.7851449847 0.401463002
vt 0.8017429709 0.4023559988
vt 0.7977730036 0.4355410039
vt 0.7672880292 0.4026829898
vt 0.779335022 0.4309149981
vt 0.7873160243 0.467287004
vt 0.7671040297 0.4570859969
vt 0.7774729729 0.4863840044
vt 0.7556250095 0.4730049968
vt 0.7601979971 0.5124610066
vt 0.7391719818 0.4953809977
vt 0.7353180051 0.5392799973
vt 0.7169389725 0.5177050233
vt 0.7065960169 0.5598549843
vt 0.6929230094 0.5343210101
vt 0.6718299985 0.5442309976
vt 0.6797059774 0.5697410107
vt 0.66346699 0.5236179829
vt 0.6516789794 0.550507009
vt 0.6547830105 0.5736060143
vt 0.6468420029 0.5307329893
vt 0.6406810284 0.5133789778
vt 0.6294919848 0.5547109842
vt 0.6289010048 0.5732539892
vt 0.6281909943 0.5369250178
vt 0.6258329749 0.5194000006
vt 0.6217030287 0.5046820045
vt 0.6082109809 0.5566949844
vt 0.6059650183 0.5697199702
vt 0.5779629946 0.5606319904
vt 0.5826280117 0.5494869947
vt 0.6059910059 0.5415449739
vt 0.5535039902 0.5475170016
vt 0.6105489731 0.5221350193
vt 0.5894489884 0.533739984
vt 0.5608410239 0.5372430086
vt 0.5414369702 0.5389840007
vt 0.5732439756 0.5278319716
vt 0.5512710214 0.5265529752
vt 0.5262889862 0.5261669755
vt 0.5969340205 0.5177929997
vt 0.612375021 0.5096330047
vt 0.6048899889 0.5033180118
vt 0.5845490098 0.5098170042
vt 0.5953249931 0.4948630035
vt 0.5619480014 0.5137889981
vt 0.5734350085 0.4994849861
vt 0.5851879716 0.4857339859
vt 0.5383819938 0.5137320161
vt 0.5503330231 0.5014449954
vt 0.562680006 0.488748014
vt 0.5751039982 0.4759739935
vt 0.5252079964 0.5012059808
vt 0.5130550265 0.5113819838
vt 0.537669003 0.4901770055
vt 0.5516480207 0.4782960117
vt 0.5142549872 0.4919370115
vt 0.5041890144 0.4995569885
vt 0.5233169794 0.4792760015
vt 0.5014089942 0.4704979956
vt 0.4903979897 0.4754720032
vt 0.5410100222 0.4674740136
vt 0.5169600248 0.4632419944
vt 0.493490994 0.4451250136
vt 0.4805339873 0.4477330148
vt 0.4763639867 0.4249030054
vt 0.5086979866 0.4469229877
vt 0.4948830009 0.4237970114
vt 0.4752910137 0.3990400136
vt 0.5326930285 0.4553160071
vt 0.5279740095 0.4418269992
vt 0.512699008 0.4246029854
vt 0.4984680116 0.4015009999
vt 0.518369019 0.4057860076
vt 0.5302820206 0.4264729917
vt 0.5358880162 0.411462009
vt 0.5404199958 0.4396530092
vt 0.5451099873 0.4301910102
vt 0.5469419956 0.4469589889
vt 0.5567610264 0.4366810024
vt 0.5556600094 0.4562869966
vt 0.5670660138 0.4448949993
vt 0.5650669932 0.4661659896
vt 0.5769889951 0.4541279972
vt 0.1603569984 0.3295170069
vt 0.171540007 0.3179509938
vt 0.1828529984 0.3066839874
vt 0.1488949955 0.3416930139
vt 0.1806550026 0.2812960148
vt 0.1953119934 0.319501996
vt 0.1844079942 0.3305050135
vt 0.1739740074 0.3419210017
vt 0.1944359988 0.2956950068
vt 0.1785980016 0.2565900087
vt 0.192295 0.2699509859
vt 0.1753360033 0.2322359979
vt 0.189695999 0.2443230003
vt 0.1690990031 0.2078849971
vt 0.1854300052 0.2187719941
vt 0.2011290044 0.2309779972
vt 0.2042270005 0.258058995
vt 0.2063149959 0.2848449945
vt 0.2066199929 0.3089140058
vt 0.2188120037 0.27373299
vt 0.2168560028 0.2453179955
vt 0.2183279991 0.2988080084
vt 0.2323769927 0.2620869875
vt 0.2160319984 0.3195930123
vt 0.2309820056 0.2887459993
vt 0.2275069952 0.3100689948
vt 0.2399909943 0.3010450006
vt 0.2450789958 0.2784650028
vt 0.2538619936 0.2922790051
vt 0.2604599893 0.268186003
vt 0.247232005 0.2498690039
vt 0.2608320117 0.304531008
vt 0.2303790003 0.2316199988
vt 0.2694599926 0.2835879922
vt 0.2778860033 0.2576490045
vt 0.2637979984 0.2366600037
vt 0.2131009996 0.2163459957
vt 0.2451030016 0.2162089944
vt 0.1958120018 0.203805998
vt 0.2257200032 0.1999509931
vt 0.1777449995 0.1935719997
vt 0.2076379955 0.1853220016
vt 0.2609530091 0.198872
vt 0.2390449941 0.1817979962
vt 0.2786149979 0.178332001
vt 0.2530309856 0.1603319943
vt 0.3047290146 0.2039539963
vt 0.2234539986 0.169878006
vt 0.2342160046 0.1499579996
vt 0.2826460004 0.2217220068
vt 0.3244920075 0.2332420051
vt 0.2985840142 0.2461950034
vt 0.3079000115 0.2675589919
vt 0.3336220086 0.2603999972
vt 0.2870599926 0.2753419876
vt 0.3136099875 0.2878789902
vt 0.3367879987 0.2854219973
vt 0.2937070131 0.2921600044
vt 0.2761859894 0.2978329957
vt 0.3171879947 0.3101800084
vt 0.3357079923 0.3112840056
vt 0.2993699908 0.3109819889
vt 0.2817879915 0.312846005
vt 0.2669590116 0.3165610135
vt 0.3185389936 0.3315339983
vt 0.3315190077 0.3341090083
vt 0.3216199875 0.3618389964
vt 0.3033230007 0.3333239853
vt 0.3106069863 0.3568679988
vt 0.2977719903 0.3782730103
vt 0.3078280091 0.3859240115
vt 0.2989889979 0.3977659941
vt 0.2887110114 0.3656179905
vt 0.2868419886 0.3875820041
vt 0.2857550085 0.4125500023
vt 0.2950429916 0.3496110141
vt 0.284088999 0.328204006
vt 0.2793650031 0.3416900039
vt 0.2716470063 0.3260250092
vt 0.2651239932 0.3333309889
vt 0.2710469961 0.3538450003
vt 0.2743830085 0.376549989
vt 0.2564019859 0.3426559865
vt 0.2553060055 0.3230490088
vt 0.2604080141 0.3646680117
vt 0.2449979931 0.3312599957
vt 0.2475699931 0.3120670021
vt 0.2357909977 0.3203659952
vt 0.2469909936 0.3525339961
vt 0.2350720018 0.3404920101
vt 0.2249000072 0.3294869959
vt 0.2052630037 0.3297390044
vt 0.2145310044 0.3392739892
vt 0.1948159933 0.3402149975
vt 0.2044540048 0.3493610024
vt 0.2251230031 0.3501709998
vt 0.2369509935 0.36233899
vt 0.2151650041 0.3598409891
vt 0.195028007 0.359988004
vt 0.2493720055 0.3751190007
vt 0.2268639952 0.3720979989
vt 0.2056560069 0.3695009947
vt 0.1849700063 0.3514159918
vt 0.1863970011 0.3715279996
vt 0.1755950004 0.3636380136
vt 0.163556993 0.3542850018
vt 0.1784880012 0.3845700026
vt 0.1368689984 0.3549219966
vt 0.1664389968 0.3772549927
vt 0.1528799981 0.3680830002
vt 0.1242349967 0.3694249988
vt 0.1421680003 0.3831669986
vt 0.1573079973 0.3925999999
vt 0.1311420053 0.400285989
vt 0.1105609983 0.3856090009
vt 0.1191049963 0.4206509888
vt 0.148567006 0.409958005
vt 0.1401959956 0.4305689931
vt 0.132310003 0.4560770094
vt 0.1713570058 0.3997269869
vt 0.165188998 0.4170799851
vt 0.160345003 0.4368529916
vt 0.1572320014 0.4599510133
vt 0.1825349927 0.4410620034
vt 0.1831129938 0.4596059918
vt 0.1838420033 0.4232749939
vt 0.1862049997 0.4057529867
vt 0.190338999 0.3910360038
vt 0.2038419992 0.4430199862
vt 0.2060479969 0.4560669959
vt 0.2340459973 0.4469589889
vt 0.2060630023 0.4278610051
vt 0.2293899953 0.4358089864
vt 0.2511509955 0.4235880077
vt 0.2585130036 0.4338569939
vt 0.2705999911 0.4253579974
vt 0.2387579978 0.4141719937
vt 0.2607659996 0.4129270017
vt 0.2225790024 0.4200469851
vt 0.2014909983 0.4084889889
vt 0.2151059955 0.4041500092
vt 0.1996670067 0.3959900141
vt 0.2071540058 0.3896769881
vt 0.2274910063 0.3961809874
vt 0.1971549988 0.3795720041
vt 0.216722995 0.3812240064
vt 0.2386119962 0.3858529925
vt 0.250093013 0.4001600146
vt 0.2617169917 0.3878200054
vt 0.2736650109 0.4001120031
# mm_gid 23
g mmGroup23
usemtl Head1Mtl
f 1/1/1 2/2/2 3/3/3 
f 2/2/2 1/1/1 4/4/4 
f 2/2/2 5/5/5 3/3/3 
f 3/3/3 6/6/6 1/1/1 
f 6/6/6 3/3/3 7/7/7 
f 3/3/3 8/8/8 7/7/7 
f 8/8/8 3/3/3 5/5/5 
f 7/7/7 9/9/9 6/6/6 
f 7/7/7 8/8/8 9/9/9 
f 10/10/10 1/1/1 6/6/6 
f 6/6/6 9/9/9 11/11/11 
f 6/6/6 11/11/11 10/10/10 
f 1/1/1 10/10/10 12/12/12 
f 12/12/12 4/4/4 1/1/1 
f 13/13/13 12/12/12 10/10/10 
f 10/10/10 11/11/11 14/14/14 
f 13/13/13 10/10/10 14/14/14 
f 9/9/9 15/15/15 11/11/11 
f 11/11/11 16/16/16 14/14/14 
f 11/11/11 15/15/15 16/16/16 
f 9/9/9 17/17/17 15/15/15 
f 8/8/8 17/17/17 9/9/9 
f 8/8/8 18/18/18 17/17/17 
f 5/5/5 18/18/18 8/8/8 
f 17/17/17 19/19/19 15/15/15 
f 15/15/15 20/20/20 16/16/16 
f 15/15/15 19/19/19 20/20/20 
f 17/17/17 21/21/21 19/19/19 
f 18/18/18 21/21/21 17/17/17 
f 19/19/19 22/22/22 20/20/20 
f 23/23/23 21/21/21 18/18/18 
f 21/21/21 24/24/24 19/19/19 
f 19/19/19 24/24/24 22/22/22 
f 25/25/25 24/24/24 21/21/21 
f 25/25/25 21/21/21 23/23/23 
f 26/26/26 27/27/27 28/28/28 
f 29/29/29 27/27/27 30/30/30 
f 30/30/30 31/31/31 29/29/29 
f 32/32/32 28/28/28 27/27/27 
f 27/27/27 29/29/29 32/32/32 
f 33/33/33 29/29/29 31/31/31 
f 33/33/33 31/31/31 34/34/34 
f 29/29/29 33/33/33 35/35/35 
f 35/35/35 32/32/32 29/29/29 
f 36/36/36 35/35/35 33/33/33 
f 36/36/36 33/33/33 34/34/34 
f 35/35/35 36/36/36 37/37/37 
f 38/38/38 36/36/36 34/34/34 
f 38/38/38 37/37/37 36/36/36 
f 32/32/32 35/35/35 39/39/39 
f 37/37/37 39/39/39 35/35/35 
f 28/28/28 32/32/32 40/40/40 
f 39/39/39 40/40/40 32/32/32 
f 40/40/40 41/41/41 28/28/28 
f 41/41/41 40/40/40 42/42/42 
f 40/40/40 43/43/43 42/42/42 
f 40/40/40 39/39/39 43/43/43 
f 44/44/44 42/42/42 43/43/43 
f 39/39/39 37/37/37 45/45/45 
f 45/45/45 43/43/43 39/39/39 
f 44/44/44 43/43/43 46/46/46 
f 43/43/43 45/45/45 46/46/46 
f 47/47/47 44/44/44 46/46/46 
f 45/45/45 37/37/37 48/48/48 
f 48/48/48 46/46/46 45/45/45 
f 47/47/47 46/46/46 49/49/49 
f 46/46/46 48/48/48 49/49/49 
f 49/49/49 50/50/50 47/47/47 
f 48/48/48 37/37/37 51/51/51 
f 37/37/37 38/38/38 51/51/51 
f 52/52/52 49/49/49 48/48/48 
f 48/48/48 51/51/51 52/52/52 
f 50/50/50 49/49/49 53/53/53 
f 49/49/49 52/52/52 53/53/53 
f 53/53/53 54/54/54 50/50/50 
f 54/54/54 53/53/53 55/55/55 
f 53/53/53 56/56/56 55/55/55 
f 56/56/56 53/53/53 52/52/52 
f 57/57/57 55/55/55 56/56/56 
f 52/52/52 51/51/51 58/58/58 
f 52/52/52 58/58/58 56/56/56 
f 59/59/59 57/57/57 56/56/56 
f 56/56/56 58/58/58 59/59/59 
f 57/57/57 59/59/59 60/60/60 
f 59/59/59 61/61/61 60/60/60 
f 61/61/61 59/59/59 62/62/62 
f 58/58/58 62/62/62 59/59/59 
f 61/61/61 62/62/62 34/34/34 
f 51/51/51 63/63/63 58/58/58 
f 62/62/62 58/58/58 63/63/63 
f 62/62/62 63/63/63 34/34/34 
f 63/63/63 51/51/51 38/38/38 
f 63/63/63 38/38/38 34/34/34 
f 64/64/64 65/65/65 66/66/66 
f 67/67/67 68/68/68 69/69/69 
f 67/67/67 65/65/65 68/68/68 
f 65/65/65 64/64/64 70/70/70 
f 70/70/70 68/68/68 65/65/65 
f 71/71/71 70/70/70 64/64/64 
f 69/69/69 68/68/68 72/72/72 
f 69/69/69 72/72/72 73/73/73 
f 68/68/68 70/70/70 74/74/74 
f 68/68/68 74/74/74 72/72/72 
f 70/70/70 71/71/71 75/75/75 
f 75/75/75 74/74/74 70/70/70 
f 76/76/76 75/75/75 71/71/71 
f 73/73/73 72/72/72 77/77/77 
f 77/77/77 78/78/78 73/73/73 
f 78/78/78 77/77/77 79/79/79 
f 72/72/72 80/80/80 77/77/77 
f 72/72/72 74/74/74 80/80/80 
f 77/77/77 81/81/81 79/79/79 
f 77/77/77 80/80/80 81/81/81 
f 82/82/82 79/79/79 81/81/81 
f 83/83/83 79/79/79 82/82/82 
f 74/74/74 84/84/84 80/80/80 
f 74/74/74 75/75/75 84/84/84 
f 80/80/80 85/85/85 81/81/81 
f 80/80/80 84/84/84 85/85/85 
f 81/81/81 85/85/85 86/86/86 
f 81/81/81 86/86/86 82/82/82 
f 87/87/87 83/83/83 82/82/82 
f 88/88/88 83/83/83 87/87/87 
f 89/89/89 82/82/82 86/86/86 
f 87/87/87 82/82/82 89/89/89 
f 87/87/87 90/90/90 88/88/88 
f 91/91/91 88/88/88 90/90/90 
f 92/92/92 87/87/87 89/89/89 
f 90/90/90 87/87/87 92/92/92 
f 90/90/90 93/93/93 91/91/91 
f 41/41/41 91/91/91 93/93/93 
f 94/94/94 90/90/90 92/92/92 
f 93/93/93 90/90/90 94/94/94 
f 92/92/92 89/89/89 95/95/95 
f 93/93/93 28/28/28 41/41/41 
f 94/94/94 92/92/92 96/96/96 
f 96/96/96 92/92/92 95/95/95 
f 94/94/94 26/26/26 93/93/93 
f 28/28/28 93/93/93 26/26/26 
f 97/97/97 94/94/94 96/96/96 
f 26/26/26 94/94/94 97/97/97 
f 95/95/95 89/89/89 98/98/98 
f 86/86/86 98/98/98 89/89/89 
f 98/98/98 99/99/99 95/95/95 
f 86/86/86 100/100/100 98/98/98 
f 100/100/100 99/99/99 98/98/98 
f 85/85/85 100/100/100 86/86/86 
f 85/85/85 101/101/101 100/100/100 
f 84/84/84 101/101/101 85/85/85 
f 101/101/101 102/102/102 100/100/100 
f 99/99/99 100/100/100 102/102/102 
f 84/84/84 103/103/103 101/101/101 
f 103/103/103 84/84/84 75/75/75 
f 75/75/75 76/76/76 103/103/103 
f 103/103/103 104/104/104 101/101/101 
f 102/102/102 101/101/101 104/104/104 
f 76/76/76 105/105/105 103/103/103 
f 104/104/104 103/103/103 105/105/105 
f 105/105/105 76/76/76 106/106/106 
f 107/107/107 105/105/105 106/106/106 
f 105/105/105 107/107/107 108/108/108 
f 108/108/108 104/104/104 105/105/105 
f 108/108/108 107/107/107 34/34/34 
f 104/104/104 108/108/108 109/109/109 
f 104/104/104 109/109/109 102/102/102 
f 109/109/109 108/108/108 34/34/34 
f 102/102/102 109/109/109 110/110/110 
f 102/102/102 110/110/110 99/99/99 
f 110/110/110 109/109/109 34/34/34 
f 99/99/99 110/110/110 111/111/111 
f 111/111/111 110/110/110 34/34/34 
f 99/99/99 111/111/111 112/112/112 
f 95/95/95 99/99/99 112/112/112 
f 95/95/95 112/112/112 96/96/96 
f 113/113/113 112/112/112 111/111/111 
f 113/113/113 111/111/111 34/34/34 
f 96/96/96 112/112/112 114/114/114 
f 114/114/114 112/112/112 113/113/113 
f 96/96/96 114/114/114 97/97/97 
f 115/115/115 114/114/114 113/113/113 
f 115/115/115 113/113/113 34/34/34 
f 97/97/97 114/114/114 116/116/116 
f 114/114/114 115/115/115 116/116/116 
f 97/97/97 116/116/116 117/117/117 
f 97/97/97 117/117/117 26/26/26 
f 116/116/116 115/115/115 118/118/118 
f 118/118/118 115/115/115 34/34/34 
f 116/116/116 118/118/118 119/119/119 
f 117/117/117 116/116/116 119/119/119 
f 119/119/119 118/118/118 120/120/120 
f 120/120/120 118/118/118 34/34/34 
f 121/121/121 119/119/119 120/120/120 
f 121/121/121 120/120/120 34/34/34 
f 119/119/119 121/121/121 30/30/30 
f 30/30/30 117/117/117 119/119/119 
f 31/31/31 30/30/30 121/121/121 
f 31/31/31 121/121/121 34/34/34 
f 117/117/117 30/30/30 27/27/27 
f 27/27/27 26/26/26 117/117/117 
f 122/122/122 123/123/123 124/124/124 
f 123/123/123 125/125/125 126/126/126 
f 126/126/126 124/124/124 123/123/123 
f 127/127/127 126/126/126 125/125/125 
f 127/127/127 125/125/125 128/128/128 
f 126/126/126 127/127/127 129/129/129 
f 122/122/122 130/130/130 131/131/131 
f 130/130/130 132/132/132 131/131/131 
f 130/130/130 122/122/122 133/133/133 
f 124/124/124 133/133/133 122/122/122 
f 132/132/132 130/130/130 134/134/134 
f 134/134/134 135/135/135 132/132/132 
f 133/133/133 136/136/136 130/130/130 
f 136/136/136 134/134/134 130/130/130 
f 124/124/124 126/126/126 137/137/137 
f 129/129/129 137/137/137 126/126/126 
f 133/133/133 124/124/124 138/138/138 
f 137/137/137 138/138/138 124/124/124 
f 136/136/136 133/133/133 139/139/139 
f 138/138/138 139/139/139 133/133/133 
f 138/138/138 137/137/137 140/140/140 
f 139/139/139 138/138/138 141/141/141 
f 141/141/141 138/138/138 140/140/140 
f 142/142/142 140/140/140 137/137/137 
f 137/137/137 129/129/129 142/142/142 
f 140/140/140 143/143/143 141/141/141 
f 140/140/140 142/142/142 144/144/144 
f 144/144/144 143/143/143 140/140/140 
f 142/142/142 129/129/129 145/145/145 
f 145/145/145 144/144/144 142/142/142 
f 145/145/145 129/129/129 146/146/146 
f 144/144/144 145/145/145 147/147/147 
f 129/129/129 148/148/148 146/146/146 
f 148/148/148 129/129/129 127/127/127 
f 148/148/148 127/127/127 128/128/128 
f 149/149/149 146/146/146 148/148/148 
f 149/149/149 148/148/148 128/128/128 
f 145/145/145 146/146/146 150/150/150 
f 150/150/150 147/147/147 145/145/145 
f 146/146/146 149/149/149 151/151/151 
f 150/150/150 146/146/146 151/151/151 
f 152/152/152 149/149/149 128/128/128 
f 152/152/152 151/151/151 149/149/149 
f 153/153/153 152/152/152 128/128/128 
f 154/154/154 152/152/152 153/153/153 
f 152/152/152 154/154/154 155/155/155 
f 151/151/151 152/152/152 155/155/155 
f 156/156/156 155/155/155 154/154/154 
f 157/157/157 151/151/151 155/155/155 
f 157/157/157 155/155/155 156/156/156 
f 150/150/150 151/151/151 157/157/157 
f 158/158/158 157/157/157 156/156/156 
f 157/157/157 159/159/159 150/150/150 
f 147/147/147 150/150/150 159/159/159 
f 157/157/157 158/158/158 160/160/160 
f 159/159/159 157/157/157 160/160/160 
f 158/158/158 161/161/161 160/160/160 
f 161/161/161 158/158/158 162/162/162 
f 163/163/163 161/161/161 162/162/162 
f 164/164/164 160/160/160 161/161/161 
f 160/160/160 164/164/164 159/159/159 
f 161/161/161 163/163/163 165/165/165 
f 166/166/166 165/165/165 163/163/163 
f 161/161/161 167/167/167 164/164/164 
f 167/167/167 161/161/161 165/165/165 
f 165/165/165 166/166/166 168/168/168 
f 168/168/168 167/167/167 165/165/165 
f 169/169/169 168/168/168 166/166/166 
f 170/170/170 159/159/159 164/164/164 
f 159/159/159 170/170/170 147/147/147 
f 171/171/171 164/164/164 167/167/167 
f 164/164/164 171/171/171 170/170/170 
f 168/168/168 169/169/169 172/172/172 
f 172/172/172 169/169/169 173/173/173 
f 167/167/167 168/168/168 174/174/174 
f 172/172/172 174/174/174 168/168/168 
f 167/167/167 175/175/175 171/171/171 
f 175/175/175 167/167/167 174/174/174 
f 174/174/174 172/172/172 176/176/176 
f 176/176/176 175/175/175 174/174/174 
f 173/173/173 177/177/177 172/172/172 
f 176/176/176 172/172/172 177/177/177 
f 178/178/178 177/177/177 173/173/173 
f 178/178/178 179/179/179 177/177/177 
f 178/178/178 180/180/180 179/179/179 
f 177/177/177 181/181/181 176/176/176 
f 179/179/179 181/181/181 177/177/177 
f 181/181/181 182/182/182 176/176/176 
f 175/175/175 176/176/176 182/182/182 
f 183/183/183 179/179/179 180/180/180 
f 180/180/180 184/184/184 183/183/183 
f 179/179/179 185/185/185 181/181/181 
f 179/179/179 183/183/183 185/185/185 
f 184/184/184 186/186/186 183/183/183 
f 187/187/187 186/186/186 184/184/184 
f 183/183/183 188/188/188 185/185/185 
f 186/186/186 188/188/188 183/183/183 
f 185/185/185 189/189/189 181/181/181 
f 182/182/182 181/181/181 189/189/189 
f 188/188/188 190/190/190 185/185/185 
f 189/189/189 185/185/185 190/190/190 
f 188/188/188 191/191/191 190/190/190 
f 189/189/189 190/190/190 191/191/191 
f 186/186/186 192/192/192 188/188/188 
f 191/191/191 188/188/188 192/192/192 
f 191/191/191 193/193/193 189/189/189 
f 182/182/182 189/189/189 193/193/193 
f 192/192/192 194/194/194 191/191/191 
f 194/194/194 193/193/193 191/191/191 
f 195/195/195 196/196/196 197/197/197 
f 197/197/197 198/198/198 195/195/195 
f 198/198/198 199/199/199 195/195/195 
f 200/200/200 201/201/201 202/202/202 
f 200/200/200 202/202/202 203/203/203 
f 201/201/201 204/204/204 205/205/205 
f 202/202/202 201/201/201 205/205/205 
f 205/205/205 204/204/204 206/206/206 
f 204/204/204 196/196/196 206/206/206 
f 203/203/203 202/202/202 207/207/207 
f 208/208/208 203/203/203 207/207/207 
f 202/202/202 205/205/205 209/209/209 
f 202/202/202 209/209/209 207/207/207 
f 210/210/210 208/208/208 207/207/207 
f 211/211/211 208/208/208 210/210/210 
f 207/207/207 209/209/209 212/212/212 
f 207/207/207 212/212/212 210/210/210 
f 209/209/209 205/205/205 213/213/213 
f 205/205/205 206/206/206 213/213/213 
f 212/212/212 209/209/209 214/214/214 
f 209/209/209 213/213/213 214/214/214 
f 210/210/210 212/212/212 215/215/215 
f 210/210/210 216/216/216 211/211/211 
f 216/216/216 210/210/210 215/215/215 
f 217/217/217 211/211/211 216/216/216 
f 214/214/214 218/218/218 212/212/212 
f 215/215/215 212/212/212 218/218/218 
f 216/216/216 219/219/219 217/217/217 
f 217/217/217 219/219/219 220/220/220 
f 215/215/215 221/221/221 216/216/216 
f 219/219/219 216/216/216 221/221/221 
f 219/219/219 222/222/222 220/220/220 
f 220/220/220 222/222/222 223/223/223 
f 222/222/222 224/224/224 223/223/223 
f 222/222/222 219/219/219 225/225/225 
f 221/221/221 225/225/225 219/219/219 
f 222/222/222 226/226/226 224/224/224 
f 225/225/225 226/226/226 222/222/222 
f 226/226/226 227/227/227 224/224/224 
f 221/221/221 228/228/228 225/225/225 
f 226/226/226 225/225/225 228/228/228 
f 227/227/227 226/226/226 229/229/229 
f 226/226/226 228/228/228 229/229/229 
f 229/229/229 230/230/230 227/227/227 
f 230/230/230 229/229/229 231/231/231 
f 228/228/228 231/231/231 229/229/229 
f 230/230/230 231/231/231 232/232/232 
f 231/231/231 233/233/233 232/232/232 
f 231/231/231 228/228/228 234/234/234 
f 233/233/233 231/231/231 235/235/235 
f 234/234/234 235/235/235 231/231/231 
f 235/235/235 236/236/236 233/233/233 
f 228/228/228 221/221/221 237/237/237 
f 237/237/237 234/234/234 228/228/228 
f 215/215/215 237/237/237 221/221/221 
f 236/236/236 235/235/235 238/238/238 
f 236/236/236 238/238/238 239/239/239 
f 235/235/235 234/234/234 240/240/240 
f 240/240/240 238/238/238 235/235/235 
f 237/237/237 215/215/215 241/241/241 
f 218/218/218 241/241/241 215/215/215 
f 234/234/234 237/237/237 242/242/242 
f 241/241/241 242/242/242 237/237/237 
f 234/234/234 243/243/243 240/240/240 
f 243/243/243 234/234/234 242/242/242 
f 242/242/242 241/241/241 244/244/244 
f 242/242/242 245/245/245 243/243/243 
f 245/245/245 242/242/242 244/244/244 
f 241/241/241 246/246/246 244/244/244 
f 241/241/241 218/218/218 246/246/246 
f 246/246/246 245/245/245 244/244/244 
f 218/218/218 247/247/247 246/246/246 
f 218/218/218 214/214/214 247/247/247 
f 245/245/245 246/246/246 248/248/248 
f 247/247/247 248/248/248 246/246/246 
f 245/245/245 249/249/249 243/243/243 
f 249/249/249 240/240/240 243/243/243 
f 248/248/248 250/250/250 245/245/245 
f 249/249/249 245/245/245 250/250/250 
f 240/240/240 249/249/249 251/251/251 
f 238/238/238 240/240/240 251/251/251 
f 252/252/252 249/249/249 250/250/250 
f 252/252/252 251/251/251 249/249/249 
f 238/238/238 251/251/251 253/253/253 
f 238/238/238 253/253/253 239/239/239 
f 254/254/254 239/239/239 253/253/253 
f 251/251/251 255/255/255 253/253/253 
f 251/251/251 252/252/252 255/255/255 
f 254/254/254 253/253/253 256/256/256 
f 256/256/256 253/253/253 255/255/255 
f 257/257/257 254/254/254 256/256/256 
f 255/255/255 258/258/258 256/256/256 
f 255/255/255 252/252/252 258/258/258 
f 257/257/257 256/256/256 259/259/259 
f 259/259/259 256/256/256 258/258/258 
f 260/260/260 257/257/257 259/259/259 
f 260/260/260 259/259/259 55/55/55 
f 55/55/55 57/57/57 260/260/260 
f 258/258/258 54/54/54 259/259/259 
f 55/55/55 259/259/259 54/54/54 
f 252/252/252 261/261/261 258/258/258 
f 54/54/54 258/258/258 261/261/261 
f 252/252/252 262/262/262 261/261/261 
f 250/250/250 262/262/262 252/252/252 
f 261/261/261 50/50/50 54/54/54 
f 263/263/263 262/262/262 250/250/250 
f 250/250/250 248/248/248 263/263/263 
f 262/262/262 264/264/264 261/261/261 
f 261/261/261 264/264/264 50/50/50 
f 262/262/262 263/263/263 265/265/265 
f 265/265/265 264/264/264 262/262/262 
f 266/266/266 263/263/263 248/248/248 
f 248/248/248 247/247/247 266/266/266 
f 267/267/267 265/265/265 263/263/263 
f 263/263/263 266/266/266 267/267/267 
f 268/268/268 266/266/266 247/247/247 
f 214/214/214 268/268/268 247/247/247 
f 214/214/214 213/213/213 268/268/268 
f 266/266/266 268/268/268 269/269/269 
f 269/269/269 267/267/267 266/266/266 
f 213/213/213 270/270/270 268/268/268 
f 270/270/270 269/269/269 268/268/268 
f 213/213/213 206/206/206 270/270/270 
f 267/267/267 269/269/269 271/271/271 
f 265/265/265 267/267/267 272/272/272 
f 271/271/271 272/272/272 267/267/267 
f 273/273/273 271/271/271 269/269/269 
f 269/269/269 270/270/270 273/273/273 
f 272/272/272 271/271/271 274/274/274 
f 272/272/272 275/275/275 265/265/265 
f 264/264/264 265/265/265 275/275/275 
f 275/275/275 272/272/272 276/276/276 
f 272/272/272 274/274/274 276/276/276 
f 264/264/264 275/275/275 47/47/47 
f 264/264/264 47/47/47 50/50/50 
f 276/276/276 44/44/44 275/275/275 
f 275/275/275 44/44/44 47/47/47 
f 277/277/277 274/274/274 271/271/271 
f 271/271/271 273/273/273 277/277/277 
f 276/276/276 274/274/274 278/278/278 
f 42/42/42 44/44/44 276/276/276 
f 278/278/278 42/42/42 276/276/276 
f 279/279/279 278/278/278 274/274/274 
f 274/274/274 277/277/277 279/279/279 
f 42/42/42 278/278/278 41/41/41 
f 278/278/278 279/279/279 91/91/91 
f 91/91/91 41/41/41 278/278/278 
f 277/277/277 280/280/280 279/279/279 
f 279/279/279 88/88/88 91/91/91 
f 279/279/279 280/280/280 88/88/88 
f 277/277/277 281/281/281 280/280/280 
f 273/273/273 281/281/281 277/277/277 
f 281/281/281 273/273/273 282/282/282 
f 270/270/270 282/282/282 273/273/273 
f 281/281/281 283/283/283 280/280/280 
f 83/83/83 88/88/88 280/280/280 
f 280/280/280 283/283/283 83/83/83 
f 281/281/281 284/284/284 283/283/283 
f 282/282/282 284/284/284 281/281/281 
f 283/283/283 79/79/79 83/83/83 
f 282/282/282 270/270/270 285/285/285 
f 284/284/284 78/78/78 283/283/283 
f 79/79/79 283/283/283 78/78/78 
f 284/284/284 282/282/282 286/286/286 
f 285/285/285 286/286/286 282/282/282 
f 78/78/78 284/284/284 287/287/287 
f 286/286/286 287/287/287 284/284/284 
f 285/285/285 270/270/270 288/288/288 
f 206/206/206 288/288/288 270/270/270 
f 288/288/288 206/206/206 196/196/196 
f 196/196/196 195/195/195 288/288/288 
f 289/289/289 288/288/288 195/195/195 
f 288/288/288 289/289/289 285/285/285 
f 199/199/199 289/289/289 195/195/195 
f 286/286/286 285/285/285 290/290/290 
f 290/290/290 285/285/285 289/289/289 
f 289/289/289 199/199/199 291/291/291 
f 291/291/291 290/290/290 289/289/289 
f 292/292/292 291/291/291 199/199/199 
f 290/290/290 293/293/293 286/286/286 
f 287/287/287 286/286/286 293/293/293 
f 290/290/290 291/291/291 294/294/294 
f 293/293/293 290/290/290 294/294/294 
f 291/291/291 292/292/292 295/295/295 
f 295/295/295 294/294/294 291/291/291 
f 296/296/296 295/295/295 292/292/292 
f 294/294/294 295/295/295 297/297/297 
f 295/295/295 296/296/296 298/298/298 
f 295/295/295 298/298/298 297/297/297 
f 296/296/296 299/299/299 298/298/298 
f 300/300/300 294/294/294 297/297/297 
f 294/294/294 300/300/300 293/293/293 
f 298/298/298 300/300/300 297/297/297 
f 299/299/299 301/301/301 298/298/298 
f 300/300/300 298/298/298 301/301/301 
f 301/301/301 299/299/299 302/302/302 
f 299/299/299 303/303/303 302/302/302 
f 300/300/300 301/301/301 304/304/304 
f 302/302/302 304/304/304 301/301/301 
f 305/305/305 293/293/293 300/300/300 
f 304/304/304 305/305/305 300/300/300 
f 293/293/293 305/305/305 287/287/287 
f 304/304/304 69/69/69 305/305/305 
f 73/73/73 287/287/287 305/305/305 
f 305/305/305 69/69/69 73/73/73 
f 287/287/287 73/73/73 78/78/78 
f 304/304/304 302/302/302 306/306/306 
f 306/306/306 69/69/69 304/304/304 
f 302/302/302 307/307/307 306/306/306 
f 307/307/307 302/302/302 303/303/303 
f 303/303/303 308/308/308 307/307/307 
f 308/308/308 309/309/309 307/307/307 
f 307/307/307 309/309/309 310/310/310 
f 307/307/307 310/310/310 306/306/306 
f 66/66/66 310/310/310 309/309/309 
f 69/69/69 306/306/306 67/67/67 
f 306/306/306 310/310/310 67/67/67 
f 310/310/310 66/66/66 65/65/65 
f 65/65/65 67/67/67 310/310/310 
f 311/311/311 312/312/312 313/313/313 
f 312/312/312 311/311/311 314/314/314 
f 315/315/315 314/314/314 311/311/311 
f 316/316/316 312/312/312 317/317/317 
f 314/314/314 317/317/317 312/312/312 
f 315/315/315 318/318/318 314/314/314 
f 319/319/319 318/318/318 315/315/315 
f 317/317/317 314/314/314 320/320/320 
f 318/318/318 320/320/320 314/314/314 
f 316/316/316 317/317/317 321/321/321 
f 322/322/322 316/316/316 321/321/321 
f 319/319/319 323/323/323 318/318/318 
f 324/324/324 323/323/323 319/319/319 
f 323/323/323 325/325/325 318/318/318 
f 318/318/318 325/325/325 320/320/320 
f 323/323/323 324/324/324 326/326/326 
f 327/327/327 326/326/326 324/324/324 
f 323/323/323 328/328/328 325/325/325 
f 326/326/326 328/328/328 323/323/323 
f 329/329/329 325/325/325 328/328/328 
f 328/328/328 326/326/326 330/330/330 
f 328/328/328 330/330/330 329/329/329 
f 326/326/326 327/327/327 331/331/331 
f 331/331/331 330/330/330 326/326/326 
f 327/327/327 332/332/332 331/331/331 
f 332/332/332 327/327/327 333/333/333 
f 330/330/330 331/331/331 334/334/334 
f 335/335/335 331/331/331 332/332/332 
f 331/331/331 335/335/335 334/334/334 
f 333/333/333 336/336/336 332/332/332 
f 336/336/336 333/333/333 337/337/337 
f 332/332/332 338/338/338 335/335/335 
f 338/338/338 332/332/332 336/336/336 
f 330/330/330 334/334/334 339/339/339 
f 329/329/329 330/330/330 339/339/339 
f 339/339/339 334/334/334 340/340/340 
f 337/337/337 341/341/341 336/336/336 
f 341/341/341 337/337/337 342/342/342 
f 343/343/343 336/336/336 341/341/341 
f 336/336/336 343/343/343 338/338/338 
f 342/342/342 344/344/344 341/341/341 
f 344/344/344 342/342/342 345/345/345 
f 341/341/341 346/346/346 343/343/343 
f 346/346/346 341/341/341 344/344/344 
f 343/343/343 347/347/347 338/338/338 
f 346/346/346 347/347/347 343/343/343 
f 345/345/345 348/348/348 344/344/344 
f 346/346/346 344/344/344 348/348/348 
f 348/348/348 345/345/345 349/349/349 
f 348/348/348 349/349/349 350/350/350 
f 351/351/351 346/346/346 348/348/348 
f 352/352/352 348/348/348 350/350/350 
f 351/351/351 348/348/348 352/352/352 
f 350/350/350 353/353/353 352/352/352 
f 353/353/353 350/350/350 354/354/354 
f 355/355/355 351/351/351 352/352/352 
f 355/355/355 352/352/352 353/353/353 
f 356/356/356 346/346/346 351/351/351 
f 347/347/347 346/346/346 356/356/356 
f 357/357/357 351/351/351 355/355/355 
f 357/357/357 356/356/356 351/351/351 
f 354/354/354 358/358/358 353/353/353 
f 358/358/358 354/354/354 359/359/359 
f 360/360/360 355/355/355 353/353/353 
f 361/361/361 353/353/353 358/358/358 
f 353/353/353 361/361/361 360/360/360 
f 359/359/359 362/362/362 358/358/358 
f 361/361/361 358/358/358 362/362/362 
f 362/362/362 359/359/359 363/363/363 
f 362/362/362 363/363/363 128/128/128 
f 364/364/364 361/361/361 362/362/362 
f 364/364/364 362/362/362 128/128/128 
f 365/365/365 361/361/361 364/364/364 
f 365/365/365 360/360/360 361/361/361 
f 366/366/366 365/365/365 364/364/364 
f 366/366/366 364/364/364 128/128/128 
f 366/366/366 367/367/367 365/365/365 
f 360/360/360 365/365/365 368/368/368 
f 367/367/367 368/368/368 365/365/365 
f 369/369/369 355/355/355 360/360/360 
f 360/360/360 368/368/368 369/369/369 
f 369/369/369 357/357/357 355/355/355 
f 367/367/367 366/366/366 370/370/370 
f 370/370/370 366/366/366 128/128/128 
f 368/368/368 367/367/367 371/371/371 
f 368/368/368 372/372/372 369/369/369 
f 372/372/372 368/368/368 371/371/371 
f 373/373/373 357/357/357 369/369/369 
f 369/369/369 372/372/372 373/373/373 
f 373/373/373 374/374/374 357/357/357 
f 374/374/374 356/356/356 357/357/357 
f 372/372/372 375/375/375 373/373/373 
f 371/371/371 376/376/376 372/372/372 
f 372/372/372 376/376/376 375/375/375 
f 376/376/376 371/371/371 377/377/377 
f 371/371/371 367/367/367 377/377/377 
f 378/378/378 356/356/356 374/374/374 
f 356/356/356 378/378/378 347/347/347 
f 373/373/373 379/379/379 374/374/374 
f 379/379/379 373/373/373 375/375/375 
f 377/377/377 367/367/367 380/380/380 
f 370/370/370 380/380/380 367/367/367 
f 380/380/380 370/370/370 381/381/381 
f 381/381/381 370/370/370 128/128/128 
f 377/377/377 380/380/380 135/135/135 
f 380/380/380 381/381/381 382/382/382 
f 135/135/135 380/380/380 382/382/382 
f 382/382/382 381/381/381 383/383/383 
f 383/383/383 381/381/381 128/128/128 
f 135/135/135 382/382/382 132/132/132 
f 382/382/382 383/383/383 384/384/384 
f 132/132/132 382/382/382 384/384/384 
f 384/384/384 383/383/383 385/385/385 
f 385/385/385 383/383/383 128/128/128 
f 132/132/132 384/384/384 131/131/131 
f 384/384/384 385/385/385 386/386/386 
f 131/131/131 384/384/384 386/386/386 
f 386/386/386 385/385/385 387/387/387 
f 387/387/387 385/385/385 128/128/128 
f 388/388/388 386/386/386 387/387/387 
f 388/388/388 387/387/387 128/128/128 
f 386/386/386 388/388/388 389/389/389 
f 389/389/389 131/131/131 386/386/386 
f 390/390/390 389/389/389 388/388/388 
f 390/390/390 388/388/388 128/128/128 
f 131/131/131 389/389/389 122/122/122 
f 389/389/389 390/390/390 123/123/123 
f 123/123/123 122/122/122 389/389/389 
f 125/125/125 123/123/123 390/390/390 
f 125/125/125 390/390/390 128/128/128 
f 391/391/391 392/392/392 393/393/393 
f 392/392/392 391/391/391 394/394/394 
f 395/395/395 392/392/392 394/394/394 
f 391/391/391 396/396/396 394/394/394 
f 397/397/397 394/394/394 396/396/396 
f 397/397/397 395/395/395 394/394/394 
f 391/391/391 398/398/398 396/396/396 
f 399/399/399 397/397/397 396/396/396 
f 398/398/398 399/399/399 396/396/396 
f 397/397/397 399/399/399 400/400/400 
f 400/400/400 395/395/395 397/397/397 
f 399/399/399 398/398/398 401/401/401 
f 402/402/402 400/400/400 399/399/399 
f 401/401/401 402/402/402 399/399/399 
f 398/398/398 403/403/403 401/401/401 
f 402/402/402 401/401/401 404/404/404 
f 403/403/403 404/404/404 401/401/401 
f 398/398/398 391/391/391 405/405/405 
f 406/406/406 398/398/398 405/405/405 
f 403/403/403 398/398/398 406/406/406 
f 391/391/391 407/407/407 405/405/405 
f 405/405/405 407/407/407 406/406/406 
f 407/407/407 391/391/391 393/393/393 
f 407/407/407 408/408/408 406/406/406 
f 406/406/406 409/409/409 403/403/403 
f 409/409/409 406/406/406 408/408/408 
f 408/408/408 407/407/407 410/410/410 
f 393/393/393 410/410/410 407/407/407 
f 409/409/409 408/408/408 411/411/411 
f 408/408/408 410/410/410 412/412/412 
f 411/411/411 408/408/408 412/412/412 
f 412/412/412 410/410/410 413/413/413 
f 410/410/410 393/393/393 413/413/413 
f 412/412/412 413/413/413 414/414/414 
f 413/413/413 415/415/415 414/414/414 
f 415/415/415 413/413/413 393/393/393 
f 416/416/416 412/412/412 414/414/414 
f 416/416/416 411/411/411 412/412/412 
f 415/415/415 416/416/416 414/414/414 
f 411/411/411 416/416/416 417/417/417 
f 416/416/416 415/415/415 418/418/418 
f 418/418/418 417/417/417 416/416/416 
f 417/417/417 419/419/419 411/411/411 
f 419/419/419 409/409/409 411/411/411 
f 24/24/24 25/25/25 420/420/420 
f 24/24/24 421/421/421 22/22/22 
f 420/420/420 421/421/421 24/24/24 
f 422/422/422 420/420/420 25/25/25 
f 23/23/23 422/422/422 25/25/25 
f 421/421/421 420/420/420 423/423/423 
f 424/424/424 23/23/23 18/18/18 
f 18/18/18 5/5/5 424/424/424 
f 420/420/420 422/422/422 425/425/425 
f 425/425/425 423/423/423 420/420/420 
f 422/422/422 426/426/426 425/425/425 
f 423/423/423 425/425/425 427/427/427 
f 427/427/427 425/425/425 426/426/426 
f 422/422/422 23/23/23 428/428/428 
f 426/426/426 422/422/422 428/428/428 
f 429/429/429 428/428/428 23/23/23 
f 23/23/23 424/424/424 429/429/429 
f 428/428/428 430/430/430 426/426/426 
f 428/428/428 429/429/429 431/431/431 
f 430/430/430 428/428/428 431/431/431 
f 429/429/429 424/424/424 432/432/432 
f 433/433/433 424/424/424 5/5/5 
f 424/424/424 433/433/433 432/432/432 
f 5/5/5 2/2/2 433/433/433 
f 432/432/432 434/434/434 429/429/429 
f 429/429/429 434/434/434 431/431/431 
f 435/435/435 433/433/433 2/2/2 
f 4/4/4 435/435/435 2/2/2 
f 436/436/436 432/432/432 433/433/433 
f 433/433/433 435/435/435 436/436/436 
f 434/434/434 432/432/432 200/200/200 
f 432/432/432 436/436/436 200/200/200 
f 434/434/434 437/437/437 431/431/431 
f 200/200/200 203/203/203 434/434/434 
f 434/434/434 203/203/203 437/437/437 
f 431/431/431 437/437/437 438/438/438 
f 438/438/438 430/430/430 431/431/431 
f 203/203/203 208/208/208 437/437/437 
f 438/438/438 437/437/437 211/211/211 
f 437/437/437 208/208/208 211/211/211 
f 438/438/438 211/211/211 217/217/217 
f 430/430/430 438/438/438 439/439/439 
f 439/439/439 438/438/438 217/217/217 
f 440/440/440 430/430/430 439/439/439 
f 440/440/440 426/426/426 430/430/430 
f 441/441/441 440/440/440 439/439/439 
f 441/441/441 439/439/439 217/217/217 
f 426/426/426 440/440/440 442/442/442 
f 426/426/426 442/442/442 427/427/427 
f 440/440/440 441/441/441 443/443/443 
f 443/443/443 442/442/442 440/440/440 
f 444/444/444 443/443/443 441/441/441 
f 443/443/443 444/444/444 445/445/445 
f 444/444/444 441/441/441 220/220/220 
f 441/441/441 217/217/217 220/220/220 
f 220/220/220 223/223/223 444/444/444 
f 445/445/445 446/446/446 443/443/443 
f 442/442/442 443/443/443 446/446/446 
f 446/446/446 445/445/445 447/447/447 
f 448/448/448 446/446/446 447/447/447 
f 449/449/449 442/442/442 446/446/446 
f 446/446/446 448/448/448 449/449/449 
f 442/442/442 449/449/449 427/427/427 
f 450/450/450 449/449/449 448/448/448 
f 451/451/451 427/427/427 449/449/449 
f 449/449/449 450/450/450 451/451/451 
f 427/427/427 451/451/451 423/423/423 
f 452/452/452 451/451/451 450/450/450 
f 453/453/453 423/423/423 451/451/451 
f 451/451/451 452/452/452 453/453/453 
f 423/423/423 453/453/453 421/421/421 
f 454/454/454 453/453/453 452/452/452 
f 455/455/455 421/421/421 453/453/453 
f 453/453/453 454/454/454 455/455/455 
f 421/421/421 455/455/455 22/22/22 
f 456/456/456 455/455/455 454/454/454 
f 457/457/457 22/22/22 455/455/455 
f 455/455/455 456/456/456 457/457/457 
f 22/22/22 457/457/457 20/20/20 
f 456/456/456 458/458/458 457/457/457 
f 458/458/458 456/456/456 459/459/459 
f 457/457/457 460/460/460 20/20/20 
f 460/460/460 457/457/457 458/458/458 
f 16/16/16 20/20/20 460/460/460 
f 459/459/459 461/461/461 458/458/458 
f 461/461/461 459/459/459 462/462/462 
f 458/458/458 463/463/463 460/460/460 
f 463/463/463 458/458/458 461/461/461 
f 16/16/16 460/460/460 464/464/464 
f 464/464/464 460/460/460 463/463/463 
f 14/14/14 16/16/16 464/464/464 
f 462/462/462 465/465/465 461/461/461 
f 465/465/465 462/462/462 466/466/466 
f 461/461/461 467/467/467 463/463/463 
f 467/467/467 461/461/461 465/465/465 
f 463/463/463 468/468/468 464/464/464 
f 468/468/468 463/463/463 467/467/467 
f 464/464/464 469/469/469 14/14/14 
f 469/469/469 464/464/464 468/468/468 
f 13/13/13 14/14/14 469/469/469 
f 468/468/468 470/470/470 469/469/469 
f 470/470/470 13/13/13 469/469/469 
f 467/467/467 471/471/471 468/468/468 
f 470/470/470 468/468/468 471/471/471 
f 471/471/471 467/467/467 472/472/472 
f 465/465/465 472/472/472 467/467/467 
f 473/473/473 470/470/470 471/471/471 
f 472/472/472 473/473/473 471/471/471 
f 13/13/13 470/470/470 474/474/474 
f 470/470/470 473/473/473 474/474/474 
f 474/474/474 475/475/475 13/13/13 
f 12/12/12 13/13/13 475/475/475 
f 472/472/472 465/465/465 476/476/476 
f 466/466/466 476/476/476 465/465/465 
f 476/476/476 466/466/466 477/477/477 
f 476/476/476 478/478/478 472/472/472 
f 473/473/473 472/472/472 478/478/478 
f 477/477/477 479/479/479 476/476/476 
f 478/478/478 476/476/476 479/479/479 
f 479/479/479 477/477/477 480/480/480 
f 479/479/479 480/480/480 481/481/481 
f 479/479/479 481/481/481 482/482/482 
f 478/478/478 479/479/479 482/482/482 
f 483/483/483 482/482/482 481/481/481 
f 484/484/484 473/473/473 478/478/478 
f 482/482/482 484/484/484 478/478/478 
f 482/482/482 483/483/483 485/485/485 
f 485/485/485 484/484/484 482/482/482 
f 483/483/483 486/486/486 485/485/485 
f 486/486/486 483/483/483 487/487/487 
f 484/484/484 485/485/485 488/488/488 
f 473/473/473 484/484/484 489/489/489 
f 484/484/484 488/488/488 489/489/489 
f 489/489/489 474/474/474 473/473/473 
f 485/485/485 490/490/490 488/488/488 
f 490/490/490 485/485/485 486/486/486 
f 489/489/489 488/488/488 491/491/491 
f 488/488/488 490/490/490 491/491/491 
f 474/474/474 489/489/489 492/492/492 
f 489/489/489 491/491/491 492/492/492 
f 475/475/475 474/474/474 492/492/492 
f 490/490/490 486/486/486 493/493/493 
f 486/486/486 487/487/487 494/494/494 
f 493/493/493 486/486/486 494/494/494 
f 494/494/494 487/487/487 495/495/495 
f 494/494/494 495/495/495 496/496/496 
f 496/496/496 495/495/495 497/497/497 
f 493/493/493 494/494/494 498/498/498 
f 498/498/498 494/494/494 496/496/496 
f 496/496/496 499/499/499 498/498/498 
f 497/497/497 500/500/500 496/496/496 
f 499/499/499 496/496/496 500/500/500 
f 500/500/500 497/497/497 501/501/501 
f 501/501/501 502/502/502 500/500/500 
f 502/502/502 499/499/499 500/500/500 
f 502/502/502 501/501/501 503/503/503 
f 504/504/504 502/502/502 503/503/503 
f 505/505/505 498/498/498 499/499/499 
f 505/505/505 493/493/493 498/498/498 
f 499/499/499 502/502/502 299/299/299 
f 502/502/502 504/504/504 303/303/303 
f 303/303/303 299/299/299 502/502/502 
f 308/308/308 303/303/303 504/504/504 
f 493/493/493 505/505/505 506/506/506 
f 506/506/506 490/490/490 493/493/493 
f 505/505/505 499/499/499 296/296/296 
f 296/296/296 499/499/499 299/299/299 
f 292/292/292 506/506/506 505/505/505 
f 292/292/292 505/505/505 296/296/296 
f 490/490/490 506/506/506 507/507/507 
f 491/491/491 490/490/490 507/507/507 
f 508/508/508 507/507/507 506/506/506 
f 506/506/506 292/292/292 508/508/508 
f 491/491/491 507/507/507 509/509/509 
f 492/492/492 491/491/491 509/509/509 
f 507/507/507 508/508/508 510/510/510 
f 509/509/509 507/507/507 510/510/510 
f 511/511/511 492/492/492 509/509/509 
f 492/492/492 511/511/511 475/475/475 
f 512/512/512 509/509/509 510/510/510 
f 509/509/509 512/512/512 511/511/511 
f 508/508/508 198/198/198 510/510/510 
f 512/512/512 510/510/510 198/198/198 
f 198/198/198 508/508/508 199/199/199 
f 508/508/508 292/292/292 199/199/199 
f 512/512/512 198/198/198 197/197/197 
f 513/513/513 511/511/511 512/512/512 
f 513/513/513 512/512/512 197/197/197 
f 514/514/514 475/475/475 511/511/511 
f 511/511/511 513/513/513 514/514/514 
f 475/475/475 514/514/514 12/12/12 
f 4/4/4 12/12/12 514/514/514 
f 514/514/514 515/515/515 4/4/4 
f 515/515/515 514/514/514 513/513/513 
f 435/435/435 4/4/4 515/515/515 
f 515/515/515 513/513/513 516/516/516 
f 513/513/513 197/197/197 516/516/516 
f 435/435/435 515/515/515 517/517/517 
f 516/516/516 517/517/517 515/515/515 
f 436/436/436 435/435/435 517/517/517 
f 436/436/436 517/517/517 201/201/201 
f 436/436/436 201/201/201 200/200/200 
f 517/517/517 516/516/516 204/204/204 
f 201/201/201 517/517/517 204/204/204 
f 516/516/516 197/197/197 196/196/196 
f 196/196/196 204/204/204 516/516/516 
f 518/518/518 519/519/519 520/520/520 
f 520/520/520 521/521/521 518/518/518 
f 519/519/519 518/518/518 522/522/522 
f 523/523/523 520/520/520 519/519/519 
f 524/524/524 518/518/518 521/521/521 
f 523/523/523 519/519/519 525/525/525 
f 518/518/518 524/524/524 526/526/526 
f 518/518/518 526/526/526 522/522/522 
f 527/527/527 526/526/526 524/524/524 
f 524/524/524 528/528/528 527/527/527 
f 526/526/526 527/527/527 529/529/529 
f 528/528/528 529/529/529 527/527/527 
f 526/526/526 529/529/529 530/530/530 
f 522/522/522 526/526/526 530/530/530 
f 529/529/529 531/531/531 530/530/530 
f 529/529/529 528/528/528 531/531/531 
f 532/532/532 522/522/522 530/530/530 
f 531/531/531 532/532/532 530/530/530 
f 519/519/519 522/522/522 533/533/533 
f 522/522/522 532/532/532 533/533/533 
f 525/525/525 519/519/519 533/533/533 
f 534/534/534 533/533/533 532/532/532 
f 533/533/533 534/534/534 535/535/535 
f 535/535/535 525/525/525 533/533/533 
f 532/532/532 536/536/536 534/534/534 
f 536/536/536 535/535/535 534/534/534 
f 536/536/536 532/532/532 531/531/531 
f 193/193/193 537/537/537 182/182/182 
f 537/537/537 175/175/175 182/182/182 
f 538/538/538 537/537/537 193/193/193 
f 193/193/193 194/194/194 538/538/538 
f 175/175/175 537/537/537 539/539/539 
f 539/539/539 171/171/171 175/175/175 
f 537/537/537 538/538/538 540/540/540 
f 540/540/540 539/539/539 537/537/537 
f 194/194/194 541/541/541 538/538/538 
f 541/541/541 540/540/540 538/538/538 
f 171/171/171 539/539/539 542/542/542 
f 542/542/542 170/170/170 171/171/171 
f 539/539/539 540/540/540 543/543/543 
f 543/543/543 540/540/540 544/544/544 
f 540/540/540 541/541/541 544/544/544 
f 545/545/545 539/539/539 543/543/543 
f 539/539/539 545/545/545 542/542/542 
f 544/544/544 545/545/545 543/543/543 
f 170/170/170 542/542/542 546/546/546 
f 546/546/546 147/147/147 170/170/170 
f 147/147/147 546/546/546 144/144/144 
f 144/144/144 546/546/546 143/143/143 
f 546/546/546 542/542/542 547/547/547 
f 547/547/547 143/143/143 546/546/546 
f 545/545/545 548/548/548 542/542/542 
f 542/542/542 548/548/548 547/547/547 
f 544/544/544 549/549/549 545/545/545 
f 545/545/545 549/549/549 548/548/548 
f 544/544/544 550/550/550 549/549/549 
f 143/143/143 547/547/547 551/551/551 
f 551/551/551 141/141/141 143/143/143 
f 548/548/548 552/552/552 547/547/547 
f 547/547/547 552/552/552 551/551/551 
f 549/549/549 553/553/553 548/548/548 
f 548/548/548 553/553/553 552/552/552 
f 550/550/550 553/553/553 549/549/549 
f 554/554/554 141/141/141 551/551/551 
f 141/141/141 554/554/554 139/139/139 
f 552/552/552 555/555/555 551/551/551 
f 551/551/551 555/555/555 554/554/554 
f 556/556/556 552/552/552 553/553/553 
f 552/552/552 556/556/556 555/555/555 
f 557/557/557 556/556/556 553/553/553 
f 553/553/553 550/550/550 557/557/557 
f 558/558/558 139/139/139 554/554/554 
f 139/139/139 558/558/558 136/136/136 
f 559/559/559 554/554/554 555/555/555 
f 554/554/554 559/559/559 558/558/558 
f 560/560/560 555/555/555 556/556/556 
f 555/555/555 560/560/560 559/559/559 
f 558/558/558 561/561/561 136/136/136 
f 134/134/134 136/136/136 561/561/561 
f 559/559/559 562/562/562 558/558/558 
f 561/561/561 558/558/558 562/562/562 
f 561/561/561 563/563/563 134/134/134 
f 135/135/135 134/134/134 563/563/563 
f 563/563/563 377/377/377 135/135/135 
f 377/377/377 563/563/563 376/376/376 
f 563/563/563 561/561/561 564/564/564 
f 564/564/564 376/376/376 563/563/563 
f 562/562/562 564/564/564 561/561/561 
f 376/376/376 564/564/564 375/375/375 
f 565/565/565 375/375/375 564/564/564 
f 564/564/564 562/562/562 565/565/565 
f 375/375/375 565/565/565 379/379/379 
f 559/559/559 566/566/566 562/562/562 
f 565/565/565 562/562/562 566/566/566 
f 560/560/560 566/566/566 559/559/559 
f 567/567/567 568/568/568 187/187/187 
f 187/187/187 569/569/569 567/567/567 
f 570/570/570 567/567/567 569/569/569 
f 570/570/570 571/571/571 567/567/567 
f 569/569/569 572/572/572 570/570/570 
f 571/571/571 573/573/573 567/567/567 
f 568/568/568 567/567/567 573/573/573 
f 571/571/571 574/574/574 573/573/573 
f 572/572/572 569/569/569 180/180/180 
f 180/180/180 178/178/178 572/572/572 
f 184/184/184 180/180/180 569/569/569 
f 569/569/569 187/187/187 184/184/184 
f 574/574/574 575/575/575 573/573/573 
f 575/575/575 574/574/574 576/576/576 
f 577/577/577 573/573/573 575/575/575 
f 573/573/573 577/577/577 568/568/568 
f 576/576/576 578/578/578 575/575/575 
f 578/578/578 576/576/576 579/579/579 
f 575/575/575 580/580/580 577/577/577 
f 580/580/580 575/575/575 578/578/578 
f 581/581/581 568/568/568 577/577/577 
f 582/582/582 577/577/577 580/580/580 
f 577/577/577 582/582/582 581/581/581 
f 580/580/580 583/583/583 582/582/582 
f 578/578/578 584/584/584 580/580/580 
f 583/583/583 580/580/580 584/584/584 
f 579/579/579 585/585/585 578/578/578 
f 584/584/584 578/578/578 585/585/585 
f 585/585/585 579/579/579 586/586/586 
f 587/587/587 585/585/585 586/586/586 
f 585/585/585 587/587/587 588/588/588 
f 588/588/588 584/584/584 585/585/585 
f 589/589/589 588/588/588 587/587/587 
f 584/584/584 588/588/588 590/590/590 
f 584/584/584 590/590/590 583/583/583 
f 588/588/588 589/589/589 591/591/591 
f 591/591/591 590/590/590 588/588/588 
f 592/592/592 591/591/591 589/589/589 
f 583/583/583 590/590/590 593/593/593 
f 591/591/591 592/592/592 594/594/594 
f 595/595/595 594/594/594 592/592/592 
f 590/590/590 591/591/591 596/596/596 
f 590/590/590 596/596/596 593/593/593 
f 594/594/594 596/596/596 591/591/591 
f 594/594/594 595/595/595 597/597/597 
f 598/598/598 597/597/597 595/595/595 
f 596/596/596 594/594/594 599/599/599 
f 597/597/597 599/599/599 594/594/594 
f 593/593/593 596/596/596 600/600/600 
f 599/599/599 600/600/600 596/596/596 
f 593/593/593 600/600/600 601/601/601 
f 601/601/601 583/583/583 593/593/593 
f 600/600/600 599/599/599 602/602/602 
f 601/601/601 600/600/600 603/603/603 
f 602/602/602 603/603/603 600/600/600 
f 583/583/583 601/601/601 604/604/604 
f 604/604/604 582/582/582 583/583/583 
f 605/605/605 601/601/601 603/603/603 
f 601/601/601 605/605/605 604/604/604 
f 603/603/603 602/602/602 606/606/606 
f 606/606/606 605/605/605 603/603/603 
f 607/607/607 602/602/602 599/599/599 
f 599/599/599 597/597/597 607/607/607 
f 608/608/608 606/606/606 602/602/602 
f 602/602/602 607/607/607 608/608/608 
f 609/609/609 607/607/607 597/597/597 
f 597/597/597 598/598/598 609/609/609 
f 610/610/610 608/608/608 607/607/607 
f 607/607/607 609/609/609 610/610/610 
f 598/598/598 611/611/611 609/609/609 
f 611/611/611 598/598/598 612/612/612 
f 609/609/609 613/613/613 610/610/610 
f 613/613/613 609/609/609 611/611/611 
f 608/608/608 610/610/610 614/614/614 
f 615/615/615 610/610/610 613/613/613 
f 610/610/610 615/615/615 614/614/614 
f 614/614/614 616/616/616 608/608/608 
f 606/606/606 608/608/608 616/616/616 
f 612/612/612 617/617/617 611/611/611 
f 617/617/617 612/612/612 618/618/618 
f 611/611/611 619/619/619 613/613/613 
f 619/619/619 611/611/611 617/617/617 
f 620/620/620 613/613/613 619/619/619 
f 613/613/613 620/620/620 615/615/615 
f 618/618/618 621/621/621 617/617/617 
f 618/618/618 622/622/622 621/621/621 
f 617/617/617 623/623/623 619/619/619 
f 617/617/617 621/621/621 623/623/623 
f 619/619/619 624/624/624 620/620/620 
f 619/619/619 623/623/623 624/624/624 
f 622/622/622 625/625/625 621/621/621 
f 622/622/622 626/626/626 625/625/625 
f 627/627/627 623/623/623 621/621/621 
f 621/621/621 625/625/625 627/627/627 
f 628/628/628 624/624/624 623/623/623 
f 623/623/623 627/627/627 628/628/628 
f 626/626/626 629/629/629 625/625/625 
f 626/626/626 630/630/630 629/629/629 
f 631/631/631 629/629/629 630/630/630 
f 625/625/625 629/629/629 632/632/632 
f 632/632/632 627/627/627 625/625/625 
f 629/629/629 631/631/631 633/633/633 
f 633/633/633 632/632/632 629/629/629 
f 313/313/313 633/633/633 631/631/631 
f 632/632/632 322/322/322 627/627/627 
f 322/322/322 628/628/628 627/627/627 
f 632/632/632 633/633/633 316/316/316 
f 316/316/316 322/322/322 632/632/632 
f 633/633/633 313/313/313 312/312/312 
f 312/312/312 316/316/316 633/633/633 
f 535/535/535 634/634/634 525/525/525 
f 535/535/535 536/536/536 635/635/635 
f 535/535/535 636/636/636 634/634/634 
f 636/636/636 535/535/535 635/635/635 
f 637/637/637 525/525/525 634/634/634 
f 638/638/638 634/634/634 636/636/636 
f 634/634/634 638/638/638 637/637/637 
f 525/525/525 637/637/637 639/639/639 
f 639/639/639 523/523/523 525/525/525 
f 639/639/639 637/637/637 640/640/640 
f 640/640/640 523/523/523 639/639/639 
f 636/636/636 635/635/635 641/641/641 
f 523/523/523 640/640/640 642/642/642 
f 642/642/642 520/520/520 523/523/523 
f 640/640/640 643/643/643 642/642/642 
f 641/641/641 635/635/635 644/644/644 
f 635/635/635 536/536/536 644/644/644 
f 640/640/640 645/645/645 643/643/643 
f 645/645/645 640/640/640 646/646/646 
f 646/646/646 640/640/640 637/637/637 
f 647/647/647 645/645/645 646/646/646 
f 637/637/637 648/648/648 646/646/646 
f 647/647/647 646/646/646 648/648/648 
f 649/649/649 647/647/647 648/648/648 
f 648/648/648 637/637/637 638/638/638 
f 648/648/648 650/650/650 649/649/649 
f 643/643/643 651/651/651 642/642/642 
f 651/651/651 643/643/643 652/652/652 
f 520/520/520 642/642/642 651/651/651 
f 653/653/653 651/651/651 652/652/652 
f 654/654/654 651/651/651 653/653/653 
f 654/654/654 520/520/520 651/651/651 
f 655/655/655 654/654/654 653/653/653 
f 656/656/656 520/520/520 654/654/654 
f 521/521/521 520/520/520 656/656/656 
f 655/655/655 657/657/657 654/654/654 
f 657/657/657 656/656/656 654/654/654 
f 655/655/655 658/658/658 657/657/657 
f 658/658/658 655/655/655 659/659/659 
f 660/660/660 656/656/656 657/657/657 
f 657/657/657 658/658/658 660/660/660 
f 656/656/656 661/661/661 521/521/521 
f 661/661/661 656/656/656 660/660/660 
f 662/662/662 521/521/521 661/661/661 
f 521/521/521 662/662/662 524/524/524 
f 528/528/528 524/524/524 662/662/662 
f 661/661/661 663/663/663 662/662/662 
f 664/664/664 528/528/528 662/662/662 
f 662/662/662 663/663/663 664/664/664 
f 663/663/663 661/661/661 665/665/665 
f 660/660/660 665/665/665 661/661/661 
f 664/664/664 663/663/663 666/666/666 
f 665/665/665 666/666/666 663/663/663 
f 667/667/667 528/528/528 664/664/664 
f 666/666/666 667/667/667 664/664/664 
f 528/528/528 667/667/667 531/531/531 
f 665/665/665 660/660/660 668/668/668 
f 668/668/668 660/660/660 658/658/658 
f 666/666/666 665/665/665 669/669/669 
f 668/668/668 669/669/669 665/665/665 
f 667/667/667 666/666/666 670/670/670 
f 658/658/658 671/671/671 668/668/668 
f 659/659/659 671/671/671 658/658/658 
f 671/671/671 659/659/659 672/672/672 
f 672/672/672 673/673/673 671/671/671 
f 674/674/674 670/670/670 666/666/666 
f 669/669/669 674/674/674 666/666/666 
f 675/675/675 667/667/667 670/670/670 
f 667/667/667 675/675/675 531/531/531 
f 674/674/674 676/676/676 670/670/670 
f 676/676/676 675/675/675 670/670/670 
f 674/674/674 669/669/669 677/677/677 
f 678/678/678 676/676/676 674/674/674 
f 677/677/677 678/678/678 674/674/674 
f 679/679/679 677/677/677 669/669/669 
f 669/669/669 668/668/668 679/679/679 
f 679/679/679 668/668/668 671/671/671 
f 677/677/677 679/679/679 680/680/680 
f 671/671/671 680/680/680 679/679/679 
f 680/680/680 678/678/678 677/677/677 
f 680/680/680 671/671/671 681/681/681 
f 673/673/673 681/681/681 671/671/671 
f 678/678/678 680/680/680 682/682/682 
f 681/681/681 682/682/682 680/680/680 
f 673/673/673 683/683/683 681/681/681 
f 682/682/682 681/681/681 683/683/683 
f 683/683/683 673/673/673 684/684/684 
f 685/685/685 683/683/683 684/684/684 
f 683/683/683 685/685/685 686/686/686 
f 687/687/687 686/686/686 685/685/685 
f 683/683/683 688/688/688 682/682/682 
f 688/688/688 683/683/683 686/686/686 
f 686/686/686 687/687/687 689/689/689 
f 689/689/689 688/688/688 686/686/686 
f 687/687/687 690/690/690 689/689/689 
f 690/690/690 687/687/687 691/691/691 
f 688/688/688 689/689/689 692/692/692 
f 693/693/693 682/682/682 688/688/688 
f 692/692/692 693/693/693 688/688/688 
f 682/682/682 693/693/693 678/678/678 
f 689/689/689 694/694/694 692/692/692 
f 694/694/694 689/689/689 690/690/690 
f 693/693/693 692/692/692 695/695/695 
f 694/694/694 695/695/695 692/692/692 
f 696/696/696 678/678/678 693/693/693 
f 695/695/695 696/696/696 693/693/693 
f 678/678/678 696/696/696 676/676/676 
f 697/697/697 676/676/676 696/696/696 
f 676/676/676 697/697/697 675/675/675 
f 696/696/696 695/695/695 698/698/698 
f 698/698/698 697/697/697 696/696/696 
f 699/699/699 675/675/675 697/697/697 
f 697/697/697 698/698/698 699/699/699 
f 675/675/675 699/699/699 531/531/531 
f 699/699/699 700/700/700 531/531/531 
f 700/700/700 536/536/536 531/531/531 
f 536/536/536 700/700/700 644/644/644 
f 700/700/700 699/699/699 701/701/701 
f 701/701/701 699/699/699 698/698/698 
f 700/700/700 702/702/702 644/644/644 
f 702/702/702 700/700/700 701/701/701 
f 641/641/641 644/644/644 702/702/702 
f 698/698/698 703/703/703 701/701/701 
f 701/701/701 703/703/703 702/702/702 
f 695/695/695 703/703/703 698/698/698 
f 704/704/704 641/641/641 702/702/702 
f 704/704/704 636/636/636 641/641/641 
f 638/638/638 636/636/636 704/704/704 
f 705/705/705 704/704/704 702/702/702 
f 703/703/703 705/705/705 702/702/702 
f 706/706/706 638/638/638 704/704/704 
f 706/706/706 704/704/704 705/705/705 
f 638/638/638 706/706/706 648/648/648 
f 703/703/703 695/695/695 707/707/707 
f 703/703/703 707/707/707 705/705/705 
f 695/695/695 694/694/694 707/707/707 
f 707/707/707 708/708/708 705/705/705 
f 707/707/707 694/694/694 708/708/708 
f 708/708/708 706/706/706 705/705/705 
f 690/690/690 708/708/708 694/694/694 
f 709/709/709 648/648/648 706/706/706 
f 709/709/709 706/706/706 708/708/708 
f 650/650/650 648/648/648 709/709/709 
f 709/709/709 710/710/710 650/650/650 
f 711/711/711 709/709/709 708/708/708 
f 710/710/710 709/709/709 711/711/711 
f 708/708/708 690/690/690 711/711/711 
f 711/711/711 691/691/691 710/710/710 
f 691/691/691 711/711/711 690/690/690 
f 379/379/379 565/565/565 712/712/712 
f 566/566/566 712/712/712 565/565/565 
f 713/713/713 379/379/379 712/712/712 
f 374/374/374 379/379/379 713/713/713 
f 712/712/712 566/566/566 714/714/714 
f 560/560/560 714/714/714 566/566/566 
f 713/713/713 712/712/712 715/715/715 
f 714/714/714 715/715/715 712/712/712 
f 716/716/716 374/374/374 713/713/713 
f 715/715/715 717/717/717 713/713/713 
f 716/716/716 713/713/713 717/717/717 
f 716/716/716 378/378/378 374/374/374 
f 715/715/715 718/718/718 717/717/717 
f 717/717/717 719/719/719 716/716/716 
f 718/718/718 719/719/719 717/717/717 
f 378/378/378 716/716/716 720/720/720 
f 719/719/719 720/720/720 716/716/716 
f 721/721/721 378/378/378 720/720/720 
f 721/721/721 720/720/720 719/719/719 
f 378/378/378 721/721/721 722/722/722 
f 722/722/722 347/347/347 378/378/378 
f 723/723/723 721/721/721 719/719/719 
f 724/724/724 722/722/722 721/721/721 
f 721/721/721 723/723/723 724/724/724 
f 347/347/347 722/722/722 725/725/725 
f 347/347/347 725/725/725 338/338/338 
f 725/725/725 335/335/335 338/338/338 
f 726/726/726 725/725/725 722/722/722 
f 722/722/722 724/724/724 726/726/726 
f 335/335/335 725/725/725 727/727/727 
f 727/727/727 725/725/725 726/726/726 
f 727/727/727 334/334/334 335/335/335 
f 334/334/334 727/727/727 340/340/340 
f 728/728/728 726/726/726 724/724/724 
f 723/723/723 728/728/728 724/724/724 
f 729/729/729 727/727/727 726/726/726 
f 340/340/340 727/727/727 729/729/729 
f 726/726/726 728/728/728 729/729/729 
f 729/729/729 339/339/339 340/340/340 
f 339/339/339 729/729/729 730/730/730 
f 730/730/730 729/729/729 728/728/728 
f 730/730/730 329/329/329 339/339/339 
f 728/728/728 723/723/723 731/731/731 
f 728/728/728 732/732/732 730/730/730 
f 732/732/732 728/728/728 731/731/731 
f 329/329/329 730/730/730 733/733/733 
f 733/733/733 730/730/730 732/732/732 
f 733/733/733 734/734/734 329/329/329 
f 325/325/325 329/329/329 734/734/734 
f 734/734/734 320/320/320 325/325/325 
f 734/734/734 733/733/733 735/735/735 
f 320/320/320 734/734/734 736/736/736 
f 735/735/735 736/736/736 734/734/734 
f 320/320/320 736/736/736 737/737/737 
f 737/737/737 317/317/317 320/320/320 
f 317/317/317 737/737/737 321/321/321 
f 732/732/732 738/738/738 733/733/733 
f 738/738/738 735/735/735 733/733/733 
f 738/738/738 732/732/732 739/739/739 
f 731/731/731 739/739/739 732/732/732 
f 735/735/735 738/738/738 740/740/740 
f 739/739/739 741/741/741 738/738/738 
f 741/741/741 740/740/740 738/738/738 
f 742/742/742 735/735/735 740/740/740 
f 741/741/741 742/742/742 740/740/740 
f 735/735/735 742/742/742 743/743/743 
f 736/736/736 735/735/735 743/743/743 
f 742/742/742 741/741/741 744/744/744 
f 737/737/737 736/736/736 745/745/745 
f 736/736/736 743/743/743 745/745/745 
f 742/742/742 746/746/746 743/743/743 
f 746/746/746 742/742/742 744/744/744 
f 737/737/737 745/745/745 747/747/747 
f 321/321/321 737/737/737 747/747/747 
f 748/748/748 745/745/745 743/743/743 
f 749/749/749 321/321/321 747/747/747 
f 321/321/321 749/749/749 322/322/322 
f 750/750/750 747/747/747 745/745/745 
f 745/745/745 748/748/748 750/750/750 
f 751/751/751 749/749/749 747/747/747 
f 747/747/747 750/750/750 751/751/751 
f 752/752/752 322/322/322 749/749/749 
f 322/322/322 752/752/752 628/628/628 
f 624/624/624 628/628/628 752/752/752 
f 753/753/753 752/752/752 749/749/749 
f 749/749/749 751/751/751 753/753/753 
f 624/624/624 752/752/752 754/754/754 
f 752/752/752 753/753/753 754/754/754 
f 620/620/620 624/624/624 754/754/754 
f 620/620/620 754/754/754 755/755/755 
f 753/753/753 755/755/755 754/754/754 
f 755/755/755 615/615/615 620/620/620 
f 756/756/756 753/753/753 751/751/751 
f 615/615/615 755/755/755 757/757/757 
f 757/757/757 614/614/614 615/615/615 
f 755/755/755 753/753/753 758/758/758 
f 758/758/758 757/757/757 755/755/755 
f 753/753/753 756/756/756 758/758/758 
f 614/614/614 757/757/757 759/759/759 
f 616/616/616 614/614/614 759/759/759 
f 757/757/757 758/758/758 760/760/760 
f 760/760/760 759/759/759 757/757/757 
f 761/761/761 758/758/758 756/756/756 
f 758/758/758 761/761/761 760/760/760 
f 759/759/759 760/760/760 762/762/762 
f 759/759/759 763/763/763 616/616/616 
f 763/763/763 759/759/759 762/762/762 
f 760/760/760 764/764/764 762/762/762 
f 763/763/763 762/762/762 764/764/764 
f 417/417/417 418/418/418 765/765/765 
f 766/766/766 418/418/418 415/415/415 
f 418/418/418 766/766/766 767/767/767 
f 767/767/767 765/765/765 418/418/418 
f 415/415/415 768/768/768 766/766/766 
f 768/768/768 415/415/415 393/393/393 
f 766/766/766 769/769/769 767/767/767 
f 769/769/769 766/766/766 768/768/768 
f 765/765/765 767/767/767 770/770/770 
f 769/769/769 770/770/770 767/767/767 
f 765/765/765 771/771/771 417/417/417 
f 419/419/419 417/417/417 771/771/771 
f 770/770/770 772/772/772 765/765/765 
f 771/771/771 765/765/765 772/772/772 
f 770/770/770 769/769/769 773/773/773 
f 771/771/771 772/772/772 774/774/774 
f 772/772/772 770/770/770 775/775/775 
f 773/773/773 775/775/775 770/770/770 
f 776/776/776 774/774/774 772/772/772 
f 776/776/776 772/772/772 775/775/775 
f 776/776/776 777/777/777 774/774/774 
f 774/774/774 778/778/778 771/771/771 
f 777/777/777 778/778/778 774/774/774 
f 778/778/778 419/419/419 771/771/771 
f 777/777/777 776/776/776 779/779/779 
f 780/780/780 778/778/778 777/777/777 
f 781/781/781 779/779/779 776/776/776 
f 781/781/781 776/776/776 775/775/775 
f 779/779/779 781/781/781 782/782/782 
f 781/781/781 783/783/783 782/782/782 
f 780/780/780 784/784/784 778/778/778 
f 778/778/778 784/784/784 419/419/419 
f 780/780/780 785/785/785 784/784/784 
f 786/786/786 784/784/784 785/785/785 
f 787/787/787 419/419/419 784/784/784 
f 784/784/784 786/786/786 787/787/787 
f 419/419/419 787/787/787 788/788/788 
f 419/419/419 788/788/788 409/409/409 
f 786/786/786 789/789/789 787/787/787 
f 789/789/789 788/788/788 787/787/787 
f 788/788/788 403/403/403 409/409/409 
f 789/789/789 786/786/786 790/790/790 
f 403/403/403 788/788/788 791/791/791 
f 788/788/788 789/789/789 791/791/791 
f 404/404/404 403/403/403 791/791/791 
f 789/789/789 404/404/404 791/791/791 
f 790/790/790 792/792/792 789/789/789 
f 789/789/789 792/792/792 404/404/404 
f 792/792/792 790/790/790 793/793/793 
f 794/794/794 404/404/404 792/792/792 
f 793/793/793 794/794/794 792/792/792 
f 795/795/795 794/794/794 793/793/793 
f 404/404/404 794/794/794 402/402/402 
f 796/796/796 794/794/794 795/795/795 
f 794/794/794 797/797/797 402/402/402 
f 794/794/794 796/796/796 798/798/798 
f 797/797/797 794/794/794 798/798/798 
f 799/799/799 798/798/798 796/796/796 
f 400/400/400 402/402/402 797/797/797 
f 798/798/798 799/799/799 800/800/800 
f 801/801/801 800/800/800 799/799/799 
f 798/798/798 802/802/802 797/797/797 
f 802/802/802 798/798/798 800/800/800 
f 797/797/797 803/803/803 400/400/400 
f 803/803/803 797/797/797 802/802/802 
f 395/395/395 400/400/400 803/803/803 
f 800/800/800 801/801/801 804/804/804 
f 804/804/804 802/802/802 800/800/800 
f 805/805/805 804/804/804 801/801/801 
f 802/802/802 806/806/806 803/803/803 
f 803/803/803 807/807/807 395/395/395 
f 807/807/807 803/803/803 806/806/806 
f 808/808/808 395/395/395 807/807/807 
f 395/395/395 808/808/808 392/392/392 
f 809/809/809 807/807/807 806/806/806 
f 806/806/806 802/802/802 810/810/810 
f 802/802/802 804/804/804 810/810/810 
f 809/809/809 806/806/806 810/810/810 
f 811/811/811 808/808/808 807/807/807 
f 807/807/807 809/809/809 811/811/811 
f 812/812/812 392/392/392 808/808/808 
f 808/808/808 811/811/811 812/812/812 
f 392/392/392 812/812/812 393/393/393 
f 812/812/812 813/813/813 393/393/393 
f 813/813/813 768/768/768 393/393/393 
f 814/814/814 812/812/812 811/811/811 
f 813/813/813 812/812/812 814/814/814 
f 811/811/811 815/815/815 814/814/814 
f 815/815/815 811/811/811 809/809/809 
f 816/816/816 813/813/813 814/814/814 
f 814/814/814 815/815/815 816/816/816 
f 768/768/768 813/813/813 817/817/817 
f 813/813/813 816/816/816 817/817/817 
f 769/769/769 768/768/768 817/817/817 
f 818/818/818 769/769/769 817/817/817 
f 818/818/818 817/817/817 816/816/816 
f 818/818/818 773/773/773 769/769/769 
f 815/815/815 819/819/819 816/816/816 
f 819/819/819 818/818/818 816/816/816 
f 773/773/773 818/818/818 820/820/820 
f 820/820/820 818/818/818 819/819/819 
f 820/820/820 821/821/821 773/773/773 
f 775/775/775 773/773/773 821/821/821 
f 781/781/781 775/775/775 821/821/821 
f 821/821/821 820/820/820 822/822/822 
f 822/822/822 781/781/781 821/821/821 
f 819/819/819 822/822/822 820/820/820 
f 781/781/781 822/822/822 823/823/823 
f 783/783/783 781/781/781 823/823/823 
f 822/822/822 819/819/819 824/824/824 
f 824/824/824 823/823/823 822/822/822 
f 825/825/825 783/783/783 823/823/823 
f 823/823/823 824/824/824 825/825/825 
f 783/783/783 825/825/825 826/826/826 
f 825/825/825 827/827/827 826/826/826 
f 825/825/825 828/828/828 827/827/827 
f 828/828/828 805/805/805 827/827/827 
f 829/829/829 825/825/825 824/824/824 
f 825/825/825 829/829/829 828/828/828 
f 830/830/830 824/824/824 819/819/819 
f 824/824/824 830/830/830 829/829/829 
f 819/819/819 815/815/815 830/830/830 
f 809/809/809 830/830/830 815/815/815 
f 828/828/828 831/831/831 805/805/805 
f 831/831/831 828/828/828 829/829/829 
f 804/804/804 805/805/805 831/831/831 
f 831/831/831 810/810/810 804/804/804 
f 830/830/830 809/809/809 832/832/832 
f 809/809/809 810/810/810 832/832/832 
f 810/810/810 831/831/831 832/832/832 
f 832/832/832 829/829/829 830/830/830 
f 829/829/829 832/832/832 831/831/831 
f 764/764/764 760/760/760 761/761/761 
f 833/833/833 616/616/616 763/763/763 
f 616/616/616 833/833/833 606/606/606 
f 605/605/605 606/606/606 833/833/833 
f 833/833/833 763/763/763 834/834/834 
f 763/763/763 764/764/764 834/834/834 
f 835/835/835 605/605/605 833/833/833 
f 834/834/834 835/835/835 833/833/833 
f 605/605/605 835/835/835 836/836/836 
f 836/836/836 604/604/604 605/605/605 
f 837/837/837 834/834/834 764/764/764 
f 761/761/761 837/837/837 764/764/764 
f 838/838/838 835/835/835 834/834/834 
f 834/834/834 837/837/837 838/838/838 
f 837/837/837 761/761/761 839/839/839 
f 756/756/756 839/839/839 761/761/761 
f 840/840/840 838/838/838 837/837/837 
f 839/839/839 840/840/840 837/837/837 
f 835/835/835 838/838/838 841/841/841 
f 836/836/836 835/835/835 841/841/841 
f 838/838/838 840/840/840 842/842/842 
f 842/842/842 841/841/841 838/838/838 
f 839/839/839 756/756/756 843/843/843 
f 751/751/751 843/843/843 756/756/756 
f 843/843/843 751/751/751 750/750/750 
f 843/843/843 844/844/844 839/839/839 
f 840/840/840 839/839/839 844/844/844 
f 750/750/750 845/845/845 843/843/843 
f 844/844/844 843/843/843 845/845/845 
f 845/845/845 750/750/750 748/748/748 
f 844/844/844 846/846/846 840/840/840 
f 846/846/846 842/842/842 840/840/840 
f 845/845/845 847/847/847 844/844/844 
f 846/846/846 844/844/844 847/847/847 
f 748/748/748 848/848/848 845/845/845 
f 847/847/847 845/845/845 848/848/848 
f 848/848/848 748/748/748 849/849/849 
f 743/743/743 849/849/849 748/748/748 
f 849/849/849 743/743/743 746/746/746 
f 849/849/849 850/850/850 848/848/848 
f 746/746/746 851/851/851 849/849/849 
f 850/850/850 849/849/849 851/851/851 
f 848/848/848 852/852/852 847/847/847 
f 852/852/852 848/848/848 850/850/850 
f 853/853/853 847/847/847 852/852/852 
f 847/847/847 853/853/853 846/846/846 
f 851/851/851 746/746/746 854/854/854 
f 854/854/854 746/746/746 744/744/744 
f 853/853/853 855/855/855 846/846/846 
f 842/842/842 846/846/846 855/855/855 
f 855/855/855 856/856/856 842/842/842 
f 841/841/841 842/842/842 856/856/856 
f 855/855/855 853/853/853 857/857/857 
f 858/858/858 841/841/841 856/856/856 
f 841/841/841 858/858/858 836/836/836 
f 856/856/856 855/855/855 859/859/859 
f 857/857/857 859/859/859 855/855/855 
f 856/856/856 860/860/860 858/858/858 
f 859/859/859 860/860/860 856/856/856 
f 836/836/836 858/858/858 861/861/861 
f 604/604/604 836/836/836 861/861/861 
f 582/582/582 604/604/604 861/861/861 
f 861/861/861 581/581/581 582/582/582 
f 858/858/858 862/862/862 861/861/861 
f 581/581/581 861/861/861 862/862/862 
f 858/858/858 860/860/860 862/862/862 
f 862/862/862 863/863/863 581/581/581 
f 568/568/568 581/581/581 863/863/863 
f 860/860/860 864/864/864 862/862/862 
f 863/863/863 862/862/862 864/864/864 
f 865/865/865 568/568/568 863/863/863 
f 568/568/568 865/865/865 187/187/187 
f 186/186/186 187/187/187 865/865/865 
f 863/863/863 866/866/866 865/865/865 
f 866/866/866 863/863/863 864/864/864 
f 865/865/865 867/867/867 186/186/186 
f 867/867/867 865/865/865 866/866/866 
f 192/192/192 186/186/186 867/867/867 
f 867/867/867 868/868/868 192/192/192 
f 194/194/194 192/192/192 868/868/868 
f 866/866/866 869/869/869 867/867/867 
f 868/868/868 867/867/867 869/869/869 
f 869/869/869 866/866/866 870/870/870 
f 868/868/868 871/871/871 194/194/194 
f 871/871/871 541/541/541 194/194/194 
f 869/869/869 872/872/872 868/868/868 
f 871/871/871 868/868/868 872/872/872 
f 869/869/869 870/870/870 873/873/873 
f 872/872/872 869/869/869 873/873/873 
f 866/866/866 874/874/874 870/870/870 
f 874/874/874 866/866/866 864/864/864 
f 874/874/874 873/873/873 870/870/870 
f 541/541/541 871/871/871 875/875/875 
f 873/873/873 874/874/874 876/876/876 
f 877/877/877 874/874/874 864/864/864 
f 874/874/874 877/877/877 876/876/876 
f 864/864/864 878/878/878 877/877/877 
f 878/878/878 864/864/864 860/860/860 
f 860/860/860 859/859/859 878/878/878 
f 876/876/876 879/879/879 873/873/873 
f 877/877/877 880/880/880 876/876/876 
f 879/879/879 876/876/876 880/880/880 
f 881/881/881 877/877/877 878/878/878 
f 877/877/877 881/881/881 880/880/880 
f 882/882/882 878/878/878 859/859/859 
f 878/878/878 882/882/882 881/881/881 
f 859/859/859 857/857/857 882/882/882 
f 879/879/879 883/883/883 873/873/873 
f 872/872/872 873/873/873 883/883/883 
f 883/883/883 879/879/879 884/884/884 
f 880/880/880 884/884/884 879/879/879 
f 883/883/883 885/885/885 872/872/872 
f 872/872/872 885/885/885 871/871/871 
f 885/885/885 875/875/875 871/871/871 
f 883/883/883 886/886/886 885/885/885 
f 884/884/884 886/886/886 883/883/883 
f 875/875/875 885/885/885 887/887/887 
f 887/887/887 885/885/885 886/886/886 
f 888/888/888 875/875/875 887/887/887 
f 886/886/886 889/889/889 887/887/887 
f 889/889/889 888/888/888 887/887/887 
f 886/886/886 884/884/884 890/890/890 
f 889/889/889 886/886/886 890/890/890 
f 890/890/890 884/884/884 891/891/891 
f 884/884/884 880/880/880 891/891/891 
f 892/892/892 889/889/889 890/890/890 
f 891/891/891 892/892/892 890/890/890 
f 893/893/893 875/875/875 888/888/888 
f 893/893/893 541/541/541 875/875/875 
f 544/544/544 541/541/541 893/893/893 
f 550/550/550 544/544/544 893/893/893 
f 888/888/888 550/550/550 893/893/893 
f 550/550/550 888/888/888 894/894/894 
f 894/894/894 557/557/557 550/550/550 
f 895/895/895 894/894/894 888/888/888 
f 888/888/888 889/889/889 895/895/895 
f 557/557/557 894/894/894 896/896/896 
f 897/897/897 895/895/895 889/889/889 
f 889/889/889 892/892/892 897/897/897 
f 894/894/894 895/895/895 898/898/898 
f 898/898/898 896/896/896 894/894/894 
f 899/899/899 898/898/898 895/895/895 
f 895/895/895 897/897/897 899/899/899 
f 896/896/896 898/898/898 900/900/900 
f 896/896/896 901/901/901 557/557/557 
f 556/556/556 557/557/557 901/901/901 
f 901/901/901 560/560/560 556/556/556 
f 901/901/901 896/896/896 902/902/902 
f 900/900/900 902/902/902 896/896/896 
f 560/560/560 901/901/901 903/903/903 
f 902/902/902 903/903/903 901/901/901 
f 904/904/904 560/560/560 903/903/903 
f 560/560/560 904/904/904 714/714/714 
f 903/903/903 902/902/902 905/905/905 
f 902/902/902 900/900/900 906/906/906 
f 906/906/906 905/905/905 902/902/902 
f 907/907/907 903/903/903 905/905/905 
f 903/903/903 907/907/907 904/904/904 
f 905/905/905 906/906/906 908/908/908 
f 909/909/909 900/900/900 898/898/898 
f 898/898/898 899/899/899 909/909/909 
f 910/910/910 906/906/906 900/900/900 
f 900/900/900 909/909/909 910/910/910 
f 899/899/899 911/911/911 909/909/909 
f 911/911/911 910/910/910 909/909/909 
f 906/906/906 910/910/910 912/912/912 
f 912/912/912 908/908/908 906/906/906 
f 912/912/912 910/910/910 913/913/913 
f 911/911/911 913/913/913 910/910/910 
f 908/908/908 912/912/912 914/914/914 
f 911/911/911 899/899/899 915/915/915 
f 897/897/897 915/915/915 899/899/899 
f 913/913/913 916/916/916 912/912/912 
f 916/916/916 914/914/914 912/912/912 
f 913/913/913 911/911/911 917/917/917 
f 916/916/916 913/913/913 918/918/918 
f 917/917/917 918/918/918 913/913/913 
f 919/919/919 917/917/917 911/911/911 
f 911/911/911 915/915/915 919/919/919 
f 918/918/918 917/917/917 920/920/920 
f 917/917/917 919/919/919 921/921/921 
f 920/920/920 917/917/917 921/921/921 
f 919/919/919 915/915/915 922/922/922 
f 915/915/915 897/897/897 923/923/923 
f 915/915/915 923/923/923 922/922/922 
f 897/897/897 924/924/924 923/923/923 
f 924/924/924 897/897/897 892/892/892 
f 923/923/923 925/925/925 922/922/922 
f 925/925/925 923/923/923 924/924/924 
f 922/922/922 926/926/926 919/919/919 
f 921/921/921 919/919/919 926/926/926 
f 927/927/927 922/922/922 925/925/925 
f 922/922/922 927/927/927 926/926/926 
f 925/925/925 928/928/928 927/927/927 
f 927/927/927 929/929/929 926/926/926 
f 928/928/928 929/929/929 927/927/927 
f 926/926/926 930/930/930 921/921/921 
f 930/930/930 926/926/926 929/929/929 
f 931/931/931 921/921/921 930/930/930 
f 920/920/920 921/921/921 931/931/931 
f 932/932/932 930/930/930 929/929/929 
f 929/929/929 928/928/928 932/932/932 
f 931/931/931 930/930/930 933/933/933 
f 930/930/930 932/932/932 933/933/933 
f 934/934/934 920/920/920 931/931/931 
f 935/935/935 931/931/931 933/933/933 
f 935/935/935 934/934/934 931/931/931 
f 933/933/933 932/932/932 936/936/936 
f 936/936/936 935/935/935 933/933/933 
f 937/937/937 938/938/938 939/939/939 
f 854/854/854 940/940/940 941/941/941 
f 942/942/942 854/854/854 941/941/941 
f 854/854/854 942/942/942 851/851/851 
f 940/940/940 943/943/943 941/941/941 
f 941/941/941 944/944/944 942/942/942 
f 944/944/944 941/941/941 943/943/943 
f 945/945/945 851/851/851 942/942/942 
f 945/945/945 942/942/942 944/944/944 
f 851/851/851 945/945/945 850/850/850 
f 943/943/943 940/940/940 946/946/946 
f 940/940/940 937/937/937 946/946/946 
f 947/947/947 850/850/850 945/945/945 
f 850/850/850 947/947/947 852/852/852 
f 944/944/944 948/948/948 945/945/945 
f 947/947/947 945/945/945 948/948/948 
f 948/948/948 944/944/944 949/949/949 
f 950/950/950 852/852/852 947/947/947 
f 852/852/852 950/950/950 853/853/853 
f 947/947/947 948/948/948 951/951/951 
f 949/949/949 951/951/951 948/948/948 
f 950/950/950 947/947/947 951/951/951 
f 950/950/950 857/857/857 853/853/853 
f 857/857/857 950/950/950 952/952/952 
f 952/952/952 882/882/882 857/857/857 
f 950/950/950 951/951/951 953/953/953 
f 882/882/882 952/952/952 954/954/954 
f 954/954/954 881/881/881 882/882/882 
f 950/950/950 955/955/955 952/952/952 
f 955/955/955 950/950/950 953/953/953 
f 952/952/952 956/956/956 954/954/954 
f 956/956/956 952/952/952 955/955/955 
f 881/881/881 954/954/954 957/957/957 
f 957/957/957 880/880/880 881/881/881 
f 958/958/958 954/954/954 956/956/956 
f 954/954/954 958/958/958 957/957/957 
f 955/955/955 959/959/959 956/956/956 
f 958/958/958 956/956/956 959/959/959 
f 880/880/880 957/957/957 960/960/960 
f 958/958/958 960/960/960 957/957/957 
f 891/891/891 880/880/880 960/960/960 
f 960/960/960 958/958/958 961/961/961 
f 961/961/961 891/891/891 960/960/960 
f 961/961/961 958/958/958 962/962/962 
f 958/958/958 959/959/959 962/962/962 
f 891/891/891 961/961/961 963/963/963 
f 892/892/892 891/891/891 963/963/963 
f 961/961/961 962/962/962 964/964/964 
f 961/961/961 964/964/964 963/963/963 
f 965/965/965 892/892/892 963/963/963 
f 963/963/963 964/964/964 965/965/965 
f 892/892/892 965/965/965 924/924/924 
f 966/966/966 924/924/924 965/965/965 
f 964/964/964 966/966/966 965/965/965 
f 924/924/924 966/966/966 925/925/925 
f 928/928/928 925/925/925 966/966/966 
f 966/966/966 964/964/964 967/967/967 
f 967/967/967 928/928/928 966/966/966 
f 962/962/962 967/967/967 964/964/964 
f 928/928/928 967/967/967 968/968/968 
f 967/967/967 962/962/962 969/969/969 
f 969/969/969 968/968/968 967/967/967 
f 959/959/959 969/969/969 962/962/962 
f 968/968/968 969/969/969 970/970/970 
f 971/971/971 970/970/970 969/969/969 
f 969/969/969 959/959/959 971/971/971 
f 970/970/970 971/971/971 972/972/972 
f 973/973/973 971/971/971 959/959/959 
f 959/959/959 955/955/955 973/973/973 
f 953/953/953 973/973/973 955/955/955 
f 974/974/974 972/972/972 971/971/971 
f 971/971/971 973/973/973 974/974/974 
f 972/972/972 974/974/974 975/975/975 
f 973/973/973 953/953/953 976/976/976 
f 976/976/976 974/974/974 973/973/973 
f 977/977/977 975/975/975 974/974/974 
f 974/974/974 976/976/976 977/977/977 
f 975/975/975 977/977/977 978/978/978 
f 953/953/953 979/979/979 976/976/976 
f 979/979/979 953/953/953 951/951/951 
f 951/951/951 949/949/949 979/979/979 
f 980/980/980 976/976/976 979/979/979 
f 976/976/976 980/980/980 977/977/977 
f 977/977/977 981/981/981 978/978/978 
f 981/981/981 977/977/977 980/980/980 
f 982/982/982 978/978/978 981/981/981 
f 979/979/979 983/983/983 980/980/980 
f 983/983/983 979/979/979 949/949/949 
f 980/980/980 984/984/984 981/981/981 
f 984/984/984 980/980/980 983/983/983 
f 981/981/981 985/985/985 982/982/982 
f 985/985/985 981/981/981 984/984/984 
f 986/986/986 982/982/982 985/985/985 
f 987/987/987 986/986/986 985/985/985 
f 987/987/987 988/988/988 986/986/986 
f 984/984/984 989/989/989 985/985/985 
f 985/985/985 989/989/989 987/987/987 
f 983/983/983 990/990/990 984/984/984 
f 989/989/989 984/984/984 990/990/990 
f 990/990/990 983/983/983 991/991/991 
f 949/949/949 991/991/991 983/983/983 
f 988/988/988 987/987/987 992/992/992 
f 992/992/992 993/993/993 988/988/988 
f 993/993/993 992/992/992 994/994/994 
f 995/995/995 992/992/992 987/987/987 
f 995/995/995 987/987/987 989/989/989 
f 996/996/996 994/994/994 992/992/992 
f 992/992/992 995/995/995 996/996/996 
f 994/994/994 996/996/996 997/997/997 
f 997/997/997 998/998/998 994/994/994 
f 995/995/995 999/999/999 996/996/996 
f 989/989/989 1000/1000/1000 995/995/995 
f 1000/1000/1000 999/999/999 995/995/995 
f 990/990/990 1000/1000/1000 989/989/989 
f 996/996/996 999/999/999 1001/1001/1001 
f 997/997/997 996/996/996 1001/1001/1001 
f 1002/1002/1002 999/999/999 1000/1000/1000 
f 1002/1002/1002 1001/1001/1001 999/999/999 
f 1000/1000/1000 990/990/990 1003/1003/1003 
f 1003/1003/1003 1002/1002/1002 1000/1000/1000 
f 991/991/991 1003/1003/1003 990/990/990 
f 1002/1002/1002 1003/1003/1003 1004/1004/1004 
f 1003/1003/1003 991/991/991 1005/1005/1005 
f 1005/1005/1005 1004/1004/1004 1003/1003/1003 
f 1001/1001/1001 1002/1002/1002 1006/1006/1006 
f 1004/1004/1004 1006/1006/1006 1002/1002/1002 
f 1007/1007/1007 1001/1001/1001 1006/1006/1006 
f 997/997/997 1001/1001/1001 1007/1007/1007 
f 1006/1006/1006 1004/1004/1004 1008/1008/1008 
f 1007/1007/1007 1006/1006/1006 1008/1008/1008 
f 1009/1009/1009 997/997/997 1007/1007/1007 
f 998/998/998 997/997/997 1009/1009/1009 
f 1009/1009/1009 1010/1010/1010 998/998/998 
f 1009/1009/1009 1007/1007/1007 1011/1011/1011 
f 1008/1008/1008 1011/1011/1011 1007/1007/1007 
f 1010/1010/1010 1009/1009/1009 1012/1012/1012 
f 1011/1011/1011 1012/1012/1012 1009/1009/1009 
f 1013/1013/1013 1010/1010/1010 1012/1012/1012 
f 1012/1012/1012 939/939/939 1013/1013/1013 
f 1012/1012/1012 1011/1011/1011 1014/1014/1014 
f 939/939/939 1012/1012/1012 1014/1014/1014 
f 1008/1008/1008 1015/1015/1015 1011/1011/1011 
f 1015/1015/1015 1014/1014/1014 1011/1011/1011 
f 1004/1004/1004 1015/1015/1015 1008/1008/1008 
f 1016/1016/1016 939/939/939 1014/1014/1014 
f 1015/1015/1015 1016/1016/1016 1014/1014/1014 
f 1016/1016/1016 937/937/937 939/939/939 
f 1004/1004/1004 1017/1017/1017 1015/1015/1015 
f 1017/1017/1017 1016/1016/1016 1015/1015/1015 
f 1004/1004/1004 1005/1005/1005 1017/1017/1017 
f 1018/1018/1018 937/937/937 1016/1016/1016 
f 1017/1017/1017 1018/1018/1018 1016/1016/1016 
f 1018/1018/1018 946/946/946 937/937/937 
f 1017/1017/1017 1019/1019/1019 1018/1018/1018 
f 946/946/946 1018/1018/1018 1019/1019/1019 
f 1019/1019/1019 1017/1017/1017 1005/1005/1005 
f 943/943/943 946/946/946 1019/1019/1019 
f 1005/1005/1005 1020/1020/1020 1019/1019/1019 
f 1019/1019/1019 1020/1020/1020 943/943/943 
f 1020/1020/1020 1005/1005/1005 991/991/991 
f 944/944/944 943/943/943 1020/1020/1020 
f 991/991/991 949/949/949 1020/1020/1020 
f 1020/1020/1020 949/949/949 944/944/944 
f 932/932/932 968/968/968 936/936/936 
f 968/968/968 932/932/932 928/928/928 
f 936/936/936 1021/1021/1021 935/935/935 
f 970/970/970 936/936/936 968/968/968 
f 936/936/936 970/970/970 1021/1021/1021 
f 935/935/935 1021/1021/1021 1022/1022/1022 
f 934/934/934 935/935/935 1022/1022/1022 
f 972/972/972 1021/1021/1021 970/970/970 
f 1023/1023/1023 920/920/920 934/934/934 
f 1023/1023/1023 918/918/918 920/920/920 
f 1022/1022/1022 1024/1024/1024 934/934/934 
f 1024/1024/1024 1023/1023/1023 934/934/934 
f 1021/1021/1021 1025/1025/1025 1022/1022/1022 
f 1021/1021/1021 972/972/972 1025/1025/1025 
f 1024/1024/1024 1022/1022/1022 1026/1026/1026 
f 1022/1022/1022 1025/1025/1025 1026/1026/1026 
f 1027/1027/1027 918/918/918 1023/1023/1023 
f 918/918/918 1027/1027/1027 916/916/916 
f 1028/1028/1028 1023/1023/1023 1024/1024/1024 
f 1023/1023/1023 1028/1028/1028 1027/1027/1027 
f 1029/1029/1029 1028/1028/1028 1024/1024/1024 
f 1026/1026/1026 1029/1029/1029 1024/1024/1024 
f 1027/1027/1027 1030/1030/1030 916/916/916 
f 916/916/916 1030/1030/1030 914/914/914 
f 1031/1031/1031 1027/1027/1027 1028/1028/1028 
f 1027/1027/1027 1031/1031/1031 1030/1030/1030 
f 1032/1032/1032 1028/1028/1028 1029/1029/1029 
f 1028/1028/1028 1032/1032/1032 1031/1031/1031 
f 1029/1029/1029 1026/1026/1026 1033/1033/1033 
f 1029/1029/1029 1034/1034/1034 1032/1032/1032 
f 1033/1033/1033 1034/1034/1034 1029/1029/1029 
f 1035/1035/1035 1033/1033/1033 1026/1026/1026 
f 1025/1025/1025 1035/1035/1035 1026/1026/1026 
f 1034/1034/1034 1033/1033/1033 1036/1036/1036 
f 1025/1025/1025 975/975/975 1035/1035/1035 
f 975/975/975 1025/1025/1025 972/972/972 
f 1035/1035/1035 1037/1037/1037 1033/1033/1033 
f 1037/1037/1037 1036/1036/1036 1033/1033/1033 
f 978/978/978 1035/1035/1035 975/975/975 
f 1035/1035/1035 978/978/978 1037/1037/1037 
f 1037/1037/1037 1038/1038/1038 1036/1036/1036 
f 1038/1038/1038 1034/1034/1034 1036/1036/1036 
f 978/978/978 982/982/982 1037/1037/1037 
f 1038/1038/1038 1037/1037/1037 982/982/982 
f 1034/1034/1034 1038/1038/1038 1039/1039/1039 
f 1039/1039/1039 1032/1032/1032 1034/1034/1034 
f 982/982/982 986/986/986 1038/1038/1038 
f 986/986/986 1039/1039/1039 1038/1038/1038 
f 1032/1032/1032 1039/1039/1039 1040/1040/1040 
f 1040/1040/1040 1031/1031/1031 1032/1032/1032 
f 1039/1039/1039 986/986/986 988/988/988 
f 988/988/988 1040/1040/1040 1039/1039/1039 
f 1031/1031/1031 1040/1040/1040 1041/1041/1041 
f 1041/1041/1041 1030/1030/1030 1031/1031/1031 
f 1040/1040/1040 988/988/988 993/993/993 
f 993/993/993 1041/1041/1041 1040/1040/1040 
f 1030/1030/1030 1041/1041/1041 1042/1042/1042 
f 1042/1042/1042 914/914/914 1030/1030/1030 
f 1041/1041/1041 993/993/993 1043/1043/1043 
f 1043/1043/1043 1042/1042/1042 1041/1041/1041 
f 914/914/914 1042/1042/1042 1044/1044/1044 
f 1044/1044/1044 908/908/908 914/914/914 
f 1042/1042/1042 1043/1043/1043 1045/1045/1045 
f 1045/1045/1045 1044/1044/1044 1042/1042/1042 
f 908/908/908 1044/1044/1044 1046/1046/1046 
f 1046/1046/1046 905/905/905 908/908/908 
f 905/905/905 1046/1046/1046 907/907/907 
f 1047/1047/1047 1046/1046/1046 1044/1044/1044 
f 1044/1044/1044 1045/1045/1045 1047/1047/1047 
f 1048/1048/1048 907/907/907 1046/1046/1046 
f 1046/1046/1046 1047/1047/1047 1048/1048/1048 
f 907/907/907 1048/1048/1048 1049/1049/1049 
f 1049/1049/1049 904/904/904 907/907/907 
f 1050/1050/1050 1048/1048/1048 1047/1047/1047 
f 1010/1010/1010 1047/1047/1047 1045/1045/1045 
f 1047/1047/1047 1010/1010/1010 1050/1050/1050 
f 998/998/998 1045/1045/1045 1043/1043/1043 
f 1045/1045/1045 998/998/998 1010/1010/1010 
f 1043/1043/1043 994/994/994 998/998/998 
f 994/994/994 1043/1043/1043 993/993/993 
f 1048/1048/1048 1050/1050/1050 1051/1051/1051 
f 1051/1051/1051 1049/1049/1049 1048/1048/1048 
f 1013/1013/1013 1051/1051/1051 1050/1050/1050 
f 1010/1010/1010 1013/1013/1013 1050/1050/1050 
f 1049/1049/1049 1051/1051/1051 1052/1052/1052 
f 904/904/904 1049/1049/1049 1053/1053/1053 
f 1052/1052/1052 1053/1053/1053 1049/1049/1049 
f 1053/1053/1053 714/714/714 904/904/904 
f 714/714/714 1053/1053/1053 715/715/715 
f 718/718/718 715/715/715 1053/1053/1053 
f 1053/1053/1053 1052/1052/1052 718/718/718 
f 1054/1054/1054 1052/1052/1052 1051/1051/1051 
f 1051/1051/1051 1013/1013/1013 1054/1054/1054 
f 1055/1055/1055 718/718/718 1052/1052/1052 
f 1052/1052/1052 1054/1054/1054 1055/1055/1055 
f 939/939/939 1054/1054/1054 1013/1013/1013 
f 718/718/718 1055/1055/1055 1056/1056/1056 
f 718/718/718 1056/1056/1056 719/719/719 
f 723/723/723 719/719/719 1056/1056/1056 
f 1056/1056/1056 1057/1057/1057 723/723/723 
f 1057/1057/1057 1056/1056/1056 1055/1055/1055 
f 731/731/731 723/723/723 1057/1057/1057 
f 938/938/938 1055/1055/1055 1054/1054/1054 
f 1054/1054/1054 939/939/939 938/938/938 
f 1055/1055/1055 1058/1058/1058 1057/1057/1057 
f 1055/1055/1055 938/938/938 1058/1058/1058 
f 731/731/731 1057/1057/1057 1059/1059/1059 
f 1059/1059/1059 1057/1057/1057 1058/1058/1058 
f 739/739/739 731/731/731 1059/1059/1059 
f 1058/1058/1058 1060/1060/1060 1059/1059/1059 
f 1060/1060/1060 1058/1058/1058 938/938/938 
f 739/739/739 1059/1059/1059 1061/1061/1061 
f 1061/1061/1061 1059/1059/1059 1060/1060/1060 
f 741/741/741 739/739/739 1061/1061/1061 
f 1061/1061/1061 1062/1062/1062 741/741/741 
f 744/744/744 741/741/741 1062/1062/1062 
f 854/854/854 744/744/744 1062/1062/1062 
f 1062/1062/1062 1061/1061/1061 1063/1063/1063 
f 1061/1061/1061 1060/1060/1060 1063/1063/1063 
f 1063/1063/1063 854/854/854 1062/1062/1062 
f 1064/1064/1064 1063/1063/1063 1060/1060/1060 
f 1060/1060/1060 938/938/938 1064/1064/1064 
f 854/854/854 1063/1063/1063 940/940/940 
f 1064/1064/1064 940/940/940 1063/1063/1063 
f 938/938/938 937/937/937 1064/1064/1064 
f 940/940/940 1064/1064/1064 937/937/937 
# mm_gid 24
g mmGroup24
f 1065/1065/1065 1066/1066/1066 1067/1067/1067 
f 1068/1068/1068 1069/1069/1069 1070/1070/1070 
f 1071/1071/1071 1072/1072/1072 1073/1073/1073 
f 1074/1074/1074 1075/1075/1075 1076/1076/1076 
f 1075/1075/1075 1077/1077/1077 1076/1076/1076 
f 1078/1078/1078 1079/1079/1079 4718/1075/4718 
f 1079/1079/1079 1078/1078/1078 1080/1080/1080 
f 1081/1081/1081 1082/1082/1082 1083/1083/1083 
f 1084/1084/1084 4719/1081/4719 1085/1085/1085 
f 4719/1081/4719 1086/1086/1086 1085/1085/1085 
f 1086/1086/1086 1087/1087/1087 1085/1085/1085 
f 1088/1088/1088 1089/1089/1089 1090/1090/1090 
f 1089/1089/1089 1088/1088/1088 1091/1091/1091 
f 1092/1092/1092 1093/1093/1093 1094/1094/1094 
f 1093/1093/1093 1092/1092/1092 1095/1095/1095 
f 1096/1096/1096 1097/1097/1097 1098/1098/1098 
f 4720/1098/4720 1099/1099/1099 1100/1100/1100 
f 1099/1099/1099 1101/1101/1101 1100/1100/1100 
f 1102/1102/1102 1103/1103/1103 1104/1104/1104 
f 1103/1103/1103 1102/1102/1102 1105/1105/1105 
f 4721/1105/4721 1106/1106/1106 4722/1107/4722 
f 1107/1107/1107 1108/1108/1108 1109/1109/1109 
f 1110/1110/1110 4723/1109/4723 1111/1111/1111 
f 4724/1111/4724 1112/1112/1112 4725/1113/4725 
f 1114/1114/1114 1110/1110/1110 1111/1111/1111 
f 1114/1114/1114 1113/1113/1113 1115/1115/1115 
f 1110/1110/1110 1114/1114/1114 1116/1116/1116 
f 1117/1117/1117 1114/1114/1114 1115/1115/1115 
f 1118/1118/1118 1116/1116/1116 1114/1114/1114 
f 1114/1114/1114 1117/1117/1117 1118/1118/1118 
f 1119/1119/1119 1120/1120/1120 1121/1121/1121 
f 1121/1121/1121 1122/1122/1122 1119/1119/1119 
f 1123/1123/1123 1124/1124/1124 1125/1125/1125 
f 1126/1126/1126 1127/1127/1127 1128/1128/1128 
f 1128/1128/1128 1127/1127/1127 1129/1129/1129 
f 1127/1127/1127 1126/1126/1126 1130/1130/1130 
f 1130/1130/1130 1126/1126/1126 1131/1131/1131 
f 4726/1130/4726 1132/1132/1132 4727/1133/4727 
f 1134/1134/1134 1135/1135/1135 1133/1133/1133 
f 1136/1136/1136 1137/1137/1137 1138/1138/1138 
f 1138/1138/1138 1137/1137/1137 1139/1139/1139 
f 1140/1140/1140 1141/1141/1141 1142/1142/1142 
f 1143/1143/1143 1140/1140/1140 1142/1142/1142 
f 4730/1144/4730 1145/1145/1145 4729/1143/4729 
f 1146/1146/1146 1147/1147/1147 4728/1142/4728 
f 1147/1147/1147 1146/1146/1146 1148/1148/1148 
f 1149/1149/1149 1150/1150/1150 1144/1144/1144 
f 1150/1150/1150 1149/1149/1149 1151/1151/1151 
f 1152/1152/1152 4731/1148/4731 1153/1153/1153 
f 1152/1152/1152 1153/1153/1153 1154/1154/1154 
f 4734/1155/4734 4732/1151/4732 4733/1152/4733 
f 1156/1156/1156 1157/1157/1157 1155/1155/1155 
f 1157/1157/1157 1156/1156/1156 1158/1158/1158 
f 1159/1159/1159 1160/1160/1160 1161/1161/1161 
f 1159/1159/1159 1161/1161/1161 1162/1162/1162 
f 1163/1163/1163 1164/1164/1164 4735/1160/4735 
f 1164/1164/1164 1163/1163/1163 1165/1165/1165 
f 1166/1166/1166 1165/1165/1165 1163/1163/1163 
f 4737/1167/4737 1168/1168/1168 4736/1165/4736 
f 1167/1167/1167 1169/1169/1169 1170/1170/1170 
f 1171/1171/1171 1172/1172/1172 1173/1173/1173 
f 1172/1172/1172 1171/1171/1171 1174/1174/1174 
f 1175/1175/1175 1176/1176/1176 1177/1177/1177 
f 1178/1178/1178 1175/1175/1175 1177/1177/1177 
f 1177/1177/1177 1179/1179/1179 1178/1178/1178 
f 1179/1179/1179 1177/1177/1177 1180/1180/1180 
f 1180/1180/1180 1181/1181/1181 1179/1179/1179 
f 4739/1180/4739 1182/1182/1182 1183/1183/1183 
f 1184/1184/1184 4738/1178/4738 1185/1185/1185 
f 4738/1178/4738 1184/1184/1184 1186/1186/1186 
f 1187/1187/1187 1188/1188/1188 1189/1189/1189 
f 1188/1188/1188 1187/1187/1187 1190/1190/1190 
f 1191/1191/1191 1192/1192/1192 1193/1193/1193 
f 1192/1192/1192 1194/1194/1194 1193/1193/1193 
f 1195/1195/1195 1196/1196/1196 1197/1197/1197 
f 1195/1195/1195 1197/1197/1197 1198/1198/1198 
f 1199/1199/1199 1200/1200/1200 4740/1198/4740 
f 1200/1200/1200 1199/1199/1199 1201/1201/1201 
f 1202/1202/1202 1203/1203/1203 1204/1204/1204 
f 1203/1203/1203 1202/1202/1202 1205/1205/1205 
f 1206/1206/1206 1207/1207/1207 4741/1204/4741 
f 1207/1207/1207 1206/1206/1206 1208/1208/1208 
f 1209/1209/1209 1210/1210/1210 1211/1211/1211 
f 1210/1210/1210 1212/1212/1212 1211/1211/1211 
f 1213/1213/1213 1214/1214/1214 1215/1215/1215 
f 1216/1216/1216 1215/1215/1215 1214/1214/1214 
f 1217/1217/1217 1218/1218/1218 1219/1219/1219 
f 1218/1218/1218 1217/1217/1217 1220/1220/1220 
f 1221/1221/1221 1222/1222/1222 4742/1220/4742 
f 1222/1222/1222 1221/1221/1221 1223/1223/1223 
f 1224/1224/1224 1225/1225/1225 1226/1226/1226 
f 1226/1226/1226 1227/1227/1227 1224/1224/1224 
f 1228/1228/1228 1229/1229/1229 1230/1230/1230 
f 1229/1229/1229 1228/1228/1228 1231/1231/1231 
f 1232/1232/1232 1233/1233/1233 1234/1234/1234 
f 1233/1233/1233 1232/1232/1232 1235/1235/1235 
f 1236/1236/1236 1237/1237/1237 4743/1234/4743 
f 1237/1237/1237 1236/1236/1236 1238/1238/1238 
f 1239/1239/1239 1240/1240/1240 1241/1241/1241 
f 1240/1240/1240 1239/1239/1239 1242/1242/1242 
f 1243/1243/1243 1244/1244/1244 1245/1245/1245 
f 1244/1244/1244 1246/1246/1246 1245/1245/1245 
f 1247/1247/1247 1248/1248/1248 1249/1249/1249 
f 1248/1248/1248 1247/1247/1247 1250/1250/1250 
f 1251/1251/1251 1252/1252/1252 4744/1248/4744 
f 1252/1252/1252 1251/1251/1251 1253/1253/1253 
f 1254/1254/1254 1255/1255/1255 1256/1256/1256 
f 1255/1255/1255 1254/1254/1254 1257/1257/1257 
f 1258/1258/1258 4745/1256/4745 1259/1259/1259 
f 1258/1258/1258 1259/1259/1259 1260/1260/1260 
f 1261/1261/1261 1262/1262/1262 1263/1263/1263 
f 1262/1262/1262 1261/1261/1261 1264/1264/1264 
f 1265/1265/1265 1266/1266/1266 1267/1267/1267 
f 1268/1268/1268 1267/1267/1267 1266/1266/1266 
f 1269/1269/1269 1270/1270/1270 1271/1271/1271 
f 1270/1270/1270 1269/1269/1269 1272/1272/1272 
f 1273/1273/1273 1274/1274/1274 1275/1275/1275 
f 1274/1274/1274 1273/1273/1273 1276/1276/1276 
f 1277/1277/1277 1278/1278/1278 1279/1279/1279 
f 1278/1278/1278 1277/1277/1277 1280/1280/1280 
f 1281/1281/1281 1282/1282/1282 1283/1283/1283 
f 1283/1283/1283 1284/1284/1284 1281/1281/1281 
f 1285/1285/1285 1286/1286/1286 1287/1287/1287 
f 1286/1286/1286 1285/1285/1285 1288/1288/1288 
f 1289/1289/1289 1290/1290/1290 4746/1286/4746 
f 1290/1290/1290 1289/1289/1289 1291/1291/1291 
f 4747/1291/4747 1292/1292/1292 1293/1293/1293 
f 1292/1292/1292 4747/1291/4747 4748/1294/4748 
f 1294/1294/1294 1295/1295/1295 1296/1296/1296 
f 1297/1297/1297 1296/1296/1296 1295/1295/1295 
f 1298/1298/1298 1299/1299/1299 1300/1300/1300 
f 1299/1299/1299 1298/1298/1298 1301/1301/1301 
f 1302/1302/1302 1303/1303/1303 1304/1304/1304 
f 1303/1303/1303 1302/1302/1302 1305/1305/1305 
f 1306/1306/1306 1307/1307/1307 4749/1304/4749 
f 1308/1308/1308 1307/1307/1307 1306/1306/1306 
f 1309/1309/1309 1310/1310/1310 1311/1311/1311 
f 1310/1310/1310 1309/1309/1309 1312/1312/1312 
f 1313/1313/1313 1314/1314/1314 4750/1312/4750 
f 1314/1314/1314 1313/1313/1313 1315/1315/1315 
f 1316/1316/1316 1317/1317/1317 1318/1318/1318 
f 1317/1317/1317 1316/1316/1316 1319/1319/1319 
f 1320/1320/1320 1321/1321/1321 4751/1318/4751 
f 1321/1321/1321 1320/1320/1320 1322/1322/1322 
f 4752/1320/4752 1323/1323/1323 1324/1324/1324 
f 1323/1323/1323 4752/1320/4752 1325/1325/1325 
f 1326/1326/1326 1327/1327/1327 1328/1328/1328 
f 1327/1327/1327 1326/1326/1326 1329/1329/1329 
f 4753/1328/4753 1330/1330/1330 1331/1331/1331 
f 1332/1332/1332 1331/1331/1331 1330/1330/1330 
f 1333/1333/1333 1334/1334/1334 1335/1335/1335 
f 1335/1335/1335 1334/1334/1334 1336/1336/1336 
f 1337/1337/1337 1338/1338/1338 4754/1336/4754 
f 1338/1338/1338 1337/1337/1337 1339/1339/1339 
f 1340/1340/1340 1341/1341/1341 1342/1342/1342 
f 1341/1341/1341 1340/1340/1340 1343/1343/1343 
f 1344/1344/1344 1345/1345/1345 1346/1346/1346 
f 1345/1345/1345 1344/1344/1344 1347/1347/1347 
f 1348/1348/1348 1349/1349/1349 1350/1350/1350 
f 1351/1351/1351 1350/1350/1350 1349/1349/1349 
f 1352/1352/1352 1353/1353/1353 1354/1354/1354 
f 1353/1353/1353 1355/1355/1355 1354/1354/1354 
f 1356/1356/1356 1357/1357/1357 1358/1358/1358 
f 1358/1358/1358 1357/1357/1357 1359/1359/1359 
f 1360/1360/1360 1361/1361/1361 1362/1362/1362 
f 1361/1361/1361 1360/1360/1360 1363/1363/1363 
f 1364/1364/1364 4755/1362/4755 1365/1365/1365 
f 1364/1364/1364 1365/1365/1365 1366/1366/1366 
f 1367/1367/1367 1368/1368/1368 1369/1369/1369 
f 1370/1370/1370 1368/1368/1368 1367/1367/1367 
f 1371/1371/1371 1372/1372/1372 4756/1367/4756 
f 1372/1372/1372 1371/1371/1371 1373/1373/1373 
f 1374/1374/1374 1375/1375/1375 1376/1376/1376 
f 1375/1375/1375 1374/1374/1374 1377/1377/1377 
f 1378/1378/1378 1379/1379/1379 1380/1380/1380 
f 1379/1379/1379 1378/1378/1378 1381/1381/1381 
f 4757/1378/4757 1382/1382/1382 1383/1383/1383 
f 1382/1382/1382 4757/1378/4757 1384/1384/1384 
f 1385/1385/1385 1386/1386/1386 1387/1387/1387 
f 1388/1388/1388 1389/1389/1389 1390/1390/1390 
f 1389/1389/1389 1388/1388/1388 1391/1391/1391 
f 1392/1392/1392 1393/1393/1393 1394/1394/1394 
f 1395/1395/1395 1396/1396/1396 1397/1397/1397 
f 1395/1395/1395 1397/1397/1397 1398/1398/1398 
f 1399/1399/1399 1400/1400/1400 1401/1401/1401 
f 1399/1399/1399 1401/1401/1401 1402/1402/1402 
f 1403/1403/1403 1404/1404/1404 1405/1405/1405 
f 1404/1404/1404 1403/1403/1403 1406/1406/1406 
f 1407/1407/1407 1408/1408/1408 1409/1409/1409 
f 1408/1408/1408 1407/1407/1407 1410/1410/1410 
f 1411/1411/1411 1412/1412/1412 1413/1413/1413 
f 1412/1412/1412 1411/1411/1411 1414/1414/1414 
f 1415/1415/1415 1416/1416/1416 1417/1417/1417 
f 1416/1416/1416 1415/1415/1415 1418/1418/1418 
f 4758/1417/4758 1419/1419/1419 1420/1420/1420 
f 1419/1419/1419 4758/1417/4758 1421/1421/1421 
f 1422/1422/1422 1423/1423/1423 1424/1424/1424 
f 1424/1424/1424 1425/1425/1425 1422/1422/1422 
f 1426/1426/1426 1427/1427/1427 1428/1428/1428 
f 1427/1427/1427 1426/1426/1426 1429/1429/1429 
f 1430/1430/1430 1431/1431/1431 1432/1432/1432 
f 1431/1431/1431 1430/1430/1430 1433/1433/1433 
f 1434/1434/1434 1435/1435/1435 1436/1436/1436 
f 1435/1435/1435 1434/1434/1434 1437/1437/1437 
f 1438/1438/1438 1439/1439/1439 1440/1440/1440 
f 1439/1439/1439 1438/1438/1438 1441/1441/1441 
f 1442/1442/1442 1443/1443/1443 1444/1444/1444 
f 1443/1443/1443 1442/1442/1442 1445/1445/1445 
f 1446/1446/1446 4759/1443/4759 1447/1447/1447 
f 1447/1447/1447 1448/1448/1448 1446/1446/1446 
f 1449/1449/1449 4761/1448/4761 4760/1445/4760 
f 1450/1450/1450 1449/1449/1449 4760/1445/4760 
f 1451/1451/1451 1452/1452/1452 1453/1453/1453 
f 1452/1452/1452 1451/1451/1451 1454/1454/1454 
f 1455/1455/1455 1456/1456/1456 1457/1457/1457 
f 1456/1456/1456 1455/1455/1455 1458/1458/1458 
f 1459/1459/1459 1460/1460/1460 1461/1461/1461 
f 1460/1460/1460 1459/1459/1459 1462/1462/1462 
f 1463/1463/1463 1464/1464/1464 1465/1465/1465 
f 1464/1464/1464 1463/1463/1463 1466/1466/1466 
f 1467/1467/1467 1468/1468/1468 1469/1469/1469 
f 1468/1468/1468 1470/1470/1470 1469/1469/1469 
f 1471/1471/1471 1472/1472/1472 1473/1473/1473 
f 1472/1472/1472 1471/1471/1471 1474/1474/1474 
f 4762/1471/4762 1475/1475/1475 1476/1476/1476 
f 4762/1471/4762 1477/1477/1477 1475/1475/1475 
f 1478/1478/1478 1479/1479/1479 1480/1480/1480 
f 1479/1479/1479 1478/1478/1478 1481/1481/1481 
f 1482/1482/1482 1483/1483/1483 1484/1484/1484 
f 1483/1483/1483 1482/1482/1482 1485/1485/1485 
f 1486/1486/1486 1487/1487/1487 1488/1488/1488 
f 1487/1487/1487 1489/1489/1489 1488/1488/1488 
f 1490/1490/1490 1491/1491/1491 1492/1492/1492 
f 1490/1490/1490 1492/1492/1492 1493/1493/1493 
f 4763/1493/4763 1494/1494/1494 1495/1495/1495 
f 1495/1495/1495 1496/1496/1496 4763/1493/4763 
f 1497/1497/1497 1498/1498/1498 1499/1499/1499 
f 1498/1498/1498 1497/1497/1497 1500/1500/1500 
f 1501/1501/1501 1502/1502/1502 4764/1499/4764 
f 1501/1501/1501 1503/1503/1503 1502/1502/1502 
f 1504/1504/1504 1505/1505/1505 4765/1500/4765 
f 1505/1505/1505 1504/1504/1504 1506/1506/1506 
f 1507/1507/1507 1508/1508/1508 1509/1509/1509 
f 1508/1508/1508 1507/1507/1507 1510/1510/1510 
f 1511/1511/1511 1512/1512/1512 1513/1513/1513 
f 1512/1512/1512 1511/1511/1511 1514/1514/1514 
f 4766/1512/4766 1515/1515/1515 1516/1516/1516 
f 1515/1515/1515 1517/1517/1517 1516/1516/1516 
f 1518/1518/1518 1519/1519/1519 4767/1516/4767 
f 4767/1516/4767 4768/1520/4768 1518/1518/1518 
f 1520/1520/1520 1521/1521/1521 1522/1522/1522 
f 1520/1520/1520 1522/1522/1522 1523/1523/1523 
f 1524/1524/1524 1525/1525/1525 1526/1526/1526 
f 1525/1525/1525 1524/1524/1524 1527/1527/1527 
f 1528/1528/1528 1529/1529/1529 1530/1530/1530 
f 1529/1529/1529 1528/1528/1528 1531/1531/1531 
f 1532/1532/1532 1533/1533/1533 1534/1534/1534 
f 1533/1533/1533 1532/1532/1532 1535/1535/1535 
f 1536/1536/1536 1537/1537/1537 4769/1534/4769 
f 1537/1537/1537 1536/1536/1536 1538/1538/1538 
f 1539/1539/1539 1540/1540/1540 1541/1541/1541 
f 1540/1540/1540 1539/1539/1539 1542/1542/1542 
f 1543/1543/1543 1544/1544/1544 4770/1542/4770 
f 1544/1544/1544 1543/1543/1543 1545/1545/1545 
f 1546/1546/1546 1547/1547/1547 1548/1548/1548 
f 1547/1547/1547 1546/1546/1546 1549/1549/1549 
f 1550/1550/1550 1551/1551/1551 1552/1552/1552 
f 1553/1553/1553 1551/1551/1551 1550/1550/1550 
f 1554/1554/1554 1555/1555/1555 1556/1556/1556 
f 1555/1555/1555 1554/1554/1554 1557/1557/1557 
f 1558/1558/1558 1559/1559/1559 1560/1560/1560 
f 1559/1559/1559 1558/1558/1558 1561/1561/1561 
f 1562/1562/1562 1563/1563/1563 4771/1559/4771 
f 1563/1563/1563 1562/1562/1562 1564/1564/1564 
f 1565/1565/1565 1566/1566/1566 1567/1567/1567 
f 1566/1566/1566 1565/1565/1565 1568/1568/1568 
f 1569/1569/1569 1570/1570/1570 1571/1571/1571 
f 1570/1570/1570 1569/1569/1569 1572/1572/1572 
f 1573/1573/1573 1574/1574/1574 1575/1575/1575 
f 1574/1574/1574 1573/1573/1573 1576/1576/1576 
f 1577/1577/1577 1578/1578/1578 1579/1579/1579 
f 1578/1578/1578 1577/1577/1577 1580/1580/1580 
f 1581/1581/1581 1582/1582/1582 1583/1583/1583 
f 1582/1582/1582 1581/1581/1581 1584/1584/1584 
f 1585/1585/1585 1586/1586/1586 4774/1583/4774 
f 1586/1586/1586 1585/1585/1585 1587/1587/1587 
f 4775/1587/4775 1588/1588/1588 1589/1589/1589 
f 4772/1560/4772 4775/1587/4775 1589/1589/1589 
f 4772/1560/4772 1589/1589/1589 1590/1590/1590 
f 1591/1591/1591 1590/1590/1590 1589/1589/1589 
f 1592/1592/1592 4776/1591/4776 1593/1593/1593 
f 4776/1591/4776 1592/1592/1592 1594/1594/1594 
f 1595/1595/1595 1596/1596/1596 4773/1560/4773 
f 1596/1596/1596 1595/1595/1595 1597/1597/1597 
f 1598/1598/1598 4777/1597/4777 1599/1599/1599 
f 1600/1600/1600 1598/1598/1598 1599/1599/1599 
f 1601/1601/1601 4778/1600/4778 1602/1602/1602 
f 1603/1603/1603 1601/1601/1601 1602/1602/1602 
f 1604/1604/1604 1605/1605/1605 1606/1606/1606 
f 1605/1605/1605 1604/1604/1604 1607/1607/1607 
f 1608/1608/1608 1609/1609/1609 1610/1610/1610 
f 1611/1611/1611 1610/1610/1610 1609/1609/1609 
f 1612/1612/1612 1613/1613/1613 1614/1614/1614 
f 1613/1613/1613 1612/1612/1612 1615/1615/1615 
f 1616/1616/1616 1617/1617/1617 1618/1618/1618 
f 1617/1617/1617 1616/1616/1616 1619/1619/1619 
f 1620/1620/1620 1621/1621/1621 1622/1622/1622 
f 1621/1621/1621 1620/1620/1620 1623/1623/1623 
f 1624/1624/1624 1625/1625/1625 1626/1626/1626 
f 1624/1624/1624 1626/1626/1626 1627/1627/1627 
f 1628/1628/1628 1629/1629/1629 1630/1630/1630 
f 1629/1629/1629 1628/1628/1628 1631/1631/1631 
f 1632/1632/1632 1633/1633/1633 1634/1634/1634 
f 1633/1633/1633 1632/1632/1632 1635/1635/1635 
f 1636/1636/1636 1637/1637/1637 1638/1638/1638 
f 1637/1637/1637 1639/1639/1639 1638/1638/1638 
f 1640/1640/1640 1641/1641/1641 1642/1642/1642 
f 1641/1641/1641 1640/1640/1640 1643/1643/1643 
f 1644/1644/1644 1645/1645/1645 1646/1646/1646 
f 1645/1645/1645 1644/1644/1644 1647/1647/1647 
f 1648/1648/1648 1649/1649/1649 1650/1650/1650 
f 1649/1649/1649 1648/1648/1648 1651/1651/1651 
f 1652/1652/1652 1653/1653/1653 1654/1654/1654 
f 1653/1653/1653 1652/1652/1652 1655/1655/1655 
f 1656/1656/1656 1657/1657/1657 1658/1658/1658 
f 1657/1657/1657 1656/1656/1656 1659/1659/1659 
f 1660/1660/1660 1661/1661/1661 1662/1662/1662 
f 1660/1660/1660 1662/1662/1662 1663/1663/1663 
f 1664/1664/1664 1665/1665/1665 1666/1666/1666 
f 1665/1665/1665 1664/1664/1664 1667/1667/1667 
f 1668/1668/1668 1667/1667/1667 1664/1664/1664 
f 1667/1667/1667 1668/1668/1668 1669/1669/1669 
f 1670/1670/1670 1671/1671/1671 1672/1672/1672 
f 1672/1672/1672 1673/1673/1673 1670/1670/1670 
f 4779/1671/4779 1674/1674/1674 1675/1675/1675 
f 1675/1675/1675 1674/1674/1674 1676/1676/1676 
f 1677/1677/1677 1678/1678/1678 1679/1679/1679 
f 1678/1678/1678 1677/1677/1677 1680/1680/1680 
f 1681/1681/1681 4780/1680/4780 1682/1682/1682 
f 1681/1681/1681 1682/1682/1682 1683/1683/1683 
f 1684/1684/1684 1685/1685/1685 1686/1686/1686 
f 1685/1685/1685 1684/1684/1684 1687/1687/1687 
f 1688/1688/1688 4781/1687/4781 1689/1689/1689 
f 4781/1687/4781 1688/1688/1688 1690/1690/1690 
f 1691/1691/1691 1692/1692/1692 1693/1693/1693 
f 1692/1692/1692 1691/1691/1691 1694/1694/1694 
f 1695/1695/1695 1696/1696/1696 1697/1697/1697 
f 1696/1696/1696 1695/1695/1695 1698/1698/1698 
f 1699/1699/1699 1700/1700/1700 1701/1701/1701 
f 1700/1700/1700 1699/1699/1699 1702/1702/1702 
f 1703/1703/1703 4782/1702/4782 1704/1704/1704 
f 4782/1702/4782 1703/1703/1703 1705/1705/1705 
f 1706/1706/1706 1707/1707/1707 4783/1702/4783 
f 1707/1707/1707 1706/1706/1706 1708/1708/1708 
f 1709/1709/1709 1710/1710/1710 1711/1711/1711 
f 1709/1709/1709 1711/1711/1711 1712/1712/1712 
f 1713/1713/1713 1714/1714/1714 1715/1715/1715 
f 1714/1714/1714 1713/1713/1713 1716/1716/1716 
f 4784/1715/4784 1717/1717/1717 1718/1718/1718 
f 1717/1717/1717 4784/1715/4784 1719/1719/1719 
f 1720/1720/1720 1721/1721/1721 1722/1722/1722 
f 1723/1723/1723 1721/1721/1721 1720/1720/1720 
f 1724/1724/1724 1725/1725/1725 1726/1726/1726 
f 1725/1725/1725 1724/1724/1724 1727/1727/1727 
f 1728/1728/1728 1729/1729/1729 1730/1730/1730 
f 1729/1729/1729 1728/1728/1728 1731/1731/1731 
f 1732/1732/1732 1733/1733/1733 1734/1734/1734 
f 1733/1733/1733 1732/1732/1732 1735/1735/1735 
f 1736/1736/1736 1737/1737/1737 1738/1738/1738 
f 1737/1737/1737 1739/1739/1739 1738/1738/1738 
f 1740/1740/1740 1741/1741/1741 1742/1742/1742 
f 1741/1741/1741 1740/1740/1740 1743/1743/1743 
f 1744/1744/1744 1745/1745/1745 4785/1743/4785 
f 1745/1745/1745 1744/1744/1744 1746/1746/1746 
f 1747/1747/1747 1748/1748/1748 1749/1749/1749 
f 1748/1748/1748 1747/1747/1747 1750/1750/1750 
f 1751/1751/1751 1752/1752/1752 4786/1750/4786 
f 1752/1752/1752 1751/1751/1751 1753/1753/1753 
f 1754/1754/1754 1755/1755/1755 1756/1756/1756 
f 1755/1755/1755 1754/1754/1754 1757/1757/1757 
f 1758/1758/1758 1759/1759/1759 1760/1760/1760 
f 1759/1759/1759 1758/1758/1758 1761/1761/1761 
f 1762/1762/1762 1763/1763/1763 1764/1764/1764 
f 1763/1763/1763 1762/1762/1762 1765/1765/1765 
f 1766/1766/1766 1767/1767/1767 1768/1768/1768 
f 1767/1767/1767 1769/1769/1769 1768/1768/1768 
f 1770/1770/1770 1771/1771/1771 1772/1772/1772 
f 1772/1772/1772 1773/1773/1773 1770/1770/1770 
f 1774/1774/1774 1775/1775/1775 1776/1776/1776 
f 1775/1775/1775 1774/1774/1774 1777/1777/1777 
f 1778/1778/1778 1779/1779/1779 1780/1780/1780 
f 1779/1779/1779 1778/1778/1778 1781/1781/1781 
f 1782/1782/1782 1783/1783/1783 1784/1784/1784 
f 1784/1784/1784 1785/1785/1785 1782/1782/1782 
f 1786/1786/1786 1787/1787/1787 1788/1788/1788 
f 1787/1787/1787 1786/1786/1786 1789/1789/1789 
f 1790/1790/1790 1791/1791/1791 1792/1792/1792 
f 1792/1792/1792 1793/1793/1793 1790/1790/1790 
f 1794/1794/1794 1795/1795/1795 1796/1796/1796 
f 1795/1795/1795 1794/1794/1794 1797/1797/1797 
f 1798/1798/1798 1799/1799/1799 1800/1800/1800 
f 1799/1799/1799 1798/1798/1798 1801/1801/1801 
f 1802/1802/1802 1803/1803/1803 1804/1804/1804 
f 1803/1803/1803 1802/1802/1802 1805/1805/1805 
f 1806/1806/1806 1807/1807/1807 1808/1808/1808 
f 1807/1807/1807 1806/1806/1806 1809/1809/1809 
f 1810/1810/1810 1811/1811/1811 1812/1812/1812 
f 1812/1812/1812 1813/1813/1813 1810/1810/1810 
f 1814/1814/1814 1815/1815/1815 1816/1816/1816 
f 1815/1815/1815 1817/1817/1817 1816/1816/1816 
f 1818/1818/1818 1819/1819/1819 1820/1820/1820 
f 1819/1819/1819 1818/1818/1818 1821/1821/1821 
f 1822/1822/1822 1823/1823/1823 1824/1824/1824 
f 1823/1823/1823 1822/1822/1822 1825/1825/1825 
f 1826/1826/1826 1827/1827/1827 1828/1828/1828 
f 1827/1827/1827 1826/1826/1826 1829/1829/1829 
f 1830/1830/1830 1831/1831/1831 1832/1832/1832 
f 1833/1833/1833 1832/1832/1832 1831/1831/1831 
f 1834/1834/1834 1835/1835/1835 1836/1836/1836 
f 1835/1835/1835 1834/1834/1834 1837/1837/1837 
f 1838/1838/1838 1839/1839/1839 1840/1840/1840 
f 1839/1839/1839 1841/1841/1841 1840/1840/1840 
f 1842/1842/1842 1843/1843/1843 1844/1844/1844 
f 1843/1843/1843 1842/1842/1842 1845/1845/1845 
f 1846/1846/1846 1847/1847/1847 4787/1842/4787 
f 1847/1847/1847 1846/1846/1846 1848/1848/1848 
f 1849/1849/1849 1850/1850/1850 1851/1851/1851 
f 1852/1852/1852 1850/1850/1850 1849/1849/1849 
f 4788/1851/4788 1853/1853/1853 1854/1854/1854 
f 1854/1854/1854 1853/1853/1853 1855/1855/1855 
f 1856/1856/1856 1857/1857/1857 1858/1858/1858 
f 1857/1857/1857 1856/1856/1856 1859/1859/1859 
f 1860/1860/1860 1861/1861/1861 1862/1862/1862 
f 1861/1861/1861 1860/1860/1860 1863/1863/1863 
f 1864/1864/1864 1865/1865/1865 1866/1866/1866 
f 1865/1865/1865 1864/1864/1864 1867/1867/1867 
f 1868/1868/1868 1869/1869/1869 1870/1870/1870 
f 1869/1869/1869 1868/1868/1868 1871/1871/1871 
f 1872/1872/1872 1873/1873/1873 1874/1874/1874 
f 1873/1873/1873 1872/1872/1872 1875/1875/1875 
f 1876/1876/1876 1877/1877/1877 1878/1878/1878 
f 1877/1877/1877 1876/1876/1876 1879/1879/1879 
f 1880/1880/1880 1881/1881/1881 1882/1882/1882 
f 1882/1882/1882 1883/1883/1883 1880/1880/1880 
# mm_gid 25
g mmGroup25
f 1884/1884/1884 1885/1885/1885 1886/1886/1886 
f 1887/1887/1887 1888/1888/1888 1889/1889/1889 
f 1890/1890/1890 1891/1891/1891 1892/1892/1892 
f 1893/1893/1893 1894/1894/1894 1895/1895/1895 
f 1896/1896/1896 1897/1897/1897 1898/1898/1898 
f 1897/1897/1897 1896/1896/1896 1899/1899/1899 
f 1900/1900/1900 1901/1901/1901 1902/1902/1902 
f 1901/1901/1901 1900/1900/1900 1903/1903/1903 
f 1904/1904/1904 1905/1905/1905 1906/1906/1906 
f 1905/1905/1905 1904/1904/1904 1907/1907/1907 
f 1908/1908/1908 1909/1909/1909 1910/1910/1910 
f 1911/1911/1911 4789/1908/4789 1912/1912/1912 
f 1913/1913/1913 1911/1911/1911 1912/1912/1912 
f 4792/1914/4792 4791/1913/4791 4793/1915/4793 
f 1915/1915/1915 1916/1916/1916 1917/1917/1917 
f 4790/1910/4790 1918/1918/1918 4794/1916/4794 
f 1918/1918/1918 4790/1910/4790 1919/1919/1919 
f 4790/1910/4790 1920/1920/1920 1919/1919/1919 
f 1921/1921/1921 1922/1922/1922 1914/1914/1914 
f 1922/1922/1922 1921/1921/1921 1923/1923/1923 
f 1924/1924/1924 1925/1925/1925 1926/1926/1926 
f 1927/1927/1927 1928/1928/1928 4795/1926/4795 
f 1928/1928/1928 1927/1927/1927 1929/1929/1929 
f 4796/1929/4796 1930/1930/1930 1931/1931/1931 
f 4796/1929/4796 1932/1932/1932 1930/1930/1930 
f 1932/1932/1932 4796/1929/4796 1933/1933/1933 
f 1933/1933/1933 1934/1934/1934 1932/1932/1932 
f 1934/1934/1934 1933/1933/1933 1935/1935/1935 
f 1936/1936/1936 1937/1937/1937 4797/1934/4797 
f 1937/1937/1937 1936/1936/1936 1938/1938/1938 
f 4798/1938/4798 1939/1939/1939 1940/1940/1940 
f 1941/1941/1941 4799/1940/4799 1942/1942/1942 
f 1939/1939/1939 1943/1943/1943 1940/1940/1940 
f 1944/1944/1944 1943/1943/1943 1939/1939/1939 
f 1939/1939/1939 1945/1945/1945 1944/1944/1944 
f 4800/1943/4800 1946/1946/1946 1947/1947/1947 
f 1948/1948/1948 4801/1944/4801 1949/1949/1949 
f 1950/1950/1950 1951/1951/1951 1952/1952/1952 
f 1952/1952/1952 1953/1953/1953 1950/1950/1950 
f 1950/1950/1950 1953/1953/1953 1954/1954/1954 
f 1954/1954/1954 1953/1953/1953 1955/1955/1955 
f 4802/1950/4802 1956/1956/1956 1957/1957/1957 
f 1956/1956/1956 4802/1950/4802 4803/1958/4803 
f 1959/1959/1959 1958/1958/1958 1960/1960/1960 
f 1959/1959/1959 1960/1960/1960 1961/1961/1961 
f 1962/1962/1962 1959/1959/1959 1961/1961/1961 
f 1961/1961/1961 1960/1960/1960 1963/1963/1963 
f 1964/1964/1964 1965/1965/1965 1966/1966/1966 
f 1965/1965/1965 1967/1967/1967 1966/1966/1966 
f 1968/1968/1968 1969/1969/1969 1970/1970/1970 
f 1971/1971/1971 1972/1972/1972 4804/1970/4804 
f 1972/1972/1972 1971/1971/1971 1973/1973/1973 
f 1974/1974/1974 1975/1975/1975 1976/1976/1976 
f 1975/1975/1975 1974/1974/1974 1977/1977/1977 
f 1978/1978/1978 1979/1979/1979 4806/1977/4806 
f 1979/1979/1979 1978/1978/1978 1980/1980/1980 
f 1981/1981/1981 4807/1980/4807 1982/1982/1982 
f 1982/1982/1982 1983/1983/1983 1981/1981/1981 
f 1983/1983/1983 1982/1982/1982 1984/1984/1984 
f 1985/1985/1985 1984/1984/1984 1982/1982/1982 
f 1983/1983/1983 1984/1984/1984 1986/1986/1986 
f 1987/1987/1987 1988/1988/1988 4808/1983/4808 
f 1988/1988/1988 1987/1987/1987 1989/1989/1989 
f 4805/1974/4805 4809/1990/4809 1991/1991/1991 
f 1991/1991/1991 1992/1992/1992 4805/1974/4805 
f 1992/1992/1992 1991/1991/1991 1993/1993/1993 
f 1994/1994/1994 1990/1990/1990 1995/1995/1995 
f 1996/1996/1996 1997/1997/1997 1998/1998/1998 
f 1996/1996/1996 1998/1998/1998 1999/1999/1999 
f 2000/2000/2000 2001/2001/2001 2002/2002/2002 
f 2003/2003/2003 2004/2004/2004 2005/2005/2005 
f 2004/2004/2004 2003/2003/2003 2006/2006/2006 
f 2007/2007/2007 2008/2008/2008 2009/2009/2009 
f 2008/2008/2008 2007/2007/2007 2010/2010/2010 
f 2011/2011/2011 2012/2012/2012 2013/2013/2013 
f 2014/2014/2014 2013/2013/2013 2012/2012/2012 
f 2015/2015/2015 2016/2016/2016 4810/2011/4810 
f 2016/2016/2016 2015/2015/2015 2017/2017/2017 
f 2018/2018/2018 2019/2019/2019 2020/2020/2020 
f 2021/2021/2021 2020/2020/2020 2019/2019/2019 
f 2022/2022/2022 2023/2023/2023 4811/2021/4811 
f 2023/2023/2023 2022/2022/2022 2024/2024/2024 
f 2025/2025/2025 2026/2026/2026 2027/2027/2027 
f 2027/2027/2027 2026/2026/2026 2028/2028/2028 
f 2029/2029/2029 2030/2030/2030 2031/2031/2031 
f 2029/2029/2029 2031/2031/2031 2032/2032/2032 
f 2033/2033/2033 2034/2034/2034 2035/2035/2035 
f 2034/2034/2034 2033/2033/2033 2036/2036/2036 
f 2037/2037/2037 2038/2038/2038 4812/2036/4812 
f 2038/2038/2038 2037/2037/2037 2039/2039/2039 
f 2040/2040/2040 2041/2041/2041 2042/2042/2042 
f 2041/2041/2041 2040/2040/2040 2043/2043/2043 
f 2044/2044/2044 2045/2045/2045 2046/2046/2046 
f 2045/2045/2045 2044/2044/2044 2047/2047/2047 
f 2048/2048/2048 2049/2049/2049 2050/2050/2050 
f 2049/2049/2049 2051/2051/2051 2050/2050/2050 
f 2052/2052/2052 4813/2048/4813 2053/2053/2053 
f 2052/2052/2052 2053/2053/2053 2054/2054/2054 
f 2055/2055/2055 2056/2056/2056 2057/2057/2057 
f 2056/2056/2056 2055/2055/2055 2058/2058/2058 
f 2059/2059/2059 2060/2060/2060 2061/2061/2061 
f 2060/2060/2060 2059/2059/2059 2062/2062/2062 
f 2063/2063/2063 2064/2064/2064 2065/2065/2065 
f 2064/2064/2064 2063/2063/2063 2066/2066/2066 
f 2067/2067/2067 2068/2068/2068 4814/2063/4814 
f 2068/2068/2068 2067/2067/2067 2069/2069/2069 
f 2070/2070/2070 2071/2071/2071 2072/2072/2072 
f 2071/2071/2071 2070/2070/2070 2073/2073/2073 
f 2074/2074/2074 2075/2075/2075 4815/2073/4815 
f 2075/2075/2075 2074/2074/2074 2076/2076/2076 
f 2077/2077/2077 2078/2078/2078 2079/2079/2079 
f 2078/2078/2078 2077/2077/2077 2080/2080/2080 
f 2081/2081/2081 2082/2082/2082 2083/2083/2083 
f 2081/2081/2081 2083/2083/2083 2084/2084/2084 
f 2085/2085/2085 2086/2086/2086 2087/2087/2087 
f 2087/2087/2087 2088/2088/2088 2085/2085/2085 
f 2089/2089/2089 2090/2090/2090 2091/2091/2091 
f 2090/2090/2090 2089/2089/2089 2092/2092/2092 
f 2093/2093/2093 2094/2094/2094 2095/2095/2095 
f 2094/2094/2094 2093/2093/2093 2096/2096/2096 
f 2097/2097/2097 2098/2098/2098 2099/2099/2099 
f 2098/2098/2098 2097/2097/2097 2100/2100/2100 
f 2101/2101/2101 2102/2102/2102 2103/2103/2103 
f 2102/2102/2102 2101/2101/2101 2104/2104/2104 
f 2105/2105/2105 4816/2102/4816 2106/2106/2106 
f 2107/2107/2107 2105/2105/2105 2106/2106/2106 
f 2108/2108/2108 4817/2107/4817 2109/2109/2109 
f 4817/2107/4817 2108/2108/2108 4818/2110/4818 
f 2111/2111/2111 2112/2112/2112 2110/2110/2110 
f 2111/2111/2111 2113/2113/2113 2112/2112/2112 
f 2114/2114/2114 2115/2115/2115 2116/2116/2116 
f 2115/2115/2115 2114/2114/2114 2117/2117/2117 
f 2118/2118/2118 2119/2119/2119 2120/2120/2120 
f 2119/2119/2119 2118/2118/2118 2121/2121/2121 
f 2122/2122/2122 4819/2120/4819 2123/2123/2123 
f 2123/2123/2123 2124/2124/2124 2122/2122/2122 
f 2125/2125/2125 2126/2126/2126 2127/2127/2127 
f 2126/2126/2126 2125/2125/2125 2128/2128/2128 
f 2129/2129/2129 2130/2130/2130 4820/2128/4820 
f 2130/2130/2130 2129/2129/2129 2131/2131/2131 
f 2132/2132/2132 2133/2133/2133 2134/2134/2134 
f 2133/2133/2133 2132/2132/2132 2135/2135/2135 
f 2136/2136/2136 2137/2137/2137 4821/2134/4821 
f 2137/2137/2137 2136/2136/2136 2138/2138/2138 
f 2139/2139/2139 4822/2137/4822 2140/2140/2140 
f 4822/2137/4822 2139/2139/2139 2141/2141/2141 
f 2142/2142/2142 2143/2143/2143 2144/2144/2144 
f 2143/2143/2143 2145/2145/2145 2144/2144/2144 
f 2146/2146/2146 4823/2142/4823 2147/2147/2147 
f 2146/2146/2146 2147/2147/2147 2148/2148/2148 
f 2149/2149/2149 2150/2150/2150 2151/2151/2151 
f 2150/2150/2150 2152/2152/2152 2151/2151/2151 
f 2153/2153/2153 2154/2154/2154 4824/2152/4824 
f 2154/2154/2154 2153/2153/2153 2155/2155/2155 
f 2156/2156/2156 2157/2157/2157 2158/2158/2158 
f 2157/2157/2157 2156/2156/2156 2159/2159/2159 
f 2160/2160/2160 2161/2161/2161 2162/2162/2162 
f 2161/2161/2161 2160/2160/2160 2163/2163/2163 
f 2164/2164/2164 2165/2165/2165 2166/2166/2166 
f 2164/2164/2164 2166/2166/2166 2167/2167/2167 
f 2168/2168/2168 2169/2169/2169 2170/2170/2170 
f 2171/2171/2171 2170/2170/2170 2169/2169/2169 
f 2172/2172/2172 2173/2173/2173 2174/2174/2174 
f 2172/2172/2172 2174/2174/2174 2175/2175/2175 
f 2176/2176/2176 2177/2177/2177 2178/2178/2178 
f 2177/2177/2177 2176/2176/2176 2179/2179/2179 
f 4825/2179/4825 2180/2180/2180 2181/2181/2181 
f 2182/2182/2182 2181/2181/2181 2180/2180/2180 
f 2183/2183/2183 2184/2184/2184 2185/2185/2185 
f 2184/2184/2184 2186/2186/2186 2185/2185/2185 
f 2187/2187/2187 2188/2188/2188 4826/2185/4826 
f 2188/2188/2188 2187/2187/2187 2189/2189/2189 
f 2190/2190/2190 2191/2191/2191 2192/2192/2192 
f 2191/2191/2191 2190/2190/2190 2193/2193/2193 
f 2194/2194/2194 2195/2195/2195 2196/2196/2196 
f 2195/2195/2195 2194/2194/2194 2197/2197/2197 
f 2198/2198/2198 4827/2195/4827 2199/2199/2199 
f 4827/2195/4827 2198/2198/2198 2200/2200/2200 
f 2201/2201/2201 2202/2202/2202 2203/2203/2203 
f 2204/2204/2204 2205/2205/2205 2206/2206/2206 
f 2205/2205/2205 2204/2204/2204 2207/2207/2207 
f 2208/2208/2208 2209/2209/2209 2210/2210/2210 
f 2211/2211/2211 2212/2212/2212 2213/2213/2213 
f 2212/2212/2212 2211/2211/2211 2214/2214/2214 
f 2215/2215/2215 2216/2216/2216 2217/2217/2217 
f 2218/2218/2218 2217/2217/2217 2216/2216/2216 
f 2219/2219/2219 2220/2220/2220 2221/2221/2221 
f 2220/2220/2220 2219/2219/2219 2222/2222/2222 
f 2223/2223/2223 2224/2224/2224 2225/2225/2225 
f 2224/2224/2224 2223/2223/2223 2226/2226/2226 
f 2227/2227/2227 2228/2228/2228 2229/2229/2229 
f 2227/2227/2227 2229/2229/2229 2230/2230/2230 
f 2231/2231/2231 2232/2232/2232 2233/2233/2233 
f 2232/2232/2232 2231/2231/2231 2234/2234/2234 
f 2235/2235/2235 4828/2233/4828 2236/2236/2236 
f 4828/2233/4828 2235/2235/2235 2237/2237/2237 
f 2238/2238/2238 2239/2239/2239 2240/2240/2240 
f 2239/2239/2239 2238/2238/2238 2241/2241/2241 
f 2242/2242/2242 2243/2243/2243 2244/2244/2244 
f 2243/2243/2243 2242/2242/2242 2245/2245/2245 
f 2246/2246/2246 2247/2247/2247 2248/2248/2248 
f 2247/2247/2247 2246/2246/2246 2249/2249/2249 
f 2250/2250/2250 2251/2251/2251 2252/2252/2252 
f 2251/2251/2251 2250/2250/2250 2253/2253/2253 
f 2254/2254/2254 2255/2255/2255 2256/2256/2256 
f 2255/2255/2255 2254/2254/2254 2257/2257/2257 
f 2258/2258/2258 2259/2259/2259 2260/2260/2260 
f 2259/2259/2259 2258/2258/2258 2261/2261/2261 
f 4830/2260/4830 2262/2262/2262 2263/2263/2263 
f 2262/2262/2262 4830/2260/4830 4831/2264/4831 
f 2265/2265/2265 2266/2266/2266 4829/2259/4829 
f 2266/2266/2266 2265/2265/2265 2264/2264/2264 
f 2267/2267/2267 2268/2268/2268 2269/2269/2269 
f 2268/2268/2268 2267/2267/2267 2270/2270/2270 
f 2271/2271/2271 2272/2272/2272 2273/2273/2273 
f 2271/2271/2271 2273/2273/2273 2274/2274/2274 
f 2275/2275/2275 2276/2276/2276 2277/2277/2277 
f 2275/2275/2275 2277/2277/2277 2278/2278/2278 
f 2279/2279/2279 2280/2280/2280 2281/2281/2281 
f 2280/2280/2280 2279/2279/2279 2282/2282/2282 
f 2283/2283/2283 2284/2284/2284 2285/2285/2285 
f 2285/2285/2285 2284/2284/2284 2286/2286/2286 
f 2287/2287/2287 2288/2288/2288 2289/2289/2289 
f 2288/2288/2288 2287/2287/2287 2290/2290/2290 
f 2291/2291/2291 4832/2288/4832 2292/2292/2292 
f 2293/2293/2293 4832/2288/4832 2291/2291/2291 
f 2294/2294/2294 2295/2295/2295 2296/2296/2296 
f 2294/2294/2294 2296/2296/2296 2297/2297/2297 
f 2298/2298/2298 2299/2299/2299 2300/2300/2300 
f 2299/2299/2299 2298/2298/2298 2301/2301/2301 
f 2302/2302/2302 2303/2303/2303 2304/2304/2304 
f 2303/2303/2303 2302/2302/2302 2305/2305/2305 
f 2306/2306/2306 2307/2307/2307 2308/2308/2308 
f 2307/2307/2307 2306/2306/2306 2309/2309/2309 
f 4833/2309/4833 2310/2310/2310 2311/2311/2311 
f 2310/2310/2310 4833/2309/4833 2312/2312/2312 
f 2313/2313/2313 2314/2314/2314 2315/2315/2315 
f 2314/2314/2314 2313/2313/2313 2316/2316/2316 
f 2317/2317/2317 2318/2318/2318 4834/2315/4834 
f 2318/2318/2318 2317/2317/2317 2319/2319/2319 
f 2320/2320/2320 2321/2321/2321 4835/2316/4835 
f 2321/2321/2321 2320/2320/2320 2322/2322/2322 
f 2323/2323/2323 2324/2324/2324 2325/2325/2325 
f 2324/2324/2324 2323/2323/2323 2326/2326/2326 
f 2327/2327/2327 2328/2328/2328 2329/2329/2329 
f 2328/2328/2328 2327/2327/2327 2330/2330/2330 
f 2331/2331/2331 2332/2332/2332 4836/2327/4836 
f 2332/2332/2332 2331/2331/2331 2333/2333/2333 
f 2334/2334/2334 4837/2331/4837 2335/2335/2335 
f 4837/2331/4837 2334/2334/2334 4838/2336/4838 
f 2337/2337/2337 2338/2338/2338 2336/2336/2336 
f 2339/2339/2339 2336/2336/2336 2338/2338/2338 
f 2340/2340/2340 2341/2341/2341 2342/2342/2342 
f 2341/2341/2341 2340/2340/2340 2343/2343/2343 
f 2344/2344/2344 2345/2345/2345 2346/2346/2346 
f 2345/2345/2345 2344/2344/2344 2347/2347/2347 
f 2348/2348/2348 2349/2349/2349 2350/2350/2350 
f 2349/2349/2349 2348/2348/2348 2351/2351/2351 
f 2352/2352/2352 2353/2353/2353 4839/2350/4839 
f 2353/2353/2353 2352/2352/2352 2354/2354/2354 
f 2355/2355/2355 2356/2356/2356 2357/2357/2357 
f 2356/2356/2356 2358/2358/2358 2357/2357/2357 
f 2359/2359/2359 4840/2358/4840 2360/2360/2360 
f 2360/2360/2360 2361/2361/2361 2359/2359/2359 
f 2362/2362/2362 2363/2363/2363 2364/2364/2364 
f 2362/2362/2362 2364/2364/2364 2365/2365/2365 
f 2366/2366/2366 2367/2367/2367 2368/2368/2368 
f 2366/2366/2366 2368/2368/2368 2369/2369/2369 
f 2370/2370/2370 2371/2371/2371 2372/2372/2372 
f 2371/2371/2371 2370/2370/2370 2373/2373/2373 
f 2374/2374/2374 2375/2375/2375 2376/2376/2376 
f 2374/2374/2374 2377/2377/2377 2375/2375/2375 
f 2378/2378/2378 2379/2379/2379 4841/2374/4841 
f 2379/2379/2379 2378/2378/2378 2380/2380/2380 
f 2381/2381/2381 2382/2382/2382 2383/2383/2383 
f 2382/2382/2382 2381/2381/2381 2384/2384/2384 
f 2385/2385/2385 2386/2386/2386 2387/2387/2387 
f 2386/2386/2386 2385/2385/2385 2388/2388/2388 
f 2389/2389/2389 2390/2390/2390 2391/2391/2391 
f 2391/2391/2391 2392/2392/2392 2389/2389/2389 
f 2393/2393/2393 2394/2394/2394 2395/2395/2395 
f 2394/2394/2394 2393/2393/2393 2396/2396/2396 
f 2397/2397/2397 2398/2398/2398 2399/2399/2399 
f 2397/2397/2397 2399/2399/2399 2400/2400/2400 
f 2401/2401/2401 2402/2402/2402 4844/2398/4844 
f 2402/2402/2402 2401/2401/2401 2403/2403/2403 
f 2404/2404/2404 4845/2403/4845 2405/2405/2405 
f 2405/2405/2405 4845/2403/4845 4842/2376/4842 
f 2406/2406/2406 2405/2405/2405 4842/2376/4842 
f 2406/2406/2406 2407/2407/2407 2405/2405/2405 
f 2408/2408/2408 4846/2407/4846 2409/2409/2409 
f 4846/2407/4846 2408/2408/2408 2410/2410/2410 
f 2411/2411/2411 4843/2376/4843 2412/2412/2412 
f 2413/2413/2413 2411/2411/2411 2412/2412/2412 
f 4847/2413/4847 2414/2414/2414 2415/2415/2415 
f 2415/2415/2415 2414/2414/2414 2416/2416/2416 
f 2417/2417/2417 2418/2418/2418 4848/2416/4848 
f 2418/2418/2418 2417/2417/2417 2419/2419/2419 
f 2420/2420/2420 2421/2421/2421 2422/2422/2422 
f 2421/2421/2421 2423/2423/2423 2422/2422/2422 
f 2424/2424/2424 2425/2425/2425 2426/2426/2426 
f 2425/2425/2425 2427/2427/2427 2426/2426/2426 
f 2428/2428/2428 2429/2429/2429 2430/2430/2430 
f 2429/2429/2429 2431/2431/2431 2430/2430/2430 
f 2432/2432/2432 2433/2433/2433 2434/2434/2434 
f 2433/2433/2433 2432/2432/2432 2435/2435/2435 
f 2436/2436/2436 2437/2437/2437 2438/2438/2438 
f 2437/2437/2437 2436/2436/2436 2439/2439/2439 
f 2440/2440/2440 2441/2441/2441 2442/2442/2442 
f 2443/2443/2443 2442/2442/2442 2441/2441/2441 
f 2444/2444/2444 2445/2445/2445 2446/2446/2446 
f 2445/2445/2445 2444/2444/2444 2447/2447/2447 
f 2448/2448/2448 2449/2449/2449 2450/2450/2450 
f 2449/2449/2449 2448/2448/2448 2451/2451/2451 
f 2452/2452/2452 2453/2453/2453 2454/2454/2454 
f 2453/2453/2453 2452/2452/2452 2455/2455/2455 
f 2456/2456/2456 2457/2457/2457 2458/2458/2458 
f 2457/2457/2457 2456/2456/2456 2459/2459/2459 
f 2460/2460/2460 2461/2461/2461 2462/2462/2462 
f 2461/2461/2461 2460/2460/2460 2463/2463/2463 
f 2464/2464/2464 2465/2465/2465 2466/2466/2466 
f 2465/2465/2465 2464/2464/2464 2467/2467/2467 
f 2468/2468/2468 2469/2469/2469 2470/2470/2470 
f 2469/2469/2469 2468/2468/2468 2471/2471/2471 
f 2472/2472/2472 2473/2473/2473 2474/2474/2474 
f 2473/2473/2473 2472/2472/2472 2475/2475/2475 
f 2476/2476/2476 2477/2477/2477 2478/2478/2478 
f 2477/2477/2477 2476/2476/2476 2479/2479/2479 
f 2480/2480/2480 2481/2481/2481 2482/2482/2482 
f 2482/2482/2482 2483/2483/2483 2480/2480/2480 
f 2483/2483/2483 2484/2484/2484 2480/2480/2480 
f 2484/2484/2484 2483/2483/2483 2485/2485/2485 
f 2486/2486/2486 2487/2487/2487 2488/2488/2488 
f 2488/2488/2488 2487/2487/2487 2489/2489/2489 
f 4849/2486/4849 2490/2490/2490 2491/2491/2491 
f 2490/2490/2490 2492/2492/2492 2491/2491/2491 
f 2493/2493/2493 2494/2494/2494 2495/2495/2495 
f 2494/2494/2494 2493/2493/2493 2496/2496/2496 
f 2497/2497/2497 2498/2498/2498 4850/2495/4850 
f 2498/2498/2498 2497/2497/2497 2499/2499/2499 
f 2500/2500/2500 2501/2501/2501 2502/2502/2502 
f 2501/2501/2501 2500/2500/2500 2503/2503/2503 
f 4851/2503/4851 2504/2504/2504 2505/2505/2505 
f 2504/2504/2504 4851/2503/4851 2506/2506/2506 
f 2507/2507/2507 2508/2508/2508 2509/2509/2509 
f 2508/2508/2508 2507/2507/2507 2510/2510/2510 
f 2511/2511/2511 2512/2512/2512 2513/2513/2513 
f 2512/2512/2512 2511/2511/2511 2514/2514/2514 
f 2515/2515/2515 2516/2516/2516 2517/2517/2517 
f 2516/2516/2516 2518/2518/2518 2517/2517/2517 
f 4852/2518/4852 2519/2519/2519 2520/2520/2520 
f 2519/2519/2519 4852/2518/4852 2521/2521/2521 
f 2522/2522/2522 4853/2518/4853 2523/2523/2523 
f 2523/2523/2523 2524/2524/2524 2522/2522/2522 
f 2525/2525/2525 2526/2526/2526 2527/2527/2527 
f 2528/2528/2528 2526/2526/2526 2525/2525/2525 
f 2529/2529/2529 2530/2530/2530 2531/2531/2531 
f 2529/2529/2529 2531/2531/2531 2532/2532/2532 
f 2533/2533/2533 4854/2530/4854 2534/2534/2534 
f 2533/2533/2533 2535/2535/2535 4854/2530/4854 
f 2536/2536/2536 2537/2537/2537 2538/2538/2538 
f 2536/2536/2536 2538/2538/2538 2539/2539/2539 
f 2540/2540/2540 2541/2541/2541 2542/2542/2542 
f 2541/2541/2541 2540/2540/2540 2543/2543/2543 
f 2544/2544/2544 2545/2545/2545 2546/2546/2546 
f 2545/2545/2545 2544/2544/2544 2547/2547/2547 
f 2548/2548/2548 2549/2549/2549 2550/2550/2550 
f 2549/2549/2549 2548/2548/2548 2551/2551/2551 
f 2552/2552/2552 2553/2553/2553 2554/2554/2554 
f 2553/2553/2553 2552/2552/2552 2555/2555/2555 
f 2556/2556/2556 2557/2557/2557 2558/2558/2558 
f 2557/2557/2557 2556/2556/2556 2559/2559/2559 
f 2560/2560/2560 2561/2561/2561 4855/2558/4855 
f 2560/2560/2560 2562/2562/2562 2561/2561/2561 
f 2563/2563/2563 2564/2564/2564 2565/2565/2565 
f 2564/2564/2564 2563/2563/2563 2566/2566/2566 
f 2567/2567/2567 2568/2568/2568 4856/2566/4856 
f 2568/2568/2568 2567/2567/2567 2569/2569/2569 
f 2570/2570/2570 2571/2571/2571 2572/2572/2572 
f 2571/2571/2571 2570/2570/2570 2573/2573/2573 
f 2574/2574/2574 2575/2575/2575 2576/2576/2576 
f 2575/2575/2575 2577/2577/2577 2576/2576/2576 
f 2578/2578/2578 2579/2579/2579 2580/2580/2580 
f 2579/2579/2579 2581/2581/2581 2580/2580/2580 
f 2582/2582/2582 2583/2583/2583 2584/2584/2584 
f 2583/2583/2583 2582/2582/2582 2585/2585/2585 
f 2586/2586/2586 2587/2587/2587 2588/2588/2588 
f 2587/2587/2587 2586/2586/2586 2589/2589/2589 
f 2590/2590/2590 2591/2591/2591 2592/2592/2592 
f 2591/2591/2591 2590/2590/2590 2593/2593/2593 
f 2594/2594/2594 2595/2595/2595 2596/2596/2596 
f 2595/2595/2595 2594/2594/2594 2597/2597/2597 
f 2598/2598/2598 2599/2599/2599 2600/2600/2600 
f 2599/2599/2599 2598/2598/2598 2601/2601/2601 
f 2602/2602/2602 2603/2603/2603 2604/2604/2604 
f 2603/2603/2603 2602/2602/2602 2605/2605/2605 
f 2606/2606/2606 2607/2607/2607 2608/2608/2608 
f 2607/2607/2607 2606/2606/2606 2609/2609/2609 
f 2610/2610/2610 2611/2611/2611 2612/2612/2612 
f 2611/2611/2611 2610/2610/2610 2613/2613/2613 
f 2614/2614/2614 2615/2615/2615 2616/2616/2616 
f 2615/2615/2615 2614/2614/2614 2617/2617/2617 
f 2618/2618/2618 2619/2619/2619 2620/2620/2620 
f 2619/2619/2619 2618/2618/2618 2621/2621/2621 
f 2622/2622/2622 2623/2623/2623 2624/2624/2624 
f 2623/2623/2623 2622/2622/2622 2625/2625/2625 
f 2626/2626/2626 2627/2627/2627 2628/2628/2628 
f 2627/2627/2627 2626/2626/2626 2629/2629/2629 
f 2630/2630/2630 2631/2631/2631 2632/2632/2632 
f 2632/2632/2632 2631/2631/2631 2633/2633/2633 
f 2634/2634/2634 2635/2635/2635 2636/2636/2636 
f 2635/2635/2635 2634/2634/2634 2637/2637/2637 
f 2638/2638/2638 2639/2639/2639 2640/2640/2640 
f 2638/2638/2638 2640/2640/2640 2641/2641/2641 
f 2642/2642/2642 2643/2643/2643 2644/2644/2644 
f 2643/2643/2643 2642/2642/2642 2645/2645/2645 
f 2646/2646/2646 2647/2647/2647 2648/2648/2648 
f 2646/2646/2646 2648/2648/2648 2649/2649/2649 
f 2650/2650/2650 2651/2651/2651 2652/2652/2652 
f 2651/2651/2651 2650/2650/2650 2653/2653/2653 
f 2654/2654/2654 2655/2655/2655 2656/2656/2656 
f 2656/2656/2656 2655/2655/2655 2657/2657/2657 
f 2658/2658/2658 2659/2659/2659 2660/2660/2660 
f 2658/2658/2658 2660/2660/2660 2661/2661/2661 
f 2662/2662/2662 2663/2663/2663 4857/2658/4857 
f 2663/2663/2663 2662/2662/2662 2664/2664/2664 
f 2665/2665/2665 2666/2666/2666 2667/2667/2667 
f 2666/2666/2666 2665/2665/2665 2668/2668/2668 
f 2669/2669/2669 2670/2670/2670 4858/2668/4858 
f 2671/2671/2671 2670/2670/2670 2669/2669/2669 
f 2672/2672/2672 2673/2673/2673 2674/2674/2674 
f 2673/2673/2673 2672/2672/2672 2675/2675/2675 
f 2676/2676/2676 2677/2677/2677 2678/2678/2678 
f 2677/2677/2677 2676/2676/2676 2679/2679/2679 
f 2680/2680/2680 2681/2681/2681 2682/2682/2682 
f 2681/2681/2681 2680/2680/2680 2683/2683/2683 
f 2684/2684/2684 2685/2685/2685 2686/2686/2686 
f 2685/2685/2685 2684/2684/2684 2687/2687/2687 
f 2688/2688/2688 2689/2689/2689 2690/2690/2690 
f 2689/2689/2689 2688/2688/2688 2691/2691/2691 
f 2692/2692/2692 2693/2693/2693 2694/2694/2694 
f 2693/2693/2693 2692/2692/2692 2695/2695/2695 
f 2696/2696/2696 2697/2697/2697 2698/2698/2698 
f 2697/2697/2697 2696/2696/2696 2699/2699/2699 
# mm_gid 26
g mmGroup26
f 2700/2700/2700 2701/2701/2701 2702/2702/2702 
f 2703/2703/2703 2704/2704/2704 2705/2705/2705 
f 2706/2706/2706 2707/2707/2707 2708/2708/2708 
f 2709/2709/2709 2710/2710/2710 2711/2711/2711 
f 2712/2712/2712 2713/2713/2713 2714/2714/2714 
f 2715/2715/2715 2716/2716/2716 2717/2717/2717 
f 2718/2718/2718 2719/2719/2719 2720/2720/2720 
f 2721/2721/2721 2722/2722/2722 2723/2723/2723 
f 2724/2724/2724 2725/2725/2725 2726/2726/2726 
f 2727/2727/2727 2728/2728/2728 2729/2729/2729 
f 2730/2730/2730 2731/2731/2731 2732/2732/2732 
f 2733/2733/2733 2734/2734/2734 2735/2735/2735 
f 2736/2736/2736 2737/2737/2737 2738/2738/2738 
f 2739/2739/2739 2740/2740/2740 2741/2741/2741 
f 2742/2742/2742 2743/2743/2743 2744/2744/2744 
f 2745/2745/2745 2746/2746/2746 2747/2747/2747 
f 2748/2748/2748 2749/2749/2749 2750/2750/2750 
f 2751/2751/2751 2750/2750/2750 2749/2749/2749 
f 2752/2752/2752 2753/2753/2753 2754/2754/2754 
f 2753/2753/2753 2752/2752/2752 2755/2755/2755 
f 2756/2756/2756 2757/2757/2757 2758/2758/2758 
f 2757/2757/2757 2756/2756/2756 2759/2759/2759 
f 2760/2760/2760 2761/2761/2761 2762/2762/2762 
f 2761/2761/2761 2760/2760/2760 2763/2763/2763 
f 2764/2764/2764 2765/2765/2765 2766/2766/2766 
f 2765/2765/2765 2764/2764/2764 2767/2767/2767 
f 2768/2768/2768 2769/2769/2769 2770/2770/2770 
f 2771/2771/2771 2770/2770/2770 2769/2769/2769 
f 2772/2772/2772 2773/2773/2773 2774/2774/2774 
f 2772/2772/2772 2774/2774/2774 2775/2775/2775 
f 2773/2773/2773 2776/2776/2776 2774/2774/2774 
f 2777/2777/2777 2778/2778/2778 2779/2779/2779 
f 2780/2780/2780 2781/2781/2781 2782/2782/2782 
f 2781/2781/2781 2780/2780/2780 2783/2783/2783 
f 2784/2784/2784 2785/2785/2785 2786/2786/2786 
f 2786/2786/2786 2787/2787/2787 2784/2784/2784 
f 2787/2787/2787 2786/2786/2786 2788/2788/2788 
f 2787/2787/2787 2788/2788/2788 2789/2789/2789 
f 2790/2790/2790 2791/2791/2791 2792/2792/2792 
f 4859/2792/4859 2793/2793/2793 2794/2794/2794 
f 2793/2793/2793 4859/2792/4859 2795/2795/2795 
f 2793/2793/2793 2795/2795/2795 2796/2796/2796 
f 2797/2797/2797 2798/2798/2798 2799/2799/2799 
f 2800/2800/2800 2801/2801/2801 2802/2802/2802 
f 2803/2803/2803 2804/2804/2804 2805/2805/2805 
f 2806/2806/2806 2807/2807/2807 2808/2808/2808 
f 2807/2807/2807 2806/2806/2806 2809/2809/2809 
f 2810/2810/2810 2811/2811/2811 2812/2812/2812 
f 2812/2812/2812 2811/2811/2811 2813/2813/2813 
f 2814/2814/2814 2815/2815/2815 2816/2816/2816 
f 2815/2815/2815 2814/2814/2814 2817/2817/2817 
f 2818/2818/2818 2819/2819/2819 2820/2820/2820 
f 2820/2820/2820 2821/2821/2821 2818/2818/2818 
f 2822/2822/2822 2823/2823/2823 2824/2824/2824 
f 2824/2824/2824 2825/2825/2825 2822/2822/2822 
f 2826/2826/2826 4860/2825/4860 2827/2827/2827 
f 2828/2828/2828 2829/2829/2829 2830/2830/2830 
f 2831/2831/2831 2832/2832/2832 4861/2829/4861 
f 2832/2832/2832 2831/2831/2831 2833/2833/2833 
f 2832/2832/2832 2833/2833/2833 2834/2834/2834 
f 2835/2835/2835 2836/2836/2836 2837/2837/2837 
f 2837/2837/2837 2838/2838/2838 2835/2835/2835 
f 2838/2838/2838 2837/2837/2837 2839/2839/2839 
f 2840/2840/2840 2841/2841/2841 2842/2842/2842 
f 2842/2842/2842 2843/2843/2843 2840/2840/2840 
f 2843/2843/2843 2842/2842/2842 2844/2844/2844 
f 2845/2845/2845 2846/2846/2846 2847/2847/2847 
f 2846/2846/2846 2845/2845/2845 2848/2848/2848 
f 2849/2849/2849 2850/2850/2850 2851/2851/2851 
f 2852/2852/2852 2853/2853/2853 2854/2854/2854 
f 2853/2853/2853 2852/2852/2852 2855/2855/2855 
f 2856/2856/2856 2857/2857/2857 2858/2858/2858 
f 2859/2859/2859 2860/2860/2860 2861/2861/2861 
f 2860/2860/2860 2859/2859/2859 2862/2862/2862 
f 2863/2863/2863 2864/2864/2864 2865/2865/2865 
f 2864/2864/2864 2863/2863/2863 2866/2866/2866 
f 2867/2867/2867 2868/2868/2868 2869/2869/2869 
f 2868/2868/2868 2867/2867/2867 2870/2870/2870 
f 2871/2871/2871 2872/2872/2872 2873/2873/2873 
f 2872/2872/2872 2871/2871/2871 2874/2874/2874 
f 2875/2875/2875 2876/2876/2876 4862/2871/4862 
f 2876/2876/2876 2875/2875/2875 2877/2877/2877 
f 4863/2876/4863 2878/2878/2878 2879/2879/2879 
f 2880/2880/2880 2881/2881/2881 2882/2882/2882 
f 2881/2881/2881 2880/2880/2880 2883/2883/2883 
f 2884/2884/2884 2885/2885/2885 4864/2883/4864 
f 2885/2885/2885 2884/2884/2884 2886/2886/2886 
f 2887/2887/2887 2888/2888/2888 2889/2889/2889 
f 2890/2890/2890 2891/2891/2891 2892/2892/2892 
f 2891/2891/2891 2890/2890/2890 2893/2893/2893 
f 2894/2894/2894 2895/2895/2895 2896/2896/2896 
f 2895/2895/2895 2894/2894/2894 2897/2897/2897 
f 2898/2898/2898 2899/2899/2899 2900/2900/2900 
f 2901/2901/2901 2902/2902/2902 2903/2903/2903 
f 2904/2904/2904 2903/2903/2903 2902/2902/2902 
f 2905/2905/2905 2906/2906/2906 2907/2907/2907 
f 2906/2906/2906 2908/2908/2908 2907/2907/2907 
f 2909/2909/2909 4865/2905/4865 2910/2910/2910 
f 2911/2911/2911 2912/2912/2912 2913/2913/2913 
f 2912/2912/2912 2911/2911/2911 2914/2914/2914 
f 2915/2915/2915 2916/2916/2916 2917/2917/2917 
f 2916/2916/2916 2915/2915/2915 2918/2918/2918 
f 2919/2919/2919 2920/2920/2920 2921/2921/2921 
f 2922/2922/2922 2923/2923/2923 2924/2924/2924 
f 2923/2923/2923 2922/2922/2922 2925/2925/2925 
f 2926/2926/2926 2927/2927/2927 2928/2928/2928 
f 2929/2929/2929 2930/2930/2930 2931/2931/2931 
f 2929/2929/2929 2931/2931/2931 2932/2932/2932 
f 2933/2933/2933 4866/2932/4866 2934/2934/2934 
f 2935/2935/2935 2933/2933/2933 2934/2934/2934 
f 2936/2936/2936 4867/2934/4867 2937/2937/2937 
f 2938/2938/2938 2936/2936/2936 2937/2937/2937 
f 2939/2939/2939 2940/2940/2940 2941/2941/2941 
f 2940/2940/2940 2939/2939/2939 2942/2942/2942 
f 2943/2943/2943 2944/2944/2944 4868/2941/4868 
f 2944/2944/2944 2943/2943/2943 2945/2945/2945 
f 2946/2946/2946 2947/2947/2947 4869/2943/4869 
f 2947/2947/2947 2946/2946/2946 2948/2948/2948 
f 2949/2949/2949 4870/2946/4870 2950/2950/2950 
f 2951/2951/2951 2952/2952/2952 2953/2953/2953 
f 2952/2952/2952 2951/2951/2951 2954/2954/2954 
f 2955/2955/2955 2956/2956/2956 4871/2954/4871 
f 2956/2956/2956 2955/2955/2955 2957/2957/2957 
f 2958/2958/2958 2959/2959/2959 4872/2956/4872 
f 2959/2959/2959 2958/2958/2958 2960/2960/2960 
f 4873/2959/4873 2961/2961/2961 2962/2962/2962 
f 2963/2963/2963 2964/2964/2964 2965/2965/2965 
f 2965/2965/2965 2964/2964/2964 2966/2966/2966 
f 2967/2967/2967 2968/2968/2968 2969/2969/2969 
f 2968/2968/2968 2967/2967/2967 2970/2970/2970 
f 2971/2971/2971 2972/2972/2972 2973/2973/2973 
f 2972/2972/2972 2971/2971/2971 2974/2974/2974 
f 2975/2975/2975 2976/2976/2976 2977/2977/2977 
f 2976/2976/2976 2975/2975/2975 2978/2978/2978 
f 2979/2979/2979 2980/2980/2980 2981/2981/2981 
f 2981/2981/2981 2980/2980/2980 2982/2982/2982 
f 2983/2983/2983 2984/2984/2984 2985/2985/2985 
f 2984/2984/2984 2983/2983/2983 2986/2986/2986 
f 2987/2987/2987 2988/2988/2988 2989/2989/2989 
f 2988/2988/2988 2987/2987/2987 2990/2990/2990 
f 2991/2991/2991 2992/2992/2992 2993/2993/2993 
f 2992/2992/2992 2991/2991/2991 2994/2994/2994 
f 2995/2995/2995 2996/2996/2996 2997/2997/2997 
f 2996/2996/2996 2995/2995/2995 2998/2998/2998 
f 2999/2999/2999 3000/3000/3000 4874/2995/4874 
f 3000/3000/3000 2999/2999/2999 3001/3001/3001 
f 3002/3002/3002 4875/3000/4875 3003/3003/3003 
f 4877/3004/4877 3003/3003/3003 4875/3000/4875 
f 3005/3005/3005 3006/3006/3006 4876/3000/4876 
f 3006/3006/3006 3005/3005/3005 3007/3007/3007 
f 3008/3008/3008 3009/3009/3009 3004/3004/3004 
f 3010/3010/3010 3004/3004/3004 3009/3009/3009 
f 3009/3009/3009 3011/3011/3011 3010/3010/3010 
f 3012/3012/3012 3013/3013/3013 4878/3009/4878 
f 3013/3013/3013 3012/3012/3012 3014/3014/3014 
f 3015/3015/3015 3010/3010/3010 3011/3011/3011 
f 3011/3011/3011 3016/3016/3016 3015/3015/3015 
f 4879/3014/4879 4880/3016/4880 3017/3017/3017 
f 4880/3016/4880 4879/3014/4879 3018/3018/3018 
f 3018/3018/3018 3019/3019/3019 4880/3016/4880 
f 3019/3019/3019 3018/3018/3018 3020/3020/3020 
f 3021/3021/3021 4881/3016/4881 3022/3022/3022 
f 4881/3016/4881 3021/3021/3021 3023/3023/3023 
f 3023/3023/3023 3015/3015/3015 3016/3016/3016 
f 3015/3015/3015 3023/3023/3023 3024/3024/3024 
f 3025/3025/3025 3026/3026/3026 3027/3027/3027 
f 3026/3026/3026 3025/3025/3025 3028/3028/3028 
f 3029/3029/3029 3030/3030/3030 3031/3031/3031 
f 3030/3030/3030 3029/3029/3029 3032/3032/3032 
f 3033/3033/3033 4882/3032/4882 3034/3034/3034 
f 3033/3033/3033 3035/3035/3035 4882/3032/4882 
f 3036/3036/3036 3037/3037/3037 3038/3038/3038 
f 3036/3036/3036 3038/3038/3038 3039/3039/3039 
f 3040/3040/3040 3041/3041/3041 4884/3038/4884 
f 3041/3041/3041 3040/3040/3040 3042/3042/3042 
f 3043/3043/3043 3044/3044/3044 3045/3045/3045 
f 3044/3044/3044 3043/3043/3043 3046/3046/3046 
f 3047/3047/3047 3048/3048/3048 3049/3049/3049 
f 3048/3048/3048 3047/3047/3047 3050/3050/3050 
f 3051/3051/3051 3052/3052/3052 4885/3048/4885 
f 3052/3052/3052 3051/3051/3051 3053/3053/3053 
f 3054/3054/3054 3055/3055/3055 3056/3056/3056 
f 3055/3055/3055 3054/3054/3054 3057/3057/3057 
f 3058/3058/3058 3059/3059/3059 3060/3060/3060 
f 3059/3059/3059 3058/3058/3058 3061/3061/3061 
f 3062/3062/3062 3063/3063/3063 3064/3064/3064 
f 3062/3062/3062 3064/3064/3064 3065/3065/3065 
f 3066/3066/3066 3067/3067/3067 3068/3068/3068 
f 3068/3068/3068 3067/3067/3067 3069/3069/3069 
f 3070/3070/3070 3071/3071/3071 3072/3072/3072 
f 3070/3070/3070 3072/3072/3072 3073/3073/3073 
f 3074/3074/3074 3075/3075/3075 4887/3073/4887 
f 3075/3075/3075 3074/3074/3074 3076/3076/3076 
f 3077/3077/3077 4888/3075/4888 3078/3078/3078 
f 4888/3075/4888 3077/3077/3077 3079/3079/3079 
f 4888/3075/4888 3080/3080/3080 4886/3071/4886 
f 3080/3080/3080 4888/3075/4888 3079/3079/3079 
f 3081/3081/3081 4886/3071/4886 3080/3080/3080 
f 4886/3071/4886 3081/3081/3081 4891/3082/4891 
f 3079/3079/3079 3083/3083/3083 3080/3080/3080 
f 3083/3083/3083 3079/3079/3079 3084/3084/3084 
f 3085/3085/3085 3084/3084/3084 3079/3079/3079 
f 3084/3084/3084 3085/3085/3085 3086/3086/3086 
f 3087/3087/3087 3080/3080/3080 3083/3083/3083 
f 3080/3080/3080 3087/3087/3087 3081/3081/3081 
f 3088/3088/3088 3081/3081/3081 3087/3087/3087 
f 3081/3081/3081 3088/3088/3088 3089/3089/3089 
f 3090/3090/3090 3091/3091/3091 3082/3082/3082 
f 3091/3091/3091 3090/3090/3090 3092/3092/3092 
f 3093/3093/3093 3094/3094/3094 4890/3082/4890 
f 3094/3094/3094 3093/3093/3093 3095/3095/3095 
f 4893/3093/4893 3096/3096/3096 3097/3097/3097 
f 3096/3096/3096 4893/3093/4893 4896/3098/4896 
f 3098/3098/3098 3099/3099/3099 4889/3081/4889 
f 3099/3099/3099 3098/3098/3098 3100/3100/3100 
f 3101/3101/3101 4894/3095/4894 4897/3100/4897 
f 4894/3095/4894 3101/3101/3101 3102/3102/3102 
f 3103/3103/3103 4895/3098/4895 4892/3088/4892 
f 4895/3098/4895 3103/3103/3103 3104/3104/3104 
f 3105/3105/3105 3106/3106/3106 3107/3107/3107 
f 3108/3108/3108 3105/3105/3105 3107/3107/3107 
f 3105/3105/3105 3109/3109/3109 3106/3106/3106 
f 3105/3105/3105 3110/3110/3110 3109/3109/3109 
f 3108/3108/3108 3111/3111/3111 3105/3105/3105 
f 3112/3112/3112 3113/3113/3113 4898/3108/4898 
f 3113/3113/3113 3112/3112/3112 3114/3114/3114 
f 3111/3111/3111 3115/3115/3115 3105/3105/3105 
f 4901/3115/4901 3116/3116/3116 4899/3109/4899 
f 3117/3117/3117 3116/3116/3116 4901/3115/4901 
f 3111/3111/3111 3118/3118/3118 3115/3115/3115 
f 3119/3119/3119 3120/3120/3120 4900/3111/4900 
f 3120/3120/3120 3119/3119/3119 3121/3121/3121 
f 3122/3122/3122 4903/3121/4903 3123/3123/3123 
f 4903/3121/4903 3122/3122/3122 3124/3124/3124 
f 3125/3125/3125 3126/3126/3126 4902/3115/4902 
f 3125/3125/3125 3127/3127/3127 3126/3126/3126 
f 3128/3128/3128 3129/3129/3129 3130/3130/3130 
f 3128/3128/3128 3130/3130/3130 3131/3131/3131 
f 3132/3132/3132 3133/3133/3133 3134/3134/3134 
f 3135/3135/3135 3134/3134/3134 3133/3133/3133 
f 3136/3136/3136 3137/3137/3137 3138/3138/3138 
f 3137/3137/3137 3136/3136/3136 3139/3139/3139 
f 3140/3140/3140 4904/3138/4904 3141/3141/3141 
f 3142/3142/3142 3141/3141/3141 4904/3138/4904 
f 4904/3138/4904 3107/3107/3107 3142/3142/3142 
f 3107/3107/3107 4904/3138/4904 3108/3108/3108 
f 3143/3143/3143 3142/3142/3142 3107/3107/3107 
f 3142/3142/3142 3143/3143/3143 3144/3144/3144 
f 3144/3144/3144 3145/3145/3145 3142/3142/3142 
f 3145/3145/3145 3144/3144/3144 3146/3146/3146 
f 3107/3107/3107 3106/3106/3106 3143/3143/3143 
f 3147/3147/3147 3148/3148/3148 3149/3149/3149 
f 3150/3150/3150 3148/3148/3148 3147/3147/3147 
f 3150/3150/3150 3151/3151/3151 3148/3148/3148 
f 3152/3152/3152 3148/3148/3148 3151/3151/3151 
f 3153/3153/3153 3149/3149/3149 3148/3148/3148 
f 3148/3148/3148 3154/3154/3154 3153/3153/3153 
f 3155/3155/3155 3153/3153/3153 3154/3154/3154 
f 3023/3023/3023 3156/3156/3156 3024/3024/3024 
f 3023/3023/3023 3157/3157/3157 3156/3156/3156 
f 3158/3158/3158 3156/3156/3156 3157/3157/3157 
f 3015/3015/3015 3024/3024/3024 3159/3159/3159 
f 3010/3010/3010 3015/3015/3015 3159/3159/3159 
f 3159/3159/3159 3160/3160/3160 3010/3010/3010 
f 3161/3161/3161 3010/3010/3010 3160/3160/3160 
f 3160/3160/3160 3162/3162/3162 3161/3161/3161 
f 3163/3163/3163 3161/3161/3161 3162/3162/3162 
f 4905/3159/4905 4906/3164/4906 3165/3165/3165 
f 4906/3164/4906 4905/3159/4905 4883/3037/4883 
f 3166/3166/3166 4883/3037/4883 4905/3159/4905 
f 3167/3167/3167 3168/3168/3168 3164/3164/3164 
f 3168/3168/3168 3167/3167/3167 3169/3169/3169 
f 3170/3170/3170 3171/3171/3171 4907/3169/4907 
f 3171/3171/3171 3170/3170/3170 3172/3172/3172 
f 4883/3037/4883 3166/3166/3166 3147/3147/3147 
f 3166/3166/3166 3150/3150/3150 3147/3147/3147 
f 3147/3147/3147 3173/3173/3173 4883/3037/4883 
f 3173/3173/3173 3147/3147/3147 3174/3174/3174 
f 3175/3175/3175 3176/3176/3176 4908/3174/4908 
f 3176/3176/3176 3175/3175/3175 3177/3177/3177 
f 3178/3178/3178 4909/3177/4909 3179/3179/3179 
f 3178/3178/3178 3179/3179/3179 3180/3180/3180 
f 3181/3181/3181 3182/3182/3182 3183/3183/3183 
f 3181/3181/3181 3183/3183/3183 3184/3184/3184 
f 3185/3185/3185 3186/3186/3186 3187/3187/3187 
f 3186/3186/3186 3188/3188/3188 3187/3187/3187 
f 3189/3189/3189 3190/3190/3190 3191/3191/3191 
f 3190/3190/3190 3189/3189/3189 3192/3192/3192 
# mm_gid 27
g mmGroup27
f 3193/3193/3193 3194/3194/3194 3195/3195/3195 
f 3196/3196/3196 3197/3197/3197 3198/3198/3198 
f 3199/3199/3199 3200/3200/3200 3201/3201/3201 
f 3202/3202/3202 3203/3203/3203 3204/3204/3204 
f 3205/3205/3205 3206/3206/3206 3207/3207/3207 
f 3208/3208/3208 3209/3209/3209 3210/3210/3210 
f 3211/3211/3211 3212/3212/3212 3213/3213/3213 
f 3214/3214/3214 3215/3215/3215 3216/3216/3216 
f 3217/3217/3217 3218/3218/3218 3219/3219/3219 
f 3220/3220/3220 3221/3221/3221 3222/3222/3222 
f 3223/3223/3223 3224/3224/3224 3225/3225/3225 
f 3226/3226/3226 3227/3227/3227 3228/3228/3228 
f 3229/3229/3229 3230/3230/3230 3231/3231/3231 
f 3232/3232/3232 3233/3233/3233 3234/3234/3234 
f 3233/3233/3233 3235/3235/3235 3234/3234/3234 
f 3236/3236/3236 3237/3237/3237 3238/3238/3238 
f 3236/3236/3236 3238/3238/3238 3239/3239/3239 
f 3240/3240/3240 3241/3241/3241 3242/3242/3242 
f 3241/3241/3241 3240/3240/3240 3243/3243/3243 
f 3244/3244/3244 3245/3245/3245 3246/3246/3246 
f 3245/3245/3245 3244/3244/3244 3247/3247/3247 
f 3248/3248/3248 3249/3249/3249 3250/3250/3250 
f 3249/3249/3249 3251/3251/3251 3250/3250/3250 
f 3252/3252/3252 3253/3253/3253 3254/3254/3254 
f 3255/3255/3255 3256/3256/3256 4910/3253/4910 
f 3257/3257/3257 3258/3258/3258 3259/3259/3259 
f 3258/3258/3258 3257/3257/3257 3260/3260/3260 
f 3258/3258/3258 3261/3261/3261 3259/3259/3259 
f 3262/3262/3262 3263/3263/3263 3264/3264/3264 
f 3265/3265/3265 3266/3266/3266 3267/3267/3267 
f 3268/3268/3268 3269/3269/3269 3270/3270/3270 
f 3268/3268/3268 3270/3270/3270 3271/3271/3271 
f 4911/3271/4911 3272/3272/3272 3273/3273/3273 
f 3274/3274/3274 3275/3275/3275 3276/3276/3276 
f 3277/3277/3277 3278/3278/3278 3279/3279/3279 
f 3280/3280/3280 3281/3281/3281 3282/3282/3282 
f 3283/3283/3283 3284/3284/3284 3285/3285/3285 
f 4912/3284/4912 3286/3286/3286 3287/3287/3287 
f 3286/3286/3286 4912/3284/4912 3288/3288/3288 
f 3289/3289/3289 3290/3290/3290 3291/3291/3291 
f 4914/3292/4914 4913/3290/4913 3293/3293/3293 
f 3292/3292/3292 3294/3294/3294 3295/3295/3295 
f 3296/3296/3296 3297/3297/3297 3298/3298/3298 
f 3297/3297/3297 3296/3296/3296 3299/3299/3299 
f 3296/3296/3296 3300/3300/3300 3299/3299/3299 
f 3300/3300/3300 3296/3296/3296 3301/3301/3301 
f 3302/3302/3302 3303/3303/3303 3304/3304/3304 
f 3303/3303/3303 3302/3302/3302 3305/3305/3305 
f 3306/3306/3306 3307/3307/3307 3308/3308/3308 
f 3307/3307/3307 3309/3309/3309 3308/3308/3308 
f 3310/3310/3310 3311/3311/3311 3312/3312/3312 
f 3311/3311/3311 3310/3310/3310 3313/3313/3313 
f 3314/3314/3314 3315/3315/3315 3316/3316/3316 
f 3315/3315/3315 3314/3314/3314 3317/3317/3317 
f 3318/3318/3318 3319/3319/3319 3320/3320/3320 
f 3321/3321/3321 3320/3320/3320 3319/3319/3319 
f 3322/3322/3322 3323/3323/3323 4915/3321/4915 
f 3324/3324/3324 3325/3325/3325 3326/3326/3326 
f 4916/3325/4916 3327/3327/3327 3328/3328/3328 
f 3329/3329/3329 3330/3330/3330 3331/3331/3331 
f 3332/3332/3332 3331/3331/3331 3330/3330/3330 
f 4917/3332/4917 3333/3333/3333 3334/3334/3334 
f 3335/3335/3335 3336/3336/3336 3337/3337/3337 
f 3336/3336/3336 3335/3335/3335 3338/3338/3338 
f 3339/3339/3339 3337/3337/3337 3336/3336/3336 
f 4918/3339/4918 3340/3340/3340 3341/3341/3341 
f 3342/3342/3342 3343/3343/3343 3344/3344/3344 
f 3345/3345/3345 3346/3346/3346 3347/3347/3347 
f 3346/3346/3346 3345/3345/3345 3348/3348/3348 
f 3349/3349/3349 3350/3350/3350 3351/3351/3351 
f 3350/3350/3350 3349/3349/3349 3352/3352/3352 
f 3353/3353/3353 3354/3354/3354 3355/3355/3355 
f 3353/3353/3353 3355/3355/3355 3356/3356/3356 
f 3357/3357/3357 3358/3358/3358 3359/3359/3359 
f 3358/3358/3358 3357/3357/3357 3360/3360/3360 
f 3361/3361/3361 3362/3362/3362 3363/3363/3363 
f 3362/3362/3362 3361/3361/3361 3364/3364/3364 
f 3365/3365/3365 3366/3366/3366 4919/3361/4919 
f 3366/3366/3366 3365/3365/3365 3367/3367/3367 
f 4920/3365/4920 3368/3368/3368 3369/3369/3369 
f 3370/3370/3370 3371/3371/3371 3372/3372/3372 
f 3370/3370/3370 3372/3372/3372 3373/3373/3373 
f 3374/3374/3374 4921/3373/4921 3375/3375/3375 
f 3376/3376/3376 3377/3377/3377 3378/3378/3378 
f 3377/3377/3377 3376/3376/3376 3379/3379/3379 
f 3380/3380/3380 4922/3378/4922 3381/3381/3381 
f 3380/3380/3380 3381/3381/3381 3382/3382/3382 
f 3383/3383/3383 3384/3384/3384 3385/3385/3385 
f 3384/3384/3384 3383/3383/3383 3386/3386/3386 
f 4923/3385/4923 3387/3387/3387 3388/3388/3388 
f 3387/3387/3387 3389/3389/3389 3388/3388/3388 
f 3390/3390/3390 3391/3391/3391 3392/3392/3392 
f 3393/3393/3393 3394/3394/3394 3395/3395/3395 
f 3394/3394/3394 3393/3393/3393 3396/3396/3396 
f 3397/3397/3397 3398/3398/3398 3399/3399/3399 
f 3397/3397/3397 3399/3399/3399 3400/3400/3400 
f 3401/3401/3401 3402/3402/3402 3403/3403/3403 
f 3403/3403/3403 3402/3402/3402 3404/3404/3404 
f 3405/3405/3405 4924/3401/4924 3406/3406/3406 
f 3407/3407/3407 3408/3408/3408 3409/3409/3409 
f 3408/3408/3408 3407/3407/3407 3410/3410/3410 
f 3411/3411/3411 3412/3412/3412 3413/3413/3413 
f 3411/3411/3411 3413/3413/3413 3414/3414/3414 
f 3415/3415/3415 3416/3416/3416 3417/3417/3417 
f 3418/3418/3418 3419/3419/3419 3420/3420/3420 
f 3418/3418/3418 3420/3420/3420 3421/3421/3421 
f 3422/3422/3422 3423/3423/3423 3424/3424/3424 
f 3423/3423/3423 3422/3422/3422 3425/3425/3425 
f 3426/3426/3426 3427/3427/3427 4925/3425/4925 
f 3428/3428/3428 3427/3427/3427 3426/3426/3426 
f 4926/3427/4926 3429/3429/3429 3430/3430/3430 
f 3431/3431/3431 3430/3430/3430 3429/3429/3429 
f 3432/3432/3432 3433/3433/3433 3434/3434/3434 
f 3433/3433/3433 3435/3435/3435 3434/3434/3434 
f 3436/3436/3436 4927/3432/4927 3437/3437/3437 
f 3436/3436/3436 3437/3437/3437 3438/3438/3438 
f 3439/3439/3439 4928/3436/4928 3440/3440/3440 
f 3439/3439/3439 3440/3440/3440 3441/3441/3441 
f 3442/3442/3442 3443/3443/3443 4929/3439/4929 
f 3444/3444/3444 3445/3445/3445 3446/3446/3446 
f 3445/3445/3445 3444/3444/3444 3447/3447/3447 
f 3448/3448/3448 3449/3449/3449 4930/3446/4930 
f 3449/3449/3449 3448/3448/3448 3450/3450/3450 
f 3451/3451/3451 3452/3452/3452 4931/3448/4931 
f 3452/3452/3452 3451/3451/3451 3453/3453/3453 
f 4932/3451/4932 3454/3454/3454 3455/3455/3455 
f 3456/3456/3456 3457/3457/3457 3458/3458/3458 
f 3457/3457/3457 3459/3459/3459 3458/3458/3458 
f 3460/3460/3460 3461/3461/3461 3462/3462/3462 
f 3461/3461/3461 3460/3460/3460 3463/3463/3463 
f 3464/3464/3464 3465/3465/3465 3466/3466/3466 
f 3465/3465/3465 3464/3464/3464 3467/3467/3467 
f 3468/3468/3468 3469/3469/3469 3470/3470/3470 
f 3469/3469/3469 3471/3471/3471 3470/3470/3470 
f 3472/3472/3472 3473/3473/3473 3474/3474/3474 
f 3473/3473/3473 3475/3475/3475 3474/3474/3474 
f 3476/3476/3476 3477/3477/3477 3478/3478/3478 
f 3477/3477/3477 3476/3476/3476 3479/3479/3479 
f 3480/3480/3480 3481/3481/3481 3482/3482/3482 
f 3481/3481/3481 3480/3480/3480 3483/3483/3483 
f 3484/3484/3484 3485/3485/3485 3486/3486/3486 
f 3485/3485/3485 3484/3484/3484 3487/3487/3487 
f 3488/3488/3488 3489/3489/3489 3490/3490/3490 
f 3489/3489/3489 3488/3488/3488 3491/3491/3491 
f 3492/3492/3492 3493/3493/3493 3494/3494/3494 
f 3492/3492/3492 3494/3494/3494 3495/3495/3495 
f 4933/3495/4933 3496/3496/3496 3497/3497/3497 
f 3496/3496/3496 4933/3495/4933 3498/3498/3498 
f 3499/3499/3499 3500/3500/3500 3501/3501/3501 
f 3500/3500/3500 3499/3499/3499 3502/3502/3502 
f 3503/3503/3503 3504/3504/3504 4934/3500/4934 
f 3503/3503/3503 3505/3505/3505 3504/3504/3504 
f 3506/3506/3506 3507/3507/3507 3508/3508/3508 
f 3507/3507/3507 3506/3506/3506 3509/3509/3509 
f 3510/3510/3510 3511/3511/3511 3512/3512/3512 
f 3511/3511/3511 3510/3510/3510 3513/3513/3513 
f 3514/3514/3514 3515/3515/3515 4936/3511/4936 
f 3514/3514/3514 3516/3516/3516 3515/3515/3515 
f 3517/3517/3517 3518/3518/3518 3519/3519/3519 
f 3519/3519/3519 3520/3520/3520 3517/3517/3517 
f 3521/3521/3521 3522/3522/3522 3523/3523/3523 
f 3523/3523/3523 3524/3524/3524 3521/3521/3521 
f 3525/3525/3525 3526/3526/3526 3527/3527/3527 
f 3528/3528/3528 3527/3527/3527 3526/3526/3526 
f 3529/3529/3529 3530/3530/3530 3531/3531/3531 
f 3530/3530/3530 3532/3532/3532 3531/3531/3531 
f 3533/3533/3533 3534/3534/3534 3535/3535/3535 
f 3536/3536/3536 3535/3535/3535 3534/3534/3534 
f 3537/3537/3537 3538/3538/3538 4937/3533/4937 
f 3538/3538/3538 3537/3537/3537 3539/3539/3539 
f 4939/3537/4939 3540/3540/3540 3541/3541/3541 
f 3540/3540/3540 4939/3537/4939 3542/3542/3542 
f 3543/3543/3543 4939/3537/4939 4938/3536/4938 
f 3543/3543/3543 3542/3542/3542 4939/3537/4939 
f 3544/3544/3544 3543/3543/3543 4938/3536/4938 
f 3544/3544/3544 4938/3536/4938 4942/3545/4942 
f 3546/3546/3546 3542/3542/3542 3543/3543/3543 
f 3546/3546/3546 3547/3547/3547 3542/3542/3542 
f 3547/3547/3547 3548/3548/3548 3542/3542/3542 
f 3547/3547/3547 3549/3549/3549 3548/3548/3548 
f 3550/3550/3550 3546/3546/3546 3543/3543/3543 
f 3550/3550/3550 3543/3543/3543 3544/3544/3544 
f 3551/3551/3551 3550/3550/3550 3544/3544/3544 
f 3551/3551/3551 3544/3544/3544 3552/3552/3552 
f 3553/3553/3553 3554/3554/3554 3545/3545/3545 
f 3554/3554/3554 3553/3553/3553 3555/3555/3555 
f 3556/3556/3556 4941/3545/4941 3557/3557/3557 
f 3556/3556/3556 3557/3557/3557 3558/3558/3558 
f 3559/3559/3559 4944/3556/4944 3560/3560/3560 
f 3559/3559/3559 4947/3561/4947 4944/3556/4944 
f 3562/3562/3562 4943/3551/4943 3561/3561/3561 
f 3562/3562/3562 3561/3561/3561 3563/3563/3563 
f 4946/3561/4946 4940/3544/4940 3564/3564/3564 
f 4946/3561/4946 3564/3564/3564 4948/3565/4948 
f 3566/3566/3566 3565/3565/3565 4945/3558/4945 
f 3566/3566/3566 4945/3558/4945 3567/3567/3567 
f 3568/3568/3568 3569/3569/3569 3570/3570/3570 
f 3569/3569/3569 3568/3568/3568 3571/3571/3571 
f 3570/3570/3570 3572/3572/3572 3568/3568/3568 
f 3573/3573/3573 3568/3568/3568 3572/3572/3572 
f 3574/3574/3574 3571/3571/3571 3568/3568/3568 
f 3575/3575/3575 3576/3576/3576 4949/3571/4949 
f 3576/3576/3576 3575/3575/3575 3577/3577/3577 
f 3568/3568/3568 3578/3578/3578 3574/3574/3574 
f 4952/3578/4952 4950/3572/4950 3579/3579/3579 
f 3580/3580/3580 4952/3578/4952 3579/3579/3579 
f 3581/3581/3581 3574/3574/3574 3578/3578/3578 
f 3582/3582/3582 3583/3583/3583 4951/3574/4951 
f 3583/3583/3583 3582/3582/3582 3584/3584/3584 
f 3585/3585/3585 4954/3584/4954 3586/3586/3586 
f 4954/3584/4954 3585/3585/3585 3587/3587/3587 
f 4953/3578/4953 3588/3588/3588 3589/3589/3589 
f 3590/3590/3590 3589/3589/3589 3588/3588/3588 
f 3591/3591/3591 3592/3592/3592 3593/3593/3593 
f 3592/3592/3592 3591/3591/3591 3594/3594/3594 
f 3595/3595/3595 3596/3596/3596 3597/3597/3597 
f 3595/3595/3595 3597/3597/3597 3598/3598/3598 
f 3599/3599/3599 3600/3600/3600 3601/3601/3601 
f 3600/3600/3600 3599/3599/3599 3602/3602/3602 
f 4955/3602/4955 3603/3603/3603 3604/3604/3604 
f 4955/3602/4955 3604/3604/3604 3605/3605/3605 
f 3569/3569/3569 4955/3602/4955 3605/3605/3605 
f 4955/3602/4955 3569/3569/3569 3571/3571/3571 
f 3605/3605/3605 3606/3606/3606 3569/3569/3569 
f 3606/3606/3606 3605/3605/3605 3607/3607/3607 
f 3608/3608/3608 3607/3607/3607 3605/3605/3605 
f 3607/3607/3607 3608/3608/3608 3609/3609/3609 
f 3569/3569/3569 3606/3606/3606 3570/3570/3570 
f 3610/3610/3610 3611/3611/3611 3612/3612/3612 
f 3611/3611/3611 3610/3610/3610 3613/3613/3613 
f 3614/3614/3614 3615/3615/3615 4956/3610/4956 
f 3615/3615/3615 3614/3614/3614 3616/3616/3616 
f 4957/3614/4957 3617/3617/3617 3618/3618/3618 
f 4957/3614/4957 3618/3618/3618 4959/3619/4959 
f 3620/3620/3620 3621/3621/3621 4958/3614/4958 
f 3621/3621/3621 3620/3620/3620 3622/3622/3622 
f 3623/3623/3623 3624/3624/3624 3619/3619/3619 
f 3623/3623/3623 3619/3619/3619 3625/3625/3625 
f 3626/3626/3626 3627/3627/3627 4960/3623/4960 
f 3627/3627/3627 3626/3626/3626 3628/3628/3628 
f 3629/3629/3629 3623/3623/3623 3625/3625/3625 
f 3629/3629/3629 3625/3625/3625 3630/3630/3630 
f 3631/3631/3631 3629/3629/3629 3630/3630/3630 
f 4962/3631/4962 4961/3628/4961 3632/3632/3632 
f 4961/3628/4961 4962/3631/4962 3633/3633/3633 
f 3634/3634/3634 3633/3633/3633 4962/3631/4962 
f 3633/3633/3633 3634/3634/3634 3635/3635/3635 
f 4963/3631/4963 3636/3636/3636 3637/3637/3637 
f 3636/3636/3636 4963/3631/4963 3638/3638/3638 
f 3631/3631/3631 3630/3630/3630 3638/3638/3638 
f 3630/3630/3630 3639/3639/3639 3638/3638/3638 
f 3638/3638/3638 3639/3639/3639 3640/3640/3640 
f 3640/3640/3640 3641/3641/3641 3638/3638/3638 
f 3641/3641/3641 3640/3640/3640 3642/3642/3642 
f 3630/3630/3630 3643/3643/3643 3639/3639/3639 
f 3625/3625/3625 3643/3643/3643 3630/3630/3630 
f 3625/3625/3625 3644/3644/3644 3643/3643/3643 
f 3625/3625/3625 3645/3645/3645 3644/3644/3644 
f 3645/3645/3645 3646/3646/3646 3644/3644/3644 
f 3645/3645/3645 3647/3647/3647 3646/3646/3646 
f 4965/3648/4965 4964/3643/4964 3649/3649/3649 
f 4964/3643/4964 4965/3648/4965 4935/3501/4935 
f 4935/3501/4935 3650/3650/3650 4964/3643/4964 
f 3651/3651/3651 3652/3652/3652 3648/3648/3648 
f 3652/3652/3652 3651/3651/3651 3653/3653/3653 
f 3654/3654/3654 3655/3655/3655 4966/3653/4966 
f 3655/3655/3655 3654/3654/3654 3656/3656/3656 
f 3650/3650/3650 4935/3501/4935 3657/3657/3657 
f 3650/3650/3650 3657/3657/3657 3658/3658/3658 
f 3659/3659/3659 3657/3657/3657 4935/3501/4935 
f 3657/3657/3657 3659/3659/3659 3660/3660/3660 
f 3661/3661/3661 3662/3662/3662 4967/3660/4967 
f 3662/3662/3662 3661/3661/3661 3663/3663/3663 
f 3658/3658/3658 3657/3657/3657 3664/3664/3664 
f 3665/3665/3665 3658/3658/3658 3664/3664/3664 
f 3665/3665/3665 3664/3664/3664 3666/3666/3666 
f 3667/3667/3667 3664/3664/3664 3657/3657/3657 
f 3664/3664/3664 3667/3667/3667 3668/3668/3668 
f 3669/3669/3669 3664/3664/3664 3668/3668/3668 
f 3669/3669/3669 3668/3668/3668 3670/3670/3670 
f 4968/3663/4968 3671/3671/3671 3672/3672/3672 
f 3673/3673/3673 3672/3672/3672 3671/3671/3671 
f 3674/3674/3674 3675/3675/3675 3676/3676/3676 
f 3675/3675/3675 3674/3674/3674 3677/3677/3677 
f 3678/3678/3678 3679/3679/3679 3680/3680/3680 
f 3680/3680/3680 3679/3679/3679 3681/3681/3681 
f 3682/3682/3682 3683/3683/3683 3684/3684/3684 
f 3683/3683/3683 3682/3682/3682 3685/3685/3685 
# mm_gid 28
g mmGroup28
f 3686/3686/3686 3687/3687/3687 3688/3688/3688 
f 3686/3686/3686 3689/3689/3689 3687/3687/3687 
f 3689/3689/3689 3686/3686/3686 3690/3690/3690 
f 3687/3687/3687 3691/3691/3691 3688/3688/3688 
f 3691/3691/3691 3692/3692/3692 3688/3688/3688 
f 3693/3693/3693 3687/3687/3687 3689/3689/3689 
f 3694/3694/3694 3691/3691/3691 3687/3687/3687 
f 3687/3687/3687 3693/3693/3693 3694/3694/3694 
f 3690/3690/3690 3695/3695/3695 3689/3689/3689 
f 3695/3695/3695 3690/3690/3690 3696/3696/3696 
f 3689/3689/3689 3697/3697/3697 3693/3693/3693 
f 3697/3697/3697 3689/3689/3689 3695/3695/3695 
f 3693/3693/3693 3698/3698/3698 3694/3694/3694 
f 3697/3697/3697 3699/3699/3699 3693/3693/3693 
f 3693/3693/3693 3699/3699/3699 3698/3698/3698 
f 3696/3696/3696 3700/3700/3700 3695/3695/3695 
f 3700/3700/3700 3696/3696/3696 3701/3701/3701 
f 3700/3700/3700 3701/3701/3701 3702/3702/3702 
f 3703/3703/3703 3695/3695/3695 3700/3700/3700 
f 3695/3695/3695 3703/3703/3703 3697/3697/3697 
f 3703/3703/3703 3700/3700/3700 3702/3702/3702 
f 3704/3704/3704 3697/3697/3697 3703/3703/3703 
f 3697/3697/3697 3704/3704/3704 3699/3699/3699 
f 3705/3705/3705 3703/3703/3703 3702/3702/3702 
f 3705/3705/3705 3704/3704/3704 3703/3703/3703 
f 3706/3706/3706 3705/3705/3705 3702/3702/3702 
f 3706/3706/3706 3704/3704/3704 3705/3705/3705 
f 3707/3707/3707 3706/3706/3706 3702/3702/3702 
f 3708/3708/3708 3707/3707/3707 3702/3702/3702 
f 3707/3707/3707 3708/3708/3708 3709/3709/3709 
f 3709/3709/3709 3710/3710/3710 3707/3707/3707 
f 3710/3710/3710 3706/3706/3706 3707/3707/3707 
f 3710/3710/3710 3709/3709/3709 3711/3711/3711 
f 3704/3704/3704 3706/3706/3706 3712/3712/3712 
f 3712/3712/3712 3706/3706/3706 3710/3710/3710 
f 3712/3712/3712 3699/3699/3699 3704/3704/3704 
f 3710/3710/3710 3711/3711/3711 3713/3713/3713 
f 3710/3710/3710 3713/3713/3713 3712/3712/3712 
f 3713/3713/3713 3711/3711/3711 3714/3714/3714 
f 3699/3699/3699 3712/3712/3712 3715/3715/3715 
f 3713/3713/3713 3715/3715/3715 3712/3712/3712 
f 3716/3716/3716 3717/3717/3717 3718/3718/3718 
f 3719/3719/3719 3720/3720/3720 3716/3716/3716 
f 3721/3721/3721 3718/3718/3718 3717/3717/3717 
f 3718/3718/3718 3721/3721/3721 3722/3722/3722 
f 3717/3717/3717 3716/3716/3716 3723/3723/3723 
f 3720/3720/3720 3723/3723/3723 3716/3716/3716 
f 3724/3724/3724 3722/3722/3722 3721/3721/3721 
f 3722/3722/3722 3724/3724/3724 3725/3725/3725 
f 3725/3725/3725 3724/3724/3724 3726/3726/3726 
f 3727/3727/3727 3721/3721/3721 3717/3717/3717 
f 3721/3721/3721 3727/3727/3727 3724/3724/3724 
f 3717/3717/3717 3728/3728/3728 3727/3727/3727 
f 3728/3728/3728 3717/3717/3717 3723/3723/3723 
f 3724/3724/3724 3729/3729/3729 3726/3726/3726 
f 3730/3730/3730 3724/3724/3724 3727/3727/3727 
f 3724/3724/3724 3730/3730/3730 3729/3729/3729 
f 3731/3731/3731 3726/3726/3726 3729/3729/3729 
f 3730/3730/3730 3731/3731/3731 3729/3729/3729 
f 3726/3726/3726 3731/3731/3731 3732/3732/3732 
f 3731/3731/3731 3733/3733/3733 3732/3732/3732 
f 3734/3734/3734 3727/3727/3727 3728/3728/3728 
f 3727/3727/3727 3734/3734/3734 3730/3730/3730 
f 3733/3733/3733 3731/3731/3731 3735/3735/3735 
f 3733/3733/3733 3735/3735/3735 3736/3736/3736 
f 3731/3731/3731 3730/3730/3730 3737/3737/3737 
f 3737/3737/3737 3735/3735/3735 3731/3731/3731 
f 3730/3730/3730 3734/3734/3734 3738/3738/3738 
f 3730/3730/3730 3738/3738/3738 3737/3737/3737 
f 3735/3735/3735 3739/3739/3739 3736/3736/3736 
f 3735/3735/3735 3737/3737/3737 3739/3739/3739 
f 3738/3738/3738 3739/3739/3739 3737/3737/3737 
f 3736/3736/3736 3739/3739/3739 3740/3740/3740 
f 3739/3739/3739 3741/3741/3741 3740/3740/3740 
f 3739/3739/3739 3738/3738/3738 3741/3741/3741 
f 3740/3740/3740 3741/3741/3741 3742/3742/3742 
f 3734/3734/3734 3743/3743/3743 3738/3738/3738 
f 3738/3738/3738 3743/3743/3743 3741/3741/3741 
f 3741/3741/3741 3744/3744/3744 3742/3742/3742 
f 3744/3744/3744 3741/3741/3741 3743/3743/3743 
f 3742/3742/3742 3744/3744/3744 3745/3745/3745 
f 3743/3743/3743 3734/3734/3734 3746/3746/3746 
f 3728/3728/3728 3746/3746/3746 3734/3734/3734 
f 3746/3746/3746 3728/3728/3728 3747/3747/3747 
f 3723/3723/3723 3747/3747/3747 3728/3728/3728 
f 3746/3746/3746 3748/3748/3748 3743/3743/3743 
f 3747/3747/3747 3748/3748/3748 3746/3746/3746 
f 3747/3747/3747 3723/3723/3723 3749/3749/3749 
f 3720/3720/3720 3749/3749/3749 3723/3723/3723 
f 3749/3749/3749 3720/3720/3720 3750/3750/3750 
f 3749/3749/3749 3751/3751/3751 3747/3747/3747 
f 3748/3748/3748 3747/3747/3747 3751/3751/3751 
f 3750/3750/3750 3752/3752/3752 3749/3749/3749 
f 3751/3751/3751 3749/3749/3749 3752/3752/3752 
f 3752/3752/3752 3750/3750/3750 3753/3753/3753 
f 3751/3751/3751 3754/3754/3754 3748/3748/3748 
f 3753/3753/3753 3755/3755/3755 3752/3752/3752 
f 3755/3755/3755 3753/3753/3753 3756/3756/3756 
f 3752/3752/3752 3757/3757/3757 3751/3751/3751 
f 3757/3757/3757 3752/3752/3752 3755/3755/3755 
f 3754/3754/3754 3751/3751/3751 3757/3757/3757 
f 3756/3756/3756 3758/3758/3758 3755/3755/3755 
f 3758/3758/3758 3757/3757/3757 3755/3755/3755 
f 3758/3758/3758 3756/3756/3756 3759/3759/3759 
f 3759/3759/3759 3760/3760/3760 3758/3758/3758 
f 3760/3760/3760 3761/3761/3761 3758/3758/3758 
f 3757/3757/3757 3758/3758/3758 3762/3762/3762 
f 3758/3758/3758 3761/3761/3761 3762/3762/3762 
f 3762/3762/3762 3754/3754/3754 3757/3757/3757 
f 3761/3761/3761 3763/3763/3763 3762/3762/3762 
f 3762/3762/3762 3763/3763/3763 3764/3764/3764 
f 3754/3754/3754 3762/3762/3762 3764/3764/3764 
f 3763/3763/3763 3765/3765/3765 3764/3764/3764 
f 3754/3754/3754 3764/3764/3764 3766/3766/3766 
f 3764/3764/3764 3765/3765/3765 3767/3767/3767 
f 3764/3764/3764 3767/3767/3767 3766/3766/3766 
f 3765/3765/3765 3768/3768/3768 3767/3767/3767 
f 3767/3767/3767 3768/3768/3768 3769/3769/3769 
f 3769/3769/3769 3766/3766/3766 3767/3767/3767 
f 3770/3770/3770 3769/3769/3769 3768/3768/3768 
f 3771/3771/3771 3769/3769/3769 3770/3770/3770 
f 3769/3769/3769 3771/3771/3771 3772/3772/3772 
f 3766/3766/3766 3769/3769/3769 3772/3772/3772 
f 3745/3745/3745 3772/3772/3772 3771/3771/3771 
f 3772/3772/3772 3745/3745/3745 3773/3773/3773 
f 3766/3766/3766 3772/3772/3772 3773/3773/3773 
f 3744/3744/3744 3773/3773/3773 3745/3745/3745 
f 3774/3774/3774 3766/3766/3766 3773/3773/3773 
f 3774/3774/3774 3773/3773/3773 3744/3744/3744 
f 3754/3754/3754 3766/3766/3766 3774/3774/3774 
f 3743/3743/3743 3774/3774/3774 3744/3744/3744 
f 3748/3748/3748 3754/3754/3754 3774/3774/3774 
f 3748/3748/3748 3774/3774/3774 3743/3743/3743 
f 3775/3775/3775 3776/3776/3776 3777/3777/3777 
f 3776/3776/3776 3778/3778/3778 3779/3779/3779 
f 3778/3778/3778 3776/3776/3776 3775/3775/3775 
f 3776/3776/3776 3780/3780/3780 3777/3777/3777 
f 3781/3781/3781 3778/3778/3778 3775/3775/3775 
f 3778/3778/3778 3781/3781/3781 3782/3782/3782 
f 3777/3777/3777 3780/3780/3780 3783/3783/3783 
f 3780/3780/3780 3784/3784/3784 3783/3783/3783 
f 3784/3784/3784 3785/3785/3785 3783/3783/3783 
f 3786/3786/3786 3785/3785/3785 3784/3784/3784 
f 3787/3787/3787 3785/3785/3785 3786/3786/3786 
f 3788/3788/3788 3783/3783/3783 3785/3785/3785 
f 3783/3783/3783 3788/3788/3788 3777/3777/3777 
f 3785/3785/3785 3787/3787/3787 3789/3789/3789 
f 3787/3787/3787 3790/3790/3790 3789/3789/3789 
f 3790/3790/3790 3787/3787/3787 3791/3791/3791 
f 3792/3792/3792 3785/3785/3785 3789/3789/3789 
f 3785/3785/3785 3792/3792/3792 3788/3788/3788 
f 3790/3790/3790 3792/3792/3792 3789/3789/3789 
f 3793/3793/3793 3790/3790/3790 3791/3791/3791 
f 3790/3790/3790 3793/3793/3793 3794/3794/3794 
f 3795/3795/3795 3794/3794/3794 3793/3793/3793 
f 3792/3792/3792 3790/3790/3790 3796/3796/3796 
f 3794/3794/3794 3796/3796/3796 3790/3790/3790 
f 3794/3794/3794 3795/3795/3795 3797/3797/3797 
f 3796/3796/3796 3794/3794/3794 3797/3797/3797 
f 3797/3797/3797 3795/3795/3795 3798/3798/3798 
f 3795/3795/3795 3799/3799/3799 3798/3798/3798 
f 3797/3797/3797 3800/3800/3800 3796/3796/3796 
f 3800/3800/3800 3797/3797/3797 3798/3798/3798 
f 3796/3796/3796 3801/3801/3801 3792/3792/3792 
f 3801/3801/3801 3796/3796/3796 3800/3800/3800 
f 3801/3801/3801 3788/3788/3788 3792/3792/3792 
f 3798/3798/3798 3799/3799/3799 3802/3802/3802 
f 3799/3799/3799 3803/3803/3803 3802/3802/3802 
f 3804/3804/3804 3800/3800/3800 3798/3798/3798 
f 3798/3798/3798 3802/3802/3802 3804/3804/3804 
f 3805/3805/3805 3801/3801/3801 3800/3800/3800 
f 3805/3805/3805 3800/3800/3800 3804/3804/3804 
f 3788/3788/3788 3801/3801/3801 3806/3806/3806 
f 3805/3805/3805 3806/3806/3806 3801/3801/3801 
f 3806/3806/3806 3777/3777/3777 3788/3788/3788 
f 3777/3777/3777 3806/3806/3806 3775/3775/3775 
f 3807/3807/3807 3775/3775/3775 3806/3806/3806 
f 3806/3806/3806 3805/3805/3805 3807/3807/3807 
f 3775/3775/3775 3807/3807/3807 3781/3781/3781 
f 3808/3808/3808 3805/3805/3805 3804/3804/3804 
f 3808/3808/3808 3807/3807/3807 3805/3805/3805 
f 3808/3808/3808 3804/3804/3804 3809/3809/3809 
f 3809/3809/3809 3804/3804/3804 3802/3802/3802 
f 3807/3807/3807 3808/3808/3808 3810/3810/3810 
f 3810/3810/3810 3781/3781/3781 3807/3807/3807 
f 3811/3811/3811 3808/3808/3808 3809/3809/3809 
f 3811/3811/3811 3810/3810/3810 3808/3808/3808 
f 3809/3809/3809 3802/3802/3802 3812/3812/3812 
f 3802/3802/3802 3803/3803/3803 3812/3812/3812 
f 3803/3803/3803 3813/3813/3813 3812/3812/3812 
f 3814/3814/3814 3809/3809/3809 3812/3812/3812 
f 3811/3811/3811 3809/3809/3809 3814/3814/3814 
f 3812/3812/3812 3813/3813/3813 3815/3815/3815 
f 3814/3814/3814 3812/3812/3812 3815/3815/3815 
f 3813/3813/3813 3816/3816/3816 3815/3815/3815 
f 3815/3815/3815 3816/3816/3816 3817/3817/3817 
f 3817/3817/3817 3814/3814/3814 3815/3815/3815 
f 3818/3818/3818 3817/3817/3817 3816/3816/3816 
f 3819/3819/3819 3817/3817/3817 3818/3818/3818 
f 3814/3814/3814 3817/3817/3817 3820/3820/3820 
f 3817/3817/3817 3819/3819/3819 3820/3820/3820 
f 3820/3820/3820 3811/3811/3811 3814/3814/3814 
f 3821/3821/3821 3820/3820/3820 3819/3819/3819 
f 3811/3811/3811 3820/3820/3820 3822/3822/3822 
f 3820/3820/3820 3821/3821/3821 3822/3822/3822 
f 3822/3822/3822 3823/3823/3823 3811/3811/3811 
f 3810/3810/3810 3811/3811/3811 3823/3823/3823 
f 3824/3824/3824 3822/3822/3822 3821/3821/3821 
f 3823/3823/3823 3822/3822/3822 3824/3824/3824 
f 3825/3825/3825 3824/3824/3824 3821/3821/3821 
f 3823/3823/3823 3826/3826/3826 3810/3810/3810 
f 3781/3781/3781 3810/3810/3810 3826/3826/3826 
f 3826/3826/3826 3782/3782/3782 3781/3781/3781 
f 3782/3782/3782 3826/3826/3826 3827/3827/3827 
f 3826/3826/3826 3823/3823/3823 3828/3828/3828 
f 3828/3828/3828 3827/3827/3827 3826/3826/3826 
f 3824/3824/3824 3828/3828/3828 3823/3823/3823 
f 3827/3827/3827 3828/3828/3828 3829/3829/3829 
f 3830/3830/3830 3824/3824/3824 3825/3825/3825 
f 3828/3828/3828 3824/3824/3824 3830/3830/3830 
f 3830/3830/3830 3829/3829/3829 3828/3828/3828 
f 3831/3831/3831 3830/3830/3830 3825/3825/3825 
f 3829/3829/3829 3830/3830/3830 3832/3832/3832 
f 3832/3832/3832 3830/3830/3830 3831/3831/3831 
f 3833/3833/3833 3832/3832/3832 3831/3831/3831 
f 3834/3834/3834 3835/3835/3835 3836/3836/3836 
f 3836/3836/3836 3837/3837/3837 3834/3834/3834 
f 3837/3837/3837 3838/3838/3838 3834/3834/3834 
f 3838/3838/3838 3837/3837/3837 3839/3839/3839 
f 3840/3840/3840 3838/3838/3838 3839/3839/3839 
f 3838/3838/3838 3841/3841/3841 3834/3834/3834 
f 3835/3835/3835 3834/3834/3834 3841/3841/3841 
f 3838/3838/3838 3840/3840/3840 3842/3842/3842 
f 3843/3843/3843 3842/3842/3842 3840/3840/3840 
f 3842/3842/3842 3843/3843/3843 3844/3844/3844 
f 3842/3842/3842 3845/3845/3845 3838/3838/3838 
f 3841/3841/3841 3838/3838/3838 3845/3845/3845 
f 3844/3844/3844 3846/3846/3846 3842/3842/3842 
f 3845/3845/3845 3842/3842/3842 3846/3846/3846 
f 3846/3846/3846 3844/3844/3844 3847/3847/3847 
f 3846/3846/3846 3847/3847/3847 3848/3848/3848 
f 3849/3849/3849 3845/3845/3845 3846/3846/3846 
f 3848/3848/3848 3849/3849/3849 3846/3846/3846 
f 3845/3845/3845 3849/3849/3849 3850/3850/3850 
f 3848/3848/3848 3851/3851/3851 3849/3849/3849 
f 3851/3851/3851 3848/3848/3848 3852/3852/3852 
f 3849/3849/3849 3853/3853/3853 3850/3850/3850 
f 3853/3853/3853 3849/3849/3849 3851/3851/3851 
f 3854/3854/3854 3845/3845/3845 3850/3850/3850 
f 3853/3853/3853 3854/3854/3854 3850/3850/3850 
f 3845/3845/3845 3854/3854/3854 3841/3841/3841 
f 3852/3852/3852 3855/3855/3855 3851/3851/3851 
f 3855/3855/3855 3853/3853/3853 3851/3851/3851 
f 3855/3855/3855 3852/3852/3852 3856/3856/3856 
f 3855/3855/3855 3856/3856/3856 3857/3857/3857 
f 3858/3858/3858 3855/3855/3855 3857/3857/3857 
f 3858/3858/3858 3859/3859/3859 3855/3855/3855 
f 3853/3853/3853 3855/3855/3855 3859/3859/3859 
f 3859/3859/3859 3858/3858/3858 3860/3860/3860 
f 3861/3861/3861 3859/3859/3859 3860/3860/3860 
f 3859/3859/3859 3862/3862/3862 3853/3853/3853 
f 3854/3854/3854 3853/3853/3853 3862/3862/3862 
f 3859/3859/3859 3861/3861/3861 3863/3863/3863 
f 3862/3862/3862 3859/3859/3859 3863/3863/3863 
f 3864/3864/3864 3863/3863/3863 3861/3861/3861 
f 3862/3862/3862 3865/3865/3865 3854/3854/3854 
f 3865/3865/3865 3841/3841/3841 3854/3854/3854 
f 3863/3863/3863 3866/3866/3866 3862/3862/3862 
f 3865/3865/3865 3862/3862/3862 3866/3866/3866 
f 3863/3863/3863 3864/3864/3864 3867/3867/3867 
f 3866/3866/3866 3863/3863/3863 3867/3867/3867 
f 3864/3864/3864 3868/3868/3868 3867/3867/3867 
f 3867/3867/3867 3869/3869/3869 3866/3866/3866 
f 3869/3869/3869 3867/3867/3867 3868/3868/3868 
f 3869/3869/3869 3865/3865/3865 3866/3866/3866 
f 3868/3868/3868 3864/3864/3864 3870/3870/3870 
f 3841/3841/3841 3865/3865/3865 3871/3871/3871 
f 3841/3841/3841 3871/3871/3871 3835/3835/3835 
f 3865/3865/3865 3872/3872/3872 3871/3871/3871 
f 3872/3872/3872 3835/3835/3835 3871/3871/3871 
f 3865/3865/3865 3869/3869/3869 3873/3873/3873 
f 3872/3872/3872 3865/3865/3865 3873/3873/3873 
f 3868/3868/3868 3874/3874/3874 3869/3869/3869 
f 3874/3874/3874 3873/3873/3873 3869/3869/3869 
f 3870/3870/3870 3875/3875/3875 3868/3868/3868 
f 3874/3874/3874 3868/3868/3868 3875/3875/3875 
f 3875/3875/3875 3870/3870/3870 3876/3876/3876 
f 3835/3835/3835 3872/3872/3872 3877/3877/3877 
f 3877/3877/3877 3836/3836/3836 3835/3835/3835 
f 3877/3877/3877 3878/3878/3878 3836/3836/3836 
f 3877/3877/3877 3872/3872/3872 3879/3879/3879 
f 3873/3873/3873 3879/3879/3879 3872/3872/3872 
f 3880/3880/3880 3878/3878/3878 3877/3877/3877 
f 3880/3880/3880 3877/3877/3877 3879/3879/3879 
f 3880/3880/3880 3881/3881/3881 3878/3878/3878 
f 3879/3879/3879 3873/3873/3873 3882/3882/3882 
f 3874/3874/3874 3882/3882/3882 3873/3873/3873 
f 3883/3883/3883 3880/3880/3880 3879/3879/3879 
f 3882/3882/3882 3883/3883/3883 3879/3879/3879 
f 3881/3881/3881 3880/3880/3880 3884/3884/3884 
f 3880/3880/3880 3883/3883/3883 3884/3884/3884 
f 3884/3884/3884 3885/3885/3885 3881/3881/3881 
f 3885/3885/3885 3884/3884/3884 3886/3886/3886 
f 3884/3884/3884 3883/3883/3883 3886/3886/3886 
f 3883/3883/3883 3882/3882/3882 3887/3887/3887 
f 3883/3883/3883 3887/3887/3887 3886/3886/3886 
f 3882/3882/3882 3874/3874/3874 3888/3888/3888 
f 3887/3887/3887 3882/3882/3882 3888/3888/3888 
f 3887/3887/3887 3888/3888/3888 3886/3886/3886 
f 3875/3875/3875 3888/3888/3888 3874/3874/3874 
f 3888/3888/3888 3889/3889/3889 3886/3886/3886 
f 3888/3888/3888 3875/3875/3875 3889/3889/3889 
f 3889/3889/3889 3890/3890/3890 3886/3886/3886 
f 3876/3876/3876 3889/3889/3889 3875/3875/3875 
f 3889/3889/3889 3876/3876/3876 3890/3890/3890 
f 3713/3713/3713 3714/3714/3714 3891/3891/3891 
f 3715/3715/3715 3713/3713/3713 3891/3891/3891 
f 3892/3892/3892 3891/3891/3891 3714/3714/3714 
f 3699/3699/3699 3715/3715/3715 3893/3893/3893 
f 3715/3715/3715 3891/3891/3891 3893/3893/3893 
f 3699/3699/3699 3893/3893/3893 3698/3698/3698 
f 3891/3891/3891 3892/3892/3892 3894/3894/3894 
f 3894/3894/3894 3893/3893/3893 3891/3891/3891 
f 3895/3895/3895 3894/3894/3894 3892/3892/3892 
f 3893/3893/3893 3894/3894/3894 3896/3896/3896 
f 3896/3896/3896 3698/3698/3698 3893/3893/3893 
f 3894/3894/3894 3895/3895/3895 3897/3897/3897 
f 3897/3897/3897 3896/3896/3896 3894/3894/3894 
f 3895/3895/3895 3898/3898/3898 3897/3897/3897 
f 3898/3898/3898 3895/3895/3895 3899/3899/3899 
f 3896/3896/3896 3897/3897/3897 3900/3900/3900 
f 3898/3898/3898 3900/3900/3900 3897/3897/3897 
f 3901/3901/3901 3898/3898/3898 3899/3899/3899 
f 3898/3898/3898 3901/3901/3901 3902/3902/3902 
f 3903/3903/3903 3898/3898/3898 3902/3902/3902 
f 3898/3898/3898 3903/3903/3903 3904/3904/3904 
f 3900/3900/3900 3898/3898/3898 3904/3904/3904 
f 3905/3905/3905 3904/3904/3904 3903/3903/3903 
f 3904/3904/3904 3905/3905/3905 3906/3906/3906 
f 3906/3906/3906 3900/3900/3900 3904/3904/3904 
f 3907/3907/3907 3906/3906/3906 3905/3905/3905 
f 3900/3900/3900 3908/3908/3908 3896/3896/3896 
f 3698/3698/3698 3896/3896/3896 3908/3908/3908 
f 3900/3900/3900 3906/3906/3906 3909/3909/3909 
f 3908/3908/3908 3900/3900/3900 3909/3909/3909 
f 3906/3906/3906 3907/3907/3907 3910/3910/3910 
f 3910/3910/3910 3909/3909/3909 3906/3906/3906 
f 3911/3911/3911 3908/3908/3908 3909/3909/3909 
f 3909/3909/3909 3910/3910/3910 3911/3911/3911 
f 3912/3912/3912 3698/3698/3698 3908/3908/3908 
f 3908/3908/3908 3911/3911/3911 3912/3912/3912 
f 3698/3698/3698 3912/3912/3912 3694/3694/3694 
f 3691/3691/3691 3694/3694/3694 3912/3912/3912 
f 3913/3913/3913 3912/3912/3912 3911/3911/3911 
f 3912/3912/3912 3913/3913/3913 3691/3691/3691 
f 3910/3910/3910 3913/3913/3913 3911/3911/3911 
f 3692/3692/3692 3691/3691/3691 3913/3913/3913 
f 3913/3913/3913 3910/3910/3910 3914/3914/3914 
f 3914/3914/3914 3692/3692/3692 3913/3913/3913 
f 3907/3907/3907 3914/3914/3914 3910/3910/3910 
f 3692/3692/3692 3914/3914/3914 3915/3915/3915 
f 3914/3914/3914 3907/3907/3907 3916/3916/3916 
f 3916/3916/3916 3915/3915/3915 3914/3914/3914 
f 3915/3915/3915 3916/3916/3916 3917/3917/3917 
# mm_gid 29
g mmGroup29
f 3918/3918/3918 3919/3919/3919 3920/3920/3920 
f 3921/3921/3921 3918/3918/3918 3920/3920/3920 
f 3918/3918/3918 3921/3921/3921 3922/3922/3922 
f 3920/3920/3920 3919/3919/3919 3923/3923/3923 
f 3919/3919/3919 3924/3924/3924 3923/3923/3923 
f 3920/3920/3920 3923/3923/3923 3925/3925/3925 
f 3926/3926/3926 3922/3922/3922 3921/3921/3921 
f 3922/3922/3922 3926/3926/3926 3927/3927/3927 
f 3920/3920/3920 3928/3928/3928 3921/3921/3921 
f 3928/3928/3928 3920/3920/3920 3925/3925/3925 
f 3921/3921/3921 3929/3929/3929 3926/3926/3926 
f 3929/3929/3929 3921/3921/3921 3928/3928/3928 
f 3930/3930/3930 3927/3927/3927 3926/3926/3926 
f 3927/3927/3927 3930/3930/3930 3931/3931/3931 
f 3932/3932/3932 3926/3926/3926 3929/3929/3929 
f 3926/3926/3926 3932/3932/3932 3930/3930/3930 
f 3930/3930/3930 3933/3933/3933 3931/3931/3931 
f 3932/3932/3932 3933/3933/3933 3930/3930/3930 
f 3934/3934/3934 3933/3933/3933 3932/3932/3932 
f 3935/3935/3935 3932/3932/3932 3929/3929/3929 
f 3932/3932/3932 3935/3935/3935 3934/3934/3934 
f 3929/3929/3929 3936/3936/3936 3935/3935/3935 
f 3936/3936/3936 3929/3929/3929 3928/3928/3928 
f 3935/3935/3935 3937/3937/3937 3934/3934/3934 
f 3937/3937/3937 3933/3933/3933 3934/3934/3934 
f 3937/3937/3937 3935/3935/3935 3938/3938/3938 
f 3936/3936/3936 3938/3938/3938 3935/3935/3935 
f 3939/3939/3939 3933/3933/3933 3937/3937/3937 
f 3940/3940/3940 3933/3933/3933 3939/3939/3939 
f 3939/3939/3939 3941/3941/3941 3940/3940/3940 
f 3942/3942/3942 3939/3939/3939 3937/3937/3937 
f 3941/3941/3941 3939/3939/3939 3942/3942/3942 
f 3938/3938/3938 3942/3942/3942 3937/3937/3937 
f 3942/3942/3942 3943/3943/3943 3941/3941/3941 
f 3943/3943/3943 3942/3942/3942 3944/3944/3944 
f 3938/3938/3938 3944/3944/3944 3942/3942/3942 
f 3944/3944/3944 3945/3945/3945 3943/3943/3943 
f 3944/3944/3944 3938/3938/3938 3946/3946/3946 
f 3938/3938/3938 3936/3936/3936 3946/3946/3946 
f 3947/3947/3947 3948/3948/3948 3949/3949/3949 
f 3948/3948/3948 3947/3947/3947 3950/3950/3950 
f 3951/3951/3951 3947/3947/3947 3949/3949/3949 
f 3952/3952/3952 3947/3947/3947 3951/3951/3951 
f 3950/3950/3950 3953/3953/3953 3948/3948/3948 
f 3953/3953/3953 3950/3950/3950 3954/3954/3954 
f 3954/3954/3954 3955/3955/3955 3953/3953/3953 
f 3955/3955/3955 3954/3954/3954 3956/3956/3956 
f 3957/3957/3957 3955/3955/3955 3956/3956/3956 
f 3958/3958/3958 3953/3953/3953 3955/3955/3955 
f 3953/3953/3953 3958/3958/3958 3948/3948/3948 
f 3955/3955/3955 3957/3957/3957 3959/3959/3959 
f 3955/3955/3955 3960/3960/3960 3958/3958/3958 
f 3960/3960/3960 3955/3955/3955 3959/3959/3959 
f 3957/3957/3957 3961/3961/3961 3959/3959/3959 
f 3961/3961/3961 3960/3960/3960 3959/3959/3959 
f 3961/3961/3961 3957/3957/3957 3962/3962/3962 
f 3961/3961/3961 3962/3962/3962 3963/3963/3963 
f 3964/3964/3964 3948/3948/3948 3958/3958/3958 
f 3948/3948/3948 3964/3964/3964 3949/3949/3949 
f 3965/3965/3965 3958/3958/3958 3960/3960/3960 
f 3958/3958/3958 3965/3965/3965 3964/3964/3964 
f 3961/3961/3961 3963/3963/3963 3966/3966/3966 
f 3963/3963/3963 3967/3967/3967 3966/3966/3966 
f 3960/3960/3960 3961/3961/3961 3968/3968/3968 
f 3966/3966/3966 3968/3968/3968 3961/3961/3961 
f 3966/3966/3966 3967/3967/3967 3969/3969/3969 
f 3968/3968/3968 3966/3966/3966 3969/3969/3969 
f 3970/3970/3970 3969/3969/3969 3967/3967/3967 
f 3968/3968/3968 3971/3971/3971 3960/3960/3960 
f 3969/3969/3969 3971/3971/3971 3968/3968/3968 
f 3965/3965/3965 3960/3960/3960 3971/3971/3971 
f 3969/3969/3969 3970/3970/3970 3972/3972/3972 
f 3971/3971/3971 3969/3969/3969 3972/3972/3972 
f 3970/3970/3970 3973/3973/3973 3972/3972/3972 
f 3974/3974/3974 3965/3965/3965 3971/3971/3971 
f 3972/3972/3972 3974/3974/3974 3971/3971/3971 
f 3972/3972/3972 3973/3973/3973 3975/3975/3975 
f 3974/3974/3974 3972/3972/3972 3975/3975/3975 
f 3973/3973/3973 3976/3976/3976 3975/3975/3975 
f 3965/3965/3965 3974/3974/3974 3977/3977/3977 
f 3977/3977/3977 3964/3964/3964 3965/3965/3965 
f 3964/3964/3964 3977/3977/3977 3978/3978/3978 
f 3978/3978/3978 3949/3949/3949 3964/3964/3964 
f 3974/3974/3974 3979/3979/3979 3977/3977/3977 
f 3979/3979/3979 3978/3978/3978 3977/3977/3977 
f 3974/3974/3974 3975/3975/3975 3980/3980/3980 
f 3979/3979/3979 3974/3974/3974 3980/3980/3980 
f 3980/3980/3980 3975/3975/3975 3981/3981/3981 
f 3975/3975/3975 3976/3976/3976 3981/3981/3981 
f 3979/3979/3979 3980/3980/3980 3982/3982/3982 
f 3980/3980/3980 3981/3981/3981 3983/3983/3983 
f 3982/3982/3982 3980/3980/3980 3983/3983/3983 
f 3976/3976/3976 3984/3984/3984 3981/3981/3981 
f 3983/3983/3983 3981/3981/3981 3984/3984/3984 
f 3984/3984/3984 3976/3976/3976 3985/3985/3985 
f 3985/3985/3985 3986/3986/3986 3984/3984/3984 
f 3986/3986/3986 3983/3983/3983 3984/3984/3984 
f 3986/3986/3986 3985/3985/3985 3987/3987/3987 
f 3988/3988/3988 3986/3986/3986 3987/3987/3987 
f 3988/3988/3988 3989/3989/3989 3986/3986/3986 
f 3983/3983/3983 3986/3986/3986 3989/3989/3989 
f 3990/3990/3990 3989/3989/3989 3988/3988/3988 
f 3991/3991/3991 3983/3983/3983 3989/3989/3989 
f 3991/3991/3991 3989/3989/3989 3990/3990/3990 
f 3982/3982/3982 3983/3983/3983 3991/3991/3991 
f 3992/3992/3992 3991/3991/3991 3990/3990/3990 
f 3993/3993/3993 3991/3991/3991 3992/3992/3992 
f 3993/3993/3993 3982/3982/3982 3991/3991/3991 
f 3994/3994/3994 3993/3993/3993 3992/3992/3992 
f 3995/3995/3995 3993/3993/3993 3994/3994/3994 
f 3996/3996/3996 3995/3995/3995 3994/3994/3994 
f 3997/3997/3997 3995/3995/3995 3996/3996/3996 
f 3998/3998/3998 3995/3995/3995 3997/3997/3997 
f 3995/3995/3995 3998/3998/3998 3999/3999/3999 
f 4000/4000/4000 3999/3999/3999 3998/3998/3998 
f 3995/3995/3995 4001/4001/4001 3993/3993/3993 
f 3995/3995/3995 3999/3999/3999 4001/4001/4001 
f 3993/3993/3993 4001/4001/4001 3982/3982/3982 
f 3999/3999/3999 4000/4000/4000 4002/4002/4002 
f 4002/4002/4002 4001/4001/4001 3999/3999/3999 
f 4003/4003/4003 4002/4002/4002 4000/4000/4000 
f 4004/4004/4004 3982/3982/3982 4001/4001/4001 
f 4001/4001/4001 4002/4002/4002 4004/4004/4004 
f 3982/3982/3982 4004/4004/4004 3979/3979/3979 
f 3978/3978/3978 3979/3979/3979 4004/4004/4004 
f 4005/4005/4005 4004/4004/4004 4002/4002/4002 
f 4004/4004/4004 4005/4005/4005 3978/3978/3978 
f 4002/4002/4002 4003/4003/4003 4005/4005/4005 
f 3949/3949/3949 3978/3978/3978 4005/4005/4005 
f 3951/3951/3951 4005/4005/4005 4003/4003/4003 
f 4005/4005/4005 3951/3951/3951 3949/3949/3949 
f 4006/4006/4006 4007/4007/4007 4008/4008/4008 
f 4008/4008/4008 4007/4007/4007 4009/4009/4009 
f 4008/4008/4008 4010/4010/4010 4006/4006/4006 
f 4010/4010/4010 4008/4008/4008 4011/4011/4011 
f 4012/4012/4012 4006/4006/4006 4010/4010/4010 
f 4013/4013/4013 4012/4012/4012 4010/4010/4010 
f 4014/4014/4014 4009/4009/4009 4007/4007/4007 
f 4009/4009/4009 4014/4014/4014 4015/4015/4015 
f 4015/4015/4015 4014/4014/4014 4016/4016/4016 
f 4017/4017/4017 4015/4015/4015 4016/4016/4016 
f 4016/4016/4016 4018/4018/4018 4017/4017/4017 
f 4014/4014/4014 4019/4019/4019 4016/4016/4016 
f 4019/4019/4019 4014/4014/4014 4007/4007/4007 
f 4018/4018/4018 4016/4016/4016 4020/4020/4020 
f 4018/4018/4018 4020/4020/4020 4021/4021/4021 
f 4018/4018/4018 4021/4021/4021 4022/4022/4022 
f 4016/4016/4016 4023/4023/4023 4020/4020/4020 
f 4023/4023/4023 4016/4016/4016 4019/4019/4019 
f 4023/4023/4023 4021/4021/4021 4020/4020/4020 
f 4021/4021/4021 4024/4024/4024 4022/4022/4022 
f 4024/4024/4024 4021/4021/4021 4025/4025/4025 
f 4025/4025/4025 4026/4026/4026 4024/4024/4024 
f 4021/4021/4021 4023/4023/4023 4027/4027/4027 
f 4027/4027/4027 4025/4025/4025 4021/4021/4021 
f 4019/4019/4019 4028/4028/4028 4023/4023/4023 
f 4028/4028/4028 4027/4027/4027 4023/4023/4023 
f 4007/4007/4007 4029/4029/4029 4019/4019/4019 
f 4028/4028/4028 4019/4019/4019 4029/4029/4029 
f 4029/4029/4029 4007/4007/4007 4006/4006/4006 
f 4026/4026/4026 4025/4025/4025 4030/4030/4030 
f 4025/4025/4025 4027/4027/4027 4030/4030/4030 
f 4030/4030/4030 4031/4031/4031 4026/4026/4026 
f 4026/4026/4026 4031/4031/4031 4032/4032/4032 
f 4033/4033/4033 4030/4030/4030 4027/4027/4027 
f 4027/4027/4027 4028/4028/4028 4033/4033/4033 
f 4030/4030/4030 4033/4033/4033 4031/4031/4031 
f 4034/4034/4034 4033/4033/4033 4028/4028/4028 
f 4034/4034/4034 4028/4028/4028 4029/4029/4029 
f 4033/4033/4033 4035/4035/4035 4031/4031/4031 
f 4033/4033/4033 4034/4034/4034 4035/4035/4035 
f 4031/4031/4031 4036/4036/4036 4032/4032/4032 
f 4031/4031/4031 4035/4035/4035 4036/4036/4036 
f 4032/4032/4032 4036/4036/4036 4037/4037/4037 
f 4029/4029/4029 4038/4038/4038 4034/4034/4034 
f 4038/4038/4038 4029/4029/4029 4006/4006/4006 
f 4006/4006/4006 4012/4012/4012 4038/4038/4038 
f 4038/4038/4038 4039/4039/4039 4034/4034/4034 
f 4039/4039/4039 4035/4035/4035 4034/4034/4034 
f 4040/4040/4040 4038/4038/4038 4012/4012/4012 
f 4038/4038/4038 4040/4040/4040 4039/4039/4039 
f 4012/4012/4012 4041/4041/4041 4040/4040/4040 
f 4013/4013/4013 4041/4041/4041 4012/4012/4012 
f 4042/4042/4042 4041/4041/4041 4013/4013/4013 
f 4035/4035/4035 4039/4039/4039 4043/4043/4043 
f 4043/4043/4043 4036/4036/4036 4035/4035/4035 
f 4040/4040/4040 4044/4044/4044 4039/4039/4039 
f 4044/4044/4044 4043/4043/4043 4039/4039/4039 
f 4041/4041/4041 4045/4045/4045 4040/4040/4040 
f 4040/4040/4040 4045/4045/4045 4044/4044/4044 
f 4042/4042/4042 4046/4046/4046 4041/4041/4041 
f 4041/4041/4041 4046/4046/4046 4045/4045/4045 
f 4047/4047/4047 4046/4046/4046 4042/4042/4042 
f 4036/4036/4036 4043/4043/4043 4048/4048/4048 
f 4036/4036/4036 4048/4048/4048 4037/4037/4037 
f 4037/4037/4037 4048/4048/4048 4049/4049/4049 
f 4050/4050/4050 4048/4048/4048 4043/4043/4043 
f 4043/4043/4043 4044/4044/4044 4050/4050/4050 
f 4048/4048/4048 4051/4051/4051 4049/4049/4049 
f 4048/4048/4048 4050/4050/4050 4051/4051/4051 
f 4049/4049/4049 4051/4051/4051 4052/4052/4052 
f 4052/4052/4052 4051/4051/4051 4053/4053/4053 
f 4050/4050/4050 4053/4053/4053 4051/4051/4051 
f 4052/4052/4052 4053/4053/4053 4054/4054/4054 
f 4053/4053/4053 4055/4055/4055 4054/4054/4054 
f 4053/4053/4053 4050/4050/4050 4056/4056/4056 
f 4055/4055/4055 4053/4053/4053 4056/4056/4056 
f 4044/4044/4044 4056/4056/4056 4050/4050/4050 
f 4056/4056/4056 4057/4057/4057 4055/4055/4055 
f 4056/4056/4056 4044/4044/4044 4058/4058/4058 
f 4057/4057/4057 4056/4056/4056 4058/4058/4058 
f 4045/4045/4045 4058/4058/4058 4044/4044/4044 
f 4059/4059/4059 4057/4057/4057 4058/4058/4058 
f 4045/4045/4045 4059/4059/4059 4058/4058/4058 
f 4060/4060/4060 4057/4057/4057 4059/4059/4059 
f 4046/4046/4046 4059/4059/4059 4045/4045/4045 
f 4061/4061/4061 4060/4060/4060 4059/4059/4059 
f 4061/4061/4061 4059/4059/4059 4046/4046/4046 
f 4047/4047/4047 4061/4061/4061 4046/4046/4046 
f 4062/4062/4062 4060/4060/4060 4061/4061/4061 
f 4063/4063/4063 4061/4061/4061 4047/4047/4047 
f 4063/4063/4063 4062/4062/4062 4061/4061/4061 
f 4064/4064/4064 4062/4062/4062 4063/4063/4063 
f 4065/4065/4065 4066/4066/4066 4067/4067/4067 
f 4067/4067/4067 4066/4066/4066 4068/4068/4068 
f 4066/4066/4066 4069/4069/4069 4068/4068/4068 
f 4068/4068/4068 4069/4069/4069 4070/4070/4070 
f 4069/4069/4069 4071/4071/4071 4070/4070/4070 
f 4072/4072/4072 4069/4069/4069 4066/4066/4066 
f 4065/4065/4065 4072/4072/4072 4066/4066/4066 
f 4071/4071/4071 4069/4069/4069 4073/4073/4073 
f 4073/4073/4073 4074/4074/4074 4071/4071/4071 
f 4074/4074/4074 4073/4073/4073 4075/4075/4075 
f 4076/4076/4076 4073/4073/4073 4069/4069/4069 
f 4069/4069/4069 4072/4072/4072 4076/4076/4076 
f 4077/4077/4077 4075/4075/4075 4073/4073/4073 
f 4073/4073/4073 4076/4076/4076 4077/4077/4077 
f 4075/4075/4075 4077/4077/4077 4078/4078/4078 
f 4077/4077/4077 4079/4079/4079 4078/4078/4078 
f 4080/4080/4080 4072/4072/4072 4065/4065/4065 
f 4081/4081/4081 4079/4079/4079 4077/4077/4077 
f 4076/4076/4076 4081/4081/4081 4077/4077/4077 
f 4082/4082/4082 4079/4079/4079 4081/4081/4081 
f 4079/4079/4079 4082/4082/4082 4083/4083/4083 
f 4084/4084/4084 4081/4081/4081 4076/4076/4076 
f 4081/4081/4081 4085/4085/4085 4082/4082/4082 
f 4085/4085/4085 4081/4081/4081 4084/4084/4084 
f 4086/4086/4086 4083/4083/4083 4082/4082/4082 
f 4085/4085/4085 4086/4086/4086 4082/4082/4082 
f 4083/4083/4083 4086/4086/4086 4087/4087/4087 
f 4086/4086/4086 4088/4088/4088 4087/4087/4087 
f 4089/4089/4089 4088/4088/4088 4086/4086/4086 
f 4090/4090/4090 4089/4089/4089 4086/4086/4086 
f 4090/4090/4090 4086/4086/4086 4085/4085/4085 
f 4091/4091/4091 4089/4089/4089 4090/4090/4090 
f 4090/4090/4090 4092/4092/4092 4091/4091/4091 
f 4092/4092/4092 4090/4090/4090 4093/4093/4093 
f 4093/4093/4093 4094/4094/4094 4092/4092/4092 
f 4095/4095/4095 4090/4090/4090 4085/4085/4085 
f 4093/4093/4093 4090/4090/4090 4095/4095/4095 
f 4096/4096/4096 4085/4085/4085 4084/4084/4084 
f 4095/4095/4095 4085/4085/4085 4096/4096/4096 
f 4076/4076/4076 4096/4096/4096 4084/4084/4084 
f 4096/4096/4096 4076/4076/4076 4072/4072/4072 
f 4072/4072/4072 4097/4097/4097 4096/4096/4096 
f 4097/4097/4097 4095/4095/4095 4096/4096/4096 
f 4097/4097/4097 4072/4072/4072 4080/4080/4080 
f 4093/4093/4093 4095/4095/4095 4098/4098/4098 
f 4098/4098/4098 4095/4095/4095 4097/4097/4097 
f 4099/4099/4099 4093/4093/4093 4098/4098/4098 
f 4094/4094/4094 4093/4093/4093 4099/4099/4099 
f 4097/4097/4097 4100/4100/4100 4098/4098/4098 
f 4100/4100/4100 4099/4099/4099 4098/4098/4098 
f 4101/4101/4101 4094/4094/4094 4099/4099/4099 
f 4100/4100/4100 4101/4101/4101 4099/4099/4099 
f 4101/4101/4101 4102/4102/4102 4094/4094/4094 
f 4103/4103/4103 4097/4097/4097 4080/4080/4080 
f 4065/4065/4065 4103/4103/4103 4080/4080/4080 
f 4100/4100/4100 4097/4097/4097 4104/4104/4104 
f 4103/4103/4103 4104/4104/4104 4097/4097/4097 
f 4105/4105/4105 4101/4101/4101 4100/4100/4100 
f 4104/4104/4104 4105/4105/4105 4100/4100/4100 
f 4106/4106/4106 4102/4102/4102 4101/4101/4101 
f 4101/4101/4101 4105/4105/4105 4106/4106/4106 
f 4102/4102/4102 4106/4106/4106 4107/4107/4107 
f 4103/4103/4103 4065/4065/4065 4108/4108/4108 
f 4067/4067/4067 4108/4108/4108 4065/4065/4065 
f 4108/4108/4108 4067/4067/4067 4109/4109/4109 
f 4110/4110/4110 4107/4107/4107 4106/4106/4106 
f 4107/4107/4107 4110/4110/4110 4111/4111/4111 
f 4110/4110/4110 4112/4112/4112 4111/4111/4111 
f 4106/4106/4106 4113/4113/4113 4110/4110/4110 
f 4113/4113/4113 4106/4106/4106 4105/4105/4105 
f 4113/4113/4113 4112/4112/4112 4110/4110/4110 
f 4109/4109/4109 4114/4114/4114 4108/4108/4108 
f 4114/4114/4114 4109/4109/4109 4115/4115/4115 
f 4108/4108/4108 4116/4116/4116 4103/4103/4103 
f 4116/4116/4116 4108/4108/4108 4114/4114/4114 
f 4116/4116/4116 4104/4104/4104 4103/4103/4103 
f 4117/4117/4117 4112/4112/4112 4113/4113/4113 
f 4104/4104/4104 4116/4116/4116 4118/4118/4118 
f 4105/4105/4105 4104/4104/4104 4118/4118/4118 
f 4118/4118/4118 4113/4113/4113 4105/4105/4105 
f 4113/4113/4113 4118/4118/4118 4117/4117/4117 
f 4119/4119/4119 4118/4118/4118 4116/4116/4116 
f 4118/4118/4118 4119/4119/4119 4117/4117/4117 
f 4119/4119/4119 4112/4112/4112 4117/4117/4117 
f 4114/4114/4114 4119/4119/4119 4116/4116/4116 
f 4120/4120/4120 4112/4112/4112 4119/4119/4119 
f 4119/4119/4119 4114/4114/4114 4120/4120/4120 
f 4115/4115/4115 4120/4120/4120 4114/4114/4114 
f 4121/4121/4121 4112/4112/4112 4120/4120/4120 
f 4120/4120/4120 4115/4115/4115 4121/4121/4121 
f 3945/3945/3945 3944/3944/3944 4122/4122/4122 
f 3946/3946/3946 4122/4122/4122 3944/3944/3944 
f 4122/4122/4122 4123/4123/4123 3945/3945/3945 
f 3936/3936/3936 4124/4124/4124 3946/3946/3946 
f 4122/4122/4122 3946/3946/3946 4124/4124/4124 
f 4123/4123/4123 4122/4122/4122 4125/4125/4125 
f 4124/4124/4124 4125/4125/4125 4122/4122/4122 
f 4125/4125/4125 4126/4126/4126 4123/4123/4123 
f 4124/4124/4124 3936/3936/3936 4127/4127/4127 
f 3928/3928/3928 4127/4127/4127 3936/3936/3936 
f 4127/4127/4127 3928/3928/3928 3925/3925/3925 
f 4127/4127/4127 4128/4128/4128 4124/4124/4124 
f 4125/4125/4125 4124/4124/4124 4128/4128/4128 
f 3925/3925/3925 4129/4129/4129 4127/4127/4127 
f 3925/3925/3925 3923/3923/3923 4129/4129/4129 
f 4128/4128/4128 4127/4127/4127 4130/4130/4130 
f 4127/4127/4127 4129/4129/4129 4130/4130/4130 
f 4128/4128/4128 4131/4131/4131 4125/4125/4125 
f 4126/4126/4126 4125/4125/4125 4131/4131/4131 
f 4131/4131/4131 4128/4128/4128 4132/4132/4132 
f 4130/4130/4130 4132/4132/4132 4128/4128/4128 
f 4131/4131/4131 4133/4133/4133 4126/4126/4126 
f 4132/4132/4132 4133/4133/4133 4131/4131/4131 
f 4126/4126/4126 4133/4133/4133 4134/4134/4134 
f 4133/4133/4133 4135/4135/4135 4134/4134/4134 
f 4135/4135/4135 4133/4133/4133 4136/4136/4136 
f 4133/4133/4133 4137/4137/4137 4136/4136/4136 
f 4138/4138/4138 4137/4137/4137 4133/4133/4133 
f 4133/4133/4133 4132/4132/4132 4138/4138/4138 
f 4138/4138/4138 4139/4139/4139 4137/4137/4137 
f 4140/4140/4140 4139/4139/4139 4138/4138/4138 
f 4132/4132/4132 4140/4140/4140 4138/4138/4138 
f 4140/4140/4140 4141/4141/4141 4139/4139/4139 
f 4142/4142/4142 4140/4140/4140 4132/4132/4132 
f 4132/4132/4132 4130/4130/4130 4142/4142/4142 
f 4143/4143/4143 4141/4141/4141 4140/4140/4140 
f 4142/4142/4142 4143/4143/4143 4140/4140/4140 
f 4130/4130/4130 4144/4144/4144 4142/4142/4142 
f 4144/4144/4144 4143/4143/4143 4142/4142/4142 
f 4129/4129/4129 4144/4144/4144 4130/4130/4130 
f 4129/4129/4129 4145/4145/4145 4144/4144/4144 
f 4145/4145/4145 4143/4143/4143 4144/4144/4144 
f 3923/3923/3923 4145/4145/4145 4129/4129/4129 
f 3923/3923/3923 3924/3924/3924 4145/4145/4145 
f 4143/4143/4143 4145/4145/4145 4146/4146/4146 
f 3924/3924/3924 4146/4146/4146 4145/4145/4145 
f 4146/4146/4146 4141/4141/4141 4143/4143/4143 
f 4146/4146/4146 3924/3924/3924 4147/4147/4147 
f 4141/4141/4141 4146/4146/4146 4148/4148/4148 
f 4147/4147/4147 4148/4148/4148 4146/4146/4146 
f 4148/4148/4148 4147/4147/4147 4149/4149/4149 
# mm_gid 30
g mmGroup30
f 4150/4150/4150 4151/4151/4151 4152/4152/4152 
f 4150/4150/4150 4152/4152/4152 4153/4153/4153 
f 4152/4152/4152 4151/4151/4151 4154/4154/4154 
f 4152/4152/4152 4154/4154/4154 4153/4153/4153 
f 4151/4151/4151 4155/4155/4155 4156/4156/4156 
f 4151/4151/4151 4156/4156/4156 4154/4154/4154 
f 4156/4156/4156 4155/4155/4155 4157/4157/4157 
f 4157/4157/4157 4155/4155/4155 4158/4158/4158 
f 4158/4158/4158 4159/4159/4159 4157/4157/4157 
f 4157/4157/4157 4159/4159/4159 4160/4160/4160 
f 4154/4154/4154 4156/4156/4156 4161/4161/4161 
f 4154/4154/4154 4161/4161/4161 4153/4153/4153 
f 4156/4156/4156 4157/4157/4157 4162/4162/4162 
f 4156/4156/4156 4162/4162/4162 4161/4161/4161 
f 4157/4157/4157 4160/4160/4160 4162/4162/4162 
f 4161/4161/4161 4162/4162/4162 4163/4163/4163 
f 4161/4161/4161 4163/4163/4163 4153/4153/4153 
f 4162/4162/4162 4160/4160/4160 4164/4164/4164 
f 4162/4162/4162 4164/4164/4164 4163/4163/4163 
f 4160/4160/4160 4165/4165/4165 4164/4164/4164 
f 4160/4160/4160 4166/4166/4166 4165/4165/4165 
f 4167/4167/4167 4163/4163/4163 4164/4164/4164 
f 4164/4164/4164 4165/4165/4165 4167/4167/4167 
f 4163/4163/4163 4167/4167/4167 4168/4168/4168 
f 4163/4163/4163 4168/4168/4168 4153/4153/4153 
f 4169/4169/4169 4165/4165/4165 4166/4166/4166 
f 4165/4165/4165 4170/4170/4170 4167/4167/4167 
f 4165/4165/4165 4169/4169/4169 4170/4170/4170 
f 4166/4166/4166 4171/4171/4171 4169/4169/4169 
f 4172/4172/4172 4167/4167/4167 4170/4170/4170 
f 4169/4169/4169 4172/4172/4172 4170/4170/4170 
f 4167/4167/4167 4173/4173/4173 4168/4168/4168 
f 4168/4168/4168 4173/4173/4173 4153/4153/4153 
f 4167/4167/4167 4172/4172/4172 4174/4174/4174 
f 4174/4174/4174 4173/4173/4173 4167/4167/4167 
f 4175/4175/4175 4172/4172/4172 4169/4169/4169 
f 4171/4171/4171 4175/4175/4175 4169/4169/4169 
f 4176/4176/4176 4174/4174/4174 4172/4172/4172 
f 4175/4175/4175 4176/4176/4176 4172/4172/4172 
f 4177/4177/4177 4173/4173/4173 4174/4174/4174 
f 4174/4174/4174 4176/4176/4176 4177/4177/4177 
f 4173/4173/4173 4177/4177/4177 4178/4178/4178 
f 4173/4173/4173 4178/4178/4178 4153/4153/4153 
f 4179/4179/4179 4180/4180/4180 4181/4181/4181 
f 4179/4179/4179 4182/4182/4182 4180/4180/4180 
f 4183/4183/4183 4179/4179/4179 4181/4181/4181 
f 4183/4183/4183 4181/4181/4181 4184/4184/4184 
f 4185/4185/4185 4182/4182/4182 4179/4179/4179 
f 4186/4186/4186 4182/4182/4182 4185/4185/4185 
f 4187/4187/4187 4179/4179/4179 4183/4183/4183 
f 4187/4187/4187 4185/4185/4185 4179/4179/4179 
f 4188/4188/4188 4187/4187/4187 4183/4183/4183 
f 4188/4188/4188 4183/4183/4183 4184/4184/4184 
f 4187/4187/4187 4189/4189/4189 4185/4185/4185 
f 4185/4185/4185 4190/4190/4190 4186/4186/4186 
f 4190/4190/4190 4185/4185/4185 4189/4189/4189 
f 4191/4191/4191 4186/4186/4186 4190/4190/4190 
f 4192/4192/4192 4191/4191/4191 4190/4190/4190 
f 4190/4190/4190 4193/4193/4193 4192/4192/4192 
f 4193/4193/4193 4190/4190/4190 4189/4189/4189 
f 4194/4194/4194 4192/4192/4192 4193/4193/4193 
f 4195/4195/4195 4189/4189/4189 4187/4187/4187 
f 4195/4195/4195 4187/4187/4187 4188/4188/4188 
f 4196/4196/4196 4195/4195/4195 4188/4188/4188 
f 4196/4196/4196 4188/4188/4188 4184/4184/4184 
f 4197/4197/4197 4195/4195/4195 4196/4196/4196 
f 4197/4197/4197 4196/4196/4196 4184/4184/4184 
f 4198/4198/4198 4189/4189/4189 4195/4195/4195 
f 4195/4195/4195 4197/4197/4197 4198/4198/4198 
f 4189/4189/4189 4198/4198/4198 4193/4193/4193 
f 4199/4199/4199 4198/4198/4198 4197/4197/4197 
f 4199/4199/4199 4197/4197/4197 4184/4184/4184 
f 4200/4200/4200 4193/4193/4193 4198/4198/4198 
f 4198/4198/4198 4199/4199/4199 4200/4200/4200 
f 4193/4193/4193 4200/4200/4200 4194/4194/4194 
f 4201/4201/4201 4200/4200/4200 4199/4199/4199 
f 4201/4201/4201 4199/4199/4199 4184/4184/4184 
f 4202/4202/4202 4194/4194/4194 4200/4200/4200 
f 4200/4200/4200 4201/4201/4201 4202/4202/4202 
f 4194/4194/4194 4202/4202/4202 4203/4203/4203 
f 4203/4203/4203 4204/4204/4204 4194/4194/4194 
f 4205/4205/4205 4202/4202/4202 4201/4201/4201 
f 4205/4205/4205 4203/4203/4203 4202/4202/4202 
f 4206/4206/4206 4201/4201/4201 4184/4184/4184 
f 4206/4206/4206 4205/4205/4205 4201/4201/4201 
f 4207/4207/4207 4206/4206/4206 4184/4184/4184 
f 4207/4207/4207 4205/4205/4205 4206/4206/4206 
f 4208/4208/4208 4204/4204/4204 4203/4203/4203 
f 4209/4209/4209 4204/4204/4204 4208/4208/4208 
f 4203/4203/4203 4205/4205/4205 4210/4210/4210 
f 4210/4210/4210 4208/4208/4208 4203/4203/4203 
f 4211/4211/4211 4210/4210/4210 4205/4205/4205 
f 4211/4211/4211 4208/4208/4208 4210/4210/4210 
f 4205/4205/4205 4207/4207/4207 4212/4212/4212 
f 4212/4212/4212 4211/4211/4211 4205/4205/4205 
f 4213/4213/4213 4209/4209/4209 4208/4208/4208 
f 4208/4208/4208 4211/4211/4211 4213/4213/4213 
f 4209/4209/4209 4213/4213/4213 4214/4214/4214 
f 4215/4215/4215 4211/4211/4211 4212/4212/4212 
f 4215/4215/4215 4213/4213/4213 4211/4211/4211 
f 4216/4216/4216 4212/4212/4212 4207/4207/4207 
f 4216/4216/4216 4215/4215/4215 4212/4212/4212 
f 4217/4217/4217 4216/4216/4216 4207/4207/4207 
f 4217/4217/4217 4207/4207/4207 4184/4184/4184 
f 4218/4218/4218 4214/4214/4214 4213/4213/4213 
f 4213/4213/4213 4215/4215/4215 4218/4218/4218 
f 4219/4219/4219 4217/4217/4217 4184/4184/4184 
f 4220/4220/4220 4219/4219/4219 4184/4184/4184 
f 4220/4220/4220 4221/4221/4221 4219/4219/4219 
f 4219/4219/4219 4222/4222/4222 4217/4217/4217 
f 4221/4221/4221 4222/4222/4222 4219/4219/4219 
f 4222/4222/4222 4216/4216/4216 4217/4217/4217 
f 4221/4221/4221 4223/4223/4223 4222/4222/4222 
f 4222/4222/4222 4224/4224/4224 4216/4216/4216 
f 4222/4222/4222 4223/4223/4223 4224/4224/4224 
f 4224/4224/4224 4215/4215/4215 4216/4216/4216 
f 4225/4225/4225 4224/4224/4224 4223/4223/4223 
f 4226/4226/4226 4215/4215/4215 4224/4224/4224 
f 4224/4224/4224 4225/4225/4225 4226/4226/4226 
f 4215/4215/4215 4226/4226/4226 4218/4218/4218 
f 4227/4227/4227 4228/4228/4228 4229/4229/4229 
f 4230/4230/4230 4229/4229/4229 4228/4228/4228 
f 4231/4231/4231 4232/4232/4232 4227/4227/4227 
f 4228/4228/4228 4227/4227/4227 4232/4232/4232 
f 4232/4232/4232 4231/4231/4231 4233/4233/4233 
f 4234/4234/4234 4230/4230/4230 4235/4235/4235 
f 4236/4236/4236 4234/4234/4234 4235/4235/4235 
f 4228/4228/4228 4237/4237/4237 4230/4230/4230 
f 4237/4237/4237 4235/4235/4235 4230/4230/4230 
f 4235/4235/4235 4238/4238/4238 4236/4236/4236 
f 4235/4235/4235 4237/4237/4237 4239/4239/4239 
f 4238/4238/4238 4235/4235/4235 4239/4239/4239 
f 4182/4182/4182 4236/4236/4236 4238/4238/4238 
f 4237/4237/4237 4240/4240/4240 4239/4239/4239 
f 4238/4238/4238 4239/4239/4239 4240/4240/4240 
f 4228/4228/4228 4241/4241/4241 4237/4237/4237 
f 4240/4240/4240 4237/4237/4237 4241/4241/4241 
f 4241/4241/4241 4228/4228/4228 4242/4242/4242 
f 4232/4232/4232 4242/4242/4242 4228/4228/4228 
f 4182/4182/4182 4238/4238/4238 4180/4180/4180 
f 4180/4180/4180 4238/4238/4238 4240/4240/4240 
f 4242/4242/4242 4232/4232/4232 4243/4243/4243 
f 4233/4233/4233 4243/4243/4243 4232/4232/4232 
f 4243/4243/4243 4233/4233/4233 4244/4244/4244 
f 4244/4244/4244 4245/4245/4245 4243/4243/4243 
f 4245/4245/4245 4244/4244/4244 4246/4246/4246 
f 4243/4243/4243 4247/4247/4247 4242/4242/4242 
f 4247/4247/4247 4243/4243/4243 4245/4245/4245 
f 4245/4245/4245 4246/4246/4246 4184/4184/4184 
f 4247/4247/4247 4245/4245/4245 4184/4184/4184 
f 4248/4248/4248 4242/4242/4242 4247/4247/4247 
f 4242/4242/4242 4248/4248/4248 4241/4241/4241 
f 4248/4248/4248 4240/4240/4240 4241/4241/4241 
f 4248/4248/4248 4247/4247/4247 4184/4184/4184 
f 4240/4240/4240 4248/4248/4248 4249/4249/4249 
f 4249/4249/4249 4248/4248/4248 4184/4184/4184 
f 4181/4181/4181 4240/4240/4240 4249/4249/4249 
f 4240/4240/4240 4181/4181/4181 4180/4180/4180 
f 4181/4181/4181 4249/4249/4249 4184/4184/4184 
f 4250/4250/4250 4251/4251/4251 4252/4252/4252 
f 4250/4250/4250 4253/4253/4253 4251/4251/4251 
f 4252/4252/4252 4254/4254/4254 4250/4250/4250 
f 4253/4253/4253 4250/4250/4250 4255/4255/4255 
f 4255/4255/4255 4256/4256/4256 4253/4253/4253 
f 4256/4256/4256 4255/4255/4255 4257/4257/4257 
f 4258/4258/4258 4257/4257/4257 4255/4255/4255 
f 4259/4259/4259 4255/4255/4255 4250/4250/4250 
f 4258/4258/4258 4255/4255/4255 4259/4259/4259 
f 4250/4250/4250 4254/4254/4254 4259/4259/4259 
f 4258/4258/4258 4259/4259/4259 4260/4260/4260 
f 4261/4261/4261 4258/4258/4258 4260/4260/4260 
f 4254/4254/4254 4262/4262/4262 4259/4259/4259 
f 4259/4259/4259 4262/4262/4262 4260/4260/4260 
f 4254/4254/4254 4252/4252/4252 4263/4263/4263 
f 4263/4263/4263 4262/4262/4262 4254/4254/4254 
f 4264/4264/4264 4263/4263/4263 4252/4252/4252 
f 4263/4263/4263 4264/4264/4264 4265/4265/4265 
f 4265/4265/4265 4266/4266/4266 4263/4263/4263 
f 4262/4262/4262 4263/4263/4263 4266/4266/4266 
f 4266/4266/4266 4265/4265/4265 4267/4267/4267 
f 4266/4266/4266 4267/4267/4267 4268/4268/4268 
f 4269/4269/4269 4266/4266/4266 4268/4268/4268 
f 4262/4262/4262 4266/4266/4266 4269/4269/4269 
f 4268/4268/4268 4270/4270/4270 4269/4269/4269 
f 4271/4271/4271 4262/4262/4262 4269/4269/4269 
f 4271/4271/4271 4269/4269/4269 4270/4270/4270 
f 4260/4260/4260 4262/4262/4262 4271/4271/4271 
f 4272/4272/4272 4271/4271/4271 4270/4270/4270 
f 4272/4272/4272 4270/4270/4270 4153/4153/4153 
f 4273/4273/4273 4260/4260/4260 4271/4271/4271 
f 4273/4273/4273 4271/4271/4271 4272/4272/4272 
f 4273/4273/4273 4261/4261/4261 4260/4260/4260 
f 4274/4274/4274 4261/4261/4261 4273/4273/4273 
f 4275/4275/4275 4272/4272/4272 4153/4153/4153 
f 4275/4275/4275 4273/4273/4273 4272/4272/4272 
f 4274/4274/4274 4273/4273/4273 4275/4275/4275 
f 4276/4276/4276 4275/4275/4275 4153/4153/4153 
f 4276/4276/4276 4274/4274/4274 4275/4275/4275 
f 4277/4277/4277 4278/4278/4278 4166/4166/4166 
f 4166/4166/4166 4160/4160/4160 4277/4277/4277 
f 4277/4277/4277 4279/4279/4279 4278/4278/4278 
f 4279/4279/4279 4277/4277/4277 4159/4159/4159 
f 4159/4159/4159 4277/4277/4277 4160/4160/4160 
f 4280/4280/4280 4278/4278/4278 4279/4279/4279 
f 4159/4159/4159 4281/4281/4281 4279/4279/4279 
f 4279/4279/4279 4282/4282/4282 4280/4280/4280 
f 4282/4282/4282 4279/4279/4279 4281/4281/4281 
f 4281/4281/4281 4159/4159/4159 4158/4158/4158 
f 4283/4283/4283 4280/4280/4280 4282/4282/4282 
f 4284/4284/4284 4282/4282/4282 4281/4281/4281 
f 4278/4278/4278 4280/4280/4280 4285/4285/4285 
f 4286/4286/4286 4283/4283/4283 4282/4282/4282 
f 4282/4282/4282 4284/4284/4284 4286/4286/4286 
f 4280/4280/4280 4283/4283/4283 4287/4287/4287 
f 4287/4287/4287 4285/4285/4285 4280/4280/4280 
f 4278/4278/4278 4285/4285/4285 4288/4288/4288 
f 4278/4278/4278 4288/4288/4288 4166/4166/4166 
f 4285/4285/4285 4287/4287/4287 4289/4289/4289 
f 4288/4288/4288 4285/4285/4285 4290/4290/4290 
f 4285/4285/4285 4289/4289/4289 4290/4290/4290 
f 4171/4171/4171 4166/4166/4166 4288/4288/4288 
f 4288/4288/4288 4290/4290/4290 4171/4171/4171 
f 4291/4291/4291 4287/4287/4287 4283/4283/4283 
f 4292/4292/4292 4289/4289/4289 4287/4287/4287 
f 4287/4287/4287 4291/4291/4291 4292/4292/4292 
f 4293/4293/4293 4291/4291/4291 4283/4283/4283 
f 4283/4283/4283 4286/4286/4286 4293/4293/4293 
f 4294/4294/4294 4292/4292/4292 4291/4291/4291 
f 4291/4291/4291 4293/4293/4293 4295/4295/4295 
f 4295/4295/4295 4294/4294/4294 4291/4291/4291 
f 4296/4296/4296 4293/4293/4293 4286/4286/4286 
f 4297/4297/4297 4295/4295/4295 4293/4293/4293 
f 4293/4293/4293 4296/4296/4296 4297/4297/4297 
f 4286/4286/4286 4298/4298/4298 4296/4296/4296 
f 4298/4298/4298 4286/4286/4286 4284/4284/4284 
f 4296/4296/4296 4298/4298/4298 4299/4299/4299 
f 4296/4296/4296 4300/4300/4300 4297/4297/4297 
f 4299/4299/4299 4300/4300/4300 4296/4296/4296 
f 4298/4298/4298 4301/4301/4301 4299/4299/4299 
f 4284/4284/4284 4302/4302/4302 4298/4298/4298 
f 4301/4301/4301 4298/4298/4298 4302/4302/4302 
f 4302/4302/4302 4284/4284/4284 4303/4303/4303 
f 4281/4281/4281 4303/4303/4303 4284/4284/4284 
f 4303/4303/4303 4281/4281/4281 4158/4158/4158 
f 4303/4303/4303 4304/4304/4304 4302/4302/4302 
f 4304/4304/4304 4301/4301/4301 4302/4302/4302 
f 4158/4158/4158 4305/4305/4305 4303/4303/4303 
f 4304/4304/4304 4303/4303/4303 4305/4305/4305 
f 4301/4301/4301 4264/4264/4264 4299/4299/4299 
f 4300/4300/4300 4299/4299/4299 4264/4264/4264 
f 4301/4301/4301 4304/4304/4304 4306/4306/4306 
f 4305/4305/4305 4158/4158/4158 4155/4155/4155 
f 4306/4306/4306 4265/4265/4265 4301/4301/4301 
f 4264/4264/4264 4301/4301/4301 4265/4265/4265 
f 4265/4265/4265 4306/4306/4306 4267/4267/4267 
f 4304/4304/4304 4307/4307/4307 4306/4306/4306 
f 4305/4305/4305 4308/4308/4308 4304/4304/4304 
f 4307/4307/4307 4304/4304/4304 4308/4308/4308 
f 4308/4308/4308 4305/4305/4305 4309/4309/4309 
f 4155/4155/4155 4309/4309/4309 4305/4305/4305 
f 4308/4308/4308 4310/4310/4310 4307/4307/4307 
f 4268/4268/4268 4306/4306/4306 4307/4307/4307 
f 4306/4306/4306 4268/4268/4268 4267/4267/4267 
f 4310/4310/4310 4268/4268/4268 4307/4307/4307 
f 4310/4310/4310 4308/4308/4308 4311/4311/4311 
f 4309/4309/4309 4311/4311/4311 4308/4308/4308 
f 4268/4268/4268 4310/4310/4310 4312/4312/4312 
f 4311/4311/4311 4309/4309/4309 4150/4150/4150 
f 4310/4310/4310 4311/4311/4311 4153/4153/4153 
f 4312/4312/4312 4310/4310/4310 4153/4153/4153 
f 4311/4311/4311 4150/4150/4150 4153/4153/4153 
f 4270/4270/4270 4268/4268/4268 4312/4312/4312 
f 4270/4270/4270 4312/4312/4312 4153/4153/4153 
f 4151/4151/4151 4150/4150/4150 4309/4309/4309 
f 4309/4309/4309 4155/4155/4155 4151/4151/4151 
f 4313/4313/4313 4314/4314/4314 4315/4315/4315 
f 4315/4315/4315 4316/4316/4316 4313/4313/4313 
f 4314/4314/4314 4313/4313/4313 4317/4317/4317 
f 4318/4318/4318 4314/4314/4314 4317/4317/4317 
f 4319/4319/4319 4313/4313/4313 4316/4316/4316 
f 4317/4317/4317 4320/4320/4320 4318/4318/4318 
f 4321/4321/4321 4318/4318/4318 4320/4320/4320 
f 4322/4322/4322 4317/4317/4317 4313/4313/4313 
f 4313/4313/4313 4319/4319/4319 4322/4322/4322 
f 4320/4320/4320 4317/4317/4317 4323/4323/4323 
f 4317/4317/4317 4322/4322/4322 4323/4323/4323 
f 4324/4324/4324 4321/4321/4321 4320/4320/4320 
f 4325/4325/4325 4321/4321/4321 4324/4324/4324 
f 4326/4326/4326 4320/4320/4320 4323/4323/4323 
f 4324/4324/4324 4320/4320/4320 4326/4326/4326 
f 4325/4325/4325 4324/4324/4324 4327/4327/4327 
f 4328/4328/4328 4325/4325/4325 4327/4327/4327 
f 4324/4324/4324 4326/4326/4326 4329/4329/4329 
f 4327/4327/4327 4324/4324/4324 4329/4329/4329 
f 4326/4326/4326 4323/4323/4323 4330/4330/4330 
f 4328/4328/4328 4327/4327/4327 4331/4331/4331 
f 4329/4329/4329 4326/4326/4326 4332/4332/4332 
f 4332/4332/4332 4326/4326/4326 4330/4330/4330 
f 4327/4327/4327 4329/4329/4329 4333/4333/4333 
f 4333/4333/4333 4331/4331/4331 4327/4327/4327 
f 4334/4334/4334 4329/4329/4329 4332/4332/4332 
f 4329/4329/4329 4334/4334/4334 4333/4333/4333 
f 4332/4332/4332 4330/4330/4330 4335/4335/4335 
f 4332/4332/4332 4336/4336/4336 4334/4334/4334 
f 4336/4336/4336 4332/4332/4332 4335/4335/4335 
f 4330/4330/4330 4337/4337/4337 4335/4335/4335 
f 4335/4335/4335 4337/4337/4337 4336/4336/4336 
f 4337/4337/4337 4330/4330/4330 4338/4338/4338 
f 4323/4323/4323 4338/4338/4338 4330/4330/4330 
f 4338/4338/4338 4323/4323/4323 4322/4322/4322 
f 4338/4338/4338 4339/4339/4339 4337/4337/4337 
f 4322/4322/4322 4340/4340/4340 4338/4338/4338 
f 4339/4339/4339 4338/4338/4338 4340/4340/4340 
f 4340/4340/4340 4322/4322/4322 4319/4319/4319 
f 4336/4336/4336 4337/4337/4337 4341/4341/4341 
f 4337/4337/4337 4339/4339/4339 4341/4341/4341 
f 4336/4336/4336 4341/4341/4341 4342/4342/4342 
f 4342/4342/4342 4334/4334/4334 4336/4336/4336 
f 4334/4334/4334 4342/4342/4342 4343/4343/4343 
f 4343/4343/4343 4333/4333/4333 4334/4334/4334 
f 4342/4342/4342 4341/4341/4341 4344/4344/4344 
f 4333/4333/4333 4343/4343/4343 4345/4345/4345 
f 4331/4331/4331 4333/4333/4333 4345/4345/4345 
f 4346/4346/4346 4343/4343/4343 4342/4342/4342 
f 4342/4342/4342 4344/4344/4344 4346/4346/4346 
f 4347/4347/4347 4345/4345/4345 4343/4343/4343 
f 4343/4343/4343 4346/4346/4346 4347/4347/4347 
f 4348/4348/4348 4347/4347/4347 4346/4346/4346 
f 4347/4347/4347 4348/4348/4348 4349/4349/4349 
f 4346/4346/4346 4350/4350/4350 4348/4348/4348 
f 4346/4346/4346 4344/4344/4344 4350/4350/4350 
f 4348/4348/4348 4350/4350/4350 4351/4351/4351 
f 4349/4349/4349 4352/4352/4352 4347/4347/4347 
f 4345/4345/4345 4347/4347/4347 4352/4352/4352 
f 4352/4352/4352 4349/4349/4349 4353/4353/4353 
f 4352/4352/4352 4354/4354/4354 4345/4345/4345 
f 4354/4354/4354 4331/4331/4331 4345/4345/4345 
f 4353/4353/4353 4355/4355/4355 4352/4352/4352 
f 4354/4354/4354 4352/4352/4352 4355/4355/4355 
f 4355/4355/4355 4353/4353/4353 4356/4356/4356 
f 4357/4357/4357 4331/4331/4331 4354/4354/4354 
f 4331/4331/4331 4357/4357/4357 4328/4328/4328 
f 4358/4358/4358 4328/4328/4328 4357/4357/4357 
f 4359/4359/4359 4357/4357/4357 4354/4354/4354 
f 4355/4355/4355 4359/4359/4359 4354/4354/4354 
f 4357/4357/4357 4360/4360/4360 4358/4358/4358 
f 4360/4360/4360 4357/4357/4357 4359/4359/4359 
f 4234/4234/4234 4358/4358/4358 4360/4360/4360 
f 4356/4356/4356 4361/4361/4361 4355/4355/4355 
f 4359/4359/4359 4355/4355/4355 4361/4361/4361 
f 4361/4361/4361 4356/4356/4356 4362/4362/4362 
f 4362/4362/4362 4363/4363/4363 4361/4361/4361 
f 4363/4363/4363 4359/4359/4359 4361/4361/4361 
f 4363/4363/4363 4362/4362/4362 4364/4364/4364 
f 4365/4365/4365 4360/4360/4360 4359/4359/4359 
f 4359/4359/4359 4363/4363/4363 4365/4365/4365 
f 4366/4366/4366 4360/4360/4360 4365/4365/4365 
f 4360/4360/4360 4366/4366/4366 4234/4234/4234 
f 4363/4363/4363 4367/4367/4367 4365/4365/4365 
f 4365/4365/4365 4367/4367/4367 4366/4366/4366 
f 4364/4364/4364 4368/4368/4368 4363/4363/4363 
f 4367/4367/4367 4363/4363/4363 4368/4368/4368 
f 4368/4368/4368 4364/4364/4364 4369/4369/4369 
f 4368/4368/4368 4369/4369/4369 4231/4231/4231 
f 4367/4367/4367 4368/4368/4368 4227/4227/4227 
f 4227/4227/4227 4368/4368/4368 4231/4231/4231 
f 4229/4229/4229 4366/4366/4366 4367/4367/4367 
f 4229/4229/4229 4367/4367/4367 4227/4227/4227 
f 4366/4366/4366 4229/4229/4229 4230/4230/4230 
f 4230/4230/4230 4234/4234/4234 4366/4366/4366 
f 4370/4370/4370 4177/4177/4177 4176/4176/4176 
f 4371/4371/4371 4178/4178/4178 4177/4177/4177 
f 4177/4177/4177 4370/4370/4370 4371/4371/4371 
f 4178/4178/4178 4371/4371/4371 4372/4372/4372 
f 4178/4178/4178 4372/4372/4372 4153/4153/4153 
f 4373/4373/4373 4371/4371/4371 4370/4370/4370 
f 4371/4371/4371 4373/4373/4373 4374/4374/4374 
f 4374/4374/4374 4372/4372/4372 4371/4371/4371 
f 4372/4372/4372 4374/4374/4374 4375/4375/4375 
f 4372/4372/4372 4375/4375/4375 4153/4153/4153 
f 4370/4370/4370 4376/4376/4376 4373/4373/4373 
f 4176/4176/4176 4377/4377/4377 4370/4370/4370 
f 4376/4376/4376 4370/4370/4370 4377/4377/4377 
f 4377/4377/4377 4176/4176/4176 4378/4378/4378 
f 4378/4378/4378 4176/4176/4176 4175/4175/4175 
f 4379/4379/4379 4376/4376/4376 4377/4377/4377 
f 4376/4376/4376 4379/4379/4379 4380/4380/4380 
f 4379/4379/4379 4381/4381/4381 4380/4380/4380 
f 4377/4377/4377 4382/4382/4382 4379/4379/4379 
f 4382/4382/4382 4377/4377/4377 4378/4378/4378 
f 4381/4381/4381 4379/4379/4379 4383/4383/4383 
f 4382/4382/4382 4383/4383/4383 4379/4379/4379 
f 4383/4383/4383 4384/4384/4384 4381/4381/4381 
f 4385/4385/4385 4378/4378/4378 4175/4175/4175 
f 4378/4378/4378 4385/4385/4385 4382/4382/4382 
f 4175/4175/4175 4171/4171/4171 4385/4385/4385 
f 4383/4383/4383 4382/4382/4382 4386/4386/4386 
f 4386/4386/4386 4382/4382/4382 4385/4385/4385 
f 4384/4384/4384 4383/4383/4383 4387/4387/4387 
f 4387/4387/4387 4388/4388/4388 4384/4384/4384 
f 4389/4389/4389 4383/4383/4383 4386/4386/4386 
f 4383/4383/4383 4389/4389/4389 4387/4387/4387 
f 4385/4385/4385 4390/4390/4390 4386/4386/4386 
f 4390/4390/4390 4385/4385/4385 4171/4171/4171 
f 4386/4386/4386 4390/4390/4390 4389/4389/4389 
f 4388/4388/4388 4387/4387/4387 4391/4391/4391 
f 4389/4389/4389 4391/4391/4391 4387/4387/4387 
f 4391/4391/4391 4392/4392/4392 4388/4388/4388 
f 4171/4171/4171 4393/4393/4393 4390/4390/4390 
f 4171/4171/4171 4290/4290/4290 4393/4393/4393 
f 4390/4390/4390 4394/4394/4394 4389/4389/4389 
f 4394/4394/4394 4390/4390/4390 4393/4393/4393 
f 4391/4391/4391 4389/4389/4389 4395/4395/4395 
f 4389/4389/4389 4394/4394/4394 4395/4395/4395 
f 4392/4392/4392 4391/4391/4391 4396/4396/4396 
f 4395/4395/4395 4396/4396/4396 4391/4391/4391 
f 4396/4396/4396 4397/4397/4397 4392/4392/4392 
f 4397/4397/4397 4396/4396/4396 4398/4398/4398 
f 4398/4398/4398 4399/4399/4399 4397/4397/4397 
f 4396/4396/4396 4395/4395/4395 4400/4400/4400 
f 4400/4400/4400 4398/4398/4398 4396/4396/4396 
f 4394/4394/4394 4401/4401/4401 4395/4395/4395 
f 4395/4395/4395 4401/4401/4401 4400/4400/4400 
f 4401/4401/4401 4394/4394/4394 4402/4402/4402 
f 4393/4393/4393 4402/4402/4402 4394/4394/4394 
f 4401/4401/4401 4403/4403/4403 4400/4400/4400 
f 4393/4393/4393 4404/4404/4404 4402/4402/4402 
f 4290/4290/4290 4404/4404/4404 4393/4393/4393 
f 4290/4290/4290 4289/4289/4289 4404/4404/4404 
f 4402/4402/4402 4405/4405/4405 4401/4401/4401 
f 4403/4403/4403 4401/4401/4401 4405/4405/4405 
f 4404/4404/4404 4406/4406/4406 4402/4402/4402 
f 4402/4402/4402 4406/4406/4406 4405/4405/4405 
f 4289/4289/4289 4407/4407/4407 4404/4404/4404 
f 4404/4404/4404 4407/4407/4407 4406/4406/4406 
f 4289/4289/4289 4292/4292/4292 4407/4407/4407 
f 4408/4408/4408 4407/4407/4407 4292/4292/4292 
f 4292/4292/4292 4294/4294/4294 4408/4408/4408 
f 4407/4407/4407 4409/4409/4409 4406/4406/4406 
f 4407/4407/4407 4408/4408/4408 4409/4409/4409 
f 4406/4406/4406 4410/4410/4410 4405/4405/4405 
f 4406/4406/4406 4409/4409/4409 4410/4410/4410 
f 4405/4405/4405 4410/4410/4410 4411/4411/4411 
f 4405/4405/4405 4411/4411/4411 4403/4403/4403 
f 4204/4204/4204 4412/4412/4412 4413/4413/4413 
f 4204/4204/4204 4413/4413/4413 4194/4194/4194 
f 4414/4414/4414 4413/4413/4413 4412/4412/4412 
f 4413/4413/4413 4414/4414/4414 4192/4192/4192 
f 4192/4192/4192 4194/4194/4194 4413/4413/4413 
f 4412/4412/4412 4415/4415/4415 4414/4414/4414 
f 4191/4191/4191 4192/4192/4192 4414/4414/4414 
f 4412/4412/4412 4204/4204/4204 4416/4416/4416 
f 4417/4417/4417 4412/4412/4412 4416/4416/4416 
f 4415/4415/4415 4412/4412/4412 4417/4417/4417 
f 4418/4418/4418 4414/4414/4414 4415/4415/4415 
f 4414/4414/4414 4418/4418/4418 4191/4191/4191 
f 4417/4417/4417 4419/4419/4419 4415/4415/4415 
f 4415/4415/4415 4420/4420/4420 4418/4418/4418 
f 4420/4420/4420 4415/4415/4415 4419/4419/4419 
f 4418/4418/4418 4421/4421/4421 4191/4191/4191 
f 4420/4420/4420 4422/4422/4422 4418/4418/4418 
f 4421/4421/4421 4418/4418/4418 4422/4422/4422 
f 4419/4419/4419 4423/4423/4423 4420/4420/4420 
f 4186/4186/4186 4191/4191/4191 4421/4421/4421 
f 4422/4422/4422 4420/4420/4420 4424/4424/4424 
f 4423/4423/4423 4424/4424/4424 4420/4420/4420 
f 4422/4422/4422 4425/4425/4425 4421/4421/4421 
f 4424/4424/4424 4426/4426/4426 4422/4422/4422 
f 4425/4425/4425 4422/4422/4422 4426/4426/4426 
f 4427/4427/4427 4421/4421/4421 4425/4425/4425 
f 4421/4421/4421 4427/4427/4427 4186/4186/4186 
f 4427/4427/4427 4425/4425/4425 4236/4236/4236 
f 4182/4182/4182 4186/4186/4186 4427/4427/4427 
f 4236/4236/4236 4182/4182/4182 4427/4427/4427 
f 4425/4425/4425 4426/4426/4426 4428/4428/4428 
f 4425/4425/4425 4428/4428/4428 4236/4236/4236 
f 4426/4426/4426 4424/4424/4424 4429/4429/4429 
f 4428/4428/4428 4426/4426/4426 4430/4430/4430 
f 4426/4426/4426 4429/4429/4429 4430/4430/4430 
f 4234/4234/4234 4236/4236/4236 4428/4428/4428 
f 4428/4428/4428 4430/4430/4430 4234/4234/4234 
f 4431/4431/4431 4429/4429/4429 4424/4424/4424 
f 4424/4424/4424 4423/4423/4423 4431/4431/4431 
f 4430/4430/4430 4429/4429/4429 4432/4432/4432 
f 4429/4429/4429 4431/4431/4431 4433/4433/4433 
f 4429/4429/4429 4433/4433/4433 4432/4432/4432 
f 4430/4430/4430 4432/4432/4432 4358/4358/4358 
f 4234/4234/4234 4430/4430/4430 4358/4358/4358 
f 4432/4432/4432 4433/4433/4433 4325/4325/4325 
f 4358/4358/4358 4432/4432/4432 4328/4328/4328 
f 4432/4432/4432 4325/4325/4325 4328/4328/4328 
f 4433/4433/4433 4321/4321/4321 4325/4325/4325 
f 4434/4434/4434 4433/4433/4433 4431/4431/4431 
f 4433/4433/4433 4434/4434/4434 4321/4321/4321 
f 4431/4431/4431 4435/4435/4435 4434/4434/4434 
f 4435/4435/4435 4431/4431/4431 4423/4423/4423 
f 4436/4436/4436 4435/4435/4435 4423/4423/4423 
f 4423/4423/4423 4419/4419/4419 4436/4436/4436 
f 4437/4437/4437 4434/4434/4434 4435/4435/4435 
f 4318/4318/4318 4321/4321/4321 4434/4434/4434 
f 4434/4434/4434 4437/4437/4437 4318/4318/4318 
f 4435/4435/4435 4436/4436/4436 4438/4438/4438 
f 4438/4438/4438 4437/4437/4437 4435/4435/4435 
f 4439/4439/4439 4436/4436/4436 4419/4419/4419 
f 4419/4419/4419 4417/4417/4417 4439/4439/4439 
f 4440/4440/4440 4438/4438/4438 4436/4436/4436 
f 4436/4436/4436 4439/4439/4439 4440/4440/4440 
f 4417/4417/4417 4441/4441/4441 4439/4439/4439 
f 4416/4416/4416 4441/4441/4441 4417/4417/4417 
f 4439/4439/4439 4442/4442/4442 4440/4440/4440 
f 4441/4441/4441 4442/4442/4442 4439/4439/4439 
f 4441/4441/4441 4416/4416/4416 4209/4209/4209 
f 4204/4204/4204 4209/4209/4209 4416/4416/4416 
f 4442/4442/4442 4441/4441/4441 4443/4443/4443 
f 4209/4209/4209 4443/4443/4443 4441/4441/4441 
f 4442/4442/4442 4444/4444/4444 4440/4440/4440 
f 4443/4443/4443 4445/4445/4445 4442/4442/4442 
f 4444/4444/4444 4442/4442/4442 4445/4445/4445 
f 4440/4440/4440 4444/4444/4444 4446/4446/4446 
f 4438/4438/4438 4440/4440/4440 4446/4446/4446 
f 4446/4446/4446 4447/4447/4447 4438/4438/4438 
f 4437/4437/4437 4438/4438/4438 4447/4447/4447 
f 4444/4444/4444 4448/4448/4448 4446/4446/4446 
f 4447/4447/4447 4314/4314/4314 4437/4437/4437 
f 4314/4314/4314 4318/4318/4318 4437/4437/4437 
f 4447/4447/4447 4446/4446/4446 4449/4449/4449 
f 4448/4448/4448 4449/4449/4449 4446/4446/4446 
f 4449/4449/4449 4450/4450/4450 4447/4447/4447 
f 4314/4314/4314 4447/4447/4447 4450/4450/4450 
f 4449/4449/4449 4448/4448/4448 4451/4451/4451 
f 4448/4448/4448 4444/4444/4444 4452/4452/4452 
f 4445/4445/4445 4452/4452/4452 4444/4444/4444 
f 4452/4452/4452 4453/4453/4453 4448/4448/4448 
f 4453/4453/4453 4451/4451/4451 4448/4448/4448 
f 4445/4445/4445 4454/4454/4454 4452/4452/4452 
f 4452/4452/4452 4455/4455/4455 4453/4453/4453 
f 4454/4454/4454 4455/4455/4455 4452/4452/4452 
f 4456/4456/4456 4454/4454/4454 4445/4445/4445 
f 4443/4443/4443 4456/4456/4456 4445/4445/4445 
f 4454/4454/4454 4457/4457/4457 4455/4455/4455 
f 4458/4458/4458 4456/4456/4456 4443/4443/4443 
f 4456/4456/4456 4459/4459/4459 4454/4454/4454 
f 4459/4459/4459 4457/4457/4457 4454/4454/4454 
f 4460/4460/4460 4459/4459/4459 4456/4456/4456 
f 4458/4458/4458 4460/4460/4460 4456/4456/4456 
f 4209/4209/4209 4458/4458/4458 4443/4443/4443 
f 4455/4455/4455 4457/4457/4457 4461/4461/4461 
f 4214/4214/4214 4458/4458/4458 4209/4209/4209 
f 4455/4455/4455 4462/4462/4462 4453/4453/4453 
f 4455/4455/4455 4461/4461/4461 4462/4462/4462 
f 4453/4453/4453 4462/4462/4462 4463/4463/4463 
f 4451/4451/4451 4453/4453/4453 4463/4463/4463 
f 4462/4462/4462 4461/4461/4461 4464/4464/4464 
f 4214/4214/4214 4465/4465/4465 4458/4458/4458 
f 4465/4465/4465 4460/4460/4460 4458/4458/4458 
f 4463/4463/4463 4462/4462/4462 4466/4466/4466 
f 4462/4462/4462 4464/4464/4464 4466/4466/4466 
f 4463/4463/4463 4466/4466/4466 4467/4467/4467 
f 4463/4463/4463 4468/4468/4468 4451/4451/4451 
f 4468/4468/4468 4463/4463/4463 4467/4467/4467 
f 4467/4467/4467 4466/4466/4466 4469/4469/4469 
f 4469/4469/4469 4468/4468/4468 4467/4467/4467 
f 4466/4466/4466 4464/4464/4464 4470/4470/4470 
f 4466/4466/4466 4470/4470/4470 4469/4469/4469 
f 4471/4471/4471 4451/4451/4451 4468/4468/4468 
f 4451/4451/4451 4471/4471/4471 4449/4449/4449 
f 4450/4450/4450 4449/4449/4449 4471/4471/4471 
f 4472/4472/4472 4471/4471/4471 4468/4468/4468 
f 4468/4468/4468 4469/4469/4469 4472/4472/4472 
f 4473/4473/4473 4450/4450/4450 4471/4471/4471 
f 4471/4471/4471 4472/4472/4472 4473/4473/4473 
f 4474/4474/4474 4472/4472/4472 4469/4469/4469 
f 4469/4469/4469 4470/4470/4470 4474/4474/4474 
f 4475/4475/4475 4473/4473/4473 4472/4472/4472 
f 4472/4472/4472 4474/4474/4474 4475/4475/4475 
f 4450/4450/4450 4473/4473/4473 4476/4476/4476 
f 4476/4476/4476 4314/4314/4314 4450/4450/4450 
f 4473/4473/4473 4475/4475/4475 4477/4477/4477 
f 4477/4477/4477 4476/4476/4476 4473/4473/4473 
f 4474/4474/4474 4478/4478/4478 4475/4475/4475 
f 4475/4475/4475 4479/4479/4479 4477/4477/4477 
f 4479/4479/4479 4475/4475/4475 4478/4478/4478 
f 4476/4476/4476 4477/4477/4477 4480/4480/4480 
f 4481/4481/4481 4477/4477/4477 4479/4479/4479 
f 4477/4477/4477 4481/4481/4481 4480/4480/4480 
f 4480/4480/4480 4315/4315/4315 4476/4476/4476 
f 4314/4314/4314 4476/4476/4476 4315/4315/4315 
f 4315/4315/4315 4480/4480/4480 4482/4482/4482 
f 4480/4480/4480 4483/4483/4483 4482/4482/4482 
f 4483/4483/4483 4480/4480/4480 4481/4481/4481 
f 4316/4316/4316 4315/4315/4315 4482/4482/4482 
f 4483/4483/4483 4316/4316/4316 4482/4482/4482 
f 4225/4225/4225 4484/4484/4484 4226/4226/4226 
f 4484/4484/4484 4225/4225/4225 4485/4485/4485 
f 4486/4486/4486 4484/4484/4484 4485/4485/4485 
f 4226/4226/4226 4487/4487/4487 4218/4218/4218 
f 4487/4487/4487 4226/4226/4226 4484/4484/4484 
f 4214/4214/4214 4218/4218/4218 4487/4487/4487 
f 4487/4487/4487 4465/4465/4465 4214/4214/4214 
f 4488/4488/4488 4487/4487/4487 4484/4484/4484 
f 4487/4487/4487 4488/4488/4488 4465/4465/4465 
f 4484/4484/4484 4486/4486/4486 4488/4488/4488 
f 4488/4488/4488 4460/4460/4460 4465/4465/4465 
f 4488/4488/4488 4486/4486/4486 4489/4489/4489 
f 4488/4488/4488 4489/4489/4489 4490/4490/4490 
f 4460/4460/4460 4488/4488/4488 4490/4490/4490 
f 4491/4491/4491 4490/4490/4490 4489/4489/4489 
f 4492/4492/4492 4460/4460/4460 4490/4490/4490 
f 4490/4490/4490 4491/4491/4491 4492/4492/4492 
f 4460/4460/4460 4492/4492/4492 4459/4459/4459 
f 4493/4493/4493 4492/4492/4492 4491/4491/4491 
f 4494/4494/4494 4459/4459/4459 4492/4492/4492 
f 4492/4492/4492 4493/4493/4493 4494/4494/4494 
f 4459/4459/4459 4494/4494/4494 4457/4457/4457 
f 4495/4495/4495 4494/4494/4494 4493/4493/4493 
f 4496/4496/4496 4457/4457/4457 4494/4494/4494 
f 4494/4494/4494 4495/4495/4495 4496/4496/4496 
f 4457/4457/4457 4496/4496/4496 4461/4461/4461 
f 4497/4497/4497 4496/4496/4496 4495/4495/4495 
f 4498/4498/4498 4461/4461/4461 4496/4496/4496 
f 4496/4496/4496 4497/4497/4497 4498/4498/4498 
f 4461/4461/4461 4498/4498/4498 4464/4464/4464 
f 4498/4498/4498 4497/4497/4497 4499/4499/4499 
f 4497/4497/4497 4500/4500/4500 4499/4499/4499 
f 4464/4464/4464 4498/4498/4498 4501/4501/4501 
f 4498/4498/4498 4499/4499/4499 4501/4501/4501 
f 4464/4464/4464 4501/4501/4501 4470/4470/4470 
f 4499/4499/4499 4500/4500/4500 4502/4502/4502 
f 4500/4500/4500 4503/4503/4503 4502/4502/4502 
f 4501/4501/4501 4499/4499/4499 4504/4504/4504 
f 4499/4499/4499 4502/4502/4502 4504/4504/4504 
f 4470/4470/4470 4501/4501/4501 4505/4505/4505 
f 4501/4501/4501 4504/4504/4504 4505/4505/4505 
f 4470/4470/4470 4505/4505/4505 4474/4474/4474 
f 4503/4503/4503 4506/4506/4506 4502/4502/4502 
f 4506/4506/4506 4503/4503/4503 4507/4507/4507 
f 4502/4502/4502 4508/4508/4508 4504/4504/4504 
f 4508/4508/4508 4502/4502/4502 4506/4506/4506 
f 4504/4504/4504 4509/4509/4509 4505/4505/4505 
f 4509/4509/4509 4504/4504/4504 4508/4508/4508 
f 4505/4505/4505 4510/4510/4510 4474/4474/4474 
f 4510/4510/4510 4505/4505/4505 4509/4509/4509 
f 4478/4478/4478 4474/4474/4474 4510/4510/4510 
f 4507/4507/4507 4511/4511/4511 4506/4506/4506 
f 4511/4511/4511 4507/4507/4507 4512/4512/4512 
f 4513/4513/4513 4511/4511/4511 4512/4512/4512 
f 4511/4511/4511 4513/4513/4513 4514/4514/4514 
f 4515/4515/4515 4506/4506/4506 4511/4511/4511 
f 4506/4506/4506 4515/4515/4515 4508/4508/4508 
f 4511/4511/4511 4514/4514/4514 4515/4515/4515 
f 4516/4516/4516 4514/4514/4514 4513/4513/4513 
f 4517/4517/4517 4508/4508/4508 4515/4515/4515 
f 4508/4508/4508 4517/4517/4517 4509/4509/4509 
f 4515/4515/4515 4514/4514/4514 4518/4518/4518 
f 4518/4518/4518 4517/4517/4517 4515/4515/4515 
f 4514/4514/4514 4516/4516/4516 4519/4519/4519 
f 4516/4516/4516 4520/4520/4520 4519/4519/4519 
f 4514/4514/4514 4521/4521/4521 4518/4518/4518 
f 4514/4514/4514 4519/4519/4519 4521/4521/4521 
f 4520/4520/4520 4522/4522/4522 4519/4519/4519 
f 4522/4522/4522 4521/4521/4521 4519/4519/4519 
f 4520/4520/4520 4523/4523/4523 4522/4522/4522 
f 4521/4521/4521 4524/4524/4524 4518/4518/4518 
f 4517/4517/4517 4518/4518/4518 4524/4524/4524 
f 4524/4524/4524 4525/4525/4525 4517/4517/4517 
f 4525/4525/4525 4509/4509/4509 4517/4517/4517 
f 4509/4509/4509 4525/4525/4525 4510/4510/4510 
f 4526/4526/4526 4510/4510/4510 4525/4525/4525 
f 4525/4525/4525 4524/4524/4524 4526/4526/4526 
f 4510/4510/4510 4526/4526/4526 4478/4478/4478 
f 4524/4524/4524 4521/4521/4521 4527/4527/4527 
f 4527/4527/4527 4526/4526/4526 4524/4524/4524 
f 4528/4528/4528 4478/4478/4478 4526/4526/4526 
f 4526/4526/4526 4527/4527/4527 4528/4528/4528 
f 4478/4478/4478 4528/4528/4528 4479/4479/4479 
f 4521/4521/4521 4529/4529/4529 4527/4527/4527 
f 4522/4522/4522 4529/4529/4529 4521/4521/4521 
f 4527/4527/4527 4530/4530/4530 4528/4528/4528 
f 4529/4529/4529 4530/4530/4530 4527/4527/4527 
f 4531/4531/4531 4479/4479/4479 4528/4528/4528 
f 4530/4530/4530 4531/4531/4531 4528/4528/4528 
f 4479/4479/4479 4531/4531/4531 4481/4481/4481 
f 4522/4522/4522 4532/4532/4532 4529/4529/4529 
f 4523/4523/4523 4532/4532/4532 4522/4522/4522 
f 4529/4529/4529 4533/4533/4533 4530/4530/4530 
f 4532/4532/4532 4533/4533/4533 4529/4529/4529 
f 4530/4530/4530 4534/4534/4534 4531/4531/4531 
f 4533/4533/4533 4534/4534/4534 4530/4530/4530 
f 4535/4535/4535 4481/4481/4481 4531/4531/4531 
f 4534/4534/4534 4535/4535/4535 4531/4531/4531 
f 4481/4481/4481 4535/4535/4535 4483/4483/4483 
f 4523/4523/4523 4536/4536/4536 4532/4532/4532 
f 4536/4536/4536 4523/4523/4523 4537/4537/4537 
f 4532/4532/4532 4538/4538/4538 4533/4533/4533 
f 4536/4536/4536 4538/4538/4538 4532/4532/4532 
f 4533/4533/4533 4539/4539/4539 4534/4534/4534 
f 4538/4538/4538 4539/4539/4539 4533/4533/4533 
f 4537/4537/4537 4540/4540/4540 4536/4536/4536 
f 4540/4540/4540 4537/4537/4537 4541/4541/4541 
f 4536/4536/4536 4542/4542/4542 4538/4538/4538 
f 4540/4540/4540 4542/4542/4542 4536/4536/4536 
f 4541/4541/4541 4543/4543/4543 4540/4540/4540 
f 4543/4543/4543 4542/4542/4542 4540/4540/4540 
f 4543/4543/4543 4541/4541/4541 4544/4544/4544 
f 4542/4542/4542 4545/4545/4545 4538/4538/4538 
f 4538/4538/4538 4545/4545/4545 4539/4539/4539 
f 4542/4542/4542 4543/4543/4543 4546/4546/4546 
f 4544/4544/4544 4547/4547/4547 4543/4543/4543 
f 4544/4544/4544 4548/4548/4548 4547/4547/4547 
f 4549/4549/4549 4547/4547/4547 4548/4548/4548 
f 4543/4543/4543 4547/4547/4547 4550/4550/4550 
f 4543/4543/4543 4550/4550/4550 4546/4546/4546 
f 4547/4547/4547 4549/4549/4549 4551/4551/4551 
f 4551/4551/4551 4550/4550/4550 4547/4547/4547 
f 4552/4552/4552 4551/4551/4551 4549/4549/4549 
f 4553/4553/4553 4542/4542/4542 4546/4546/4546 
f 4542/4542/4542 4553/4553/4553 4545/4545/4545 
f 4554/4554/4554 4546/4546/4546 4550/4550/4550 
f 4546/4546/4546 4554/4554/4554 4553/4553/4553 
f 4550/4550/4550 4551/4551/4551 4555/4555/4555 
f 4555/4555/4555 4554/4554/4554 4550/4550/4550 
f 4551/4551/4551 4552/4552/4552 4556/4556/4556 
f 4556/4556/4556 4555/4555/4555 4551/4551/4551 
f 4351/4351/4351 4556/4556/4556 4552/4552/4552 
f 4350/4350/4350 4556/4556/4556 4351/4351/4351 
f 4350/4350/4350 4557/4557/4557 4556/4556/4556 
f 4555/4555/4555 4556/4556/4556 4557/4557/4557 
f 4344/4344/4344 4557/4557/4557 4350/4350/4350 
f 4554/4554/4554 4555/4555/4555 4558/4558/4558 
f 4557/4557/4557 4558/4558/4558 4555/4555/4555 
f 4344/4344/4344 4559/4559/4559 4557/4557/4557 
f 4558/4558/4558 4557/4557/4557 4559/4559/4559 
f 4341/4341/4341 4559/4559/4559 4344/4344/4344 
f 4341/4341/4341 4339/4339/4339 4559/4559/4559 
f 4558/4558/4558 4560/4560/4560 4554/4554/4554 
f 4560/4560/4560 4553/4553/4553 4554/4554/4554 
f 4559/4559/4559 4561/4561/4561 4558/4558/4558 
f 4560/4560/4560 4558/4558/4558 4561/4561/4561 
f 4561/4561/4561 4559/4559/4559 4339/4339/4339 
f 4553/4553/4553 4560/4560/4560 4562/4562/4562 
f 4561/4561/4561 4562/4562/4562 4560/4560/4560 
f 4562/4562/4562 4545/4545/4545 4553/4553/4553 
f 4339/4339/4339 4563/4563/4563 4561/4561/4561 
f 4562/4562/4562 4561/4561/4561 4563/4563/4563 
f 4563/4563/4563 4339/4339/4339 4340/4340/4340 
f 4545/4545/4545 4562/4562/4562 4564/4564/4564 
f 4563/4563/4563 4564/4564/4564 4562/4562/4562 
f 4545/4545/4545 4564/4564/4564 4539/4539/4539 
f 4340/4340/4340 4565/4565/4565 4563/4563/4563 
f 4564/4564/4564 4563/4563/4563 4565/4565/4565 
f 4565/4565/4565 4340/4340/4340 4319/4319/4319 
f 4539/4539/4539 4564/4564/4564 4566/4566/4566 
f 4565/4565/4565 4566/4566/4566 4564/4564/4564 
f 4539/4539/4539 4566/4566/4566 4534/4534/4534 
f 4534/4534/4534 4566/4566/4566 4535/4535/4535 
f 4566/4566/4566 4565/4565/4565 4567/4567/4567 
f 4319/4319/4319 4567/4567/4567 4565/4565/4565 
f 4567/4567/4567 4535/4535/4535 4566/4566/4566 
f 4567/4567/4567 4319/4319/4319 4316/4316/4316 
f 4535/4535/4535 4567/4567/4567 4483/4483/4483 
f 4316/4316/4316 4483/4483/4483 4567/4567/4567 
f 4410/4410/4410 4409/4409/4409 4568/4568/4568 
f 4569/4569/4569 4409/4409/4409 4408/4408/4408 
f 4409/4409/4409 4569/4569/4569 4568/4568/4568 
f 4408/4408/4408 4570/4570/4570 4569/4569/4569 
f 4570/4570/4570 4408/4408/4408 4294/4294/4294 
f 4410/4410/4410 4571/4571/4571 4411/4411/4411 
f 4410/4410/4410 4568/4568/4568 4571/4571/4571 
f 4572/4572/4572 4570/4570/4570 4294/4294/4294 
f 4294/4294/4294 4295/4295/4295 4572/4572/4572 
f 4573/4573/4573 4569/4569/4569 4570/4570/4570 
f 4574/4574/4574 4568/4568/4568 4569/4569/4569 
f 4569/4569/4569 4573/4573/4573 4574/4574/4574 
f 4571/4571/4571 4568/4568/4568 4575/4575/4575 
f 4568/4568/4568 4574/4574/4574 4575/4575/4575 
f 4570/4570/4570 4572/4572/4572 4576/4576/4576 
f 4576/4576/4576 4573/4573/4573 4570/4570/4570 
f 4577/4577/4577 4572/4572/4572 4295/4295/4295 
f 4295/4295/4295 4297/4297/4297 4577/4577/4577 
f 4578/4578/4578 4576/4576/4576 4572/4572/4572 
f 4572/4572/4572 4577/4577/4577 4578/4578/4578 
f 4297/4297/4297 4579/4579/4579 4577/4577/4577 
f 4300/4300/4300 4579/4579/4579 4297/4297/4297 
f 4577/4577/4577 4580/4580/4580 4578/4578/4578 
f 4579/4579/4579 4580/4580/4580 4577/4577/4577 
f 4579/4579/4579 4300/4300/4300 4581/4581/4581 
f 4580/4580/4580 4579/4579/4579 4582/4582/4582 
f 4581/4581/4581 4582/4582/4582 4579/4579/4579 
f 4264/4264/4264 4581/4581/4581 4300/4300/4300 
f 4582/4582/4582 4583/4583/4583 4580/4580/4580 
f 4580/4580/4580 4584/4584/4584 4578/4578/4578 
f 4584/4584/4584 4580/4580/4580 4583/4583/4583 
f 4584/4584/4584 4585/4585/4585 4578/4578/4578 
f 4576/4576/4576 4578/4578/4578 4585/4585/4585 
f 4585/4585/4585 4586/4586/4586 4576/4576/4576 
f 4573/4573/4573 4576/4576/4576 4586/4586/4586 
f 4585/4585/4585 4584/4584/4584 4587/4587/4587 
f 4583/4583/4583 4588/4588/4588 4584/4584/4584 
f 4588/4588/4588 4587/4587/4587 4584/4584/4584 
f 4587/4587/4587 4589/4589/4589 4585/4585/4585 
f 4586/4586/4586 4585/4585/4585 4589/4589/4589 
f 4587/4587/4587 4588/4588/4588 4590/4590/4590 
f 4591/4591/4591 4573/4573/4573 4586/4586/4586 
f 4589/4589/4589 4587/4587/4587 4592/4592/4592 
f 4590/4590/4590 4592/4592/4592 4587/4587/4587 
f 4593/4593/4593 4586/4586/4586 4589/4589/4589 
f 4586/4586/4586 4593/4593/4593 4591/4591/4591 
f 4594/4594/4594 4589/4589/4589 4592/4592/4592 
f 4589/4589/4589 4594/4594/4594 4593/4593/4593 
f 4592/4592/4592 4590/4590/4590 4595/4595/4595 
f 4592/4592/4592 4596/4596/4596 4594/4594/4594 
f 4596/4596/4596 4592/4592/4592 4595/4595/4595 
f 4590/4590/4590 4597/4597/4597 4595/4595/4595 
f 4595/4595/4595 4597/4597/4597 4596/4596/4596 
f 4590/4590/4590 4598/4598/4598 4597/4597/4597 
f 4588/4588/4588 4598/4598/4598 4590/4590/4590 
f 4599/4599/4599 4594/4594/4594 4596/4596/4596 
f 4600/4600/4600 4598/4598/4598 4588/4588/4588 
f 4583/4583/4583 4600/4600/4600 4588/4588/4588 
f 4597/4597/4597 4601/4601/4601 4596/4596/4596 
f 4596/4596/4596 4601/4601/4601 4599/4599/4599 
f 4598/4598/4598 4602/4602/4602 4597/4597/4597 
f 4597/4597/4597 4602/4602/4602 4601/4601/4601 
f 4600/4600/4600 4603/4603/4603 4598/4598/4598 
f 4598/4598/4598 4603/4603/4603 4602/4602/4602 
f 4604/4604/4604 4600/4600/4600 4583/4583/4583 
f 4582/4582/4582 4604/4604/4604 4583/4583/4583 
f 4600/4600/4600 4605/4605/4605 4603/4603/4603 
f 4604/4604/4604 4605/4605/4605 4600/4600/4600 
f 4606/4606/4606 4604/4604/4604 4582/4582/4582 
f 4581/4581/4581 4606/4606/4606 4582/4582/4582 
f 4607/4607/4607 4605/4605/4605 4604/4604/4604 
f 4606/4606/4606 4607/4607/4607 4604/4604/4604 
f 4608/4608/4608 4606/4606/4606 4581/4581/4581 
f 4264/4264/4264 4608/4608/4608 4581/4581/4581 
f 4609/4609/4609 4607/4607/4607 4606/4606/4606 
f 4608/4608/4608 4609/4609/4609 4606/4606/4606 
f 4607/4607/4607 4610/4610/4610 4605/4605/4605 
f 4252/4252/4252 4608/4608/4608 4264/4264/4264 
f 4609/4609/4609 4611/4611/4611 4607/4607/4607 
f 4610/4610/4610 4607/4607/4607 4611/4611/4611 
f 4251/4251/4251 4609/4609/4609 4608/4608/4608 
f 4252/4252/4252 4251/4251/4251 4608/4608/4608 
f 4611/4611/4611 4612/4612/4612 4610/4610/4610 
f 4612/4612/4612 4611/4611/4611 4613/4613/4613 
f 4614/4614/4614 4610/4610/4610 4612/4612/4612 
f 4615/4615/4615 4613/4613/4613 4611/4611/4611 
f 4611/4611/4611 4609/4609/4609 4615/4615/4615 
f 4613/4613/4613 4615/4615/4615 4616/4616/4616 
f 4609/4609/4609 4253/4253/4253 4615/4615/4615 
f 4253/4253/4253 4616/4616/4616 4615/4615/4615 
f 4253/4253/4253 4609/4609/4609 4251/4251/4251 
f 4253/4253/4253 4256/4256/4256 4616/4616/4616 
f 4610/4610/4610 4614/4614/4614 4617/4617/4617 
f 4617/4617/4617 4605/4605/4605 4610/4610/4610 
f 4618/4618/4618 4617/4617/4617 4614/4614/4614 
f 4605/4605/4605 4617/4617/4617 4603/4603/4603 
f 4619/4619/4619 4603/4603/4603 4617/4617/4617 
f 4617/4617/4617 4618/4618/4618 4619/4619/4619 
f 4603/4603/4603 4619/4619/4619 4602/4602/4602 
f 4619/4619/4619 4618/4618/4618 4620/4620/4620 
f 4618/4618/4618 4621/4621/4621 4620/4620/4620 
f 4602/4602/4602 4619/4619/4619 4622/4622/4622 
f 4619/4619/4619 4620/4620/4620 4622/4622/4622 
f 4602/4602/4602 4622/4622/4622 4601/4601/4601 
f 4620/4620/4620 4621/4621/4621 4623/4623/4623 
f 4621/4621/4621 4624/4624/4624 4623/4623/4623 
f 4622/4622/4622 4620/4620/4620 4625/4625/4625 
f 4620/4620/4620 4623/4623/4623 4625/4625/4625 
f 4601/4601/4601 4622/4622/4622 4626/4626/4626 
f 4622/4622/4622 4625/4625/4625 4626/4626/4626 
f 4601/4601/4601 4626/4626/4626 4599/4599/4599 
f 4624/4624/4624 4627/4627/4627 4623/4623/4623 
f 4627/4627/4627 4624/4624/4624 4628/4628/4628 
f 4623/4623/4623 4629/4629/4629 4625/4625/4625 
f 4629/4629/4629 4623/4623/4623 4627/4627/4627 
f 4625/4625/4625 4630/4630/4630 4626/4626/4626 
f 4630/4630/4630 4625/4625/4625 4629/4629/4629 
f 4631/4631/4631 4626/4626/4626 4630/4630/4630 
f 4626/4626/4626 4631/4631/4631 4599/4599/4599 
f 4628/4628/4628 4632/4632/4632 4627/4627/4627 
f 4632/4632/4632 4628/4628/4628 4633/4633/4633 
f 4634/4634/4634 4632/4632/4632 4633/4633/4633 
f 4635/4635/4635 4627/4627/4627 4632/4632/4632 
f 4627/4627/4627 4635/4635/4635 4629/4629/4629 
f 4632/4632/4632 4634/4634/4634 4636/4636/4636 
f 4636/4636/4636 4635/4635/4635 4632/4632/4632 
f 4634/4634/4634 4637/4637/4637 4636/4636/4636 
f 4637/4637/4637 4634/4634/4634 4638/4638/4638 
f 4639/4639/4639 4637/4637/4637 4638/4638/4638 
f 4640/4640/4640 4636/4636/4636 4637/4637/4637 
f 4637/4637/4637 4639/4639/4639 4641/4641/4641 
f 4641/4641/4641 4640/4640/4640 4637/4637/4637 
f 4642/4642/4642 4641/4641/4641 4639/4639/4639 
f 4635/4635/4635 4636/4636/4636 4643/4643/4643 
f 4636/4636/4636 4640/4640/4640 4643/4643/4643 
f 4643/4643/4643 4644/4644/4644 4635/4635/4635 
f 4644/4644/4644 4629/4629/4629 4635/4635/4635 
f 4629/4629/4629 4644/4644/4644 4630/4630/4630 
f 4644/4644/4644 4643/4643/4643 4645/4645/4645 
f 4640/4640/4640 4645/4645/4645 4643/4643/4643 
f 4646/4646/4646 4630/4630/4630 4644/4644/4644 
f 4645/4645/4645 4646/4646/4646 4644/4644/4644 
f 4630/4630/4630 4646/4646/4646 4631/4631/4631 
f 4646/4646/4646 4645/4645/4645 4647/4647/4647 
f 4647/4647/4647 4631/4631/4631 4646/4646/4646 
f 4645/4645/4645 4640/4640/4640 4648/4648/4648 
f 4648/4648/4648 4647/4647/4647 4645/4645/4645 
f 4649/4649/4649 4648/4648/4648 4640/4640/4640 
f 4640/4640/4640 4641/4641/4641 4649/4649/4649 
f 4647/4647/4647 4648/4648/4648 4650/4650/4650 
f 4631/4631/4631 4647/4647/4647 4651/4651/4651 
f 4650/4650/4650 4651/4651/4651 4647/4647/4647 
f 4651/4651/4651 4599/4599/4599 4631/4631/4631 
f 4652/4652/4652 4650/4650/4650 4648/4648/4648 
f 4648/4648/4648 4649/4649/4649 4652/4652/4652 
f 4651/4651/4651 4650/4650/4650 4653/4653/4653 
f 4599/4599/4599 4651/4651/4651 4654/4654/4654 
f 4653/4653/4653 4654/4654/4654 4651/4651/4651 
f 4594/4594/4594 4599/4599/4599 4654/4654/4654 
f 4654/4654/4654 4593/4593/4593 4594/4594/4594 
f 4593/4593/4593 4654/4654/4654 4655/4655/4655 
f 4654/4654/4654 4653/4653/4653 4655/4655/4655 
f 4655/4655/4655 4591/4591/4591 4593/4593/4593 
f 4656/4656/4656 4653/4653/4653 4650/4650/4650 
f 4650/4650/4650 4652/4652/4652 4656/4656/4656 
f 4657/4657/4657 4655/4655/4655 4653/4653/4653 
f 4653/4653/4653 4656/4656/4656 4657/4657/4657 
f 4591/4591/4591 4655/4655/4655 4658/4658/4658 
f 4655/4655/4655 4657/4657/4657 4658/4658/4658 
f 4658/4658/4658 4659/4659/4659 4591/4591/4591 
f 4573/4573/4573 4591/4591/4591 4659/4659/4659 
f 4659/4659/4659 4658/4658/4658 4660/4660/4660 
f 4661/4661/4661 4573/4573/4573 4659/4659/4659 
f 4573/4573/4573 4661/4661/4661 4574/4574/4574 
f 4662/4662/4662 4659/4659/4659 4660/4660/4660 
f 4659/4659/4659 4662/4662/4662 4661/4661/4661 
f 4658/4658/4658 4663/4663/4663 4660/4660/4660 
f 4663/4663/4663 4658/4658/4658 4657/4657/4657 
f 4663/4663/4663 4662/4662/4662 4660/4660/4660 
f 4657/4657/4657 4664/4664/4664 4663/4663/4663 
f 4664/4664/4664 4657/4657/4657 4656/4656/4656 
f 4662/4662/4662 4663/4663/4663 4665/4665/4665 
f 4664/4664/4664 4665/4665/4665 4663/4663/4663 
f 4666/4666/4666 4661/4661/4661 4662/4662/4662 
f 4665/4665/4665 4666/4666/4666 4662/4662/4662 
f 4656/4656/4656 4667/4667/4667 4664/4664/4664 
f 4667/4667/4667 4656/4656/4656 4652/4652/4652 
f 4665/4665/4665 4664/4664/4664 4668/4668/4668 
f 4668/4668/4668 4664/4664/4664 4667/4667/4667 
f 4666/4666/4666 4665/4665/4665 4669/4669/4669 
f 4668/4668/4668 4669/4669/4669 4665/4665/4665 
f 4661/4661/4661 4666/4666/4666 4670/4670/4670 
f 4670/4670/4670 4574/4574/4574 4661/4661/4661 
f 4574/4574/4574 4670/4670/4670 4575/4575/4575 
f 4671/4671/4671 4670/4670/4670 4666/4666/4666 
f 4669/4669/4669 4671/4671/4671 4666/4666/4666 
f 4672/4672/4672 4575/4575/4575 4670/4670/4670 
f 4670/4670/4670 4671/4671/4671 4672/4672/4672 
f 4575/4575/4575 4672/4672/4672 4673/4673/4673 
f 4571/4571/4571 4575/4575/4575 4673/4673/4673 
f 4674/4674/4674 4672/4672/4672 4671/4671/4671 
f 4675/4675/4675 4571/4571/4571 4673/4673/4673 
f 4411/4411/4411 4571/4571/4571 4675/4675/4675 
f 4676/4676/4676 4673/4673/4673 4672/4672/4672 
f 4672/4672/4672 4674/4674/4674 4676/4676/4676 
f 4675/4675/4675 4673/4673/4673 4677/4677/4677 
f 4673/4673/4673 4676/4676/4676 4677/4677/4677 
f 4678/4678/4678 4411/4411/4411 4675/4675/4675 
f 4411/4411/4411 4678/4678/4678 4403/4403/4403 
f 4679/4679/4679 4675/4675/4675 4677/4677/4677 
f 4677/4677/4677 4676/4676/4676 4679/4679/4679 
f 4675/4675/4675 4679/4679/4679 4678/4678/4678 
f 4679/4679/4679 4676/4676/4676 4680/4680/4680 
f 4676/4676/4676 4674/4674/4674 4680/4680/4680 
f 4681/4681/4681 4678/4678/4678 4679/4679/4679 
f 4679/4679/4679 4680/4680/4680 4681/4681/4681 
f 4682/4682/4682 4403/4403/4403 4678/4678/4678 
f 4678/4678/4678 4681/4681/4681 4682/4682/4682 
f 4403/4403/4403 4682/4682/4682 4400/4400/4400 
f 4398/4398/4398 4400/4400/4400 4682/4682/4682 
f 4682/4682/4682 4683/4683/4683 4398/4398/4398 
f 4683/4683/4683 4682/4682/4682 4681/4681/4681 
f 4399/4399/4399 4398/4398/4398 4683/4683/4683 
f 4681/4681/4681 4680/4680/4680 4684/4684/4684 
f 4681/4681/4681 4684/4684/4684 4683/4683/4683 
f 4683/4683/4683 4685/4685/4685 4399/4399/4399 
f 4683/4683/4683 4684/4684/4684 4685/4685/4685 
f 4399/4399/4399 4685/4685/4685 4686/4686/4686 
f 4680/4680/4680 4687/4687/4687 4684/4684/4684 
f 4680/4680/4680 4674/4674/4674 4687/4687/4687 
f 4684/4684/4684 4688/4688/4688 4685/4685/4685 
f 4684/4684/4684 4687/4687/4687 4688/4688/4688 
f 4685/4685/4685 4689/4689/4689 4686/4686/4686 
f 4685/4685/4685 4688/4688/4688 4689/4689/4689 
f 4686/4686/4686 4689/4689/4689 4690/4690/4690 
f 4691/4691/4691 4690/4690/4690 4689/4689/4689 
f 4690/4690/4690 4691/4691/4691 4692/4692/4692 
f 4693/4693/4693 4689/4689/4689 4688/4688/4688 
f 4689/4689/4689 4693/4693/4693 4691/4691/4691 
f 4694/4694/4694 4688/4688/4688 4687/4687/4687 
f 4688/4688/4688 4694/4694/4694 4693/4693/4693 
f 4687/4687/4687 4695/4695/4695 4694/4694/4694 
f 4695/4695/4695 4687/4687/4687 4674/4674/4674 
f 4696/4696/4696 4692/4692/4692 4691/4691/4691 
f 4692/4692/4692 4696/4696/4696 4697/4697/4697 
f 4696/4696/4696 4698/4698/4698 4697/4697/4697 
f 4691/4691/4691 4699/4699/4699 4696/4696/4696 
f 4699/4699/4699 4691/4691/4691 4693/4693/4693 
f 4698/4698/4698 4696/4696/4696 4700/4700/4700 
f 4699/4699/4699 4700/4700/4700 4696/4696/4696 
f 4701/4701/4701 4698/4698/4698 4700/4700/4700 
f 4698/4698/4698 4701/4701/4701 4702/4702/4702 
f 4701/4701/4701 4703/4703/4703 4702/4702/4702 
f 4700/4700/4700 4704/4704/4704 4701/4701/4701 
f 4701/4701/4701 4705/4705/4705 4703/4703/4703 
f 4704/4704/4704 4705/4705/4705 4701/4701/4701 
f 4705/4705/4705 4642/4642/4642 4703/4703/4703 
f 4700/4700/4700 4699/4699/4699 4706/4706/4706 
f 4704/4704/4704 4700/4700/4700 4706/4706/4706 
f 4707/4707/4707 4706/4706/4706 4699/4699/4699 
f 4693/4693/4693 4707/4707/4707 4699/4699/4699 
f 4707/4707/4707 4693/4693/4693 4694/4694/4694 
f 4706/4706/4706 4707/4707/4707 4708/4708/4708 
f 4708/4708/4708 4704/4704/4704 4706/4706/4706 
f 4694/4694/4694 4709/4709/4709 4707/4707/4707 
f 4709/4709/4709 4708/4708/4708 4707/4707/4707 
f 4709/4709/4709 4694/4694/4694 4695/4695/4695 
f 4708/4708/4708 4709/4709/4709 4710/4710/4710 
f 4695/4695/4695 4710/4710/4710 4709/4709/4709 
f 4704/4704/4704 4708/4708/4708 4711/4711/4711 
f 4710/4710/4710 4711/4711/4711 4708/4708/4708 
f 4710/4710/4710 4695/4695/4695 4712/4712/4712 
f 4674/4674/4674 4712/4712/4712 4695/4695/4695 
f 4712/4712/4712 4674/4674/4674 4671/4671/4671 
f 4671/4671/4671 4669/4669/4669 4712/4712/4712 
f 4712/4712/4712 4713/4713/4713 4710/4710/4710 
f 4713/4713/4713 4712/4712/4712 4669/4669/4669 
f 4711/4711/4711 4710/4710/4710 4713/4713/4713 
f 4669/4669/4669 4668/4668/4668 4713/4713/4713 
f 4713/4713/4713 4668/4668/4668 4714/4714/4714 
f 4713/4713/4713 4714/4714/4714 4711/4711/4711 
f 4668/4668/4668 4667/4667/4667 4714/4714/4714 
f 4711/4711/4711 4715/4715/4715 4704/4704/4704 
f 4711/4711/4711 4714/4714/4714 4715/4715/4715 
f 4704/4704/4704 4715/4715/4715 4705/4705/4705 
f 4714/4714/4714 4667/4667/4667 4716/4716/4716 
f 4714/4714/4714 4716/4716/4716 4715/4715/4715 
f 4652/4652/4652 4716/4716/4716 4667/4667/4667 
f 4716/4716/4716 4652/4652/4652 4649/4649/4649 
f 4715/4715/4715 4716/4716/4716 4717/4717/4717 
f 4715/4715/4715 4717/4717/4717 4705/4705/4705 
f 4649/4649/4649 4717/4717/4717 4716/4716/4716 
f 4705/4705/4705 4717/4717/4717 4642/4642/4642 
f 4717/4717/4717 4649/4649/4649 4641/4641/4641 
f 4641/4641/4641 4642/4642/4642 4717/4717/4717 
