# Blender 5.1.2
# www.blender.org
mtllib Gramby.mtl
o Gramby
v 0.631433 -1.443550 0.286972
v 0.669003 -1.407949 0.349772
v 0.597743 -1.442150 0.353371
v -0.633028 -1.420450 0.376671
v -0.649817 -1.432549 0.329571
v -0.556858 -1.448950 0.342571
v -0.607488 -1.444750 0.266171
v -0.556858 -1.448950 0.342571
v -0.649817 -1.432549 0.329571
v -0.649817 -1.432549 0.329571
v -0.658668 -1.417350 0.264671
v -0.607488 -1.444750 0.266171
v 0.683802 -1.396950 0.288172
v 0.669003 -1.407949 0.349772
v 0.631433 -1.443550 0.286972
v 0.597743 -1.442150 0.353371
v 0.512033 -1.433450 0.354471
v 0.556152 -1.449650 0.288672
v 0.631433 -1.443550 0.286972
v 0.556152 -1.449650 0.288672
v 0.517572 -1.409150 0.403372
v 0.597743 -1.442150 0.353371
v 0.564123 -1.385350 0.419272
v 0.669003 -1.407949 0.349772
v 0.564123 -1.385350 0.419272
v 0.597743 -1.442150 0.353371
v -0.633028 -1.420450 0.376671
v -0.686208 -1.364050 0.344271
v -0.649817 -1.432549 0.329571
v -0.437238 -1.369550 0.424770
v -0.532958 -1.406750 0.402672
v -0.556858 -1.448950 0.342571
v -0.532958 -1.406750 0.402672
v -0.633028 -1.420450 0.376671
v -0.649817 -1.432549 0.329571
v -0.691648 -1.367550 0.275072
v -0.658668 -1.417350 0.264671
v 0.627802 -1.421550 0.235972
v 0.683802 -1.396950 0.288172
v 0.631433 -1.443550 0.286972
v 0.095202 -1.157350 0.611570
v -0.085358 -1.158050 0.611971
v 0.058853 -1.195350 0.510370
v -0.649817 -1.432549 0.329571
v -0.686208 -1.364050 0.344271
v -0.691648 -1.367550 0.275072
v 0.095202 -1.157350 0.611570
v 0.011592 -1.109550 0.677971
v -0.085358 -1.158050 0.611971
v 0.011592 -1.109550 0.677971
v -0.192348 -1.146049 0.626371
v -0.085358 -1.158050 0.611971
v 0.206472 -1.199550 0.561871
v 0.095202 -1.157350 0.611570
v 0.153422 -1.213050 0.515270
v 0.206472 -1.199550 0.561871
v 0.220822 -1.159950 0.607771
v 0.095202 -1.157350 0.611570
v -0.018938 -1.199050 0.457472
v 0.058853 -1.195350 0.510370
v -0.085358 -1.158050 0.611971
v 0.095202 -1.157350 0.611570
v 0.058853 -1.195350 0.510370
v 0.153422 -1.213050 0.515270
v -0.485988 -1.349750 0.457371
v -0.592978 -1.386650 0.408972
v -0.532958 -1.406750 0.402672
v -0.607488 -1.444750 0.266171
v -0.514478 -1.439650 0.321972
v -0.556858 -1.448950 0.342571
v -0.514478 -1.439650 0.321972
v -0.437238 -1.369550 0.424770
v 0.631433 -1.443550 0.286972
v 0.556152 -1.449650 0.288672
v 0.627802 -1.421550 0.235972
v -0.018938 -1.199050 0.457472
v -0.085358 -1.158050 0.611971
v -0.118688 -1.195450 0.528671
v 0.301572 -1.281150 0.500172
v 0.335972 -1.321050 0.432972
v 0.447382 -1.345350 0.450171
v -0.327827 -1.267350 0.522970
v -0.485988 -1.349750 0.457371
v -0.437238 -1.369550 0.424770
v -0.185338 -1.198550 0.564671
v -0.327827 -1.267350 0.522970
v -0.289907 -1.286550 0.478170
v -0.327827 -1.267350 0.522970
v -0.192348 -1.146049 0.626371
v -0.192348 -1.146049 0.626371
v -0.085358 -1.158050 0.611971
v 0.517572 -1.409150 0.403372
v 0.512033 -1.433450 0.354471
v 0.597743 -1.442150 0.353371
v 0.517572 -1.409150 0.403372
v 0.335972 -1.321050 0.432972
v 0.095202 -1.157350 0.611570
v 0.220822 -1.159950 0.607771
v 0.011592 -1.109550 0.677971
v -0.123888 -1.062650 0.699471
v -0.192348 -1.146049 0.626371
v -0.118688 -1.195450 0.528671
v -0.085358 -1.158050 0.611971
v -0.185338 -1.198550 0.564671
v -0.633028 -1.420450 0.376671
v -0.532958 -1.406750 0.402672
v -0.592978 -1.386650 0.408972
v -0.532958 -1.406750 0.402672
v -0.437238 -1.369550 0.424770
v -0.485988 -1.349750 0.457371
v 0.692912 -1.356450 0.341271
v 0.669003 -1.407949 0.349772
v 0.683802 -1.396950 0.288172
v -0.376718 -1.243550 0.541971
v -0.327827 -1.267350 0.522970
v -0.192348 -1.146049 0.626371
v 0.311132 -1.253850 0.534672
v 0.206472 -1.199550 0.561871
v 0.301572 -1.281150 0.500172
v 0.447382 -1.345350 0.450171
v 0.153422 -1.213050 0.515270
v 0.301572 -1.281150 0.500172
v 0.447382 -1.345350 0.450171
v 0.392622 -1.242249 0.534271
v 0.311132 -1.253850 0.534672
v 0.392622 -1.242249 0.534271
v 0.447382 -1.345350 0.450171
v 0.495452 -1.290250 0.480270
v -0.225677 -1.082850 0.668871
v -0.192348 -1.146049 0.626371
v -0.123888 -1.062650 0.699471
v 0.311132 -1.253850 0.534672
v 0.278342 -1.129950 0.623871
v 0.220822 -1.159950 0.607771
v 0.278342 -1.129950 0.623871
v 0.011592 -1.109550 0.677971
v -0.485988 -1.349750 0.457371
v -0.327827 -1.267350 0.522970
v -0.376718 -1.243550 0.541971
v -0.437238 -1.369550 0.424770
v -0.289907 -1.286550 0.478170
v -0.327827 -1.267350 0.522970
v -0.514478 -1.439650 0.321972
v -0.374068 -1.347850 0.402672
v -0.118688 -1.195450 0.528671
v -0.185338 -1.198550 0.564671
v 0.311132 -1.253850 0.534672
v 0.220822 -1.159950 0.607771
v 0.206472 -1.199550 0.561871
v -0.225677 -1.082850 0.668871
v -0.379107 -1.207550 0.563671
v -0.192348 -1.146049 0.626371
v 0.278342 -1.129950 0.623871
v 0.165312 -1.031549 0.708370
v 0.011592 -1.109550 0.677971
v 0.278342 -1.129950 0.623871
v 0.311132 -1.253850 0.534672
v 0.392622 -1.242249 0.534271
v -0.114408 -1.204750 0.441872
v -0.118688 -1.195450 0.528671
v -0.238538 -1.269750 0.439171
v -0.114408 -1.204750 0.441872
v -0.018938 -1.199050 0.457472
v -0.024158 -1.051250 0.713072
v -0.123888 -1.062650 0.699471
v 0.011592 -1.109550 0.677971
v 0.517572 -1.409150 0.403372
v 0.447382 -1.345350 0.450171
v 0.335972 -1.321050 0.432972
v -0.379107 -1.207550 0.563671
v -0.485988 -1.349750 0.457371
v -0.376718 -1.243550 0.541971
v 0.301572 -1.281150 0.500172
v 0.153422 -1.213050 0.515270
v 0.242242 -1.271550 0.449871
v 0.564123 -1.385350 0.419272
v 0.447382 -1.345350 0.450171
v 0.517572 -1.409150 0.403372
v -0.379107 -1.207550 0.563671
v -0.376718 -1.243550 0.541971
v -0.192348 -1.146049 0.626371
v -0.374068 -1.347850 0.402672
v -0.289907 -1.286550 0.478170
v -0.437238 -1.369550 0.424770
v 0.242242 -1.271550 0.449871
v 0.335972 -1.321050 0.432972
v 0.301572 -1.281150 0.500172
v -0.650258 -1.346250 0.394371
v -0.686208 -1.364050 0.344271
v -0.633028 -1.420450 0.376671
v 0.058853 -1.195350 0.510370
v 0.085153 -1.194650 0.424372
v 0.153422 -1.213050 0.515270
v -0.024158 -1.051250 0.713072
v 0.011592 -1.109550 0.677971
v 0.165312 -1.031549 0.708370
v -0.014627 -1.176450 0.385971
v -0.018938 -1.199050 0.457472
v -0.114408 -1.204750 0.441872
v 0.085153 -1.194650 0.424372
v -0.114408 -1.204750 0.441872
v -0.134398 -1.194950 0.389471
v 0.085153 -1.194650 0.424372
v 0.058853 -1.195350 0.510370
v 0.163383 -1.221250 0.422072
v 0.153422 -1.213050 0.515270
v 0.242242 -1.271550 0.449871
v 0.163383 -1.221250 0.422072
v -0.514478 -1.439650 0.321972
v -0.607488 -1.444750 0.266171
v -0.520338 -1.415250 0.242571
v -0.306638 -1.306550 0.386572
v -0.238538 -1.269750 0.439171
v -0.289907 -1.286550 0.478170
v 0.475513 -1.416250 0.306271
v 0.556152 -1.449650 0.288672
v 0.512033 -1.433450 0.354471
v -0.118688 -1.195450 0.528671
v -0.289907 -1.286550 0.478170
v -0.238538 -1.269750 0.439171
v 0.564123 -1.385350 0.419272
v 0.495452 -1.290250 0.480270
v 0.447382 -1.345350 0.450171
v -0.607488 -1.444750 0.266171
v -0.658668 -1.417350 0.264671
v -0.637067 -1.391550 0.222471
v 0.683802 -1.396950 0.288172
v 0.627802 -1.421550 0.235972
v 0.679132 -1.365149 0.247971
v 0.339912 -1.120450 0.605772
v 0.229433 -0.967850 0.717272
v 0.165312 -1.031549 0.708370
v 0.468513 -1.232550 0.509972
v 0.392622 -1.242249 0.534271
v 0.669003 -1.407949 0.349772
v 0.574303 -1.302150 0.447071
v 0.564123 -1.385350 0.419272
v 0.165312 -1.031549 0.708370
v 0.278342 -1.129950 0.623871
v 0.339912 -1.120450 0.605772
v 0.278342 -1.129950 0.623871
v 0.392622 -1.242249 0.534271
v 0.339912 -1.120450 0.605772
v -0.492018 -1.004450 0.572170
v -0.569478 -1.005750 0.421270
v 0.000632 -1.036350 0.450771
v 0.542882 -1.019650 0.264071
v 0.569663 -1.006450 0.421372
v 0.000632 -1.036350 0.450771
v 0.508953 -1.004149 0.541771
v 0.426813 -1.018950 0.638170
v 0.187192 -1.069550 0.746471
v 0.001082 -1.083150 0.754471
v -0.161667 -1.071250 0.748871
v 0.032652 -1.066050 0.227972
v 0.414912 -1.021950 0.223372
v -0.266418 -1.036050 0.223871
v -0.406087 -1.026250 0.218672
v 0.000632 -1.036350 0.450771
v -0.540648 -1.020850 0.264771
v -0.406087 -1.026250 0.218672
v 0.569663 -1.006450 0.421372
v 0.508953 -1.004149 0.541771
v -0.569478 -1.005750 0.421270
v -0.540648 -1.020850 0.264771
v 0.000632 -1.036350 0.450771
v 0.414912 -1.021950 0.223372
v 0.542882 -1.019650 0.264071
v -0.592978 -1.386650 0.408972
v -0.485988 -1.349750 0.457371
v -0.451898 -1.190150 0.533072
v -0.225677 -1.082850 0.668871
v -0.123888 -1.062650 0.699471
v -0.196308 -0.930550 0.732071
v -0.633028 -1.420450 0.376671
v -0.592978 -1.386650 0.408972
v -0.650258 -1.346250 0.394371
v 0.495452 -1.290250 0.480270
v 0.564123 -1.385350 0.419272
v 0.574303 -1.302150 0.447071
v -0.341408 -1.111950 0.615770
v -0.379107 -1.207550 0.563671
v -0.225677 -1.082850 0.668871
v -0.225677 -1.082850 0.668871
v -0.196308 -0.930550 0.732071
v -0.379107 -1.207550 0.563671
v -0.451898 -1.190150 0.533072
v -0.485988 -1.349750 0.457371
v 0.669003 -1.407949 0.349772
v 0.648912 -1.304850 0.396971
v 0.574303 -1.302150 0.447071
v 0.875082 -0.478950 -0.075329
v 0.887563 -0.455550 -0.094028
v 0.892022 -0.446750 -0.054029
v -0.379107 -1.207550 0.563671
v -0.341408 -1.111950 0.615770
v -0.451898 -1.190150 0.533072
v 0.512033 -1.433450 0.354471
v 0.335972 -1.321050 0.432972
v 0.475513 -1.416250 0.306271
v 0.495452 -1.290250 0.480270
v 0.468513 -1.232550 0.509972
v 0.392622 -1.242249 0.534271
v 0.574303 -1.302150 0.447071
v 0.468513 -1.232550 0.509972
v 0.495452 -1.290250 0.480270
v -0.123888 -1.062650 0.699471
v -0.024158 -1.051250 0.713072
v -0.196308 -0.930550 0.732071
v -0.895458 -0.421750 -0.063929
v -0.887618 -0.412250 -0.109428
v -0.880298 -0.466249 -0.068029
v 0.134323 -1.175550 0.364370
v 0.085153 -1.194650 0.424372
v -0.014627 -1.176450 0.385971
v 0.887563 -0.455550 -0.094028
v 0.895932 -0.418650 -0.090828
v 0.892022 -0.446750 -0.054029
v 0.648912 -1.304850 0.396971
v 0.669003 -1.407949 0.349772
v 0.692912 -1.356450 0.341271
v -0.578378 -1.406450 0.217671
v -0.607488 -1.444750 0.266171
v -0.637067 -1.391550 0.222471
v -0.374068 -1.347850 0.402672
v -0.306638 -1.306550 0.386572
v -0.289907 -1.286550 0.478170
v 0.165312 -1.031549 0.708370
v 0.229433 -0.967850 0.717272
v 0.160502 -0.911950 0.740671
v 0.534752 -1.403150 0.226872
v 0.627802 -1.421550 0.235972
v 0.556152 -1.449650 0.288672
v -0.374068 -1.347850 0.402672
v -0.514478 -1.439650 0.321972
v -0.306638 -1.306550 0.386572
v -0.592978 -1.386650 0.408972
v -0.451898 -1.190150 0.533072
v -0.650258 -1.346250 0.394371
v -0.014138 -0.954249 0.739771
v -0.196308 -0.930550 0.732071
v -0.024158 -1.051250 0.713072
v -0.024158 -1.051250 0.713072
v 0.165312 -1.031549 0.708370
v -0.277907 -1.047150 0.727072
v -0.492018 -1.004450 0.572170
v 0.000632 -1.036350 0.450771
v 0.160502 -0.911950 0.740671
v -0.014138 -0.954249 0.739771
v 0.165312 -1.031549 0.708370
v -0.520338 -1.415250 0.242571
v -0.607488 -1.444750 0.266171
v -0.578378 -1.406450 0.217671
v 0.335972 -1.321050 0.432972
v 0.332253 -1.318749 0.362270
v 0.475513 -1.416250 0.306271
v 0.332253 -1.318749 0.362270
v 0.242242 -1.271550 0.449871
v 0.426813 -1.018950 0.638170
v 0.297253 -1.047150 0.721170
v 0.000632 -1.036350 0.450771
v 0.339912 -1.120450 0.605772
v 0.426723 -1.118649 0.551271
v 0.297873 -0.979750 0.670971
v -0.863078 -0.446950 0.002272
v -0.880298 -0.466249 -0.068029
v -0.855937 -0.496750 -0.042929
v -0.014138 -0.954249 0.739771
v -0.128818 -0.885050 0.746471
v -0.196308 -0.930550 0.732071
v 0.895932 -0.418650 -0.090828
v 0.889552 -0.415350 -0.031328
v 0.892022 -0.446750 -0.054029
v 0.889552 -0.415350 -0.031328
v 0.875483 -0.371449 -0.015329
v 0.847692 -0.463449 0.009371
v 0.875082 -0.478950 -0.075329
v -0.863078 -0.446950 0.002272
v -0.895458 -0.421750 -0.063929
v -0.880298 -0.466249 -0.068029
v -0.863937 -0.465650 -0.107529
v -0.855937 -0.496750 -0.042929
v -0.880298 -0.466249 -0.068029
v -0.895458 -0.421750 -0.063929
v -0.891297 -0.394250 -0.090929
v -0.887618 -0.412250 -0.109428
v 0.297253 -1.047150 0.721170
v 0.187192 -1.069550 0.746471
v 0.000632 -1.036350 0.450771
v -0.161667 -1.071250 0.748871
v -0.277907 -1.047150 0.727072
v 0.000632 -1.036350 0.450771
v -0.014138 -0.954249 0.739771
v 0.160502 -0.911950 0.740671
v 0.032123 -0.786750 0.766071
v -0.448997 -1.395050 0.303572
v -0.306638 -1.306550 0.386572
v -0.514478 -1.439650 0.321972
v -0.448997 -1.395050 0.303572
v -0.520338 -1.415250 0.242571
v 0.001082 -1.083150 0.754471
v -0.128798 -0.748950 0.790371
v -0.161667 -1.071250 0.748871
v 0.000672 -0.733950 0.800671
v 0.001082 -1.083150 0.754471
v 0.130322 -0.789550 0.786470
v 0.187192 -1.069550 0.746471
v -0.014138 -0.954249 0.739771
v 0.032123 -0.786750 0.766071
v -0.128818 -0.885050 0.746471
v -0.863078 -0.446950 0.002272
v -0.880308 -0.396749 -0.015629
v -0.895458 -0.421750 -0.063929
v 0.242242 -1.271550 0.449871
v 0.163383 -1.221250 0.422072
v 0.240122 -1.250450 0.379271
v 0.110743 0.809350 0.188671
v 0.034142 0.829150 0.135172
v -0.061967 0.835350 0.144072
v 0.110743 0.809350 0.188671
v 0.187723 0.812750 0.147270
v 0.034142 0.829150 0.135172
v 0.187723 0.812750 0.147270
v 0.140233 0.819750 0.109072
v 0.034142 0.829150 0.135172
v -0.817128 -0.482050 0.036572
v -0.863078 -0.446950 0.002272
v -0.855937 -0.496750 -0.042929
v 0.110743 0.809350 0.188671
v -0.061967 0.835350 0.144072
v -0.074008 0.824350 0.183672
v 0.056062 0.825550 0.078072
v 0.054933 0.828650 0.046371
v 0.008802 0.835650 0.050072
v 0.008802 0.835650 0.050072
v -0.057328 0.828850 0.048471
v -0.046278 0.831050 0.073172
v 0.187723 0.812750 0.147270
v 0.247633 0.791451 0.105871
v 0.226872 0.803050 0.095171
v 0.187723 0.812750 0.147270
v 0.226872 0.803050 0.095171
v 0.140233 0.819750 0.109072
v 0.229433 -0.967850 0.717272
v 0.297873 -0.979750 0.670971
v 0.308242 -0.896850 0.663570
v 0.229433 -0.967850 0.717272
v 0.339912 -1.120450 0.605772
v 0.732812 -0.496250 0.195572
v 0.761562 -0.389550 0.231371
v 0.698972 -0.405750 0.308971
v 0.647673 -0.509850 0.312971
v -0.046278 0.831050 0.073172
v -0.142328 0.825250 0.132070
v -0.061967 0.835350 0.144072
v 0.659742 -0.516650 0.207472
v 0.701303 -0.509749 0.126970
v 0.742492 -0.463550 0.152271
v 0.606302 -0.534850 0.284971
v 0.659742 -0.516650 0.207472
v 0.742492 -0.463550 0.152271
v -0.213908 0.801950 0.150471
v -0.092088 0.807550 0.202372
v -0.142328 0.825250 0.132070
v -0.002558 0.812450 -0.004728
v 0.008802 0.835650 0.050072
v 0.044373 0.819650 0.014872
v -0.061967 0.835350 0.144072
v -0.046278 0.831050 0.073172
v 0.056062 0.825550 0.078072
v 0.034142 0.829150 0.135172
v 0.140233 0.819750 0.109072
v 0.606302 -0.534850 0.284971
v 0.595212 -0.552350 0.260071
v 0.659742 -0.516650 0.207472
v -0.166438 0.806251 0.074072
v -0.211867 0.804250 0.090771
v -0.142328 0.825250 0.132070
v -0.142328 0.825250 0.132070
v -0.213908 0.801950 0.150471
v -0.257648 0.773050 0.139872
v -0.213908 0.801950 0.150471
v -0.074008 0.824350 0.183672
v -0.061967 0.835350 0.144072
v -0.142328 0.825250 0.132070
v -0.092088 0.807550 0.202372
v -0.008838 0.783450 0.240070
v 0.822283 -0.417450 0.077971
v 0.634022 -0.472549 0.308071
v 0.742492 -0.463550 0.152271
v 0.634022 -0.472549 0.308071
v 0.606302 -0.534850 0.284971
v 0.742492 -0.463550 0.152271
v -0.161667 -1.071250 0.748871
v -0.128798 -0.748950 0.790371
v -0.254238 -0.827949 0.733471
v -0.761358 -0.389749 0.233770
v -0.638778 -0.511950 0.316872
v -0.681818 -0.405050 0.329870
v -0.732748 -0.498650 0.197870
v 0.145382 0.803050 0.050171
v 0.054933 0.828650 0.046371
v 0.056062 0.825550 0.078072
v -0.820467 -0.426750 0.084271
v -0.863078 -0.446950 0.002272
v -0.817128 -0.482050 0.036572
v 0.104043 0.800250 0.010471
v 0.054933 0.828650 0.046371
v 0.145382 0.803050 0.050171
v 0.008802 0.835650 0.050072
v 0.044373 0.819650 0.014872
v -0.061967 0.835350 0.144072
v 0.034142 0.829150 0.135172
v 0.171742 0.794350 -0.019329
v 0.203022 0.785350 -0.057129
v 0.160152 0.792350 -0.056728
v 0.892022 -0.446750 -0.054029
v 0.889552 -0.415350 -0.031328
v 0.822283 -0.417450 0.077971
v -0.225168 0.776051 -0.049229
v -0.181948 0.783751 -0.072029
v -0.243028 0.768250 -0.084330
v 0.892022 -0.446750 -0.054029
v 0.822283 -0.417450 0.077971
v 0.847692 -0.463449 0.009371
v -0.173138 -0.834850 0.744270
v -0.196308 -0.930550 0.732071
v -0.128818 -0.885050 0.746471
v -0.610248 -0.513350 0.293371
v -0.695767 -0.488950 0.197971
v -0.616848 -0.533850 0.239370
v -0.161218 0.789150 0.009170
v -0.212267 0.783550 0.049372
v -0.166438 0.806251 0.074072
v -0.218917 0.775850 0.019871
v -0.177698 0.793950 -0.016029
v -0.177698 0.793950 -0.016029
v -0.225168 0.776051 -0.049229
v -0.212267 0.783550 0.049372
v -0.161218 0.789150 0.009170
v 0.171742 0.794350 -0.019329
v 0.209192 0.779850 0.024671
v 0.203022 0.785350 -0.057129
v -0.695767 -0.488950 0.197971
v -0.710268 -0.508550 0.119871
v -0.616848 -0.533850 0.239370
v 0.257372 0.760650 -0.077330
v 0.211503 0.773050 -0.104229
v 0.203022 0.785350 -0.057129
v -0.517027 -0.560150 0.338272
v -0.456317 -0.612150 0.366671
v -0.492618 -0.541150 0.396471
v -0.610248 -0.513350 0.293371
v -0.517027 -0.560150 0.338272
v -0.769308 -0.460750 0.129471
v -0.664837 -0.445250 0.281271
v -0.820467 -0.426750 0.084271
v -0.820467 -0.426750 0.084271
v -0.817128 -0.482050 0.036572
v -0.695767 -0.488950 0.197971
v -0.664837 -0.445250 0.281271
v -0.769308 -0.460750 0.129471
v -0.610248 -0.513350 0.293371
v -0.695767 -0.488950 0.197971
v -0.769308 -0.460750 0.129471
v -0.710268 -0.508550 0.119871
v 0.160152 0.792350 -0.056728
v 0.093812 0.793750 -0.046228
v 0.171742 0.794350 -0.019329
v 0.025292 0.802950 -0.009729
v 0.072292 0.792550 -0.004229
v -0.282147 -0.900050 0.681770
v -0.341408 -1.111950 0.615770
v -0.196308 -0.930550 0.732071
v -0.824758 -0.386950 0.090071
v -0.880308 -0.396749 -0.015629
v -0.820467 -0.426750 0.084271
v 0.606302 -0.534850 0.284971
v 0.526922 -0.532050 0.364872
v 0.504242 -0.571150 0.317871
v 0.465433 -0.578850 0.399771
v 0.504242 -0.571150 0.317871
v 0.803242 -0.492650 0.014671
v 0.875082 -0.478950 -0.075329
v 0.847692 -0.463449 0.009371
v 0.677162 -0.550950 0.127670
v 0.732812 -0.496250 0.195572
v 0.647673 -0.509850 0.312971
v -0.131288 0.781050 -0.082428
v -0.139227 0.776850 -0.124628
v -0.181948 0.783751 -0.072029
v -0.091918 0.778250 -0.105928
v -0.139227 0.776850 -0.124628
v -0.139227 0.776850 -0.124628
v -0.243028 0.768250 -0.084330
v -0.177698 0.793950 -0.016029
v -0.135757 0.793250 -0.050428
v -0.192207 0.790550 -0.042130
v -0.177698 0.793950 -0.016029
v -0.116888 0.790950 -0.014830
v 0.240172 0.736650 -0.172529
v 0.193472 0.753150 -0.157829
v 0.243592 0.752350 -0.122728
v 0.742492 -0.463550 0.152271
v 0.847692 -0.463449 0.009371
v 0.822283 -0.417450 0.077971
v -0.116888 0.790950 -0.014830
v -0.046308 0.800651 -0.039330
v -0.135757 0.793250 -0.050428
v -0.211768 0.756750 -0.132729
v -0.174208 0.755050 -0.161429
v -0.192048 0.744350 -0.186729
v -0.252458 0.747850 -0.118729
v -0.211768 0.756750 -0.132729
v 0.211503 0.773050 -0.104229
v 0.257372 0.760650 -0.077330
v 0.243592 0.752350 -0.122728
v -0.451898 -1.190150 0.533072
v -0.341408 -1.111950 0.615770
v -0.282147 -0.900050 0.681770
v 0.504242 -0.571150 0.317871
v 0.465433 -0.578850 0.399771
v 0.441352 -0.622849 0.338972
v 0.297253 -1.047150 0.721170
v 0.251302 -0.811049 0.737171
v 0.187192 -1.069550 0.746471
v 0.130322 -0.789550 0.786470
v 0.203022 0.785350 -0.057129
v 0.132692 0.776350 -0.128729
v 0.125523 0.782550 -0.082729
v 0.174373 0.740251 -0.205429
v 0.132302 0.752750 -0.198729
v 0.193472 0.753150 -0.157829
v -0.132798 0.743250 -0.225828
v -0.077467 0.748950 -0.231030
v -0.088578 0.736150 -0.263529
v -0.192048 0.744350 -0.186729
v -0.174208 0.755050 -0.161429
v 0.240172 0.736650 -0.172529
v 0.174373 0.740251 -0.205429
v 0.193472 0.753150 -0.157829
v -0.132798 0.743250 -0.225828
v -0.174208 0.755050 -0.161429
v -0.077467 0.748950 -0.231030
v -0.092088 0.807550 0.202372
v -0.074008 0.824350 0.183672
v -0.142328 0.825250 0.132070
v 0.339912 -1.120450 0.605772
v 0.468513 -1.232550 0.509972
v 0.426723 -1.118649 0.551271
v 0.263362 0.753650 0.007172
v 0.236922 0.766550 -0.031429
v 0.209192 0.779850 0.024671
v 0.300562 0.727350 0.078470
v 0.299363 0.730050 0.038570
v 0.174373 0.740251 -0.205429
v 0.095333 0.736751 -0.262030
v 0.132302 0.752750 -0.198729
v 0.145382 0.803050 0.050171
v 0.164752 0.789450 0.007471
v 0.131823 0.790450 -0.005529
v 0.104043 0.800250 0.010471
v 0.209192 0.779850 0.024671
v 0.164752 0.789450 0.007471
v 0.263362 0.753650 0.007172
v 0.256113 0.762250 0.050871
v 0.072232 0.766251 -0.163630
v 0.135852 0.756050 -0.162329
v 0.100593 0.753150 -0.201529
v -0.114408 -1.204750 0.441872
v -0.238538 -1.269750 0.439171
v -0.134398 -1.194950 0.389471
v 0.132302 0.752750 -0.198729
v 0.095333 0.736751 -0.262030
v 0.100593 0.753150 -0.201529
v -0.218917 0.775850 0.019871
v -0.225168 0.776051 -0.049229
v -0.263798 0.751650 0.002670
v -0.212267 0.783550 0.049372
v -0.268018 0.755050 0.051472
v 0.240172 0.736650 -0.172529
v 0.243592 0.752350 -0.122728
v 0.280442 0.730550 -0.132830
v 0.209192 0.779850 0.024671
v 0.236922 0.766550 -0.031429
v 0.203022 0.785350 -0.057129
v 0.001873 0.806750 -0.037930
v 0.025292 0.802950 -0.009729
v 0.093812 0.793750 -0.046228
v 0.046672 0.787850 -0.078629
v 0.093812 0.793750 -0.046228
v 0.131823 0.790450 -0.005529
v 0.072292 0.792550 -0.004229
v -0.035498 0.787350 -0.079029
v 0.001873 0.806750 -0.037930
v -0.061488 0.794250 -0.007429
v -0.002558 0.812450 -0.004728
v 0.044373 0.819650 0.014872
v 0.025292 0.802950 -0.009729
v 0.001873 0.806750 -0.037930
v 0.025292 0.802950 -0.009729
v -0.046308 0.800651 -0.039330
v -0.035498 0.787350 -0.079029
v -0.074388 0.789550 -0.067629
v 0.209192 0.779850 0.024671
v 0.171742 0.794350 -0.019329
v 0.164752 0.789450 0.007471
v 0.257372 0.760650 -0.077330
v 0.203022 0.785350 -0.057129
v 0.236922 0.766550 -0.031429
v -0.046308 0.800651 -0.039330
v -0.116888 0.790950 -0.014830
v -0.061488 0.794250 -0.007429
v 0.001873 0.806750 -0.037930
v -0.046308 0.800651 -0.039330
v -0.218917 0.775850 0.019871
v -0.263798 0.751650 0.002670
v -0.268018 0.755050 0.051472
v 0.742492 -0.463550 0.152271
v 0.701303 -0.509749 0.126970
v 0.803242 -0.492650 0.014671
v -0.046278 0.831050 0.073172
v -0.057328 0.828850 0.048471
v -0.123698 0.802250 0.031671
v -0.192207 0.790550 -0.042130
v -0.225168 0.776051 -0.049229
v -0.177698 0.793950 -0.016029
v 0.211503 0.773050 -0.104229
v 0.132692 0.776350 -0.128729
v 0.203022 0.785350 -0.057129
v 0.072232 0.766251 -0.163630
v 0.135852 0.756050 -0.162329
v -0.211768 0.756750 -0.132729
v -0.243028 0.768250 -0.084330
v -0.139227 0.776850 -0.124628
v -0.071668 0.768950 -0.158730
v -0.139227 0.776850 -0.124628
v -0.091918 0.778250 -0.105928
v -0.863078 -0.446950 0.002272
v -0.820467 -0.426750 0.084271
v -0.880308 -0.396749 -0.015629
v 0.606302 -0.534850 0.284971
v 0.507523 -0.489050 0.419371
v 0.526922 -0.532050 0.364872
v 0.507523 -0.489050 0.419371
v 0.606302 -0.534850 0.284971
v 0.634022 -0.472549 0.308071
v -0.135757 0.793250 -0.050428
v -0.046308 0.800651 -0.039330
v -0.074388 0.789550 -0.067629
v -0.181948 0.783751 -0.072029
v -0.192207 0.790550 -0.042130
v -0.225168 0.776051 -0.049229
v 0.160502 -0.911950 0.740671
v 0.104423 -0.691550 0.761471
v 0.032123 -0.786750 0.766071
v -0.142328 0.825250 0.132070
v -0.123698 0.802250 0.031671
v -0.166438 0.806251 0.074072
v 0.316592 0.712350 -0.106030
v 0.280442 0.730550 -0.132830
v 0.243592 0.752350 -0.122728
v 0.507523 -0.489050 0.419371
v 0.465433 -0.578850 0.399771
v 0.526922 -0.532050 0.364872
v 0.132692 0.776350 -0.128729
v 0.089952 0.777550 -0.103628
v 0.125523 0.782550 -0.082729
v 0.089952 0.777550 -0.103628
v 0.072232 0.766251 -0.163630
v 0.011083 0.767150 -0.139830
v 0.056062 0.825550 0.078072
v 0.140233 0.819750 0.109072
v 0.145382 0.803050 0.050171
v -0.091918 0.778250 -0.105928
v -0.040748 0.771851 -0.130730
v -0.071668 0.768950 -0.158730
v -0.002088 0.758350 -0.177528
v -0.071668 0.768950 -0.158730
v 0.011083 0.767150 -0.139830
v -0.002088 0.758350 -0.177528
v -0.002088 0.758350 -0.177528
v 0.011083 0.767150 -0.139830
v 0.072232 0.766251 -0.163630
v -0.664837 -0.445250 0.281271
v -0.610248 -0.513350 0.293371
v -0.550128 -0.471750 0.388371
v -0.610248 -0.513350 0.293371
v -0.492618 -0.541150 0.396471
v -0.123698 0.802250 0.031671
v -0.116888 0.790950 -0.014830
v -0.161218 0.789150 0.009170
v 0.089952 0.777550 -0.103628
v 0.132692 0.776350 -0.128729
v 0.072232 0.766251 -0.163630
v 0.226872 0.803050 0.095171
v 0.145382 0.803050 0.050171
v 0.140233 0.819750 0.109072
v -0.116037 0.756050 -0.170328
v -0.077467 0.748950 -0.231030
v -0.174208 0.755050 -0.161429
v 0.110743 0.809350 0.188671
v -0.074008 0.824350 0.183672
v -0.008838 0.783450 0.240070
v 0.193472 0.753150 -0.157829
v 0.132302 0.752750 -0.198729
v 0.135852 0.756050 -0.162329
v -0.161218 0.789150 0.009170
v -0.166438 0.806251 0.074072
v -0.123698 0.802250 0.031671
v -0.061488 0.794250 -0.007429
v -0.116888 0.790950 -0.014830
v -0.123698 0.802250 0.031671
v -0.123698 0.802250 0.031671
v -0.142328 0.825250 0.132070
v -0.046278 0.831050 0.073172
v 0.822283 -0.417450 0.077971
v 0.703403 -0.392650 0.258471
v 0.634022 -0.472549 0.308071
v 0.735572 -0.365149 0.220272
v 0.642663 -0.390250 0.329371
v -0.020547 0.732050 -0.254929
v 0.003273 0.722950 -0.284029
v -0.048838 0.716351 -0.284628
v 0.160502 -0.911950 0.740671
v 0.229433 -0.967850 0.717272
v 0.193923 -0.800250 0.736570
v 0.887563 -0.455550 -0.094028
v 0.875082 -0.478950 -0.075329
v 0.841033 -0.475349 -0.110430
v -0.217577 -1.227050 0.364370
v -0.134398 -1.194950 0.389471
v -0.238538 -1.269750 0.439171
v 0.742492 -0.463550 0.152271
v 0.803242 -0.492650 0.014671
v 0.847692 -0.463449 0.009371
v 0.481853 -0.609850 0.261372
v 0.677162 -0.550950 0.127670
v 0.647673 -0.509850 0.312971
v -0.049118 0.817550 0.012972
v -0.057328 0.828850 0.048471
v 0.008802 0.835650 0.050072
v 0.032002 0.734150 -0.254429
v 0.100593 0.753150 -0.201529
v 0.095333 0.736751 -0.262030
v 0.004522 0.740951 -0.206228
v 0.003273 0.722950 -0.284029
v 0.004522 0.740951 -0.206228
v -0.020547 0.732050 -0.254929
v 0.257372 0.760650 -0.077330
v 0.316592 0.712350 -0.106030
v 0.243592 0.752350 -0.122728
v 0.280882 0.735850 -0.032629
v 0.314063 0.717650 -0.061829
v -0.252458 0.747850 -0.118729
v -0.192048 0.744350 -0.186729
v -0.244708 0.733251 -0.173828
v -0.132798 0.743250 -0.225828
v -0.223467 0.708850 -0.222029
v 0.314063 0.717650 -0.061829
v 0.280882 0.735850 -0.032629
v 0.306283 0.719750 -0.010630
v 0.131823 0.790450 -0.005529
v 0.171742 0.794350 -0.019329
v 0.093812 0.793750 -0.046228
v 0.504242 -0.571150 0.317871
v 0.595212 -0.552350 0.260071
v 0.606302 -0.534850 0.284971
v -0.483958 -0.572249 0.449970
v -0.511588 -0.420649 0.483971
v -0.638778 -0.511950 0.316872
v -0.681818 -0.405050 0.329870
v -0.299997 0.723351 -0.109530
v -0.252458 0.747850 -0.118729
v -0.244708 0.733251 -0.173828
v -0.243028 0.768250 -0.084330
v -0.252458 0.747850 -0.118729
v 0.132302 0.752750 -0.198729
v 0.100593 0.753150 -0.201529
v 0.135852 0.756050 -0.162329
v -0.071668 0.768950 -0.158730
v -0.079778 0.750350 -0.197628
v -0.116037 0.756050 -0.170328
v -0.077467 0.748950 -0.231030
v -0.020547 0.732050 -0.254929
v 0.507523 -0.489050 0.419371
v 0.414552 -0.580150 0.496471
v 0.465433 -0.578850 0.399771
v 0.647673 -0.509850 0.312971
v 0.482563 -0.570949 0.447071
v 0.481853 -0.609850 0.261372
v -0.077467 0.748950 -0.231030
v -0.020547 0.732050 -0.254929
v -0.088578 0.736150 -0.263529
v -0.161218 0.789150 0.009170
v -0.116888 0.790950 -0.014830
v -0.177698 0.793950 -0.016029
v -0.116037 0.756050 -0.170328
v -0.174208 0.755050 -0.161429
v -0.171708 0.756750 -0.138529
v 0.131823 0.790450 -0.005529
v 0.164752 0.789450 0.007471
v 0.171742 0.794350 -0.019329
v -0.673748 -0.548349 0.127972
v -0.638778 -0.511950 0.316872
v -0.732748 -0.498650 0.197870
v -0.252458 0.747850 -0.118729
v -0.243028 0.768250 -0.084330
v -0.211768 0.756750 -0.132729
v -0.020547 0.732050 -0.254929
v -0.079778 0.750350 -0.197628
v 0.004522 0.740951 -0.206228
v -0.174208 0.755050 -0.161429
v -0.211768 0.756750 -0.132729
v -0.171708 0.756750 -0.138529
v 0.160152 0.792350 -0.056728
v 0.125523 0.782550 -0.082729
v 0.093812 0.793750 -0.046228
v 0.258162 0.749450 0.176771
v 0.247633 0.791451 0.105871
v 0.187723 0.812750 0.147270
v 0.482563 -0.570949 0.447071
v 0.647673 -0.509850 0.312971
v 0.510313 -0.417250 0.482771
v 0.698972 -0.405750 0.308971
v -0.135757 0.793250 -0.050428
v -0.131288 0.781050 -0.082428
v -0.181948 0.783751 -0.072029
v -0.074388 0.789550 -0.067629
v 0.004522 0.740951 -0.206228
v 0.051363 0.745750 -0.201529
v 0.032002 0.734150 -0.254429
v -0.769308 -0.460750 0.129471
v -0.817128 -0.482050 0.036572
v -0.710268 -0.508550 0.119871
v -0.638778 -0.511950 0.316872
v -0.673748 -0.548349 0.127972
v -0.484568 -0.603350 0.259972
v 0.193472 0.753150 -0.157829
v 0.167072 0.754350 -0.144228
v 0.243592 0.752350 -0.122728
v -0.079778 0.750350 -0.197628
v -0.071668 0.768950 -0.158730
v -0.002088 0.758350 -0.177528
v 0.032002 0.734150 -0.254429
v 0.055973 0.714550 -0.285830
v 0.003273 0.722950 -0.284029
v 0.095333 0.736751 -0.262030
v 0.236922 0.766550 -0.031429
v 0.263362 0.753650 0.007172
v 0.280882 0.735850 -0.032629
v 0.193923 -0.800250 0.736570
v 0.104423 -0.691550 0.761471
v 0.160502 -0.911950 0.740671
v -0.733418 -0.367550 0.224871
v -0.824758 -0.386950 0.090071
v -0.820467 -0.426750 0.084271
v -0.664837 -0.445250 0.281271
v -0.733418 -0.367550 0.224871
v 0.193472 0.753150 -0.157829
v 0.135852 0.756050 -0.162329
v 0.167072 0.754350 -0.144228
v -0.285347 0.711350 -0.168030
v -0.299997 0.723351 -0.109530
v -0.244708 0.733251 -0.173828
v -0.292218 0.695150 -0.187529
v -0.319427 0.673350 -0.171728
v -0.484568 -0.603350 0.259972
v -0.483958 -0.572249 0.449970
v -0.638778 -0.511950 0.316872
v 0.316592 0.712350 -0.106030
v 0.257372 0.760650 -0.077330
v 0.314063 0.717650 -0.061829
v -0.116037 0.756050 -0.170328
v -0.139227 0.776850 -0.124628
v -0.071668 0.768950 -0.158730
v -0.550128 -0.471750 0.388371
v -0.650348 -0.400850 0.319672
v -0.664837 -0.445250 0.281271
v -0.263798 0.751650 0.002670
v -0.303008 0.728350 0.039072
v -0.268018 0.755050 0.051472
v 0.263362 0.753650 0.007172
v 0.306283 0.719750 -0.010630
v 0.280882 0.735850 -0.032629
v 0.306283 0.719750 -0.010630
v 0.263362 0.753650 0.007172
v 0.299363 0.730050 0.038570
v -0.324687 0.708550 -0.066429
v -0.243028 0.768250 -0.084330
v -0.299997 0.723351 -0.109530
v -0.329438 0.698250 -0.106930
v -0.225168 0.776051 -0.049229
v -0.288038 0.731050 -0.033228
v -0.263798 0.751650 0.002670
v -0.268018 0.755050 0.051472
v -0.303008 0.728350 0.039072
v -0.257648 0.773050 0.139872
v 0.475513 -1.416250 0.306271
v 0.534752 -1.403150 0.226872
v 0.556152 -1.449650 0.288672
v 0.297062 0.696350 -0.181429
v 0.280442 0.730550 -0.132830
v 0.316592 0.712350 -0.106030
v 0.240172 0.736650 -0.172529
v -0.002088 0.758350 -0.177528
v 0.072232 0.766251 -0.163630
v 0.051363 0.745750 -0.201529
v -0.511588 -0.420649 0.483971
v -0.483958 -0.572249 0.449970
v -0.415867 -0.571649 0.552570
v -0.243028 0.768250 -0.084330
v -0.288038 0.731050 -0.033228
v -0.225168 0.776051 -0.049229
v 0.008802 0.835650 0.050072
v -0.002558 0.812450 -0.004728
v -0.049118 0.817550 0.012972
v 0.051363 0.745750 -0.201529
v 0.100593 0.753150 -0.201529
v 0.032002 0.734150 -0.254429
v 0.297062 0.696350 -0.181429
v 0.260882 0.706950 -0.202528
v 0.240172 0.736650 -0.172529
v -0.421668 -0.621050 0.466171
v -0.492618 -0.541150 0.396471
v -0.456317 -0.612150 0.366671
v 0.735572 -0.365149 0.220272
v 0.703403 -0.392650 0.258471
v 0.822283 -0.417450 0.077971
v 0.842412 -0.386050 0.052971
v -0.319347 0.705851 -0.029728
v -0.303008 0.728350 0.039072
v -0.263798 0.751650 0.002670
v -0.324687 0.708550 -0.066429
v -0.288038 0.731050 -0.033228
v -0.243028 0.768250 -0.084330
v -0.223467 0.708850 -0.222029
v -0.258088 0.710850 -0.196829
v -0.192048 0.744350 -0.186729
v 0.100593 0.753150 -0.201529
v 0.051363 0.745750 -0.201529
v 0.072232 0.766251 -0.163630
v 0.209192 0.779850 0.024671
v 0.145382 0.803050 0.050171
v 0.226872 0.803050 0.095171
v 0.642663 -0.390250 0.329371
v 0.634022 -0.472549 0.308071
v 0.703403 -0.392650 0.258471
v 0.595212 -0.552350 0.260071
v 0.638682 -0.529150 0.163071
v 0.659742 -0.516650 0.207472
v -0.161667 -1.071250 0.748871
v -0.254238 -0.827949 0.733471
v -0.277907 -1.047150 0.727072
v 0.230642 0.705151 -0.223330
v 0.174373 0.740251 -0.205429
v 0.260882 0.706950 -0.202528
v -0.292218 0.695150 -0.187529
v -0.285347 0.711350 -0.168030
v -0.258088 0.710850 -0.196829
v -0.244708 0.733251 -0.173828
v 0.054933 0.828650 0.046371
v 0.104043 0.800250 0.010471
v 0.044373 0.819650 0.014872
v -0.288038 0.731050 -0.033228
v -0.319347 0.705851 -0.029728
v -0.263798 0.751650 0.002670
v -0.048838 0.716351 -0.284628
v -0.088578 0.736150 -0.263529
v -0.020547 0.732050 -0.254929
v 0.236922 0.766550 -0.031429
v 0.280882 0.735850 -0.032629
v 0.257372 0.760650 -0.077330
v -0.257648 0.773050 0.139872
v -0.211867 0.804250 0.090771
v -0.268018 0.755050 0.051472
v -0.817128 -0.482050 0.036572
v -0.778368 -0.506850 0.027771
v -0.710268 -0.508550 0.119871
v -0.855937 -0.496750 -0.042929
v 0.135852 0.756050 -0.162329
v 0.132692 0.776350 -0.128729
v 0.167072 0.754350 -0.144228
v 0.256113 0.762250 0.050871
v 0.300562 0.727350 0.078470
v 0.263362 0.753650 0.007172
v 0.004522 0.740951 -0.206228
v -0.002088 0.758350 -0.177528
v 0.051363 0.745750 -0.201529
v -0.079778 0.750350 -0.197628
v -0.123698 0.802250 0.031671
v -0.057328 0.828850 0.048471
v -0.049118 0.817550 0.012972
v 0.260882 0.706950 -0.202528
v 0.174373 0.740251 -0.205429
v 0.240172 0.736650 -0.172529
v -0.541657 -1.216750 0.473671
v -0.650258 -1.346250 0.394371
v -0.451898 -1.190150 0.533072
v 0.889552 -0.415350 -0.031328
v 0.842412 -0.386050 0.052971
v 0.822283 -0.417450 0.077971
v 0.875483 -0.371449 -0.015329
v 0.842412 -0.386050 0.052971
v 0.174373 0.740251 -0.205429
v 0.230642 0.705151 -0.223330
v 0.186313 0.708750 -0.242128
v 0.366482 0.644150 -0.135630
v 0.350392 0.653750 -0.161228
v 0.322262 0.672950 -0.170729
v 0.410223 -0.621050 0.552271
v 0.482563 -0.570949 0.447071
v 0.510313 -0.417250 0.482771
v -0.079778 0.750350 -0.197628
v -0.077467 0.748950 -0.231030
v -0.116037 0.756050 -0.170328
v 0.186313 0.708750 -0.242128
v 0.095333 0.736751 -0.262030
v 0.174373 0.740251 -0.205429
v -0.733418 -0.367550 0.224871
v -0.664837 -0.445250 0.281271
v -0.650348 -0.400850 0.319672
v -0.733418 -0.367550 0.224871
v -0.641568 -0.364950 0.332871
v 0.089952 0.777550 -0.103628
v 0.013443 0.764450 -0.097630
v 0.081563 0.774550 -0.084929
v -0.855937 -0.496750 -0.042929
v -0.863937 -0.465650 -0.107529
v -0.831007 -0.486950 -0.091629
v 0.125523 0.782550 -0.082729
v 0.089952 0.777550 -0.103628
v 0.081563 0.774550 -0.084929
v -0.116037 0.756050 -0.170328
v -0.171708 0.756750 -0.138529
v -0.139227 0.776850 -0.124628
v -0.258088 0.710850 -0.196829
v -0.244708 0.733251 -0.173828
v -0.192048 0.744350 -0.186729
v -0.285347 0.711350 -0.168030
v -0.329438 0.698250 -0.106930
v -0.299997 0.723351 -0.109530
v -0.532117 -0.558249 0.254971
v -0.472908 -0.593050 0.301771
v -0.517027 -0.560150 0.338272
v -0.472908 -0.593050 0.301771
v -0.456317 -0.612150 0.366671
v -0.288038 0.731050 -0.033228
v -0.324687 0.708550 -0.066429
v -0.319347 0.705851 -0.029728
v -0.193388 0.698650 -0.248030
v -0.132798 0.743250 -0.225828
v -0.088578 0.736150 -0.263529
v -0.690507 -1.298750 0.314371
v -0.691648 -1.367550 0.275072
v -0.686208 -1.364050 0.344271
v -0.368328 0.636250 -0.161428
v -0.360008 0.649550 -0.136429
v -0.338068 0.663450 -0.162428
v 0.187723 0.812750 0.147270
v 0.110743 0.809350 0.188671
v 0.158622 0.768351 0.214870
v 0.160152 0.792350 -0.056728
v 0.203022 0.785350 -0.057129
v 0.125523 0.782550 -0.082729
v 0.013443 0.764450 -0.097630
v 0.046672 0.787850 -0.078629
v 0.081563 0.774550 -0.084929
v 0.093812 0.793750 -0.046228
v 0.125523 0.782550 -0.082729
v -0.063268 -0.676450 0.766571
v -0.105108 -0.736350 0.764271
v 0.032123 -0.786750 0.766071
v 0.032123 -0.786750 0.766071
v 0.104423 -0.691550 0.761471
v -0.214218 -0.792550 0.721371
v -0.145338 -0.629050 0.747971
v 0.507523 -0.489050 0.419371
v 0.634022 -0.472549 0.308071
v 0.642663 -0.390250 0.329371
v 0.000672 -0.733950 0.800671
v 0.130322 -0.789550 0.786470
v 0.128172 -0.625950 0.782772
v 0.130322 -0.789550 0.786470
v 0.226583 -0.600750 0.735170
v 0.251302 -0.811049 0.737171
v 0.289342 0.730650 0.149271
v 0.247633 0.791451 0.105871
v 0.258162 0.749450 0.176771
v -0.650258 -1.346250 0.394371
v -0.659848 -1.275750 0.380072
v -0.686208 -1.364050 0.344271
v 0.683802 -1.396950 0.288172
v 0.679132 -1.365149 0.247971
v 0.693452 -1.308850 0.298071
v 0.477313 -0.428050 0.466970
v 0.507523 -0.489050 0.419371
v 0.642663 -0.390250 0.329371
v 0.430343 -0.650350 0.397772
v 0.465433 -0.578850 0.399771
v 0.422042 -0.638650 0.455671
v -0.453648 -0.521950 0.464472
v -0.438558 -0.427750 0.511271
v -0.550128 -0.471750 0.388371
v -0.550128 -0.471750 0.388371
v -0.492618 -0.541150 0.396471
v -0.327487 -0.509450 0.613072
v -0.333797 -0.376450 0.625172
v 0.013443 0.764450 -0.097630
v 0.089952 0.777550 -0.103628
v 0.005982 0.757850 -0.108229
v -0.453648 -0.521950 0.464472
v -0.492618 -0.541150 0.396471
v -0.421668 -0.621050 0.466171
v -0.091918 0.778250 -0.105928
v -0.039248 0.766050 -0.094830
v -0.040748 0.771851 -0.130730
v -0.414638 -0.651150 0.315870
v -0.456317 -0.612150 0.366671
v -0.472908 -0.593050 0.301771
v -0.329338 -0.642449 0.644772
v -0.415867 -0.571649 0.552570
v -0.413998 -0.677550 0.540272
v -0.238287 -0.433650 0.715071
v -0.342917 -0.412450 0.651671
v 0.211503 0.773050 -0.104229
v 0.243592 0.752350 -0.122728
v 0.167072 0.754350 -0.144228
v -0.132798 0.743250 -0.225828
v -0.193388 0.698650 -0.248030
v -0.223467 0.708850 -0.222029
v 0.366482 0.644150 -0.135630
v 0.377643 0.622251 -0.166128
v 0.350392 0.653750 -0.161228
v 0.187723 0.812750 0.147270
v 0.158622 0.768351 0.214870
v 0.258162 0.749450 0.176771
v 0.163383 -1.221250 0.422072
v 0.085153 -1.194650 0.424372
v 0.134323 -1.175550 0.364370
v -0.040748 0.771851 -0.130730
v -0.039248 0.766050 -0.094830
v 0.005982 0.757850 -0.108229
v 0.842412 -0.386050 0.052971
v 0.800362 -0.326350 0.117271
v 0.735572 -0.365149 0.220272
v 0.477313 -0.428050 0.466970
v 0.357432 -0.581950 0.576471
v 0.414552 -0.580150 0.496471
v 0.366482 0.644150 -0.135630
v 0.297062 0.696350 -0.181429
v 0.316592 0.712350 -0.106030
v 0.316592 0.712350 -0.106030
v 0.314063 0.717650 -0.061829
v 0.349203 0.677550 -0.084330
v -0.415867 -0.571649 0.552570
v -0.342917 -0.412450 0.651671
v -0.511588 -0.420649 0.483971
v -0.329338 -0.642449 0.644772
v -0.212267 0.783550 0.049372
v -0.211867 0.804250 0.090771
v -0.166438 0.806251 0.074072
v -0.147858 0.693851 -0.278029
v -0.193388 0.698650 -0.248030
v -0.088578 0.736150 -0.263529
v -0.368328 0.636250 -0.161428
v -0.373127 0.637150 -0.125528
v -0.360008 0.649550 -0.136429
v 0.803242 -0.492650 0.014671
v 0.808082 -0.500850 -0.041630
v 0.875082 -0.478950 -0.075329
v 0.808082 -0.500850 -0.041630
v 0.701303 -0.509749 0.126970
v 0.482563 -0.570949 0.447071
v 0.410223 -0.621050 0.552271
v 0.459723 -0.682950 0.427570
v 0.346292 -0.411550 0.651772
v 0.327272 -0.658350 0.652271
v 0.510313 -0.417250 0.482771
v -0.360008 0.649550 -0.136429
v -0.319427 0.673350 -0.171728
v -0.338068 0.663450 -0.162428
v -0.327487 -0.509450 0.613072
v -0.256368 -0.421450 0.676771
v -0.333797 -0.376450 0.625172
v -0.319427 0.673350 -0.171728
v -0.360008 0.649550 -0.136429
v -0.329438 0.698250 -0.106930
v -0.329438 0.698250 -0.106930
v -0.285347 0.711350 -0.168030
v -0.319427 0.673350 -0.171728
v 0.332253 -1.318749 0.362270
v 0.242242 -1.271550 0.449871
v 0.240122 -1.250450 0.379271
v -0.212267 0.783550 0.049372
v -0.268018 0.755050 0.051472
v -0.211867 0.804250 0.090771
v 0.256113 0.762250 0.050871
v 0.226872 0.803050 0.095171
v 0.247633 0.791451 0.105871
v 0.135932 0.697650 -0.281529
v 0.095333 0.736751 -0.262030
v 0.186313 0.708750 -0.242128
v 0.468513 -1.232550 0.509972
v 0.574303 -1.302150 0.447071
v 0.535722 -1.232250 0.472471
v 0.507523 -0.489050 0.419371
v 0.477313 -0.428050 0.466970
v 0.414552 -0.580150 0.496471
v 0.226583 -0.600750 0.735170
v 0.346292 -0.411550 0.651772
v 0.259633 -0.353050 0.699572
v 0.327272 -0.658350 0.652271
v 0.211503 0.773050 -0.104229
v 0.167072 0.754350 -0.144228
v 0.132692 0.776350 -0.128729
v 0.005982 0.757850 -0.108229
v -0.039248 0.766050 -0.094830
v 0.013443 0.764450 -0.097630
v 0.110743 0.809350 0.188671
v -0.008838 0.783450 0.240070
v 0.046412 0.758050 0.254070
v -0.824758 -0.386950 0.090071
v -0.733418 -0.367550 0.224871
v -0.789718 -0.336550 0.139771
v -0.895458 -0.421750 -0.063929
v -0.880308 -0.396749 -0.015629
v -0.891297 -0.394250 -0.090929
v 0.256113 0.762250 0.050871
v 0.209192 0.779850 0.024671
v 0.226872 0.803050 0.095171
v -0.513068 -0.376450 0.446072
v -0.650348 -0.400850 0.319672
v -0.550128 -0.471750 0.388371
v -0.641568 -0.364950 0.332871
v 0.638682 -0.529150 0.163071
v 0.701303 -0.509749 0.126970
v 0.659742 -0.516650 0.207472
v 0.366482 0.644150 -0.135630
v 0.316592 0.712350 -0.106030
v 0.349203 0.677550 -0.084330
v -0.438558 -0.427750 0.511271
v -0.513068 -0.376450 0.446072
v -0.550128 -0.471750 0.388371
v -0.453648 -0.521950 0.464472
v -0.374877 -0.619650 0.546270
v -0.438558 -0.427750 0.511271
v -0.453648 -0.521950 0.464472
v -0.421668 -0.621050 0.466171
v -0.091918 0.778250 -0.105928
v -0.091547 0.774350 -0.091028
v -0.039248 0.766050 -0.094830
v 0.337042 0.684250 0.003571
v 0.369022 0.646151 -0.057329
v 0.306283 0.719750 -0.010630
v -0.040748 0.771851 -0.130730
v 0.005982 0.757850 -0.108229
v 0.011083 0.767150 -0.139830
v 0.089952 0.777550 -0.103628
v 0.011083 0.767150 -0.139830
v -0.329438 0.698250 -0.106930
v -0.360008 0.649550 -0.136429
v -0.373127 0.637150 -0.125528
v -0.282147 -0.900050 0.681770
v -0.196308 -0.930550 0.732071
v -0.173138 -0.834850 0.744270
v 0.229433 -0.967850 0.717272
v 0.308242 -0.896850 0.663570
v 0.193923 -0.800250 0.736570
v 0.297873 -0.979750 0.670971
v 0.424253 -1.033350 0.552172
v 0.424253 -1.033350 0.552172
v 0.426723 -1.118649 0.551271
v 0.535722 -1.232250 0.472471
v 0.468513 -1.232550 0.509972
v -0.074388 0.789550 -0.067629
v -0.091547 0.774350 -0.091028
v -0.131288 0.781050 -0.082428
v 0.299363 0.730050 0.038570
v 0.337042 0.684250 0.003571
v 0.306283 0.719750 -0.010630
v -0.421668 -0.621050 0.466171
v -0.456317 -0.612150 0.366671
v -0.424407 -0.679150 0.388170
v 0.240122 -1.250450 0.379271
v 0.163383 -1.221250 0.422072
v 0.134323 -1.175550 0.364370
v 0.072292 0.792550 -0.004229
v 0.104043 0.800250 0.010471
v 0.131823 0.790450 -0.005529
v 0.163682 -0.606550 0.733770
v 0.222242 -0.670649 0.703871
v 0.254753 -0.443450 0.682571
v -0.319347 0.705851 -0.029728
v -0.373308 0.642250 -0.065229
v -0.328487 0.693250 0.049871
v -0.131288 0.781050 -0.082428
v -0.091547 0.774350 -0.091028
v -0.091918 0.778250 -0.105928
v 0.046412 0.758050 0.254070
v 0.158622 0.768351 0.214870
v 0.110743 0.809350 0.188671
v -0.327487 -0.509450 0.613072
v -0.438558 -0.427750 0.511271
v -0.374877 -0.619650 0.546270
v -0.092088 0.807550 0.202372
v -0.213908 0.801950 0.150471
v -0.208338 0.747251 0.206270
v 0.864172 -0.337350 -0.036629
v 0.875483 -0.371449 -0.015329
v 0.895932 -0.418650 -0.090828
v 0.841033 -0.475349 -0.110430
v 0.869503 -0.426750 -0.123730
v 0.887563 -0.455550 -0.094028
v -0.214218 -0.792550 0.721371
v -0.173138 -0.834850 0.744270
v -0.105108 -0.736350 0.764271
v -0.173138 -0.834850 0.744270
v -0.282147 -0.900050 0.681770
v -0.128818 -0.885050 0.746471
v -0.105108 -0.736350 0.764271
v 0.032123 -0.786750 0.766071
v -0.105108 -0.736350 0.764271
v -0.315847 -0.810349 0.638571
v -0.214218 -0.792550 0.721371
v -0.271788 -0.628050 0.658472
v -0.363138 -0.728949 0.566271
v -0.374877 -0.619650 0.546270
v 0.337042 0.684250 0.003571
v 0.299363 0.730050 0.038570
v 0.340773 0.677751 0.042271
v 0.300562 0.727350 0.078470
v 0.340773 0.677751 0.042271
v 0.299363 0.730050 0.038570
v 0.354882 -0.401649 0.602072
v 0.291802 -0.560250 0.646172
v 0.357432 -0.581950 0.576471
v -0.014627 -1.176450 0.385971
v -0.101707 -1.148250 0.342772
v 0.002273 -1.131150 0.327372
v -0.063268 -0.676450 0.766571
v -0.145338 -0.629050 0.747971
v -0.105108 -0.736350 0.764271
v 0.422042 -0.638650 0.455671
v 0.465433 -0.578850 0.399771
v 0.414552 -0.580150 0.496471
v 0.354882 -0.401649 0.602072
v 0.254753 -0.443450 0.682571
v 0.291802 -0.560250 0.646172
v 0.366482 0.644150 -0.135630
v 0.322262 0.672950 -0.170729
v 0.297062 0.696350 -0.181429
v 0.104423 -0.691550 0.761471
v 0.193923 -0.800250 0.736570
v 0.163682 -0.606550 0.733770
v 0.477313 -0.428050 0.466970
v 0.354882 -0.401649 0.602072
v 0.357432 -0.581950 0.576471
v 0.595212 -0.552350 0.260071
v 0.571803 -0.559950 0.244270
v 0.638682 -0.529150 0.163071
v 0.698972 -0.405750 0.308971
v 0.761562 -0.389550 0.231371
v 0.738462 -0.291050 0.237970
v 0.749452 -0.387150 0.219172
v 0.738462 -0.291050 0.237970
v 0.724202 -0.291250 0.221571
v 0.247633 0.791451 0.105871
v 0.300562 0.727350 0.078470
v 0.256113 0.762250 0.050871
v 0.452272 -0.590549 0.269972
v 0.509092 -0.565550 0.251072
v 0.504242 -0.571150 0.317871
v 0.642663 -0.390250 0.329371
v 0.492172 -0.357450 0.460072
v 0.477313 -0.428050 0.466970
v 0.477313 -0.428050 0.466970
v 0.354882 -0.401649 0.602072
v -0.329438 0.698250 -0.106930
v -0.373127 0.637150 -0.125528
v -0.324687 0.708550 -0.066429
v -0.373308 0.642250 -0.065229
v -0.324687 0.708550 -0.066429
v -0.373127 0.637150 -0.125528
v -0.831788 -0.330950 0.052471
v -0.824758 -0.386950 0.090071
v -0.789718 -0.336550 0.139771
v 0.571803 -0.559950 0.244270
v 0.595212 -0.552350 0.260071
v 0.504242 -0.571150 0.317871
v -0.257648 0.773050 0.139872
v -0.303008 0.728350 0.039072
v -0.328487 0.693250 0.049871
v 0.314063 0.717650 -0.061829
v 0.306283 0.719750 -0.010630
v 0.369022 0.646151 -0.057329
v -0.271788 -0.628050 0.658472
v -0.327487 -0.509450 0.613072
v -0.374877 -0.619650 0.546270
v -0.091547 0.774350 -0.091028
v -0.074388 0.789550 -0.067629
v -0.039248 0.766050 -0.094830
v -0.824758 -0.386950 0.090071
v -0.831788 -0.330950 0.052471
v -0.880308 -0.396749 -0.015629
v -0.238538 -1.269750 0.439171
v -0.306638 -1.306550 0.386572
v -0.217577 -1.227050 0.364370
v -0.128798 -0.748950 0.790371
v -0.003828 -0.534750 0.771971
v -0.132088 -0.495850 0.756071
v 0.000672 -0.733950 0.800671
v 0.128172 -0.625950 0.782772
v -0.003828 -0.534750 0.771971
v -0.238287 -0.433650 0.715071
v -0.128798 -0.748950 0.790371
v -0.254238 -0.827949 0.733471
v -0.441607 -0.699950 0.284571
v -0.453578 -0.682850 0.426271
v -0.484568 -0.603350 0.259972
v -0.483958 -0.572249 0.449970
v -0.413998 -0.677550 0.540272
v -0.415867 -0.571649 0.552570
v -0.453578 -0.682850 0.426271
v 0.254753 -0.443450 0.682571
v 0.222242 -0.670649 0.703871
v 0.291802 -0.560250 0.646172
v 0.314063 0.717650 -0.061829
v 0.369022 0.646151 -0.057329
v 0.349203 0.677550 -0.084330
v 0.055973 0.714550 -0.285830
v 0.003402 0.690050 -0.309328
v 0.003273 0.722950 -0.284029
v 0.003402 0.690050 -0.309328
v -0.048838 0.716351 -0.284628
v 0.003273 0.722950 -0.284029
v -0.328487 0.693250 0.049871
v -0.303008 0.728350 0.039072
v -0.319347 0.705851 -0.029728
v 0.230642 0.705151 -0.223330
v 0.189103 0.693151 -0.253729
v 0.186313 0.708750 -0.242128
v 0.111602 -0.604850 0.750771
v 0.104423 -0.691550 0.761471
v 0.163682 -0.606550 0.733770
v 0.330052 0.677350 0.105371
v 0.340773 0.677751 0.042271
v 0.300562 0.727350 0.078470
v 0.300562 0.727350 0.078470
v 0.289342 0.730650 0.149271
v 0.247633 0.791451 0.105871
v 0.289342 0.730650 0.149271
v 0.189103 0.693151 -0.253729
v 0.135932 0.697650 -0.281529
v 0.186313 0.708750 -0.242128
v -0.616848 -0.533850 0.239370
v -0.532117 -0.558249 0.254971
v -0.517027 -0.560150 0.338272
v 0.869503 -0.426750 -0.123730
v 0.820822 -0.406950 -0.146429
v 0.834312 -0.366850 -0.147028
v 0.887563 -0.455550 -0.094028
v 0.895932 -0.418650 -0.090828
v 0.883262 -0.392449 -0.106829
v -0.532117 -0.558249 0.254971
v -0.602087 -0.536950 0.187471
v -0.535498 -0.531050 0.190971
v -0.616848 -0.533850 0.239370
v -0.657058 -0.522250 0.136372
v -0.517027 -0.560150 0.338272
v -0.610248 -0.513350 0.293371
v 0.535722 -1.232250 0.472471
v 0.574303 -1.302150 0.447071
v 0.648912 -1.304850 0.396971
v -0.217577 -1.227050 0.364370
v -0.101707 -1.148250 0.342772
v -0.134398 -1.194950 0.389471
v -0.313888 -0.298550 0.622770
v -0.256368 -0.421450 0.676771
v -0.189618 -0.399850 0.694271
v -0.208707 -0.549550 0.702471
v -0.327487 -0.509450 0.613072
v -0.256368 -0.421450 0.676771
v 0.254753 -0.443450 0.682571
v 0.354882 -0.401649 0.602072
v 0.332283 -0.324050 0.616871
v -0.603487 -0.335550 0.367571
v -0.641568 -0.364950 0.332871
v -0.513068 -0.376450 0.446072
v 0.497653 -1.113850 0.485472
v 0.424253 -1.033350 0.552172
v 0.426723 -1.118649 0.551271
v -0.208338 0.747251 0.206270
v -0.213908 0.801950 0.150471
v -0.257648 0.773050 0.139872
v 0.735572 -0.365149 0.220272
v 0.800362 -0.326350 0.117271
v 0.738582 -0.327050 0.206871
v -0.014627 -1.176450 0.385971
v 0.002273 -1.131150 0.327372
v 0.134323 -1.175550 0.364370
v 0.149882 -0.382950 0.725571
v 0.128172 -0.625950 0.782772
v 0.226583 -0.600750 0.735170
v 0.259633 -0.353050 0.699572
v -0.319347 0.705851 -0.029728
v -0.324687 0.708550 -0.066429
v -0.373308 0.642250 -0.065229
v 0.111602 -0.604850 0.750771
v -0.063268 -0.676450 0.766571
v 0.104423 -0.691550 0.761471
v -0.796698 -0.380450 -0.153528
v -0.844078 -0.438849 -0.134129
v -0.839057 -0.368649 -0.137529
v -0.844078 -0.438849 -0.134129
v -0.887618 -0.412250 -0.109428
v -0.863937 -0.465650 -0.107529
v -0.887618 -0.412250 -0.109428
v -0.863937 -0.465650 -0.107529
v -0.880298 -0.466249 -0.068029
v 0.668582 -0.335450 0.293772
v 0.642663 -0.390250 0.329371
v 0.735572 -0.365149 0.220272
v 0.259633 -0.353050 0.699572
v 0.346292 -0.411550 0.651772
v 0.320232 -0.265650 0.645170
v 0.095333 0.736751 -0.262030
v 0.135932 0.697650 -0.281529
v 0.055973 0.714550 -0.285830
v 0.895932 -0.418650 -0.090828
v 0.883262 -0.392449 -0.106829
v 0.864172 -0.337350 -0.036629
v -0.602087 -0.536950 0.187471
v -0.532117 -0.558249 0.254971
v -0.616848 -0.533850 0.239370
v 0.441352 -0.622849 0.338972
v 0.430343 -0.650350 0.397772
v 0.386672 -0.710250 0.261271
v 0.369022 0.646151 -0.057329
v 0.366482 0.644150 -0.135630
v 0.349203 0.677550 -0.084330
v -0.641568 -0.364950 0.332871
v -0.707317 -0.322450 0.248571
v -0.733418 -0.367550 0.224871
v -0.492018 -1.004450 0.572170
v -0.277907 -1.047150 0.727072
v -0.367918 -0.897650 0.644371
v -0.254238 -0.827949 0.733471
v -0.392558 0.591550 -0.159529
v -0.368328 0.636250 -0.161428
v -0.380137 0.610450 -0.169828
v -0.657058 -0.522250 0.136372
v -0.616848 -0.533850 0.239370
v -0.710268 -0.508550 0.119871
v -0.681818 -0.405050 0.329870
v -0.511588 -0.420649 0.483971
v -0.653488 -0.280950 0.336172
v -0.457198 -0.253350 0.515671
v -0.761358 -0.389749 0.233770
v -0.681818 -0.405050 0.329870
v -0.733168 -0.278850 0.233971
v 0.392162 0.596251 -0.162628
v 0.366482 0.644150 -0.135630
v 0.369022 0.646151 -0.057329
v -0.391407 0.609250 -0.073328
v -0.373308 0.642250 -0.065229
v -0.373127 0.637150 -0.125528
v 0.875483 -0.371449 -0.015329
v 0.795972 -0.296650 0.089672
v 0.800362 -0.326350 0.117271
v 0.842412 -0.386050 0.052971
v 0.800362 -0.326350 0.117271
v 0.138242 -0.485949 0.722971
v 0.163682 -0.606550 0.733770
v 0.254753 -0.443450 0.682571
v -0.139227 0.776850 -0.124628
v -0.171708 0.756750 -0.138529
v -0.211768 0.756750 -0.132729
v -0.392558 0.591550 -0.159529
v -0.373127 0.637150 -0.125528
v -0.368328 0.636250 -0.161428
v 0.534752 -1.403150 0.226872
v 0.595613 -1.374750 0.201971
v 0.627802 -1.421550 0.235972
v -0.316728 -0.264950 0.642570
v -0.342917 -0.412450 0.651671
v -0.238287 -0.433650 0.715071
v -0.206657 -0.268750 0.686972
v 0.510313 -0.417250 0.482771
v 0.467942 -0.257450 0.504871
v 0.346292 -0.411550 0.651772
v 0.320232 -0.265650 0.645170
v 0.337042 0.684250 0.003571
v 0.356622 0.640950 0.047371
v 0.369022 0.646151 -0.057329
v -0.292218 0.695150 -0.187529
v -0.258088 0.710850 -0.196829
v -0.233898 0.689550 -0.226629
v 0.392162 0.596251 -0.162628
v 0.377643 0.622251 -0.166128
v 0.366482 0.644150 -0.135630
v -0.063268 -0.676450 0.766571
v -0.087917 -0.553250 0.743372
v -0.145338 -0.629050 0.747971
v -0.329338 -0.642449 0.644772
v -0.254238 -0.827949 0.733471
v -0.238287 -0.433650 0.715071
v -0.511588 -0.420649 0.483971
v -0.342917 -0.412450 0.651671
v -0.457198 -0.253350 0.515671
v -0.316728 -0.264950 0.642570
v 0.357432 -0.581950 0.576471
v 0.291802 -0.560250 0.646172
v 0.316153 -0.699550 0.622671
v -0.483898 -0.301249 0.464972
v -0.513068 -0.376450 0.446072
v -0.438558 -0.427750 0.511271
v 0.332283 -0.324050 0.616871
v 0.492172 -0.357450 0.460072
v 0.516182 -0.306650 0.431871
v 0.354882 -0.401649 0.602072
v -0.088578 0.736150 -0.263529
v -0.048838 0.716351 -0.284628
v -0.147858 0.693851 -0.278029
v 0.308242 -0.896850 0.663570
v 0.222242 -0.670649 0.703871
v 0.193923 -0.800250 0.736570
v -0.603487 -0.335550 0.367571
v -0.513068 -0.376450 0.446072
v -0.483898 -0.301249 0.464972
v 0.163682 -0.606550 0.733770
v 0.138242 -0.485949 0.722971
v 0.111602 -0.604850 0.750771
v -0.442317 -1.115250 0.543671
v -0.282147 -0.900050 0.681770
v -0.423128 -1.004450 0.549172
v -0.451898 -1.190150 0.533072
v -0.208707 -0.549550 0.702471
v -0.271788 -0.628050 0.658472
v -0.214218 -0.792550 0.721371
v -0.145338 -0.629050 0.747971
v 0.698972 -0.405750 0.308971
v 0.467942 -0.257450 0.504871
v 0.510313 -0.417250 0.482771
v 0.738462 -0.291050 0.237970
v 0.193923 -0.800250 0.736570
v 0.222242 -0.670649 0.703871
v 0.163682 -0.606550 0.733770
v 0.414552 -0.580150 0.496471
v 0.357432 -0.581950 0.576471
v 0.413483 -0.756150 0.488072
v 0.403203 0.559850 -0.175829
v 0.377643 0.622251 -0.166128
v 0.392162 0.596251 -0.162628
v -0.328487 0.693250 0.049871
v -0.312357 0.687950 0.125071
v -0.257648 0.773050 0.139872
v -0.380137 0.610450 -0.169828
v -0.400807 0.561450 -0.178829
v -0.392558 0.591550 -0.159529
v 0.452272 -0.590549 0.269972
v 0.441352 -0.622849 0.338972
v 0.386003 -0.628150 0.232672
v -0.206657 -0.268750 0.686972
v -0.238287 -0.433650 0.715071
v -0.132088 -0.495850 0.756071
v 0.437333 -0.691750 0.305271
v 0.482563 -0.570949 0.447071
v 0.459723 -0.682950 0.427570
v 0.481853 -0.609850 0.261372
v 0.735572 -0.365149 0.220272
v 0.738582 -0.327050 0.206871
v 0.668582 -0.335450 0.293772
v 0.869503 -0.426750 -0.123730
v 0.834312 -0.366850 -0.147028
v 0.883262 -0.392449 -0.106829
v -0.891297 -0.394250 -0.090929
v -0.880308 -0.396749 -0.015629
v -0.860878 -0.348249 -0.030128
v -0.707317 -0.322450 0.248571
v -0.789718 -0.336550 0.139771
v -0.733418 -0.367550 0.224871
v -0.603487 -0.335550 0.367571
v -0.641568 -0.364950 0.332871
v 0.297253 -1.047150 0.721170
v 0.426813 -1.018950 0.638170
v 0.370122 -0.897250 0.643671
v 0.251302 -0.811049 0.737171
v 0.370122 -0.897250 0.643671
v 0.327272 -0.658350 0.652271
v 0.226583 -0.600750 0.735170
v 0.251302 -0.811049 0.737171
v -0.373127 0.637150 -0.125528
v -0.392558 0.591550 -0.159529
v -0.391407 0.609250 -0.073328
v -0.791758 -0.508349 -0.032429
v -0.778368 -0.506850 0.027771
v -0.855937 -0.496750 -0.042929
v 0.441352 -0.622849 0.338972
v 0.452272 -0.590549 0.269972
v 0.504242 -0.571150 0.317871
v -0.254238 -0.827949 0.733471
v -0.329338 -0.642449 0.644772
v -0.367918 -0.897650 0.644371
v -0.658668 -1.417350 0.264671
v -0.691648 -1.367550 0.275072
v -0.637067 -1.391550 0.222471
v -0.668357 -1.309550 0.238972
v -0.637067 -1.391550 0.222471
v 0.410223 -0.621050 0.552271
v 0.327272 -0.658350 0.652271
v 0.436213 -0.882050 0.548472
v 0.323092 0.402050 -0.321228
v 0.344452 0.420550 -0.282429
v 0.351552 0.386650 -0.309729
v 0.222242 -0.670649 0.703871
v 0.308242 -0.896850 0.663570
v 0.316153 -0.699550 0.622671
v 0.291802 -0.560250 0.646172
v -0.359337 0.405850 -0.278929
v -0.323008 0.400750 -0.321030
v -0.349557 0.385950 -0.310228
v 0.344452 0.420550 -0.282429
v 0.361463 0.404350 -0.279829
v 0.351552 0.386650 -0.309729
v 0.642663 -0.390250 0.329371
v 0.668582 -0.335450 0.293772
v 0.516182 -0.306650 0.431871
v 0.492172 -0.357450 0.460072
v 0.642663 -0.390250 0.329371
v -0.189618 -0.399850 0.694271
v -0.145338 -0.629050 0.747971
v -0.087917 -0.553250 0.743372
v 0.111602 -0.604850 0.750771
v -0.087917 -0.553250 0.743372
v -0.063268 -0.676450 0.766571
v -0.323008 0.400750 -0.321030
v -0.359337 0.405850 -0.278929
v -0.340767 0.420850 -0.283428
v 0.875082 -0.478950 -0.075329
v 0.808082 -0.500850 -0.041630
v 0.841033 -0.475349 -0.110430
v -0.359337 0.405850 -0.278929
v -0.352067 0.430750 -0.237829
v -0.340767 0.420850 -0.283428
v 0.344452 0.420550 -0.282429
v 0.358162 0.422851 -0.247429
v 0.361463 0.404350 -0.279829
v -0.541657 -1.216750 0.473671
v -0.659848 -1.275750 0.380072
v -0.650258 -1.346250 0.394371
v -0.512578 -1.149650 0.484072
v -0.659848 -1.275750 0.380072
v -0.451898 -1.190150 0.533072
v -0.442317 -1.115250 0.543671
v -0.373308 0.642250 -0.065229
v -0.391407 0.609250 -0.073328
v -0.328487 0.693250 0.049871
v -0.313888 -0.298550 0.622770
v -0.189618 -0.399850 0.694271
v -0.226677 -0.188050 0.617071
v -0.208707 -0.549550 0.702471
v -0.145338 -0.629050 0.747971
v -0.327487 -0.509450 0.613072
v -0.271788 -0.628050 0.658472
v 0.883262 -0.392449 -0.106829
v 0.851152 -0.321350 -0.066729
v 0.864172 -0.337350 -0.036629
v -0.223467 0.708850 -0.222029
v -0.233898 0.689550 -0.226629
v -0.258088 0.710850 -0.196829
v -0.333797 -0.376450 0.625172
v -0.256368 -0.421450 0.676771
v -0.313888 -0.298550 0.622770
v -0.483898 -0.301249 0.464972
v -0.344798 -0.210050 0.555172
v -0.438558 -0.427750 0.511271
v -0.333797 -0.376450 0.625172
v -0.123698 0.802250 0.031671
v -0.049118 0.817550 0.012972
v -0.061488 0.794250 -0.007429
v 0.377643 0.622251 -0.166128
v 0.403203 0.559850 -0.175829
v 0.391253 0.550450 -0.194029
v -0.423128 -1.004450 0.549172
v -0.282147 -0.900050 0.681770
v -0.315847 -0.810349 0.638571
v 0.665412 -1.253550 0.353170
v 0.692912 -1.356450 0.341271
v 0.693452 -1.308850 0.298071
v 0.683802 -1.396950 0.288172
v 0.693452 -1.308850 0.298071
v -0.223467 0.708850 -0.222029
v -0.193388 0.698650 -0.248030
v -0.233898 0.689550 -0.226629
v 0.358162 0.422851 -0.247429
v 0.344452 0.420550 -0.282429
v 0.336772 0.434751 -0.248030
v -0.014627 -1.176450 0.385971
v -0.134398 -1.194950 0.389471
v -0.101707 -1.148250 0.342772
v -0.512578 -1.149650 0.484072
v -0.442317 -1.115250 0.543671
v -0.423128 -1.004450 0.549172
v 0.168182 0.687350 0.259972
v 0.258162 0.749450 0.176771
v 0.158622 0.768351 0.214870
v 0.044373 0.819650 0.014872
v 0.072292 0.792550 -0.004229
v 0.025292 0.802950 -0.009729
v -0.397297 -0.737850 0.505671
v -0.374877 -0.619650 0.546270
v -0.421668 -0.621050 0.466171
v 0.475513 -1.416250 0.306271
v 0.461632 -1.364450 0.246872
v 0.534752 -1.403150 0.226872
v 0.356622 0.640950 0.047371
v 0.340773 0.677751 0.042271
v 0.330052 0.677350 0.105371
v 0.349332 0.457050 -0.216629
v 0.358162 0.422851 -0.247429
v 0.336772 0.434751 -0.248030
v 0.158622 0.768351 0.214870
v 0.044832 0.656550 0.312271
v 0.168182 0.687350 0.259972
v -0.483898 -0.301249 0.464972
v -0.333797 -0.376450 0.625172
v -0.313888 -0.298550 0.622770
v -0.049118 0.817550 0.012972
v -0.002558 0.812450 -0.004728
v -0.061488 0.794250 -0.007429
v -0.008838 0.783450 0.240070
v -0.092088 0.807550 0.202372
v -0.073277 0.725650 0.266670
v -0.208338 0.747251 0.206270
v -0.073277 0.725650 0.266670
v -0.222588 0.691850 0.228472
v -0.099328 0.580650 0.326771
v 0.158622 0.768351 0.214870
v 0.046412 0.758050 0.254070
v 0.044832 0.656550 0.312271
v -0.791758 -0.508349 -0.032429
v -0.855937 -0.496750 -0.042929
v -0.831007 -0.486950 -0.091629
v 0.356622 0.640950 0.047371
v 0.337042 0.684250 0.003571
v 0.340773 0.677751 0.042271
v -0.073277 0.725650 0.266670
v 0.044832 0.656550 0.312271
v 0.046412 0.758050 0.254070
v -0.008838 0.783450 0.240070
v 0.149882 -0.382950 0.725571
v -0.003828 -0.534750 0.771971
v 0.128172 -0.625950 0.782772
v 0.149882 -0.382950 0.725571
v -0.206657 -0.268750 0.686972
v -0.206657 -0.268750 0.686972
v -0.132088 -0.495850 0.756071
v -0.003828 -0.534750 0.771971
v 0.297062 0.696350 -0.181429
v 0.293932 0.675050 -0.194828
v 0.260882 0.706950 -0.202528
v -0.400807 0.561450 -0.178829
v -0.380137 0.610450 -0.169828
v -0.388688 0.548150 -0.194929
v -0.222588 0.691850 0.228472
v -0.208338 0.747251 0.206270
v -0.257648 0.773050 0.139872
v 0.808082 -0.500850 -0.041630
v 0.701303 -0.509749 0.126970
v 0.656272 -0.514850 0.105772
v 0.701303 -0.509749 0.126970
v 0.638682 -0.529150 0.163071
v -0.327837 0.441150 -0.228430
v -0.340767 0.420850 -0.283428
v -0.352067 0.430750 -0.237829
v 0.389143 0.386050 -0.211929
v 0.359822 0.449650 -0.199928
v 0.372373 0.460650 -0.174028
v -0.309738 0.420650 -0.286629
v -0.294628 0.410550 -0.315529
v -0.323008 0.400750 -0.321030
v 0.013443 0.764450 -0.097630
v -0.035498 0.787350 -0.079029
v 0.046672 0.787850 -0.078629
v 0.358162 0.422851 -0.247429
v 0.349332 0.457050 -0.216629
v 0.389143 0.386050 -0.211929
v -0.271788 -0.628050 0.658472
v -0.374877 -0.619650 0.546270
v -0.315847 -0.810349 0.638571
v 0.316153 -0.699550 0.622671
v 0.369342 -0.786850 0.571972
v 0.413483 -0.756150 0.488072
v 0.357432 -0.581950 0.576471
v 0.424253 -1.033350 0.552172
v 0.308242 -0.896850 0.663570
v 0.369342 -0.786850 0.571972
v 0.308242 -0.896850 0.663570
v -0.300168 -1.262250 0.329472
v -0.217577 -1.227050 0.364370
v -0.306638 -1.306550 0.386572
v -0.390858 0.394350 -0.196629
v -0.352067 0.430750 -0.237829
v -0.365938 0.354150 -0.287628
v 0.322262 0.672950 -0.170729
v 0.293932 0.675050 -0.194828
v 0.297062 0.696350 -0.181429
v 0.111602 -0.604850 0.750771
v 0.138242 -0.485949 0.722971
v -0.087917 -0.553250 0.743372
v -0.073617 -0.347650 0.685371
v 0.509092 -0.565550 0.251072
v 0.571803 -0.559950 0.244270
v 0.504242 -0.571150 0.317871
v 0.104043 0.800250 0.010471
v 0.072292 0.792550 -0.004229
v 0.044373 0.819650 0.014872
v -0.035307 0.682350 -0.300530
v -0.125378 0.681150 -0.287129
v -0.147858 0.693851 -0.278029
v -0.328487 0.693250 0.049871
v -0.343617 0.661950 0.061670
v -0.312357 0.687950 0.125071
v -0.375318 0.578650 0.053270
v -0.343617 0.661950 0.061670
v 0.277603 -0.254550 0.632172
v 0.254753 -0.443450 0.682571
v 0.332283 -0.324050 0.616871
v 0.332283 -0.324050 0.616871
v 0.441183 -0.228250 0.469271
v 0.290802 0.402050 -0.325129
v 0.295702 0.416350 -0.304230
v 0.323092 0.402050 -0.321228
v 0.344452 0.420550 -0.282429
v 0.323092 0.402050 -0.321228
v -0.035498 0.787350 -0.079029
v -0.039248 0.766050 -0.094830
v -0.074388 0.789550 -0.067629
v 0.199112 0.409250 -0.302429
v 0.175383 0.409750 -0.315929
v 0.163982 0.424951 -0.297730
v 0.175383 0.409750 -0.315929
v 0.188673 0.394150 -0.328428
v -0.165567 0.409451 -0.321928
v -0.191728 0.390150 -0.330229
v -0.190718 0.408850 -0.307030
v 0.138242 -0.485949 0.722971
v 0.277603 -0.254550 0.632172
v 0.170863 -0.199950 0.632471
v -0.397377 -0.599550 0.214972
v -0.472908 -0.593050 0.301771
v -0.457868 -0.559750 0.221371
v -0.285627 0.370950 -0.343229
v -0.294628 0.410550 -0.315529
v -0.262378 0.393150 -0.336329
v 0.369022 0.646151 -0.057329
v 0.356622 0.640950 0.047371
v 0.398522 0.576950 -0.079929
v 0.394063 0.558050 -0.031128
v 0.392162 0.596251 -0.162628
v 0.398522 0.576950 -0.079929
v -0.257648 0.773050 0.139872
v -0.267268 0.631250 0.217670
v -0.222588 0.691850 0.228472
v -0.710268 -0.508550 0.119871
v -0.702358 -0.507050 0.047472
v -0.657058 -0.522250 0.136372
v -0.710268 -0.508550 0.119871
v -0.778368 -0.506850 0.027771
v -0.328487 0.693250 0.049871
v -0.391407 0.609250 -0.073328
v -0.343617 0.661950 0.061670
v -0.375318 0.578650 0.053270
v -0.399338 0.569551 -0.071129
v 0.259633 -0.353050 0.699572
v 0.193062 -0.133250 0.626572
v 0.119863 -0.144750 0.642771
v 0.149882 -0.382950 0.725571
v -0.154948 0.423850 -0.313429
v -0.130638 0.416550 -0.337429
v -0.165567 0.409451 -0.321928
v -0.031918 0.571150 -0.343929
v -0.046567 0.634851 -0.306528
v 0.000942 0.592450 -0.345928
v -0.424407 -0.679150 0.388170
v -0.456317 -0.612150 0.366671
v -0.414638 -0.651150 0.315870
v 0.237933 -0.188149 0.612072
v 0.277603 -0.254550 0.632172
v 0.321702 -0.184150 0.550871
v 0.138242 -0.485949 0.722971
v 0.254753 -0.443450 0.682571
v -0.880308 -0.396749 -0.015629
v -0.831788 -0.330950 0.052471
v -0.860878 -0.348249 -0.030128
v -0.798188 -0.287350 0.068670
v -0.860878 -0.348249 -0.030128
v -0.780998 -0.293449 0.113371
v -0.789718 -0.336550 0.139771
v -0.329338 -0.642449 0.644772
v -0.437697 -0.875350 0.542971
v -0.367918 -0.897650 0.644371
v 0.327272 -0.658350 0.652271
v 0.370122 -0.897250 0.643671
v 0.436213 -0.882050 0.548472
v 0.020153 0.537550 0.367071
v 0.044832 0.656550 0.312271
v -0.073277 0.725650 0.266670
v 0.398522 0.576950 -0.079929
v 0.403203 0.559850 -0.175829
v 0.392162 0.596251 -0.162628
v -0.206657 -0.268750 0.686972
v 0.149882 -0.382950 0.725571
v -0.092137 -0.149650 0.645571
v 0.119863 -0.144750 0.642771
v -0.208338 0.747251 0.206270
v -0.222588 0.691850 0.228472
v -0.073277 0.725650 0.266670
v -0.035498 0.787350 -0.079029
v 0.013443 0.764450 -0.097630
v -0.039248 0.766050 -0.094830
v -0.257648 0.773050 0.139872
v -0.312357 0.687950 0.125071
v -0.267268 0.631250 0.217670
v -0.189618 -0.399850 0.694271
v -0.087917 -0.553250 0.743372
v -0.073617 -0.347650 0.685371
v -0.145338 -0.184649 0.626471
v -0.035307 0.682350 -0.300530
v -0.147858 0.693851 -0.278029
v -0.048838 0.716351 -0.284628
v 0.194162 0.502151 -0.143330
v 0.162912 0.496250 -0.162029
v 0.173402 0.506351 -0.137829
v 0.289342 0.730650 0.149271
v 0.258162 0.749450 0.176771
v 0.282632 0.649150 0.204370
v -0.115327 0.631950 -0.286129
v -0.096608 0.634550 -0.283129
v -0.082057 0.620650 -0.288929
v -0.154948 0.423850 -0.313429
v -0.171217 0.419550 -0.302729
v -0.151547 0.436851 -0.288029
v 0.359822 0.449650 -0.199928
v 0.349332 0.457050 -0.216629
v 0.361922 0.476150 -0.201128
v 0.349332 0.457050 -0.216629
v 0.389143 0.386050 -0.211929
v -0.242298 0.417250 -0.236029
v -0.222318 0.428350 -0.231930
v -0.223778 0.413750 -0.250429
v -0.205748 0.440750 -0.214930
v -0.184247 0.433950 -0.237728
v -0.223778 0.413750 -0.250429
v -0.099328 0.580650 0.326771
v -0.044528 0.543950 0.356371
v -0.073277 0.725650 0.266670
v 0.770853 -0.500950 -0.051329
v 0.841033 -0.475349 -0.110430
v 0.808082 -0.500850 -0.041630
v -0.159657 0.428650 -0.261229
v -0.184247 0.433950 -0.237728
v -0.150618 0.453051 -0.231428
v 0.295702 0.416350 -0.304230
v 0.290802 0.402050 -0.325129
v 0.253713 0.412050 -0.312529
v 0.516182 -0.306650 0.431871
v 0.441183 -0.228250 0.469271
v 0.332283 -0.324050 0.616871
v -0.145338 -0.184649 0.626471
v -0.226677 -0.188050 0.617071
v -0.189618 -0.399850 0.694271
v 0.163292 0.395150 -0.330429
v 0.175383 0.409750 -0.315929
v 0.188673 0.394150 -0.328428
v -0.184247 0.433950 -0.237728
v -0.159657 0.428650 -0.261229
v -0.189857 0.413550 -0.261528
v 0.361463 0.404350 -0.279829
v 0.368062 0.362750 -0.289530
v 0.351552 0.386650 -0.309729
v -0.423128 -1.004450 0.549172
v -0.315847 -0.810349 0.638571
v -0.363138 -0.728949 0.566271
v 0.157873 0.421451 -0.264929
v 0.201202 0.413750 -0.254028
v 0.165863 0.409650 -0.277229
v -0.294628 0.410550 -0.315529
v -0.255777 0.411850 -0.314329
v -0.262378 0.393150 -0.336329
v 0.020153 0.537550 0.367071
v 0.061983 0.545450 0.354872
v 0.044832 0.656550 0.312271
v -0.472908 -0.593050 0.301771
v -0.397377 -0.599550 0.214972
v -0.414638 -0.651150 0.315870
v 0.044832 0.656550 0.312271
v 0.061983 0.545450 0.354872
v 0.168182 0.687350 0.259972
v -0.323008 0.400750 -0.321030
v -0.323957 0.363550 -0.330929
v -0.349557 0.385950 -0.310228
v -0.189857 0.413550 -0.261528
v -0.163218 0.419250 -0.283829
v -0.171217 0.419550 -0.302729
v -0.223778 0.413750 -0.250429
v -0.184247 0.433950 -0.237728
v 0.250503 0.392950 -0.335428
v 0.253713 0.412050 -0.312529
v 0.290802 0.402050 -0.325129
v 0.100012 0.544850 -0.292728
v 0.088162 0.560150 -0.291729
v 0.102762 0.564450 -0.273129
v 0.356622 0.640950 0.047371
v 0.330052 0.677350 0.105371
v 0.356802 0.600650 0.096271
v 0.426723 -1.118649 0.551271
v 0.535722 -1.232250 0.472471
v 0.497653 -1.113850 0.485472
v -0.572028 -0.289550 0.374571
v -0.483898 -0.301249 0.464972
v -0.344798 -0.210050 0.555172
v -0.512527 -0.520350 0.139271
v -0.400228 -0.587150 0.166571
v -0.484568 -0.603350 0.259972
v 0.368062 0.362750 -0.289530
v 0.389143 0.386050 -0.211929
v 0.391212 0.327650 -0.252428
v 0.088162 0.560150 -0.291729
v 0.100012 0.544850 -0.292728
v 0.076532 0.545650 -0.319429
v 0.089633 0.507650 -0.329229
v 0.097003 0.529450 -0.301430
v 0.120253 0.501050 -0.302630
v 0.648912 -1.304850 0.396971
v 0.692912 -1.356450 0.341271
v 0.665412 -1.253550 0.353170
v -0.169708 0.438350 -0.213028
v -0.167997 0.455650 -0.184130
v -0.141307 0.460350 -0.198629
v 0.201202 0.413750 -0.254028
v 0.165593 0.434950 -0.251629
v 0.212002 0.425950 -0.236429
v 0.247852 0.414250 -0.237728
v 0.201202 0.413750 -0.254028
v 0.212002 0.425950 -0.236429
v -0.106868 0.522150 -0.296728
v -0.122128 0.462550 -0.327929
v -0.118728 0.501750 -0.302029
v 0.320232 -0.265650 0.645170
v 0.266293 -0.116250 0.578171
v 0.193062 -0.133250 0.626572
v 0.259633 -0.353050 0.699572
v -0.309738 0.420650 -0.286629
v -0.340767 0.420850 -0.283428
v -0.327837 0.441150 -0.228430
v -0.340767 0.420850 -0.283428
v -0.323008 0.400750 -0.321030
v 0.199112 0.409250 -0.302429
v 0.222413 0.391850 -0.330929
v 0.188673 0.394150 -0.328428
v 0.738582 -0.327050 0.206871
v 0.800362 -0.326350 0.117271
v 0.718343 -0.289350 0.203371
v 0.690322 -0.298950 0.248571
v 0.668582 -0.335450 0.293772
v -0.780998 -0.293449 0.113371
v -0.798188 -0.287350 0.068670
v -0.831788 -0.330950 0.052471
v 0.163982 0.424951 -0.297730
v 0.175383 0.409750 -0.315929
v 0.148303 0.426351 -0.323029
v 0.607002 -1.238950 0.418272
v 0.535722 -1.232250 0.472471
v 0.648912 -1.304850 0.396971
v -0.483898 -0.301249 0.464972
v -0.572028 -0.289550 0.374571
v -0.603487 -0.335550 0.367571
v -0.191728 0.390150 -0.330229
v -0.222057 0.405450 -0.312529
v -0.190718 0.408850 -0.307030
v 0.165593 0.434950 -0.251629
v 0.146322 0.448350 -0.253630
v 0.148273 0.458150 -0.229830
v -0.857987 -0.354549 -0.102030
v -0.839057 -0.368649 -0.137529
v -0.887618 -0.412250 -0.109428
v 0.521553 -0.525550 0.132271
v 0.481853 -0.609850 0.261372
v 0.401332 -0.586850 0.169071
v 0.137053 0.462350 -0.198130
v 0.158843 0.453150 -0.190929
v 0.162292 0.438350 -0.212528
v -0.334397 0.476650 -0.204329
v -0.352067 0.430750 -0.237829
v -0.370587 0.473350 -0.199629
v 0.039562 0.590350 -0.331728
v 0.000942 0.592450 -0.345928
v 0.002462 0.643950 -0.325129
v 0.106992 0.465950 -0.335829
v 0.120253 0.501050 -0.302630
v 0.133362 0.461150 -0.318428
v -0.206657 -0.268750 0.686972
v -0.092137 -0.149650 0.645571
v -0.195258 -0.133150 0.625671
v -0.261338 -0.117150 0.581572
v -0.206657 -0.268750 0.686972
v -0.316728 -0.264950 0.642570
v 0.290802 0.402050 -0.325129
v 0.323092 0.402050 -0.321228
v 0.287952 0.367650 -0.343729
v 0.315483 0.361850 -0.335228
v 0.287952 0.367650 -0.343729
v 0.323092 0.402050 -0.321228
v 0.315483 0.361850 -0.335228
v 0.351552 0.386650 -0.309729
v -0.294628 0.410550 -0.315529
v -0.285627 0.370950 -0.343229
v -0.323008 0.400750 -0.321030
v 0.202443 0.613350 0.268671
v 0.282632 0.649150 0.204370
v 0.258162 0.749450 0.176771
v 0.237933 -0.188149 0.612072
v 0.170863 -0.199950 0.632471
v 0.277603 -0.254550 0.632172
v -0.857987 -0.354549 -0.102030
v -0.887618 -0.412250 -0.109428
v -0.891297 -0.394250 -0.090929
v -0.292218 0.695150 -0.187529
v -0.292168 0.675250 -0.194929
v -0.319427 0.673350 -0.171728
v -0.046567 0.634851 -0.306528
v 0.002462 0.643950 -0.325129
v 0.000942 0.592450 -0.345928
v 0.136222 0.411150 -0.336329
v 0.175383 0.409750 -0.315929
v 0.163292 0.395150 -0.330429
v -0.603487 -0.335550 0.367571
v -0.572028 -0.289550 0.374571
v -0.707317 -0.322450 0.248571
v 0.222413 0.391850 -0.330929
v 0.199112 0.409250 -0.302429
v 0.229753 0.411450 -0.301329
v 0.235473 0.458651 -0.181829
v 0.220333 0.440650 -0.214129
v 0.177552 0.436750 -0.225029
v 0.177552 0.436750 -0.225029
v 0.220333 0.440650 -0.214129
v 0.212002 0.425950 -0.236429
v -0.255777 0.411850 -0.314329
v -0.294628 0.410550 -0.315529
v -0.309738 0.420650 -0.286629
v 0.331832 0.628750 -0.178928
v 0.377643 0.622251 -0.166128
v 0.391253 0.550450 -0.194029
v 0.331832 0.628750 -0.178928
v 0.350392 0.653750 -0.161228
v 0.377643 0.622251 -0.166128
v 0.165593 0.434950 -0.251629
v 0.148273 0.458150 -0.229830
v 0.177552 0.436750 -0.225029
v 0.212002 0.425950 -0.236429
v 0.165593 0.434950 -0.251629
v 0.177552 0.436750 -0.225029
v 0.422042 -0.638650 0.455671
v 0.414552 -0.580150 0.496471
v 0.413483 -0.756150 0.488072
v -0.475548 -0.862050 0.434872
v -0.413998 -0.677550 0.540272
v -0.453578 -0.682850 0.426271
v -0.437697 -0.875350 0.542971
v -0.413998 -0.677550 0.540272
v -0.329338 -0.642449 0.644772
v 0.003402 0.690050 -0.309328
v -0.035307 0.682350 -0.300530
v -0.048838 0.716351 -0.284628
v 0.003402 0.690050 -0.309328
v 0.002462 0.643950 -0.325129
v -0.035307 0.682350 -0.300530
v -0.229318 0.412050 -0.291828
v -0.189857 0.413550 -0.261528
v -0.190718 0.408850 -0.307030
v -0.171217 0.419550 -0.302729
v -0.190718 0.408850 -0.307030
v -0.154948 0.423850 -0.313429
v -0.165567 0.409451 -0.321928
v -0.165567 0.409451 -0.321928
v -0.190718 0.408850 -0.307030
v 0.165593 0.434950 -0.251629
v 0.157873 0.421451 -0.264929
v 0.146623 0.427550 -0.262529
v -0.145338 -0.184649 0.626471
v 0.072372 -0.119150 0.596771
v -0.068748 -0.035450 0.553772
v 0.170863 -0.199950 0.632471
v -0.145338 -0.184649 0.626471
v -0.073617 -0.347650 0.685371
v 0.138242 -0.485949 0.722971
v 0.157873 0.421451 -0.264929
v 0.165593 0.434950 -0.251629
v 0.201202 0.413750 -0.254028
v -0.206637 0.510350 -0.137629
v -0.169508 0.505450 -0.137829
v -0.164398 0.491450 -0.164728
v 0.158843 0.453150 -0.190929
v 0.205752 0.465950 -0.167929
v 0.162292 0.438350 -0.212528
v -0.268698 0.459351 -0.191130
v -0.222318 0.428350 -0.231930
v -0.288888 0.447850 -0.202330
v -0.399338 0.569551 -0.071129
v -0.391407 0.609250 -0.073328
v -0.392558 0.591550 -0.159529
v -0.446517 -0.936049 0.487270
v -0.363138 -0.728949 0.566271
v -0.397297 -0.737850 0.505671
v -0.374877 -0.619650 0.546270
v -0.007358 0.524651 -0.365028
v -0.026338 0.538950 -0.355129
v 0.000942 0.592450 -0.345928
v -0.068578 0.492351 -0.344830
v -0.122128 0.462550 -0.327929
v -0.089878 0.518950 -0.320629
v 0.097003 0.529450 -0.301430
v 0.100012 0.544850 -0.292728
v 0.120253 0.501050 -0.302630
v 0.770853 -0.500950 -0.051329
v 0.808082 -0.500850 -0.041630
v 0.656272 -0.514850 0.105772
v -0.255777 0.411850 -0.314329
v -0.222057 0.405450 -0.312529
v -0.220717 0.388451 -0.333630
v -0.191728 0.390150 -0.330229
v 0.162912 0.496250 -0.162029
v 0.157702 0.514450 -0.146229
v 0.173402 0.506351 -0.137829
v 0.076532 0.545650 -0.319429
v 0.089633 0.507650 -0.329229
v 0.050252 0.519550 -0.352129
v 0.000942 0.592450 -0.345928
v -0.026338 0.538950 -0.355129
v -0.031918 0.571150 -0.343929
v -0.348378 0.594650 -0.184929
v -0.368328 0.636250 -0.161428
v -0.324528 0.639350 -0.178429
v -0.368328 0.636250 -0.161428
v -0.338068 0.663450 -0.162428
v 0.869503 -0.426750 -0.123730
v 0.841033 -0.475349 -0.110430
v 0.820822 -0.406950 -0.146429
v -0.313888 -0.298550 0.622770
v -0.226677 -0.188050 0.617071
v -0.344798 -0.210050 0.555172
v 0.718343 -0.289350 0.203371
v 0.690322 -0.298950 0.248571
v 0.738582 -0.327050 0.206871
v -0.535498 -0.531050 0.190971
v -0.457868 -0.559750 0.221371
v -0.532117 -0.558249 0.254971
v 0.332253 -1.318749 0.362270
v 0.461632 -1.364450 0.246872
v 0.475513 -1.416250 0.306271
v 0.212002 0.425950 -0.236429
v 0.286522 0.459750 -0.191929
v 0.286762 0.438050 -0.209629
v 0.136222 0.411150 -0.336329
v 0.148303 0.426351 -0.323029
v 0.175383 0.409750 -0.315929
v -0.327837 0.441150 -0.228430
v -0.307008 0.443450 -0.222029
v -0.304927 0.430750 -0.245829
v -0.134238 0.451050 -0.265228
v -0.159657 0.428650 -0.261229
v -0.141588 0.455350 -0.253630
v 0.087772 -0.014950 -0.482328
v 0.096612 0.036950 -0.488628
v 0.158483 0.009050 -0.466528
v 0.142472 0.064650 -0.465229
v -0.707317 -0.322450 0.248571
v -0.780998 -0.293449 0.113371
v -0.789718 -0.336550 0.139771
v -0.791758 -0.508349 -0.032429
v -0.702358 -0.507050 0.047472
v -0.778368 -0.506850 0.027771
v -0.076337 0.196450 -0.437229
v -0.067368 0.215750 -0.431629
v -0.047627 0.206950 -0.437529
v 0.235473 0.458651 -0.181829
v 0.162292 0.438350 -0.212528
v 0.205752 0.465950 -0.167929
v 0.002462 0.643950 -0.325129
v 0.054692 0.636850 -0.303429
v 0.070723 0.609150 -0.299528
v 0.039562 0.590350 -0.331728
v 0.070723 0.609150 -0.299528
v -0.205748 0.440750 -0.214930
v -0.222318 0.428350 -0.231930
v -0.268698 0.459351 -0.191130
v 0.286762 0.438050 -0.209629
v 0.247852 0.414250 -0.237728
v 0.212002 0.425950 -0.236429
v 0.041512 0.220750 -0.437328
v 0.105592 0.201550 -0.426430
v 0.070182 0.201850 -0.437029
v 0.355513 0.259050 -0.277430
v 0.368062 0.362750 -0.289530
v 0.391212 0.327650 -0.252428
v 0.358162 0.422851 -0.247429
v 0.389143 0.386050 -0.211929
v -0.262378 0.393150 -0.336329
v -0.255777 0.411850 -0.314329
v -0.220717 0.388451 -0.333630
v -0.219548 0.450450 -0.190329
v -0.200488 0.468650 -0.165628
v -0.167997 0.455650 -0.184130
v 0.277603 -0.254550 0.632172
v 0.441183 -0.228250 0.469271
v 0.321702 -0.184150 0.550871
v -0.419638 -0.695050 0.441771
v -0.439558 -0.809050 0.414970
v -0.397297 -0.737850 0.505671
v -0.140888 0.092950 -0.454128
v -0.091928 0.036450 -0.488628
v -0.157418 0.033051 -0.463129
v 0.222413 0.391850 -0.330929
v 0.229753 0.411450 -0.301329
v 0.250503 0.392950 -0.335428
v -0.013648 0.007150 0.538872
v -0.068748 -0.035450 0.553772
v 0.072372 -0.119150 0.596771
v 0.130322 -1.128950 0.323771
v 0.134323 -1.175550 0.364370
v 0.002273 -1.131150 0.327372
v 0.516182 -0.306650 0.431871
v 0.668582 -0.335450 0.293772
v 0.524222 -0.263150 0.396971
v -0.222318 0.428350 -0.231930
v -0.242298 0.417250 -0.236029
v -0.288888 0.447850 -0.202330
v -0.106868 0.522150 -0.296728
v -0.089878 0.518950 -0.320629
v -0.122128 0.462550 -0.327929
v -0.026338 0.538950 -0.355129
v -0.007358 0.524651 -0.365028
v -0.040887 0.504150 -0.360930
v 0.369342 -0.786850 0.571972
v 0.424253 -1.033350 0.552172
v 0.441873 -0.949750 0.501270
v -0.047627 0.206950 -0.437529
v -0.067368 0.215750 -0.431629
v -0.030168 0.227450 -0.434328
v 0.127663 0.133450 -0.443829
v 0.148303 0.155150 -0.432428
v 0.163803 0.111950 -0.436930
v 0.000942 0.592450 -0.345928
v 0.032282 0.553550 -0.350628
v -0.007358 0.524651 -0.365028
v -0.348378 0.594650 -0.184929
v -0.380137 0.610450 -0.169828
v -0.368328 0.636250 -0.161428
v -0.348378 0.594650 -0.184929
v -0.388688 0.548150 -0.194929
v -0.380137 0.610450 -0.169828
v -0.157578 -0.005350 -0.459728
v -0.157418 0.033051 -0.463129
v -0.091928 0.036450 -0.488628
v -0.572028 -0.289550 0.374571
v -0.673697 -0.286150 0.262671
v -0.707317 -0.322450 0.248571
v -0.673697 -0.286150 0.262671
v -0.780998 -0.293449 0.113371
v -0.472908 -0.593050 0.301771
v -0.532117 -0.558249 0.254971
v -0.457868 -0.559750 0.221371
v -0.132408 0.135550 -0.442329
v -0.171638 0.132950 -0.427929
v -0.143648 0.171150 -0.421028
v 0.163803 0.111950 -0.436930
v 0.142472 0.064650 -0.465229
v 0.127663 0.133450 -0.443829
v -0.052547 0.545950 -0.340029
v -0.070308 0.535050 -0.331530
v -0.062868 0.595050 -0.307730
v -0.089878 0.518950 -0.320629
v -0.085167 0.551650 -0.300228
v -0.070308 0.535050 -0.331530
v -0.089568 -0.011750 -0.483929
v -0.157578 -0.005350 -0.459728
v -0.091928 0.036450 -0.488628
v -0.030168 0.227450 -0.434328
v 0.000612 0.212550 -0.441429
v -0.047627 0.206950 -0.437529
v -0.108458 0.062850 0.491371
v -0.013648 0.007150 0.538872
v -0.041488 0.094151 0.498072
v 0.163803 0.111950 -0.436930
v 0.148303 0.155150 -0.432428
v 0.181512 0.131150 -0.422329
v 0.148303 0.155150 -0.432428
v 0.170423 0.154950 -0.417929
v 0.077443 0.489850 -0.341528
v 0.089633 0.507650 -0.329229
v 0.106992 0.465950 -0.335829
v 0.212002 0.425950 -0.236429
v 0.220333 0.440650 -0.214129
v 0.286522 0.459750 -0.191929
v 0.795972 -0.296650 0.089672
v 0.864172 -0.337350 -0.036629
v 0.803182 -0.288850 0.028770
v 0.875483 -0.371449 -0.015329
v -0.113957 0.176650 -0.424129
v -0.082498 0.176250 -0.431629
v -0.105658 0.159451 -0.435028
v -0.131038 0.196150 -0.411928
v -0.143648 0.171150 -0.421028
v 0.148303 0.155150 -0.432428
v 0.127663 0.133450 -0.443829
v 0.108932 0.168150 -0.431829
v 0.100213 0.179350 -0.429129
v 0.152253 0.173150 -0.412930
v 0.108932 0.168150 -0.431829
v -0.062868 0.595050 -0.307730
v -0.031918 0.571150 -0.343929
v -0.052547 0.545950 -0.340029
v -0.113957 0.176650 -0.424129
v -0.105658 0.159451 -0.435028
v -0.143648 0.171150 -0.421028
v -0.169708 0.438350 -0.213028
v -0.219548 0.450450 -0.190329
v -0.167997 0.455650 -0.184130
v -0.205748 0.440750 -0.214930
v -0.268698 0.459351 -0.191130
v -0.221717 0.476151 -0.154129
v -0.200488 0.468650 -0.165628
v -0.268698 0.459351 -0.191130
v -0.169708 0.438350 -0.213028
v -0.205748 0.440750 -0.214930
v -0.219548 0.450450 -0.190329
v -0.089878 0.518950 -0.320629
v -0.106868 0.522150 -0.296728
v -0.085167 0.551650 -0.300228
v 0.106992 0.465950 -0.335829
v 0.133362 0.461150 -0.318428
v 0.148303 0.426351 -0.323029
v -0.013648 0.007150 0.538872
v 0.045012 0.101550 0.492771
v -0.041488 0.094151 0.498072
v 0.289342 0.730650 0.149271
v 0.356802 0.600650 0.096271
v 0.330052 0.677350 0.105371
v 0.168182 0.687350 0.259972
v 0.061983 0.545450 0.354872
v 0.202443 0.613350 0.268671
v -0.143648 0.171150 -0.421028
v -0.105658 0.159451 -0.435028
v -0.132408 0.135550 -0.442329
v 0.045012 0.101550 0.492771
v 0.088042 0.022250 0.517172
v 0.107223 0.073950 0.488871
v -0.205748 0.440750 -0.214930
v -0.223778 0.413750 -0.250429
v -0.222318 0.428350 -0.231930
v -0.399338 0.569551 -0.071129
v -0.392558 0.591550 -0.159529
v -0.400807 0.561450 -0.178829
v -0.400807 0.561450 -0.178829
v -0.403378 0.524350 -0.153528
v 0.422042 -0.638650 0.455671
v 0.437462 -0.766049 0.406071
v 0.430343 -0.650350 0.397772
v 0.456273 -0.890449 0.419571
v 0.466262 -0.915350 0.357370
v 0.441352 -0.622849 0.338972
v 0.465433 -0.578850 0.399771
v 0.103112 -0.055850 0.558571
v 0.088042 0.022250 0.517172
v -0.013648 0.007150 0.538872
v 0.045012 0.101550 0.492771
v 0.088042 0.022250 0.517172
v -0.179048 0.143351 -0.417830
v -0.143648 0.171150 -0.421028
v -0.171638 0.132950 -0.427929
v 0.003402 0.690050 -0.309328
v 0.054692 0.636850 -0.303429
v 0.002462 0.643950 -0.325129
v -0.324528 0.639350 -0.178429
v -0.338068 0.663450 -0.162428
v -0.319427 0.673350 -0.171728
v 0.240122 -1.250450 0.379271
v 0.134323 -1.175550 0.364370
v 0.248063 -1.203450 0.327372
v 0.127663 0.133450 -0.443829
v 0.142472 0.064650 -0.465229
v 0.077103 0.092751 -0.460129
v 0.142472 0.064650 -0.465229
v 0.096612 0.036950 -0.488628
v 0.141732 0.194950 -0.407129
v 0.176562 0.183150 -0.393330
v 0.152253 0.173150 -0.412930
v 0.220333 0.440650 -0.214129
v 0.235473 0.458651 -0.181829
v 0.286522 0.459750 -0.191929
v 0.229113 0.491550 -0.142630
v 0.165742 0.470850 -0.177429
v 0.194162 0.502151 -0.143330
v 0.331832 0.628750 -0.178928
v 0.322262 0.672950 -0.170729
v 0.350392 0.653750 -0.161228
v -0.375318 0.578650 0.053270
v -0.337388 0.539150 0.153372
v -0.312357 0.687950 0.125071
v -0.164917 0.105750 -0.432329
v -0.171638 0.132950 -0.427929
v -0.132408 0.135550 -0.442329
v -0.143648 0.171150 -0.421028
v -0.172708 0.184051 -0.396328
v -0.131038 0.196150 -0.411928
v 0.050252 0.519550 -0.352129
v 0.032282 0.553550 -0.350628
v 0.039562 0.590350 -0.331728
v 0.089633 0.507650 -0.329229
v 0.120253 0.501050 -0.302630
v 0.106992 0.465950 -0.335829
v -0.095347 0.562050 -0.284430
v -0.085167 0.551650 -0.300228
v -0.106868 0.522150 -0.296728
v -0.267268 0.631250 0.217670
v -0.312357 0.687950 0.125071
v -0.337388 0.539150 0.153372
v 0.093792 0.217150 -0.415129
v 0.105592 0.201550 -0.426430
v 0.058503 0.221450 -0.421129
v -0.134238 0.451050 -0.265228
v -0.163218 0.419250 -0.283829
v -0.159657 0.428650 -0.261229
v -0.130638 0.416550 -0.337429
v -0.180017 0.363450 -0.330328
v -0.165567 0.409451 -0.321928
v -0.352067 0.430750 -0.237829
v -0.387638 0.484350 -0.190128
v -0.370587 0.473350 -0.199629
v -0.343617 0.661950 0.061670
v -0.391407 0.609250 -0.073328
v -0.375318 0.578650 0.053270
v -0.399338 0.569551 -0.071129
v -0.400548 0.462151 -0.033428
v 0.141732 0.194950 -0.407129
v 0.152253 0.173150 -0.412930
v 0.105592 0.201550 -0.426430
v -0.222057 0.405450 -0.312529
v -0.229318 0.412050 -0.291828
v -0.190718 0.408850 -0.307030
v -0.255777 0.411850 -0.314329
v -0.205748 0.440750 -0.214930
v -0.169708 0.438350 -0.213028
v -0.184247 0.433950 -0.237728
v 0.256073 0.674350 -0.214230
v 0.260882 0.706950 -0.202528
v 0.293932 0.675050 -0.194828
v 0.623363 -0.525350 0.065472
v 0.590542 -0.446950 0.019571
v 0.628482 -0.506050 0.073872
v 0.599752 -0.437350 0.033670
v -0.592818 -0.448750 0.022471
v -0.624457 -0.518250 0.067371
v -0.629288 -0.499650 0.075670
v -0.601588 -0.438849 0.036272
v -0.082478 0.219450 -0.420429
v -0.067368 0.215750 -0.431629
v -0.111368 0.193850 -0.425829
v 0.176562 0.183150 -0.393330
v 0.179873 0.159550 -0.400129
v 0.152253 0.173150 -0.412930
v -0.052547 0.545950 -0.340029
v -0.026338 0.538950 -0.355129
v -0.070308 0.535050 -0.331530
v -0.040887 0.504150 -0.360930
v -0.026338 0.538950 -0.355129
v 0.275712 0.417550 -0.256029
v 0.295702 0.416350 -0.304230
v 0.253713 0.412050 -0.312529
v 0.315382 0.431650 -0.252829
v 0.344452 0.420550 -0.282429
v 0.361922 0.476150 -0.201128
v 0.349332 0.457050 -0.216629
v 0.333492 0.474050 -0.203030
v -0.144477 0.474150 -0.186729
v -0.200488 0.468650 -0.165628
v -0.164398 0.491450 -0.164728
v -0.105658 0.159451 -0.435028
v -0.140888 0.092950 -0.454128
v -0.132408 0.135550 -0.442329
v -0.140888 0.092950 -0.454128
v -0.164917 0.105750 -0.432329
v -0.132408 0.135550 -0.442329
v 0.050252 0.519550 -0.352129
v 0.028152 0.473150 -0.364929
v 0.024882 0.516050 -0.363730
v 0.032282 0.553550 -0.350628
v 0.050252 0.519550 -0.352129
v 0.000942 0.592450 -0.345928
v 0.039562 0.590350 -0.331728
v 0.106992 0.465950 -0.335829
v 0.148303 0.426351 -0.323029
v 0.136222 0.411150 -0.336329
v -0.099328 0.580650 0.326771
v -0.222588 0.691850 0.228472
v -0.221968 0.571750 0.266071
v 0.424562 -0.555950 0.200871
v 0.452272 -0.590549 0.269972
v 0.386003 -0.628150 0.232672
v 0.000612 0.212550 -0.441429
v 0.041512 0.220750 -0.437328
v 0.070182 0.201850 -0.437029
v 0.401332 -0.586850 0.169071
v 0.481853 -0.609850 0.261372
v 0.376213 -0.689050 0.188372
v 0.437333 -0.691750 0.305271
v -0.164917 0.105750 -0.432329
v -0.140888 0.092950 -0.454128
v -0.157418 0.033051 -0.463129
v 0.142442 0.666850 -0.285929
v 0.135932 0.697650 -0.281529
v 0.189103 0.693151 -0.253729
v 0.177552 0.436750 -0.225029
v 0.162292 0.438350 -0.212528
v 0.235473 0.458651 -0.181829
v 0.087772 -0.014950 -0.482328
v 0.003333 -0.002850 -0.469728
v 0.096612 0.036950 -0.488628
v 0.237933 -0.188149 0.612072
v 0.103112 -0.055850 0.558571
v 0.072372 -0.119150 0.596771
v 0.072372 -0.119150 0.596771
v -0.013648 0.007150 0.538872
v 0.590542 -0.446950 0.019571
v 0.589412 -0.335250 0.024172
v 0.599752 -0.437350 0.033670
v 0.598763 -0.339550 0.037672
v -0.111368 0.193850 -0.425829
v -0.076337 0.196450 -0.437229
v -0.082498 0.176250 -0.431629
v -0.111368 0.193850 -0.425829
v -0.067368 0.215750 -0.431629
v -0.066947 0.174050 0.436771
v -0.102687 0.143850 0.448372
v 0.001652 0.169450 0.448271
v -0.108458 0.062850 0.491371
v -0.041488 0.094151 0.498072
v -0.102687 0.143850 0.448372
v 0.001652 0.169450 0.448271
v -0.013857 0.299150 0.377272
v -0.066947 0.174050 0.436771
v 0.389143 0.386050 -0.211929
v 0.407932 0.383750 -0.116730
v 0.402183 0.307850 -0.193329
v 0.260882 0.706950 -0.202528
v 0.256073 0.674350 -0.214230
v 0.230642 0.705151 -0.223330
v 0.372373 0.460650 -0.174028
v 0.398242 0.450050 -0.147829
v 0.389143 0.386050 -0.211929
v 0.392442 0.516251 -0.182529
v 0.398242 0.450050 -0.147829
v -0.122128 0.462550 -0.327929
v -0.068918 0.462950 -0.349730
v -0.130638 0.416550 -0.337429
v -0.394867 0.525250 -0.189030
v -0.388688 0.548150 -0.194929
v -0.390128 0.509350 -0.197229
v -0.001458 0.052051 -0.462729
v 0.003333 -0.002850 -0.469728
v -0.091928 0.036450 -0.488628
v -0.089568 -0.011750 -0.483929
v 0.003333 -0.002850 -0.469728
v -0.140888 0.092950 -0.454128
v -0.065928 0.134450 -0.437729
v -0.091928 0.036450 -0.488628
v -0.448997 -1.395050 0.303572
v -0.300168 -1.262250 0.329472
v -0.306638 -1.306550 0.386572
v 0.509092 -0.565550 0.251072
v 0.638682 -0.529150 0.163071
v 0.571803 -0.559950 0.244270
v -0.131038 0.196150 -0.411928
v -0.082478 0.219450 -0.420429
v -0.111368 0.193850 -0.425829
v 0.613513 -0.242150 0.082571
v 0.645153 -0.232550 0.149172
v 0.619863 -0.258150 0.088871
v 0.642413 -0.212950 0.151472
v 0.001652 0.169450 0.448271
v 0.058362 0.280951 0.377071
v -0.013857 0.299150 0.377272
v 0.074573 0.146151 -0.434830
v 0.127663 0.133450 -0.443829
v 0.077103 0.092751 -0.460129
v -0.013648 0.007150 0.538872
v -0.108458 0.062850 0.491371
v -0.068748 -0.035450 0.553772
v -0.044528 0.543950 0.356371
v 0.020153 0.537550 0.367071
v -0.073277 0.725650 0.266670
v -0.044528 0.543950 0.356371
v -0.054977 0.353050 0.368872
v 0.369342 -0.786850 0.571972
v 0.441873 -0.949750 0.501270
v 0.413483 -0.756150 0.488072
v 0.497653 -1.113850 0.485472
v 0.424253 -1.033350 0.552172
v -0.541657 -1.216750 0.473671
v -0.442317 -1.115250 0.543671
v -0.512578 -1.149650 0.484072
v 0.000612 0.212550 -0.441429
v -0.030168 0.227450 -0.434328
v 0.011922 0.227050 -0.422930
v 0.001652 0.169450 0.448271
v 0.095253 0.223850 0.400572
v 0.058362 0.280951 0.377071
v 0.095253 0.223850 0.400572
v 0.001652 0.169450 0.448271
v 0.085672 0.166750 0.436670
v 0.001652 0.169450 0.448271
v -0.041488 0.094151 0.498072
v 0.045012 0.101550 0.492771
v -0.013857 0.299150 0.377272
v -0.079478 0.278050 0.373072
v -0.066947 0.174050 0.436771
v 0.391212 0.327650 -0.252428
v 0.389143 0.386050 -0.211929
v 0.402183 0.307850 -0.193329
v -0.159657 0.428650 -0.261229
v -0.163218 0.419250 -0.283829
v -0.189857 0.413550 -0.261528
v -0.134238 0.451050 -0.265228
v -0.151547 0.436851 -0.288029
v 0.289342 0.730650 0.149271
v 0.282632 0.649150 0.204370
v 0.356802 0.600650 0.096271
v 0.282632 0.649150 0.204370
v 0.326403 0.517150 0.171871
v -0.414638 -0.651150 0.315870
v -0.397377 -0.599550 0.214972
v -0.376848 -0.701950 0.249971
v -0.316728 -0.264950 0.642570
v -0.303838 -0.105450 0.530571
v -0.457198 -0.253350 0.515671
v -0.261338 -0.117150 0.581572
v 0.100213 0.179350 -0.429129
v 0.108932 0.168150 -0.431829
v 0.074573 0.146151 -0.434830
v -0.105658 0.159451 -0.435028
v -0.065928 0.134450 -0.437729
v -0.140888 0.092950 -0.454128
v 0.201202 0.413750 -0.254028
v 0.234073 0.411150 -0.270929
v 0.165863 0.409650 -0.277229
v 0.333492 0.474050 -0.203030
v 0.349332 0.457050 -0.216629
v 0.314753 0.440750 -0.228828
v 0.003333 -0.002850 -0.469728
v -0.001458 0.052051 -0.462729
v 0.096612 0.036950 -0.488628
v -0.065928 0.134450 -0.437729
v 0.015482 0.112451 -0.433329
v -0.001458 0.052051 -0.462729
v 0.028963 0.165450 -0.424929
v -0.019807 0.166150 -0.424330
v 0.085672 0.166750 0.436670
v 0.045012 0.101550 0.492771
v 0.107223 0.073950 0.488871
v 0.108932 0.168150 -0.431829
v 0.127663 0.133450 -0.443829
v 0.074573 0.146151 -0.434830
v 0.074573 0.146151 -0.434830
v 0.063782 0.185950 -0.432928
v 0.100213 0.179350 -0.429129
v -0.169708 0.438350 -0.213028
v -0.141307 0.460350 -0.198629
v -0.150618 0.453051 -0.231428
v -0.122128 0.462550 -0.327929
v -0.154948 0.423850 -0.313429
v -0.137618 0.461451 -0.305328
v -0.118728 0.501750 -0.302029
v 0.331832 0.628750 -0.178928
v 0.304782 0.644250 -0.186729
v 0.322262 0.672950 -0.170729
v -0.857987 -0.354549 -0.102030
v -0.891297 -0.394250 -0.090929
v -0.860878 -0.348249 -0.030128
v 0.413483 -0.756150 0.488072
v 0.437462 -0.766049 0.406071
v 0.422042 -0.638650 0.455671
v 0.456273 -0.890449 0.419571
v 0.437462 -0.766049 0.406071
v 0.312343 -0.103849 0.521471
v 0.320232 -0.265650 0.645170
v 0.467942 -0.257450 0.504871
v 0.266293 -0.116250 0.578171
v 0.100213 0.179350 -0.429129
v 0.070182 0.201850 -0.437029
v 0.105592 0.201550 -0.426430
v 0.152253 0.173150 -0.412930
v 0.170423 0.154950 -0.417929
v 0.148303 0.155150 -0.432428
v 0.165742 0.470850 -0.177429
v 0.229113 0.491550 -0.142630
v 0.205752 0.465950 -0.167929
v -0.390858 0.394350 -0.196629
v -0.387638 0.484350 -0.190128
v -0.352067 0.430750 -0.237829
v -0.043458 0.175150 -0.426128
v 0.015482 0.112451 -0.433329
v -0.065928 0.134450 -0.437729
v 0.105592 0.201550 -0.426430
v 0.152253 0.173150 -0.412930
v 0.100213 0.179350 -0.429129
v -0.359158 0.484950 -0.199028
v -0.370587 0.473350 -0.199629
v -0.387638 0.484350 -0.190128
v 0.039562 0.590350 -0.331728
v 0.076532 0.545650 -0.319429
v 0.050252 0.519550 -0.352129
v -0.141307 0.460350 -0.198629
v -0.167997 0.455650 -0.184130
v -0.144477 0.474150 -0.186729
v -0.394867 0.525250 -0.189030
v -0.400807 0.561450 -0.178829
v -0.388688 0.548150 -0.194929
v -0.130708 0.221750 0.382071
v -0.066947 0.174050 0.436771
v -0.079478 0.278050 0.373072
v -0.224348 0.184850 -0.337328
v -0.212038 0.168050 -0.364429
v -0.247568 0.165050 -0.335329
v -0.247568 0.165050 -0.335329
v -0.224288 0.129750 -0.366730
v -0.190487 0.112750 -0.414728
v -0.171638 0.132950 -0.427929
v -0.164917 0.105750 -0.432329
v -0.105658 0.159451 -0.435028
v -0.043458 0.175150 -0.426128
v -0.065928 0.134450 -0.437729
v -0.001458 0.052051 -0.462729
v -0.091928 0.036450 -0.488628
v -0.224348 0.184850 -0.337328
v -0.247568 0.165050 -0.335329
v -0.260178 0.174850 -0.323729
v -0.251187 0.190850 -0.321730
v -0.224348 0.184850 -0.337328
v -0.266647 0.416250 -0.247829
v -0.242298 0.417250 -0.236029
v -0.223778 0.413750 -0.250429
v -0.150618 0.453051 -0.231428
v -0.141307 0.460350 -0.198629
v -0.123477 0.474650 -0.202929
v 0.165742 0.470850 -0.177429
v 0.162912 0.496250 -0.162029
v 0.194162 0.502151 -0.143330
v 0.795972 -0.296650 0.089672
v 0.718343 -0.289350 0.203371
v 0.800362 -0.326350 0.117271
v -0.831007 -0.486950 -0.091629
v -0.863937 -0.465650 -0.107529
v -0.844078 -0.438849 -0.134129
v 0.179873 0.159550 -0.400129
v 0.176562 0.183150 -0.393330
v 0.207832 0.159650 -0.373529
v 0.003402 0.690050 -0.309328
v 0.066933 0.681050 -0.294628
v 0.085543 0.658550 -0.289829
v 0.003402 0.690050 -0.309328
v 0.054692 0.636850 -0.303429
v 0.055973 0.714550 -0.285830
v 0.135932 0.697650 -0.281529
v 0.055973 0.714550 -0.285830
v 0.003402 0.690050 -0.309328
v 0.163803 0.111950 -0.436930
v 0.194552 0.084750 -0.412628
v 0.158483 0.009050 -0.466528
v 0.142472 0.064650 -0.465229
v 0.163803 0.111950 -0.436930
v 0.179873 0.159550 -0.400129
v 0.207832 0.159650 -0.373529
v 0.196542 0.137550 -0.399630
v 0.207832 0.159650 -0.373529
v 0.205372 0.176650 -0.364630
v 0.234972 0.184450 -0.330429
v 0.278553 0.521550 0.228071
v 0.202443 0.613350 0.268671
v 0.267343 0.368250 0.268270
v 0.258162 0.749450 0.176771
v 0.168182 0.687350 0.259972
v 0.194552 0.084750 -0.412628
v 0.163803 0.111950 -0.436930
v 0.181512 0.131150 -0.422329
v -0.102687 0.143850 0.448372
v -0.041488 0.094151 0.498072
v 0.001652 0.169450 0.448271
v 0.152253 0.173150 -0.412930
v 0.148303 0.155150 -0.432428
v 0.108932 0.168150 -0.431829
v -0.224288 0.129750 -0.366730
v -0.212038 0.168050 -0.364429
v -0.195698 0.158751 -0.381929
v -0.052547 0.545950 -0.340029
v -0.031918 0.571150 -0.343929
v -0.026338 0.538950 -0.355129
v 0.076532 0.545650 -0.319429
v 0.063492 0.575450 -0.315628
v 0.088162 0.560150 -0.291729
v -0.079947 0.576651 -0.292629
v -0.085167 0.551650 -0.300228
v -0.095347 0.562050 -0.284430
v -0.387638 0.484350 -0.190128
v -0.390858 0.394350 -0.196629
v -0.407018 0.476550 -0.124029
v -0.068748 -0.035450 0.553772
v -0.160108 -0.058350 0.543972
v -0.145338 -0.184649 0.626471
v 0.074573 0.146151 -0.434830
v 0.015482 0.112451 -0.433329
v 0.028963 0.165450 -0.424929
v -0.179048 0.143351 -0.417830
v -0.171638 0.132950 -0.427929
v -0.190487 0.112750 -0.414728
v 0.150823 0.221350 0.367271
v 0.156832 0.291150 0.323172
v 0.058362 0.280951 0.377071
v -0.159657 0.428650 -0.261229
v -0.150618 0.453051 -0.231428
v -0.141588 0.455350 -0.253630
v -0.130638 0.416550 -0.337429
v -0.093917 0.427950 -0.341429
v -0.120927 0.410050 -0.340729
v -0.001458 0.052051 -0.462729
v 0.077103 0.092751 -0.460129
v 0.096612 0.036950 -0.488628
v -0.379188 -0.172049 0.487572
v -0.572028 -0.289550 0.374571
v -0.344798 -0.210050 0.555172
v -0.640237 -0.210450 0.149771
v -0.610528 -0.241850 0.084070
v -0.643097 -0.230150 0.147772
v -0.617097 -0.257750 0.090271
v 0.085672 0.166750 0.436670
v 0.107223 0.073950 0.488871
v 0.140243 0.151051 0.411470
v 0.150823 0.221350 0.367271
v 0.001652 0.169450 0.448271
v 0.045012 0.101550 0.492771
v -0.196887 0.084450 -0.408529
v -0.190487 0.112750 -0.414728
v -0.164917 0.105750 -0.432329
v 0.146623 0.427550 -0.262529
v 0.146322 0.448350 -0.253630
v 0.165593 0.434950 -0.251629
v 0.148303 0.426351 -0.323029
v 0.133362 0.461150 -0.318428
v 0.163982 0.424951 -0.297730
v 0.246983 0.485650 -0.153029
v 0.235473 0.458651 -0.181829
v 0.205752 0.465950 -0.167929
v 0.097003 0.529450 -0.301430
v 0.089633 0.507650 -0.329229
v 0.076532 0.545650 -0.319429
v -0.200387 0.268750 0.300571
v -0.130708 0.221750 0.382071
v -0.079478 0.278050 0.373072
v -0.157418 0.033051 -0.463129
v -0.196887 0.084450 -0.408529
v -0.164917 0.105750 -0.432329
v 0.252472 0.175651 -0.331728
v 0.234363 0.128650 -0.357128
v 0.207832 0.159650 -0.373529
v 0.234363 0.128650 -0.357128
v 0.252472 0.175651 -0.331728
v 0.260852 0.131550 -0.333429
v 0.303342 0.213250 -0.298229
v 0.252472 0.175651 -0.331728
v 0.279973 0.204350 -0.310329
v 0.205752 0.465950 -0.167929
v 0.158843 0.453150 -0.190929
v 0.165742 0.470850 -0.177429
v -0.154948 0.423850 -0.313429
v -0.122128 0.462550 -0.327929
v -0.130638 0.416550 -0.337429
v 0.482812 -0.540350 0.200972
v 0.452272 -0.590549 0.269972
v 0.424562 -0.555950 0.200871
v 0.279973 0.204350 -0.310329
v 0.270382 0.226550 -0.302029
v 0.303342 0.213250 -0.298229
v 0.690322 -0.298950 0.248571
v 0.524222 -0.263150 0.396971
v 0.668582 -0.335450 0.293772
v 0.718343 -0.289350 0.203371
v 0.570023 -0.255549 0.332871
v -0.143648 0.171150 -0.421028
v -0.195698 0.158751 -0.381929
v -0.172708 0.184051 -0.396328
v 0.176562 0.183150 -0.393330
v 0.205372 0.176650 -0.364630
v 0.207832 0.159650 -0.373529
v -0.263978 0.140250 -0.327129
v -0.260178 0.174850 -0.323729
v -0.247568 0.165050 -0.335329
v 0.095253 0.223850 0.400572
v 0.085672 0.166750 0.436670
v 0.150823 0.221350 0.367271
v -0.066947 0.174050 0.436771
v -0.130708 0.221750 0.382071
v -0.138088 0.152650 0.407471
v -0.172708 0.184051 -0.396328
v -0.195698 0.158751 -0.381929
v -0.212038 0.168050 -0.364429
v 0.398242 0.450050 -0.147829
v 0.407932 0.383750 -0.116730
v 0.389143 0.386050 -0.211929
v -0.150618 0.453051 -0.231428
v -0.131008 0.479350 -0.232729
v -0.141588 0.455350 -0.253630
v -0.141307 0.460350 -0.198629
v -0.144477 0.474150 -0.186729
v -0.123477 0.474650 -0.202929
v -0.206637 0.510350 -0.137629
v -0.164398 0.491450 -0.164728
v -0.200488 0.468650 -0.165628
v -0.200488 0.468650 -0.165628
v -0.221717 0.476151 -0.154129
v -0.206637 0.510350 -0.137629
v -0.144487 0.115050 0.430271
v -0.157457 0.044650 0.453671
v -0.108458 0.062850 0.491371
v -0.068748 -0.035450 0.553772
v -0.121608 0.002050 0.506971
v 0.252472 0.175651 -0.331728
v 0.297022 0.157050 -0.309429
v 0.260852 0.131550 -0.333429
v 0.086612 0.329750 -0.271029
v 0.077842 0.317850 -0.284729
v 0.067092 0.325150 -0.275829
v -0.399338 0.569551 -0.071129
v -0.403378 0.524350 -0.153528
v -0.407018 0.476550 -0.124029
v -0.337388 0.539150 0.153372
v -0.304478 0.390150 0.239271
v -0.267268 0.631250 0.217670
v -0.333027 0.376350 0.204271
v -0.145338 -0.184649 0.626471
v -0.160108 -0.058350 0.543972
v -0.226677 -0.188050 0.617071
v 0.000612 0.212550 -0.441429
v 0.011922 0.227050 -0.422930
v 0.041512 0.220750 -0.437328
v 0.093792 0.217150 -0.415129
v 0.141732 0.194950 -0.407129
v 0.105592 0.201550 -0.426430
v 0.303342 0.213250 -0.298229
v 0.297022 0.157050 -0.309429
v 0.252472 0.175651 -0.331728
v -0.224288 0.129750 -0.366730
v -0.197408 0.133350 -0.397829
v -0.211408 0.100250 -0.383928
v -0.247568 0.165050 -0.335329
v -0.263978 0.140250 -0.327129
v -0.197408 0.133350 -0.397829
v -0.195698 0.158751 -0.381929
v -0.271708 0.176351 -0.316929
v -0.260178 0.174850 -0.323729
v -0.263978 0.140250 -0.327129
v -0.271708 0.176351 -0.316929
v -0.263978 0.140250 -0.327129
v -0.298388 0.155450 -0.304930
v -0.140337 -0.002850 0.479771
v -0.108458 0.062850 0.491371
v -0.157457 0.044650 0.453671
v -0.323627 0.324250 -0.319529
v -0.338768 0.273150 -0.284128
v -0.365938 0.354150 -0.287628
v -0.349557 0.385950 -0.310228
v -0.359337 0.405850 -0.278929
v -0.390858 0.394350 -0.196629
v -0.387547 0.309051 -0.228430
v -0.093917 0.427950 -0.341429
v -0.095218 0.416050 -0.343628
v -0.120927 0.410050 -0.340729
v 0.403112 0.529150 -0.146029
v 0.398522 0.576950 -0.079929
v 0.406453 0.467450 -0.065828
v 0.676402 -1.285550 0.258671
v 0.693452 -1.308850 0.298071
v 0.679132 -1.365149 0.247971
v 0.086612 0.329750 -0.271029
v 0.067092 0.325150 -0.275829
v 0.089983 0.348750 -0.253929
v -0.195878 0.185150 -0.356730
v -0.212038 0.168050 -0.364429
v -0.224348 0.184850 -0.337328
v -0.065477 0.324750 -0.276228
v -0.073227 0.316550 -0.286129
v -0.088267 0.332050 -0.270229
v -0.229318 0.412050 -0.291828
v -0.223778 0.413750 -0.250429
v -0.189857 0.413550 -0.261528
v -0.164398 0.491450 -0.164728
v -0.153118 0.521050 -0.155029
v -0.131217 0.517150 -0.177130
v 0.063492 0.575450 -0.315628
v 0.039562 0.590350 -0.331728
v 0.070723 0.609150 -0.299528
v 0.076532 0.545650 -0.319429
v 0.039562 0.590350 -0.331728
v -0.062868 0.595050 -0.307730
v -0.046567 0.634851 -0.306528
v -0.031918 0.571150 -0.343929
v 0.883262 -0.392449 -0.106829
v 0.834312 -0.366850 -0.147028
v 0.851152 -0.321350 -0.066729
v -0.088267 0.332050 -0.270229
v -0.085147 0.348150 -0.254528
v -0.065477 0.324750 -0.276228
v -0.313208 0.205050 -0.291929
v -0.271708 0.176351 -0.316929
v -0.298388 0.155450 -0.304930
v -0.322117 0.213150 -0.281328
v -0.305548 0.227850 -0.296228
v -0.315688 0.177950 -0.286228
v -0.313208 0.205050 -0.291929
v 0.234363 0.128650 -0.357128
v 0.196542 0.137550 -0.399630
v 0.207832 0.159650 -0.373529
v 0.314753 0.440750 -0.228828
v 0.275712 0.417550 -0.256029
v 0.286762 0.438050 -0.209629
v 0.315382 0.431650 -0.252829
v 0.336772 0.434751 -0.248030
v 0.315382 0.431650 -0.252829
v 0.344452 0.420550 -0.282429
v -0.093917 0.427950 -0.341429
v -0.067498 0.425651 -0.344929
v -0.095218 0.416050 -0.343628
v -0.288888 0.447850 -0.202330
v -0.242298 0.417250 -0.236029
v -0.266647 0.416250 -0.247829
v 0.050252 0.519550 -0.352129
v 0.048402 0.476350 -0.359228
v 0.028152 0.473150 -0.364929
v 0.074573 0.146151 -0.434830
v 0.077103 0.092751 -0.460129
v 0.015482 0.112451 -0.433329
v 0.015482 0.112451 -0.433329
v -0.043458 0.175150 -0.426128
v -0.019807 0.166150 -0.424330
v -0.047627 0.206950 -0.437529
v -0.043458 0.175150 -0.426128
v -0.113957 0.176650 -0.424129
v -0.111368 0.193850 -0.425829
v -0.082498 0.176250 -0.431629
v -0.313208 0.205050 -0.291929
v -0.284498 0.201950 -0.306528
v -0.271708 0.176351 -0.316929
v -0.284498 0.201950 -0.306528
v -0.260178 0.174850 -0.323729
v -0.271708 0.176351 -0.316929
v -0.046567 0.634851 -0.306528
v -0.062868 0.595050 -0.307730
v -0.082057 0.620650 -0.288929
v -0.229318 0.412050 -0.291828
v -0.255777 0.411850 -0.314329
v -0.268777 0.416750 -0.273129
v -0.184247 0.433950 -0.237728
v -0.169708 0.438350 -0.213028
v -0.150618 0.453051 -0.231428
v -0.068578 0.492351 -0.344830
v -0.070308 0.535050 -0.331530
v -0.040887 0.504150 -0.360930
v 0.406453 0.467450 -0.065828
v 0.394063 0.558050 -0.031128
v 0.356802 0.600650 0.096271
v 0.356622 0.640950 0.047371
v 0.524222 -0.263150 0.396971
v 0.446113 -0.194050 0.415472
v 0.441183 -0.228250 0.469271
v 0.516182 -0.306650 0.431871
v -0.323957 0.363550 -0.330929
v -0.365938 0.354150 -0.287628
v -0.349557 0.385950 -0.310228
v -0.323957 0.363550 -0.330929
v -0.340508 0.341150 -0.316729
v -0.300228 0.333150 -0.331629
v -0.323627 0.324250 -0.319529
v -0.323957 0.363550 -0.330929
v -0.285627 0.370950 -0.343229
v -0.323008 0.400750 -0.321030
v 0.071443 0.453950 -0.349628
v 0.077443 0.489850 -0.341528
v 0.106992 0.465950 -0.335829
v 0.252472 0.175651 -0.331728
v 0.234972 0.184450 -0.330429
v 0.253932 0.212450 -0.306229
v 0.209113 0.524550 -0.125830
v 0.194162 0.502151 -0.143330
v 0.173402 0.506351 -0.137829
v 0.077103 0.092751 -0.460129
v -0.001458 0.052051 -0.462729
v 0.015482 0.112451 -0.433329
v 0.406453 0.467450 -0.065828
v 0.398522 0.576950 -0.079929
v 0.394063 0.558050 -0.031128
v 0.170863 -0.199950 0.632471
v 0.237933 -0.188149 0.612072
v 0.072372 -0.119150 0.596771
v 0.130322 -1.128950 0.323771
v 0.248063 -1.203450 0.327372
v 0.134323 -1.175550 0.364370
v 0.147122 0.059350 0.460972
v 0.107223 0.073950 0.488871
v 0.088042 0.022250 0.517172
v 0.140243 0.151051 0.411470
v 0.005702 0.483951 -0.361029
v -0.007358 0.524651 -0.365028
v 0.024882 0.516050 -0.363730
v 0.032282 0.553550 -0.350628
v 0.024882 0.516050 -0.363730
v 0.247852 0.414250 -0.237728
v 0.286762 0.438050 -0.209629
v 0.275712 0.417550 -0.256029
v 0.247852 0.414250 -0.237728
v 0.237483 0.406250 -0.257729
v 0.201202 0.413750 -0.254028
v 0.237483 0.406250 -0.257729
v 0.229753 0.411450 -0.301329
v 0.275712 0.417550 -0.256029
v 0.253713 0.412050 -0.312529
v 0.349332 0.457050 -0.216629
v 0.336772 0.434751 -0.248030
v 0.314753 0.440750 -0.228828
v 0.278553 0.521550 0.228071
v 0.318042 0.368250 0.218571
v 0.326403 0.517150 0.171871
v -0.353998 0.407950 0.158071
v -0.337388 0.539150 0.153372
v -0.375318 0.578650 0.053270
v -0.251187 0.190850 -0.321730
v -0.284498 0.201950 -0.306528
v -0.262837 0.219851 -0.304230
v -0.305548 0.227850 -0.296228
v -0.292208 0.235850 -0.297230
v 0.342232 0.341250 -0.316528
v 0.315483 0.361850 -0.335228
v 0.368062 0.362750 -0.289530
v 0.324253 0.323150 -0.319630
v 0.294403 0.329150 -0.330429
v -0.094508 0.316950 -0.289728
v -0.088267 0.332050 -0.270229
v -0.073227 0.316550 -0.286129
v 0.234073 0.411150 -0.270929
v 0.199112 0.409250 -0.302429
v 0.165863 0.409650 -0.277229
v 0.089633 0.507650 -0.329229
v 0.077443 0.489850 -0.341528
v 0.050252 0.519550 -0.352129
v -0.085038 0.658550 -0.289629
v -0.035307 0.682350 -0.300530
v -0.046567 0.634851 -0.306528
v -0.099328 0.580650 0.326771
v -0.221968 0.571750 0.266071
v -0.159788 0.432050 0.327671
v -0.831007 -0.486950 -0.091629
v -0.761397 -0.503750 -0.044128
v -0.791758 -0.508349 -0.032429
v -0.702358 -0.507050 0.047472
v -0.791758 -0.508349 -0.032429
v 0.452272 -0.590549 0.269972
v 0.482812 -0.540350 0.200972
v 0.509092 -0.565550 0.251072
v -0.352067 0.430750 -0.237829
v -0.334397 0.476650 -0.204329
v -0.327837 0.441150 -0.228430
v -0.268698 0.459351 -0.191130
v -0.235308 0.486250 -0.146130
v -0.221717 0.476151 -0.154129
v -0.353998 0.407950 0.158071
v -0.333027 0.376350 0.204271
v -0.337388 0.539150 0.153372
v -0.221968 0.571750 0.266071
v -0.267268 0.631250 0.217670
v -0.251018 0.406550 0.278671
v -0.305548 0.227850 -0.296228
v -0.284498 0.201950 -0.306528
v -0.313208 0.205050 -0.291929
v -0.260178 0.174850 -0.323729
v -0.251187 0.190850 -0.321730
v -0.068918 0.462950 -0.349730
v -0.122128 0.462550 -0.327929
v -0.068578 0.492351 -0.344830
v 0.137053 0.462350 -0.198130
v 0.165742 0.470850 -0.177429
v 0.158843 0.453150 -0.190929
v 0.100012 0.544850 -0.292728
v 0.115343 0.533051 -0.267229
v 0.120253 0.501050 -0.302630
v -0.106868 0.522150 -0.296728
v -0.118728 0.501750 -0.302029
v -0.117368 0.513950 -0.273329
v -0.394078 0.243751 -0.195129
v -0.387547 0.309051 -0.228430
v -0.369078 0.199950 -0.243429
v -0.387547 0.309051 -0.228430
v -0.338768 0.273150 -0.284128
v 0.437333 -0.691750 0.305271
v 0.459723 -0.682950 0.427570
v 0.458343 -0.780450 0.300972
v 0.478922 -0.875150 0.439272
v 0.459723 -0.682950 0.427570
v 0.436213 -0.882050 0.548472
v 0.410223 -0.621050 0.552271
v 0.157212 -0.001450 0.469770
v 0.147122 0.059350 0.460972
v 0.088042 0.022250 0.517172
v 0.088042 0.022250 0.517172
v 0.103112 -0.055850 0.558571
v 0.207832 0.159650 -0.373529
v 0.234972 0.184450 -0.330429
v 0.252472 0.175651 -0.331728
v -0.179048 0.143351 -0.417830
v -0.195698 0.158751 -0.381929
v -0.143648 0.171150 -0.421028
v -0.043458 0.175150 -0.426128
v -0.105658 0.159451 -0.435028
v -0.082498 0.176250 -0.431629
v 0.210463 0.106650 -0.386829
v 0.196542 0.137550 -0.399630
v 0.234363 0.128650 -0.357128
v -0.336328 0.159950 -0.269129
v -0.322117 0.213150 -0.281328
v -0.315688 0.177950 -0.286228
v -0.179048 0.143351 -0.417830
v -0.190487 0.112750 -0.414728
v -0.197408 0.133350 -0.397829
v 0.038733 0.325550 -0.296330
v 0.067092 0.325150 -0.275829
v 0.077842 0.317850 -0.284729
v -0.266647 0.416250 -0.247829
v -0.223778 0.413750 -0.250429
v -0.229318 0.412050 -0.291828
v 0.215403 0.513950 -0.136829
v 0.194162 0.502151 -0.143330
v 0.209113 0.524550 -0.125830
v -0.013857 0.299150 0.377272
v 0.058362 0.280951 0.377071
v 0.070063 0.332951 0.363871
v 0.181512 0.131150 -0.422329
v 0.170423 0.154950 -0.417929
v 0.196542 0.137550 -0.399630
v 0.210463 0.106650 -0.386829
v 0.194552 0.084750 -0.412628
v 0.142442 0.666850 -0.285929
v 0.066933 0.681050 -0.294628
v 0.135932 0.697650 -0.281529
v -0.045348 0.351850 -0.265728
v -0.065477 0.324750 -0.276228
v -0.085147 0.348150 -0.254528
v -0.624457 -0.518250 0.067371
v -0.673748 -0.526350 0.129770
v -0.629288 -0.499650 0.075670
v -0.673748 -0.548349 0.127972
v -0.102687 0.143850 0.448372
v -0.138088 0.152650 0.407471
v -0.144487 0.115050 0.430271
v -0.108458 0.062850 0.491371
v -0.102687 0.143850 0.448372
v 0.148273 0.458150 -0.229830
v 0.146322 0.448350 -0.253630
v 0.128792 0.487050 -0.236029
v -0.390858 0.394350 -0.196629
v -0.387547 0.309051 -0.228430
v -0.394078 0.243751 -0.195129
v 0.005702 0.483951 -0.361029
v 0.011152 0.458651 -0.363529
v -0.027957 0.472050 -0.364729
v 0.156832 0.291150 0.323172
v 0.150823 0.221350 0.367271
v 0.209582 0.265850 0.294170
v 0.267343 0.368250 0.268270
v 0.209582 0.265850 0.294170
v 0.095253 0.223850 0.400572
v 0.058362 0.280951 0.377071
v 0.179873 0.159550 -0.400129
v 0.196542 0.137550 -0.399630
v 0.170423 0.154950 -0.417929
v 0.162912 0.496250 -0.162029
v 0.135733 0.502650 -0.181130
v 0.155892 0.534050 -0.149828
v 0.162912 0.496250 -0.162029
v 0.165742 0.470850 -0.177429
v -0.070308 0.535050 -0.331530
v -0.068578 0.492351 -0.344830
v -0.089878 0.518950 -0.320629
v 0.112072 0.451750 0.346371
v 0.202443 0.613350 0.268671
v 0.061983 0.545450 0.354872
v -0.113957 0.176650 -0.424129
v -0.131038 0.196150 -0.411928
v -0.111368 0.193850 -0.425829
v -0.065477 0.324750 -0.276228
v -0.033487 0.329350 -0.297129
v -0.073227 0.316550 -0.286129
v 0.046952 0.351850 -0.265728
v 0.067092 0.325150 -0.275829
v 0.038733 0.325550 -0.296330
v 0.398242 0.450050 -0.147829
v 0.403112 0.529150 -0.146029
v 0.406453 0.467450 -0.065828
v 0.407932 0.383750 -0.116730
v -0.099328 0.580650 0.326771
v -0.159788 0.432050 0.327671
v -0.044528 0.543950 0.356371
v -0.147858 0.693851 -0.278029
v -0.151068 0.659150 -0.282229
v -0.184537 0.660151 -0.254528
v -0.169508 0.505450 -0.137829
v -0.153118 0.521050 -0.155029
v -0.164398 0.491450 -0.164728
v 0.361463 0.404350 -0.279829
v 0.358162 0.422851 -0.247429
v 0.368062 0.362750 -0.289530
v 0.103152 0.417650 -0.343128
v 0.106992 0.465950 -0.335829
v 0.136222 0.411150 -0.336329
v 0.318042 0.368250 0.218571
v 0.278553 0.521550 0.228071
v 0.267343 0.368250 0.268270
v -0.421668 -0.621050 0.466171
v -0.424407 -0.679150 0.388170
v -0.419638 -0.695050 0.441771
v -0.439558 -0.809050 0.414970
v -0.298388 0.155450 -0.304930
v -0.315688 0.177950 -0.286228
v -0.313208 0.205050 -0.291929
v -0.179048 0.143351 -0.417830
v -0.197408 0.133350 -0.397829
v -0.195698 0.158751 -0.381929
v -0.169508 0.505450 -0.137829
v -0.206637 0.510350 -0.137629
v -0.204078 0.523850 -0.127129
v -0.085167 0.551650 -0.300228
v -0.079947 0.576651 -0.292629
v -0.070308 0.535050 -0.331530
v 0.403112 0.529150 -0.146029
v 0.403203 0.559850 -0.175829
v 0.398522 0.576950 -0.079929
v -0.423128 -1.004450 0.549172
v -0.363138 -0.728949 0.566271
v -0.446517 -0.936049 0.487270
v -0.527458 -1.107050 0.443771
v -0.446517 -0.936049 0.487270
v -0.478858 -0.979250 0.432171
v -0.526937 -1.063550 0.383772
v -0.397297 -0.737850 0.505671
v -0.439558 -0.809050 0.414970
v -0.421668 -0.621050 0.466171
v -0.419638 -0.695050 0.441771
v 0.063782 0.185950 -0.432928
v 0.074573 0.146151 -0.434830
v 0.028963 0.165450 -0.424929
v -0.033487 0.329350 -0.297129
v -0.065477 0.324750 -0.276228
v -0.045348 0.351850 -0.265728
v -0.147858 0.693851 -0.278029
v -0.125378 0.681150 -0.287129
v -0.151068 0.659150 -0.282229
v -0.255777 0.411850 -0.314329
v -0.309738 0.420650 -0.286629
v -0.268777 0.416750 -0.273129
v -0.390858 0.394350 -0.196629
v -0.394078 0.243751 -0.195129
v -0.399248 0.391951 -0.116329
v 0.179873 0.159550 -0.400129
v 0.170423 0.154950 -0.417929
v 0.152253 0.173150 -0.412930
v -0.309738 0.420650 -0.286629
v -0.327837 0.441150 -0.228430
v -0.304927 0.430750 -0.245829
v 0.071443 0.453950 -0.349628
v 0.106992 0.465950 -0.335829
v 0.103152 0.417650 -0.343128
v 0.391212 0.327650 -0.252428
v 0.402183 0.307850 -0.193329
v 0.390152 0.218451 -0.223028
v -0.659848 -1.275750 0.380072
v -0.690507 -1.298750 0.314371
v -0.686208 -1.364050 0.344271
v -0.651597 -1.229650 0.341171
v -0.690507 -1.298750 0.314371
v 0.196542 0.137550 -0.399630
v 0.210463 0.106650 -0.386829
v 0.181512 0.131150 -0.422329
v 0.133362 0.461150 -0.318428
v 0.151203 0.440650 -0.286728
v 0.163982 0.424951 -0.297730
v 0.136222 0.411150 -0.336329
v 0.163292 0.395150 -0.330429
v 0.139243 0.384650 -0.338329
v 0.229753 0.411450 -0.301329
v 0.253713 0.412050 -0.312529
v 0.250503 0.392950 -0.335428
v 0.275712 0.417550 -0.256029
v 0.234073 0.411150 -0.270929
v 0.356802 0.600650 0.096271
v 0.326403 0.517150 0.171871
v 0.360413 0.387550 0.133572
v -0.121608 0.002050 0.506971
v -0.160108 -0.058350 0.543972
v -0.068748 -0.035450 0.553772
v -0.206637 0.510350 -0.137629
v -0.221717 0.476151 -0.154129
v -0.235308 0.486250 -0.146130
v -0.400548 0.462151 -0.033428
v -0.399338 0.569551 -0.071129
v -0.407018 0.476550 -0.124029
v 0.413483 -0.756150 0.488072
v 0.441873 -0.949750 0.501270
v 0.456273 -0.890449 0.419571
v 0.677162 -0.550950 0.127670
v 0.623363 -0.525350 0.065472
v 0.678002 -0.527550 0.130671
v 0.628482 -0.506050 0.073872
v 0.210992 0.061851 -0.386229
v 0.210463 0.106650 -0.386829
v 0.263412 0.095750 -0.317329
v 0.136222 0.411150 -0.336329
v 0.139243 0.384650 -0.338329
v 0.103152 0.417650 -0.343128
v -0.054977 0.353050 0.368872
v -0.144797 0.309450 0.333971
v -0.079478 0.278050 0.373072
v -0.857987 -0.354549 -0.102030
v -0.860878 -0.348249 -0.030128
v -0.823587 -0.309950 -0.047428
v 0.276392 0.491750 -0.161428
v 0.235473 0.458651 -0.181829
v 0.246983 0.485650 -0.153029
v 0.235473 0.458651 -0.181829
v 0.286522 0.459750 -0.191929
v 0.048402 0.476350 -0.359228
v 0.050252 0.519550 -0.352129
v 0.077443 0.489850 -0.341528
v 0.278553 0.521550 0.228071
v 0.282632 0.649150 0.204370
v 0.202443 0.613350 0.268671
v -0.796847 -0.437950 -0.136129
v -0.831007 -0.486950 -0.091629
v -0.844078 -0.438849 -0.134129
v 0.210463 0.106650 -0.386829
v 0.234363 0.128650 -0.357128
v 0.263412 0.095750 -0.317329
v 0.097972 0.321050 -0.289530
v 0.077842 0.317850 -0.284729
v 0.086612 0.329750 -0.271029
v -0.324528 0.639350 -0.178429
v -0.319427 0.673350 -0.171728
v -0.309897 0.639851 -0.182228
v -0.400228 -0.587150 0.166571
v -0.374698 -0.689750 0.186571
v -0.484568 -0.603350 0.259972
v -0.441607 -0.699950 0.284571
v -0.263978 0.140250 -0.327129
v -0.224288 0.129750 -0.366730
v -0.236728 0.088350 -0.347429
v -0.040887 0.504150 -0.360930
v -0.068918 0.462950 -0.349730
v -0.068578 0.492351 -0.344830
v -0.307008 0.443450 -0.222029
v -0.288888 0.447850 -0.202330
v -0.266647 0.416250 -0.247829
v 0.286762 0.438050 -0.209629
v 0.286522 0.459750 -0.191929
v 0.321972 0.477650 -0.184830
v 0.406453 0.467450 -0.065828
v 0.356802 0.600650 0.096271
v 0.360413 0.387550 0.133572
v -0.192197 0.214850 0.318472
v -0.138088 0.152650 0.407471
v -0.130708 0.221750 0.382071
v 0.135733 0.502650 -0.181130
v 0.165742 0.470850 -0.177429
v 0.137053 0.462350 -0.198130
v 0.250143 0.327750 -0.331728
v 0.247872 0.364450 -0.340630
v 0.287952 0.367650 -0.343729
v 0.250503 0.392950 -0.335428
v 0.290802 0.402050 -0.325129
v -0.062868 0.595050 -0.307730
v -0.070308 0.535050 -0.331530
v -0.079947 0.576651 -0.292629
v 0.077443 0.489850 -0.341528
v 0.071443 0.453950 -0.349628
v 0.048402 0.476350 -0.359228
v 0.282632 0.649150 0.204370
v 0.278553 0.521550 0.228071
v 0.326403 0.517150 0.171871
v 0.279973 0.204350 -0.310329
v 0.252472 0.175651 -0.331728
v 0.253932 0.212450 -0.306229
v 0.199112 0.409250 -0.302429
v 0.234073 0.411150 -0.270929
v 0.229753 0.411450 -0.301329
v -0.110298 0.499050 -0.200230
v -0.123477 0.474650 -0.202929
v -0.144477 0.474150 -0.186729
v -0.144477 0.474150 -0.186729
v -0.131217 0.517150 -0.177130
v 0.392442 0.516251 -0.182529
v 0.403112 0.529150 -0.146029
v 0.398242 0.450050 -0.147829
v -0.007358 0.524651 -0.365028
v -0.027957 0.472050 -0.364729
v -0.040887 0.504150 -0.360930
v 0.390152 0.218451 -0.223028
v 0.402183 0.307850 -0.193329
v 0.397172 0.224850 -0.179829
v 0.112072 0.451750 0.346371
v 0.267343 0.368250 0.268270
v 0.202443 0.613350 0.268671
v 0.020153 0.537550 0.367071
v 0.061983 0.545450 0.354872
v -0.322117 0.213150 -0.281328
v -0.369078 0.199950 -0.243429
v -0.338768 0.273150 -0.284128
v -0.336328 0.159950 -0.269129
v 0.263412 0.095750 -0.317329
v 0.297022 0.157050 -0.309429
v 0.305673 0.122050 -0.275429
v 0.335342 0.178451 -0.281528
v 0.303342 0.213250 -0.298229
v 0.005702 0.483951 -0.361029
v 0.028152 0.473150 -0.364929
v 0.011152 0.458651 -0.363529
v -0.257828 0.659250 -0.212328
v -0.292218 0.695150 -0.187529
v -0.233898 0.689550 -0.226629
v -0.257828 0.659250 -0.212328
v -0.292168 0.675250 -0.194929
v 0.137053 0.462350 -0.198130
v 0.162292 0.438350 -0.212528
v 0.125443 0.477950 -0.217129
v 0.114382 0.488250 -0.204529
v 0.137053 0.462350 -0.198130
v 0.125443 0.477950 -0.217129
v -0.204328 0.051650 -0.395430
v -0.236728 0.088350 -0.347429
v -0.211408 0.100250 -0.383928
v -0.190487 0.112750 -0.414728
v -0.211408 0.100250 -0.383928
v -0.197408 0.133350 -0.397829
v -0.304927 0.430750 -0.245829
v -0.307008 0.443450 -0.222029
v -0.266647 0.416250 -0.247829
v -0.224288 0.129750 -0.366730
v -0.211408 0.100250 -0.383928
v -0.236728 0.088350 -0.347429
v -0.268777 0.416750 -0.273129
v -0.309738 0.420650 -0.286629
v -0.266647 0.416250 -0.247829
v -0.229318 0.412050 -0.291828
v -0.268777 0.416750 -0.273129
v 0.157873 0.421451 -0.264929
v 0.163982 0.424951 -0.297730
v 0.146623 0.427550 -0.262529
v -0.351007 0.495350 -0.196030
v -0.334397 0.476650 -0.204329
v -0.359158 0.484950 -0.199028
v 0.087772 -0.014950 -0.482328
v 0.158483 0.009050 -0.466528
v 0.106472 -0.049550 -0.446428
v -0.131217 0.517150 -0.177130
v -0.144477 0.474150 -0.186729
v -0.164398 0.491450 -0.164728
v -0.130638 0.416550 -0.337429
v -0.120927 0.410050 -0.340729
v -0.140707 0.377851 -0.336929
v -0.334397 0.476650 -0.204329
v -0.307008 0.443450 -0.222029
v -0.327837 0.441150 -0.228430
v 0.595613 -1.374750 0.201971
v 0.679132 -1.365149 0.247971
v 0.627802 -1.421550 0.235972
v 0.613992 -1.308249 0.201872
v 0.312343 -0.103849 0.521471
v 0.467942 -0.257450 0.504871
v 0.465872 -0.159750 0.387371
v 0.335342 0.178451 -0.281528
v 0.303342 0.213250 -0.298229
v 0.355513 0.259050 -0.277430
v -0.196887 0.084450 -0.408529
v -0.157418 0.033051 -0.463129
v -0.204328 0.051650 -0.395430
v -0.211408 0.100250 -0.383928
v -0.190487 0.112750 -0.414728
v 0.368062 0.362750 -0.289530
v 0.315483 0.361850 -0.335228
v 0.351552 0.386650 -0.309729
v -0.138088 0.152650 0.407471
v -0.102687 0.143850 0.448372
v -0.066947 0.174050 0.436771
v 0.147122 0.059350 0.460972
v 0.174902 0.083350 0.409971
v 0.140243 0.151051 0.411470
v -0.212038 0.168050 -0.364429
v -0.195878 0.185150 -0.356730
v -0.172708 0.184051 -0.396328
v -0.245237 0.360550 -0.341129
v -0.262378 0.393150 -0.336329
v -0.220717 0.388451 -0.333630
v 0.114382 0.488250 -0.204529
v 0.135733 0.502650 -0.181130
v 0.137053 0.462350 -0.198130
v 0.732812 -0.496250 0.195572
v 0.677162 -0.550950 0.127670
v 0.678002 -0.527550 0.130671
v 0.724293 -0.480550 0.187771
v 0.194552 0.084750 -0.412628
v 0.210992 0.061851 -0.386229
v 0.158483 0.009050 -0.466528
v -0.204328 0.051650 -0.395430
v -0.157418 0.033051 -0.463129
v -0.157578 -0.005350 -0.459728
v -0.079478 0.278050 0.373072
v -0.013857 0.299150 0.377272
v -0.054977 0.353050 0.368872
v -0.245237 0.360550 -0.341129
v -0.285627 0.370950 -0.343229
v -0.262378 0.393150 -0.336329
v -0.460938 -0.181849 0.393471
v -0.572028 -0.289550 0.374571
v -0.379188 -0.172049 0.487572
v 0.482812 -0.540350 0.200972
v 0.544003 -0.520750 0.166370
v 0.509092 -0.565550 0.251072
v 0.638682 -0.529150 0.163071
v 0.544003 -0.520750 0.166370
v 0.656272 -0.514850 0.105772
v -0.460938 -0.181849 0.393471
v -0.555957 -0.228950 0.324572
v -0.572028 -0.289550 0.374571
v 0.194552 0.084750 -0.412628
v 0.210463 0.106650 -0.386829
v 0.210992 0.061851 -0.386229
v 0.287952 0.367650 -0.343729
v 0.247872 0.364450 -0.340630
v 0.250503 0.392950 -0.335428
v 0.097003 0.529450 -0.301430
v 0.076532 0.545650 -0.319429
v 0.100012 0.544850 -0.292728
v -0.375318 0.578650 0.053270
v -0.400548 0.462151 -0.033428
v -0.353998 0.407950 0.158071
v -0.159788 0.432050 0.327671
v -0.251018 0.406550 0.278671
v -0.144797 0.309450 0.333971
v -0.221968 0.571750 0.266071
v -0.200387 0.268750 0.300571
v -0.304478 0.390150 0.239271
v -0.251018 0.406550 0.278671
v -0.267268 0.631250 0.217670
v -0.221968 0.571750 0.266071
v -0.222588 0.691850 0.228472
v 0.355513 0.259050 -0.277430
v 0.303342 0.213250 -0.298229
v 0.319983 0.267750 -0.295429
v 0.114382 0.488250 -0.204529
v 0.122802 0.524950 -0.180128
v 0.135733 0.502650 -0.181130
v 0.146193 0.542650 -0.163929
v 0.134132 0.480050 -0.283030
v 0.151203 0.440650 -0.286728
v 0.133362 0.461150 -0.318428
v 0.123252 0.491450 -0.264729
v 0.146322 0.448350 -0.253630
v 0.137433 0.447150 -0.266129
v -0.160108 -0.058350 0.543972
v -0.379188 -0.172049 0.487572
v -0.226677 -0.188050 0.617071
v -0.673748 -0.548349 0.127972
v -0.732748 -0.498650 0.197870
v -0.673748 -0.526350 0.129770
v -0.724078 -0.482450 0.189871
v -0.263978 0.140250 -0.327129
v -0.236728 0.088350 -0.347429
v -0.275517 0.104050 -0.303629
v 0.046952 0.351850 -0.265728
v 0.038733 0.325550 -0.296330
v 0.020272 0.355450 -0.305128
v 0.067092 0.325150 -0.275829
v 0.089983 0.348750 -0.253929
v -0.167997 0.455650 -0.184130
v -0.200488 0.468650 -0.165628
v -0.144477 0.474150 -0.186729
v -0.292208 0.235850 -0.297230
v -0.262837 0.219851 -0.304230
v -0.284498 0.201950 -0.306528
v 0.146623 0.427550 -0.262529
v 0.137433 0.447150 -0.266129
v 0.146322 0.448350 -0.253630
v 0.105592 0.201550 -0.426430
v 0.041512 0.220750 -0.437328
v 0.058503 0.221450 -0.421129
v 0.642413 -0.212950 0.151472
v 0.676302 -0.242249 0.187771
v 0.645153 -0.232550 0.149172
v 0.685333 -0.230550 0.202572
v -0.292208 0.235850 -0.297230
v -0.269748 0.250950 -0.296829
v -0.262837 0.219851 -0.304230
v -0.054977 0.353050 0.368872
v -0.044528 0.543950 0.356371
v -0.159788 0.432050 0.327671
v 0.125523 0.782550 -0.082729
v 0.081563 0.774550 -0.084929
v 0.046672 0.787850 -0.078629
v 0.368062 0.362750 -0.289530
v 0.333572 0.296950 -0.300730
v 0.324253 0.323150 -0.319630
v 0.355513 0.259050 -0.277430
v 0.333572 0.296950 -0.300730
v 0.091982 0.622350 -0.285130
v 0.142442 0.666850 -0.285929
v 0.113362 0.628551 -0.287829
v -0.054977 0.353050 0.368872
v -0.013857 0.299150 0.377272
v 0.020153 0.537550 0.367071
v 0.156832 0.291150 0.323172
v 0.070063 0.332951 0.363871
v 0.058362 0.280951 0.377071
v 0.200693 0.210150 0.309872
v 0.209582 0.265850 0.294170
v 0.150823 0.221350 0.367271
v 0.150823 0.221350 0.367271
v 0.140243 0.151051 0.411470
v -0.138088 0.152650 0.407471
v -0.192197 0.214850 0.318472
v -0.180128 0.121750 0.365070
v -0.141588 0.455350 -0.253630
v -0.131008 0.479350 -0.232729
v -0.122898 0.485550 -0.266529
v -0.292168 0.675250 -0.194929
v -0.309897 0.639851 -0.182228
v -0.319427 0.673350 -0.171728
v 0.321702 -0.184150 0.550871
v 0.191662 -0.069150 0.526772
v 0.237933 -0.188149 0.612072
v -0.204328 0.051650 -0.395430
v -0.211408 0.100250 -0.383928
v -0.196887 0.084450 -0.408529
v 0.134132 0.480050 -0.283030
v 0.120253 0.501050 -0.302630
v 0.123252 0.491450 -0.264729
v -0.157578 -0.005350 -0.459728
v -0.089568 -0.011750 -0.483929
v -0.091738 -0.044450 -0.454529
v -0.130638 0.416550 -0.337429
v -0.140707 0.377851 -0.336929
v -0.180017 0.363450 -0.330328
v -0.268698 0.459351 -0.191130
v -0.288888 0.447850 -0.202330
v -0.302708 0.490650 -0.177429
v 0.361922 0.476150 -0.201128
v 0.333492 0.474050 -0.203030
v 0.353572 0.503750 -0.191528
v 0.070182 0.201850 -0.437029
v 0.063782 0.185950 -0.432928
v 0.000612 0.212550 -0.441429
v -0.677788 -0.222050 0.194471
v -0.640237 -0.210450 0.149771
v -0.643097 -0.230150 0.147772
v -0.675968 -0.240350 0.186871
v 0.070182 0.201850 -0.437029
v 0.100213 0.179350 -0.429129
v 0.063782 0.185950 -0.432928
v 0.125443 0.477950 -0.217129
v 0.162292 0.438350 -0.212528
v 0.148273 0.458150 -0.229830
v 0.134132 0.480050 -0.283030
v 0.133362 0.461150 -0.318428
v 0.120253 0.501050 -0.302630
v 0.003333 -0.002850 -0.469728
v 0.087772 -0.014950 -0.482328
v 0.003742 -0.040450 -0.443230
v -0.860878 -0.348249 -0.030128
v -0.798188 -0.287350 0.068670
v -0.823587 -0.309950 -0.047428
v -0.555957 -0.228950 0.324572
v -0.621337 -0.252950 0.275171
v -0.572028 -0.289550 0.374571
v 0.191662 -0.069150 0.526772
v 0.157212 -0.001450 0.469770
v 0.103112 -0.055850 0.558571
v 0.237933 -0.188149 0.612072
v 0.191662 -0.069150 0.526772
v 0.506133 -0.206650 0.350971
v 0.446113 -0.194050 0.415472
v 0.524222 -0.263150 0.396971
v -0.200387 0.268750 0.300571
v -0.192197 0.214850 0.318472
v -0.130708 0.221750 0.382071
v 0.297022 0.157050 -0.309429
v 0.263412 0.095750 -0.317329
v 0.260852 0.131550 -0.333429
v 0.263412 0.095750 -0.317329
v 0.234363 0.128650 -0.357128
v 0.260852 0.131550 -0.333429
v -0.275517 0.104050 -0.303629
v -0.310587 0.122150 -0.265329
v -0.298388 0.155450 -0.304930
v -0.315688 0.177950 -0.286228
v -0.336328 0.159950 -0.269129
v 0.299522 0.245250 -0.300428
v 0.282642 0.265350 -0.304428
v 0.319983 0.267750 -0.295429
v -0.085038 0.658550 -0.289629
v -0.046567 0.634851 -0.306528
v -0.082057 0.620650 -0.288929
v -0.035307 0.682350 -0.300530
v 0.002462 0.643950 -0.325129
v 0.465872 -0.159750 0.387371
v 0.467942 -0.257450 0.504871
v 0.738462 -0.291050 0.237970
v 0.761562 -0.389550 0.231371
v 0.724293 -0.480550 0.187771
v 0.749452 -0.387150 0.219172
v 0.732812 -0.496250 0.195572
v -0.732748 -0.498650 0.197870
v -0.761358 -0.389749 0.233770
v -0.724078 -0.482450 0.189871
v -0.749127 -0.387150 0.221272
v 0.028152 0.473150 -0.364929
v 0.005702 0.483951 -0.361029
v 0.024882 0.516050 -0.363730
v 0.319983 0.267750 -0.295429
v 0.303342 0.213250 -0.298229
v 0.299522 0.245250 -0.300428
v -0.134238 0.451050 -0.265228
v -0.141588 0.455350 -0.253630
v -0.122898 0.485550 -0.266529
v -0.305548 0.227850 -0.296228
v -0.322117 0.213150 -0.281328
v -0.338768 0.273150 -0.284128
v 0.359822 0.449650 -0.199928
v 0.361922 0.476150 -0.201128
v 0.372373 0.460650 -0.174028
v -0.403378 0.524350 -0.153528
v -0.387638 0.484350 -0.190128
v -0.407018 0.476550 -0.124029
v 0.623363 -0.525350 0.065472
v 0.677162 -0.550950 0.127670
v 0.521553 -0.525550 0.132271
v 0.153132 0.363151 -0.332628
v 0.163292 0.395150 -0.330429
v 0.188673 0.394150 -0.328428
v 0.247872 0.364450 -0.340630
v 0.222413 0.391850 -0.330929
v 0.250503 0.392950 -0.335428
v -0.266647 0.416250 -0.247829
v -0.309738 0.420650 -0.286629
v -0.304927 0.430750 -0.245829
v -0.137618 0.461451 -0.305328
v -0.117368 0.513950 -0.273329
v -0.118728 0.501750 -0.302029
v -0.355678 0.342650 0.146271
v -0.353998 0.407950 0.158071
v -0.383227 0.422750 0.015671
v -0.168158 0.195250 -0.371929
v -0.172708 0.184051 -0.396328
v -0.195878 0.185150 -0.356730
v -0.127947 0.203650 -0.391329
v -0.172708 0.184051 -0.396328
v 0.234073 0.411150 -0.270929
v 0.201202 0.413750 -0.254028
v 0.237483 0.406250 -0.257729
v -0.390858 0.394350 -0.196629
v -0.399248 0.391951 -0.116329
v -0.407018 0.476550 -0.124029
v -0.352067 0.430750 -0.237829
v -0.359337 0.405850 -0.278929
v -0.365938 0.354150 -0.287628
v 0.304782 0.644250 -0.186729
v 0.293932 0.675050 -0.194828
v 0.322262 0.672950 -0.170729
v 0.070063 0.332951 0.363871
v 0.020153 0.537550 0.367071
v -0.013857 0.299150 0.377272
v -0.298388 0.155450 -0.304930
v -0.263978 0.140250 -0.327129
v -0.275517 0.104050 -0.303629
v 0.524222 -0.263150 0.396971
v 0.570023 -0.255549 0.332871
v 0.506133 -0.206650 0.350971
v 0.102762 0.564450 -0.273129
v 0.112002 0.565950 -0.254129
v 0.115343 0.533051 -0.267229
v 0.128792 0.487050 -0.236029
v 0.146322 0.448350 -0.253630
v 0.123252 0.491450 -0.264729
v -0.288888 0.447850 -0.202330
v -0.316808 0.479750 -0.188129
v -0.302708 0.490650 -0.177429
v -0.089568 -0.011750 -0.483929
v 0.003742 -0.040450 -0.443230
v -0.091738 -0.044450 -0.454529
v 0.003333 -0.002850 -0.469728
v 0.003742 -0.040450 -0.443230
v 0.376482 0.513451 -0.193729
v 0.392442 0.516251 -0.182529
v 0.361922 0.476150 -0.201128
v 0.403203 0.559850 -0.175829
v 0.391253 0.550450 -0.194029
v 0.115343 0.533051 -0.267229
v 0.100012 0.544850 -0.292728
v 0.102762 0.564450 -0.273129
v 0.044562 0.289350 -0.299229
v 0.077842 0.317850 -0.284729
v 0.081573 0.296350 -0.288128
v -0.144487 0.115050 0.430271
v -0.138088 0.152650 0.407471
v -0.180128 0.121750 0.365070
v 0.338422 0.147551 -0.237829
v 0.305673 0.122050 -0.275429
v 0.335342 0.178451 -0.281528
v 0.390152 0.218451 -0.223028
v 0.335342 0.178451 -0.281528
v 0.355513 0.259050 -0.277430
v 0.391212 0.327650 -0.252428
v 0.390152 0.218451 -0.223028
v 0.279973 0.204350 -0.310329
v 0.253932 0.212450 -0.306229
v 0.270382 0.226550 -0.302029
v 0.054692 0.636850 -0.303429
v 0.085543 0.658550 -0.289829
v 0.070723 0.609150 -0.299528
v -0.154948 0.423850 -0.313429
v -0.151547 0.436851 -0.288029
v -0.137618 0.461451 -0.305328
v -0.151547 0.436851 -0.288029
v -0.117368 0.513950 -0.273329
v -0.137618 0.461451 -0.305328
v 0.332253 -1.318749 0.362270
v 0.240122 -1.250450 0.379271
v 0.248063 -1.203450 0.327372
v 0.156832 0.291150 0.323172
v 0.112072 0.451750 0.346371
v 0.070063 0.332951 0.363871
v 0.020153 0.537550 0.367071
v 0.163292 0.395150 -0.330429
v 0.153132 0.363151 -0.332628
v 0.139243 0.384650 -0.338329
v 0.205752 0.465950 -0.167929
v 0.232342 0.479450 -0.142229
v 0.246983 0.485650 -0.153029
v 0.397172 0.224850 -0.179829
v 0.402183 0.307850 -0.193329
v 0.391882 0.257751 -0.131529
v 0.293932 0.421650 -0.269329
v 0.295702 0.416350 -0.304230
v 0.275712 0.417550 -0.256029
v 0.293932 0.421650 -0.269329
v 0.315382 0.431650 -0.252829
v -0.302708 0.490650 -0.177429
v -0.285058 0.498550 -0.160929
v -0.268698 0.459351 -0.191130
v -0.250577 0.327050 -0.330229
v -0.282827 0.283650 -0.311829
v -0.299608 0.287050 -0.306028
v 0.209582 0.265850 0.294170
v 0.200693 0.210150 0.309872
v 0.255743 0.226650 0.239872
v -0.416168 -0.750649 0.308870
v -0.424407 -0.679150 0.388170
v -0.414638 -0.651150 0.315870
v -0.047508 0.295150 -0.298729
v -0.073227 0.316550 -0.286129
v -0.033487 0.329350 -0.297129
v 0.141732 0.194950 -0.407129
v 0.179883 0.192550 -0.362329
v 0.176562 0.183150 -0.393330
v 0.205372 0.176650 -0.364630
v 0.141732 0.194950 -0.407129
v 0.126933 0.203751 -0.392828
v 0.237483 0.406250 -0.257729
v 0.275712 0.417550 -0.256029
v 0.234073 0.411150 -0.270929
v 0.293932 0.421650 -0.269329
v 0.315382 0.431650 -0.252829
v 0.314753 0.440750 -0.228828
v 0.275712 0.417550 -0.256029
v 0.063492 0.575450 -0.315628
v 0.070723 0.609150 -0.299528
v 0.088162 0.560150 -0.291729
v -0.400807 0.561450 -0.178829
v -0.394867 0.525250 -0.189030
v -0.403378 0.524350 -0.153528
v -0.387638 0.484350 -0.190128
v 0.360413 0.387550 0.133572
v 0.346592 0.311750 0.125872
v 0.387123 0.382150 -0.011528
v 0.326403 0.517150 0.171871
v 0.318042 0.368250 0.218571
v -0.054977 0.353050 0.368872
v -0.159788 0.432050 0.327671
v -0.144797 0.309450 0.333971
v 0.497653 -1.113850 0.485472
v 0.607002 -1.238950 0.418272
v 0.546853 -1.107250 0.406771
v 0.497653 -1.113850 0.485472
v 0.535722 -1.232250 0.472471
v -0.047508 0.295150 -0.298729
v -0.033487 0.329350 -0.297129
v -0.013008 0.317550 -0.304529
v 0.222413 0.391850 -0.330929
v 0.186963 0.355150 -0.331028
v 0.188673 0.394150 -0.328428
v -0.407018 0.476550 -0.124029
v -0.399248 0.391951 -0.116329
v -0.400548 0.462151 -0.033428
v -0.457198 -0.253350 0.515671
v -0.561317 -0.190949 0.318670
v -0.653488 -0.280950 0.336172
v -0.346958 -0.099750 0.440271
v -0.076337 0.196450 -0.437229
v -0.043458 0.175150 -0.426128
v -0.082498 0.176250 -0.431629
v -0.121608 0.002050 0.506971
v -0.108458 0.062850 0.491371
v -0.140337 -0.002850 0.479771
v 0.228242 0.361051 -0.332829
v 0.186963 0.355150 -0.331028
v 0.222413 0.391850 -0.330929
v -0.019807 0.166150 -0.424330
v -0.047627 0.206950 -0.437529
v 0.000612 0.212550 -0.441429
v 0.147122 0.059350 0.460972
v 0.157212 -0.001450 0.469770
v 0.174902 0.083350 0.409971
v 0.157212 -0.001450 0.469770
v 0.181023 0.023550 0.406971
v 0.334093 0.484651 -0.184729
v 0.286522 0.459750 -0.191929
v 0.315542 0.512050 -0.172428
v -0.370587 0.473350 -0.199629
v -0.359158 0.484950 -0.199028
v -0.334397 0.476650 -0.204329
v -0.068918 0.462950 -0.349730
v -0.040887 0.504150 -0.360930
v -0.027957 0.472050 -0.364729
v 0.002273 -1.131150 0.327372
v 0.049452 -1.076750 0.289772
v 0.130322 -1.128950 0.323771
v 0.002273 -1.131150 0.327372
v -0.031178 -1.026550 0.261671
v -0.127947 0.203650 -0.391329
v -0.131038 0.196150 -0.411928
v -0.172708 0.184051 -0.396328
v -0.285058 0.498550 -0.160929
v -0.235308 0.486250 -0.146130
v -0.268698 0.459351 -0.191130
v 0.156832 0.291150 0.323172
v 0.267343 0.368250 0.268270
v 0.112072 0.451750 0.346371
v 0.437462 -0.766049 0.406071
v 0.428113 -0.742350 0.337771
v 0.430343 -0.650350 0.397772
v 0.441873 -0.949750 0.501270
v 0.497653 -1.113850 0.485472
v 0.482082 -1.004950 0.450472
v 0.851152 -0.321350 -0.066729
v 0.803182 -0.288850 0.028770
v 0.864172 -0.337350 -0.036629
v -0.226677 -0.188050 0.617071
v -0.379188 -0.172049 0.487572
v -0.344798 -0.210050 0.555172
v -0.019807 0.166150 -0.424330
v 0.000612 0.212550 -0.441429
v 0.063782 0.185950 -0.432928
v 0.063782 0.185950 -0.432928
v 0.028963 0.165450 -0.424929
v -0.019807 0.166150 -0.424330
v 0.013913 0.316650 -0.303728
v 0.038733 0.325550 -0.296330
v 0.044562 0.289350 -0.299229
v 0.158483 0.009050 -0.466528
v 0.201252 0.027451 -0.374329
v 0.172913 -0.004849 -0.435629
v -0.043458 0.175150 -0.426128
v -0.076337 0.196450 -0.437229
v -0.047627 0.206950 -0.437529
v -0.222378 0.545450 -0.130529
v -0.260178 0.513150 -0.138529
v -0.257428 0.553350 -0.124029
v 0.142442 0.666850 -0.285929
v 0.137712 0.648650 -0.287230
v 0.113362 0.628551 -0.287829
v -0.275928 -0.928050 0.241871
v -0.118288 -0.841650 0.157772
v -0.071757 -0.953250 0.223572
v 0.077842 0.317850 -0.284729
v 0.044562 0.289350 -0.299229
v 0.038733 0.325550 -0.296330
v -0.180128 0.121750 0.365070
v -0.157457 0.044650 0.453671
v -0.144487 0.115050 0.430271
v -0.192197 0.214850 0.318472
v -0.226367 0.163350 0.260771
v 0.101772 0.588750 -0.278229
v 0.088162 0.560150 -0.291729
v 0.070723 0.609150 -0.299528
v 0.407932 0.383750 -0.116730
v 0.391882 0.257751 -0.131529
v 0.402183 0.307850 -0.193329
v 0.291273 -0.930150 0.247171
v 0.054382 -0.966650 0.228272
v 0.183002 -0.781350 0.130072
v 0.200092 -0.027750 0.418772
v 0.181023 0.023550 0.406971
v 0.157212 -0.001450 0.469770
v 0.097972 0.321050 -0.289530
v 0.086612 0.329750 -0.271029
v 0.089983 0.348750 -0.253929
v 0.259782 0.519250 -0.136129
v 0.223662 0.546550 -0.130730
v 0.262872 0.549850 -0.124929
v 0.003742 -0.040450 -0.443230
v 0.064463 -0.068950 -0.414429
v -0.083057 -0.066150 -0.419430
v -0.439558 -0.809050 0.414970
v -0.478858 -0.979250 0.432171
v -0.446517 -0.936049 0.487270
v -0.131038 0.196150 -0.411928
v -0.127947 0.203650 -0.391329
v -0.082478 0.219450 -0.420429
v 0.189103 0.693151 -0.253729
v 0.256073 0.674350 -0.214230
v 0.233353 0.656550 -0.223028
v 0.230642 0.705151 -0.223330
v 0.256073 0.674350 -0.214230
v 0.005702 0.483951 -0.361029
v -0.027957 0.472050 -0.364729
v -0.007358 0.524651 -0.365028
v 0.139563 -0.926050 0.174172
v 0.248122 -0.834249 0.143971
v 0.348823 -0.918350 0.215172
v 0.140243 0.151051 0.411470
v 0.191372 0.134050 0.334171
v 0.200693 0.210150 0.309872
v 0.255743 0.226650 0.239872
v 0.218452 0.158150 0.278471
v -0.220717 0.388451 -0.333630
v -0.191728 0.390150 -0.330229
v -0.180017 0.363450 -0.330328
v -0.338768 0.273150 -0.284128
v -0.387547 0.309051 -0.228430
v -0.365938 0.354150 -0.287628
v 0.508953 -1.004149 0.541771
v 0.370122 -0.897250 0.643671
v 0.426813 -1.018950 0.638170
v 0.436213 -0.882050 0.548472
v -0.288208 0.254550 -0.299830
v -0.305548 0.227850 -0.296228
v -0.320427 0.273951 -0.295929
v 0.229113 0.491550 -0.142630
v 0.232342 0.479450 -0.142229
v 0.205752 0.465950 -0.167929
v -0.200387 0.268750 0.300571
v -0.144797 0.309450 0.333971
v -0.251018 0.406550 0.278671
v 0.546853 -1.107250 0.406771
v 0.482082 -1.004950 0.450472
v 0.497653 -1.113850 0.485472
v 0.140243 0.151051 0.411470
v 0.188142 0.093250 0.365871
v 0.191372 0.134050 0.334171
v 0.181023 0.023550 0.406971
v 0.174902 0.083350 0.409971
v -0.390128 0.509350 -0.197229
v -0.387638 0.484350 -0.190128
v -0.394867 0.525250 -0.189030
v 0.387123 0.382150 -0.011528
v 0.407932 0.383750 -0.116730
v 0.406453 0.467450 -0.065828
v -0.673748 -0.548349 0.127972
v -0.624457 -0.518250 0.067371
v -0.512527 -0.520350 0.139271
v 0.315483 0.361850 -0.335228
v 0.342232 0.341250 -0.316528
v 0.324253 0.323150 -0.319630
v 0.360413 0.387550 0.133572
v 0.387123 0.382150 -0.011528
v 0.406453 0.467450 -0.065828
v 0.004512 0.357350 -0.322029
v -0.015488 0.353550 -0.311729
v 0.010713 0.376750 -0.322529
v -0.029337 -0.970449 0.192871
v -0.310858 -0.911750 0.201370
v -0.035768 -0.735050 0.049671
v -0.035768 -0.735050 0.049671
v 0.139563 -0.926050 0.174172
v 0.096992 -0.720449 0.047171
v 0.441183 -0.228250 0.469271
v 0.446113 -0.194050 0.415472
v 0.337102 -0.134550 0.466671
v 0.299522 0.245250 -0.300428
v 0.270382 0.226550 -0.302029
v 0.268212 0.255750 -0.295729
v 0.386003 -0.628150 0.232672
v 0.441352 -0.622849 0.338972
v 0.386672 -0.710250 0.261271
v -0.179277 0.003650 0.417070
v -0.140337 -0.002850 0.479771
v -0.157457 0.044650 0.453671
v -0.180128 0.121750 0.365070
v -0.157457 0.044650 0.453671
v 0.215262 0.004650 0.322771
v 0.210543 0.055850 0.294771
v 0.190322 0.022450 0.352571
v -0.323957 0.363550 -0.330929
v -0.323627 0.324250 -0.319529
v -0.340508 0.341150 -0.316729
v -0.193388 0.698650 -0.248030
v -0.147858 0.693851 -0.278029
v -0.184537 0.660151 -0.254528
v 0.524222 -0.263150 0.396971
v 0.690322 -0.298950 0.248571
v 0.570023 -0.255549 0.332871
v -0.207767 0.041950 0.300072
v -0.201468 0.089951 0.297771
v -0.227858 0.111051 0.247271
v -0.165567 0.409451 -0.321928
v -0.180017 0.363450 -0.330328
v -0.191728 0.390150 -0.330229
v 0.194162 0.502151 -0.143330
v 0.215403 0.513950 -0.136829
v 0.229113 0.491550 -0.142630
v -0.724448 -0.290150 0.221472
v -0.749127 -0.387150 0.221272
v -0.761358 -0.389749 0.233770
v -0.733168 -0.278850 0.233971
v -0.305548 0.227850 -0.296228
v -0.338768 0.273150 -0.284128
v -0.320427 0.273951 -0.295929
v -0.323627 0.324250 -0.319529
v -0.119008 0.540150 -0.181528
v -0.110298 0.499050 -0.200230
v -0.131217 0.517150 -0.177130
v -0.256428 0.224350 0.236372
v -0.226367 0.163350 0.260771
v -0.192197 0.214850 0.318472
v -0.256428 0.224350 0.236372
v -0.200387 0.268750 0.300571
v 0.318042 0.368250 0.218571
v 0.310613 0.297250 0.214071
v 0.360413 0.387550 0.133572
v 0.191662 -0.069150 0.526772
v 0.321702 -0.184150 0.550871
v 0.337102 -0.134550 0.466671
v 0.441183 -0.228250 0.469271
v 0.321702 -0.184150 0.550871
v -0.457198 -0.253350 0.515671
v -0.303838 -0.105450 0.530571
v -0.346958 -0.099750 0.440271
v -0.441607 -0.699950 0.284571
v -0.475548 -0.862050 0.434872
v -0.453578 -0.682850 0.426271
v 0.188142 0.093250 0.365871
v 0.140243 0.151051 0.411470
v 0.174902 0.083350 0.409971
v -0.224348 0.184850 -0.337328
v -0.251187 0.190850 -0.321730
v -0.235608 0.199250 -0.303329
v 0.106472 -0.049550 -0.446428
v 0.158483 0.009050 -0.466528
v 0.172913 -0.004849 -0.435629
v 0.478922 -0.875150 0.439272
v 0.474062 -0.884749 0.301071
v 0.458343 -0.780450 0.300972
v 0.321972 0.477650 -0.184830
v 0.334093 0.484651 -0.184729
v 0.333492 0.474050 -0.203030
v -0.096978 0.593350 -0.282229
v -0.079947 0.576651 -0.292629
v -0.095347 0.562050 -0.284430
v 0.318042 0.368250 0.218571
v 0.267343 0.368250 0.268270
v 0.310613 0.297250 0.214071
v -0.071757 -0.953250 0.223572
v -0.035068 -0.740450 0.088171
v 0.077982 -0.821950 0.140371
v -0.831007 -0.486950 -0.091629
v -0.796847 -0.437950 -0.136129
v -0.782157 -0.463050 -0.108829
v -0.031178 -1.026550 0.261671
v 0.002273 -1.131150 0.327372
v -0.109787 -1.075350 0.291472
v 0.200693 0.210150 0.309872
v 0.191372 0.134050 0.334171
v 0.218452 0.158150 0.278471
v 0.335342 0.178451 -0.281528
v 0.305673 0.122050 -0.275429
v 0.297022 0.157050 -0.309429
v 0.087772 -0.014950 -0.482328
v 0.106472 -0.049550 -0.446428
v 0.003742 -0.040450 -0.443230
v 0.270382 0.226550 -0.302029
v 0.299522 0.245250 -0.300428
v 0.303342 0.213250 -0.298229
v -0.839057 -0.368649 -0.137529
v -0.805287 -0.346849 -0.143728
v -0.796698 -0.380450 -0.153528
v -0.217577 -1.227050 0.364370
v -0.298007 -1.192450 0.300072
v -0.155457 -1.104050 0.304571
v -0.110298 0.499050 -0.200230
v -0.119008 0.540150 -0.181528
v -0.103598 0.536150 -0.196928
v -0.071757 -0.953250 0.223572
v -0.118288 -0.841650 0.157772
v -0.035068 -0.740450 0.088171
v -0.617417 -1.326050 0.201370
v -0.637067 -1.391550 0.222471
v -0.668357 -1.309550 0.238972
v 0.114382 0.488250 -0.204529
v 0.107482 0.526550 -0.200529
v 0.122802 0.524950 -0.180128
v -0.150618 0.453051 -0.231428
v -0.123477 0.474650 -0.202929
v -0.131008 0.479350 -0.232729
v 0.259782 0.519250 -0.136129
v 0.276392 0.491750 -0.161428
v 0.229113 0.491550 -0.142630
v -0.118288 -0.841650 0.157772
v -0.275928 -0.928050 0.241871
v -0.137507 -0.727150 0.092472
v -0.195357 -0.034650 0.444071
v -0.140337 -0.002850 0.479771
v -0.179277 0.003650 0.417070
v 0.210992 0.061851 -0.386229
v 0.263412 0.095750 -0.317329
v 0.201252 0.027451 -0.374329
v -0.673697 -0.286150 0.262671
v -0.710197 -0.268550 0.176870
v -0.780998 -0.293449 0.113371
v 0.724202 -0.291250 0.221571
v 0.685333 -0.230550 0.202572
v 0.738462 -0.291050 0.237970
v 0.676302 -0.242249 0.187771
v -0.285058 0.498550 -0.160929
v -0.260178 0.513150 -0.138529
v -0.244527 0.498050 -0.142328
v -0.096978 0.593350 -0.282229
v -0.082057 0.620650 -0.288929
v -0.062868 0.595050 -0.307730
v -0.079947 0.576651 -0.292629
v 0.407932 0.383750 -0.116730
v 0.387123 0.382150 -0.011528
v 0.391882 0.257751 -0.131529
v -0.337207 -0.626250 0.175272
v -0.376848 -0.701950 0.249971
v -0.397377 -0.599550 0.214972
v -0.621337 -0.252950 0.275171
v -0.673697 -0.286150 0.262671
v -0.572028 -0.289550 0.374571
v -0.194747 0.036150 0.330570
v -0.201468 0.089951 0.297771
v -0.207767 0.041950 0.300072
v -0.166917 0.533450 -0.132629
v -0.153118 0.521050 -0.155029
v -0.169508 0.505450 -0.137829
v 0.185613 0.313050 -0.321829
v 0.153132 0.363151 -0.332628
v 0.186963 0.355150 -0.331028
v 0.188673 0.394150 -0.328428
v -0.304478 0.390150 0.239271
v -0.333027 0.376350 0.204271
v -0.301678 0.286150 0.218472
v -0.048918 0.217350 -0.417130
v -0.067368 0.215750 -0.431629
v -0.082478 0.219450 -0.420429
v 0.177262 0.187050 -0.342730
v 0.213912 0.186851 -0.322828
v 0.205372 0.176650 -0.364630
v -0.160148 -0.041050 -0.409328
v -0.157578 -0.005350 -0.459728
v -0.091738 -0.044450 -0.454529
v -0.691648 -1.367550 0.275072
v -0.690507 -1.298750 0.314371
v -0.668357 -1.309550 0.238972
v 0.048402 0.476350 -0.359228
v 0.071443 0.453950 -0.349628
v 0.028152 0.473150 -0.364929
v -0.200387 0.268750 0.300571
v -0.304478 0.390150 0.239271
v -0.301678 0.286150 0.218472
v -0.079478 0.278050 0.373072
v -0.144797 0.309450 0.333971
v -0.220808 -0.008150 0.279072
v -0.194747 0.036150 0.330570
v -0.207767 0.041950 0.300072
v -0.316808 0.479750 -0.188129
v -0.334397 0.476650 -0.204329
v -0.351007 0.495350 -0.196030
v 0.403112 0.529150 -0.146029
v 0.392442 0.516251 -0.182529
v 0.403203 0.559850 -0.175829
v 0.638682 -0.529150 0.163071
v 0.509092 -0.565550 0.251072
v 0.544003 -0.520750 0.166370
v -0.653488 -0.280950 0.336172
v -0.677788 -0.222050 0.194471
v -0.733168 -0.278850 0.233971
v -0.561317 -0.190949 0.318670
v 0.071443 0.453950 -0.349628
v 0.103152 0.417650 -0.343128
v 0.070312 0.432750 -0.347229
v 0.148273 0.458150 -0.229830
v 0.162292 0.438350 -0.212528
v 0.177552 0.436750 -0.225029
v 0.333492 0.474050 -0.203030
v 0.314753 0.440750 -0.228828
v 0.286762 0.438050 -0.209629
v -0.288888 0.447850 -0.202330
v -0.307008 0.443450 -0.222029
v -0.316808 0.479750 -0.188129
v -0.334397 0.476650 -0.204329
v -0.316808 0.479750 -0.188129
v 0.034352 0.442850 -0.357328
v 0.071443 0.453950 -0.349628
v 0.070312 0.432750 -0.347229
v 0.183002 -0.781350 0.130072
v 0.054382 -0.966650 0.228272
v 0.077982 -0.821950 0.140371
v 0.183002 -0.781350 0.130072
v 0.083912 -0.673750 0.057871
v 0.738462 -0.291050 0.237970
v 0.685333 -0.230550 0.202572
v 0.465872 -0.159750 0.387371
v 0.189103 0.693151 -0.253729
v 0.233353 0.656550 -0.223028
v 0.185272 0.660950 -0.255228
v -0.733168 -0.278850 0.233971
v -0.677788 -0.222050 0.194471
v -0.675968 -0.240350 0.186871
v -0.724448 -0.290150 0.221472
v 0.620822 -0.238150 0.205172
v 0.506133 -0.206650 0.350971
v 0.570023 -0.255549 0.332871
v 0.224873 0.093451 0.254070
v 0.191372 0.134050 0.334171
v 0.190322 0.022450 0.352571
v 0.234972 0.184450 -0.330429
v 0.213912 0.186851 -0.322828
v 0.234102 0.196250 -0.299829
v -0.071757 -0.953250 0.223572
v 0.077982 -0.821950 0.140371
v 0.054382 -0.966650 0.228272
v -0.035068 -0.740450 0.088171
v -0.118288 -0.841650 0.157772
v -0.137507 -0.727150 0.092472
v -0.235308 0.486250 -0.146130
v -0.244527 0.498050 -0.142328
v -0.206637 0.510350 -0.137629
v 0.142442 0.666850 -0.285929
v 0.189103 0.693151 -0.253729
v 0.185272 0.660950 -0.255228
v -0.475508 -0.883550 0.301571
v -0.475548 -0.862050 0.434872
v -0.441607 -0.699950 0.284571
v 0.157702 0.514450 -0.146229
v 0.174932 0.539450 -0.130329
v 0.173402 0.506351 -0.137829
v -0.235308 0.486250 -0.146130
v -0.285058 0.498550 -0.160929
v -0.244527 0.498050 -0.142328
v -0.310858 -0.911750 0.201370
v -0.095878 -0.720850 0.046871
v -0.035768 -0.735050 0.049671
v -0.252657 -0.704450 0.091171
v 0.096992 -0.720449 0.047171
v 0.248122 -0.834249 0.143971
v 0.139563 -0.926050 0.174172
v 0.255322 -0.704550 0.089571
v 0.224873 0.093451 0.254070
v 0.218452 0.158150 0.278471
v 0.191372 0.134050 0.334171
v -0.299608 0.287050 -0.306028
v -0.282827 0.283650 -0.311829
v -0.288208 0.254550 -0.299830
v -0.067498 0.425651 -0.344929
v -0.093917 0.427950 -0.341429
v -0.068918 0.462950 -0.349730
v 0.209582 0.265850 0.294170
v 0.310613 0.297250 0.214071
v 0.267343 0.368250 0.268270
v -0.424407 -0.679150 0.388170
v -0.416168 -0.750649 0.308870
v -0.439558 -0.809050 0.414970
v -0.208067 0.348150 -0.329128
v -0.220717 0.388451 -0.333630
v -0.180017 0.363450 -0.330328
v -0.068918 0.462950 -0.349730
v -0.027957 0.472050 -0.364729
v -0.067498 0.425651 -0.344929
v 0.287142 -1.207950 0.307572
v 0.332253 -1.318749 0.362270
v 0.248063 -1.203450 0.327372
v 0.093792 0.217150 -0.415129
v 0.126933 0.203751 -0.392828
v 0.141732 0.194950 -0.407129
v 0.210543 0.055850 0.294771
v 0.224873 0.093451 0.254070
v 0.190322 0.022450 0.352571
v 0.211533 -0.036050 0.385172
v 0.255033 -0.075250 0.325670
v 0.215262 0.004650 0.322771
v 0.185613 0.313050 -0.321829
v 0.186963 0.355150 -0.331028
v 0.203642 0.324350 -0.318930
v 0.333572 0.296950 -0.300730
v 0.319983 0.267750 -0.295429
v 0.324253 0.323150 -0.319630
v -0.176888 0.307750 -0.320629
v -0.201757 0.318350 -0.318230
v -0.180017 0.363450 -0.330328
v 0.101772 0.588750 -0.278229
v 0.070723 0.609150 -0.299528
v 0.091982 0.622350 -0.285130
v 0.360413 0.387550 0.133572
v 0.310613 0.297250 0.214071
v 0.346592 0.311750 0.125872
v -0.560518 -1.350850 0.196272
v -0.578378 -1.406450 0.217671
v -0.637067 -1.391550 0.222471
v -0.617417 -1.326050 0.201370
v 0.441873 -0.949750 0.501270
v 0.482082 -1.004950 0.450472
v 0.456273 -0.890449 0.419571
v -0.275517 0.104050 -0.303629
v -0.236728 0.088350 -0.347429
v -0.237617 0.055750 -0.312729
v 0.218452 0.158150 0.278471
v 0.224873 0.093451 0.254070
v 0.237183 0.130651 0.224670
v -0.288208 0.254550 -0.299830
v -0.320427 0.273951 -0.295929
v -0.299608 0.287050 -0.306028
v 0.025192 0.327550 -0.302528
v 0.020272 0.355450 -0.305128
v 0.038733 0.325550 -0.296330
v -0.796698 -0.380450 -0.153528
v -0.796847 -0.437950 -0.136129
v -0.844078 -0.438849 -0.134129
v 0.319983 0.267750 -0.295429
v 0.333572 0.296950 -0.300730
v 0.355513 0.259050 -0.277430
v 0.321972 0.477650 -0.184830
v 0.333492 0.474050 -0.203030
v 0.286762 0.438050 -0.209629
v 0.201252 0.027451 -0.374329
v 0.158483 0.009050 -0.466528
v 0.210992 0.061851 -0.386229
v 0.294403 0.329150 -0.330429
v 0.287952 0.367650 -0.343729
v 0.315483 0.361850 -0.335228
v -0.122898 0.485550 -0.266529
v -0.131008 0.479350 -0.232729
v -0.120418 0.511950 -0.244329
v 0.424562 -0.555950 0.200871
v 0.386003 -0.628150 0.232672
v 0.342692 -0.560750 0.158371
v 0.394403 -0.490450 0.152971
v 0.424562 -0.555950 0.200871
v -0.300168 -1.262250 0.329472
v -0.520338 -1.415250 0.242571
v -0.460547 -1.322350 0.227371
v -0.448997 -1.395050 0.303572
v -0.520338 -1.415250 0.242571
v 0.223662 0.546550 -0.130730
v 0.205012 0.567750 -0.133829
v 0.232062 0.597850 -0.119728
v 0.209113 0.524550 -0.125830
v 0.173402 0.506351 -0.137829
v 0.174932 0.539450 -0.130329
v -0.400548 0.462151 -0.033428
v -0.388798 0.355350 -0.079329
v -0.383227 0.422750 0.015671
v -0.810267 -0.322850 -0.109228
v -0.805287 -0.346849 -0.143728
v -0.839057 -0.368649 -0.137529
v 0.718343 -0.289350 0.203371
v 0.795972 -0.296650 0.089672
v 0.729362 -0.266550 0.137772
v -0.179277 0.003650 0.417070
v -0.194747 0.036150 0.330570
v -0.241998 -0.058750 0.329170
v -0.383927 0.197750 -0.171829
v -0.394078 0.243751 -0.195129
v -0.369078 0.199950 -0.243429
v -0.340898 0.147350 -0.229929
v 0.332253 -1.318749 0.362270
v 0.287142 -1.207950 0.307572
v 0.461632 -1.364450 0.246872
v -0.045348 0.351850 -0.265728
v -0.015488 0.353550 -0.311729
v -0.033487 0.329350 -0.297129
v -0.180128 0.121750 0.365070
v -0.226367 0.163350 0.260771
v -0.194458 0.116250 0.324270
v -0.256567 0.164150 0.189272
v -0.227858 0.111051 0.247271
v -0.383927 0.197750 -0.171829
v -0.388798 0.355350 -0.079329
v -0.394078 0.243751 -0.195129
v -0.355258 0.306750 -0.000528
v -0.355527 0.272150 -0.051729
v 0.386672 -0.710250 0.261271
v 0.336213 -0.653850 0.181572
v 0.386003 -0.628150 0.232672
v -0.810267 -0.322850 -0.109228
v -0.839057 -0.368649 -0.137529
v -0.857987 -0.354549 -0.102030
v -0.527458 -1.107050 0.443771
v -0.659848 -1.275750 0.380072
v -0.512578 -1.149650 0.484072
v 0.213912 0.186851 -0.322828
v 0.234972 0.184450 -0.330429
v 0.205372 0.176650 -0.364630
v -0.085038 0.658550 -0.289629
v -0.115327 0.631950 -0.286129
v -0.125378 0.681150 -0.287129
v -0.095347 0.562050 -0.284430
v -0.106868 0.522150 -0.296728
v -0.117368 0.513950 -0.273329
v -0.122898 0.485550 -0.266529
v -0.120418 0.511950 -0.244329
v -0.109238 0.562250 -0.259428
v 0.107482 0.526550 -0.200529
v 0.114142 0.550150 -0.186428
v 0.122802 0.524950 -0.180128
v 0.276392 0.491750 -0.161428
v 0.246983 0.485650 -0.153029
v 0.229113 0.491550 -0.142630
v -0.125378 0.681150 -0.287129
v -0.115327 0.631950 -0.286129
v -0.129308 0.645950 -0.288729
v -0.400548 0.462151 -0.033428
v -0.383227 0.422750 0.015671
v -0.353998 0.407950 0.158071
v 0.049452 -1.076750 0.289772
v 0.054382 -0.966650 0.228272
v 0.142142 -1.036550 0.275271
v -0.195357 -0.034650 0.444071
v -0.160108 -0.058350 0.543972
v -0.121608 0.002050 0.506971
v 0.128792 0.487050 -0.236029
v 0.125443 0.477950 -0.217129
v 0.148273 0.458150 -0.229830
v 0.386003 -0.628150 0.232672
v 0.336213 -0.653850 0.181572
v 0.342692 -0.560750 0.158371
v 0.482082 -1.004950 0.450472
v 0.503182 -1.012150 0.359470
v 0.456273 -0.890449 0.419571
v -0.179277 0.003650 0.417070
v -0.180128 0.121750 0.365070
v -0.201468 0.089951 0.297771
v -0.298388 0.155450 -0.304930
v -0.310587 0.122150 -0.265329
v -0.336328 0.159950 -0.269129
v -0.340898 0.147350 -0.229929
v -0.369078 0.199950 -0.243429
v -0.204328 0.051650 -0.395430
v -0.157578 -0.005350 -0.459728
v -0.160148 -0.041050 -0.409328
v -0.180128 0.121750 0.365070
v -0.194458 0.116250 0.324270
v -0.201468 0.089951 0.297771
v -0.204078 0.523850 -0.127129
v -0.166917 0.533450 -0.132629
v -0.169508 0.505450 -0.137829
v -0.390128 0.509350 -0.197229
v -0.360097 0.529850 -0.189030
v -0.351007 0.495350 -0.196030
v -0.831007 -0.486950 -0.091629
v -0.782157 -0.463050 -0.108829
v -0.761397 -0.503750 -0.044128
v 0.310613 0.297250 0.214071
v 0.209582 0.265850 0.294170
v 0.255743 0.226650 0.239872
v -0.399248 0.391951 -0.116329
v -0.388798 0.355350 -0.079329
v -0.400548 0.462151 -0.033428
v -0.383927 0.197750 -0.171829
v -0.355527 0.272150 -0.051729
v -0.399248 0.391951 -0.116329
v -0.394078 0.243751 -0.195129
v -0.309897 0.639851 -0.182228
v -0.334208 0.602551 -0.176628
v -0.324528 0.639350 -0.178429
v -0.082057 0.620650 -0.288929
v -0.096608 0.634550 -0.283129
v -0.085038 0.658550 -0.289629
v -0.171217 0.419550 -0.302729
v -0.163218 0.419250 -0.283829
v -0.151547 0.436851 -0.288029
v 0.054382 -0.966650 0.228272
v 0.049452 -1.076750 0.289772
v -0.031178 -1.026550 0.261671
v -0.673697 -0.286150 0.262671
v -0.621337 -0.252950 0.275171
v -0.710197 -0.268550 0.176870
v 0.098542 0.295751 -0.287329
v 0.081573 0.296350 -0.288128
v 0.097972 0.321050 -0.289530
v -0.145177 0.559250 -0.165329
v -0.119008 0.540150 -0.181528
v -0.131217 0.517150 -0.177130
v -0.260178 0.513150 -0.138529
v -0.222378 0.545450 -0.130529
v -0.244527 0.498050 -0.142328
v 0.071443 0.453950 -0.349628
v 0.034352 0.442850 -0.357328
v 0.028152 0.473150 -0.364929
v -0.441607 -0.699950 0.284571
v -0.374698 -0.689750 0.186571
v -0.367487 -0.802250 0.195871
v 0.315542 0.512050 -0.172428
v 0.286522 0.459750 -0.191929
v 0.295103 0.510450 -0.161728
v -0.222378 0.545450 -0.130529
v -0.225967 0.601650 -0.121630
v -0.206088 0.566850 -0.132528
v 0.223662 0.546550 -0.130730
v 0.232062 0.597850 -0.119728
v 0.262872 0.549850 -0.124929
v -0.101707 -1.148250 0.342772
v -0.217577 -1.227050 0.364370
v -0.155457 -1.104050 0.304571
v -0.176888 0.307750 -0.320629
v -0.180017 0.363450 -0.330328
v -0.160078 0.333050 -0.324928
v -0.351007 0.495350 -0.196030
v -0.359158 0.484950 -0.199028
v -0.390128 0.509350 -0.197229
v 0.215403 0.513950 -0.136829
v 0.259782 0.519250 -0.136129
v 0.229113 0.491550 -0.142630
v -0.200387 0.268750 0.300571
v -0.301678 0.286150 0.218472
v -0.256428 0.224350 0.236372
v 0.319983 0.267750 -0.295429
v 0.282642 0.265350 -0.304428
v 0.292142 0.297950 -0.313429
v -0.423728 -0.168449 0.418871
v -0.460938 -0.181849 0.393471
v -0.379188 -0.172049 0.487572
v 0.211533 -0.036050 0.385172
v 0.215262 0.004650 0.322771
v 0.190322 0.022450 0.352571
v 0.227003 -0.020349 0.249472
v 0.223883 0.005050 0.210772
v 0.218452 0.158150 0.278471
v 0.237183 0.130651 0.224670
v 0.255743 0.226650 0.239872
v -0.236728 0.088350 -0.347429
v -0.204328 0.051650 -0.395430
v -0.237617 0.055750 -0.312729
v -0.188737 -0.001150 -0.346329
v -0.305548 0.227850 -0.296228
v -0.288208 0.254550 -0.299830
v -0.292208 0.235850 -0.297230
v -0.309897 0.639851 -0.182228
v -0.292168 0.675250 -0.194929
v -0.282207 0.660050 -0.199028
v -0.035068 -0.740450 0.088171
v 0.083912 -0.673750 0.057871
v 0.077982 -0.821950 0.140371
v 0.083912 -0.673750 0.057871
v -0.062238 -0.656050 0.048071
v 0.481853 -0.609850 0.261372
v 0.521553 -0.525550 0.132271
v 0.677162 -0.550950 0.127670
v -0.027957 0.472050 -0.364729
v 0.011152 0.458651 -0.363529
v -0.023677 0.443950 -0.358830
v -0.282207 0.660050 -0.199028
v -0.292168 0.675250 -0.194929
v -0.257828 0.659250 -0.212328
v -0.355258 0.306750 -0.000528
v -0.352118 0.316250 0.078871
v -0.383227 0.422750 0.015671
v -0.397377 -0.599550 0.214972
v -0.457868 -0.559750 0.221371
v -0.403748 -0.503550 0.161972
v -0.071757 -0.953250 0.223572
v -0.031178 -1.026550 0.261671
v -0.109787 -1.075350 0.291472
v 0.200092 -0.027750 0.418772
v 0.211533 -0.036050 0.385172
v 0.181023 0.023550 0.406971
v -0.047508 0.295150 -0.298729
v -0.083218 0.290950 -0.285229
v -0.073227 0.316550 -0.286129
v -0.040607 0.272450 -0.291929
v -0.047508 0.295150 -0.298729
v 0.137712 0.648650 -0.287230
v 0.142442 0.666850 -0.285929
v 0.185272 0.660950 -0.255228
v -0.137507 -0.727150 0.092472
v -0.275928 -0.928050 0.241871
v -0.295968 -0.817349 0.194172
v -0.384598 -0.906150 0.257471
v 0.223883 0.005050 0.210772
v 0.224873 0.093451 0.254070
v 0.210543 0.055850 0.294771
v -0.180017 0.363450 -0.330328
v -0.140707 0.377851 -0.336929
v -0.160078 0.333050 -0.324928
v 0.070723 0.609150 -0.299528
v 0.085543 0.658550 -0.289829
v 0.091982 0.622350 -0.285130
v 0.085543 0.658550 -0.289829
v 0.142442 0.666850 -0.285929
v 0.389082 -0.463150 0.110971
v 0.401332 -0.586850 0.169071
v 0.253752 -0.558249 0.065571
v 0.282642 0.265350 -0.304428
v 0.250143 0.327750 -0.331728
v 0.292142 0.297950 -0.313429
v -0.223857 0.041650 0.208672
v -0.220808 -0.008150 0.279072
v -0.207767 0.041950 0.300072
v 0.157212 -0.001450 0.469770
v 0.191662 -0.069150 0.526772
v 0.200092 -0.027750 0.418772
v -0.068918 0.462950 -0.349730
v -0.093917 0.427950 -0.341429
v -0.130638 0.416550 -0.337429
v 0.011152 0.458651 -0.363529
v 0.028152 0.473150 -0.364929
v 0.034352 0.442850 -0.357328
v 0.115343 0.533051 -0.267229
v 0.115782 0.545950 -0.235029
v 0.128792 0.487050 -0.236029
v -0.383227 0.422750 0.015671
v -0.352118 0.316250 0.078871
v -0.355678 0.342650 0.146271
v 0.841033 -0.475349 -0.110430
v 0.770853 -0.500950 -0.051329
v 0.782182 -0.461150 -0.108728
v 0.263752 0.171250 0.182972
v 0.255743 0.226650 0.239872
v 0.237183 0.130651 0.224670
v -0.194458 0.116250 0.324270
v -0.227858 0.111051 0.247271
v -0.201468 0.089951 0.297771
v -0.226367 0.163350 0.260771
v -0.256567 0.164150 0.189272
v -0.262847 0.148050 0.130772
v 0.361922 0.476150 -0.201128
v 0.353572 0.503750 -0.191528
v 0.376482 0.513451 -0.193729
v -0.083057 -0.066150 -0.419430
v -0.160148 -0.041050 -0.409328
v -0.091738 -0.044450 -0.454529
v 0.770853 -0.500950 -0.051329
v 0.656272 -0.514850 0.105772
v 0.706773 -0.490350 -0.024429
v -0.491757 -0.482250 0.150970
v -0.403748 -0.503550 0.161972
v -0.457868 -0.559750 0.221371
v -0.220717 0.388451 -0.333630
v -0.208067 0.348150 -0.329128
v -0.245237 0.360550 -0.341129
v 0.157873 0.421451 -0.264929
v 0.165863 0.409650 -0.277229
v 0.163982 0.424951 -0.297730
v -0.257828 0.659250 -0.212328
v -0.233898 0.689550 -0.226629
v -0.218048 0.657050 -0.231329
v 0.223883 0.005050 0.210772
v 0.241313 0.082251 0.160671
v 0.224873 0.093451 0.254070
v -0.535498 -0.531050 0.190971
v -0.602087 -0.536950 0.187471
v -0.558837 -0.482150 0.120171
v 0.228242 0.361051 -0.332829
v 0.219782 0.338050 -0.327728
v 0.186963 0.355150 -0.331028
v -0.222378 0.545450 -0.130529
v -0.257428 0.553350 -0.124029
v -0.225967 0.601650 -0.121630
v 0.392442 0.516251 -0.182529
v 0.376482 0.513451 -0.193729
v 0.391253 0.550450 -0.194029
v 0.123252 0.491450 -0.264729
v 0.115343 0.533051 -0.267229
v 0.128792 0.487050 -0.236029
v -0.333027 0.376350 0.204271
v -0.353998 0.407950 0.158071
v -0.355678 0.342650 0.146271
v -0.301678 0.286150 0.218472
v -0.355678 0.342650 0.146271
v -0.256567 0.164150 0.189272
v -0.301678 0.286150 0.218472
v 0.054382 -0.966650 0.228272
v -0.031178 -1.026550 0.261671
v -0.071757 -0.953250 0.223572
v -0.439558 -0.809050 0.414970
v -0.467798 -0.926250 0.352072
v -0.478858 -0.979250 0.432171
v -0.233898 0.689550 -0.226629
v -0.193388 0.698650 -0.248030
v -0.218048 0.657050 -0.231329
v -0.344808 -0.760250 0.211071
v -0.376848 -0.701950 0.249971
v -0.337207 -0.626250 0.175272
v -0.624728 -0.493649 0.088171
v -0.657058 -0.522250 0.136372
v -0.702358 -0.507050 0.047472
v -0.602087 -0.536950 0.187471
v -0.222378 0.545450 -0.130529
v -0.206637 0.510350 -0.137629
v -0.244527 0.498050 -0.142328
v -0.334877 0.512750 -0.179730
v -0.316808 0.479750 -0.188129
v -0.351007 0.495350 -0.196030
v -0.027957 0.472050 -0.364729
v -0.023677 0.443950 -0.358830
v -0.067498 0.425651 -0.344929
v -0.227858 0.111051 0.247271
v -0.262847 0.148050 0.130772
v -0.223857 0.041650 0.208672
v 0.437462 -0.766049 0.406071
v 0.466262 -0.915350 0.357370
v 0.428113 -0.742350 0.337771
v 0.188142 0.093250 0.365871
v 0.181023 0.023550 0.406971
v 0.190322 0.022450 0.352571
v 0.224873 0.093451 0.254070
v 0.241313 0.082251 0.160671
v 0.237183 0.130651 0.224670
v -0.120418 0.511950 -0.244329
v -0.113518 0.558650 -0.232229
v -0.109238 0.562250 -0.259428
v -0.117238 0.590750 -0.256029
v -0.109238 0.562250 -0.259428
v -0.095347 0.562050 -0.284430
v -0.096978 0.593350 -0.282229
v -0.117368 0.513950 -0.273329
v -0.083218 0.290950 -0.285229
v -0.094508 0.316950 -0.289728
v -0.073227 0.316550 -0.286129
v 0.301723 -0.874650 0.217972
v 0.288023 -0.799350 0.181271
v 0.350722 -0.766749 0.213972
v -0.857987 -0.354549 -0.102030
v -0.823587 -0.309950 -0.047428
v -0.810267 -0.322850 -0.109228
v -0.437697 -0.875350 0.542971
v -0.492018 -1.004450 0.572170
v -0.367918 -0.897650 0.644371
v 0.276392 0.491750 -0.161428
v 0.259782 0.519250 -0.136129
v 0.290873 0.539750 -0.141428
v -0.388798 0.355350 -0.079329
v -0.355258 0.306750 -0.000528
v -0.383227 0.422750 0.015671
v -0.160108 -0.058350 0.543972
v -0.195357 -0.034650 0.444071
v -0.324567 -0.124750 0.449371
v -0.179277 0.003650 0.417070
v -0.201468 0.089951 0.297771
v -0.194747 0.036150 0.330570
v -0.275928 -0.928050 0.241871
v -0.071757 -0.953250 0.223572
v -0.109787 -1.075350 0.291472
v -0.207767 0.041950 0.300072
v -0.227858 0.111051 0.247271
v -0.223857 0.041650 0.208672
v 0.237183 0.130651 0.224670
v 0.241313 0.082251 0.160671
v 0.267102 0.147450 0.119572
v 0.259782 0.519250 -0.136129
v 0.215403 0.513950 -0.136829
v 0.223662 0.546550 -0.130730
v -0.045348 0.351850 -0.265728
v -0.085098 0.375450 -0.264528
v -0.056638 0.382150 -0.267630
v 0.223883 0.005050 0.210772
v 0.210543 0.055850 0.294771
v 0.215262 0.004650 0.322771
v -0.109417 0.510950 -0.210129
v -0.131008 0.479350 -0.232729
v -0.123477 0.474650 -0.202929
v -0.256428 0.224350 0.236372
v -0.256567 0.164150 0.189272
v -0.226367 0.163350 0.260771
v 0.046952 0.351850 -0.265728
v 0.058222 0.382050 -0.267630
v 0.085562 0.376451 -0.264229
v -0.310587 0.122150 -0.265329
v -0.340898 0.147350 -0.229929
v -0.336328 0.159950 -0.269129
v 0.106472 -0.049550 -0.446428
v 0.064463 -0.068950 -0.414429
v 0.003742 -0.040450 -0.443230
v -0.083057 -0.066150 -0.419430
v -0.091738 -0.044450 -0.454529
v 0.005152 -0.095250 -0.368629
v 0.064463 -0.068950 -0.414429
v -0.065048 -0.080650 -0.355928
v -0.083057 -0.066150 -0.419430
v 0.200092 -0.027750 0.418772
v 0.191662 -0.069150 0.526772
v 0.241842 -0.073550 0.454472
v 0.211533 -0.036050 0.385172
v 0.190322 0.022450 0.352571
v 0.181023 0.023550 0.406971
v 0.228242 0.361051 -0.332829
v 0.250143 0.327750 -0.331728
v 0.219782 0.338050 -0.327728
v -0.285627 0.370950 -0.343229
v -0.245237 0.360550 -0.341129
v -0.300228 0.333150 -0.331629
v 0.240623 0.072750 0.131472
v 0.231843 0.016850 0.123871
v 0.251362 0.071350 0.045570
v 0.165863 0.409650 -0.277229
v 0.199112 0.409250 -0.302429
v 0.163982 0.424951 -0.297730
v 0.178573 0.572450 -0.149429
v 0.201892 0.617650 -0.135929
v 0.232062 0.597850 -0.119728
v 0.453592 -0.498250 0.163771
v 0.482812 -0.540350 0.200972
v 0.424562 -0.555950 0.200871
v 0.000032 0.303550 -0.298229
v 0.031892 0.272650 -0.291128
v -0.040607 0.272450 -0.291929
v -0.131008 0.479350 -0.232729
v -0.109417 0.510950 -0.210129
v -0.120418 0.511950 -0.244329
v 0.001533 0.198650 -0.107229
v -0.062637 0.179450 -0.107128
v -0.000728 0.205450 -0.092529
v 0.001533 0.198650 -0.107229
v 0.071262 0.191751 -0.073929
v 0.063993 0.173950 -0.114128
v -0.484568 -0.603350 0.259972
v -0.673748 -0.548349 0.127972
v -0.512527 -0.520350 0.139271
v -0.220808 -0.008150 0.279072
v -0.241998 -0.058750 0.329170
v -0.194747 0.036150 0.330570
v -0.179277 0.003650 0.417070
v -0.195357 -0.034650 0.444071
v 0.228242 0.361051 -0.332829
v 0.222413 0.391850 -0.330929
v 0.247872 0.364450 -0.340630
v -0.145177 0.559250 -0.165329
v -0.153118 0.521050 -0.155029
v -0.166917 0.533450 -0.132629
v -0.300228 0.333150 -0.331629
v -0.320427 0.273951 -0.295929
v -0.323627 0.324250 -0.319529
v 0.155892 0.534050 -0.149828
v 0.135733 0.502650 -0.181130
v 0.146193 0.542650 -0.163929
v -0.066648 0.191051 -0.076729
v -0.000728 0.205450 -0.092529
v -0.062637 0.179450 -0.107128
v 0.231843 0.016850 0.123871
v 0.240623 0.072750 0.131472
v 0.223883 0.005050 0.210772
v 0.251362 0.071350 0.045570
v 0.254522 0.119650 -0.032629
v 0.259792 0.127250 0.027872
v 0.276392 0.491750 -0.161428
v 0.290873 0.539750 -0.141428
v 0.295103 0.510450 -0.161728
v 0.286522 0.459750 -0.191929
v 0.276392 0.491750 -0.161428
v 0.295103 0.510450 -0.161728
v 0.304782 0.644250 -0.186729
v 0.281403 0.657850 -0.198229
v 0.293932 0.675050 -0.194828
v 0.358323 0.297350 -0.021229
v 0.387123 0.382150 -0.011528
v 0.346592 0.311750 0.125872
v -0.195357 -0.034650 0.444071
v -0.121608 0.002050 0.506971
v -0.140337 -0.002850 0.479771
v -0.264708 0.138850 0.067572
v -0.238188 0.033150 0.089571
v -0.223857 0.041650 0.208672
v 0.190322 0.022450 0.352571
v 0.191372 0.134050 0.334171
v 0.188142 0.093250 0.365871
v 0.291273 -0.930150 0.247171
v 0.142142 -1.036550 0.275271
v 0.054382 -0.966650 0.228272
v 0.130322 -1.128950 0.323771
v 0.049452 -1.076750 0.289772
v 0.646513 -0.484650 0.036470
v 0.656272 -0.514850 0.105772
v 0.601422 -0.498850 0.108572
v 0.201252 0.027451 -0.374329
v 0.263412 0.095750 -0.317329
v 0.275912 0.086650 -0.251629
v -0.423128 -1.004450 0.549172
v -0.527458 -1.107050 0.443771
v -0.512578 -1.149650 0.484072
v -0.651597 -1.229650 0.341171
v -0.659848 -1.275750 0.380072
v -0.062637 0.179450 -0.107128
v 0.001533 0.198650 -0.107229
v -0.033788 0.147450 -0.146429
v -0.059438 0.130350 -0.178329
v -0.126997 0.182750 -0.104029
v -0.062637 0.179450 -0.107128
v 0.063993 0.173950 -0.114128
v 0.022273 0.137850 -0.156630
v 0.001533 0.198650 -0.107229
v -0.220808 -0.008150 0.279072
v -0.220168 0.004850 0.220470
v -0.230758 -0.052750 0.257172
v -0.250187 0.075550 0.036671
v -0.264708 0.138850 0.067572
v -0.249777 0.109350 -0.024630
v 0.115343 0.533051 -0.267229
v 0.123252 0.491450 -0.264729
v 0.120253 0.501050 -0.302630
v 0.001533 0.198650 -0.107229
v 0.022273 0.137850 -0.156630
v -0.033788 0.147450 -0.146429
v 0.122192 0.173350 -0.117229
v 0.064552 0.135050 -0.169430
v 0.063993 0.173950 -0.114128
v -0.235608 0.199250 -0.303329
v -0.251187 0.190850 -0.321730
v -0.262837 0.219851 -0.304230
v 0.122802 0.524950 -0.180128
v 0.114142 0.550150 -0.186428
v 0.146193 0.542650 -0.163929
v -0.225967 0.601650 -0.121630
v -0.199997 0.616651 -0.135828
v -0.206088 0.566850 -0.132528
v 0.294403 0.329150 -0.330429
v 0.250143 0.327750 -0.331728
v 0.287952 0.367650 -0.343729
v -0.264917 0.075450 -0.264229
v -0.237617 0.055750 -0.312729
v -0.188737 -0.001150 -0.346329
v 0.071262 0.191751 -0.073929
v 0.001533 0.198650 -0.107229
v 0.011952 0.201550 -0.066629
v -0.292208 0.235850 -0.297230
v -0.288208 0.254550 -0.299830
v -0.269748 0.250950 -0.296829
v -0.250187 0.075550 0.036671
v -0.238188 0.033150 0.089571
v -0.264708 0.138850 0.067572
v -0.245237 0.360550 -0.341129
v -0.250577 0.327050 -0.330229
v -0.300228 0.333150 -0.331629
v -0.219808 -0.003250 0.140270
v -0.223857 0.041650 0.208672
v -0.238188 0.033150 0.089571
v 0.446242 -0.166650 0.349072
v 0.446113 -0.194050 0.415472
v 0.506133 -0.206650 0.350971
v -0.302708 0.490650 -0.177429
v -0.334877 0.512750 -0.179730
v -0.315618 0.546550 -0.168129
v 0.288023 -0.799350 0.181271
v 0.208663 -0.662849 0.083271
v 0.350722 -0.766749 0.213972
v 0.071262 0.191751 -0.073929
v 0.122192 0.173350 -0.117229
v 0.063993 0.173950 -0.114128
v 0.137882 0.183550 -0.095530
v 0.122192 0.173350 -0.117229
v 0.071262 0.191751 -0.073929
v 0.223883 0.005050 0.210772
v 0.240623 0.072750 0.131472
v 0.241313 0.082251 0.160671
v 0.240623 0.072750 0.131472
v 0.267102 0.147450 0.119572
v -0.250187 0.075550 0.036671
v -0.249777 0.109350 -0.024630
v -0.241747 0.070350 -0.022629
v -0.028188 0.199750 -0.039928
v 0.011952 0.201550 -0.066629
v -0.066648 0.191051 -0.076729
v 0.124103 0.191051 -0.033928
v 0.137882 0.183550 -0.095530
v 0.071262 0.191751 -0.073929
v -0.119008 0.540150 -0.181528
v -0.115767 0.562551 -0.184830
v -0.103598 0.536150 -0.196928
v -0.363297 0.551050 -0.192228
v -0.390128 0.509350 -0.197229
v -0.388688 0.548150 -0.194929
v -0.388688 0.548150 -0.194929
v -0.348378 0.594650 -0.184929
v -0.028188 0.199750 -0.039928
v -0.066648 0.191051 -0.076729
v -0.086028 0.191250 -0.039228
v 0.028072 0.198050 -0.040529
v 0.124103 0.191051 -0.033928
v 0.071262 0.191751 -0.073929
v -0.224348 0.184850 -0.337328
v -0.218947 0.186250 -0.312529
v -0.188648 0.184350 -0.335829
v -0.288208 0.254550 -0.299830
v -0.262867 0.267450 -0.299028
v -0.269748 0.250950 -0.296829
v 0.202222 -0.067250 0.177872
v 0.231843 0.016850 0.123871
v 0.223883 0.005050 0.210772
v -0.219808 -0.003250 0.140270
v -0.220168 0.004850 0.220470
v -0.223857 0.041650 0.208672
v 0.004512 0.357350 -0.322029
v -0.013008 0.317550 -0.304529
v -0.033487 0.329350 -0.297129
v -0.188737 -0.001150 -0.346329
v -0.204328 0.051650 -0.395430
v -0.160148 -0.041050 -0.409328
v 0.336213 -0.653850 0.181572
v 0.386672 -0.710250 0.261271
v 0.350722 -0.766749 0.213972
v -0.066648 0.191051 -0.076729
v -0.126997 0.182750 -0.104029
v -0.086028 0.191250 -0.039228
v 0.022273 0.137850 -0.156630
v 0.063993 0.173950 -0.114128
v 0.064552 0.135050 -0.169430
v -0.374698 -0.689750 0.186571
v -0.252657 -0.704450 0.091171
v -0.367487 -0.802250 0.195871
v -0.310858 -0.911750 0.201370
v 0.267102 0.147450 0.119572
v 0.251362 0.071350 0.045570
v 0.259792 0.127250 0.027872
v 0.286942 0.202650 0.009272
v 0.267102 0.147450 0.119572
v 0.240623 0.072750 0.131472
v 0.251362 0.071350 0.045570
v -0.036297 0.423750 -0.346729
v 0.034352 0.442850 -0.357328
v 0.002062 0.408450 -0.344629
v 0.290873 0.539750 -0.141428
v 0.259782 0.519250 -0.136129
v 0.262872 0.549850 -0.124929
v -0.218048 0.657050 -0.231329
v -0.193388 0.698650 -0.248030
v -0.184537 0.660151 -0.254528
v -0.186927 0.650351 -0.243528
v -0.152698 -0.625950 0.054171
v -0.062238 -0.656050 0.048071
v -0.137507 -0.727150 0.092472
v -0.062637 0.179450 -0.107128
v -0.033788 0.147450 -0.146429
v -0.059438 0.130350 -0.178329
v -0.202528 -0.087749 0.209871
v -0.220168 0.004850 0.220470
v -0.219808 -0.003250 0.140270
v 0.254522 0.119650 -0.032629
v 0.251362 0.071350 0.045570
v 0.237752 0.063350 -0.039330
v 0.392442 0.516251 -0.182529
v 0.372373 0.460650 -0.174028
v 0.361922 0.476150 -0.201128
v 0.077842 0.317850 -0.284729
v 0.097972 0.321050 -0.289530
v 0.081573 0.296350 -0.288128
v 0.089983 0.348750 -0.253929
v 0.114882 0.343650 -0.303129
v 0.253752 -0.558249 0.065571
v 0.401332 -0.586850 0.169071
v 0.376213 -0.689050 0.188372
v 0.255322 -0.704550 0.089571
v -0.256428 0.224350 0.236372
v -0.301678 0.286150 0.218472
v -0.256567 0.164150 0.189272
v 0.228423 -0.066450 0.250671
v 0.223883 0.005050 0.210772
v 0.227003 -0.020349 0.249472
v -0.264917 0.075450 -0.264229
v -0.275517 0.104050 -0.303629
v -0.237617 0.055750 -0.312729
v 0.281403 0.657850 -0.198229
v 0.233353 0.656550 -0.223028
v 0.256073 0.674350 -0.214230
v 0.255743 0.226650 0.239872
v 0.263752 0.171250 0.182972
v 0.310613 0.297250 0.214071
v 0.028072 0.198050 -0.040529
v 0.071262 0.191751 -0.073929
v 0.011952 0.201550 -0.066629
v -0.251128 -0.076650 0.295071
v -0.241998 -0.058750 0.329170
v -0.220808 -0.008150 0.279072
v 0.004512 0.357350 -0.322029
v 0.010713 0.376750 -0.322529
v 0.025192 0.327550 -0.302528
v -0.110298 0.499050 -0.200230
v -0.109417 0.510950 -0.210129
v -0.123477 0.474650 -0.202929
v -0.423728 -0.168449 0.418871
v -0.379188 -0.172049 0.487572
v -0.324567 -0.124750 0.449371
v 0.820822 -0.406950 -0.146429
v 0.841033 -0.475349 -0.110430
v 0.782182 -0.461150 -0.108728
v -0.126997 0.182750 -0.104029
v -0.066648 0.191051 -0.076729
v -0.062637 0.179450 -0.107128
v -0.086028 0.191250 -0.039228
v -0.143477 0.194250 -0.033829
v -0.040607 0.272450 -0.291929
v -0.047508 0.295150 -0.298729
v -0.013008 0.317550 -0.304529
v -0.264708 0.138850 0.067572
v -0.223857 0.041650 0.208672
v -0.262847 0.148050 0.130772
v 0.237752 0.063350 -0.039330
v 0.232522 0.052150 -0.088728
v 0.254522 0.119650 -0.032629
v 0.151203 0.440650 -0.286728
v 0.137433 0.447150 -0.266129
v 0.146623 0.427550 -0.262529
v 0.085543 0.658550 -0.289829
v 0.066933 0.681050 -0.294628
v 0.142442 0.666850 -0.285929
v -0.400228 -0.587150 0.166571
v -0.251428 -0.574950 0.070572
v -0.374698 -0.689750 0.186571
v -0.252657 -0.704450 0.091171
v -0.220808 -0.008150 0.279072
v -0.223857 0.041650 0.208672
v -0.220168 0.004850 0.220470
v 0.319983 0.267750 -0.295429
v 0.292142 0.297950 -0.313429
v 0.324253 0.323150 -0.319630
v 0.346592 0.311750 0.125872
v 0.310613 0.297250 0.214071
v 0.263752 0.171250 0.182972
v 0.200902 -0.048650 0.071371
v 0.199283 -0.050150 0.126471
v 0.195112 -0.080450 0.125471
v -0.085038 0.658550 -0.289629
v -0.125378 0.681150 -0.287129
v -0.035307 0.682350 -0.300530
v 0.331832 0.628750 -0.178928
v 0.391253 0.550450 -0.194029
v 0.354612 0.579150 -0.187529
v 0.354612 0.579150 -0.187529
v 0.376482 0.513451 -0.193729
v -0.028188 0.199750 -0.039928
v 0.028072 0.198050 -0.040529
v 0.011952 0.201550 -0.066629
v -0.246588 0.097750 -0.070629
v -0.229837 0.050150 -0.084528
v -0.241747 0.070350 -0.022629
v 0.293932 0.675050 -0.194828
v 0.281403 0.657850 -0.198229
v 0.256073 0.674350 -0.214230
v 0.130322 -1.128950 0.323771
v 0.142142 -1.036550 0.275271
v 0.206973 -1.094950 0.295071
v 0.254522 0.119650 -0.032629
v 0.232522 0.052150 -0.088728
v 0.241602 0.082350 -0.122528
v 0.200902 -0.048650 0.071371
v 0.218613 0.004750 0.044371
v 0.199283 -0.050150 0.126471
v 0.044562 0.289350 -0.299229
v 0.000032 0.303550 -0.298229
v 0.013913 0.316650 -0.303728
v 0.376213 -0.689050 0.188372
v 0.369352 -0.802150 0.197271
v 0.255322 -0.704550 0.089571
v 0.248122 -0.834249 0.143971
v 0.474062 -0.884749 0.301071
v 0.348823 -0.918350 0.215172
v 0.458343 -0.780450 0.300972
v -0.310587 0.122150 -0.265329
v -0.275517 0.104050 -0.303629
v -0.264917 0.075450 -0.264229
v 0.237752 0.063350 -0.039330
v 0.228353 0.033950 0.028070
v 0.218613 0.004750 0.044371
v -0.153118 0.521050 -0.155029
v -0.145177 0.559250 -0.165329
v -0.131217 0.517150 -0.177130
v 0.115343 0.533051 -0.267229
v 0.112002 0.565950 -0.254129
v 0.115782 0.545950 -0.235029
v 0.101772 0.588750 -0.278229
v 0.120862 0.597050 -0.258129
v 0.102762 0.564450 -0.273129
v -0.160108 -0.058350 0.543972
v -0.324567 -0.124750 0.449371
v -0.379188 -0.172049 0.487572
v 0.022273 0.137850 -0.156630
v 0.016333 0.121650 -0.198830
v -0.039628 0.128850 -0.176329
v 0.064552 0.135050 -0.169430
v -0.236117 0.077650 -0.126228
v -0.229837 0.050150 -0.084528
v -0.246588 0.097750 -0.070629
v 0.227003 -0.020349 0.249472
v 0.215262 0.004650 0.322771
v 0.255033 -0.075250 0.325670
v -0.215017 -0.001250 0.061071
v -0.195558 -0.058249 0.089672
v -0.197598 -0.049450 0.130571
v -0.012618 0.379950 -0.320229
v 0.010713 0.376750 -0.322529
v -0.015488 0.353550 -0.311729
v 0.205012 0.567750 -0.133829
v 0.178573 0.572450 -0.149429
v 0.232062 0.597850 -0.119728
v 0.151203 0.440650 -0.286728
v 0.146623 0.427550 -0.262529
v 0.163982 0.424951 -0.297730
v -0.171207 0.182150 -0.134930
v -0.143477 0.194250 -0.033829
v -0.126997 0.182750 -0.104029
v 0.185613 0.313050 -0.321829
v 0.154382 0.312250 -0.317429
v 0.153132 0.363151 -0.332628
v 0.101772 0.588750 -0.278229
v 0.102762 0.564450 -0.273129
v 0.088162 0.560150 -0.291729
v -0.115327 0.631950 -0.286129
v -0.082057 0.620650 -0.288929
v -0.096978 0.593350 -0.282229
v 0.337102 -0.134550 0.466671
v 0.241842 -0.073550 0.454472
v 0.191662 -0.069150 0.526772
v -0.249777 0.109350 -0.024630
v -0.246588 0.097750 -0.070629
v -0.241747 0.070350 -0.022629
v -0.285687 0.201050 -0.012529
v -0.197598 -0.049450 0.130571
v -0.195558 -0.058249 0.089672
v -0.194108 -0.077450 0.130772
v -0.171207 0.182150 -0.134930
v -0.124638 0.148350 -0.232229
v -0.216208 0.169450 -0.211729
v -0.264708 0.138850 0.067572
v -0.262847 0.148050 0.130772
v -0.280918 0.183450 0.075670
v -0.202528 -0.087749 0.209871
v -0.200667 -0.062250 0.166872
v -0.205818 -0.111050 0.157572
v -0.195878 0.185150 -0.356730
v -0.188648 0.184350 -0.335829
v -0.168158 0.195250 -0.371929
v -0.197598 -0.049450 0.130571
v -0.219808 -0.003250 0.140270
v -0.238188 0.033150 0.089571
v -0.079358 -0.193950 0.008171
v -0.104897 -0.178650 0.030771
v -0.107718 -0.176150 0.003872
v -0.264708 0.138850 0.067572
v -0.280918 0.183450 0.075670
v -0.249777 0.109350 -0.024630
v 0.286942 0.202650 0.009272
v 0.259792 0.127250 0.027872
v 0.254522 0.119650 -0.032629
v 0.169132 -0.030050 -0.091928
v 0.174072 -0.002950 -0.101130
v 0.210662 0.022850 -0.056629
v 0.025192 0.327550 -0.302528
v 0.038733 0.325550 -0.296330
v 0.013913 0.316650 -0.303728
v 0.315542 0.512050 -0.172428
v 0.348423 0.518050 -0.181330
v 0.334093 0.484651 -0.184729
v 0.028072 0.198050 -0.040529
v 0.072863 0.206650 -0.024429
v 0.124103 0.191051 -0.033928
v 0.116172 -0.175350 0.027672
v 0.055643 -0.201150 -0.000328
v 0.100472 -0.179749 -0.002428
v -0.192078 -0.058750 0.043571
v -0.158857 -0.129250 0.038172
v -0.184597 -0.073750 0.078171
v 0.210662 0.022850 -0.056629
v 0.208172 -0.008050 -0.028130
v 0.181252 -0.043550 -0.058628
v 0.208172 -0.008050 -0.028130
v 0.237752 0.063350 -0.039330
v 0.218613 0.004750 0.044371
v 0.162912 0.496250 -0.162029
v 0.155892 0.534050 -0.149828
v 0.157702 0.514450 -0.146229
v -0.236117 0.077650 -0.126228
v -0.212068 0.053250 -0.166430
v -0.214498 0.032150 -0.115829
v 0.005013 -0.269450 0.055872
v -0.080358 -0.272550 0.066771
v 0.002342 -0.258250 0.038471
v 0.041583 -0.269550 0.061272
v 0.005013 -0.269450 0.055872
v 0.054893 -0.256850 0.042471
v 0.002342 -0.258250 0.038471
v 0.054893 -0.256850 0.042471
v 0.202222 -0.067250 0.177872
v 0.195112 -0.080450 0.125471
v 0.199283 -0.050150 0.126471
v -0.215017 -0.001250 0.061071
v -0.192078 -0.058750 0.043571
v -0.195558 -0.058249 0.089672
v 0.181252 -0.043550 -0.058628
v 0.169132 -0.030050 -0.091928
v 0.210662 0.022850 -0.056629
v 0.237183 0.130651 0.224670
v 0.267102 0.147450 0.119572
v 0.263752 0.171250 0.182972
v 0.267102 0.147450 0.119572
v 0.346592 0.311750 0.125872
v 0.164513 -0.124949 0.044371
v 0.133432 -0.165950 0.040871
v 0.137393 -0.151750 0.008371
v -0.201757 0.318350 -0.318230
v -0.219627 0.325750 -0.321329
v -0.208067 0.348150 -0.329128
v 0.174932 0.539450 -0.130329
v 0.157702 0.514450 -0.146229
v 0.155892 0.534050 -0.149828
v -0.204078 0.523850 -0.127129
v -0.206637 0.510350 -0.137629
v -0.222378 0.545450 -0.130529
v 0.201703 0.023350 -0.142229
v 0.177493 0.021050 -0.176828
v 0.221403 0.060750 -0.158228
v 0.137393 -0.151750 0.008371
v 0.116172 -0.175350 0.027672
v 0.100472 -0.179749 -0.002428
v 0.181472 -0.097250 0.110971
v 0.176073 -0.093850 0.050772
v 0.200902 -0.048650 0.071371
v -0.185858 0.010350 -0.088928
v -0.169278 -0.009049 -0.104229
v -0.215948 0.031050 -0.051128
v 0.164513 -0.124949 0.044371
v 0.187112 -0.049550 0.004070
v 0.176073 -0.093850 0.050772
v -0.023677 0.443950 -0.358830
v 0.011152 0.458651 -0.363529
v 0.034352 0.442850 -0.357328
v 0.011952 0.201550 -0.066629
v -0.000728 0.205450 -0.092529
v -0.066648 0.191051 -0.076729
v -0.088267 0.332050 -0.270229
v -0.101297 0.355650 -0.275229
v -0.085147 0.348150 -0.254528
v -0.179858 -0.098550 0.110971
v -0.184597 -0.073750 0.078171
v -0.166868 -0.136950 0.074671
v 0.116172 -0.175350 0.027672
v 0.137393 -0.151750 0.008371
v 0.133432 -0.165950 0.040871
v -0.104897 -0.178650 0.030771
v -0.136477 -0.168650 0.044672
v -0.107718 -0.176150 0.003872
v 0.181472 -0.097250 0.110971
v 0.164513 -0.124949 0.044371
v 0.176073 -0.093850 0.050772
v -0.280918 0.183450 0.075670
v -0.285687 0.201050 -0.012529
v -0.249777 0.109350 -0.024630
v -0.215948 0.031050 -0.051128
v -0.211708 0.000450 -0.019829
v -0.241747 0.070350 -0.022629
v -0.169278 -0.009049 -0.104229
v -0.174417 -0.045850 -0.067129
v -0.215948 0.031050 -0.051128
v 0.324253 0.323150 -0.319630
v 0.292142 0.297950 -0.313429
v 0.294403 0.329150 -0.330429
v -0.260178 0.513150 -0.138529
v -0.285058 0.498550 -0.160929
v -0.291927 0.539950 -0.145529
v -0.780998 -0.293449 0.113371
v -0.689018 -0.252950 0.154371
v -0.798188 -0.287350 0.068670
v 0.676402 -1.285550 0.258671
v 0.665412 -1.253550 0.353170
v 0.693452 -1.308850 0.298071
v 0.546853 -1.107250 0.406771
v 0.607002 -1.238950 0.418272
v 0.648912 -1.304850 0.396971
v 0.210922 0.165450 -0.229630
v 0.148653 0.155850 -0.213928
v 0.204123 0.194250 -0.123228
v -0.236117 0.077650 -0.126228
v -0.214498 0.032150 -0.115829
v -0.229837 0.050150 -0.084528
v -0.146667 -0.139550 0.011671
v -0.136477 -0.168650 0.044672
v -0.158857 -0.129250 0.038172
v 0.227003 -0.020349 0.249472
v 0.255033 -0.075250 0.325670
v 0.256932 -0.094450 0.281271
v -0.215017 -0.001250 0.061071
v -0.211708 0.000450 -0.019829
v -0.211287 -0.007150 0.030071
v -0.250187 0.075550 0.036671
v -0.241747 0.070350 -0.022629
v -0.215017 -0.001250 0.061071
v -0.211708 0.000450 -0.019829
v 0.237752 0.063350 -0.039330
v 0.208172 -0.008050 -0.028130
v 0.210662 0.022850 -0.056629
v 0.174072 -0.002950 -0.101130
v 0.169132 -0.030050 -0.091928
v 0.150972 -0.024750 -0.112530
v -0.126997 0.182750 -0.104029
v -0.059438 0.130350 -0.178329
v -0.171207 0.182150 -0.134930
v 0.312343 -0.103849 0.521471
v 0.465872 -0.159750 0.387371
v 0.353733 -0.099750 0.408772
v -0.195878 0.185150 -0.356730
v -0.224348 0.184850 -0.337328
v -0.188648 0.184350 -0.335829
v 0.232522 0.052150 -0.088728
v 0.201703 0.023350 -0.142229
v 0.241602 0.082350 -0.122528
v 0.218613 0.004750 0.044371
v 0.251362 0.071350 0.045570
v 0.231843 0.016850 0.123871
v 0.218613 0.004750 0.044371
v 0.200902 -0.048650 0.071371
v 0.187112 -0.049550 0.004070
v 0.176073 -0.093850 0.050772
v 0.187112 -0.049550 0.004070
v 0.218613 0.004750 0.044371
v 0.231843 0.016850 0.123871
v 0.199283 -0.050150 0.126471
v -0.215948 0.031050 -0.051128
v -0.174417 -0.045850 -0.067129
v -0.211708 0.000450 -0.019829
v -0.127108 0.302850 -0.304729
v -0.113428 0.341750 -0.302729
v -0.094508 0.316950 -0.289728
v 0.275912 0.086650 -0.251629
v 0.171093 -0.015550 -0.343929
v 0.201252 0.027451 -0.374329
v 0.397172 0.224850 -0.179829
v 0.352522 0.166350 -0.197628
v 0.390152 0.218451 -0.223028
v -0.262847 0.148050 0.130772
v -0.256567 0.164150 0.189272
v -0.355678 0.342650 0.146271
v -0.416168 -0.750649 0.308870
v -0.467798 -0.926250 0.352072
v -0.439558 -0.809050 0.414970
v -0.215017 -0.001250 0.061071
v -0.211287 -0.007150 0.030071
v -0.192078 -0.058750 0.043571
v -0.250187 0.075550 0.036671
v -0.238188 0.033150 0.089571
v 0.212022 -0.110950 0.173971
v 0.202222 -0.067250 0.177872
v 0.207582 -0.085350 0.215872
v -0.200667 -0.062250 0.166872
v -0.197598 -0.049450 0.130571
v -0.194108 -0.077450 0.130772
v -0.033487 0.329350 -0.297129
v -0.015488 0.353550 -0.311729
v 0.004512 0.357350 -0.322029
v -0.024288 0.388350 -0.302130
v -0.012618 0.379950 -0.320229
v 0.015102 -0.215650 0.012072
v 0.047352 -0.194350 -0.019030
v 0.055643 -0.201150 -0.000328
v -0.192078 -0.058750 0.043571
v -0.184597 -0.073750 0.078171
v -0.195558 -0.058249 0.089672
v 0.208172 -0.008050 -0.028130
v 0.218613 0.004750 0.044371
v 0.187112 -0.049550 0.004070
v 0.527963 -0.203250 0.274971
v 0.446242 -0.166650 0.349072
v 0.506133 -0.206650 0.350971
v -0.428177 -0.847350 0.286572
v -0.446777 -0.984050 0.291571
v -0.467798 -0.926250 0.352072
v 0.338422 0.147551 -0.237829
v 0.390152 0.218451 -0.223028
v 0.352522 0.166350 -0.197628
v 0.013913 0.316650 -0.303728
v 0.004512 0.357350 -0.322029
v 0.025192 0.327550 -0.302528
v 0.141792 -0.072750 -0.090328
v 0.169132 -0.030050 -0.091928
v 0.181252 -0.043550 -0.058628
v 0.128792 0.487050 -0.236029
v 0.110922 0.534850 -0.222429
v 0.125443 0.477950 -0.217129
v -0.527458 -1.107050 0.443771
v -0.446517 -0.936049 0.487270
v -0.478858 -0.979250 0.432171
v 0.164513 -0.124949 0.044371
v 0.154283 -0.109550 -0.007229
v 0.187112 -0.049550 0.004070
v 0.154283 -0.109550 -0.007229
v 0.164513 -0.124949 0.044371
v 0.137393 -0.151750 0.008371
v -0.136477 -0.168650 0.044672
v -0.146667 -0.139550 0.011671
v -0.107718 -0.176150 0.003872
v 0.119032 -0.055550 -0.121328
v 0.150972 -0.024750 -0.112530
v 0.169132 -0.030050 -0.091928
v -0.059217 -0.211850 0.018271
v -0.041438 -0.195350 -0.018929
v -0.027257 -0.214550 0.013170
v 0.141792 -0.072750 -0.090328
v 0.119032 -0.055550 -0.121328
v 0.169132 -0.030050 -0.091928
v 0.025192 0.327550 -0.302528
v 0.010713 0.376750 -0.322529
v 0.020272 0.355450 -0.305128
v 0.000032 0.303550 -0.298229
v -0.013008 0.317550 -0.304529
v 0.013913 0.316650 -0.303728
v -0.040607 0.272450 -0.291929
v -0.120927 0.410050 -0.340729
v -0.104408 0.390150 -0.330328
v -0.140707 0.377851 -0.336929
v -0.491757 -0.482250 0.150970
v -0.457868 -0.559750 0.221371
v -0.535498 -0.531050 0.190971
v 0.001533 0.198650 -0.107229
v -0.000728 0.205450 -0.092529
v 0.011952 0.201550 -0.066629
v -0.092048 0.288350 -0.279329
v -0.094508 0.316950 -0.289728
v -0.083218 0.290950 -0.285229
v 0.241602 0.082350 -0.122528
v 0.201703 0.023350 -0.142229
v 0.221403 0.060750 -0.158228
v 0.100472 -0.179749 -0.002428
v 0.055643 -0.201150 -0.000328
v 0.047352 -0.194350 -0.019030
v -0.194108 -0.077450 0.130772
v -0.195558 -0.058249 0.089672
v -0.179858 -0.098550 0.110971
v -0.163918 -0.083650 -0.011330
v -0.211287 -0.007150 0.030071
v -0.184937 -0.044750 -0.019228
v -0.180017 0.363450 -0.330328
v -0.201757 0.318350 -0.318230
v -0.208067 0.348150 -0.329128
v 0.154283 -0.109550 -0.007229
v 0.157242 -0.086650 -0.027929
v 0.187112 -0.049550 0.004070
v -0.163918 -0.083650 -0.011330
v -0.184937 -0.044750 -0.019228
v -0.174417 -0.045850 -0.067129
v 0.391882 0.257751 -0.131529
v 0.358323 0.297350 -0.021229
v 0.368632 0.216950 -0.126028
v 0.387123 0.382150 -0.011528
v -0.262847 0.148050 0.130772
v -0.355678 0.342650 0.146271
v -0.352118 0.316250 0.078871
v 0.795972 -0.296650 0.089672
v 0.803182 -0.288850 0.028770
v 0.729362 -0.266550 0.137772
v 0.137882 0.183550 -0.095530
v 0.175542 0.202150 -0.042929
v 0.204123 0.194250 -0.123228
v 0.251362 0.071350 0.045570
v 0.218613 0.004750 0.044371
v 0.228353 0.033950 0.028070
v 0.031892 0.272650 -0.291128
v 0.000032 0.303550 -0.298229
v 0.044562 0.289350 -0.299229
v 0.132312 0.369650 -0.329329
v 0.153132 0.363151 -0.332628
v 0.154382 0.312250 -0.317429
v -0.163918 -0.083650 -0.011330
v -0.192078 -0.058750 0.043571
v -0.211287 -0.007150 0.030071
v 0.181252 -0.043550 -0.058628
v 0.208172 -0.008050 -0.028130
v 0.191183 -0.036350 -0.019129
v -0.192078 -0.058750 0.043571
v -0.163918 -0.083650 -0.011330
v -0.146667 -0.139550 0.011671
v -0.184937 -0.044750 -0.019228
v -0.211287 -0.007150 0.030071
v -0.211708 0.000450 -0.019829
v 0.191183 -0.036350 -0.019129
v 0.187112 -0.049550 0.004070
v 0.157242 -0.086650 -0.027929
v -0.169278 -0.009049 -0.104229
v -0.127538 -0.059850 -0.112228
v -0.174417 -0.045850 -0.067129
v -0.211708 0.000450 -0.019829
v -0.174417 -0.045850 -0.067129
v -0.184937 -0.044750 -0.019228
v 0.191183 -0.036350 -0.019129
v 0.157242 -0.086650 -0.027929
v 0.181252 -0.043550 -0.058628
v -0.143477 0.194250 -0.033829
v -0.107088 0.215651 -0.017029
v -0.086028 0.191250 -0.039228
v 0.122192 0.173350 -0.117229
v 0.137882 0.183550 -0.095530
v 0.148653 0.155850 -0.213928
v 0.204123 0.194250 -0.123228
v -0.028188 0.199750 -0.039928
v -0.086028 0.191250 -0.039228
v -0.107088 0.215651 -0.017029
v 0.137882 0.183550 -0.095530
v 0.124103 0.191051 -0.033928
v 0.175542 0.202150 -0.042929
v -0.218338 0.195350 -0.140028
v -0.171207 0.182150 -0.134930
v -0.216208 0.169450 -0.211729
v 0.369352 -0.802150 0.197271
v 0.376213 -0.689050 0.188372
v 0.458343 -0.780450 0.300972
v 0.437333 -0.691750 0.305271
v 0.237752 0.063350 -0.039330
v 0.251362 0.071350 0.045570
v 0.228353 0.033950 0.028070
v 0.191183 -0.036350 -0.019129
v 0.208172 -0.008050 -0.028130
v 0.187112 -0.049550 0.004070
v 0.181472 -0.097250 0.110971
v 0.200902 -0.048650 0.071371
v 0.195112 -0.080450 0.125471
v 0.088303 -0.603750 0.011070
v 0.096992 -0.720449 0.047171
v -0.035768 -0.735050 0.049671
v -0.197598 -0.049450 0.130571
v -0.238188 0.033150 0.089571
v -0.215017 -0.001250 0.061071
v -0.127538 -0.059850 -0.112228
v -0.153247 -0.024850 -0.107128
v -0.122928 -0.035250 -0.119928
v 0.119032 -0.055550 -0.121328
v 0.141792 -0.072750 -0.090328
v 0.099642 -0.093650 -0.105530
v -0.027257 -0.214550 0.013170
v -0.041438 -0.195350 -0.018929
v 0.015102 -0.215650 0.012072
v 0.834312 -0.366850 -0.147028
v 0.798102 -0.333549 -0.128429
v 0.851152 -0.321350 -0.066729
v 0.032652 -1.066050 0.227972
v -0.266418 -1.036050 0.223871
v -0.029337 -0.970449 0.192871
v 0.135273 -0.009749 -0.182428
v 0.127812 -0.001750 -0.200628
v 0.177493 0.021050 -0.176828
v -0.184597 -0.073750 0.078171
v -0.179858 -0.098550 0.110971
v -0.195558 -0.058249 0.089672
v -0.122928 -0.035250 -0.119928
v -0.082088 -0.048349 -0.136528
v -0.127538 -0.059850 -0.112228
v 0.157242 -0.086650 -0.027929
v 0.141792 -0.072750 -0.090328
v 0.181252 -0.043550 -0.058628
v 0.114882 0.343650 -0.303129
v 0.126712 0.302550 -0.304428
v 0.098542 0.295751 -0.287329
v 0.601422 -0.498850 0.108572
v 0.656272 -0.514850 0.105772
v 0.544003 -0.520750 0.166370
v -0.460547 -1.322350 0.227371
v -0.520338 -1.415250 0.242571
v -0.560518 -1.350850 0.196272
v -0.578378 -1.406450 0.217671
v -0.560518 -1.350850 0.196272
v 0.305673 0.122050 -0.275429
v 0.275912 0.086650 -0.251629
v 0.263412 0.095750 -0.317329
v 0.053032 -0.281750 0.069471
v 0.054893 -0.256850 0.042471
v 0.096512 -0.241250 0.045172
v -0.059217 -0.211850 0.018271
v -0.101468 -0.195950 0.029671
v -0.079358 -0.193950 0.008171
v 0.202222 -0.067250 0.177872
v 0.199283 -0.050150 0.126471
v 0.231843 0.016850 0.123871
v 0.135273 -0.009749 -0.182428
v 0.055963 -0.030450 -0.197529
v 0.092173 -0.017550 -0.194029
v 0.150972 -0.024750 -0.112530
v 0.119032 -0.055550 -0.121328
v 0.095842 -0.043350 -0.131329
v -0.109417 0.510950 -0.210129
v -0.110298 0.499050 -0.200230
v -0.103598 0.536150 -0.196928
v 0.083912 -0.673750 0.057871
v 0.141112 -0.595050 0.048571
v 0.208663 -0.662849 0.083271
v 0.183002 -0.781350 0.130072
v 0.208663 -0.662849 0.083271
v 0.291273 -0.930150 0.247171
v 0.301723 -0.874650 0.217972
v 0.183002 -0.781350 0.130072
v 0.288023 -0.799350 0.181271
v 0.379423 -1.085550 0.267071
v 0.375632 -0.936250 0.262671
v 0.291273 -0.930150 0.247171
v 0.301723 -0.874650 0.217972
v 0.286942 0.202650 0.009272
v 0.254522 0.119650 -0.032629
v 0.271412 0.146350 -0.066729
v -0.041438 -0.195350 -0.018929
v -0.079358 -0.193950 0.008171
v -0.107718 -0.176150 0.003872
v -0.079358 -0.193950 0.008171
v -0.041438 -0.195350 -0.018929
v -0.059217 -0.211850 0.018271
v -0.131577 -0.118350 -0.025429
v -0.163918 -0.083650 -0.011330
v -0.122298 -0.105650 -0.060228
v -0.129948 -0.081050 -0.094429
v 0.214922 0.295650 -0.297428
v 0.178382 0.298450 -0.313330
v 0.203642 0.324350 -0.318930
v -0.363297 0.551050 -0.192228
v -0.334877 0.512750 -0.179730
v -0.360097 0.529850 -0.189030
v -0.351007 0.495350 -0.196030
v -0.334877 0.512750 -0.179730
v -0.302708 0.490650 -0.177429
v -0.316808 0.479750 -0.188129
v 0.544003 -0.520750 0.166370
v 0.482812 -0.540350 0.200972
v 0.453592 -0.498250 0.163771
v -0.218338 0.195350 -0.140028
v -0.177527 0.206450 -0.043030
v -0.171207 0.182150 -0.134930
v 0.248122 -0.834249 0.143971
v 0.369352 -0.802150 0.197271
v 0.348823 -0.918350 0.215172
v -0.094508 0.316950 -0.289728
v -0.092048 0.288350 -0.279329
v -0.127108 0.302850 -0.304729
v -0.113428 0.341750 -0.302729
v -0.088267 0.332050 -0.270229
v -0.101297 0.355650 -0.275229
v -0.166398 0.018950 -0.191830
v -0.166677 -0.002850 -0.154028
v -0.212068 0.053250 -0.166430
v 0.164193 -0.147449 0.064772
v 0.164513 -0.124949 0.044371
v 0.181472 -0.097250 0.110971
v 0.133432 -0.165950 0.040871
v 0.164513 -0.124949 0.044371
v 0.109142 -0.153450 -0.026228
v 0.137393 -0.151750 0.008371
v 0.100472 -0.179749 -0.002428
v 0.154283 -0.109550 -0.007229
v 0.137393 -0.151750 0.008371
v -0.082088 -0.048349 -0.136528
v -0.069218 -0.083050 -0.125229
v -0.127538 -0.059850 -0.112228
v 0.118433 -0.116950 -0.044029
v 0.141792 -0.072750 -0.090328
v 0.157242 -0.086650 -0.027929
v -0.291927 0.539950 -0.145529
v -0.285058 0.498550 -0.160929
v -0.302708 0.490650 -0.177429
v -0.260178 0.513150 -0.138529
v -0.291927 0.539950 -0.145529
v -0.257428 0.553350 -0.124029
v 0.027183 0.125250 -0.267328
v -0.027167 0.123250 -0.259129
v 0.016333 0.121650 -0.198830
v -0.039628 0.128850 -0.176329
v 0.016333 0.121650 -0.198830
v 0.022273 0.137850 -0.156630
v -0.033788 0.147450 -0.146429
v 0.104962 0.148050 -0.265329
v 0.148653 0.155850 -0.213928
v 0.180362 0.156350 -0.263229
v -0.262658 -0.086850 0.387671
v -0.241998 -0.058750 0.329170
v -0.251128 -0.076650 0.295071
v -0.195357 -0.034650 0.444071
v -0.241998 -0.058750 0.329170
v 0.114882 0.343650 -0.303129
v 0.098542 0.295751 -0.287329
v 0.097972 0.321050 -0.289530
v -0.200667 -0.062250 0.166872
v -0.219808 -0.003250 0.140270
v -0.197598 -0.049450 0.130571
v 0.015102 -0.215650 0.012072
v 0.031413 -0.178950 -0.040428
v 0.047352 -0.194350 -0.019030
v 0.015102 -0.215650 0.012072
v -0.041438 -0.195350 -0.018929
v -0.100348 -0.156650 -0.029228
v -0.146667 -0.139550 0.011671
v -0.131577 -0.118350 -0.025429
v -0.146667 -0.139550 0.011671
v -0.107718 -0.176150 0.003872
v -0.158857 -0.129250 0.038172
v -0.192078 -0.058750 0.043571
v 0.068102 -0.162050 -0.044729
v 0.100472 -0.179749 -0.002428
v 0.047352 -0.194350 -0.019030
v 0.099642 -0.093650 -0.105530
v 0.056343 -0.088850 -0.125528
v 0.119032 -0.055550 -0.121328
v -0.174417 -0.045850 -0.067129
v -0.129948 -0.081050 -0.094429
v -0.163918 -0.083650 -0.011330
v -0.069218 -0.083050 -0.125229
v -0.066648 -0.110750 -0.105129
v -0.129948 -0.081050 -0.094429
v 0.267102 0.147450 0.119572
v 0.286942 0.202650 0.009272
v 0.346592 0.311750 0.125872
v 0.443343 -0.916250 0.295271
v 0.428113 -0.742350 0.337771
v 0.466262 -0.915350 0.357370
v 0.394403 -0.490450 0.152971
v 0.476343 -0.441350 0.134171
v 0.453592 -0.498250 0.163771
v 0.394403 -0.490450 0.152971
v 0.424562 -0.555950 0.200871
v 0.820822 -0.406950 -0.146429
v 0.803902 -0.381050 -0.149328
v 0.834312 -0.366850 -0.147028
v 0.803902 -0.381050 -0.149328
v 0.782462 -0.356050 -0.144228
v 0.305673 0.122050 -0.275429
v 0.338422 0.147551 -0.237829
v 0.275912 0.086650 -0.251629
v -0.045348 0.351850 -0.265728
v -0.024288 0.388350 -0.302130
v -0.015488 0.353550 -0.311729
v -0.300228 0.333150 -0.331629
v -0.299608 0.287050 -0.306028
v -0.320427 0.273951 -0.295929
v 0.139563 -0.926050 0.174172
v 0.032652 -1.066050 0.227972
v -0.029337 -0.970449 0.192871
v 0.096373 -0.138750 -0.036928
v 0.118433 -0.116950 -0.044029
v 0.154283 -0.109550 -0.007229
v -0.100348 -0.156650 -0.029228
v -0.063107 -0.160550 -0.047329
v -0.041438 -0.195350 -0.018929
v -0.041438 -0.195350 -0.018929
v -0.107718 -0.176150 0.003872
v -0.063107 -0.160550 -0.047329
v -0.033937 -0.176950 -0.043129
v -0.129948 -0.081050 -0.094429
v -0.066648 -0.110750 -0.105129
v -0.122298 -0.105650 -0.060228
v -0.127538 -0.059850 -0.112228
v -0.174417 -0.045850 -0.067129
v 0.118433 -0.116950 -0.044029
v 0.157242 -0.086650 -0.027929
v 0.154283 -0.109550 -0.007229
v 0.068102 -0.162050 -0.044729
v 0.109142 -0.153450 -0.026228
v 0.100472 -0.179749 -0.002428
v -0.129948 -0.081050 -0.094429
v -0.127538 -0.059850 -0.112228
v -0.069218 -0.083050 -0.125229
v 0.180362 0.156350 -0.263229
v 0.148653 0.155850 -0.213928
v 0.210922 0.165450 -0.229630
v 0.241842 -0.073550 0.454472
v 0.211533 -0.036050 0.385172
v 0.200092 -0.027750 0.418772
v 0.241842 -0.073550 0.454472
v 0.255033 -0.075250 0.325670
v 0.211533 -0.036050 0.385172
v -0.033937 -0.176950 -0.043129
v 0.031413 -0.178950 -0.040428
v -0.041438 -0.195350 -0.018929
v 0.141792 -0.072750 -0.090328
v 0.118433 -0.116950 -0.044029
v 0.099642 -0.093650 -0.105530
v 0.119032 -0.055550 -0.121328
v 0.056343 -0.088850 -0.125528
v 0.095842 -0.043350 -0.131329
v 0.029032 -0.056149 -0.142828
v 0.095842 -0.043350 -0.131329
v 0.056343 -0.088850 -0.125528
v 0.029032 -0.056149 -0.142828
v 0.056343 -0.088850 -0.125528
v 0.002862 -0.079350 -0.138229
v 0.446113 -0.194050 0.415472
v 0.446242 -0.166650 0.349072
v 0.356173 -0.135150 0.389671
v 0.356173 -0.135150 0.389671
v 0.337102 -0.134550 0.466671
v 0.112002 0.565950 -0.254129
v 0.117912 0.567350 -0.225229
v 0.115782 0.545950 -0.235029
v 0.010713 0.376750 -0.322529
v 0.026823 0.388250 -0.301729
v 0.020272 0.355450 -0.305128
v -0.035068 -0.740450 0.088171
v -0.137507 -0.727150 0.092472
v -0.062238 -0.656050 0.048071
v -0.240278 -0.686049 0.112171
v -0.295968 -0.817349 0.194172
v -0.152698 -0.625950 0.054171
v -0.344808 -0.760250 0.211071
v -0.295968 -0.817349 0.194172
v -0.229827 -0.451449 0.100370
v -0.308408 -0.531350 0.135571
v -0.403748 -0.503550 0.161972
v -0.365148 -0.431149 0.136572
v -0.397377 -0.599550 0.214972
v -0.403748 -0.503550 0.161972
v -0.212068 0.053250 -0.166430
v -0.166677 -0.002850 -0.154028
v -0.214498 0.032150 -0.115829
v -0.080358 -0.272550 0.066771
v -0.019608 -0.240650 0.022772
v 0.002342 -0.258250 0.038471
v 0.056343 -0.088850 -0.125528
v 0.099642 -0.093650 -0.105530
v 0.054903 -0.111850 -0.106329
v 0.054903 -0.111850 -0.106329
v -0.000937 -0.113450 -0.114630
v 0.054903 -0.111850 -0.106329
v 0.099642 -0.093650 -0.105530
v 0.078982 -0.121449 -0.079529
v -0.131577 -0.118350 -0.025429
v -0.146667 -0.139550 0.011671
v -0.163918 -0.083650 -0.011330
v -0.066648 -0.110750 -0.105129
v -0.069218 -0.083050 -0.125229
v -0.000937 -0.113450 -0.114630
v -0.069218 -0.083050 -0.125229
v -0.057498 -0.054350 -0.136129
v 0.002862 -0.079350 -0.138229
v 0.002862 -0.079350 -0.138229
v -0.000937 -0.113450 -0.114630
v -0.069218 -0.083050 -0.125229
v 0.056343 -0.088850 -0.125528
v -0.000937 -0.113450 -0.114630
v 0.002862 -0.079350 -0.138229
v 0.118433 -0.116950 -0.044029
v 0.078982 -0.121449 -0.079529
v 0.099642 -0.093650 -0.105530
v 0.718343 -0.289350 0.203371
v 0.729362 -0.266550 0.137772
v 0.620822 -0.238150 0.205172
v -0.416168 -0.750649 0.308870
v -0.414638 -0.651150 0.315870
v -0.376848 -0.701950 0.249971
v 0.271412 0.146350 -0.066729
v 0.254522 0.119650 -0.032629
v 0.241602 0.082350 -0.122528
v -0.262658 -0.086850 0.387671
v -0.251128 -0.076650 0.295071
v -0.267228 -0.099150 0.296572
v 0.002862 -0.079350 -0.138229
v -0.038748 -0.058150 -0.141029
v 0.029032 -0.056149 -0.142828
v 0.172913 -0.004849 -0.435629
v 0.201252 0.027451 -0.374329
v 0.171093 -0.015550 -0.343929
v 0.391882 0.257751 -0.131529
v 0.368632 0.216950 -0.126028
v 0.397172 0.224850 -0.179829
v 0.046952 0.351850 -0.265728
v 0.020272 0.355450 -0.305128
v 0.026823 0.388250 -0.301729
v 0.122192 0.173350 -0.117229
v 0.148653 0.155850 -0.213928
v 0.064552 0.135050 -0.169430
v 0.210922 0.165450 -0.229630
v 0.204123 0.194250 -0.123228
v 0.241252 0.191350 -0.179129
v -0.082088 -0.048349 -0.136528
v -0.057498 -0.054350 -0.136129
v -0.069218 -0.083050 -0.125229
v 0.124103 0.191051 -0.033928
v 0.072863 0.206650 -0.024429
v 0.133213 0.213850 -0.018330
v 0.047352 -0.194350 -0.019030
v 0.031413 -0.178950 -0.040428
v 0.068102 -0.162050 -0.044729
v 0.031413 -0.178950 -0.040428
v 0.047982 -0.137350 -0.073929
v -0.085688 -0.127150 -0.057030
v -0.131577 -0.118350 -0.025429
v -0.122298 -0.105650 -0.060228
v -0.122298 -0.105650 -0.060228
v -0.066648 -0.110750 -0.105129
v -0.085688 -0.127150 -0.057030
v -0.504838 -0.192750 0.296471
v -0.569317 -0.218850 0.250771
v -0.555957 -0.228950 0.324572
v 0.046952 0.351850 -0.265728
v 0.085562 0.376451 -0.264229
v 0.089983 0.348750 -0.253929
v 0.075082 0.130950 -0.213228
v 0.064552 0.135050 -0.169430
v 0.148653 0.155850 -0.213928
v 0.016333 0.121650 -0.198830
v 0.004512 0.357350 -0.322029
v 0.013913 0.316650 -0.303728
v -0.013008 0.317550 -0.304529
v 0.118433 -0.116950 -0.044029
v 0.047982 -0.137350 -0.073929
v 0.078982 -0.121449 -0.079529
v -0.555957 -0.228950 0.324572
v -0.460938 -0.181849 0.393471
v -0.504838 -0.192750 0.296471
v -0.050958 -0.133750 -0.072430
v -0.085688 -0.127150 -0.057030
v -0.066648 -0.110750 -0.105129
v 0.348423 0.518050 -0.181330
v 0.315542 0.512050 -0.172428
v 0.305172 0.549150 -0.160629
v 0.337392 0.569350 -0.171629
v 0.322783 0.567950 -0.170130
v 0.120862 0.597050 -0.258129
v 0.131692 0.619550 -0.254229
v 0.158702 0.628750 -0.231329
v -0.262847 0.148050 0.130772
v -0.352118 0.316250 0.078871
v -0.280918 0.183450 0.075670
v -0.160078 0.333050 -0.324928
v -0.130147 0.351650 -0.322529
v -0.127108 0.302850 -0.304729
v 0.237752 0.063350 -0.039330
v 0.210662 0.022850 -0.056629
v 0.232522 0.052150 -0.088728
v 0.201703 0.023350 -0.142229
v 0.232522 0.052150 -0.088728
v 0.203612 0.020750 -0.114630
v -0.063107 -0.160550 -0.047329
v -0.131577 -0.118350 -0.025429
v -0.085688 -0.127150 -0.057030
v 0.202222 -0.067250 0.177872
v 0.212022 -0.110950 0.173971
v 0.195112 -0.080450 0.125471
v -0.229837 0.050150 -0.084528
v -0.215948 0.031050 -0.051128
v -0.241747 0.070350 -0.022629
v -0.136457 0.000650 -0.192028
v -0.071308 -0.028850 -0.191929
v -0.120108 -0.025650 -0.167728
v 0.047982 -0.137350 -0.073929
v -0.017347 -0.129350 -0.083729
v 0.054903 -0.111850 -0.106329
v 0.054903 -0.111850 -0.106329
v 0.078982 -0.121449 -0.079529
v -0.033937 -0.176950 -0.043129
v -0.024047 -0.148450 -0.070528
v 0.031413 -0.178950 -0.040428
v -0.166398 0.018950 -0.191830
v -0.136457 0.000650 -0.192028
v -0.120108 -0.025650 -0.167728
v 0.247872 0.364450 -0.340630
v 0.250143 0.327750 -0.331728
v 0.228242 0.361051 -0.332829
v -0.127108 0.302850 -0.304729
v -0.176888 0.307750 -0.320629
v -0.160078 0.333050 -0.324928
v 0.134132 0.480050 -0.283030
v 0.123252 0.491450 -0.264729
v 0.137433 0.447150 -0.266129
v -0.280918 0.183450 0.075670
v -0.352118 0.316250 0.078871
v -0.285687 0.201050 -0.012529
v 0.798102 -0.333549 -0.128429
v 0.823853 -0.308750 -0.069729
v 0.851152 -0.321350 -0.066729
v -0.039628 0.128850 -0.176329
v -0.027167 0.123250 -0.259129
v -0.059438 0.130350 -0.178329
v -0.179858 -0.098550 0.110971
v -0.166868 -0.136950 0.074671
v -0.204537 -0.134350 0.148870
v -0.184597 -0.073750 0.078171
v -0.158857 -0.129250 0.038172
v -0.136477 -0.168650 0.044672
v -0.158857 -0.129250 0.038172
v -0.202528 -0.087749 0.209871
v -0.219808 -0.003250 0.140270
v -0.200667 -0.062250 0.166872
v 0.096373 -0.138750 -0.036928
v 0.047982 -0.137350 -0.073929
v 0.118433 -0.116950 -0.044029
v 0.096373 -0.138750 -0.036928
v 0.068102 -0.162050 -0.044729
v -0.024047 -0.148450 -0.070528
v -0.033937 -0.176950 -0.043129
v -0.063107 -0.160550 -0.047329
v -0.000937 -0.113450 -0.114630
v -0.050958 -0.133750 -0.072430
v -0.066648 -0.110750 -0.105129
v 0.287832 -0.105450 0.320471
v 0.255033 -0.075250 0.325670
v 0.241842 -0.073550 0.454472
v -0.359158 0.484950 -0.199028
v -0.387638 0.484350 -0.190128
v -0.390128 0.509350 -0.197229
v 0.064463 -0.068950 -0.414429
v 0.106472 -0.049550 -0.446428
v 0.095182 -0.070550 -0.357828
v -0.200667 -0.062250 0.166872
v -0.194108 -0.077450 0.130772
v -0.205818 -0.111050 0.157572
v 0.570023 -0.255549 0.332871
v 0.718343 -0.289350 0.203371
v 0.620822 -0.238150 0.205172
v 0.202222 -0.067250 0.177872
v 0.228423 -0.066450 0.250671
v 0.207582 -0.085350 0.215872
v 0.126712 0.302550 -0.304428
v 0.132312 0.369650 -0.329329
v 0.154382 0.312250 -0.317429
v 0.047982 -0.137350 -0.073929
v 0.031413 -0.178950 -0.040428
v -0.024047 -0.148450 -0.070528
v -0.063107 -0.160550 -0.047329
v -0.050958 -0.133750 -0.072430
v -0.017347 -0.129350 -0.083729
v -0.017347 -0.129350 -0.083729
v -0.050958 -0.133750 -0.072430
v -0.000937 -0.113450 -0.114630
v 0.005152 -0.095250 -0.368629
v 0.064463 -0.068950 -0.414429
v 0.095182 -0.070550 -0.357828
v -0.039628 0.128850 -0.176329
v -0.059438 0.130350 -0.178329
v -0.033788 0.147450 -0.146429
v -0.124638 0.148350 -0.232229
v -0.171207 0.182150 -0.134930
v -0.216208 0.169450 -0.211729
v -0.124638 0.148350 -0.232229
v -0.198038 0.161950 -0.276928
v -0.475508 -0.883550 0.301571
v -0.441607 -0.699950 0.284571
v -0.367487 -0.802250 0.195871
v -0.355467 -0.921750 0.219771
v 0.250143 0.327750 -0.331728
v 0.294403 0.329150 -0.330429
v 0.292142 0.297950 -0.313429
v -0.120108 -0.025650 -0.167728
v -0.166677 -0.002850 -0.154028
v -0.166398 0.018950 -0.191830
v 0.157783 -0.191850 0.061071
v 0.191772 -0.199150 0.105970
v 0.148572 -0.230949 0.071571
v 0.353572 0.503750 -0.191528
v 0.348423 0.518050 -0.181330
v 0.376482 0.513451 -0.193729
v 0.337392 0.569350 -0.171629
v 0.376482 0.513451 -0.193729
v 0.091982 0.622350 -0.285130
v 0.113362 0.628551 -0.287829
v 0.101772 0.588750 -0.278229
v 0.095182 -0.070550 -0.357828
v 0.106472 -0.049550 -0.446428
v 0.172913 -0.004849 -0.435629
v -0.467798 -0.926250 0.352072
v -0.416168 -0.750649 0.308870
v -0.428177 -0.847350 0.286572
v 0.127372 -0.027950 -0.156229
v 0.177493 0.021050 -0.176828
v 0.201703 0.023350 -0.142229
v 0.047982 -0.137350 -0.073929
v -0.024047 -0.148450 -0.070528
v -0.017347 -0.129350 -0.083729
v -0.063107 -0.160550 -0.047329
v -0.085688 -0.127150 -0.057030
v -0.050958 -0.133750 -0.072430
v 0.107482 0.526550 -0.200529
v 0.114382 0.488250 -0.204529
v 0.110922 0.534850 -0.222429
v -0.171207 0.182150 -0.134930
v -0.177527 0.206450 -0.043030
v -0.143477 0.194250 -0.033829
v 0.088303 -0.603750 0.011070
v 0.253752 -0.558249 0.065571
v 0.255322 -0.704550 0.089571
v 0.096992 -0.720449 0.047171
v -0.229837 0.050150 -0.084528
v -0.214498 0.032150 -0.115829
v -0.215948 0.031050 -0.051128
v 0.054903 -0.111850 -0.106329
v -0.017347 -0.129350 -0.083729
v -0.000937 -0.113450 -0.114630
v 0.232522 0.052150 -0.088728
v 0.210662 0.022850 -0.056629
v 0.203612 0.020750 -0.114630
v 0.135273 -0.009749 -0.182428
v 0.177493 0.021050 -0.176828
v 0.127372 -0.027950 -0.156229
v -0.300228 0.333150 -0.331629
v -0.250577 0.327050 -0.330229
v -0.299608 0.287050 -0.306028
v -0.240278 -0.686049 0.112171
v -0.344808 -0.760250 0.211071
v -0.337207 -0.626250 0.175272
v -0.308408 -0.531350 0.135571
v -0.240278 -0.686049 0.112171
v -0.152698 -0.625950 0.054171
v -0.337207 -0.626250 0.175272
v -0.397377 -0.599550 0.214972
v -0.098487 0.211550 -0.400429
v -0.082478 0.219450 -0.420429
v -0.127947 0.203650 -0.391329
v 0.202222 -0.067250 0.177872
v 0.223883 0.005050 0.210772
v 0.228423 -0.066450 0.250671
v 0.055643 -0.201150 -0.000328
v 0.085083 -0.203750 0.024471
v 0.047883 -0.226049 0.019470
v 0.116172 -0.175350 0.027672
v 0.085083 -0.203750 0.024471
v -0.153247 -0.024850 -0.107128
v -0.127538 -0.059850 -0.112228
v -0.169278 -0.009049 -0.104229
v -0.057498 -0.054350 -0.136129
v -0.038748 -0.058150 -0.141029
v 0.002862 -0.079350 -0.138229
v -0.085147 0.348150 -0.254528
v -0.085098 0.375450 -0.264528
v -0.045348 0.351850 -0.265728
v -0.205818 -0.111050 0.157572
v -0.194108 -0.077450 0.130772
v -0.204537 -0.134350 0.148870
v -0.621337 -0.252950 0.275171
v -0.555957 -0.228950 0.324572
v -0.569317 -0.218850 0.250771
v -0.624728 -0.493649 0.088171
v -0.558837 -0.482150 0.120171
v -0.602087 -0.536950 0.187471
v -0.444968 -0.166050 0.350672
v -0.504838 -0.192750 0.296471
v -0.460938 -0.181849 0.393471
v -0.621337 -0.252950 0.275171
v -0.569317 -0.218850 0.250771
v -0.710197 -0.268550 0.176870
v 0.058503 0.221450 -0.421129
v 0.041512 0.220750 -0.437328
v 0.011922 0.227050 -0.422930
v 0.054903 0.209050 -0.393028
v 0.058503 0.221450 -0.421129
v 0.028072 0.198050 -0.040529
v -0.027537 0.225150 -0.030428
v 0.046612 0.227551 -0.026030
v -0.271888 0.128850 -0.107630
v -0.246588 0.097750 -0.070629
v -0.287087 0.159250 -0.085129
v 0.151203 0.440650 -0.286728
v 0.134132 0.480050 -0.283030
v 0.137433 0.447150 -0.266129
v -0.671557 -0.481050 0.017271
v -0.702358 -0.507050 0.047472
v -0.761397 -0.503750 -0.044128
v -0.671557 -0.481050 0.017271
v -0.624728 -0.493649 0.088171
v -0.024047 -0.148450 -0.070528
v -0.063107 -0.160550 -0.047329
v -0.017347 -0.129350 -0.083729
v -0.219627 0.325750 -0.321329
v -0.250577 0.327050 -0.330229
v -0.245237 0.360550 -0.341129
v -0.710197 -0.268550 0.176870
v -0.689018 -0.252950 0.154371
v -0.780998 -0.293449 0.113371
v 0.706773 -0.490350 -0.024429
v 0.656272 -0.514850 0.105772
v 0.646513 -0.484650 0.036470
v 0.337102 -0.134550 0.466671
v 0.356173 -0.135150 0.389671
v 0.241842 -0.073550 0.454472
v 0.053032 -0.281750 0.069471
v 0.041583 -0.269550 0.061272
v 0.054893 -0.256850 0.042471
v 0.095182 -0.070550 -0.357828
v 0.172913 -0.004849 -0.435629
v 0.171093 -0.015550 -0.343929
v 0.055963 -0.030450 -0.197529
v 0.135273 -0.009749 -0.182428
v 0.127372 -0.027950 -0.156229
v 0.334093 0.484651 -0.184729
v 0.353572 0.503750 -0.191528
v 0.333492 0.474050 -0.203030
v -0.245237 0.360550 -0.341129
v -0.208067 0.348150 -0.329128
v -0.219627 0.325750 -0.321329
v -0.310587 0.122150 -0.265329
v -0.264917 0.075450 -0.264229
v -0.298028 0.108150 -0.222929
v -0.190887 -0.207250 0.107872
v -0.205368 -0.184050 0.134670
v -0.180498 -0.167150 0.085670
v -0.166677 -0.002850 -0.154028
v -0.153247 -0.024850 -0.107128
v -0.169278 -0.009049 -0.104229
v 0.177262 0.187050 -0.342730
v 0.205372 0.176650 -0.364630
v 0.179883 0.192550 -0.362329
v 0.179883 0.192550 -0.362329
v 0.144242 0.195750 -0.365129
v 0.569663 -1.006450 0.421372
v 0.478922 -0.875150 0.439272
v 0.508953 -1.004149 0.541771
v 0.436213 -0.882050 0.548472
v -0.236117 0.077650 -0.126228
v -0.246588 0.097750 -0.070629
v -0.271888 0.128850 -0.107630
v -0.251128 -0.076650 0.295071
v -0.220808 -0.008150 0.279072
v -0.230758 -0.052750 0.257172
v -0.118068 0.609250 -0.270329
v -0.155138 0.641850 -0.266729
v -0.151068 0.659150 -0.282229
v -0.125378 0.681150 -0.287129
v -0.129308 0.645950 -0.288729
v -0.491757 -0.482250 0.150970
v -0.535498 -0.531050 0.190971
v -0.558837 -0.482150 0.120171
v 0.133213 0.213850 -0.018330
v 0.175542 0.202150 -0.042929
v 0.124103 0.191051 -0.033928
v -0.083888 -0.589849 0.011871
v -0.035768 -0.735050 0.049671
v -0.095878 -0.720850 0.046871
v 0.088303 -0.603750 0.011070
v -0.083888 -0.589849 0.011871
v -0.252657 -0.704450 0.091171
v -0.251428 -0.574950 0.070572
v 0.092173 -0.017550 -0.194029
v 0.127812 -0.001750 -0.200628
v 0.135273 -0.009749 -0.182428
v 0.212022 -0.110950 0.173971
v 0.208383 -0.157050 0.139771
v 0.197712 -0.114050 0.135271
v 0.197712 -0.114050 0.135271
v 0.195112 -0.080450 0.125471
v 0.197712 -0.114050 0.135271
v 0.181472 -0.097250 0.110971
v 0.110572 -0.279650 0.077770
v 0.096512 -0.241250 0.045172
v 0.122812 -0.254350 0.068071
v -0.246588 0.097750 -0.070629
v -0.285687 0.201050 -0.012529
v -0.287087 0.159250 -0.085129
v 0.219782 0.338050 -0.327728
v 0.203642 0.324350 -0.318930
v 0.186963 0.355150 -0.331028
v 0.306772 0.210450 -0.048328
v 0.286942 0.202650 0.009272
v 0.271412 0.146350 -0.066729
v 0.027183 0.125250 -0.267328
v 0.016333 0.121650 -0.198830
v 0.075082 0.130950 -0.213228
v -0.030608 0.213850 -0.405329
v -0.048918 0.217350 -0.417130
v -0.082478 0.219450 -0.420429
v -0.027537 0.225150 -0.030428
v -0.028188 0.199750 -0.039928
v -0.107088 0.215651 -0.017029
v -0.109787 -1.075350 0.291472
v 0.002273 -1.131150 0.327372
v -0.101707 -1.148250 0.342772
v -0.284237 -1.010750 0.261572
v -0.275928 -0.928050 0.241871
v 0.253932 0.262550 -0.286928
v 0.282642 0.265350 -0.304428
v 0.268212 0.255750 -0.295729
v 0.015102 -0.215650 0.012072
v 0.055643 -0.201150 -0.000328
v 0.047883 -0.226049 0.019470
v 0.506133 -0.206650 0.350971
v 0.620822 -0.238150 0.205172
v 0.527963 -0.203250 0.274971
v -0.067368 0.215750 -0.431629
v -0.048918 0.217350 -0.417130
v -0.030168 0.227450 -0.434328
v 0.178382 0.298450 -0.313330
v 0.154382 0.312250 -0.317429
v 0.185613 0.313050 -0.321829
v 0.208663 -0.662849 0.083271
v 0.342692 -0.560750 0.158371
v 0.336213 -0.653850 0.181572
v 0.350722 -0.766749 0.213972
v 0.375632 -0.936250 0.262671
v 0.443343 -0.916250 0.295271
v 0.443343 -0.916250 0.295271
v 0.468792 -1.051350 0.283272
v 0.288023 -0.799350 0.181271
v 0.183002 -0.781350 0.130072
v 0.302042 -0.517850 0.130272
v 0.141112 -0.595050 0.048571
v -0.028188 0.199750 -0.039928
v -0.027537 0.225150 -0.030428
v 0.028072 0.198050 -0.040529
v -0.027167 0.123250 -0.259129
v -0.124638 0.148350 -0.232229
v -0.059438 0.130350 -0.178329
v -0.355467 -0.921750 0.219771
v -0.367487 -0.802250 0.195871
v -0.310858 -0.911750 0.201370
v -0.104408 0.390150 -0.330328
v -0.130147 0.351650 -0.322529
v -0.140707 0.377851 -0.336929
v 0.011922 0.227050 -0.422930
v -0.030608 0.213850 -0.405329
v 0.002352 0.207350 -0.353828
v 0.201703 0.023350 -0.142229
v 0.203612 0.020750 -0.114630
v 0.150972 -0.024750 -0.112530
v 0.047883 -0.226049 0.019470
v 0.096512 -0.241250 0.045172
v 0.054893 -0.256850 0.042471
v -0.019608 -0.240650 0.022772
v 0.047883 -0.226049 0.019470
v 0.054893 -0.256850 0.042471
v -0.169278 -0.009049 -0.104229
v -0.214498 0.032150 -0.115829
v -0.166677 -0.002850 -0.154028
v 0.253932 0.212450 -0.306229
v 0.255773 0.223950 -0.280428
v 0.270382 0.226550 -0.302029
v -0.199997 0.616651 -0.135828
v -0.183938 0.614850 -0.156729
v -0.181288 0.571750 -0.146130
v 0.443343 -0.916250 0.295271
v 0.386672 -0.710250 0.261271
v 0.428113 -0.742350 0.337771
v 0.287142 -1.207950 0.307572
v 0.248063 -1.203450 0.327372
v 0.206973 -1.094950 0.295071
v -0.019608 -0.240650 0.022772
v -0.102337 -0.229549 0.041771
v -0.059217 -0.211850 0.018271
v -0.080358 -0.272550 0.066771
v -0.282827 0.283650 -0.311829
v -0.250577 0.327050 -0.330229
v -0.241827 0.296050 -0.313229
v -0.134238 0.451050 -0.265228
v -0.117368 0.513950 -0.273329
v -0.151547 0.436851 -0.288029
v 0.503182 -1.012150 0.359470
v 0.466262 -0.915350 0.357370
v 0.456273 -0.890449 0.419571
v -0.097107 0.151450 -0.283628
v -0.198038 0.161950 -0.276928
v -0.124638 0.148350 -0.232229
v -0.310587 0.122150 -0.265329
v -0.298028 0.108150 -0.222929
v -0.340898 0.147350 -0.229929
v -0.131577 -0.118350 -0.025429
v -0.063107 -0.160550 -0.047329
v -0.100348 -0.156650 -0.029228
v -0.384598 -0.906150 0.257471
v -0.428177 -0.847350 0.286572
v -0.344808 -0.760250 0.211071
v -0.218338 0.195350 -0.140028
v -0.216208 0.169450 -0.211729
v -0.246478 0.192150 -0.195528
v -0.423728 -0.168449 0.418871
v -0.444968 -0.166050 0.350672
v -0.460938 -0.181849 0.393471
v -0.162278 -0.197949 0.068871
v -0.190887 -0.207250 0.107872
v -0.180498 -0.167150 0.085670
v -0.140548 -0.223150 0.063171
v -0.162278 -0.197949 0.068871
v -0.136477 -0.168650 0.044672
v -0.190887 -0.207250 0.107872
v -0.162278 -0.197949 0.068871
v 0.109142 -0.153450 -0.026228
v 0.068102 -0.162050 -0.044729
v 0.096373 -0.138750 -0.036928
v -0.120927 0.410050 -0.340729
v -0.095218 0.416050 -0.343628
v -0.104408 0.390150 -0.330328
v 0.358323 0.297350 -0.021229
v 0.286942 0.202650 0.009272
v 0.306772 0.210450 -0.048328
v 0.028072 0.198050 -0.040529
v 0.046612 0.227551 -0.026030
v 0.072863 0.206650 -0.024429
v -0.113428 0.341750 -0.302729
v -0.130147 0.351650 -0.322529
v -0.101297 0.355650 -0.275229
v -0.085098 0.375450 -0.264528
v -0.085147 0.348150 -0.254528
v 0.110922 0.534850 -0.222429
v 0.114382 0.488250 -0.204529
v 0.125443 0.477950 -0.217129
v 0.146193 0.542650 -0.163929
v 0.154772 0.571750 -0.165129
v 0.178573 0.572450 -0.149429
v 0.353572 0.503750 -0.191528
v 0.334093 0.484651 -0.184729
v 0.348423 0.518050 -0.181330
v -0.285687 0.201050 -0.012529
v -0.352118 0.316250 0.078871
v -0.355258 0.306750 -0.000528
v 0.517502 -0.465250 0.127871
v 0.544003 -0.520750 0.166370
v 0.453592 -0.498250 0.163771
v -0.365938 0.354150 -0.287628
v -0.340508 0.341150 -0.316729
v -0.323627 0.324250 -0.319529
v -0.341318 0.552150 -0.174830
v -0.334208 0.602551 -0.176628
v -0.315618 0.546550 -0.168129
v -0.334877 0.512750 -0.179730
v 0.103152 0.417650 -0.343128
v 0.139243 0.384650 -0.338329
v 0.090852 0.398650 -0.330929
v 0.083912 -0.673750 0.057871
v 0.072212 -0.597850 0.038672
v 0.141112 -0.595050 0.048571
v -0.710197 -0.268550 0.176870
v -0.569317 -0.218850 0.250771
v -0.689018 -0.252950 0.154371
v 0.782182 -0.461150 -0.108728
v 0.770853 -0.500950 -0.051329
v 0.706773 -0.490350 -0.024429
v -0.038748 -0.058150 -0.141029
v -0.071308 -0.028850 -0.191929
v -0.039028 -0.036750 -0.183628
v 0.148572 -0.230949 0.071571
v 0.122812 -0.254350 0.068071
v 0.096512 -0.241250 0.045172
v -0.180498 -0.167150 0.085670
v -0.205368 -0.184050 0.134670
v -0.204537 -0.134350 0.148870
v -0.204537 -0.134350 0.148870
v -0.224587 -0.133850 0.191071
v -0.205818 -0.111050 0.157572
v 0.096373 -0.138750 -0.036928
v 0.154283 -0.109550 -0.007229
v 0.109142 -0.153450 -0.026228
v -0.067498 0.425651 -0.344929
v -0.023677 0.443950 -0.358830
v -0.036297 0.423750 -0.346729
v 0.215403 0.513950 -0.136829
v 0.209113 0.524550 -0.125830
v 0.223662 0.546550 -0.130730
v 0.058222 0.382050 -0.267630
v 0.046952 0.351850 -0.265728
v 0.026823 0.388250 -0.301729
v -0.045348 0.351850 -0.265728
v -0.056638 0.382150 -0.267630
v -0.024288 0.388350 -0.302130
v 0.177493 0.021050 -0.176828
v 0.127812 -0.001750 -0.200628
v 0.189803 0.034350 -0.195429
v 0.346592 0.311750 0.125872
v 0.286942 0.202650 0.009272
v 0.358323 0.297350 -0.021229
v 0.255162 0.288250 -0.312029
v 0.250143 0.327750 -0.331728
v 0.282642 0.265350 -0.304428
v 0.207582 -0.085350 0.215872
v 0.234152 -0.147850 0.183971
v 0.212022 -0.110950 0.173971
v -0.224587 -0.133850 0.191071
v -0.202528 -0.087749 0.209871
v -0.205818 -0.111050 0.157572
v 0.005013 -0.269450 0.055872
v 0.053032 -0.281750 0.069471
v -0.055037 -0.312050 0.078772
v -0.019608 -0.240650 0.022772
v 0.054893 -0.256850 0.042471
v 0.002342 -0.258250 0.038471
v 0.047883 -0.226049 0.019470
v 0.015102 -0.215650 0.012072
v -0.235608 0.199250 -0.303329
v -0.262837 0.219851 -0.304230
v -0.252337 0.220650 -0.278429
v 0.132312 0.369650 -0.329329
v 0.139243 0.384650 -0.338329
v 0.153132 0.363151 -0.332628
v 0.132312 0.369650 -0.329329
v 0.090852 0.398650 -0.330929
v 0.139243 0.384650 -0.338329
v 0.271412 0.146350 -0.066729
v 0.290883 0.147150 -0.115229
v 0.306772 0.210450 -0.048328
v 0.164193 -0.147449 0.064772
v 0.191772 -0.199150 0.105970
v 0.157783 -0.191850 0.061071
v 0.191772 -0.199150 0.105970
v 0.208383 -0.157050 0.139771
v 0.194653 -0.217950 0.108572
v -0.038748 -0.058150 -0.141029
v -0.039028 -0.036750 -0.183628
v 0.029032 -0.056149 -0.142828
v -0.166677 -0.002850 -0.154028
v -0.122928 -0.035250 -0.119928
v -0.153247 -0.024850 -0.107128
v 0.508102 -1.313849 0.203671
v 0.595613 -1.374750 0.201971
v 0.534752 -1.403150 0.226872
v -0.039028 -0.036750 -0.183628
v 0.055963 -0.030450 -0.197529
v 0.029032 -0.056149 -0.142828
v 0.210662 0.022850 -0.056629
v 0.174072 -0.002950 -0.101130
v 0.203612 0.020750 -0.114630
v -0.177517 -0.280149 0.099670
v -0.116568 -0.261350 0.069071
v -0.080358 -0.272550 0.066771
v -0.140548 -0.223150 0.063171
v -0.102337 -0.229549 0.041771
v -0.116568 -0.261350 0.069071
v -0.080358 -0.272550 0.066771
v -0.055037 -0.312050 0.078772
v -0.177517 -0.280149 0.099670
v -0.120108 -0.025650 -0.167728
v -0.038748 -0.058150 -0.141029
v -0.082088 -0.048349 -0.136528
v -0.038748 -0.058150 -0.141029
v -0.120108 -0.025650 -0.167728
v -0.071308 -0.028850 -0.191929
v 0.185613 0.313050 -0.321829
v 0.203642 0.324350 -0.318930
v 0.178382 0.298450 -0.313330
v 0.090852 0.398650 -0.330929
v 0.063472 0.410650 -0.330629
v 0.103152 0.417650 -0.343128
v 0.322783 0.567950 -0.170130
v 0.323873 0.611450 -0.173630
v 0.337392 0.569350 -0.171629
v 0.142142 -1.036550 0.275271
v 0.256873 -1.033649 0.271071
v 0.206973 -1.094950 0.295071
v 0.375632 -0.936250 0.262671
v 0.301723 -0.874650 0.217972
v 0.350722 -0.766749 0.213972
v -0.256298 0.092051 -0.165329
v -0.236117 0.077650 -0.126228
v -0.271888 0.128850 -0.107630
v 0.002352 0.207350 -0.353828
v 0.054903 0.209050 -0.393028
v 0.011922 0.227050 -0.422930
v 0.029032 -0.056149 -0.142828
v 0.055963 -0.030450 -0.197529
v 0.127372 -0.027950 -0.156229
v 0.150972 -0.024750 -0.112530
v 0.201703 0.023350 -0.142229
v 0.039433 0.418550 -0.342629
v 0.002062 0.408450 -0.344629
v 0.034352 0.442850 -0.357328
v 0.181472 -0.097250 0.110971
v 0.208383 -0.157050 0.139771
v 0.164193 -0.147449 0.064772
v 0.208383 -0.157050 0.139771
v 0.191772 -0.199150 0.105970
v 0.116172 -0.175350 0.027672
v 0.157783 -0.191850 0.061071
v 0.148572 -0.230949 0.071571
v 0.148572 -0.230949 0.071571
v 0.096512 -0.241250 0.045172
v 0.116172 -0.175350 0.027672
v -0.202528 -0.087749 0.209871
v -0.230758 -0.052750 0.257172
v -0.220168 0.004850 0.220470
v -0.224348 0.184850 -0.337328
v -0.235608 0.199250 -0.303329
v -0.218947 0.186250 -0.312529
v 0.272362 0.103850 -0.172428
v 0.290883 0.147150 -0.115229
v 0.241602 0.082350 -0.122528
v -0.250577 0.327050 -0.330229
v -0.219627 0.325750 -0.321329
v -0.241827 0.296050 -0.313229
v 0.208383 -0.157050 0.139771
v 0.181472 -0.097250 0.110971
v 0.197712 -0.114050 0.135271
v -0.295968 -0.817349 0.194172
v -0.384598 -0.906150 0.257471
v -0.344808 -0.760250 0.211071
v -0.288208 0.254550 -0.299830
v -0.282827 0.283650 -0.311829
v -0.262867 0.267450 -0.299028
v -0.120108 -0.025650 -0.167728
v -0.082088 -0.048349 -0.136528
v -0.122928 -0.035250 -0.119928
v -0.166677 -0.002850 -0.154028
v -0.122928 -0.035250 -0.119928
v 0.182282 0.614850 -0.161329
v 0.201892 0.617650 -0.135929
v 0.178573 0.572450 -0.149429
v 0.337392 0.569350 -0.171629
v 0.348423 0.518050 -0.181330
v 0.305172 0.549150 -0.160629
v 0.189803 0.034350 -0.195429
v 0.221403 0.060750 -0.158228
v 0.177493 0.021050 -0.176828
v 0.272362 0.103850 -0.172428
v 0.851152 -0.321350 -0.066729
v 0.823853 -0.308750 -0.069729
v 0.803182 -0.288850 0.028770
v 0.180362 0.156350 -0.263229
v 0.163373 0.162050 -0.303228
v 0.104962 0.148050 -0.265329
v -0.214498 0.032150 -0.115829
v -0.169278 -0.009049 -0.104229
v -0.185858 0.010350 -0.088928
v 0.122812 -0.254350 0.068071
v 0.178702 -0.276950 0.097771
v 0.110572 -0.279650 0.077770
v -0.179858 -0.098550 0.110971
v -0.204537 -0.134350 0.148870
v -0.194108 -0.077450 0.130772
v 0.150972 -0.024750 -0.112530
v 0.203612 0.020750 -0.114630
v 0.174072 -0.002950 -0.101130
v -0.140707 0.377851 -0.336929
v -0.130147 0.351650 -0.322529
v -0.160078 0.333050 -0.324928
v -0.127108 0.302850 -0.304729
v -0.113428 0.341750 -0.302729
v 0.031892 0.272650 -0.291128
v 0.044562 0.289350 -0.299229
v 0.060253 0.271550 -0.280729
v 0.081573 0.296350 -0.288128
v 0.060253 0.271550 -0.280729
v -0.214498 0.032150 -0.115829
v -0.185858 0.010350 -0.088928
v -0.215948 0.031050 -0.051128
v 0.034352 0.442850 -0.357328
v 0.070312 0.432750 -0.347229
v 0.039433 0.418550 -0.342629
v -0.168518 0.223450 -0.026928
v -0.107088 0.215651 -0.017029
v -0.143477 0.194250 -0.033829
v -0.230758 -0.052750 0.257172
v -0.222898 -0.105350 0.237270
v -0.251128 -0.076650 0.295071
v -0.206088 0.566850 -0.132528
v -0.199997 0.616651 -0.135828
v -0.181288 0.571750 -0.146130
v -0.166917 0.533450 -0.132629
v -0.206088 0.566850 -0.132528
v -0.122898 0.485550 -0.266529
v -0.117368 0.513950 -0.273329
v -0.134238 0.451050 -0.265228
v 0.613992 -1.308249 0.201872
v 0.676402 -1.285550 0.258671
v 0.679132 -1.365149 0.247971
v -0.416168 -0.750649 0.308870
v -0.376848 -0.701950 0.249971
v -0.428177 -0.847350 0.286572
v 0.299522 0.245250 -0.300428
v 0.268212 0.255750 -0.295729
v 0.282642 0.265350 -0.304428
v 0.352522 0.166350 -0.197628
v 0.275912 0.086650 -0.251629
v 0.338422 0.147551 -0.237829
v 0.029032 -0.056149 -0.142828
v 0.127372 -0.027950 -0.156229
v 0.095842 -0.043350 -0.131329
v 0.096512 -0.241250 0.045172
v 0.085083 -0.203750 0.024471
v 0.116172 -0.175350 0.027672
v 0.126933 0.203751 -0.392828
v 0.078732 0.192650 -0.370029
v 0.144242 0.195750 -0.365129
v 0.144242 0.195750 -0.365129
v 0.179883 0.192550 -0.362329
v 0.295103 0.510450 -0.161728
v 0.305172 0.549150 -0.160629
v 0.315542 0.512050 -0.172428
v -0.204078 0.523850 -0.127129
v -0.206088 0.566850 -0.132528
v -0.166917 0.533450 -0.132629
v -0.180498 -0.167150 0.085670
v -0.204537 -0.134350 0.148870
v -0.166868 -0.136950 0.074671
v 0.047883 -0.226049 0.019470
v 0.085083 -0.203750 0.024471
v 0.096512 -0.241250 0.045172
v -0.355527 0.272150 -0.051729
v -0.287087 0.159250 -0.085129
v -0.285687 0.201050 -0.012529
v 0.208663 -0.662849 0.083271
v 0.302042 -0.517850 0.130272
v 0.342692 -0.560750 0.158371
v -0.387408 -0.463250 0.113771
v -0.400228 -0.587150 0.166571
v -0.512527 -0.520350 0.139271
v -0.477618 -0.433350 0.098772
v -0.140548 -0.223150 0.063171
v -0.101468 -0.195950 0.029671
v -0.102337 -0.229549 0.041771
v 0.005152 -0.095250 -0.368629
v 0.095182 -0.070550 -0.357828
v 0.008682 -0.094850 -0.327829
v 0.008682 -0.094850 -0.327829
v -0.065048 -0.080650 -0.355928
v -0.160148 -0.041050 -0.409328
v -0.083057 -0.066150 -0.419430
v -0.478858 -0.979250 0.432171
v -0.467798 -0.926250 0.352072
v -0.526937 -1.063550 0.383772
v 0.225322 0.214951 -0.117229
v 0.241252 0.191350 -0.179129
v 0.204123 0.194250 -0.123228
v -0.143477 0.194250 -0.033829
v -0.177527 0.206450 -0.043030
v -0.168518 0.223450 -0.026928
v -0.262867 0.267450 -0.299028
v -0.282827 0.283650 -0.311829
v -0.241827 0.296050 -0.313229
v -0.145177 0.559250 -0.165329
v -0.181288 0.571750 -0.146130
v -0.183938 0.614850 -0.156729
v 0.104962 0.148050 -0.265329
v 0.075082 0.130950 -0.213228
v 0.148653 0.155850 -0.213928
v 0.290883 0.147150 -0.115229
v 0.271412 0.146350 -0.066729
v 0.241602 0.082350 -0.122528
v 0.115782 0.545950 -0.235029
v 0.110922 0.534850 -0.222429
v 0.128792 0.487050 -0.236029
v -0.383927 0.197750 -0.171829
v -0.366238 0.186151 -0.157330
v -0.355527 0.272150 -0.051729
v -0.710448 -0.473350 -0.047029
v -0.761397 -0.503750 -0.044128
v -0.782157 -0.463050 -0.108829
v 0.075082 0.130950 -0.213228
v 0.104962 0.148050 -0.265329
v 0.027183 0.125250 -0.267328
v -0.140548 -0.223150 0.063171
v -0.136477 -0.168650 0.044672
v -0.101468 -0.195950 0.029671
v 0.234972 0.184450 -0.330429
v 0.234102 0.196250 -0.299829
v 0.253932 0.212450 -0.306229
v -0.109417 0.510950 -0.210129
v -0.103598 0.536150 -0.196928
v -0.108997 0.543750 -0.217428
v -0.188737 -0.001150 -0.346329
v -0.146967 -0.037149 -0.341629
v -0.264917 0.075450 -0.264229
v 0.414912 -1.021950 0.223372
v 0.139563 -0.926050 0.174172
v 0.348823 -0.918350 0.215172
v 0.032652 -1.066050 0.227972
v 0.041583 -0.269550 0.061272
v 0.053032 -0.281750 0.069471
v 0.005013 -0.269450 0.055872
v -0.027257 -0.214550 0.013170
v -0.019608 -0.240650 0.022772
v -0.059217 -0.211850 0.018271
v -0.127947 0.203650 -0.391329
v -0.168158 0.195250 -0.371929
v -0.151207 0.193150 -0.358130
v -0.078298 0.191950 -0.365829
v -0.127947 0.203650 -0.391329
v -0.036297 0.423750 -0.346729
v -0.023677 0.443950 -0.358830
v 0.034352 0.442850 -0.357328
v 0.203642 0.324350 -0.318930
v 0.219782 0.338050 -0.327728
v 0.214922 0.295650 -0.297428
v 0.126583 0.568650 -0.183628
v 0.154772 0.571750 -0.165129
v 0.114142 0.550150 -0.186428
v -0.298028 0.108150 -0.222929
v -0.366238 0.186151 -0.157330
v -0.340898 0.147350 -0.229929
v 0.095842 -0.043350 -0.131329
v 0.127372 -0.027950 -0.156229
v 0.150972 -0.024750 -0.112530
v -0.201757 0.318350 -0.318230
v -0.222218 0.298650 -0.299830
v -0.219627 0.325750 -0.321329
v -0.176888 0.307750 -0.320629
v -0.212808 0.296550 -0.291828
v -0.201757 0.318350 -0.318230
v -0.212068 0.053250 -0.166430
v -0.236117 0.077650 -0.126228
v -0.256298 0.092051 -0.165329
v 0.272362 0.103850 -0.172428
v 0.241602 0.082350 -0.122528
v 0.221403 0.060750 -0.158228
v 0.255773 0.223950 -0.280428
v 0.253932 0.212450 -0.306229
v 0.234102 0.196250 -0.299829
v 0.401332 -0.586850 0.169071
v 0.389082 -0.463150 0.110971
v 0.521553 -0.525550 0.132271
v 0.483192 -0.432350 0.093472
v -0.262658 -0.086850 0.387671
v -0.324567 -0.124750 0.449371
v -0.195357 -0.034650 0.444071
v -0.262658 -0.086850 0.387671
v -0.338667 -0.128449 0.338871
v 0.002352 0.207350 -0.353828
v -0.030608 0.213850 -0.405329
v -0.042357 0.186650 -0.345530
v -0.202528 -0.087749 0.209871
v -0.224587 -0.133850 0.191071
v -0.222898 -0.105350 0.237270
v -0.149608 -0.256050 0.079571
v -0.140548 -0.223150 0.063171
v -0.116568 -0.261350 0.069071
v -0.177517 -0.280149 0.099670
v -0.149608 -0.256050 0.079571
v -0.104897 -0.178650 0.030771
v -0.079358 -0.193950 0.008171
v -0.101468 -0.195950 0.029671
v -0.057498 -0.054350 -0.136129
v -0.082088 -0.048349 -0.136528
v -0.038748 -0.058150 -0.141029
v 0.534752 -1.403150 0.226872
v 0.461632 -1.364450 0.246872
v 0.508102 -1.313849 0.203671
v -0.019608 -0.240650 0.022772
v -0.027257 -0.214550 0.013170
v 0.015102 -0.215650 0.012072
v 0.146193 0.542650 -0.163929
v 0.178573 0.572450 -0.149429
v 0.155892 0.534050 -0.149828
v 0.114142 0.550150 -0.186428
v 0.154772 0.571750 -0.165129
v -0.180498 -0.167150 0.085670
v -0.136477 -0.168650 0.044672
v -0.162278 -0.197949 0.068871
v 0.255162 0.288250 -0.312029
v 0.219782 0.338050 -0.327728
v 0.250143 0.327750 -0.331728
v -0.109417 0.510950 -0.210129
v -0.113518 0.558650 -0.232229
v -0.120418 0.511950 -0.244329
v -0.109417 0.510950 -0.210129
v -0.108997 0.543750 -0.217428
v -0.113518 0.558650 -0.232229
v -0.710448 -0.473350 -0.047029
v -0.671557 -0.481050 0.017271
v -0.761397 -0.503750 -0.044128
v 0.116172 -0.175350 0.027672
v 0.133432 -0.165950 0.040871
v 0.157783 -0.191850 0.061071
v 0.157783 -0.191850 0.061071
v 0.133432 -0.165950 0.040871
v 0.164193 -0.147449 0.064772
v 0.154772 0.571750 -0.165129
v 0.182282 0.614850 -0.161329
v 0.178573 0.572450 -0.149429
v -0.149608 -0.256050 0.079571
v -0.177517 -0.280149 0.099670
v -0.190887 -0.207250 0.107872
v -0.140548 -0.223150 0.063171
v -0.149608 -0.256050 0.079571
v -0.204078 0.523850 -0.127129
v -0.222378 0.545450 -0.130529
v -0.206088 0.566850 -0.132528
v -0.124638 0.148350 -0.232229
v -0.027167 0.123250 -0.259129
v -0.097107 0.151450 -0.283628
v -0.149447 0.169350 -0.321329
v -0.198038 0.161950 -0.276928
v -0.097107 0.151450 -0.283628
v 0.204123 0.194250 -0.123228
v 0.175542 0.202150 -0.042929
v 0.225322 0.214951 -0.117229
v 0.054903 0.209050 -0.393028
v 0.002352 0.207350 -0.353828
v 0.078732 0.192650 -0.370029
v -0.030608 0.213850 -0.405329
v -0.082478 0.219450 -0.420429
v -0.098487 0.211550 -0.400429
v -0.180498 -0.167150 0.085670
v -0.166868 -0.136950 0.074671
v -0.136477 -0.168650 0.044672
v -0.059217 -0.211850 0.018271
v -0.102337 -0.229549 0.041771
v -0.101468 -0.195950 0.029671
v -0.136477 -0.168650 0.044672
v -0.104897 -0.178650 0.030771
v -0.355527 0.272150 -0.051729
v -0.285687 0.201050 -0.012529
v -0.355258 0.306750 -0.000528
v -0.366238 0.186151 -0.157330
v -0.287087 0.159250 -0.085129
v 0.002062 0.408450 -0.344629
v -0.012618 0.379950 -0.320229
v -0.025628 0.404350 -0.331429
v 0.430343 -0.650350 0.397772
v 0.428113 -0.742350 0.337771
v 0.386672 -0.710250 0.261271
v 0.443343 -0.916250 0.295271
v 0.350722 -0.766749 0.213972
v 0.163373 0.162050 -0.303228
v 0.093933 0.164050 -0.310329
v 0.104962 0.148050 -0.265329
v 0.122812 -0.254350 0.068071
v 0.148572 -0.230949 0.071571
v 0.178702 -0.276950 0.097771
v 0.114882 0.343650 -0.303129
v 0.132312 0.369650 -0.329329
v 0.126712 0.302550 -0.304428
v -0.055758 -0.032450 -0.229929
v -0.071308 -0.028850 -0.191929
v -0.136457 0.000650 -0.192028
v 0.101772 0.588750 -0.278229
v 0.113362 0.628551 -0.287829
v 0.127283 0.615550 -0.269129
v 0.126712 0.302550 -0.304428
v 0.154382 0.312250 -0.317429
v 0.178382 0.298450 -0.313330
v 0.306772 0.210450 -0.048328
v 0.368632 0.216950 -0.126028
v 0.358323 0.297350 -0.021229
v 0.194653 -0.217950 0.108572
v 0.178702 -0.276950 0.097771
v 0.148572 -0.230949 0.071571
v 0.046612 0.227551 -0.026030
v 0.133213 0.213850 -0.018330
v 0.072863 0.206650 -0.024429
v -0.188737 -0.001150 -0.346329
v -0.160148 -0.041050 -0.409328
v -0.146967 -0.037149 -0.341629
v -0.366238 0.186151 -0.157330
v -0.383927 0.197750 -0.171829
v -0.340898 0.147350 -0.229929
v 0.366182 -0.117949 0.288172
v 0.353733 -0.099750 0.408772
v 0.465872 -0.159750 0.387371
v 0.502012 -0.165050 0.256472
v 0.366182 -0.117949 0.288172
v -0.224587 -0.133850 0.191071
v -0.239007 -0.162149 0.176870
v -0.222898 -0.105350 0.237270
v 0.174932 0.539450 -0.130329
v 0.205012 0.567750 -0.133829
v 0.209113 0.524550 -0.125830
v 0.352522 0.166350 -0.197628
v 0.397172 0.224850 -0.179829
v 0.368632 0.216950 -0.126028
v 0.272362 0.103850 -0.172428
v 0.290883 0.147150 -0.115229
v -0.062238 -0.656050 0.048071
v -0.152698 -0.625950 0.054171
v -0.109407 -0.575950 0.043072
v 0.502012 -0.165050 0.256472
v 0.465872 -0.159750 0.387371
v 0.685333 -0.230550 0.202572
v -0.387408 -0.463250 0.113771
v -0.083888 -0.589849 0.011871
v -0.251428 -0.574950 0.070572
v -0.222898 -0.105350 0.237270
v -0.230758 -0.052750 0.257172
v -0.202528 -0.087749 0.209871
v 0.191772 -0.199150 0.105970
v 0.194653 -0.217950 0.108572
v 0.148572 -0.230949 0.071571
v -0.315618 0.546550 -0.168129
v -0.291927 0.539950 -0.145529
v -0.302708 0.490650 -0.177429
v -0.334877 0.512750 -0.179730
v -0.363297 0.551050 -0.192228
v -0.341318 0.552150 -0.174830
v -0.376848 -0.701950 0.249971
v -0.344808 -0.760250 0.211071
v -0.428177 -0.847350 0.286572
v -0.055037 -0.312050 0.078772
v -0.080358 -0.272550 0.066771
v 0.005013 -0.269450 0.055872
v 0.053032 -0.281750 0.069471
v 0.110572 -0.279650 0.077770
v 0.093642 -0.361350 0.087372
v 0.096512 -0.241250 0.045172
v -0.145177 0.559250 -0.165329
v -0.115767 0.562551 -0.184830
v -0.119008 0.540150 -0.181528
v -0.145177 0.559250 -0.165329
v -0.145308 0.586150 -0.181929
v -0.198038 0.161950 -0.276928
v -0.237947 0.183650 -0.258829
v -0.216208 0.169450 -0.211729
v -0.042357 0.186650 -0.345530
v -0.030608 0.213850 -0.405329
v -0.078298 0.191950 -0.365829
v -0.212068 0.053250 -0.166430
v -0.256298 0.092051 -0.165329
v -0.264917 0.075450 -0.264229
v -0.264917 0.075450 -0.264229
v -0.166398 0.018950 -0.191830
v 0.368062 0.362750 -0.289530
v 0.324253 0.323150 -0.319630
v 0.342232 0.341250 -0.316528
v -0.423728 -0.168449 0.418871
v -0.338667 -0.128449 0.338871
v -0.444968 -0.166050 0.350672
v -0.324567 -0.124750 0.449371
v 0.466262 -0.915350 0.357370
v 0.478562 -1.008150 0.310871
v 0.443343 -0.916250 0.295271
v 0.206973 -1.094950 0.295071
v 0.248063 -1.203450 0.327372
v 0.130322 -1.128950 0.323771
v 0.287142 -1.207950 0.307572
v 0.335833 -1.155750 0.274872
v 0.275912 0.086650 -0.251629
v 0.272362 0.103850 -0.172428
v 0.189803 0.034350 -0.195429
v 0.352522 0.166350 -0.197628
v 0.272362 0.103850 -0.172428
v 0.256932 -0.094450 0.281271
v 0.207582 -0.085350 0.215872
v 0.228423 -0.066450 0.250671
v 0.256932 -0.094450 0.281271
v 0.231203 -0.115350 0.234371
v 0.231203 -0.115350 0.234371
v 0.234152 -0.147850 0.183971
v 0.259422 -0.210950 0.150671
v 0.208383 -0.157050 0.139771
v 0.212022 -0.110950 0.173971
v 0.055963 -0.030450 -0.197529
v -0.039028 -0.036750 -0.183628
v 0.001613 -0.032450 -0.204128
v -0.055758 -0.032450 -0.229929
v 0.001613 -0.032450 -0.204128
v -0.039028 -0.036750 -0.183628
v 0.058503 0.221450 -0.421129
v 0.054903 0.209050 -0.393028
v 0.093792 0.217150 -0.415129
v 0.685333 -0.230550 0.202572
v 0.642413 -0.212950 0.151472
v 0.502012 -0.165050 0.256472
v 0.352522 0.166350 -0.197628
v 0.368632 0.216950 -0.126028
v 0.290883 0.147150 -0.115229
v 0.201313 0.171350 -0.295429
v 0.163373 0.162050 -0.303228
v 0.180362 0.156350 -0.263229
v 0.060253 0.271550 -0.280729
v 0.081573 0.296350 -0.288128
v 0.089393 0.286850 -0.272829
v -0.300168 -1.262250 0.329472
v -0.298007 -1.192450 0.300072
v -0.217577 -1.227050 0.364370
v 0.201313 0.171350 -0.295429
v 0.180362 0.156350 -0.263229
v 0.210922 0.165450 -0.229630
v 0.189803 0.034350 -0.195429
v 0.171093 -0.015550 -0.343929
v 0.275912 0.086650 -0.251629
v -0.065048 -0.080650 -0.355928
v -0.146967 -0.037149 -0.341629
v -0.160148 -0.041050 -0.409328
v 0.011922 0.227050 -0.422930
v -0.030168 0.227450 -0.434328
v -0.048918 0.217350 -0.417130
v -0.298028 0.108150 -0.222929
v -0.256298 0.092051 -0.165329
v -0.366238 0.186151 -0.157330
v -0.224587 -0.133850 0.191071
v -0.204537 -0.134350 0.148870
v -0.239007 -0.162149 0.176870
v -0.095218 0.416050 -0.343628
v -0.068478 0.406850 -0.327929
v -0.104408 0.390150 -0.330328
v 0.287832 -0.105450 0.320471
v 0.356173 -0.135150 0.389671
v 0.366582 -0.140550 0.327671
v -0.055758 -0.032450 -0.229929
v -0.039028 -0.036750 -0.183628
v -0.071308 -0.028850 -0.191929
v -0.526937 -1.063550 0.383772
v -0.467798 -0.926250 0.352072
v -0.484958 -0.990050 0.331270
v -0.048918 0.217350 -0.417130
v -0.030608 0.213850 -0.405329
v 0.011922 0.227050 -0.422930
v 0.287832 -0.105450 0.320471
v 0.241842 -0.073550 0.454472
v 0.356173 -0.135150 0.389671
v -0.166398 0.018950 -0.191830
v -0.264917 0.075450 -0.264229
v -0.146967 -0.037149 -0.341629
v 0.120862 0.597050 -0.258129
v 0.112002 0.565950 -0.254129
v 0.102762 0.564450 -0.273129
v -0.085038 0.658550 -0.289629
v -0.096608 0.634550 -0.283129
v -0.115327 0.631950 -0.286129
v 0.210922 0.165450 -0.229630
v 0.242723 0.185250 -0.252529
v 0.201313 0.171350 -0.295429
v 0.002062 0.408450 -0.344629
v 0.010713 0.376750 -0.322529
v -0.012618 0.379950 -0.320229
v -0.246478 0.192150 -0.195528
v -0.216208 0.169450 -0.211729
v -0.237947 0.183650 -0.258829
v -0.208878 0.217650 -0.085030
v -0.177527 0.206450 -0.043030
v -0.218338 0.195350 -0.140028
v -0.239007 -0.162149 0.176870
v -0.204537 -0.134350 0.148870
v -0.205368 -0.184050 0.134670
v 0.070312 0.432750 -0.347229
v 0.103152 0.417650 -0.343128
v 0.063472 0.410650 -0.330629
v 0.163373 0.162050 -0.303228
v 0.078732 0.192650 -0.370029
v 0.093933 0.164050 -0.310329
v 0.050962 0.181350 -0.339529
v 0.241252 0.191350 -0.179129
v 0.251923 0.201150 -0.196129
v 0.242723 0.185250 -0.252529
v 0.210922 0.165450 -0.229630
v 0.287832 -0.105450 0.320471
v 0.256932 -0.094450 0.281271
v 0.255033 -0.075250 0.325670
v 0.054903 0.209050 -0.393028
v 0.126933 0.203751 -0.392828
v 0.093792 0.217150 -0.415129
v -0.118068 0.609250 -0.270329
v -0.115327 0.631950 -0.286129
v -0.096978 0.593350 -0.282229
v 0.306772 0.210450 -0.048328
v 0.290883 0.147150 -0.115229
v 0.368632 0.216950 -0.126028
v -0.264917 0.075450 -0.264229
v -0.256298 0.092051 -0.165329
v -0.298028 0.108150 -0.222929
v -0.360097 0.529850 -0.189030
v -0.390128 0.509350 -0.197229
v -0.363297 0.551050 -0.192228
v 0.205012 0.567750 -0.133829
v 0.223662 0.546550 -0.130730
v 0.209113 0.524550 -0.125830
v 0.302042 -0.517850 0.130272
v 0.394403 -0.490450 0.152971
v 0.342692 -0.560750 0.158371
v 0.354262 -0.404449 0.133270
v 0.394403 -0.490450 0.152971
v 0.476343 -0.441350 0.134171
v 0.394403 -0.490450 0.152971
v -0.271888 0.128850 -0.107630
v -0.287087 0.159250 -0.085129
v -0.366238 0.186151 -0.157330
v 0.287832 -0.105450 0.320471
v 0.315362 -0.140850 0.266972
v 0.256932 -0.094450 0.281271
v -0.365148 -0.431149 0.136572
v -0.403748 -0.503550 0.161972
v -0.449317 -0.422550 0.136171
v -0.526937 -1.063550 0.383772
v -0.651597 -1.229650 0.341171
v -0.527458 -1.107050 0.443771
v -0.149447 0.169350 -0.321329
v -0.097107 0.151450 -0.283628
v -0.082118 0.171050 -0.324329
v -0.149447 0.169350 -0.321329
v -0.082118 0.171050 -0.324329
v -0.078298 0.191950 -0.365829
v -0.042357 0.186650 -0.345530
v -0.271888 0.128850 -0.107630
v -0.366238 0.186151 -0.157330
v -0.256298 0.092051 -0.165329
v -0.690507 -1.298750 0.314371
v -0.645187 -1.213550 0.290871
v -0.668357 -1.309550 0.238972
v 0.676402 -1.285550 0.258671
v 0.634522 -1.197249 0.306372
v 0.665412 -1.253550 0.353170
v 0.112612 0.365150 -0.306330
v 0.132312 0.369650 -0.329329
v 0.114882 0.343650 -0.303129
v 0.102472 0.360450 -0.274429
v 0.112612 0.365150 -0.306330
v 0.089983 0.348750 -0.253929
v 0.102472 0.360450 -0.274429
v 0.085562 0.376451 -0.264229
v 0.102472 0.360450 -0.274429
v -0.275928 -0.928050 0.241871
v -0.284237 -1.010750 0.261572
v -0.384598 -0.906150 0.257471
v -0.810267 -0.322850 -0.109228
v -0.823587 -0.309950 -0.047428
v -0.758567 -0.267250 0.018971
v -0.266418 -1.036050 0.223871
v -0.310858 -0.911750 0.201370
v -0.029337 -0.970449 0.192871
v 0.013173 -0.347950 0.088671
v -0.055037 -0.312050 0.078772
v 0.053032 -0.281750 0.069471
v -0.117238 0.590750 -0.256029
v -0.113518 0.558650 -0.232229
v -0.142407 0.609850 -0.224329
v -0.096978 0.593350 -0.282229
v -0.109238 0.562250 -0.259428
v -0.118068 0.609250 -0.270329
v 0.546853 -1.107250 0.406771
v 0.503182 -1.012150 0.359470
v 0.482082 -1.004950 0.450472
v 0.782182 -0.461150 -0.108728
v 0.706773 -0.490350 -0.024429
v 0.739962 -0.441250 -0.101130
v 0.753793 -0.385150 -0.134428
v 0.803902 -0.381050 -0.149328
v 0.672952 -0.457250 -0.029129
v 0.739962 -0.441250 -0.101130
v 0.046612 0.227551 -0.026030
v 0.097833 0.243150 -0.023729
v 0.133213 0.213850 -0.018330
v -0.139187 -0.002850 -0.232128
v -0.136457 0.000650 -0.192028
v -0.166398 0.018950 -0.191830
v -0.055758 -0.032450 -0.229929
v -0.363128 -0.119150 0.285770
v -0.561317 -0.190949 0.318670
v -0.346958 -0.099750 0.440271
v -0.509108 -0.171550 0.250671
v -0.475508 -0.883550 0.301571
v -0.540648 -1.020850 0.264771
v -0.569478 -1.005750 0.421270
v -0.475548 -0.862050 0.434872
v -0.569478 -1.005750 0.421270
v -0.437697 -0.875350 0.542971
v -0.492018 -1.004450 0.572170
v 0.092173 -0.017550 -0.194029
v 0.055963 -0.030450 -0.197529
v 0.045952 -0.037450 -0.231129
v 0.297153 0.587450 -0.161530
v 0.276692 0.615350 -0.164629
v 0.292683 0.626650 -0.169029
v 0.323873 0.611450 -0.173630
v 0.322783 0.567950 -0.170130
v 0.753793 -0.385150 -0.134428
v 0.782182 -0.461150 -0.108728
v 0.739962 -0.441250 -0.101130
v -0.212808 0.296550 -0.291828
v -0.176888 0.307750 -0.320629
v -0.172358 0.295051 -0.307329
v 0.093933 0.164050 -0.310329
v 0.027183 0.125250 -0.267328
v 0.104962 0.148050 -0.265329
v -0.758567 -0.267250 0.018971
v -0.798188 -0.287350 0.068670
v -0.708777 -0.254350 0.098171
v -0.823587 -0.309950 -0.047428
v -0.689018 -0.252950 0.154371
v -0.708777 -0.254350 0.098171
v -0.650628 -0.255450 0.102072
v -0.735568 -0.266950 0.013870
v -0.387408 -0.463250 0.113771
v -0.251428 -0.574950 0.070572
v -0.400228 -0.587150 0.166571
v -0.195248 -0.312050 0.072371
v -0.269877 -0.259550 0.103071
v -0.083888 -0.589849 0.011871
v -0.509108 -0.171550 0.250671
v -0.677788 -0.222050 0.194471
v -0.561317 -0.190949 0.318670
v -0.640237 -0.210450 0.149771
v 0.227003 -0.020349 0.249472
v 0.256932 -0.094450 0.281271
v 0.228423 -0.066450 0.250671
v 0.093642 -0.361350 0.087372
v 0.013173 -0.347950 0.088671
v 0.053032 -0.281750 0.069471
v 0.121882 -0.013249 -0.237629
v 0.092173 -0.017550 -0.194029
v 0.045952 -0.037450 -0.231129
v 0.127812 -0.001750 -0.200628
v 0.189803 0.034350 -0.195429
v 0.002062 0.408450 -0.344629
v 0.030082 0.404850 -0.327229
v 0.010713 0.376750 -0.322529
v 0.039433 0.418550 -0.342629
v 0.030082 0.404850 -0.327229
v 0.177262 0.187050 -0.342730
v 0.144242 0.195750 -0.365129
v 0.078732 0.192650 -0.370029
v -0.651597 -1.229650 0.341171
v -0.645187 -1.213550 0.290871
v -0.690507 -1.298750 0.314371
v 0.027342 0.144150 -0.301128
v -0.022828 0.139050 -0.295130
v 0.027183 0.125250 -0.267328
v 0.093933 0.164050 -0.310329
v 0.027183 0.125250 -0.267328
v -0.027167 0.123250 -0.259129
v -0.097107 0.151450 -0.283628
v -0.022828 0.139050 -0.295130
v -0.027167 0.123250 -0.259129
v 0.046213 -0.349450 0.052271
v 0.109323 -0.379450 0.053572
v -0.075518 -0.344450 0.057371
v 0.039433 0.418550 -0.342629
v 0.070312 0.432750 -0.347229
v 0.063472 0.410650 -0.330629
v 0.544003 -0.520750 0.166370
v 0.517502 -0.465250 0.127871
v 0.601422 -0.498850 0.108572
v 0.092173 -0.017550 -0.194029
v 0.121882 -0.013249 -0.237629
v 0.127812 -0.001750 -0.200628
v 0.729362 -0.266550 0.137772
v 0.746793 -0.264750 0.066372
v 0.620822 -0.238150 0.205172
v 0.443343 -0.916250 0.295271
v 0.478562 -1.008150 0.310871
v 0.468792 -1.051350 0.283272
v 0.121882 -0.013249 -0.237629
v 0.095182 -0.070550 -0.357828
v 0.171093 -0.015550 -0.343929
v 0.189803 0.034350 -0.195429
v 0.121882 -0.013249 -0.237629
v -0.300168 -1.262250 0.329472
v -0.460547 -1.322350 0.227371
v -0.298007 -1.192450 0.300072
v 0.214922 0.295650 -0.297428
v 0.219782 0.338050 -0.327728
v 0.255162 0.288250 -0.312029
v 0.241122 0.277650 -0.298128
v 0.214922 0.295650 -0.297428
v 0.255162 0.288250 -0.312029
v 0.236312 -0.488550 0.100271
v 0.302042 -0.517850 0.130272
v 0.141112 -0.595050 0.048571
v 0.782462 -0.356050 -0.144228
v 0.798102 -0.333549 -0.128429
v 0.834312 -0.366850 -0.147028
v -0.151207 0.193150 -0.358130
v -0.188648 0.184350 -0.335829
v -0.149447 0.169350 -0.321329
v -0.078298 0.191950 -0.365829
v -0.149447 0.169350 -0.321329
v -0.198038 0.161950 -0.276928
v -0.151207 0.193150 -0.358130
v -0.168158 0.195250 -0.371929
v 0.331832 0.628750 -0.178928
v 0.323873 0.611450 -0.173630
v 0.304782 0.644250 -0.186729
v 0.746793 -0.264750 0.066372
v 0.803182 -0.288850 0.028770
v 0.823853 -0.308750 -0.069729
v -0.338667 -0.128449 0.338871
v -0.267228 -0.099150 0.296572
v -0.298327 -0.131750 0.269871
v -0.262658 -0.086850 0.387671
v -0.267228 -0.099150 0.296572
v -0.410568 -1.137150 0.254770
v -0.331607 -1.080350 0.268372
v -0.324188 -1.139750 0.275971
v -0.155457 -1.104050 0.304571
v -0.284237 -1.010750 0.261572
v -0.109787 -1.075350 0.291472
v -0.155457 -1.104050 0.304571
v -0.155457 -1.104050 0.304571
v -0.298007 -1.192450 0.300072
v -0.109787 -1.075350 0.291472
v -0.101707 -1.148250 0.342772
v -0.030608 0.213850 -0.405329
v -0.098487 0.211550 -0.400429
v -0.078298 0.191950 -0.365829
v 0.093642 -0.361350 0.087372
v 0.110572 -0.279650 0.077770
v 0.183182 -0.339050 0.098572
v 0.356173 -0.135150 0.389671
v 0.446242 -0.166650 0.349072
v 0.366582 -0.140550 0.327671
v -0.055037 -0.312050 0.078772
v -0.033167 -0.408750 0.088972
v -0.177517 -0.280149 0.099670
v -0.027537 0.225150 -0.030428
v -0.107088 0.215651 -0.017029
v -0.063528 0.249550 -0.031229
v -0.145177 0.559250 -0.165329
v -0.183938 0.614850 -0.156729
v -0.145308 0.586150 -0.181929
v -0.043727 -0.069449 -0.291328
v -0.065048 -0.080650 -0.355928
v 0.008682 -0.094850 -0.327829
v 0.270382 0.226550 -0.302029
v 0.255773 0.223950 -0.280428
v 0.257692 0.247550 -0.275829
v -0.127108 0.302850 -0.304729
v -0.172358 0.295051 -0.307329
v -0.176888 0.307750 -0.320629
v -0.267228 -0.099150 0.296572
v -0.251128 -0.076650 0.295071
v -0.222898 -0.105350 0.237270
v -0.078298 0.191950 -0.365829
v -0.098487 0.211550 -0.400429
v -0.127947 0.203650 -0.391329
v 0.185272 0.660950 -0.255228
v 0.147102 0.635250 -0.270329
v 0.137712 0.648650 -0.287230
v 0.083912 -0.673750 0.057871
v -0.062238 -0.656050 0.048071
v 0.072212 -0.597850 0.038672
v 0.072212 -0.597850 0.038672
v -0.109407 -0.575950 0.043072
v 0.095782 -0.521049 0.052671
v -0.109407 -0.575950 0.043072
v 0.117912 0.567350 -0.225229
v 0.107482 0.526550 -0.200529
v 0.110922 0.534850 -0.222429
v -0.298158 0.586350 -0.162729
v -0.291348 0.625650 -0.169029
v -0.267508 0.612250 -0.160429
v 0.305172 0.549150 -0.160629
v 0.297153 0.587450 -0.161530
v 0.322783 0.567950 -0.170130
v 0.002352 0.207350 -0.353828
v 0.050962 0.181350 -0.339529
v 0.078732 0.192650 -0.370029
v 0.201313 0.171350 -0.295429
v 0.213912 0.186851 -0.322828
v 0.177262 0.187050 -0.342730
v 0.163373 0.162050 -0.303228
v 0.201313 0.171350 -0.295429
v -0.246478 0.192150 -0.195528
v -0.245128 0.225250 -0.160629
v -0.218338 0.195350 -0.140028
v -0.218338 0.195350 -0.140028
v -0.245128 0.225250 -0.160629
v -0.208878 0.217650 -0.085030
v 0.054903 0.209050 -0.393028
v 0.078732 0.192650 -0.370029
v 0.126933 0.203751 -0.392828
v 0.163373 0.162050 -0.303228
v 0.177262 0.187050 -0.342730
v -0.067498 0.425651 -0.344929
v -0.036297 0.423750 -0.346729
v -0.068478 0.406850 -0.327929
v 0.354612 0.579150 -0.187529
v 0.323873 0.611450 -0.173630
v 0.331832 0.628750 -0.178928
v -0.365148 -0.431149 0.136572
v -0.330518 -0.321150 0.137871
v -0.229827 -0.451449 0.100370
v -0.229827 -0.451449 0.100370
v -0.308408 -0.531350 0.135571
v -0.022828 0.139050 -0.295130
v -0.082118 0.171050 -0.324329
v -0.097107 0.151450 -0.283628
v 0.234102 0.196250 -0.299829
v 0.213912 0.186851 -0.322828
v 0.201313 0.171350 -0.295429
v 0.055963 -0.030450 -0.197529
v 0.001613 -0.032450 -0.204128
v 0.045952 -0.037450 -0.231129
v 0.255162 0.288250 -0.312029
v 0.253932 0.262550 -0.286928
v 0.241122 0.277650 -0.298128
v -0.139187 -0.002850 -0.232128
v -0.146967 -0.037149 -0.341629
v -0.043727 -0.069449 -0.291328
v 0.466262 -0.915350 0.357370
v 0.503182 -1.012150 0.359470
v 0.478562 -1.008150 0.310871
v -0.188648 0.184350 -0.335829
v -0.218947 0.186250 -0.312529
v -0.198038 0.161950 -0.276928
v 0.484942 -0.188849 0.271770
v 0.446242 -0.166650 0.349072
v 0.527963 -0.203250 0.274971
v 0.620822 -0.238150 0.205172
v 0.527963 -0.203250 0.274971
v 0.569353 -0.444350 0.082071
v 0.601422 -0.498850 0.108572
v 0.517502 -0.465250 0.127871
v -0.190887 -0.207250 0.107872
v -0.246737 -0.276150 0.123671
v -0.283587 -0.228450 0.154772
v 0.114142 0.550150 -0.186428
v 0.107482 0.526550 -0.200529
v 0.117912 0.567350 -0.225229
v 0.127112 -0.464750 0.071272
v 0.354262 -0.404449 0.133270
v 0.236312 -0.488550 0.100271
v -0.129787 0.615350 -0.257830
v -0.118068 0.609250 -0.270329
v -0.117238 0.590750 -0.256029
v -0.184537 0.660151 -0.254528
v -0.151068 0.659150 -0.282229
v -0.155138 0.641850 -0.266729
v -0.198038 0.161950 -0.276928
v -0.218947 0.186250 -0.312529
v -0.235608 0.199250 -0.303329
v 0.178702 -0.276950 0.097771
v 0.183182 -0.339050 0.098572
v 0.110572 -0.279650 0.077770
v 0.292683 0.626650 -0.169029
v 0.323873 0.611450 -0.173630
v 0.297153 0.587450 -0.161530
v -0.334208 0.602551 -0.176628
v -0.363297 0.551050 -0.192228
v -0.348378 0.594650 -0.184929
v 0.820822 -0.406950 -0.146429
v 0.782182 -0.461150 -0.108728
v 0.803902 -0.381050 -0.149328
v -0.446777 -0.984050 0.291571
v -0.384598 -0.906150 0.257471
v -0.415018 -1.047550 0.272871
v -0.107088 0.215651 -0.017029
v -0.168518 0.223450 -0.026928
v -0.142548 0.244451 -0.028130
v 0.242202 -0.278350 0.121571
v 0.178702 -0.276950 0.097771
v 0.194653 -0.217950 0.108572
v -0.298158 0.586350 -0.162729
v -0.334208 0.602551 -0.176628
v -0.291348 0.625650 -0.169029
v -0.190887 -0.207250 0.107872
v -0.239007 -0.162149 0.176870
v -0.205368 -0.184050 0.134670
v -0.177517 -0.280149 0.099670
v -0.246737 -0.276150 0.123671
v -0.190887 -0.207250 0.107872
v -0.246737 -0.276150 0.123671
v -0.177517 -0.280149 0.099670
v -0.186977 -0.334550 0.100172
v -0.810267 -0.322850 -0.109228
v -0.782738 -0.320450 -0.113930
v -0.805287 -0.346849 -0.143728
v -0.036297 0.423750 -0.346729
v 0.002062 0.408450 -0.344629
v -0.025628 0.404350 -0.331429
v 0.008682 -0.094850 -0.327829
v 0.095182 -0.070550 -0.357828
v 0.121882 -0.013249 -0.237629
v -0.286088 0.573950 -0.139629
v -0.257428 0.553350 -0.124029
v -0.291927 0.539950 -0.145529
v -0.245358 0.612650 -0.132830
v -0.286088 0.573950 -0.139629
v 0.256873 -1.033649 0.271071
v 0.142142 -1.036550 0.275271
v 0.291273 -0.930150 0.247171
v -0.477618 -0.433350 0.098772
v -0.512527 -0.520350 0.139271
v -0.592818 -0.448750 0.022471
v -0.624457 -0.518250 0.067371
v 0.199923 -0.310450 0.072170
v 0.389082 -0.463150 0.110971
v 0.253752 -0.558249 0.065571
v 0.273602 -0.254750 0.107471
v 0.109323 -0.379450 0.053572
v 0.199923 -0.310450 0.072170
v 0.208383 -0.157050 0.139771
v 0.259422 -0.210950 0.150671
v 0.194653 -0.217950 0.108572
v -0.478137 -0.188950 0.276472
v -0.601948 -0.234950 0.167070
v -0.569317 -0.218850 0.250771
v 0.120862 0.597050 -0.258129
v 0.117912 0.567350 -0.225229
v 0.112002 0.565950 -0.254129
v 0.132143 0.591250 -0.217428
v 0.117912 0.567350 -0.225229
v 0.115782 0.545950 -0.235029
v 0.117912 0.567350 -0.225229
v 0.110922 0.534850 -0.222429
v -0.152698 -0.625950 0.054171
v -0.229827 -0.451449 0.100370
v -0.109407 -0.575950 0.043072
v -0.139187 -0.002850 -0.232128
v -0.166398 0.018950 -0.191830
v -0.146967 -0.037149 -0.341629
v -0.446777 -0.984050 0.291571
v -0.428177 -0.847350 0.286572
v -0.384598 -0.906150 0.257471
v -0.002508 0.261950 -0.052528
v -0.027537 0.225150 -0.030428
v -0.063528 0.249550 -0.031229
v 0.013173 -0.347950 0.088671
v -0.033167 -0.408750 0.088972
v -0.055037 -0.312050 0.078772
v -0.252337 0.220650 -0.278429
v -0.262837 0.219851 -0.304230
v -0.260397 0.241850 -0.281229
v -0.067498 0.425651 -0.344929
v -0.068478 0.406850 -0.327929
v -0.095218 0.416050 -0.343628
v 0.746793 -0.264750 0.066372
v 0.729362 -0.266550 0.137772
v 0.803182 -0.288850 0.028770
v 0.627263 -0.243150 0.151072
v 0.620822 -0.238150 0.205172
v -0.269748 0.250950 -0.296829
v -0.260397 0.241850 -0.281229
v -0.262837 0.219851 -0.304230
v 0.175542 0.202150 -0.042929
v 0.179283 0.234150 -0.036530
v 0.208013 0.230150 -0.071428
v -0.129308 0.645950 -0.288729
v -0.115327 0.631950 -0.286129
v -0.118068 0.609250 -0.270329
v -0.782157 -0.463050 -0.108829
v -0.708198 -0.420950 -0.089729
v -0.710448 -0.473350 -0.047029
v 0.201313 0.171350 -0.295429
v 0.242723 0.185250 -0.252529
v 0.234102 0.196250 -0.299829
v -0.043727 -0.069449 -0.291328
v -0.146967 -0.037149 -0.341629
v -0.065048 -0.080650 -0.355928
v -0.055758 -0.032450 -0.229929
v 0.001613 -0.032450 -0.204128
v 0.448123 -0.361250 0.132771
v 0.354262 -0.404449 0.133270
v 0.379552 -0.315949 0.147072
v 0.236312 -0.488550 0.100271
v 0.302042 -0.517850 0.130272
v -0.526937 -1.063550 0.383772
v -0.484958 -0.990050 0.331270
v -0.535717 -1.082150 0.337172
v -0.181288 0.571750 -0.146130
v -0.145177 0.559250 -0.165329
v -0.166917 0.533450 -0.132629
v -0.782157 -0.463050 -0.108829
v -0.796847 -0.437950 -0.136129
v -0.708198 -0.420950 -0.089729
v 0.753793 -0.385150 -0.134428
v 0.782462 -0.356050 -0.144228
v 0.803902 -0.381050 -0.149328
v -0.237358 0.276350 -0.292830
v -0.222218 0.298650 -0.299830
v -0.212808 0.296550 -0.291828
v -0.151068 0.659150 -0.282229
v -0.129308 0.645950 -0.288729
v -0.118068 0.609250 -0.270329
v 0.366582 -0.140550 0.327671
v 0.446242 -0.166650 0.349072
v 0.411162 -0.169650 0.287571
v -0.235608 0.199250 -0.303329
v -0.237947 0.183650 -0.258829
v -0.198038 0.161950 -0.276928
v -0.107088 0.215651 -0.017029
v -0.142548 0.244451 -0.028130
v -0.063528 0.249550 -0.031229
v 0.290873 0.539750 -0.141428
v 0.288532 0.575150 -0.140129
v 0.305172 0.549150 -0.160629
v 0.295103 0.510450 -0.161728
v 0.262872 0.549850 -0.124929
v 0.288532 0.575150 -0.140129
v 0.262872 0.549850 -0.124929
v 0.232062 0.597850 -0.119728
v 0.174932 0.539450 -0.130329
v 0.178573 0.572450 -0.149429
v 0.205012 0.567750 -0.133829
v 0.155892 0.534050 -0.149828
v 0.008682 -0.094850 -0.327829
v 0.121882 -0.013249 -0.237629
v 0.045952 -0.037450 -0.231129
v 0.517502 -0.465250 0.127871
v 0.476343 -0.441350 0.134171
v 0.569353 -0.444350 0.082071
v -0.237358 0.276350 -0.292830
v -0.262867 0.267450 -0.299028
v -0.241827 0.296050 -0.313229
v -0.444968 -0.166050 0.350672
v -0.338667 -0.128449 0.338871
v -0.394428 -0.157650 0.309271
v 0.179283 0.234150 -0.036530
v 0.133213 0.213850 -0.018330
v 0.163852 0.247450 -0.035830
v -0.298327 -0.131750 0.269871
v -0.267228 -0.099150 0.296572
v -0.222898 -0.105350 0.237270
v 0.113362 0.628551 -0.287829
v 0.147102 0.635250 -0.270329
v 0.127283 0.615550 -0.269129
v 0.185272 0.660950 -0.255228
v 0.209083 0.649550 -0.225929
v 0.180702 0.649550 -0.250328
v -0.002508 0.261950 -0.052528
v 0.097833 0.243150 -0.023729
v 0.046612 0.227551 -0.026030
v -0.298327 -0.131750 0.269871
v -0.394428 -0.157650 0.309271
v -0.338667 -0.128449 0.338871
v 0.255162 0.288250 -0.312029
v 0.282642 0.265350 -0.304428
v 0.253932 0.262550 -0.286928
v -0.118527 0.571850 -0.207628
v -0.113518 0.558650 -0.232229
v -0.108997 0.543750 -0.217428
v 0.185272 0.660950 -0.255228
v 0.180702 0.649550 -0.250328
v 0.147102 0.635250 -0.270329
v 0.287832 -0.105450 0.320471
v 0.366582 -0.140550 0.327671
v 0.315362 -0.140850 0.266972
v 0.590542 -0.446950 0.019571
v 0.521553 -0.525550 0.132271
v 0.483192 -0.432350 0.093472
v 0.623363 -0.525350 0.065472
v -0.330518 -0.321150 0.137871
v -0.186977 -0.334550 0.100172
v -0.229827 -0.451449 0.100370
v -0.504838 -0.192750 0.296471
v -0.444968 -0.166050 0.350672
v -0.394428 -0.157650 0.309271
v 0.154772 0.571750 -0.165129
v 0.126583 0.568650 -0.183628
v 0.151483 0.593750 -0.185429
v 0.151483 0.593750 -0.185429
v 0.182282 0.614850 -0.161329
v -0.115767 0.562551 -0.184830
v -0.118527 0.571850 -0.207628
v -0.108997 0.543750 -0.217428
v -0.109417 -0.460750 0.072870
v -0.229827 -0.451449 0.100370
v -0.186977 -0.334550 0.100172
v 0.097833 0.243150 -0.023729
v 0.163852 0.247450 -0.035830
v 0.133213 0.213850 -0.018330
v 0.178702 -0.276950 0.097771
v 0.242202 -0.278350 0.121571
v 0.183182 -0.339050 0.098572
v 0.354262 -0.404449 0.133270
v 0.320862 -0.283649 0.144671
v 0.242202 -0.278350 0.121571
v 0.259422 -0.210950 0.150671
v 0.194653 -0.217950 0.108572
v 0.242202 -0.278350 0.121571
v 0.315362 -0.140850 0.266972
v 0.324593 -0.204550 0.187971
v 0.234152 -0.147850 0.183971
v -0.055758 -0.032450 -0.229929
v -0.139187 -0.002850 -0.232128
v -0.043727 -0.069449 -0.291328
v 0.706773 -0.490350 -0.024429
v 0.646513 -0.484650 0.036470
v 0.672952 -0.457250 -0.029129
v 0.354262 -0.404449 0.133270
v 0.127112 -0.464750 0.071272
v 0.183182 -0.339050 0.098572
v 0.233092 0.240750 -0.134129
v 0.252653 0.223250 -0.183329
v 0.241252 0.191350 -0.179129
v -0.491757 -0.482250 0.150970
v -0.449317 -0.422550 0.136171
v -0.403748 -0.503550 0.161972
v -0.558837 -0.482150 0.120171
v -0.517308 -0.418050 0.112371
v -0.298327 -0.131750 0.269871
v -0.222898 -0.105350 0.237270
v -0.239007 -0.162149 0.176870
v -0.177517 -0.280149 0.099670
v -0.033167 -0.408750 0.088972
v -0.186977 -0.334550 0.100172
v 0.013173 -0.347950 0.088671
v 0.093642 -0.361350 0.087372
v -0.033167 -0.408750 0.088972
v 0.556013 -1.104850 0.353672
v 0.503182 -1.012150 0.359470
v 0.546853 -1.107250 0.406771
v 0.665412 -1.253550 0.353170
v 0.556013 -1.104850 0.353672
v 0.411162 -0.169650 0.287571
v 0.315362 -0.140850 0.266972
v 0.366582 -0.140550 0.327671
v -0.708777 -0.254350 0.098171
v -0.689018 -0.252950 0.154371
v -0.601948 -0.234950 0.167070
v -0.478137 -0.188950 0.276472
v -0.504838 -0.192750 0.296471
v -0.394428 -0.157650 0.309271
v 0.008682 -0.094850 -0.327829
v 0.001613 -0.032450 -0.204128
v -0.043727 -0.069449 -0.291328
v 0.045952 -0.037450 -0.231129
v 0.241252 0.191350 -0.179129
v 0.252653 0.223250 -0.183329
v 0.251923 0.201150 -0.196129
v -0.255368 0.255450 -0.280628
v -0.260397 0.241850 -0.281229
v -0.269748 0.250950 -0.296829
v -0.241827 0.296050 -0.313229
v -0.222218 0.298650 -0.299830
v -0.237358 0.276350 -0.292830
v -0.315618 0.546550 -0.168129
v -0.334208 0.602551 -0.176628
v -0.298158 0.586350 -0.162729
v -0.298158 0.586350 -0.162729
v -0.291927 0.539950 -0.145529
v -0.291348 0.625650 -0.169029
v -0.309897 0.639851 -0.182228
v -0.569317 -0.218850 0.250771
v -0.504838 -0.192750 0.296471
v -0.478137 -0.188950 0.276472
v 0.050962 0.181350 -0.339529
v 0.027342 0.144150 -0.301128
v 0.093933 0.164050 -0.310329
v 0.199923 -0.310450 0.072170
v 0.109323 -0.379450 0.053572
v 0.046213 -0.349450 0.052271
v 0.315362 -0.140850 0.266972
v 0.234152 -0.147850 0.183971
v 0.231203 -0.115350 0.234371
v -0.330518 -0.321150 0.137871
v -0.246737 -0.276150 0.123671
v -0.186977 -0.334550 0.100172
v 0.246983 0.485650 -0.153029
v 0.232342 0.479450 -0.142229
v 0.229113 0.491550 -0.142630
v -0.796698 -0.380450 -0.153528
v -0.805287 -0.346849 -0.143728
v -0.752667 -0.335750 -0.131128
v -0.168518 0.223450 -0.026928
v -0.177527 0.206450 -0.043030
v -0.208878 0.217650 -0.085030
v -0.222218 0.298650 -0.299830
v -0.241827 0.296050 -0.313229
v -0.219627 0.325750 -0.321329
v 0.270382 0.226550 -0.302029
v 0.257692 0.247550 -0.275829
v 0.268212 0.255750 -0.295729
v 0.147102 0.635250 -0.270329
v 0.113362 0.628551 -0.287829
v 0.137712 0.648650 -0.287230
v 0.236312 -0.488550 0.100271
v 0.095782 -0.521049 0.052671
v 0.127112 -0.464750 0.071272
v 0.291273 -0.930150 0.247171
v 0.379423 -1.085550 0.267071
v 0.256873 -1.033649 0.271071
v -0.155138 0.641850 -0.266729
v -0.186927 0.650351 -0.243528
v -0.184537 0.660151 -0.254528
v 0.089393 0.286850 -0.272829
v 0.098542 0.295751 -0.287329
v 0.131212 0.290050 -0.285528
v -0.022828 0.139050 -0.295130
v -0.042357 0.186650 -0.345530
v -0.082118 0.171050 -0.324329
v 0.256932 -0.094450 0.281271
v 0.315362 -0.140850 0.266972
v 0.231203 -0.115350 0.234371
v -0.266418 -1.036050 0.223871
v -0.406087 -1.026250 0.218672
v -0.355467 -0.921750 0.219771
v -0.310858 -0.911750 0.201370
v -0.190887 -0.207250 0.107872
v -0.283587 -0.228450 0.154772
v -0.239007 -0.162149 0.176870
v -0.354568 -0.261950 0.163971
v -0.356557 -0.212250 0.195770
v 0.120862 0.597050 -0.258129
v 0.127283 0.615550 -0.269129
v 0.131692 0.619550 -0.254229
v -0.083888 -0.589849 0.011871
v 0.109323 -0.379450 0.053572
v 0.088303 -0.603750 0.011070
v 0.253752 -0.558249 0.065571
v 0.141112 -0.595050 0.048571
v 0.072212 -0.597850 0.038672
v 0.095782 -0.521049 0.052671
v 0.046612 0.227551 -0.026030
v -0.027537 0.225150 -0.030428
v -0.002508 0.261950 -0.052528
v -0.246478 0.192150 -0.195528
v -0.237947 0.183650 -0.258829
v -0.255517 0.208651 -0.236929
v -0.298327 -0.131750 0.269871
v -0.239007 -0.162149 0.176870
v -0.317848 -0.159850 0.247070
v -0.346087 -0.186550 0.217871
v -0.317848 -0.159850 0.247070
v 0.259422 -0.210950 0.150671
v 0.324593 -0.204550 0.187971
v 0.320862 -0.283649 0.144671
v 0.234152 -0.147850 0.183971
v -0.246737 -0.276150 0.123671
v -0.330518 -0.321150 0.137871
v -0.354568 -0.261950 0.163971
v 0.196922 0.261550 -0.092329
v 0.179283 0.234150 -0.036530
v 0.163852 0.247450 -0.035830
v 0.175542 0.202150 -0.042929
v 0.133213 0.213850 -0.018330
v -0.208878 0.217650 -0.085030
v -0.199808 0.242250 -0.069529
v -0.168518 0.223450 -0.026928
v -0.245358 0.612650 -0.132830
v -0.225967 0.601650 -0.121630
v -0.257428 0.553350 -0.124029
v 0.039433 0.418550 -0.342629
v 0.063472 0.410650 -0.330629
v 0.030082 0.404850 -0.327229
v -0.036297 0.423750 -0.346729
v -0.025628 0.404350 -0.331429
v -0.042458 0.407250 -0.317728
v 0.544622 -0.223249 0.186771
v 0.620822 -0.238150 0.205172
v 0.627263 -0.243150 0.151072
v 0.287142 -1.207950 0.307572
v 0.508102 -1.313849 0.203671
v 0.461632 -1.364450 0.246872
v -0.467398 -0.339350 0.103571
v -0.269877 -0.259550 0.103071
v -0.387408 -0.463250 0.113771
v -0.477618 -0.433350 0.098772
v 0.474062 -0.884749 0.301071
v 0.569663 -1.006450 0.421372
v 0.542882 -1.019650 0.264071
v 0.478922 -0.875150 0.439272
v -0.346087 -0.186550 0.217871
v -0.239007 -0.162149 0.176870
v -0.283587 -0.228450 0.154772
v -0.127108 0.302850 -0.304729
v -0.092048 0.288350 -0.279329
v -0.127997 0.289850 -0.284128
v -0.262867 0.267450 -0.299028
v -0.237358 0.276350 -0.292830
v -0.255368 0.255450 -0.280628
v 0.098542 0.295751 -0.287329
v 0.089393 0.286850 -0.272829
v 0.081573 0.296350 -0.288128
v 0.109323 -0.379450 0.053572
v -0.083888 -0.589849 0.011871
v -0.075518 -0.344450 0.057371
v -0.195248 -0.312050 0.072371
v 0.120862 0.597050 -0.258129
v 0.101772 0.588750 -0.278229
v 0.127283 0.615550 -0.269129
v -0.042357 0.186650 -0.345530
v -0.022828 0.139050 -0.295130
v 0.002352 0.207350 -0.353828
v 0.476343 -0.441350 0.134171
v 0.354262 -0.404449 0.133270
v 0.448123 -0.361250 0.132771
v 0.126712 0.302550 -0.304428
v 0.131212 0.290050 -0.285528
v 0.098542 0.295751 -0.287329
v 0.002352 0.207350 -0.353828
v 0.027342 0.144150 -0.301128
v 0.050962 0.181350 -0.339529
v -0.024288 0.388350 -0.302130
v -0.025628 0.404350 -0.331429
v -0.012618 0.379950 -0.320229
v 0.276692 0.615350 -0.164629
v 0.230412 0.631050 -0.178129
v 0.292683 0.626650 -0.169029
v 0.273602 -0.254750 0.107471
v 0.474342 -0.341949 0.099272
v 0.389082 -0.463150 0.110971
v 0.483192 -0.432350 0.093472
v -0.330518 -0.321150 0.137871
v -0.365148 -0.431149 0.136572
v -0.401308 -0.365750 0.139671
v -0.601948 -0.234950 0.167070
v -0.689018 -0.252950 0.154371
v -0.569317 -0.218850 0.250771
v 0.141112 -0.595050 0.048571
v 0.095782 -0.521049 0.052671
v 0.236312 -0.488550 0.100271
v 0.256873 -1.033649 0.271071
v 0.335833 -1.155750 0.274872
v 0.206973 -1.094950 0.295071
v -0.172358 0.295051 -0.307329
v -0.127108 0.302850 -0.304729
v -0.127997 0.289850 -0.284128
v -0.260397 0.241850 -0.281229
v -0.253508 0.234850 -0.241030
v -0.252337 0.220650 -0.278429
v -0.283587 -0.228450 0.154772
v -0.246737 -0.276150 0.123671
v -0.354568 -0.261950 0.163971
v 0.010713 0.376750 -0.322529
v 0.030082 0.404850 -0.327229
v 0.026823 0.388250 -0.301729
v -0.517308 -0.418050 0.112371
v -0.449317 -0.422550 0.136171
v -0.491757 -0.482250 0.150970
v -0.558837 -0.482150 0.120171
v -0.594518 -0.428250 0.058771
v 0.315362 -0.140850 0.266972
v 0.411162 -0.169650 0.287571
v 0.395823 -0.217550 0.208672
v 0.453592 -0.498250 0.163771
v 0.476343 -0.441350 0.134171
v 0.517502 -0.465250 0.127871
v 0.545302 -1.103050 0.305771
v 0.503182 -1.012150 0.359470
v 0.556013 -1.104850 0.353672
v -0.043228 0.265350 -0.271029
v -0.083218 0.290950 -0.285229
v -0.040607 0.272450 -0.291929
v 0.131212 0.290050 -0.285528
v 0.126712 0.302550 -0.304428
v 0.178382 0.298450 -0.313330
v 0.132143 0.591250 -0.217428
v 0.126583 0.568650 -0.183628
v 0.117912 0.567350 -0.225229
v 0.093642 -0.361350 0.087372
v 0.127112 -0.464750 0.071272
v -0.033167 -0.408750 0.088972
v 0.093642 -0.361350 0.087372
v 0.183182 -0.339050 0.098572
v 0.127112 -0.464750 0.071272
v -0.262867 0.267450 -0.299028
v -0.255368 0.255450 -0.280628
v -0.269748 0.250950 -0.296829
v 0.354262 -0.404449 0.133270
v 0.320862 -0.283649 0.144671
v 0.379552 -0.315949 0.147072
v -0.810267 -0.322850 -0.109228
v -0.758567 -0.267250 0.018971
v -0.782738 -0.320450 -0.113930
v -0.394428 -0.157650 0.309271
v -0.346087 -0.186550 0.217871
v -0.478137 -0.188950 0.276472
v -0.298327 -0.131750 0.269871
v 0.634522 -1.197249 0.306372
v 0.556013 -1.104850 0.353672
v 0.665412 -1.253550 0.353170
v 0.175542 0.202150 -0.042929
v 0.208013 0.230150 -0.071428
v 0.225322 0.214951 -0.117229
v 0.208013 0.230150 -0.071428
v 0.233092 0.240750 -0.134129
v 0.196922 0.261550 -0.092329
v 0.179283 0.234150 -0.036530
v -0.363297 0.551050 -0.192228
v -0.334208 0.602551 -0.176628
v -0.341318 0.552150 -0.174830
v -0.330518 -0.321150 0.137871
v -0.401308 -0.365750 0.139671
v -0.424788 -0.296050 0.156771
v 0.027342 0.144150 -0.301128
v 0.002352 0.207350 -0.353828
v -0.022828 0.139050 -0.295130
v -0.284237 -1.010750 0.261572
v -0.324188 -1.139750 0.275971
v -0.331607 -1.080350 0.268372
v 0.446242 -0.166650 0.349072
v 0.484942 -0.188849 0.271770
v 0.411162 -0.169650 0.287571
v 0.461452 -0.200450 0.235672
v 0.544622 -0.223249 0.186771
v 0.620822 -0.238150 0.205172
v 0.544622 -0.223249 0.186771
v 0.390452 -0.257950 0.173872
v 0.324593 -0.204550 0.187971
v 0.395823 -0.217550 0.208672
v -0.208878 0.217650 -0.085030
v -0.245128 0.225250 -0.160629
v -0.220918 0.243550 -0.108528
v 0.060253 0.271550 -0.280729
v 0.040193 0.265050 -0.271328
v 0.031892 0.272650 -0.291128
v -0.738868 -0.356450 -0.129929
v -0.796698 -0.380450 -0.153528
v -0.752667 -0.335750 -0.131128
v -0.796847 -0.437950 -0.136129
v -0.796698 -0.380450 -0.153528
v -0.003007 0.268150 -0.281529
v -0.040607 0.272450 -0.291929
v 0.031892 0.272650 -0.291128
v -0.246478 0.192150 -0.195528
v -0.253387 0.218550 -0.199928
v -0.245128 0.225250 -0.160629
v 0.320862 -0.283649 0.144671
v 0.390452 -0.257950 0.173872
v 0.379552 -0.315949 0.147072
v -0.199808 0.242250 -0.069529
v -0.208878 0.217650 -0.085030
v -0.220918 0.243550 -0.108528
v -0.222218 0.298650 -0.299830
v -0.201757 0.318350 -0.318230
v -0.212808 0.296550 -0.291828
v 0.395823 -0.217550 0.208672
v 0.324593 -0.204550 0.187971
v 0.315362 -0.140850 0.266972
v 0.253932 0.262550 -0.286928
v 0.268212 0.255750 -0.295729
v 0.257692 0.247550 -0.275829
v -0.229827 -0.451449 0.100370
v -0.109417 -0.460750 0.072870
v -0.109407 -0.575950 0.043072
v -0.782738 -0.320450 -0.113930
v -0.752667 -0.335750 -0.131128
v -0.805287 -0.346849 -0.143728
v -0.478137 -0.188950 0.276472
v -0.346087 -0.186550 0.217871
v -0.356557 -0.212250 0.195770
v -0.024288 0.388350 -0.302130
v -0.056638 0.382150 -0.267630
v -0.042458 0.407250 -0.317728
v 0.132312 0.369650 -0.329329
v 0.112612 0.365150 -0.306330
v 0.090852 0.398650 -0.330929
v -0.331607 -1.080350 0.268372
v -0.415018 -1.047550 0.272871
v -0.284237 -1.010750 0.261572
v -0.415018 -1.047550 0.272871
v -0.384598 -0.906150 0.257471
v 0.251923 0.201150 -0.196129
v 0.258482 0.219950 -0.243328
v 0.242723 0.185250 -0.252529
v 0.337392 0.569350 -0.171629
v 0.354612 0.579150 -0.187529
v 0.376482 0.513451 -0.193729
v -0.449317 -0.422550 0.136171
v -0.401308 -0.365750 0.139671
v -0.365148 -0.431149 0.136572
v -0.476317 -0.228350 0.162071
v -0.313328 -0.183249 0.160172
v -0.269877 -0.259550 0.103071
v -0.467398 -0.339350 0.103571
v -0.449317 -0.422550 0.136171
v -0.464468 -0.325550 0.139271
v -0.401308 -0.365750 0.139671
v -0.535717 -1.082150 0.337172
v -0.484958 -0.990050 0.331270
v -0.518928 -1.097350 0.290670
v 0.241252 0.191350 -0.179129
v 0.225322 0.214951 -0.117229
v 0.233092 0.240750 -0.134129
v -0.003007 0.268150 -0.281529
v 0.031892 0.272650 -0.291128
v 0.040193 0.265050 -0.271328
v -0.104408 0.390150 -0.330328
v -0.088768 0.392750 -0.307228
v -0.130147 0.351650 -0.322529
v -0.348378 0.594650 -0.184929
v -0.324528 0.639350 -0.178429
v -0.334208 0.602551 -0.176628
v -0.476317 -0.228350 0.162071
v -0.363128 -0.119150 0.285770
v -0.313328 -0.183249 0.160172
v -0.509108 -0.171550 0.250671
v 0.627263 -0.243150 0.151072
v 0.746793 -0.264750 0.066372
v 0.710742 -0.260050 0.070070
v 0.484202 -0.223949 0.157772
v 0.366182 -0.117949 0.288172
v 0.502012 -0.165050 0.256472
v 0.316652 -0.183249 0.162472
v 0.026823 0.388250 -0.301729
v 0.030082 0.404850 -0.327229
v 0.058362 0.408450 -0.311329
v -0.002508 0.261950 -0.052528
v 0.070333 0.269150 -0.055128
v 0.097833 0.243150 -0.023729
v -0.246478 0.192150 -0.195528
v -0.255517 0.208651 -0.236929
v -0.253387 0.218550 -0.199928
v 0.273602 -0.254750 0.107471
v 0.484202 -0.223949 0.157772
v 0.474342 -0.341949 0.099272
v 0.316652 -0.183249 0.162472
v 0.184523 0.298551 -0.261629
v 0.212933 0.277150 -0.216229
v 0.125533 0.277950 -0.218628
v 0.097833 0.243150 -0.023729
v 0.117972 0.264050 -0.047230
v 0.163852 0.247450 -0.035830
v -0.115767 0.562551 -0.184830
v -0.108997 0.543750 -0.217428
v -0.103598 0.536150 -0.196928
v 0.823853 -0.308750 -0.069729
v 0.754683 -0.317250 -0.100628
v 0.746063 -0.291349 -0.042330
v 0.746793 -0.264750 0.066372
v 0.823853 -0.308750 -0.069729
v -0.594518 -0.428250 0.058771
v -0.671557 -0.481050 0.017271
v -0.710448 -0.473350 -0.047029
v 0.095782 -0.521049 0.052671
v -0.109407 -0.575950 0.043072
v -0.109417 -0.460750 0.072870
v -0.782738 -0.320450 -0.113930
v -0.758567 -0.267250 0.018971
v -0.735568 -0.266950 0.013870
v 0.070333 0.269150 -0.055128
v 0.117972 0.264050 -0.047230
v 0.097833 0.243150 -0.023729
v -0.193888 0.300150 -0.260529
v -0.082638 0.282750 -0.246429
v -0.165977 0.279450 -0.216429
v -0.083218 0.290950 -0.285229
v -0.043228 0.265350 -0.271029
v -0.082638 0.282750 -0.246429
v -0.235608 0.199250 -0.303329
v -0.252337 0.220650 -0.278429
v -0.237947 0.183650 -0.258829
v 0.823853 -0.308750 -0.069729
v 0.798102 -0.333549 -0.128429
v 0.754683 -0.317250 -0.100628
v -0.252337 0.220650 -0.278429
v -0.255517 0.208651 -0.236929
v -0.237947 0.183650 -0.258829
v -0.043228 0.265350 -0.271029
v -0.040607 0.272450 -0.291929
v -0.003007 0.268150 -0.281529
v -0.130147 0.351650 -0.322529
v -0.088768 0.392750 -0.307228
v -0.101297 0.355650 -0.275229
v 0.126583 0.568650 -0.183628
v 0.114142 0.550150 -0.186428
v 0.117912 0.567350 -0.225229
v 0.258482 0.219950 -0.243328
v 0.255773 0.223950 -0.280428
v 0.242723 0.185250 -0.252529
v 0.234102 0.196250 -0.299829
v 0.242723 0.185250 -0.252529
v -0.025628 0.404350 -0.331429
v -0.024288 0.388350 -0.302130
v -0.042458 0.407250 -0.317728
v 0.324593 -0.204550 0.187971
v 0.390452 -0.257950 0.173872
v 0.320862 -0.283649 0.144671
v -0.174928 0.255750 -0.056528
v -0.142548 0.244451 -0.028130
v -0.168518 0.223450 -0.026928
v -0.356557 -0.212250 0.195770
v -0.346087 -0.186550 0.217871
v -0.283587 -0.228450 0.154772
v -0.033167 -0.408750 0.088972
v 0.127112 -0.464750 0.071272
v 0.095782 -0.521049 0.052671
v -0.109417 -0.460750 0.072870
v -0.186977 -0.334550 0.100172
v 0.286522 0.459750 -0.191929
v 0.334093 0.484651 -0.184729
v 0.321972 0.477650 -0.184830
v -0.142548 0.244451 -0.028130
v -0.102767 0.268150 -0.056229
v -0.063528 0.249550 -0.031229
v -0.190117 0.626451 -0.198328
v -0.174518 0.642150 -0.229929
v -0.142407 0.609850 -0.224329
v -0.460547 -1.322350 0.227371
v -0.560518 -1.350850 0.196272
v -0.489518 -1.279449 0.211172
v 0.411162 -0.169650 0.287571
v 0.484942 -0.188849 0.271770
v 0.461452 -0.200450 0.235672
v 0.247422 0.611751 -0.132830
v 0.288532 0.575150 -0.140129
v 0.232062 0.597850 -0.119728
v 0.354612 0.579150 -0.187529
v 0.337392 0.569350 -0.171629
v 0.323873 0.611450 -0.173630
v -0.142407 0.609850 -0.224329
v -0.129787 0.615350 -0.257830
v -0.117238 0.590750 -0.256029
v -0.155138 0.641850 -0.266729
v -0.356557 -0.212250 0.195770
v -0.442657 -0.241450 0.193171
v -0.465487 -0.213150 0.228971
v -0.199808 0.242250 -0.069529
v -0.174928 0.255750 -0.056528
v -0.168518 0.223450 -0.026928
v -0.070898 0.405850 -0.308430
v -0.056638 0.382150 -0.267630
v -0.085098 0.375450 -0.264528
v -0.118527 0.571850 -0.207628
v -0.145308 0.586150 -0.181929
v -0.142407 0.609850 -0.224329
v 0.151292 0.607750 -0.208630
v 0.151483 0.593750 -0.185429
v 0.132143 0.591250 -0.217428
v -0.063528 0.249550 -0.031229
v -0.102767 0.268150 -0.056229
v -0.002508 0.261950 -0.052528
v -0.101297 0.355650 -0.275229
v -0.088768 0.392750 -0.307228
v -0.085098 0.375450 -0.264528
v -0.033167 -0.408750 0.088972
v 0.095782 -0.521049 0.052671
v -0.109417 -0.460750 0.072870
v 0.040193 0.265050 -0.271328
v -0.043228 0.265350 -0.271029
v -0.003007 0.268150 -0.281529
v 0.102472 0.360450 -0.274429
v 0.085562 0.376451 -0.264229
v 0.090222 0.390650 -0.298430
v 0.112612 0.365150 -0.306330
v 0.102472 0.360450 -0.274429
v 0.090222 0.390650 -0.298430
v -0.442657 -0.241450 0.193171
v -0.354568 -0.261950 0.163971
v -0.424788 -0.296050 0.156771
v -0.193888 0.300150 -0.260529
v -0.217628 0.271750 -0.209429
v -0.229097 0.290150 -0.252930
v 0.058222 0.382050 -0.267630
v 0.058362 0.408450 -0.311329
v 0.085562 0.376451 -0.264229
v 0.335833 -1.155750 0.274872
v 0.256873 -1.033649 0.271071
v 0.379423 -1.085550 0.267071
v 0.125533 0.277950 -0.218628
v 0.089393 0.286850 -0.272829
v 0.184523 0.298551 -0.261629
v -0.489518 -1.279449 0.211172
v -0.324188 -1.139750 0.275971
v -0.298007 -1.192450 0.300072
v -0.354568 -0.261950 0.163971
v -0.330518 -0.321150 0.137871
v -0.424788 -0.296050 0.156771
v -0.159448 0.270950 -0.095329
v -0.199808 0.242250 -0.069529
v -0.198388 0.260050 -0.094429
v 0.245742 0.250350 -0.209728
v 0.212933 0.277150 -0.216229
v 0.232062 0.289850 -0.253729
v -0.145308 0.586150 -0.181929
v -0.164308 0.607750 -0.184029
v -0.142407 0.609850 -0.224329
v 0.179613 0.643250 -0.229328
v 0.184292 0.625650 -0.204329
v 0.158702 0.628750 -0.231329
v -0.594518 -0.428250 0.058771
v -0.710448 -0.473350 -0.047029
v -0.638477 -0.405950 -0.001928
v -0.558837 -0.482150 0.120171
v -0.624728 -0.493649 0.088171
v -0.624728 -0.493649 0.088171
v -0.671557 -0.481050 0.017271
v -0.356557 -0.212250 0.195770
v -0.465487 -0.213150 0.228971
v -0.478137 -0.188950 0.276472
v -0.442657 -0.241450 0.193171
v -0.356557 -0.212250 0.195770
v -0.354568 -0.261950 0.163971
v 0.595613 -1.374750 0.201971
v 0.508102 -1.313849 0.203671
v 0.613992 -1.308249 0.201872
v -0.102767 0.268150 -0.056229
v 0.025153 0.285151 -0.092730
v -0.002508 0.261950 -0.052528
v 0.132143 0.591250 -0.217428
v 0.158702 0.628750 -0.231329
v 0.151292 0.607750 -0.208630
v -0.685287 -0.372550 -0.077528
v -0.708198 -0.420950 -0.089729
v -0.729537 -0.393750 -0.118830
v -0.708198 -0.420950 -0.089729
v -0.796847 -0.437950 -0.136129
v -0.535717 -1.082150 0.337172
v -0.645187 -1.213550 0.290871
v -0.651597 -1.229650 0.341171
v -0.042458 0.407250 -0.317728
v -0.056638 0.382150 -0.267630
v -0.070898 0.405850 -0.308430
v 0.252653 0.223250 -0.183329
v 0.258482 0.219950 -0.243328
v 0.251923 0.201150 -0.196129
v 0.212933 0.277150 -0.216229
v 0.184523 0.298551 -0.261629
v 0.232062 0.289850 -0.253729
v -0.118527 0.571850 -0.207628
v -0.142407 0.609850 -0.224329
v -0.113518 0.558650 -0.232229
v -0.298158 0.586350 -0.162729
v -0.286088 0.573950 -0.139629
v -0.291927 0.539950 -0.145529
v 0.132143 0.591250 -0.217428
v 0.120862 0.597050 -0.258129
v 0.158702 0.628750 -0.231329
v -0.002508 0.261950 -0.052528
v 0.025153 0.285151 -0.092730
v 0.070333 0.269150 -0.055128
v 0.468042 -0.256650 0.170071
v 0.448123 -0.361250 0.132771
v 0.379552 -0.315949 0.147072
v -0.735568 -0.266950 0.013870
v -0.758567 -0.267250 0.018971
v -0.708777 -0.254350 0.098171
v 0.131212 0.290050 -0.285528
v 0.178382 0.298450 -0.313330
v 0.214922 0.295650 -0.297428
v -0.145308 0.586150 -0.181929
v -0.183938 0.614850 -0.156729
v -0.164308 0.607750 -0.184029
v 0.753793 -0.385150 -0.134428
v 0.739962 -0.441250 -0.101130
v 0.710852 -0.397250 -0.096029
v -0.174928 0.255750 -0.056528
v -0.102767 0.268150 -0.056229
v -0.142548 0.244451 -0.028130
v -0.229097 0.290150 -0.252930
v -0.212808 0.296550 -0.291828
v -0.193888 0.300150 -0.260529
v -0.217628 0.271750 -0.209429
v -0.165977 0.279450 -0.216429
v -0.229097 0.290150 -0.252930
v -0.217628 0.271750 -0.209429
v -0.243258 0.256950 -0.223129
v -0.036297 0.423750 -0.346729
v -0.042458 0.407250 -0.317728
v -0.068478 0.406850 -0.327929
v 0.531443 -0.380650 0.100672
v 0.476343 -0.441350 0.134171
v 0.448123 -0.361250 0.132771
v -0.484958 -0.990050 0.331270
v -0.467798 -0.926250 0.352072
v -0.446777 -0.984050 0.291571
v -0.267508 0.612250 -0.160429
v -0.291348 0.625650 -0.169029
v -0.268588 0.646650 -0.187828
v 0.125533 0.277950 -0.218628
v 0.071723 0.280150 -0.240330
v 0.089393 0.286850 -0.272829
v 0.151483 0.593750 -0.185429
v 0.126583 0.568650 -0.183628
v 0.132143 0.591250 -0.217428
v -0.082638 0.282750 -0.246429
v -0.072217 0.277050 -0.211329
v -0.165977 0.279450 -0.216429
v -0.072217 0.277050 -0.211329
v -0.197428 0.270850 -0.174829
v -0.070898 0.405850 -0.308430
v -0.085098 0.375450 -0.264528
v -0.088768 0.392750 -0.307228
v 0.071723 0.280150 -0.240330
v 0.060253 0.271550 -0.280729
v 0.089393 0.286850 -0.272829
v 0.531443 -0.380650 0.100672
v 0.616333 -0.427150 0.031071
v 0.569353 -0.444350 0.082071
v 0.646513 -0.484650 0.036470
v 0.601422 -0.498850 0.108572
v 0.257692 0.247550 -0.275829
v 0.258482 0.219950 -0.243328
v 0.253932 0.262550 -0.286928
v 0.258482 0.219950 -0.243328
v 0.232062 0.289850 -0.253729
v -0.127997 0.289850 -0.284128
v -0.092048 0.288350 -0.279329
v -0.082638 0.282750 -0.246429
v 0.151292 0.607750 -0.208630
v 0.187162 0.617950 -0.176930
v 0.151483 0.593750 -0.185429
v 0.184292 0.625650 -0.204329
v 0.179613 0.643250 -0.229328
v 0.230412 0.631050 -0.178129
v 0.090222 0.390650 -0.298430
v 0.085562 0.376451 -0.264229
v 0.058362 0.408450 -0.311329
v 0.739962 -0.441250 -0.101130
v 0.672952 -0.457250 -0.029129
v 0.710852 -0.397250 -0.096029
v 0.196922 0.261550 -0.092329
v 0.233092 0.240750 -0.134129
v 0.208013 0.230150 -0.071428
v 0.335833 -1.155750 0.274872
v 0.508102 -1.313849 0.203671
v 0.287142 -1.207950 0.307572
v 0.196922 0.261550 -0.092329
v 0.163852 0.247450 -0.035830
v 0.117972 0.264050 -0.047230
v -0.442657 -0.241450 0.193171
v -0.424788 -0.296050 0.156771
v -0.464468 -0.325550 0.139271
v -0.243258 0.256950 -0.223129
v -0.253508 0.234850 -0.241030
v -0.255368 0.255450 -0.280628
v -0.253508 0.234850 -0.241030
v -0.260397 0.241850 -0.281229
v -0.255368 0.255450 -0.280628
v -0.174928 0.255750 -0.056528
v -0.159448 0.270950 -0.095329
v -0.102767 0.268150 -0.056229
v -0.199808 0.242250 -0.069529
v -0.220918 0.243550 -0.108528
v -0.198388 0.260050 -0.094429
v -0.102767 0.268150 -0.056229
v -0.023568 0.293250 -0.137829
v 0.025153 0.285151 -0.092730
v 0.255773 0.223950 -0.280428
v 0.258482 0.219950 -0.243328
v 0.257692 0.247550 -0.275829
v -0.253387 0.218550 -0.199928
v -0.255517 0.208651 -0.236929
v -0.253508 0.234850 -0.241030
v -0.174518 0.642150 -0.229929
v -0.155138 0.641850 -0.266729
v -0.142407 0.609850 -0.224329
v 0.151292 0.607750 -0.208630
v 0.158702 0.628750 -0.231329
v 0.184292 0.625650 -0.204329
v -0.535717 -1.082150 0.337172
v -0.651597 -1.229650 0.341171
v -0.526937 -1.063550 0.383772
v 0.176003 0.271851 -0.157928
v 0.212933 0.277150 -0.216229
v 0.228122 0.260250 -0.181728
v -0.268588 0.646650 -0.187828
v -0.309897 0.639851 -0.182228
v -0.282207 0.660050 -0.199028
v 0.090222 0.390650 -0.298430
v 0.090852 0.398650 -0.330929
v 0.112612 0.365150 -0.306330
v 0.617443 -0.253150 0.122871
v 0.544622 -0.223249 0.186771
v 0.627263 -0.243150 0.151072
v 0.710742 -0.260050 0.070070
v 0.379552 -0.315949 0.147072
v 0.390452 -0.257950 0.173872
v 0.468042 -0.256650 0.170071
v -0.102767 0.268150 -0.056229
v -0.159448 0.270950 -0.095329
v -0.023568 0.293250 -0.137829
v 0.117972 0.264050 -0.047230
v 0.070333 0.269150 -0.055128
v 0.120332 0.276751 -0.104328
v 0.196922 0.261550 -0.092329
v -0.617417 -1.326050 0.201370
v -0.565948 -1.259450 0.204672
v -0.560518 -1.350850 0.196272
v 0.071723 0.280150 -0.240330
v 0.040193 0.265050 -0.271328
v 0.060253 0.271550 -0.280729
v 0.230412 0.631050 -0.178129
v 0.281403 0.657850 -0.198229
v 0.292683 0.626650 -0.169029
v -0.477618 -0.433350 0.098772
v -0.583898 -0.334350 0.023170
v -0.467398 -0.339350 0.103571
v -0.592818 -0.448750 0.022471
v -0.601588 -0.438849 0.036272
v -0.593788 -0.338650 0.036972
v 0.461452 -0.200450 0.235672
v 0.395823 -0.217550 0.208672
v 0.411162 -0.169650 0.287571
v 0.798102 -0.333549 -0.128429
v 0.782462 -0.356050 -0.144228
v 0.754683 -0.317250 -0.100628
v -0.650628 -0.255450 0.102072
v -0.708777 -0.254350 0.098171
v -0.601948 -0.234950 0.167070
v -0.255517 0.208651 -0.236929
v -0.252337 0.220650 -0.278429
v -0.253508 0.234850 -0.241030
v -0.193888 0.300150 -0.260529
v -0.127997 0.289850 -0.284128
v -0.082638 0.282750 -0.246429
v -0.092048 0.288350 -0.279329
v -0.083218 0.290950 -0.285229
v -0.197428 0.270850 -0.174829
v -0.228717 0.255050 -0.169729
v -0.217628 0.271750 -0.209429
v 0.058222 0.382050 -0.267630
v 0.026823 0.388250 -0.301729
v 0.058362 0.408450 -0.311329
v 0.030082 0.404850 -0.327229
v 0.063472 0.410650 -0.330629
v 0.058362 0.408450 -0.311329
v 0.090852 0.398650 -0.330929
v 0.090222 0.390650 -0.298430
v 0.090852 0.398650 -0.330929
v -0.245128 0.225250 -0.160629
v -0.243258 0.256950 -0.223129
v -0.228717 0.255050 -0.169729
v -0.253387 0.218550 -0.199928
v -0.253508 0.234850 -0.241030
v -0.243258 0.256950 -0.223129
v -0.253387 0.218550 -0.199928
v -0.243258 0.256950 -0.223129
v -0.245128 0.225250 -0.160629
v 0.245742 0.250350 -0.209728
v 0.252653 0.223250 -0.183329
v 0.233092 0.240750 -0.134129
v 0.025153 0.285151 -0.092730
v 0.037763 0.290850 -0.147129
v 0.120332 0.276751 -0.104328
v -0.243117 0.622050 -0.164228
v -0.267508 0.612250 -0.160429
v -0.268588 0.646650 -0.187828
v -0.518928 -1.097350 0.290670
v -0.484958 -0.990050 0.331270
v -0.446777 -0.984050 0.291571
v 0.503182 -1.012150 0.359470
v 0.545302 -1.103050 0.305771
v 0.478562 -1.008150 0.310871
v -0.602677 -1.207350 0.245272
v -0.668357 -1.309550 0.238972
v -0.645187 -1.213550 0.290871
v 0.037763 0.290850 -0.147129
v 0.025153 0.285151 -0.092730
v -0.023568 0.293250 -0.137829
v -0.601948 -0.234950 0.167070
v -0.478137 -0.188950 0.276472
v -0.543608 -0.231950 0.178572
v -0.638477 -0.405950 -0.001928
v -0.710448 -0.473350 -0.047029
v -0.708198 -0.420950 -0.089729
v 0.015442 0.275150 -0.233130
v 0.061273 0.277850 -0.216528
v 0.037763 0.290850 -0.147129
v 0.071723 0.280150 -0.240330
v 0.125533 0.277950 -0.218628
v 0.212933 0.277150 -0.216229
v 0.176003 0.271851 -0.157928
v 0.120332 0.276751 -0.104328
v 0.125533 0.277950 -0.218628
v 0.061273 0.277850 -0.216528
v 0.125533 0.277950 -0.218628
v 0.070333 0.269150 -0.055128
v 0.025153 0.285151 -0.092730
v -0.165977 0.279450 -0.216429
v -0.197428 0.270850 -0.174829
v -0.217628 0.271750 -0.209429
v 0.502012 -0.165050 0.256472
v 0.642413 -0.212950 0.151472
v 0.484202 -0.223949 0.157772
v 0.613513 -0.242150 0.082571
v -0.308177 -0.112050 0.479771
v -0.346958 -0.099750 0.440271
v -0.303838 -0.105450 0.530571
v -0.333168 -0.112349 0.404371
v -0.118068 0.609250 -0.270329
v -0.129787 0.615350 -0.257830
v -0.155138 0.641850 -0.266729
v -0.228717 0.255050 -0.169729
v -0.220918 0.243550 -0.108528
v -0.245128 0.225250 -0.160629
v -0.363128 -0.119150 0.285770
v -0.333168 -0.112349 0.404371
v -0.344997 -0.127749 0.291672
v -0.346958 -0.099750 0.440271
v -0.174518 0.642150 -0.229929
v -0.190117 0.626451 -0.198328
v -0.225518 0.632850 -0.183529
v 0.305172 0.549150 -0.160629
v 0.288532 0.575150 -0.140129
v 0.297153 0.587450 -0.161530
v -0.198388 0.260050 -0.094429
v -0.228717 0.255050 -0.169729
v -0.197428 0.270850 -0.174829
v -0.159448 0.270950 -0.095329
v -0.072217 0.277050 -0.211329
v -0.198388 0.260050 -0.094429
v -0.159448 0.270950 -0.095329
v 0.176003 0.271851 -0.157928
v 0.196922 0.261550 -0.092329
v 0.120332 0.276751 -0.104328
v -0.127997 0.289850 -0.284128
v -0.193888 0.300150 -0.260529
v -0.172358 0.295051 -0.307329
v -0.034828 0.275750 -0.237129
v 0.015442 0.275150 -0.233130
v -0.072217 0.277050 -0.211329
v 0.710742 -0.260050 0.070070
v 0.746793 -0.264750 0.066372
v 0.697492 -0.276150 0.031471
v 0.617443 -0.253150 0.122871
v 0.697492 -0.276150 0.031471
v 0.697492 -0.276150 0.031471
v 0.746063 -0.291349 -0.042330
v 0.390452 -0.257950 0.173872
v 0.395823 -0.217550 0.208672
v 0.468042 -0.256650 0.170071
v 0.252653 0.223250 -0.183329
v 0.245742 0.250350 -0.209728
v 0.258482 0.219950 -0.243328
v -0.258967 -0.124150 0.554272
v -0.303838 -0.105450 0.530571
v -0.261338 -0.117150 0.581572
v -0.308177 -0.112050 0.479771
v 0.288532 0.575150 -0.140129
v 0.259452 0.614750 -0.157330
v 0.276692 0.615350 -0.164629
v -0.309897 0.639851 -0.182228
v -0.268588 0.646650 -0.187828
v -0.291348 0.625650 -0.169029
v -0.401308 -0.365750 0.139671
v -0.464468 -0.325550 0.139271
v -0.424788 -0.296050 0.156771
v 0.292683 0.626650 -0.169029
v 0.304782 0.644250 -0.186729
v 0.323873 0.611450 -0.173630
v 0.607973 -1.209850 0.247770
v 0.676402 -1.285550 0.258671
v 0.613992 -1.308249 0.201872
v -0.228717 0.255050 -0.169729
v -0.198388 0.260050 -0.094429
v -0.220918 0.243550 -0.108528
v -0.255368 0.255450 -0.280628
v -0.229097 0.290150 -0.252930
v -0.243258 0.256950 -0.223129
v 0.312343 -0.103849 0.521471
v 0.261053 -0.124050 0.554071
v 0.266293 -0.116250 0.578171
v 0.310282 -0.112050 0.480671
v -0.465487 -0.213150 0.228971
v -0.543608 -0.231950 0.178572
v -0.478137 -0.188950 0.276472
v 0.233092 0.240750 -0.134129
v 0.196922 0.261550 -0.092329
v 0.228122 0.260250 -0.181728
v 0.310282 -0.112050 0.480671
v 0.353733 -0.099750 0.408772
v 0.335552 -0.110849 0.405371
v 0.312343 -0.103849 0.521471
v 0.176003 0.271851 -0.157928
v 0.228122 0.260250 -0.181728
v 0.196922 0.261550 -0.092329
v 0.353733 -0.099750 0.408772
v 0.366182 -0.117949 0.288172
v 0.347093 -0.127049 0.290871
v 0.335552 -0.110849 0.405371
v 0.233092 0.240750 -0.134129
v 0.228122 0.260250 -0.181728
v 0.245742 0.250350 -0.209728
v -0.159448 0.270950 -0.095329
v -0.174928 0.255750 -0.056528
v -0.199808 0.242250 -0.069529
v -0.228717 0.255050 -0.169729
v -0.243258 0.256950 -0.223129
v -0.217628 0.271750 -0.209429
v 0.307112 -0.181650 0.178572
v 0.366182 -0.117949 0.288172
v 0.316652 -0.183249 0.162472
v 0.461452 -0.200450 0.235672
v 0.544622 -0.223249 0.186771
v 0.468042 -0.256650 0.170071
v 0.395823 -0.217550 0.208672
v 0.468042 -0.256650 0.170071
v -0.145308 0.586150 -0.181929
v -0.118527 0.571850 -0.207628
v -0.115767 0.562551 -0.184830
v 0.232062 0.597850 -0.119728
v 0.201892 0.617650 -0.135929
v 0.247422 0.611751 -0.132830
v -0.518928 -1.097350 0.290670
v -0.446777 -0.984050 0.291571
v -0.415018 -1.047550 0.272871
v 0.232062 0.289850 -0.253729
v 0.258482 0.219950 -0.243328
v 0.245742 0.250350 -0.209728
v -0.476317 -0.228350 0.162071
v -0.640237 -0.210450 0.149771
v -0.509108 -0.171550 0.250671
v -0.610528 -0.241850 0.084070
v -0.303267 -0.181650 0.177570
v -0.363128 -0.119150 0.285770
v -0.344997 -0.127749 0.291672
v -0.313328 -0.183249 0.160172
v -0.023568 0.293250 -0.137829
v -0.159448 0.270950 -0.095329
v -0.072217 0.277050 -0.211329
v -0.282207 0.660050 -0.199028
v -0.257828 0.659250 -0.212328
v -0.268588 0.646650 -0.187828
v -0.034828 0.275750 -0.237129
v -0.043228 0.265350 -0.271029
v 0.040193 0.265050 -0.271328
v -0.082638 0.282750 -0.246429
v -0.072217 0.277050 -0.211329
v 0.131212 0.290050 -0.285528
v 0.184523 0.298551 -0.261629
v 0.089393 0.286850 -0.272829
v 0.214922 0.295650 -0.297428
v 0.232062 0.289850 -0.253729
v -0.188447 -0.141749 0.607370
v -0.261338 -0.117150 0.581572
v -0.195258 -0.133150 0.625671
v -0.258967 -0.124150 0.554272
v -0.543608 -0.231950 0.178572
v -0.573758 -0.285150 0.113871
v -0.601948 -0.234950 0.167070
v 0.061273 0.277850 -0.216528
v 0.015442 0.275150 -0.233130
v 0.071723 0.280150 -0.240330
v -0.072217 0.277050 -0.211329
v 0.037763 0.290850 -0.147129
v 0.061273 0.277850 -0.216528
v 0.120332 0.276751 -0.104328
v 0.037763 0.290850 -0.147129
v 0.366182 -0.117949 0.288172
v 0.307112 -0.181650 0.178572
v 0.347093 -0.127049 0.290871
v -0.224998 0.647050 -0.204729
v -0.174518 0.642150 -0.229929
v -0.225518 0.632850 -0.183529
v 0.569353 -0.444350 0.082071
v 0.476343 -0.441350 0.134171
v 0.531443 -0.380650 0.100672
v -0.617417 -1.326050 0.201370
v -0.668357 -1.309550 0.238972
v -0.602677 -1.207350 0.245272
v 0.281403 0.657850 -0.198229
v 0.304782 0.644250 -0.186729
v 0.292683 0.626650 -0.169029
v 0.046213 -0.349450 0.052271
v 0.000803 -0.348150 0.070971
v 0.084652 -0.338350 0.067371
v 0.147102 0.635250 -0.270329
v 0.179613 0.643250 -0.229328
v 0.158702 0.628750 -0.231329
v -0.072217 0.277050 -0.211329
v 0.037763 0.290850 -0.147129
v -0.023568 0.293250 -0.137829
v 0.185272 0.660950 -0.255228
v 0.233353 0.656550 -0.223028
v 0.209083 0.649550 -0.225929
v 0.212933 0.277150 -0.216229
v 0.245742 0.250350 -0.209728
v 0.228122 0.260250 -0.181728
v 0.131212 0.290050 -0.285528
v 0.214922 0.295650 -0.297428
v 0.184523 0.298551 -0.261629
v 0.046213 -0.349450 0.052271
v -0.075518 -0.344450 0.057371
v 0.000803 -0.348150 0.070971
v -0.085368 -0.339050 0.070070
v -0.460547 -1.322350 0.227371
v -0.489518 -1.279449 0.211172
v -0.298007 -1.192450 0.300072
v -0.195248 -0.312050 0.072371
v -0.085368 -0.339050 0.070070
v -0.075518 -0.344450 0.057371
v -0.193518 -0.307150 0.087572
v -0.068478 0.406850 -0.327929
v -0.088768 0.392750 -0.307228
v -0.104408 0.390150 -0.330328
v -0.531137 -0.357349 0.105171
v -0.464468 -0.325550 0.139271
v -0.449317 -0.422550 0.136171
v -0.034828 0.275750 -0.237129
v 0.040193 0.265050 -0.271328
v 0.015442 0.275150 -0.233130
v 0.199923 -0.310450 0.072170
v 0.084652 -0.338350 0.067371
v 0.195743 -0.306950 0.088272
v 0.046213 -0.349450 0.052271
v -0.243117 0.622050 -0.164228
v -0.268588 0.646650 -0.187828
v -0.225518 0.632850 -0.183529
v -0.225967 0.601650 -0.121630
v -0.245358 0.612650 -0.132830
v -0.199997 0.616651 -0.135828
v 0.782462 -0.356050 -0.144228
v 0.753793 -0.385150 -0.134428
v 0.720222 -0.346149 -0.103929
v 0.179613 0.643250 -0.229328
v 0.229282 0.647050 -0.203730
v 0.230412 0.631050 -0.178129
v -0.212808 0.296550 -0.291828
v -0.172358 0.295051 -0.307329
v -0.193888 0.300150 -0.260529
v -0.043228 0.265350 -0.271029
v -0.034828 0.275750 -0.237129
v -0.082638 0.282750 -0.246429
v -0.355467 -0.921750 0.219771
v -0.406087 -1.026250 0.218672
v -0.475508 -0.883550 0.301571
v -0.540648 -1.020850 0.264771
v 0.414912 -1.021950 0.223372
v 0.348823 -0.918350 0.215172
v 0.474062 -0.884749 0.301071
v 0.542882 -1.019650 0.264071
v 0.589412 -0.335250 0.024172
v 0.483192 -0.432350 0.093472
v 0.474342 -0.341949 0.099272
v 0.590542 -0.446950 0.019571
v 0.266293 -0.116250 0.578171
v 0.189602 -0.141350 0.606171
v 0.193062 -0.133250 0.626572
v 0.261053 -0.124050 0.554071
v 0.115693 -0.153150 0.626671
v 0.119863 -0.144750 0.642771
v 0.189602 -0.141350 0.606171
v 0.559342 -1.242850 0.210470
v 0.613992 -1.308249 0.201872
v 0.508102 -1.313849 0.203671
v -0.269877 -0.259550 0.103071
v -0.193518 -0.307150 0.087572
v -0.195248 -0.312050 0.072371
v -0.261757 -0.252950 0.120472
v 0.040193 0.265050 -0.271328
v 0.071723 0.280150 -0.240330
v 0.015442 0.275150 -0.233130
v 0.127283 0.615550 -0.269129
v 0.147102 0.635250 -0.270329
v 0.131692 0.619550 -0.254229
v -0.509697 -0.291850 0.140970
v -0.543608 -0.231950 0.178572
v -0.442657 -0.241450 0.193171
v 0.273602 -0.254750 0.107471
v 0.199923 -0.310450 0.072170
v 0.262803 -0.252950 0.120472
v 0.195743 -0.306950 0.088272
v -0.543608 -0.231950 0.178572
v -0.465487 -0.213150 0.228971
v -0.442657 -0.241450 0.193171
v 0.634522 -1.197249 0.306372
v 0.676402 -1.285550 0.258671
v 0.607973 -1.209850 0.247770
v -0.531137 -0.357349 0.105171
v -0.509697 -0.291850 0.140970
v -0.464468 -0.325550 0.139271
v -0.782738 -0.320450 -0.113930
v -0.709278 -0.294450 -0.032528
v -0.752667 -0.335750 -0.131128
v -0.735568 -0.266950 0.013870
v -0.696228 -0.277150 0.014570
v -0.709278 -0.294450 -0.032528
v -0.735568 -0.266950 0.013870
v -0.782738 -0.320450 -0.113930
v 0.316652 -0.183249 0.162472
v 0.262803 -0.252950 0.120472
v 0.307112 -0.181650 0.178572
v 0.273602 -0.254750 0.107471
v -0.261757 -0.252950 0.120472
v -0.313328 -0.183249 0.160172
v -0.303267 -0.181650 0.177570
v -0.269877 -0.259550 0.103071
v -0.738868 -0.356450 -0.129929
v -0.685287 -0.372550 -0.077528
v -0.729537 -0.393750 -0.118830
v -0.796847 -0.437950 -0.136129
v -0.752667 -0.335750 -0.131128
v -0.669147 -0.341150 -0.037828
v 0.158702 0.628750 -0.231329
v 0.131692 0.619550 -0.254229
v 0.147102 0.635250 -0.270329
v 0.115693 -0.153150 0.626671
v -0.113577 -0.155849 0.627571
v -0.092137 -0.149650 0.645571
v 0.119863 -0.144750 0.642771
v 0.616333 -0.427150 0.031071
v 0.672952 -0.457250 -0.029129
v 0.646513 -0.484650 0.036470
v 0.678202 -0.378250 -0.049330
v 0.710852 -0.397250 -0.096029
v 0.569353 -0.444350 0.082071
v 0.616333 -0.427150 0.031071
v -0.531137 -0.357349 0.105171
v -0.449317 -0.422550 0.136171
v -0.517308 -0.418050 0.112371
v -0.594518 -0.428250 0.058771
v -0.517308 -0.418050 0.112371
v -0.638477 -0.405950 -0.001928
v -0.601558 -0.368649 0.041370
v 0.561502 -0.258450 0.140171
v 0.524622 -0.300650 0.126471
v 0.468042 -0.256650 0.170071
v -0.224998 0.647050 -0.204729
v -0.225518 0.632850 -0.183529
v -0.268588 0.646650 -0.187828
v -0.489518 -1.279449 0.211172
v -0.560518 -1.350850 0.196272
v -0.565948 -1.259450 0.204672
v -0.565948 -1.259450 0.204672
v -0.617417 -1.326050 0.201370
v -0.602677 -1.207350 0.245272
v 0.720222 -0.346149 -0.103929
v 0.754683 -0.317250 -0.100628
v 0.782462 -0.356050 -0.144228
v 0.253932 0.262550 -0.286928
v 0.232062 0.289850 -0.253729
v 0.241122 0.277650 -0.298128
v 0.468042 -0.256650 0.170071
v 0.544622 -0.223249 0.186771
v 0.561502 -0.258450 0.140171
v 0.617443 -0.253150 0.122871
v 0.375632 -0.936250 0.262671
v 0.468792 -1.051350 0.283272
v 0.379423 -1.085550 0.267071
v 0.441563 -1.076250 0.270472
v 0.468792 -1.051350 0.283272
v 0.559342 -1.242850 0.210470
v 0.379423 -1.085550 0.267071
v 0.478562 -1.008150 0.310871
v 0.545302 -1.103050 0.305771
v 0.468792 -1.051350 0.283272
v -0.237358 0.276350 -0.292830
v -0.229097 0.290150 -0.252930
v -0.255368 0.255450 -0.280628
v 0.556013 -1.104850 0.353672
v 0.634522 -1.197249 0.306372
v 0.545302 -1.103050 0.305771
v 0.484202 -0.223949 0.157772
v 0.589412 -0.335250 0.024172
v 0.474342 -0.341949 0.099272
v 0.613513 -0.242150 0.082571
v 0.589412 -0.335250 0.024172
v 0.619863 -0.258150 0.088871
v 0.598763 -0.339550 0.037672
v -0.088768 0.392750 -0.307228
v -0.068478 0.406850 -0.327929
v -0.070898 0.405850 -0.308430
v -0.509697 -0.291850 0.140970
v -0.442657 -0.241450 0.193171
v -0.464468 -0.325550 0.139271
v -0.476317 -0.228350 0.162071
v -0.583898 -0.334350 0.023170
v -0.610528 -0.241850 0.084070
v -0.467398 -0.339350 0.103571
v -0.583898 -0.334350 0.023170
v -0.617097 -0.257750 0.090271
v -0.593788 -0.338650 0.036972
v -0.224998 0.647050 -0.204729
v -0.218048 0.657050 -0.231329
v -0.186927 0.650351 -0.243528
v -0.190117 0.626451 -0.198328
v -0.142407 0.609850 -0.224329
v -0.164308 0.607750 -0.184029
v -0.224998 0.647050 -0.204729
v -0.268588 0.646650 -0.187828
v -0.257828 0.659250 -0.212328
v 0.672952 -0.457250 -0.029129
v 0.616333 -0.427150 0.031071
v 0.710852 -0.397250 -0.096029
v 0.448123 -0.361250 0.132771
v 0.468042 -0.256650 0.170071
v 0.524622 -0.300650 0.126471
v -0.298327 -0.131750 0.269871
v -0.317848 -0.159850 0.247070
v -0.346087 -0.186550 0.217871
v -0.685287 -0.372550 -0.077528
v -0.638477 -0.405950 -0.001928
v -0.708198 -0.420950 -0.089729
v 0.561502 -0.258450 0.140171
v 0.617443 -0.253150 0.122871
v 0.628562 -0.279449 0.080471
v -0.190117 0.626451 -0.198328
v -0.164308 0.607750 -0.184029
v -0.183938 0.614850 -0.156729
v -0.650628 -0.255450 0.102072
v -0.696228 -0.277150 0.014570
v -0.735568 -0.266950 0.013870
v -0.042458 0.407250 -0.317728
v -0.070898 0.405850 -0.308430
v -0.068478 0.406850 -0.327929
v 0.147102 0.635250 -0.270329
v 0.180702 0.649550 -0.250328
v 0.179613 0.643250 -0.229328
v 0.214922 0.295650 -0.297428
v 0.241122 0.277650 -0.298128
v 0.232062 0.289850 -0.253729
v 0.297153 0.587450 -0.161530
v 0.288532 0.575150 -0.140129
v 0.276692 0.615350 -0.164629
v 0.281403 0.657850 -0.198229
v 0.229282 0.647050 -0.203730
v 0.233353 0.656550 -0.223028
v 0.281403 0.657850 -0.198229
v 0.230412 0.631050 -0.178129
v -0.286088 0.573950 -0.139629
v -0.298158 0.586350 -0.162729
v -0.267508 0.612250 -0.160429
v -0.509697 -0.291850 0.140970
v -0.531137 -0.357349 0.105171
v -0.573758 -0.285150 0.113871
v -0.638477 -0.405950 -0.001928
v -0.594518 -0.428250 0.058771
v -0.229097 0.290150 -0.252930
v -0.237358 0.276350 -0.292830
v -0.212808 0.296550 -0.291828
v 0.187162 0.617950 -0.176930
v 0.182282 0.614850 -0.161329
v 0.151483 0.593750 -0.185429
v -0.195258 -0.133150 0.625671
v -0.113577 -0.155849 0.627571
v -0.188447 -0.141749 0.607370
v -0.092137 -0.149650 0.645571
v 0.616333 -0.427150 0.031071
v 0.531443 -0.380650 0.100672
v 0.609982 -0.385350 0.034672
v 0.678202 -0.378250 -0.049330
v 0.616333 -0.427150 0.031071
v 0.230412 0.631050 -0.178129
v 0.187162 0.617950 -0.176930
v 0.184292 0.625650 -0.204329
v 0.151292 0.607750 -0.208630
v 0.187162 0.617950 -0.176930
v 0.229282 0.647050 -0.203730
v 0.209083 0.649550 -0.225929
v 0.233353 0.656550 -0.223028
v 0.531443 -0.380650 0.100672
v 0.586243 -0.325450 0.075171
v 0.609982 -0.385350 0.034672
v 0.448123 -0.361250 0.132771
v 0.524622 -0.300650 0.126471
v 0.667482 -0.326850 -0.006329
v 0.609982 -0.385350 0.034672
v 0.607973 -1.209850 0.247770
v 0.545302 -1.103050 0.305771
v 0.634522 -1.197249 0.306372
v -0.543608 -0.231950 0.178572
v -0.509697 -0.291850 0.140970
v -0.573758 -0.285150 0.113871
v 0.454813 -1.210649 0.232472
v 0.335833 -1.155750 0.274872
v 0.379423 -1.085550 0.267071
v -0.224998 0.647050 -0.204729
v -0.257828 0.659250 -0.212328
v -0.218048 0.657050 -0.231329
v -0.245358 0.612650 -0.132830
v -0.286088 0.573950 -0.139629
v -0.267508 0.612250 -0.160429
v 0.227962 0.617050 -0.143829
v 0.187162 0.617950 -0.176930
v 0.230412 0.631050 -0.178129
v 0.524622 -0.300650 0.126471
v 0.586243 -0.325450 0.075171
v 0.531443 -0.380650 0.100672
v 0.607973 -1.209850 0.247770
v 0.613992 -1.308249 0.201872
v 0.559342 -1.242850 0.210470
v -0.225518 0.632850 -0.183529
v -0.204988 0.618850 -0.159628
v -0.243117 0.622050 -0.164228
v -0.190117 0.626451 -0.198328
v -0.410568 -1.137150 0.254770
v -0.415018 -1.047550 0.272871
v -0.331607 -1.080350 0.268372
v 0.710852 -0.397250 -0.096029
v 0.678202 -0.378250 -0.049330
v 0.720222 -0.346149 -0.103929
v 0.753793 -0.385150 -0.134428
v -0.629538 -0.279950 0.075571
v -0.650628 -0.255450 0.102072
v -0.601948 -0.234950 0.167070
v -0.696228 -0.277150 0.014570
v -0.669147 -0.341150 -0.037828
v -0.601558 -0.368649 0.041370
v -0.638477 -0.405950 -0.001928
v -0.186927 0.650351 -0.243528
v -0.174518 0.642150 -0.229929
v -0.224998 0.647050 -0.204729
v -0.155138 0.641850 -0.266729
v -0.174518 0.642150 -0.229929
v -0.186927 0.650351 -0.243528
v 0.454813 -1.210649 0.232472
v 0.508102 -1.313849 0.203671
v 0.335833 -1.155750 0.274872
v 0.586243 -0.325450 0.075171
v 0.561502 -0.258450 0.140171
v 0.628562 -0.279449 0.080471
v 0.179613 0.643250 -0.229328
v 0.209083 0.649550 -0.225929
v 0.229282 0.647050 -0.203730
v -0.629538 -0.279950 0.075571
v -0.601948 -0.234950 0.167070
v -0.573758 -0.285150 0.113871
v -0.531137 -0.357349 0.105171
v -0.601558 -0.368649 0.041370
v -0.599157 -0.329450 0.058771
v 0.617443 -0.253150 0.122871
v 0.697492 -0.276150 0.031471
v 0.628562 -0.279449 0.080471
v 0.379423 -1.085550 0.267071
v 0.559342 -1.242850 0.210470
v 0.454813 -1.210649 0.232472
v 0.628562 -0.279449 0.080471
v 0.697492 -0.276150 0.031471
v 0.667482 -0.326850 -0.006329
v -0.696228 -0.277150 0.014570
v -0.629538 -0.279950 0.075571
v -0.709278 -0.294450 -0.032528
v 0.561502 -0.258450 0.140171
v 0.586243 -0.325450 0.075171
v 0.524622 -0.300650 0.126471
v 0.628562 -0.279449 0.080471
v 0.667482 -0.326850 -0.006329
v -0.629538 -0.279950 0.075571
v -0.573758 -0.285150 0.113871
v -0.599157 -0.329450 0.058771
v 0.179613 0.643250 -0.229328
v 0.180702 0.649550 -0.250328
v 0.209083 0.649550 -0.225929
v 0.288532 0.575150 -0.140129
v 0.247422 0.611751 -0.132830
v 0.259452 0.614750 -0.157330
v -0.324188 -1.139750 0.275971
v -0.489518 -1.279449 0.211172
v -0.410568 -1.137150 0.254770
v 0.259452 0.614750 -0.157330
v 0.230412 0.631050 -0.178129
v 0.276692 0.615350 -0.164629
v 0.508102 -1.313849 0.203671
v 0.454813 -1.210649 0.232472
v 0.559342 -1.242850 0.210470
v 0.555872 -1.149850 0.262371
v 0.468792 -1.051350 0.283272
v 0.545302 -1.103050 0.305771
v -0.518928 -1.097350 0.290670
v -0.645187 -1.213550 0.290871
v -0.535717 -1.082150 0.337172
v 0.555872 -1.149850 0.262371
v 0.441563 -1.076250 0.270472
v 0.468792 -1.051350 0.283272
v -0.518928 -1.097350 0.290670
v -0.602677 -1.207350 0.245272
v -0.645187 -1.213550 0.290871
v 0.545302 -1.103050 0.305771
v 0.607973 -1.209850 0.247770
v 0.555872 -1.149850 0.262371
v 0.182282 0.614850 -0.161329
v 0.187162 0.617950 -0.176930
v 0.201892 0.617650 -0.135929
v -0.204988 0.618850 -0.159628
v -0.190117 0.626451 -0.198328
v -0.183938 0.614850 -0.156729
v -0.565948 -1.259450 0.204672
v -0.410568 -1.137150 0.254770
v -0.489518 -1.279449 0.211172
v -0.531137 -0.357349 0.105171
v -0.599157 -0.329450 0.058771
v -0.573758 -0.285150 0.113871
v -0.243117 0.622050 -0.164228
v -0.204988 0.618850 -0.159628
v -0.245358 0.612650 -0.132830
v 0.227962 0.617050 -0.143829
v 0.230412 0.631050 -0.178129
v 0.259452 0.614750 -0.157330
v -0.669147 -0.341150 -0.037828
v -0.599157 -0.329450 0.058771
v -0.601558 -0.368649 0.041370
v -0.495478 -1.136849 0.254971
v -0.518928 -1.097350 0.290670
v -0.415018 -1.047550 0.272871
v 0.746063 -0.291349 -0.042330
v 0.667482 -0.326850 -0.006329
v 0.697492 -0.276150 0.031471
v -0.685287 -0.372550 -0.077528
v -0.738868 -0.356450 -0.129929
v -0.669147 -0.341150 -0.037828
v 0.555872 -1.149850 0.262371
v 0.607973 -1.209850 0.247770
v 0.559342 -1.242850 0.210470
v -0.495478 -1.136849 0.254971
v -0.415018 -1.047550 0.272871
v -0.410568 -1.137150 0.254770
v -0.565948 -1.259450 0.204672
v -0.495478 -1.136849 0.254971
v -0.709278 -0.294450 -0.032528
v -0.629538 -0.279950 0.075571
v -0.669147 -0.341150 -0.037828
v 0.746063 -0.291349 -0.042330
v 0.720222 -0.346149 -0.103929
v 0.667482 -0.326850 -0.006329
v -0.199997 0.616651 -0.135828
v -0.204988 0.618850 -0.159628
v -0.183938 0.614850 -0.156729
v -0.709278 -0.294450 -0.032528
v -0.669147 -0.341150 -0.037828
v -0.752667 -0.335750 -0.131128
v -0.599157 -0.329450 0.058771
v -0.669147 -0.341150 -0.037828
v -0.629538 -0.279950 0.075571
v 0.247422 0.611751 -0.132830
v 0.201892 0.617650 -0.135929
v 0.227962 0.617050 -0.143829
v 0.678202 -0.378250 -0.049330
v 0.609982 -0.385350 0.034672
v 0.667482 -0.326850 -0.006329
v 0.754683 -0.317250 -0.100628
v 0.720222 -0.346149 -0.103929
v 0.746063 -0.291349 -0.042330
v -0.685287 -0.372550 -0.077528
v -0.669147 -0.341150 -0.037828
v -0.638477 -0.405950 -0.001928
v -0.243117 0.622050 -0.164228
v -0.245358 0.612650 -0.132830
v -0.267508 0.612250 -0.160429
v 0.441563 -1.076250 0.270472
v 0.555872 -1.149850 0.262371
v 0.559342 -1.242850 0.210470
v 0.259452 0.614750 -0.157330
v 0.247422 0.611751 -0.132830
v 0.227962 0.617050 -0.143829
v 0.667482 -0.326850 -0.006329
v 0.720222 -0.346149 -0.103929
v 0.678202 -0.378250 -0.049330
v -0.204988 0.618850 -0.159628
v -0.199997 0.616651 -0.135828
v -0.245358 0.612650 -0.132830
v -0.495478 -1.136849 0.254971
v -0.565948 -1.259450 0.204672
v -0.602677 -1.207350 0.245272
v 0.201892 0.617650 -0.135929
v 0.187162 0.617950 -0.176930
v 0.227962 0.617050 -0.143829
v -0.602677 -1.207350 0.245272
v -0.518928 -1.097350 0.290670
v -0.495478 -1.136849 0.254971
vn 0.3789 -0.9157 -0.1342
vn 0.6682 -0.5818 0.4638
vn 0.1889 -0.8891 0.4170
vn -0.4412 -0.6539 0.6145
vn -0.5821 -0.7945 0.1731
vn 0.0707 -0.9672 0.2438
vn -0.1503 -0.9254 -0.3480
vn -0.5821 -0.7945 0.1730
vn -0.6594 -0.6594 -0.3611
vn 0.8615 -0.4777 -0.1723
vn 0.6682 -0.5817 0.4638
vn 0.3789 -0.9156 -0.1342
vn 0.1888 -0.8891 0.4170
vn -0.2907 -0.9273 0.2357
vn -0.1655 -0.9612 -0.2206
vn -0.1654 -0.9612 -0.2206
vn -0.1022 -0.7706 0.6291
vn 0.1888 -0.8890 0.4171
vn 0.2594 -0.5266 0.8096
vn 0.2594 -0.5266 0.8095
vn -0.4412 -0.6540 0.6145
vn -0.9096 -0.2196 0.3528
vn 0.2678 -0.8351 0.4806
vn 0.0317 -0.7600 0.6491
vn 0.0708 -0.9672 0.2438
vn 0.0316 -0.7600 0.6491
vn -0.4412 -0.6540 0.6146
vn -0.9358 -0.2202 -0.2753
vn 0.3315 -0.6789 -0.6551
vn 0.8614 -0.4777 -0.1723
vn -0.0393 -0.8582 0.5117
vn 0.0394 -0.8671 0.4966
vn -0.0869 -0.9795 0.1817
vn -0.9358 -0.2202 -0.2752
vn -0.0394 -0.8582 0.5118
vn 0.0236 -0.6539 0.7562
vn -0.0315 -0.6704 0.7413
vn -0.1736 -0.7812 0.5997
vn -0.2828 -0.9190 0.2749
vn 0.0315 -0.6704 0.7413
vn -0.0393 -0.8582 0.5118
vn 0.0236 -0.9989 -0.0393
vn -0.2827 -0.9190 0.2749
vn -0.0866 -0.5902 0.8026
vn -0.2827 -0.4478 0.8483
vn 0.0316 -0.7600 0.6492
vn -0.1502 -0.9254 -0.3480
vn 0.3699 -0.9288 -0.0236
vn 0.0708 -0.9673 0.2438
vn 0.2679 -0.8351 0.4805
vn 0.0395 -0.8671 0.4966
vn 0.2511 -0.9258 0.2825
vn -0.2686 -0.8295 0.4897
vn -0.4005 -0.8875 0.2278
vn -0.0787 -0.6769 0.7319
vn 0.1182 -0.7330 0.6699
vn 0.2678 -0.8350 0.4806
vn 0.1892 -0.8121 0.5519
vn 0.3472 -0.8680 0.3551
vn 0.1183 -0.7330 0.6699
vn 0.1892 -0.8121 0.5520
vn -0.1022 -0.7706 0.6290
vn -0.2907 -0.9273 0.2358
vn -0.2908 -0.9273 0.2358
vn 0.0236 -0.6538 0.7563
vn -0.1181 -0.4567 0.8818
vn -0.0316 -0.6704 0.7414
vn 0.1893 -0.8122 0.5519
vn -0.4412 -0.6539 0.6146
vn 0.0317 -0.7600 0.6492
vn -0.0865 -0.5902 0.8026
vn 0.9312 -0.1105 0.3473
vn -0.0785 -0.5728 0.8160
vn -0.0315 -0.6704 0.7414
vn -0.0552 -0.6779 0.7330
vn -0.2686 -0.8294 0.4898
vn -0.2827 -0.9189 0.2750
vn -0.0787 -0.6768 0.7319
vn 0.2043 -0.4874 0.8489
vn -0.0551 -0.6779 0.7331
vn 0.2044 -0.4874 0.8489
vn 0.2369 -0.4187 0.8767
vn -0.2122 -0.4402 0.8725
vn 0.0316 -0.6703 0.7414
vn 0.0236 -0.6539 0.7563
vn 0.0316 -0.6704 0.7414
vn 0.1182 -0.7329 0.6700
vn 0.3700 -0.9288 -0.0236
vn 0.4728 -0.8669 0.1577
vn -0.0552 -0.6779 0.7331
vn -0.2828 -0.4164 0.8641
vn 0.1489 -0.4074 0.9010
vn 0.0237 -0.6538 0.7563
vn 0.2671 -0.9583 -0.1020
vn 0.2511 -0.9258 0.2824
vn 0.4812 -0.8757 -0.0394
vn 0.2511 -0.9259 0.2824
vn 0.2670 -0.9583 -0.1021
vn -0.0157 -0.3930 0.9194
vn -0.1023 -0.7706 0.6291
vn -0.0785 -0.5727 0.8160
vn -0.2828 -0.9189 0.2749
vn -0.4810 -0.8754 0.0474
vn 0.2593 -0.5266 0.8096
vn 0.4729 -0.8669 0.1576
vn 0.3472 -0.8680 0.3550
vn -0.4811 -0.8754 0.0473
vn -0.4006 -0.8875 0.2278
vn -0.2686 -0.8295 0.4898
vn -0.6461 -0.1497 0.7484
vn -0.9095 -0.2196 0.3529
vn -0.1338 -0.9680 -0.2124
vn -0.0157 -0.3929 0.9194
vn 0.0157 -0.8814 -0.4721
vn 0.0236 -0.9989 -0.0394
vn -0.1337 -0.9680 -0.2125
vn 0.3317 -0.8454 -0.4187
vn -0.0869 -0.9795 0.1816
vn -0.1338 -0.9680 -0.2125
vn -0.4409 -0.8739 -0.2046
vn -0.2828 -0.9190 0.2748
vn -0.4409 -0.8739 -0.2047
vn 0.3699 -0.9288 -0.0237
vn 0.3794 -0.7036 -0.6008
vn 0.5761 -0.7970 -0.1815
vn -0.5216 -0.8219 -0.2291
vn -0.2908 -0.9273 0.2357
vn 0.2369 -0.4186 0.8767
vn -0.4562 -0.4011 -0.7943
vn 0.3315 -0.6788 -0.6552
vn 0.7945 -0.1731 -0.5821
vn 0.4173 -0.2992 0.8581
vn 0.3688 -0.1884 0.9102
vn 0.4099 -0.2287 0.8830
vn 0.4172 -0.2992 0.8581
vn 0.2044 -0.4873 0.8490
vn 0.4642 -0.1888 0.8654
vn 0.2044 -0.4873 0.8489
vn -0.7394 -0.4641 0.4877
vn -0.9119 -0.3852 0.1415
vn -0.0000 -0.9999 -0.0157
vn 0.7531 -0.4158 -0.5099
vn 0.9119 -0.3853 0.1415
vn 0.7722 -0.4571 0.4413
vn 0.6313 -0.5523 0.5445
vn -0.0000 -0.9999 -0.0158
vn 0.2288 -0.7730 0.5917
vn -0.0001 -0.8019 0.5975
vn -0.2052 -0.7734 0.5998
vn 0.0157 -0.8642 -0.5029
vn 0.2595 -0.6213 -0.7393
vn -0.0945 -0.7954 -0.5986
vn -0.2517 -0.6055 -0.7550
vn -0.7447 -0.4312 -0.5095
vn 0.9119 -0.3852 0.1415
vn 0.7723 -0.4570 0.4412
vn -0.9119 -0.3853 0.1415
vn 0.2596 -0.6213 -0.7393
vn 0.7531 -0.4158 -0.5098
vn -0.2828 -0.4477 0.8483
vn -0.0866 -0.5901 0.8027
vn -0.4896 -0.1817 0.8528
vn -0.2122 -0.4401 0.8725
vn -0.1181 -0.4566 0.8818
vn -0.3146 -0.1574 0.9361
vn -0.6460 -0.1497 0.7485
vn 0.2370 -0.4186 0.8767
vn 0.4641 -0.1888 0.8654
vn -0.4408 -0.2362 0.8660
vn -0.2828 -0.4163 0.8641
vn -0.3147 -0.1573 0.9361
vn -0.4896 -0.1816 0.8528
vn -0.0866 -0.5901 0.8026
vn 0.6992 0.0078 0.7149
vn 0.5986 -0.7955 -0.0945
vn 0.7922 -0.4393 -0.4236
vn 0.9182 -0.3297 0.2197
vn -0.4006 -0.8875 0.2277
vn -0.3146 -0.1573 0.9361
vn -0.9925 -0.0866 0.0866
vn -0.8221 -0.0158 -0.5691
vn -0.8579 -0.5116 -0.0473
vn -0.2587 -0.7604 -0.5957
vn 0.7923 -0.4392 -0.4236
vn 0.9659 0.0628 -0.2513
vn 0.9182 -0.3296 0.2197
vn 0.9312 -0.1105 0.3472
vn 0.0236 -0.5833 -0.8119
vn -0.4561 -0.4011 -0.7944
vn 0.3688 -0.1883 0.9103
vn 0.1576 -0.1419 0.9773
vn -0.3005 -0.6168 -0.7275
vn 0.3700 -0.9287 -0.0236
vn 0.5760 -0.7970 -0.1814
vn -0.0079 -0.2203 0.9754
vn -0.0157 -0.3929 0.9195
vn 0.1488 -0.4074 0.9010
vn -0.0078 -0.2203 0.9754
vn -0.4004 -0.6673 0.6281
vn 0.0237 -0.5833 -0.8119
vn -0.6062 -0.7400 -0.2912
vn -0.6062 -0.7400 -0.2913
vn 0.6312 -0.5524 0.5445
vn 0.4555 -0.6675 0.5890
vn 0.6056 -0.0472 0.7944
vn 0.5893 -0.1022 0.8014
vn -0.8374 -0.3318 0.4345
vn -0.8579 -0.5116 -0.0472
vn -0.5681 -0.8205 0.0631
vn -0.0946 -0.1419 0.9854
vn 0.9463 -0.0000 0.3233
vn 0.9156 0.2921 0.2762
vn 0.7054 -0.5565 0.4389
vn 0.9182 -0.3296 0.2198
vn -0.9925 -0.0867 0.0867
vn -0.5207 -0.6154 -0.5917
vn -0.9136 0.3465 -0.2126
vn -0.4003 -0.6673 0.6281
vn 0.0392 -0.0707 0.9967
vn 0.5898 -0.7471 -0.3067
vn 0.5760 -0.7970 -0.1815
vn 0.3700 -0.9287 -0.0237
vn 0.3795 -0.7036 -0.6008
vn -0.0000 -0.8019 0.5975
vn -0.2202 0.0078 0.9754
vn -0.0000 0.0078 1.0000
vn 0.0001 -0.8019 0.5974
vn 0.2126 -0.0394 0.9764
vn -0.0000 0.0079 1.0000
vn 0.2288 -0.7731 0.5916
vn -0.0079 -0.2202 0.9754
vn -0.9369 0.1338 0.3228
vn -0.9925 -0.0866 0.0867
vn -0.5195 -0.7320 -0.4407
vn 0.1580 0.8529 0.4975
vn 0.0948 0.9874 0.1264
vn -0.0394 0.9922 0.1181
vn 0.1579 0.8530 0.4975
vn 0.2986 0.9038 0.3065
vn 0.1342 0.9864 -0.0947
vn -0.6135 -0.6607 0.4326
vn -0.8373 -0.3318 0.4345
vn -0.0394 0.9922 0.1182
vn -0.1021 0.8960 0.4322
vn 0.1733 0.9849 -0.0000
vn 0.2125 0.9680 -0.1337
vn 0.0394 0.9854 -0.1655
vn -0.2514 0.9586 -0.1336
vn -0.1574 0.9837 -0.0866
vn 0.2987 0.9038 0.3064
vn 0.6232 0.7811 0.0395
vn 0.3871 0.9084 -0.1579
vn 0.3870 0.9084 -0.1579
vn 0.3688 -0.1883 0.9102
vn 0.5893 -0.1021 0.8015
vn 0.6614 0.0551 0.7480
vn 0.8959 -0.4322 -0.1022
vn 1.0000 -0.0079 -0.0000
vn 0.7404 -0.1182 0.6616
vn 0.6291 -0.6054 0.4875
vn -0.2048 0.9768 0.0630
vn 0.5672 -0.8034 0.1812
vn 0.4009 -0.9039 0.1493
vn 0.6757 -0.5972 0.4321
vn 0.5911 -0.6699 0.4492
vn 0.5671 -0.8034 0.1812
vn -0.4338 0.8282 0.3549
vn -0.2203 0.7317 0.6451
vn -0.2048 0.9768 0.0631
vn -0.0158 0.9316 -0.3632
vn 0.0394 0.9854 -0.1656
vn 0.1651 0.8573 -0.4876
vn 0.1341 0.9864 -0.0947
vn 0.4411 -0.8821 0.1654
vn -0.1895 0.9398 -0.2843
vn -0.3871 0.9007 -0.1975
vn -0.3871 0.9006 -0.1975
vn -0.6907 0.6515 0.3139
vn -0.3872 0.9006 -0.1975
vn -0.1022 0.8960 0.4322
vn -0.1022 0.8959 0.4323
vn -0.2202 0.7317 0.6451
vn -0.0079 0.6624 0.7491
vn 0.8017 -0.2515 0.5423
vn 0.6941 -0.3865 0.6073
vn 0.6758 -0.5971 0.4322
vn 0.5912 -0.6699 0.4492
vn 0.6757 -0.5972 0.4322
vn -0.2052 -0.7734 0.5997
vn -0.2203 0.0078 0.9754
vn -0.5026 0.0314 0.8639
vn -0.9998 -0.0078 0.0157
vn -0.6230 -0.6229 0.4732
vn -0.7411 -0.1104 0.6622
vn -0.8840 -0.4578 -0.0947
vn 0.1973 0.9473 -0.2525
vn 0.2125 0.9680 -0.1338
vn 0.1734 0.9849 -0.0000
vn -0.8013 -0.2986 0.5185
vn -0.6135 -0.6606 0.4326
vn 0.1577 0.8910 -0.4257
vn 0.1973 0.9472 -0.2526
vn 0.1257 0.9901 0.0628
vn 0.2836 0.9534 -0.1024
vn 0.0870 0.9570 -0.2768
vn -0.4183 0.9078 -0.0316
vn -0.1416 0.9594 -0.2438
vn -0.4163 0.8956 -0.1571
vn 0.7054 -0.5565 0.4390
vn -0.3303 -0.0157 0.9437
vn -0.6291 -0.6055 0.4875
vn -0.6431 -0.6432 0.4156
vn -0.4493 -0.8748 0.1813
vn -0.1490 0.9881 -0.0392
vn -0.3470 0.8913 -0.2918
vn -0.1896 0.9398 -0.2843
vn -0.3858 0.9214 -0.0472
vn -0.1496 0.9842 0.0945
vn -0.3859 0.9213 -0.0472
vn -0.1497 0.9842 0.0945
vn -0.4183 0.9077 -0.0315
vn -0.1490 0.9881 -0.0393
vn -0.3858 0.9214 -0.0473
vn 0.1258 0.9901 0.0629
vn 0.3549 0.9228 -0.1498
vn 0.2837 0.9534 -0.1024
vn -0.3866 -0.9072 0.1657
vn -0.4492 -0.8748 0.1813
vn 0.5044 0.8591 -0.0867
vn 0.2445 0.8992 -0.3628
vn 0.2837 0.9534 -0.1025
vn -0.5904 -0.7557 0.2834
vn -0.8051 -0.5842 0.1027
vn -0.7173 -0.4966 0.4887
vn -0.5904 -0.7557 0.2835
vn -0.6697 -0.5593 0.4885
vn -0.7240 -0.3698 0.5823
vn -0.6697 -0.5594 0.4885
vn -0.6431 -0.6431 0.4157
vn -0.7239 -0.3699 0.5823
vn 0.0551 0.9924 -0.1102
vn 0.2043 0.9271 -0.3142
vn 0.1658 0.9315 -0.3237
vn 0.0552 0.9924 -0.1102
vn -0.6062 0.0078 0.7952
vn -0.4409 -0.2361 0.8660
vn -0.8643 -0.0079 0.5029
vn -0.9369 0.1338 0.3229
vn -0.8013 -0.2985 0.5185
vn 0.6071 -0.6072 0.5125
vn 0.4959 -0.8580 0.1339
vn 0.7958 -0.5122 0.3230
vn 0.4959 -0.8580 0.1338
vn 0.6072 -0.6072 0.5125
vn 0.4550 -0.8471 0.2745
vn 0.7054 -0.5566 0.4389
vn 0.5845 -0.6950 -0.4187
vn 0.8960 -0.4322 -0.1022
vn 0.6291 -0.6055 0.4875
vn 0.0062 0.9716 -0.2366
vn -0.1105 0.9397 -0.3237
vn -0.1415 0.9594 -0.2438
vn 0.0079 0.9715 -0.2369
vn 0.1104 0.9934 0.0315
vn -0.4163 0.8955 -0.1571
vn -0.1496 0.9842 0.0944
vn -0.0315 0.9857 -0.1656
vn -0.2764 0.9556 -0.1027
vn -0.0550 0.9977 -0.0393
vn 0.3469 0.8436 -0.4100
vn 0.1336 0.9744 -0.1808
vn 0.3632 0.8765 -0.3159
vn 0.6757 -0.5971 0.4322
vn -0.0944 0.9911 -0.0944
vn -0.2367 0.9074 -0.3472
vn -0.0947 0.9788 -0.1816
vn -0.2598 0.8818 -0.3936
vn -0.4083 0.8481 -0.3377
vn -0.2368 0.9074 -0.3472
vn 0.2446 0.8992 -0.3628
vn 0.3633 0.8765 -0.3158
vn -0.4409 -0.2361 0.8659
vn -0.6063 0.0079 0.7952
vn 0.8014 -0.5893 -0.1021
vn 0.4555 -0.6676 0.5890
vn 0.5025 0.0392 0.8637
vn 0.2126 -0.0394 0.9763
vn 0.2836 0.9535 -0.1025
vn 0.0944 0.9363 -0.3383
vn -0.0158 0.9714 -0.2369
vn 0.2746 0.8553 -0.4394
vn 0.1101 0.9674 -0.2281
vn -0.2353 0.8785 -0.4157
vn 0.0864 0.9750 -0.2045
vn -0.1179 0.7935 -0.5970
vn -0.1022 0.8959 0.4322
vn 0.4173 -0.2991 0.8581
vn 0.4100 -0.2286 0.8830
vn 0.5294 0.8454 -0.0711
vn 0.4967 0.8673 0.0315
vn 0.3550 0.9228 -0.1498
vn 0.7633 0.6453 0.0314
vn 0.6584 0.7526 0.0078
vn 0.1103 0.8270 -0.5513
vn 0.1337 0.9910 -0.0079
vn 0.0393 0.9967 -0.0707
vn 0.3549 0.9228 -0.1499
vn 0.1974 0.9472 -0.2526
vn 0.5293 0.8454 -0.0711
vn 0.5831 0.7881 -0.1970
vn -0.0157 0.9539 -0.2996
vn 0.1415 0.9510 -0.2750
vn -0.0000 0.9697 -0.2444
vn 0.2671 -0.9582 -0.1021
vn 0.4812 -0.8757 -0.0395
vn 0.3318 -0.8453 -0.4187
vn 0.1102 0.8270 -0.5513
vn -0.4184 0.9077 -0.0316
vn -0.5444 0.8364 -0.0631
vn -0.3471 0.8913 -0.2918
vn -0.3859 0.9213 -0.0473
vn -0.5448 0.8290 -0.1263
vn 0.3469 0.8436 -0.4099
vn 0.3633 0.8765 -0.3159
vn 0.5114 0.8262 -0.2361
vn -0.0000 0.9755 -0.2202
vn 0.2043 0.9271 -0.3143
vn 0.0553 0.7978 -0.6003
vn -0.0000 0.9754 -0.2203
vn 0.0551 0.9924 -0.1103
vn 0.0393 0.9967 -0.0706
vn 0.1658 0.9315 -0.3236
vn -0.0786 0.7861 -0.6131
vn 0.0553 0.7979 -0.6003
vn -0.0001 0.9754 -0.2203
vn -0.1804 0.9489 -0.2588
vn -0.0158 0.9316 -0.3631
vn 0.1652 0.8573 -0.4876
vn -0.0157 0.9316 -0.3632
vn -0.0000 0.9754 -0.2202
vn -0.0944 0.9910 -0.0944
vn -0.0235 0.8862 -0.4627
vn 0.1257 0.9901 0.0629
vn 0.1337 0.9910 -0.0078
vn -0.1804 0.9490 -0.2588
vn -0.0944 0.9911 -0.0943
vn -0.5447 0.8290 -0.1263
vn 0.4009 -0.9039 0.1494
vn 0.4550 -0.8471 0.2746
vn -0.2515 0.9586 -0.1335
vn -0.1886 0.9428 -0.2749
vn -0.2764 0.9555 -0.1026
vn 0.0944 0.9363 -0.3384
vn 0.1415 0.9510 -0.2751
vn -0.4163 0.8955 -0.1572
vn -0.1106 0.9397 -0.3238
vn -0.0078 0.9494 -0.3138
vn -0.8374 -0.3317 0.4345
vn 0.5911 -0.6699 0.4493
vn 0.6925 -0.3227 0.6453
vn 0.6072 -0.6071 0.5126
vn -0.2764 0.9555 -0.1027
vn -0.0316 0.9857 -0.1656
vn 0.1576 -0.1418 0.9773
vn 0.1808 0.0471 0.9824
vn 0.0393 -0.0706 0.9967
vn -0.1885 0.9428 -0.2750
vn 0.6630 0.7262 -0.1815
vn 0.5115 0.8262 -0.2360
vn 0.6925 -0.3226 0.6453
vn 0.7958 -0.5121 0.3231
vn -0.1181 0.9919 -0.0472
vn -0.0158 0.9540 -0.2995
vn -0.0315 0.9994 -0.0158
vn 0.1734 0.9849 -0.0001
vn 0.1259 0.9918 -0.0236
vn -0.0078 0.9495 -0.3138
vn 0.1259 0.9918 -0.0237
vn 0.0158 0.9223 -0.3862
vn -0.7240 -0.3699 0.5823
vn -0.6710 -0.3316 0.6631
vn -0.6291 -0.6054 0.4876
vn -0.1886 0.9428 -0.2750
vn 0.3870 0.9084 -0.1580
vn -0.1027 0.9483 -0.3002
vn 0.0865 0.9751 -0.2044
vn 0.1579 0.8529 0.4976
vn -0.1021 0.8959 0.4323
vn 0.1336 0.9744 -0.1807
vn 0.1101 0.9674 -0.2280
vn 0.1414 0.9510 -0.2750
vn -0.1806 0.9493 -0.2574
vn -0.0539 0.9978 -0.0392
vn 0.7726 -0.1577 0.6149
vn 0.8056 -0.0000 0.5924
vn 0.7097 -0.0630 0.7017
vn 0.7726 -0.1576 0.6150
vn 0.0628 0.9499 -0.3062
vn -0.0079 0.8185 -0.5745
vn -0.0866 0.6300 -0.7717
vn 0.4154 0.0235 0.9093
vn 0.1500 -0.7262 -0.6709
vn 0.4569 -0.6853 -0.5671
vn 0.6128 -0.7543 -0.2357
vn 0.5845 -0.6951 -0.4187
vn -0.1890 0.8427 -0.5040
vn -0.0630 0.9444 -0.3227
vn -0.0079 0.9353 -0.3537
vn -0.0078 0.9353 -0.3537
vn 0.0628 0.9499 -0.3061
vn 0.6630 0.7262 -0.1816
vn 0.5654 0.8245 0.0236
vn 0.6826 0.7297 0.0393
vn -0.3630 0.8366 -0.4104
vn -0.2598 0.8818 -0.3937
vn -0.4091 0.6373 -0.6530
vn 0.6788 0.7341 -0.0158
vn 0.0392 0.9967 -0.0706
vn -0.8241 -0.3846 0.4160
vn -0.7092 -0.0710 0.7014
vn -0.7411 -0.1104 0.6623
vn -0.5900 0.7789 -0.2125
vn -0.4084 0.8481 -0.3376
vn -0.3631 0.8365 -0.4103
vn -0.4164 0.8955 -0.1572
vn -0.4084 0.8481 -0.3377
vn -0.0000 0.9697 -0.2443
vn -0.0079 0.9494 -0.3139
vn 0.0711 0.9726 -0.2214
vn -0.1027 0.9483 -0.3003
vn 0.0712 0.9726 -0.2214
vn 0.6925 -0.3227 0.6452
vn 0.8349 -0.1812 0.5198
vn 0.6290 -0.6055 0.4875
vn 0.8269 -0.3937 0.4016
vn 0.0865 0.9750 -0.2045
vn -0.1178 0.7935 -0.5970
vn -0.0550 0.9977 -0.0392
vn -0.0947 0.9788 -0.1815
vn -0.1025 0.8990 -0.4258
vn -0.5584 -0.7079 -0.4326
vn -0.6230 -0.6230 0.4731
vn -0.8840 -0.4577 -0.0947
vn -0.4164 0.8955 -0.1571
vn -0.0158 0.9714 -0.2370
vn 0.5799 0.5642 0.5877
vn 0.6232 0.7810 0.0395
vn 0.2987 0.9038 0.3065
vn 0.8268 -0.3937 0.4016
vn 0.7218 -0.0471 0.6905
vn 0.7404 -0.1182 0.6617
vn 0.0079 0.9715 -0.2370
vn -0.0864 0.9428 -0.3221
vn -0.0630 0.9444 -0.3226
vn -0.6229 -0.6230 0.4731
vn -0.5584 -0.7078 -0.4326
vn -0.6286 -0.7386 -0.2436
vn 0.1573 0.9361 -0.3146
vn 0.0711 0.9726 -0.2215
vn -0.0078 0.9494 -0.3139
vn 0.0158 0.9223 -0.3863
vn -0.0629 0.9444 -0.3227
vn 0.1018 0.6032 -0.7911
vn -0.0078 0.8185 -0.5745
vn 0.4968 0.8673 0.0315
vn 0.5654 0.8245 0.0235
vn 0.1577 -0.1418 0.9773
vn -0.7944 -0.0472 0.6056
vn -0.5581 0.7468 -0.3616
vn -0.5901 0.7789 -0.2124
vn -0.5917 0.5207 -0.6154
vn -0.6593 0.4474 -0.6043
vn -0.5582 0.7468 -0.3616
vn -0.8241 -0.3845 0.4159
vn 0.6631 0.7262 -0.1815
vn 0.5045 0.8591 -0.0867
vn 0.6826 0.7297 0.0392
vn -0.7176 -0.1893 0.6703
vn -0.5445 0.8364 -0.0631
vn -0.7108 0.7030 -0.0237
vn 0.6585 0.7526 0.0078
vn -0.7105 0.7026 0.0394
vn -0.7176 0.6703 -0.1892
vn -0.6010 0.7986 0.0316
vn -0.5216 -0.8219 -0.2292
vn 0.6054 0.5897 -0.5346
vn 0.5115 0.8262 -0.2361
vn -0.0158 0.9539 -0.2996
vn -0.0864 0.9427 -0.3221
vn -0.7093 -0.0710 0.7014
vn -0.8241 -0.3845 0.4160
vn -0.7835 -0.1489 0.6033
vn -0.4164 0.8955 -0.1570
vn -0.6010 0.7987 0.0317
vn -0.4184 0.9077 -0.0315
vn 0.4742 0.5691 -0.6718
vn 0.3469 0.8435 -0.4100
vn -0.8935 -0.2195 0.3918
vn -0.7174 -0.4966 0.4887
vn -0.8051 -0.5841 0.1027
vn 0.8057 -0.0000 0.5924
vn 0.7727 -0.1577 0.6149
vn 0.8017 -0.2514 0.5423
vn 0.8677 -0.0000 0.4970
vn -0.7138 0.6982 0.0549
vn -0.5445 0.8364 -0.0632
vn -0.7105 0.7026 0.0395
vn -0.4344 0.6715 -0.6003
vn -0.0862 0.9427 -0.3223
vn 0.7096 -0.0631 0.7017
vn 0.7726 -0.1577 0.6150
vn 0.4411 -0.8821 0.1653
vn 0.1728 -0.9736 -0.1492
vn 0.5671 -0.8035 0.1811
vn -0.4003 -0.6673 0.6280
vn 0.4478 0.5264 -0.7228
vn 0.2747 0.8552 -0.4394
vn -0.5917 0.5208 -0.6154
vn -0.4345 0.6715 -0.6003
vn -0.3631 0.8365 -0.4104
vn 0.1577 0.8910 -0.4258
vn -0.1178 0.7935 -0.5971
vn 0.4968 0.8673 0.0316
vn 0.5044 0.8591 -0.0866
vn -0.6907 0.6514 0.3139
vn -0.2441 -0.9527 0.1811
vn -0.5680 -0.8206 0.0632
vn 0.1574 0.9361 -0.3147
vn 0.5832 0.7881 -0.1970
vn 0.7633 0.6453 0.0315
vn 0.0158 0.9222 -0.3863
vn -0.0864 0.9427 -0.3222
vn -0.1891 0.8427 -0.5040
vn 0.2747 0.8552 -0.4395
vn -0.6054 0.0550 0.7941
vn 0.9463 -0.0000 0.3234
vn 0.8677 -0.0001 0.4970
vn 0.9156 0.2920 0.2763
vn 0.8678 -0.0000 0.4970
vn 0.3540 0.6845 -0.6373
vn 0.7956 0.5908 -0.1339
vn 0.5813 0.6519 -0.4870
vn 0.6464 0.4177 -0.6385
vn 0.8206 -0.0632 0.5680
vn 0.7219 -0.0471 0.6904
vn 0.3541 0.6845 -0.6373
vn -0.7176 -0.1893 0.6702
vn -0.7176 -0.1892 0.6703
vn -0.7187 0.0237 0.6950
vn -0.0706 0.7933 -0.6048
vn -0.1021 0.8488 -0.5187
vn -0.5681 -0.8206 0.0631
vn -0.0944 -0.8495 -0.5191
vn -0.1022 0.8488 -0.5187
vn -0.1028 0.9483 -0.3003
vn -0.1024 0.8989 -0.4261
vn -0.3630 0.8365 -0.4104
vn -0.7176 0.6703 -0.1893
vn -0.5901 0.7789 -0.2125
vn -0.2515 -0.9508 -0.1807
vn -0.5601 -0.8046 -0.1971
vn -0.5601 -0.8046 -0.1972
vn -0.8051 -0.5841 0.1026
vn -0.6010 0.7986 0.0317
vn -0.4638 0.3931 -0.7940
vn -0.2353 0.8785 -0.4158
vn -0.1179 0.7935 -0.5971
vn -0.9692 0.2442 0.0315
vn -0.9096 -0.2195 0.3528
vn -0.6577 0.5481 -0.5167
vn -0.7154 0.6682 -0.2044
vn -0.5455 0.7432 -0.3874
vn 0.1580 0.8529 0.4976
vn 0.3074 0.6069 0.7329
vn 0.0870 0.9570 -0.2769
vn 0.2836 0.9534 -0.1025
vn -0.0707 0.7933 -0.6048
vn 0.0553 0.7978 -0.6004
vn -0.0552 0.0868 0.9947
vn -0.1885 -0.0157 0.9819
vn 0.0392 -0.0706 0.9967
vn 0.1807 0.0471 0.9824
vn -0.5263 0.0550 0.8485
vn -0.1886 -0.0157 0.9819
vn -0.3238 0.1105 0.9397
vn 0.7096 -0.0631 0.7018
vn 0.2126 -0.0393 0.9764
vn 0.2055 0.1106 0.9724
vn 0.2127 -0.0394 0.9763
vn 0.4649 0.0709 0.8825
vn 0.2056 0.1107 0.9724
vn 0.5025 0.0393 0.8637
vn 0.7945 0.4878 0.3619
vn 0.6233 0.7810 0.0395
vn -0.6461 -0.1497 0.7485
vn -0.8124 0.2287 0.5364
vn -0.9095 -0.2195 0.3529
vn 0.9768 0.2048 -0.0631
vn 0.7086 -0.1339 0.6928
vn 0.9770 -0.2128 0.0158
vn 0.7958 -0.5121 0.3230
vn 0.9594 -0.1102 0.2596
vn -0.7655 -0.2525 0.5919
vn -0.7195 -0.0949 0.6879
vn -0.6710 -0.3316 0.6632
vn -0.7655 -0.2526 0.5918
vn -0.6768 -0.0787 0.7319
vn -0.6231 0.0473 0.7807
vn -0.7196 -0.0949 0.6879
vn -0.0707 0.7933 -0.6047
vn -0.1181 0.9919 -0.0473
vn -0.0316 0.9957 -0.0869
vn -0.7655 -0.2525 0.5918
vn -0.8935 -0.2194 0.3919
vn 0.1104 0.9934 0.0316
vn 0.0787 0.9288 -0.3621
vn -0.8740 -0.3701 -0.3149
vn -0.7147 0.0235 0.6990
vn -0.8588 -0.0158 0.5121
vn -0.4092 0.1180 0.9048
vn -0.6006 0.0474 0.7982
vn 0.2445 0.8992 -0.3629
vn 0.1573 0.9361 -0.3147
vn -0.4638 0.3931 -0.7939
vn 0.6776 0.5201 -0.5200
vn 0.5813 0.6519 -0.4869
vn 0.5798 0.5642 0.5877
vn 0.8271 0.2914 0.4805
vn 0.7618 -0.0707 0.6440
vn 0.8348 -0.1812 0.5198
vn 0.6631 0.7262 -0.1816
vn 0.7989 0.6012 -0.0158
vn -0.6006 0.0474 0.7981
vn -0.7093 -0.0709 0.7014
vn -0.7147 0.0236 0.6990
vn -0.3470 0.8913 -0.2919
vn -0.3870 0.4029 -0.8294
vn -0.6577 0.5481 -0.5168
vn -0.8337 0.5427 -0.1023
vn 0.4549 -0.8472 0.2745
vn 0.2124 -0.9752 -0.0629
vn 0.4008 -0.9039 0.1493
vn 0.9844 -0.0788 0.1575
vn 0.8205 -0.0631 0.5681
vn 0.6537 0.0315 0.7561
vn 0.6948 0.0316 0.7185
vn -0.6592 0.4474 -0.6044
vn -0.4493 0.0709 0.8906
vn -0.6230 0.0473 0.7808
vn -0.6062 -0.7401 -0.2913
vn -0.5448 0.8290 -0.1264
vn 0.5832 0.7881 -0.1971
vn 0.3871 0.9084 -0.1580
vn 0.6232 0.7810 0.0394
vn 0.3074 0.4256 -0.8511
vn 0.5600 0.0236 0.8282
vn 0.8348 -0.1811 0.5199
vn 0.3765 0.2117 0.9019
vn 0.1263 0.5684 0.8130
vn -0.8643 -0.0078 0.5029
vn -0.8205 0.2524 0.5129
vn -0.9370 0.1339 0.3228
vn -0.6619 -0.0394 0.7486
vn -0.6710 -0.3315 0.6632
vn -0.7186 0.0237 0.6950
vn 0.1728 -0.9736 -0.1491
vn 0.5671 -0.8035 0.1812
vn 0.7989 0.6012 -0.0159
vn -0.6711 -0.3315 0.6632
vn -0.7975 -0.0632 0.6001
vn -0.8934 -0.2195 0.3919
vn 0.1341 0.9783 -0.1578
vn 0.8080 0.5884 0.0314
vn 0.8746 0.4807 0.0630
vn 0.6789 0.7341 -0.0158
vn -0.0315 0.9994 -0.0157
vn -0.7176 0.6702 -0.1893
vn -0.6062 0.0079 0.7952
vn 0.4155 0.0235 0.9093
vn 0.5893 -0.1021 0.8014
vn 0.7389 0.0865 0.6682
vn 0.7389 0.0864 0.6682
vn 0.6585 0.7525 0.0078
vn -0.8052 -0.5841 0.1026
vn -0.9930 -0.1182 -0.0079
vn 0.1576 0.8910 -0.4258
vn 0.0392 0.9967 -0.0707
vn 0.3781 0.0866 0.9217
vn 0.5826 0.0551 0.8109
vn 0.4578 0.0947 0.8840
vn -0.7139 0.6981 0.0549
vn -0.8491 0.5268 0.0393
vn -0.8322 0.5418 0.1178
vn 0.3073 0.6069 0.7330
vn -0.7974 -0.0632 0.6001
vn -0.2203 0.7316 0.6451
vn -0.4489 0.5120 0.7324
vn 0.8409 0.5343 0.0865
vn 0.9156 0.2920 0.2762
vn 0.9659 0.0628 -0.2512
vn 0.1500 -0.7262 -0.6710
vn 0.5592 -0.2048 -0.8033
vn 0.7922 -0.4392 -0.4236
vn -0.5264 0.0550 0.8485
vn -0.7079 0.0944 0.7000
vn -0.6661 0.0470 0.7444
vn -0.8391 0.0549 0.5411
vn 0.8080 0.5883 0.0314
vn 0.8660 0.4961 0.0630
vn 0.8660 0.4960 0.0630
vn 0.6585 0.7525 0.0079
vn 0.6831 -0.0079 0.7302
vn 0.6786 -0.0316 0.7338
vn 0.0157 -0.8814 -0.4722
vn 0.1180 -0.6534 -0.7478
vn -0.0236 -0.6622 -0.7489
vn -0.0553 0.0868 0.9947
vn -0.3237 0.1106 0.9397
vn 0.9594 -0.1101 0.2596
vn 0.6831 -0.0078 0.7302
vn 0.7956 0.5908 -0.1340
vn 0.6464 0.4178 -0.6385
vn 0.1808 0.0472 0.9824
vn 0.7086 -0.1338 0.6928
vn 0.4410 -0.8821 0.1653
vn 0.1810 -0.9754 -0.1258
vn 0.7404 -0.1181 0.6617
vn 0.9107 0.4083 0.0628
vn 0.7247 0.1260 -0.6774
vn 0.9107 0.4083 0.0629
vn 0.7240 0.2439 -0.6453
vn 0.6233 0.7810 0.0394
vn 0.4873 -0.8018 -0.3458
vn 0.1416 -0.9437 -0.2988
vn 0.6912 0.0078 0.7226
vn -0.7176 0.6702 -0.1892
vn -0.8337 0.5427 -0.1022
vn -0.8601 0.3945 0.3235
vn -0.8205 0.2525 0.5128
vn 0.1809 -0.9754 -0.1258
vn 0.4410 -0.8821 0.1654
vn -0.7109 0.7029 -0.0237
vn 0.8746 0.4807 0.0631
vn -0.9369 0.1339 0.3228
vn 0.4813 -0.8757 -0.0395
vn -0.2202 0.0079 0.9754
vn -0.0158 0.2052 0.9786
vn -0.1959 0.1802 0.9639
vn 0.2055 0.1107 0.9724
vn -0.4091 0.1180 0.9048
vn -0.2203 0.0079 0.9754
vn -0.9128 -0.1731 -0.3698
vn -0.9812 -0.0864 0.1727
vn -0.7835 -0.1488 0.6033
vn 0.1018 0.6031 -0.7911
vn 0.0237 0.4024 -0.9152
vn -0.0079 0.8184 -0.5746
vn 0.0236 0.4024 -0.9152
vn -0.0079 0.8184 -0.5745
vn -0.8322 0.5418 0.1177
vn 0.4957 0.2911 -0.8183
vn 0.1652 0.1494 0.9749
vn 0.3781 0.0867 0.9217
vn 0.8709 0.3845 0.3060
vn 0.7633 0.6452 0.0315
vn 0.7945 0.4877 0.3618
vn 0.4957 0.2912 -0.8183
vn 0.5592 -0.2048 -0.8034
vn 0.0158 -0.2829 -0.9590
vn 0.4023 0.3549 -0.8439
vn 0.8348 0.3071 -0.4568
vn -0.2514 -0.9509 -0.1807
vn -0.0474 -0.9642 -0.2608
vn 0.0708 -0.8263 -0.5587
vn -0.0475 -0.9642 -0.2608
vn -0.4492 -0.8749 0.1812
vn -0.0392 -0.9798 -0.1960
vn 0.5600 0.0237 0.8282
vn 0.1181 -0.6534 -0.7478
vn -0.5038 0.2755 0.8187
vn -0.4492 0.0709 0.8906
vn -0.2042 0.2355 0.9502
vn -0.5353 0.0630 0.8423
vn -0.5353 0.0629 0.8423
vn 0.6831 -0.0078 0.7303
vn 0.6067 0.1890 0.7721
vn -0.6845 0.1731 0.7082
vn 0.7414 0.2050 0.6389
vn 0.6056 -0.0472 0.7943
vn -0.4489 0.5119 0.7324
vn -0.4338 0.8281 0.3550
vn -0.6907 0.6514 0.3140
vn 0.7710 0.2910 0.5664
vn 0.0157 -0.8813 -0.4722
vn -0.0237 -0.6622 -0.7489
vn -0.2586 -0.7604 -0.5958
vn 0.1343 0.2607 0.9560
vn 0.4649 0.0710 0.8825
vn 0.3764 0.2117 0.9019
vn -0.8491 0.5268 0.0394
vn 0.1651 0.1494 0.9749
vn -0.0552 0.0869 0.9947
vn 0.1807 0.0472 0.9824
vn 0.0707 -0.0236 -0.9972
vn -0.2995 -0.3625 -0.8826
vn -0.5198 0.3308 -0.7876
vn -0.8221 -0.0158 -0.5692
vn -0.8221 -0.0159 -0.5692
vn 0.7103 0.2367 0.6629
vn 0.7096 -0.0630 0.7017
vn 0.5274 0.3384 0.7793
vn 0.1103 0.8270 -0.5514
vn 0.3073 0.4256 -0.8511
vn 0.9659 0.0629 -0.2513
vn 0.8349 0.3072 -0.4568
vn 0.8409 0.5343 0.0864
vn 0.9770 -0.2127 0.0157
vn 0.8586 -0.0237 -0.5121
vn 0.7990 0.6012 -0.0158
vn -0.7187 0.0237 0.6949
vn -0.7488 0.2995 0.5912
vn -0.7944 -0.0471 0.6056
vn -0.4004 -0.6673 0.6280
vn -0.6799 0.1423 0.7194
vn -0.5027 0.0314 0.8639
vn -0.9196 0.3694 -0.1336
vn -0.6278 0.4708 -0.6199
vn -0.0393 -0.9798 -0.1959
vn -0.4492 -0.8748 0.1812
vn -0.3866 -0.9073 0.1657
vn -0.7411 -0.1103 0.6623
vn -0.6803 0.4192 0.6012
vn -0.6539 0.3938 0.6460
vn -0.9006 0.4345 0.0079
vn 0.8992 0.3944 -0.1893
vn -0.9390 0.3394 0.0552
vn -0.8491 0.5267 0.0393
vn 0.9156 0.2921 0.2763
vn 0.6921 0.6605 0.2910
vn 0.8271 0.2915 0.4805
vn 0.8678 0.0001 0.4970
vn 0.1424 0.2214 0.9647
vn 0.4577 0.0947 0.8840
vn -0.1105 0.9397 -0.3238
vn -0.1025 0.8990 -0.4259
vn 0.1261 -0.2995 -0.9457
vn -0.5249 0.3134 0.7914
vn -0.4091 0.1181 0.9048
vn -0.2278 0.3220 0.9189
vn 0.7218 -0.0470 0.6905
vn 0.6721 0.3716 0.6405
vn 0.9231 0.3472 0.1657
vn -0.4345 0.6714 -0.6004
vn -0.4982 0.1898 -0.8461
vn 0.6776 0.5200 -0.5200
vn -0.0708 0.2122 0.9747
vn -0.6539 0.3939 0.6460
vn -0.5250 0.3134 0.7913
vn 0.7367 0.0549 0.6740
vn -0.6693 0.1968 0.7165
vn -0.7195 -0.0949 0.6880
vn 0.6067 0.1891 0.7721
vn 0.6912 0.0079 0.7226
vn 0.6833 0.2356 0.6911
vn -0.0866 0.6300 -0.7718
vn -0.6692 0.1968 0.7165
vn -0.6453 0.0315 0.7633
vn -0.7637 0.1417 0.6299
vn -0.6660 0.0470 0.7444
vn -0.3238 0.1106 0.9397
vn 0.9107 0.4082 0.0627
vn 0.3782 0.0866 0.9217
vn 0.8349 -0.1811 0.5198
vn 0.9077 0.0868 0.4105
vn 0.9265 0.1492 -0.3455
vn 0.8992 0.3944 -0.1894
vn -0.8323 0.5417 0.1178
vn -0.8317 0.3767 0.4079
vn -0.8891 0.2203 -0.4012
vn 0.4874 -0.8018 -0.3459
vn 0.8014 -0.5893 -0.1022
vn 0.7218 -0.3766 -0.5806
vn 0.9361 -0.1573 -0.3146
vn 0.8269 -0.3938 0.4016
vn 0.7710 0.2911 0.5664
vn 0.5592 -0.2047 -0.8034
vn 0.4022 0.3549 -0.8439
vn 0.8348 0.3071 -0.4569
vn -0.9136 0.3466 -0.2126
vn -0.8201 0.5678 0.0710
vn -0.7489 0.2995 0.5912
vn -0.8205 0.2524 0.5128
vn -0.6846 0.1731 0.7081
vn 0.6313 -0.5523 0.5444
vn 0.6925 0.1731 0.7004
vn 0.5026 0.0393 0.8636
vn 0.4555 -0.6676 0.5889
vn 0.5026 0.0393 0.8637
vn -0.0550 -0.9905 -0.1257
vn -0.5680 -0.8206 0.0631
vn -0.7558 0.2047 -0.6220
vn -0.4562 -0.4011 -0.7944
vn -0.9358 -0.2201 -0.2753
vn 0.8247 0.2591 0.5027
vn 0.3153 0.5832 -0.7487
vn 0.4016 0.8111 -0.4252
vn 0.6924 0.2282 -0.6845
vn -0.8808 0.4011 -0.2517
vn -0.3228 0.5903 -0.7398
vn -0.7089 0.2442 -0.6617
vn 0.4016 0.8111 -0.4253
vn 0.8669 0.4098 -0.2837
vn 0.7096 -0.0630 0.7018
vn -0.2042 0.2356 0.9502
vn -0.0707 0.2122 0.9747
vn -0.3708 0.8126 -0.4497
vn 0.5985 -0.7955 -0.0945
vn 0.2123 -0.9752 -0.0630
vn -0.5820 0.6056 -0.5426
vn -0.3708 0.8126 -0.4496
vn 0.7394 0.5821 -0.3382
vn 0.8669 0.4099 -0.2837
vn -0.6054 0.0550 0.7940
vn -0.7155 0.2280 0.6604
vn -0.6054 0.0551 0.7940
vn -0.6453 0.0314 0.7633
vn -0.9390 0.3393 0.0552
vn -0.3069 0.4722 0.8263
vn -0.3238 0.1105 0.9396
vn 0.8348 0.3072 -0.4568
vn 0.6477 0.7266 -0.2291
vn 0.8408 0.5344 0.0864
vn -0.4091 0.6373 -0.6531
vn -0.6230 0.0474 0.7808
vn -0.4492 0.0710 0.8906
vn -0.5038 0.2756 0.8187
vn -0.5489 0.4939 0.6743
vn -0.1891 0.8427 -0.5041
vn 0.6776 0.5200 -0.5201
vn 0.4649 0.0709 -0.8825
vn 0.8691 0.3871 0.3081
vn 0.9313 -0.1104 0.3472
vn 0.9768 0.2048 -0.0630
vn 0.9313 -0.1105 0.3472
vn -0.4981 0.1898 -0.8461
vn 0.1336 0.8800 -0.4557
vn -0.7154 0.2280 0.6604
vn 0.3710 0.4026 0.8368
vn 0.3074 0.6068 0.7330
vn 0.1652 0.8573 -0.4877
vn -0.9054 0.0787 0.4173
vn -0.5216 -0.8218 -0.2292
vn -0.5518 -0.4966 -0.6700
vn 0.9231 0.3471 0.1657
vn 0.8710 0.3845 0.3060
vn 0.4315 0.5806 -0.6904
vn 0.1336 0.8800 -0.4558
vn 0.1026 0.4417 0.8913
vn -0.1890 0.8427 -0.5041
vn -0.1900 0.4829 0.8548
vn -0.2203 0.7316 0.6452
vn -0.1900 0.4828 0.8549
vn -0.5117 0.3779 0.7716
vn -0.3393 0.2999 0.8916
vn 0.1263 0.5683 0.8131
vn -0.0550 -0.9905 -0.1258
vn 0.9231 0.3472 0.1656
vn 0.8080 0.5883 0.0313
vn -0.1899 0.4828 0.8549
vn 0.1025 0.4417 0.8913
vn -0.0079 0.6623 0.7492
vn -0.2277 0.3220 0.9189
vn -0.1959 0.1803 0.9639
vn 0.6054 0.5896 -0.5347
vn 0.5436 0.1418 -0.8272
vn 0.4742 0.5690 -0.6718
vn -0.8891 0.2203 -0.4013
vn -0.6277 0.4708 -0.6199
vn -0.3776 0.1574 -0.9125
vn -0.5118 0.3779 0.7715
vn 0.2123 -0.9752 -0.0629
vn -0.0786 -0.9667 -0.2436
vn 0.1727 -0.9736 -0.1492
vn -0.0785 -0.9667 -0.2436
vn 0.0471 0.7769 -0.6278
vn -0.5820 0.6056 -0.5427
vn 0.9228 0.2603 -0.2840
vn 0.8510 0.2443 -0.4649
vn 0.7885 -0.0000 -0.6151
vn 0.0315 0.9458 -0.3231
vn -0.0942 0.8085 -0.5809
vn -0.3227 0.5903 -0.7398
vn -0.0707 0.7932 -0.6048
vn -0.0786 0.7860 -0.6132
vn 0.4315 0.5806 -0.6905
vn -0.7975 -0.0631 0.6001
vn 0.8104 0.1495 0.5665
vn 0.7390 0.0865 0.6682
vn 0.5727 -0.5179 -0.6355
vn -0.9498 0.0942 -0.2983
vn -0.5821 0.6056 -0.5427
vn -0.8726 -0.0314 -0.4874
vn 0.5437 0.1419 -0.8272
vn 0.1423 0.2214 0.9647
vn -0.0236 0.2995 0.9538
vn 0.1416 -0.9438 -0.2988
vn 0.1651 0.8573 -0.4877
vn -0.2600 0.2601 -0.9299
vn -0.1653 0.1889 -0.9680
vn -0.8322 0.5417 0.1178
vn -0.8891 0.4013 0.2203
vn -0.8317 0.3766 0.4080
vn -0.9398 0.1896 0.2843
vn -0.8891 0.4012 0.2203
vn 0.4100 0.3469 0.8436
vn 0.4578 0.0948 0.8840
vn 0.6449 0.4954 0.5820
vn 0.4100 0.3469 0.8435
vn 0.0708 0.6691 -0.7398
vn -0.0079 0.9290 -0.3701
vn 0.3152 0.5832 -0.7487
vn -0.0078 0.9290 -0.3700
vn 0.1101 0.9594 -0.2596
vn 0.3551 0.7103 -0.6077
vn 0.6912 0.7226 0.0079
vn 0.3552 0.7103 -0.6077
vn 0.0790 0.4740 -0.8770
vn -0.3778 0.5668 -0.7321
vn 0.0550 0.4084 -0.9111
vn -0.2051 0.8992 -0.3865
vn 0.1423 0.2215 0.9647
vn 0.4099 0.3469 0.8436
vn 0.1103 0.4095 0.9056
vn -0.5981 -0.4643 -0.6532
vn -0.5601 -0.8046 -0.1973
vn -0.2838 -0.7488 -0.5990
vn -0.1339 0.1103 -0.9848
vn 0.0078 0.5179 -0.8554
vn 0.8747 0.4806 0.0631
vn 0.9709 0.2289 0.0711
vn 0.9696 0.1341 0.2049
vn 0.8747 0.4806 0.0630
vn 0.9708 0.2290 0.0710
vn -0.6907 0.6515 0.3140
vn -0.6866 0.2605 0.6787
vn -0.3865 -0.9073 0.1656
vn 0.1816 -0.9634 -0.1974
vn -0.3865 -0.9073 0.1657
vn -0.2441 -0.9527 0.1810
vn -0.9398 0.1895 0.2843
vn -0.9391 0.3393 0.0553
vn -0.9871 0.1343 0.0869
vn 0.3764 0.2118 0.9019
vn -0.0235 0.8780 0.4781
vn -0.0393 0.8890 0.4562
vn -0.5992 0.6150 -0.5125
vn -0.3785 0.2208 -0.8989
vn -0.3779 0.5668 -0.7321
vn -0.4105 0.3237 -0.8525
vn -0.4172 0.2204 -0.8817
vn -0.0001 0.3632 -0.9317
vn 0.3295 0.5255 0.7844
vn 0.5530 0.5609 0.6162
vn -0.8201 0.5677 0.0710
vn -0.6372 0.7472 0.1888
vn -0.8601 0.3946 0.3235
vn -0.6715 0.6319 0.3871
vn -0.8600 0.3945 0.3235
vn -0.8271 0.2915 0.4805
vn 0.6949 0.0316 0.7185
vn 0.6925 0.1731 0.7003
vn 0.0471 0.2200 0.9743
vn 0.9709 0.2289 0.0710
vn 0.1343 0.2608 0.9560
vn -0.0000 0.8976 0.4409
vn -0.0393 0.8890 0.4563
vn -0.6867 0.2605 0.6787
vn -0.2041 0.2356 0.9502
vn -0.0237 0.2995 0.9538
vn -0.0787 0.4172 0.9054
vn -0.3870 0.4028 -0.8294
vn -0.0866 0.6299 -0.7718
vn 0.0868 0.6471 -0.7575
vn 0.5348 0.5269 -0.6606
vn 0.2995 0.5912 -0.7488
vn 0.7945 0.4877 0.3619
vn 0.6935 0.2443 0.6777
vn -0.1974 -0.2526 -0.9472
vn -0.0315 0.0315 -0.9990
vn -0.3857 0.0551 -0.9210
vn -0.5992 0.6151 -0.5125
vn -0.4658 0.8526 -0.2369
vn -0.8343 0.5431 0.0945
vn 0.8510 0.2442 -0.4649
vn 0.5280 0.1024 -0.8431
vn -0.0553 0.8520 -0.5207
vn -0.0551 0.7625 -0.6446
vn -0.0868 0.9474 -0.3080
vn 0.0079 0.9081 -0.4186
vn -0.2673 0.8726 -0.4088
vn -0.0869 0.9474 -0.3079
vn -0.3392 0.2999 0.8916
vn -0.2204 0.2440 0.9444
vn -0.1494 -0.9202 -0.3618
vn -0.5367 0.7578 -0.3710
vn -0.6699 0.7330 -0.1182
vn -0.0079 0.9290 -0.3700
vn -0.1180 0.9048 -0.4092
vn -0.3069 0.4722 0.8264
vn 0.2527 0.2606 -0.9318
vn 0.0790 0.4741 -0.8769
vn -0.5367 0.7578 -0.3711
vn -0.2203 0.9205 -0.3226
vn 0.8392 0.0549 -0.5411
vn -0.8391 0.0549 0.5412
vn 0.4728 0.7959 -0.3783
vn 0.1965 0.8722 -0.4479
vn 0.5180 0.8554 -0.0000
vn 0.0943 0.9041 -0.4167
vn 0.0078 0.5180 -0.8554
vn 0.0472 0.2200 0.9744
vn 0.3078 0.2289 0.9235
vn -0.5981 -0.4644 -0.6532
vn -0.8740 -0.3701 -0.3150
vn -0.3227 0.5903 -0.7399
vn -0.4566 -0.0078 -0.8896
vn -0.2203 0.9206 -0.3226
vn -0.5353 0.8423 0.0630
vn -0.4658 0.8526 -0.2368
vn -0.0869 0.9474 -0.3080
vn -0.0946 0.5284 -0.8437
vn 0.7326 0.4097 -0.5436
vn 0.7000 0.3225 -0.6371
vn 0.8408 0.0864 -0.5344
vn 0.8710 0.3844 0.3060
vn 0.9205 0.1810 0.3462
vn 0.5600 0.0237 0.8281
vn 0.7414 0.2051 0.6389
vn -0.6525 0.4559 0.6053
vn -0.6693 0.1969 0.7165
vn -0.5489 0.4940 0.6743
vn 0.1339 -0.6928 -0.7086
vn -0.4799 -0.4327 -0.7632
vn 0.9154 0.0079 -0.4024
vn 0.6764 0.3697 -0.6370
vn 0.5908 0.3703 -0.7168
vn 0.6205 0.3849 -0.6833
vn 0.8028 0.4408 -0.4015
vn 0.6992 0.0079 0.7149
vn 0.8690 0.3871 0.3081
vn -0.2907 0.9348 -0.2043
vn -0.2751 0.6680 -0.6915
vn -0.5803 0.7137 -0.3922
vn 0.4013 0.7004 -0.5902
vn 0.1728 0.7775 -0.6047
vn -0.0314 0.8493 -0.5269
vn 0.1964 0.8722 -0.4479
vn -0.7808 0.4496 -0.4338
vn -0.5875 0.3525 -0.7285
vn -0.7628 0.4876 -0.4247
vn 0.5274 0.3385 0.7793
vn 0.0867 0.9149 0.3943
vn 0.0315 0.9458 -0.3232
vn 0.0471 0.7770 -0.6278
vn -0.3707 0.8126 -0.4497
vn -0.1181 0.5121 -0.8508
vn 0.6156 0.6471 0.4498
vn 0.6598 0.4948 0.5655
vn 0.7103 0.2368 0.6629
vn -0.8600 0.3946 0.3235
vn 0.6912 0.7226 0.0078
vn 0.6042 0.4237 -0.6748
vn 0.6880 0.2531 0.6801
vn -0.6845 0.1731 0.7081
vn 0.0550 0.4085 -0.9111
vn 0.0790 0.8769 -0.4741
vn -0.2050 0.8992 -0.3865
vn 0.4014 0.7004 -0.5902
vn 0.7144 0.4789 -0.5102
vn 0.7303 0.6832 -0.0000
vn -0.6901 0.6274 -0.3608
vn -0.1655 -0.7013 -0.6934
vn 0.4649 -0.4728 -0.7486
vn 0.6706 0.6233 -0.4023
vn 0.3157 0.6866 -0.6550
vn 0.3457 0.9350 -0.0786
vn 0.2047 0.6220 -0.7558
vn -0.1257 0.5265 -0.8408
vn 0.4950 0.3536 -0.7937
vn -0.0000 0.3632 -0.9317
vn 0.0314 0.3372 -0.9409
vn 0.4550 0.2746 -0.8471
vn 0.7248 0.4333 -0.5357
vn 0.0079 0.8975 0.4409
vn -0.0868 0.9149 0.3943
vn 0.0079 0.8976 0.4408
vn 0.0709 0.6690 -0.7399
vn 0.1257 0.0629 -0.9901
vn 0.4023 -0.0315 -0.9150
vn 0.1258 0.0629 -0.9901
vn 0.3153 0.5831 -0.7487
vn 0.6923 0.2282 -0.6845
vn 0.4973 0.2290 0.8368
vn 0.6935 0.2443 0.6778
vn 0.3294 0.5255 0.7844
vn -0.4969 0.1657 -0.8518
vn -0.6593 0.4473 -0.6044
vn 0.0313 0.3372 -0.9409
vn 0.3377 0.2042 -0.9188
vn 0.3552 0.7103 -0.6078
vn -0.7488 0.2996 0.5912
vn -0.1103 0.9614 -0.2522
vn -0.1182 0.8201 -0.5598
vn -0.0079 0.8533 -0.5214
vn 0.2199 0.9504 -0.2200
vn 0.1727 0.7775 -0.6047
vn -0.0942 0.8086 -0.5808
vn 0.1738 0.1027 -0.9794
vn 0.2200 0.9504 -0.2199
vn 0.2199 0.9504 -0.2199
vn 0.9594 -0.1101 0.2595
vn 0.9078 0.0868 0.4104
vn -0.9372 0.3150 0.1497
vn -0.8588 -0.0157 0.5121
vn -0.9812 -0.0863 0.1727
vn -0.8272 0.2914 0.4805
vn -0.8271 0.2914 0.4806
vn -0.7148 0.0236 0.6990
vn -0.2601 0.2601 -0.9299
vn 0.0236 0.4023 -0.9152
vn 0.0628 0.9891 -0.1334
vn -0.2203 0.9206 -0.3225
vn 0.4728 0.7959 -0.3782
vn 0.6924 0.6530 -0.3068
vn -0.0787 0.4173 0.9054
vn 0.0474 0.4499 0.8918
vn -0.1499 0.4734 0.8680
vn 0.1102 0.4095 0.9056
vn 0.0396 0.5059 -0.8617
vn -0.3774 0.5974 -0.7076
vn -0.4409 0.5511 -0.7085
vn 0.3156 0.6866 -0.6550
vn 0.0865 0.7315 -0.6764
vn 0.3458 0.9350 -0.0786
vn 0.1414 0.7232 -0.6760
vn -0.0550 0.7625 -0.6446
vn 0.2130 0.7179 -0.6627
vn -0.9871 0.1343 0.0868
vn -0.9391 0.3393 0.0552
vn -0.8817 0.2204 0.4172
vn -0.8392 0.0549 0.5411
vn -0.0552 0.1654 -0.9847
vn -0.3461 0.2754 -0.8969
vn -0.5100 0.2197 -0.8317
vn -0.5874 0.3525 -0.7285
vn -0.6380 0.3938 -0.6617
vn 0.6204 0.3849 -0.6833
vn 0.7326 0.4096 -0.5436
vn 0.8029 0.4407 -0.4014
vn 0.1336 0.4243 -0.8956
vn 0.8790 0.2590 -0.4003
vn 0.2996 0.5912 -0.7488
vn 0.6763 0.3697 -0.6371
vn 0.5908 0.3702 -0.7169
vn 0.4736 0.2211 -0.8525
vn -0.3461 0.2753 -0.8969
vn -0.4104 0.3236 -0.8525
vn 0.1494 0.1651 -0.9749
vn -0.2911 0.1967 -0.9362
vn -0.2911 0.1968 -0.9362
vn 0.0158 -0.2830 -0.9590
vn -0.3070 0.4722 0.8263
vn -0.2837 -0.7488 -0.5990
vn -0.2515 -0.9508 -0.1808
vn 0.1728 0.7774 -0.6048
vn -0.1341 0.6390 -0.7574
vn -0.1577 0.7726 -0.6150
vn 0.6042 0.4237 -0.6749
vn 0.3551 0.7103 -0.6078
vn 0.2676 0.7793 -0.5667
vn 0.2522 0.9064 -0.3390
vn -0.8786 0.4628 -0.1176
vn -0.5368 0.7578 -0.3710
vn -0.7715 0.5118 -0.3779
vn 0.0552 -0.4339 -0.8993
vn 0.0709 0.1576 -0.9850
vn 0.6128 -0.2357 -0.7543
vn 0.3861 0.2679 -0.8827
vn -0.2440 -0.9527 0.1811
vn -0.1414 0.0314 -0.9895
vn -0.1729 0.7309 -0.6602
vn -0.0629 -0.0000 -0.9980
vn -0.1182 0.8201 -0.5599
vn 0.3557 0.1344 -0.9249
vn 0.5581 0.1415 -0.8176
vn 0.4951 0.3536 -0.7936
vn 0.1415 0.7232 -0.6760
vn 0.1338 0.6767 -0.7240
vn 0.3618 0.4326 -0.8258
vn 0.1654 0.0630 -0.9842
vn 0.6314 -0.1657 -0.7576
vn 0.8391 0.0549 -0.5411
vn 0.9154 0.0079 -0.4025
vn 0.7395 0.5821 -0.3382
vn 0.0079 0.5180 -0.8554
vn 0.1335 0.4243 -0.8956
vn 0.0944 0.8888 -0.4484
vn -0.1653 0.6693 -0.7244
vn -0.2750 0.6680 -0.6915
vn 0.5530 0.5608 0.6162
vn -0.9787 0.0079 0.2052
vn -0.9743 0.1964 0.1100
vn -0.9054 0.0787 0.4172
vn -0.3383 0.3304 -0.8811
vn -0.0709 0.1576 -0.9850
vn -0.5966 0.0550 -0.8007
vn -0.1182 0.5121 -0.8508
vn -0.0236 0.4249 0.9049
vn 0.0473 0.4498 0.8919
vn -0.1100 -0.5423 -0.8330
vn -0.2587 -0.7604 -0.5958
vn 0.6832 0.2357 0.6911
vn 0.6553 0.4974 0.5685
vn 0.2130 0.7180 -0.6627
vn -0.6381 0.3939 -0.6616
vn -0.5875 0.3525 -0.7284
vn -0.3708 0.1578 -0.9152
vn 0.8658 0.2046 0.4566
vn -0.0629 0.0001 -0.9980
vn -0.1423 0.8931 -0.4267
vn 0.1261 0.3231 -0.9379
vn 0.3152 0.4649 -0.8274
vn 0.5117 0.2047 -0.8345
vn 0.3462 0.2990 -0.8892
vn -0.0551 0.1654 -0.9847
vn 0.1493 0.1651 -0.9749
vn -0.6223 -0.3781 -0.6854
vn -0.5965 0.0549 -0.8007
vn -0.0709 0.1575 -0.9850
vn -0.6355 0.5727 0.5178
vn -0.6714 0.6319 0.3871
vn -0.2514 -0.9508 -0.1808
vn -0.1963 0.3219 -0.9262
vn -0.4949 0.2200 -0.8406
vn -0.3535 0.4556 -0.8170
vn 0.5116 0.2047 -0.8344
vn 0.3862 0.2680 -0.8826
vn 0.1262 0.3231 -0.9379
vn -0.5206 0.2367 -0.8203
vn -0.6222 0.3151 -0.7167
vn -0.6298 0.2362 -0.7400
vn -0.6380 0.3939 -0.6616
vn -0.7075 0.3774 -0.5975
vn -0.0868 -0.3943 -0.9149
vn 0.0236 0.2127 -0.9768
vn -0.4802 0.3701 0.7952
vn -0.0237 0.4249 0.9049
vn -0.1422 0.4740 0.8690
vn 0.5117 0.2047 -0.8344
vn 0.6510 0.2353 -0.7217
vn 0.6510 0.2353 -0.7216
vn 0.5737 0.5343 -0.6208
vn 0.4479 0.1965 -0.8722
vn 0.4549 0.2745 -0.8471
vn -0.1341 0.6391 -0.7574
vn 0.6921 0.6606 0.2910
vn 0.8408 0.5344 0.0865
vn 0.5360 0.8433 0.0394
vn -0.2682 0.2761 -0.9229
vn -0.0236 -0.0550 -0.9982
vn -0.0551 0.3463 -0.9365
vn -0.4237 0.6748 -0.6042
vn -0.2682 0.2761 -0.9230
vn 0.1261 0.3232 -0.9379
vn 0.1023 0.3776 -0.9203
vn 0.1887 0.1179 -0.9749
vn 0.4328 0.5037 -0.7477
vn -0.4105 0.3236 -0.8525
vn -0.5206 0.2366 -0.8203
vn -0.2906 0.9348 -0.2043
vn 0.0944 0.8889 -0.4483
vn 0.0079 0.9082 -0.4185
vn -0.0394 0.6784 -0.7336
vn -0.7068 0.3777 -0.5982
vn 0.4550 0.2745 -0.8471
vn 0.7247 0.4333 -0.5357
vn 0.1420 0.4894 0.8604
vn 0.8709 0.3844 0.3061
vn -0.3534 0.4556 -0.8170
vn -0.1962 0.3219 -0.9262
vn 0.1421 0.4894 0.8604
vn 0.3618 0.4011 0.8416
vn 0.4575 0.3786 0.8046
vn -0.9919 -0.0157 -0.1259
vn 0.9595 -0.1101 0.2595
vn 0.9874 0.1264 0.0948
vn 0.9770 -0.2127 0.0158
vn 0.9574 0.2119 0.1962
vn 0.9496 0.2668 -0.1648
vn 0.8015 -0.5893 -0.1021
vn 0.2441 0.5434 0.8032
vn 0.3617 0.4011 0.8416
vn -0.6236 0.4263 -0.6553
vn 0.0314 0.3371 -0.9409
vn -0.5195 -0.7320 -0.4408
vn -0.4172 -0.5275 -0.7400
vn -0.0943 0.4167 -0.9042
vn 0.0709 0.1576 -0.9849
vn -0.0943 0.4167 -0.9041
vn 0.4566 0.7164 -0.5275
vn 0.5427 0.6056 -0.5820
vn 0.4329 0.5036 -0.7477
vn -0.1183 0.8201 -0.5599
vn 0.0158 0.3162 -0.9486
vn 0.3777 0.4879 -0.7869
vn 0.0868 0.6470 -0.7575
vn 0.5812 0.6520 -0.4870
vn -0.8507 0.1733 0.4962
vn -0.5568 0.1568 -0.8157
vn -0.4949 0.2200 -0.8407
vn -0.1963 0.3218 -0.9262
vn -0.5584 0.5584 -0.6135
vn 0.4736 0.2210 -0.8525
vn 0.3463 0.2990 -0.8892
vn 0.4951 0.3536 -0.7937
vn 0.5908 0.3702 -0.7168
vn 0.8028 0.4408 -0.4014
vn -0.7639 0.2205 -0.6065
vn -0.8507 0.1733 0.4963
vn 0.2206 0.9612 -0.1654
vn 0.1886 0.9821 -0.0000
vn -0.8786 0.4628 -0.1177
vn -0.5353 0.8423 0.0629
vn -0.0235 -0.0863 -0.9960
vn -0.7746 -0.0158 -0.6323
vn -0.9390 0.3393 0.0553
vn -0.9871 0.1342 0.0869
vn -0.9859 -0.0552 0.1577
vn 0.4328 0.5037 -0.7476
vn 0.0790 0.8770 -0.4740
vn 0.0628 0.9891 -0.1335
vn 0.0944 0.9042 -0.4166
vn -0.2906 0.9348 -0.2042
vn 0.4875 0.0236 -0.8728
vn 0.5436 0.1418 -0.8273
vn 0.2439 -0.5981 -0.7634
vn 0.1182 -0.2129 -0.9699
vn 0.8013 0.0393 -0.5970
vn 0.8282 0.0237 -0.5600
vn -0.1343 -0.2292 -0.9641
vn -0.2681 -0.5756 -0.7726
vn -0.8115 0.0394 -0.5830
vn -0.8275 0.0473 -0.5595
vn -0.2200 0.9504 -0.2199
vn -0.4263 0.2527 -0.8685
vn 0.5427 0.6056 -0.5821
vn 0.6305 0.4413 -0.6385
vn -0.5206 0.2366 -0.8204
vn -0.3462 0.2753 -0.8969
vn -0.6222 0.3150 -0.7167
vn -0.6221 0.3150 -0.7167
vn -0.3462 0.2754 -0.8968
vn -0.2591 0.9503 -0.1727
vn -0.1180 0.9048 -0.4091
vn -0.1415 0.9359 -0.3225
vn 0.5279 0.1024 -0.8431
vn -0.2998 0.6785 -0.6706
vn -0.4948 0.4320 -0.7540
vn -0.1654 0.6692 -0.7244
vn -0.4408 0.5511 -0.7085
vn -0.1962 0.3218 -0.9263
vn -0.5568 0.1569 -0.8157
vn 0.4736 0.2210 -0.8526
vn 0.1026 -0.0315 -0.9942
vn 0.1963 0.1177 -0.9734
vn 0.1963 0.1178 -0.9734
vn 0.3462 0.2991 -0.8892
vn 0.0001 0.3632 -0.9317
vn -0.3393 0.2998 0.8916
vn -0.5208 0.2052 0.8286
vn 0.3466 -0.6144 -0.7088
vn 0.1337 0.6768 -0.7239
vn 0.6128 -0.7542 -0.2357
vn 0.6857 -0.2207 -0.6936
vn 0.9361 -0.1573 -0.3147
vn -0.3384 0.3304 -0.8811
vn 0.3464 0.0473 -0.9369
vn 0.3074 0.4255 -0.8511
vn -0.1183 0.8201 -0.5598
vn 0.0552 -0.4338 -0.8993
vn -0.0079 -0.2591 -0.9658
vn 0.2441 0.5433 0.8032
vn 0.2441 0.5433 0.8033
vn 0.1183 -0.2130 -0.9699
vn 0.1572 0.2359 -0.9590
vn 0.8319 0.0785 -0.5494
vn -0.4264 0.2526 -0.8685
vn -0.1413 0.0315 -0.9895
vn -0.2364 0.4964 0.8353
vn -0.4094 0.5747 0.7086
vn 0.0079 0.5363 0.8440
vn -0.4803 0.3701 0.7952
vn -0.0157 0.2592 0.9657
vn 0.9229 0.2602 -0.2839
vn 0.9995 -0.0315 0.0078
vn 0.9961 -0.0158 -0.0870
vn 0.4478 0.5263 -0.7228
vn 0.7885 -0.0000 -0.6150
vn 0.9452 0.0473 -0.3230
vn 0.8183 -0.1889 -0.5429
vn 0.9452 0.0473 -0.3229
vn -0.3373 0.0158 -0.9413
vn -0.9072 -0.0473 -0.4181
vn -0.3776 0.1573 -0.9125
vn -0.5588 -0.0708 -0.8263
vn 0.0158 0.3067 -0.9517
vn -0.0867 -0.3943 -0.9149
vn -0.0078 -0.2591 -0.9658
vn -0.3382 0.3305 -0.8811
vn 0.0947 0.3077 -0.9468
vn -0.0709 0.1576 -0.9849
vn 0.5898 -0.7470 -0.3067
vn 0.5727 -0.5178 -0.6355
vn 0.1809 -0.9754 -0.1259
vn -0.2199 0.9504 -0.2199
vn 0.3066 0.5898 -0.7471
vn 0.8360 0.1735 -0.5205
vn 0.8571 0.1416 -0.4953
vn 0.5024 0.7536 -0.4239
vn 0.2438 0.3697 0.8966
vn -0.1105 0.2448 -0.9633
vn 0.1260 0.3232 -0.9379
vn -0.0944 0.4167 -0.9041
vn -0.4802 0.3701 0.7953
vn -0.1499 0.4735 0.8680
vn -0.2203 0.2440 0.9444
vn 0.0471 0.2201 0.9743
vn 0.0471 0.2200 0.9744
vn -0.2203 0.2439 0.9444
vn -0.2362 0.0787 0.9685
vn 0.8658 0.2046 0.4565
vn 0.8658 0.2047 0.4566
vn -0.1422 0.8931 -0.4268
vn 0.0079 0.9955 -0.0948
vn 0.3467 0.4964 0.7959
vn 0.3069 0.5115 0.8026
vn -0.0157 0.2591 0.9657
vn -0.3397 0.3398 0.8770
vn 0.9229 0.2603 -0.2839
vn -0.2204 0.9205 -0.3226
vn 0.6936 0.2443 0.6777
vn 0.8323 0.1178 0.5417
vn -0.8740 -0.3700 -0.3149
vn -0.8355 -0.0789 -0.5438
vn -0.5249 0.3134 0.7913
vn -0.1414 0.9510 0.2751
vn -0.6538 0.3939 0.6460
vn -0.0867 0.9149 0.3943
vn 0.1022 0.3775 -0.9203
vn -0.0550 0.3462 -0.9365
vn 0.1964 0.8723 -0.4479
vn -0.0628 0.9901 0.1257
vn -0.2668 0.8319 -0.4866
vn 0.0157 0.3067 -0.9517
vn -0.0472 0.3464 -0.9369
vn -0.0711 -0.0710 -0.9949
vn 0.0550 -0.0157 -0.9984
vn 0.4575 0.3787 0.8046
vn -0.1105 0.2447 -0.9633
vn -0.0079 -0.1656 -0.9862
vn -0.2907 0.9348 -0.2042
vn -0.5804 0.7137 -0.3921
vn -0.5993 0.6150 -0.5125
vn -0.8460 0.4349 -0.3084
vn -0.7628 0.4875 -0.4247
vn 0.2047 -0.2834 -0.9369
vn 0.6463 0.4178 -0.6385
vn -0.6901 0.6274 -0.3607
vn -0.9136 0.3466 -0.2127
vn 0.9077 0.0868 0.4104
vn 0.1337 0.9520 0.2754
vn 0.6721 0.3717 0.6405
vn 0.1889 0.1182 -0.9749
vn 0.3618 0.4325 -0.8258
vn 0.5736 0.5344 -0.6208
vn 0.3152 0.4649 -0.8273
vn 0.0866 0.7314 -0.6764
vn 0.0631 -0.0946 -0.9935
vn -0.1100 0.1965 -0.9743
vn -0.1258 0.5265 -0.8408
vn 0.6764 0.3696 -0.6371
vn 0.4737 0.2210 -0.8525
vn -0.5804 0.7137 -0.3922
vn -0.2751 0.6679 -0.6915
vn -0.9071 -0.0473 -0.4181
vn -0.5278 0.4018 0.7484
vn -0.2204 0.8578 -0.4643
vn -0.5972 0.4558 -0.6600
vn -0.5725 0.3059 -0.7607
vn -0.5972 0.4557 -0.6601
vn -0.7260 0.1105 -0.6787
vn -0.7243 0.0787 -0.6850
vn -0.4950 0.2199 -0.8406
vn -0.5569 0.1568 -0.8157
vn -0.0551 0.3462 -0.9365
vn 0.0947 0.3077 -0.9467
vn 0.0158 0.3068 -0.9517
vn -0.4627 0.2353 -0.8547
vn -0.4626 0.2353 -0.8548
vn -0.1495 0.5665 -0.8104
vn -0.2203 0.8578 -0.4643
vn 0.1807 0.9509 -0.2514
vn -0.0552 0.8520 -0.5206
vn -0.0868 0.9475 -0.3079
vn -0.7929 0.5653 -0.2276
vn 0.5347 0.5269 -0.6606
vn -0.0944 -0.8494 -0.5192
vn -0.2994 -0.3625 -0.8826
vn 0.6306 0.4414 -0.6384
vn 0.6672 0.3611 -0.6515
vn 0.1811 0.1181 -0.9764
vn 0.2050 -0.0473 -0.9776
vn 0.0237 0.4023 -0.9152
vn 0.1811 0.1181 -0.9763
vn 0.3073 0.4255 -0.8512
vn 0.1019 0.6031 -0.7911
vn 0.7873 0.0551 -0.6141
vn 0.6128 -0.2357 -0.7542
vn 0.3862 0.2679 -0.8827
vn 0.6305 0.4414 -0.6384
vn 0.7400 0.2913 -0.6062
vn 0.5436 0.7090 -0.4491
vn 0.1027 0.8215 -0.5608
vn 0.6841 0.1415 0.7156
vn 0.4974 0.2289 0.8368
vn 0.6063 -0.0000 0.7952
vn 0.3711 0.4026 0.8368
vn 0.5117 0.2046 -0.8344
vn 0.0078 0.5364 0.8440
vn -0.6752 0.3140 -0.6674
vn 0.6921 0.2910 -0.6606
vn 0.7001 0.3225 -0.6371
vn -0.6760 0.1415 -0.7232
vn -0.7076 0.3773 -0.5975
vn -0.7639 0.2205 -0.6064
vn -0.9974 -0.0157 -0.0707
vn -0.4005 0.6439 0.6519
vn -0.0788 0.4173 0.9054
vn -0.0473 0.3464 -0.9369
vn -0.6237 0.4263 -0.6552
vn -0.4950 0.2200 -0.8406
vn -0.7243 0.0788 -0.6850
vn 0.5908 0.3703 0.7169
vn 0.4796 0.1887 0.8570
vn -0.6699 0.7329 -0.1183
vn -0.7716 0.5118 -0.3779
vn -0.3784 0.2208 -0.8989
vn -0.1026 -0.0158 -0.9946
vn -0.0869 -0.0474 -0.9951
vn -0.5580 0.6601 0.5030
vn -0.6525 0.4560 0.6053
vn -0.4733 0.7574 -0.4497
vn -0.2923 0.5926 -0.7506
vn -0.8267 0.1732 -0.5354
vn -0.8416 0.1494 -0.5191
vn 0.6623 0.3785 0.6466
vn 0.3068 0.5115 0.8026
vn 0.0079 0.5364 0.8439
vn -0.7946 0.0394 -0.6058
vn 0.7144 0.4789 -0.5103
vn -0.3625 0.6226 -0.6935
vn 0.0865 0.7314 -0.6764
vn 0.5909 0.3702 -0.7168
vn -0.6369 0.0236 0.7706
vn -0.5278 0.4018 0.7483
vn -0.3398 0.3398 0.8770
vn -0.5569 0.1569 -0.8157
vn 0.4172 0.3778 -0.8265
vn 0.7254 0.0552 -0.6861
vn 0.6672 0.3610 -0.6515
vn 0.6381 -0.0945 -0.7641
vn 0.3691 0.0707 -0.9267
vn 0.4172 0.3778 -0.8266
vn 0.2129 0.4179 -0.8832
vn 0.3157 0.6865 -0.6550
vn 0.0633 -0.7908 -0.6088
vn 0.4873 -0.8018 -0.3459
vn -0.3137 0.3608 -0.8783
vn 0.6155 0.6471 0.4498
vn 0.5921 0.6789 0.4342
vn 0.6598 0.4949 0.5655
vn 0.5436 0.7091 -0.4491
vn -0.6537 -0.0315 -0.7561
vn -0.4627 0.2352 -0.8547
vn -0.5725 0.3058 -0.7607
vn 0.3468 0.4964 0.7958
vn 0.3069 0.5114 0.8026
vn -0.2365 0.4964 0.8353
vn -0.5278 0.4017 0.7484
vn -0.6485 0.4112 0.6406
vn 0.9995 -0.0314 0.0078
vn -0.8788 0.4708 0.0784
vn -0.7929 0.5652 -0.2276
vn 0.0395 0.5060 -0.8617
vn -0.1654 0.6693 -0.7244
vn -0.0395 0.6784 -0.7336
vn 0.0395 0.5059 -0.8617
vn -0.7098 0.3943 0.5836
vn -0.7970 0.1815 0.5761
vn -0.1500 0.4734 0.8680
vn -0.4803 0.3700 0.7952
vn -0.5916 0.4812 0.6469
vn 0.6273 -0.1255 -0.7686
vn -0.2367 0.7103 -0.6629
vn 0.0158 0.5363 -0.8439
vn 0.2437 0.7313 -0.6370
vn -0.9974 -0.0157 -0.0706
vn -0.6991 0.0157 0.7148
vn -0.6867 0.2604 0.6787
vn -0.8398 -0.0392 0.5415
vn -0.4005 0.6440 0.6518
vn 0.0236 0.2126 -0.9768
vn 0.1338 0.6768 -0.7240
vn 0.2206 0.9612 -0.1655
vn 0.6274 -0.1254 -0.7686
vn -0.7261 0.1105 -0.6787
vn -0.7809 0.2602 -0.5679
vn -0.8218 0.0316 -0.5689
vn -0.7809 0.2603 -0.5679
vn -0.6752 0.3141 -0.6674
vn -0.4876 0.1180 -0.8651
vn -0.4627 0.2352 -0.8548
vn -0.6390 -0.1341 -0.7574
vn -0.7331 0.4809 0.4809
vn -0.4635 -0.3614 -0.8091
vn -0.6590 -0.2118 -0.7217
vn -0.8726 -0.0315 -0.4874
vn -0.7090 0.2442 -0.6616
vn -0.8808 0.4010 -0.2517
vn -0.9343 -0.0471 -0.3533
vn 0.0316 -0.2051 -0.9782
vn -0.0869 -0.0473 -0.9951
vn 0.9957 -0.0316 -0.0869
vn 0.9709 0.2288 0.0710
vn 0.9947 0.0079 0.1026
vn 0.8128 0.3393 -0.4735
vn 0.7945 -0.1730 -0.5821
vn -0.3389 0.1418 -0.9301
vn -0.3703 0.9060 -0.2049
vn -0.5971 0.4558 -0.6601
vn -0.2204 0.8578 -0.4644
vn -0.2439 0.7240 -0.6453
vn -0.1258 0.4717 -0.8727
vn 0.4579 0.5921 -0.6631
vn -0.0869 0.9475 -0.3079
vn -0.4409 0.5510 -0.7085
vn -0.7697 0.2043 -0.6048
vn -0.6064 0.2205 -0.7639
vn 0.5582 0.1415 -0.8176
vn 0.6764 0.3697 -0.6371
vn 0.4578 0.5921 -0.6632
vn 0.2838 0.1576 -0.9458
vn -0.6539 0.0158 -0.7564
vn -0.4876 0.1179 -0.8651
vn -0.6540 0.0158 -0.7564
vn -0.6475 -0.0789 -0.7580
vn -0.3929 -0.0157 -0.9194
vn -0.7071 -0.0000 -0.7071
vn -0.6475 -0.0790 -0.7580
vn -0.6540 0.0157 -0.7564
vn 0.7255 0.0552 -0.6860
vn -0.2668 0.8319 -0.4865
vn -0.2592 0.9502 -0.1728
vn -0.1577 0.7727 -0.6149
vn -0.1416 0.9359 -0.3225
vn 0.1335 0.8801 -0.4557
vn 0.1335 0.8800 -0.4557
vn -0.1026 -0.0157 -0.9946
vn -0.0865 -0.4010 -0.9120
vn 0.0315 -0.2051 -0.9782
vn -0.0552 0.8520 -0.5207
vn 0.1807 0.9508 -0.2515
vn -0.1106 0.2448 -0.9633
vn 0.0631 -0.0947 -0.9935
vn -0.2682 0.2760 -0.9230
vn -0.4264 0.2526 -0.8686
vn -0.3302 0.2122 -0.9197
vn -0.3302 0.2122 -0.9198
vn -0.4173 0.2204 -0.8817
vn 0.1104 0.9936 -0.0237
vn -0.2672 0.8726 -0.4088
vn -0.3709 0.1578 -0.9152
vn 0.9947 0.0079 0.1027
vn 0.9696 0.1340 0.2050
vn 0.9206 0.1810 0.3461
vn 0.5752 0.7169 0.3939
vn 0.6449 0.4955 0.5819
vn -0.4566 -0.0079 -0.8896
vn -0.6925 -0.3226 -0.6453
vn -0.1734 -0.3467 -0.9218
vn -0.4634 -0.3613 -0.8091
vn -0.1340 0.1103 -0.9848
vn -0.1733 -0.3466 -0.9218
vn 0.2924 0.0001 -0.9563
vn 0.4479 0.1964 -0.8723
vn 0.4549 0.2745 -0.8472
vn 0.4172 0.3779 -0.8265
vn 0.1027 0.8215 -0.5609
vn -0.3865 0.6941 -0.6073
vn -0.2286 0.2602 -0.9381
vn 0.2995 0.5912 -0.7489
vn 0.0157 0.3068 -0.9517
vn -0.0473 0.3465 -0.9369
vn 0.9696 0.1340 0.2049
vn -0.1101 -0.5422 -0.8330
vn -0.4173 -0.5275 -0.7400
vn -0.2587 -0.7603 -0.5958
vn 0.7013 0.2837 0.6540
vn -0.0079 0.0157 -0.9998
vn 0.1962 0.1177 -0.9735
vn 0.1962 0.1178 -0.9735
vn -0.0551 0.1655 -0.9847
vn -0.0315 0.8493 -0.5269
vn -0.2592 0.9503 -0.1728
vn -0.0315 0.8494 -0.5269
vn -0.0315 0.9995 0.0079
vn -0.0314 0.8494 -0.5269
vn -0.0315 0.9995 0.0078
vn -0.1103 0.9614 -0.2521
vn -0.2591 0.9503 -0.1728
vn 0.4316 0.5805 -0.6905
vn 0.6841 0.1415 0.7155
vn 0.8056 -0.0078 0.5924
vn 0.8322 0.1178 0.5418
vn -0.9346 0.0393 0.3534
vn -0.3302 0.2123 -0.9197
vn 0.3224 0.5031 -0.8019
vn -0.0550 0.0393 -0.9977
vn -0.3301 0.2123 -0.9198
vn 0.7233 -0.3460 -0.5976
vn 0.8391 0.0549 -0.5412
vn 0.4023 -0.0316 -0.9150
vn 0.4354 -0.3641 -0.8233
vn 0.1492 -0.3847 -0.9109
vn 0.4504 0.1185 -0.8849
vn -0.1258 0.4718 -0.8727
vn -0.0629 0.9901 0.1257
vn 0.1101 0.9595 -0.2595
vn 0.4479 0.1964 -0.8722
vn -0.2048 -0.0630 -0.9768
vn -0.2601 0.2600 -0.9299
vn -0.4170 0.0866 0.9048
vn 0.2438 -0.8966 -0.3697
vn 0.2438 -0.8966 -0.3696
vn 0.0633 -0.7908 -0.6089
vn 0.1416 -0.9437 -0.2989
vn 0.1255 0.5647 -0.8157
vn -0.9346 0.0393 0.3535
vn -0.5209 0.2052 0.8286
vn -0.6866 0.2604 0.6788
vn -0.5593 0.0552 0.8271
vn -0.3930 -0.0157 -0.9194
vn -0.3373 0.0157 -0.9413
vn -0.5099 0.2197 -0.8317
vn 0.6706 0.6232 -0.4024
vn 0.7327 0.4096 -0.5435
vn 0.9438 0.2596 -0.2045
vn 0.8029 0.4408 -0.4014
vn -0.7809 0.4496 -0.4338
vn -0.7629 0.4876 -0.4246
vn -0.9393 0.3158 -0.1342
vn -0.9829 -0.1415 -0.1180
vn -0.8333 -0.2751 -0.4795
vn -0.9343 -0.0471 -0.3534
vn 0.9844 -0.0787 0.1575
vn 0.9160 0.0711 -0.3948
vn 0.9315 0.3315 0.1499
vn 0.8247 0.2592 0.5027
vn 0.9315 0.3315 0.1500
vn 0.8206 -0.0631 0.5680
vn 0.7015 0.4413 0.5596
vn 0.3618 0.4011 0.8415
vn 0.3619 0.4011 0.8415
vn 0.2442 0.5433 0.8032
vn 0.7014 0.4414 0.5596
vn 0.1028 0.8215 -0.5609
vn 0.4172 0.3779 -0.8266
vn -0.6236 0.4264 -0.6552
vn -0.0235 -0.0550 -0.9982
vn 0.7981 0.0474 -0.6006
vn -0.7551 -0.3304 -0.5663
vn -0.7243 0.0788 -0.6849
vn 0.4733 0.2524 -0.8440
vn 0.2438 0.7314 -0.6369
vn -0.1102 0.3935 -0.9127
vn -0.2286 0.2601 -0.9381
vn 0.2438 0.3696 0.8966
vn 0.2916 0.0710 0.9539
vn 0.6510 0.2354 -0.7216
vn 0.7982 0.0474 -0.6006
vn 0.6511 0.2353 -0.7216
vn -0.5527 0.1421 -0.8212
vn -0.2439 0.7239 -0.6453
vn -0.2680 -0.5755 -0.7726
vn -0.7622 0.0629 -0.6443
vn -0.6485 0.4113 0.6406
vn -0.7098 0.3944 0.5836
vn -0.7098 0.3944 0.5837
vn 0.7303 0.6831 -0.0000
vn 0.7144 0.4788 -0.5102
vn 0.9210 0.3779 0.0944
vn -0.9498 0.0942 -0.2982
vn -0.0079 0.0158 -0.9998
vn 0.0079 -0.1579 -0.9874
vn -0.1343 -0.0790 -0.9878
vn 0.4796 0.1887 0.8569
vn 0.5908 0.3703 0.7168
vn 0.6540 0.0158 0.7564
vn 0.6062 -0.0000 0.7953
vn 0.4796 0.1886 0.8570
vn 0.6539 0.0158 0.7564
vn 0.3467 0.4964 0.7958
vn 0.2439 0.3696 0.8966
vn 0.7400 0.2914 -0.6062
vn 0.5648 0.3373 -0.7531
vn 0.7730 -0.1184 -0.6232
vn 0.3778 0.4879 -0.7869
vn 0.5648 0.3374 -0.7531
vn 0.3948 0.0711 0.9160
vn 0.4973 0.2289 0.8368
vn 0.3079 0.2289 0.9235
vn -0.2683 0.2761 -0.9229
vn -0.4264 0.2527 -0.8685
vn -0.2440 0.7240 -0.6452
vn 0.5527 0.1421 -0.8212
vn 0.2438 0.7313 -0.6370
vn 0.4732 0.2524 -0.8440
vn 0.9995 -0.0315 0.0079
vn -0.4170 0.0865 0.9048
vn -0.3871 0.4028 -0.8294
vn -0.5046 -0.1419 -0.8516
vn -0.5808 -0.2668 -0.7691
vn -0.3773 0.5975 -0.7075
vn 0.0316 -0.1656 -0.9857
vn 0.3376 0.2042 -0.9189
vn 0.8056 -0.0079 0.5924
vn -0.8935 -0.2194 0.3918
vn -0.6391 -0.1341 -0.7574
vn -0.6540 0.0157 -0.7563
vn -0.6753 0.3141 -0.6674
vn -0.3773 0.5978 -0.7073
vn 0.1965 0.2673 -0.9434
vn 0.9265 0.1492 -0.3454
vn -0.7637 0.1417 0.6298
vn -0.8091 0.3613 0.4635
vn -0.8816 0.2204 0.4173
vn -0.8091 0.3613 0.4634
vn -0.9151 0.3471 0.2051
vn -0.8736 0.4722 0.1181
vn -0.9054 0.0788 0.4172
vn -0.9743 0.1965 0.1101
vn -0.1106 0.2447 -0.9633
vn -0.0711 -0.0711 -0.9949
vn -0.2440 0.7239 -0.6453
vn -0.9829 -0.1415 -0.1179
vn -0.9952 -0.0948 0.0237
vn 0.4329 0.5037 -0.7476
vn 0.0316 0.9458 -0.3232
vn 0.2522 0.9064 -0.3389
vn 0.2924 -0.0000 -0.9563
vn 0.8956 -0.3299 -0.2985
vn -0.8124 0.2287 0.5363
vn -0.8388 0.5017 0.2117
vn -0.9692 0.2443 0.0315
vn -0.8124 0.2288 0.5363
vn 0.7401 0.2912 -0.6062
vn 0.8535 0.4821 0.1976
vn 0.3377 0.2042 -0.9189
vn 0.0394 -0.1732 -0.9841
vn -0.1104 0.9614 -0.2522
vn -0.1181 0.9048 -0.4092
vn -0.2592 0.9503 -0.1727
vn 0.9205 0.1809 0.3462
vn 0.9424 -0.0549 0.3299
vn -0.4005 0.6440 0.6519
vn -0.0395 0.6784 -0.7337
vn 0.8659 0.2046 0.4565
vn 0.5845 -0.6951 -0.4186
vn 0.2440 -0.5981 -0.7634
vn 0.7550 0.0629 -0.6527
vn 0.8516 -0.1892 -0.4889
vn 0.7889 -0.4102 -0.4576
vn 0.0315 -0.1655 -0.9857
vn -0.2363 0.0788 0.9685
vn -0.4660 0.0158 0.8846
vn -0.3398 0.3397 0.8770
vn -0.8201 0.5678 0.0709
vn -0.5576 0.8166 -0.1492
vn -0.3863 0.5598 -0.7331
vn -0.3862 0.5598 -0.7331
vn 0.3465 0.0473 -0.9369
vn 0.2045 -0.4721 -0.8575
vn -0.5419 0.2277 -0.8090
vn 0.0157 0.5363 -0.8439
vn -0.2368 0.7103 -0.6629
vn -0.2911 0.1967 -0.9363
vn -0.1492 -0.2120 -0.9658
vn -0.4800 -0.4327 -0.7632
vn -0.6685 -0.2281 -0.7078
vn -0.9128 -0.1732 -0.3699
vn -0.7261 0.1104 -0.6787
vn -0.8184 -0.2282 -0.5273
vn 0.1808 0.9508 -0.2515
vn -0.1593 0.7724 -0.6148
vn 0.0393 -0.0629 -0.9972
vn 0.9206 0.1809 0.3462
vn 0.9424 -0.0549 0.3298
vn -0.7875 0.1103 0.6064
vn -0.5278 0.4017 0.7483
vn -0.1253 -0.3603 -0.9244
vn -0.1897 -0.0554 -0.9803
vn 0.1257 0.0628 -0.9901
vn -0.0946 0.5283 -0.8438
vn -0.6760 0.1415 -0.7231
vn 0.3464 0.0472 -0.9369
vn 0.2129 0.4180 -0.8832
vn 0.1101 0.9594 -0.2595
vn -0.8914 0.3865 -0.2367
vn -0.8914 0.3866 -0.2366
vn 0.8183 -0.1888 -0.5429
vn 0.9957 -0.0316 -0.0870
vn 0.9452 0.0472 -0.3229
vn 0.9257 -0.3639 0.1028
vn -0.6474 -0.0790 -0.7580
vn -0.6589 -0.2118 -0.7218
vn -0.7551 -0.3303 -0.5663
vn 0.6274 -0.1255 -0.7685
vn 0.7421 -0.5684 -0.3553
vn 0.7022 -0.2603 -0.6627
vn 0.6274 -0.1254 -0.7685
vn 0.0079 -0.1580 -0.9874
vn -0.4168 -0.4561 -0.7863
vn -0.4982 0.1897 -0.8461
vn -0.4167 -0.4561 -0.7863
vn -0.4969 0.1656 -0.8519
vn 0.7955 0.5356 0.2835
vn 0.9020 0.4079 -0.1412
vn -0.8754 -0.2287 -0.4259
vn -0.8185 -0.2282 -0.5273
vn -0.7243 0.0787 -0.6849
vn 0.1104 0.9936 -0.0236
vn 0.0316 0.9458 -0.3231
vn 0.6924 0.6530 -0.3069
vn 0.2195 0.3528 -0.9096
vn 0.2047 0.6219 -0.7558
vn 0.0553 -0.4338 -0.8993
vn 0.2995 -0.8195 -0.4886
vn -0.6064 0.2205 -0.7640
vn -0.4949 0.4320 -0.7540
vn 0.0548 -0.1883 -0.9806
vn 0.2676 0.7792 -0.5668
vn 0.0471 0.7769 -0.6279
vn 0.1262 -0.2995 -0.9457
vn 0.3463 0.1337 -0.9286
vn 0.6721 0.3717 0.6404
vn 0.5278 0.8034 0.2757
vn 0.7021 -0.2604 -0.6628
vn 0.6313 -0.1657 -0.7576
vn -0.7946 0.0393 -0.6058
vn -0.5966 0.0549 -0.8006
vn -0.7244 0.0787 -0.6849
vn -0.7947 0.0394 -0.6058
vn 0.6924 0.2281 -0.6845
vn 0.8668 0.2601 0.4255
vn -0.5584 0.5584 -0.6134
vn 0.1341 -0.1025 -0.9857
vn 0.1335 0.4242 -0.8957
vn 0.9020 0.4079 -0.1411
vn 0.6706 0.6233 -0.4024
vn 0.8960 -0.4322 -0.1021
vn 0.5844 -0.6951 -0.4187
vn 0.7292 0.0549 -0.6821
vn 0.6129 -0.2357 -0.7542
vn -0.5966 0.0550 -0.8006
vn -0.3397 0.3397 0.8770
vn 0.0079 0.5179 -0.8554
vn -0.5663 0.7551 0.3304
vn -0.5580 0.6601 0.5029
vn 0.0632 -0.7908 -0.6088
vn -0.1733 -0.7879 -0.5909
vn 0.1415 -0.9437 -0.2989
vn -0.5754 0.7331 0.3626
vn -0.1897 -0.0553 -0.9803
vn 0.6205 0.3848 -0.6833
vn -0.9859 -0.0552 0.1578
vn -0.5593 0.0551 0.8271
vn -0.6991 0.0157 0.7149
vn -0.5118 0.3779 0.7716
vn 0.3691 0.0706 -0.9267
vn 0.3320 -0.2213 -0.9169
vn 0.9021 0.4079 -0.1411
vn 0.6202 0.1884 -0.7615
vn 0.6455 -0.1102 -0.7558
vn 0.9009 0.4268 0.0790
vn 0.9458 0.3231 -0.0315
vn 0.7144 0.4788 -0.5103
vn 0.9299 0.3625 -0.0631
vn -0.5579 0.6601 0.5030
vn -0.7295 0.0471 -0.6824
vn -0.7517 -0.4463 -0.4855
vn 0.8602 0.0711 -0.5050
vn 0.3223 0.5032 -0.8019
vn 0.9299 0.3625 -0.0630
vn 0.3617 0.4326 -0.8258
vn 0.7628 0.2044 -0.6134
vn 0.8360 0.1735 -0.5206
vn 0.7100 0.6863 -0.1577
vn 0.4582 -0.0869 -0.8846
vn -0.2204 0.2439 0.9444
vn -0.0157 0.9714 -0.2369
vn 0.5446 -0.2841 -0.7891
vn 0.4354 -0.3642 -0.8233
vn 0.5445 -0.2841 -0.7892
vn 0.2917 -0.0709 -0.9539
vn 0.1571 -0.1649 -0.9737
vn -0.0157 0.2590 0.9657
vn 0.2917 0.0710 0.9539
vn 0.8047 0.0473 0.5918
vn 0.5908 0.3702 0.7169
vn 0.5908 0.3702 0.7168
vn 0.6624 0.3785 0.6466
vn 0.8047 0.0474 0.5917
vn -0.8880 0.1572 0.4322
vn -0.7716 0.5117 -0.3779
vn -0.9361 0.3147 0.1573
vn -0.4969 0.1656 -0.8518
vn -0.6593 0.4473 -0.6043
vn 0.5529 0.5609 0.6162
vn 0.4559 0.6996 0.5502
vn 0.3295 0.5256 0.7844
vn -0.8754 -0.2286 -0.4259
vn -0.7947 0.0393 -0.6058
vn 0.9458 0.3232 -0.0315
vn -0.6223 -0.3782 -0.6854
vn -0.0868 -0.3944 -0.9148
vn -0.1339 -0.7715 -0.6220
vn 0.0549 -0.1882 -0.9806
vn -0.0236 -0.0863 -0.9960
vn 0.1415 0.7231 -0.6761
vn 0.3545 0.4648 -0.8114
vn -0.3629 0.3945 -0.8442
vn 0.1653 0.0629 -0.9842
vn -0.0079 -0.1657 -0.9861
vn 0.0237 0.2127 -0.9768
vn -0.7021 0.6864 -0.1893
vn -0.4734 0.7574 -0.4497
vn -0.7389 0.1965 -0.6445
vn -0.0078 -0.2592 -0.9658
vn -0.0001 -0.6831 -0.7303
vn -0.6372 0.7473 0.1887
vn -0.5575 0.8166 -0.1492
vn -0.5207 0.7652 0.3787
vn -0.6524 0.4560 0.6053
vn 0.4559 0.6996 0.5503
vn 0.5839 0.7338 0.3472
vn 0.5752 0.7169 0.3940
vn 0.6553 0.4974 0.5684
vn 0.6381 -0.0946 -0.7641
vn -0.7312 -0.6132 -0.2988
vn 0.1336 -0.0314 -0.9905
vn -0.0711 -0.3554 -0.9320
vn 0.3320 -0.2213 -0.9170
vn -0.2049 -0.0630 -0.9768
vn 0.5277 0.8034 0.2757
vn 0.9107 0.4082 0.0628
vn 1.0000 -0.0078 -0.0000
vn 0.8959 -0.4323 -0.1021
vn -0.9998 -0.0079 0.0158
vn -0.7222 0.1099 -0.6829
vn 0.1025 -0.0316 -0.9942
vn 0.1337 -0.0314 -0.9905
vn -0.9361 0.3146 0.1574
vn 0.5279 0.1025 -0.8431
vn -0.9919 -0.0158 -0.1260
vn -0.7746 -0.0159 -0.6323
vn 0.5845 -0.6950 -0.4186
vn -0.0471 -0.1807 -0.9824
vn 0.2527 0.2605 -0.9318
vn -0.1182 0.5120 -0.8508
vn -0.8461 0.4349 -0.3083
vn -0.9381 -0.2286 0.2601
vn -0.9347 0.0393 0.3534
vn -0.9650 -0.2040 0.1648
vn -0.2755 0.9601 -0.0472
vn -0.2755 0.9601 -0.0473
vn -0.2198 0.9735 0.0628
vn -0.5820 0.6056 -0.5428
vn -0.8808 0.4011 -0.2516
vn 0.5437 0.1418 -0.8272
vn 0.2917 0.0709 0.9539
vn 0.8408 0.0865 -0.5343
vn 0.9583 -0.0785 -0.2749
vn 0.9438 0.2595 -0.2046
vn 0.2130 0.7179 -0.6628
vn 0.3547 0.5597 -0.7489
vn -0.0000 -0.6832 -0.7303
vn -0.1338 -0.7715 -0.6220
vn -0.0000 -0.6831 -0.7303
vn 0.1656 0.0315 -0.9857
vn 0.9265 0.1491 -0.3455
vn 0.4649 0.0710 -0.8825
vn 0.1807 -0.2514 -0.9508
vn 0.2038 -0.3213 -0.9248
vn -0.7099 0.3943 0.5836
vn -0.6485 0.4113 0.6405
vn 0.7707 -0.6212 -0.1416
vn 0.7022 -0.2604 -0.6627
vn 0.8955 -0.3300 -0.2985
vn 0.8955 -0.3300 -0.2986
vn -0.3136 0.3608 -0.8783
vn -0.8343 0.5431 0.0944
vn -0.8460 0.4349 -0.3083
vn -0.8344 0.5431 0.0944
vn -0.1418 0.5436 -0.8273
vn -0.3626 0.6225 -0.6936
vn 0.9257 -0.3639 0.1029
vn 0.9961 -0.0158 -0.0869
vn 0.9261 -0.2668 0.2668
vn -0.3217 0.9337 -0.1569
vn -0.1416 0.9359 -0.3224
vn 0.3545 0.4648 -0.8113
vn 0.4400 0.5108 -0.7386
vn 0.1416 0.7232 -0.6760
vn 0.1023 -0.3776 -0.9203
vn -0.1336 -0.3298 -0.9345
vn -0.2199 -0.3690 -0.9030
vn 0.6540 0.0158 0.7563
vn 0.8047 0.0473 0.5917
vn 0.7805 -0.2443 0.5755
vn -0.9415 0.1412 -0.3059
vn -0.2129 -0.1182 -0.9699
vn 0.4566 0.7165 -0.5275
vn 0.3628 0.9307 0.0473
vn 0.5436 0.7091 -0.4490
vn 0.4566 0.7165 -0.5274
vn 0.2054 0.9715 0.1184
vn -0.0629 0.9901 0.1258
vn -0.2669 0.8319 -0.4866
vn 0.5582 0.1415 -0.8175
vn 0.9424 -0.0550 0.3299
vn 0.9213 -0.3307 0.2047
vn 0.9619 -0.1892 0.1971
vn 0.7415 0.2051 0.6389
vn 0.6881 0.2531 0.6801
vn 0.8199 0.4493 0.3548
vn 0.6880 0.2530 0.6801
vn -0.1338 -0.2440 -0.9605
vn 0.0079 -0.1182 -0.9930
vn -0.4806 0.8350 0.2679
vn -0.6803 0.4193 0.6012
vn -0.1339 0.9848 0.1103
vn -0.0236 -0.0551 -0.9982
vn -0.5917 0.4812 0.6468
vn -0.7332 0.4808 0.4809
vn -0.1967 -0.0944 -0.9759
vn 0.0550 -0.0158 -0.9984
vn 0.8668 0.2600 0.4255
vn 0.7015 0.4414 0.5596
vn 0.9301 0.2128 0.2995
vn -0.4485 0.5350 -0.7160
vn -0.1342 0.6390 -0.7574
vn -0.3236 0.2921 -0.9000
vn -0.1100 0.1964 -0.9743
vn -0.1344 -0.0790 -0.9878
vn -0.0237 -0.6622 -0.7490
vn 0.0078 -0.5179 -0.8554
vn -0.1100 -0.5422 -0.8330
vn -0.0158 -0.4969 -0.8676
vn -0.2199 0.9735 0.0628
vn 0.3949 0.0710 0.9160
vn 0.9874 0.1264 0.0947
vn 0.9434 0.1729 -0.2830
vn 0.8658 0.2047 0.4565
vn 0.8918 0.3078 0.3315
vn 0.6477 0.7267 -0.2290
vn -0.0710 -0.0711 -0.9949
vn 0.1185 -0.2686 -0.9559
vn 0.1807 -0.2514 -0.9509
vn 0.8353 -0.4964 -0.2364
vn 0.8027 -0.4800 -0.3541
vn -0.1413 0.0314 -0.9895
vn -0.0628 -0.0000 -0.9980
vn -0.0236 0.1414 -0.9897
vn 0.2606 0.3870 -0.8845
vn 0.1963 0.1178 -0.9735
vn 0.3237 -0.2052 -0.9236
vn 0.1570 -0.1649 -0.9737
vn -0.1578 -0.3709 -0.9152
vn -0.1185 -0.5213 -0.8451
vn -0.0708 -0.4958 -0.8656
vn -0.7970 0.1815 0.5760
vn -0.7875 0.1103 0.6063
vn -0.8882 -0.1021 0.4480
vn -0.8880 0.1571 0.4322
vn 0.6437 -0.1334 -0.7536
vn 0.7000 0.3225 -0.6372
vn 0.1099 -0.3610 -0.9261
vn 0.0552 -0.4962 -0.8664
vn 0.2203 -0.4643 -0.8578
vn 0.7789 0.5743 0.2518
vn 0.9300 0.2129 0.2995
vn -0.5420 0.2278 -0.8090
vn -0.3389 0.1419 -0.9301
vn -0.2210 0.3946 -0.8919
vn 0.0158 0.1027 -0.9946
vn -0.2120 0.1492 -0.9658
vn 0.1258 -0.9039 -0.4088
vn -0.1726 -0.9102 -0.3766
vn -0.9743 0.1964 0.1101
vn -0.9151 0.3471 0.2052
vn -0.4238 0.6748 -0.6042
vn 0.4098 -0.5832 -0.7014
vn -0.0078 0.0157 -0.9998
vn 0.0943 -0.4007 -0.9113
vn 0.3223 -0.3852 -0.8647
vn 0.3531 -0.1334 -0.9260
vn 0.8973 0.0866 0.4329
vn 0.8048 0.0473 0.5917
vn 0.8846 -0.0869 0.4582
vn -0.0235 -0.0862 -0.9960
vn 0.6313 -0.5524 0.5444
vn -0.0158 -0.2052 -0.9786
vn -0.3929 -0.0157 -0.9195
vn -0.3872 -0.2844 -0.8770
vn 0.9487 0.1568 0.2745
vn 0.9487 0.1568 0.2744
vn -0.5587 -0.0708 -0.8263
vn -0.9072 -0.0474 -0.4181
vn -0.5585 -0.7078 -0.4325
vn -0.2681 -0.5755 -0.7726
vn 0.9424 -0.0550 0.3298
vn 0.9620 -0.1892 0.1971
vn -0.0157 -0.1337 -0.9909
vn -0.6069 -0.1024 -0.7882
vn 0.3855 -0.3776 -0.8419
vn -0.0395 -0.4183 -0.9075
vn -0.2199 -0.2514 -0.9426
vn -0.0473 -0.4020 -0.9144
vn -0.0473 -0.4021 -0.9144
vn -0.0394 -0.4183 -0.9075
vn 0.1490 -0.3686 -0.9176
vn 0.5433 0.7716 0.3307
vn -0.3136 0.3607 -0.8784
vn -0.5522 -0.0947 -0.8283
vn 0.7219 -0.3766 -0.5806
vn 0.8587 -0.0237 -0.5120
vn -0.8679 0.3392 0.3629
vn 0.8915 0.3708 0.2604
vn 0.9625 0.0395 0.2683
vn 0.9207 0.2597 0.2912
vn -0.4635 -0.3613 -0.8091
vn -0.4638 0.3930 -0.7940
vn -0.9344 0.0864 0.3456
vn -0.9194 0.0157 0.3929
vn -0.9421 -0.1177 0.3140
vn -0.1101 0.3934 -0.9128
vn -0.7088 0.1969 -0.6773
vn -0.6095 0.0707 -0.7896
vn -0.7691 -0.2668 0.5808
vn -0.8882 -0.1022 0.4480
vn -0.7875 0.1102 0.6064
vn -0.7691 -0.2668 0.5807
vn -0.6370 0.0236 0.7705
vn 0.8056 -0.0079 0.5923
vn 0.8096 -0.2593 0.5266
vn 0.5530 0.5609 0.6161
vn 0.6448 0.4955 0.5819
vn 0.5433 0.7716 0.3308
vn -0.1339 0.9848 0.1102
vn -0.9372 0.3150 0.1496
vn -0.9812 -0.0863 0.1726
vn 0.9487 0.1569 0.2745
vn 0.5888 0.7929 -0.1569
vn 0.8026 -0.4800 -0.3541
vn 0.8187 0.2756 -0.5038
vn 0.0392 -0.0628 -0.9973
vn -0.2998 0.6786 -0.6706
vn -0.6219 -0.1338 -0.7716
vn 0.8096 -0.2594 0.5266
vn -0.0708 -0.4957 -0.8656
vn -0.0316 -0.4814 -0.8759
vn 0.0631 -0.5204 -0.8516
vn -0.0943 -0.8494 -0.5192
vn 0.2046 -0.4721 -0.8575
vn 0.3069 -0.6690 -0.6769
vn -0.0079 -0.4877 -0.8730
vn 0.8973 0.0865 0.4329
vn 0.8846 -0.0869 0.4581
vn 0.2994 -0.8195 -0.4886
vn 0.1336 -0.0315 -0.9905
vn -0.5198 0.3308 -0.7877
vn -0.2048 0.5356 -0.8192
vn 0.0707 -0.0235 -0.9972
vn 0.4569 -0.6853 -0.5672
vn 0.4263 -0.3237 -0.8447
vn 0.1418 -0.4490 -0.8822
vn -0.6086 0.0711 -0.7903
vn -0.9670 -0.0393 -0.2516
vn -0.3558 0.0553 -0.9329
vn 0.9021 0.4079 -0.1412
vn 0.9788 0.0553 -0.1973
vn -0.7929 0.5652 -0.2277
vn -0.8788 0.4708 0.0785
vn -0.2210 0.3947 -0.8918
vn -0.3863 0.5597 -0.7332
vn -0.1578 -0.3708 -0.9152
vn -0.2047 -0.4409 -0.8739
vn -0.6627 0.6863 0.2998
vn -0.8678 0.3393 0.3629
vn 0.8516 -0.1893 -0.4889
vn 0.7889 -0.4101 -0.4577
vn -0.6355 0.5728 0.5178
vn -0.5197 0.8031 0.2914
vn -0.6714 0.6320 0.3871
vn 0.7628 0.2045 -0.6134
vn 0.4400 0.5107 -0.7386
vn 0.1888 0.4011 -0.8964
vn -0.6220 -0.1338 -0.7715
vn -0.6298 0.2361 -0.7400
vn -0.6287 -0.1887 -0.7544
vn -0.9515 0.1651 0.2596
vn -0.9194 0.0158 0.3929
vn -0.9344 0.0864 0.3455
vn -0.5202 -0.0709 -0.8511
vn -0.7698 0.2042 -0.6048
vn -0.3773 0.5975 -0.7076
vn 0.1964 -0.4479 -0.8723
vn -0.8398 -0.0393 0.5416
vn -0.7744 -0.2924 0.5611
vn -0.0786 0.9667 0.2436
vn 0.0315 0.9536 0.2995
vn -0.1656 0.9861 -0.0158
vn -0.6435 -0.7377 -0.2041
vn -0.6224 -0.3782 -0.6853
vn 0.1026 -0.0316 -0.9942
vn -0.6369 0.0235 0.7706
vn -0.9614 0.2679 0.0630
vn -0.9515 0.1651 0.2595
vn 0.3548 0.5598 -0.7489
vn 0.2195 0.3529 -0.9095
vn -0.7022 0.6864 -0.1894
vn -0.9007 0.4345 0.0079
vn 0.0786 -0.3457 -0.9351
vn 0.7302 0.6832 -0.0000
vn -0.1577 0.7726 -0.6149
vn 0.2131 0.7179 -0.6627
vn 0.2677 0.7792 -0.5667
vn 0.3548 0.5597 -0.7489
vn 0.1335 -0.3298 -0.9346
vn 0.0786 -0.3457 -0.9350
vn 0.2203 -0.4644 -0.8578
vn 0.1102 -0.3542 -0.9287
vn 0.7100 0.6863 -0.1578
vn 0.5778 -0.2770 -0.7678
vn -0.7021 0.6864 -0.1894
vn -0.7389 0.1965 -0.6446
vn 0.3542 0.9287 0.1102
vn 0.9561 -0.0711 0.2845
vn 0.1026 0.8216 -0.5608
vn -0.6371 0.7708 -0.0000
vn 0.0630 -0.5204 -0.8516
vn 0.0551 -0.4962 -0.8664
vn 0.1887 0.4010 -0.8964
vn 0.5778 -0.2770 -0.7677
vn -0.8258 0.2832 -0.4877
vn -0.9128 -0.1731 -0.3699
vn 0.4474 -0.1648 -0.8790
vn 0.1887 0.4011 -0.8964
vn -0.1972 -0.3313 -0.9227
vn -0.4079 -0.2746 -0.8708
vn 0.4237 -0.2747 -0.8632
vn 0.9560 -0.0711 0.2845
vn -0.1335 -0.3298 -0.9345
vn -0.0865 -0.4009 -0.9120
vn -0.3373 0.0156 -0.9413
vn 0.6539 0.0157 0.7564
vn 0.8095 -0.2594 0.5267
vn 0.6063 -0.0001 0.7952
vn -0.9415 0.1412 -0.3060
vn 0.1258 -0.2517 -0.9596
vn -0.4561 -0.3854 -0.8021
vn 0.9625 0.0394 0.2683
vn 0.9561 -0.0711 0.2844
vn 0.9208 0.2597 0.2912
vn 0.8133 0.5527 0.1816
vn 0.7953 0.6063 -0.0000
vn 0.8915 0.3708 0.2603
vn 0.1965 -0.4479 -0.8722
vn 0.1500 -0.4579 -0.8763
vn 0.3320 -0.2214 -0.9169
vn -0.0553 -0.5055 -0.8610
vn -0.1262 -0.4811 -0.8676
vn 0.2917 -0.0710 -0.9539
vn 0.9213 -0.3307 0.2048
vn 0.1022 -0.1966 -0.9751
vn -0.8185 -0.2283 -0.5273
vn -0.8045 -0.5127 -0.2998
vn 0.9377 -0.1891 0.2916
vn -0.0159 -0.2052 -0.9786
vn -0.3871 -0.2844 -0.8771
vn 0.4335 -0.1812 -0.8828
vn 0.8602 0.0710 -0.5050
vn 0.2045 -0.4720 -0.8575
vn 0.0393 -0.0628 -0.9973
vn 0.8516 -0.1893 -0.4888
vn 0.4022 -0.0316 -0.9150
vn -0.9361 0.3146 0.1573
vn -0.9756 0.2124 0.0550
vn 0.3466 -0.6143 -0.7089
vn 0.7218 -0.3767 -0.5806
vn 0.5027 -0.2828 -0.8169
vn 0.1815 -0.3393 -0.9230
vn 0.4865 -0.2904 -0.8240
vn 0.5728 -0.5178 -0.6355
vn 0.0158 0.1026 -0.9946
vn 0.3308 -0.1102 -0.9372
vn 0.0316 -0.2368 -0.9710
vn -0.9590 -0.1965 0.2044
vn -0.3618 0.8258 -0.4326
vn -0.2048 0.5357 -0.8192
vn 0.6920 0.6606 0.2910
vn 0.4565 0.8578 0.2361
vn -0.8679 0.3393 0.3629
vn -0.9515 0.1652 0.2595
vn -0.8546 0.5143 0.0713
vn -0.8741 -0.4646 0.1417
vn -0.9829 -0.1416 -0.1179
vn -0.8333 -0.2752 -0.4795
vn -0.7656 -0.6393 -0.0710
vn -0.4562 -0.3854 -0.8021
vn -0.9270 -0.1257 0.3535
vn -0.8997 -0.3314 0.2841
vn -0.9006 -0.3950 0.1817
vn -0.8338 -0.4169 0.3618
vn 0.6915 -0.1807 -0.6994
vn 0.5437 0.7091 -0.4491
vn -0.1973 -0.2526 -0.9472
vn -0.1653 0.1888 -0.9680
vn -0.7640 0.2205 -0.6064
vn -0.7809 0.4495 -0.4338
vn -0.9393 0.3157 -0.1342
vn -0.9377 0.0237 -0.3467
vn 0.8424 -0.2283 -0.4881
vn -0.1652 0.1889 -0.9680
vn -0.2045 -0.2281 -0.9519
vn -0.9859 -0.0553 0.1578
vn -0.9346 0.0392 0.3534
vn 0.0079 -0.5179 -0.8554
vn 0.0394 -0.4247 -0.9045
vn -0.5916 0.4812 0.6468
vn 0.9210 0.3779 0.0945
vn 0.7955 0.5356 0.2836
vn 0.8919 0.3078 0.3315
vn 0.8920 0.4420 -0.0947
vn -0.6390 -0.1342 -0.7574
vn -0.7312 -0.6133 -0.2988
vn -0.7656 -0.6393 -0.0711
vn -0.8754 -0.2287 -0.4258
vn -0.6223 -0.3782 -0.6853
vn -0.5201 -0.0709 -0.8511
vn -0.3774 0.5975 -0.7075
vn -0.5588 -0.0709 -0.8263
vn 0.2996 0.0158 -0.9539
vn 0.3069 -0.6691 -0.6769
vn 0.7804 -0.2444 0.5755
vn -0.9859 -0.0553 0.1577
vn -0.8741 -0.4646 0.1418
vn -0.8338 -0.4169 0.3619
vn 0.4263 -0.1500 -0.8920
vn -0.2911 0.1966 -0.9363
vn -0.0315 0.0314 -0.9990
vn -0.1575 -0.5747 -0.8030
vn 0.2037 -0.3213 -0.9248
vn -0.5420 0.2278 -0.8089
vn -0.6067 -0.2442 -0.7565
vn -0.6085 0.0711 -0.7903
vn 0.2924 -0.0001 -0.9563
vn -0.6299 -0.1417 -0.7637
vn -0.3237 0.2921 -0.8999
vn -0.5132 0.4027 -0.7580
vn -0.0629 -0.2752 -0.9593
vn -0.3158 -0.0552 -0.9472
vn -0.2119 0.1488 -0.9659
vn 0.1181 -0.6533 -0.7478
vn 0.1340 -0.2680 -0.9540
vn 0.3320 -0.2214 -0.9170
vn -0.0710 -0.3554 -0.9320
vn 0.1657 -0.3865 -0.9073
vn -0.4640 0.8493 0.2517
vn -0.5579 0.6601 0.5029
vn 0.8133 0.5527 0.1817
vn 0.9788 0.1973 -0.0552
vn 0.9944 -0.1026 0.0237
vn 0.7805 -0.2444 0.5754
vn -0.8046 -0.5127 -0.2997
vn -0.7702 -0.6366 -0.0393
vn -0.0550 0.0392 -0.9977
vn -0.3706 -0.3706 -0.8517
vn 0.1101 -0.3542 -0.9287
vn -0.0628 -0.2825 -0.9572
vn 0.6129 -0.7542 -0.2357
vn -0.4168 -0.4560 -0.7863
vn -0.9228 -0.3786 0.0710
vn -0.9650 -0.2040 0.1647
vn -0.2838 -0.7487 -0.5991
vn -0.2040 -0.4157 -0.8863
vn -0.0158 -0.4969 -0.8677
vn -0.0079 -0.4876 -0.8730
vn 0.7790 0.5743 0.2518
vn -0.3229 -0.5591 -0.7637
vn -0.1655 -0.6934 -0.7013
vn -0.3228 -0.5590 -0.7638
vn -0.2129 -0.1183 -0.9699
vn 0.3465 0.0472 -0.9369
vn -0.3945 -0.3235 -0.8601
vn -0.3930 -0.1180 -0.9119
vn 0.9625 0.0394 0.2682
vn 0.0549 -0.1883 -0.9806
vn 0.1340 -0.2681 -0.9540
vn 0.1338 -0.1731 -0.9758
vn 0.4649 -0.4727 -0.7486
vn 0.3786 -0.0710 -0.9228
vn -0.1253 -0.3604 -0.9244
vn 0.1657 -0.3866 -0.9073
vn -0.9839 -0.1338 0.1181
vn -0.9614 0.2679 0.0631
vn 0.7789 0.5744 0.2518
vn 0.9967 0.0393 0.0706
vn 0.9211 0.3778 0.0944
vn 0.1499 -0.7262 -0.6709
vn -0.1495 -0.9202 -0.3618
vn -0.2841 -0.6076 -0.7417
vn 0.8858 -0.3684 0.2822
vn 0.7805 -0.2444 0.5755
vn -0.9421 -0.1178 0.3140
vn -0.8997 -0.3315 0.2841
vn -0.9278 -0.3538 0.1180
vn 0.1656 0.0316 -0.9857
vn -0.1727 -0.9101 -0.3766
vn -0.1339 -0.7716 -0.6219
vn -0.0787 -0.9667 -0.2436
vn -0.4167 -0.7864 -0.4560
vn 0.1736 -0.5445 -0.8206
vn -0.2039 -0.4158 -0.8863
vn -0.2837 -0.7488 -0.5991
vn 0.1336 0.4242 -0.8956
vn 0.1259 -0.2517 -0.9596
vn 0.4728 0.7958 -0.3783
vn 0.5179 0.8554 -0.0000
vn -0.4981 0.1897 -0.8461
vn -0.4478 -0.5264 -0.7228
vn 0.9680 -0.2124 0.1338
vn 0.0708 -0.8263 -0.5588
vn -0.0474 -0.9642 -0.2609
vn 0.3871 -0.6320 -0.6714
vn -0.1967 -0.0945 -0.9759
vn -0.1411 -0.3527 -0.9250
vn 0.9458 0.3231 -0.0316
vn 0.9438 0.2595 -0.2045
vn 0.9210 0.3778 0.0944
vn -0.9381 -0.2286 0.2602
vn -0.7744 -0.2924 0.5610
vn -0.8398 -0.0393 0.5415
vn -0.9438 0.2596 -0.2044
vn -0.6456 -0.1102 -0.7557
vn -0.8355 -0.0788 -0.5438
vn -0.6287 -0.1886 -0.7544
vn 0.4191 -0.7591 -0.4981
vn 0.1816 -0.9633 -0.1974
vn -0.0235 0.1414 -0.9897
vn 0.3700 0.2677 -0.8896
vn 0.2196 0.3529 -0.9095
vn -0.1343 -0.0791 -0.9878
vn 0.9434 0.1730 -0.2830
vn 0.9208 0.2597 0.2911
vn 0.9680 -0.2125 0.1338
vn 0.9377 -0.1891 0.2915
vn -0.9838 -0.1731 -0.0472
vn -0.8114 -0.3545 -0.4647
vn -0.9377 0.0236 -0.3467
vn -0.9838 -0.1732 -0.0473
vn -0.3228 -0.5591 -0.7637
vn 0.4503 0.1185 -0.8850
vn 0.3150 -0.3701 -0.8740
vn 0.4649 -0.3152 -0.8274
vn 0.6455 -0.1103 -0.7557
vn -0.3618 0.8258 -0.4325
vn -0.6389 0.2051 -0.7415
vn -0.6626 0.6863 0.2998
vn -0.4955 0.8495 0.1810
vn -0.8679 0.3392 0.3630
vn -0.9195 0.0157 0.3929
vn -0.9345 0.0863 0.3455
vn 0.9328 -0.3478 0.0949
vn -0.5527 0.1422 -0.8212
vn 0.4014 -0.5508 -0.7318
vn -0.2431 -0.5489 -0.7998
vn 0.9626 0.0395 0.2682
vn -0.9426 0.2200 0.2514
vn -0.8788 0.4707 0.0785
vn 0.2520 -0.5513 -0.7954
vn -0.3383 -0.5821 -0.7394
vn 0.1257 -0.9039 -0.4088
vn -0.0000 -0.6832 -0.7302
vn -0.1726 -0.9101 -0.3766
vn -0.1338 -0.7716 -0.6219
vn 0.0235 -0.9803 -0.1961
vn -0.1726 -0.9101 -0.3767
vn 0.0235 -0.9803 -0.1960
vn -0.3225 -0.9439 0.0708
vn 0.5601 0.8046 0.1973
vn 0.9207 0.2597 0.2911
vn -0.1968 -0.0944 -0.9759
vn -0.1254 -0.3603 -0.9244
vn 0.1340 -0.1026 -0.9857
vn 0.9672 -0.2359 0.0944
vn 0.9518 -0.3068 -0.0000
vn 0.9487 -0.3136 -0.0392
vn 0.5589 -0.2834 -0.7793
vn 0.3691 -0.6990 -0.6125
vn -0.0078 -0.5602 -0.8284
vn 0.0633 -0.7907 -0.6089
vn 0.3465 -0.6143 -0.7089
vn -0.0000 -0.3067 -0.9518
vn 0.0473 -0.6944 -0.7181
vn -0.1654 -0.6934 -0.7013
vn -0.9756 0.2125 0.0551
vn 0.0394 0.8433 -0.5359
vn -0.0870 0.8536 -0.5137
vn 0.1578 0.9706 -0.1815
vn 0.1105 0.9708 -0.2131
vn 0.0867 0.8349 -0.5435
vn -0.6286 -0.7386 -0.2435
vn -0.9614 0.2680 0.0630
vn -0.8546 0.5143 0.0712
vn -0.1898 -0.0553 -0.9803
vn -0.6068 -0.2443 -0.7564
vn -0.3872 -0.2845 -0.8770
vn 0.7731 -0.1183 -0.6232
vn 0.5649 0.3373 -0.7531
vn 0.6456 -0.1102 -0.7557
vn -0.1336 0.9744 -0.1808
vn 0.9672 -0.2359 0.0943
vn 0.9380 -0.3468 -0.0000
vn 0.9670 -0.2516 -0.0393
vn -0.3863 0.5597 -0.7331
vn -0.5132 0.4027 -0.7579
vn 0.3063 -0.4319 -0.8483
vn 0.8532 -0.4424 0.2764
vn 0.9619 -0.1893 0.1971
vn -0.9568 -0.2902 0.0157
vn -0.9353 -0.3537 -0.0078
vn 0.8973 0.0866 0.4328
vn 0.0393 -0.4247 -0.9045
vn -0.5512 -0.6930 -0.4646
vn -0.0786 -0.9667 -0.2437
vn -0.3862 -0.7332 -0.5597
vn 0.7889 -0.4103 -0.4575
vn 0.6789 -0.7341 0.0158
vn -0.8091 0.3614 0.4635
vn -0.0869 0.8535 -0.5137
vn 0.0237 0.7744 -0.6322
vn 0.1893 0.9468 -0.2604
vn 0.0946 0.9542 -0.2839
vn 0.0866 0.8349 -0.5435
vn -0.0156 0.8307 -0.5565
vn 0.0394 0.8433 -0.5360
vn -0.9947 -0.0868 -0.0552
vn -0.9304 0.1183 -0.3469
vn -0.9544 -0.2918 -0.0631
vn -0.9608 -0.2756 -0.0315
vn -0.0157 0.8307 -0.5565
vn -0.1728 0.9193 -0.3536
vn -0.1886 0.9192 -0.3457
vn 0.5888 0.7929 -0.1570
vn 0.3223 0.5031 -0.8018
vn -0.3867 -0.6867 -0.6156
vn 0.1492 -0.3848 -0.9109
vn -0.6870 -0.7265 -0.0158
vn -0.8045 -0.5127 -0.2997
vn -0.7702 -0.6366 -0.0394
vn 0.1105 0.9708 -0.2130
vn 0.0707 0.9974 0.0157
vn -0.0157 -0.2052 -0.9786
vn 0.4581 -0.0869 -0.8847
vn -0.9353 -0.3537 -0.0079
vn 0.1340 -0.1025 -0.9857
vn 0.1022 -0.3776 -0.9203
vn -0.1733 -0.3467 -0.9218
vn -0.9462 -0.3233 0.0158
vn 0.4167 0.9041 0.0944
vn 0.5751 0.7170 0.3939
vn 0.3545 0.4647 -0.8114
vn 0.4589 0.0633 -0.8862
vn 0.4649 -0.3152 -0.8273
vn 0.4006 -0.2278 -0.8875
vn 0.6455 -0.1103 -0.7558
vn 0.0866 0.8350 -0.5435
vn -0.1418 0.9613 -0.2364
vn 0.9680 -0.2125 0.1337
vn 0.9328 -0.3478 0.0948
vn -0.9388 -0.3313 -0.0947
vn -0.1099 0.8008 -0.5888
vn -0.1336 0.9744 -0.1807
vn -0.0710 0.8602 -0.5050
vn -0.7643 -0.4018 -0.5043
vn 0.3230 0.0394 -0.9456
vn -0.0788 0.8901 -0.4490
vn 0.1181 0.8508 -0.5120
vn 0.4584 0.8852 0.0790
vn 0.0710 0.9629 0.2604
vn 0.3544 -0.5040 -0.7876
vn 0.4581 -0.0869 -0.8846
vn 0.9844 -0.0788 -0.1575
vn -0.9462 -0.3232 0.0158
vn -0.9947 -0.0868 -0.0553
vn -0.9840 -0.1338 0.1180
vn -0.0158 -0.1337 -0.9909
vn -0.1339 -0.2441 -0.9605
vn -0.7702 -0.6365 -0.0393
vn -0.6436 -0.7377 -0.2040
vn 0.8586 -0.0236 -0.5120
vn 0.6455 -0.1102 -0.7557
vn -0.0788 0.8901 -0.4489
vn -0.0157 0.8307 -0.5564
vn -0.1885 0.9192 -0.3457
vn -0.6685 -0.2281 -0.7079
vn -0.4080 -0.2745 -0.8707
vn -0.6298 -0.1417 -0.7637
vn -0.2200 -0.2514 -0.9426
vn 0.8820 -0.4646 0.0787
vn -0.1108 -0.6013 -0.7913
vn 0.0078 -0.5121 -0.8589
vn -0.5807 -0.2668 -0.7691
vn -0.4007 -0.7856 -0.4714
vn -0.3079 -0.1500 -0.9395
vn 0.0238 0.7745 -0.6322
vn -0.9530 0.1417 -0.2678
vn -0.9947 -0.0869 -0.0552
vn 0.9379 -0.3468 -0.0000
vn 0.9250 -0.3716 -0.0791
vn -0.5419 0.2278 -0.8090
vn -0.7865 -0.0707 -0.6135
vn 0.4238 -0.2746 -0.8631
vn -0.7691 -0.2669 0.5807
vn 0.8497 0.0157 -0.5271
vn 0.9788 0.1973 -0.0553
vn -0.7517 -0.4464 -0.4854
vn 0.3063 -0.4320 -0.8483
vn 0.8858 -0.3684 0.2823
vn 0.1182 0.8508 -0.5121
vn -0.8703 0.4272 -0.2452
vn 0.4335 -0.1813 -0.8827
vn -0.4956 0.8495 0.1809
vn 0.0157 -0.2830 -0.9590
vn -0.2840 -0.6076 -0.7417
vn -0.0869 0.8536 -0.5137
vn 0.2046 0.7868 -0.5823
vn -0.1338 -0.2441 -0.9605
vn -0.9278 -0.3538 0.1179
vn 0.9250 -0.3716 -0.0790
vn 0.8709 -0.4864 -0.0706
vn 0.6958 0.6485 -0.3087
vn 0.2049 -0.0473 -0.9776
vn -0.4079 -0.1412 -0.9020
vn 0.9282 -0.3618 -0.0865
vn 0.9527 -0.2913 -0.0866
vn 0.9553 -0.1658 -0.2447
vn -0.2048 -0.0631 -0.9768
vn -0.1652 0.1888 -0.9680
vn 0.1737 0.1027 -0.9794
vn -0.3467 -0.0157 -0.9378
vn -0.3467 -0.0158 -0.9378
vn 0.1655 0.0315 -0.9857
vn -0.9150 -0.4022 0.0315
vn -0.8747 -0.4806 -0.0630
vn -0.9388 -0.3313 -0.0946
vn -0.1725 -0.3373 -0.9255
vn 0.8280 -0.5598 0.0315
vn 0.9077 -0.4104 -0.0868
vn 0.1807 -0.2515 -0.9508
vn -0.0000 -0.3068 -0.9518
vn 0.6397 -0.1264 -0.7582
vn 0.6397 -0.1263 -0.7582
vn 0.8187 0.2755 -0.5038
vn 0.3532 -0.1334 -0.9260
vn -0.7517 -0.4464 -0.4855
vn 0.9085 -0.4029 -0.1106
vn 0.9078 -0.4104 -0.0868
vn -0.6067 -0.2442 -0.7564
vn -0.6065 0.2205 -0.7639
vn 0.9967 0.0392 0.0706
vn 0.8165 -0.4160 -0.4004
vn -0.0157 0.8308 -0.5564
vn -0.0471 0.9888 -0.1413
vn 0.0782 0.9437 -0.3214
vn -0.8283 -0.5600 -0.0158
vn -0.9150 -0.4023 0.0315
vn 0.9788 0.1974 -0.0552
vn 0.7953 0.6062 -0.0000
vn -0.9054 -0.4172 -0.0787
vn -0.9228 -0.3786 -0.0709
vn -0.9542 -0.2839 -0.0946
vn -0.5288 -0.4262 -0.7340
vn 0.3855 -0.3777 -0.8419
vn -0.6069 -0.1025 -0.7882
vn 0.0316 -0.2369 -0.9710
vn 0.2605 0.9318 -0.2527
vn 0.0946 0.9542 -0.2838
vn 0.1964 -0.4479 -0.8722
vn -0.1970 -0.4098 -0.8906
vn -0.0472 -0.1808 -0.9824
vn 0.5433 0.7717 0.3307
vn 0.5601 0.8046 0.1972
vn -0.9607 -0.2756 -0.0315
vn -0.8625 -0.4861 0.1411
vn -0.9542 -0.2838 -0.0946
vn -0.9228 -0.3786 -0.0710
vn -0.9633 -0.1106 -0.2447
vn 0.2606 0.9318 -0.2527
vn 0.2369 0.9714 -0.0158
vn 0.3852 0.9119 -0.1415
vn -0.9082 -0.4185 -0.0079
vn -0.9530 0.1418 -0.2677
vn -0.9619 -0.1892 -0.1971
vn -0.9515 0.1651 -0.2595
vn -0.3703 0.9061 -0.2048
vn -0.2755 0.9602 -0.0472
vn -0.4579 -0.7421 -0.4895
vn -0.5668 -0.5904 -0.5746
vn -0.5349 -0.7708 -0.3460
vn 0.7287 -0.3995 -0.5562
vn 0.7499 -0.6236 -0.2210
vn 0.8262 -0.5114 -0.2361
vn 0.1186 -0.2686 -0.9559
vn -0.3237 0.2921 -0.9000
vn 0.1263 0.4182 -0.8995
vn -0.0710 0.8601 -0.5051
vn 0.5975 -0.5976 -0.5347
vn 0.3231 -0.7801 -0.5358
vn 0.4951 -0.7937 -0.3536
vn -0.9049 -0.4013 -0.1416
vn -0.8754 -0.4259 -0.2287
vn -0.8959 -0.4323 -0.1021
vn 0.8262 -0.5115 -0.2361
vn 0.8797 -0.4398 -0.1807
vn 0.8118 -0.4965 -0.3074
vn 0.8797 -0.4398 -0.1806
vn 0.5348 0.5270 -0.6605
vn 0.7731 -0.1184 -0.6232
vn -0.6938 -0.7174 -0.0631
vn -0.7637 -0.6298 -0.1417
vn 0.0395 -0.7105 -0.7026
vn -0.2127 -0.5200 -0.8272
vn 0.0158 -0.7417 -0.6706
vn -0.0079 -0.6871 -0.7265
vn 0.1645 -0.6817 -0.7129
vn 0.0370 -0.7108 -0.7024
vn 0.7286 -0.3996 -0.5563
vn 0.9327 -0.3478 0.0949
vn 0.8853 -0.3917 -0.2507
vn 0.7240 -0.3698 -0.5823
vn 0.7268 -0.5925 -0.3475
vn -0.1262 -0.4810 -0.8676
vn 0.1417 -0.4490 -0.8822
vn 0.0395 0.5060 -0.8616
vn 0.7119 -0.6487 -0.2690
vn 0.5963 -0.7453 -0.2982
vn 0.7309 -0.6759 -0.0943
vn 0.7268 -0.5925 -0.3476
vn 0.5976 -0.5976 -0.5346
vn 0.4951 -0.7936 -0.3536
vn 0.9115 -0.1965 -0.3614
vn 0.9223 -0.3705 -0.1103
vn 0.9282 -0.3619 -0.0865
vn -0.7801 -0.5988 -0.1812
vn -0.7488 -0.5990 -0.2838
vn -0.8418 -0.5113 -0.1731
vn 0.8741 -0.4567 -0.1653
vn 0.9223 -0.3705 -0.1104
vn 0.1335 -0.3299 -0.9345
vn 0.0706 0.9974 0.0157
vn -0.1335 0.9744 -0.1807
vn 0.8481 -0.1099 -0.5183
vn 0.2837 0.1576 -0.9459
vn -0.9303 -0.1577 -0.3311
vn -0.8960 -0.4322 -0.1021
vn -0.8990 -0.1025 -0.4258
vn 0.5975 -0.5976 -0.5346
vn 0.7267 -0.5925 -0.3476
vn 0.7240 -0.3699 -0.5823
vn -0.5668 -0.5904 -0.5747
vn -0.6941 -0.4102 -0.5916
vn -0.5349 -0.7708 -0.3461
vn 0.9115 -0.1964 -0.3614
vn -0.8832 -0.4416 -0.1577
vn -0.9387 -0.3313 -0.0947
vn -0.7809 -0.4969 -0.3786
vn 0.2607 0.3870 -0.8845
vn 0.6149 0.1577 -0.7726
vn -0.3470 0.9304 0.1183
vn -0.6371 0.7473 0.1888
vn 0.8690 0.3871 0.3082
vn -0.3783 0.9223 -0.0789
vn -0.2364 0.9613 -0.1419
vn -0.4237 0.8553 -0.2982
vn -0.8283 -0.5601 -0.0158
vn -0.8746 -0.4807 -0.0630
vn -0.7716 -0.5117 -0.3779
vn 0.9788 0.1974 -0.0553
vn 0.7309 0.5580 -0.3929
vn -0.9155 -0.3946 -0.0789
vn -0.9544 -0.2919 -0.0631
vn -0.9387 -0.3314 -0.0947
vn -0.9054 -0.4173 -0.0787
vn 0.7499 -0.6235 -0.2210
vn 0.7286 -0.3995 -0.5563
vn 0.6127 -0.6284 -0.4792
vn 0.0947 0.9542 -0.2839
vn 0.1894 0.9468 -0.2604
vn 0.1338 0.9520 0.2753
vn 0.0393 0.9989 -0.0236
vn 0.8709 -0.4864 -0.0707
vn 0.7120 -0.6487 -0.2690
vn 0.8280 -0.5599 0.0315
vn 0.9077 -0.4105 -0.0869
vn 0.9282 -0.3619 -0.0866
vn 0.8741 -0.4567 -0.1654
vn 0.9077 -0.4105 -0.0868
vn 0.3231 -0.5358 -0.7801
vn 0.7478 0.1180 -0.6534
vn 0.6449 -0.7628 0.0471
vn 0.8352 -0.4965 -0.2364
vn 0.9257 -0.3640 0.1028
vn 0.7329 -0.6619 0.1575
vn -0.9278 -0.3539 0.1180
vn -0.9438 0.2596 -0.2045
vn -0.9743 0.1965 0.1099
vn 0.9189 0.2906 -0.2670
vn 0.9844 -0.0787 -0.1575
vn 0.9439 0.0708 -0.3224
vn -0.9633 -0.1105 -0.2447
vn -0.7049 -0.4856 -0.5170
vn -0.6069 -0.1025 -0.7881
vn 0.0237 -0.6538 -0.7563
vn 0.2048 -0.8034 -0.5592
vn 0.3230 -0.7801 -0.5358
vn -0.8959 -0.4323 -0.1022
vn -0.9228 -0.3787 -0.0710
vn 0.8797 -0.4399 -0.1806
vn 0.8741 -0.4568 -0.1653
vn 0.4019 0.9140 0.0552
vn 0.4167 0.9041 0.0943
vn 0.5839 0.7339 0.3472
vn -0.8085 0.0942 -0.5809
vn -0.6067 0.1891 -0.7721
vn -0.9438 0.2595 -0.2045
vn 0.7707 -0.6213 -0.1415
vn 0.7329 -0.6619 0.1576
vn 0.6305 -0.5832 -0.5123
vn 0.8117 -0.4965 -0.3074
vn 0.9210 0.3778 0.0945
vn 0.9611 0.0158 0.2757
vn 0.7955 0.5355 0.2835
vn 0.7776 -0.4712 -0.4163
vn 0.7776 -0.4713 -0.4162
vn 0.7268 -0.5924 -0.3476
vn -0.7715 -0.5118 -0.3779
vn 0.4258 -0.3469 -0.8357
vn -0.3064 -0.6285 -0.7149
vn -0.1963 -0.8011 -0.5654
vn -0.1026 -0.6629 -0.7417
vn 0.4335 -0.1814 -0.8827
vn 0.4173 -0.5590 -0.7165
vn 0.0316 -0.8673 -0.4967
vn -0.3229 -0.5590 -0.7637
vn 0.4950 -0.7937 -0.3536
vn -0.9633 -0.1106 -0.2448
vn -0.8195 -0.4886 -0.2994
vn -0.8580 -0.4959 -0.1338
vn -0.1262 -0.4811 -0.8675
vn 0.7776 -0.4713 -0.4163
vn 0.7651 -0.5521 -0.3313
vn 0.9261 -0.2669 0.2669
vn 0.8532 -0.4424 0.2765
vn 0.7332 -0.5597 0.3863
vn -0.5036 0.6453 -0.5745
vn 0.9487 -0.3137 -0.0393
vn 0.9085 -0.4029 -0.1107
vn 0.0474 -0.6944 -0.7181
vn -0.3925 -0.4082 -0.8242
vn -0.8196 -0.4885 -0.2994
vn -0.9049 -0.4013 -0.1417
vn -0.9155 -0.3946 -0.0790
vn 0.8273 -0.5436 -0.1418
vn 0.7651 -0.5521 -0.3312
vn -0.5117 -0.3937 -0.7636
vn -0.7808 -0.4969 -0.3786
vn -0.7809 -0.4969 -0.3785
vn 0.2045 0.7868 -0.5823
vn -0.0158 0.1656 -0.9861
vn -0.0787 0.8901 -0.4490
vn -0.1729 0.9193 -0.3535
vn -0.1099 0.8007 -0.5888
vn -0.0788 0.8900 -0.4490
vn -0.1419 0.9613 -0.2363
vn -0.5059 0.6450 -0.5728
vn 0.5821 0.7395 -0.3382
vn 0.9487 -0.3137 -0.0392
vn 0.8797 -0.4399 -0.1807
vn 0.8741 -0.4568 -0.1654
vn 0.9553 -0.1659 -0.2448
vn 0.1423 -0.0554 -0.9883
vn -0.5117 -0.3936 -0.7637
vn -0.4341 -0.4341 -0.7894
vn -0.4815 -0.6078 -0.6315
vn 0.4257 -0.3469 -0.8357
vn 0.6304 -0.5832 -0.5123
vn 0.4157 -0.6509 -0.6352
vn -0.1026 -0.6628 -0.7417
vn 0.0236 -0.6539 -0.7562
vn 0.1025 0.7564 -0.6460
vn 0.6477 0.7267 -0.2291
vn 0.0157 -0.8643 -0.5028
vn -0.0945 -0.7955 -0.5986
vn -0.0395 -0.4182 -0.9075
vn 0.4628 -0.7608 -0.4550
vn 0.4624 -0.8778 -0.1254
vn 0.5963 -0.7454 -0.2982
vn -0.2994 -0.7092 -0.6383
vn 0.7651 -0.5522 -0.3313
vn 0.6305 -0.5832 -0.5122
vn -0.7865 -0.0708 -0.6135
vn -0.3397 -0.5452 -0.7664
vn -0.1574 -0.5748 -0.8030
vn -0.3863 -0.7332 -0.5597
vn 0.1023 -0.1966 -0.9751
vn 0.7421 -0.5685 -0.3552
vn 0.6789 -0.7341 0.0157
vn 0.7889 -0.4102 -0.4575
vn 0.0629 -0.4558 -0.8879
vn 0.1646 -0.6816 -0.7129
vn 0.3541 -0.4801 -0.8026
vn -0.5266 -0.2593 -0.8096
vn 0.9527 -0.2914 -0.0866
vn 0.1885 -0.9740 -0.1256
vn 0.3539 -0.8808 -0.3146
vn 0.6128 -0.6284 -0.4791
vn 0.4257 -0.3468 -0.8357
vn 0.2997 -0.6863 -0.6626
vn -0.9426 0.2199 0.2513
vn -0.8914 0.3865 -0.2366
vn -0.9670 -0.0393 -0.2515
vn 0.1102 -0.3541 -0.9287
vn 0.2684 -0.0237 -0.9630
vn 0.4005 -0.2278 -0.8875
vn 0.2204 -0.4643 -0.8578
vn 0.1099 -0.3610 -0.9260
vn 0.3149 -0.3701 -0.8740
vn -0.0393 0.0472 -0.9981
vn 0.3148 -0.0944 -0.9445
vn 0.3148 -0.0945 -0.9444
vn 0.8820 -0.4646 0.0788
vn 0.8415 -0.5033 0.1966
vn -0.1964 -0.8011 -0.5655
vn -0.5348 -0.7708 -0.3461
vn -0.6606 -0.5348 -0.5269
vn -0.8195 -0.4886 -0.2995
vn -0.5612 -0.7272 -0.3952
vn -0.5740 -0.6133 -0.5425
vn -0.2041 -0.8708 -0.4472
vn 0.0472 -0.7628 -0.6449
vn 0.3231 0.0394 -0.9456
vn 0.3700 0.2676 -0.8896
vn 0.2996 0.0157 -0.9539
vn 0.2196 0.3529 -0.9096
vn 0.3701 0.2677 -0.8896
vn 0.0632 -0.7907 -0.6089
vn -0.0079 -0.5602 -0.8283
vn 0.5821 0.7395 -0.3383
vn 0.6208 0.5736 -0.5343
vn 0.0315 -0.8673 -0.4967
vn 0.7478 0.1181 -0.6533
vn -0.5850 -0.8063 -0.0870
vn -0.5926 -0.7506 -0.2923
vn 0.8460 -0.1423 -0.5139
vn 0.8853 -0.3918 -0.2507
vn 0.5447 -0.4579 -0.7026
vn -0.2441 -0.4803 -0.8425
vn -0.5117 -0.3937 -0.7637
vn 0.5584 -0.7078 -0.4326
vn 0.4401 0.5107 -0.7386
vn 0.6149 0.1577 -0.7727
vn -0.1263 0.9550 0.2683
vn 0.1264 0.9721 0.1976
vn -0.0471 0.9889 -0.1412
vn 0.1264 0.9721 0.1975
vn 0.0786 0.9434 -0.3223
vn -0.0471 0.9889 -0.1413
vn 0.0237 0.7745 -0.6322
vn -0.1962 0.9574 0.2119
vn -0.2363 0.9613 -0.1418
vn -0.2434 0.9661 0.0864
vn -0.5975 0.8019 -0.0000
vn -0.8546 0.5144 0.0712
vn -0.6626 0.6863 0.2997
vn -0.1574 -0.5747 -0.8031
vn -0.5420 0.2277 -0.8090
vn -0.9619 -0.1893 -0.1971
vn -0.9462 -0.3233 0.0157
vn 0.1021 -0.7304 -0.6754
vn 0.2047 -0.8034 -0.5592
vn -0.1963 -0.8011 -0.5655
vn -0.5063 -0.5300 -0.6803
vn -0.7715 -0.5118 -0.3780
vn 0.3859 -0.5906 -0.7087
vn 0.4950 -0.7936 -0.3536
vn 0.2048 -0.8033 -0.5592
vn 0.4156 -0.6509 -0.6353
vn 0.2050 -0.4966 -0.8434
vn -0.2760 -0.7253 -0.6307
vn -0.5740 -0.6133 -0.5426
vn 0.7502 0.1342 -0.6475
vn 0.1814 -0.3393 -0.9230
vn -0.2513 -0.2514 -0.9347
vn -0.0079 -0.5601 -0.8284
vn 0.3465 -0.6144 -0.7089
vn 0.0157 -0.2829 -0.9590
vn -0.1254 -0.0863 -0.9883
vn -0.1255 -0.0863 -0.9883
vn -0.2276 0.3453 -0.9105
vn 0.7707 -0.6213 -0.1416
vn -0.6069 -0.1024 -0.7881
vn -0.2198 -0.3691 -0.9030
vn -0.3871 -0.2845 -0.8770
vn 0.0943 -0.4007 -0.9114
vn -0.0394 -0.4182 -0.9075
vn 0.5032 -0.4481 -0.7389
vn 0.5584 -0.7079 -0.4325
vn 0.7775 -0.4713 -0.4163
vn -0.5062 -0.5301 -0.6803
vn -0.3640 -0.6094 -0.7043
vn -0.1964 -0.8010 -0.5655
vn -0.1415 -0.7232 -0.6760
vn -0.5118 -0.3936 -0.7636
vn 0.4951 -0.7936 -0.3537
vn -0.2441 -0.4803 -0.8424
vn -0.2435 0.9661 0.0864
vn -0.3783 0.9223 -0.0788
vn 0.8133 0.5528 0.1816
vn 0.7952 0.6063 -0.0000
vn 0.6304 -0.5832 -0.5122
vn 0.5584 -0.7079 -0.4326
vn 0.2049 -0.4966 -0.8434
vn 0.2998 -0.6863 -0.6627
vn 0.1259 -0.6693 -0.7323
vn 0.2997 -0.6863 -0.6627
vn 0.2049 -0.4966 -0.8435
vn 0.1260 -0.6693 -0.7323
vn -0.0079 -0.4025 -0.9154
vn 0.4557 0.8879 0.0629
vn 0.5752 0.7170 0.3939
vn 0.9415 -0.3060 -0.1412
vn 0.6776 -0.5121 -0.5279
vn 0.8601 0.0710 -0.5051
vn -0.4640 -0.2517 -0.8493
vn -0.6455 -0.1102 -0.7558
vn -0.3946 -0.3235 -0.8600
vn -0.2919 0.0631 -0.9544
vn -0.4322 -0.1571 -0.8880
vn -0.2039 -0.4157 -0.8864
vn -0.1575 -0.0788 -0.9844
vn -0.4322 -0.1572 -0.8880
vn -0.7637 -0.6299 -0.1418
vn -0.0868 -0.5526 -0.8289
vn 0.0158 -0.7416 -0.6706
vn 0.1891 -0.7326 -0.6539
vn 0.0079 -0.7491 -0.6624
vn 0.1891 -0.7326 -0.6538
vn 0.4156 -0.6510 -0.6352
vn 0.3776 -0.8102 -0.4484
vn -0.6606 -0.5347 -0.5269
vn -0.7715 -0.5117 -0.3779
vn -0.8195 -0.4885 -0.2995
vn -0.2759 -0.7253 -0.6307
vn -0.2440 -0.4803 -0.8425
vn -0.2052 -0.7341 -0.6473
vn -0.0079 -0.4024 -0.9154
vn 0.0078 -0.7491 -0.6624
vn 0.6155 0.6472 0.4498
vn -0.8740 -0.3700 -0.3150
vn -0.8702 0.4273 -0.2452
vn -0.6168 0.7275 -0.3005
vn -0.1882 -0.7923 -0.5804
vn 0.8353 -0.4965 -0.2364
vn 0.6449 -0.7628 0.0472
vn 0.9260 -0.2669 0.2669
vn 0.9257 -0.3640 0.1029
vn 0.8602 0.0710 -0.5051
vn -0.1729 0.9193 -0.3536
vn -0.2364 0.9612 -0.1418
vn -0.6924 0.6531 -0.3068
vn -0.2053 -0.7341 -0.6473
vn -0.2440 -0.4802 -0.8425
vn -0.0710 0.8602 -0.5051
vn 0.1262 0.4182 -0.8995
vn -0.1734 0.1734 -0.9695
vn 0.3858 -0.5906 -0.7087
vn 0.1021 -0.7303 -0.6754
vn 0.2130 -0.7179 -0.6627
vn -0.4626 -0.6900 -0.5567
vn -0.3930 0.9194 -0.0157
vn -0.3786 0.9228 0.0710
vn 0.5527 0.1421 -0.8211
vn -0.3389 0.1419 -0.9300
vn -0.2591 0.9657 -0.0158
vn -0.2364 0.9613 -0.1418
vn 0.2130 -0.7180 -0.6627
vn 0.3776 -0.8102 -0.4483
vn -0.5663 0.7551 0.3303
vn -0.2438 -0.7314 -0.6369
vn -0.6060 0.0315 -0.7949
vn -0.4029 -0.1106 -0.9085
vn -0.6060 0.0315 -0.7948
vn -0.1886 -0.2123 -0.9588
vn 0.7484 -0.5278 -0.4018
vn 0.5832 -0.7014 -0.4098
vn -0.9278 -0.3539 0.1179
vn -0.9082 -0.4186 -0.0079
vn 0.1341 -0.2681 -0.9540
vn 0.5040 -0.3544 -0.7876
vn 0.8262 -0.5115 -0.2360
vn 0.8709 -0.4865 -0.0706
vn 0.7120 -0.6487 -0.2689
vn 0.8708 -0.4865 -0.0706
vn 0.7010 -0.7088 -0.0788
vn -0.3641 -0.6094 -0.7043
vn -0.4626 -0.6899 -0.5567
vn 0.9188 0.2906 -0.2670
vn -0.8418 -0.5114 -0.1730
vn -0.9387 -0.3314 -0.0946
vn -0.4573 -0.8594 -0.2287
vn -0.2908 -0.9273 -0.2358
vn -0.3869 -0.8370 -0.3869
vn -0.0395 -0.7670 -0.6405
vn 0.1890 -0.7326 -0.6538
vn -0.1497 -0.5755 -0.8040
vn -0.5850 -0.8064 -0.0870
vn -0.3869 -0.8370 -0.3870
vn -0.1898 -0.0554 -0.9803
vn -0.1968 -0.0945 -0.9759
vn 0.9009 0.4267 0.0791
vn -0.9228 -0.3786 0.0709
vn -0.8624 -0.4861 0.1411
vn 0.2993 0.8978 -0.3229
vn 0.1265 0.9721 0.1975
vn 0.1893 0.9468 -0.2603
vn -0.9303 -0.1577 -0.3312
vn -0.8582 0.1811 -0.4803
vn -0.8990 -0.1026 -0.4258
vn -0.8960 -0.4322 -0.1022
vn -0.8754 -0.4258 -0.2287
vn -0.8990 -0.1025 -0.4259
vn -0.9530 0.1418 -0.2678
vn 0.5031 -0.4481 -0.7390
vn 0.2131 -0.7179 -0.6627
vn -0.1498 -0.5754 -0.8040
vn -0.3640 -0.6094 -0.7044
vn 0.0079 -0.7492 -0.6623
vn -0.2438 -0.7314 -0.6370
vn 0.5424 0.8253 -0.1572
vn -0.5587 -0.0709 -0.8263
vn 0.1258 -0.9040 -0.4087
vn 0.2994 -0.8196 -0.4885
vn 0.4338 -0.8993 0.0552
vn -0.9620 -0.1892 -0.1971
vn -0.9633 -0.1105 -0.2448
vn 0.5921 0.6790 0.4341
vn 0.9439 0.0708 -0.3225
vn -0.3397 -0.5451 -0.7664
vn -0.1971 -0.4098 -0.8906
vn -0.2438 -0.7313 -0.6370
vn -0.0395 -0.7670 -0.6404
vn -0.2437 -0.7314 -0.6370
vn 0.0236 -0.9803 -0.1961
vn 0.4339 -0.8993 0.0552
vn 0.0786 0.9433 -0.3224
vn 0.1894 0.9467 -0.2604
vn 0.1894 0.9468 -0.2603
vn 0.2370 0.9714 -0.0158
vn 0.3298 0.9266 0.1806
vn -0.8259 0.2831 -0.4876
vn -0.3468 -0.0158 -0.9378
vn 0.1656 -0.3866 -0.9073
vn -0.5926 -0.7506 -0.2924
vn 0.6693 -0.1969 -0.7165
vn 0.8084 -0.0079 -0.5886
vn 0.5435 -0.2678 -0.7955
vn 0.6437 -0.1334 -0.7535
vn -0.9415 0.1413 -0.3060
vn -0.8086 0.0942 -0.5808
vn 0.4032 -0.8616 -0.3083
vn 0.5963 -0.7454 -0.2981
vn -0.1497 -0.5754 -0.8040
vn -0.3641 -0.6094 -0.7044
vn 0.4237 -0.2746 -0.8632
vn 0.4628 -0.7608 -0.4549
vn -0.4640 -0.2516 -0.8493
vn -0.4323 -0.1572 -0.8879
vn -0.4640 -0.2516 -0.8494
vn -0.0945 0.9210 0.3778
vn -0.2198 0.9735 0.0629
vn 0.9944 -0.1026 0.0236
vn 0.3231 -0.7800 -0.5358
vn 0.4492 -0.4493 -0.7723
vn 0.1812 -0.5671 -0.8034
vn 0.5976 -0.5975 -0.5347
vn 0.4492 -0.4492 -0.7723
vn -0.4341 -0.4342 -0.7893
vn -0.5118 -0.3937 -0.7636
vn -0.7487 -0.5991 -0.2838
vn -0.1883 -0.7922 -0.5805
vn 0.2838 0.1577 -0.9458
vn 0.4013 -0.5508 -0.7318
vn -0.5206 0.7652 0.3786
vn -0.3862 0.9221 0.0237
vn -0.3929 0.9194 -0.0157
vn -0.5197 0.8032 0.2913
vn 0.1885 0.9821 -0.0000
vn 0.1416 0.9049 0.4013
vn -0.1104 -0.0315 -0.9934
vn 0.1650 -0.0865 -0.9825
vn -0.7400 -0.6298 0.2362
vn -0.9150 -0.4023 0.0316
vn -0.7468 -0.5581 0.3616
vn 0.8536 0.4821 0.1976
vn 0.5375 -0.7273 -0.4268
vn 0.1817 -0.9633 -0.1974
vn 0.2439 -0.8966 -0.3697
vn 0.1341 -0.1026 -0.9857
vn -0.4168 -0.7864 -0.4560
vn 0.5433 0.7717 0.3306
vn 0.0628 -0.4558 -0.8879
vn 0.1645 -0.6816 -0.7130
vn 0.6449 -0.7629 0.0472
vn 0.1885 -0.9740 -0.1257
vn 0.4627 -0.7608 -0.4549
vn 0.4031 -0.8616 -0.3083
vn -0.7312 -0.6133 -0.2987
vn -0.6450 -0.7551 0.1179
vn -0.6784 0.0395 -0.7336
vn -0.7501 0.2605 -0.6079
vn -0.8173 0.0550 -0.5736
vn -0.7488 -0.5990 -0.2837
vn 0.0315 0.9536 0.2994
vn 0.3628 0.9306 0.0474
vn 0.3627 0.9307 0.0473
vn -0.0157 0.9378 0.3467
vn 0.9314 0.3315 0.1500
vn 0.7723 -0.4571 0.4413
vn -0.7400 -0.6298 0.2361
vn -0.8703 0.4272 -0.2453
vn -0.6613 -0.4724 -0.5827
vn -0.5768 -0.6084 -0.5452
vn -0.5046 -0.1420 -0.8516
vn 0.0709 -0.8263 -0.5588
vn -0.1413 -0.0393 -0.9892
vn -0.1971 -0.3312 -0.9227
vn -0.1972 -0.3312 -0.9227
vn -0.4079 -0.2745 -0.8708
vn -0.4079 -0.1412 -0.9021
vn 0.4627 -0.7609 -0.4549
vn 0.7841 0.2744 -0.5566
vn 0.9003 0.0869 -0.4264
vn 0.9003 0.0868 -0.4264
vn 0.9553 -0.1658 -0.2448
vn 0.9189 0.2905 -0.2670
vn 0.9003 0.0868 -0.4265
vn 0.9115 -0.1964 -0.3615
vn 0.2289 -0.3314 -0.9153
vn 0.3541 -0.4800 -0.8026
vn 0.3937 -0.4174 -0.8190
vn -0.1411 -0.3528 -0.9250
vn 0.1499 -0.4579 -0.8763
vn 0.7585 -0.5609 0.3318
vn 0.8820 -0.4647 0.0788
vn -0.2591 0.9657 -0.0157
vn -0.1336 0.9196 0.3694
vn -0.0158 0.1657 -0.9861
vn 0.0236 -0.1809 -0.9832
vn -0.6761 -0.5661 -0.4717
vn -0.5522 -0.0946 -0.8283
vn 0.0236 -0.6538 -0.7563
vn 0.1811 -0.5671 -0.8035
vn -0.1423 0.8931 -0.4268
vn 0.0471 -0.7628 -0.6449
vn -0.1970 -0.4099 -0.8906
vn 0.3149 -0.0945 -0.9444
vn 0.7501 0.1342 -0.6475
vn 0.3625 0.2994 -0.8826
vn 0.3148 -0.0944 -0.9444
vn 0.3934 -0.1101 -0.9127
vn 0.4006 -0.2277 -0.8875
vn -0.2200 -0.2513 -0.9426
vn -0.0315 0.8585 0.5119
vn 0.7119 -0.6487 -0.2689
vn 0.7009 -0.7089 -0.0788
vn 0.6127 -0.6285 -0.4791
vn 0.1646 -0.6816 -0.7130
vn 0.1812 -0.5671 -0.8035
vn -0.7488 -0.5991 -0.2837
vn -0.7636 -0.6299 -0.1417
vn -0.9111 0.3927 -0.1257
vn -0.3137 0.3607 -0.8783
vn -0.5499 -0.7149 -0.4320
vn -0.5129 -0.2762 -0.8128
vn 0.8587 -0.0236 -0.5120
vn 0.9434 0.1730 -0.2831
vn -0.4561 -0.3853 -0.8022
vn -0.4173 -0.5274 -0.7401
vn -0.1726 -0.3373 -0.9255
vn -0.0869 -0.5526 -0.8289
vn -0.3790 -0.4265 -0.8213
vn -0.2127 -0.5200 -0.8273
vn -0.1335 -0.3299 -0.9345
vn 0.3153 -0.5282 -0.7884
vn -0.8786 0.4629 -0.1177
vn 0.9574 0.2119 0.1961
vn 0.1734 0.9303 0.3232
vn -0.7656 -0.6394 -0.0710
vn -0.5063 -0.5299 -0.6803
vn -0.3931 -0.1179 -0.9119
vn -0.6455 -0.1102 -0.7557
vn 0.7868 0.5823 -0.2046
vn -0.4640 0.8493 0.2516
vn -0.6686 -0.2281 -0.7078
vn -0.6784 0.0394 -0.7336
vn -0.5509 -0.2990 -0.7792
vn -0.6941 -0.4101 -0.5916
vn -0.6784 0.0394 -0.7337
vn -0.5509 -0.2991 -0.7791
vn 0.5447 -0.4578 -0.7026
vn 0.0316 -0.2052 -0.9782
vn 0.8531 -0.4424 0.2765
vn 0.1651 -0.0864 -0.9825
vn 0.8481 -0.1100 -0.5183
vn 0.9611 0.0158 0.2758
vn 0.7955 0.5355 0.2836
vn 0.5745 -0.3148 -0.7556
vn -0.3630 0.3945 -0.8442
vn -0.9005 -0.3950 0.1817
vn -0.3452 -0.5492 -0.7611
vn -0.1733 -0.7879 -0.5910
vn -0.4634 -0.3614 -0.8091
vn 0.4564 0.0315 -0.8892
vn 0.4262 -0.1500 -0.8921
vn 0.0315 -0.1656 -0.9857
vn 0.0393 -0.1732 -0.9841
vn -0.4005 -0.6518 -0.6440
vn 0.0628 -0.0314 -0.9975
vn -0.3469 0.9304 0.1183
vn -0.4167 -0.7863 -0.4561
vn -0.0552 -0.9548 -0.2920
vn 0.5435 -0.2679 -0.7955
vn 0.3938 -0.4174 -0.8190
vn -0.8086 0.5024 -0.3062
vn -0.9515 0.1651 -0.2596
vn -0.1101 0.3935 -0.9127
vn 0.0159 0.1026 -0.9946
vn 0.2520 -0.5512 -0.7954
vn 0.5966 -0.8007 0.0549
vn 0.9212 -0.3308 0.2047
vn 0.8531 -0.4424 0.2764
vn -0.2509 -0.5333 -0.8079
vn -0.1253 -0.3604 -0.9243
vn -0.0711 -0.3555 -0.9320
vn 0.6528 0.5662 -0.5033
vn -0.8086 0.5024 -0.3061
vn -0.9515 0.1652 -0.2595
vn -0.1099 -0.2668 -0.9575
vn 0.5888 0.7929 -0.1571
vn 0.3223 0.5031 -0.8019
vn 0.9059 0.4175 -0.0709
vn -0.3924 -0.4082 -0.8242
vn 0.8414 -0.5033 0.1966
vn 0.7075 -0.6289 0.3223
vn 0.7584 -0.5609 0.3318
vn 0.8459 -0.1423 -0.5139
vn 0.6693 -0.1968 -0.7165
vn 0.8084 -0.0078 -0.5886
vn 0.7841 0.2744 -0.5567
vn 0.5842 0.1026 -0.8051
vn 0.1260 -0.6693 -0.7322
vn -0.5925 -0.7506 -0.2923
vn -0.2674 -0.0866 -0.9597
vn 0.1260 -0.2995 -0.9457
vn 0.7010 -0.7088 -0.0787
vn -0.3228 -0.0551 -0.9449
vn -0.2990 -0.5037 -0.8105
vn -0.3791 -0.4264 -0.8213
vn -0.2990 -0.5036 -0.8105
vn -0.1099 -0.2669 -0.9575
vn -0.3228 -0.0552 -0.9448
vn -0.1883 -0.7923 -0.5804
vn -0.0868 -0.8289 -0.5526
vn -0.1886 -0.2122 -0.9589
vn -0.3236 -0.2052 -0.9237
vn -0.0943 -0.2043 -0.9744
vn 0.3149 -0.3700 -0.8740
vn -0.6539 -0.7326 0.1891
vn -0.8283 -0.5601 -0.0157
vn 0.1417 0.9049 0.4013
vn 0.4031 -0.8617 -0.3083
vn 0.6127 -0.6285 -0.4792
vn 0.1496 -0.6376 -0.7557
vn 0.0079 -0.5121 -0.8589
vn 0.8460 -0.1422 -0.5139
vn 0.5975 -0.5975 -0.5347
vn 0.6692 -0.1969 -0.7165
vn 0.5435 -0.2678 -0.7956
vn 0.5986 -0.5967 -0.5344
vn -0.9304 0.1182 -0.3469
vn -0.9947 -0.0869 -0.0553
vn 0.6611 -0.7240 0.1968
vn 0.8280 -0.5599 0.0316
vn 0.9003 0.0869 -0.4265
vn -0.3946 -0.3235 -0.8601
vn -0.3870 -0.8370 -0.3869
vn 0.6009 -0.7196 -0.3479
vn 0.3661 -0.6959 -0.6178
vn -0.3785 0.2207 -0.8989
vn 0.5963 -0.7453 -0.2981
vn 0.6611 -0.7241 0.1967
vn 0.2993 0.8979 -0.3229
vn 0.5359 0.8433 0.0394
vn -0.1575 0.9217 0.3544
vn -0.7637 -0.6299 -0.1417
vn -0.7801 -0.5989 -0.1812
vn 0.3793 -0.0395 -0.9244
vn 0.2288 -0.3315 -0.9153
vn -0.8582 0.1810 -0.4803
vn 0.7009 -0.7089 -0.0787
vn 0.5041 -0.3544 -0.7876
vn 0.1808 -0.2515 -0.9508
vn 0.3698 -0.8417 -0.3934
vn 0.2038 -0.3214 -0.9248
vn 0.3698 -0.8418 -0.3934
vn -0.8418 -0.5114 -0.1731
vn 0.0786 -0.3458 -0.9350
vn 0.1495 -0.6376 -0.7557
vn 0.4968 -0.0237 -0.8675
vn 0.2046 0.7869 -0.5822
vn -0.9304 0.1182 -0.3470
vn -0.7483 0.4490 -0.4883
vn -0.5201 -0.0710 -0.8511
vn -0.3157 -0.0553 -0.9472
vn 0.1337 -0.0315 -0.9905
vn 0.7328 -0.6619 0.1576
vn 0.2053 0.9715 0.1185
vn 0.0865 0.8814 0.4643
vn -0.0158 0.9378 0.3468
vn -0.5132 0.4026 -0.7580
vn -0.8624 -0.4861 0.1412
vn 0.3935 -0.1101 -0.9127
vn 0.5027 -0.2827 -0.8169
vn -0.1570 -0.1649 -0.9737
vn 0.1338 -0.6928 -0.7086
vn 0.2911 -0.2597 -0.9208
vn -0.5509 -0.2991 -0.7792
vn -0.5266 -0.2594 -0.8096
vn 0.0549 -0.9723 0.2273
vn 0.0549 -0.9723 0.2274
vn -0.6435 -0.7377 -0.2040
vn -0.8419 0.3855 -0.3777
vn -0.6923 0.6531 -0.3069
vn -0.4238 0.8553 -0.2982
vn 0.6208 0.5736 -0.5344
vn 0.4969 -0.0237 -0.8675
vn -0.6067 -0.2443 -0.7565
vn -0.5499 -0.7148 -0.4320
vn -0.6750 -0.6435 0.3610
vn 0.5597 -0.6386 -0.5282
vn 0.3070 -0.6690 -0.6769
vn -0.9426 0.2199 0.2514
vn -0.9708 -0.1104 0.2131
vn -0.5209 -0.8286 0.2052
vn 0.2595 -0.6214 -0.7393
vn 0.0943 -0.4006 -0.9114
vn 0.0157 -0.8642 -0.5028
vn -0.0079 -0.6870 -0.7266
vn 0.0629 -0.4557 -0.8879
vn -0.1026 -0.6628 -0.7418
vn -0.3064 -0.6285 -0.7150
vn -0.2754 0.9602 -0.0472
vn 0.0079 0.9224 0.3863
vn -0.0316 0.8924 0.4501
vn -0.2040 -0.8708 -0.4472
vn 0.7007 -0.4803 -0.5275
vn 0.5745 -0.3148 -0.7555
vn -0.6450 -0.7550 0.1180
vn -0.6749 -0.6435 0.3610
vn 0.4031 -0.8617 -0.3082
vn 0.4025 -0.6313 -0.6629
vn -0.0553 -0.5056 -0.8610
vn 0.2591 -0.9186 -0.2983
vn -0.6538 -0.7326 0.1890
vn 0.6611 -0.7240 0.1967
vn -0.9110 0.3927 -0.1256
vn -0.6371 0.7708 -0.0001
vn 0.1337 -0.1732 -0.9758
vn -0.3144 -0.2358 -0.9195
vn -0.4095 0.9056 -0.1102
vn -0.4955 0.8495 0.1809
vn -0.0316 0.8585 0.5119
vn -0.1337 0.9196 0.3694
vn -0.1341 0.8282 0.5442
vn -0.4710 -0.2434 -0.8479
vn -0.2991 -0.5036 -0.8105
vn -0.3228 -0.0552 -0.9449
vn -0.5667 -0.5904 -0.5747
vn -0.5267 -0.2593 -0.8096
vn -0.1882 -0.7922 -0.5805
vn -0.2675 -0.0866 -0.9597
vn -0.8172 0.0550 -0.5737
vn -0.6685 -0.2280 -0.7079
vn -0.2510 -0.5333 -0.8078
vn -0.1412 -0.3528 -0.9250
vn -0.1254 -0.3604 -0.9243
vn -0.9756 0.2124 0.0551
vn -0.9708 -0.1105 0.2131
vn -0.9838 -0.1731 -0.0473
vn 0.6692 -0.1968 -0.7165
vn 0.7239 -0.3699 -0.5823
vn 0.6010 -0.7196 -0.3479
vn -0.4711 -0.2433 -0.8479
vn -0.3229 -0.0551 -0.9448
vn -0.5509 -0.2990 -0.7791
vn -0.4711 -0.2434 -0.8479
vn -0.0236 0.1413 -0.9897
vn -0.3157 -0.0552 -0.9473
vn 0.1265 0.9721 0.1976
vn 0.1735 0.9303 0.3232
vn 0.1029 0.9020 0.4193
vn -0.5036 0.6453 -0.5744
vn -0.8419 0.3855 -0.3776
vn 0.0866 0.8814 0.4643
vn -0.2199 0.9504 -0.2200
vn -0.0945 0.9210 0.3779
vn -0.3790 -0.4264 -0.8213
vn -0.6942 -0.4101 -0.5916
vn -0.6749 -0.6435 0.3611
vn -0.7468 -0.5581 0.3617
vn 0.0078 -0.5122 -0.8589
vn -0.4405 -0.6766 -0.5901
vn 0.8586 -0.0236 -0.5121
vn -0.1575 0.9217 0.3545
vn -0.0790 0.8932 0.4426
vn 0.3937 -0.4173 -0.8190
vn 0.3792 -0.0396 -0.9245
vn -0.3398 -0.5452 -0.7664
vn -0.2532 -0.9337 0.2532
vn -0.2908 -0.9273 -0.2357
vn -0.4573 -0.8594 -0.2286
vn 0.6437 -0.1335 -0.7536
vn 0.7164 -0.5275 -0.4567
vn 0.7331 -0.5597 0.3863
vn 0.5841 0.1026 -0.8051
vn -0.1733 0.1734 -0.9695
vn -0.7702 -0.6366 -0.0392
vn -0.6749 -0.6436 0.3610
vn -0.0157 0.9657 -0.2591
vn 0.0394 0.9989 -0.0236
vn 0.5277 0.8035 0.2757
vn 0.2434 0.9499 -0.1962
vn -0.5747 0.5668 -0.5904
vn 0.4473 -0.1648 -0.8791
vn 0.3308 -0.1103 -0.9372
vn 0.6611 -0.7241 0.1968
vn -0.0628 -0.2824 -0.9572
vn -0.1498 0.0788 -0.9856
vn 0.2433 0.9499 -0.1962
vn -0.1571 -0.1649 -0.9737
vn -0.7483 0.4489 -0.4884
vn -0.9304 0.1183 -0.3470
vn 0.8083 -0.0079 -0.5887
vn 0.6150 0.1577 -0.7726
vn 0.3231 0.0394 -0.9455
vn 0.4565 0.0315 -0.8892
vn -0.8355 -0.0788 -0.5439
vn 0.0394 -0.7105 -0.7026
vn 0.2288 -0.3314 -0.9153
vn 0.0394 -0.0000 -0.9992
vn -0.7643 -0.4019 -0.5043
vn -0.6556 -0.5608 -0.5056
vn 0.7038 0.6960 0.1423
vn 0.3852 0.9119 -0.1414
vn -0.6938 -0.7174 -0.0630
vn -0.6538 -0.7326 0.1891
vn -0.6870 -0.7265 -0.0157
vn -0.5850 -0.8064 -0.0869
vn -0.6937 -0.7175 -0.0631
vn 0.7234 -0.3460 -0.5976
vn -0.4640 0.8494 0.2516
vn -0.4955 0.8496 0.1809
vn 0.9495 0.2668 -0.1648
vn 0.7856 0.3378 -0.5184
vn 0.7502 0.1343 -0.6475
vn -0.1725 -0.3372 -0.9255
vn -0.2983 -0.0943 -0.9498
vn 0.6788 -0.7341 0.0158
vn 0.5966 -0.8007 0.0550
vn 0.7309 0.5580 -0.3930
vn 0.8496 0.0158 -0.5271
vn 0.6766 0.5585 -0.4799
vn 0.4485 0.4091 -0.7946
vn 0.7841 0.2745 -0.5567
vn 0.9188 0.2906 -0.2671
vn -0.0552 -0.9548 -0.2919
vn 0.0236 -0.9918 0.1259
vn -0.4013 0.8735 0.2754
vn -0.1576 0.9217 0.3545
vn -0.2435 0.9660 0.0864
vn 0.3697 -0.8417 -0.3934
vn 0.2123 -0.9197 -0.3302
vn -0.3784 0.9223 -0.0788
vn -0.5208 -0.8286 0.2052
vn -0.0786 0.9667 0.2437
vn -0.6449 -0.7551 0.1180
vn 0.2294 -0.8625 -0.4510
vn 0.5423 0.8253 -0.1572
vn 0.4557 0.8879 0.0628
vn 0.3635 0.9167 -0.1659
vn -0.2532 -0.9337 0.2531
vn -0.0553 -0.9548 -0.2919
vn -0.8736 0.4722 0.1180
vn -0.8084 0.4002 -0.4316
vn 0.5600 0.8047 0.1972
vn 0.9582 -0.0786 -0.2749
vn -0.7260 0.6787 0.1105
vn -0.4014 0.8735 0.2754
vn -0.5287 -0.4262 -0.7340
vn 0.3853 0.9119 -0.1415
vn 0.8368 0.3000 -0.4579
vn 0.6210 0.5734 -0.5344
vn 0.5821 0.7394 -0.3383
vn -0.5747 0.5667 -0.5904
vn -0.7500 0.2605 -0.6079
vn 0.0785 -0.3458 -0.9350
vn -0.0869 -0.8289 -0.5526
vn 0.1101 0.7942 0.5976
vn -0.6924 0.6530 -0.3068
vn -0.9056 0.3938 -0.1575
vn -0.7260 0.6787 0.1104
vn -0.6613 -0.4724 -0.5826
vn -0.1973 -0.2525 -0.9472
vn -0.6220 -0.1339 -0.7715
vn 0.7075 -0.6289 0.3224
vn -0.6538 -0.7327 0.1891
vn 0.3934 -0.1102 -0.9127
vn 0.1815 -0.3392 -0.9230
vn 0.1337 0.0078 -0.9910
vn -0.2513 -0.2513 -0.9347
vn 0.1814 -0.3392 -0.9230
vn -0.7468 -0.5582 0.3616
vn 0.4171 0.7949 -0.4407
vn 0.1497 -0.1498 -0.9773
vn -0.8387 0.5017 0.2117
vn -0.8091 0.3614 0.4634
vn 0.1028 0.9020 0.4193
vn 0.1734 0.9303 0.3233
vn 0.0392 0.8637 0.5025
vn -0.7855 0.5655 -0.2513
vn 0.8128 0.3394 -0.4735
vn 0.7881 0.5989 -0.1418
vn -0.7721 -0.4333 -0.4649
vn -0.8563 -0.2435 -0.4556
vn -0.7721 -0.4333 -0.4648
vn -0.8562 -0.2435 -0.4556
vn -0.3393 -0.5850 -0.7366
vn 0.0235 -0.1809 -0.9832
vn -0.3930 -0.1179 -0.9119
vn -0.5575 0.8167 -0.1492
vn -0.2678 0.9530 -0.1418
vn -0.0945 -0.7955 -0.5985
vn -0.2199 -0.2513 -0.9426
vn 0.0079 -0.1337 -0.9910
vn -0.1098 -0.2668 -0.9575
vn -0.9838 -0.1732 -0.0472
vn -0.6901 -0.6274 -0.3607
vn -0.8114 -0.3545 -0.4648
vn 0.8199 0.4494 0.3547
vn -0.4168 -0.7863 -0.4561
vn -0.4957 -0.4800 -0.7238
vn -0.4562 -0.1259 -0.8809
vn -0.2841 -0.6075 -0.7418
vn -0.6699 -0.4493 -0.5911
vn 0.1651 -0.0865 -0.9825
vn 0.0235 -0.4627 -0.8862
vn -0.3459 -0.9040 0.2515
vn 0.0237 0.9630 -0.2684
vn -0.4805 0.8351 0.2678
vn -0.1340 0.9848 0.1103
vn -0.2204 0.9444 -0.2439
vn -0.8259 0.2832 -0.4876
vn -0.7447 -0.4311 -0.5095
vn -0.9372 0.3151 0.1496
vn -0.9119 -0.3852 0.1414
vn -0.9372 0.3151 0.1497
vn 0.1886 -0.9740 -0.1257
vn 0.2209 -0.9229 0.3155
vn -0.5277 -0.2756 -0.8034
vn -0.1567 -0.5093 -0.8462
vn -0.1335 -0.4712 -0.8719
vn -0.5277 -0.2757 -0.8034
vn -0.3237 -0.2052 -0.9236
vn -0.1887 -0.2122 -0.9588
vn -0.4957 -0.4799 -0.7239
vn 0.2592 -0.9186 -0.2984
vn -0.0474 -0.9072 -0.4181
vn -0.0791 0.8932 0.4426
vn -0.1263 0.9550 0.2684
vn -0.2678 0.9530 -0.1417
vn -0.1885 0.9816 -0.0314
vn 0.2051 0.8992 -0.3865
vn 0.0629 0.9522 -0.2990
vn -0.1884 0.9816 -0.0314
vn 0.0079 0.5601 -0.8284
vn 0.1183 0.5362 -0.8358
vn -0.1413 -0.0392 -0.9892
vn 0.8496 0.0157 -0.5271
vn 0.0393 -0.0001 -0.9992
vn 0.0628 -0.4557 -0.8879
vn 0.4243 -0.8722 0.2435
vn 0.3539 -0.8808 -0.3145
vn 0.4624 -0.8778 -0.1253
vn 0.4243 -0.8722 0.2436
vn 0.5965 -0.8007 0.0550
vn 0.0079 -0.5122 -0.8589
vn 0.3695 -0.7545 -0.5424
vn 0.0079 -0.5122 -0.8588
vn 0.3694 -0.7546 -0.5424
vn -0.8388 0.5017 0.2116
vn -0.0629 0.7937 0.6051
vn 0.0708 0.8263 0.5587
vn -0.0791 0.8932 0.4427
vn -0.0629 0.7937 0.6050
vn 0.0709 0.8263 0.5587
vn 0.1735 0.9303 0.3233
vn -0.1262 0.9550 0.2684
vn -0.0790 0.4895 -0.8684
vn 0.1026 0.1263 -0.9867
vn 0.0395 0.6784 -0.7336
vn -0.1734 -0.7879 -0.5910
vn -0.3452 -0.5492 -0.7610
vn -0.3863 -0.7331 -0.5598
vn 0.4565 0.8579 0.2361
vn 0.2605 0.9629 -0.0710
vn 0.3541 0.9287 0.1102
vn 0.7856 0.3378 -0.5185
vn 0.4243 -0.8721 0.2436
vn 0.4866 -0.2904 -0.8240
vn -0.2040 -0.8709 -0.4472
vn -0.4983 -0.7356 -0.4588
vn 0.3302 0.0314 -0.9434
vn -0.2276 0.3454 -0.9105
vn 0.1024 0.7564 -0.6461
vn 0.0079 0.9223 0.3863
vn 0.0711 0.9629 0.2605
vn 0.1029 0.9020 0.4194
vn -0.0316 0.8924 0.4502
vn 0.0079 0.9224 0.3862
vn 0.1738 0.1026 -0.9794
vn -0.3237 -0.2053 -0.9236
vn 0.2605 0.9629 -0.0711
vn -0.4095 0.9056 -0.1103
vn -0.4417 0.7809 -0.4417
vn 0.1181 0.1811 -0.9764
vn 0.0393 -0.0471 -0.9981
vn 0.2750 -0.1414 -0.9510
vn 0.1418 -0.4489 -0.8822
vn 0.2751 -0.1415 -0.9510
vn 0.0236 -0.1810 -0.9832
vn 0.4262 -0.3237 -0.8447
vn -0.0944 0.9210 0.3779
vn 0.2291 0.0553 -0.9718
vn -0.0157 0.1337 -0.9909
vn -0.1104 -0.0316 -0.9934
vn -0.0867 -0.5670 -0.8191
vn -0.6067 -0.2443 -0.7564
vn -0.6557 -0.5608 -0.5056
vn -0.2750 -0.8877 0.3692
vn 0.0548 -0.9723 0.2274
vn -0.8800 -0.2671 -0.3928
vn 0.3230 -0.5359 -0.7801
vn -0.0473 -0.9072 -0.4181
vn -0.8702 0.4272 -0.2453
vn -0.7483 0.4490 -0.4884
vn 0.5674 -0.6383 -0.5202
vn 0.3237 -0.2053 -0.9236
vn -0.0627 -0.2824 -0.9572
vn 0.0628 -0.0315 -0.9975
vn 0.1103 0.2206 -0.9691
vn -0.1498 0.0789 -0.9856
vn 0.9788 0.0552 -0.1973
vn 0.9611 0.0157 0.2757
vn 0.4895 -0.2447 -0.8370
vn 0.1413 -0.4552 -0.8791
vn 0.3312 -0.6308 -0.7017
vn -0.6059 0.0315 -0.7949
vn -0.4013 0.8735 0.2755
vn -0.1657 0.9860 -0.0158
vn 0.7868 0.5822 -0.2046
vn 0.9452 -0.0473 -0.3229
vn 0.8369 0.3000 -0.4579
vn -0.1108 -0.6014 -0.7912
vn -0.1575 -0.0787 -0.9844
vn -0.2047 0.1889 -0.9604
vn -0.2918 0.0631 -0.9544
vn 0.0393 0.8637 0.5025
vn 0.2208 -0.9229 0.3155
vn -0.2510 -0.5334 -0.8078
vn -0.6761 -0.5660 -0.4717
vn -0.4983 -0.7357 -0.4588
vn -0.3459 -0.9039 0.2515
vn 0.9495 0.2668 -0.1649
vn 0.4584 0.8852 0.0791
vn 0.3298 0.9266 0.1807
vn 0.4167 0.9042 0.0943
vn 0.4018 0.9141 0.0551
vn 0.3541 0.9287 0.1101
vn 0.4018 0.9140 0.0551
vn -0.5736 -0.3851 -0.7230
vn -0.6784 0.0395 -0.7337
vn -0.3303 0.1730 -0.9279
vn -0.3856 0.4407 -0.8106
vn 0.9784 0.0539 -0.1996
vn 0.1415 0.1729 -0.9747
vn 0.1337 0.0079 -0.9910
vn 0.3301 0.0314 -0.9434
vn -0.7103 -0.6077 -0.3552
vn -0.6614 -0.4724 -0.5826
vn -0.5808 -0.2669 -0.7691
vn -0.5047 -0.1419 -0.8516
vn -0.5768 -0.6083 -0.5452
vn 0.3299 0.9266 0.1806
vn 0.3792 -0.0395 -0.9245
vn -0.1336 -0.4712 -0.8718
vn -0.3236 -0.2053 -0.9237
vn 0.4263 -0.1500 -0.8921
vn -0.1256 -0.0863 -0.9883
vn -0.6066 0.1890 -0.7722
vn -0.1582 0.1186 -0.9803
vn 0.1738 -0.5768 -0.7982
vn 0.3455 0.1491 -0.9265
vn 0.5841 0.1026 -0.8052
vn 0.4895 -0.2448 -0.8370
vn -0.5746 0.5667 -0.5904
vn -0.3228 -0.0551 -0.9448
vn -0.1729 0.0785 -0.9818
vn -0.0157 0.8642 -0.5028
vn 0.0078 -0.5122 -0.8588
vn -0.4405 -0.6766 -0.5900
vn 0.4339 -0.8993 0.0553
vn 0.6440 -0.2277 -0.7304
vn 0.6149 0.1576 -0.7727
vn 0.3137 -0.7058 -0.6352
vn 0.1963 0.1177 -0.9735
vn 0.6439 -0.2278 -0.7304
vn 0.1098 -0.3610 -0.9261
vn 0.2912 -0.2597 -0.9207
vn -0.1344 -0.2292 -0.9641
vn -0.0237 0.5600 -0.8281
vn -0.1495 0.5430 -0.8263
vn -0.0236 0.5600 -0.8281
vn 0.3785 -0.0710 -0.9229
vn 0.7840 0.2744 -0.5567
vn 0.4485 0.4091 -0.7947
vn 0.5841 0.1027 -0.8051
vn -0.1972 0.9308 -0.3076
vn -0.0079 0.9405 -0.3398
vn -0.3786 0.9228 0.0709
vn 0.8165 -0.4161 -0.4003
vn 0.9583 -0.0786 -0.2749
vn 0.7744 -0.5610 -0.2924
vn 0.9415 -0.3060 -0.1413
vn 0.8165 -0.4161 -0.4004
vn -0.3079 -0.1499 -0.9395
vn -0.3458 -0.9039 0.2516
vn -0.0000 -0.7303 -0.6832
vn -0.0866 -0.5670 -0.8191
vn 0.9375 0.0315 -0.3466
vn 0.2294 -0.8625 -0.4511
vn 0.5359 0.8433 0.0395
vn 0.0868 0.9781 -0.1893
vn 0.2604 0.9629 -0.0710
vn -0.6048 -0.2042 -0.7697
vn -0.8476 -0.0706 -0.5259
vn -0.2046 -0.2282 -0.9519
vn 0.6446 -0.3853 -0.6603
vn 0.5597 -0.6385 -0.5282
vn -0.2532 -0.9337 0.2533
vn -0.1651 0.1494 -0.9749
vn 0.0630 0.2679 -0.9614
vn -0.8084 0.4003 -0.4317
vn -0.7915 0.5642 -0.2351
vn -0.5202 -0.0710 -0.8511
vn 0.6446 -0.3852 -0.6604
vn -0.4562 -0.1258 -0.8810
vn 0.5992 -0.7096 -0.3706
vn 0.3635 0.9167 -0.1660
vn 0.2600 0.8982 -0.3545
vn 0.7038 0.6959 0.1424
vn -0.0866 -0.5671 -0.8191
vn -0.6389 0.2051 -0.7414
vn -0.6464 -0.2601 -0.7173
vn -0.2121 0.1492 -0.9658
vn 0.0315 -0.2369 -0.9710
vn -0.6463 -0.2601 -0.7173
vn 0.0549 -0.9722 0.2274
vn 0.4242 -0.8722 0.2436
vn -0.2514 -0.2514 -0.9347
vn -0.5736 -0.3851 -0.7229
vn 0.3544 -0.5041 -0.7876
vn 0.3154 -0.5282 -0.7884
vn -0.3862 0.9221 0.0236
vn -0.3065 0.9038 -0.2986
vn -0.6048 -0.2042 -0.7698
vn -0.3152 -0.6305 -0.7093
vn 0.7164 -0.5275 -0.4566
vn 0.5778 -0.2771 -0.7677
vn 0.2828 -0.8641 -0.4163
vn 0.5275 -0.7007 -0.4803
vn -0.3065 0.9038 -0.2987
vn -0.8489 -0.5187 -0.1021
vn 0.1183 -0.2129 -0.9699
vn -0.1655 -0.7012 -0.6934
vn -0.1728 0.0785 -0.9818
vn 0.7007 -0.4803 -0.5276
vn 0.6378 -0.6142 -0.4646
vn 0.6379 -0.6142 -0.4646
vn 0.6010 -0.7195 -0.3480
vn -0.8488 -0.5187 -0.1021
vn -0.0789 0.2287 -0.9703
vn 0.3455 0.1492 -0.9265
vn 0.2292 0.0553 -0.9718
vn 0.2523 0.2917 -0.9226
vn 0.3454 0.1492 -0.9265
vn 0.4484 0.4091 -0.7947
vn 0.4171 0.7948 -0.4407
vn 0.3603 0.6110 -0.7049
vn 0.6527 0.5663 -0.5033
vn -0.2750 -0.8877 0.3693
vn -0.5513 -0.6930 -0.4646
vn -0.8856 -0.3400 -0.3162
vn -0.9609 -0.0709 -0.2678
vn -0.6924 0.6530 -0.3069
vn 0.1736 -0.5444 -0.8207
vn 0.3871 -0.6319 -0.6715
vn 0.4345 -0.2054 -0.8769
vn 0.1736 -0.5444 -0.8206
vn -0.5746 0.5668 -0.5904
vn 0.0079 -0.1336 -0.9910
vn 0.0393 -0.0000 -0.9992
vn 0.8220 0.5690 0.0238
vn 0.8920 0.4421 -0.0947
vn 0.8690 0.3872 0.3081
vn 0.8220 0.5691 0.0238
vn 0.0236 -0.9918 0.1260
vn -0.2749 -0.8877 0.3693
vn -0.9056 0.3937 -0.1576
vn 0.8004 -0.4786 -0.3610
vn 0.4590 0.0633 -0.8862
vn 0.4896 -0.2447 -0.8369
vn -0.3929 0.9194 -0.0158
vn 0.1100 0.7942 0.5976
vn -0.0236 0.5600 -0.8282
vn -0.0789 0.4895 -0.8684
vn 0.6765 0.5586 -0.4799
vn -0.1418 0.5437 -0.8272
vn 0.3447 0.5719 -0.7443
vn 0.3154 -0.5282 -0.7883
vn 0.5674 -0.6384 -0.5202
vn 0.3236 -0.2053 -0.9236
vn 0.3302 0.0315 -0.9434
vn 0.1104 0.2206 -0.9691
vn -0.0393 0.0471 -0.9981
vn 0.2122 -0.9198 -0.3302
vn -0.0079 -0.9771 -0.2128
vn 0.0708 0.8263 0.5588
vn -0.1341 0.8281 0.5442
vn 0.0393 0.8636 0.5026
vn -0.0946 -0.7955 -0.5985
vn -0.2517 -0.6056 -0.7549
vn -0.2130 0.4338 -0.8755
vn -0.2438 0.6369 -0.7313
vn 0.7484 -0.5278 -0.4017
vn 0.1423 -0.0553 -0.9883
vn 0.2684 -0.0236 -0.9630
vn 0.0629 -0.0314 -0.9975
vn -0.0000 -0.7302 -0.6832
vn 0.7869 0.5823 -0.2045
vn 0.7039 0.6959 0.1423
vn 0.9689 0.2442 0.0394
vn 0.1022 0.6290 -0.7706
vn -0.3152 0.7487 -0.5832
vn 0.1022 0.6291 -0.7706
vn 0.4484 0.4092 -0.7947
vn 0.3603 0.6109 -0.7050
vn 0.2524 0.2918 -0.9226
vn 0.6527 0.5662 -0.5034
vn -0.2047 0.1890 -0.9604
vn -0.4874 -0.8175 -0.3066
vn -0.3153 -0.6305 -0.7093
vn -0.1735 0.1734 -0.9695
vn 0.8369 0.2999 -0.4579
vn 0.7417 -0.4024 -0.5366
vn 0.1496 -0.6377 -0.7557
vn -0.1108 -0.6014 -0.7913
vn -0.4406 -0.6766 -0.5900
vn -0.2122 -0.8725 -0.4402
vn 0.0079 0.8975 -0.4409
vn -0.2675 -0.0865 -0.9597
vn 0.2509 0.2274 -0.9409
vn 0.2912 -0.2597 -0.9208
vn 0.9314 0.3316 0.1500
vn -0.3153 0.7487 -0.5832
vn -0.0314 -0.9654 -0.2591
vn 0.8004 -0.4787 -0.3609
vn 0.8164 -0.4161 -0.4004
vn -0.1341 0.8281 0.5443
vn -0.0315 0.8584 0.5119
vn -0.2514 -0.2513 -0.9347
vn -0.1574 -0.5747 -0.8030
vn -0.0628 0.7937 0.6051
vn -0.7050 -0.4856 -0.5169
vn 0.1573 -0.8496 -0.5034
vn -0.1335 -0.4713 -0.8718
vn -0.2675 0.2281 -0.9362
vn 0.1337 -0.1731 -0.9758
vn -0.3144 -0.2357 -0.9196
vn -0.0079 0.1026 -0.9947
vn -0.3469 0.9304 0.1182
vn -0.3785 0.9229 0.0710
vn -0.2983 -0.0942 -0.9498
vn -0.0314 -0.9654 -0.2590
vn 0.9375 0.0316 -0.3466
vn 0.9818 -0.1649 -0.0943
vn -0.3302 0.1730 -0.9279
vn 0.6776 -0.5121 -0.5278
vn 0.1498 -0.1498 -0.9773
vn 0.3871 -0.6319 -0.6714
vn 0.6530 -0.3698 -0.6609
vn 0.2600 0.8982 -0.3546
vn 0.1728 0.7383 -0.6519
vn 0.6941 0.6073 -0.3865
vn 0.8220 0.5690 0.0237
vn -0.2126 -0.9763 -0.0394
vn -0.3228 -0.5590 -0.7637
vn 0.0472 -0.7629 -0.6449
vn 0.7008 -0.4803 -0.5275
vn -0.3617 0.8259 -0.4325
vn -0.3152 0.7487 -0.5831
vn -0.1972 0.9308 -0.3077
vn -0.5037 0.6453 -0.5744
vn -0.8477 -0.0706 -0.5258
vn -0.8856 -0.3400 -0.3163
vn -0.4874 -0.8176 -0.3066
vn -0.8476 -0.0706 -0.5258
vn -0.0472 0.4245 -0.9042
vn -0.0315 0.8584 0.5120
vn 0.2750 -0.1415 -0.9510
vn 0.0393 -0.0472 -0.9981
vn 0.0315 0.8673 -0.4967
vn 0.1022 0.5188 -0.8488
vn 0.3603 0.6109 -0.7049
vn 0.1728 0.7383 -0.6520
vn 0.9452 -0.0473 -0.3230
vn 0.8491 -0.3774 -0.3696
vn 0.3697 -0.8418 -0.3934
vn 0.1259 -0.9915 -0.0315
vn 0.0474 -0.6944 -0.7180
vn 0.5677 0.1341 -0.8122
vn 0.2046 -0.4720 -0.8575
vn 0.5678 0.1340 -0.8122
vn -0.0000 -0.9414 -0.3373
vn 0.7869 0.5822 -0.2046
vn 0.9879 -0.0395 -0.1502
vn 0.9452 -0.0472 -0.3229
vn 0.2523 0.2918 -0.9226
vn 0.1022 0.5187 -0.8488
vn 0.0631 0.2680 -0.9614
vn 0.8491 -0.3773 -0.3696
vn 0.4025 -0.6314 -0.6629
vn 0.2591 -0.9186 -0.2984
vn 0.1729 0.7383 -0.6519
vn -0.8799 -0.2672 -0.3928
vn -0.0789 0.2288 -0.9703
vn -0.0157 0.8642 -0.5029
vn -0.2438 0.6370 -0.7313
vn -0.7049 -0.4857 -0.5169
vn -0.2123 -0.8725 -0.4402
vn -0.7721 -0.4334 -0.4648
vn -0.1581 0.1186 -0.9803
vn -0.1581 0.1185 -0.9803
vn -0.9056 0.3938 -0.1574
vn -0.9984 0.0551 -0.0157
vn -0.7261 0.6787 0.1105
vn -0.4030 -0.1106 -0.9085
vn 0.1497 -0.1497 -0.9773
vn 0.0314 0.7299 -0.6828
vn 0.1657 0.7576 -0.6313
vn 0.1182 0.5362 -0.8358
vn 0.2369 0.3001 -0.9240
vn -0.8083 0.4003 -0.4317
vn -0.5348 0.5269 -0.6606
vn 0.6147 -0.7329 -0.2916
vn 0.0314 0.7300 -0.6828
vn -0.2204 0.9444 -0.2440
vn 0.0314 0.9654 -0.2590
vn -0.0315 0.7339 -0.6786
vn 0.2433 0.9499 -0.1963
vn -0.1655 0.7647 -0.6227
vn 0.6775 -0.5121 -0.5279
vn 0.3694 -0.7546 -0.5423
vn 0.0003 -0.9440 -0.3298
vn -0.0157 -0.8813 -0.4722
vn 0.0235 -0.4628 -0.8862
vn 0.9689 0.2442 0.0393
vn 0.9879 -0.0395 -0.1501
vn -0.0315 0.7338 -0.6786
vn -0.1655 0.7647 -0.6228
vn 0.0079 -0.9899 -0.1414
vn -0.2841 -0.8997 -0.3315
vn 0.0237 -0.9884 -0.1503
vn -0.0947 -0.8757 -0.4734
vn -0.2677 0.7956 -0.5435
vn -0.1967 0.9048 -0.3776
vn 0.2604 0.9629 -0.0711
vn -0.1966 0.9048 -0.3777
vn 0.5376 -0.7272 -0.4269
vn -0.0157 0.8643 -0.5028
vn -0.0157 -0.8814 -0.4722
vn 0.0472 -0.9838 -0.1732
vn -0.1570 -0.9815 -0.1100
vn -0.0000 -0.9570 -0.2902
vn -0.1571 -0.9815 -0.1099
vn 0.1024 0.7564 -0.6460
vn -0.2678 0.7956 -0.5435
vn -0.2126 -0.9764 -0.0394
vn -0.9110 0.3927 -0.1257
vn -0.7049 -0.4856 -0.5169
vn 0.4413 -0.7722 -0.4571
vn 0.1739 -0.5769 -0.7981
vn -0.3856 0.4408 -0.8106
vn 0.1414 0.1730 -0.9747
vn -0.1728 0.0786 -0.9818
vn -0.1343 0.6391 -0.7573
vn -0.4484 0.5351 -0.7159
vn 0.1738 -0.5769 -0.7981
vn 0.0633 -0.9019 -0.4273
vn -0.4083 -0.8165 -0.4083
vn -0.4576 -0.7968 -0.3945
vn -0.6901 -0.6274 -0.3608
vn 0.4865 -0.2903 -0.8240
vn 0.2682 0.0473 -0.9622
vn 0.0316 0.8673 -0.4967
vn -0.3456 -0.7305 -0.5891
vn -0.6463 -0.2601 -0.7174
vn -0.5768 -0.6084 -0.5451
vn -0.0237 0.6454 -0.7634
vn -0.0237 0.8530 -0.5213
vn 0.2679 -0.9298 -0.2522
vn 0.4013 -0.5509 -0.7318
vn -0.8488 -0.5187 -0.1022
vn -0.6557 -0.5609 -0.5055
vn 0.6219 -0.6770 -0.3936
vn 0.7744 -0.5611 -0.2924
vn -0.0000 -0.7303 -0.6831
vn -0.2125 -0.9764 -0.0394
vn -0.8562 -0.2436 -0.4556
vn -0.3382 -0.5821 -0.7394
vn -0.5760 -0.7573 -0.3077
vn -0.5759 -0.7574 -0.3077
vn -0.0236 0.6454 -0.7635
vn -0.2129 0.4338 -0.8755
vn -0.0472 0.4246 -0.9041
vn 0.0488 -0.9838 -0.1725
vn 0.3709 -0.8761 -0.3079
vn 0.5447 -0.8131 -0.2052
vn -0.0000 -0.9439 -0.3304
vn 0.0238 -0.9884 -0.1503
vn 0.2122 -0.9198 -0.3301
vn 0.2751 -0.1415 -0.9509
vn 0.4263 -0.3236 -0.8447
vn -0.0472 0.4246 -0.9042
vn 0.1974 -0.9633 -0.1817
vn 0.7417 -0.4024 -0.5365
vn 0.4401 -0.8253 -0.3537
vn -0.8348 -0.5276 -0.1575
vn -0.2842 -0.8997 -0.3315
vn -0.5528 -0.8055 -0.2133
vn -0.5998 -0.7418 -0.2999
vn 0.4174 -0.8190 -0.3938
vn 0.4338 -0.7808 -0.4496
vn 0.5598 -0.6385 -0.5282
vn 0.7637 -0.1732 -0.6219
vn 0.4191 -0.7591 -0.4982
vn 0.5375 -0.7272 -0.4269
vn -0.2438 0.6369 -0.7314
vn -0.2674 -0.0865 -0.9597
vn 0.3462 0.1338 -0.9286
vn 0.0633 -0.9019 -0.4272
vn -0.0236 -0.9588 -0.2830
vn 0.7825 0.0869 -0.6166
vn 0.5519 -0.2208 -0.8042
vn -0.8387 0.5017 0.2116
vn -0.2430 -0.5489 -0.7998
vn 0.2679 -0.9299 -0.2522
vn -0.9984 0.0550 -0.0157
vn -0.9056 0.3937 -0.1575
vn 0.0078 -0.9899 -0.1415
vn -0.5528 -0.8056 -0.2133
vn 0.4895 -0.2448 -0.8369
vn 0.6440 -0.2277 -0.7303
vn -0.0235 -0.9588 -0.2830
vn -0.1416 0.5901 -0.7948
vn -0.2039 -0.8709 -0.4472
vn -0.7163 -0.1339 -0.6848
vn 0.4412 -0.7723 -0.4571
vn 0.0472 -0.9838 -0.1731
vn 0.3709 -0.8761 -0.3078
vn 0.5447 -0.8131 -0.2053
vn 0.3710 -0.8761 -0.3078
vn 0.8218 -0.5216 -0.2292
vn 0.2295 -0.8625 -0.4510
vn -0.5109 0.0707 -0.8568
vn -0.1651 0.1493 -0.9749
vn -0.6067 0.1892 -0.7721
vn 0.3311 -0.6308 -0.7018
vn 0.1413 -0.4553 -0.8791
vn -0.1182 -0.7329 -0.6700
vn 0.0237 -0.9884 -0.1502
vn 0.1337 -0.9909 -0.0158
vn -0.1570 -0.9815 -0.1099
vn 0.0157 -0.9998 -0.0158
vn 0.2291 -0.9641 -0.1343
vn 0.1337 -0.9909 -0.0157
vn 0.3698 -0.8418 -0.3933
vn -0.5109 0.0707 -0.8567
vn -0.7154 -0.2280 -0.6604
vn -0.5737 -0.3850 -0.7230
vn -0.5737 -0.3851 -0.7229
vn -0.3863 -0.7331 -0.5597
vn -0.5528 -0.8056 -0.2132
vn 0.0315 -0.8674 -0.4967
vn 0.3771 -0.9034 -0.2043
vn 0.6378 -0.6143 -0.4646
vn 0.1574 -0.8496 -0.5035
vn -0.0000 -0.9439 -0.3303
vn -0.6699 -0.4492 -0.5911
vn -0.4873 -0.8176 -0.3066
vn -0.0947 -0.8758 -0.4733
vn 0.8219 -0.5215 -0.2291
vn 0.9818 -0.1650 -0.0943
vn 0.8004 -0.4786 -0.3609
vn 0.4413 -0.7723 -0.4570
vn 0.7417 -0.4025 -0.5366
vn 0.4402 -0.8253 -0.3537
vn 0.0550 -0.9985 -0.0079
vn -0.0235 -0.9589 -0.2829
vn -0.8799 -0.2671 -0.3929
vn -0.4577 -0.7968 -0.3945
vn 0.5831 -0.7014 -0.4098
vn -0.7915 0.5642 -0.2350
vn -0.8735 0.4722 0.1180
vn -0.1574 -0.9837 -0.0866
vn -0.2841 -0.8997 -0.3314
vn -0.5511 -0.8109 -0.1968
vn -0.1182 -0.7329 -0.6699
vn -0.3706 -0.3706 -0.8516
vn -0.5760 -0.7574 -0.3077
vn -0.1653 0.8741 -0.4567
vn 0.0867 0.9781 -0.1893
vn 0.0630 0.2680 -0.9614
vn 0.1021 0.5187 -0.8488
vn -0.1416 0.5902 -0.7948
vn 0.1974 -0.9634 -0.1816
vn 0.0551 -0.9985 -0.0079
vn -0.0947 -0.8758 -0.4734
vn -0.0158 -0.8814 -0.4721
vn -0.1260 -0.9840 -0.1260
vn -0.3557 0.0554 -0.9329
vn -0.1335 0.2826 -0.9499
vn 0.1022 -0.1966 -0.9752
vn 0.3697 -0.8418 -0.3933
vn 0.1573 -0.8496 -0.5035
vn -0.1263 0.2368 -0.9633
vn -0.1343 -0.2291 -0.9641
vn -0.8222 0.0949 -0.5613
vn 0.1728 0.7384 -0.6519
vn -0.2276 0.3454 -0.9104
vn -0.2678 0.7955 -0.5435
vn 0.9818 -0.1649 -0.0942
vn 0.2292 -0.9641 -0.1344
vn 0.6589 -0.7218 -0.2118
vn 0.8219 -0.5216 -0.2292
vn 0.6590 -0.7217 -0.2118
vn 0.9879 -0.0396 -0.1502
vn 0.8219 -0.5215 -0.2292
vn -0.0236 -0.9589 -0.2829
vn -0.0947 -0.9947 0.0394
vn -0.1259 -0.9840 -0.1260
vn 0.0393 -0.8637 -0.5025
vn 0.3311 -0.6308 -0.7017
vn -0.1182 -0.7330 -0.6699
vn 0.8920 0.4421 -0.0948
vn 0.7855 0.3379 -0.5184
vn -0.4863 0.5255 -0.6981
vn -0.7855 0.5655 -0.2514
vn -0.0079 0.9404 -0.3399
vn 0.1262 0.7965 -0.5914
vn 0.7637 -0.1732 -0.6220
vn 0.6447 -0.3852 -0.6603
vn 0.0157 -0.9805 0.1961
vn -0.0079 -0.9997 0.0236
vn -0.0947 -0.9947 0.0395
vn -0.1259 -0.9840 -0.1259
vn -0.1574 -0.9837 -0.0865
vn -0.0236 -0.9588 -0.2829
vn 0.3709 -0.8762 -0.3078
vn -0.0316 0.7339 -0.6786
vn 0.3067 0.5898 -0.7471
vn 0.4327 0.8890 -0.1495
vn -0.1415 0.9510 0.2751
vn 0.4322 0.8880 -0.1572
vn -0.7103 -0.6077 -0.3551
vn 0.8491 -0.3774 -0.3695
vn 0.4338 0.8755 -0.2129
vn -0.4576 -0.7969 -0.3945
vn -0.4082 -0.8165 -0.4083
vn -0.2117 -0.8387 -0.5017
vn 0.2292 -0.9641 -0.1343
vn 0.0157 -0.9998 -0.0157
vn -0.1260 -0.9840 -0.1259
vn -0.0632 -0.9878 0.1422
vn 0.0157 -0.9805 0.1960
vn -0.2682 0.8601 -0.4340
vn -0.1654 0.8741 -0.4567
vn -0.2682 0.8601 -0.4339
vn -0.1966 0.9048 -0.3776
vn 0.1021 0.5188 -0.8488
vn -0.9609 -0.0709 -0.2677
vn 0.4335 0.8827 -0.1813
vn -0.1415 0.9509 0.2751
vn -0.3220 -0.8166 -0.4790
vn -0.0078 0.1027 -0.9947
vn -0.1336 -0.4713 -0.8718
vn 0.3463 0.1338 -0.9285
vn 0.1338 0.9520 0.2754
vn -0.4258 0.8831 -0.1971
vn 0.0868 0.9148 0.3944
vn -0.4795 0.8647 -0.1494
vn -0.0237 0.8531 -0.5213
vn -0.4875 -0.8176 -0.3066
vn -0.4783 0.8626 -0.1647
vn 0.1338 0.9520 0.2755
vn -0.4417 0.8675 -0.2287
vn -0.4784 0.8626 -0.1647
vn -0.8856 -0.3401 -0.3163
vn -0.8347 -0.5276 -0.1575
vn -0.4660 0.8137 -0.3476
vn -0.0158 0.9657 -0.2591
vn -0.1656 0.7647 -0.6228
vn 0.0315 0.8673 -0.4968
vn -0.1416 0.5902 -0.7947
vn -0.6556 -0.5609 -0.5055
vn -0.8488 -0.5188 -0.1022
vn 0.3691 -0.6989 -0.6126
vn -0.5347 0.5269 -0.6606
vn -0.6067 0.1891 -0.7722
vn -0.2203 0.9444 -0.2440
vn -0.2923 0.5925 -0.7506
vn 0.4795 0.8098 -0.3380
vn 0.4338 0.8755 -0.2130
vn 0.0551 -0.9985 -0.0078
vn 0.0158 -0.9998 -0.0157
vn -0.1183 -0.7330 -0.6699
vn -0.0632 -0.9878 0.1423
vn 0.1259 -0.9915 -0.0314
vn -0.0078 -0.9771 -0.2127
vn 0.2123 -0.9198 -0.3302
vn 0.0078 -0.9899 -0.1414
vn 0.3163 0.8856 -0.3400
vn -0.0868 0.9148 0.3944
vn 0.0078 0.8975 0.4409
vn 0.1262 0.7964 -0.5914
vn 0.4257 0.5992 -0.6780
vn -0.0948 -0.9947 0.0395
vn -0.4661 0.8136 -0.3475
vn -0.2679 -0.8350 -0.4806
vn -0.2117 -0.8388 -0.5017
vn -0.3558 0.0554 -0.9329
vn 0.0393 0.9903 -0.1336
vn -0.2124 0.9520 -0.2203
vn 0.5674 -0.6384 -0.5201
vn 0.4174 -0.8190 -0.3937
vn 0.0550 -0.9985 -0.0078
vn 0.2828 -0.8641 -0.4164
vn -0.8347 -0.5277 -0.1575
vn -0.2039 -0.8708 -0.4473
vn 0.0394 0.6784 -0.7336
vn 0.1814 0.9545 -0.2367
vn 0.0394 0.6784 -0.7337
vn 0.3392 0.8679 -0.3629
vn 0.5041 0.1890 -0.8427
vn 0.1498 -0.1497 -0.9773
vn -0.0237 0.5600 -0.8282
vn -0.3462 0.8892 -0.2990
vn 0.0392 -0.8637 -0.5025
vn -0.2116 -0.8387 -0.5017
vn 0.3136 -0.7058 -0.6352
vn -0.3867 -0.6866 -0.6156
vn -0.2277 0.3454 -0.9104
vn -0.4562 -0.1258 -0.8809
vn -0.6505 0.3919 -0.6506
vn 0.2673 -0.8489 -0.4559
vn -0.3468 -0.0157 -0.9378
vn -0.2516 -0.6056 -0.7550
vn 0.7530 -0.4158 -0.5100
vn 0.1573 0.2358 -0.9590
vn -0.3158 0.9001 -0.3000
vn -0.0235 0.8779 0.4782
vn -0.1178 0.9187 -0.3769
vn -0.3158 0.9001 -0.3002
vn 0.1177 0.3140 -0.9421
vn 0.3462 0.1337 -0.9286
vn 0.1183 0.5361 -0.8358
vn 0.3393 0.8679 -0.3629
vn 0.5137 0.7350 -0.4426
vn 0.1260 -0.9915 -0.0314
vn 0.2994 0.4886 -0.8195
vn -0.4965 0.7566 -0.4256
vn -0.3463 0.8892 -0.2990
vn 0.7881 0.5990 -0.1419
vn 0.5040 0.1890 -0.8428
vn 0.2994 0.4885 -0.8196
vn 0.4091 0.7711 -0.4879
vn 0.3447 0.5720 -0.7443
vn 0.0630 0.9522 -0.2990
vn 0.3213 0.8621 -0.3919
vn 0.4091 0.7711 -0.4878
vn -0.4661 0.8136 -0.3476
vn 0.1658 0.7576 -0.6313
vn 0.4796 0.8097 -0.3381
vn 0.5519 -0.2207 -0.8042
vn 0.2046 -0.4720 -0.8576
vn 0.3448 0.5720 -0.7443
vn 0.7367 0.3841 -0.5565
vn 0.5678 0.1341 -0.8122
vn 0.7483 -0.5278 -0.4017
vn 0.1882 0.8785 -0.4392
vn -0.0000 0.8975 0.4410
vn -0.7155 -0.2280 -0.6604
vn -0.6700 -0.4492 -0.5911
vn -0.8104 0.1495 -0.5665
vn -0.7163 -0.1338 -0.6848
vn -0.5512 -0.6930 -0.4647
vn -0.5737 -0.3851 -0.7230
vn 0.5040 0.1890 -0.8427
vn 0.6530 -0.3698 -0.6610
vn 0.6922 0.2045 -0.6922
vn -0.2925 0.6561 -0.6957
vn -0.3698 0.4092 -0.8341
vn -0.1417 0.5902 -0.7948
vn -0.2678 -0.8351 -0.4806
vn 0.2681 0.0473 -0.9622
vn -0.1334 0.2826 -0.9499
vn -0.5529 -0.8055 -0.2132
vn -0.1417 0.5902 -0.7947
vn -0.2925 0.6562 -0.6956
vn -0.1654 0.8741 -0.4568
vn 0.3624 0.2994 -0.8826
vn -0.0392 0.0471 -0.9981
vn 0.0394 0.4022 -0.9147
vn 0.3625 0.2995 -0.8826
vn 0.0394 0.4021 -0.9147
vn 0.7855 0.3378 -0.5185
vn 0.3625 0.2995 -0.8825
vn 0.8220 0.5691 0.0237
vn 0.6941 0.6074 -0.3864
vn -0.0316 0.7338 -0.6786
vn 0.1572 0.2358 -0.9590
vn -0.2675 0.2282 -0.9362
vn 0.3067 0.5898 -0.7470
vn 0.8571 0.1415 -0.4954
vn 0.6147 -0.7329 -0.2915
vn 0.2680 -0.9298 -0.2522
vn 0.2370 0.3002 -0.9240
vn -0.2924 0.5925 -0.7506
vn -0.2679 -0.8351 -0.4805
vn -0.4007 -0.7857 -0.4714
vn -0.4083 -0.8165 -0.4082
vn -0.5997 -0.7419 -0.2999
vn 0.7825 0.0869 -0.6165
vn -0.4581 0.6556 -0.6003
vn -0.5998 -0.7419 -0.2999
vn 0.3213 0.8621 -0.3918
vn 0.2679 -0.9299 -0.2521
vn 0.5275 -0.7008 -0.4802
vn 0.2672 -0.8490 -0.4559
vn 0.6440 -0.2278 -0.7304
vn 0.4896 -0.2448 -0.8369
vn 0.2995 0.4885 -0.8195
vn 0.5040 0.1891 -0.8427
vn 0.6531 -0.3698 -0.6609
vn 0.3771 -0.9034 -0.2042
vn 0.1882 0.8784 -0.4392
vn -0.7154 -0.2279 -0.6604
vn -0.7000 0.0944 -0.7079
vn -0.8104 0.1494 -0.5665
vn -0.7000 0.0943 -0.7079
vn 0.3770 -0.9034 -0.2043
vn 0.4338 -0.7809 -0.4495
vn 0.4338 -0.7808 -0.4495
vn 0.2673 -0.8490 -0.4559
vn -0.5109 0.0708 -0.8567
vn -0.5737 0.3850 -0.7230
vn -0.6456 0.5117 -0.5669
vn 0.2995 0.4886 -0.8195
vn -0.2195 0.1489 -0.9642
vn -0.2983 -0.0941 -0.9498
vn -0.2678 -0.8351 -0.4805
vn 0.6440 -0.2278 -0.7303
vn -0.0631 -0.9634 -0.2606
vn -0.3699 0.4092 -0.8341
vn -0.5736 0.3850 -0.7230
vn 0.3463 0.1338 -0.9286
vn 0.1178 0.3140 -0.9421
vn -0.2116 -0.8388 -0.5017
vn -0.1101 -0.9674 -0.2281
vn -0.4082 -0.8165 -0.4082
vn 0.1181 0.1811 -0.9763
vn -0.1580 0.1186 -0.9803
vn -0.6506 0.3919 -0.6505
vn 0.4803 0.7008 -0.5275
vn 0.3214 0.8621 -0.3919
vn 0.7368 0.3840 -0.5565
vn 0.6922 0.2044 -0.6922
vn -0.5767 -0.6084 -0.5452
vn -0.4576 -0.7969 -0.3944
vn -0.5736 0.3851 -0.7230
vn 0.4803 0.7007 -0.5275
vn 0.5041 0.1891 -0.8427
vn 0.6921 0.2045 -0.6922
vn -0.2683 0.8600 -0.4340
vn -0.6456 0.5118 -0.5669
vn 0.4092 0.7711 -0.4878
vn -0.5736 0.3851 -0.7229
vn 0.4803 0.7007 -0.5276
vn 0.4258 0.5992 -0.6780
vn 0.4173 -0.8190 -0.3937
vn 0.5275 -0.7008 -0.4803
vn 0.2751 -0.1414 -0.9510
vn 0.1182 0.1811 -0.9763
vn -0.3219 -0.8167 -0.4790
vn -0.2195 0.1490 -0.9642
vn 0.4262 0.5603 -0.7102
vn -0.7855 0.5656 -0.2514
vn -0.7914 0.5642 -0.2351
vn 0.4261 0.5603 -0.7103
vn 0.3624 0.2995 -0.8826
vn -0.4863 0.5256 -0.6980
vn -0.7854 0.5656 -0.2514
vn 0.3692 -0.6989 -0.6126
vn 0.1184 0.1809 -0.9763
vn 0.2681 0.0474 -0.9622
vn -0.0632 -0.9634 -0.2606
vn -0.1731 0.4405 -0.8809
vn 0.7825 0.0870 -0.6165
vn 0.1178 0.3141 -0.9421
vn -0.1730 0.4404 -0.8809
vn -0.1730 0.4404 -0.8810
vn 0.4092 0.7711 -0.4879
vn -0.1967 0.9048 -0.3777
vn -0.6456 0.5118 -0.5668
vn -0.3867 -0.6866 -0.6157
vn -0.5499 -0.7148 -0.4321
vn 0.7368 0.3841 -0.5565
vn -0.3455 -0.7305 -0.5891
vn 0.3692 -0.6989 -0.6125
vn -0.2679 0.7955 -0.5435
vn 0.0395 0.4022 -0.9147
vn -0.3220 -0.8167 -0.4790
vn -0.0632 -0.9634 -0.2605
vt 0.802693 0.765705
vt 0.788717 0.774145
vt 0.785595 0.757313
vt 0.774831 0.442434
vt 0.786113 0.437025
vt 0.782765 0.460213
vt 0.802629 0.447593
vt 0.802383 0.434712
vt 0.802201 0.776743
vt 0.784237 0.735925
vt 0.802014 0.746306
vt 0.772446 0.736281
vt 0.768328 0.750414
vt 0.045001 0.031863
vt 0.035138 0.049879
vt 0.033296 0.031954
vt 0.762665 0.492544
vt 0.768489 0.467865
vt 0.925943 0.298638
vt 0.915309 0.313908
vt 0.914108 0.298904
vt 0.814336 0.764446
vt 0.713791 0.629530
vt 0.712735 0.587720
vt 0.739818 0.623285
vt 0.022452 0.051575
vt 0.696396 0.612250
vt 0.709359 0.560417
vt 0.726771 0.660581
vt 0.738990 0.646739
vt 0.714415 0.665249
vt 0.752893 0.602714
vt 0.754254 0.480947
vt 0.765980 0.451949
vt 0.789801 0.471910
vt 0.733220 0.576624
vt 0.744991 0.683877
vt 0.761543 0.692402
vt 0.757998 0.719876
vt 0.737044 0.523294
vt 0.724733 0.560123
vt 0.747812 0.531813
vt 0.692368 0.584162
vt 0.062022 0.026388
vt 0.059800 0.034463
vt 0.418737 0.558721
vt 0.420591 0.572647
vt 0.408216 0.565633
vt 0.724696 0.518261
vt 0.735552 0.686483
vt 0.737135 0.708670
vt 0.510148 0.552746
vt 0.477670 0.567505
vt 0.480196 0.558141
vt 0.195449 0.067506
vt 0.192072 0.051962
vt 0.218033 0.065420
vt 0.710479 0.681020
vt 0.737468 0.502173
vt 0.767417 0.509172
vt 0.139169 0.055981
vt 0.167704 0.049848
vt 0.690395 0.638982
vt 0.725594 0.698362
vt 0.756402 0.577987
vt 0.756855 0.545341
vt 0.239213 0.059932
vt 0.225673 0.050532
vt 0.090106 0.033186
vt 0.132763 0.046395
vt 0.755956 0.668943
vt 0.817925 0.922206
vt 0.807789 0.933826
vt 0.810585 0.921706
vt 0.051878 0.052050
vt 0.761851 0.629579
vt 0.243237 0.044762
vt 0.265565 0.053386
vt 0.770805 0.603572
vt 0.769770 0.572621
vt 0.762928 0.648854
vt 0.805777 0.469428
vt 0.771412 0.526869
vt 0.796719 0.727010
vt 0.818085 0.939736
vt 0.909940 0.289481
vt 0.900630 0.300248
vt 0.302205 0.960370
vt 0.283060 0.965030
vt 0.295956 0.951545
vt 0.540765 0.529703
vt 0.588844 0.501317
vt 0.592167 0.518796
vt 0.494088 0.546995
vt 0.460314 0.556285
vt 0.450938 0.573796
vt 0.552946 0.533941
vt 0.397684 0.075954
vt 0.400144 0.074597
vt 0.399625 0.084201
vt 0.402753 0.093332
vt 0.400119 0.093788
vt 0.398106 0.092779
vt 0.396485 0.091395
vt 0.394563 0.086543
vt 0.394407 0.084200
vt 0.394547 0.081857
vt 0.403374 0.084744
vt 0.403538 0.091193
vt 0.403480 0.079692
vt 0.403533 0.077347
vt 0.402765 0.075095
vt 0.122627 0.065376
vt 0.221863 0.097735
vt 0.162845 0.072850
vt 0.438938 0.551462
vt 0.374946 0.308275
vt 0.372321 0.302297
vt 0.378185 0.301446
vt 0.941491 0.322739
vt 0.942514 0.313268
vt 0.952094 0.324282
vt 0.776128 0.641513
vt 0.373767 0.292817
vt 0.892647 0.291074
vt 0.609074 0.493368
vt 0.814057 0.742437
vt 0.255772 0.082590
vt 0.394973 0.079492
vt 0.281309 0.074034
vt 0.814548 0.455296
vt 0.780927 0.689677
vt 0.394934 0.088912
vt 0.516459 0.522436
vt 0.566909 0.500081
vt 0.030218 0.303659
vt 0.016413 0.305554
vt 0.019440 0.298950
vt 0.241138 0.103778
vt 0.384636 0.295761
vt 0.393112 0.286278
vt 0.395141 0.311332
vt 0.020861 0.313946
vt 0.955858 0.314917
vt 0.959306 0.327208
vt 0.936198 0.315151
vt 0.280518 0.114106
vt 0.794046 0.487877
vt 0.374576 0.066421
vt 0.380214 0.068568
vt 0.374735 0.068791
vt 0.380443 0.066413
vt 0.379548 0.064282
vt 0.374721 0.064048
vt 0.033675 0.318300
vt 0.774637 0.667992
vt 0.625339 0.759490
vt 0.620030 0.738084
vt 0.629944 0.715394
vt 0.610278 0.774827
vt 0.604744 0.762600
vt 0.041850 0.289300
vt 0.639498 0.715192
vt 0.603771 0.738841
vt 0.597759 0.736237
vt 0.602415 0.725019
vt 0.606253 0.708655
vt 0.611795 0.713711
vt 0.595405 0.787251
vt 0.594280 0.781024
vt 0.573138 0.478198
vt 0.387732 0.050848
vt 0.389125 0.051613
vt 0.388447 0.052876
vt 0.386632 0.052734
vt 0.632589 0.694260
vt 0.953166 0.708549
vt 0.964051 0.731208
vt 0.952382 0.737629
vt 0.480271 0.352380
vt 0.463807 0.344042
vt 0.437586 0.326203
vt 0.642091 0.677334
vt 0.644504 0.712372
vt 0.590915 0.717717
vt 0.589685 0.730914
vt 0.948126 0.685130
vt 0.954994 0.687634
vt 0.620648 0.683272
vt 0.627770 0.674237
vt 0.639352 0.663946
vt 0.646988 0.733706
vt 0.416010 0.307627
vt 0.484340 0.339130
vt 0.378883 0.070812
vt 0.389088 0.081177
vt 0.386509 0.079974
vt 0.388268 0.079569
vt 0.387681 0.081926
vt 0.590799 0.757632
vt 0.053251 0.299692
vt 0.583436 0.744929
vt 0.570332 0.758596
vt 0.559483 0.762944
vt 0.562814 0.752559
vt 0.595007 0.659284
vt 0.586072 0.668848
vt 0.586882 0.651465
vt 0.237164 0.120267
vt 0.116602 0.254164
vt 0.089577 0.270527
vt 0.103290 0.257186
vt 0.605026 0.679932
vt 0.618580 0.671223
vt 0.610778 0.666537
vt 0.599599 0.674606
vt 0.578617 0.770819
vt 0.948232 0.904899
vt 0.958684 0.885383
vt 0.952650 0.923401
vt 0.549497 0.773237
vt 0.546431 0.761834
vt 0.136217 0.233050
vt 0.147002 0.214828
vt 0.150041 0.231196
vt 0.067220 0.285684
vt 0.109979 0.272416
vt 0.950100 0.880215
vt 0.571274 0.737185
vt 0.584955 0.723756
vt 0.582271 0.735507
vt 0.202130 0.114849
vt 0.057443 0.310160
vt 0.945609 0.656804
vt 0.959533 0.660454
vt 0.950108 0.639018
vt 0.965316 0.769284
vt 0.970899 0.798169
vt 0.961357 0.779393
vt 0.386674 0.049758
vt 0.580065 0.680229
vt 0.569907 0.673394
vt 0.570685 0.687418
vt 0.588451 0.680984
vt 0.594412 0.668587
vt 0.595482 0.688710
vt 0.526571 0.762353
vt 0.535073 0.752216
vt 0.540658 0.768150
vt 0.583619 0.704105
vt 0.572885 0.656084
vt 0.563247 0.662595
vt 0.557603 0.655800
vt 0.579561 0.646133
vt 0.966668 0.644634
vt 0.375133 0.061651
vt 0.379183 0.062089
vt 0.547016 0.740420
vt 0.558175 0.742944
vt 0.523980 0.743923
vt 0.529319 0.734421
vt 0.544319 0.667102
vt 0.539024 0.682051
vt 0.532306 0.675435
vt 0.570055 0.782153
vt 0.562747 0.774881
vt 0.583051 0.795172
vt 0.572291 0.792988
vt 0.516649 0.720180
vt 0.577440 0.759091
vt 0.576516 0.750371
vt 0.579419 0.783629
vt 0.542710 0.723367
vt 0.538624 0.738998
vt 0.531907 0.724947
vt 0.609270 0.652899
vt 0.620379 0.656715
vt 0.532864 0.775331
vt 0.580058 0.716032
vt 0.566244 0.723318
vt 0.572512 0.703363
vt 0.592918 0.702500
vt 0.578893 0.694904
vt 0.606969 0.693602
vt 0.555908 0.687162
vt 0.522167 0.356931
vt 0.507672 0.362454
vt 0.635839 0.442629
vt 0.632078 0.469174
vt 0.535134 0.785069
vt 0.520732 0.378147
vt 0.555811 0.731388
vt 0.552746 0.710922
vt 0.560832 0.698213
vt 0.545975 0.703597
vt 0.144115 0.253729
vt 0.557814 0.675607
vt 0.468802 0.315430
vt 0.459216 0.303956
vt 0.492605 0.322359
vt 0.527565 0.691278
vt 0.518268 0.695771
vt 0.522567 0.681948
vt 0.610124 0.465085
vt 0.346257 0.947590
vt 0.339626 0.953039
vt 0.332971 0.949415
vt 0.773919 0.541023
vt 0.383418 0.052247
vt 0.596728 0.708284
vt 0.522445 0.706530
vt 0.538257 0.702000
vt 0.556713 0.782866
vt 0.546296 0.787784
vt 0.565358 0.643952
vt 0.551821 0.643875
vt 0.560185 0.790871
vt 0.384151 0.077078
vt 0.386825 0.076202
vt 0.583458 0.635049
vt 0.546828 0.683017
vt 0.545417 0.387163
vt 0.384159 0.055708
vt 0.568398 0.665323
vt 0.386631 0.083059
vt 0.609525 0.042374
vt 0.599500 0.028455
vt 0.614032 0.027808
vt 0.386849 0.056639
vt 0.534079 0.714167
vt 0.957776 0.852578
vt 0.383485 0.080603
vt 0.539981 0.746976
vt 0.514756 0.706673
vt 0.096271 0.302133
vt 0.568567 0.633662
vt 0.564195 0.630398
vt 0.569092 0.624800
vt 0.123303 0.280622
vt 0.619729 0.645948
vt 0.595361 0.632271
vt 0.585515 0.627372
vt 0.601770 0.644525
vt 0.519254 0.775377
vt 0.383763 0.074805
vt 0.517727 0.763229
vt 0.168351 0.203677
vt 0.410406 0.295439
vt 0.604371 0.636458
vt 0.558391 0.638731
vt 0.966425 0.712724
vt 0.375144 0.071186
vt 0.515582 0.755900
vt 0.964678 0.856494
vt 0.965834 0.830536
vt 0.094791 0.068417
vt 0.513824 0.742495
vt 0.521188 0.790491
vt 0.517454 0.787482
vt 0.518548 0.781433
vt 0.382868 0.057827
vt 0.130336 0.288418
vt 0.564412 0.713917
vt 0.561083 0.731036
vt 0.976630 0.818709
vt 0.978139 0.827173
vt 0.963389 0.941493
vt 0.964618 0.959489
vt 0.950099 0.958561
vt 0.955180 0.974004
vt 0.544945 0.647745
vt 0.035467 0.067761
vt 0.027579 0.059598
vt 0.574595 0.612909
vt 0.577951 0.617280
vt 0.572310 0.620116
vt 0.642018 0.036483
vt 0.631940 0.043150
vt 0.277094 0.151509
vt 0.263585 0.139153
vt 0.295722 0.133343
vt 0.229587 0.134925
vt 0.262582 0.165691
vt 0.382223 0.064283
vt 0.382751 0.062375
vt 0.596772 0.045185
vt 0.054146 0.067486
vt 0.306551 0.937858
vt 0.539167 0.347693
vt 0.521167 0.396360
vt 0.533546 0.398080
vt 0.169745 0.229686
vt 0.189595 0.248995
vt 0.218791 0.212599
vt 0.231459 0.246910
vt 0.561074 0.709840
vt 0.568535 0.699518
vt 0.972051 0.972562
vt 0.382226 0.072732
vt 0.381836 0.075216
vt 0.385534 0.070432
vt 0.386156 0.072272
vt 0.515630 0.792838
vt 0.432270 0.287235
vt 0.567932 0.393943
vt 0.526104 0.788812
vt 0.532239 0.791065
vt 0.530517 0.660157
vt 0.579498 0.613379
vt 0.974232 0.779647
vt 0.381944 0.055289
vt 0.386169 0.060544
vt 0.381951 0.060067
vt 0.248137 0.228293
vt 0.581421 0.619403
vt 0.556032 0.949205
vt 0.554696 0.957372
vt 0.552775 0.952779
vt 0.941918 0.953156
vt 0.941918 0.958605
vt 0.939288 0.955867
vt 0.476170 0.540965
vt 0.386798 0.062589
vt 0.664821 0.046004
vt 0.655382 0.052416
vt 0.075387 0.316245
vt 0.017983 0.322207
vt 0.170828 0.272741
vt 0.188748 0.196685
vt 0.574596 0.689461
vt 0.557223 0.043961
vt 0.539662 0.048556
vt 0.558969 0.037495
vt 0.584421 0.615115
vt 0.524520 0.500344
vt 0.573085 0.037653
vt 0.150601 0.194490
vt 0.649763 0.914285
vt 0.656242 0.936347
vt 0.643963 0.939406
vt 0.627099 0.417030
vt 0.607271 0.427627
vt 0.615197 0.370823
vt 0.605502 0.625571
vt 0.614828 0.633945
vt 0.312453 0.542774
vt 0.282080 0.548247
vt 0.287806 0.536618
vt 0.393452 0.278426
vt 0.340241 0.938658
vt 0.196382 0.141865
vt 0.224508 0.182870
vt 0.181448 0.168755
vt 0.564690 0.048274
vt 0.580635 0.040527
vt 0.589568 0.353122
vt 0.593162 0.396240
vt 0.780907 0.581433
vt 0.782205 0.612288
vt 0.962461 0.685741
vt 0.390462 0.052314
vt 0.389239 0.051415
vt 0.390510 0.052058
vt 0.977450 0.658376
vt 0.970753 0.672585
vt 0.543253 0.327090
vt 0.598166 0.618710
vt 0.055720 0.324803
vt 0.629200 0.645194
vt 0.548647 0.034652
vt 0.383708 0.066414
vt 0.384369 0.068640
vt 0.381700 0.079819
vt 0.381943 0.077510
vt 0.539203 0.040333
vt 0.513947 0.690592
vt 0.950082 0.286191
vt 0.947449 0.286191
vt 0.947992 0.281868
vt 0.641767 0.415978
vt 0.576197 0.053058
vt 0.446955 0.821020
vt 0.463065 0.816569
vt 0.451654 0.823610
vt 0.328322 0.932082
vt 0.332539 0.921598
vt 0.350297 0.938693
vt 0.345533 0.931015
vt 0.965230 0.918251
vt 0.974918 0.930457
vt 0.965623 0.898024
vt 0.945060 0.931409
vt 0.779639 0.556585
vt 0.240853 0.265367
vt 0.264951 0.229838
vt 0.250089 0.193043
vt 0.598974 0.336559
vt 0.146542 0.291027
vt 0.492715 0.514002
vt 0.263300 0.546682
vt 0.458650 0.295582
vt 0.386264 0.064163
vt 0.300943 0.157441
vt 0.944509 0.289015
vt 0.952176 0.305989
vt 0.937108 0.297150
vt 0.485541 0.305512
vt 0.388413 0.061220
vt 0.468419 0.820903
vt 0.478410 0.815009
vt 0.378491 0.281953
vt 0.264353 0.762638
vt 0.269827 0.770360
vt 0.240450 0.783908
vt 0.524898 0.045688
vt 0.108922 0.308337
vt 0.375601 0.075711
vt 0.377685 0.073375
vt 0.847040 0.455604
vt 0.852394 0.444080
vt 0.852163 0.451006
vt 0.389973 0.078677
vt 0.389232 0.074528
vt 0.390447 0.080483
vt 0.512639 0.053062
vt 0.835169 0.453539
vt 0.834529 0.445561
vt 0.844725 0.443970
vt 0.430059 0.278383
vt 0.638048 0.384526
vt 0.633977 0.824525
vt 0.620382 0.816994
vt 0.634380 0.811929
vt 0.388442 0.071616
vt 0.388127 0.069787
vt 0.389291 0.058088
vt 0.560475 0.056479
vt 0.871190 0.430983
vt 0.880515 0.427396
vt 0.888091 0.434460
vt 0.517777 0.046232
vt 0.523217 0.044515
vt 0.277235 0.183267
vt 0.575896 0.428746
vt 0.185518 0.284198
vt 0.537869 0.311895
vt 0.132212 0.083628
vt 0.145910 0.111081
vt 0.533064 0.430792
vt 0.383361 0.806984
vt 0.391239 0.820799
vt 0.385641 0.815440
vt 0.236105 0.541628
vt 0.251696 0.533227
vt 0.849202 0.461915
vt 0.988104 0.648826
vt 0.381807 0.052968
vt 0.035396 0.328741
vt 0.375478 0.058721
vt 0.377694 0.059440
vt 0.974128 0.844675
vt 0.899419 0.323159
vt 0.378027 0.057193
vt 0.405624 0.758295
vt 0.400066 0.763981
vt 0.398181 0.757065
vt 0.874330 0.501693
vt 0.888555 0.503771
vt 0.881816 0.506443
vt 0.393170 0.763143
vt 0.880027 0.499372
vt 0.983867 0.796837
vt 0.466495 0.911166
vt 0.454495 0.909065
vt 0.467141 0.906269
vt 0.884988 0.404636
vt 0.892973 0.408392
vt 0.884287 0.408757
vt 0.107315 0.082337
vt 0.205917 0.537940
vt 0.199290 0.530779
vt 0.263985 0.285814
vt 0.345518 0.917857
vt 0.353612 0.919550
vt 0.889424 0.429614
vt 0.232405 0.291909
vt 0.386754 0.804207
vt 0.432059 0.535573
vt 0.413166 0.543950
vt 0.901283 0.432506
vt 0.893699 0.404088
vt 0.633580 0.066182
vt 0.536809 0.950990
vt 0.540744 0.949985
vt 0.540841 0.957263
vt 0.165373 0.173113
vt 0.651779 0.844014
vt 0.635874 0.846230
vt 0.901695 0.408144
vt 0.658835 0.077252
vt 0.331198 0.529278
vt 0.319464 0.517500
vt 0.282722 0.522533
vt 0.307613 0.483125
vt 0.335445 0.491684
vt 0.336422 0.517516
vt 0.414390 0.832137
vt 0.416363 0.826752
vt 0.426647 0.832042
vt 0.856103 0.461079
vt 0.974186 0.725622
vt 0.453418 0.902718
vt 0.376804 0.763125
vt 0.386116 0.776866
vt 0.380910 0.781724
vt 0.467979 0.898425
vt 0.476272 0.895705
vt 0.477310 0.901895
vt 0.390438 0.768270
vt 0.390660 0.776917
vt 0.551355 0.444582
vt 0.785606 0.526100
vt 0.853210 0.504691
vt 0.867005 0.495583
vt 0.874440 0.514482
vt 0.406531 0.829082
vt 0.318849 0.186114
vt 0.291588 0.233748
vt 0.527250 0.952773
vt 0.526357 0.957253
vt 0.523237 0.953827
vt 0.232558 0.533459
vt 0.216653 0.515079
vt 0.611544 0.323366
vt 0.563565 0.298980
vt 0.873864 0.389979
vt 0.879817 0.391987
vt 0.875385 0.397974
vt 0.882426 0.366009
vt 0.879788 0.360481
vt 0.885259 0.358537
vt 0.876051 0.363055
vt 0.480541 0.862747
vt 0.482378 0.868988
vt 0.475748 0.868138
vt 0.635311 0.306235
vt 0.780987 0.157252
vt 0.809639 0.151099
vt 0.795156 0.164677
vt 0.936482 0.952117
vt 0.940547 0.942564
vt 0.941686 0.951669
vt 0.526679 0.064019
vt 0.535111 0.071443
vt 0.268254 0.510873
vt 0.973615 0.873810
vt 0.192715 0.521916
vt 0.390600 0.063017
vt 0.390405 0.064357
vt 0.477528 0.859347
vt 0.483544 0.857750
vt 0.944705 0.467236
vt 0.934896 0.450355
vt 0.950665 0.462921
vt 0.811562 0.124037
vt 0.817024 0.142053
vt 0.798320 0.136914
vt 0.622985 0.302948
vt 0.599225 0.294453
vt 0.062858 0.331890
vt 0.078124 0.327642
vt 0.378148 0.075628
vt 0.333422 0.460333
vt 0.505483 0.062243
vt 0.390399 0.068077
vt 0.613887 0.958593
vt 0.611169 0.958593
vt 0.613741 0.954522
vt 0.284803 0.280825
vt 0.526416 0.949157
vt 0.675653 0.782417
vt 0.674483 0.774299
vt 0.678685 0.778965
vt 0.600947 0.067351
vt 0.924541 0.281681
vt 0.927367 0.280116
vt 0.929063 0.284122
vt 0.474204 0.862916
vt 0.471723 0.857594
vt 0.387573 0.783253
vt 0.456862 0.880815
vt 0.455977 0.875610
vt 0.461647 0.875999
vt 0.451661 0.870301
vt 0.458052 0.864971
vt 0.321649 0.467933
vt 0.983276 0.773897
vt 0.463808 0.859572
vt 0.455706 0.856441
vt 0.878505 0.381119
vt 0.875180 0.356998
vt 0.464698 0.867710
vt 0.389833 0.753186
vt 0.894513 0.359951
vt 0.894385 0.368394
vt 0.889438 0.359255
vt 0.477258 0.886265
vt 0.482780 0.887547
vt 0.663671 0.116453
vt 0.657474 0.109713
vt 0.889645 0.512812
vt 0.470280 0.860855
vt 0.872196 0.378999
vt 0.458367 0.777392
vt 0.462360 0.780373
vt 0.456043 0.783198
vt 0.566825 0.071298
vt 0.156377 0.300986
vt 0.402858 0.071542
vt 0.404459 0.069602
vt 0.405425 0.071497
vt 0.375012 0.747468
vt 0.466660 0.774469
vt 0.462688 0.766154
vt 0.459177 0.772937
vt 0.452265 0.766996
vt 0.451199 0.861724
vt 0.443590 0.861169
vt 0.447205 0.853267
vt 0.897996 0.362776
vt 0.900124 0.371741
vt 0.897278 0.380744
vt 0.923630 0.477997
vt 0.924466 0.492570
vt 0.920922 0.483615
vt 0.391101 0.061577
vt 0.874472 0.371676
vt 0.464026 0.286198
vt 0.477525 0.292487
vt 0.880157 0.355552
vt 0.453589 0.537047
vt 0.477117 0.876905
vt 0.898641 0.355745
vt 0.904003 0.356193
vt 0.931817 0.302447
vt 0.402660 0.052678
vt 0.405457 0.052847
vt 0.404400 0.054667
vt 0.912044 0.353277
vt 0.912764 0.357023
vt 0.908076 0.360197
vt 0.449419 0.905395
vt 0.444231 0.910614
vt 0.479776 0.782043
vt 0.489203 0.779279
vt 0.488937 0.794360
vt 0.455990 0.756922
vt 0.448773 0.758310
vt 0.390597 0.069826
vt 0.391087 0.071262
vt 0.413027 0.754895
vt 0.413215 0.746450
vt 0.404763 0.746789
vt 0.352002 0.787242
vt 0.350635 0.784452
vt 0.352002 0.782854
vt 0.623411 0.084611
vt 0.872089 0.435845
vt 0.863584 0.436470
vt 0.945753 0.447512
vt 0.878126 0.355830
vt 0.877765 0.358246
vt 0.882035 0.374838
vt 0.913475 0.379964
vt 0.905728 0.374860
vt 0.903683 0.363289
vt 0.403359 0.819144
vt 0.399518 0.826992
vt 0.378534 0.077653
vt 0.943939 0.439435
vt 0.936494 0.440210
vt 0.930920 0.431105
vt 0.471395 0.878073
vt 0.933334 0.286314
vt 0.935444 0.282603
vt 0.936637 0.286314
vt 0.320561 0.286493
vt 0.297120 0.317554
vt 0.338375 0.259279
vt 0.936891 0.266060
vt 0.939418 0.274490
vt 0.933897 0.277747
vt 0.913947 0.360614
vt 0.918517 0.372918
vt 0.443512 0.885002
vt 0.447220 0.891456
vt 0.834923 0.462644
vt 0.137510 0.129355
vt 0.951238 0.478363
vt 0.947202 0.475755
vt 0.938262 0.486722
vt 0.928911 0.479577
vt 0.483002 0.876540
vt 0.766218 0.958952
vt 0.763853 0.956454
vt 0.766218 0.955968
vt 0.474273 0.765501
vt 0.858842 0.451446
vt 0.863508 0.443990
vt 0.858543 0.437791
vt 0.982424 0.949934
vt 0.651373 0.886770
vt 0.952783 0.276920
vt 0.952609 0.282141
vt 0.950511 0.279911
vt 0.446211 0.746458
vt 0.443218 0.751500
vt 0.437390 0.749971
vt 0.451381 0.896356
vt 0.457508 0.895457
vt 0.936140 0.415746
vt 0.933609 0.412040
vt 0.936989 0.412583
vt 0.441291 0.633697
vt 0.443715 0.646929
vt 0.427459 0.645021
vt 0.434170 0.657691
vt 0.485222 0.674296
vt 0.484331 0.678765
vt 0.479489 0.678882
vt 0.476115 0.796511
vt 0.470616 0.790748
vt 0.904527 0.392217
vt 0.463120 0.688915
vt 0.447807 0.688820
vt 0.456435 0.686239
vt 0.382433 0.727363
vt 0.444418 0.873309
vt 0.437910 0.868305
vt 0.158042 0.187784
vt 0.140855 0.163198
vt 0.942698 0.586618
vt 0.953025 0.599804
vt 0.940682 0.597513
vt 0.310579 0.325234
vt 0.786996 0.633377
vt 0.533320 0.298958
vt 0.945317 0.483565
vt 0.516828 0.477071
vt 0.339588 0.958884
vt 0.337259 0.958884
vt 0.338500 0.955633
vt 0.440639 0.674814
vt 0.435947 0.681054
vt 0.430120 0.672116
vt 0.480965 0.772264
vt 0.487932 0.762053
vt 0.939437 0.609751
vt 0.120424 0.313509
vt 0.941309 0.576041
vt 0.932920 0.574768
vt 0.934618 0.566716
vt 0.940149 0.472802
vt 0.934266 0.475821
vt 0.932696 0.460656
vt 0.926688 0.471255
vt 0.952151 0.612319
vt 0.476497 0.684333
vt 0.471740 0.683607
vt 0.288395 0.347161
vt 0.303736 0.354494
vt 0.426825 0.678001
vt 0.429955 0.683053
vt 0.464552 0.759187
vt 0.910257 0.391914
vt 0.422126 0.273915
vt 0.941483 0.564802
vt 0.948039 0.564515
vt 0.946446 0.567379
vt 0.935360 0.560505
vt 0.445152 0.681800
vt 0.448004 0.684691
vt 0.434403 0.686442
vt 0.953965 0.270836
vt 0.952219 0.274385
vt 0.952563 0.266547
vt 0.434007 0.873747
vt 0.318425 0.350722
vt 0.493862 0.661044
vt 0.487678 0.663118
vt 0.491441 0.654547
vt 0.652356 0.228873
vt 0.646244 0.249194
vt 0.641357 0.234312
vt 0.844324 0.471712
vt 0.512355 0.424718
vt 0.504666 0.456295
vt 0.490605 0.457478
vt 0.510310 0.385438
vt 0.645305 0.270871
vt 0.663786 0.256374
vt 0.928579 0.571167
vt 0.490706 0.804757
vt 0.635573 0.914996
vt 0.448445 0.657878
vt 0.437675 0.690748
vt 0.427743 0.691284
vt 0.753910 0.952516
vt 0.755651 0.959004
vt 0.753490 0.956920
vt 0.235734 0.498270
vt 0.934083 0.581658
vt 0.930638 0.560447
vt 0.921875 0.468918
vt 0.693057 0.891629
vt 0.689470 0.890345
vt 0.691760 0.882841
vt 0.463774 0.854398
vt 0.924031 0.503812
vt 0.915974 0.512963
vt 0.915634 0.505639
vt 0.443939 0.914163
vt 0.189456 0.494764
vt 0.426817 0.822828
vt 0.401814 0.050840
vt 0.400651 0.051436
vt 0.401577 0.050619
vt 0.400505 0.051214
vt 0.400833 0.072988
vt 0.401901 0.073535
vt 0.401677 0.073757
vt 0.400693 0.073209
vt 0.943321 0.556576
vt 0.948610 0.556720
vt 0.942433 0.560328
vt 0.426455 0.685629
vt 0.892882 0.387548
vt 0.892518 0.397821
vt 0.906562 0.409241
vt 0.906632 0.404142
vt 0.894635 0.490858
vt 0.881213 0.491296
vt 0.888110 0.485918
vt 0.491182 0.642945
vt 0.476424 0.752240
vt 0.481070 0.762250
vt 0.278816 0.491759
vt 0.241916 0.742816
vt 0.257184 0.753267
vt 0.239945 0.760069
vt 0.406317 0.055224
vt 0.407097 0.053068
vt 0.458994 0.811362
vt 0.666124 0.859833
vt 0.679245 0.864768
vt 0.666364 0.871662
vt 0.654428 0.287443
vt 0.399246 0.051730
vt 0.399209 0.051516
vt 0.949848 0.560477
vt 0.296226 0.376887
vt 0.289938 0.367870
vt 0.311368 0.368823
vt 0.311811 0.405089
vt 0.363726 0.762103
vt 0.365306 0.745722
vt 0.434203 0.827702
vt 0.371330 0.781612
vt 0.382730 0.796065
vt 0.938764 0.494696
vt 0.852210 0.471277
vt 0.854162 0.464960
vt 0.855634 0.474416
vt 0.461407 0.644045
vt 0.458179 0.630319
vt 0.481907 0.632583
vt 0.477100 0.621172
vt 0.477902 0.660073
vt 0.062447 0.960209
vt 0.099464 0.926431
vt 0.106425 0.939097
vt 0.934934 0.347019
vt 0.937334 0.346458
vt 0.937334 0.349225
vt 0.397777 0.051776
vt 0.396865 0.051225
vt 0.397861 0.051532
vt 0.396660 0.051470
vt 0.317002 0.387222
vt 0.450283 0.672352
vt 0.303804 0.423811
vt 0.686457 0.865359
vt 0.688481 0.860178
vt 0.691246 0.870476
vt 0.658612 0.211014
vt 0.637539 0.191246
vt 0.643201 0.177371
vt 0.642024 0.210458
vt 0.662237 0.221232
vt 0.296519 0.403358
vt 0.349413 0.649446
vt 0.356381 0.637075
vt 0.356381 0.657655
vt 0.578762 0.095924
vt 0.779215 0.126554
vt 0.391892 0.072557
vt 0.451953 0.676760
vt 0.889553 0.376592
vt 0.899833 0.398794
vt 0.678953 0.878920
vt 0.460131 0.662454
vt 0.459632 0.674255
vt 0.469984 0.670913
vt 0.454002 0.681970
vt 0.916957 0.501834
vt 0.919443 0.492584
vt 0.410844 0.820442
vt 0.874412 0.016802
vt 0.881845 0.013949
vt 0.889890 0.030442
vt 0.391882 0.060290
vt 0.939110 0.938222
vt 0.936961 0.940259
vt 0.936489 0.935716
vt 0.934690 0.883585
vt 0.932068 0.864603
vt 0.937800 0.874168
vt 0.853536 0.482095
vt 0.475258 0.670987
vt 0.859473 0.482312
vt 0.858144 0.484755
vt 0.897402 0.493746
vt 0.887989 0.494062
vt 0.283231 0.394148
vt 0.903688 0.561252
vt 0.913526 0.565132
vt 0.901573 0.565231
vt 0.912322 0.574917
vt 0.925982 0.578934
vt 0.897712 0.562744
vt 0.898626 0.559295
vt 0.459646 0.887066
vt 0.448318 0.849250
vt 0.929238 0.881094
vt 0.929741 0.873345
vt 0.960529 0.307936
vt 0.417259 0.687833
vt 0.476383 0.807416
vt 0.470097 0.803686
vt 0.480773 0.814999
vt 0.420199 0.668357
vt 0.420133 0.680575
vt 0.416235 0.692950
vt 0.408150 0.697342
vt 0.596990 0.101428
vt 0.598878 0.139831
vt 0.938364 0.929579
vt 0.920110 0.568769
vt 0.472296 0.781953
vt 0.926536 0.465483
vt 0.837840 0.487067
vt 0.277970 0.313606
vt 0.355519 0.726042
vt 0.349471 0.730335
vt 0.350481 0.717515
vt 0.622878 0.188636
vt 0.618975 0.167229
vt 0.460883 0.854460
vt 0.500483 0.950902
vt 0.498134 0.949654
vt 0.498824 0.947042
vt 0.665075 0.882816
vt 0.218416 0.309318
vt 0.396849 0.072973
vt 0.397947 0.072662
vt 0.397059 0.073213
vt 0.398036 0.072907
vt 0.626670 0.210663
vt 0.924093 0.586160
vt 0.548209 0.955963
vt 0.545997 0.952852
vt 0.548398 0.951269
vt 0.439618 0.752963
vt 0.922267 0.383110
vt 0.262032 0.415151
vt 0.403498 0.697481
vt 0.407202 0.684150
vt 0.398897 0.687673
vt 0.392252 0.710725
vt 0.397861 0.707479
vt 0.938136 0.887905
vt 0.984695 0.675628
vt 0.990820 0.664392
vt 0.398090 0.713521
vt 0.512887 0.290689
vt 0.925979 0.562681
vt 0.898161 0.571497
vt 0.279026 0.376036
vt 0.903793 0.493975
vt 0.907338 0.489700
vt 0.907266 0.493951
vt 0.445033 0.853639
vt 0.931154 0.272843
vt 0.932920 0.266565
vt 0.277479 0.366589
vt 0.273211 0.348468
vt 0.284382 0.332245
vt 0.389827 0.695654
vt 0.661225 0.824533
vt 0.664415 0.826977
vt 0.661602 0.829126
vt 0.247527 0.453808
vt 0.232375 0.455074
vt 0.688005 0.878516
vt 0.693733 0.903715
vt 0.921870 0.574659
vt 0.917758 0.582549
vt 0.894505 0.561728
vt 0.887198 0.567804
vt 0.275299 0.336133
vt 0.886689 0.522439
vt 0.877737 0.536138
vt 0.859766 0.526319
vt 0.615901 0.959524
vt 0.614134 0.956017
vt 0.616355 0.954843
vt 0.508897 0.069453
vt 0.519480 0.088777
vt 0.295867 0.930684
vt 0.441992 0.724640
vt 0.444574 0.721887
vt 0.439658 0.729676
vt 0.705832 0.816808
vt 0.703287 0.813473
vt 0.711204 0.809648
vt 0.661304 0.795965
vt 0.664059 0.797699
vt 0.660491 0.801826
vt 0.887617 0.478748
vt 0.895170 0.480170
vt 0.655307 0.801378
vt 0.882979 0.553913
vt 0.879387 0.552022
vt 0.884874 0.548422
vt 0.881499 0.560582
vt 0.932005 0.500714
vt 0.935239 0.503048
vt 0.932097 0.503567
vt 0.472102 0.754532
vt 0.354418 0.741782
vt 0.890594 0.555895
vt 0.926556 0.455073
vt 0.466425 0.887862
vt 0.554556 0.284662
vt 0.883995 0.518190
vt 0.893957 0.520599
vt 0.898031 0.511979
vt 0.464871 0.752103
vt 0.714850 0.933209
vt 0.712448 0.927848
vt 0.719534 0.932098
vt 0.924577 0.865326
vt 0.927106 0.869558
vt 0.927354 0.875396
vt 0.680144 0.684879
vt 0.680129 0.703163
vt 0.673396 0.692417
vt 0.627916 0.942213
vt 0.629434 0.234623
vt 0.482364 0.752505
vt 0.892425 0.377433
vt 0.578338 0.136159
vt 0.221894 0.466872
vt 0.892992 0.552755
vt 0.887855 0.546779
vt 0.396990 0.745010
vt 0.399653 0.739717
vt 0.407447 0.738237
vt 0.347768 0.845333
vt 0.350617 0.840801
vt 0.352516 0.844344
vt 0.926117 0.444735
vt 0.287410 0.450015
vt 0.981140 0.847709
vt 0.433863 0.877183
vt 0.263283 0.452333
vt 0.935443 0.893971
vt 0.451125 0.776334
vt 0.914955 0.480571
vt 0.848877 0.543763
vt 0.864022 0.554364
vt 0.380245 0.052887
vt 0.378269 0.055154
vt 0.624801 0.249854
vt 0.741870 0.953347
vt 0.742364 0.957961
vt 0.740879 0.955633
vt 0.484318 0.669163
vt 0.413056 0.674850
vt 0.874165 0.565083
vt 0.664128 0.834315
vt 0.674726 0.788966
vt 0.677780 0.789543
vt 0.656255 0.173655
vt 0.643450 0.159756
vt 0.925484 0.523742
vt 0.923222 0.527469
vt 0.920699 0.523150
vt 0.402525 0.074585
vt 0.402870 0.074424
vt 0.804052 0.917622
vt 0.800494 0.917616
vt 0.804459 0.909843
vt 0.478722 0.747370
vt 0.487447 0.748144
vt 0.603549 0.169972
vt 0.925929 0.888279
vt 0.919854 0.879450
vt 0.640971 0.133620
vt 0.664775 0.790892
vt 0.449543 0.727326
vt 0.451645 0.720248
vt 0.503935 0.089107
vt 0.503476 0.108372
vt 0.912756 0.433407
vt 0.913298 0.442278
vt 0.902006 0.441412
vt 0.882561 0.482807
vt 0.482790 0.923236
vt 0.485941 0.918198
vt 0.485942 0.933802
vt 0.454201 0.744946
vt 0.924078 0.949010
vt 0.928505 0.946822
vt 0.926997 0.950649
vt 0.102136 0.095913
vt 0.119990 0.124110
vt 0.096630 0.109819
vt 0.354809 0.715379
vt 0.933182 0.529057
vt 0.927766 0.528082
vt 0.918398 0.437989
vt 0.836651 0.506050
vt 0.365578 0.722485
vt 0.053967 0.079443
vt 0.439211 0.754837
vt 0.438781 0.744246
vt 0.444032 0.740696
vt 0.556546 0.125044
vt 0.932605 0.410037
vt 0.927817 0.412976
vt 0.930039 0.410684
vt 0.181658 0.508553
vt 0.402749 0.049827
vt 0.402383 0.049664
vt 0.411436 0.665898
vt 0.392632 0.679343
vt 0.280421 0.418967
vt 0.880906 0.033820
vt 0.919176 0.390571
vt 0.406913 0.984856
vt 0.416385 0.987581
vt 0.411077 0.992391
vt 0.665362 0.822268
vt 0.867371 0.444964
vt 0.406355 0.069027
vt 0.407227 0.071184
vt 0.905761 0.585298
vt 0.648506 0.958303
vt 0.649890 0.958146
vt 0.649890 0.961795
vt 0.261083 0.399336
vt 0.415737 0.734602
vt 0.420842 0.742988
vt 0.421873 0.749942
vt 0.401275 0.705986
vt 0.902957 0.485131
vt 0.900682 0.491252
vt 0.376730 0.801443
vt 0.948096 0.491118
vt 0.476377 0.137457
vt 0.484815 0.120778
vt 0.483208 0.142792
vt 0.380788 0.690387
vt 0.380962 0.706233
vt 0.355289 0.677502
vt 0.357024 0.678222
vt 0.355603 0.682023
vt 0.882202 0.439684
vt 0.907833 0.353092
vt 0.812406 0.908629
vt 0.811875 0.915407
vt 0.808474 0.911497
vt 0.920980 0.594173
vt 0.818701 0.924356
vt 0.820722 0.921021
vt 0.819749 0.926203
vt 0.443511 0.962383
vt 0.446639 0.965812
vt 0.442041 0.965499
vt 0.427789 0.630929
vt 0.927474 0.505914
vt 0.923682 0.513063
vt 0.448586 0.899392
vt 0.271764 0.953431
vt 0.276597 0.937187
vt 0.391872 0.057321
vt 0.953089 0.408531
vt 0.949754 0.401298
vt 0.953089 0.395185
vt 0.619365 0.225114
vt 0.696652 0.823259
vt 0.332256 0.768935
vt 0.328592 0.761337
vt 0.337654 0.760235
vt 0.929411 0.897123
vt 0.387049 0.049664
vt 0.387962 0.050671
vt 0.322485 0.767617
vt 0.187556 0.315552
vt 0.981597 0.694860
vt 0.164330 0.316234
vt 0.392509 0.726517
vt 0.920244 0.891371
vt 0.916971 0.883351
vt 0.492518 0.866907
vt 0.492906 0.856037
vt 0.496746 0.858216
vt 0.522820 0.949193
vt 0.522176 0.957059
vt 0.518941 0.955417
vt 0.386996 0.083155
vt 0.387908 0.082108
vt 0.890504 0.581016
vt 0.458460 0.724426
vt 0.544647 0.957022
vt 0.392624 0.052456
vt 0.391678 0.052286
vt 0.392507 0.052137
vt 0.391701 0.052603
vt 0.333939 0.801735
vt 0.337014 0.797108
vt 0.337808 0.804485
vt 0.391748 0.734695
vt 0.782414 0.953405
vt 0.783624 0.958265
vt 0.780820 0.956146
vt 0.602592 0.186091
vt 0.264776 0.373980
vt 0.913045 0.487686
vt 0.623763 0.269023
vt 0.494389 0.874729
vt 0.488982 0.870957
vt 0.946666 0.621189
vt 0.460558 0.963629
vt 0.457072 0.968121
vt 0.455964 0.959031
vt 0.942649 0.905194
vt 0.942655 0.909128
vt 0.941400 0.908264
vt 0.457967 0.682385
vt 0.391710 0.080216
vt 0.392658 0.080360
vt 0.392535 0.080680
vt 0.391684 0.080533
vt 0.806809 0.919181
vt 0.444768 0.759780
vt 0.679984 0.854073
vt 0.897156 0.057697
vt 0.135062 0.315968
vt 0.531987 0.283255
vt 0.877599 0.575738
vt 0.395665 0.718629
vt 0.400499 0.722411
vt 0.389203 0.081377
vt 0.910850 0.494569
vt 0.438671 0.736355
vt 0.434256 0.745051
vt 0.857458 0.381247
vt 0.866548 0.379531
vt 0.863643 0.384117
vt 0.214416 0.451721
vt 0.196825 0.480966
vt 0.702975 0.824412
vt 0.698441 0.834899
vt 0.355165 0.792577
vt 0.352305 0.784291
vt 0.356235 0.772182
vt 0.451005 0.784512
vt 0.800107 0.912447
vt 0.452211 0.963694
vt 0.451355 0.622409
vt 0.470689 0.614155
vt 0.386572 0.794388
vt 0.449381 0.710450
vt 0.444022 0.720696
vt 0.441634 0.715863
vt 0.371146 0.700360
vt 0.804582 0.953593
vt 0.801530 0.953300
vt 0.804002 0.951112
vt 0.913098 0.498296
vt 0.924634 0.379907
vt 0.497422 0.137473
vt 0.888918 0.391726
vt 0.439028 0.891033
vt 0.437650 0.886804
vt 0.901939 0.525149
vt 0.892605 0.533937
vt 0.888579 0.533813
vt 0.582922 0.175965
vt 0.790810 0.112767
vt 0.930298 0.537696
vt 0.924772 0.531488
vt 0.705224 0.913276
vt 0.697789 0.912369
vt 0.704214 0.919861
vt 0.698502 0.900333
vt 0.551686 0.146364
vt 0.527110 0.116008
vt 0.472708 0.504694
vt 0.937647 0.532353
vt 0.764727 0.954806
vt 0.769794 0.947425
vt 0.770579 0.955148
vt 0.178206 0.496726
vt 0.170623 0.483162
vt 0.391582 0.077477
vt 0.392719 0.073631
vt 0.764465 0.946803
vt 0.610781 0.238940
vt 0.943007 0.339336
vt 0.946018 0.334129
vt 0.945462 0.341657
vt 0.789239 0.951937
vt 0.792015 0.951647
vt 0.791895 0.957953
vt 0.167036 0.893340
vt 0.170573 0.878115
vt 0.185102 0.890425
vt 0.149705 0.866853
vt 0.693935 0.833385
vt 0.504041 0.416507
vt 0.495319 0.486584
vt 0.951575 0.241953
vt 0.965352 0.218268
vt 0.964394 0.226175
vt 0.458347 0.714963
vt 0.407312 0.655826
vt 0.419385 0.644301
vt 0.474729 0.939240
vt 0.468511 0.949422
vt 0.468104 0.938958
vt 0.458516 0.805761
vt 0.461519 0.798850
vt 0.744393 0.076264
vt 0.707604 0.108639
vt 0.703824 0.080897
vt 0.241444 0.392734
vt 0.459858 0.789677
vt 0.215496 0.841854
vt 0.166263 0.849289
vt 0.176906 0.800813
vt 0.606665 0.251539
vt 0.686294 0.964254
vt 0.682935 0.960465
vt 0.682461 0.954859
vt 0.926397 0.855396
vt 0.919519 0.862327
vt 0.919630 0.853448
vt 0.834007 0.744272
vt 0.841464 0.728993
vt 0.841677 0.766725
vt 0.692239 0.846804
vt 0.431259 0.817436
vt 0.410000 0.060571
vt 0.408414 0.058046
vt 0.410392 0.056264
vt 0.603975 0.207184
vt 0.592340 0.194913
vt 0.344402 0.758621
vt 0.347158 0.765739
vt 0.375629 0.056581
vt 0.889274 0.541528
vt 0.883638 0.536278
vt 0.935867 0.864671
vt 0.609852 0.217866
vt 0.355334 0.690075
vt 0.357113 0.683216
vt 0.357093 0.692226
vt 0.945020 0.521333
vt 0.938324 0.521617
vt 0.945000 0.517104
vt 0.410443 0.062623
vt 0.409870 0.066074
vt 0.406573 0.062429
vt 0.406078 0.060646
vt 0.584423 0.280276
vt 0.829511 0.365717
vt 0.827490 0.361269
vt 0.833560 0.363274
vt 0.260141 0.342945
vt 0.587889 0.237811
vt 0.587827 0.223625
vt 0.598926 0.235453
vt 0.238540 0.360674
vt 0.244103 0.371607
vt 0.233358 0.380468
vt 0.349215 0.753297
vt 0.926937 0.866159
vt 0.390496 0.080750
vt 0.898603 0.474594
vt 0.237222 0.411823
vt 0.573124 0.155138
vt 0.715186 0.802768
vt 0.720058 0.807064
vt 0.378461 0.052697
vt 0.820725 0.929974
vt 0.819241 0.931583
vt 0.820023 0.927683
vt 0.922054 0.460776
vt 0.138668 0.842144
vt 0.127605 0.789538
vt 0.159055 0.810247
vt 0.415083 0.977409
vt 0.137310 0.877873
vt 0.672206 0.851174
vt 0.934922 0.289268
vt 0.121669 0.918069
vt 0.097137 0.908695
vt 0.128325 0.886015
vt 0.904043 0.476321
vt 0.125069 0.826295
vt 0.124230 0.809949
vt 0.887705 0.312270
vt 0.918325 0.896859
vt 0.752943 0.958917
vt 0.752293 0.952854
vt 0.753255 0.956225
vt 0.934713 0.376800
vt 0.939166 0.383727
vt 0.930520 0.381574
vt 0.706187 0.139606
vt 0.257040 0.334157
vt 0.105526 0.322342
vt 0.662210 0.883190
vt 0.659906 0.879982
vt 0.661584 0.876409
vt 0.761855 0.154489
vt 0.247677 0.355587
vt 0.881420 0.475848
vt 0.426613 0.726338
vt 0.430448 0.736392
vt 0.231896 0.431261
vt 0.692220 0.855078
vt 0.688904 0.850160
vt 0.709939 0.913024
vt 0.714525 0.922015
vt 0.930740 0.616460
vt 0.914956 0.332428
vt 0.231646 0.351597
vt 0.462999 0.746777
vt 0.350006 0.896846
vt 0.348983 0.893512
vt 0.355043 0.893362
vt 0.353447 0.889578
vt 0.471671 0.745013
vt 0.148088 0.771818
vt 0.445379 0.813123
vt 0.503332 0.279967
vt 0.580396 0.209345
vt 0.721061 0.927373
vt 0.111024 0.794279
vt 0.475788 0.953182
vt 0.471685 0.951043
vt 0.477171 0.946185
vt 0.378523 0.080108
vt 0.925097 0.879068
vt 0.920081 0.872511
vt 0.431372 0.879990
vt 0.406091 0.063684
vt 0.406068 0.066360
vt 0.406036 0.057945
vt 0.939981 0.501496
vt 0.806821 0.094577
vt 0.342421 0.770540
vt 0.626813 0.903691
vt 0.596806 0.250431
vt 0.577937 0.254040
vt 0.423816 0.730163
vt 0.675101 0.733564
vt 0.678526 0.732090
vt 0.679759 0.740391
vt 0.465003 0.796137
vt 0.880209 0.300980
vt 0.898549 0.593336
vt 0.576340 0.198052
vt 0.456886 0.718476
vt 0.952724 0.297234
vt 0.911522 0.401628
vt 0.909761 0.481429
vt 0.218348 0.743926
vt 0.230202 0.725838
vt 0.041506 0.964027
vt 0.051265 0.940915
vt 0.913086 0.865723
vt 0.906952 0.857594
vt 0.175617 0.469917
vt 0.866638 0.026104
vt 0.858399 0.019579
vt 0.863469 0.016685
vt 0.452424 0.276971
vt 0.229638 0.337278
vt 0.848617 0.555662
vt 0.865973 0.568743
vt 0.252552 0.376535
vt 0.228160 0.401221
vt 0.148376 0.439361
vt 0.147791 0.450765
vt 0.190617 0.452251
vt 0.178333 0.446025
vt 0.221403 0.767223
vt 0.927218 0.274109
vt 0.922499 0.268839
vt 0.914552 0.468900
vt 0.914050 0.892708
vt 0.932307 0.383963
vt 0.917641 0.272661
vt 0.919228 0.278117
vt 0.190622 0.868737
vt 0.255474 0.328121
vt 0.476719 0.480936
vt 0.924761 0.955953
vt 0.434846 0.961617
vt 0.439872 0.954353
vt 0.988888 0.834390
vt 0.443113 0.923875
vt 0.441820 0.934397
vt 0.440393 0.924335
vt 0.922444 0.449941
vt 0.356599 0.609713
vt 0.352879 0.608539
vt 0.354169 0.603474
vt 0.912425 0.111008
vt 0.909926 0.127737
vt 0.904832 0.095743
vt 0.683777 0.969365
vt 0.682907 0.967204
vt 0.890567 0.470018
vt 0.408290 0.068569
vt 0.949116 0.384389
vt 0.946830 0.391771
vt 0.944206 0.382490
vt 0.870852 0.467174
vt 0.871195 0.457780
vt 0.875429 0.466447
vt 0.145239 0.897892
vt 0.328643 0.851075
vt 0.323932 0.838297
vt 0.328605 0.844667
vt 0.857600 0.476615
vt 0.854451 0.478164
vt 0.403460 0.729772
vt 0.200805 0.316191
vt 0.570923 0.237261
vt 0.565909 0.228542
vt 0.912825 0.608831
vt 0.786623 0.958815
vt 0.788093 0.954944
vt 0.788970 0.957787
vt 0.874722 0.439285
vt 0.116834 0.768759
vt 0.483738 0.741183
vt 0.204407 0.446794
vt 0.779051 0.183926
vt 0.123324 0.844290
vt 0.923236 0.537829
vt 0.927970 0.542874
vt 0.745980 0.107527
vt 0.766014 0.079665
vt 0.329068 0.833237
vt 0.401816 0.055232
vt 0.403503 0.057910
vt 0.223096 0.368475
vt 0.798651 0.898223
vt 0.803991 0.894286
vt 0.807832 0.949165
vt 0.818986 0.941233
vt 0.818986 0.953060
vt 0.989090 0.789225
vt 0.568300 0.185171
vt 0.212817 0.399973
vt 0.390972 0.786317
vt 0.386531 0.793787
vt 0.841127 0.784431
vt 0.832794 0.768757
vt 0.987869 0.757077
vt 0.661447 0.908316
vt 0.672899 0.889033
vt 0.679880 0.908316
vt 0.489410 0.851827
vt 0.491990 0.848027
vt 0.495598 0.850102
vt 0.891756 0.441618
vt 0.560323 0.204654
vt 0.979665 0.915859
vt 0.766563 0.943430
vt 0.867401 0.464172
vt 0.801312 0.903946
vt 0.121448 0.148229
vt 0.760650 0.118835
vt 0.978584 0.897564
vt 0.447584 0.955863
vt 0.946306 0.499346
vt 0.909319 0.469778
vt 0.912974 0.460939
vt 0.350460 0.849371
vt 0.215224 0.826110
vt 0.209503 0.805913
vt 0.227098 0.797298
vt 0.941365 0.373981
vt 0.894651 0.255812
vt 0.875167 0.245613
vt 0.896031 0.219070
vt 0.737442 0.076249
vt 0.723872 0.055776
vt 0.552255 0.184455
vt 0.923517 0.954760
vt 0.917852 0.946780
vt 0.923516 0.946719
vt 0.489625 0.924797
vt 0.494150 0.934237
vt 0.490347 0.934677
vt 0.450018 0.735406
vt 0.443499 0.735987
vt 0.834059 0.718161
vt 0.849922 0.744580
vt 0.856841 0.762528
vt 0.978272 0.021181
vt 0.984703 0.011974
vt 0.980294 0.035915
vt 0.859022 0.376657
vt 0.849717 0.375530
vt 0.854800 0.372187
vt 0.324724 0.775904
vt 0.553365 0.206560
vt 0.552040 0.222703
vt 0.537174 0.198599
vt 0.910081 0.872546
vt 0.900930 0.865979
vt 0.243051 0.727877
vt 0.251034 0.737527
vt 0.459220 0.711197
vt 0.449530 0.706060
vt 0.463643 0.701812
vt 0.496426 0.926872
vt 0.768744 0.867607
vt 0.767883 0.851049
vt 0.774614 0.866171
vt 0.777375 0.885112
vt 0.767138 0.880607
vt 0.775872 0.849501
vt 0.524435 0.184064
vt 0.535637 0.185305
vt 0.939939 0.387874
vt 0.417957 0.821864
vt 0.522616 0.137850
vt 0.876547 0.272728
vt 0.872614 0.259774
vt 0.202277 0.401271
vt 0.200969 0.373385
vt 0.985732 0.737713
vt 0.981623 0.718716
vt 0.384545 0.676489
vt 0.757626 0.857688
vt 0.747677 0.846849
vt 0.770380 0.834444
vt 0.890216 0.417300
vt 0.886875 0.414196
vt 0.890216 0.412352
vt 0.802742 0.302510
vt 0.791959 0.309846
vt 0.795102 0.292927
vt 0.768881 0.338542
vt 0.781003 0.352341
vt 0.760164 0.350156
vt 0.490573 0.879278
vt 0.755280 0.872451
vt 0.764576 0.893889
vt 0.750811 0.884003
vt 0.886523 0.412348
vt 0.886343 0.416518
vt 0.882998 0.415505
vt 0.876804 0.454153
vt 0.891167 0.597011
vt 0.780205 0.869866
vt 0.333909 0.796625
vt 0.773010 0.325202
vt 0.777603 0.339072
vt 0.331570 0.779776
vt 0.209095 0.368210
vt 0.911684 0.955515
vt 0.916402 0.948084
vt 0.917288 0.955515
vt 0.450388 0.946632
vt 0.179321 0.767146
vt 0.770931 0.903306
vt 0.756264 0.341907
vt 0.786391 0.859251
vt 0.786471 0.897694
vt 0.899643 0.469195
vt 0.437232 0.949428
vt 0.431482 0.951690
vt 0.437975 0.937283
vt 0.786217 0.843651
vt 0.787067 0.875781
vt 0.716896 0.811495
vt 0.711284 0.818714
vt 0.338407 0.792036
vt 0.559368 0.242014
vt 0.778023 0.313083
vt 0.791230 0.317019
vt 0.534946 0.165671
vt 0.355335 0.929062
vt 0.356967 0.926618
vt 0.356969 0.931837
vt 0.934384 0.369315
vt 0.899294 0.444305
vt 0.709733 0.166491
vt 0.694911 0.157635
vt 0.941097 0.900990
vt 0.941097 0.912735
vt 0.936299 0.909656
vt 0.528593 0.197415
vt 0.525112 0.196504
vt 0.684354 0.963331
vt 0.693940 0.962281
vt 0.211705 0.618450
vt 0.203031 0.606094
vt 0.211292 0.606826
vt 0.883970 0.586661
vt 0.804408 0.285008
vt 0.809416 0.287179
vt 0.465436 0.723485
vt 0.466480 0.729266
vt 0.486965 0.929518
vt 0.905575 0.193243
vt 0.909487 0.212405
vt 0.328667 0.946458
vt 0.787782 0.829771
vt 0.467756 0.705199
vt 0.464346 0.712103
vt 0.520946 0.195679
vt 0.513813 0.192816
vt 0.487625 0.859431
vt 0.488623 0.854469
vt 0.403838 0.066439
vt 0.513786 0.949253
vt 0.513786 0.959307
vt 0.509568 0.956252
vt 0.671377 0.832505
vt 0.677939 0.840858
vt 0.672087 0.844171
vt 0.926448 0.438556
vt 0.395444 0.808587
vt 0.750317 0.350809
vt 0.741144 0.342101
vt 0.197494 0.892361
vt 0.202412 0.879977
vt 0.508939 0.185731
vt 0.675860 0.818095
vt 0.408283 0.055710
vt 0.410215 0.053646
vt 0.408533 0.053405
vt 0.674201 0.801149
vt 0.678789 0.807694
vt 0.799982 0.893562
vt 0.453391 0.793037
vt 0.742982 0.871237
vt 0.748877 0.856052
vt 0.737729 0.350549
vt 0.746866 0.352608
vt 0.762680 0.319103
vt 0.759175 0.304126
vt 0.767497 0.303462
vt 0.941566 0.516645
vt 0.762568 0.825304
vt 0.703287 0.973052
vt 0.698796 0.974160
vt 0.707215 0.964280
vt 0.920351 0.451617
vt 0.993612 0.050583
vt 0.996212 0.019861
vt 0.772133 0.369708
vt 0.765114 0.296639
vt 0.734700 0.834069
vt 0.742078 0.811462
vt 0.206520 0.404500
vt 0.779778 0.289251
vt 0.774112 0.297722
vt 0.769993 0.285965
vt 0.205653 0.359634
vt 0.670148 0.666242
vt 0.675956 0.672848
vt 0.668352 0.670486
vt 0.788574 0.362209
vt 0.337573 0.634897
vt 0.342311 0.638237
vt 0.342924 0.653379
vt 0.955986 0.384764
vt 0.953071 0.390749
vt 0.790616 0.885309
vt 0.674694 0.616531
vt 0.668680 0.631933
vt 0.667716 0.620146
vt 0.761026 0.958080
vt 0.763601 0.952446
vt 0.763601 0.956893
vt 0.333939 0.653700
vt 0.331113 0.639563
vt 0.667977 0.808098
vt 0.724948 0.348159
vt 0.730998 0.339839
vt 0.352980 0.689744
vt 0.354447 0.708800
vt 0.349147 0.690934
vt 0.354189 0.680674
vt 0.350935 0.678000
vt 0.813859 0.879251
vt 0.817427 0.880910
vt 0.818389 0.886200
vt 0.750342 0.306890
vt 0.678423 0.605874
vt 0.676479 0.609892
vt 0.672393 0.609780
vt 0.346492 0.776130
vt 0.342218 0.776806
vt 0.480159 0.942579
vt 0.351442 0.867504
vt 0.354176 0.857966
vt 0.355945 0.870048
vt 0.678702 0.918529
vt 0.676723 0.922139
vt 0.675445 0.913219
vt 0.729921 0.332733
vt 0.724693 0.330005
vt 0.741867 0.334676
vt 0.168068 0.630601
vt 0.168254 0.611096
vt 0.172570 0.617447
vt 0.346749 0.835629
vt 0.353130 0.836647
vt 0.758173 0.293030
vt 0.754561 0.300326
vt 0.746821 0.286555
vt 0.154943 0.644269
vt 0.157339 0.636297
vt 0.160747 0.640575
vt 0.678423 0.680223
vt 0.680263 0.925145
vt 0.746799 0.325906
vt 0.728860 0.318509
vt 0.462118 0.954721
vt 0.459225 0.945086
vt 0.902201 0.067542
vt 0.896816 0.095053
vt 0.418255 0.530999
vt 0.737743 0.921410
vt 0.743467 0.903638
vt 0.765261 0.918734
vt 0.732142 0.291381
vt 0.734148 0.281637
vt 0.740495 0.290723
vt 0.571017 0.256051
vt 0.754685 0.320294
vt 0.346082 0.662417
vt 0.341102 0.629551
vt 0.392714 0.059228
vt 0.349535 0.877244
vt 0.355068 0.880315
vt 0.811017 0.866368
vt 0.803817 0.883043
vt 0.804646 0.862151
vt 0.179199 0.600261
vt 0.176388 0.611235
vt 0.809715 0.854571
vt 0.340061 0.850303
vt 0.340858 0.840247
vt 0.884648 0.672397
vt 0.859544 0.700322
vt 0.853059 0.692500
vt 0.660059 0.816184
vt 0.665686 0.805865
vt 0.665686 0.820214
vt 0.796779 0.066947
vt 0.938906 0.914887
vt 0.940600 0.923216
vt 0.936275 0.920113
vt 0.936098 0.514727
vt 0.669905 0.640925
vt 0.663555 0.633452
vt 0.671603 0.817726
vt 0.979140 0.122552
vt 0.984527 0.093810
vt 0.990795 0.109327
vt 0.783078 0.090489
vt 0.777157 0.055767
vt 0.889353 0.655729
vt 0.887889 0.647128
vt 0.901053 0.652102
vt 0.329323 0.625822
vt 0.807441 0.896607
vt 0.157527 0.628370
vt 0.721652 0.283796
vt 0.337482 0.619237
vt 0.341570 0.622075
vt 0.671779 0.661938
vt 0.663899 0.656627
vt 0.671042 0.654411
vt 0.330000 0.826726
vt 0.336753 0.827810
vt 0.498011 0.882211
vt 0.498011 0.908991
vt 0.486717 0.890023
vt 0.350224 0.852296
vt 0.734418 0.305173
vt 0.739414 0.314668
vt 0.156862 0.619528
vt 0.496346 0.148921
vt 0.791127 0.350005
vt 0.817024 0.381910
vt 0.803009 0.385595
vt 0.976002 0.205520
vt 0.977407 0.186112
vt 0.785984 0.911030
vt 0.811643 0.877361
vt 0.799585 0.954253
vt 0.799585 0.959795
vt 0.797274 0.956585
vt 0.703501 0.959761
vt 0.500540 0.868675
vt 0.497764 0.863802
vt 0.499361 0.860386
vt 0.165071 0.606999
vt 0.712118 0.320314
vt 0.818251 0.889711
vt 0.818353 0.899021
vt 0.815651 0.899469
vt 0.791668 0.839746
vt 0.761096 0.810984
vt 0.678868 0.801927
vt 0.356890 0.919806
vt 0.355241 0.917516
vt 0.356890 0.914183
vt 0.680263 0.913906
vt 0.404090 0.060801
vt 0.720346 0.325429
vt 0.711757 0.325291
vt 0.328980 0.612508
vt 0.333970 0.916409
vt 0.412397 0.061649
vt 0.412105 0.066430
vt 0.868179 0.402135
vt 0.865779 0.406584
vt 0.865505 0.392758
vt 0.700635 0.324056
vt 0.817152 0.904050
vt 0.691001 0.972139
vt 0.025389 0.947872
vt 0.024178 0.962504
vt 0.879443 0.664499
vt 0.868506 0.675801
vt 0.932237 0.349248
vt 0.932863 0.346459
vt 0.934691 0.349248
vt 0.713961 0.273745
vt 0.724005 0.275902
vt 0.716372 0.278963
vt 0.804358 0.845179
vt 0.901522 0.710064
vt 0.898164 0.730450
vt 0.898479 0.721131
vt 0.342189 0.613637
vt 0.904796 0.482333
vt 0.159583 0.750321
vt 0.238015 0.880016
vt 0.237646 0.841682
vt 0.517334 0.172534
vt 0.724443 0.299118
vt 0.717360 0.304976
vt 0.714136 0.313330
vt 0.416743 0.727033
vt 0.424988 0.723283
vt 0.886595 0.966393
vt 0.893542 0.980219
vt 0.883112 0.977400
vt 0.785824 0.821310
vt 0.711198 0.342221
vt 0.716297 0.335662
vt 0.170711 0.635710
vt 0.180294 0.624463
vt 0.145708 0.636568
vt 0.147343 0.642090
vt 0.698541 0.315165
vt 0.336337 0.684540
vt 0.331852 0.681711
vt 0.339427 0.678224
vt 0.727049 0.873054
vt 0.728674 0.858389
vt 0.726620 0.894079
vt 0.728380 0.912627
vt 0.874413 0.220172
vt 0.862322 0.218724
vt 0.855275 0.210231
vt 0.658077 0.638598
vt 0.715925 0.290315
vt 0.133162 0.638112
vt 0.136244 0.645777
vt 0.335890 0.602010
vt 0.700218 0.307314
vt 0.254844 0.837262
vt 0.261577 0.794512
vt 0.265372 0.821635
vt 0.241329 0.713920
vt 0.325177 0.924471
vt 0.322993 0.916281
vt 0.141896 0.632873
vt 0.145123 0.627932
vt 0.706271 0.291392
vt 0.707239 0.282852
vt 0.702347 0.288137
vt 0.603955 0.260133
vt 0.957673 0.055761
vt 0.964980 0.041174
vt 0.657076 0.654487
vt 0.329928 0.690939
vt 0.345831 0.597192
vt 0.342348 0.591084
vt 0.996212 0.080700
vt 0.978054 0.069433
vt 0.448711 0.786955
vt 0.447906 0.781516
vt 0.461288 0.733077
vt 0.692552 0.137932
vt 0.730598 0.145999
vt 0.741746 0.203724
vt 0.755916 0.180863
vt 0.773081 0.204421
vt 0.349925 0.703255
vt 0.327934 0.604188
vt 0.334499 0.592201
vt 0.327537 0.701720
vt 0.333895 0.696638
vt 0.688513 0.311043
vt 0.696195 0.323552
vt 0.687614 0.320391
vt 0.343103 0.584708
vt 0.987752 0.168119
vt 0.976214 0.152451
vt 0.857278 0.205604
vt 0.894417 0.414380
vt 0.897976 0.412327
vt 0.897976 0.416783
vt 0.840005 0.704110
vt 0.751244 0.927973
vt 0.634906 0.954503
vt 0.634906 0.958200
vt 0.632133 0.957971
vt 0.814331 0.802471
vt 0.811739 0.811167
vt 0.809731 0.797641
vt 0.129276 0.642135
vt 0.126713 0.632529
vt 0.337305 0.739944
vt 0.345748 0.745631
vt 0.339003 0.745603
vt 0.328814 0.733024
vt 0.895361 0.159001
vt 0.896528 0.134896
vt 0.906449 0.149938
vt 0.740606 0.884236
vt 0.341771 0.686256
vt 0.334577 0.705345
vt 0.907155 0.180549
vt 0.335062 0.729925
vt 0.947221 0.373896
vt 0.957429 0.371123
vt 0.953252 0.370782
vt 0.452864 0.799250
vt 0.444867 0.803025
vt 0.333666 0.838498
vt 0.936758 0.684680
vt 0.931832 0.689526
vt 0.925066 0.684913
vt 0.913022 0.692557
vt 0.918623 0.692288
vt 0.710474 0.299513
vt 0.816562 0.873830
vt 0.818389 0.875329
vt 0.926682 0.800728
vt 0.932478 0.799152
vt 0.934116 0.803052
vt 0.899248 0.779655
vt 0.899311 0.764734
vt 0.906330 0.774917
vt 0.332137 0.720647
vt 0.815853 0.814130
vt 0.818378 0.808360
vt 0.815374 0.819253
vt 0.704682 0.339201
vt 0.702669 0.333637
vt 0.930370 0.240128
vt 0.947736 0.236071
vt 0.767052 0.281672
vt 0.697448 0.296298
vt 0.699061 0.288032
vt 0.324992 0.716425
vt 0.959395 0.064150
vt 0.856486 0.721888
vt 0.990660 0.132932
vt 0.196226 0.615317
vt 0.201901 0.622849
vt 0.111307 0.633802
vt 0.702504 0.299326
vt 0.697176 0.301689
vt 0.725526 0.815440
vt 0.410206 0.070699
vt 0.410394 0.068182
vt 0.168501 0.647780
vt 0.180351 0.648463
vt 0.168233 0.656557
vt 0.957973 0.388794
vt 0.961867 0.385254
vt 0.908364 0.712431
vt 0.906840 0.702375
vt 0.113377 0.630748
vt 0.812405 0.899349
vt 0.920686 0.796319
vt 0.329993 0.785466
vt 0.696267 0.842298
vt 0.139254 0.649469
vt 0.147391 0.650521
vt 0.138721 0.656094
vt 0.689365 0.323808
vt 0.918659 0.516776
vt 0.894956 0.178162
vt 0.697927 0.881675
vt 0.935907 0.954415
vt 0.933273 0.949334
vt 0.935907 0.946703
vt 0.170592 0.408454
vt 0.178442 0.400592
vt 0.174968 0.418155
vt 0.984588 0.874155
vt 0.334259 0.778570
vt 0.680644 0.608513
vt 0.679601 0.604652
vt 0.680644 0.602460
vt 0.357076 0.955137
vt 0.357053 0.958635
vt 0.355333 0.957692
vt 0.882904 0.822558
vt 0.883656 0.811155
vt 0.893582 0.819846
vt 0.752601 0.265411
vt 0.760702 0.270605
vt 0.748891 0.279476
vt 0.910620 0.785268
vt 0.920641 0.783686
vt 0.917634 0.787748
vt 0.704401 0.904102
vt 0.375525 0.054324
vt 0.749057 0.357417
vt 0.916142 0.456210
vt 0.908018 0.446700
vt 0.917383 0.446013
vt 0.989837 0.932942
vt 0.791870 0.903069
vt 0.403886 0.063673
vt 0.896510 0.711316
vt 0.196791 0.629723
vt 0.190909 0.638820
vt 0.187278 0.628775
vt 0.186058 0.621378
vt 0.160063 0.671286
vt 0.153429 0.660276
vt 0.161248 0.664984
vt 0.189803 0.423017
vt 0.858118 0.369172
vt 0.861768 0.373136
vt 0.519300 0.156902
vt 0.698584 0.860738
vt 0.719775 0.950180
vt 0.717941 0.954898
vt 0.710976 0.951504
vt 0.097244 0.861573
vt 0.096073 0.843713
vt 0.838323 0.361182
vt 0.835593 0.367772
vt 0.671947 0.634328
vt 0.916116 0.414011
vt 0.918107 0.417350
vt 0.915570 0.417188
vt 0.258614 0.871649
vt 0.205798 0.732372
vt 0.814331 0.833338
vt 0.806800 0.831301
vt 0.812061 0.821008
vt 0.705725 0.868510
vt 0.918193 0.706361
vt 0.143242 0.664411
vt 0.126632 0.658196
vt 0.799761 0.949881
vt 0.804127 0.947327
vt 0.884503 0.455130
vt 0.881408 0.464919
vt 0.609226 0.931408
vt 0.707958 0.266064
vt 0.723724 0.267751
vt 0.720498 0.255195
vt 0.331309 0.788741
vt 0.339075 0.784492
vt 0.349631 0.597982
vt 0.354702 0.583839
vt 0.723099 0.841442
vt 0.892472 0.830157
vt 0.746670 0.804523
vt 0.740852 0.271850
vt 0.733896 0.266500
vt 0.334911 0.821290
vt 0.806112 0.816972
vt 0.350585 0.829905
vt 0.909614 0.880419
vt 0.200165 0.443600
vt 0.875893 0.959893
vt 0.443983 0.946757
vt 0.707468 0.948805
vt 0.707583 0.954696
vt 0.702070 0.949516
vt 0.140901 0.749844
vt 0.872513 0.869105
vt 0.879366 0.877359
vt 0.879463 0.896544
vt 0.910429 0.754079
vt 0.900291 0.755069
vt 0.777846 0.279428
vt 0.875961 0.416556
vt 0.873541 0.415474
vt 0.877566 0.412833
vt 0.938695 0.410070
vt 0.941644 0.410796
vt 0.940005 0.415390
vt 0.924171 0.515756
vt 0.903552 0.698692
vt 0.896504 0.695500
vt 0.409439 0.726270
vt 0.406822 0.724496
vt 0.203193 0.638828
vt 0.134309 0.669184
vt 0.146842 0.671394
vt 0.125005 0.678543
vt 0.130468 0.663780
vt 0.133035 0.653646
vt 0.816984 0.960061
vt 0.814690 0.958548
vt 0.816983 0.953957
vt 0.505503 0.169187
vt 0.182599 0.657218
vt 0.910622 0.737895
vt 0.917673 0.776395
vt 0.615594 0.839959
vt 0.922276 0.698979
vt 0.742929 0.249981
vt 0.728823 0.257309
vt 0.717006 0.246278
vt 0.913258 0.768023
vt 0.702062 0.944848
vt 0.958095 0.360187
vt 0.587322 0.945306
vt 0.592567 0.928167
vt 0.908013 0.809244
vt 0.917811 0.805195
vt 0.916053 0.814497
vt 0.467460 0.739935
vt 0.473764 0.734774
vt 0.499431 0.175114
vt 0.900227 0.871554
vt 0.907695 0.686447
vt 0.905889 0.673457
vt 0.719349 0.908830
vt 0.924283 0.792778
vt 0.175875 0.670200
vt 0.442670 0.709097
vt 0.664446 0.709007
vt 0.667584 0.695092
vt 0.671708 0.703496
vt 0.787276 0.281821
vt 0.352299 0.589094
vt 0.913676 0.720597
vt 0.702703 0.887584
vt 0.928497 0.956994
vt 0.401918 0.069124
vt 0.401259 0.070803
vt 0.863299 0.744166
vt 0.765735 0.926220
vt 0.669650 0.713190
vt 0.154007 0.432513
vt 0.416918 0.953820
vt 0.421858 0.971748
vt 0.599847 0.954579
vt 0.599813 0.959814
vt 0.597664 0.955897
vt 0.487783 0.918651
vt 0.491353 0.916908
vt 0.859978 0.793393
vt 0.862804 0.781532
vt 0.412291 0.055524
vt 0.142356 0.667797
vt 0.708665 0.274814
vt 0.706120 0.828357
vt 0.703436 0.846694
vt 0.480093 0.735878
vt 0.419394 0.730239
vt 0.909391 0.889134
vt 0.912239 0.834010
vt 0.679589 0.725878
vt 0.680213 0.730994
vt 0.677417 0.724088
vt 0.907477 0.798151
vt 0.917554 0.681241
vt 0.797624 0.946699
vt 0.401059 0.053499
vt 0.876559 0.197515
vt 0.708871 0.856692
vt 0.777613 0.281011
vt 0.736783 0.257858
vt 0.725639 0.280583
vt 0.912339 0.759543
vt 0.121664 0.652732
vt 0.842086 0.366799
vt 0.496482 0.916276
vt 0.493621 0.916676
vt 0.988755 0.854160
vt 0.476718 0.934597
vt 0.714652 0.828276
vt 0.770728 0.922241
vt 0.948278 0.510587
vt 0.941091 0.510190
vt 0.717618 0.891121
vt 0.889556 0.758965
vt 0.455467 0.797526
vt 0.696287 0.976789
vt 0.907842 0.839960
vt 0.394171 0.057770
vt 0.393134 0.055497
vt 0.832526 0.197986
vt 0.830428 0.187812
vt 0.838745 0.204517
vt 0.905026 0.640859
vt 0.918645 0.647482
vt 0.920383 0.667830
vt 0.099837 0.758700
vt 0.106493 0.747634
vt 0.709955 0.254230
vt 0.157032 0.691804
vt 0.893522 0.461924
vt 0.731076 0.805807
vt 0.900656 0.788072
vt 0.661920 0.861687
vt 0.661219 0.874058
vt 0.659879 0.871536
vt 0.264224 0.860588
vt 0.607845 0.898650
vt 0.221037 0.626056
vt 0.208793 0.630720
vt 0.202426 0.654104
vt 0.895695 0.744035
vt 0.721428 0.918247
vt 0.439651 0.713553
vt 0.774207 0.272079
vt 0.342876 0.821931
vt 0.969261 0.081010
vt 0.802814 0.027787
vt 0.791433 0.048946
vt 0.732542 0.928502
vt 0.775676 0.813330
vt 0.705905 0.943164
vt 0.709904 0.880240
vt 0.747719 0.931177
vt 0.946721 0.062537
vt 0.929642 0.664874
vt 0.218610 0.703603
vt 0.929316 0.816250
vt 0.949702 0.078848
vt 0.406027 0.854307
vt 0.425511 0.858352
vt 0.406415 0.872186
vt 0.713774 0.846600
vt 0.897025 0.342659
vt 0.432342 0.519133
vt 0.697371 0.957212
vt 0.689662 0.954834
vt 0.687169 0.949140
vt 0.749456 0.055236
vt 0.884798 0.057729
vt 0.140212 0.688439
vt 0.903623 0.455815
vt 0.866826 0.879074
vt 0.852627 0.870276
vt 0.852488 0.858959
vt 0.871292 0.903251
vt 0.802615 0.806063
vt 0.890127 0.779810
vt 0.394177 0.075044
vt 0.393157 0.077534
vt 0.376096 0.081237
vt 0.375565 0.078552
vt 0.888577 0.734105
vt 0.949328 0.363916
vt 0.948792 0.355934
vt 0.953882 0.354624
vt 0.570608 0.824111
vt 0.578156 0.832152
vt 0.575696 0.833898
vt 0.889803 0.081577
vt 0.881266 0.093351
vt 0.878890 0.061963
vt 0.399282 0.065659
vt 0.398213 0.066966
vt 0.886806 0.713496
vt 0.466214 0.734828
vt 0.046329 0.083430
vt 0.717953 0.873866
vt 0.719365 0.860253
vt 0.399843 0.061434
vt 0.400294 0.060525
vt 0.399849 0.063752
vt 0.734620 0.960526
vt 0.732700 0.958674
vt 0.734720 0.958355
vt 0.884000 0.941580
vt 0.965878 0.200421
vt 0.847993 0.361428
vt 0.842149 0.362818
vt 0.188637 0.725199
vt 0.326887 0.915791
vt 0.405952 0.816779
vt 0.856878 0.193967
vt 0.066646 0.893527
vt 0.086210 0.878336
vt 0.088474 0.894770
vt 0.176374 0.685635
vt 0.718913 0.228960
vt 0.719212 0.942925
vt 0.874321 0.756340
vt 0.828793 0.355024
vt 0.834134 0.357683
vt 0.573291 0.846893
vt 0.578025 0.837622
vt 0.801566 0.280467
vt 0.452895 0.802978
vt 0.151586 0.731148
vt 0.809200 0.891021
vt 0.452732 0.934840
vt 0.448970 0.925313
vt 0.456782 0.925700
vt 0.671600 0.749892
vt 0.663693 0.744117
vt 0.671357 0.735967
vt 0.666992 0.725993
vt 0.863369 0.400378
vt 0.862450 0.407930
vt 0.860357 0.399926
vt 0.962674 0.370622
vt 0.963325 0.362868
vt 0.774774 0.232053
vt 0.331367 0.958665
vt 0.329333 0.956188
vt 0.331711 0.955633
vt 0.272481 0.840505
vt 0.274768 0.863510
vt 0.972859 0.114218
vt 0.869639 0.943179
vt 0.760468 0.247200
vt 0.775116 0.255439
vt 0.812277 0.892351
vt 0.161484 0.714206
vt 0.912261 0.454891
vt 0.859912 0.856815
vt 0.764269 0.042006
vt 0.660103 0.703494
vt 0.194096 0.670932
vt 0.741942 0.230422
vt 0.861073 0.029951
vt 0.942423 0.505863
vt 0.458545 0.936228
vt 0.464761 0.924272
vt 0.213883 0.869519
vt 0.399203 0.058751
vt 0.398101 0.057493
vt 0.885264 0.157534
vt 0.887119 0.113767
vt 0.446616 0.795036
vt 0.803936 0.889402
vt 0.703716 0.179436
vt 0.571320 0.949145
vt 0.571320 0.957036
vt 0.568030 0.952663
vt 0.130245 0.703093
vt 0.344016 0.802807
vt 0.341729 0.798675
vt 0.339782 0.818008
vt 0.966601 0.162641
vt 0.849490 0.299493
vt 0.855210 0.302391
vt 0.848808 0.312133
vt 0.404130 0.959481
vt 0.239031 0.692349
vt 0.227282 0.680835
vt 0.792818 0.030346
vt 0.845110 0.864404
vt 0.343920 0.787823
vt 0.345073 0.783032
vt 0.349128 0.783895
vt 0.966546 0.095178
vt 0.664057 0.782409
vt 0.670704 0.774700
vt 0.671760 0.782944
vt 0.660301 0.689463
vt 0.943015 0.365437
vt 0.933260 0.355518
vt 0.867985 0.968778
vt 0.878970 0.177261
vt 0.855378 0.291538
vt 0.859772 0.301265
vt 0.435959 0.813817
vt 0.444459 0.810442
vt 0.799665 0.831176
vt 0.812224 0.959471
vt 0.809785 0.957631
vt 0.811168 0.953937
vt 0.904225 0.882675
vt 0.489019 0.914273
vt 0.493124 0.911590
vt 0.720213 0.211320
vt 0.862031 0.292571
vt 0.213287 0.672791
vt 0.932075 0.092514
vt 0.922676 0.073801
vt 0.879450 0.920776
vt 0.845075 0.328012
vt 0.836337 0.337630
vt 0.832630 0.330036
vt 0.420630 0.878751
vt 0.420209 0.897267
vt 0.404043 0.889743
vt 0.103098 0.673684
vt 0.104229 0.692880
vt 0.459325 0.501032
vt 0.830203 0.337315
vt 0.342365 0.794171
vt 0.931795 0.065255
vt 0.929269 0.384985
vt 0.393686 0.986958
vt 0.385206 0.987799
vt 0.382573 0.974327
vt 0.566602 0.900740
vt 0.570878 0.902149
vt 0.570296 0.911843
vt 0.412288 0.068672
vt 0.785971 0.244086
vt 0.790145 0.253569
vt 0.671728 0.763772
vt 0.667037 0.766220
vt 0.855194 0.185807
vt 0.855425 0.176539
vt 0.220833 0.654168
vt 0.853615 0.318833
vt 0.661146 0.722227
vt 0.470999 0.924003
vt 0.825820 0.405499
vt 0.828027 0.399538
vt 0.830601 0.407752
vt 0.937719 0.508028
vt 0.962853 0.139085
vt 0.399482 0.070404
vt 0.376016 0.051626
vt 0.787631 0.263982
vt 0.568431 0.854287
vt 0.569846 0.846117
vt 0.343587 0.791670
vt 0.679595 0.633837
vt 0.680531 0.631564
vt 0.680531 0.635023
vt 0.806087 0.925534
vt 0.805490 0.937859
vt 0.799041 0.923663
vt 0.574176 0.909680
vt 0.350301 0.632577
vt 0.356378 0.619349
vt 0.355834 0.632756
vt 0.355805 0.796643
vt 0.354736 0.805873
vt 0.352814 0.795787
vt 0.399340 0.053903
vt 0.781683 0.223741
vt 0.655961 0.771078
vt 0.660164 0.765092
vt 0.661328 0.773400
vt 0.406903 0.913806
vt 0.946374 0.105022
vt 0.454981 0.496825
vt 0.566044 0.867093
vt 0.569697 0.857405
vt 0.570946 0.865843
vt 0.577801 0.923831
vt 0.903369 0.891789
vt 0.909626 0.895912
vt 0.841257 0.320988
vt 0.376322 0.853734
vt 0.389436 0.861913
vt 0.372730 0.862453
vt 0.354629 0.612236
vt 0.963092 0.115171
vt 0.233448 0.666044
vt 0.238999 0.656709
vt 0.660396 0.731810
vt 0.569675 0.893063
vt 0.566417 0.887794
vt 0.571976 0.885984
vt 0.388253 0.971499
vt 0.569784 0.876771
vt 0.573003 0.875747
vt 0.665102 0.750217
vt 0.331952 0.956117
vt 0.334379 0.955627
vt 0.334379 0.958761
vt 0.854481 0.033680
vt 0.850785 0.167447
vt 0.851156 0.408076
vt 0.845503 0.399947
vt 0.857518 0.404993
vt 0.068552 0.871229
vt 0.079923 0.837324
vt 0.931588 0.331120
vt 0.935947 0.331262
vt 0.934312 0.339041
vt 0.397337 0.070344
vt 0.396618 0.067636
vt 0.380586 0.873735
vt 0.782487 0.025940
vt 0.342760 0.828573
vt 0.437141 0.938311
vt 0.394537 0.068415
vt 0.395537 0.070730
vt 0.961591 0.192118
vt 0.397207 0.053993
vt 0.396501 0.056788
vt 0.837515 0.406761
vt 0.832722 0.400276
vt 0.798463 0.814341
vt 0.659666 0.959017
vt 0.657451 0.956668
vt 0.659666 0.954542
vt 0.564454 0.925147
vt 0.554130 0.932451
vt 0.554072 0.910312
vt 0.866551 0.297773
vt 0.931234 0.227563
vt 0.943200 0.216823
vt 0.419875 0.937704
vt 0.111842 0.713740
vt 0.512259 0.896270
vt 0.510605 0.908698
vt 0.506425 0.897953
vt 0.562910 0.828814
vt 0.560066 0.856201
vt 0.553196 0.835113
vt 0.941920 0.924014
vt 0.940898 0.920719
vt 0.942524 0.919042
vt 0.941314 0.336753
vt 0.941167 0.345254
vt 0.859698 0.409016
vt 0.855766 0.409454
vt 0.657304 0.714536
vt 0.830236 0.174194
vt 0.942982 0.335090
vt 0.505543 0.841804
vt 0.511892 0.852671
vt 0.505243 0.852855
vt 0.892828 0.451795
vt 0.898327 0.447009
vt 0.043052 0.929175
vt 0.938593 0.353931
vt 0.862807 0.149063
vt 0.874611 0.151958
vt 0.855854 0.398486
vt 0.846002 0.392748
vt 0.903879 0.466153
vt 0.900148 0.884991
vt 0.510776 0.876696
vt 0.695597 0.949889
vt 0.848915 0.155417
vt 0.855129 0.149482
vt 0.551336 0.821740
vt 0.561569 0.819185
vt 0.843642 0.399120
vt 0.843474 0.392222
vt 0.225127 0.894769
vt 0.368011 0.853607
vt 0.521691 0.838150
vt 0.515169 0.829754
vt 0.521951 0.827507
vt 0.841829 0.344007
vt 0.847998 0.345877
vt 0.847669 0.353223
vt 0.891713 0.455970
vt 0.442818 0.808886
vt 0.436358 0.805402
vt 0.399032 0.932693
vt 0.419293 0.913989
vt 0.256464 0.939210
vt 0.521981 0.884383
vt 0.441681 0.800476
vt 0.391866 0.953084
vt 0.396887 0.968357
vt 0.922869 0.940958
vt 0.916117 0.908933
vt 0.929173 0.923548
vt 0.831023 0.347682
vt 0.563614 0.936883
vt 0.244169 0.670403
vt 0.573791 0.933565
vt 0.855987 0.885506
vt 0.512215 0.833189
vt 0.721775 0.942839
vt 0.731123 0.942463
vt 0.727047 0.947011
vt 0.852749 0.953197
vt 0.848211 0.974599
vt 0.780464 0.958427
vt 0.778157 0.956853
vt 0.780043 0.952460
vt 0.559711 0.896251
vt 0.750536 0.959701
vt 0.748518 0.956675
vt 0.750536 0.952873
vt 0.549930 0.859013
vt 0.543113 0.827229
vt 0.856090 0.394048
vt 0.865034 0.925166
vt 0.332619 0.873115
vt 0.330197 0.885433
vt 0.328638 0.876860
vt 0.660009 0.852325
vt 0.661248 0.851326
vt 0.660705 0.860523
vt 0.834651 0.391335
vt 0.523057 0.928128
vt 0.509145 0.918110
vt 0.362047 0.868278
vt 0.774263 0.956660
vt 0.776413 0.953108
vt 0.776475 0.960040
vt 0.347761 0.799260
vt 0.655956 0.724354
vt 0.532985 0.870182
vt 0.941943 0.330734
vt 0.666456 0.758509
vt 0.934283 0.943530
vt 0.540332 0.923164
vt 0.545068 0.936247
vt 0.664296 0.957433
vt 0.660705 0.956057
vt 0.663823 0.952260
vt 0.958750 0.164542
vt 0.525552 0.908723
vt 0.014598 0.945592
vt 0.026499 0.924742
vt 0.336024 0.894129
vt 0.343533 0.902977
vt 0.342334 0.907526
vt 0.399422 0.072651
vt 0.399389 0.072866
vt 0.924301 0.239060
vt 0.540835 0.819092
vt 0.827102 0.392228
vt 0.680374 0.750292
vt 0.673538 0.751789
vt 0.676040 0.744349
vt 0.500549 0.877524
vt 0.497822 0.874336
vt 0.500546 0.869561
vt 0.680246 0.754848
vt 0.535237 0.888182
vt 0.456444 0.921220
vt 0.451618 0.920592
vt 0.278177 0.885122
vt 0.880333 0.340733
vt 0.876586 0.128554
vt 0.556666 0.883171
vt 0.552596 0.893553
vt 0.392194 0.072331
vt 0.393001 0.073384
vt 0.809380 0.958522
vt 0.807462 0.957949
vt 0.809554 0.953976
vt 0.656904 0.739565
vt 0.394395 0.074734
vt 0.504603 0.955017
vt 0.501549 0.956041
vt 0.502815 0.949300
vt 0.558588 0.868972
vt 0.950056 0.195780
vt 0.937294 0.110488
vt 0.948700 0.126687
vt 0.391443 0.071053
vt 0.944383 0.354737
vt 0.983939 0.420616
vt 0.980535 0.428887
vt 0.980637 0.422001
vt 0.959758 0.351445
vt 0.283825 0.912424
vt 0.530973 0.818792
vt 0.722184 0.949503
vt 0.391440 0.061782
vt 0.392174 0.060513
vt 0.850656 0.330267
vt 0.392985 0.059463
vt 0.394395 0.058082
vt 0.551187 0.815320
vt 0.396454 0.057060
vt 0.902794 0.858595
vt 0.396563 0.067360
vt 0.394544 0.068042
vt 0.582141 0.956603
vt 0.584707 0.954557
vt 0.584707 0.959343
vt 0.390903 0.069666
vt 0.871223 0.104402
vt 0.394427 0.056445
vt 0.978206 0.440420
vt 0.978972 0.454179
vt 0.974283 0.437988
vt 0.346253 0.910584
vt 0.399646 0.062204
vt 0.399553 0.060793
vt 0.448400 0.805356
vt 0.556651 0.939340
vt 0.399560 0.063652
vt 0.399013 0.065435
vt 0.862727 0.393620
vt 0.388982 0.893259
vt 0.398953 0.058978
vt 0.744982 0.957233
vt 0.742716 0.955702
vt 0.745409 0.952817
vt 0.470717 0.919995
vt 0.842931 0.881485
vt 0.341250 0.877016
vt 0.341204 0.892395
vt 0.412733 0.070939
vt 0.412733 0.053360
vt 0.390916 0.063178
vt 0.390702 0.064465
vt 0.266493 0.919383
vt 0.398033 0.066631
vt 0.343910 0.860112
vt 0.345808 0.864513
vt 0.340897 0.862652
vt 0.372434 0.884505
vt 0.362733 0.889952
vt 0.397954 0.057805
vt 0.296387 0.911342
vt 0.865482 0.058056
vt 0.872504 0.068980
vt 0.384560 0.943012
vt 0.390704 0.068365
vt 0.850102 0.899710
vt 0.392226 0.918113
vt 0.954745 0.150608
vt 0.947480 0.146301
vt 0.620495 0.961813
vt 0.619067 0.960596
vt 0.620495 0.958140
vt 0.873097 0.322624
vt 0.839551 0.875489
vt 0.572472 0.942149
vt 0.572058 0.937710
vt 0.250244 0.878064
vt 0.913837 0.959147
vt 0.911519 0.959147
vt 0.912346 0.956105
vt 0.672789 0.911591
vt 0.670624 0.931394
vt 0.661420 0.911808
vt 0.983492 0.444998
vt 0.982538 0.453972
vt 0.972167 0.448288
vt 0.971731 0.457383
vt 0.967539 0.451361
vt 0.983401 0.436150
vt 0.826909 0.977800
vt 0.833580 0.959905
vt 0.951106 0.173800
vt 0.965203 0.444791
vt 0.345071 0.874783
vt 0.345858 0.891985
vt 0.371509 0.902128
vt 0.571460 0.816956
vt 0.326802 0.884755
vt 0.854293 0.927275
vt 0.335457 0.880703
vt 0.344110 0.884414
vt 0.839551 0.939497
vt 0.839706 0.910637
vt 0.604197 0.867760
vt 0.592095 0.895069
vt 0.966118 0.427752
vt 0.972307 0.424144
vt 0.972287 0.427073
vt 0.328732 0.897308
vt 0.967271 0.439387
vt 0.972089 0.430998
vt 0.872128 0.092176
vt 0.983739 0.462379
vt 0.827806 0.946025
vt 0.827654 0.936321
vt 0.381800 0.915195
vt 0.594437 0.863406
vt 0.939229 0.197495
vt 0.831106 0.924709
vt 0.372402 0.925001
vt 0.334111 0.906109
vt 0.327860 0.902806
vt 0.334359 0.902797
vt 0.338504 0.902893
vt 0.250212 0.918238
vt 0.273562 0.897184
vt 0.911344 0.935051
vt 0.901674 0.920532
vt 0.742957 0.943135
vt 0.752883 0.941979
vt 0.752883 0.952032
vt 0.323971 0.894823
vt 0.769596 0.018982
vt 0.049251 0.893833
vt 0.374424 0.952368
vt 0.925133 0.225436
vt 0.962172 0.435956
vt 0.857021 0.056714
vt 0.928207 0.409023
vt 0.932969 0.395208
vt 0.941680 0.409023
vt 0.898775 0.944230
s 1
usemtl Gramby1Mtl
f 1/1/1 2/2/2 3/3/3
f 4/4/4 5/5/5 6/6/6
f 7/7/7 8/6/6 9/5/5
f 10/5/8 11/8/9 12/7/7
f 13/9/10 14/2/11 15/1/12
f 16/3/13 17/10/14 18/11/15
f 19/1/1 16/3/13 20/11/16
f 21/12/17 22/3/18 23/13/19
f 24/2/2 25/13/20 26/3/13
f 27/14/21 28/15/22 29/16/5
f 30/17/23 31/18/24 32/6/25
f 33/18/26 34/4/27 32/6/25
f 35/19/5 36/20/28 37/21/9
f 38/22/29 39/9/30 40/1/12
f 41/23/31 42/24/32 43/25/33
f 44/16/8 45/15/22 46/26/34
f 47/23/35 48/27/36 49/24/32
f 50/27/36 51/28/37 52/24/32
f 53/29/38 54/23/35 55/30/39
f 56/29/38 57/31/40 58/23/41
f 59/32/42 60/25/33 61/24/32
f 62/23/35 63/25/33 64/30/43
f 65/33/44 66/34/45 67/18/46
f 68/7/47 69/35/48 70/6/49
f 70/6/25 71/35/48 72/17/50
f 73/1/1 74/11/16 75/22/29
f 76/32/42 77/24/51 78/36/52
f 79/37/53 80/38/54 81/39/55
f 82/40/56 83/33/44 84/17/57
f 85/41/58 86/40/56 87/42/59
f 88/40/60 85/41/61 89/28/37
f 90/28/37 85/41/61 91/24/32
f 92/12/62 93/10/63 94/3/13
f 93/10/64 95/12/62 96/38/54
f 97/23/35 98/31/40 99/27/36
f 99/27/65 100/43/66 101/28/67
f 102/36/52 103/24/32 104/41/68
f 105/14/69 106/44/46 107/45/45
f 108/18/70 109/17/57 110/33/71
f 111/46/72 112/47/11 113/48/30
f 114/49/73 115/40/56 116/28/74
f 117/50/75 118/29/38 119/37/76
f 120/39/55 117/50/75 119/37/76
f 121/30/77 122/37/76 118/29/38
f 123/39/78 124/51/79 125/50/80
f 126/52/81 127/53/78 128/54/82
f 129/55/83 130/56/67 131/57/66
f 132/50/80 133/58/79 134/31/84
f 135/58/81 136/27/85 134/31/86
f 137/33/71 138/40/87 139/59/73
f 140/17/23 141/42/59 142/40/60
f 140/17/50 143/35/88 144/60/89
f 141/42/59 145/36/52 146/41/58
f 147/50/90 148/31/40 149/29/38
f 150/55/83 151/61/91 152/62/67
f 153/58/81 154/63/92 155/27/93
f 156/58/79 157/50/80 158/64/79
f 159/65/94 160/36/95 161/66/96
f 160/36/97 162/65/98 163/32/42
f 164/67/99 165/57/66 166/68/65
f 167/12/100 168/39/78 169/38/54
f 170/61/91 171/69/44 172/70/101
f 173/37/53 174/30/102 175/71/103
f 176/72/104 177/73/78 178/74/17
f 179/61/91 180/70/101 181/62/67
f 182/60/105 183/42/106 184/17/50
f 185/71/107 186/38/108 187/37/109
f 188/75/110 189/15/111 190/14/69
f 191/25/33 192/76/112 193/30/39
f 194/67/113 195/77/65 196/78/92
f 197/79/114 198/32/115 199/65/98
f 200/76/116 198/32/115 197/79/114
f 197/79/114 201/65/98 202/80/117
f 203/76/112 204/25/118 198/32/42
f 203/76/119 205/81/120 206/30/121
f 207/71/107 206/30/121 208/81/122
f 209/35/123 210/7/47 211/82/124
f 212/83/125 213/66/96 214/42/106
f 215/84/126 216/11/15 217/10/127
f 218/36/95 219/42/106 220/66/96
f 221/72/104 222/85/128 223/73/78
f 224/86/7 225/21/9 226/87/129
f 227/88/10 228/89/130 229/90/131
f 230/91/132 231/92/133 232/93/92
f 233/94/134 230/91/135 234/52/136
f 235/47/11 236/95/137 237/96/19
f 238/93/92 239/97/136 240/91/132
f 241/97/136 242/52/138 243/91/135
f 244/98/139 245/99/140 246/100/141
f 247/101/142 248/102/143 249/100/141
f 250/103/144 251/104/145 249/100/146
f 252/105/147 253/106/148 249/100/146
f 253/106/148 254/107/149 249/100/146
f 255/108/150 256/109/151 249/100/141
f 257/110/152 255/108/150 249/100/141
f 258/111/153 257/110/152 259/100/141
f 260/112/154 261/111/153 259/100/141
f 262/102/155 263/103/156 259/100/141
f 264/99/157 265/112/154 266/100/141
f 267/109/158 268/101/159 266/100/141
f 269/45/160 270/69/161 271/113/162
f 272/55/163 273/57/164 274/114/165
f 275/14/69 276/45/160 277/75/166
f 278/54/167 279/96/19 280/95/168
f 281/115/169 282/61/170 283/55/83
f 284/55/163 285/114/171 281/115/169
f 286/61/170 287/113/172 288/69/173
f 289/47/11 290/116/174 291/95/137
f 292/117/175 293/118/176 294/119/177
f 295/61/170 296/115/169 297/113/172
f 298/10/64 299/38/178 300/84/126
f 301/54/167 302/94/134 303/52/138
f 304/95/168 305/94/134 306/54/167
f 307/57/164 308/67/113 309/114/179
f 310/120/180 311/121/181 312/122/182
f 313/123/183 314/76/119 315/79/114
f 316/118/184 317/124/185 318/119/186
f 319/116/174 320/47/11 321/46/187
f 322/125/188 323/86/7 324/87/189
f 325/60/105 326/83/125 327/42/106
f 328/93/92 329/92/190 330/126/191
f 331/127/192 332/22/130 333/11/16
f 334/60/105 335/35/193 336/83/194
f 337/45/160 338/113/162 339/75/166
f 340/128/195 341/114/179 342/67/196
f 343/67/196 344/78/197 340/128/198
f 345/129/199 346/98/139 347/100/146
f 348/130/191 349/128/195 350/78/197
f 351/82/124 352/7/47 353/131/200
f 354/38/178 355/132/201 356/84/126
f 357/132/202 354/38/178 358/71/107
f 359/104/203 360/133/204 361/100/146
f 362/91/132 363/134/205 364/135/206
f 365/136/207 366/137/208 367/138/209
f 368/128/195 369/139/210 370/114/179
f 371/124/185 372/140/211 373/119/186
f 374/140/211 371/124/185 375/141/212
f 376/142/213 377/117/175 373/119/214
f 378/136/207 379/143/215 380/137/208
f 381/144/216 382/145/209 383/122/182
f 384/120/180 385/146/217 386/121/181
f 387/133/204 388/105/147 389/100/146
f 390/107/149 391/129/218 392/100/146
f 393/128/195 394/130/191 395/147/219
f 396/148/220 397/83/221 398/35/48
f 399/148/220 398/35/222 400/82/223
f 401/149/224 402/150/225 403/151/149
f 402/150/225 401/149/224 404/152/226
f 405/149/227 406/153/228 404/152/229
f 406/153/228 405/149/227 407/154/230
f 408/128/231 409/147/219 410/139/210
f 411/136/207 412/155/232 413/143/233
f 414/71/107 415/81/122 416/156/234
f 417/157/235 418/158/236 419/159/237
f 420/157/238 421/160/239 422/158/236
f 423/160/239 424/161/240 425/158/236
f 426/162/241 427/136/242 428/138/209
f 429/157/238 430/159/243 431/163/244
f 432/164/245 433/165/246 434/166/247
f 435/166/247 436/167/248 437/168/249
f 438/160/250 439/169/251 440/170/252
f 441/160/239 442/170/253 443/161/240
f 444/92/254 445/135/255 446/171/256
f 445/135/206 447/92/133 448/91/132
f 449/172/257 450/173/258 451/174/259
f 449/172/257 451/174/259 452/175/260
f 453/168/249 454/176/261 455/159/237
f 456/177/262 457/178/263 458/179/264
f 459/180/265 460/181/266 461/182/264
f 462/183/267 463/184/268 464/176/269
f 465/185/270 466/166/271 467/186/272
f 468/159/237 466/166/247 469/168/249
f 470/164/245 466/166/247 471/158/236
f 472/161/273 470/164/245 471/158/236
f 473/187/265 474/188/274 475/177/266
f 476/189/275 477/190/276 478/176/261
f 479/176/261 477/190/277 480/183/267
f 481/191/278 482/183/267 477/190/279
f 483/163/280 484/159/237 485/176/261
f 483/163/281 486/184/282 487/192/283
f 488/193/284 489/194/285 490/182/286
f 491/194/285 492/180/287 493/182/288
f 494/151/289 495/150/290 496/195/291
f 497/196/292 498/197/293 499/198/294
f 498/197/293 497/196/292 500/199/295
f 501/200/296 502/165/297 503/164/298
f 504/201/299 505/136/242 506/162/300
f 507/202/301 508/165/297 509/200/302
f 510/166/271 508/165/297 511/186/272
f 510/166/247 512/159/237 513/158/236
f 514/203/303 515/204/304 516/205/305
f 517/119/214 518/140/211 519/193/284
f 520/206/306 521/207/307 522/208/308
f 523/119/214 524/193/284 525/142/309
f 526/209/310 527/114/179 528/139/210
f 529/210/311 530/211/312 531/212/313
f 532/213/314 533/214/315 534/189/316
f 535/215/317 532/213/314 536/216/318
f 535/215/319 537/216/320 538/206/321
f 539/214/315 540/213/322 535/215/323
f 541/203/324 542/217/325 543/204/326
f 544/218/312 545/219/327 546/220/328
f 547/221/329 548/222/330 549/204/331
f 550/223/332 551/224/333 552/225/334
f 553/210/311 554/223/335 552/225/334
f 555/226/336 556/227/337 557/201/299
f 558/201/299 559/162/300 555/226/338
f 560/211/339 561/227/340 562/226/338
f 563/210/311 561/227/340 560/211/339
f 564/218/339 565/228/338 566/219/327
f 567/205/305 568/229/341 569/203/303
f 570/230/342 571/231/343 568/229/344
f 572/232/345 573/115/346 574/114/171
f 575/233/347 576/155/348 577/201/349
f 578/187/265 579/234/350 580/235/351
f 581/236/352 582/235/353 579/234/354
f 583/237/355 584/238/175 585/239/356
f 586/240/357 587/172/358 588/175/359
f 589/241/360 590/242/361 591/207/362
f 589/241/363 592/243/364 593/242/361
f 591/207/307 594/242/361 595/208/365
f 596/216/366 597/244/367 598/245/368
f 599/216/318 600/246/369 597/244/367
f 601/247/370 602/248/371 603/249/372
f 604/182/373 605/142/309 606/193/284
f 607/246/369 608/250/374 609/244/367
f 610/251/375 611/252/376 612/253/377
f 613/254/378 614/251/379 612/253/377
f 615/222/380 616/221/329 617/249/381
f 618/113/172 619/115/382 620/232/383
f 621/235/353 622/236/352 623/255/384
f 624/256/385 625/257/386 626/154/230
f 625/257/386 627/153/387 626/154/230
f 628/204/388 629/258/389 630/259/390
f 631/260/391 632/261/392 633/248/371
f 634/262/393 635/263/394 636/264/395
f 637/253/377 638/252/376 634/262/393
f 639/247/370 640/260/391 641/248/371
f 642/262/393 643/252/376 644/263/394
f 645/184/268 646/163/396 647/176/269
f 648/91/397 649/94/398 650/134/205
f 651/265/399 652/266/400 653/217/401
f 654/267/402 655/268/403 651/265/399
f 656/260/391 657/269/404 658/261/392
f 659/200/302 660/270/405 661/271/406
f 661/271/406 662/202/301 659/200/302
f 663/217/407 664/270/405 659/200/408
f 665/265/409 663/217/407 666/272/410
f 667/273/411 668/274/412 669/275/413
f 670/65/414 671/66/415 672/80/416
f 673/261/392 674/269/417 675/275/413
f 676/215/319 677/206/418 678/276/419
f 679/214/420 676/215/421 680/277/422
f 681/247/423 682/249/424 683/278/425
f 684/217/325 685/266/400 686/204/326
f 687/279/426 688/230/427 689/229/341
f 690/280/428 687/279/429 691/229/430
f 692/271/431 691/229/341 693/231/432
f 694/281/433 695/279/429 690/280/434
f 695/279/435 696/282/436 697/185/437
f 698/186/438 699/230/427 697/185/439
f 700/279/440 697/185/270 701/230/342
f 702/250/441 695/279/429 703/281/433
f 704/283/442 702/250/441 703/281/433
f 705/217/407 706/203/443 707/270/444
f 708/221/329 709/204/326 710/266/400
f 711/250/374 712/246/369 713/282/436
f 713/282/445 714/279/426 715/250/446
f 716/215/421 717/276/419 718/277/447
f 719/179/288 720/178/448 721/237/449
f 722/168/249 723/167/450 724/284/451
f 725/245/452 726/206/321 727/216/320
f 728/222/330 729/258/389 730/204/331
f 731/273/411 729/258/453 732/274/454
f 733/251/375 734/208/455 735/242/456
f 736/285/457 737/242/361 738/243/364
f 739/136/458 740/201/349 741/155/232
f 742/180/459 743/286/460 744/287/461
f 745/286/460 746/180/459 747/194/285
f 748/244/367 749/250/441 750/283/442
f 751/207/307 752/245/462 748/244/463
f 753/206/306 752/245/462 751/207/307
f 754/126/464 755/288/465 756/289/466
f 757/176/261 758/284/467 759/189/275
f 760/290/468 761/278/469 762/249/381
f 763/286/470 764/291/471 765/287/461
f 766/258/389 767/292/472 768/259/390
f 769/292/472 770/273/473 771/293/474
f 772/164/475 773/161/240 774/200/302
f 775/243/364 776/294/476 777/285/477
f 776/294/478 778/295/479 779/285/457
f 776/294/478 780/293/474 781/295/479
f 782/295/479 783/293/474 784/273/473
f 785/227/480 786/210/311 787/296/481
f 787/296/481 788/210/482 789/225/334
f 790/284/483 791/246/369 792/213/314
f 793/292/472 794/258/389 795/273/473
f 796/170/484 797/200/302 798/161/240
f 799/297/485 800/263/486 801/252/376
f 802/157/487 803/163/488 804/192/283
f 805/248/489 806/261/490 807/274/491
f 808/213/322 809/189/275 810/284/467
f 811/282/492 812/246/493 813/284/467
f 814/284/467 815/176/261 816/168/249
f 817/193/284 818/298/494 819/194/285
f 820/299/495 821/300/496 818/298/497
f 822/301/498 823/302/499 824/303/500
f 825/126/464 826/92/254 827/304/501
f 828/305/176 829/306/175 830/307/502
f 831/308/503 832/80/416 833/66/415
f 834/179/264 835/237/449 836/239/356
f 837/309/504 838/240/505 839/175/359
f 840/310/506 841/167/248 842/166/271
f 843/311/507 844/275/413 845/269/404
f 846/312/508 843/311/507 847/302/499
f 848/312/509 847/302/499 849/301/510
f 850/221/329 851/290/511 852/249/424
f 853/313/512 854/314/513 850/221/329
f 855/254/378 856/253/377 857/315/514
f 856/253/515 858/262/393 859/316/516
f 860/314/513 861/313/512 862/317/517
f 863/271/518 864/203/443 865/229/341
f 866/235/353 867/188/274 868/187/265
f 869/318/519 870/319/520 871/197/293
f 871/197/293 870/319/520 872/198/521
f 873/320/522 874/254/523 875/315/524
f 873/320/522 876/208/525 877/254/526
f 878/261/392 879/275/527 880/274/491
f 881/285/528 882/321/529 883/297/530
f 884/263/486 882/321/531 885/301/498
f 886/286/532 887/322/533 888/291/471
f 889/175/534 890/323/535 891/309/504
f 892/263/536 893/301/498 894/264/537
f 895/213/314 896/246/538 897/216/318
f 898/297/485 899/252/539 900/324/540
f 901/271/518 902/270/444 903/203/443
f 904/325/541 905/197/542 906/199/543
f 907/254/378 908/208/544 909/251/379
f 910/301/510 911/321/531 912/312/509
f 913/252/539 914/251/375 915/324/540
f 916/205/305 917/259/545 918/229/430
f 919/326/546 920/327/547 921/328/548
f 922/323/549 923/175/359 924/329/550
f 923/175/359 925/174/551 924/329/550
f 926/244/463 927/241/552 928/207/307
f 926/244/463 929/283/442 927/241/552
f 930/312/508 931/330/553 932/311/554
f 933/228/338 934/331/241 935/219/327
f 936/197/555 937/325/556 938/332/557
f 939/248/489 940/333/558 941/249/381
f 942/321/559 943/285/560 944/295/561
f 945/311/562 946/334/563 947/302/564
f 946/334/563 945/311/562 948/269/417
f 949/266/565 950/265/399 951/313/566
f 952/304/501 953/288/465 954/126/567
f 955/335/568 956/233/347 957/201/349
f 958/227/337 959/335/568 957/201/349
f 960/248/489 961/274/412 962/333/558
f 963/336/569 964/320/570 965/315/524
f 966/337/571 967/338/572 963/336/573
f 968/332/557 969/318/574 970/197/555
f 971/290/575 972/221/576 973/314/577
f 974/297/530 975/242/456 976/285/528
f 977/296/481 978/339/578 979/227/337
f 980/276/579 981/340/580 982/277/422
f 983/265/399 984/317/517 985/313/566
f 986/317/517 987/265/399 988/268/581
f 989/341/582 990/208/544 991/320/570
f 989/341/582 991/320/570 992/342/583
f 993/206/418 994/343/584 995/276/579
f 996/277/422 997/340/580 998/191/278
f 999/84/585 1000/127/192 1001/11/15
f 1002/344/586 1003/278/587 1004/290/511
f 1002/344/586 1005/247/423 1003/278/587
f 1006/295/561 1007/273/588 1008/330/589
f 1009/319/590 1010/318/591 1011/345/592
f 1012/208/593 1013/343/594 1014/206/595
f 1015/166/271 1016/185/270 1017/310/506
f 1018/330/553 1019/275/413 1020/311/554
f 1021/344/586 1022/346/596 1023/247/597
f 1024/347/598 1025/225/599 1026/224/600
f 1027/299/601 1028/298/602 1029/193/603
f 1030/348/604 1027/299/601 1029/193/603
f 1031/349/605 1032/340/580 1033/276/606
f 1034/341/607 1035/343/584 1036/208/544
f 1037/316/516 1038/350/608 1039/253/515
f 1040/275/413 1041/330/609 1042/273/588
f 1043/217/407 1044/200/302 1045/170/484
f 1046/300/610 1047/194/285 1048/298/611
f 1049/188/612 1050/351/613 1051/177/614
f 1052/151/149 1053/195/291 1054/352/615
f 1055/353/616 1056/260/617 1057/346/596
f 1058/337/618 1059/336/569 1060/350/619
f 1059/336/569 1061/315/620 1060/350/619
f 1062/165/297 1063/202/621 1064/186/438
f 1065/343/584 1066/349/605 1067/276/579
f 1068/303/500 1069/264/622 1070/301/498
f 1071/266/623 1072/313/512 1073/221/624
f 1074/191/625 1075/190/279 1076/277/422
f 1077/331/241 1078/354/626 1079/219/327
f 1078/354/626 1077/331/241 1080/355/627
f 1081/274/454 1082/258/389 1083/333/628
f 1084/272/629 1085/267/630 1086/265/399
f 1087/312/508 1088/295/631 1089/330/632
f 1090/321/559 1088/295/631 1087/312/508
f 1091/284/483 1092/167/248 1093/310/633
f 1094/346/596 1095/260/634 1096/247/597
f 1097/356/635 1098/75/166 1099/113/172
f 1100/140/636 1101/348/637 1102/193/284
f 1100/140/211 1103/141/638 1104/348/639
f 1105/260/391 1106/353/616 1107/357/640
f 1108/358/641 1109/359/642 1110/360/643
f 1111/361/644 1112/323/535 1113/329/645
f 1114/321/531 1115/263/486 1116/297/530
f 1117/357/646 1118/269/404 1119/260/391
f 1120/335/568 1121/227/337 1122/339/647
f 1123/335/568 1122/339/648 1124/362/649
f 1125/292/472 1126/363/650 1127/364/651
f 1128/355/652 1129/365/216 1130/366/653
f 1131/259/390 1132/292/472 1133/364/654
f 1134/297/655 1135/324/656 1136/242/456
f 1137/350/619 1138/315/657 1139/253/515
f 1140/336/573 1141/342/658 1142/320/659
f 1143/367/660 1144/368/661 1145/369/332
f 1145/369/332 1146/368/662 1147/370/663
f 1148/343/664 1149/341/607 1150/349/605
f 1151/371/665 1152/262/666 1153/264/667
f 1154/372/668 1155/373/34 1156/15/669
f 1157/374/670 1158/375/671 1159/376/672
f 1160/328/239 1161/377/673 1162/378/674
f 1163/205/675 1164/204/676 1165/259/390
f 1166/363/677 1167/280/678 1168/364/654
f 1167/280/434 1169/229/430 1170/259/390
f 1171/379/679 1172/380/680 1173/147/681
f 1171/379/679 1174/147/681 1175/381/682
f 1176/382/683 1172/380/684 1177/383/685
f 1178/286/470 1179/194/285 1180/300/686
f 1181/152/229 1182/153/687 1183/384/688
f 1184/153/689 1185/385/690 1183/384/691
f 1186/257/692 1185/385/690 1184/153/689
f 1187/386/693 1188/327/694 1189/326/546
f 1190/75/695 1191/387/696 1192/15/697
f 1193/88/10 1194/90/131 1195/388/698
f 1196/389/699 1197/286/470 1198/300/610
f 1199/390/700 1200/291/701 1201/391/702
f 1202/392/703 1203/393/704 1204/296/705
f 1205/296/481 1206/225/334 1202/392/706
f 1207/394/707 1208/395/708 1203/393/709
f 1209/363/710 1210/292/711 1211/396/712
f 1212/392/713 1213/225/334 1214/347/714
f 1215/243/715 1216/397/716 1217/294/476
f 1218/398/717 1219/370/663 1220/368/662
f 1221/399/718 1222/345/592 1223/400/719
f 1224/401/720 1225/402/721 1221/399/718
f 1226/222/722 1227/249/372 1228/333/723
f 1229/262/666 1230/371/724 1231/316/516
f 1232/358/641 1233/403/725 1234/359/726
f 1235/328/239 1236/378/674 1237/326/727
f 1238/81/122 1239/76/119 1240/123/183
f 1241/294/476 1242/397/716 1243/396/712
f 1244/348/639 1245/404/728 1246/299/601
f 1247/389/699 1248/405/729 1249/322/730
f 1250/406/641 1251/344/586 1252/290/731
f 1253/290/575 1254/314/577 1255/407/732
f 1256/345/592 1257/402/733 1258/319/734
f 1257/402/733 1256/345/592 1259/399/735
f 1260/214/736 1261/190/277 1262/189/275
f 1263/408/737 1264/371/665 1265/264/667
f 1266/374/738 1267/409/739 1268/375/671
f 1269/237/740 1270/410/741 1271/238/175
f 1272/410/741 1269/237/740 1273/178/742
f 1274/323/535 1275/361/644 1276/411/743
f 1275/361/744 1277/412/745 1278/413/746
f 1277/412/745 1275/361/744 1279/329/550
f 1280/375/671 1281/338/747 1282/376/672
f 1283/394/707 1284/414/748 1285/395/749
f 1286/338/572 1287/415/671 1288/342/658
f 1289/416/658 1290/417/573 1291/418/572
f 1292/132/750 1293/71/107 1294/156/234
f 1295/214/420 1296/277/751 1297/190/277
f 1298/272/752 1299/170/753 1300/169/754
f 1301/419/755 1302/420/404 1303/421/640
f 1304/94/398 1305/95/137 1306/422/756
f 1307/286/470 1308/389/699 1309/322/757
f 1310/385/690 1311/412/745 1312/423/758
f 1311/412/745 1310/385/690 1313/413/746
f 1314/222/722 1315/333/723 1316/258/389
f 1317/396/712 1318/397/716 1319/363/710
f 1320/377/673 1321/424/283 1322/425/759
f 1323/233/760 1324/335/568 1325/426/761
f 1326/143/233 1327/155/762 1328/427/217
f 1329/272/752 1330/217/407 1331/170/753
f 1332/428/763 1333/339/648 1334/296/764
f 1333/339/648 1332/428/763 1335/362/765
f 1336/351/766 1337/178/742 1338/177/767
f 1339/406/641 1340/290/575 1341/407/768
f 1342/393/704 1343/428/763 1344/296/769
f 1345/392/703 1346/429/770 1347/393/709
f 1348/392/713 1349/347/771 1346/429/770
f 1350/243/715 1351/430/772 1352/397/716
f 1353/431/773 1354/432/774 1355/433/775
f 1356/294/476 1357/396/712 1358/293/776
f 1357/396/712 1359/292/472 1360/293/776
f 1361/342/777 1362/415/671 1363/434/739
f 1364/232/778 1365/114/171 1366/209/310
f 1367/92/254 1368/171/256 1369/304/779
f 1368/171/256 1370/135/780 1371/435/781
f 1372/435/782 1370/135/780 1373/134/205
f 1374/422/756 1373/134/205 1375/94/398
f 1376/283/442 1377/430/772 1378/241/552
f 1379/436/783 1380/431/773 1381/433/775
f 1382/347/598 1383/224/784 1384/437/785
f 1385/438/234 1386/439/122 1387/440/183
f 1388/231/343 1389/202/786 1390/271/787
f 1391/441/788 1392/442/789 1393/443/790
f 1394/349/791 1395/444/792 1396/445/793
f 1397/241/363 1398/430/772 1399/243/715
f 1400/425/759 1401/378/794 1402/377/487
f 1403/394/707 1404/393/704 1405/429/795
f 1406/446/796 1407/447/267 1408/448/797
f 1409/449/798 1410/141/799 1411/124/800
f 1412/307/801 1413/450/802 1414/305/803
f 1415/382/683 1416/209/310 1417/380/684
f 1418/209/310 1415/382/804 1419/232/778
f 1420/139/210 1421/380/680 1416/209/310
f 1422/147/681 1423/380/680 1420/139/210
f 1424/451/805 1419/232/383 1425/382/804
f 1424/451/805 1425/382/804 1426/452/806
f 1427/453/807 1424/451/805 1428/429/770
f 1429/431/808 1430/436/783 1431/454/809
f 1432/455/630 1433/454/810 1434/436/811
f 1435/456/812 1436/457/813 1437/405/729
f 1438/79/814 1439/458/815 1440/459/816
f 1441/379/817 1442/383/818 1443/380/680
f 1444/391/819 1445/291/471 1446/322/533
f 1447/456/820 1448/443/790 1449/457/813
f 1450/406/821 1451/360/822 1452/344/586
f 1453/288/823 1454/304/779 1455/441/788
f 1456/389/824 1457/456/812 1458/405/729
f 1459/188/825 1460/460/826 1461/351/613
f 1462/174/827 1463/173/258 1464/461/828
f 1465/462/829 1466/461/830 1463/173/258
f 1466/461/830 1465/462/829 1467/463/831
f 1468/169/832 1469/267/402 1470/272/629
f 1471/464/833 1472/465/834 1473/235/353
f 1474/300/686 1475/466/835 1476/389/824
f 1477/389/824 1475/466/835 1478/456/812
f 1479/342/836 1480/434/837 1481/341/582
f 1482/467/792 1483/341/607 1484/434/837
f 1485/468/838 1486/233/760 1487/426/839
f 1488/460/840 1489/188/841 1490/235/353
f 1491/191/625 1492/340/842 1493/469/793
f 1494/470/577 1495/433/775 1496/432/843
f 1497/452/806 1498/394/707 1499/429/795
f 1500/430/772 1501/283/442 1502/397/716
f 1503/233/760 1504/468/838 1505/155/844
f 1506/66/845 1507/83/125 1508/308/503
f 1509/150/846 1510/471/847 1511/472/848
f 1510/471/847 1509/150/846 1512/152/229
f 1513/384/849 1514/471/847 1512/152/229
f 1515/401/850 1516/150/851 1511/472/848
f 1515/401/850 1517/195/291 1516/150/851
f 1518/473/852 1519/474/853 1520/332/557
f 1519/474/853 1521/318/591 1520/332/557
f 1521/318/591 1522/400/719 1523/345/854
f 1521/318/591 1524/474/853 1522/400/719
f 1525/443/790 1526/442/789 1527/457/813
f 1528/470/577 1529/432/843 1530/475/732
f 1531/334/855 1532/476/856 1533/302/857
f 1534/476/858 1535/303/500 1536/302/859
f 1537/445/860 1538/340/842 1539/349/791
f 1540/477/616 1541/478/861 1542/479/646
f 1543/480/862 1544/288/823 1545/441/863
f 1546/481/864 1547/454/810 1548/455/630
f 1549/455/865 1550/386/866 1546/481/864
f 1549/455/630 1551/327/694 1552/386/866
f 1553/482/867 1554/483/755 1555/484/646
f 1556/220/328 1557/367/660 1558/369/332
f 1559/450/868 1560/485/869 1561/486/870
f 1562/305/803 1559/450/802 1563/487/185
f 1564/488/871 1563/487/185 1559/450/802
f 1565/367/872 1566/489/873 1567/490/874
f 1566/489/875 1568/220/876 1569/491/877
f 1570/369/332 1571/492/311 1568/220/313
f 1572/422/878 1573/95/137 1574/116/174
f 1575/493/503 1576/458/879 1577/80/416
f 1578/494/880 1579/414/881 1580/495/882
f 1580/495/882 1579/414/881 1581/496/883
f 1582/394/707 1581/496/884 1583/414/748
f 1584/443/790 1585/456/885 1586/497/886
f 1587/498/887 1588/362/765 1589/428/763
f 1590/499/888 1591/435/781 1592/134/889
f 1593/448/890 1594/447/891 1595/500/892
f 1596/299/601 1597/404/728 1598/501/893
f 1599/79/894 1600/459/895 1601/123/896
f 1602/502/897 1603/384/691 1604/385/898
f 1604/385/898 1605/423/899 1602/502/897
f 1606/349/791 1607/341/607 1608/444/900
f 1609/503/901 1610/379/902 1611/381/903
f 1612/504/904 1613/505/905 1614/506/906
f 1615/505/905 1616/121/907 1614/506/906
f 1617/144/216 1618/121/908 1613/505/905
f 1618/121/181 1619/144/216 1620/122/182
f 1621/507/909 1622/300/910 1623/299/495
f 1624/423/758 1625/412/745 1626/508/911
f 1627/509/912 1628/483/913 1629/510/855
f 1630/124/914 1631/511/915 1632/449/916
f 1633/489/875 1634/367/660 1635/220/876
f 1636/512/384 1637/513/917 1638/514/918
f 1639/432/774 1640/515/641 1641/475/919
f 1642/362/920 1643/516/921 1644/335/922
f 1645/517/139 1646/352/923 1647/518/924
f 1646/352/923 1648/195/925 1647/518/924
f 1649/519/926 1650/520/670 1651/521/927
f 1652/491/928 1653/220/929 1654/219/930
f 1655/198/931 1656/319/734 1657/522/932
f 1656/319/734 1658/523/933 1657/522/932
f 1657/522/932 1659/196/292 1660/198/931
f 1659/196/292 1657/522/932 1661/524/934
f 1662/525/935 1663/515/641 1664/432/774
f 1665/526/936 1666/527/937 1667/528/837
f 1668/141/938 1669/529/939 1670/404/940
f 1671/348/941 1668/141/638 1672/404/728
f 1673/530/942 1674/441/863 1675/443/943
f 1676/242/944 1677/324/945 1678/251/375
f 1679/519/926 1680/528/837 1681/520/670
f 1682/531/192 1683/532/946 1684/533/130
f 1685/534/947 1686/402/721 1687/401/948
f 1687/401/948 1688/535/949 1685/534/947
f 1689/329/950 1690/536/951 1691/412/745
f 1691/412/745 1690/536/951 1692/508/911
f 1693/431/808 1694/537/952 1695/432/774
f 1696/538/571 1697/539/953 1698/540/954
f 1699/525/935 1700/541/955 1701/542/641
f 1702/379/817 1703/543/956 1704/383/818
f 1705/399/735 1706/195/925 1707/401/720
f 1708/319/734 1709/402/733 1710/523/957
f 1709/402/733 1711/534/958 1710/523/957
f 1712/405/729 1713/457/813 1714/544/959
f 1715/545/960 1716/428/763 1717/393/961
f 1718/497/962 1719/466/963 1720/546/964
f 1719/466/963 1718/497/962 1721/456/812
f 1722/264/667 1723/303/965 1724/408/737
f 1725/171/256 1726/442/789 1727/304/779
f 1728/498/887 1729/428/763 1730/545/966
f 1731/441/863 1732/530/942 1733/480/862
f 1734/547/967 1735/232/383 1736/548/968
f 1734/547/967 1737/113/172 1735/232/383
f 1738/496/883 1739/452/969 1740/382/804
f 1738/496/883 1740/382/804 1741/383/970
f 1742/174/827 1743/536/951 1744/329/950
f 1743/536/951 1742/174/827 1745/461/971
f 1746/304/779 1747/442/789 1748/441/972
f 1749/322/973 1750/405/729 1751/549/974
f 1752/550/975 1753/551/955 1754/552/976
f 1755/553/977 1756/554/978 1757/500/625
f 1758/521/927 1759/555/979 1760/519/926
f 1761/464/980 1762/255/981 1763/556/982
f 1764/535/949 1765/401/850 1766/472/848
f 1767/557/983 1768/323/984 1769/411/743
f 1768/323/984 1767/557/983 1770/309/504
f 1771/299/601 1772/501/985 1773/507/909
f 1774/450/986 1775/486/987 1776/488/988
f 1777/427/989 1778/155/762 1779/558/990
f 1780/516/991 1781/426/992 1782/335/568
f 1783/498/993 1780/516/921 1784/362/649
f 1785/256/385 1786/559/994 1787/560/995
f 1788/257/996 1785/256/997 1789/560/995
f 1789/560/995 1790/413/746 1788/257/996
f 1790/413/746 1791/385/690 1792/257/998
f 1793/528/837 1794/519/926 1795/526/936
f 1796/561/999 1797/354/626 1798/355/1000
f 1799/255/981 1800/464/980 1801/235/353
f 1802/195/925 1803/399/735 1804/518/924
f 1805/21/9 1806/20/28 1807/87/129
f 1808/562/1001 1809/87/1002 1806/20/1003
f 1810/361/744 1811/413/746 1812/563/1004
f 1813/564/1005 1814/565/1006 1815/566/1007
f 1816/442/789 1817/171/256 1818/544/959
f 1816/442/789 1818/544/959 1819/457/813
f 1820/567/1008 1821/568/1009 1822/569/1010
f 1823/565/1011 1824/570/1012 1825/566/1007
f 1826/300/910 1827/507/909 1828/546/964
f 1829/466/963 1830/300/1013 1828/546/964
f 1831/495/1014 1832/383/818 1833/543/956
f 1834/503/901 1835/543/1015 1836/379/902
f 1837/568/1009 1838/567/1008 1839/571/1016
f 1840/238/1017 1841/410/1018 1842/572/502
f 1843/573/1008 1844/574/1019 1845/575/1020
f 1846/576/1006 1847/577/1021 1848/578/1022
f 1849/356/1023 1850/387/696 1851/75/695
f 1852/579/1024 1853/387/696 1849/356/1025
f 1849/356/1023 1854/113/172 1855/547/1026
f 1856/580/792 1857/581/1027 1858/553/977
f 1859/494/880 1860/495/1014 1861/582/1028
f 1860/495/1014 1862/496/883 1863/383/1029
f 1864/394/707 1865/452/969 1862/496/883
f 1866/488/1030 1867/583/1031 1868/584/1032
f 1869/585/1033 1870/540/954 1871/539/953
f 1872/395/1034 1873/414/1035 1874/494/880
f 1875/545/960 1874/494/1036 1876/586/1037
f 1875/545/960 1877/393/709 1878/395/708
f 1879/284/483 1880/310/1038 1881/282/436
f 1882/551/1039 1883/550/975 1884/587/1040
f 1885/548/968 1886/232/383 1887/451/805
f 1888/588/1041 1889/46/1042 1890/589/1043
f 1891/48/10 1892/589/1043 1889/46/1044
f 1893/585/1033 1894/590/665 1895/540/1045
f 1896/577/1021 1897/576/1006 1898/591/1046
f 1899/79/894 1900/80/416 1901/458/879
f 1902/579/1047 1903/547/967 1904/548/968
f 1905/592/1048 1906/326/546 1907/378/1049
f 1908/593/1050 1909/594/343 1910/595/427
f 1911/596/1051 1912/429/770 1913/347/714
f 1914/597/1052 1915/598/1053 1916/531/192
f 1917/537/1054 1918/454/810 1919/481/1055
f 1920/599/1056 1921/577/1021 1922/591/1057
f 1923/378/1049 1924/600/1058 1925/592/1048
f 1926/545/960 1927/395/749 1928/494/880
f 1929/310/1059 1930/185/270 1931/282/436
f 1932/601/283 1933/446/796 1934/602/1060
f 1935/448/890 1936/602/1060 1933/446/1061
f 1934/602/1062 1937/603/1063 1938/604/1064
f 1939/378/1049 1940/425/1065 1941/600/1058
f 1942/561/1066 1943/355/209 1944/366/653
f 1945/537/1067 1946/431/1068 1947/454/810
f 1948/602/1069 1949/605/1070 1950/606/1065
f 1951/601/1071 1948/602/1069 1950/606/1065
f 1952/502/897 1953/471/847 1954/384/849
f 1955/502/897 1956/535/1072 1953/471/847
f 1957/535/1072 1958/472/1073 1959/471/847
f 1960/607/1074 1961/608/1075 1962/609/1076
f 1963/555/1077 1964/521/1078 1965/610/1079
f 1966/603/1080 1967/448/890 1968/500/892
f 1969/410/1081 1970/178/742 1971/611/1082
f 1972/178/263 1973/351/1083 1971/611/1084
f 1974/612/1085 1975/575/1016 1976/574/1086
f 1977/613/1087 1978/614/1088 1979/615/1089
f 1980/616/1090 1981/617/1091 1982/618/1092
f 1983/363/1093 1984/281/1094 1985/280/678
f 1986/619/1021 1987/620/1095 1988/613/1087
f 1989/452/806 1990/429/1096 1991/451/805
f 1992/544/959 1993/621/1097 1994/549/974
f 1995/405/729 1992/544/959 1994/549/974
f 1996/435/1098 1993/621/1097 1997/171/256
f 1998/621/1097 1992/544/959 1999/171/256
f 2000/622/1099 2001/308/503 2002/83/125
f 2003/623/1100 2004/624/1101 2005/625/1102
f 2006/626/822 2007/608/1103 2008/607/1074
f 2009/503/901 2010/627/1104 2011/543/1015
f 2011/543/1015 2010/627/1104 2012/628/1105
f 2013/465/1106 2014/460/840 2015/235/353
f 2016/202/621 2017/231/343 2018/186/1107
f 2019/629/1108 2020/630/1109 2021/631/737
f 2022/553/1110 2023/632/1111 2024/554/1112
f 2025/633/1113 2024/554/1112 2026/632/1114
f 2027/634/1115 2028/443/1116 2029/497/962
f 2030/497/962 2031/635/1117 2027/634/1118
f 2032/636/1119 2033/637/1120 2034/638/1121
f 2033/637/1122 2035/576/1011 2036/638/1005
f 2037/281/1094 2038/397/716 2039/283/442
f 2040/639/1123 2041/640/1124 2042/641/1125
f 2043/640/1126 2040/639/1123 2044/642/1127
f 2045/643/1128 2046/644/1129 2047/645/1130
f 2048/530/1131 2049/634/1132 2050/646/1133
f 2051/647/1134 2052/648/1135 2053/649/1136
f 2054/650/1137 2055/651/1091 2056/652/1138
f 2057/432/1139 2058/537/1054 2059/653/1140
f 2060/654/1141 2059/653/1140 2058/537/1054
f 2061/525/935 2057/432/1142 2062/653/1143
f 2063/500/1144 2064/655/1145 2065/603/1080
f 2066/219/1146 2067/656/1147 2068/491/928
f 2069/219/1148 2070/354/1149 2067/656/1147
f 2071/553/977 2072/581/1027 2073/632/1111
f 2074/633/1150 2072/581/1151 2075/657/1152
f 2076/423/1153 2077/658/1154 2078/659/1155
f 2076/423/1153 2078/659/1155 2079/502/897
f 2080/660/1156 2081/661/1157 2082/643/1158
f 2083/662/1159 2084/663/1160 2085/664/1161
f 2086/665/785 2087/666/784 2088/667/717
f 2089/668/1162 2090/634/1118 2091/669/1163
f 2092/530/1104 2093/443/943 2090/634/1132
f 2094/155/762 2095/468/838 2096/558/1164
f 2097/670/1165 2098/558/990 2095/468/1166
f 2099/671/1167 2095/468/1168 2100/426/839
f 2101/399/735 2102/672/1169 2103/518/924
f 2104/413/1170 2105/560/1171 2106/563/1004
f 2107/673/1172 2108/605/1070 2109/602/1062
f 2110/653/1173 2111/674/975 2112/525/935
f 2113/535/1072 2114/502/1174 2115/675/1175
f 2114/502/1174 2116/659/1176 2115/675/1175
f 2117/448/890 2118/603/1063 2119/602/1062
f 2120/676/1094 2121/677/1093 2122/678/716
f 2123/500/892 2124/554/1112 2125/655/1177
f 2126/495/1178 2127/543/1015 2128/628/1179
f 2129/679/1180 2126/495/1178 2128/628/1179
f 2130/629/1108 2131/631/1181 2132/680/1182
f 2133/681/1183 2134/682/1184 2135/683/1185
f 2136/386/1186 2137/326/546 2138/684/1187
f 2139/685/1188 2140/686/1189 2141/687/1190
f 2142/660/1191 2143/688/1192 2144/689/1193
f 2145/614/1194 2146/620/1056 2147/690/1195
f 2148/620/1095 2145/614/1088 2149/613/1087
f 2150/691/1196 2151/692/1197 2152/693/1198
f 2153/694/1199 2154/695/1200 2155/693/1201
f 2156/604/1202 2157/696/1203 2158/602/1062
f 2159/697/1204 2160/572/502 2161/410/1018
f 2162/698/1205 2163/695/1200 2164/699/1206
f 2165/637/1207 2166/636/1119 2167/700/1208
f 2168/546/964 2169/635/1117 2170/497/962
f 2171/679/1180 2172/582/1209 2173/495/1178
f 2174/701/1210 2175/640/1124 2176/642/1211
f 2177/695/1200 2178/698/1212 2179/702/1213
f 2180/570/1012 2181/703/1214 2182/566/1007
f 2183/548/968 2184/451/805 2185/453/1215
f 2186/704/1216 2187/705/1217 2188/706/1218
f 2189/617/1091 2190/707/1219 2191/708/1220
f 2192/709/1221 2193/710/1222 2194/600/1058
f 2195/648/1135 2196/647/1223 2197/667/1224
f 2198/600/1058 2199/710/1222 2200/592/1048
f 2201/568/1225 2202/711/1226 2203/569/1010
f 2204/702/1227 2205/712/1228 2206/688/1229
f 2207/693/1230 2208/695/1200 2204/702/1213
f 2209/713/1231 2210/700/1208 2211/636/1119
f 2212/714/1232 2213/715/1233 2214/716/1234
f 2215/537/1054 2216/481/1235 2217/717/1236
f 2218/134/205 2219/422/1237 2220/499/1238
f 2221/718/1239 2222/545/1240 2223/586/1241
f 2224/719/1242 2225/720/1243 2226/721/557
f 2227/703/1214 2228/613/1087 2229/722/1244
f 2230/715/1233 2231/714/1232 2232/723/1245
f 2233/724/1246 2234/725/1247 2235/726/1248
f 2236/116/1249 2237/46/72 2238/588/1250
f 2239/727/1251 2240/728/1252 2241/729/1253
f 2242/705/1217 2243/730/1254 2244/731/1255
f 2245/732/1256 2246/705/1257 2247/731/1255
f 2248/733/1258 2249/734/1259 2250/735/1260
f 2251/508/1261 2252/736/1262 2253/658/1154
f 2251/508/1261 2253/658/1154 2254/423/1153
f 2255/616/1263 2256/575/1016 2257/612/1264
f 2258/575/1265 2255/616/1263 2259/618/1092
f 2260/639/1123 2261/737/1266 2262/642/1127
f 2263/501/985 2264/404/940 2265/738/1267
f 2266/739/1268 2267/507/1269 2263/501/985
f 2268/671/1167 2269/670/1165 2270/468/1270
f 2271/641/1271 2272/640/1126 2273/740/1272
f 2274/741/1273 2275/422/878 2276/116/1249
f 2277/545/1240 2278/718/1239 2279/498/1274
f 2280/644/1275 2281/742/1276 2282/645/1277
f 2283/730/1278 2284/743/1279 2285/744/1280
f 2286/745/1281 2287/506/906 2288/121/181
f 2289/746/1282 2290/747/504 2291/748/1283
f 2292/749/1284 2293/750/1285 2294/751/1286
f 2295/752/1287 2296/574/1086 2297/753/1288
f 2298/754/1289 2299/755/1290 2300/756/1291
f 2301/757/1292 2302/726/1248 2303/758/1293
f 2304/535/1072 2305/675/1175 2306/759/1294
f 2307/760/1295 2308/535/949 2306/759/1296
f 2308/535/949 2307/760/1295 2309/534/947
f 2310/761/1297 2311/564/1121 2312/762/1298
f 2313/763/1299 2314/762/1300 2315/564/1301
f 2316/763/1299 2315/564/1121 2317/566/1302
f 2318/764/1091 2319/765/1137 2320/766/1225
f 2321/767/1303 2322/684/1304 2323/326/546
f 2324/668/1305 2325/646/1133 2326/634/1132
f 2327/745/1281 2328/121/181 2329/146/989
f 2330/538/571 2331/768/1306 2332/769/1307
f 2333/663/1160 2334/770/1308 2335/664/1290
f 2336/771/1309 2337/640/1310 2338/772/1210
f 2339/498/1274 2340/718/1239 2341/516/1311
f 2342/737/1266 2343/639/1123 2344/773/1312
f 2345/774/1313 2346/775/1314 2347/776/1315
f 2348/776/1315 2349/775/1314 2350/731/1316
f 2351/707/1219 2352/617/1317 2353/616/1263
f 2354/777/1318 2355/551/955 2356/587/1040
f 2357/777/1318 2358/778/642 2359/551/955
f 2360/730/1278 2361/744/1280 2362/776/1319
f 2363/731/1255 2364/730/1278 2365/776/1320
f 2366/391/1321 2367/322/533 2368/549/1322
f 2369/779/1323 2370/400/1324 2371/474/1325
f 2370/400/1324 2369/779/1323 2372/672/1326
f 2373/400/1324 2372/672/1327 2374/399/1328
f 2375/780/858 2376/781/1329 2377/782/965
f 2378/780/1330 2379/770/1308 2380/781/1329
f 2381/783/1331 2382/702/1332 2383/645/1130
f 2382/702/1213 2384/688/1229 2385/645/1130
f 2386/660/1156 2387/643/1158 2384/688/1192
f 2388/643/1158 2389/645/1130 2384/688/1229
f 2390/784/1254 2391/785/1333 2392/786/1334
f 2393/679/1335 2394/787/1336 2395/788/1337
f 2396/789/1338 2394/787/1336 2393/679/1335
f 2396/789/1338 2397/679/1180 2398/628/1179
f 2396/789/1338 2398/628/1179 2399/627/1104
f 2400/704/1216 2401/730/1254 2402/705/1217
f 2403/790/1339 2404/791/1340 2405/792/1341
f 2406/793/1342 2407/794/1343 2408/751/1344
f 2409/795/1345 2410/692/1346 2411/796/1347
f 2412/797/1348 2413/526/1349 2414/519/926
f 2415/798/1350 2416/453/1351 2417/596/1051
f 2416/453/1351 2418/429/1096 2417/596/1051
f 2419/799/1352 2420/800/1353 2421/664/1161
f 2422/801/1354 2423/734/1355 2424/802/1356
f 2425/725/1357 2426/714/1358 2427/726/1359
f 2428/697/1204 2429/410/1081 2430/611/1084
f 2431/707/1219 2432/742/1276 2433/803/1360
f 2432/742/1276 2434/644/1129 2433/803/1360
f 2435/804/1184 2436/805/1361 2437/806/1362
f 2438/723/1363 2439/724/1364 2440/807/1365
f 2441/664/1290 2442/800/1366 2443/662/1367
f 2444/808/1368 2445/520/738 2446/809/1369
f 2446/809/1370 2447/520/738 2448/810/672
f 2449/450/802 2450/307/801 2451/485/1371
f 2452/494/1036 2453/582/1372 2454/586/1241
f 2455/738/1267 2456/739/1268 2457/501/985
f 2458/490/874 2459/811/1373 2460/367/1374
f 2461/812/202 2462/598/1053 2463/597/1052
f 2464/813/1375 2465/814/1376 2466/815/1377
f 2467/816/1309 2468/817/1378 2469/818/1379
f 2470/612/1264 2471/819/1380 2472/820/1381
f 2473/821/1382 2474/822/1383 2475/823/1384
f 2476/824/1385 2477/825/1386 2478/826/1387
f 2479/827/1388 2478/826/1387 2477/825/1386
f 2480/516/1311 2481/671/1167 2482/426/839
f 2483/561/1066 2484/656/1147 2485/354/1389
f 2486/828/1390 2487/829/1391 2488/830/1392
f 2489/774/1393 2490/751/1286 2491/794/1343
f 2492/756/1291 2493/831/1394 2494/832/1395
f 2495/754/1396 2492/756/1291 2496/832/1395
f 2497/694/1199 2498/692/1346 2499/795/1397
f 2500/833/1377 2501/732/1256 2502/731/1375
f 2503/834/1398 2504/835/1399 2505/836/1400
f 2506/837/1401 2507/703/1402 2508/722/1403
f 2507/703/1214 2509/619/1404 2510/613/1087
f 2511/708/1405 2512/707/1219 2513/803/1406
f 2514/838/1407 2515/839/1408 2516/728/1409
f 2517/634/1115 2518/635/1117 2519/669/1410
f 2520/840/1411 2521/841/1412 2522/596/1413
f 2523/842/1414 2524/843/1415 2525/844/1416
f 2526/737/1417 2527/773/1312 2528/713/1231
f 2529/845/1418 2530/788/1337 2531/787/1419
f 2532/846/1420 2533/123/1421 2534/459/895
f 2535/546/1422 2536/507/1269 2537/847/1423
f 2538/692/1346 2539/691/1196 2540/796/1424
f 2541/733/1258 2542/802/1425 2543/734/1426
f 2544/800/1353 2545/799/1352 2546/848/1427
f 2547/621/1097 2548/435/1098 2549/849/1428
f 2550/850/1429 2551/851/1391 2552/852/1430
f 2553/853/1431 2554/854/1432 2555/855/1433
f 2556/755/1290 2557/856/1434 2558/857/1435
f 2559/808/1368 2560/521/1078 2561/520/670
f 2562/808/1436 2563/610/1079 2564/521/1078
f 2565/858/1437 2566/844/1438 2567/843/1439
f 2568/718/1239 2569/859/1440 2570/516/1311
f 2570/516/1311 2571/859/1440 2572/671/1441
f 2573/368/662 2574/367/1442 2575/811/1136
f 2576/860/1443 2577/861/1444 2578/862/1445
f 2579/855/1446 2580/827/1447 2581/853/1448
f 2582/863/1449 2583/864/1450 2584/865/1451
f 2585/802/1452 2586/866/1453 2587/864/1450
f 2588/867/1454 2589/858/1437 2590/843/1439
f 2591/868/1430 2592/869/1455 2593/830/1429
f 2594/870/1456 2595/845/1457 2596/871/1458
f 2597/855/1459 2598/854/1432 2599/872/1460
f 2599/872/1461 2600/854/1432 2601/873/1462
f 2602/874/1463 2603/724/1364 2604/757/1464
f 2605/731/1316 2606/775/1314 2607/875/1465
f 2608/529/1466 2609/449/1467 2610/876/1468
f 2611/141/938 2609/449/1467 2608/529/1466
f 2612/877/1469 2613/878/1470 2614/879/1471
f 2615/880/1472 2612/877/1473 2616/862/1445
f 2617/854/1432 2618/853/1474 2619/881/1475
f 2620/882/1476 2621/883/1477 2622/881/1475
f 2623/865/1451 2624/662/1478 2625/863/1479
f 2626/884/1469 2627/885/1471 2628/886/1445
f 2629/727/1480 2630/838/1407 2631/728/1409
f 2630/838/1481 2632/694/1482 2633/795/1397
f 2630/838/1407 2634/887/1483 2635/839/1408
f 2634/887/1483 2630/838/1407 2636/795/1397
f 2637/727/1480 2638/694/1482 2639/838/1481
f 2640/802/1452 2641/733/1258 2642/866/1484
f 2643/757/1485 2644/758/1486 2645/817/1272
f 2646/845/1418 2647/888/1487 2648/871/1458
f 2649/386/866 2650/717/1236 2651/481/1488
f 2652/592/1048 2653/710/1222 2654/767/1303
f 2655/889/1489 2656/890/1471 2657/891/1490
f 2658/892/1491 2659/893/1492 2660/894/1493
f 2661/694/1199 2662/693/1230 2663/692/1346
f 2664/797/1348 2665/519/926 2666/555/979
f 2667/555/1077 2668/895/1494 2664/797/1152
f 2669/391/1495 2670/896/1496 2671/390/1497
f 2670/896/1496 2672/897/1498 2673/898/1499
f 2671/390/700 2674/899/1500 2675/291/352
f 2676/900/1501 2677/893/1502 2678/901/1418
f 2679/892/1491 2678/901/1418 2680/893/1502
f 2681/902/1503 2682/862/1445 2683/861/1444
f 2684/903/856 2685/831/1394 2686/756/1504
f 2687/809/1369 2688/810/672 2689/769/1307
f 2690/438/1505 2691/440/1421 2692/904/1506
f 2693/853/1431 2694/827/1388 2695/905/1507
f 2696/827/1447 2697/825/1508 2695/905/1509
f 2698/906/1510 2699/907/1511 2700/883/1512
f 2701/775/1314 2702/774/1513 2703/875/1465
f 2704/908/1514 2705/909/1515 2706/910/1516
f 2707/777/1318 2708/626/643 2709/778/1517
f 2710/633/1150 2711/911/1518 2712/554/1112
f 2713/912/1519 2714/861/1520 2715/860/1521
f 2716/862/1445 2717/913/1522 2718/880/1472
f 2719/807/1523 2720/856/1524 2721/754/1525
f 2722/724/1526 2723/726/1527 2724/757/1292
f 2725/914/1528 2726/866/1453 2727/733/1258
f 2728/655/1177 2729/554/1112 2730/911/1529
f 2731/915/1530 2732/916/1399 2733/917/1531
f 2734/918/1532 2735/712/1533 2736/698/1383
f 2737/919/1157 2738/920/1534 2739/921/1158
f 2740/574/1019 2741/922/1535 2742/753/1288
f 2743/632/1111 2744/581/1536 2745/633/1113
f 2746/657/1537 2747/923/1538 2745/633/1150
f 2748/906/1510 2749/883/1539 2750/835/1399
f 2751/742/1540 2752/783/1541 2753/645/1277
f 2751/742/1540 2754/707/1542 2752/783/1541
f 2755/694/1482 2756/727/1543 2757/695/1200
f 2758/924/1544 2759/609/1076 2760/608/1545
f 2761/925/1546 2762/926/1547 2763/927/1548
f 2763/927/1548 2762/926/1547 2764/928/1549
f 2765/929/1550 2766/930/1551 2767/931/1552
f 2767/931/1552 2768/932/1553 2765/929/1550
f 2769/933/1554 2770/934/1391 2771/935/1555
f 2772/907/1556 2773/936/1557 2774/883/1512
f 2775/863/1558 2776/800/1559 2777/864/1560
f 2778/848/1427 2777/864/1561 2779/800/1562
f 2780/937/1563 2781/637/1207 2782/700/1564
f 2783/938/1565 2784/576/1006 2781/637/1207
f 2785/939/1566 2786/599/1095 2787/940/1567
f 2788/941/1568 2789/942/1569 2790/943/1570
f 2791/890/1471 2792/944/1414 2793/891/1571
f 2794/842/1414 2795/912/1572 2796/860/1521
f 2797/807/1573 2798/945/1574 2799/946/1575
f 2800/856/1524 2801/807/1523 2799/946/1576
f 2800/856/1577 2802/755/1578 2803/754/1289
f 2804/757/1485 2805/817/1378 2806/816/1309
f 2807/604/1579 2808/603/1063 2809/947/1580
f 2810/948/1581 2811/949/980 2812/950/982
f 2813/869/1455 2814/834/1582 2815/836/1400
f 2816/748/1283 2817/747/1583 2818/951/1584
f 2819/952/1585 2818/951/1584 2817/747/1583
f 2820/912/1572 2821/842/1586 2822/844/1416
f 2823/953/1587 2824/483/1588 2825/482/861
f 2826/776/1320 2827/751/1286 2828/774/1589
f 2829/954/1590 2830/955/1591 2831/956/1386
f 2832/668/1305 2833/900/1592 2834/957/1336
f 2835/957/1336 2833/900/1593 2836/901/1418
f 2837/926/1594 2838/958/1595 2839/928/1549
f 2839/928/1549 2838/958/1595 2840/959/1596
f 2841/935/1597 2842/960/1390 2843/878/1470
f 2842/960/1598 2844/935/1555 2845/934/1391
f 2846/961/1599 2847/962/1600 2848/963/1601
f 2849/870/1602 2850/871/1458 2851/962/1600
f 2852/963/1601 2853/964/1603 2854/961/1599
f 2855/613/1604 2856/965/1605 2857/966/1606
f 2858/609/1076 2859/924/1544 2860/967/1607
f 2861/615/1608 2862/968/1609 2863/613/1087
f 2864/969/1610 2865/968/1611 2861/615/1089
f 2866/734/1355 2867/970/1612 2868/919/1157
f 2869/971/1613 2870/972/1614 2871/973/1615
f 2872/974/1616 2873/975/1591 2874/976/1415
f 2875/977/1617 2874/976/1415 2876/975/1618
f 2877/944/1619 2878/978/1620 2879/976/1621
f 2880/979/1622 2881/980/1623 2882/981/125
f 2883/465/834 2884/351/1083 2885/460/1624
f 2886/982/1472 2887/983/1625 2888/984/1555
f 2889/985/1626 2890/986/1627 2891/987/1628
f 2890/986/1627 2889/985/1626 2892/988/1629
f 2893/963/1601 2894/989/1630 2895/964/1603
f 2896/990/1631 2897/853/1632 2898/905/1633
f 2899/845/1418 2900/870/1634 2901/788/1635
f 2902/696/1636 2903/673/1637 2904/602/1069
f 2903/673/1638 2905/696/1639 2906/991/1640
f 2907/621/1097 2908/849/1641 2909/549/974
f 2910/499/1238 2908/849/1642 2911/435/1098
f 2912/356/1025 2913/547/967 2914/579/1047
f 2915/992/1455 2916/993/1643 2917/994/1644
f 2918/995/1601 2919/996/1645 2920/997/1630
f 2921/996/1645 2922/995/1601 2923/998/1646
f 2924/995/1601 2925/999/1458 2926/892/1487
f 2927/964/1647 2928/1000/1648 2929/961/1599
f 2930/1001/1244 2931/1002/1649 2932/1003/1606
f 2933/698/1205 2934/712/1228 2935/702/1650
f 2936/918/1382 2937/689/1193 2934/712/1228
f 2938/386/866 2939/684/1187 2940/717/1236
f 2940/717/1236 2941/684/1651 2942/1004/1652
f 2943/667/1653 2944/647/1223 2945/1005/1654
f 2946/534/1655 2947/1006/1656 2948/523/1657
f 2947/1006/1656 2946/534/1655 2949/760/1658
f 2950/882/1476 2951/881/1659 2952/1007/1631
f 2953/890/1660 2954/978/1620 2955/944/1414
f 2956/705/1661 2957/1008/1662 2958/706/1218
f 2959/940/1567 2960/599/1095 2961/1009/1663
f 2962/955/1591 2963/1010/1664 2964/956/1386
f 2965/978/1620 2966/1011/1665 2967/974/1616
f 2968/1012/1666 2966/1011/1665 2969/1013/1667
f 2970/998/1646 2971/892/1491 2972/894/1668
f 2973/881/1659 2974/853/1431 2975/1007/1631
f 2976/1007/1669 2977/1014/1670 2978/882/1476
f 2979/727/1671 2980/729/1672 2981/699/1206
f 2982/734/1426 2983/1015/1673 2984/1016/1674
f 2984/1016/1674 2985/735/1675 2982/734/1426
f 2986/777/1318 2987/1017/1676 2988/626/1677
f 2989/1018/1678 2990/1019/1679 2991/1020/990
f 2992/549/1322 2993/896/1496 2994/391/1321
f 2992/549/1680 2995/897/1498 2996/896/1496
f 2997/1021/1681 2998/508/1261 2999/536/1682
f 2998/508/1261 2997/1021/1681 3000/736/1262
f 3001/882/1683 3002/836/1400 3003/835/1684
f 3004/1022/1539 3005/1023/1685 3006/1024/1686
f 3007/1025/1515 3008/1026/1514 3009/1027/1687
f 3010/623/1100 3011/1028/1535 3012/624/1086
f 3013/1029/1688 3014/1011/1665 3015/978/1620
f 3016/835/1399 3017/883/1539 3018/882/1476
f 3019/1030/1689 3020/1031/1690 3021/1028/1535
f 3022/754/1396 3023/723/1691 3024/807/1692
f 3025/1032/1693 3026/1033/1694 3027/941/1568
f 3028/971/1695 3029/555/1077 3030/972/1614
f 3031/1034/1696 3032/961/1599 3033/1000/1648
f 3034/1035/1697 3035/1036/1698 3036/1037/1699
f 3037/1037/1699 3035/1036/1700 3038/1038/1701
f 3039/1039/1702 3040/861/1703 3041/912/1704
f 3042/890/1705 3043/1029/1688 3044/978/1620
f 3044/978/1706 3045/974/1707 3046/976/1415
f 3047/1035/1697 3048/1037/1699 3049/1040/1708
f 3049/1040/1709 3050/1041/1710 3051/1035/1711
f 3052/1042/1712 3053/691/1713 3054/693/1714
f 3055/699/1206 3056/729/1672 3057/1043/1715
f 3058/1025/1515 3059/1044/1716 3060/1045/1516
f 3061/529/1466 3062/738/1267 3063/404/940
f 3064/1046/1717 3065/144/216 3066/505/1718
f 3067/936/1719 3068/907/1511 3069/1047/1720
f 3070/903/856 3071/1048/1721 3072/1049/1722
f 3073/903/1723 3072/1049/1722 3074/831/1394
f 3071/1048/1724 3075/1050/855 3076/483/1725
f 3077/1050/1726 3071/1048/1724 3078/903/856
f 3079/855/1459 3080/1051/1727 3081/826/1728
f 3082/827/1729 3083/855/1459 3081/826/1387
f 3084/936/1730 3085/1047/1720 3086/1052/1731
f 3087/1047/1720 3088/1053/1732 3089/1054/1733
f 3090/1055/1734 3091/767/1735 3092/1056/1736
f 3091/767/1303 3093/326/546 3094/592/1737
f 3095/1051/1727 3096/855/1738 3097/872/1460
f 3098/962/1600 3099/871/1458 3100/963/1739
f 3101/1022/1539 3102/1024/1432 3103/1057/1475
f 3104/1038/1701 3105/1036/1700 3106/1058/1740
f 3107/863/1558 3108/662/1478 3109/800/1559
f 3110/723/1245 3111/1059/1741 3112/715/1742
f 3113/1060/1743 3114/866/1744 3115/914/1745
f 3116/1028/1535 3117/623/1100 3118/1061/1746
f 3119/788/1635 3120/1062/1747 3121/679/1748
f 3122/1063/1669 3123/1064/1749 3124/1065/1666
f 3125/902/1750 3126/861/1751 3127/1039/1752
f 3128/1066/1753 3129/1067/1754 3130/997/1630
f 3131/698/1383 3132/699/1755 3133/1068/1756
f 3134/1069/1757 3135/1070/1758 3136/1071/1759
f 3137/1010/1664 3138/1072/1633 3139/956/1386
f 3140/1073/1760 3141/718/1761 3142/586/1241
f 3143/1074/1762 3144/1075/1763 3145/1076/1764
f 3146/1077/1765 3145/1076/1764 3144/1075/1763
f 3147/998/1646 3148/894/1668 3149/1078/1766
f 3149/1078/1766 3150/1066/1753 3147/998/1646
f 3147/998/1767 3151/995/1768 3152/892/1491
f 3153/1079/1769 3154/1039/1702 3155/912/1704
f 3156/1080/1334 3157/1081/1770 3158/1082/1254
f 3159/817/1272 3160/758/1293 3161/1083/1271
f 3162/1084/1771 3163/774/1513 3164/794/1772
f 3165/725/1247 3166/724/1773 3167/723/1245
f 3168/1085/1774 3169/1034/1775 3170/1000/1776
f 3171/844/1416 3172/1079/1769 3173/912/1777
f 3174/1086/1778 3175/1087/1779 3176/1047/1780
f 3177/1087/1779 3178/1086/1778 3179/1088/1781
f 3180/1089/1782 3181/1086/1783 3182/1090/1784
f 3183/1027/1772 3184/1091/1785 3185/1025/1515
f 3186/1015/1673 3187/734/1259 3188/919/1157
f 3189/1092/1786 3190/464/1787 3191/1093/1581
f 3192/1090/1784 3193/1094/1788 3194/1089/1782
f 3195/739/1268 3196/847/1423 3197/507/1269
f 3198/738/1789 3199/1095/1790 3195/739/1791
f 3200/862/1445 3201/1058/1740 3202/1096/1522
f 3203/907/1511 3204/1053/1792 3205/1047/1720
f 3206/1097/1793 3207/1040/1794 3208/1037/1795
f 3209/996/1796 3210/998/1797 3211/1066/1753
f 3212/961/1798 3213/1034/1799 3214/1098/1800
f 3215/1096/1522 3216/1058/1740 3217/1036/1700
f 3218/968/1611 3219/965/1801 3220/613/1604
f 3221/1099/1755 3222/1100/1802 3223/1101/1756
f 3224/729/1693 3225/1102/1568 3226/1043/1803
f 3227/790/1804 3228/792/1570 3229/1103/1569
f 3230/1103/1805 3231/1104/1806 3232/790/1807
f 3233/1105/1808 3234/1106/1809 3235/870/1602
f 3236/788/1810 3235/870/1811 3237/1107/1812
f 3238/1086/1783 3239/1108/1813 3240/1088/1781
f 3241/1109/1814 3242/1110/1815 3243/1111/1816
f 3244/797/1537 3245/895/1494 3246/1061/1817
f 3247/911/1529 3248/1112/1818 3249/655/1819
f 3250/1113/1820 3248/1112/1818 3247/911/1529
f 3251/679/1335 3252/1062/1821 3253/582/1028
f 3254/992/1822 3255/994/1644 3256/1114/1823
f 3257/915/1824 3258/1115/1510 3259/916/1399
f 3260/1089/1782 3261/1108/1825 3262/1086/1783
f 3263/1038/1826 3264/1116/1827 3265/1117/1828
f 3266/1037/1795 3263/1038/1701 3267/1097/1793
f 3268/1116/1829 3263/1038/1826 3269/1058/1830
f 3270/1118/1831 3271/1040/1832 3272/1097/1793
f 3273/1118/1831 3274/1097/1793 3275/1119/1833
f 3276/1120/1834 3277/870/1811 3278/1106/1809
f 3279/1121/1835 3280/1122/1836 3281/625/1837
f 3282/569/1838 3281/625/1102 3283/567/1839
f 3284/623/1100 3281/625/1102 3285/1123/1840
f 3286/1124/1758 3287/1125/1841 3288/1126/1842
f 3289/1127/1843 3290/653/1844 3291/1128/1845
f 3292/1129/1846 3293/388/1043 3294/90/1847
f 3295/1130/1814 3296/1131/1816 3297/1132/1848
f 3298/1133/1849 3299/1134/1850 3300/1135/1851
f 3301/1136/1852 3302/1137/1853 3303/1138/1854
f 3304/783/1331 3305/693/1855 3306/702/1227
f 3307/943/1856 3308/1139/1857 3309/1140/1858
f 3310/1059/1741 3311/754/1396 3312/832/1859
f 3313/723/1860 3314/754/1396 3310/1059/1741
f 3315/865/1451 3316/663/1160 3317/662/1478
f 3318/488/1030 3319/486/870 3320/583/1031
f 3321/1138/1861 3322/1141/1862 3323/1136/1852
f 3324/1142/1863 3325/1118/1864 3326/1119/1833
f 3324/1142/1865 3327/1143/1866 3328/1144/1867
f 3329/1145/1868 3327/1143/1869 3330/1142/1870
f 3331/1087/1871 3332/1052/1731 3333/1047/1720
f 3334/1009/1872 3335/937/1873 3336/833/1874
f 3337/938/1875 3334/1009/1872 3338/591/1876
f 3339/938/1875 3338/591/1877 3340/576/1006
f 3341/1146/1878 3342/1147/1879 3343/1148/1880
f 3344/796/1424 3345/691/1881 3346/1042/1882
f 3347/807/1573 3348/1149/1587 3349/945/1574
f 3350/1063/1883 3351/1150/1633 3352/1064/1749
f 3353/1011/1665 3354/1029/1688 3355/1013/1667
f 3356/830/1392 3355/1013/1667 3357/1029/1884
f 3358/877/1885 3359/935/1886 3360/878/1470
f 3361/1142/1863 3362/1151/1887 3363/1118/1831
f 3364/1151/1888 3365/1040/1832 3366/1118/1831
f 3367/663/1889 3368/865/1451 3369/1152/1190
f 3370/783/1331 3371/707/1542 3372/1153/1890
f 3373/695/1891 3374/727/1543 3375/699/1206
f 3376/801/1354 3377/864/1560 3378/848/1892
f 3379/1128/1893 3380/654/1894 3381/717/1895
f 3380/654/1894 3382/537/1054 3381/717/1895
f 3383/847/1423 3384/1154/1896 3385/635/1897
f 3383/847/1423 3385/635/1897 3386/546/964
f 3387/711/1898 3388/625/1837 3389/569/1010
f 3388/625/1102 3390/711/1898 3391/1155/1899
f 3392/1156/1900 3393/1121/1901 3387/711/1898
f 3394/711/1898 3395/1157/1902 3392/1156/1903
f 3395/1157/1902 3394/711/1898 3396/568/1225
f 3397/1158/1904 3398/874/1905 3399/757/1906
f 3400/1159/1907 3401/1160/1908 3402/1161/1909
f 3403/1162/1910 3404/1163/1516 3405/1164/1911
f 3406/1165/1633 3407/1166/1912 3408/1167/1913
f 3409/1128/1845 3410/653/1140 3411/654/1914
f 3412/646/1338 3413/668/1305 3414/957/1336
f 3415/1168/1915 3416/904/1916 3417/440/1917
f 3418/1169/1918 3419/894/1493 3420/893/1492
f 3421/1078/1766 3419/894/1493 3418/1169/1918
f 3422/1170/1919 3423/857/1435 3424/946/1920
f 3425/856/1434 3426/946/1921 3423/857/1922
f 3427/732/1923 3428/833/1874 3429/937/1924
f 3430/732/1925 3429/937/1924 3431/1171/1926
f 3432/705/1257 3430/732/1927 3433/1171/1928
f 3434/773/1929 3435/937/1930 3436/700/1564
f 3437/599/1931 3438/591/1877 3439/1009/1663
f 3440/1055/1932 3441/1172/1933 3442/1004/1934
f 3443/1173/1935 3444/911/1518 3445/633/1150
f 3446/1041/1710 3447/1151/1936 3448/1174/1937
f 3449/1144/1867 3450/1175/1938 3447/1151/1939
f 3451/1176/1940 3452/763/1299 3453/703/1941
f 3452/763/1942 3454/1177/1943 3455/1178/1944
f 3456/1179/1945 3457/1180/1854 3458/1181/1946
f 3459/1008/1947 3460/639/1948 3461/706/1218
f 3462/724/1364 3463/874/1949 3464/807/1523
f 3465/1182/1950 3466/781/1951 3467/663/1160
f 3468/604/1579 3469/947/1580 3470/1183/1952
f 3471/366/653 3472/1184/1953 3473/561/1066
f 3472/1184/1954 3474/656/1147 3475/561/1066
f 3476/464/1787 3477/1092/1955 3478/465/1956
f 3479/574/1019 3480/752/1287 3481/612/1085
f 3482/795/1397 3483/1185/1957 3484/887/1483
f 3485/1173/1958 3486/1113/1820 3487/911/1518
f 3488/947/1959 3489/655/1960 3490/1186/1961
f 3491/1144/1962 3492/1151/1887 3493/1142/1863
f 3494/1040/1709 3492/1151/1936 3495/1041/1710
f 3496/970/1963 3497/734/1355 3498/801/1964
f 3499/1187/1965 3500/1025/1515 3501/1091/1785
f 3502/714/1966 3503/1188/1967 3504/726/1968
f 3505/733/1969 3506/735/1970 3507/1189/1971
f 3508/1190/1972 3509/1123/1840 3510/1191/1973
f 3511/1123/1974 3512/1122/1836 3510/1191/1973
f 3513/557/1585 3514/411/1975 3515/1192/1976
f 3515/1192/1976 3514/411/1975 3516/1193/1977
f 3517/411/1975 3518/563/1978 3516/1193/1979
f 3518/563/1978 3517/411/1975 3519/361/1980
f 3520/1194/1981 3521/1169/1918 3522/893/1982
f 3523/893/1983 3524/900/1984 3520/1194/1985
f 3525/1047/1720 3526/1054/1986 3527/1086/1987
f 3528/1195/1988 3529/1196/1830 3530/1197/1445
f 3531/1029/1688 3532/890/1705 3533/1198/1989
f 3534/1199/1990 3535/1052/1731 3536/1087/1871
f 3537/1200/1991 3538/1143/1866 3539/1145/1868
f 3540/902/1750 3541/1039/1992 3542/1116/1829
f 3543/1201/1993 3544/1111/1994 3545/1110/1815
f 3546/1042/1712 3547/693/1714 3548/783/1331
f 3549/1202/1995 3550/681/1183 3551/1203/1996
f 3552/1204/1647 3553/997/1997 3554/1205/1998
f 3555/872/1999 3556/873/1462 3557/1052/1731
f 3558/1199/2000 3559/1051/1727 3555/872/2001
f 3560/953/1587 3561/1048/1724 3562/483/1588
f 3563/1206/2002 3564/1207/2003 3565/1208/1862
f 3566/930/2004 3567/1209/2005 3568/931/1552
f 3567/1209/2005 3566/930/2004 3569/1210/541
f 3570/962/1600 3571/1098/2006 3572/1105/2007
f 3572/1105/2008 3573/870/1602 3574/962/1600
f 3575/1211/2009 3576/1212/2010 3577/1213/2011
f 3578/623/2012 3579/1123/1840 3580/1190/1972
f 3581/1170/2013 3582/1214/2014 3583/1215/2015
f 3584/1067/2016 3585/1066/2017 3586/1216/2018
f 3587/1056/2019 3584/1067/2020 3588/1216/2021
f 3589/996/2022 3585/1066/2017 3590/997/2023
f 3591/936/1719 3592/1052/2024 3593/873/1462
f 3594/1044/1184 3595/1217/2025 3596/1218/2026
f 3597/1044/1184 3598/1025/2027 3595/1217/2028
f 3599/864/1560 3600/801/1354 3601/802/1356
f 3602/1219/2029 3603/767/2030 3604/710/2031
f 3605/877/2032 3606/880/1472 3607/935/2033
f 3608/1136/2034 3609/1220/1558 3610/1137/1853
f 3611/1221/2035 3612/1131/2036 3613/1222/2037
f 3614/1223/1611 3615/1127/1843 3616/1128/1845
f 3617/1224/2038 3614/1223/1611 3616/1128/1845
f 3618/604/1579 3619/1183/2039 3620/696/1203
f 3621/1225/2040 3622/1226/2041 3623/1227/2042
f 3624/1228/2043 3625/1139/1857 3626/943/1570
f 3627/1229/1012 3628/1230/1021 3629/1231/1402
f 3630/1232/2044 3631/757/1906 3632/816/2045
f 3633/1172/2046 3634/1055/1932 3635/1056/1736
f 3636/347/2047 3637/437/785 3638/840/1411
f 3638/840/1411 3637/437/785 3639/841/1412
f 3640/1119/2048 3641/1145/1868 3642/1142/2049
f 3643/902/1750 3644/1116/1829 3645/1058/2050
f 3646/1233/2051 3647/1234/1807 3648/1235/2052
f 3649/866/1453 3650/1060/1743 3651/864/1560
f 3652/1127/1843 3653/674/2053 3654/653/1173
f 3655/548/2054 3656/453/807 3657/798/1350
f 3658/1236/2055 3655/548/2054 3659/798/2056
f 3658/1236/2057 3660/1237/2058 3661/1238/2059
f 3657/798/1350 3662/596/2060 3663/841/2061
f 3662/596/1413 3664/347/2047 3665/840/1411
f 3666/1239/1670 3667/1063/2062 3668/1065/2063
f 3669/1240/1479 3670/1241/2064 3671/1206/2002
f 3672/1225/1181 3673/1242/1109 3674/1226/2041
f 3675/707/1542 3676/616/1090 3677/1153/1890
f 3678/623/2012 3679/1190/2065 3680/1243/2066
f 3681/936/1719 3682/873/1685 3683/883/2067
f 3684/616/2068 3685/612/1085 3686/820/2069
f 3687/1158/2070 3688/757/1906 3689/1232/2044
f 3690/722/1244 3691/966/1606 3692/1244/2071
f 3693/387/2072 3694/372/668 3695/15/669
f 3696/1245/2073 3697/372/2074 3693/387/2075
f 3698/1052/2076 3699/1199/2000 3700/872/2001
f 3701/758/1293 3702/1246/2077 3703/1083/1271
f 3704/816/2078 3705/1247/1210 3706/1248/2079
f 3707/773/2080 3708/700/2081 3709/713/1231
f 3710/937/2082 3707/773/1929 3711/1008/1947
f 3712/717/2083 3713/1004/1652 3714/1249/2084
f 3715/1107/1812 3716/1062/2085 3717/788/1635
f 3718/1250/1807 3719/1251/2086 3720/1252/1957
f 3721/923/1538 3722/657/1537 3723/1253/1746
f 3724/549/1322 3725/849/2087 3726/897/1498
f 3727/1254/2088 3728/925/2089 3729/1255/2090
f 3730/927/1548 3729/1255/2090 3728/925/2089
f 3731/1256/2091 3732/1199/2000 3733/1257/2092
f 3734/816/2078 3735/1248/2079 3736/1232/2093
f 3737/991/2094 3738/1258/2095 3739/1000/2096
f 3740/1018/1678 3741/1020/2097 3742/1259/2098
f 3743/1260/2099 3744/774/1513 3745/1084/1771
f 3746/774/1513 3743/1260/2100 3747/875/1465
f 3748/1149/2101 3749/807/1523 3750/874/1949
f 3751/1055/1734 3752/684/1304 3753/767/1735
f 3754/1261/2102 3755/1262/1717 3756/1263/1718
f 3757/1199/2000 3758/1087/1871 3759/1257/2092
f 3760/1264/2103 3761/1110/2104 3762/1109/2105
f 3763/809/2106 3764/769/572 3765/1265/2107
f 3766/720/2108 3767/1266/2109 3768/721/557
f 3767/1266/2109 3769/1267/2110 3768/721/557
f 3770/1097/1793 3771/1038/2111 3772/1268/2112
f 3773/848/1892 3774/970/1963 3775/801/1354
f 3776/819/1380 3777/796/1424 3778/1042/2113
f 3779/1269/2114 3780/1270/1376 3781/1271/2115
f 3782/1128/1893 3783/717/2116 3784/1249/2117
f 3785/1272/2118 3786/1098/1800 3787/1034/2119
f 3788/1217/2025 3789/1025/2027 3790/1187/1965
f 3791/1273/2120 3792/1274/2121 3793/762/2122
f 3794/1275/2123 3795/761/1297 3793/762/1298
f 3796/865/1451 3797/864/1560 3798/1060/2124
f 3799/874/1949 3800/1158/2070 3801/1149/2125
f 3802/684/1304 3803/1055/1932 3804/1004/1934
f 3805/1090/2126 3806/1086/1987 3807/1276/1909
f 3808/639/2127 3809/1008/1947 3810/773/1929
f 3811/1277/2128 3812/1278/1803 3813/941/1568
f 3814/941/1568 3815/1140/1858 3811/1277/2129
f 3816/969/2130 3817/1279/2131 3818/968/2132
f 3819/799/1352 3820/1280/2015 3821/848/1427
f 3822/1281/2071 3823/1282/1606 3824/1283/2133
f 3825/1219/2029 3826/1056/2019 3827/767/2030
f 3828/709/1221 3825/1219/2029 3829/710/1222
f 3830/1143/2134 3831/1191/1973 3832/1122/2135
f 3830/1143/2134 3833/1200/2136 3831/1191/1973
f 3834/1257/2092 3835/1108/2137 3836/1284/2138
f 3837/1285/2139 3835/1108/2140 3838/1089/1782
f 3839/1286/1919 3840/1287/1574 3841/1288/2141
f 3842/1289/2142 3843/538/571 3844/540/2143
f 3843/538/571 3845/1289/2144 3846/768/2145
f 3847/749/1965 3848/751/1286 3849/1290/2146
f 3850/1291/2147 3851/1292/1284 3852/1293/2146
f 3853/1294/2148 3854/1268/2149 3855/1117/1828
f 3856/1039/2150 3857/1117/1828 3858/1116/1829
f 3859/820/2069 3860/819/1380 3861/1042/2113
f 3862/1038/2111 3863/1117/1828 3864/1268/2149
f 3865/1153/2151 3866/616/2152 3867/1042/1712
f 3867/1042/1712 3868/783/1331 3869/1153/1890
f 3870/1295/1333 3871/1296/1125 3872/1297/2153
f 3873/1298/2154 3874/1299/2155 3875/1300/1689
f 3876/824/2156 3877/826/1728 3878/1301/2157
f 3879/1140/2158 3880/941/2159 3881/943/1856
f 3882/919/1157 3883/1302/1759 3884/1303/2160
f 3885/1304/1287 3886/819/2161 3887/612/2162
f 3888/1305/2163 3889/90/131 3890/89/130
f 3891/1306/2164 3889/90/131 3888/1305/2163
f 3892/1021/1681 3893/536/2165 3894/1307/2166
f 3895/1285/2167 3896/1089/1782 3897/837/2168
f 3898/1079/2169 3899/844/2170 3900/1294/2148
f 3901/1117/1828 3902/1039/2171 3898/1079/2172
f 3903/703/1941 3904/763/1942 3905/566/2173
f 3906/1308/2006 3907/1309/1600 3908/1310/1599
f 3909/1169/1918 3910/1311/2174 3911/1078/1766
f 3912/1134/1698 3913/1133/1849 3914/1312/2175
f 3915/1313/2176 3916/1314/1138 3917/1315/2177
f 3918/1316/2178 3919/1217/2025 3920/1187/2179
f 3921/172/2180 3922/240/2181 3923/1317/2090
f 3921/172/2180 3923/1317/2090 3924/1318/2182
f 3925/1051/1727 3926/1256/2091 3927/826/2183
f 3928/1294/2148 3929/844/2184 3930/858/1437
f 3931/1000/2185 3932/964/1647 3933/991/1640
f 3934/1313/2176 3935/1319/1137 3936/1314/2186
f 3937/1320/2187 3938/718/1761 3939/1073/2188
f 3940/1092/2189 3941/1321/2190 3942/465/2191
f 3943/351/1083 3944/1321/2190 3945/611/1082
f 3946/1320/2187 3947/1322/2192 3948/718/1761
f 3949/1051/1727 3950/1199/2000 3951/1256/2091
f 3952/762/1298 3953/1274/2193 3954/1275/2123
f 3955/725/2194 3956/723/1691 3957/714/1358
f 3958/633/1150 3959/923/2195 3960/1173/1935
f 3961/1183/2039 3962/1186/2196 3963/1258/2095
f 3964/947/1580 3962/1186/2196 3961/1183/2039
f 3965/1085/1774 3962/1186/2196 3966/1112/2197
f 3966/1112/1818 3967/1186/1961 3968/655/1960
f 3969/947/1580 3970/603/2198 3968/655/1960
f 3971/837/2168 3972/1089/2199 3973/1323/2200
f 3974/1316/2201 3975/1324/2202 3976/1217/2025
f 3976/1217/2025 3975/1324/2202 3977/1325/2203
f 3978/1326/2204 3979/1327/2077 3980/1328/1293
f 3981/1329/2205 3982/1330/2206 3983/1331/2207
f 3984/1062/1821 3985/1073/2208 3986/582/1372
f 3987/325/541 3988/199/295 3989/1332/2005
f 3989/1332/2005 3988/199/295 3990/1333/2209
f 3991/1097/1793 3992/1268/2149 3993/1334/2210
f 3994/1221/2035 3995/1222/1993 3996/1335/2211
f 3997/1131/2036 3994/1221/2035 3998/1132/1848
f 3999/1033/1694 4000/942/1408 4001/941/1568
f 4002/1175/1938 4003/1174/2212 4004/1151/1939
f 4005/1080/1334 4006/1336/2213 4007/1081/2206
f 4008/916/2214 4009/1114/1582 4010/917/1531
f 4011/1337/1629 4012/1338/2215 4013/1339/2216
f 4012/1338/2215 4011/1337/1629 4014/1340/2217
f 4015/1341/1938 4016/1342/2218 4017/1343/1937
f 4018/991/1640 4019/696/2219 4020/1183/2039
f 4021/259/2220 4022/364/654 4023/280/428
f 4024/703/1941 4025/1344/2221 4026/1177/2222
f 4024/703/1402 4027/837/2168 4028/1344/2223
f 4029/1345/2224 4030/1346/2125 4031/1347/2225
f 4032/991/1640 4033/964/2226 4034/673/1638
f 4035/1067/1754 4036/1205/2227 4037/997/2023
f 4038/1348/2228 4039/1216/2018 4040/1066/2229
f 4041/1066/2230 4042/1078/2231 4038/1348/2232
f 4043/1098/1800 4044/1272/2118 4045/1349/2233
f 4046/1101/2234 4047/1100/1802 4048/1350/2235
f 4049/768/2236 4050/1265/2107 4051/769/2237
f 4052/669/2238 4053/1351/2239 4054/668/2240
f 4055/1294/2241 4056/1117/1828 4057/1079/2242
f 4058/1326/2204 4059/1352/1968 4060/1353/2243
f 4061/858/2244 4062/867/2245 4063/1354/2246
f 4064/919/1757 4065/1303/2247 4066/920/2248
f 4067/1355/2249 4068/1356/1347 4069/1357/2250
f 4070/1358/1566 4071/1359/1567 4072/1360/2251
f 4073/836/2252 4074/1361/2253 4075/869/2254
f 4076/1362/2255 4077/1363/2256 4078/1364/1764
f 4076/1362/2255 4078/1364/1764 4079/1365/2257
f 4080/836/2252 4081/882/1476 4082/1014/2253
f 4083/1293/2146 4084/1366/1286 4085/1211/1280
f 4086/1367/2204 4087/758/1293 4088/726/1968
f 4089/955/2258 4090/954/1385 4091/1368/2259
f 4092/1020/990 4093/1369/2260 4094/1259/2261
f 4095/1322/2192 4096/1370/2262 4097/718/2263
f 4098/1351/2239 4099/1194/1985 4100/900/1501
f 4100/900/1501 4101/668/2240 4102/1351/2264
f 4103/1371/2265 4104/1154/2266 4105/847/2267
f 4106/1085/1774 4107/1272/2118 4108/1034/2119
f 4109/1108/2137 4110/1257/2092 4111/1088/2268
f 4112/1257/2092 4113/1087/1871 4114/1088/2268
f 4115/1334/2210 4116/1372/2269 4117/1119/2048
f 4118/1145/1868 4117/1119/2048 4119/1200/2136
f 4120/1373/2270 4121/1374/2271 4122/1323/2272
f 4123/1182/2273 4124/663/1160 4125/1152/1190
f 4126/781/1329 4127/770/1291 4124/663/1160
f 4128/1307/2274 4129/536/2165 4130/461/2275
f 4131/173/2276 4132/1318/2182 4133/462/829
f 4131/173/2276 4134/172/2277 4132/1318/2182
f 4135/199/295 4136/196/2278 4137/1333/2209
f 4138/1375/2279 4137/1333/2209 4136/196/2278
f 4139/945/2280 4140/1170/1919 4141/946/1920
f 4142/1323/2200 4143/1089/1782 4144/1373/2281
f 4145/1376/1382 4146/1101/2234 4147/1350/2282
f 4148/1144/1867 4149/1143/2134 4150/1122/2135
f 4151/614/1194 4152/690/2283 4153/615/1608
f 4154/895/2284 4155/1028/2285 4156/1061/1746
f 4157/925/2089 4158/1254/2286 4159/746/1282
f 4160/1377/2287 4161/1247/2288 4162/1378/1127
f 4163/1379/2193 4164/1380/2289 4165/1381/2123
f 4166/1042/2113 4167/616/2068 4168/820/2069
f 4169/1016/2290 4170/1189/1971 4171/735/1970
f 4172/1382/2291 4173/1173/2292 4174/1383/2293
f 4175/1384/2294 4176/1312/1522 4177/1133/1849
f 4175/1384/2295 4178/1385/2296 4179/1312/1522
f 4180/1008/1662 4181/705/1257 4182/1171/1926
f 4183/623/1100 4184/1243/2066 4185/1061/1746
f 4186/1386/2297 4187/1387/2298 4188/1388/1102
f 4189/1017/1676 4190/608/2299 4191/626/822
f 4192/1205/2300 4193/709/1221 4194/1204/2226
f 4195/1119/1833 4196/1097/1793 4197/1334/2210
f 4198/847/1423 4199/1095/1790 4200/1371/2265
f 4201/716/2301 4202/1389/2302 4203/1188/2303
f 4204/1213/2011 4205/1212/1770 4206/1390/2243
f 4207/1356/2304 4208/1391/2305 4209/1357/2250
f 4210/977/1617 4211/1392/2306 4212/1393/2307
f 4210/977/1617 4213/975/1618 4214/1392/2308
f 4215/1394/2309 4216/969/2130 4217/690/1566
f 4218/550/2310 4216/969/2130 4219/587/2311
f 4220/1188/2303 4221/714/1966 4222/716/2301
f 4223/1395/2312 4224/1396/1815 4225/1397/2313
f 4226/1105/2314 4227/1098/2315 4228/1349/2233
f 4229/1398/2316 4230/1284/2138 4231/1285/2317
f 4232/1244/2318 4229/1398/2316 4231/1285/2317
f 4232/1244/2319 4233/1285/2139 4234/837/1401
f 4234/837/1401 4235/722/1403 4236/1244/2071
f 4237/1399/1784 4238/1400/1909 4239/1401/2320
f 4240/831/1394 4241/1049/1722 4242/832/1395
f 4243/1015/1156 4244/1402/2321 4245/1016/2322
f 4246/1402/2323 4247/1189/1971 4248/1016/2290
f 4249/812/202 4250/438/1505 4251/904/1916
f 4252/1067/2020 4253/1219/2029 4254/1205/2300
f 4253/1219/2029 4255/709/1221 4254/1205/2300
f 4256/1247/2288 4257/1377/2287 4258/1248/2079
f 4259/794/1772 4260/1403/2324 4261/1084/2325
f 4262/1283/2326 4263/1282/2327 4264/1404/2328
f 4265/1405/2329 4266/637/1207 4267/937/1924
f 4268/1405/2329 4269/938/2330 4266/637/1207
f 4270/1406/2331 4271/1407/2332 4272/795/2333
f 4273/1408/2334 4274/1409/2335 4275/1410/2336
f 4276/1216/2337 4277/1348/2338 4278/1411/2339
f 4279/1412/2340 4280/665/785 4281/667/1653
f 4282/1413/2341 4283/1414/1853 4284/1240/1558
f 4285/1115/2342 4286/1415/2343 4287/1416/1511
f 4286/1415/2343 4288/1417/2344 4287/1416/1511
f 4286/1415/2343 4289/1115/2345 4290/1418/2346
f 4291/1171/1926 4292/937/1873 4293/1008/2347
f 4294/1405/2329 4292/937/1873 4295/938/1875
f 4296/1009/2348 4295/938/1875 4297/937/1924
f 4298/1059/1741 4299/832/2349 4300/715/1742
f 4301/555/1077 4302/971/1613 4303/895/2284
f 4302/971/1613 4304/1028/1535 4303/895/2284
f 4305/1249/2350 4306/1419/2351 4307/1420/2352
f 4305/1249/2350 4308/1004/1652 4309/1172/2046
f 4310/991/1640 4311/1183/2039 4312/1258/2095
f 4313/499/2353 4314/741/2354 4315/1421/2355
f 4316/499/1238 4317/422/878 4314/741/2356
f 4318/1413/2341 4319/1240/1558 4320/1422/2357
f 4321/1423/2289 4322/1424/2358 4323/1425/1127
f 4324/1426/1817 4325/1427/2066 4326/923/1538
f 4327/523/957 4328/1428/2359 4329/522/2360
f 4327/523/957 4330/1429/2361 4328/1428/2359
f 4331/828/1390 4332/1029/1884 4333/1198/2362
f 4334/1107/2363 4335/870/1811 4336/1120/2364
f 4337/1430/2365 4338/1424/2358 4339/1423/2289
f 4340/1013/2366 4341/830/1392 4342/869/2254
f 4343/1169/1918 4344/1194/1981 4345/1311/2367
f 4345/1311/2367 4346/1194/2368 4347/1431/2369
f 4348/1432/2370 4349/1433/2371 4350/1434/2372
f 4351/1435/1288 4352/1436/2373 4353/1437/1287
f 4354/970/1963 4355/848/1427 4356/1280/2374
f 4357/1438/2375 4358/1439/2376 4359/1440/2377
f 4360/1438/2375 4361/1441/2378 4358/1439/2376
f 4362/1385/2379 4363/1442/1472 4364/1312/1522
f 4365/1407/2332 4366/1185/1957 4367/795/2333
f 4368/1067/1754 4369/1056/2019 4370/1219/2380
f 4371/896/2381 4372/1443/2382 4373/390/917
f 4374/849/2383 4375/499/2353 4376/1444/2384
f 4377/1445/2385 4378/1446/1468 4379/1447/1032
f 4380/582/1372 4381/1073/2208 4382/586/1241
f 4383/1013/2366 4384/869/1455 4385/1361/2253
f 4386/1361/2253 4387/1012/2386 4388/1013/1667
f 4389/1448/2387 4390/1222/2037 4391/1395/2388
f 4392/826/1387 4393/1449/2389 4394/1450/2390
f 4395/1029/1884 4396/828/2391 4397/830/2392
f 4398/1451/2393 4399/1452/2394 4400/1453/2395
f 4401/953/2125 4402/1454/2396 4403/1455/2397
f 4404/1456/2398 4405/1457/2399 4406/1458/2400
f 4407/1396/1815 4408/1395/2312 4409/1222/2037
f 4410/1349/2233 4411/1106/2401 4412/1105/1808
f 4413/1272/2402 4414/1459/2403 4410/1349/2404
f 4415/1460/2405 4416/715/2406 4417/832/1859
f 4418/1224/2038 4419/1404/2328 4420/1282/2327
f 4421/1461/2407 4422/1462/2408 4423/1463/2409
f 4424/1464/2410 4425/1431/2411 4426/1194/2368
f 4427/1465/2412 4428/1466/2105 4429/1467/2413
f 4430/1468/2414 4431/1469/2415 4432/1470/2416
f 4433/1471/2306 4434/1472/2417 4435/1473/2418
f 4436/841/2419 4437/1237/2420 4438/798/1350
f 4439/1442/2421 4440/1385/2296 4441/1474/1554
f 4442/482/861 4443/924/1544 4444/1475/2422
f 4445/967/1607 4446/924/1544 4442/482/861
f 4447/1170/2423 4448/1215/2015 4449/857/1435
f 4450/1476/2424 4451/1477/2425 4452/1478/2426
f 4453/1078/2231 4454/1479/2427 4455/1348/2428
f 4456/1411/2339 4455/1348/2428 4457/1480/2429
f 4458/1315/2177 4459/1481/1129 4460/1482/2430
f 4461/1122/1836 4462/1123/1974 4463/625/1837
f 4464/1483/144 4465/560/995 4466/559/2431
f 4465/560/995 4464/1483/144 4467/563/1978
f 4468/1484/2432 4469/1144/2433 4470/1485/2434
f 4471/1026/1514 4472/1486/2324 4473/1027/1343
f 4474/1085/1774 4475/1258/2095 4476/1186/2196
f 4477/1421/2355 4478/1444/2384 4479/499/2353
f 4480/1078/2231 4481/1487/2435 4482/1479/2427
f 4483/1431/2369 4481/1487/2436 4484/1311/2367
f 4485/1488/2437 4486/1489/1535 4487/1490/2438
f 4488/1420/2352 4489/1224/2038 4490/1128/1893
f 4491/1210/2439 4492/930/2440 4493/719/1242
f 4494/763/1942 4495/1176/1940 4496/1177/1943
f 4497/1249/2441 4498/1420/2442 4499/1128/1845
f 4500/1491/2443 4501/1492/2444 4502/1493/2445
f 4503/1494/2446 4504/1495/2447 4505/1496/2448
f 4506/1496/2449 4507/1476/2424 4503/1494/2450
f 4507/1476/2424 4506/1496/2449 4508/1497/2451
f 4509/635/1897 4510/1154/2266 4511/1498/2452
f 4512/1499/2270 4513/1500/2453 4514/1501/2454
f 4515/950/2455 4516/512/981 4517/514/2456
f 4518/1502/2457 4519/1120/1834 4520/1106/2401
f 4521/1349/2233 4518/1502/2457 4522/1106/2401
f 4523/1503/2458 4524/1504/2459 4525/1505/2460
f 4526/711/1898 4527/1121/2461 4528/1155/1899
f 4529/590/2462 4530/1225/2040 4531/1227/2042
f 4532/847/2267 4533/739/1791 4534/1095/1790
f 4535/1506/2463 4536/1507/2464 4537/1508/2465
f 4538/1509/1158 4539/1482/1534 4540/1481/1129
f 4541/1045/1516 4542/1510/2466 4543/1026/1514
f 4544/1511/2467 4545/1375/2279 4546/196/2278
f 4544/1511/2467 4546/196/2278 4547/524/934
f 4548/1144/1867 4549/1122/2135 4550/1485/2434
f 4550/1485/2434 4549/1122/2135 4551/1121/1835
f 4552/1512/2468 4553/1277/2129 4554/1140/1858
f 4555/1513/2469 4556/1459/2470 4557/1272/2471
f 4558/1513/2472 4557/1272/2118 4559/1085/2473
f 4560/1172/2474 4561/1514/2475 4562/1249/2350
f 4563/1351/2239 4564/669/2476 4565/1498/2452
f 4566/635/2477 4565/1498/2478 4567/669/1163
f 4568/523/957 4569/1006/1656 4570/1429/2479
f 4571/473/852 4572/779/2480 4573/474/2481
f 4574/1487/2482 4575/1078/2231 4576/1311/2174
f 4577/1135/1711 4578/1515/1710 4579/1516/2483
f 4580/1301/2157 4581/826/2183 4582/1450/2484
f 4583/1193/1977 4584/1517/2485 4585/1192/1976
f 4586/1518/2486 4587/1519/2370 4588/1520/2487
f 4589/1521/2488 4590/1060/1743 4591/914/1528
f 4592/1172/2046 4593/1056/1736 4594/1514/2489
f 4595/1522/2490 4596/1523/2491 4597/1524/2492
f 4598/1262/2493 4599/1261/2494 4600/1525/2495
f 4601/1441/2378 4602/1438/816 4603/1526/2496
f 4604/1348/2428 4605/1479/2497 4606/1480/2498
f 4607/1285/2317 4608/1284/2138 4609/1108/2137
f 4610/954/1385 4611/1527/2499 4612/1368/2306
f 4613/1094/1788 4614/1373/2500 4615/1089/1782
f 4616/506/2501 4617/1528/2502 4618/504/2503
f 4619/1529/2504 4620/1530/2505 4621/1531/2506
f 4622/1277/2128 4623/1512/2507 4624/1532/2508
f 4625/1533/2490 4626/1534/2399 4627/1523/2491
f 4628/1535/2509 4629/87/1002 4630/562/1001
f 4631/1316/2510 4632/1536/2511 4633/1324/2202
f 4634/1537/1206 4635/1538/2512 4636/1539/2513
f 4637/1540/2514 4638/1541/2515 4639/1542/1514
f 4640/1457/2399 4641/1456/2516 4642/1543/2517
f 4643/1544/2518 4644/1120/1834 4645/1502/2519
f 4646/1256/2520 4647/1257/2521 4648/1449/2389
f 4649/859/2522 4650/1545/2523 4651/671/2524
f 4652/463/831 4653/1340/2217 4654/461/2275
f 4653/1340/2217 4652/463/831 4655/1338/2525
f 4656/1546/2526 4657/1547/2394 4658/1548/2527
f 4659/1521/2528 4660/1152/1190 4661/865/2529
f 4659/1521/2528 4661/865/2529 4662/1060/1743
f 4663/1224/2038 4664/1420/2352 4665/1404/2328
f 4666/1549/2530 4667/1005/1654 4668/647/1134
f 4669/1370/2262 4670/859/2522 4671/718/1761
f 4672/1550/2531 4673/1507/2532 4674/1506/2533
f 4675/1551/2534 4676/1139/2535 4677/1228/2536
f 4678/1552/2537 4679/1377/2287 4680/1553/2358
f 4681/1378/1127 4680/1553/2358 4679/1377/2287
f 4682/1112/1818 4683/1113/2538 4684/1554/2539
f 4685/1555/2540 4686/1556/1391 4687/1474/1625
f 4688/1557/2541 4689/1558/2542 4690/1417/1792
f 4691/1559/2543 4692/858/2544 4693/1354/2246
f 4694/20/28 4695/1560/2074 4696/562/1001
f 4697/1149/2125 4698/1158/2070 4699/945/2545
f 4700/1085/2546 4701/1112/1818 4702/1554/2539
f 4703/1000/2096 4704/1258/2095 4700/1085/1774
f 4705/1561/2547 4706/1550/2548 4707/1506/2533
f 4708/1391/2549 4709/1299/1287 4710/1298/2550
f 4711/1279/2131 4712/969/2130 4713/550/975
f 4714/351/1083 4715/465/2191 4716/1321/2190
f 4717/522/2360 4718/1362/2551 4719/524/2552
f 4718/1362/2551 4717/522/2360 4720/1428/2359
f 4721/1158/2070 4722/1232/2044 4723/1562/2553
f 4724/744/2554 4725/751/1286 4726/776/1320
f 4727/940/1567 4728/1009/2348 4729/833/2555
f 4730/1563/2556 4731/1564/2557 4732/1565/2558
f 4731/1564/2557 4733/1566/1287 4734/1565/2549
f 4735/1567/2559 4736/1158/2070 4737/1562/2560
f 4738/1463/2561 4739/1462/2408 4740/1524/2492
f 4741/1463/2409 4740/1524/2492 4742/1568/2562
f 4743/461/2275 4744/1340/2563 4745/1307/2166
f 4746/482/861 4747/1475/2422 4748/1569/2564
f 4749/524/934 4750/1362/2565 4751/1365/2566
f 4749/524/934 4751/1365/2566 4752/1511/2467
f 4753/1570/2567 4754/1371/2265 4755/1095/1790
f 4756/1571/2568 4757/1479/2427 4758/1505/2460
f 4759/1160/2569 4760/1558/2542 4761/1572/2570
f 4762/1522/2490 4763/1524/2571 4764/1462/2572
f 4765/1523/2491 4766/1534/2399 4767/1573/2517
f 4768/1574/1957 4769/1575/2573 4770/1576/1807
f 4771/953/2101 4772/482/861 4773/1569/2574
f 4774/1577/2575 4775/779/2480 4776/473/2576
f 4777/1578/1361 4778/1579/2577 4779/1164/1185
f 4780/1185/1957 4781/1407/2526 4782/1580/2578
f 4783/1495/2447 4784/1581/2579 4785/1496/2448
f 4783/1495/2447 4786/1582/2580 4784/1581/2579
f 4787/1497/2451 4788/1477/2425 4789/1476/2424
f 4788/1477/2425 4787/1497/2451 4790/1583/2581
f 4791/1571/2582 4792/1480/2498 4793/1479/2427
f 4794/1410/2336 4795/1409/2583 4796/1484/2432
f 4797/1584/2584 4798/1146/1758 4799/970/2585
f 4800/1216/2586 4801/1514/2587 4802/1056/2588
f 4803/665/785 4804/1412/2589 4805/1585/1412
f 4806/1586/2590 4807/1315/1406 4808/1482/1534
f 4809/970/1963 4810/1280/2374 4811/1584/2584
f 4812/1587/2591 4813/812/202 4814/904/1916
f 4815/915/1530 4816/1418/2346 4817/1115/2342
f 4818/1504/2592 4819/1571/2593 4820/1505/2594
f 4821/1588/2595 4822/1589/2596 4823/1503/2597
f 4824/1552/2598 4825/1553/2358 4826/1590/2599
f 4827/1344/2223 4828/1323/2600 4829/1177/2222
f 4830/1591/2601 4831/1592/2602 4832/1593/2248
f 4833/1460/2405 4834/832/1859 4835/1594/2603
f 4836/1249/2350 4837/1514/2489 4838/1419/2604
f 4839/1595/2605 4840/125/188 4841/87/189
f 4841/87/189 4842/1535/2509 4839/1595/2605
f 4843/849/2383 4844/1444/2384 4845/897/1498
f 4846/1334/2210 4847/1268/2606 4848/1596/2607
f 4849/1480/2498 4850/1571/2582 4851/1597/2608
f 4852/1484/2609 4853/1485/2610 4854/1410/2336
f 4855/1598/2611 4856/1335/2612 4857/1222/2037
f 4858/504/904 4859/1599/2613 4860/505/1718
f 4861/1323/2600 4862/1344/2223 4863/837/2168
f 4864/1600/2614 4865/940/1567 4866/833/1377
f 4867/1449/2389 4868/826/1728 4869/1256/2615
f 4870/1178/1944 4871/762/2122 4872/763/2616
f 4873/1350/2617 4874/1100/1802 4875/1601/2618
f 4876/948/2619 4877/950/2620 4878/1602/2621
f 4878/1602/2621 4879/1603/2622 4880/948/2619
f 4881/980/1623 4882/1604/223 4883/1605/2623
f 4881/980/2624 4884/979/1622 4885/1604/223
f 4886/1469/2625 4887/1606/2626 4888/1607/2627
f 4889/1162/1910 4890/1164/1911 4891/1579/2577
f 4892/923/2195 4893/1608/2628 4894/1383/2293
f 4895/1609/2629 4896/1610/2630 4897/1611/906
f 4898/738/1789 4899/529/2631 4900/1612/2632
f 4901/1502/2633 4902/1550/2634 4903/1613/2635
f 4904/1614/2636 4905/1190/2637 4906/1191/2638
f 4906/1191/2638 4907/1615/2639 4904/1614/2636
f 4908/812/202 4909/1587/2640 4910/598/1053
f 4911/1206/2002 4912/1492/2444 4913/1240/1479
f 4914/1349/2404 4915/1459/2470 4916/1616/2641
f 4915/1459/2470 4917/1617/2642 4918/1508/2465
f 4919/1618/2636 4920/1608/2628 4921/1619/2065
f 4922/1620/2643 4920/1608/2628 4923/1621/2644
f 4924/514/918 4925/1622/2645 4926/950/2455
f 4927/1609/2629 4928/1611/906 4929/1018/1678
f 4930/1236/2055 4931/387/696 4932/579/1024
f 4933/1558/2542 4934/1160/1733 4935/1417/2646
f 4936/1623/1950 4937/685/2647 4938/1624/2648
f 4939/914/2649 4940/733/2650 4941/1189/2651
f 4941/1189/2651 4942/1350/2235 4943/1601/2618
f 4943/1601/2618 4944/1625/2652 4941/1189/2651
f 4945/1536/2511 4946/1626/2653 4947/1324/2202
f 4948/1541/2515 4949/1627/1771 4950/1542/1514
f 4951/1628/2654 4952/685/2647 4953/1629/2655
f 4954/923/2656 4955/1383/2293 4956/1173/2657
f 4957/1439/2658 4958/1462/2572 4959/1630/2659
f 4960/1631/2518 4961/1062/1821 4962/1107/2660
f 4963/1213/2661 4964/1293/2662 4965/1211/1280
f 4966/950/982 4967/1622/2645 4968/1602/2621
f 4969/1444/2663 4970/1632/2664 4971/897/1498
f 4972/1502/2457 4973/1349/2233 4974/1507/2464
f 4975/1119/2665 4976/1372/2666 4977/1200/1991
f 4978/1615/2667 4979/1191/2638 4977/1200/1991
f 4980/1294/2668 4981/858/2669 4982/1559/2543
f 4983/1349/2404 4984/1616/2641 4985/1507/2464
f 4986/1235/2052 4987/1633/2670 4988/1233/2671
f 4989/1634/2672 4990/1635/2673 4991/1298/2154
f 4992/366/653 4993/1636/2674 4994/1184/1953
f 4995/1514/2489 4996/1216/2586 4997/1411/2675
f 4998/1427/2066 4999/1608/2628 5000/923/2676
f 4999/1608/2628 5001/1618/2677 5002/1621/2678
f 4999/1608/2628 5003/1427/2066 5004/1619/2065
f 5005/1637/2107 5006/1638/2679 5007/1639/2680
f 5008/1152/1190 5009/1640/2681 5010/1182/1950
f 5011/1641/1192 5012/1642/1228 5013/1643/1193
f 5014/1462/2572 5015/1439/2658 5016/1441/2378
f 5017/1644/2522 5018/1645/2262 5019/1646/2523
f 5020/1647/2682 5021/1648/2683 5022/1465/2684
f 5023/1649/2685 5024/1512/2686 5025/1140/2158
f 5026/1452/2394 5027/1451/2393 5028/1575/2573
f 5029/1158/2687 5030/1567/2559 5031/945/2545
f 5032/1267/2576 5033/1266/2109 5034/1650/2688
f 5035/1651/2689 5036/1652/2371 5037/1653/2690
f 5038/1654/2393 5039/1655/2691 5040/1656/2692
f 5041/1469/2625 5042/1607/2627 5043/1470/2693
f 5044/1657/2694 5045/1529/2504 5046/1531/2506
f 5047/1658/2601 5048/1659/1534 5049/1660/2695
f 5050/1661/2154 5051/1030/2373 5052/1662/1615
f 5053/1510/2466 5054/1468/2414 5055/1026/1514
f 5056/1085/2546 5057/1554/2539 5058/1513/2469
f 5059/1323/2696 5060/1374/2697 5061/1663/2698
f 5062/1664/2699 5063/1320/2187 5064/1073/2700
f 5065/1588/2701 5066/1503/2458 5067/1505/2460
f 5068/1665/2702 5069/1666/2703 5066/1503/2597
f 5070/1480/2498 5071/1597/2608 5072/1411/2704
f 5073/1268/2149 5074/1294/2148 5075/1596/2705
f 5076/1667/2706 5075/1596/2705 5074/1294/2148
f 5077/1668/1867 5078/1669/2432 5079/1670/2707
f 5080/1265/2107 5081/768/2145 5082/1671/2708
f 5083/1523/2491 5084/1568/2562 5085/1524/2492
f 5086/1568/2709 5083/1523/2491 5087/1672/2710
f 5088/747/2711 5089/746/1282 5090/1254/2088
f 5091/1215/2015 5092/1214/2141 5093/1673/2271
f 5094/1671/2708 5095/768/2145 5096/1289/2712
f 5097/1620/2643 5098/1674/2713 5099/1383/2714
f 5100/647/1134 5101/649/2715 5102/1675/2716
f 5103/1676/2490 5104/1441/2717 5105/1526/2718
f 5106/1464/2719 5107/1588/2595 5108/1431/2369
f 5109/1413/2341 5110/1677/2720 5111/1414/1853
f 5112/1678/2721 5110/1677/2722 5113/1413/2723
f 5114/1454/2396 5115/953/2724 5116/1569/2564
f 5117/1543/2517 5118/1456/2516 5119/1679/2725
f 5118/1456/2516 5120/1680/2726 5119/1679/2725
f 5121/1666/2703 5122/1571/2593 5123/1504/2727
f 5124/1659/1534 5125/1681/2728 5126/1660/2729
f 5127/832/1859 5128/1049/1722 5129/1594/2603
f 5129/1594/2603 5130/1049/1722 5131/953/2125
f 5132/1682/2730 5133/748/2731 5134/1683/2732
f 5135/1374/2697 5136/1273/2733 5137/1663/2734
f 5138/1684/2735 5139/1561/2736 5140/1506/2533
f 5141/1194/2368 5142/1351/2239 5143/1464/2737
f 5144/970/1963 5145/1146/1758 5146/919/1157
f 5147/1214/2141 5148/945/2545 5149/1567/2559
f 5150/1685/1967 5151/1686/2738 5152/1213/2739
f 5153/1687/2714 5154/1688/2713 5155/1689/2291
f 5156/572/2740 5157/697/2741 5158/1690/2742
f 5159/1691/2743 5160/1411/2744 5161/1597/2608
f 5162/1616/2641 5163/1508/2745 5164/1507/2464
f 5162/1616/2641 5165/1459/2470 5163/1508/2745
f 5163/1508/2745 5166/1617/2746 5167/1692/2747
f 5168/690/1566 5169/1693/2251 5170/1694/2748
f 5171/1473/2749 5172/1695/2543 5173/1696/2750
f 5174/697/1204 5175/611/2751 5176/1697/2752
f 5177/1698/2753 5178/1699/2754 5179/1700/2755
f 5180/1315/2756 5181/1586/2757 5182/1313/2176
f 5183/1701/2758 5184/1702/2759 5185/1703/1271
f 5186/1289/2712 5187/540/2760 5188/1704/2761
f 5189/1666/2703 5190/1705/2762 5191/1571/2593
f 5192/490/2763 5193/489/2764 5194/1706/2765
f 5195/1430/2766 5196/1707/2767 5197/1424/2358
f 5198/1654/2393 5199/1708/1921 5200/1655/2691
f 5201/969/2130 5202/1394/2309 5203/587/1040
f 5204/1709/2768 5205/1685/2769 5206/1213/2770
f 5207/1113/1820 5208/1173/1935 5209/1382/2771
f 5210/1554/2772 5207/1113/2773 5211/1382/2771
f 5212/1617/2746 5213/1554/2772 5211/1382/2771
f 5214/1462/2572 5215/1441/2717 5216/1522/2490
f 5217/841/1412 5218/1710/2774 5219/1237/2058
f 5220/540/2760 5221/590/665 5222/1704/2761
f 5223/1711/2775 5224/1005/2776 5225/1549/2777
f 5226/1712/2778 5227/491/877 5228/656/2779
f 5229/489/873 5227/491/877 5226/1712/2778
f 5230/1451/2780 5231/1576/1339 5232/1575/2573
f 5233/1713/2781 5234/1391/2558 5235/1298/2782
f 5236/1280/2783 5237/1714/2271 5238/1584/2584
f 5239/1508/2745 5240/1692/2747 5241/1684/2735
f 5242/896/1496 5243/898/1499 5244/1443/2784
f 5245/1487/2436 5246/1431/2369 5247/1505/2785
f 5248/1571/2593 5249/1705/2786 5250/1597/2787
f 5251/1601/2618 5252/1715/2788 5253/1625/2652
f 5254/1716/2789 5255/1625/2790 5252/1715/2791
f 5256/914/2649 5253/1625/2652 5257/1521/2528
f 5256/914/2649 5258/1189/1971 5253/1625/2652
f 5259/1717/2792 5260/1179/2793 5261/1181/1946
f 5262/1718/2794 5263/1719/2795 5264/1720/2796
f 5265/1018/1678 5266/1259/2261 5267/1609/2797
f 5268/672/1169 5269/517/139 5270/518/924
f 5271/1541/2515 5272/1540/2414 5273/1721/2798
f 5274/1608/2628 5275/1620/2643 5276/1383/2293
f 5277/1722/1821 5278/1723/2799 5279/1724/2800
f 5280/1502/2801 5281/1507/2802 5282/1550/2548
f 5283/1725/2516 5284/1458/2490 5285/1726/2718
f 5286/1506/2803 5287/1508/2745 5288/1684/2735
f 5289/1597/2787 5290/1705/2786 5291/1727/2804
f 5292/1468/2414 5293/1510/2466 5294/1469/2625
f 5295/1728/2805 5296/1729/2806 5297/1730/2807
f 5298/1666/2703 5299/1504/2808 5300/1503/2597
f 5301/1731/2809 5302/1732/2810 5303/1733/2512
f 5304/1513/2472 5305/1617/2642 5306/1459/2470
f 5307/1221/2035 5308/1734/2811 5309/1735/2812
f 5310/1372/2666 5311/1615/2667 5312/1200/1991
f 5313/1736/2499 5314/1472/2813 5315/1471/2306
f 5315/1471/2814 5316/1473/2815 5317/1696/2816
f 5318/1737/2817 5316/1473/2818 5319/1472/2813
f 5318/1737/2819 5320/1738/2820 5321/1473/2418
f 5322/1739/2737 5323/1740/2239 5324/1741/2821
f 5325/1588/2595 5326/1505/2822 5327/1431/2369
f 5328/1742/2823 5329/1743/2824 5330/1744/2767
f 5331/1319/1137 5332/1313/2825 5333/1745/1903
f 5334/1746/2826 5335/1747/2827 5336/1748/2828
f 5337/706/2759 5338/639/2127 5339/641/1271
f 5340/1749/2829 5341/1750/2830 5342/1607/2627
f 5343/1751/2831 5344/1752/2832 5345/948/2833
f 5346/1753/2834 5347/1754/2835 5348/1755/2836
f 5349/1732/2810 5350/1731/2809 5351/1756/2837
f 5352/1757/2838 5353/1758/2839 5354/1759/2840
f 5355/1757/2838 5356/1760/2841 5357/1761/2842
f 5358/721/2843 5359/1210/556 5360/719/1242
f 5361/1561/2844 5362/1613/2845 5363/1550/2634
f 5364/1502/2633 5362/1613/2635 5365/1544/2518
f 5366/1742/2823 5367/1380/1417 5368/1379/2846
f 5369/1649/2847 5370/1139/2535 5371/1551/2670
f 5372/1156/1900 5373/1485/2848 5374/1121/1901
f 5375/1218/2849 5376/1217/2850 5377/1325/2851
f 5378/1762/2852 5379/1759/2840 5380/1758/2839
f 5381/1747/2827 5382/1746/2853 5383/1666/2703
f 5384/1748/2828 5385/1763/2854 5386/1764/2855
f 5387/1541/2515 5388/1721/2798 5389/1653/2690
f 5390/1652/1465 5391/1765/2856 5392/1653/2857
f 5393/1017/1676 5394/1766/2858 5395/608/1545
f 5396/1767/2859 5397/1420/2860 5398/1419/2351
f 5399/1723/2799 5400/1768/2363 5401/1769/1834
f 5402/1770/2861 5403/1771/2862 5404/1684/2735
f 5405/1505/2594 5406/1479/2863 5407/1487/2436
f 5408/1461/2407 5409/1630/2864 5410/1462/2408
f 5411/1440/2377 5412/1439/2376 5409/1630/2864
f 5413/1772/2865 5414/611/2866 5415/1773/2867
f 5416/1449/2389 5417/1257/2868 5418/1774/2869
f 5419/548/2054 5420/1236/2055 5421/579/1024
f 5420/1236/2870 5422/1245/2073 5423/387/2075
f 5424/1758/2871 5425/1757/2838 5426/1775/2872
f 5427/1776/2873 5428/1777/2874 5429/1758/2871
f 5430/1778/2875 5431/1779/2876 5432/1780/2877
f 5433/1781/2547 5434/1782/2878 5435/1783/2879
f 5436/1784/2880 5437/1785/2861 5438/1786/2881
f 5439/1787/2769 5440/1353/2205 5441/1352/1527
f 5442/1757/2877 5443/1788/2882 5444/1775/2872
f 5445/1789/2883 5446/1790/2884 5447/1761/2875
f 5448/1791/2885 5449/1792/1710 5450/1793/2886
f 5451/1324/2202 5452/1626/2653 5453/1325/2203
f 5454/1655/2691 5455/1794/2887 5456/1656/2692
f 5457/1178/2888 5458/1273/2120 5459/762/2122
f 5460/1795/2889 5461/1596/2890 5462/1667/2891
f 5463/1760/2892 5464/1757/2838 5465/1796/2893
f 5466/1341/2707 5467/1797/2894 5468/1342/2895
f 5469/1784/2880 5470/1798/2896 5471/1799/2861
f 5472/1313/2897 5473/1800/2898 5474/1745/2899
f 5475/1801/2900 5476/1684/2735 5477/1771/2862
f 5478/1802/2901 5479/1803/2902 5480/1804/2265
f 5481/1357/2903 5482/1713/2781 5483/1805/2904
f 5484/1719/2905 5485/1806/2906 5486/1720/2907
f 5487/1760/2841 5488/1789/2883 5489/1761/2908
f 5490/1807/2909 5491/1789/2883 5492/1760/2841
f 5493/1666/2703 5494/1746/2853 5495/1705/2910
f 5495/1705/2786 5496/1746/2826 5497/1727/2911
f 5498/1784/2880 5499/1786/2881 5500/1808/2912
f 5501/1809/2913 5502/1796/2893 5503/1762/2914
f 5504/1810/2915 5505/1807/2909 5506/1760/2841
f 5507/1512/2507 5508/1811/2916 5509/1532/2508
f 5510/1812/2917 5511/1634/1615 5512/1813/1614
f 5510/1812/2917 5513/1813/1079 5514/1814/1368
f 5515/1809/2913 5516/1762/2914 5517/1815/2918
f 5518/1816/2919 5519/1810/2915 5520/1760/2892
f 5521/1135/1711 5522/1817/2920 5523/1818/2921
f 5524/1797/2432 5525/1819/2922 5526/1342/2923
f 5527/1820/2924 5528/1747/2827 5529/1666/2703
f 5530/1821/2925 5531/1782/2926 5532/1822/2927
f 5533/1491/2928 5534/1422/2929 5535/1240/1558
f 5536/1667/2930 5537/1294/2668 5538/1559/2931
f 5539/1622/2645 5540/514/2932 5541/1720/2933
f 5542/1762/2914 5543/1777/2874 5544/1815/2934
f 5545/1788/2935 5546/1761/2875 5547/1790/2936
f 5548/1266/2937 5549/1582/2938 5550/1650/2939
f 5549/1582/2938 5551/1495/2940 5550/1650/2939
f 5552/1727/2911 5553/1748/2828 5554/1764/2855
f 5552/1727/2911 5554/1764/2855 5555/1823/2941
f 5556/1727/2804 5557/1746/2826 5558/1748/2828
f 5559/1824/2942 5560/1825/2559 5561/1826/2943
f 5562/1721/2798 5563/1540/2414 5564/1827/2416
f 5565/1704/2761 5566/590/2462 5567/1227/2944
f 5565/1704/2761 5567/1227/2944 5568/1828/2945
f 5569/1829/2946 5570/1830/2710 5571/1543/2517
f 5572/1758/2871 5573/1775/2947 5574/1776/2873
f 5575/1831/2948 5576/1832/2949 5577/1833/2925
f 5578/1763/2950 5579/1834/2828 5580/1835/2951
f 5581/969/1610 5582/615/1608 5583/690/1566
f 5584/1836/1815 5585/1465/2952 5586/1648/2313
f 5585/1465/2952 5587/1467/2413 5588/1837/2953
f 5589/1683/2732 5590/748/1283 5591/951/1584
f 5589/1683/2732 5591/951/1584 5592/1583/2954
f 5593/1513/2955 5594/1554/2772 5595/1617/2746
f 5596/1838/2956 5597/1839/2703 5598/1840/2957
f 5599/1841/2889 5600/1334/2958 5601/1596/2890
f 5602/1766/2959 5603/1475/2422 5604/924/1544
f 5605/1411/2675 5606/1691/2960 5607/1514/2489
f 5608/1816/2961 5609/1760/2841 5610/1796/2893
f 5611/1842/2962 5612/1843/2845 5613/1781/2844
f 5614/1844/2443 5615/1845/2445 5616/1598/2963
f 5617/1846/2128 5618/1731/2809 5619/1733/2512
f 5620/1847/2699 5621/1848/2700 5622/1724/2964
f 5623/485/2965 5624/307/2740 5625/1849/2966
f 5626/1777/2874 5627/1762/2852 5628/1758/2967
f 5629/1815/2934 5626/1777/2874 5630/1850/2968
f 5631/1755/2721 5632/1851/2723 5633/1852/2969
f 5634/1770/2861 5635/1684/2735 5636/1692/2970
f 5637/1853/2971 5638/1854/2972 5639/1763/2950
f 5640/1327/2077 5641/1855/2213 5642/1856/2973
f 5643/1049/2974 5644/1048/1721 5645/953/2125
f 5646/720/1243 5647/1857/2975 5648/1266/2937
f 5647/1857/2975 5649/1582/2938 5648/1266/2937
f 5650/1858/2547 5651/1859/2927 5652/1860/2926
f 5653/1323/2600 5654/1663/2734 5655/1177/2222
f 5656/1419/2351 5657/1514/2489 5658/1691/2743
f 5659/1861/2976 5660/1862/2977 5661/1863/2978
f 5662/1182/2979 5663/1864/2980 5664/781/1951
f 5665/777/2981 5666/587/1040 5667/1865/2982
f 5668/1865/2983 5666/587/1040 5669/1394/2984
f 5670/1809/2913 5671/1816/2961 5672/1796/2893
f 5673/1866/2985 5674/1867/2986 5675/1808/2987
f 5676/608/1545 5677/1766/2858 5678/924/1544
f 5679/1868/2377 5680/1630/2864 5681/1869/2988
f 5682/1763/2950 5683/1854/2972 5684/1870/2989
f 5685/1861/2976 5686/1871/2990 5687/1862/2977
f 5688/1395/2991 5689/1753/2992 5690/1448/2387
f 5691/951/1584 5692/1872/2993 5693/1583/2954
f 5693/1583/2954 5692/1872/2993 5694/1477/2425
f 5692/1872/2994 5695/1873/2995 5696/1478/2996
f 5697/1874/1976 5695/1873/2995 5692/1872/2994
f 5698/1372/2666 5699/1334/2997 5700/1841/2889
f 5701/1875/2971 5702/1876/2998 5703/1871/2999
f 5704/1139/2535 5705/1649/3000 5706/1140/3001
f 5707/1685/2769 5708/1877/2302 5709/1686/3002
f 5710/1460/2405 5711/1878/3003 5712/716/1234
f 5713/1722/1821 5714/1724/2964 5715/1848/2188
f 5716/1788/3004 5717/1879/3005 5718/1880/3006
f 5717/1879/3005 5716/1788/3004 5719/1790/2936
f 5720/1881/3007 5721/1867/2986 5722/1882/3008
f 5723/1665/3009 5724/1503/2597 5725/1589/3010
f 5726/1883/3011 5727/1884/3012 5728/1885/3013
f 5729/1886/3014 5730/1493/3015 5731/1492/3016
f 5732/1606/2626 5733/1749/2829 5734/1607/3017
f 5735/1327/2077 5736/1856/2153 5737/1703/1125
f 5738/1887/3018 5739/1850/2968 5740/1777/3019
f 5741/1888/3020 5742/1889/3021 5743/1890/3022
f 5744/1460/2405 5745/716/1234 5746/715/1742
f 5747/1891/2647 5748/1152/1190 5749/1521/2528
f 5750/1892/3023 5751/1741/3024 5752/1893/2239
f 5753/1786/3025 5754/1866/2985 5755/1808/2987
f 5754/1866/2985 5753/1786/3025 5756/1894/3026
f 5757/1885/3027 5758/1884/3028 5759/1895/3029
f 5760/1887/3030 5761/1896/3031 5762/1897/3032
f 5763/1770/2861 5764/1692/2970 5765/1898/3033
f 5766/1899/3034 5767/1900/3035 5768/1901/3036
f 5769/1133/3037 5770/1818/2921 5771/1384/3038
f 5772/1902/3013 5773/1801/2900 5774/1771/2896
f 5775/1903/3039 5776/1904/3040 5777/1905/3041
f 5778/1785/2861 5779/1906/3033 5780/1786/2881
f 5781/1823/2941 5782/1764/2855 5783/1763/2950
f 5784/1907/3042 5785/1908/3043 5786/1909/3044
f 5787/1598/2963 5788/1222/2037 5789/1448/3045
f 5790/1651/3046 5791/1910/1757 5792/1911/2370
f 5793/1816/2961 5794/1912/3047 5795/1810/3048
f 5796/1913/3049 5797/1914/3050 5798/1915/3051
f 5799/1916/3052 5800/1917/3053 5801/1918/3054
f 5802/1909/3055 5803/1919/3056 5804/1920/3057
f 5805/1921/3058 5806/1875/2951 5807/1871/2990
f 5808/1044/3059 5809/1218/3060 5810/1578/1361
f 5811/1881/3007 5812/1922/3061 5813/1923/3062
f 5814/1924/3063 5815/1925/3064 5816/1926/3065
f 5817/1927/3066 5818/1924/3063 5819/1928/3067
f 5820/1926/3065 5821/1928/3067 5818/1924/3068
f 5822/1929/2924 5823/1930/2978 5824/1931/2977
f 5825/1883/3011 5826/1932/3052 5827/1884/3028
f 5828/1920/3057 5829/1907/3069 5830/1909/3055
f 5831/1597/2608 5832/1727/2804 5833/1691/2743
f 5834/1727/3070 5835/1419/2351 5833/1691/2743
f 5836/1933/3071 5837/1934/3072 5838/1935/3073
f 5839/1936/3074 5840/1937/3075 5841/1586/2590
f 5842/1579/2577 5843/1578/1361 5844/1218/2849
f 5845/1938/2052 5846/1576/3076 5847/1451/2393
f 5848/1939/3077 5849/1940/3078 5850/1941/3079
f 5851/1935/3080 5852/1913/3081 5853/1915/3082
f 5854/1942/3083 5855/1943/3084 5856/1944/3085
f 5857/1945/3086 5858/1946/3087 5859/1947/3088
f 5860/1948/3071 5861/1949/3089 5862/1950/3090
f 5863/1673/2271 5864/1214/2141 5865/1567/3091
f 5866/1796/3092 5867/1759/2840 5868/1762/3093
f 5869/1180/1854 5870/1951/3094 5871/1952/3095
f 5872/1953/3096 5873/1954/3097 5874/1955/3098
f 5875/1956/3099 5876/1957/3100 5877/1958/3101
f 5878/1904/3102 5879/1959/3103 5880/1905/3104
f 5881/1942/3105 5882/1960/3071 5883/1943/3090
f 5884/1906/3033 5885/1894/3026 5886/1786/3025
f 5887/1947/3088 5888/1961/3106 5889/1808/3107
f 5890/1946/3087 5891/1962/3108 5892/1947/3088
f 5893/1177/1943 5894/1663/2734 5895/1178/2888
f 5896/1452/3109 5897/1963/2526 5898/1964/3110
f 5899/1965/2524 5900/1966/3111 5901/1369/3112
f 5902/1967/1846 5903/588/1250 5904/589/1043
f 5905/1421/2355 5906/741/1273 5903/588/3113
f 5906/741/1273 5907/116/1249 5903/588/3113
f 5908/1968/3114 5909/1969/3115 5910/1970/3116
f 5911/1881/3117 5912/1923/3062 5913/1867/3118
f 5914/1971/3119 5915/1972/3103 5916/1973/3053
f 5917/1665/3120 5918/1589/2596 5919/1974/3121
f 5920/1883/3011 5921/1961/3106 5922/1975/3122
f 5923/1784/3123 5924/1808/3124 5921/1961/3106
f 5925/1883/3125 5923/1784/3123 5926/1961/3106
f 5927/1976/2951 5928/1919/3056 5929/1909/3055
f 5930/1908/3126 5931/1907/3127 5932/1977/3128
f 5933/1777/3129 5934/1776/3130 5935/1887/3030
f 5936/1021/3131 5937/1307/2274 5938/1978/3132
f 5939/1133/3037 5940/1135/1697 5941/1818/2921
f 5942/1979/3133 5943/1939/3134 5944/1980/3135
f 5945/1981/2990 5946/1982/2828 5947/1983/2827
f 5948/1984/3136 5949/1985/3137 5950/1949/3138
f 5949/1985/3085 5951/1950/3090 5952/1949/3138
f 5953/1981/3139 5954/1983/2827 5955/1986/2977
f 5956/1947/3088 5957/1962/3108 5958/1961/3106
f 5959/1987/3140 5960/1988/3141 5961/1179/1945
f 5962/1989/2869 5963/1990/3142 5964/1991/3143
f 5965/1992/3144 5966/1993/3145 5967/1994/2318
f 5968/1692/3146 5969/1617/2746 5970/1382/2291
f 5971/1412/2340 5972/1995/3147 5973/1585/3148
f 5974/1883/3125 5975/1975/3122 5976/1932/3052
f 5977/1784/3123 5974/1883/3125 5978/1798/2896
f 5979/1996/3149 5980/1997/3150 5981/1998/3151
f 5982/1900/3035 5983/1885/3027 5984/1895/3152
f 5985/1240/1558 5986/1492/3016 5987/1491/2928
f 5988/1999/3153 5989/1886/3014 5986/1492/3154
f 5990/2000/3155 5991/2001/3156 5992/1914/3157
f 5993/1932/3052 5994/1954/3158 5995/1884/3159
f 5996/1921/3160 5997/1871/3139 5998/2002/3161
f 5999/2003/3162 6000/2004/3163 6001/2005/3164
f 6002/2006/3165 6003/2007/3166 6004/1995/3167
f 6005/2008/3168 6006/2009/2071 6007/2010/3169
f 6008/1448/3045 6009/1844/2443 6010/1598/2963
f 6011/2011/3170 6012/1907/3069 6013/1920/3171
f 6014/1213/3172 6015/2012/3173 6016/1293/3174
f 6017/1236/2057 6018/798/1350 6019/1237/2058
f 6020/1948/3071 6021/2013/3175 6022/1949/3138
f 6023/2013/3176 6024/1948/3071 6025/1957/3177
f 6026/1972/3103 6027/1971/3178 6028/2014/3104
f 6029/2015/3179 6030/2016/3128 6031/1907/3069
f 6032/2017/3180 6033/2018/3181 6034/2019/3182
f 6035/2011/3170 6036/2015/3179 6037/1907/3069
f 6038/1598/3183 6039/1845/3015 6040/1335/2612
f 6041/1753/2992 6042/1852/2969 6043/1448/2387
f 6041/1753/2992 6044/1755/2721 6042/1852/2969
f 6045/2020/1759 6046/2021/3184 6047/1681/2728
f 6048/2022/2753 6049/2023/1373 6050/2024/2763
f 6051/1757/2877 6052/1759/2840 6053/1796/3092
f 6054/2025/3185 6055/1179/1945 6056/1717/3186
f 6057/1980/3135 6058/1939/3134 6059/1941/3079
f 6060/1915/3187 6061/1914/3050 6062/2001/3156
f 6063/1895/3188 6064/1884/3028 6065/1953/3096
f 6066/2026/3189 6067/1975/3122 6068/2027/3190
f 6069/1482/1534 6070/1936/3191 6071/1586/2757
f 6072/2013/3192 6073/2028/3193 6074/1949/3138
f 6075/2026/3189 6076/2027/3190 6077/1962/3108
f 6078/1404/3194 6079/1767/3195 6080/2029/3196
f 6079/1767/3195 6078/1404/3194 6081/1420/2860
f 6082/2030/3146 6083/2031/2291 6084/2032/2713
f 6085/2033/2631 6086/1446/1468 6087/2034/2632
f 6088/1807/2909 6089/2035/3197 6090/1970/3116
f 6091/1982/3198 6092/1981/3136 6093/2036/3199
f 6094/2037/3200 6095/2038/2992 6096/2039/2991
f 6097/2040/3201 6098/1890/3022 6099/1889/3021
f 6100/2026/3202 6101/1932/3203 6102/1975/3204
f 6103/2041/3057 6104/2042/3160 6105/2043/3205
f 6106/1932/3203 6107/2026/3202 6108/1971/3119
f 6109/2027/3190 6110/1975/3122 6111/1961/3106
f 6112/2044/3205 6113/1949/3138 6114/2028/3206
f 6115/1946/3087 6116/2045/3207 6117/1962/3208
f 6118/1961/3106 6119/1962/3209 6120/2027/3190
f 6121/2046/3205 6122/2047/3206 6123/2048/3057
f 6124/1850/3210 6125/2049/3211 6126/1815/3212
f 6127/1789/3213 6128/1807/2909 6129/1969/3115
f 6129/1969/3115 6128/1807/2909 6130/1970/3116
f 6131/1809/3214 6132/1815/3215 6133/2049/3211
f 6134/1807/3216 6135/1810/2915 6136/2035/3217
f 6137/2050/3218 6138/1887/3030 6139/1897/3032
f 6140/1872/2993 6141/951/1584 6142/1874/1976
f 6141/951/1584 6143/952/1585 6142/1874/1976
f 6144/1875/2951 6145/2051/3219 6146/1876/2998
f 6147/2052/3205 6148/2053/3220 6149/2054/3221
f 6150/1942/3083 6151/1944/3137 6152/2055/3222
f 6153/2056/3223 6154/1497/2451 6155/1496/2448
f 6156/1885/3013 6157/1798/2896 6158/1883/3125
f 6159/2045/3224 6160/2057/3225 6161/2058/3226
f 6162/2015/3227 6163/2011/3228 6164/2059/3229
f 6165/2019/3230 6166/2018/3181 6167/2000/3231
f 6168/486/987 6169/2060/3232 6170/583/3233
f 6171/2061/3234 6172/2062/3235 6173/1494/3236
f 6174/2063/3237 6175/2064/3238 6176/2065/3239
f 6177/1954/3158 6178/1953/3096 6179/1884/3028
f 6180/2058/3226 6181/2066/3240 6182/2045/3224
f 6183/2047/3241 6184/2067/3242 6185/2048/3057
f 6186/1837/3243 6187/2068/3244 6188/1647/3245
f 6189/1773/3246 6190/611/2866 6191/1321/2190
f 6192/1605/2623 6193/1604/223 6194/2069/3247
f 6193/1604/223 6195/2070/200 6196/2069/3247
f 6197/2071/3248 6198/1989/3249 6199/2072/3250
f 6200/2073/3251 6201/2074/3252 6202/2075/3253
f 6203/2076/3180 6204/2077/3254 6205/2078/3039
f 6206/2079/2924 6207/1986/3255 6208/1983/2827
f 6209/2080/3237 6210/2081/3256 6211/2082/3257
f 6212/2016/3258 6213/2015/3259 6214/2083/3260
f 6215/2084/3261 6216/1277/3262 6217/1532/3263
f 6218/1568/3264 6219/2085/3265 6220/1806/3266
f 6221/1463/3267 6218/1568/2562 6222/1806/3266
f 6223/1461/3268 6221/1463/3267 6224/1718/3269
f 6224/1718/2794 6225/1463/3267 6226/1719/2795
f 6227/2086/3270 6223/1461/2407 6228/2087/3271
f 6228/2087/3272 6229/1461/2407 6230/1718/3269
f 6231/1823/3273 6232/1763/2950 6233/2088/3274
f 6234/2018/3275 6235/1903/3039 6236/1905/3276
f 6237/1903/3039 6238/2018/3275 6239/2017/3180
f 6240/2089/3277 6241/2026/3278 6242/2090/3279
f 6243/2091/3280 6242/2090/3279 6241/2026/3278
f 6244/2092/3281 6245/2093/3282 6246/1590/2599
f 6247/1812/3283 6248/1713/3284 6249/1635/3285
f 6250/1298/3286 6249/1635/2673 6251/1713/3287
f 6252/1357/2250 6253/1391/2558 6251/1713/2781
f 6254/2094/2190 6255/2095/3288 6256/2096/3289
f 6257/2050/3290 6258/2097/3291 6259/1887/3030
f 6260/1477/2425 6261/1872/2994 6262/1478/2426
f 6263/1179/2793 6264/2025/3292 6265/1987/3140
f 6263/1179/2793 6266/1988/3293 6267/1180/1854
f 6268/1951/3094 6267/1180/1854 6266/1988/3293
f 6269/2098/3294 6270/2099/3295 6271/1922/3061
f 6272/2100/3296 6273/1948/3071 6274/2101/3105
f 6272/2100/3296 6275/1958/3101 6276/1948/3297
f 6277/2102/3298 6278/1957/3100 6279/2103/3082
f 6280/2013/3192 6281/1957/3100 6277/2102/3298
f 6282/2066/3240 6283/2104/3299 6284/2045/3300
f 6285/2105/3301 6286/2106/3242 6287/2107/3241
f 6288/1964/3110 6289/1963/3302 6290/1357/2250
f 6291/1452/3109 6292/1964/3303 6293/1453/1576
f 6294/2108/3304 6295/2109/3305 6296/1879/3306
f 6295/2109/3307 6297/1880/3308 6298/1879/3309
f 6299/1788/2935 6297/1880/3308 6300/1775/3310
f 6301/2110/3311 6302/1969/3312 6303/2111/3313
f 6304/2112/3314 6305/2113/3315 6306/2114/2962
f 6304/2112/3314 6307/1723/3316 6308/2113/3315
f 6309/1837/3243 6310/1647/3317 6311/1465/3318
f 6312/1900/3319 6313/1821/3320 6314/1885/3013
f 6315/2000/3231 6316/2115/3321 6317/2001/3322
f 6316/2115/3321 6318/2000/3231 6319/2018/3323
f 6320/2116/3324 6321/1971/3325 6322/2089/3277
f 6323/1971/3178 6320/2116/3324 6324/2014/3104
f 6325/1973/3053 6326/1932/3203 6321/1971/3119
f 6327/2117/3326 6328/2103/3327 6329/2118/3328
f 6330/2059/3329 6331/2119/3330 6332/2015/3227
f 6333/1962/3208 6334/2091/3280 6335/2026/3189
f 6336/2104/3299 6337/2120/3331 6338/2091/3332
f 6339/1727/2911 6340/1823/2941 6341/1419/2351
f 6342/2121/3333 6343/2122/2784 6344/2123/1499
f 6345/1603/3334 6346/2124/3335 6347/1751/3336
f 6348/1603/3334 6347/1751/3336 6349/948/3337
f 6350/485/3338 6351/2125/3339 6352/486/987
f 6353/2125/3340 6354/2126/3341 6352/486/987
f 6355/2071/3248 6356/2008/3342 6357/1989/3249
f 6358/1206/2002 6359/1999/3153 6360/1492/3343
f 6361/1156/2899 6362/1410/3344 6363/1485/3345
f 6364/1476/3346 6365/2061/3234 6366/1494/3347
f 6367/2127/3348 6368/2128/3349 6369/2013/3350
f 6370/2116/3351 6371/2129/3352 6372/2130/3275
f 6370/2116/3324 6373/2130/3275 6374/2014/3276
f 6372/2130/3353 6375/2129/3352 6376/2131/3354
f 6377/2091/3280 6378/2120/3331 6379/2090/3279
f 6380/2045/3355 6377/2091/3280 6381/1962/3108
f 6382/2128/3301 6383/2028/3193 6384/2013/3350
f 6385/2117/3326 6386/2102/3298 6387/2103/3356
f 6388/2091/3332 6389/2045/3300 6390/2104/3357
f 6391/2111/3358 6392/1969/3312 6393/1968/3359
f 6394/2132/3024 6395/1588/3360 6396/1464/2737
f 6397/1741/3024 6398/2133/3361 6399/2134/3360
f 6400/2135/3354 6401/2115/3321 6402/2018/3323
f 6403/2106/3362 6404/2105/3363 6405/2136/3229
f 6406/2015/3227 6407/2119/3364 6408/2083/3365
f 6409/2137/3366 6410/2083/3367 6411/2119/3368
f 6412/2137/3369 6413/2119/3368 6414/2138/3370
f 6415/2139/2902 6416/2004/2901 6417/2140/3371
f 6415/2139/3372 6418/2140/3371 6419/1892/3023
f 6420/1389/2302 6421/2141/3373 6422/2142/2738
f 6423/1845/3015 6424/2143/3374 6425/1335/3375
f 6426/2144/2491 6427/1543/2517 6428/1830/2710
f 6429/2145/3376 6427/1543/2517 6430/1679/2725
f 6429/2145/3376 6431/1829/2946 6427/1543/2517
f 6432/1711/3377 6429/2145/3376 6433/1679/3378
f 6434/2146/3379 6431/1829/2946 6435/2147/3380
f 6436/1675/3381 6437/2148/3382 6435/2147/3383
f 6435/2147/3383 6438/647/1134 6439/1675/2716
f 6440/1922/3061 6441/2099/3295 6442/1923/3384
f 6443/1925/3064 6444/2149/3385 6445/1926/3386
f 6446/2119/3330 6447/2059/3329 6448/2150/3387
f 6446/2119/3364 6449/2150/3387 6450/2151/3388
f 6451/2152/3389 6452/2136/3390 6453/2153/3391
f 6454/2089/3392 6455/1971/3393 6456/2026/3394
f 6457/2120/3395 6458/2104/3299 6459/2154/3388
f 6460/2104/3396 6461/2155/3397 6462/2156/3398
f 6463/2138/3370 6464/2151/3399 6465/2157/3396
f 6466/2119/3364 6467/2151/3388 6468/2138/3370
f 6469/2105/3363 6470/2153/3391 6471/2136/3390
f 6472/2158/3400 6473/2034/2632 6474/2159/2567
f 6475/1412/2589 6476/667/3401 6477/1005/2776
f 6478/2088/3274 6479/1763/2950 6480/1870/3135
f 6481/2112/3314 6482/2114/3402 6483/2160/3403
f 6484/2161/3398 6485/2162/3404 6486/2163/3366
f 6487/2164/2484 6488/1991/3405 6489/1990/3406
f 6490/1404/3407 6491/2029/3196 6492/1283/3408
f 6493/1221/2035 6494/1335/3409 6495/2143/3374
f 6496/1789/3410 6497/1969/3411 6498/1790/2884
f 6499/1968/3114 6500/1970/3116 6501/2165/3412
f 6502/2166/3240 6503/2167/3413 6504/2168/3414
f 6505/2169/3415 6506/2170/3416 6507/2171/3417
f 6508/2118/3328 6509/2172/3321 6510/2117/3418
f 6511/2172/3419 6512/2173/3420 6510/2117/3418
f 6513/2174/3421 6514/2175/3277 6515/2176/3279
f 6516/2176/3279 6517/2177/3331 6518/2174/3421
f 6519/2178/3422 6520/2179/3423 6521/2180/2192
f 6522/1221/3424 6523/1735/2812 6524/1132/3425
f 6525/2181/3426 6526/1790/2884 6527/1969/3427
f 6526/1790/2884 6525/2181/3426 6528/1879/3309
f 6529/1844/2443 6530/1448/2387 6531/1852/2969
f 6532/2182/3363 6533/2183/3428 6534/2153/3429
f 6535/2180/2192 6536/2184/3430 6537/2178/3422
f 6538/2185/3431 6539/2174/3421 6540/2177/3395
f 6541/1910/1757 6542/1651/3046 6543/2186/3432
f 6544/2187/3433 6543/2186/3434 6545/2188/3435
f 6546/1878/3003 6547/2189/3436 6548/2190/3437
f 6549/2030/3438 6550/2032/2713 6551/1906/3439
f 6552/1660/3440 6553/2191/3441 6554/1987/3140
f 6555/2192/2971 6556/2193/3442 6557/2194/3443
f 6558/2195/3444 6559/2194/3445 6560/2196/3446
f 6561/2129/3447 6562/2089/3277 6563/2197/3448
f 6564/1929/3150 6565/2198/3449 6566/2199/2978
f 6567/2200/3118 6568/2201/3450 6569/2202/3451
f 6570/2203/3452 6571/2204/3453 6572/2205/3454
f 6573/2183/3428 6574/2206/3455 6575/2152/3456
f 6576/2152/3389 6577/2153/3391 6573/2183/3428
f 6578/2207/3354 6579/2208/3457 6580/2209/3419
f 6581/2098/3458 6582/2210/3452 6583/2211/3459
f 6584/1379/3460 6585/1743/2824 6586/1742/3461
f 6587/1987/3140 6588/1658/2601 6589/1660/3440
f 6590/1326/3462 6591/1353/2205 6592/1855/2213
f 6593/1906/3439 6594/2032/3463 6595/1894/3464
f 6596/2212/3232 6597/2213/3465 6598/1445/3233
f 6599/1880/3308 6600/2109/3466 6601/1776/3467
f 6602/1953/3468 6603/1955/3098 6604/2214/3469
f 6603/1955/3470 6605/1954/3471 6606/1973/3472
f 6607/1972/3103 6603/1955/3473 6608/1973/3053
f 6609/1899/3474 6610/1821/3320 6611/1900/3319
f 6612/2127/3475 6613/2173/3476 6614/2128/3301
f 6613/2173/3476 6615/2127/3475 6616/2117/3326
f 6617/2215/3477 6618/2216/3354 6619/2129/3478
f 6620/2217/3479 6621/2185/3480 6622/2177/3395
f 6623/2218/3481 6624/2133/3361 6625/1741/3024
f 6626/1030/2373 6627/1028/1535 6628/1662/3482
f 6629/1472/3483 6630/1736/3484 6631/2219/3485
f 6632/1900/3486 6633/1895/3487 6634/1901/3036
f 6635/2220/3488 6636/2158/3400 6637/2159/2567
f 6638/2221/2924 6639/1838/2956 6640/2222/3489
f 6641/2068/3490 6642/2040/3201 6643/1889/3491
f 6644/2173/3420 6645/2172/3419 6646/2223/3457
f 6647/2129/3478 6648/2224/3492 6649/2225/3455
f 6650/2206/3493 6651/2185/3494 6652/2217/3479
f 6653/1737/3495 6654/1472/3483 6655/2219/3496
f 6656/1880/3497 6657/1776/3498 6658/1775/3310
f 6657/1776/3499 6659/1896/3500 6660/1887/3030
f 6661/1897/3032 6662/1896/3031 6663/2226/3501
f 6664/2227/3502 6665/1267/852 6666/1650/2688
f 6664/2227/3502 6666/1650/2688 6667/2228/3503
f 6668/1273/2733 6669/1178/2888 6670/1663/3504
f 6671/2211/3454 6672/2099/3505 6673/2098/3458
f 6674/2229/3506 6675/2230/3507 6676/2231/3508
f 6677/2232/2251 6678/1910/1157 6679/2233/2309
f 6678/1910/1157 6680/2187/3433 6681/2233/2309
f 6682/1594/2603 6683/1455/2397 6684/1460/3509
f 6685/2219/3496 6686/1736/2499 6687/2164/2484
f 6688/1995/3167 6689/1412/3510 6690/2006/3511
f 6691/2234/3512 6692/2235/3513 6693/2195/3077
f 6694/2173/3420 6695/2223/3514 6696/2236/3455
f 6697/2129/3515 6698/2197/3421 6699/2224/3492
f 6700/2237/2511 6701/1291/2510 6702/2012/3173
f 6703/1887/3030 6704/2097/3291 6705/1850/2968
f 6706/2056/3223 6707/1683/2732 6708/1583/3516
f 6706/2056/3223 6708/1583/3516 6709/1497/2451
f 6710/2200/3118 6711/2238/3062 6712/2201/3450
f 6713/2152/3456 6714/2206/3493 6715/2217/3479
f 6716/2194/2972 6717/2193/3442 6718/2196/3446
f 6719/2080/3517 6720/2235/3513 6721/2234/3512
f 6722/1745/2899 6723/1800/2898 6724/2239/3344
f 6725/2145/3518 6726/1711/3377 6727/1549/2777
f 6727/1549/2777 6728/2147/3519 6725/2145/3518
f 6729/2145/3520 6728/2147/3380 6730/1829/2946
f 6731/1549/2777 6732/647/1134 6728/2147/3383
f 6733/2240/3521 6734/1474/1625 6735/1385/3522
f 6736/2221/2924 6737/1839/3523 6738/1838/2956
f 6739/2241/3524 6740/2242/3525 6741/2243/3526
f 6739/2241/3050 6742/1956/3527 6743/2242/3528
f 6744/2057/3529 6745/2045/3530 6746/1946/3531
f 6747/2155/3397 6748/2244/3532 6749/2156/3370
f 6750/1208/3533 6751/2245/3534 6752/1206/2805
f 6753/1901/3036 6754/1895/3487 6755/2214/3469
f 6756/1645/3535 6757/2180/2192 6758/2179/3423
f 6759/1712/2778 6760/1706/2765 6761/489/873
f 6762/2246/3536 6763/2178/3537 6764/2184/3430
f 6765/1645/3535 6766/2179/3423 6767/1646/3538
f 6768/917/3539 6769/1114/1398 6770/994/1644
f 6771/2247/3540 6772/917/1531 6770/994/1644
f 6773/2248/2919 6774/2249/3541 6775/2250/3542
f 6776/2251/3543 6777/2252/3544 6778/2253/3545
f 6779/1327/3546 6780/1326/2204 6781/1855/2213
f 6782/2254/3547 6783/656/3548 6784/1184/3549
f 6783/656/2779 6785/2254/3547 6786/1712/2778
f 6787/2215/3477 6788/2129/3515 6789/2225/3455
f 6790/1937/2506 6791/2255/2334 6792/1313/3550
f 6793/1646/3538 6794/1966/3111 6795/1965/2524
f 6796/1697/3551 6797/611/1082 6798/1772/2865
f 6799/1892/3552 6800/2140/3371 6801/1741/3024
f 6802/2256/3553 6803/2257/3066 6804/2258/3554
f 6805/2219/3496 6806/2164/2484 6807/1990/3555
f 6808/2081/3556 6809/2080/3557 6810/2234/3558
f 6811/2259/2370 6812/2260/2251 6813/2261/1567
f 6814/1313/2897 6815/1586/2757 6816/1937/2506
f 6817/2262/3559 6818/2263/2889 6819/2264/3560
f 6820/2265/3561 6821/2266/3562 6822/2267/3563
f 6823/2268/3295 6824/2269/3225 6825/2270/3564
f 6826/1557/3565 6827/1417/1792 6828/1415/3566
f 6826/1557/2541 6829/1415/3567 6830/2271/3568
f 6831/2272/155 6832/1193/3569 6833/1483/3570
f 6832/1193/3569 6834/563/1978 6833/1483/3570
f 6835/1881/3117 6836/1882/3544 6837/2273/3571
f 6838/1842/3572 6839/1781/2844 6840/1783/2879
f 6841/2274/3573 6842/2275/3574 6843/1226/3575
f 6843/1226/2041 6844/1242/1109 6845/2276/2655
f 6846/2277/2753 6847/490/3576 6848/1706/2765
f 6849/2278/3417 6850/2035/3197 6851/1810/3415
f 6852/2279/3577 6853/1496/2448 6854/1581/3578
f 6853/1496/2448 6852/2279/3577 6855/2056/3223
f 6856/2279/3577 6854/1581/3579 6857/1582/3580
f 6858/1857/3581 6856/2279/3577 6857/1582/3580
f 6859/2082/3257 6860/2280/3238 6861/2080/3582
f 6862/2281/3449 6863/2282/3583 6864/2283/3584
f 6865/2283/3585 6866/2284/3586 6862/2281/3587
f 6866/2284/3586 6867/2283/3588 6868/2101/3589
f 6869/2285/3590 6870/2286/3591 6871/2287/3592
f 6872/2252/3544 6873/2288/3464 6874/2253/3545
f 6875/1744/3593 6876/2289/3594 6877/2290/2358
f 6878/2291/3595 6879/1823/3596 6880/2088/3274
f 6881/2108/3304 6882/1879/3306 6883/2181/3597
f 6884/2292/3598 6885/1555/2540 6886/1474/1625
f 6887/2293/3541 6888/2294/2913 6889/2295/3599
f 6890/1526/2718 6891/1438/895 6892/1657/2694
f 6893/2296/3600 6894/2297/2516 6890/1526/2718
f 6895/2298/3601 6896/2299/2271 6897/1501/3602
f 6898/2000/3603 6899/1914/3157 6900/2300/3604
f 6901/2005/2265 6902/2159/2567 6903/2003/3162
f 6904/1556/1391 6905/1555/2540 6906/993/3605
f 6907/2301/3606 6908/2302/3607 6909/2303/2537
f 6910/1806/2906 6911/1602/2621 6912/1622/2645
f 6912/1622/2645 6913/1720/2203 6910/1806/2906
f 6914/2087/3608 6913/1720/2203 6915/2121/3609
f 6916/2121/3333 6917/2304/3610 6914/2087/3611
f 6910/1806/3266 6918/1719/2795 6919/1463/3267
f 6920/2305/3612 6910/1806/3613 6921/2085/3265
f 6922/2306/2913 6923/2307/3541 6924/2308/2919
f 6925/2109/3466 6926/1896/3031 6927/1776/3499
f 6928/2228/3503 6929/1650/2939 6930/1495/3614
f 6931/2021/3184 6932/2191/3441 6933/1681/2728
f 6934/994/1644 6935/2292/3598 6936/2309/3615
f 6937/2195/3616 6938/2196/3617 6939/2310/3618
f 6940/2243/3526 6941/2286/3591 6942/2311/3619
f 6943/2312/3385 6944/2243/3620 6945/2311/3554
f 6946/2270/3621 6947/2238/3622 6948/2268/3295
f 6949/2313/1909 6950/2314/3623 6951/1401/3624
f 6952/1794/2887 6953/2315/3625 6954/2316/3626
f 6955/2121/3333 6956/514/3627 6957/2122/3628
f 6958/1587/3629 6959/904/3630 6960/2317/3631
f 6961/2318/3632 6962/2319/3633 6963/2076/3180
f 6961/2318/3632 6964/2320/3634 6962/2319/3633
f 6965/2321/3635 6966/2255/2334 6967/2322/3636
f 6968/2323/3637 6969/2324/2651 6970/1643/1193
f 6971/1632/2664 6972/898/1499 6973/897/3638
f 6974/2325/3639 6975/2226/3501 6976/1896/3031
f 6977/2262/3559 6978/2264/3560 6979/2326/3640
f 6980/2089/3277 6981/2129/3515 6982/2116/3641
f 6983/1680/3642 6984/2006/3165 6985/1711/3643
f 6986/2050/3218 6987/1897/3032 6988/2327/3644
f 6989/1847/3645 6990/2246/3536 6991/2184/3430
f 6992/2328/3646 6993/2265/3647 6994/2267/3563
f 6995/2329/3648 6996/2328/2937 6997/1972/3649
f 6998/2265/3650 6999/2328/2109 6995/2329/3651
f 7000/2102/3652 7001/2117/3326 7002/2127/3475
f 7003/2020/1759 7004/2330/3653 7005/2021/3184
f 7006/1767/3654 7007/1823/3273 7008/2291/3595
f 7009/2308/2919 7010/2331/3655 7011/2170/3047
f 7012/1988/3293 7013/2191/3441 7014/1951/3094
f 7015/2332/3534 7016/1952/3095 7014/1951/3656
f 7017/2012/3657 7018/1291/2147 7019/1293/3658
f 7020/1325/2907 7021/2333/3659 7022/1749/2829
f 7023/2232/3660 7024/1911/2370 7025/1910/1157
f 7026/2288/3464 7027/2334/2713 7028/1620/3661
f 7029/2335/3662 7030/2094/3663 7031/2096/3336
f 7032/625/1102 7033/1155/1899 7034/1121/3664
f 7035/2336/3665 7036/1638/3666 7037/1805/2904
f 7038/1713/2781 7035/2336/3665 7037/1805/2904
f 7039/2337/3667 7040/2338/3668 7041/2339/3669
f 7042/1568/3264 7043/2340/3670 7044/2085/3265
f 7045/1646/3538 7046/2179/3423 7047/1966/3671
f 7048/2341/2742 7049/2342/1204 7050/2343/3672
f 7051/2344/3404 7052/2204/3453 7053/2345/3673
f 7054/2231/3674 7055/2287/3675 7056/2286/3591
f 7057/2267/3563 7058/2266/3562 7059/2214/3469
f 7060/2214/3469 7061/2346/3676 7062/1901/3677
f 7063/2127/3475 7064/2013/3192 7065/2102/3652
f 7066/2347/1879 7067/2348/2271 7068/2349/2942
f 7069/2350/3678 7070/2351/1910 7071/2352/3679
f 7072/1734/3680 7073/1221/2035 7074/2143/3374
f 7075/1206/2002 7076/2353/2807 7077/1999/3153
f 7078/2354/3513 7079/2280/3238 7080/2355/3681
f 7081/1419/3682 7082/1823/3273 7083/1767/3683
f 7084/2356/3684 7085/1273/3685 7086/2357/3686
f 7087/2222/3489 7088/2358/3687 7089/2281/3449
f 7090/2346/3688 7091/1899/3474 7092/1901/3689
f 7093/2359/3063 7094/2360/3553 7095/2361/3690
f 7096/2312/3385 7097/2311/3554 7098/2362/3386
f 7099/2243/3604 7096/2312/3385 7100/2363/3603
f 7101/2364/3691 7102/2365/3692 7103/2366/3693
f 7104/2040/3201 7105/2338/2079 7106/1890/3022
f 7107/2040/3694 7108/2339/3669 7109/2338/2079
f 7110/2088/3695 7111/2367/3696 7112/2291/3697
f 7113/2100/3698 7114/2230/3507 7115/2229/3699
f 7116/2230/3700 7117/2282/3701 7118/2368/3702
f 7119/2344/3404 7120/2345/3673 7121/2369/3703
f 7122/2268/3704 7123/2370/3226 7124/2269/3225
f 7125/2371/3705 7126/532/3706 7127/531/192
f 7128/2345/3673 7129/2081/3556 7130/2369/3703
f 7131/2193/3055 7132/2372/3043 7133/2196/3707
f 7134/2373/3708 7135/2374/3709 7136/2320/3634
f 7137/2329/3651 7138/2319/3710 7135/2374/3711
f 7139/2374/3709 7138/2319/3633 7140/2320/3634
f 7141/2375/3712 7142/2373/3713 7140/2320/3634
f 7143/2205/3454 7144/2344/3714 7145/2376/3240
f 7146/2344/3714 7147/2205/3454 7148/2204/3453
f 7149/1552/2598 7150/1590/2599 7151/2093/3282
f 7152/2339/3669 7153/2377/3715 7154/2337/3667
f 7155/2188/3716 7156/2378/3717 7157/2187/3433
f 7158/2379/2864 7159/2380/3718 7160/2317/2988
f 7161/2087/3272 7162/1718/3719 7163/1720/2907
f 7164/2381/3720 7165/2382/3721 7166/2383/3571
f 7167/2309/3615 7168/2247/3722 7169/994/1644
f 7170/2369/3703 7171/2081/3556 7172/2234/3723
f 7173/2310/3724 7172/2234/3512 7174/2195/3077
f 7175/2384/3725 7176/2385/3726 7177/1567/3091
f 7178/2101/3105 7179/2282/3701 7180/2100/3727
f 7180/2100/3296 7181/2282/3701 7182/2230/3700
f 7183/1956/3728 7184/2229/3729 7185/2231/3508
f 7186/2231/3730 7187/2286/3591 7188/1956/3731
f 7189/1899/2948 7190/1783/3732 7191/1782/3733
f 7192/1135/1697 7193/1516/2885 7194/1817/2920
f 7195/2386/3734 7196/2367/3696 7197/1870/3735
f 7198/2255/2334 7199/1937/2506 7200/2322/3636
f 7201/2282/3701 7202/2101/3589 7203/2283/3736
f 7204/1679/3737 7205/1680/3642 7206/1711/3377
f 7207/1797/2894 7208/2321/3635 7209/1819/2922
f 7210/2205/3454 7211/2376/3240 7212/2370/3226
f 7213/2268/3295 7210/2205/3738 7214/2370/3226
f 7215/2387/3739 7216/1750/3740 7217/1749/2829
f 7218/2187/3433 7219/1910/3741 7220/2186/3432
f 7221/2355/3681 7222/2388/3079 7223/2354/3742
f 7222/2388/3079 7221/2355/3681 7224/2389/3743
f 7225/1445/2385 7226/2213/3744 7227/1446/3745
f 7228/2111/3313 7229/2390/3746 7230/2110/3311
f 7231/2238/3747 7232/2270/3564 7233/2391/3748
f 7234/2287/3592 7235/2392/3749 7236/2285/3750
f 7237/1953/3468 7238/2214/3751 7239/1895/3188
f 7240/2310/3724 7241/2196/3752 7242/2372/3043
f 7243/1681/2728 7244/2191/3441 7245/1660/3440
f 7246/1987/3140 7244/2191/3753 7247/1988/3141
f 7248/1754/3200 7249/1395/3754 7250/2393/3755
f 7251/1397/3756 7252/2393/3757 7249/1395/3754
f 7253/2238/3747 7254/2391/3748 7255/2201/3758
f 7256/1567/3091 7257/1562/3759 7258/2384/3760
f 7259/2394/3761 7260/2395/3599 7261/2396/3762
f 7262/1783/3763 7263/2397/3764 7264/1842/2962
f 7265/1656/2692 7266/1794/2887 7267/2316/3626
f 7267/2316/3626 7268/1551/3765 7269/1656/3766
f 7270/2398/2235 7271/2324/2651 7272/2323/1532
f 7273/1306/2164 7274/1129/1846 7275/90/1847
f 7276/1412/2589 7277/1005/2776 7278/2006/3165
f 7279/1499/3767 7280/1501/2454 7281/2299/2271
f 7282/2010/3768 7283/1989/2869 7284/2008/3168
f 7285/2369/3369 7286/2234/3723 7287/2399/3365
f 7288/2286/3591 7289/2242/3528 7290/1956/3527
f 7291/1418/3769 7292/2400/3770 7293/2271/3771
f 7294/2271/3568 7295/1415/2343 7291/1418/3769
f 7296/1653/3772 7297/2186/3432 7298/1651/2689
f 7299/1235/2052 7300/2401/3766 7301/1633/2670
f 7302/2267/3563 7303/2214/3469 7304/1955/3098
f 7305/2243/3620 7306/2242/3528 7307/2286/3591
f 7308/1621/2644 7309/2253/3545 7310/2288/3773
f 7311/1806/3613 7312/2305/3774 7313/1602/3775
f 7314/2402/3776 7315/720/1243 7316/719/3777
f 7314/2402/3776 7316/719/3777 7317/2403/3778
f 7318/2329/3779 7319/2077/3780 7320/2319/3710
f 7321/1737/3495 7322/2219/3485 7323/2404/3781
f 7321/1737/2819 7324/2404/3782 7325/1738/2820
f 7325/1738/2820 7326/1695/3783 7327/1473/2418
f 7328/1237/2058 7329/1710/3147 7330/1238/2059
f 7331/2405/3784 7332/2165/3785 7333/1970/3786
f 7334/2396/2968 7335/2406/3787 7336/2394/3788
f 7337/1819/2922 7338/2321/3635 7339/2322/3636
f 7340/1649/3789 7341/2316/3626 7342/2315/3790
f 7343/2110/3311 7344/2181/3597 7345/1969/3427
f 7346/2367/3696 7347/2088/3695 7348/1870/3735
f 7349/1686/2738 7350/2012/3657 7351/1213/2661
f 7352/1618/2677 7353/2407/3791 7354/1621/2678
f 7355/2408/3792 7356/2409/1953 7357/1525/3793
f 7358/2181/3597 7359/2110/3311 7360/2108/3304
f 7361/2329/3779 7362/1972/3103 7363/2077/3254
f 7364/2410/1908 7365/2411/2570 7366/2412/1909
f 7367/1731/3794 7368/2413/2508 7369/2414/3795
f 7370/2415/2706 7371/2416/3796 7372/2263/2889
f 7373/2417/3797 7374/1476/3798 7375/1478/2426
f 7374/1476/3798 7373/2417/3797 7376/2061/3799
f 7377/2418/3800 7378/2360/3801 7379/2359/3063
f 7380/2419/3802 7381/2318/3632 7382/2076/3803
f 7383/1385/2296 7384/1384/3804 7385/2420/3805
f 7385/2420/3805 7386/2421/3806 7387/1385/2296
f 7388/2422/2942 7389/1673/3686 7390/1567/3091
f 7391/1590/2599 7392/2423/3593 7393/2092/3807
f 7394/2424/3808 7395/2333/3809 7396/1626/2653
f 7397/2264/3810 7398/2425/3811 7399/2326/3640
f 7400/2399/3365 7401/2234/3812 7402/2310/3724
f 7403/1592/3191 7404/2426/3813 7405/2427/2506
f 7406/1591/3814 7407/2428/3815 7408/1592/3191
f 7409/2429/3061 7410/2382/3721 7411/2381/3816
f 7412/2389/3817 7413/2430/3135 7414/2388/3079
f 7415/2314/3818 7416/2313/1909 7417/2431/3819
f 7418/748/1283 7419/1682/3820 7420/746/1282
f 7419/1682/3820 7421/2432/3821 7420/746/1282
f 7422/2112/3314 7423/1724/2964 7424/1723/2799
f 7425/2112/3314 7426/2433/3822 7423/1724/3823
f 7427/2309/3824 7428/2292/3825 7429/2434/3826
f 7430/1899/3474 7431/2435/3676 7432/2397/3764
f 7433/2436/3827 7434/2329/3779 7435/2374/3711
f 7435/2374/3828 7436/2373/3829 7437/2436/3827
f 7438/2437/3830 7439/2078/3039 7440/2077/3831
f 7441/2438/3397 7442/2376/3240 7443/2344/3832
f 7444/531/192 7445/598/1053 7446/2371/3833
f 7447/2312/3385 7448/2439/3802 7449/2363/3603
f 7450/1325/2796 7451/1749/2829 7452/1218/3060
f 7450/1325/2203 7453/1626/2653 7454/2333/3659
f 7455/2267/3834 7456/1972/3103 7457/2328/3835
f 7458/2440/3836 7459/1744/3837 7460/1743/3838
f 7461/1731/3794 7462/2441/2788 7463/1756/3839
f 7464/1731/3794 7465/2442/3840 7466/2441/3841
f 7467/2443/3792 7468/2254/3547 7469/1184/1953
f 7470/1956/3049 7471/1958/3072 7472/2229/3842
f 7473/2229/3699 7474/1958/3843 7475/2100/3698
f 7476/2333/3809 7477/2387/3844 7478/1749/2829
f 7479/2436/3845 7480/2373/3846 7481/2265/3647
f 7482/2329/3847 7483/2436/3848 7481/2265/3647
f 7484/1938/2052 7485/1451/3849 7486/2444/3850
f 7487/1896/3031 7488/2109/3851 7489/2325/3852
f 7490/2445/3853 7491/2226/3501 7492/2325/3639
f 7493/1970/3786 7494/2035/3854 7495/2446/3855
f 7496/2247/3722 7497/2309/3615 7498/2400/3856
f 7499/2292/3598 7500/1474/3857 7501/2240/3858
f 7502/2267/3834 7503/1955/3473 7504/1972/3103
f 7505/2076/3180 7506/2319/3859 7507/2077/3780
f 7508/1972/3860 7509/2437/3040 7507/2077/3254
f 7510/1621/2678 7511/2288/3773 7512/1620/3661
f 7513/2407/3861 7514/2253/3862 7510/1621/2678
f 7515/2447/3863 7516/1886/3014 7517/2448/3864
f 7518/513/1497 7519/2122/3628 7520/514/2932
f 7521/2121/3609 7522/1720/2933 7520/514/3865
f 7523/2390/3866 7524/2449/3867 7525/2110/3311
f 7526/2287/3868 7527/2231/3730 7528/2392/3869
f 7529/1837/3243 7530/2040/3201 7531/2068/3870
f 7532/2450/3871 7533/2204/3872 7534/2203/3873
f 7535/1460/3874 7536/1455/2225 7537/2451/3875
f 7538/2068/3244 7539/1889/3607 7540/2452/3282
f 7541/2291/3697 7542/2029/3876 7543/1767/3654
f 7544/2368/3877 7545/2392/3749 7546/2231/3508
f 7547/2331/3655 7548/2171/3878 7549/2170/3416
f 7550/2415/3879 7551/1695/2931 7552/2416/3796
f 7553/2425/3880 7554/2453/2636 7555/2326/3640
f 7556/2454/3881 7557/1978/3882 7558/1307/2274
f 7558/1307/3883 7559/2455/3884 7560/2454/3881
f 7561/2456/3676 7562/2457/3885 7563/2458/3764
f 7564/1579/3886 7565/1606/3887 7566/1162/1910
f 7567/2010/3768 7568/2459/3408 7569/2460/3876
f 7570/2389/3888 7567/2010/3768 7571/2461/3696
f 7572/1672/3889 7573/2462/2946 7574/2463/3890
f 7575/2455/3891 7576/1307/2274 7577/1340/2217
f 7578/2402/3892 7579/2279/3577 7580/1857/3581
f 7581/2397/3893 7582/1783/3894 7583/1899/3474
f 7584/2230/3895 7585/2368/3877 7586/2231/3508
f 7587/1805/2904 7588/1964/3896 7589/1357/2250
f 7590/1713/3287 7591/1812/3897 7592/2336/3898
f 7593/1005/3899 7594/1711/3643 7595/2006/3165
f 7596/2375/3712 7597/2320/3634 7598/2464/3900
f 7599/2360/3801 7600/2285/3901 7601/2465/3902
f 7600/2285/3901 7599/2360/3801 7602/2286/3591
f 7603/1649/2685 7604/1811/3903 7605/1512/2686
f 7606/1649/3789 7607/2466/3904 7604/1811/3903
f 7608/2226/3501 7609/2467/3905 7610/1897/3906
f 7611/2434/3826 7612/2292/3598 7613/2421/3806
f 7614/2429/3907 7615/2381/3908 7616/2263/3909
f 7617/2263/3909 7618/2468/3910 7614/2429/3911
f 7619/2469/1214 7620/2470/1943 7621/2471/3912
f 7622/1847/3913 7623/2433/3822 7624/2246/3536
f 7623/2433/3822 7622/1847/3913 7625/1724/3914
f 7626/2123/3915 7627/2472/3916 7628/2121/3917
f 7629/2317/3918 7630/904/3630 7631/1168/2377
f 7632/1587/3629 7629/2317/3631 7633/2473/3919
f 7634/1989/3920 7635/2389/3888 7636/2355/3921
f 7637/2010/3768 7638/2389/3888 7634/1989/3920
f 7639/2474/3922 7640/2222/3489 7641/1838/3923
f 7640/2222/3489 7642/2474/3922 7643/2475/3924
f 7644/2475/3924 7645/2358/3687 7640/2222/3489
f 7645/2358/3687 7646/2476/3925 7647/2282/3926
f 7648/2281/3927 7645/2358/3687 7647/2282/3926
f 7649/2081/3556 7650/2345/3928 7651/2477/3929
f 7652/2450/3871 7653/2477/3929 7654/2345/3928
f 7655/917/3539 7656/2247/3540 7657/915/1824
f 7658/1340/2217 7659/1337/1629 7660/2455/3884
f 7661/2010/3768 7662/2460/3876 7663/2461/3696
f 7664/2478/3930 7665/2390/3931 7666/2111/3932
f 7667/2393/3933 7668/1397/3756 7669/2479/3934
f 7670/980/1623 7671/1530/2505 7672/1529/2504
f 7673/2478/3930 7674/2111/3932 7675/1968/3935
f 7676/2355/3921 7677/1990/3406 7678/1989/3920
f 7679/1738/2820 7680/2416/3936 7681/1695/3783
f 7682/994/1644 7683/993/3605 7684/1555/3937
f 7685/2264/3938 7686/2381/3908 7687/2425/3880
f 7688/2346/3676 7689/2214/3469 7690/2480/3885
f 7691/2330/1841 7692/2481/3939 7693/2021/3184
f 7694/2218/3940 7695/2140/3941 7696/2482/3942
f 7697/2450/3943 7698/2345/3944 7699/2204/3872
f 7700/2483/3945 7701/1995/3147 7702/2484/3946
f 7703/1555/2540 7704/2292/3598 7705/994/1644
f 7706/2218/3940 7707/1741/3947 7708/2140/3941
f 7709/2468/3910 7710/2263/3909 7711/2416/3796
f 7712/1878/3003 7713/1389/3948 7714/716/1234
f 7715/1623/1950 7716/686/2681 7717/685/2647
f 7718/1968/3935 7719/2485/3949 7720/2478/3950
f 7721/2447/3863 7722/1493/3015 7723/1886/3951
f 7724/2327/3644 7725/1897/3952 7726/2467/3905
f 7727/2486/3953 7728/2097/3954 7729/2050/3955
f 7730/2480/3956 7731/2214/3469 7732/2266/3957
f 7733/2487/3958 7734/2337/3667 7735/2377/3959
f 7736/2390/3866 7737/2400/3770 7738/2449/3867
f 7738/2449/3867 7737/2400/3770 7739/2488/3960
f 7740/2165/3961 7741/2489/3962 7742/2485/3963
f 7740/2165/3961 7742/2485/3963 7743/1968/3935
f 7744/2218/3481 7745/2490/3121 7746/2133/3361
f 7747/2247/3540 7748/1418/3769 7749/915/1824
f 7750/2274/3964 7751/1891/3965 7752/1521/3966
f 7753/2491/3697 7754/2461/3967 7755/2460/3876
f 7756/2263/2889 7757/2381/3968 7758/2264/3938
f 7759/1635/2673 7760/1634/2672 7761/1812/3283
f 7762/1606/3887 7763/1469/2625 7764/1162/1910
f 7765/2305/3969 7766/1603/3970 7767/1602/2621
f 7768/2492/3971 7769/1603/3970 7765/2305/3969
f 7768/2492/3971 7770/2124/3972 7771/1603/3973
f 7772/2383/3543 7773/2493/3974 7774/2425/3811
f 7775/2218/3940 7776/2494/3975 7777/2490/3922
f 7778/2495/3382 7779/2496/3381 7780/2497/3976
f 7781/1238/2059 7782/1245/3977 7783/1236/3978
f 7784/2445/3979 7785/2325/3980 7786/2498/3981
f 7787/2445/3853 7788/2498/3981 7789/2421/3806
f 7789/2421/3806 7788/2498/3981 7790/2434/3826
f 7791/2383/3543 7792/2425/3880 7793/2381/3908
f 7794/1560/2074 7795/2499/3982 7796/562/1001
f 7797/1967/3983 7798/2500/3984 7799/588/1250
f 7800/2501/3985 7801/2040/3201 7802/1837/3243
f 7803/2502/3986 7804/2501/3987 7802/1837/3243
f 7805/1467/2413 7806/2502/3988 7802/1837/3243
f 7807/2503/3989 7808/2502/3988 7805/1467/2413
f 7809/1456/2516 7810/2504/3990 7811/1680/3991
f 7812/1609/2629 7813/1259/3992 7814/2505/3993
f 7815/2062/3994 7816/1495/3995 7817/1494/3236
f 7818/2506/3996 7819/2361/3997 7820/2360/3801
f 7821/1716/2789 7822/1715/3998 7823/2507/3999
f 7824/1521/2528 7825/1625/2790 7821/1716/4000
f 7824/1521/2528 7821/1716/4000 7826/2274/3964
f 7827/1421/4001 7828/1632/2664 7829/1444/2384
f 7830/2341/2742 7831/2343/4002 7832/2508/4003
f 7833/2509/4004 7834/2510/3340 7830/2341/4005
f 7831/2343/4002 7835/2511/4006 7836/2508/4003
f 7837/2331/4007 7838/2512/4008 7839/2171/3417
f 7840/2513/4009 7841/2203/3873 7842/2468/3910
f 7840/2513/4009 7843/2450/3871 7841/2203/3873
f 7844/2514/4010 7845/1428/4011 7846/1429/4012
f 7845/1428/4011 7844/2514/4010 7847/2515/4013
f 7848/1577/4014 7849/2516/4015 7850/2517/140
f 7850/2517/140 7851/779/4016 7848/1577/4014
f 7852/2517/4017 7853/672/1169 7851/779/4018
f 7853/672/1169 7852/2517/4017 7854/517/139
f 7855/2082/3257 7856/2081/4019 7857/2518/4020
f 7858/2519/4021 7859/2520/4022 7860/2521/4023
f 7858/2519/4024 7861/2378/4025 7862/2188/4026
f 7863/2509/4004 7864/2341/2742 7865/2508/4027
f 7866/2522/4028 7867/2523/3814 7868/2524/4029
f 7869/2449/4030 7870/2108/4031 7871/2110/3311
f 7872/2505/4032 7873/1369/3112 7874/2525/4033
f 7875/1259/3992 7873/1369/3112 7872/2505/4032
f 7876/1966/3671 7877/2525/4033 7873/1369/3112
f 7878/2526/4034 7879/2527/4035 7877/2525/4036
f 7880/2402/3892 7881/1857/2975 7882/720/1243
f 7883/2528/4037 7880/2402/3892 7884/2529/4038
f 7883/2528/4037 7885/2279/4039 7880/2402/3892
f 7886/2515/4013 7887/1362/2565 7888/1428/4011
f 7887/1362/2565 7886/2515/4013 7889/1363/2256
f 7890/1840/2702 7891/2474/3121 7892/1838/4040
f 7893/2465/4041 7894/2506/3996 7895/2360/4042
f 7896/2530/4043 7897/2082/4044 7898/2518/4020
f 7899/2280/4045 7896/2530/4046 7900/2355/4047
f 7901/2385/4048 7902/2531/4049 7903/1845/3015
f 7901/2385/4050 7904/2384/3725 7905/2531/4051
f 7906/1557/2541 7907/2271/3771 7908/2400/3770
f 7909/1245/4052 7910/2532/3982 7911/372/2074
f 7912/2533/4053 7913/2534/4054 7914/2108/4031
f 7915/2449/4055 7912/2533/4056 7916/2108/4031
f 7917/2109/3851 7913/2534/4057 7918/2325/4058
f 7919/2534/4054 7920/2109/3305 7914/2108/4059
f 7921/2535/4060 7922/2536/4061 7923/2537/4062
f 7924/2538/3725 7925/2539/2560 7926/2540/3715
f 7927/2094/4063 7928/2335/4064 7929/2541/4065
f 7930/2082/3257 7931/2530/4046 7932/2280/4045
f 7933/2034/4066 7934/2542/4067 7935/2159/4068
f 7936/2121/3333 7937/2472/4069 7938/2304/3610
f 7939/2530/4070 7940/2219/3496 7941/1990/3406
f 7941/1990/3406 7942/2355/3921 7943/2530/4070
f 7944/980/1623 7945/1605/4071 7946/1530/2505
f 7947/2543/4072 7948/1744/3593 7949/2440/3836
f 7950/2544/4073 7951/2543/4072 7952/2440/3836
f 7953/2545/4074 7954/2305/3612 7955/2085/3265
f 7956/2126/4075 7957/2546/4076 7958/486/987
f 7959/2420/4077 7960/1818/4078 7961/2445/4079
f 7959/2420/4077 7961/2445/4079 7962/2421/4080
f 7963/2445/3853 7960/1818/4078 7964/2226/3501
f 7965/2420/4081 7966/1384/3804 7960/1818/2921
f 7967/777/4082 7968/2547/4083 7969/1017/1676
f 7970/2542/4084 7971/1446/3745 7972/2213/3744
f 7973/2433/4085 7974/2160/3403 7975/2548/4086
f 7973/2433/3822 7976/2112/3314 7977/2160/3403
f 7978/2549/4087 7979/2550/4088 7980/2551/4089
f 7981/1531/4090 7980/2551/4091 7982/2296/3600
f 7982/2296/4092 7983/1526/2718 7984/1531/2506
f 7980/2551/4091 7985/1531/4090 7986/1530/4093
f 7987/1526/2496 7988/1657/2694 7985/1531/2506
f 7989/2292/3598 7990/2240/4094 7991/2421/4080
f 7992/2465/3902 7993/2285/3901 7994/2552/4095
f 7995/2140/3371 7996/2004/3163 7997/2482/3942
f 7998/2375/3690 7999/2553/4096 8000/2373/3708
f 8001/2293/4097 8002/2295/3211 8003/2554/4098
f 8004/1649/4099 8005/2315/3790 8006/2466/4100
f 8007/2555/4101 8008/1738/2820 8009/2404/4102
f 8010/1500/2453 8011/2556/3623 8012/2557/4103
f 8013/2558/4104 8014/2524/4105 8015/2559/3814
f 8016/2560/3403 8017/1842/4106 8018/2397/4107
f 8019/2421/4080 8020/2240/3858 8021/1385/2296
f 8022/1569/2574 8023/2561/4108 8024/1454/4109
f 8025/1568/3264 8026/1672/4110 8027/2340/4111
f 8028/2340/3670 8026/1672/3889 8029/2463/3890
f 8030/2562/4112 8028/2340/3670 8031/2463/4113
f 8032/2563/3373 8033/2237/4114 8034/2012/4115
f 8035/2564/4116 8036/2565/4117 8037/2566/4118
f 8038/2186/4119 8039/2519/4024 8040/2188/4026
f 8041/2309/3615 8042/2488/3960 8043/2400/3856
f 8044/2478/4120 8045/1558/4121 8046/1557/2541
f 8047/2390/3931 8048/2478/4120 8046/1557/2541
f 8049/2567/4122 8050/2568/4123 8051/2569/3955
f 8052/2569/3955 8053/2568/4123 8054/2570/4124
f 8055/2247/3540 8056/2400/3856 8057/1418/3769
f 8058/2390/3866 8059/1557/2541 8056/2400/3770
f 8060/2571/1879 8061/2572/4125 8062/2573/3939
f 8063/2574/3503 8064/2378/4025 8065/2575/1318
f 8066/2148/4126 8067/2576/4127 8068/2146/4128
f 8066/2148/3382 8069/2146/4128 8070/2147/3383
f 8071/2534/4054 8072/2498/4129 8073/2325/4058
f 8074/1572/2570 8075/1558/2542 8076/2478/3950
f 8077/2081/3256 8078/2477/3929 8079/2518/4130
f 8080/2577/4131 8081/2578/4132 8082/2579/4133
f 8083/2513/4134 8084/2416/3936 8085/2555/4101
f 8086/2580/4135 8087/2581/2664 8088/2472/3916
f 8089/1818/4078 8090/1817/4136 8091/2226/4137
f 8092/2582/1320 8093/2004/4138 8094/2003/4139
f 8095/2159/4140 8092/2582/1319 8096/2003/4141
f 8097/2583/4142 8098/2541/4065 8099/2335/4064
f 8100/2265/4143 8101/2584/4144 8102/2585/4145
f 8103/2586/2653 8104/2237/4146 8105/2563/3373
f 8106/2587/4147 8107/2492/4148 8108/2545/4149
f 8109/2588/4150 8110/2274/4151 8111/1716/4000
f 8112/1227/4152 8113/1226/4153 8114/2275/4154
f 8115/2226/4155 8116/1817/2920 8117/1516/2885
f 8118/2392/4156 8119/2552/4095 8120/2285/3590
f 8121/2521/4157 8122/2378/4158 8123/2519/4024
f 8124/1638/4159 8125/1812/3897 8126/1814/1368
f 8127/2589/2965 8128/2341/2742 8129/2510/4160
f 8130/2007/4161 8131/1680/3642 8132/2590/4162
f 8133/2395/3211 8134/2394/3761 8135/2591/4163
f 8136/2592/4164 8137/2392/4156 8138/2368/4165
f 8139/2564/4166 8140/1638/4159 8141/2565/4117
f 8142/2265/3561 8143/2480/4167 8144/2266/3957
f 8145/2373/4168 8146/2584/4144 8147/2265/3647
f 8148/2584/4144 8149/2373/3708 8150/2593/4169
f 8151/1609/2629 8152/2594/4170 8153/1610/2630
f 8154/2595/4125 8155/2447/4171 8156/2448/4172
f 8157/2404/3782 8158/2219/4173 8159/2530/4046
f 8160/2596/4174 8161/1453/2395 8162/1964/4175
f 8163/2597/4176 8161/1453/4177 8164/2596/4178
f 8165/2598/3718 8166/1630/2864 8167/1461/4179
f 8168/2403/4180 8169/719/1242 8170/929/4181
f 8170/929/4181 8169/719/1242 8171/930/2440
f 8172/2599/4182 8173/1682/2730 8174/1683/2732
f 8173/1682/2730 8172/2599/4182 8175/2600/4183
f 8176/2536/4061 8177/2599/4184 8174/1683/4185
f 8178/2282/4186 8179/2476/4187 8180/2368/4188
f 8181/2601/4189 8182/2602/4190 8183/2179/4191
f 8184/1878/4192 8185/2141/3373 8186/1389/4193
f 8187/2603/4194 8188/2141/4195 8184/1878/4196
f 8189/1686/3002 8190/2604/3373 8191/2012/4115
f 8192/1829/4197 8193/2146/4128 8194/2605/3890
f 8195/2513/4198 8196/2468/3458 8197/2416/3936
f 8198/2007/3166 8199/2006/3165 8200/1680/3642
f 8201/2606/4199 8202/2607/4097 8203/2608/4200
f 8204/2506/3996 8205/2609/4096 8206/2361/3997
f 8207/2610/3693 8208/1343/3692 8209/2611/4201
f 8210/2612/1879 8211/2481/4202 8212/2330/1841
f 8213/2542/4067 8214/2034/2632 8215/1446/4203
f 8216/2613/4204 8217/2159/4068 8213/2542/4205
f 8218/1342/2923 8219/2611/4201 8220/1343/3692
f 8221/2614/3854 8222/2615/4206 8223/2616/4207
f 8224/2276/4208 8225/1891/1188 8226/2274/3573
f 8227/1525/3793 8228/2617/4209 8229/2408/4210
f 8230/2478/3950 8231/2485/3949 8232/1572/2570
f 8233/2555/4101 8234/2416/3936 8235/1738/2820
f 8236/2450/4211 8233/2555/4101 8237/2477/3929
f 8238/2618/4212 8239/2492/4148 8240/2619/4213
f 8241/2545/4074 8239/2492/3971 8242/2305/3969
f 8243/2483/3945 8244/2484/4214 8245/2620/4215
f 8246/2316/3626 8247/1649/3789 8248/1551/4216
f 8249/1525/3793 8250/1261/2494 8251/2617/4217
f 8252/2509/4218 8253/2621/3341 8254/2510/3340
f 8255/2622/4219 8256/2623/3813 8257/2624/3815
f 8258/1226/4153 8259/2276/4208 8260/2274/3573
f 8261/2482/4220 8262/2004/3163 8263/2625/4221
f 8264/2626/2885 8265/2627/4222 8266/2628/3501
f 8267/2395/3599 8268/2591/4163 8269/2629/4223
f 8270/1721/4224 8271/2630/4225 8272/2186/3434
f 8272/2186/3434 8273/1653/3772 8270/1721/4224
f 8274/1827/4226 8275/2630/4225 8270/1721/2798
f 8276/1827/2416 8277/2631/4227 8275/2630/4228
f 8278/1579/2577 8279/1749/2829 8280/1606/3887
f 8281/1218/3060 8279/1749/2829 8278/1579/2577
f 8282/2404/4229 8283/2530/4230 8284/2518/4020
f 8285/2335/4064 8286/2632/4231 8287/2583/4232
f 8288/2622/4219 8289/1819/4233 8290/2322/4234
f 8291/2246/4235 8292/2433/4085 8293/2633/4236
f 8294/2615/4237 8295/2634/3417 8296/2635/4238
f 8297/2548/4086 8298/2160/3403 8299/2458/4107
f 8300/1455/2225 8301/2561/4108 8302/2451/4239
f 8303/1569/4240 8304/2636/4241 8305/2637/4242
f 8306/2638/4199 8307/2512/4008 8308/2331/4007
f 8309/2548/4086 8310/2633/4243 8311/2433/4085
f 8312/2440/4131 8313/2299/2271 8314/2298/3601
f 8315/2639/4244 8316/2640/3998 8317/2641/3840
f 8318/1569/4240 8319/2637/4242 8320/2561/4108
f 8321/2218/3940 8322/2482/4220 8323/2494/3975
f 8324/926/4245 8325/746/4246 8326/2432/3821
f 8325/746/4246 8324/926/4245 8327/925/2089
f 8328/2576/4127 8329/2593/4247 8330/2146/4128
f 8331/2178/3537 8332/2246/4235 8333/2633/4236
f 8334/2333/3809 8335/2424/4248 8336/2642/4249
f 8334/2333/3809 8337/2642/4250 8338/2387/4251
f 8339/2643/3903 8340/2644/4252 8341/2414/3840
f 8342/2645/4253 8343/2146/4128 8344/2593/4247
f 8345/2646/4008 8346/2635/4238 8347/2634/3417
f 8348/2392/4156 8349/2592/4254 8350/2552/4255
f 8351/2492/4148 8350/2552/4095 8352/2647/4256
f 8353/2592/4257 8352/2647/4256 8350/2552/4095
f 8354/2476/4258 8352/2647/4256 8353/2592/4257
f 8355/2368/4165 8354/2476/4187 8356/2592/4254
f 8357/2494/4259 8358/2648/4260 8359/2649/4261
f 8360/2450/4211 8361/2513/4198 8362/2555/4262
f 8363/2343/4002 8364/2650/4263 8365/2511/4006
f 8366/2492/4148 8367/2587/4147 8368/2552/4095
f 8369/2651/4264 8370/2652/4265 8371/2653/4266
f 8372/2654/4267 8373/2497/3976 8374/2496/3381
f 8375/2655/4268 8376/2656/4269 8372/2654/4270
f 8377/2548/4086 8378/2458/4107 8379/2457/4271
f 8380/2657/3708 8381/2609/4096 8382/2658/4247
f 8383/2506/4272 8384/2465/4273 8385/2609/4096
f 8386/2659/4274 8387/1632/4275 8388/1421/4001
f 8388/1421/4001 8389/588/4276 8390/2659/4277
f 8391/2625/4221 8392/2494/3975 8393/2482/4220
f 8394/2525/4033 8395/1966/3671 8396/2602/4190
f 8397/2601/4189 8398/2178/3537 8399/2633/4236
f 8400/2404/4229 8401/2477/4278 8402/2555/4279
f 8400/2404/4229 8403/2518/4130 8401/2477/4278
f 8404/2653/4266 8405/2652/4265 8406/2660/4280
f 8407/2661/4281 8408/2611/4201 8409/1342/2923
f 8410/2322/4234 8411/2623/3813 8412/2622/4219
f 8413/1805/2904 8414/1638/4159 8415/2564/4116
f 8413/1805/4282 8416/2564/4283 8417/1964/3896
f 8418/2565/4117 8414/1638/4159 8419/1637/2107
f 8420/2179/4191 8421/2178/4284 8422/2601/4189
f 8423/2488/4285 8424/2533/4053 8425/2449/4055
f 8426/2599/4286 8427/2536/4061 8428/2535/4287
f 8429/2494/4259 8430/2649/4261 8431/2662/4288
f 8432/2576/4127 8433/2584/4144 8434/2593/4247
f 8435/1627/1771 8436/2663/4289 8437/1542/1514
f 8438/2664/2503 8439/2665/2630 8440/2666/4290
f 8441/2394/3761 8442/2406/3787 8443/2570/4124
f 8444/2623/3813 8445/2322/4291 8446/1937/2506
f 8447/1500/1788 8448/2557/4103 8449/1501/2454
f 8450/2561/4292 8451/1455/2397 8452/1454/4293
f 8453/2545/4294 8454/2562/4295 8455/2587/4147
f 8456/1461/4179 8457/2086/4296 8458/2598/3718
f 8459/2275/3574 8460/1828/2945 8461/1227/4152
f 8462/2667/4297 8463/2668/3245 8464/2669/4298
f 8465/2534/4299 8466/2434/4300 8467/2498/4301
f 8468/2490/3922 8469/2494/4259 8470/2662/4288
f 8471/2062/4302 8472/2670/4303 8473/2228/2983
f 8471/2062/4302 8473/2228/2983 8474/1495/2447
f 8475/2265/3647 8476/2585/4145 8477/2480/4271
f 8476/2585/4145 8478/2671/4304 8479/2672/4305
f 8480/1878/4192 8481/2451/4239 8482/2189/4306
f 8483/2279/4039 8484/2536/4061 8485/2056/4307
f 8486/1683/2732 8485/2056/4307 8484/2536/4061
f 8487/2085/4308 8488/2340/4309 8489/2562/4112
f 8490/2331/4007 8491/2307/3541 8492/2638/4310
f 8493/2673/4311 8494/2627/4312 8495/2674/4313
f 8496/2548/4086 8497/2457/4271 8498/2675/4314
f 8499/2676/4315 8500/2675/4316 8497/2457/3885
f 8501/2476/4317 8502/2677/4318 8503/2647/4319
f 8504/2358/4320 8502/2677/4318 8501/2476/4317
f 8505/2584/4144 8506/2576/4321 8507/2671/4304
f 8508/2678/4322 8509/2615/4237 8510/2635/4323
f 8511/2614/3854 8512/2634/4324 8509/2615/4206
f 8513/2570/4325 8514/2679/4326 8515/2394/3788
f 8516/2597/4176 8517/2680/2691 8518/1453/4177
f 8519/2681/4327 8520/2682/3715 8521/2683/4051
f 8522/2595/4328 8523/2448/4329 8524/2684/4330
f 8525/2685/4331 8526/2159/4140 8527/2613/4204
f 8528/1587/3629 8529/2371/4332 8530/598/1053
f 8531/2686/4333 8532/2529/4038 8533/2402/3776
f 8531/2686/4333 8533/2402/3776 8534/2403/4334
f 8535/1517/2995 8536/2272/155 8537/2687/142
f 8536/2272/155 8535/1517/2995 8538/1193/4335
f 8539/2688/4336 8540/2480/4271 8541/2585/4145
f 8542/2558/3140 8543/2689/3292 8544/2690/4337
f 8545/1819/4233 8546/2691/4219 8547/2661/4338
f 8548/2692/3245 8549/2693/4297 8550/2694/2683
f 8551/2536/4061 8552/2279/4039 8553/2537/4062
f 8553/2537/4062 8552/2279/4039 8554/2528/4037
f 8555/1878/4339 8556/1460/2405 8557/2451/4239
f 8558/2695/4340 8559/2696/4299 8560/2697/4341
f 8561/2124/4342 8562/2492/4148 8563/2618/4212
f 8564/2698/3244 8565/2669/4298 8566/2668/4343
f 8567/2699/3615 8568/2700/4344 8569/2701/3960
f 8570/1999/4345 8571/2448/4329 8572/1886/3014
f 8573/2702/4022 8574/2703/4346 8575/2704/4347
f 8576/2600/4183 8577/2705/4348 8578/1682/4349
f 8577/2705/4348 8579/2432/4350 8578/1682/4349
f 8580/2576/4127 8581/2148/4126 8582/2706/4351
f 8583/2602/4190 8584/1966/4352 8585/2179/4353
f 8586/2085/3265 8587/2562/4112 8588/2545/4294
f 8589/2380/3718 8590/2473/4354 8591/2317/3918
f 8592/2524/4105 8593/2558/3140 8594/2690/4355
f 8595/2707/4356 8596/2708/4357 8597/2709/3693
f 8598/2585/4145 8599/2584/4358 8600/2671/4304
f 8601/1845/3015 8602/2531/4051 8603/2143/4359
f 8604/2656/4269 8605/2497/4360 8606/2654/4270
f 8607/2655/4361 8608/2710/4362 8604/2656/4269
f 8609/2494/3975 8610/2625/4363 8611/2711/4364
f 8612/2096/3336 8613/2632/4231 8614/2335/3662
f 8615/2712/4365 8616/1632/4275 8617/2659/4366
f 8618/2713/4367 8619/2714/4368 8620/2715/2721
f 8621/2669/4298 8622/2698/3870 8623/2716/4369
f 8624/2717/4194 8625/2424/4370 8626/2718/3373
f 8627/2465/4273 8628/2587/4147 8629/2609/4096
f 8630/2465/4273 8631/2552/4095 8632/2587/4147
f 8633/1819/4233 8634/2661/4281 8635/1342/2923
f 8636/2492/4148 8637/2647/4256 8638/2619/4213
f 8639/1609/4371 8640/2505/3993 8641/2594/4170
f 8642/2633/4243 8643/2676/4372 8644/2601/4373
f 8642/2633/4243 8645/2548/4086 8643/2676/4372
f 8646/2500/3984 8647/2659/4277 8648/588/1250
f 8649/2614/4374 8650/2616/4207 8651/2719/3784
f 8651/2719/3784 8652/2616/4375 8653/2651/4376
f 8654/2678/4377 8652/2616/4378 8655/2615/4206
f 8656/1812/3897 8657/1638/2679 8658/2336/3665
f 8659/2720/4127 8660/2721/4351 8661/2722/4379
f 8662/2700/4344 8663/2699/4380 8664/2723/4299
f 8665/2296/3600 8666/2551/4381 8667/2550/4382
f 8668/2004/4138 8669/2582/1320 8670/2625/4221
f 8671/2724/4383 8669/2582/1315 8672/2685/4331
f 8673/2159/4068 8674/2685/4331 8669/2582/1320
f 8675/2725/4384 8676/2677/4385 8677/2726/4386
f 8678/2570/4124 8679/2568/4387 8680/2727/4388
f 8681/2728/4389 8682/2729/4390 8683/2730/4391
f 8684/2731/4392 8685/2664/2503 8686/2666/4290
f 8687/1261/4393 8688/2664/2503 8684/2731/4394
f 8689/2732/4395 8690/2733/2721 8691/2730/4391
f 8692/2567/4396 8693/2734/4397 8694/2568/4398
f 8695/2647/4399 8696/2725/4400 8697/2619/4401
f 8698/2679/4326 8699/2570/4124 8700/2727/4402
f 8701/2735/4403 8702/2736/3074 8703/2737/4404
f 8704/2711/4405 8705/2648/4260 8706/2494/4259
f 8707/2298/4132 8708/1501/3602 8709/2557/4406
f 8710/2146/4128 8711/2645/4407 8712/2605/4113
f 8713/2594/4408 8714/2738/4290 8715/1610/2630
f 8716/2601/4373 8717/2676/4315 8718/2739/4409
f 8719/2740/4410 8720/2741/2807 8721/2742/4411
f 8722/2040/3201 8723/2501/4412 8724/2339/3669
f 8725/2550/4382 8726/2743/4413 8727/2296/3600
f 8728/2743/4414 8729/2744/3991 8727/2296/3600
f 8730/2745/4415 8731/2746/4416 8732/2747/4417
f 8733/2187/4418 8734/2574/3503 8735/2233/2748
f 8736/2497/4419 8737/2721/4351 8738/2495/4126
f 8739/2748/4420 8740/2749/4421 8741/2529/4422
f 8739/2748/4420 8741/2529/4422 8742/2686/4333
f 8743/2497/4419 8744/2750/4423 8745/2721/4351
f 8746/2620/4215 8747/2484/4424 8748/2751/4425
f 8749/2653/3961 8750/2719/3784 8751/2651/4376
f 8752/2732/4395 8753/2730/4391 8754/2729/4390
f 8755/2021/3184 8756/2752/4426 8757/2191/3753
f 8758/2753/1368 8759/1639/2106 8760/1638/2679
f 8761/2748/4427 8762/2754/4010 8763/2749/4421
f 8762/2754/4010 8761/2748/4427 8764/2755/4428
f 8765/2613/4204 8766/2542/4205 8767/2756/4429
f 8768/2757/4430 8769/2454/3881 8770/2455/4431
f 8769/2454/3881 8768/2757/4430 8771/2758/4432
f 8772/2759/4433 8773/2683/4434 8774/2760/4435
f 8775/2638/4199 8776/2761/4436 8777/2512/4437
f 8778/2762/4396 8779/2763/4438 8780/2764/4439
f 8781/2600/4183 8782/2757/4440 8783/2705/4348
f 8782/2757/4440 8781/2600/4183 8784/2758/4441
f 8785/2765/4442 8786/2766/4443 8787/2767/4444
f 8788/2646/4437 8789/2768/4445 8790/2635/4238
f 8791/2643/3903 8792/2414/3840 8793/2413/2508
f 8794/2213/3744 8795/2769/4446 8796/2770/4447
f 8797/2542/4448 8798/2213/3744 8796/2770/4449
f 8799/2710/4362 8800/2771/4450 8801/2408/4210
f 8802/2562/4112 8803/2463/4113 8804/2772/4407
f 8805/2594/4451 8806/2505/3993 8807/2527/4035
f 8808/2773/4452 8809/2774/4445 8810/2775/4437
f 8811/2776/4453 8812/2777/4454 8813/2778/4455
f 8814/2714/4368 8815/2713/4367 8816/2777/4456
f 8817/2626/2885 8818/2709/3693 8819/2627/4312
f 8820/2213/3744 8821/2212/4457 8822/2769/4458
f 8823/2709/3693 8824/2674/4313 8825/2627/4312
f 8826/2713/4459 8827/2715/2836 8828/2732/4395
f 8829/2191/3753 8830/2752/4426 8831/1951/3094
f 8832/2779/4370 8833/2780/2653 8834/2781/4195
f 8835/2746/4416 8836/2782/3818 8837/2747/4417
f 8836/2782/4460 8838/2783/2570 8839/2747/4417
f 8840/2784/4329 8841/2785/4461 8842/2742/4411
f 8843/2677/4318 8844/2725/4400 8845/2647/4399
f 8846/2786/4462 8847/2591/4463 8848/2394/3761
f 8849/2739/4409 8850/2676/4315 8851/2787/4464
f 8852/2609/4096 8853/2587/4465 8854/2562/4112
f 8855/2772/4407 8856/2658/4466 8852/2609/4096
f 8857/1433/4467 8858/1432/4468 8859/2788/2115
f 8860/2789/4469 8861/2790/4470 8862/2791/4223
f 8863/2792/4471 8864/2793/4472 8865/2507/4473
f 8866/1605/4474 8867/2069/3247 8868/2794/4475
f 8869/2625/4363 8870/2582/1315 8871/2724/4476
f 8872/2795/4477 8873/2630/4478 8874/2631/2627
f 8875/2574/3503 8876/2187/3433 8877/2378/4025
f 8878/2507/3999 8879/2588/4150 8880/1716/4000
f 8881/2275/4479 8879/2588/4150 8878/2507/3999
f 8882/2739/4409 8883/2796/4480 8884/2797/4481
f 8885/2679/4326 8886/2786/4462 8887/2394/3788
f 8888/2798/4482 8889/2741/2807 8890/2799/4483
f 8891/2800/4484 8892/2466/4485 8893/2507/4473
f 8894/2801/4486 8895/2642/4250 8896/2717/4487
f 8897/2791/4223 8898/2790/4470 8899/2802/4488
f 8900/1951/3656 8901/2752/4426 8902/2332/3534
f 8903/2609/4096 8904/2562/4112 8905/2772/4407
f 8906/2729/4390 8907/2713/4489 8908/2732/4395
f 8909/2502/4490 8910/2503/4491 8911/2803/4492
f 8912/2501/4412 8913/2502/4490 8914/2803/4493
f 8915/2796/4494 8916/2804/4495 8917/2805/4496
f 8918/2776/4497 8919/2806/4498 8920/2807/4499
f 8921/2808/3680 8922/2760/4500 8923/2809/4491
f 8924/2810/4354 8925/2598/3718 8926/2086/4296
f 8927/2767/4501 8928/2667/4502 8929/2765/4442
f 8930/2794/4475 8931/2551/4503 8932/1530/4504
f 8933/2811/4495 8934/2720/4321 8935/2722/4505
f 8936/2812/4506 8937/2813/4507 8938/2814/4508
f 8939/2815/4509 8940/2816/4510 8941/2817/4511
f 8942/2466/4485 8943/2818/4512 8944/2507/4473
f 8945/2819/4513 8946/2820/4514 8947/2190/3437
f 8948/2710/4362 8949/2408/4515 8950/2821/4516
f 8948/2710/4362 8951/2655/4268 8952/2822/4517
f 8948/2710/4362 8953/2822/4517 8954/2771/4518
f 8955/2739/4409 8956/2797/4481 8957/2601/4373
f 8958/2796/4494 8959/2739/4519 8960/2804/4495
f 8961/1305/946 8962/2823/4520 8963/1306/4521
f 8964/2790/4522 8965/2824/4523 8966/2802/4488
f 8967/2603/4487 8968/2190/3437 8969/2825/4486
f 8970/2826/4524 8971/2617/4217 8972/2827/4525
f 8973/2617/4217 8974/1261/4393 8972/2827/4525
f 8975/2828/4215 8976/2829/3982 8977/2830/4526
f 8978/2742/4330 8979/2741/4527 8980/2798/4528
f 8981/2652/4265 8982/2831/4529 8983/2660/4530
f 8984/2766/4443 8985/2765/4531 8986/2832/4532
f 8987/2800/4252 8988/2507/3999 8989/1715/3998
f 8990/2564/4533 8991/2596/4534 8992/1964/3896
f 8993/2603/4487 8994/1878/4339 8995/2190/3437
f 8996/2802/4488 8997/2824/4535 8998/2773/4452
f 8999/2833/4536 9000/2618/4212 9001/2619/4213
f 9002/2527/4035 9003/2505/3993 9004/2525/4036
f 9005/2669/4298 9006/2716/3282 9007/2834/4537
f 9008/2466/4485 9009/2315/3790 9010/2818/4512
f 9011/2509/4004 9012/2508/4027 9013/2835/4538
f 9014/2836/4539 9015/2790/4470 9016/2789/4463
f 9017/2807/4499 9018/2522/3815 9019/2776/4540
f 9020/2806/4541 9019/2776/4453 9021/2778/4455
f 9022/2837/4542 9023/2838/4543 9024/2839/4544
f 9025/2572/4328 9026/2742/4330 9027/2573/4545
f 9028/2840/4546 9029/2632/4342 9030/2841/4547
f 9031/2484/4214 9032/1995/3147 9033/2007/4548
f 9034/2842/4549 9035/2843/4550 9036/2844/4551
f 9037/2767/4552 9038/2845/4553 9039/2667/4502
f 9040/2846/4250 9041/2847/3808 9042/2848/4487
f 9043/2777/4554 9044/2849/4555 9045/2778/4455
f 9045/2778/4455 9046/2849/4555 9047/2850/4556
f 9048/2798/4482 9049/2799/3534 9050/2851/4426
f 9051/2845/4557 9052/2728/4558 9053/2667/3934
f 9054/2840/4559 9055/2852/4560 9056/2583/4561
f 9056/2583/4562 9057/2650/4263 9058/2541/4563
f 9059/2557/4406 9060/2831/4416 9061/2298/4132
f 9062/2831/4529 9063/2817/4564 9061/2298/4132
f 9064/2690/4355 9065/2689/4565 9066/2777/4554
f 9067/2853/4486 9068/2854/4566 9069/2855/4567
f 9070/2856/4514 9071/2857/4513 9072/2858/4568
f 9073/2859/4493 9074/2809/2812 9075/2760/4569
f 9076/2508/4027 9077/2511/4570 9078/2835/4538
f 9079/2678/4377 9080/2651/4376 9081/2616/4378
f 9082/2473/4354 9083/2371/3833 9084/1587/3629
f 9085/2860/4571 9086/2861/4238 9087/2774/4572
f 9088/2862/4494 9089/2722/4505 9090/2750/4423
f 9091/2863/4573 9092/2864/4574 9093/2865/4338
f 9094/2866/4574 9095/2611/4201 9096/2661/4575
f 9097/2836/4576 9098/2812/4506 9099/2790/4522
f 9100/2679/4577 9101/2727/4388 9102/2867/4578
f 9103/2790/4522 9104/2868/4579 9105/2824/4580
f 9106/2782/3623 9107/2746/4529 9108/2869/4581
f 9109/2870/4439 9110/2674/4313 9111/2708/4357
f 9112/2793/4582 9113/2275/4479 9114/2507/3999
f 9115/2825/4486 9116/2190/4583 9117/2820/4514
f 9118/2828/4584 9119/2830/4526 9120/2871/4585
f 9121/2872/4586 9122/2766/4587 9123/2873/4588
f 9124/2874/4589 9125/2875/2107 9126/2876/4590
f 9127/2803/4591 9128/2339/3669 9129/2501/3987
f 9130/2877/4592 9131/2685/4331 9132/2613/4593
f 9132/2613/4593 9133/2756/4429 9130/2877/4592
f 9134/2619/4594 9135/2725/4595 9136/2833/4596
f 9137/2790/4522 9138/2812/4597 9139/2868/4598
f 9140/2774/4599 9141/2773/4600 9142/2878/4601
f 9143/2860/4571 9140/2774/4599 9142/2878/4601
f 9144/2879/4602 9145/2880/4603 9146/2069/4604
f 9147/2845/4557 9148/2729/4390 9149/2728/4605
f 9150/2881/4606 9151/2882/2959 9152/2883/4347
f 9153/2403/4180 9154/2884/4607 9155/2686/4333
f 9154/2884/4607 9153/2403/4180 9156/929/4608
f 9154/2884/4607 9156/929/4608 9157/932/1553
f 9154/2884/4607 9157/932/1553 9158/2885/4609
f 9159/2724/4383 9160/2711/4610 9161/2625/4363
f 9162/2212/4076 9163/2886/4611 9164/2769/4612
f 9165/2526/4034 9166/2525/4036 9167/2602/4190
f 9168/2674/4313 9169/2709/3693 9170/2708/4613
f 9171/2776/4540 9172/2690/4355 9173/2777/4554
f 9174/2689/3185 9175/2714/3186 9173/2777/4454
f 9176/2850/4614 9177/2887/4615 9178/2806/4543
f 9179/2808/2811 9180/2759/4433 9181/2760/4500
f 9181/2760/4569 9182/2683/4051 9183/2682/3959
f 9184/2760/4569 9183/2682/3715 9185/2888/3669
f 9186/2859/4493 9184/2760/4500 9187/2888/3669
f 9188/2889/4123 9189/2890/4616 9190/2891/4617
f 9191/2892/4618 9192/2893/4574 9193/2894/4619
f 9194/2895/4618 9195/2890/4619 9196/2889/4387
f 9197/2815/4509 9198/2652/4265 9199/2651/4376
f 9200/2824/4620 9201/2896/4621 9202/2878/4622
f 9203/2897/4623 9204/2566/4624 9205/2898/4625
f 9206/2751/4425 9207/2484/4214 9208/2007/3166
f 9209/2581/4626 9210/2899/4365 9211/2472/4627
f 9212/2900/4628 9213/562/1001 9214/2499/4629
f 9215/2896/4621 9216/2824/4620 9217/2868/4579
f 9218/2602/4630 9219/2601/4373 9220/2901/4631
f 9221/2821/4632 9222/2408/4515 9223/2617/4633
f 9224/2902/4634 9225/2903/4635 9226/2896/4636
f 9225/2903/4635 9227/2845/4553 9228/2767/4552
f 9229/2766/4587 9230/2872/4586 9228/2767/4552
f 9231/2878/4637 9232/2767/4552 9230/2872/4638
f 9231/2878/4637 9233/2903/4635 9234/2767/4552
f 9235/2773/4600 9236/2824/4639 9231/2878/4622
f 9237/2778/4455 9238/2850/4556 9239/2806/4640
f 9240/2455/4431 9241/988/1629 9242/2757/4641
f 9242/2757/4641 9241/988/1629 9243/985/4642
f 9244/2904/4643 9245/1429/4012 9246/1006/4644
f 9245/1429/4012 9244/2904/4643 9247/2905/4645
f 9248/2906/3964 9249/2907/4646 9250/2908/4479
f 9251/2909/4617 9252/2727/4647 9253/2568/4123
f 9254/2514/4010 9255/2905/4645 9256/2910/4648
f 9255/2905/4645 9254/2514/4010 9257/1429/4012
f 9258/2911/4649 9259/2912/4650 9260/2913/4651
f 9261/2186/3432 9262/2630/4225 9263/2519/4024
f 9264/2814/4578 9265/2887/4615 9266/2850/4652
f 9267/2812/4597 9266/2850/4556 9268/2849/4653
f 9269/2814/4578 9266/2850/4652 9270/2812/4597
f 9271/2872/4586 9272/2860/4377 9273/2878/4654
f 9274/2690/4355 9275/2776/4540 9276/2524/4105
f 9277/2914/4655 9278/2902/4656 9279/2849/4653
f 9280/2756/4429 9281/2542/4067 9282/2915/4657
f 9283/2877/4658 9280/2756/4429 9284/2915/4659
f 9285/2915/4659 9281/2542/4205 9286/2770/4660
f 9287/2916/4661 9288/2711/4364 9289/2917/4596
f 9290/2652/4662 9291/2815/4509 9292/2831/4529
f 9293/2918/4663 9294/1006/4664 9295/760/1295
f 9294/1006/4664 9293/2918/4663 9296/2904/4643
f 9297/2630/4225 9298/2919/4665 9299/2520/4022
f 9300/2920/2107 9301/2921/4625 9302/2922/4550
f 9303/2721/4666 9304/2750/4423 9305/2722/4379
f 9306/2521/4667 9307/2923/1676 9308/2378/4083
f 9309/2924/1184 9310/1129/3983 9311/1306/4668
f 9312/2887/4617 9313/2814/4578 9314/2925/4647
f 9315/2926/4338 9316/2837/4542 9317/2839/4616
f 9318/1021/4669 9319/2927/4670 9320/736/4671
f 9319/2927/4670 9318/1021/4669 9321/2928/4672
f 9322/2797/4673 9323/2901/4631 9324/2601/4373
f 9325/2651/4376 9326/2678/4674 9327/2929/4588
f 9328/2928/4672 9329/1978/3132 9330/2930/4675
f 9331/1021/4676 9329/1978/3132 9328/2928/4672
f 9332/2872/4586 9333/2873/4588 9334/2860/4377
f 9335/1978/3132 9336/2454/3881 9337/2931/4677
f 9337/2931/4677 9338/2930/4678 9335/1978/3132
f 9339/2651/4679 9340/2929/4588 9341/2815/4680
f 9342/2812/4597 9343/2836/4576 9344/2813/4326
f 9345/2887/4615 9346/2932/4544 9347/2806/4543
f 9348/2933/4681 9349/2454/4682 9350/2758/4683
f 9351/2724/4684 9352/2685/4331 9353/2917/4685
f 9354/2711/4364 9351/2724/4684 9355/2917/4596
f 9356/2466/4686 9357/2800/4687 9358/1811/3903
f 9359/1607/2627 9360/1750/4688 9361/2934/4477
f 9362/2751/4689 9363/2007/4690 9364/2590/4413
f 9365/2817/4532 9366/2831/4529 9367/2815/4509
f 9368/2748/4427 9369/1074/2256 9370/2755/4691
f 9369/1074/2256 9368/2748/4427 9371/1075/4692
f 9372/2935/4693 9373/2754/4010 9374/2936/4694
f 9373/2754/4010 9372/2935/4693 9375/2749/4421
f 9376/2868/4695 9377/2812/4597 9378/2849/4696
f 9379/2937/4590 9380/2938/2142 9381/2939/4697
f 9382/2914/4698 9383/2713/4459 9384/2729/4699
f 9385/2777/4554 9382/2914/4655 9386/2849/4555
f 9387/2669/4700 9388/2765/4442 9389/2667/4701
f 9388/2765/4702 9390/2834/4072 9391/2832/4564
f 9392/2940/4703 9393/760/4704 9394/759/4705
f 9393/760/4704 9392/2940/4703 9395/2918/4663
f 9396/2901/4706 9397/2941/4707 9398/2602/4630
f 9399/2903/4635 9400/2902/4634 9401/2845/4557
f 9402/2849/4653 9400/2902/4634 9403/2896/4636
f 9404/2903/4635 9405/2878/4654 9406/2896/4708
f 9407/2454/3881 9408/2933/4709 9409/2942/4677
f 9410/2943/4710 9411/2944/4472 9412/2945/4711
f 9413/2583/4561 9414/2632/4342 9415/2840/4559
f 9416/1535/4712 9417/562/1001 9418/2900/4628
f 9419/2882/2959 9420/2946/1676 9421/2883/4347
f 9422/2535/4287 9423/2947/4713 9424/2948/4714
f 9425/2949/4715 9426/2819/4716 9427/2190/3437
f 9428/2849/4653 9429/2896/4636 9430/2868/4717
f 9431/1569/2574 9432/1475/2422 9433/2636/4718
f 9434/2766/4443 9435/2950/4719 9436/2873/4588
f 9437/2669/4700 9438/2834/4720 9439/2765/4442
f 9440/2535/4287 9441/2537/4721 9442/2947/4713
f 9443/2951/4722 9442/2947/4713 9441/2537/4721
f 9444/1605/4474 9445/2794/4475 9446/1530/4504
f 9447/2528/4037 9448/2951/4722 9449/2537/4723
f 9448/2951/4722 9447/2528/4037 9450/2952/4724
f 9451/2573/4545 9452/2851/4426 9453/2953/3184
f 9454/2954/4725 9455/2750/4423 9456/2497/4726
f 9457/2914/4698 9458/2729/4699 9459/2902/4634
f 9460/2599/4727 9461/2948/4714 9462/2955/4728
f 9460/2599/4727 9463/2535/4060 9461/2948/4714
f 9464/2956/4729 9465/2957/4697 9466/2958/4730
f 9467/2680/2691 9468/2597/4731 9469/2959/4732
f 9470/2621/4733 9471/2509/4734 9472/2960/4735
f 9473/2961/4513 9474/2962/4736 9475/2881/4568
f 9476/2522/4404 9477/2524/4029 9478/2776/4540
f 9479/2713/4367 9480/2914/4698 9481/2777/4554
f 9482/2228/4737 9483/2670/4738 9484/2227/3502
f 9483/2670/4738 9485/2963/4015 9484/2227/3502
f 9486/2417/151 9487/1478/2996 9488/1873/2995
f 9488/1873/2995 9489/2964/4739 9486/2417/151
f 9490/958/4740 9491/2432/4350 9492/2705/4348
f 9491/2432/4350 9490/958/4740 9493/926/4245
f 9494/736/4671 9495/2965/4741 9496/658/4742
f 9495/2965/4741 9494/736/4671 9497/2927/4670
f 9496/658/4742 9498/2966/4743 9499/659/1176
f 9498/2966/4743 9496/658/4742 9500/2965/4744
f 9501/2967/4745 9502/1306/4746 9503/2823/4520
f 9504/2529/4747 9505/2952/4748 9506/2528/4037
f 9505/2952/4748 9504/2529/4747 9507/2968/4749
f 9508/2729/4750 9509/2845/4557 9510/2902/4634
f 9511/2969/4239 9512/2970/4108 9513/2971/4306
f 9514/2972/4751 9515/2973/4706 9516/2862/4494
f 9517/2600/4183 9518/2599/4286 9519/2974/4752
f 9519/2974/4752 9518/2599/4286 9520/2955/4753
f 9521/2901/4706 9522/2797/4481 9523/2796/4494
f 9524/2975/4754 9525/1129/3983 9526/2924/1184
f 9527/2954/4755 9528/2972/4756 9529/2750/4423
f 9530/2594/4170 9531/2976/4757 9532/2738/4758
f 9533/2527/4759 9534/2977/4760 9535/2976/4761
f 9536/2527/4759 9535/2976/4761 9537/2594/4170
f 9538/2758/4683 9539/2974/4752 9540/2933/4762
f 9539/2974/4752 9538/2758/4683 9541/2600/4183
f 9542/2968/4749 9543/2749/4763 9544/2935/4764
f 9543/2749/4763 9542/2968/4749 9545/2529/4038
f 9546/2731/4394 9547/2826/4524 9548/2827/4765
f 9548/2827/4765 9549/1261/4766 9546/2731/4394
f 9550/2666/4767 9551/2978/4768 9546/2731/4769
f 9552/2190/3437 9553/2189/4770 9554/2949/4715
f 9555/2966/4743 9556/2979/4771 9557/675/4772
f 9555/2966/4743 9557/675/4772 9558/659/1176
f 9559/2852/4773 9560/2511/4774 9561/2650/4263
f 9559/2852/4773 9562/2980/4775 9563/2835/4776
f 9561/2650/4777 9564/2583/4778 9565/2852/4560
f 9566/2954/4779 9567/2497/4726 9568/2656/4269
f 9569/2710/4780 9566/2954/4725 9570/2656/4269
f 9566/2954/4725 9571/2821/4516 9572/2981/4781
f 9573/2982/4782 9574/2983/4783 9575/2917/4784
f 9576/2984/4785 9577/2985/4651 9578/2986/4625
f 9579/2794/4786 9580/2069/2605 9581/2880/4787
f 9582/2987/4603 9583/1535/4712 9584/2900/4628
f 9585/2960/4735 9586/2988/4612 9587/2621/4733
f 9588/2989/4132 9589/2832/4788 9590/2990/4073
f 9591/2917/4789 9592/2685/4331 9593/2982/4790
f 9592/2685/4331 9594/2877/4791 9593/2982/4790
f 9595/2087/3271 9596/2304/4792 9597/2086/4793
f 9598/2991/4794 9597/2086/3270 9599/2304/4795
f 9600/2967/4745 9601/2086/3270 9598/2991/4796
f 9602/2472/4797 9603/2899/4365 9604/2304/4798
f 9605/2992/4219 9606/2993/4499 9607/2994/4338
f 9608/2995/4799 9609/2996/4754 9610/2997/4800
f 9611/2757/4801 9612/958/4802 9613/2705/4803
f 9612/958/4802 9611/2757/4801 9614/985/4804
f 9615/958/4802 9614/985/4804 9616/987/4805
f 9616/987/4805 9617/959/1596 9615/958/4802
f 9618/2851/4806 9619/2573/4545 9620/2798/4807
f 9621/2972/4751 9622/2862/4494 9623/2750/4808
f 9624/2748/4420 9625/2884/4607 9626/1075/4809
f 9625/2884/4607 9624/2748/4420 9627/2686/4333
f 9626/1075/1763 9628/2884/4607 9629/1077/1765
f 9629/1077/1765 9628/2884/4607 9630/2885/4609
f 9631/2943/4810 9632/2998/2761 9633/2999/4811
f 9634/3000/4812 9635/3001/4473 9636/3002/4813
f 9637/2943/4785 9638/2921/4625 9639/3003/2144
f 9640/2511/4570 9641/2852/4773 9642/2835/4776
f 9643/2841/4212 9644/3004/4784 9645/3005/4783
f 9646/2548/4086 9647/2675/4316 9648/2676/4315
f 9649/2826/4814 9650/2821/4516 9651/2617/4633
f 9652/2982/4790 9653/2877/4791 9654/3006/4815
f 9655/3000/4812 9656/3002/4816 9657/3007/3790
f 9658/2526/4034 9659/2977/4817 9660/2527/4759
f 9661/2742/4330 9662/2798/4818 9663/2573/4545
f 9664/2970/4715 9665/3008/4819 9666/2961/4716
f 9667/2834/4537 9668/2990/4133 9669/2832/4564
f 9670/2519/4024 9671/2630/4225 9672/2520/4022
f 9673/2882/2959 9674/2962/4820 9675/3009/2422
f 9674/2962/4736 9676/2882/2959 9677/2881/4568
f 9678/2596/4821 9679/2564/4822 9680/2566/4118
f 9681/2972/4823 9682/2954/4824 9683/3010/4707
f 9684/2821/4516 9682/2954/4755 9685/2710/4825
f 9686/2807/4499 9687/3011/4219 9688/2522/4404
f 9689/2854/4826 9690/3012/3739 9691/2855/4250
f 9692/759/1294 9693/2979/4827 9694/2940/4703
f 9693/2979/4827 9692/759/1294 9695/675/1175
f 9696/2852/4828 9697/2840/4559 9698/3013/4829
f 9699/2980/4830 9700/2852/4773 9698/3013/4831
f 9701/2881/4346 9702/2854/4832 9703/3014/4833
f 9704/2853/4486 9703/3014/4834 9705/2854/4566
f 9706/2962/4835 9707/3015/4241 9708/3009/2422
f 9709/2840/4836 9710/3016/4837 9711/3013/4829
f 9709/2840/4836 9712/2841/4212 9713/3005/4783
f 9714/3017/4838 9715/3013/4829 9710/3016/4837
f 9716/2924/1184 9717/2899/4365 9718/2975/4754
f 9719/2973/4706 9720/2972/4839 9721/3010/4707
f 9722/3018/4840 9723/2473/4841 9724/3019/3270
f 9725/2943/4842 9726/3003/2144 9727/2998/2761
f 9728/3020/4176 9729/3021/4843 9730/3022/4118
f 9731/3023/4844 9732/2854/4832 9733/2881/4346
f 9734/3005/4845 9735/3016/4846 9736/2840/4836
f 9737/2924/1184 9738/1306/4847 9739/2967/4848
f 9740/2945/4849 9741/3024/4850 9742/3025/4729
f 9740/2945/4849 9743/3000/4851 9741/3024/4850
f 9744/2549/4852 9745/2743/4853 9746/2550/4088
f 9747/2835/4776 9748/2980/4775 9749/2960/4854
f 9747/2835/4776 9749/2960/4854 9750/2509/4734
f 9751/3026/4855 9752/2526/4034 9753/2602/4190
f 9754/2977/4856 9752/2526/4034 9751/3026/4855
f 9755/2978/4857 9756/2981/4858 9757/2821/4632
f 9758/2999/4811 9759/2944/4649 9760/2943/4842
f 9761/3027/4859 9762/2944/4860 9763/2999/4811
f 9764/3018/4840 9765/2371/4332 9766/2473/4354
f 9767/3016/4861 9768/3028/4782 9769/3029/4815
f 9770/2961/4716 9771/3015/4241 9772/2962/4835
f 9773/3026/4862 9774/2602/4630 9775/2941/4707
f 9776/2954/4863 9777/2981/4864 9778/3030/822
f 9779/2877/4658 9780/2915/4865 9781/3006/4815
f 9782/3019/3270 9783/3031/4745 9784/3018/4840
f 9785/3006/4815 9786/2915/4865 9787/3032/4866
f 9788/2977/4856 9789/3026/4855 9790/2976/4867
f 9791/3028/4782 9792/3016/4868 9793/3005/4783
f 9792/3016/4861 9794/3033/4815 9795/3017/4866
f 9796/3034/4869 9797/3010/4870 9798/3030/822
f 9799/2961/4871 9800/3008/4872 9801/3015/4241
f 9802/3035/4225 9803/3036/4477 9804/3037/4665
f 9805/2551/4873 9806/2794/4475 9807/2549/4874
f 9808/3037/4875 9809/2881/4346 9810/3038/4022
f 9811/2823/4520 9812/3039/4876 9813/2967/4745
f 9814/3040/4877 9815/2304/3610 9816/2899/4365
f 9817/3041/4425 9818/2829/4878 9819/2828/4879
f 9820/3040/4880 9821/2991/4794 9822/2304/4881
f 9823/3041/4425 9824/3042/4882 9825/2829/4883
f 9826/3043/4365 9827/3044/1184 9828/3045/4877
f 9829/3012/3844 9830/2854/4826 9831/3046/4884
f 9832/3024/4850 9833/3000/4650 9834/3007/3790
f 9835/2880/4787 9836/2549/4885 9837/2794/4886
f 9838/2954/4725 9839/3030/822 9840/3010/4870
f 9841/3025/4729 9842/3024/4850 9843/3020/4176
f 9844/3023/4887 9845/2881/4606 9846/3037/4875
f 9847/2978/4857 9848/3030/643 9849/2981/4781
f 9850/3047/4888 9851/2751/4689 9852/2590/4413
f 9853/2770/4447 9854/3032/4866 9855/2915/4865
f 9856/2826/4889 9857/2731/4769 9858/2978/4768
f 9859/3040/4880 9860/2924/1184 9861/2967/4890
f 9862/3048/4891 9863/2743/4853 9864/2549/4852
f 9864/2549/4852 9865/2880/4787 9866/3048/4892
f 9867/3049/4893 9868/3034/4862 9869/2978/4768
f 9870/2770/4894 9871/3050/4735 9872/3032/4895
f 9873/3051/4896 9874/3024/4850 9875/3007/4897
f 9876/2976/4867 9877/3052/4898 9878/2738/4767
f 9879/3030/822 9880/2978/4898 9881/3034/4862
f 9882/3036/4899 9883/3046/4900 9884/3023/4887
f 9885/2980/4775 9886/3013/4829 9887/3017/4838
f 9888/2769/4901 9889/3050/4735 9890/2770/4894
f 9891/2826/4889 9892/2978/4857 9893/2821/4632
f 9894/3025/4623 9895/3020/4176 9896/3022/4118
f 9897/2991/4902 9898/3040/4880 9899/2967/4890
f 9900/3037/4903 9901/3036/4477 9902/3023/4887
f 9903/3017/4838 9904/2960/4854 9905/2980/4775
f 9906/3024/4850 9907/3051/4732 9908/3020/4176
f 9909/3053/4888 9910/3054/4603 9911/3055/4628
f 9912/3046/4884 9913/2854/4826 9914/3023/4904
f 9915/3042/4628 9916/3041/4425 9917/3056/4888
