# Blender 5.1.2
# www.blender.org
mtllib Splitter_3.mtl
o Splitter_3
v -0.788727 0.050687 0.100210
v -0.788727 -0.099313 0.100210
v -0.741047 0.050687 0.162411
v -0.741047 -0.099313 0.162411
v -0.711077 0.050687 0.234711
v -0.711077 -0.099313 0.234711
v -0.700857 0.050687 0.312410
v -0.700857 -0.099313 0.312410
v -0.711077 0.050687 0.390011
v -0.711077 -0.099313 0.390011
v -0.741047 0.050687 0.462410
v -0.741047 -0.099313 0.462410
v -0.788727 0.050687 0.524511
v -0.788727 -0.099313 0.524511
v -1.204727 0.050687 0.430111
v -1.159167 0.019037 0.470711
v -1.194747 0.019037 0.424311
v -1.167317 0.050687 0.478811
v -1.217107 0.019037 0.370312
v -1.194747 0.019037 0.424311
v -1.228237 0.050687 0.373310
v -1.204727 0.050687 0.430111
v -1.224737 0.019037 0.312410
v -1.217107 0.019037 0.370312
v -1.236257 0.050687 0.312410
v -1.228237 0.050687 0.373310
v -1.217107 0.019037 0.254412
v -1.224737 0.019037 0.312410
v -1.236257 0.050687 0.312410
v -1.228237 0.050687 0.251411
v -1.194747 0.019037 0.200411
v -1.217107 0.019037 0.254412
v -1.228237 0.050687 0.251411
v -1.204727 0.050687 0.194712
v -1.159167 0.019037 0.154110
v -1.194747 0.019037 0.200411
v -1.204727 0.050687 0.194712
v -1.167317 0.050687 0.145910
v -1.150857 0.050687 0.052610
v -1.167317 0.050687 0.145910
v -1.118557 0.050687 0.108511
v -1.212987 0.050687 0.100210
v -1.204727 0.050687 0.194712
v -1.212987 0.050687 0.100210
v -1.260667 0.050687 0.162411
v -1.167317 0.050687 0.145910
v -1.000857 0.050687 0.012411
v -1.061787 0.050687 0.085011
v -1.000857 0.050687 0.077011
v -1.078497 0.050687 0.022612
v -1.061787 0.050687 0.085011
v -1.150857 0.050687 0.052610
v -1.118557 0.050687 0.108511
v -1.078497 0.050687 0.022612
v -1.290637 0.050687 0.234711
v -1.236257 0.050687 0.312410
v -1.228237 0.050687 0.251411
v -1.300857 0.050687 0.312410
v -1.236257 0.050687 0.312410
v -1.300857 0.050687 0.312410
v -1.290637 0.050687 0.390011
v -1.228237 0.050687 0.373310
v -1.260667 0.050687 0.462410
v -1.204727 0.050687 0.430111
v -1.290637 0.050687 0.390011
v -1.228237 0.050687 0.373310
v -1.290637 0.050687 0.234711
v -1.204727 0.050687 0.194712
v -1.260667 0.050687 0.162411
v -1.228237 0.050687 0.251411
v -1.118557 0.050687 0.516211
v -1.212987 0.050687 0.524511
v -1.150857 0.050687 0.572210
v -1.167317 0.050687 0.478811
v -1.061787 0.050687 0.539810
v -1.150857 0.050687 0.572210
v -1.078497 0.050687 0.602110
v -1.118557 0.050687 0.516211
v -1.000857 0.050687 0.547812
v -1.078497 0.050687 0.602110
v -1.000857 0.050687 0.612411
v -1.078497 0.050687 0.602110
v -1.000857 0.050687 0.547812
v -1.061787 0.050687 0.539810
v -1.167317 0.050687 0.478811
v -1.260667 0.050687 0.462410
v -1.212987 0.050687 0.524511
v -1.204727 0.050687 0.430111
v -1.000857 0.050687 0.612411
v -0.939927 0.050687 0.539810
v -1.000857 0.050687 0.547812
v -0.923207 0.050687 0.602110
v -0.923207 0.050687 0.602110
v -0.883157 0.050687 0.516211
v -0.939927 0.050687 0.539810
v -0.850857 0.050687 0.572210
v -0.883157 0.050687 0.516211
v -0.850857 0.050687 0.572210
v -0.834397 0.050687 0.478811
v -0.788727 0.050687 0.524511
v -0.741047 0.050687 0.462410
v -0.796987 0.050687 0.430111
v -0.788727 0.050687 0.524511
v -0.834397 0.050687 0.478811
v -0.773467 0.050687 0.251411
v -0.741047 0.050687 0.162411
v -0.796987 0.050687 0.194712
v -0.711077 0.050687 0.234711
v -0.741047 0.050687 0.462410
v -0.711077 0.050687 0.390011
v -0.796987 0.050687 0.430111
v -0.773467 0.050687 0.373310
v -0.773467 0.050687 0.373310
v -0.700857 0.050687 0.312410
v -0.765447 0.050687 0.312410
v -0.700857 0.050687 0.312410
v -0.773467 0.050687 0.373310
v -0.711077 0.050687 0.390011
v -0.765447 0.050687 0.312410
v -0.711077 0.050687 0.234711
v -0.773467 0.050687 0.251411
v -0.700857 0.050687 0.312410
v -0.850857 0.050687 0.052610
v -0.939927 0.050687 0.085011
v -0.883157 0.050687 0.108511
v -0.923207 0.050687 0.022612
v -0.923207 0.050687 0.022612
v -1.000857 0.050687 0.012411
v -0.939927 0.050687 0.085011
v -1.000857 0.050687 0.077011
v -0.796987 0.050687 0.194712
v -0.788727 0.050687 0.100210
v -0.834397 0.050687 0.145910
v -0.741047 0.050687 0.162411
v -0.834397 0.050687 0.145910
v -0.788727 0.050687 0.100210
v -0.883157 0.050687 0.108511
v -0.850857 0.050687 0.052610
v -0.930587 -0.046733 0.293510
v -0.867207 -0.032183 0.276611
v -0.937857 -0.046733 0.276011
v -1.000857 -0.051743 0.312410
v -0.881027 -0.032183 0.243212
v -0.816897 -0.009523 0.263111
v -0.835927 -0.009523 0.217112
v -0.784597 0.019037 0.254412
v -0.806967 0.019037 0.200411
v -0.816897 -0.009523 0.263111
v -0.862487 -0.032183 0.312410
v -0.810407 -0.009523 0.312410
v -0.776967 0.019037 0.312410
v -0.867207 -0.032183 0.276611
v -0.784597 0.019037 0.254412
v -0.930587 -0.046733 0.293510
v -0.928107 -0.046733 0.312410
v -1.000857 -0.051743 0.312410
v -0.776967 0.019037 0.312410
v -0.816897 -0.009523 0.361712
v -0.784597 0.019037 0.370312
v -0.810407 -0.009523 0.312410
v -0.862487 -0.032183 0.312410
v -0.867207 -0.032183 0.348211
v -0.930587 -0.046733 0.331211
v -0.928107 -0.046733 0.312410
v -1.000857 -0.051743 0.312410
v -1.000857 -0.051743 0.312410
v -0.937857 -0.046733 0.348711
v -0.930587 -0.046733 0.331211
v -0.867207 -0.032183 0.348211
v -0.881027 -0.032183 0.381611
v -0.816897 -0.009523 0.361712
v -0.835927 -0.009523 0.407610
v -0.784597 0.019037 0.370312
v -0.806967 0.019037 0.424311
v -0.842547 0.019037 0.470711
v -0.806967 0.019037 0.424311
v -0.835927 -0.009523 0.407610
v -0.866187 -0.009523 0.447010
v -0.903017 -0.032183 0.410212
v -0.881027 -0.032183 0.381611
v -0.949417 -0.046733 0.363811
v -0.937857 -0.046733 0.348711
v -1.000857 -0.051743 0.312410
v -0.964487 -0.046733 0.375410
v -0.903017 -0.032183 0.410212
v -0.949417 -0.046733 0.363811
v -1.000857 -0.051743 0.312410
v -0.931667 -0.032183 0.432211
v -0.905627 -0.009523 0.477310
v -0.866187 -0.009523 0.447010
v -0.888917 0.019037 0.506311
v -0.842547 0.019037 0.470711
v -0.965047 -0.032183 0.446011
v -0.905627 -0.009523 0.477310
v -0.931667 -0.032183 0.432211
v -0.964487 -0.046733 0.375410
v -0.982027 -0.046733 0.382610
v -1.000857 -0.051743 0.312410
v -0.951567 -0.009523 0.496311
v -0.942907 0.019037 0.528610
v -0.888917 0.019037 0.506311
v -1.050147 -0.009523 0.496311
v -1.000857 0.019037 0.536310
v -1.000857 -0.009523 0.502811
v -1.058797 0.019037 0.528610
v -1.036667 -0.032183 0.446011
v -1.000857 -0.032183 0.450710
v -1.019687 -0.046733 0.382610
v -1.000857 -0.046733 0.385111
v -1.000857 -0.051743 0.312410
v -1.050147 -0.009523 0.496311
v -1.096077 -0.009523 0.477310
v -1.112797 0.019037 0.506311
v -1.070037 -0.032183 0.432211
v -1.058797 0.019037 0.528610
v -1.036667 -0.032183 0.446011
v -1.037227 -0.046733 0.375410
v -1.019687 -0.046733 0.382610
v -1.000857 -0.051743 0.312410
v -1.000857 -0.051743 0.312410
v -1.052297 -0.046733 0.363811
v -1.037227 -0.046733 0.375410
v -1.098697 -0.032183 0.410212
v -1.070037 -0.032183 0.432211
v -1.096077 -0.009523 0.477310
v -1.135517 -0.009523 0.447010
v -1.112797 0.019037 0.506311
v -1.159167 0.019037 0.470711
v -1.159167 0.019037 0.470711
v -1.194747 0.019037 0.424311
v -1.165787 -0.009523 0.407610
v -1.135517 -0.009523 0.447010
v -1.098697 -0.032183 0.410212
v -1.120687 -0.032183 0.381611
v -1.052297 -0.046733 0.363811
v -1.063857 -0.046733 0.348711
v -1.000857 -0.051743 0.312410
v -1.120687 -0.032183 0.381611
v -1.071117 -0.046733 0.331211
v -1.134507 -0.032183 0.348211
v -1.063857 -0.046733 0.348711
v -1.000857 -0.051743 0.312410
v -1.165787 -0.009523 0.407610
v -1.184817 -0.009523 0.361712
v -1.217107 0.019037 0.370312
v -1.194747 0.019037 0.424311
v -1.070037 -0.032183 0.192511
v -1.037227 -0.046733 0.249411
v -1.036667 -0.032183 0.178711
v -1.019687 -0.046733 0.242111
v -1.000857 -0.051743 0.312410
v -1.050147 -0.009523 0.128410
v -1.096077 -0.009523 0.147411
v -1.112797 0.019037 0.118511
v -1.058797 0.019037 0.096111
v -1.000857 -0.009523 0.121910
v -1.050147 -0.009523 0.128410
v -1.036667 -0.032183 0.178711
v -1.058797 0.019037 0.096111
v -1.000857 -0.032183 0.174011
v -1.000857 0.019037 0.088511
v -1.019687 -0.046733 0.242111
v -1.000857 -0.046733 0.239611
v -1.000857 -0.051743 0.312410
v -1.000857 -0.009523 0.121910
v -0.965047 -0.032183 0.178711
v -0.951567 -0.009523 0.128410
v -0.942907 0.019037 0.096111
v -1.000857 -0.032183 0.174011
v -1.000857 0.019037 0.088511
v -0.982027 -0.046733 0.242111
v -1.000857 -0.046733 0.239611
v -1.000857 -0.051743 0.312410
v -1.000857 -0.051743 0.312410
v -0.964487 -0.046733 0.249411
v -0.982027 -0.046733 0.242111
v -0.965047 -0.032183 0.178711
v -0.931667 -0.032183 0.192511
v -0.951567 -0.009523 0.128410
v -0.905627 -0.009523 0.147411
v -0.942907 0.019037 0.096111
v -0.888917 0.019037 0.118511
v -0.842547 0.019037 0.154110
v -0.888917 0.019037 0.118511
v -0.866187 -0.009523 0.177711
v -0.905627 -0.009523 0.147411
v -0.931667 -0.032183 0.192511
v -0.903017 -0.032183 0.214510
v -0.964487 -0.046733 0.249411
v -0.949417 -0.046733 0.260910
v -1.000857 -0.051743 0.312410
v -0.937857 -0.046733 0.276011
v -0.903017 -0.032183 0.214510
v -0.949417 -0.046733 0.260910
v -1.000857 -0.051743 0.312410
v -0.881027 -0.032183 0.243212
v -0.866187 -0.009523 0.177711
v -0.835927 -0.009523 0.217112
v -0.842547 0.019037 0.154110
v -0.806967 0.019037 0.200411
v -1.000857 -0.009523 0.502811
v -0.965047 -0.032183 0.446011
v -1.000857 -0.032183 0.450710
v -0.951567 -0.009523 0.496311
v -0.982027 -0.046733 0.382610
v -1.000857 -0.046733 0.385111
v -1.000857 -0.051743 0.312410
v -1.000857 0.019037 0.536310
v -0.942907 0.019037 0.528610
v -1.191307 -0.009523 0.312410
v -1.134507 -0.032183 0.348211
v -1.139227 -0.032183 0.312410
v -1.073597 -0.046733 0.312410
v -1.071117 -0.046733 0.331211
v -1.000857 -0.051743 0.312410
v -1.184817 -0.009523 0.361712
v -1.224737 0.019037 0.312410
v -1.217107 0.019037 0.370312
v -1.184817 -0.009523 0.263111
v -1.139227 -0.032183 0.312410
v -1.134507 -0.032183 0.276611
v -1.191307 -0.009523 0.312410
v -1.073597 -0.046733 0.312410
v -1.071117 -0.046733 0.293510
v -1.000857 -0.051743 0.312410
v -1.217107 0.019037 0.254412
v -1.224737 0.019037 0.312410
v -1.194747 0.019037 0.200411
v -1.184817 -0.009523 0.263111
v -1.165787 -0.009523 0.217112
v -1.120687 -0.032183 0.243212
v -1.217107 0.019037 0.254412
v -1.134507 -0.032183 0.276611
v -1.063857 -0.046733 0.276011
v -1.071117 -0.046733 0.293510
v -1.000857 -0.051743 0.312410
v -1.000857 -0.051743 0.312410
v -1.052297 -0.046733 0.260910
v -1.063857 -0.046733 0.276011
v -1.098697 -0.032183 0.214510
v -1.120687 -0.032183 0.243212
v -1.165787 -0.009523 0.217112
v -1.135517 -0.009523 0.177711
v -1.159167 0.019037 0.154110
v -1.194747 0.019037 0.200411
v -1.037227 -0.046733 0.249411
v -1.098697 -0.032183 0.214510
v -1.052297 -0.046733 0.260910
v -1.000857 -0.051743 0.312410
v -1.070037 -0.032183 0.192511
v -1.135517 -0.009523 0.177711
v -1.096077 -0.009523 0.147411
v -1.112797 0.019037 0.118511
v -1.159167 0.019037 0.154110
v -1.078497 -0.099313 0.602110
v -1.000857 -0.099313 0.612411
v -1.078497 0.050687 0.602110
v -1.000857 0.050687 0.612411
v -1.150857 0.050687 0.572210
v -1.150857 -0.099313 0.572210
v -1.212987 0.050687 0.524511
v -1.212987 -0.099313 0.524511
v -0.788727 0.050687 0.524511
v -0.788727 -0.099313 0.524511
v -0.850857 0.050687 0.572210
v -0.850857 -0.099313 0.572210
v -0.923207 0.050687 0.602110
v -0.923207 -0.099313 0.602110
v -1.000857 0.050687 0.612411
v -1.000857 -0.099313 0.612411
v -1.112797 0.019037 0.118511
v -1.058797 0.019037 0.096111
v -1.061787 0.050687 0.085011
v -1.118557 0.050687 0.108511
v -1.058797 0.019037 0.096111
v -1.000857 0.019037 0.088511
v -1.000857 0.050687 0.077011
v -1.061787 0.050687 0.085011
v -0.942907 0.019037 0.096111
v -1.000857 0.019037 0.088511
v -1.000857 0.050687 0.077011
v -0.939927 0.050687 0.085011
v -0.942907 0.019037 0.096111
v -0.888917 0.019037 0.118511
v -0.939927 0.050687 0.085011
v -0.883157 0.050687 0.108511
v -0.842547 0.019037 0.154110
v -0.883157 0.050687 0.108511
v -0.888917 0.019037 0.118511
v -0.834397 0.050687 0.145910
v -1.112797 0.019037 0.118511
v -1.159167 0.019037 0.154110
v -1.118557 0.050687 0.108511
v -1.167317 0.050687 0.145910
v -1.212987 0.050687 0.524511
v -1.212987 -0.099313 0.524511
v -1.260667 0.050687 0.462410
v -1.260667 -0.099313 0.462410
v -1.290637 0.050687 0.390011
v -1.290637 -0.099313 0.390011
v -1.300857 0.050687 0.312410
v -1.300857 -0.099313 0.312410
v -1.290637 0.050687 0.234711
v -1.290637 -0.099313 0.234711
v -1.260667 0.050687 0.162411
v -1.260667 -0.099313 0.162411
v -1.212987 0.050687 0.100210
v -1.212987 -0.099313 0.100210
v -0.784597 0.019037 0.254412
v -0.806967 0.019037 0.200411
v -0.773467 0.050687 0.251411
v -0.796987 0.050687 0.194712
v -0.776967 0.019037 0.312410
v -0.784597 0.019037 0.254412
v -0.765447 0.050687 0.312410
v -0.773467 0.050687 0.251411
v -0.776967 0.019037 0.312410
v -0.784597 0.019037 0.370312
v -0.765447 0.050687 0.312410
v -0.773467 0.050687 0.373310
v -0.784597 0.019037 0.370312
v -0.806967 0.019037 0.424311
v -0.773467 0.050687 0.373310
v -0.796987 0.050687 0.430111
v -0.796987 0.050687 0.430111
v -0.842547 0.019037 0.470711
v -0.834397 0.050687 0.478811
v -0.806967 0.019037 0.424311
v -0.842547 0.019037 0.154110
v -0.806967 0.019037 0.200411
v -0.796987 0.050687 0.194712
v -0.834397 0.050687 0.145910
v -0.788727 -0.099313 0.100210
v -1.260667 -0.099313 0.462410
v -1.150857 -0.099313 0.052610
v -0.923207 -0.099313 0.022612
v -0.850857 -0.099313 0.052610
v -1.000857 -0.099313 0.012411
v -1.078497 -0.099313 0.022612
v -0.788727 -0.099313 0.524511
v -0.741047 -0.099313 0.162411
v -1.300857 -0.099313 0.312410
v -1.290637 -0.099313 0.390011
v -1.290637 -0.099313 0.234711
v -1.212987 -0.099313 0.100210
v -1.260667 -0.099313 0.162411
v -0.700857 -0.099313 0.312410
v -0.711077 -0.099313 0.234711
v -0.741047 -0.099313 0.462410
v -0.711077 -0.099313 0.390011
v -1.150857 -0.099313 0.572210
v -1.212987 -0.099313 0.524511
v -1.000857 -0.099313 0.612411
v -1.078497 -0.099313 0.602110
v -0.850857 -0.099313 0.572210
v -0.923207 -0.099313 0.602110
v -1.212987 0.050687 0.100210
v -1.212987 -0.099313 0.100210
v -1.150857 0.050687 0.052610
v -1.150857 -0.099313 0.052610
v -1.078497 0.050687 0.022612
v -1.078497 -0.099313 0.022612
v -1.000857 0.050687 0.012411
v -1.000857 -0.099313 0.012411
v -0.923207 0.050687 0.022612
v -0.923207 -0.099313 0.022612
v -0.850857 0.050687 0.052610
v -0.850857 -0.099313 0.052610
v -0.788727 0.050687 0.100210
v -0.788727 -0.099313 0.100210
v -0.888917 0.019037 0.506311
v -0.842547 0.019037 0.470711
v -0.883157 0.050687 0.516211
v -0.834397 0.050687 0.478811
v -0.942907 0.019037 0.528610
v -0.888917 0.019037 0.506311
v -0.939927 0.050687 0.539810
v -0.883157 0.050687 0.516211
v -1.000857 0.019037 0.536310
v -1.058797 0.019037 0.528610
v -1.000857 0.050687 0.547812
v -1.061787 0.050687 0.539810
v -1.112797 0.019037 0.506311
v -1.058797 0.019037 0.528610
v -1.061787 0.050687 0.539810
v -1.118557 0.050687 0.516211
v -1.112797 0.019037 0.506311
v -1.159167 0.019037 0.470711
v -1.118557 0.050687 0.516211
v -1.167317 0.050687 0.478811
v -1.000857 0.019037 0.536310
v -0.942907 0.019037 0.528610
v -1.000857 0.050687 0.547812
v -0.939927 0.050687 0.539810
v 1.211273 0.050687 0.100210
v 1.211273 -0.099313 0.100210
v 1.258953 0.050687 0.162411
v 1.258953 -0.099313 0.162411
v 1.288923 0.050687 0.234711
v 1.288923 -0.099313 0.234711
v 1.299143 0.050687 0.312410
v 1.299143 -0.099313 0.312410
v 1.288923 0.050687 0.390011
v 1.288923 -0.099313 0.390011
v 1.258953 0.050687 0.462410
v 1.258953 -0.099313 0.462410
v 1.211273 0.050687 0.524511
v 1.211273 -0.099313 0.524511
v 0.795273 0.050687 0.430111
v 0.840833 0.019037 0.470711
v 0.805253 0.019037 0.424311
v 0.832683 0.050687 0.478811
v 0.782893 0.019037 0.370312
v 0.805253 0.019037 0.424311
v 0.771763 0.050687 0.373310
v 0.795273 0.050687 0.430111
v 0.775263 0.019037 0.312410
v 0.782893 0.019037 0.370312
v 0.763743 0.050687 0.312410
v 0.771763 0.050687 0.373310
v 0.782893 0.019037 0.254412
v 0.775263 0.019037 0.312410
v 0.763743 0.050687 0.312410
v 0.771763 0.050687 0.251411
v 0.805253 0.019037 0.200411
v 0.782893 0.019037 0.254412
v 0.771763 0.050687 0.251411
v 0.795273 0.050687 0.194712
v 0.840833 0.019037 0.154110
v 0.805253 0.019037 0.200411
v 0.795273 0.050687 0.194712
v 0.832683 0.050687 0.145910
v 0.849143 0.050687 0.052610
v 0.832683 0.050687 0.145910
v 0.881443 0.050687 0.108511
v 0.787013 0.050687 0.100210
v 0.795273 0.050687 0.194712
v 0.787013 0.050687 0.100210
v 0.739333 0.050687 0.162411
v 0.832683 0.050687 0.145910
v 0.999143 0.050687 0.012411
v 0.938213 0.050687 0.085011
v 0.999143 0.050687 0.077011
v 0.921503 0.050687 0.022612
v 0.938213 0.050687 0.085011
v 0.849143 0.050687 0.052610
v 0.881443 0.050687 0.108511
v 0.921503 0.050687 0.022612
v 0.709363 0.050687 0.234711
v 0.763743 0.050687 0.312410
v 0.771763 0.050687 0.251411
v 0.699143 0.050687 0.312410
v 0.763743 0.050687 0.312410
v 0.699143 0.050687 0.312410
v 0.709363 0.050687 0.390011
v 0.771763 0.050687 0.373310
v 0.739333 0.050687 0.462410
v 0.795273 0.050687 0.430111
v 0.709363 0.050687 0.390011
v 0.771763 0.050687 0.373310
v 0.709363 0.050687 0.234711
v 0.795273 0.050687 0.194712
v 0.739333 0.050687 0.162411
v 0.771763 0.050687 0.251411
v 0.881443 0.050687 0.516211
v 0.787013 0.050687 0.524511
v 0.849143 0.050687 0.572210
v 0.832683 0.050687 0.478811
v 0.938213 0.050687 0.539810
v 0.849143 0.050687 0.572210
v 0.921503 0.050687 0.602110
v 0.881443 0.050687 0.516211
v 0.999143 0.050687 0.547812
v 0.921503 0.050687 0.602110
v 0.999143 0.050687 0.612411
v 0.921503 0.050687 0.602110
v 0.999143 0.050687 0.547812
v 0.938213 0.050687 0.539810
v 0.832683 0.050687 0.478811
v 0.739333 0.050687 0.462410
v 0.787013 0.050687 0.524511
v 0.795273 0.050687 0.430111
v 0.999143 0.050687 0.612411
v 1.060073 0.050687 0.539810
v 0.999143 0.050687 0.547812
v 1.076793 0.050687 0.602110
v 1.076793 0.050687 0.602110
v 1.116843 0.050687 0.516211
v 1.060073 0.050687 0.539810
v 1.149143 0.050687 0.572210
v 1.116843 0.050687 0.516211
v 1.149143 0.050687 0.572210
v 1.165603 0.050687 0.478811
v 1.211273 0.050687 0.524511
v 1.258953 0.050687 0.462410
v 1.203013 0.050687 0.430111
v 1.211273 0.050687 0.524511
v 1.165603 0.050687 0.478811
v 1.226533 0.050687 0.251411
v 1.258953 0.050687 0.162411
v 1.203013 0.050687 0.194712
v 1.288923 0.050687 0.234711
v 1.258953 0.050687 0.462410
v 1.288923 0.050687 0.390011
v 1.203013 0.050687 0.430111
v 1.226533 0.050687 0.373310
v 1.226533 0.050687 0.373310
v 1.299143 0.050687 0.312410
v 1.234553 0.050687 0.312410
v 1.299143 0.050687 0.312410
v 1.226533 0.050687 0.373310
v 1.288923 0.050687 0.390011
v 1.234553 0.050687 0.312410
v 1.288923 0.050687 0.234711
v 1.226533 0.050687 0.251411
v 1.299143 0.050687 0.312410
v 1.149143 0.050687 0.052610
v 1.060073 0.050687 0.085011
v 1.116843 0.050687 0.108511
v 1.076793 0.050687 0.022612
v 1.076793 0.050687 0.022612
v 0.999143 0.050687 0.012411
v 1.060073 0.050687 0.085011
v 0.999143 0.050687 0.077011
v 1.203013 0.050687 0.194712
v 1.211273 0.050687 0.100210
v 1.165603 0.050687 0.145910
v 1.258953 0.050687 0.162411
v 1.165603 0.050687 0.145910
v 1.211273 0.050687 0.100210
v 1.116843 0.050687 0.108511
v 1.149143 0.050687 0.052610
v 1.069413 -0.046733 0.293510
v 1.132793 -0.032183 0.276611
v 1.062143 -0.046733 0.276011
v 0.999143 -0.051743 0.312410
v 1.118973 -0.032183 0.243212
v 1.183103 -0.009523 0.263111
v 1.164073 -0.009523 0.217112
v 1.215403 0.019037 0.254412
v 1.193033 0.019037 0.200411
v 1.183103 -0.009523 0.263111
v 1.137513 -0.032183 0.312410
v 1.189593 -0.009523 0.312410
v 1.223033 0.019037 0.312410
v 1.132793 -0.032183 0.276611
v 1.215403 0.019037 0.254412
v 1.069413 -0.046733 0.293510
v 1.071893 -0.046733 0.312410
v 0.999143 -0.051743 0.312410
v 1.223033 0.019037 0.312410
v 1.183103 -0.009523 0.361712
v 1.215403 0.019037 0.370312
v 1.189593 -0.009523 0.312410
v 1.137513 -0.032183 0.312410
v 1.132793 -0.032183 0.348211
v 1.069413 -0.046733 0.331211
v 1.071893 -0.046733 0.312410
v 0.999143 -0.051743 0.312410
v 0.999143 -0.051743 0.312410
v 1.062143 -0.046733 0.348711
v 1.069413 -0.046733 0.331211
v 1.132793 -0.032183 0.348211
v 1.118973 -0.032183 0.381611
v 1.183103 -0.009523 0.361712
v 1.164073 -0.009523 0.407610
v 1.215403 0.019037 0.370312
v 1.193033 0.019037 0.424311
v 1.157453 0.019037 0.470711
v 1.193033 0.019037 0.424311
v 1.164073 -0.009523 0.407610
v 1.133813 -0.009523 0.447010
v 1.096983 -0.032183 0.410212
v 1.118973 -0.032183 0.381611
v 1.050583 -0.046733 0.363811
v 1.062143 -0.046733 0.348711
v 0.999143 -0.051743 0.312410
v 1.035513 -0.046733 0.375410
v 1.096983 -0.032183 0.410212
v 1.050583 -0.046733 0.363811
v 0.999143 -0.051743 0.312410
v 1.068333 -0.032183 0.432211
v 1.094373 -0.009523 0.477310
v 1.133813 -0.009523 0.447010
v 1.111083 0.019037 0.506311
v 1.157453 0.019037 0.470711
v 1.034953 -0.032183 0.446011
v 1.094373 -0.009523 0.477310
v 1.068333 -0.032183 0.432211
v 1.035513 -0.046733 0.375410
v 1.017973 -0.046733 0.382610
v 0.999143 -0.051743 0.312410
v 1.048433 -0.009523 0.496311
v 1.057093 0.019037 0.528610
v 1.111083 0.019037 0.506311
v 0.949853 -0.009523 0.496311
v 0.999143 0.019037 0.536310
v 0.999143 -0.009523 0.502811
v 0.941203 0.019037 0.528610
v 0.963333 -0.032183 0.446011
v 0.999143 -0.032183 0.450710
v 0.980313 -0.046733 0.382610
v 0.999143 -0.046733 0.385111
v 0.999143 -0.051743 0.312410
v 0.949853 -0.009523 0.496311
v 0.903923 -0.009523 0.477310
v 0.887203 0.019037 0.506311
v 0.929963 -0.032183 0.432211
v 0.941203 0.019037 0.528610
v 0.963333 -0.032183 0.446011
v 0.962773 -0.046733 0.375410
v 0.980313 -0.046733 0.382610
v 0.999143 -0.051743 0.312410
v 0.999143 -0.051743 0.312410
v 0.947703 -0.046733 0.363811
v 0.962773 -0.046733 0.375410
v 0.901303 -0.032183 0.410212
v 0.929963 -0.032183 0.432211
v 0.903923 -0.009523 0.477310
v 0.864483 -0.009523 0.447010
v 0.887203 0.019037 0.506311
v 0.840833 0.019037 0.470711
v 0.840833 0.019037 0.470711
v 0.805253 0.019037 0.424311
v 0.834213 -0.009523 0.407610
v 0.864483 -0.009523 0.447010
v 0.901303 -0.032183 0.410212
v 0.879313 -0.032183 0.381611
v 0.947703 -0.046733 0.363811
v 0.936143 -0.046733 0.348711
v 0.999143 -0.051743 0.312410
v 0.879313 -0.032183 0.381611
v 0.928883 -0.046733 0.331211
v 0.865493 -0.032183 0.348211
v 0.936143 -0.046733 0.348711
v 0.999143 -0.051743 0.312410
v 0.834213 -0.009523 0.407610
v 0.815183 -0.009523 0.361712
v 0.782893 0.019037 0.370312
v 0.805253 0.019037 0.424311
v 0.929963 -0.032183 0.192511
v 0.962773 -0.046733 0.249411
v 0.963333 -0.032183 0.178711
v 0.980313 -0.046733 0.242111
v 0.999143 -0.051743 0.312410
v 0.949853 -0.009523 0.128410
v 0.903923 -0.009523 0.147411
v 0.887203 0.019037 0.118511
v 0.941203 0.019037 0.096111
v 0.999143 -0.009523 0.121910
v 0.949853 -0.009523 0.128410
v 0.963333 -0.032183 0.178711
v 0.941203 0.019037 0.096111
v 0.999143 -0.032183 0.174011
v 0.999143 0.019037 0.088511
v 0.980313 -0.046733 0.242111
v 0.999143 -0.046733 0.239611
v 0.999143 -0.051743 0.312410
v 0.999143 -0.009523 0.121910
v 1.034953 -0.032183 0.178711
v 1.048433 -0.009523 0.128410
v 1.057093 0.019037 0.096111
v 0.999143 -0.032183 0.174011
v 0.999143 0.019037 0.088511
v 1.017973 -0.046733 0.242111
v 0.999143 -0.046733 0.239611
v 0.999143 -0.051743 0.312410
v 0.999143 -0.051743 0.312410
v 1.035513 -0.046733 0.249411
v 1.017973 -0.046733 0.242111
v 1.034953 -0.032183 0.178711
v 1.068333 -0.032183 0.192511
v 1.048433 -0.009523 0.128410
v 1.094373 -0.009523 0.147411
v 1.057093 0.019037 0.096111
v 1.111083 0.019037 0.118511
v 1.157453 0.019037 0.154110
v 1.111083 0.019037 0.118511
v 1.133813 -0.009523 0.177711
v 1.094373 -0.009523 0.147411
v 1.068333 -0.032183 0.192511
v 1.096983 -0.032183 0.214510
v 1.035513 -0.046733 0.249411
v 1.050583 -0.046733 0.260910
v 0.999143 -0.051743 0.312410
v 1.062143 -0.046733 0.276011
v 1.096983 -0.032183 0.214510
v 1.050583 -0.046733 0.260910
v 0.999143 -0.051743 0.312410
v 1.118973 -0.032183 0.243212
v 1.133813 -0.009523 0.177711
v 1.164073 -0.009523 0.217112
v 1.157453 0.019037 0.154110
v 1.193033 0.019037 0.200411
v 0.999143 -0.009523 0.502811
v 1.034953 -0.032183 0.446011
v 0.999143 -0.032183 0.450710
v 1.048433 -0.009523 0.496311
v 1.017973 -0.046733 0.382610
v 0.999143 -0.046733 0.385111
v 0.999143 -0.051743 0.312410
v 0.999143 0.019037 0.536310
v 1.057093 0.019037 0.528610
v 0.808693 -0.009523 0.312410
v 0.865493 -0.032183 0.348211
v 0.860773 -0.032183 0.312410
v 0.926403 -0.046733 0.312410
v 0.928883 -0.046733 0.331211
v 0.999143 -0.051743 0.312410
v 0.815183 -0.009523 0.361712
v 0.775263 0.019037 0.312410
v 0.782893 0.019037 0.370312
v 0.815183 -0.009523 0.263111
v 0.860773 -0.032183 0.312410
v 0.865493 -0.032183 0.276611
v 0.808693 -0.009523 0.312410
v 0.926403 -0.046733 0.312410
v 0.928883 -0.046733 0.293510
v 0.999143 -0.051743 0.312410
v 0.782893 0.019037 0.254412
v 0.775263 0.019037 0.312410
v 0.805253 0.019037 0.200411
v 0.815183 -0.009523 0.263111
v 0.834213 -0.009523 0.217112
v 0.879313 -0.032183 0.243212
v 0.782893 0.019037 0.254412
v 0.865493 -0.032183 0.276611
v 0.936143 -0.046733 0.276011
v 0.928883 -0.046733 0.293510
v 0.999143 -0.051743 0.312410
v 0.999143 -0.051743 0.312410
v 0.947703 -0.046733 0.260910
v 0.936143 -0.046733 0.276011
v 0.901303 -0.032183 0.214510
v 0.879313 -0.032183 0.243212
v 0.834213 -0.009523 0.217112
v 0.864483 -0.009523 0.177711
v 0.840833 0.019037 0.154110
v 0.805253 0.019037 0.200411
v 0.962773 -0.046733 0.249411
v 0.901303 -0.032183 0.214510
v 0.947703 -0.046733 0.260910
v 0.999143 -0.051743 0.312410
v 0.929963 -0.032183 0.192511
v 0.864483 -0.009523 0.177711
v 0.903923 -0.009523 0.147411
v 0.887203 0.019037 0.118511
v 0.840833 0.019037 0.154110
v 0.921503 -0.099313 0.602110
v 0.999143 -0.099313 0.612411
v 0.921503 0.050687 0.602110
v 0.999143 0.050687 0.612411
v 0.849143 0.050687 0.572210
v 0.849143 -0.099313 0.572210
v 0.787013 0.050687 0.524511
v 0.787013 -0.099313 0.524511
v 1.211273 0.050687 0.524511
v 1.211273 -0.099313 0.524511
v 1.149143 0.050687 0.572210
v 1.149143 -0.099313 0.572210
v 1.076793 0.050687 0.602110
v 1.076793 -0.099313 0.602110
v 0.999143 0.050687 0.612411
v 0.999143 -0.099313 0.612411
v 0.887203 0.019037 0.118511
v 0.941203 0.019037 0.096111
v 0.938213 0.050687 0.085011
v 0.881443 0.050687 0.108511
v 0.941203 0.019037 0.096111
v 0.999143 0.019037 0.088511
v 0.999143 0.050687 0.077011
v 0.938213 0.050687 0.085011
v 1.057093 0.019037 0.096111
v 0.999143 0.019037 0.088511
v 0.999143 0.050687 0.077011
v 1.060073 0.050687 0.085011
v 1.057093 0.019037 0.096111
v 1.111083 0.019037 0.118511
v 1.060073 0.050687 0.085011
v 1.116843 0.050687 0.108511
v 1.157453 0.019037 0.154110
v 1.116843 0.050687 0.108511
v 1.111083 0.019037 0.118511
v 1.165603 0.050687 0.145910
v 0.887203 0.019037 0.118511
v 0.840833 0.019037 0.154110
v 0.881443 0.050687 0.108511
v 0.832683 0.050687 0.145910
v 0.787013 0.050687 0.524511
v 0.787013 -0.099313 0.524511
v 0.739333 0.050687 0.462410
v 0.739333 -0.099313 0.462410
v 0.709363 0.050687 0.390011
v 0.709363 -0.099313 0.390011
v 0.699143 0.050687 0.312410
v 0.699143 -0.099313 0.312410
v 0.709363 0.050687 0.234711
v 0.709363 -0.099313 0.234711
v 0.739333 0.050687 0.162411
v 0.739333 -0.099313 0.162411
v 0.787013 0.050687 0.100210
v 0.787013 -0.099313 0.100210
v 1.215403 0.019037 0.254412
v 1.193033 0.019037 0.200411
v 1.226533 0.050687 0.251411
v 1.203013 0.050687 0.194712
v 1.223033 0.019037 0.312410
v 1.215403 0.019037 0.254412
v 1.234553 0.050687 0.312410
v 1.226533 0.050687 0.251411
v 1.223033 0.019037 0.312410
v 1.215403 0.019037 0.370312
v 1.234553 0.050687 0.312410
v 1.226533 0.050687 0.373310
v 1.215403 0.019037 0.370312
v 1.193033 0.019037 0.424311
v 1.226533 0.050687 0.373310
v 1.203013 0.050687 0.430111
v 1.203013 0.050687 0.430111
v 1.157453 0.019037 0.470711
v 1.165603 0.050687 0.478811
v 1.193033 0.019037 0.424311
v 1.157453 0.019037 0.154110
v 1.193033 0.019037 0.200411
v 1.203013 0.050687 0.194712
v 1.165603 0.050687 0.145910
v 1.211273 -0.099313 0.100210
v 0.739333 -0.099313 0.462410
v 0.849143 -0.099313 0.052610
v 1.076793 -0.099313 0.022612
v 1.149143 -0.099313 0.052610
v 0.999143 -0.099313 0.012411
v 0.921503 -0.099313 0.022612
v 1.211273 -0.099313 0.524511
v 1.258953 -0.099313 0.162411
v 0.699143 -0.099313 0.312410
v 0.709363 -0.099313 0.390011
v 0.709363 -0.099313 0.234711
v 0.787013 -0.099313 0.100210
v 0.739333 -0.099313 0.162411
v 1.299143 -0.099313 0.312410
v 1.288923 -0.099313 0.234711
v 1.258953 -0.099313 0.462410
v 1.288923 -0.099313 0.390011
v 0.849143 -0.099313 0.572210
v 0.787013 -0.099313 0.524511
v 0.999143 -0.099313 0.612411
v 0.921503 -0.099313 0.602110
v 1.149143 -0.099313 0.572210
v 1.076793 -0.099313 0.602110
v 0.787013 0.050687 0.100210
v 0.787013 -0.099313 0.100210
v 0.849143 0.050687 0.052610
v 0.849143 -0.099313 0.052610
v 0.921503 0.050687 0.022612
v 0.921503 -0.099313 0.022612
v 0.999143 0.050687 0.012411
v 0.999143 -0.099313 0.012411
v 1.076793 0.050687 0.022612
v 1.076793 -0.099313 0.022612
v 1.149143 0.050687 0.052610
v 1.149143 -0.099313 0.052610
v 1.211273 0.050687 0.100210
v 1.211273 -0.099313 0.100210
v 1.111083 0.019037 0.506311
v 1.157453 0.019037 0.470711
v 1.116843 0.050687 0.516211
v 1.165603 0.050687 0.478811
v 1.057093 0.019037 0.528610
v 1.111083 0.019037 0.506311
v 1.060073 0.050687 0.539810
v 1.116843 0.050687 0.516211
v 0.999143 0.019037 0.536310
v 0.941203 0.019037 0.528610
v 0.999143 0.050687 0.547812
v 0.938213 0.050687 0.539810
v 0.887203 0.019037 0.506311
v 0.941203 0.019037 0.528610
v 0.938213 0.050687 0.539810
v 0.881443 0.050687 0.516211
v 0.887203 0.019037 0.506311
v 0.840833 0.019037 0.470711
v 0.881443 0.050687 0.516211
v 0.832683 0.050687 0.478811
v 0.999143 0.019037 0.536310
v 1.057093 0.019037 0.528610
v 0.999143 0.050687 0.547812
v 1.060073 0.050687 0.539810
v 0.211273 0.050687 -0.899790
v 0.211273 -0.099314 -0.899790
v 0.258953 0.050687 -0.837589
v 0.258953 -0.099314 -0.837589
v 0.288923 0.050687 -0.765289
v 0.288923 -0.099314 -0.765289
v 0.299143 0.050687 -0.687590
v 0.299143 -0.099314 -0.687590
v 0.288923 0.050687 -0.609989
v 0.288923 -0.099314 -0.609989
v 0.258953 0.050687 -0.537590
v 0.258953 -0.099314 -0.537590
v 0.211273 0.050687 -0.475489
v 0.211273 -0.099314 -0.475489
v -0.204727 0.050687 -0.569889
v -0.159167 0.019036 -0.529289
v -0.194747 0.019036 -0.575689
v -0.167317 0.050687 -0.521189
v -0.217107 0.019036 -0.629688
v -0.194747 0.019036 -0.575689
v -0.228237 0.050687 -0.626690
v -0.204727 0.050687 -0.569889
v -0.224737 0.019036 -0.687590
v -0.217107 0.019036 -0.629688
v -0.236257 0.050687 -0.687590
v -0.228237 0.050687 -0.626690
v -0.217107 0.019036 -0.745588
v -0.224737 0.019036 -0.687590
v -0.236257 0.050687 -0.687590
v -0.228237 0.050687 -0.748589
v -0.194747 0.019036 -0.799589
v -0.217107 0.019036 -0.745588
v -0.228237 0.050687 -0.748589
v -0.204727 0.050687 -0.805288
v -0.159167 0.019036 -0.845890
v -0.194747 0.019036 -0.799589
v -0.204727 0.050687 -0.805288
v -0.167317 0.050687 -0.854090
v -0.150857 0.050687 -0.947390
v -0.167317 0.050687 -0.854090
v -0.118557 0.050687 -0.891489
v -0.212987 0.050687 -0.899790
v -0.204727 0.050687 -0.805288
v -0.212987 0.050687 -0.899790
v -0.260667 0.050687 -0.837589
v -0.167317 0.050687 -0.854090
v -0.000857 0.050687 -0.987589
v -0.061787 0.050687 -0.914989
v -0.000857 0.050687 -0.922989
v -0.078497 0.050687 -0.977388
v -0.061787 0.050687 -0.914989
v -0.150857 0.050687 -0.947390
v -0.118557 0.050687 -0.891489
v -0.078497 0.050687 -0.977388
v -0.290637 0.050687 -0.765289
v -0.236257 0.050687 -0.687590
v -0.228237 0.050687 -0.748589
v -0.300857 0.050687 -0.687590
v -0.236257 0.050687 -0.687590
v -0.300857 0.050687 -0.687590
v -0.290637 0.050687 -0.609989
v -0.228237 0.050687 -0.626690
v -0.260667 0.050687 -0.537590
v -0.204727 0.050687 -0.569889
v -0.290637 0.050687 -0.609989
v -0.228237 0.050687 -0.626690
v -0.290637 0.050687 -0.765289
v -0.204727 0.050687 -0.805288
v -0.260667 0.050687 -0.837589
v -0.228237 0.050687 -0.748589
v -0.118557 0.050687 -0.483789
v -0.212987 0.050687 -0.475489
v -0.150857 0.050687 -0.427790
v -0.167317 0.050687 -0.521189
v -0.061787 0.050687 -0.460190
v -0.150857 0.050687 -0.427790
v -0.078497 0.050687 -0.397890
v -0.118557 0.050687 -0.483789
v -0.000857 0.050687 -0.452188
v -0.078497 0.050687 -0.397890
v -0.000857 0.050687 -0.387589
v -0.078497 0.050687 -0.397890
v -0.000857 0.050687 -0.452188
v -0.061787 0.050687 -0.460190
v -0.167317 0.050687 -0.521189
v -0.260667 0.050687 -0.537590
v -0.212987 0.050687 -0.475489
v -0.204727 0.050687 -0.569889
v -0.000857 0.050687 -0.387589
v 0.060073 0.050687 -0.460190
v -0.000857 0.050687 -0.452188
v 0.076793 0.050687 -0.397890
v 0.076793 0.050687 -0.397890
v 0.116843 0.050687 -0.483789
v 0.060073 0.050687 -0.460190
v 0.149143 0.050687 -0.427790
v 0.116843 0.050687 -0.483789
v 0.149143 0.050687 -0.427790
v 0.165603 0.050687 -0.521189
v 0.211273 0.050687 -0.475489
v 0.258953 0.050687 -0.537590
v 0.203013 0.050687 -0.569889
v 0.211273 0.050687 -0.475489
v 0.165603 0.050687 -0.521189
v 0.226533 0.050687 -0.748589
v 0.258953 0.050687 -0.837589
v 0.203013 0.050687 -0.805288
v 0.288923 0.050687 -0.765289
v 0.258953 0.050687 -0.537590
v 0.288923 0.050687 -0.609989
v 0.203013 0.050687 -0.569889
v 0.226533 0.050687 -0.626690
v 0.226533 0.050687 -0.626690
v 0.299143 0.050687 -0.687590
v 0.234553 0.050687 -0.687590
v 0.299143 0.050687 -0.687590
v 0.226533 0.050687 -0.626690
v 0.288923 0.050687 -0.609989
v 0.234553 0.050687 -0.687590
v 0.288923 0.050687 -0.765289
v 0.226533 0.050687 -0.748589
v 0.299143 0.050687 -0.687590
v 0.149143 0.050687 -0.947390
v 0.060073 0.050687 -0.914989
v 0.116843 0.050687 -0.891489
v 0.076793 0.050687 -0.977388
v 0.076793 0.050687 -0.977388
v -0.000857 0.050687 -0.987589
v 0.060073 0.050687 -0.914989
v -0.000857 0.050687 -0.922989
v 0.203013 0.050687 -0.805288
v 0.211273 0.050687 -0.899790
v 0.165603 0.050687 -0.854090
v 0.258953 0.050687 -0.837589
v 0.165603 0.050687 -0.854090
v 0.211273 0.050687 -0.899790
v 0.116843 0.050687 -0.891489
v 0.149143 0.050687 -0.947390
v 0.069413 -0.046733 -0.706490
v 0.132793 -0.032183 -0.723389
v 0.062143 -0.046733 -0.723989
v -0.000857 -0.051744 -0.687590
v 0.118973 -0.032183 -0.756788
v 0.183103 -0.009523 -0.736889
v 0.164073 -0.009523 -0.782888
v 0.215403 0.019036 -0.745588
v 0.193033 0.019036 -0.799589
v 0.183103 -0.009523 -0.736889
v 0.137513 -0.032183 -0.687590
v 0.189593 -0.009523 -0.687590
v 0.223033 0.019036 -0.687590
v 0.132793 -0.032183 -0.723389
v 0.215403 0.019036 -0.745588
v 0.069413 -0.046733 -0.706490
v 0.071893 -0.046733 -0.687590
v -0.000857 -0.051744 -0.687590
v 0.223033 0.019036 -0.687590
v 0.183103 -0.009523 -0.638288
v 0.215403 0.019036 -0.629688
v 0.189593 -0.009523 -0.687590
v 0.137513 -0.032183 -0.687590
v 0.132793 -0.032183 -0.651789
v 0.069413 -0.046733 -0.668789
v 0.071893 -0.046733 -0.687590
v -0.000857 -0.051744 -0.687590
v -0.000857 -0.051744 -0.687590
v 0.062143 -0.046733 -0.651289
v 0.069413 -0.046733 -0.668789
v 0.132793 -0.032183 -0.651789
v 0.118973 -0.032183 -0.618389
v 0.183103 -0.009523 -0.638288
v 0.164073 -0.009523 -0.592390
v 0.215403 0.019036 -0.629688
v 0.193033 0.019036 -0.575689
v 0.157453 0.019036 -0.529289
v 0.193033 0.019036 -0.575689
v 0.164073 -0.009523 -0.592390
v 0.133813 -0.009523 -0.552990
v 0.096983 -0.032183 -0.589788
v 0.118973 -0.032183 -0.618389
v 0.050583 -0.046733 -0.636189
v 0.062143 -0.046733 -0.651289
v -0.000857 -0.051744 -0.687590
v 0.035513 -0.046733 -0.624590
v 0.096983 -0.032183 -0.589788
v 0.050583 -0.046733 -0.636189
v -0.000857 -0.051744 -0.687590
v 0.068333 -0.032183 -0.567789
v 0.094373 -0.009523 -0.522690
v 0.133813 -0.009523 -0.552990
v 0.111083 0.019036 -0.493689
v 0.157453 0.019036 -0.529289
v 0.034953 -0.032183 -0.553989
v 0.094373 -0.009523 -0.522690
v 0.068333 -0.032183 -0.567789
v 0.035513 -0.046733 -0.624590
v 0.017973 -0.046733 -0.617390
v -0.000857 -0.051744 -0.687590
v 0.048433 -0.009523 -0.503689
v 0.057093 0.019036 -0.471390
v 0.111083 0.019036 -0.493689
v -0.050147 -0.009523 -0.503689
v -0.000857 0.019036 -0.463690
v -0.000857 -0.009523 -0.497189
v -0.058797 0.019036 -0.471390
v -0.036667 -0.032183 -0.553989
v -0.000857 -0.032183 -0.549290
v -0.019687 -0.046733 -0.617390
v -0.000857 -0.046733 -0.614889
v -0.000857 -0.051744 -0.687590
v -0.050147 -0.009523 -0.503689
v -0.096077 -0.009523 -0.522690
v -0.112797 0.019036 -0.493689
v -0.070037 -0.032183 -0.567789
v -0.058797 0.019036 -0.471390
v -0.036667 -0.032183 -0.553989
v -0.037227 -0.046733 -0.624590
v -0.019687 -0.046733 -0.617390
v -0.000857 -0.051744 -0.687590
v -0.000857 -0.051744 -0.687590
v -0.052297 -0.046733 -0.636189
v -0.037227 -0.046733 -0.624590
v -0.098697 -0.032183 -0.589788
v -0.070037 -0.032183 -0.567789
v -0.096077 -0.009523 -0.522690
v -0.135517 -0.009523 -0.552990
v -0.112797 0.019036 -0.493689
v -0.159167 0.019036 -0.529289
v -0.159167 0.019036 -0.529289
v -0.194747 0.019036 -0.575689
v -0.165787 -0.009523 -0.592390
v -0.135517 -0.009523 -0.552990
v -0.098697 -0.032183 -0.589788
v -0.120687 -0.032183 -0.618389
v -0.052297 -0.046733 -0.636189
v -0.063857 -0.046733 -0.651289
v -0.000857 -0.051744 -0.687590
v -0.120687 -0.032183 -0.618389
v -0.071117 -0.046733 -0.668789
v -0.134507 -0.032183 -0.651789
v -0.063857 -0.046733 -0.651289
v -0.000857 -0.051744 -0.687590
v -0.165787 -0.009523 -0.592390
v -0.184817 -0.009523 -0.638288
v -0.217107 0.019036 -0.629688
v -0.194747 0.019036 -0.575689
v -0.070037 -0.032183 -0.807489
v -0.037227 -0.046733 -0.750589
v -0.036667 -0.032183 -0.821289
v -0.019687 -0.046733 -0.757889
v -0.000857 -0.051744 -0.687590
v -0.050147 -0.009523 -0.871590
v -0.096077 -0.009523 -0.852589
v -0.112797 0.019036 -0.881489
v -0.058797 0.019036 -0.903889
v -0.000857 -0.009523 -0.878090
v -0.050147 -0.009523 -0.871590
v -0.036667 -0.032183 -0.821289
v -0.058797 0.019036 -0.903889
v -0.000857 -0.032183 -0.825989
v -0.000857 0.019036 -0.911489
v -0.019687 -0.046733 -0.757889
v -0.000857 -0.046733 -0.760389
v -0.000857 -0.051744 -0.687590
v -0.000857 -0.009523 -0.878090
v 0.034953 -0.032183 -0.821289
v 0.048433 -0.009523 -0.871590
v 0.057093 0.019036 -0.903889
v -0.000857 -0.032183 -0.825989
v -0.000857 0.019036 -0.911489
v 0.017973 -0.046733 -0.757889
v -0.000857 -0.046733 -0.760389
v -0.000857 -0.051744 -0.687590
v -0.000857 -0.051744 -0.687590
v 0.035513 -0.046733 -0.750589
v 0.017973 -0.046733 -0.757889
v 0.034953 -0.032183 -0.821289
v 0.068333 -0.032183 -0.807489
v 0.048433 -0.009523 -0.871590
v 0.094373 -0.009523 -0.852589
v 0.057093 0.019036 -0.903889
v 0.111083 0.019036 -0.881489
v 0.157453 0.019036 -0.845890
v 0.111083 0.019036 -0.881489
v 0.133813 -0.009523 -0.822289
v 0.094373 -0.009523 -0.852589
v 0.068333 -0.032183 -0.807489
v 0.096983 -0.032183 -0.785490
v 0.035513 -0.046733 -0.750589
v 0.050583 -0.046733 -0.739090
v -0.000857 -0.051744 -0.687590
v 0.062143 -0.046733 -0.723989
v 0.096983 -0.032183 -0.785490
v 0.050583 -0.046733 -0.739090
v -0.000857 -0.051744 -0.687590
v 0.118973 -0.032183 -0.756788
v 0.133813 -0.009523 -0.822289
v 0.164073 -0.009523 -0.782888
v 0.157453 0.019036 -0.845890
v 0.193033 0.019036 -0.799589
v -0.000857 -0.009523 -0.497189
v 0.034953 -0.032183 -0.553989
v -0.000857 -0.032183 -0.549290
v 0.048433 -0.009523 -0.503689
v 0.017973 -0.046733 -0.617390
v -0.000857 -0.046733 -0.614889
v -0.000857 -0.051744 -0.687590
v -0.000857 0.019036 -0.463690
v 0.057093 0.019036 -0.471390
v -0.191307 -0.009523 -0.687590
v -0.134507 -0.032183 -0.651789
v -0.139227 -0.032183 -0.687590
v -0.073597 -0.046733 -0.687590
v -0.071117 -0.046733 -0.668789
v -0.000857 -0.051744 -0.687590
v -0.184817 -0.009523 -0.638288
v -0.224737 0.019036 -0.687590
v -0.217107 0.019036 -0.629688
v -0.184817 -0.009523 -0.736889
v -0.139227 -0.032183 -0.687590
v -0.134507 -0.032183 -0.723389
v -0.191307 -0.009523 -0.687590
v -0.073597 -0.046733 -0.687590
v -0.071117 -0.046733 -0.706490
v -0.000857 -0.051744 -0.687590
v -0.217107 0.019036 -0.745588
v -0.224737 0.019036 -0.687590
v -0.194747 0.019036 -0.799589
v -0.184817 -0.009523 -0.736889
v -0.165787 -0.009523 -0.782888
v -0.120687 -0.032183 -0.756788
v -0.217107 0.019036 -0.745588
v -0.134507 -0.032183 -0.723389
v -0.063857 -0.046733 -0.723989
v -0.071117 -0.046733 -0.706490
v -0.000857 -0.051744 -0.687590
v -0.000857 -0.051744 -0.687590
v -0.052297 -0.046733 -0.739090
v -0.063857 -0.046733 -0.723989
v -0.098697 -0.032183 -0.785490
v -0.120687 -0.032183 -0.756788
v -0.165787 -0.009523 -0.782888
v -0.135517 -0.009523 -0.822289
v -0.159167 0.019036 -0.845890
v -0.194747 0.019036 -0.799589
v -0.037227 -0.046733 -0.750589
v -0.098697 -0.032183 -0.785490
v -0.052297 -0.046733 -0.739090
v -0.000857 -0.051744 -0.687590
v -0.070037 -0.032183 -0.807489
v -0.135517 -0.009523 -0.822289
v -0.096077 -0.009523 -0.852589
v -0.112797 0.019036 -0.881489
v -0.159167 0.019036 -0.845890
v -0.078497 -0.099314 -0.397890
v -0.000857 -0.099314 -0.387589
v -0.078497 0.050687 -0.397890
v -0.000857 0.050687 -0.387589
v -0.150857 0.050687 -0.427790
v -0.150857 -0.099314 -0.427790
v -0.212987 0.050687 -0.475489
v -0.212987 -0.099314 -0.475489
v 0.211273 0.050687 -0.475489
v 0.211273 -0.099314 -0.475489
v 0.149143 0.050687 -0.427790
v 0.149143 -0.099314 -0.427790
v 0.076793 0.050687 -0.397890
v 0.076793 -0.099314 -0.397890
v -0.000857 0.050687 -0.387589
v -0.000857 -0.099314 -0.387589
v -0.112797 0.019036 -0.881489
v -0.058797 0.019036 -0.903889
v -0.061787 0.050687 -0.914989
v -0.118557 0.050687 -0.891489
v -0.058797 0.019036 -0.903889
v -0.000857 0.019036 -0.911489
v -0.000857 0.050687 -0.922989
v -0.061787 0.050687 -0.914989
v 0.057093 0.019036 -0.903889
v -0.000857 0.019036 -0.911489
v -0.000857 0.050687 -0.922989
v 0.060073 0.050687 -0.914989
v 0.057093 0.019036 -0.903889
v 0.111083 0.019036 -0.881489
v 0.060073 0.050687 -0.914989
v 0.116843 0.050687 -0.891489
v 0.157453 0.019036 -0.845890
v 0.116843 0.050687 -0.891489
v 0.111083 0.019036 -0.881489
v 0.165603 0.050687 -0.854090
v -0.112797 0.019036 -0.881489
v -0.159167 0.019036 -0.845890
v -0.118557 0.050687 -0.891489
v -0.167317 0.050687 -0.854090
v -0.212987 0.050687 -0.475489
v -0.212987 -0.099314 -0.475489
v -0.260667 0.050687 -0.537590
v -0.260667 -0.099314 -0.537590
v -0.290637 0.050687 -0.609989
v -0.290637 -0.099314 -0.609989
v -0.300857 0.050687 -0.687590
v -0.300857 -0.099314 -0.687590
v -0.290637 0.050687 -0.765289
v -0.290637 -0.099314 -0.765289
v -0.260667 0.050687 -0.837589
v -0.260667 -0.099314 -0.837589
v -0.212987 0.050687 -0.899790
v -0.212987 -0.099314 -0.899790
v 0.215403 0.019036 -0.745588
v 0.193033 0.019036 -0.799589
v 0.226533 0.050687 -0.748589
v 0.203013 0.050687 -0.805288
v 0.223033 0.019036 -0.687590
v 0.215403 0.019036 -0.745588
v 0.234553 0.050687 -0.687590
v 0.226533 0.050687 -0.748589
v 0.223033 0.019036 -0.687590
v 0.215403 0.019036 -0.629688
v 0.234553 0.050687 -0.687590
v 0.226533 0.050687 -0.626690
v 0.215403 0.019036 -0.629688
v 0.193033 0.019036 -0.575689
v 0.226533 0.050687 -0.626690
v 0.203013 0.050687 -0.569889
v 0.203013 0.050687 -0.569889
v 0.157453 0.019036 -0.529289
v 0.165603 0.050687 -0.521189
v 0.193033 0.019036 -0.575689
v 0.157453 0.019036 -0.845890
v 0.193033 0.019036 -0.799589
v 0.203013 0.050687 -0.805288
v 0.165603 0.050687 -0.854090
v 0.211273 -0.099314 -0.899790
v -0.260667 -0.099314 -0.537590
v -0.150857 -0.099314 -0.947390
v 0.076793 -0.099314 -0.977388
v 0.149143 -0.099314 -0.947390
v -0.000857 -0.099314 -0.987589
v -0.078497 -0.099314 -0.977388
v 0.211273 -0.099314 -0.475489
v 0.258953 -0.099314 -0.837589
v -0.300857 -0.099314 -0.687590
v -0.290637 -0.099314 -0.609989
v -0.290637 -0.099314 -0.765289
v -0.212987 -0.099314 -0.899790
v -0.260667 -0.099314 -0.837589
v 0.299143 -0.099314 -0.687590
v 0.288923 -0.099314 -0.765289
v 0.258953 -0.099314 -0.537590
v 0.288923 -0.099314 -0.609989
v -0.150857 -0.099314 -0.427790
v -0.212987 -0.099314 -0.475489
v -0.000857 -0.099314 -0.387589
v -0.078497 -0.099314 -0.397890
v 0.149143 -0.099314 -0.427790
v 0.076793 -0.099314 -0.397890
v -0.212987 0.050687 -0.899790
v -0.212987 -0.099314 -0.899790
v -0.150857 0.050687 -0.947390
v -0.150857 -0.099314 -0.947390
v -0.078497 0.050687 -0.977388
v -0.078497 -0.099314 -0.977388
v -0.000857 0.050687 -0.987589
v -0.000857 -0.099314 -0.987589
v 0.076793 0.050687 -0.977388
v 0.076793 -0.099314 -0.977388
v 0.149143 0.050687 -0.947390
v 0.149143 -0.099314 -0.947390
v 0.211273 0.050687 -0.899790
v 0.211273 -0.099314 -0.899790
v 0.111083 0.019036 -0.493689
v 0.157453 0.019036 -0.529289
v 0.116843 0.050687 -0.483789
v 0.165603 0.050687 -0.521189
v 0.057093 0.019036 -0.471390
v 0.111083 0.019036 -0.493689
v 0.060073 0.050687 -0.460190
v 0.116843 0.050687 -0.483789
v -0.000857 0.019036 -0.463690
v -0.058797 0.019036 -0.471390
v -0.000857 0.050687 -0.452188
v -0.061787 0.050687 -0.460190
v -0.112797 0.019036 -0.493689
v -0.058797 0.019036 -0.471390
v -0.061787 0.050687 -0.460190
v -0.118557 0.050687 -0.483789
v -0.112797 0.019036 -0.493689
v -0.159167 0.019036 -0.529289
v -0.118557 0.050687 -0.483789
v -0.167317 0.050687 -0.521189
v -0.000857 0.019036 -0.463690
v 0.057093 0.019036 -0.471390
v -0.000857 0.050687 -0.452188
v 0.060073 0.050687 -0.460190
v 0.299153 0.025687 0.072411
v 0.239153 -0.124313 0.012411
v 0.239153 0.025687 0.012411
v 0.299153 -0.124313 0.072411
v 0.269153 0.075687 0.102411
v 0.209153 0.025687 0.042410
v 0.209153 0.075687 0.042410
v 0.269153 0.025687 0.102411
v 0.299153 0.025687 0.552410
v 0.299153 -0.124313 0.072411
v 0.299153 0.025687 0.072411
v 0.299153 -0.124313 0.552410
v 0.269153 0.075687 0.522411
v 0.269153 0.025687 0.102411
v 0.269153 0.075687 0.102411
v 0.269153 0.025687 0.522411
v -0.210847 0.075687 0.582411
v 0.209153 0.075687 0.582411
v 0.209153 0.075687 0.042410
v 0.269153 0.075687 0.522411
v 0.269153 0.075687 0.102411
v -0.270847 0.075687 0.522411
v -0.210847 0.075687 0.042410
v -0.270847 0.075687 0.102411
v -0.240847 0.025687 0.612411
v 0.239153 0.025687 0.612411
v 0.239153 0.025687 0.012411
v 0.299153 0.025687 0.552410
v 0.299153 0.025687 0.072411
v -0.300847 0.025687 0.552410
v -0.240847 0.025687 0.012411
v -0.300847 0.025687 0.072411
v -0.240847 0.025687 0.612411
v -0.300847 0.025687 0.552410
v -0.240847 -0.124313 0.612411
v -0.300847 -0.124313 0.552410
v 0.299153 0.025687 0.552410
v 0.239153 0.025687 0.612411
v 0.299153 -0.124313 0.552410
v 0.239153 -0.124313 0.612411
v -0.270847 0.025687 0.522411
v -0.210847 0.025687 0.582411
v -0.270847 0.075687 0.522411
v -0.210847 0.075687 0.582411
v 0.209153 0.025687 0.582411
v 0.269153 0.025687 0.522411
v 0.209153 0.075687 0.582411
v 0.269153 0.075687 0.522411
v -0.240847 0.025687 0.612411
v 0.239153 -0.124313 0.612411
v 0.239153 0.025687 0.612411
v -0.240847 -0.124313 0.612411
v -0.210847 0.075687 0.582411
v 0.209153 0.025687 0.582411
v 0.209153 0.075687 0.582411
v -0.210847 0.025687 0.582411
v -0.300847 0.025687 0.072411
v -0.240847 0.025687 0.012411
v -0.300847 -0.124313 0.072411
v -0.240847 -0.124313 0.012411
v -0.210847 0.025687 0.042410
v -0.270847 0.025687 0.102411
v -0.210847 0.075687 0.042410
v -0.270847 0.075687 0.102411
v -0.300847 0.025687 0.072411
v -0.300847 -0.124313 0.552410
v -0.300847 0.025687 0.552410
v -0.300847 -0.124313 0.072411
v -0.270847 0.075687 0.102411
v -0.270847 0.025687 0.522411
v -0.270847 0.075687 0.522411
v -0.270847 0.025687 0.102411
v -0.240847 -0.124313 0.012411
v 0.239153 -0.124313 0.012411
v 0.299153 -0.124313 0.552410
v 0.299153 -0.124313 0.072411
v 0.239153 -0.124313 0.612411
v -0.240847 -0.124313 0.612411
v -0.300847 -0.124313 0.552410
v -0.300847 -0.124313 0.072411
v 0.239153 0.025687 0.012411
v -0.240847 -0.124313 0.012411
v -0.240847 0.025687 0.012411
v 0.239153 -0.124313 0.012411
v 0.209153 0.075687 0.042410
v -0.210847 0.025687 0.042410
v -0.210847 0.075687 0.042410
v 0.209153 0.025687 0.042410
vn 0.8644 -0.0000 -0.5029
vn 0.7071 -0.0000 -0.7071
vn 0.9659 -0.0000 -0.2589
vn 1.0000 -0.0000 0.0001
vn 0.9659 -0.0000 0.2591
vn 0.8644 -0.0000 0.5029
vn 0.7071 -0.0000 0.7071
vn 0.8128 0.3393 -0.4735
vn 0.5927 0.5453 -0.5927
vn 0.7266 0.5449 -0.4186
vn 0.6649 0.3404 -0.6649
vn 0.9081 0.3396 -0.2449
vn 0.8104 0.5429 -0.2203
vn 0.8128 0.3393 -0.4734
vn 0.9405 0.3398 -0.0000
vn 0.8104 0.5428 -0.2203
vn 0.8381 0.5455 -0.0000
vn 0.9082 0.3396 -0.2448
vn 0.8104 0.5429 0.2203
vn 0.9082 0.3396 0.2448
vn 0.7266 0.5449 0.4185
vn 0.9081 0.3396 0.2449
vn 0.8104 0.5428 0.2203
vn 0.8128 0.3393 0.4734
vn 0.5928 0.5453 0.5927
vn 0.8128 0.3393 0.4735
vn 0.7266 0.5449 0.4186
vn 0.6649 0.3404 0.6649
vn -0.0000 1.0000 -0.0000
vn -0.1413 0.9892 0.0393
vn -0.3081 0.9481 0.0790
vn -0.1257 0.9896 0.0707
vn -0.2765 0.9479 0.1580
vn -0.5254 0.8391 0.1412
vn -0.4713 0.8405 0.2671
vn -0.8104 0.5429 0.2203
vn -0.7265 0.5450 0.4185
vn -0.5254 0.8391 0.1411
vn -0.3162 0.9487 -0.0000
vn -0.5419 0.8404 -0.0000
vn -0.8381 0.5456 -0.0000
vn -0.1491 0.9888 -0.0000
vn -0.5254 0.8391 -0.1412
vn -0.8104 0.5429 -0.2203
vn -0.3081 0.9481 -0.0790
vn -0.1413 0.9892 -0.0393
vn -0.1257 0.9896 -0.0707
vn -0.1413 0.9892 -0.0392
vn -0.2765 0.9479 -0.1580
vn -0.4713 0.8405 -0.2671
vn -0.7265 0.5449 -0.4186
vn -0.5927 0.5454 -0.5927
vn -0.7265 0.5450 -0.4186
vn -0.3844 0.8394 -0.3844
vn -0.2287 0.9463 -0.2287
vn -0.1021 0.9895 -0.1021
vn -0.0707 0.9896 -0.1257
vn -0.1580 0.9479 -0.2765
vn -0.2671 0.8405 -0.4713
vn -0.4185 0.5449 -0.7265
vn -0.0790 0.9481 -0.3081
vn -0.0393 0.9892 -0.1413
vn -0.1412 0.8391 -0.5254
vn -0.2203 0.5429 -0.8104
vn -0.4185 0.5450 -0.7265
vn 0.1411 0.8391 -0.5254
vn -0.0000 0.5456 -0.8381
vn -0.0000 0.8404 -0.5419
vn 0.2203 0.5429 -0.8104
vn 0.0790 0.9481 -0.3081
vn -0.0000 0.9487 -0.3162
vn 0.0392 0.9892 -0.1413
vn -0.0000 0.9888 -0.1491
vn 0.1412 0.8391 -0.5254
vn 0.2671 0.8405 -0.4713
vn 0.4185 0.5450 -0.7265
vn 0.1580 0.9479 -0.2765
vn 0.0707 0.9896 -0.1257
vn 0.1021 0.9895 -0.1021
vn 0.2287 0.9463 -0.2287
vn 0.3844 0.8394 -0.3844
vn 0.4186 0.5449 -0.7265
vn 0.5927 0.5454 -0.5927
vn 0.4713 0.8405 -0.2671
vn 0.7265 0.5450 -0.4185
vn 0.3844 0.8394 -0.3843
vn 0.2765 0.9479 -0.1580
vn 0.1257 0.9896 -0.0707
vn 0.1413 0.9892 -0.0393
vn 0.3081 0.9481 -0.0790
vn 0.5254 0.8391 -0.1412
vn 0.7265 0.5449 -0.4185
vn 0.1580 0.9479 0.2765
vn 0.0707 0.9896 0.1256
vn 0.0790 0.9481 0.3081
vn 0.0393 0.9892 0.1413
vn 0.1412 0.8391 0.5254
vn 0.2671 0.8405 0.4713
vn 0.4185 0.5449 0.7265
vn 0.2203 0.5429 0.8104
vn -0.0000 0.8404 0.5419
vn 0.1411 0.8391 0.5254
vn -0.0000 0.9487 0.3162
vn -0.0000 0.5456 0.8381
vn -0.0000 0.9888 0.1491
vn -0.0790 0.9481 0.3081
vn -0.1411 0.8391 0.5254
vn -0.2203 0.5429 0.8104
vn -0.0393 0.9892 0.1413
vn -0.0707 0.9896 0.1257
vn -0.1580 0.9479 0.2765
vn -0.1412 0.8391 0.5254
vn -0.2671 0.8405 0.4713
vn -0.4185 0.5450 0.7265
vn -0.4186 0.5449 0.7265
vn -0.3843 0.8394 0.3844
vn -0.5927 0.5453 0.5927
vn -0.2287 0.9463 0.2287
vn -0.1021 0.9895 0.1021
vn -0.3844 0.8394 0.3844
vn -0.1411 0.8391 -0.5254
vn -0.0392 0.9892 -0.1413
vn 0.5419 0.8404 -0.0000
vn 0.3162 0.9487 -0.0000
vn 0.1491 0.9888 -0.0000
vn 0.1413 0.9892 -0.0392
vn 0.5254 0.8391 -0.1411
vn 0.8381 0.5456 -0.0000
vn 0.5254 0.8391 0.1411
vn 0.3081 0.9481 0.0790
vn 0.1413 0.9892 0.0393
vn 0.7265 0.5450 0.4185
vn 0.5254 0.8391 0.1412
vn 0.4713 0.8405 0.2671
vn 0.2765 0.9479 0.1580
vn 0.1256 0.9896 0.0707
vn 0.1021 0.9895 0.1021
vn 0.1257 0.9896 0.0707
vn 0.2287 0.9463 0.2287
vn 0.3844 0.8394 0.3844
vn 0.5927 0.5453 0.5927
vn 0.7265 0.5450 0.4186
vn 0.0707 0.9896 0.1257
vn -0.2589 -0.0000 0.9659
vn -0.0000 -0.0000 1.0000
vn -0.5029 -0.0000 0.8644
vn -0.7071 -0.0000 0.7071
vn 0.5028 -0.0000 0.8644
vn 0.5029 -0.0000 0.8643
vn 0.2594 -0.0000 0.9658
vn 0.2593 -0.0000 0.9658
vn 0.4186 0.5449 0.7266
vn 0.2203 0.5428 0.8104
vn 0.2448 0.3396 0.9082
vn 0.4735 0.3393 0.8128
vn -0.0000 0.5455 0.8381
vn -0.0000 0.3398 0.9405
vn -0.2203 0.5428 0.8104
vn -0.2448 0.3396 0.9082
vn -0.4185 0.5449 0.7266
vn -0.2449 0.3396 0.9081
vn -0.4735 0.3393 0.8128
vn -0.5927 0.5453 0.5928
vn -0.4186 0.5449 0.7266
vn -0.6649 0.3404 0.6649
vn 0.5927 0.5453 0.5928
vn -0.8644 -0.0000 0.5029
vn -0.9659 -0.0000 0.2591
vn -1.0000 -0.0000 0.0001
vn -0.9659 -0.0000 -0.2589
vn -0.8644 -0.0000 -0.5029
vn -0.7071 -0.0000 -0.7071
vn -0.7266 0.5449 0.4186
vn -0.9081 0.3396 0.2449
vn -0.8128 0.3393 0.4734
vn -0.8381 0.5455 -0.0000
vn -0.9405 0.3398 -0.0000
vn -0.9082 0.3396 0.2448
vn -0.9082 0.3396 -0.2448
vn -0.7266 0.5449 -0.4186
vn -0.9082 0.3396 -0.2449
vn -0.8128 0.3393 -0.4734
vn -0.8128 0.3393 -0.4735
vn -0.5928 0.5453 -0.5927
vn -0.6649 0.3404 -0.6649
vn -0.5928 0.5453 0.5927
vn -0.8128 0.3393 0.4735
vn -0.0000 -1.0000 -0.0000
vn -0.5029 -0.0000 -0.8644
vn -0.2592 -0.0000 -0.9658
vn -0.0000 -0.0000 -1.0000
vn 0.2594 -0.0000 -0.9658
vn 0.2589 -0.0000 -0.9659
vn 0.5029 -0.0000 -0.8644
vn -0.5927 0.5453 -0.5927
vn -0.4186 0.5449 -0.7266
vn -0.4735 0.3393 -0.8128
vn -0.2448 0.3396 -0.9082
vn -0.4734 0.3393 -0.8128
vn -0.0000 0.3398 -0.9405
vn -0.0000 0.5455 -0.8381
vn 0.2448 0.3387 -0.9085
vn 0.4185 0.5449 -0.7266
vn 0.2449 0.3396 -0.9081
vn 0.2203 0.5428 -0.8104
vn 0.4734 0.3393 -0.8128
vn 0.5927 0.5453 -0.5928
vn 0.4735 0.3393 -0.8128
vn 0.4186 0.5449 -0.7266
vn -0.2203 0.5428 -0.8104
vn -0.7266 0.5449 0.4185
vn 0.0393 0.9892 -0.1413
vn 0.4185 0.5449 0.7266
vn -0.9082 0.3396 0.2449
vn -0.7266 0.5449 -0.4185
vn -0.9081 0.3396 -0.2449
vn 0.2449 0.3396 -0.9082
vn 1.0000 -0.0000 -0.0000
vn -1.0000 -0.0000 -0.0000
vt 0.674137 1.158290
vt 0.754908 0.963295
vt 0.754908 1.158290
vt 0.674137 0.963295
vt 0.580076 1.158290
vt 0.580076 0.963295
vt 0.479137 1.158290
vt 0.479137 0.963295
vt 0.378197 1.158290
vt 0.378197 0.963295
vt 0.284137 1.158290
vt 0.284137 0.963295
vt 0.203365 1.158290
vt 0.203365 0.963295
vt 0.326123 1.158290
vt 0.273334 1.117140
vt 0.333612 1.117140
vt 0.262742 1.158290
vt 0.399931 1.158290
vt 0.403807 1.117140
vt 0.479137 1.117140
vt 0.554466 1.117140
vt 0.558342 1.158290
vt 0.624662 1.117140
vt 0.632151 1.158290
vt 0.684940 1.117140
vt 0.695531 1.158290
vt 0.674137 0.723045
vt 0.695531 0.844400
vt 0.632150 0.795767
vt 0.754908 0.785023
vt 0.744164 0.907780
vt 0.816887 0.865795
vt 0.479137 0.670795
vt 0.558342 0.765194
vt 0.479137 0.754767
vt 0.580076 0.684083
vt 0.855848 0.959855
vt 0.785164 1.060790
vt 0.774737 0.981589
vt 0.869136 1.060790
vt 0.855848 1.161730
vt 0.774737 1.140000
vt 0.816886 1.255790
vt 0.744164 1.213810
vt 0.632151 1.325820
vt 0.754908 1.336570
vt 0.674137 1.398540
vt 0.695531 1.277190
vt 0.558342 1.356390
vt 0.580076 1.437510
vt 0.479137 1.366820
vt 0.479137 1.450790
vt 0.399931 1.356390
vt 0.378197 1.437510
vt 0.326123 1.325820
vt 0.284136 1.398540
vt 0.262742 1.277190
vt 0.203365 1.336570
vt 0.141386 1.255790
vt 0.214109 1.213810
vt 0.183536 0.981589
vt 0.141387 0.865795
vt 0.214109 0.907780
vt 0.102425 0.959855
vt 0.102425 1.161730
vt 0.183536 1.140000
vt 0.089137 1.060790
vt 0.173109 1.060790
vt 0.284137 0.723044
vt 0.399931 0.765194
vt 0.326123 0.795767
vt 0.378197 0.684083
vt 0.203365 0.785023
vt 0.262742 0.844400
vt 0.387791 1.036320
vt 0.305387 1.014240
vt 0.397238 1.013510
vt 0.479137 1.060790
vt 0.323357 0.970855
vt 0.239991 0.996716
vt 0.264724 0.937003
vt 0.198004 0.985465
vt 0.227080 0.915270
vt 0.299258 1.060790
vt 0.231555 1.060790
vt 0.188087 1.060790
vt 0.384569 1.060790
vt 0.239991 1.124870
vt 0.198004 1.136120
vt 0.305387 1.107350
vt 0.387791 1.085270
vt 0.397238 1.108080
vt 0.323357 1.150730
vt 0.264724 1.184590
vt 0.227080 1.206320
vt 0.273333 1.266600
vt 0.304070 1.235860
vt 0.351943 1.187990
vt 0.412267 1.127660
vt 0.431853 1.142690
vt 0.389197 1.216570
vt 0.355346 1.275210
vt 0.333612 1.312850
vt 0.432581 1.234540
vt 0.454661 1.152140
vt 0.415058 1.299940
vt 0.403807 1.341930
vt 0.543215 1.299940
vt 0.479137 1.351840
vt 0.479137 1.308380
vt 0.554466 1.341930
vt 0.525692 1.234540
vt 0.479137 1.240670
vt 0.503613 1.152140
vt 0.479137 1.155360
vt 0.602928 1.275210
vt 0.624662 1.312850
vt 0.569076 1.216570
vt 0.526421 1.142690
vt 0.546006 1.127660
vt 0.606330 1.187990
vt 0.654203 1.235860
vt 0.684940 1.266600
vt 0.693549 1.184590
vt 0.731193 1.206320
vt 0.634916 1.150730
vt 0.561035 1.108080
vt 0.570482 1.085270
vt 0.652886 1.107350
vt 0.718282 1.124870
vt 0.760269 1.136120
vt 0.569076 0.905015
vt 0.526421 0.978896
vt 0.525692 0.887045
vt 0.503613 0.969449
vt 0.543215 0.821649
vt 0.602928 0.846382
vt 0.624662 0.808738
vt 0.554466 0.779662
vt 0.479137 0.813213
vt 0.479137 0.880916
vt 0.479137 0.769745
vt 0.479137 0.966227
vt 0.432581 0.887045
vt 0.415058 0.821649
vt 0.403807 0.779662
vt 0.454661 0.969449
vt 0.431853 0.978896
vt 0.389197 0.905015
vt 0.355346 0.846382
vt 0.333612 0.808738
vt 0.304070 0.885728
vt 0.273333 0.854991
vt 0.351943 0.933601
vt 0.412267 0.993925
vt 0.726718 1.060790
vt 0.659015 1.060790
vt 0.573704 1.060790
vt 0.770186 1.060790
vt 0.718282 0.996716
vt 0.652886 1.014240
vt 0.570482 1.036320
vt 0.760269 0.985465
vt 0.731193 0.915270
vt 0.693549 0.937003
vt 0.634916 0.970855
vt 0.561035 1.013510
vt 0.546006 0.993925
vt 0.606330 0.933601
vt 0.654203 0.885727
vt 0.684940 0.854991
vt 0.632150 1.158290
vt 0.273333 1.117140
vt 0.326122 1.158290
vt 0.554465 1.117140
vt 0.624661 1.117140
vt 0.141387 1.255790
vt 0.284137 0.723045
vt 0.674137 0.723044
vt 0.816886 0.865795
vt 0.141386 0.865795
vt 0.816887 1.255790
vt 0.284137 1.398540
vt -0.477459 0.702633
vt -0.396688 0.507633
vt -0.396688 0.702633
vt -0.477459 0.507633
vt -0.571520 0.702633
vt -0.571520 0.507633
vt -0.672459 0.702633
vt -0.672459 0.507633
vt -0.773399 0.702633
vt -0.773399 0.507633
vt -0.867459 0.702633
vt -0.867459 0.507633
vt -0.948231 0.702633
vt -0.948231 0.507633
vt -0.825473 0.702633
vt -0.878262 0.661482
vt -0.817984 0.661482
vt -0.888853 0.702633
vt -0.751665 0.702633
vt -0.747788 0.661482
vt -0.672459 0.661482
vt -0.597130 0.661482
vt -0.593253 0.702633
vt -0.526934 0.661482
vt -0.519445 0.702633
vt -0.466656 0.661482
vt -0.456065 0.702633
vt -0.477459 0.267383
vt -0.456065 0.388739
vt -0.519445 0.340105
vt -0.396688 0.329361
vt -0.407431 0.452119
vt -0.334709 0.410133
vt -0.672459 0.215133
vt -0.593253 0.309533
vt -0.672459 0.299105
vt -0.571520 0.228422
vt -0.295748 0.504194
vt -0.366431 0.605133
vt -0.376859 0.525927
vt -0.282459 0.605133
vt -0.295748 0.706073
vt -0.376859 0.684339
vt -0.334710 0.800133
vt -0.407431 0.758147
vt -0.519445 0.870161
vt -0.396688 0.880905
vt -0.477459 0.942883
vt -0.456065 0.821527
vt -0.593253 0.900733
vt -0.571520 0.981844
vt -0.672459 0.911161
vt -0.672459 0.995133
vt -0.751665 0.900733
vt -0.773399 0.981844
vt -0.825473 0.870161
vt -0.867460 0.942883
vt -0.888853 0.821527
vt -0.948231 0.880904
vt -1.010210 0.800133
vt -0.937487 0.758147
vt -0.968059 0.525927
vt -1.010210 0.410133
vt -0.937487 0.452119
vt -1.049170 0.504194
vt -1.049170 0.706073
vt -0.968059 0.684339
vt -1.062460 0.605133
vt -0.978487 0.605133
vt -0.867459 0.267383
vt -0.751665 0.309533
vt -0.825473 0.340105
vt -0.773399 0.228422
vt -0.948231 0.329361
vt -0.888853 0.388739
vt -0.763805 0.580657
vt -0.846209 0.558577
vt -0.754357 0.557849
vt -0.672459 0.605133
vt -0.828239 0.515194
vt -0.911605 0.541054
vt -0.886871 0.481342
vt -0.953591 0.529804
vt -0.924516 0.459608
vt -0.852338 0.605133
vt -0.920041 0.605133
vt -0.963509 0.605133
vt -0.767027 0.605133
vt -0.911605 0.669212
vt -0.953591 0.680462
vt -0.846209 0.651689
vt -0.763805 0.629609
vt -0.754357 0.652417
vt -0.828239 0.695072
vt -0.886871 0.728924
vt -0.924516 0.750658
vt -0.878263 0.810936
vt -0.847526 0.780200
vt -0.799653 0.732327
vt -0.739329 0.672002
vt -0.719743 0.687031
vt -0.762399 0.760912
vt -0.796250 0.819545
vt -0.817984 0.857189
vt -0.719015 0.778882
vt -0.696935 0.696478
vt -0.736538 0.844279
vt -0.747788 0.886265
vt -0.608380 0.844279
vt -0.672459 0.896183
vt -0.672459 0.852715
vt -0.597130 0.886265
vt -0.625903 0.778882
vt -0.672459 0.785012
vt -0.647983 0.696478
vt -0.672459 0.699701
vt -0.548668 0.819545
vt -0.526934 0.857189
vt -0.582520 0.760912
vt -0.625175 0.687031
vt -0.605590 0.672002
vt -0.545266 0.732327
vt -0.497393 0.780200
vt -0.466656 0.810936
vt -0.458047 0.728924
vt -0.420403 0.750658
vt -0.516680 0.695072
vt -0.590561 0.652417
vt -0.581114 0.629609
vt -0.498710 0.651689
vt -0.433314 0.669212
vt -0.391327 0.680462
vt -0.582520 0.449353
vt -0.625175 0.523235
vt -0.625903 0.431383
vt -0.647983 0.513787
vt -0.608380 0.365987
vt -0.548668 0.390721
vt -0.526934 0.353077
vt -0.597130 0.324000
vt -0.672459 0.357551
vt -0.672459 0.425254
vt -0.672459 0.314083
vt -0.672459 0.510565
vt -0.719015 0.431383
vt -0.736538 0.365987
vt -0.747788 0.324000
vt -0.696935 0.513787
vt -0.719743 0.523235
vt -0.762399 0.449353
vt -0.796250 0.390721
vt -0.817984 0.353077
vt -0.847526 0.430066
vt -0.878263 0.399330
vt -0.799653 0.477940
vt -0.739329 0.538263
vt -0.424878 0.605133
vt -0.492581 0.605133
vt -0.577891 0.605133
vt -0.381409 0.605133
vt -0.433314 0.541054
vt -0.498710 0.558577
vt -0.581114 0.580657
vt -0.391327 0.529804
vt -0.420403 0.459608
vt -0.458047 0.481342
vt -0.516680 0.515194
vt -0.590561 0.557849
vt -0.605590 0.538263
vt -0.545266 0.477940
vt -0.497393 0.430066
vt -0.466656 0.399330
vt -0.571519 0.702633
vt -0.571519 0.507633
vt -0.878263 0.661482
vt -0.593254 0.702633
vt -0.526935 0.661482
vt -0.888854 0.702633
vt -0.396688 0.880904
vt -0.334710 0.410133
vt -0.334709 0.800133
vt -0.867459 0.942883
vt -0.948231 0.880905
vt -0.571519 0.981844
vt -0.414457 0.695779
vt -0.333686 0.500779
vt -0.333686 0.695779
vt -0.414457 0.500779
vt -0.508518 0.695779
vt -0.508518 0.500779
vt -0.609457 0.695779
vt -0.609457 0.500779
vt -0.710397 0.695779
vt -0.710397 0.500779
vt -0.804457 0.695779
vt -0.804457 0.500779
vt -0.885229 0.695779
vt -0.885229 0.500779
vt -0.762471 0.695779
vt -0.815260 0.654628
vt -0.754982 0.654628
vt -0.825852 0.695779
vt -0.688663 0.695779
vt -0.684787 0.654628
vt -0.609457 0.654628
vt -0.534128 0.654628
vt -0.530252 0.695779
vt -0.463932 0.654628
vt -0.456443 0.695779
vt -0.403654 0.654628
vt -0.393063 0.695779
vt -0.414457 0.260530
vt -0.393063 0.381885
vt -0.456444 0.333251
vt -0.333686 0.322508
vt -0.344429 0.445265
vt -0.271707 0.403279
vt -0.609457 0.208279
vt -0.530252 0.302679
vt -0.609457 0.292251
vt -0.508518 0.221568
vt -0.232746 0.497340
vt -0.303430 0.598279
vt -0.313857 0.519073
vt -0.219457 0.598279
vt -0.232746 0.699219
vt -0.313857 0.677485
vt -0.271708 0.793279
vt -0.344429 0.751293
vt -0.456443 0.863307
vt -0.333686 0.874051
vt -0.414457 0.936029
vt -0.393063 0.814673
vt -0.530252 0.893879
vt -0.508518 0.974990
vt -0.609457 0.904307
vt -0.609457 0.988279
vt -0.688663 0.893879
vt -0.710397 0.974990
vt -0.762471 0.863307
vt -0.804458 0.936029
vt -0.825852 0.814673
vt -0.885229 0.874050
vt -0.947208 0.793279
vt -0.874485 0.751293
vt -0.905058 0.519073
vt -0.947207 0.403279
vt -0.874485 0.445265
vt -0.986169 0.497340
vt -0.986169 0.699219
vt -0.905058 0.677485
vt -0.999457 0.598279
vt -0.915485 0.598279
vt -0.804457 0.260529
vt -0.688663 0.302679
vt -0.762471 0.333251
vt -0.710397 0.221568
vt -0.885229 0.322508
vt -0.825852 0.381885
vt -0.700803 0.573803
vt -0.783207 0.551723
vt -0.691355 0.550995
vt -0.609457 0.598279
vt -0.765237 0.508340
vt -0.848603 0.534200
vt -0.823870 0.474488
vt -0.890590 0.522950
vt -0.861514 0.452754
vt -0.789336 0.598279
vt -0.857039 0.598279
vt -0.900507 0.598279
vt -0.704025 0.598279
vt -0.848603 0.662358
vt -0.890590 0.673608
vt -0.783207 0.644835
vt -0.700803 0.622755
vt -0.691355 0.645563
vt -0.765237 0.688218
vt -0.823870 0.722070
vt -0.861514 0.743804
vt -0.815261 0.804082
vt -0.784524 0.773346
vt -0.736651 0.725473
vt -0.676327 0.665149
vt -0.656741 0.680177
vt -0.699397 0.754058
vt -0.733248 0.812691
vt -0.754982 0.850335
vt -0.656013 0.772028
vt -0.633933 0.689625
vt -0.673536 0.837425
vt -0.684787 0.879411
vt -0.545379 0.837425
vt -0.609457 0.889329
vt -0.609457 0.845861
vt -0.534128 0.879411
vt -0.562902 0.772028
vt -0.609457 0.778158
vt -0.584981 0.689625
vt -0.609457 0.692847
vt -0.485666 0.812691
vt -0.463932 0.850335
vt -0.519518 0.754058
vt -0.562173 0.680177
vt -0.542588 0.665149
vt -0.482264 0.725473
vt -0.434391 0.773346
vt -0.403654 0.804082
vt -0.395045 0.722070
vt -0.357401 0.743804
vt -0.453678 0.688218
vt -0.527559 0.645563
vt -0.518112 0.622755
vt -0.435708 0.644835
vt -0.370312 0.662358
vt -0.328325 0.673608
vt -0.519518 0.442500
vt -0.562173 0.516381
vt -0.562902 0.424530
vt -0.584981 0.506933
vt -0.545379 0.359134
vt -0.485666 0.383867
vt -0.463932 0.346223
vt -0.534128 0.317147
vt -0.609457 0.350697
vt -0.609457 0.418400
vt -0.609457 0.307229
vt -0.609457 0.503711
vt -0.656013 0.424530
vt -0.673536 0.359134
vt -0.684787 0.317147
vt -0.633933 0.506933
vt -0.656741 0.516381
vt -0.699397 0.442500
vt -0.733248 0.383867
vt -0.754982 0.346223
vt -0.784524 0.423213
vt -0.815261 0.392476
vt -0.736651 0.471086
vt -0.676327 0.531409
vt -0.361876 0.598279
vt -0.429579 0.598279
vt -0.514889 0.598279
vt -0.318408 0.598279
vt -0.370312 0.534200
vt -0.435708 0.551723
vt -0.518112 0.573803
vt -0.328325 0.522950
vt -0.357401 0.452754
vt -0.395045 0.474488
vt -0.453678 0.508340
vt -0.527559 0.550995
vt -0.542588 0.531409
vt -0.482264 0.471086
vt -0.434391 0.423212
vt -0.403654 0.392476
vt -0.456444 0.695779
vt -0.815261 0.654628
vt -0.762472 0.695779
vt -0.534129 0.654628
vt -0.463933 0.654628
vt -0.947207 0.793279
vt -0.804457 0.260530
vt -0.414457 0.260529
vt -0.333686 0.874050
vt -0.271708 0.403279
vt -0.947208 0.403279
vt -0.271707 0.793279
vt -0.804457 0.936029
vt -0.885229 0.874051
vt 0.808602 0.655508
vt 0.886602 0.460509
vt 0.886602 0.655508
vt 0.808602 0.460509
vt 0.769602 0.720508
vt 0.847602 0.655508
vt 0.847602 0.720508
vt 0.769602 0.655508
vt 0.184602 0.655508
vt 0.184602 0.460508
vt 0.223602 0.720508
vt 0.223602 0.655508
vt 0.769602 0.941508
vt 0.223602 0.941508
vt 0.223602 0.239508
vt 0.145602 0.863508
vt 0.145602 0.317508
vt 0.847602 0.863508
vt 0.769602 0.239508
vt 0.847602 0.317508
vt 0.808602 0.980508
vt 0.184602 0.980508
vt 0.184602 0.200508
vt 0.106602 0.902508
vt 0.106602 0.278508
vt 0.886602 0.902508
vt 0.808602 0.200508
vt 0.886602 0.278508
vt 0.106602 0.655508
vt 0.106602 0.460508
vt 0.886602 0.460508
vt 0.808602 0.460508
vt 0.145602 0.655508
vt 0.145602 0.720508
vt 0.184602 0.460509
vt 0.106602 0.460509
vt 0.808603 0.460508
vt 0.808603 0.655508
vt 0.769603 0.655508
vt 0.769603 0.720508
s 1
usemtl Output21Mtl.002
f 3/1/1 2/2/2 1/3/2
f 2/2/2 3/1/1 4/4/1
f 3/1/1 5/5/3 4/4/1
f 4/4/1 5/5/3 6/6/3
f 5/5/3 7/7/4 6/6/3
f 6/6/3 7/7/4 8/8/4
f 7/7/4 9/9/5 8/8/4
f 8/8/4 9/9/5 10/10/5
f 9/9/5 11/11/6 10/10/5
f 10/10/5 11/11/6 12/12/6
f 12/12/6 11/11/6 13/13/7
f 12/12/6 13/13/7 14/14/7
f 15/15/8 16/16/9 17/17/10
f 16/16/9 15/15/8 18/18/11
f 21/19/12 20/17/10 19/20/13
f 20/17/10 21/19/12 22/15/14
f 25/7/15 24/20/16 23/21/17
f 24/20/16 25/7/15 26/19/18
f 27/22/19 29/7/15 28/21/17
f 29/7/15 27/22/19 30/23/20
f 31/24/21 33/23/22 32/22/23
f 33/23/22 31/24/21 34/25/24
f 35/26/25 37/25/26 36/24/27
f 37/25/26 35/26/25 38/27/28
f 39/28/29 40/29/29 41/30/29
f 40/29/29 39/28/29 42/31/29
f 43/32/29 44/31/29 45/33/29
f 44/31/29 43/32/29 46/29/29
f 47/34/29 48/35/29 49/36/29
f 48/35/29 47/34/29 50/37/29
f 51/35/29 52/28/29 53/30/29
f 52/28/29 51/35/29 54/37/29
f 55/38/29 56/39/29 57/40/29
f 56/39/29 55/38/29 58/41/29
f 59/39/29 60/41/29 61/42/29
f 59/39/29 61/42/29 62/43/29
f 63/44/29 64/45/29 65/42/29
f 65/42/29 64/45/29 66/43/29
f 67/38/29 68/32/29 69/33/29
f 68/32/29 67/38/29 70/40/29
f 71/46/29 72/47/29 73/48/29
f 72/47/29 71/46/29 74/49/29
f 75/50/29 76/48/29 77/51/29
f 76/48/29 75/50/29 78/46/29
f 79/52/29 80/51/29 81/53/29
f 82/51/29 83/52/29 84/50/29
f 85/49/29 86/44/29 87/47/29
f 86/44/29 85/49/29 88/45/29
f 89/53/29 90/54/29 91/52/29
f 90/54/29 89/53/29 92/55/29
f 93/55/29 94/56/29 95/54/29
f 94/56/29 93/55/29 96/57/29
f 97/56/29 98/57/29 99/58/29
f 98/57/29 100/59/29 99/58/29
f 101/60/29 102/61/29 103/59/29
f 103/59/29 102/61/29 104/58/29
f 105/62/29 106/63/29 107/64/29
f 106/63/29 105/62/29 108/65/29
f 109/60/29 110/66/29 111/61/29
f 110/66/29 112/67/29 111/61/29
f 113/67/29 114/68/29 115/69/29
f 116/68/29 117/67/29 118/66/29
f 119/69/29 120/65/29 121/62/29
f 120/65/29 119/69/29 122/68/29
f 123/70/29 124/71/29 125/72/29
f 124/71/29 123/70/29 126/73/29
f 127/73/29 128/34/29 129/71/29
f 128/34/29 130/36/29 129/71/29
f 131/64/29 132/74/29 133/75/29
f 132/74/29 131/64/29 134/63/29
f 135/75/29 136/74/29 137/72/29
f 136/74/29 138/70/29 137/72/29
f 139/76/30 140/77/31 141/78/32
f 142/79/29 139/76/30 141/78/32
f 141/78/32 140/77/31 143/80/33
f 140/77/31 144/81/34 143/80/33
f 143/80/33 144/81/34 145/82/35
f 145/82/35 144/81/34 146/83/36
f 145/82/35 146/83/36 147/84/37
f 148/81/38 149/85/39 150/86/40
f 148/81/38 150/86/40 151/87/41
f 149/85/39 148/81/38 152/77/31
f 148/81/38 151/87/41 153/83/36
f 152/77/31 154/76/30 149/85/39
f 155/88/42 149/85/39 154/76/30
f 156/79/29 155/88/42 154/76/30
f 157/87/41 158/89/43 159/90/44
f 158/89/43 157/87/41 160/86/40
f 160/86/40 161/85/39 158/89/43
f 161/85/39 162/91/45 158/89/43
f 161/85/39 163/92/46 162/91/45
f 163/92/46 161/85/39 164/88/42
f 165/79/29 163/92/46 164/88/42
f 166/79/29 167/93/47 168/92/48
f 167/93/47 169/91/45 168/92/48
f 169/91/45 167/93/47 170/94/49
f 170/94/49 171/89/43 169/91/45
f 171/89/43 170/94/49 172/95/50
f 172/95/50 173/90/44 171/89/43
f 173/90/44 172/95/50 174/96/51
f 175/97/52 176/96/53 177/95/50
f 175/97/52 177/95/50 178/98/54
f 177/95/50 179/99/55 178/98/54
f 179/99/55 177/95/50 180/94/49
f 180/94/49 181/100/56 179/99/55
f 181/100/56 180/94/49 182/93/47
f 183/79/29 181/100/56 182/93/47
f 184/101/57 185/99/55 186/100/56
f 187/79/29 184/101/57 186/100/56
f 185/99/55 184/101/57 188/102/58
f 189/103/59 185/99/55 188/102/58
f 185/99/55 189/103/59 190/98/54
f 191/104/60 190/98/54 189/103/59
f 190/98/54 191/104/60 192/97/52
f 193/105/61 194/103/59 195/102/58
f 196/101/57 193/105/61 195/102/58
f 193/105/61 196/101/57 197/106/62
f 198/79/29 197/106/62 196/101/57
f 194/103/59 193/105/61 199/107/63
f 200/108/64 194/103/59 199/107/63
f 194/103/59 200/108/64 201/104/65
f 202/109/66 203/110/67 204/111/68
f 203/110/67 202/109/66 205/112/69
f 204/111/68 206/113/70 202/109/66
f 206/113/70 204/111/68 207/114/71
f 207/114/71 208/115/72 206/113/70
f 208/115/72 207/114/71 209/116/73
f 210/79/29 208/115/72 209/116/73
f 211/109/74 212/117/75 213/118/76
f 211/109/74 214/119/77 212/117/75
f 211/109/74 213/118/76 215/112/69
f 214/119/77 211/109/74 216/113/70
f 216/113/70 217/120/78 214/119/77
f 217/120/78 216/113/70 218/115/72
f 219/79/29 217/120/78 218/115/72
f 220/79/29 221/121/79 222/120/78
f 222/120/78 221/121/79 223/122/80
f 224/119/77 222/120/78 223/122/80
f 223/122/80 225/117/75 224/119/77
f 225/117/75 223/122/80 226/123/81
f 226/123/81 227/118/82 225/117/75
f 227/118/82 226/123/81 228/124/83
f 229/124/83 231/125/84 230/126/85
f 231/125/84 229/124/83 232/123/86
f 231/125/84 232/123/86 233/122/80
f 231/125/84 233/122/80 234/127/87
f 233/122/80 235/121/79 234/127/87
f 234/127/87 235/121/79 236/128/88
f 237/79/29 236/128/88 235/121/79
f 238/127/87 239/129/89 240/130/90
f 239/129/89 238/127/87 241/128/88
f 242/79/29 239/129/89 241/128/88
f 240/130/90 243/125/84 238/127/87
f 243/125/84 240/130/90 244/131/91
f 245/132/13 243/125/84 244/131/91
f 245/132/13 246/126/92 243/125/84
f 247/133/93 248/134/94 249/135/95
f 248/134/94 250/136/96 249/135/95
f 251/79/29 250/136/96 248/134/94
f 247/133/93 249/135/95 252/137/97
f 253/138/98 247/133/93 252/137/97
f 252/137/97 254/139/99 253/138/98
f 254/139/99 252/137/97 255/140/100
f 256/141/101 257/137/102 258/135/95
f 256/141/101 259/140/100 257/137/102
f 256/141/101 258/135/95 260/142/103
f 259/140/100 256/141/101 261/143/104
f 258/135/95 262/136/96 260/142/103
f 260/142/103 262/136/96 263/144/105
f 264/79/29 263/144/105 262/136/96
f 265/141/101 266/145/106 267/146/107
f 268/147/108 265/141/101 267/146/107
f 266/145/106 265/141/101 269/142/103
f 268/147/108 270/143/104 265/141/101
f 269/142/103 271/148/109 266/145/106
f 271/148/109 269/142/103 272/144/105
f 273/79/29 271/148/109 272/144/105
f 274/79/29 275/149/110 276/148/109
f 275/149/110 277/145/106 276/148/109
f 277/145/106 275/149/110 278/150/111
f 278/150/111 279/146/112 277/145/106
f 279/146/112 278/150/111 280/151/113
f 280/151/113 281/147/108 279/146/112
f 281/147/108 280/151/113 282/152/114
f 284/152/115 285/153/116 283/154/117
f 285/153/116 284/152/115 286/151/113
f 287/150/111 285/153/116 286/151/113
f 285/153/116 287/150/111 288/155/118
f 289/149/110 288/155/118 287/150/111
f 288/155/118 289/149/110 290/156/119
f 291/79/29 290/156/119 289/149/110
f 292/78/32 293/155/118 294/156/119
f 295/79/29 292/78/32 294/156/119
f 293/155/118 292/78/32 296/80/33
f 296/80/33 297/153/120 293/155/118
f 297/153/120 296/80/33 298/82/35
f 298/82/35 299/154/117 297/153/120
f 299/154/117 298/82/35 300/84/37
f 301/111/68 302/105/61 303/114/71
f 302/105/61 301/111/68 304/107/121
f 305/106/122 303/114/71 302/105/61
f 303/114/71 305/106/122 306/116/73
f 307/79/29 306/116/73 305/106/122
f 308/110/67 304/107/121 301/111/68
f 304/107/121 308/110/67 309/108/64
f 310/157/123 311/130/90 312/158/124
f 311/130/90 313/159/125 312/158/124
f 313/159/125 311/130/90 314/129/126
f 315/79/29 313/159/125 314/129/126
f 311/130/90 310/157/123 316/131/127
f 317/160/128 316/131/127 310/157/123
f 316/131/127 317/160/128 318/132/13
f 319/161/129 320/158/124 321/162/130
f 320/158/124 319/161/129 322/157/123
f 323/159/125 321/162/130 320/158/124
f 321/162/130 323/159/125 324/163/131
f 325/79/29 324/163/131 323/159/125
f 326/164/19 322/157/123 319/161/129
f 322/157/123 326/164/19 327/160/128
f 328/165/132 329/161/133 330/166/134
f 329/161/133 331/167/135 330/166/134
f 329/161/133 328/165/132 332/164/19
f 331/167/135 329/161/133 333/162/130
f 333/162/130 334/168/136 331/167/135
f 334/168/136 333/162/130 335/163/131
f 336/79/29 334/168/136 335/163/131
f 337/79/29 338/169/137 339/168/138
f 338/169/137 340/170/139 339/168/138
f 339/168/138 340/170/139 341/167/135
f 340/170/139 342/166/134 341/167/135
f 342/166/134 340/170/139 343/171/140
f 342/166/134 343/171/140 344/172/141
f 342/166/134 344/172/141 345/165/142
f 346/134/143 347/170/139 348/169/137
f 349/79/29 346/134/143 348/169/137
f 347/170/139 346/134/143 350/133/93
f 350/133/93 351/171/140 347/170/139
f 351/171/140 350/133/93 352/138/98
f 351/171/140 352/138/98 353/139/99
f 351/171/140 353/139/99 354/172/141
f 355/10/144 356/8/145 357/9/144
f 356/8/145 358/7/145 357/9/144
f 355/10/144 357/9/144 359/11/146
f 360/12/146 355/10/144 359/11/146
f 360/12/146 359/11/146 361/13/147
f 361/13/147 362/14/147 360/12/146
f 364/2/7 363/3/7 365/1/148
f 365/1/148 366/4/149 364/2/7
f 366/4/149 365/1/148 367/5/150
f 368/6/151 366/4/149 367/5/150
f 368/6/151 367/5/150 369/7/145
f 370/8/145 368/6/151 369/7/145
f 371/17/152 372/20/153 373/19/154
f 371/17/152 373/19/154 374/15/155
f 375/20/100 376/21/156 377/7/157
f 375/20/100 377/7/157 378/19/154
f 379/22/158 381/7/157 380/21/156
f 381/7/157 379/22/158 382/23/159
f 384/24/160 385/23/161 383/22/108
f 385/23/161 384/24/160 386/173/162
f 387/26/163 388/173/162 389/24/164
f 388/173/162 387/26/163 390/27/165
f 391/17/152 393/15/155 392/174/166
f 392/174/166 393/15/155 394/18/28
f 397/1/167 396/2/147 395/3/147
f 397/1/167 398/4/167 396/2/147
f 399/5/168 398/4/167 397/1/167
f 399/5/168 400/6/168 398/4/167
f 401/7/169 400/6/168 399/5/168
f 401/7/169 402/8/169 400/6/168
f 403/9/170 402/8/169 401/7/169
f 403/9/170 404/10/170 402/8/169
f 405/11/171 404/10/170 403/9/170
f 405/11/171 406/12/171 404/10/170
f 407/13/172 406/12/171 405/11/171
f 407/13/172 408/14/172 406/12/171
f 410/17/173 409/20/36 411/19/174
f 411/19/174 412/175/175 410/17/173
f 414/20/36 413/21/176 415/7/177
f 415/7/177 416/19/178 414/20/36
f 418/176/44 419/7/177 417/21/176
f 419/7/177 418/176/44 420/23/179
f 422/177/180 423/23/181 421/176/44
f 423/23/181 422/177/180 424/173/182
f 425/173/183 426/26/184 427/27/185
f 426/26/184 425/173/183 428/177/180
f 429/174/186 430/17/173 431/175/187
f 432/18/165 429/174/186 431/175/187
f 433/31/188 434/178/188 435/179/188
f 433/31/188 436/37/188 437/180/188
f 433/31/188 438/34/188 436/37/188
f 435/179/188 438/34/188 433/31/188
f 438/34/188 435/179/188 439/73/188
f 440/47/188 434/178/188 433/31/188
f 440/47/188 433/31/188 441/181/188
f 434/178/188 442/68/188 435/179/188
f 442/68/188 434/178/188 443/66/188
f 444/65/188 435/179/188 442/68/188
f 444/65/188 445/74/188 435/179/188
f 445/74/188 444/65/188 446/182/188
f 447/41/188 440/47/188 441/181/188
f 447/41/188 441/181/188 448/38/188
f 440/47/188 447/41/188 449/183/188
f 449/183/188 447/41/188 450/42/188
f 434/178/188 440/47/188 451/184/188
f 434/178/188 451/184/188 452/59/188
f 451/184/188 440/47/188 453/53/188
f 451/184/188 453/53/188 454/55/188
f 453/53/188 440/47/188 455/48/188
f 453/53/188 455/48/188 456/51/188
f 459/1/189 458/2/172 457/3/172
f 458/2/172 459/1/189 460/4/189
f 461/5/190 460/4/189 459/1/189
f 460/4/189 461/5/190 462/6/190
f 463/7/191 462/6/190 461/5/190
f 462/6/190 463/7/191 464/8/191
f 465/9/192 464/8/191 463/7/191
f 464/8/191 465/9/192 466/10/193
f 467/11/194 466/10/193 465/9/192
f 466/10/193 467/11/194 468/12/194
f 469/13/2 468/12/194 467/11/194
f 468/12/194 469/13/2 470/14/2
f 472/174/195 471/17/196 473/15/197
f 473/15/197 474/18/185 472/174/195
f 477/19/198 476/17/196 475/20/64
f 477/19/198 478/15/199 476/17/196
f 480/22/69 481/7/200 479/21/201
f 481/7/200 480/22/69 482/23/202
f 483/24/203 485/23/204 484/22/205
f 485/23/204 483/24/203 486/25/206
f 488/26/207 489/25/208 487/24/209
f 489/25/208 488/26/207 490/27/11
f 493/7/200 492/20/210 491/21/201
f 493/7/200 494/19/198 492/20/210
f 497/185/1 496/186/2 495/187/2
f 496/186/2 497/185/1 498/188/1
f 497/185/1 499/189/3 498/188/1
f 498/188/1 499/189/3 500/190/3
f 499/189/3 501/191/4 500/190/3
f 500/190/3 501/191/4 502/192/4
f 501/191/4 503/193/5 502/192/4
f 502/192/4 503/193/5 504/194/5
f 503/193/5 505/195/6 504/194/5
f 504/194/5 505/195/6 506/196/6
f 506/196/6 505/195/6 507/197/7
f 506/196/6 507/197/7 508/198/7
f 509/199/8 510/200/9 511/201/10
f 510/200/9 509/199/8 512/202/11
f 515/203/12 514/201/10 513/204/13
f 514/201/10 515/203/12 516/199/14
f 519/191/15 518/204/16 517/205/17
f 518/204/16 519/191/15 520/203/18
f 521/206/19 523/191/15 522/205/17
f 523/191/15 521/206/19 524/207/20
f 525/208/21 527/207/22 526/206/23
f 527/207/22 525/208/21 528/209/24
f 529/210/25 531/209/26 530/208/27
f 531/209/26 529/210/25 532/211/28
f 533/212/29 534/213/29 535/214/29
f 534/213/29 533/212/29 536/215/29
f 537/216/29 538/215/29 539/217/29
f 538/215/29 537/216/29 540/213/29
f 541/218/29 542/219/29 543/220/29
f 542/219/29 541/218/29 544/221/29
f 545/219/29 546/212/29 547/214/29
f 546/212/29 545/219/29 548/221/29
f 549/222/29 550/223/29 551/224/29
f 550/223/29 549/222/29 552/225/29
f 553/223/29 554/225/29 555/226/29
f 553/223/29 555/226/29 556/227/29
f 557/228/29 558/229/29 559/226/29
f 559/226/29 558/229/29 560/227/29
f 561/222/29 562/216/29 563/217/29
f 562/216/29 561/222/29 564/224/29
f 565/230/29 566/231/29 567/232/29
f 566/231/29 565/230/29 568/233/29
f 569/234/29 570/232/29 571/235/29
f 570/232/29 569/234/29 572/230/29
f 573/236/29 574/235/29 575/237/29
f 576/235/29 577/236/29 578/234/29
f 579/233/29 580/228/29 581/231/29
f 580/228/29 579/233/29 582/229/29
f 583/237/29 584/238/29 585/236/29
f 584/238/29 583/237/29 586/239/29
f 587/239/29 588/240/29 589/238/29
f 588/240/29 587/239/29 590/241/29
f 591/240/29 592/241/29 593/242/29
f 592/241/29 594/243/29 593/242/29
f 595/244/29 596/245/29 597/243/29
f 597/243/29 596/245/29 598/242/29
f 599/246/29 600/247/29 601/248/29
f 600/247/29 599/246/29 602/249/29
f 603/244/29 604/250/29 605/245/29
f 604/250/29 606/251/29 605/245/29
f 607/251/29 608/252/29 609/253/29
f 610/252/29 611/251/29 612/250/29
f 613/253/29 614/249/29 615/246/29
f 614/249/29 613/253/29 616/252/29
f 617/254/29 618/255/29 619/256/29
f 618/255/29 617/254/29 620/257/29
f 621/257/29 622/218/29 623/255/29
f 622/218/29 624/220/29 623/255/29
f 625/248/29 626/258/29 627/259/29
f 626/258/29 625/248/29 628/247/29
f 629/259/29 630/258/29 631/256/29
f 630/258/29 632/254/29 631/256/29
f 633/260/30 634/261/31 635/262/32
f 636/263/29 633/260/30 635/262/32
f 635/262/32 634/261/31 637/264/33
f 634/261/31 638/265/34 637/264/33
f 637/264/33 638/265/34 639/266/35
f 639/266/35 638/265/34 640/267/36
f 639/266/35 640/267/36 641/268/211
f 642/265/38 643/269/39 644/270/40
f 642/265/38 644/270/40 645/271/41
f 643/269/39 642/265/38 646/261/31
f 642/265/38 645/271/41 647/267/36
f 646/261/31 648/260/30 643/269/39
f 649/272/42 643/269/39 648/260/30
f 650/263/29 649/272/42 648/260/30
f 651/271/41 652/273/43 653/274/44
f 652/273/43 651/271/41 654/270/40
f 654/270/40 655/269/39 652/273/43
f 655/269/39 656/275/45 652/273/43
f 655/269/39 657/276/46 656/275/45
f 657/276/46 655/269/39 658/272/42
f 659/263/29 657/276/46 658/272/42
f 660/263/29 661/277/47 662/276/48
f 661/277/47 663/275/45 662/276/48
f 663/275/45 661/277/47 664/278/49
f 664/278/49 665/273/43 663/275/45
f 665/273/43 664/278/49 666/279/50
f 666/279/50 667/274/44 665/273/43
f 667/274/44 666/279/50 668/280/51
f 669/281/52 670/280/51 671/279/50
f 669/281/52 671/279/50 672/282/54
f 671/279/50 673/283/55 672/282/54
f 673/283/55 671/279/50 674/278/49
f 674/278/49 675/284/56 673/283/55
f 675/284/56 674/278/49 676/277/47
f 677/263/29 675/284/56 676/277/47
f 678/285/57 679/283/55 680/284/56
f 681/263/29 678/285/57 680/284/56
f 679/283/55 678/285/57 682/286/58
f 683/287/59 679/283/55 682/286/58
f 679/283/55 683/287/59 684/282/54
f 685/288/60 684/282/54 683/287/59
f 684/282/54 685/288/60 686/281/52
f 687/289/61 688/287/59 689/286/58
f 690/285/57 687/289/61 689/286/58
f 687/289/61 690/285/57 691/290/62
f 692/263/29 691/290/62 690/285/57
f 688/287/59 687/289/61 693/291/63
f 694/292/64 688/287/59 693/291/63
f 688/287/59 694/292/64 695/288/65
f 696/293/66 697/294/67 698/295/68
f 697/294/67 696/293/66 699/296/69
f 698/295/68 700/297/70 696/293/66
f 700/297/70 698/295/68 701/298/71
f 701/298/71 702/299/72 700/297/70
f 702/299/72 701/298/71 703/300/73
f 704/263/29 702/299/72 703/300/73
f 705/293/74 706/301/75 707/302/76
f 705/293/74 708/303/77 706/301/75
f 705/293/74 707/302/76 709/296/69
f 708/303/77 705/293/74 710/297/70
f 710/297/70 711/304/78 708/303/77
f 711/304/78 710/297/70 712/299/212
f 713/263/29 711/304/78 712/299/212
f 714/263/29 715/305/79 716/304/78
f 716/304/78 715/305/79 717/306/80
f 718/303/77 716/304/78 717/306/80
f 717/306/80 719/301/75 718/303/77
f 719/301/75 717/306/80 720/307/81
f 720/307/81 721/302/82 719/301/75
f 721/302/82 720/307/81 722/308/83
f 723/308/83 725/309/84 724/310/85
f 725/309/84 723/308/83 726/307/86
f 725/309/84 726/307/86 727/306/80
f 725/309/84 727/306/80 728/311/87
f 727/306/80 729/305/79 728/311/87
f 728/311/87 729/305/79 730/312/88
f 731/263/29 730/312/88 729/305/79
f 732/311/87 733/313/89 734/314/90
f 733/313/89 732/311/87 735/312/88
f 736/263/29 733/313/89 735/312/88
f 734/314/90 737/309/84 732/311/87
f 737/309/84 734/314/90 738/315/91
f 739/316/13 737/309/84 738/315/91
f 739/316/13 740/310/85 737/309/84
f 741/317/93 742/318/94 743/319/95
f 742/318/94 744/320/96 743/319/95
f 745/263/29 744/320/96 742/318/94
f 741/317/93 743/319/95 746/321/97
f 747/322/98 741/317/93 746/321/97
f 746/321/97 748/323/213 747/322/98
f 748/323/213 746/321/97 749/324/100
f 750/325/101 751/321/102 752/319/95
f 750/325/101 753/324/100 751/321/102
f 750/325/101 752/319/95 754/326/103
f 753/324/100 750/325/101 755/327/104
f 752/319/95 756/320/96 754/326/103
f 754/326/103 756/320/96 757/328/105
f 758/263/29 757/328/105 756/320/96
f 759/325/101 760/329/106 761/330/107
f 762/331/108 759/325/101 761/330/107
f 760/329/106 759/325/101 763/326/103
f 762/331/108 764/327/104 759/325/101
f 763/326/103 765/332/109 760/329/106
f 765/332/109 763/326/103 766/328/105
f 767/263/29 765/332/109 766/328/105
f 768/263/29 769/333/110 770/332/109
f 769/333/110 771/329/106 770/332/109
f 771/329/106 769/333/110 772/334/111
f 772/334/111 773/330/112 771/329/106
f 773/330/112 772/334/111 774/335/113
f 774/335/113 775/331/108 773/330/112
f 775/331/108 774/335/113 776/336/114
f 778/336/115 779/337/116 777/338/117
f 779/337/116 778/336/115 780/335/113
f 781/334/111 779/337/116 780/335/113
f 779/337/116 781/334/111 782/339/118
f 783/333/110 782/339/118 781/334/111
f 782/339/118 783/333/110 784/340/119
f 785/263/29 784/340/119 783/333/110
f 786/262/32 787/339/118 788/340/119
f 789/263/29 786/262/32 788/340/119
f 787/339/118 786/262/32 790/264/33
f 790/264/33 791/337/120 787/339/118
f 791/337/120 790/264/33 792/266/35
f 792/266/35 793/338/117 791/337/120
f 793/338/117 792/266/35 794/268/37
f 795/295/68 796/289/61 797/298/71
f 796/289/61 795/295/68 798/291/121
f 799/290/122 797/298/71 796/289/61
f 797/298/71 799/290/122 800/300/73
f 801/263/29 800/300/73 799/290/122
f 802/294/67 798/291/121 795/295/68
f 798/291/121 802/294/67 803/292/64
f 804/341/123 805/314/90 806/342/124
f 805/314/90 807/343/125 806/342/124
f 807/343/125 805/314/90 808/313/126
f 809/263/29 807/343/125 808/313/126
f 805/314/90 804/341/123 810/315/127
f 811/344/128 810/315/127 804/341/123
f 810/315/127 811/344/128 812/316/13
f 813/345/129 814/342/124 815/346/130
f 814/342/124 813/345/129 816/341/123
f 817/343/125 815/346/130 814/342/124
f 815/346/130 817/343/125 818/347/131
f 819/263/29 818/347/131 817/343/125
f 820/348/19 816/341/123 813/345/129
f 816/341/123 820/348/19 821/344/128
f 822/349/132 823/345/133 824/350/134
f 823/345/133 825/351/135 824/350/134
f 823/345/133 822/349/132 826/348/19
f 825/351/135 823/345/133 827/346/130
f 827/346/130 828/352/136 825/351/135
f 828/352/136 827/346/130 829/347/131
f 830/263/29 828/352/136 829/347/131
f 831/263/29 832/353/137 833/352/138
f 832/353/137 834/354/139 833/352/138
f 833/352/138 834/354/139 835/351/135
f 834/354/139 836/350/134 835/351/135
f 836/350/134 834/354/139 837/355/140
f 836/350/134 837/355/140 838/356/141
f 836/350/134 838/356/141 839/349/142
f 840/318/143 841/354/139 842/353/137
f 843/263/29 840/318/143 842/353/137
f 841/354/139 840/318/143 844/317/93
f 844/317/93 845/355/140 841/354/139
f 845/355/140 844/317/93 846/322/98
f 845/355/140 846/322/98 847/323/99
f 845/355/140 847/323/99 848/356/141
f 849/194/144 850/192/145 851/193/144
f 850/192/145 852/191/145 851/193/144
f 849/194/144 851/193/144 853/195/146
f 854/196/146 849/194/144 853/195/146
f 854/196/146 853/195/146 855/197/147
f 855/197/147 856/198/147 854/196/146
f 858/186/7 857/187/7 859/185/148
f 859/185/148 860/188/149 858/186/7
f 860/188/149 859/185/148 861/357/150
f 862/358/151 860/188/149 861/357/150
f 862/358/151 861/357/150 863/191/145
f 864/192/145 862/358/151 863/191/145
f 865/201/152 866/204/153 867/203/154
f 865/201/152 867/203/154 868/199/155
f 869/204/100 870/205/156 871/191/157
f 869/204/100 871/191/157 872/203/154
f 873/206/108 875/191/157 874/205/156
f 875/191/157 873/206/108 876/207/159
f 878/208/160 879/207/161 877/206/108
f 879/207/161 878/208/160 880/209/162
f 881/210/163 882/209/162 883/208/164
f 882/209/162 881/210/163 884/211/165
f 885/201/152 887/199/155 886/359/166
f 886/359/166 887/199/155 888/202/28
f 891/185/167 890/186/147 889/187/147
f 891/185/167 892/188/167 890/186/147
f 893/189/168 892/188/167 891/185/167
f 893/189/168 894/190/168 892/188/167
f 895/191/169 894/190/168 893/189/168
f 895/191/169 896/192/169 894/190/168
f 897/193/170 896/192/169 895/191/169
f 897/193/170 898/194/170 896/192/169
f 899/195/171 898/194/170 897/193/170
f 899/195/171 900/196/171 898/194/170
f 901/197/172 900/196/171 899/195/171
f 901/197/172 902/198/172 900/196/171
f 904/201/173 903/204/36 905/203/214
f 905/203/214 906/199/175 904/201/173
f 908/204/36 907/205/176 909/191/177
f 909/191/177 910/203/178 908/204/36
f 912/206/44 913/191/177 911/205/176
f 913/191/177 912/206/44 914/360/179
f 916/361/215 917/360/216 915/206/44
f 917/360/216 916/361/215 918/209/182
f 919/209/183 920/210/184 921/211/185
f 920/210/184 919/209/183 922/361/180
f 923/359/117 924/201/173 925/199/187
f 926/362/165 923/359/117 925/199/187
f 927/215/188 928/244/188 929/254/188
f 927/215/188 930/221/188 931/212/188
f 927/215/188 932/218/188 930/221/188
f 929/254/188 932/218/188 927/215/188
f 932/218/188 929/254/188 933/257/188
f 934/363/188 928/244/188 927/215/188
f 934/363/188 927/215/188 935/364/188
f 928/244/188 936/252/188 929/254/188
f 936/252/188 928/244/188 937/250/188
f 938/249/188 929/254/188 936/252/188
f 938/249/188 939/258/188 929/254/188
f 939/258/188 938/249/188 940/247/188
f 941/225/188 934/363/188 935/364/188
f 941/225/188 935/364/188 942/222/188
f 934/363/188 941/225/188 943/365/188
f 943/365/188 941/225/188 944/226/188
f 928/244/188 934/363/188 945/366/188
f 928/244/188 945/366/188 946/367/188
f 945/366/188 934/363/188 947/237/188
f 945/366/188 947/237/188 948/239/188
f 947/237/188 934/363/188 949/232/188
f 947/237/188 949/232/188 950/368/188
f 953/185/189 952/186/172 951/187/172
f 952/186/172 953/185/189 954/188/189
f 955/189/190 954/188/189 953/185/189
f 954/188/189 955/189/190 956/190/190
f 957/191/191 956/190/190 955/189/190
f 956/190/190 957/191/191 958/192/191
f 959/193/192 958/192/191 957/191/191
f 958/192/191 959/193/192 960/194/193
f 961/195/194 960/194/193 959/193/192
f 960/194/193 961/195/194 962/196/194
f 963/197/2 962/196/194 961/195/194
f 962/196/194 963/197/2 964/198/2
f 966/359/195 965/201/196 967/199/197
f 967/199/197 968/202/185 966/359/195
f 971/203/198 970/201/196 969/204/64
f 971/203/198 972/199/199 970/201/196
f 974/206/69 975/191/200 973/205/201
f 975/191/200 974/206/69 976/207/202
f 977/208/203 979/207/217 978/206/205
f 979/207/217 977/208/203 980/209/206
f 982/210/207 983/209/208 981/208/209
f 983/209/208 982/210/207 984/211/11
f 987/191/200 986/204/210 985/205/201
f 987/191/200 988/203/198 986/204/210
f 991/369/1 990/370/2 989/371/2
f 990/370/2 991/369/1 992/372/1
f 991/369/1 993/373/3 992/372/1
f 992/372/1 993/373/3 994/374/3
f 993/373/3 995/375/4 994/374/3
f 994/374/3 995/375/4 996/376/4
f 995/375/4 997/377/5 996/376/4
f 996/376/4 997/377/5 998/378/5
f 997/377/5 999/379/6 998/378/5
f 998/378/5 999/379/6 1000/380/6
f 1000/380/6 999/379/6 1001/381/7
f 1000/380/6 1001/381/7 1002/382/7
f 1003/383/8 1004/384/9 1005/385/10
f 1004/384/9 1003/383/8 1006/386/11
f 1009/387/12 1008/385/10 1007/388/13
f 1008/385/10 1009/387/12 1010/383/14
f 1013/375/15 1012/388/16 1011/389/17
f 1012/388/16 1013/375/15 1014/387/18
f 1015/390/19 1017/375/15 1016/389/17
f 1017/375/15 1015/390/19 1018/391/20
f 1019/392/21 1021/391/22 1020/390/23
f 1021/391/22 1019/392/21 1022/393/24
f 1023/394/25 1025/393/26 1024/392/27
f 1025/393/26 1023/394/25 1026/395/28
f 1027/396/29 1028/397/29 1029/398/29
f 1028/397/29 1027/396/29 1030/399/29
f 1031/400/29 1032/399/29 1033/401/29
f 1032/399/29 1031/400/29 1034/397/29
f 1035/402/29 1036/403/29 1037/404/29
f 1036/403/29 1035/402/29 1038/405/29
f 1039/403/29 1040/396/29 1041/398/29
f 1040/396/29 1039/403/29 1042/405/29
f 1043/406/29 1044/407/29 1045/408/29
f 1044/407/29 1043/406/29 1046/409/29
f 1047/407/29 1048/409/29 1049/410/29
f 1047/407/29 1049/410/29 1050/411/29
f 1051/412/29 1052/413/29 1053/410/29
f 1053/410/29 1052/413/29 1054/411/29
f 1055/406/29 1056/400/29 1057/401/29
f 1056/400/29 1055/406/29 1058/408/29
f 1059/414/29 1060/415/29 1061/416/29
f 1060/415/29 1059/414/29 1062/417/29
f 1063/418/29 1064/416/29 1065/419/29
f 1064/416/29 1063/418/29 1066/414/29
f 1067/420/29 1068/419/29 1069/421/29
f 1070/419/29 1071/420/29 1072/418/29
f 1073/417/29 1074/412/29 1075/415/29
f 1074/412/29 1073/417/29 1076/413/29
f 1077/421/29 1078/422/29 1079/420/29
f 1078/422/29 1077/421/29 1080/423/29
f 1081/423/29 1082/424/29 1083/422/29
f 1082/424/29 1081/423/29 1084/425/29
f 1085/424/29 1086/425/29 1087/426/29
f 1086/425/29 1088/427/29 1087/426/29
f 1089/428/29 1090/429/29 1091/427/29
f 1091/427/29 1090/429/29 1092/426/29
f 1093/430/29 1094/431/29 1095/432/29
f 1094/431/29 1093/430/29 1096/433/29
f 1097/428/29 1098/434/29 1099/429/29
f 1098/434/29 1100/435/29 1099/429/29
f 1101/435/29 1102/436/29 1103/437/29
f 1104/436/29 1105/435/29 1106/434/29
f 1107/437/29 1108/433/29 1109/430/29
f 1108/433/29 1107/437/29 1110/436/29
f 1111/438/29 1112/439/29 1113/440/29
f 1112/439/29 1111/438/29 1114/441/29
f 1115/441/29 1116/402/29 1117/439/29
f 1116/402/29 1118/404/29 1117/439/29
f 1119/432/29 1120/442/29 1121/443/29
f 1120/442/29 1119/432/29 1122/431/29
f 1123/443/29 1124/442/29 1125/440/29
f 1124/442/29 1126/438/29 1125/440/29
f 1127/444/30 1128/445/31 1129/446/32
f 1130/447/29 1127/444/30 1129/446/32
f 1129/446/32 1128/445/31 1131/448/33
f 1128/445/31 1132/449/34 1131/448/33
f 1131/448/33 1132/449/34 1133/450/35
f 1133/450/35 1132/449/34 1134/451/36
f 1133/450/35 1134/451/36 1135/452/211
f 1136/449/38 1137/453/39 1138/454/40
f 1136/449/38 1138/454/40 1139/455/41
f 1137/453/39 1136/449/38 1140/445/31
f 1136/449/38 1139/455/41 1141/451/36
f 1140/445/31 1142/444/30 1137/453/39
f 1143/456/42 1137/453/39 1142/444/30
f 1144/447/29 1143/456/42 1142/444/30
f 1145/455/41 1146/457/43 1147/458/44
f 1146/457/43 1145/455/41 1148/454/40
f 1148/454/40 1149/453/39 1146/457/43
f 1149/453/39 1150/459/45 1146/457/43
f 1149/453/39 1151/460/46 1150/459/45
f 1151/460/46 1149/453/39 1152/456/42
f 1153/447/29 1151/460/46 1152/456/42
f 1154/447/29 1155/461/47 1156/460/48
f 1155/461/47 1157/459/45 1156/460/48
f 1157/459/45 1155/461/47 1158/462/49
f 1158/462/49 1159/457/43 1157/459/45
f 1159/457/43 1158/462/49 1160/463/50
f 1160/463/50 1161/458/44 1159/457/43
f 1161/458/44 1160/463/50 1162/464/51
f 1163/465/52 1164/464/51 1165/463/50
f 1163/465/52 1165/463/50 1166/466/54
f 1165/463/50 1167/467/55 1166/466/54
f 1167/467/55 1165/463/50 1168/462/49
f 1168/462/49 1169/468/56 1167/467/55
f 1169/468/56 1168/462/49 1170/461/47
f 1171/447/29 1169/468/56 1170/461/47
f 1172/469/57 1173/467/55 1174/468/56
f 1175/447/29 1172/469/57 1174/468/56
f 1173/467/55 1172/469/57 1176/470/58
f 1177/471/59 1173/467/55 1176/470/58
f 1173/467/55 1177/471/59 1178/466/54
f 1179/472/60 1178/466/54 1177/471/59
f 1178/466/54 1179/472/60 1180/465/52
f 1181/473/61 1182/471/59 1183/470/58
f 1184/469/57 1181/473/61 1183/470/58
f 1181/473/61 1184/469/57 1185/474/62
f 1186/447/29 1185/474/62 1184/469/57
f 1182/471/59 1181/473/61 1187/475/63
f 1188/476/64 1182/471/59 1187/475/63
f 1182/471/59 1188/476/64 1189/472/65
f 1190/477/66 1191/478/67 1192/479/68
f 1191/478/67 1190/477/66 1193/480/69
f 1192/479/68 1194/481/70 1190/477/66
f 1194/481/70 1192/479/68 1195/482/71
f 1195/482/71 1196/483/72 1194/481/70
f 1196/483/72 1195/482/71 1197/484/73
f 1198/447/29 1196/483/72 1197/484/73
f 1199/477/74 1200/485/75 1201/486/76
f 1199/477/74 1202/487/77 1200/485/75
f 1199/477/74 1201/486/76 1203/480/69
f 1202/487/77 1199/477/74 1204/481/70
f 1204/481/70 1205/488/78 1202/487/77
f 1205/488/78 1204/481/70 1206/483/212
f 1207/447/29 1205/488/78 1206/483/212
f 1208/447/29 1209/489/79 1210/488/78
f 1210/488/78 1209/489/79 1211/490/80
f 1212/487/77 1210/488/78 1211/490/80
f 1211/490/80 1213/485/75 1212/487/77
f 1213/485/75 1211/490/80 1214/491/81
f 1214/491/81 1215/486/82 1213/485/75
f 1215/486/82 1214/491/81 1216/492/83
f 1217/492/83 1219/493/84 1218/494/85
f 1219/493/84 1217/492/83 1220/491/86
f 1219/493/84 1220/491/86 1221/490/80
f 1219/493/84 1221/490/80 1222/495/87
f 1221/490/80 1223/489/79 1222/495/87
f 1222/495/87 1223/489/79 1224/496/88
f 1225/447/29 1224/496/88 1223/489/79
f 1226/495/87 1227/497/89 1228/498/90
f 1227/497/89 1226/495/87 1229/496/88
f 1230/447/29 1227/497/89 1229/496/88
f 1228/498/90 1231/493/84 1226/495/87
f 1231/493/84 1228/498/90 1232/499/91
f 1233/500/13 1231/493/84 1232/499/91
f 1233/500/13 1234/494/85 1231/493/84
f 1235/501/93 1236/502/94 1237/503/95
f 1236/502/94 1238/504/96 1237/503/95
f 1239/447/29 1238/504/96 1236/502/94
f 1235/501/93 1237/503/95 1240/505/97
f 1241/506/98 1235/501/93 1240/505/97
f 1240/505/97 1242/507/213 1241/506/98
f 1242/507/213 1240/505/97 1243/508/100
f 1244/509/101 1245/505/102 1246/503/95
f 1244/509/101 1247/508/100 1245/505/102
f 1244/509/101 1246/503/95 1248/510/103
f 1247/508/100 1244/509/101 1249/511/104
f 1246/503/95 1250/504/96 1248/510/103
f 1248/510/103 1250/504/96 1251/512/105
f 1252/447/29 1251/512/105 1250/504/96
f 1253/509/101 1254/513/106 1255/514/107
f 1256/515/108 1253/509/101 1255/514/107
f 1254/513/106 1253/509/101 1257/510/103
f 1256/515/108 1258/511/104 1253/509/101
f 1257/510/103 1259/516/109 1254/513/106
f 1259/516/109 1257/510/103 1260/512/105
f 1261/447/29 1259/516/109 1260/512/105
f 1262/447/29 1263/517/110 1264/516/109
f 1263/517/110 1265/513/106 1264/516/109
f 1265/513/106 1263/517/110 1266/518/111
f 1266/518/111 1267/514/112 1265/513/106
f 1267/514/112 1266/518/111 1268/519/113
f 1268/519/113 1269/515/108 1267/514/112
f 1269/515/108 1268/519/113 1270/520/114
f 1272/520/115 1273/521/116 1271/522/117
f 1273/521/116 1272/520/115 1274/519/113
f 1275/518/111 1273/521/116 1274/519/113
f 1273/521/116 1275/518/111 1276/523/118
f 1277/517/110 1276/523/118 1275/518/111
f 1276/523/118 1277/517/110 1278/524/119
f 1279/447/29 1278/524/119 1277/517/110
f 1280/446/32 1281/523/118 1282/524/119
f 1283/447/29 1280/446/32 1282/524/119
f 1281/523/118 1280/446/32 1284/448/33
f 1284/448/33 1285/521/120 1281/523/118
f 1285/521/120 1284/448/33 1286/450/35
f 1286/450/35 1287/522/117 1285/521/120
f 1287/522/117 1286/450/35 1288/452/37
f 1289/479/68 1290/473/61 1291/482/71
f 1290/473/61 1289/479/68 1292/475/121
f 1293/474/122 1291/482/71 1290/473/61
f 1291/482/71 1293/474/122 1294/484/73
f 1295/447/29 1294/484/73 1293/474/122
f 1296/478/67 1292/475/121 1289/479/68
f 1292/475/121 1296/478/67 1297/476/64
f 1298/525/123 1299/498/90 1300/526/124
f 1299/498/90 1301/527/125 1300/526/124
f 1301/527/125 1299/498/90 1302/497/126
f 1303/447/29 1301/527/125 1302/497/126
f 1299/498/90 1298/525/123 1304/499/127
f 1305/528/128 1304/499/127 1298/525/123
f 1304/499/127 1305/528/128 1306/500/13
f 1307/529/129 1308/526/124 1309/530/130
f 1308/526/124 1307/529/129 1310/525/123
f 1311/527/125 1309/530/130 1308/526/124
f 1309/530/130 1311/527/125 1312/531/131
f 1313/447/29 1312/531/131 1311/527/125
f 1314/532/19 1310/525/123 1307/529/129
f 1310/525/123 1314/532/19 1315/528/128
f 1316/533/132 1317/529/133 1318/534/134
f 1317/529/133 1319/535/135 1318/534/134
f 1317/529/133 1316/533/132 1320/532/19
f 1319/535/135 1317/529/133 1321/530/130
f 1321/530/130 1322/536/136 1319/535/135
f 1322/536/136 1321/530/130 1323/531/131
f 1324/447/29 1322/536/136 1323/531/131
f 1325/447/29 1326/537/137 1327/536/138
f 1326/537/137 1328/538/139 1327/536/138
f 1327/536/138 1328/538/139 1329/535/135
f 1328/538/139 1330/534/134 1329/535/135
f 1330/534/134 1328/538/139 1331/539/140
f 1330/534/134 1331/539/140 1332/540/141
f 1330/534/134 1332/540/141 1333/533/142
f 1334/502/143 1335/538/139 1336/537/137
f 1337/447/29 1334/502/143 1336/537/137
f 1335/538/139 1334/502/143 1338/501/93
f 1338/501/93 1339/539/140 1335/538/139
f 1339/539/140 1338/501/93 1340/506/98
f 1339/539/140 1340/506/98 1341/507/99
f 1339/539/140 1341/507/99 1342/540/141
f 1343/378/144 1344/376/145 1345/377/144
f 1344/376/145 1346/375/145 1345/377/144
f 1343/378/144 1345/377/144 1347/379/146
f 1348/380/146 1343/378/144 1347/379/146
f 1348/380/146 1347/379/146 1349/381/147
f 1349/381/147 1350/382/147 1348/380/146
f 1352/370/7 1351/371/7 1353/369/148
f 1353/369/148 1354/372/149 1352/370/7
f 1354/372/149 1353/369/148 1355/373/150
f 1356/374/151 1354/372/149 1355/373/150
f 1356/374/151 1355/373/150 1357/375/145
f 1358/376/145 1356/374/151 1357/375/145
f 1359/385/152 1360/388/153 1361/387/154
f 1359/385/152 1361/387/154 1362/383/155
f 1363/388/100 1364/389/156 1365/375/157
f 1363/388/100 1365/375/157 1366/387/154
f 1367/390/158 1369/375/157 1368/389/156
f 1369/375/157 1367/390/158 1370/391/159
f 1372/392/160 1373/391/161 1371/390/108
f 1373/391/161 1372/392/160 1374/541/162
f 1375/394/163 1376/541/162 1377/392/164
f 1376/541/162 1375/394/163 1378/395/165
f 1379/385/152 1381/383/155 1380/542/166
f 1380/542/166 1381/383/155 1382/386/28
f 1385/369/167 1384/370/147 1383/371/147
f 1385/369/167 1386/372/167 1384/370/147
f 1387/373/168 1386/372/167 1385/369/167
f 1387/373/168 1388/374/168 1386/372/167
f 1389/375/169 1388/374/168 1387/373/168
f 1389/375/169 1390/376/169 1388/374/168
f 1391/377/170 1390/376/169 1389/375/169
f 1391/377/170 1392/378/170 1390/376/169
f 1393/379/171 1392/378/170 1391/377/170
f 1393/379/171 1394/380/171 1392/378/170
f 1395/381/172 1394/380/171 1393/379/171
f 1395/381/172 1396/382/172 1394/380/171
f 1398/385/173 1397/388/36 1399/387/214
f 1399/387/214 1400/543/175 1398/385/173
f 1402/388/36 1401/389/176 1403/375/177
f 1403/375/177 1404/387/178 1402/388/36
f 1406/544/44 1407/375/177 1405/389/176
f 1407/375/177 1406/544/44 1408/391/179
f 1410/545/215 1411/391/216 1409/544/44
f 1411/391/216 1410/545/215 1412/541/182
f 1413/541/183 1414/394/184 1415/395/185
f 1414/394/184 1413/541/183 1416/545/180
f 1417/542/117 1418/385/173 1419/543/187
f 1420/386/165 1417/542/117 1419/543/187
f 1421/399/188 1422/546/188 1423/547/188
f 1421/399/188 1424/405/188 1425/548/188
f 1421/399/188 1426/402/188 1424/405/188
f 1423/547/188 1426/402/188 1421/399/188
f 1426/402/188 1423/547/188 1427/441/188
f 1428/549/188 1422/546/188 1421/399/188
f 1428/549/188 1421/399/188 1429/550/188
f 1422/546/188 1430/436/188 1423/547/188
f 1430/436/188 1422/546/188 1431/434/188
f 1432/433/188 1423/547/188 1430/436/188
f 1432/433/188 1433/442/188 1423/547/188
f 1433/442/188 1432/433/188 1434/551/188
f 1435/409/188 1428/549/188 1429/550/188
f 1435/409/188 1429/550/188 1436/406/188
f 1428/549/188 1435/409/188 1437/552/188
f 1437/552/188 1435/409/188 1438/410/188
f 1422/546/188 1428/549/188 1439/553/188
f 1422/546/188 1439/553/188 1440/554/188
f 1439/553/188 1428/549/188 1441/421/188
f 1439/553/188 1441/421/188 1442/423/188
f 1441/421/188 1428/549/188 1443/416/188
f 1441/421/188 1443/416/188 1444/419/188
f 1447/369/189 1446/370/172 1445/371/172
f 1446/370/172 1447/369/189 1448/372/189
f 1449/373/190 1448/372/189 1447/369/189
f 1448/372/189 1449/373/190 1450/374/190
f 1451/375/191 1450/374/190 1449/373/190
f 1450/374/190 1451/375/191 1452/376/191
f 1453/377/192 1452/376/191 1451/375/191
f 1452/376/191 1453/377/192 1454/378/193
f 1455/379/194 1454/378/193 1453/377/192
f 1454/378/193 1455/379/194 1456/380/194
f 1457/381/2 1456/380/194 1455/379/194
f 1456/380/194 1457/381/2 1458/382/2
f 1460/542/195 1459/385/196 1461/383/197
f 1461/383/197 1462/386/185 1460/542/195
f 1465/387/198 1464/385/196 1463/388/64
f 1465/387/198 1466/383/199 1464/385/196
f 1468/390/69 1469/375/200 1467/389/201
f 1469/375/200 1468/390/69 1470/391/202
f 1471/392/203 1473/391/204 1472/390/205
f 1473/391/204 1471/392/203 1474/393/206
f 1476/394/207 1477/393/208 1475/392/209
f 1477/393/208 1476/394/207 1478/395/11
f 1481/375/200 1480/388/210 1479/389/201
f 1481/375/200 1482/387/198 1480/388/210
usemtl Handle1Mtl.051
f 1483/555/2 1484/556/2 1485/557/2
f 1484/556/2 1483/555/2 1486/558/2
f 1487/559/2 1488/560/2 1489/561/2
f 1488/560/2 1487/559/2 1490/562/2
f 1491/563/218 1492/558/218 1493/555/218
f 1492/558/218 1491/563/218 1494/564/218
f 1495/565/218 1496/562/218 1497/559/218
f 1496/562/218 1495/565/218 1498/566/218
f 1499/567/29 1500/568/29 1501/569/29
f 1501/569/29 1500/568/29 1502/570/29
f 1501/569/29 1502/570/29 1503/571/29
f 1501/569/29 1504/572/29 1499/567/29
f 1504/572/29 1501/569/29 1505/573/29
f 1504/572/29 1505/573/29 1506/574/29
f 1507/575/29 1508/576/29 1509/577/29
f 1509/577/29 1508/576/29 1510/578/29
f 1509/577/29 1510/578/29 1511/579/29
f 1509/577/29 1512/580/29 1507/575/29
f 1512/580/29 1509/577/29 1513/581/29
f 1512/580/29 1513/581/29 1514/582/29
f 1515/563/147 1516/583/147 1517/564/147
f 1516/583/147 1518/584/147 1517/564/147
f 1519/557/7 1520/555/7 1521/585/7
f 1520/555/7 1522/586/7 1521/585/7
f 1523/587/147 1524/566/147 1525/588/147
f 1526/565/147 1525/588/147 1524/566/147
f 1527/562/7 1528/560/7 1529/559/7
f 1530/561/7 1529/559/7 1528/560/7
f 1531/563/145 1532/586/145 1533/555/145
f 1532/586/145 1531/563/145 1534/564/145
f 1535/565/145 1536/562/145 1537/559/145
f 1536/562/145 1535/565/145 1538/566/145
f 1539/563/172 1540/583/172 1541/589/172
f 1540/583/172 1542/590/172 1541/589/172
f 1543/587/172 1544/566/172 1545/588/172
f 1546/565/172 1545/588/172 1544/566/172
f 1547/563/219 1548/591/219 1549/592/219
f 1548/591/219 1547/563/219 1550/589/219
f 1551/565/219 1552/593/219 1553/594/219
f 1552/593/219 1551/565/219 1554/566/219
f 1555/577/188 1556/581/188 1557/580/188
f 1557/580/188 1556/581/188 1558/582/188
f 1559/575/188 1555/577/188 1557/580/188
f 1555/577/188 1559/575/188 1560/576/188
f 1555/577/188 1560/576/188 1561/578/188
f 1555/577/188 1561/578/188 1562/579/188
f 1563/563/191 1564/558/191 1565/555/191
f 1564/558/191 1563/563/191 1566/589/191
f 1567/565/191 1568/562/191 1569/559/191
f 1568/562/191 1567/565/191 1570/566/191
