# Blender 5.1.2
# www.blender.org
mtllib StaringGyro.mtl
o StaringGyro
v 0.121231 0.181865 -0.218582
v 0.134301 0.201475 -0.165382
v 0.144522 0.216805 -0.095882
v 0.148481 0.222745 -0.015081
v 0.144522 0.216805 0.065817
v 0.134301 0.201475 0.135218
v 0.121231 0.181865 0.188417
v 0.134301 0.134315 -0.240482
v 0.152781 0.152805 -0.186083
v 0.168362 0.168375 -0.109282
v 0.174722 0.174735 -0.015081
v 0.168362 0.168375 0.079119
v 0.152781 0.152805 0.155918
v 0.134301 0.134315 0.210419
v 0.144522 0.072265 -0.257683
v 0.168362 0.084195 -0.203482
v 0.189941 0.094975 -0.121382
v 0.199211 0.099615 -0.015081
v 0.189941 0.094975 0.091217
v 0.168362 0.084195 0.173317
v 0.144522 0.072265 0.227518
v 0.148481 0.000005 -0.264282
v 0.174722 0.000005 -0.210583
v 0.199211 0.000005 -0.126482
v 0.209991 0.000005 -0.015081
v 0.199211 0.000005 0.096418
v 0.174722 0.000005 0.180517
v 0.148481 0.000005 0.234219
v 0.144522 -0.072265 -0.257683
v 0.168362 -0.084185 -0.203482
v 0.189941 -0.094975 -0.121382
v 0.199211 -0.099605 -0.015081
v 0.189941 -0.094975 0.091217
v 0.168362 -0.084185 0.173317
v 0.144522 -0.072265 0.227518
v 0.134301 -0.134315 -0.240482
v 0.152781 -0.152795 -0.186083
v 0.168362 -0.168375 -0.109282
v 0.174722 -0.174725 -0.015081
v 0.168362 -0.168375 0.079119
v 0.152781 -0.152795 0.155918
v 0.134301 -0.134315 0.210419
v 0.121231 -0.181865 -0.218582
v 0.134301 -0.201475 -0.165382
v 0.144522 -0.216795 -0.095882
v 0.148481 -0.222735 -0.015081
v 0.144522 -0.216795 0.065817
v 0.134301 -0.201475 0.135218
v 0.121231 -0.181865 0.188417
v -0.121259 0.181865 0.188417
v -0.089559 0.201475 0.210419
v -0.048188 0.216805 0.227518
v -0.000009 0.222745 0.234219
v 0.048162 0.216805 0.227518
v 0.089532 0.201475 0.210419
v 0.121231 0.181865 0.188417
v -0.134329 0.201475 0.135218
v -0.101878 0.229195 0.155918
v -0.056139 0.252565 0.173317
v -0.000009 0.262095 0.180517
v 0.056111 0.252565 0.173317
v 0.101851 0.229195 0.155918
v 0.134301 0.201475 0.135218
v -0.144548 0.216805 0.065817
v -0.112259 0.252565 0.079119
v -0.063329 0.284935 0.091217
v -0.000009 0.298835 0.096418
v 0.063301 0.284935 0.091217
v 0.112231 0.252565 0.079119
v 0.144522 0.216805 0.065817
v -0.148508 0.222745 -0.015081
v -0.116499 0.262095 -0.015081
v -0.066419 0.298835 -0.015081
v -0.000009 0.315005 -0.015081
v 0.066391 0.298835 -0.015081
v 0.116471 0.262095 -0.015081
v 0.148481 0.222745 -0.015081
v -0.144548 0.216805 -0.095882
v -0.112259 0.252565 -0.109282
v -0.063329 0.284935 -0.121382
v -0.000009 0.298835 -0.126482
v 0.063301 0.284935 -0.121382
v 0.112231 0.252565 -0.109282
v 0.144522 0.216805 -0.095882
v -0.134329 0.201475 -0.165382
v -0.101878 0.229195 -0.186083
v -0.056139 0.252565 -0.203482
v -0.000009 0.262095 -0.210583
v 0.056111 0.252565 -0.203482
v 0.101851 0.229195 -0.186083
v 0.134301 0.201475 -0.165382
v -0.121259 0.181865 -0.218582
v -0.089559 0.201475 -0.240482
v -0.048188 0.216805 -0.257683
v -0.000009 0.222745 -0.264282
v 0.048162 0.216805 -0.257683
v 0.089532 0.201475 -0.240482
v 0.121231 0.181865 -0.218582
v 0.121231 0.181865 0.188417
v 0.089532 0.201475 0.210419
v 0.048162 0.216805 0.227518
v -0.000009 0.222745 0.234219
v -0.048188 0.216805 0.227518
v -0.089559 0.201475 0.210419
v -0.121259 0.181865 0.188417
v 0.134301 0.134315 0.210419
v 0.101851 0.152805 0.241417
v 0.056111 0.168375 0.267618
v -0.000009 0.174735 0.278217
v -0.056139 0.168375 0.267618
v -0.101878 0.152805 0.241417
v -0.134329 0.134315 0.210419
v 0.144522 0.072265 0.227518
v 0.112231 0.084195 0.267618
v 0.063301 0.094975 0.303818
v -0.000009 0.099615 0.319317
v -0.063329 0.094975 0.303818
v -0.112259 0.084195 0.267618
v -0.144548 0.072265 0.227518
v 0.148481 0.000005 0.234219
v 0.116471 0.000005 0.278217
v 0.066391 0.000005 0.319317
v -0.000009 0.000005 0.337418
v -0.066419 0.000005 0.319317
v -0.116499 0.000005 0.278217
v -0.148508 0.000005 0.234219
v 0.144522 -0.072265 0.227518
v 0.112231 -0.084185 0.267618
v 0.063301 -0.094975 0.303818
v -0.000009 -0.099605 0.319317
v -0.063329 -0.094975 0.303818
v -0.112259 -0.084185 0.267618
v -0.144548 -0.072265 0.227518
v 0.134301 -0.134315 0.210419
v 0.101851 -0.152795 0.241417
v 0.056111 -0.168375 0.267618
v -0.000009 -0.174725 0.278217
v -0.056139 -0.168375 0.267618
v -0.101878 -0.152795 0.241417
v -0.134329 -0.134315 0.210419
v 0.121231 -0.181865 0.188417
v 0.089532 -0.201475 0.210419
v 0.048162 -0.216795 0.227518
v -0.000009 -0.222735 0.234219
v -0.048188 -0.216795 0.227518
v -0.089559 -0.201475 0.210419
v -0.121259 -0.181865 0.188417
v -0.121259 0.181865 0.188417
v -0.134329 0.201475 0.135218
v -0.144548 0.216805 0.065817
v -0.148508 0.222745 -0.015081
v -0.144548 0.216805 -0.095882
v -0.134329 0.201475 -0.165382
v -0.121259 0.181865 -0.218582
v -0.134329 0.134315 0.210419
v -0.152808 0.152805 0.155918
v -0.168388 0.168375 0.079119
v -0.174748 0.174735 -0.015081
v -0.168388 0.168375 -0.109282
v -0.152808 0.152805 -0.186083
v -0.134329 0.134315 -0.240482
v -0.144548 0.072265 0.227518
v -0.168388 0.084195 0.173317
v -0.189968 0.094975 0.091217
v -0.199239 0.099615 -0.015081
v -0.189968 0.094975 -0.121382
v -0.168388 0.084195 -0.203482
v -0.144548 0.072265 -0.257683
v -0.148508 0.000005 0.234219
v -0.174748 0.000005 0.180517
v -0.199239 0.000005 0.096418
v -0.210009 0.000005 -0.015081
v -0.199239 0.000005 -0.126482
v -0.174748 0.000005 -0.210583
v -0.148508 0.000005 -0.264282
v -0.144548 -0.072265 0.227518
v -0.168388 -0.084185 0.173317
v -0.189968 -0.094975 0.091217
v -0.199239 -0.099605 -0.015081
v -0.189968 -0.094975 -0.121382
v -0.168388 -0.084185 -0.203482
v -0.144548 -0.072265 -0.257683
v -0.134329 -0.134315 0.210419
v -0.152808 -0.152795 0.155918
v -0.168388 -0.168375 0.079119
v -0.174748 -0.174725 -0.015081
v -0.168388 -0.168375 -0.109282
v -0.152808 -0.152795 -0.186083
v -0.134329 -0.134315 -0.240482
v -0.121259 -0.181865 0.188417
v -0.134329 -0.201475 0.135218
v -0.144548 -0.216795 0.065817
v -0.148508 -0.222735 -0.015081
v -0.144548 -0.216795 -0.095882
v -0.134329 -0.201475 -0.165382
v -0.121259 -0.181865 -0.218582
v -0.121259 -0.181865 -0.218582
v -0.089559 -0.201475 -0.240482
v -0.048188 -0.216795 -0.257683
v -0.000009 -0.222735 -0.264282
v 0.048162 -0.216795 -0.257683
v 0.089532 -0.201475 -0.240482
v 0.121231 -0.181865 -0.218582
v -0.134329 -0.201475 -0.165382
v -0.101878 -0.229195 -0.186083
v -0.056139 -0.252555 -0.203482
v -0.000009 -0.262095 -0.210583
v 0.056111 -0.252555 -0.203482
v 0.101851 -0.229195 -0.186083
v 0.134301 -0.201475 -0.165382
v -0.144548 -0.216795 -0.095882
v -0.112259 -0.252555 -0.109282
v -0.063329 -0.284925 -0.121382
v -0.000009 -0.298835 -0.126482
v 0.063301 -0.284925 -0.121382
v 0.112231 -0.252555 -0.109282
v 0.144522 -0.216795 -0.095882
v -0.148508 -0.222735 -0.015081
v -0.116499 -0.262095 -0.015081
v -0.066419 -0.298835 -0.015081
v -0.000009 -0.314995 -0.015081
v 0.066391 -0.298835 -0.015081
v 0.116471 -0.262095 -0.015081
v 0.148481 -0.222735 -0.015081
v -0.144548 -0.216795 0.065817
v -0.112259 -0.252555 0.079119
v -0.063329 -0.284925 0.091217
v -0.000009 -0.298835 0.096418
v 0.063301 -0.284925 0.091217
v 0.112231 -0.252555 0.079119
v 0.144522 -0.216795 0.065817
v -0.134329 -0.201475 0.135218
v -0.101878 -0.229195 0.155918
v -0.056139 -0.252555 0.173317
v -0.000009 -0.262095 0.180517
v 0.056111 -0.252555 0.173317
v 0.101851 -0.229195 0.155918
v 0.134301 -0.201475 0.135218
v -0.121259 -0.181865 0.188417
v -0.089559 -0.201475 0.210419
v -0.048188 -0.216795 0.227518
v -0.000009 -0.222735 0.234219
v 0.048162 -0.216795 0.227518
v 0.089532 -0.201475 0.210419
v 0.121231 -0.181865 0.188417
v -0.121259 0.181865 -0.218582
v -0.089559 0.201475 -0.240482
v -0.048188 0.216805 -0.257683
v -0.000009 0.222745 -0.264282
v 0.048162 0.216805 -0.257683
v 0.089532 0.201475 -0.240482
v 0.121231 0.181865 -0.218582
v -0.134329 0.134315 -0.240482
v -0.101878 0.152805 -0.271582
v -0.056139 0.168375 -0.297682
v -0.000009 0.174735 -0.308382
v 0.056111 0.168375 -0.297682
v 0.101851 0.152805 -0.271582
v 0.134301 0.134315 -0.240482
v -0.144548 0.072265 -0.257683
v -0.112259 0.084195 -0.297682
v -0.063329 0.094975 -0.333881
v -0.000009 0.099615 -0.349482
v 0.063301 0.094975 -0.333881
v 0.112231 0.084195 -0.297682
v 0.144522 0.072265 -0.257683
v -0.148508 0.000005 -0.264282
v -0.116499 0.000005 -0.308382
v -0.066419 0.000005 -0.349482
v -0.000009 0.000005 -0.367582
v 0.066391 0.000005 -0.349482
v 0.116471 0.000005 -0.308382
v 0.148481 0.000005 -0.264282
v -0.144548 -0.072265 -0.257683
v -0.112259 -0.084185 -0.297682
v -0.063329 -0.094975 -0.333881
v -0.000009 -0.099605 -0.349482
v 0.063301 -0.094975 -0.333881
v 0.112231 -0.084185 -0.297682
v 0.144522 -0.072265 -0.257683
v -0.134329 -0.134315 -0.240482
v -0.101878 -0.152795 -0.271582
v -0.056139 -0.168375 -0.297682
v -0.000009 -0.174725 -0.308382
v 0.056111 -0.168375 -0.297682
v 0.101851 -0.152795 -0.271582
v 0.134301 -0.134315 -0.240482
v -0.121259 -0.181865 -0.218582
v -0.089559 -0.201475 -0.240482
v -0.048188 -0.216795 -0.257683
v -0.000009 -0.222735 -0.264282
v 0.048162 -0.216795 -0.257683
v 0.089532 -0.201475 -0.240482
v 0.121231 -0.181865 -0.218582
v 0.207831 0.181865 -0.214283
v 0.230242 0.201475 -0.162182
v 0.247751 0.216805 -0.094183
v 0.254541 0.222745 -0.015081
v 0.247751 0.216805 0.064117
v 0.230242 0.201475 0.132017
v 0.207831 0.181865 0.184118
v 0.230242 0.134315 -0.235682
v 0.261922 0.152805 -0.182383
v 0.288631 0.168375 -0.107283
v 0.299521 0.174735 -0.015081
v 0.288631 0.168375 0.077118
v 0.261922 0.152805 0.152317
v 0.230242 0.134315 0.205618
v 0.247751 0.072265 -0.252481
v 0.288631 0.084195 -0.199482
v 0.325622 0.094975 -0.119082
v 0.341512 0.099615 -0.015081
v 0.325622 0.094975 0.088919
v 0.288631 0.084195 0.169317
v 0.247751 0.072265 0.222418
v 0.254541 0.000005 -0.258982
v 0.299521 0.000005 -0.206482
v 0.341512 0.000005 -0.124182
v 0.359982 0.000005 -0.015081
v 0.341512 0.000005 0.094017
v 0.299521 0.000005 0.176317
v 0.254541 0.000005 0.228918
v 0.247751 -0.072265 -0.252481
v 0.288631 -0.084185 -0.199482
v 0.325622 -0.094975 -0.119081
v 0.341512 -0.099605 -0.015081
v 0.325622 -0.094975 0.088919
v 0.288631 -0.084185 0.169317
v 0.247751 -0.072265 0.222418
v 0.230242 -0.134315 -0.235682
v 0.261922 -0.152795 -0.182383
v 0.288631 -0.168375 -0.107283
v 0.299521 -0.174725 -0.015081
v 0.288631 -0.168375 0.077118
v 0.261922 -0.152795 0.152317
v 0.230242 -0.134315 0.205618
v 0.207831 -0.181865 -0.214283
v 0.230242 -0.201475 -0.162182
v 0.247751 -0.216795 -0.094183
v 0.254541 -0.222735 -0.015081
v 0.247751 -0.216795 0.064117
v 0.230242 -0.201475 0.132017
v 0.207831 -0.181865 0.184118
v -0.207858 0.181865 0.184118
v -0.153519 0.201475 0.205618
v -0.082599 0.216805 0.222418
v -0.000009 0.222745 0.228918
v 0.082582 0.216805 0.222418
v 0.153491 0.201475 0.205618
v 0.207831 0.181865 0.184118
v -0.230268 0.201475 0.132017
v -0.174639 0.229195 0.152317
v -0.096229 0.252565 0.169317
v -0.000009 0.262095 0.176317
v 0.096202 0.252565 0.169317
v 0.174611 0.229195 0.152317
v 0.230242 0.201475 0.132017
v -0.247779 0.216805 0.064117
v -0.192438 0.252565 0.077118
v -0.108559 0.284935 0.088919
v -0.000009 0.298835 0.094017
v 0.108531 0.284935 0.088919
v 0.192411 0.252565 0.077118
v 0.247751 0.216805 0.064117
v -0.254568 0.222745 -0.015081
v -0.199709 0.262095 -0.015081
v -0.113858 0.298835 -0.015081
v -0.000009 0.315005 -0.015081
v 0.113832 0.298835 -0.015081
v 0.199681 0.262095 -0.015081
v 0.254541 0.222745 -0.015081
v -0.247779 0.216805 -0.094183
v -0.192438 0.252565 -0.107283
v -0.108559 0.284935 -0.119082
v -0.000009 0.298835 -0.124182
v 0.108531 0.284935 -0.119082
v 0.192411 0.252565 -0.107283
v 0.247751 0.216805 -0.094183
v -0.230268 0.201475 -0.162182
v -0.174639 0.229195 -0.182383
v -0.096229 0.252565 -0.199482
v -0.000009 0.262095 -0.206482
v 0.096202 0.252565 -0.199482
v 0.174611 0.229195 -0.182383
v 0.230242 0.201475 -0.162182
v -0.207858 0.181865 -0.214283
v -0.153519 0.201475 -0.235682
v -0.082599 0.216805 -0.252481
v -0.000009 0.222745 -0.258982
v 0.082582 0.216805 -0.252481
v 0.153491 0.201475 -0.235682
v 0.207831 0.181865 -0.214283
v 0.207831 0.181865 0.184118
v 0.153491 0.201475 0.205618
v 0.082582 0.216805 0.222418
v -0.000009 0.222745 0.228918
v -0.082599 0.216805 0.222418
v -0.153519 0.201475 0.205618
v -0.207858 0.181865 0.184118
v 0.230242 0.134315 0.205618
v 0.174611 0.152805 0.235918
v 0.096202 0.168375 0.261518
v -0.000009 0.174735 0.272018
v -0.096229 0.168375 0.261518
v -0.174639 0.152805 0.235918
v -0.230268 0.134315 0.205618
v 0.247751 0.072265 0.222418
v 0.192411 0.084195 0.261518
v 0.108531 0.094975 0.297018
v -0.000009 0.099615 0.312218
v -0.108559 0.094975 0.297018
v -0.192438 0.084195 0.261518
v -0.247779 0.072265 0.222418
v 0.254541 0.000005 0.228918
v 0.199681 0.000005 0.272018
v 0.113832 0.000005 0.312218
v -0.000009 0.000005 0.329918
v -0.113858 0.000005 0.312218
v -0.199709 0.000005 0.272018
v -0.254568 0.000005 0.228918
v 0.247751 -0.072265 0.222418
v 0.192411 -0.084185 0.261518
v 0.108531 -0.094975 0.297018
v -0.000009 -0.099605 0.312218
v -0.108559 -0.094975 0.297018
v -0.192438 -0.084185 0.261518
v -0.247779 -0.072265 0.222418
v 0.230242 -0.134315 0.205618
v 0.174611 -0.152795 0.235918
v 0.096202 -0.168375 0.261518
v -0.000009 -0.174725 0.272018
v -0.096229 -0.168375 0.261518
v -0.174639 -0.152795 0.235918
v -0.230268 -0.134315 0.205618
v 0.207831 -0.181865 0.184118
v 0.153491 -0.201475 0.205618
v 0.082582 -0.216795 0.222418
v -0.000009 -0.222735 0.228918
v -0.082599 -0.216795 0.222418
v -0.153519 -0.201475 0.205618
v -0.207858 -0.181865 0.184118
v -0.207858 0.181865 0.184118
v -0.230268 0.201475 0.132017
v -0.247779 0.216805 0.064117
v -0.254568 0.222745 -0.015081
v -0.247779 0.216805 -0.094183
v -0.230268 0.201475 -0.162182
v -0.207858 0.181865 -0.214283
v -0.230268 0.134315 0.205618
v -0.261949 0.152805 0.152317
v -0.288658 0.168375 0.077118
v -0.299548 0.174735 -0.015081
v -0.288658 0.168375 -0.107283
v -0.261949 0.152805 -0.182383
v -0.230268 0.134315 -0.235682
v -0.247779 0.072265 0.222418
v -0.288658 0.084195 0.169317
v -0.325648 0.094975 0.088919
v -0.341538 0.099615 -0.015081
v -0.325648 0.094975 -0.119082
v -0.288658 0.084195 -0.199482
v -0.247779 0.072265 -0.252481
v -0.254568 0.000005 0.228918
v -0.299548 0.000005 0.176317
v -0.341538 0.000005 0.094017
v -0.360008 0.000005 -0.015081
v -0.341538 0.000005 -0.124182
v -0.299548 0.000005 -0.206482
v -0.254568 0.000005 -0.258982
v -0.247779 -0.072265 0.222418
v -0.288658 -0.084185 0.169317
v -0.325648 -0.094975 0.088919
v -0.341538 -0.099605 -0.015081
v -0.325648 -0.094975 -0.119081
v -0.288658 -0.084185 -0.199482
v -0.247779 -0.072265 -0.252481
v -0.230268 -0.134315 0.205618
v -0.261949 -0.152795 0.152317
v -0.288658 -0.168375 0.077118
v -0.299548 -0.174725 -0.015081
v -0.288658 -0.168375 -0.107283
v -0.261949 -0.152795 -0.182383
v -0.230268 -0.134315 -0.235682
v -0.207858 -0.181865 0.184118
v -0.230268 -0.201475 0.132017
v -0.247779 -0.216795 0.064117
v -0.254568 -0.222735 -0.015081
v -0.247779 -0.216795 -0.094183
v -0.230268 -0.201475 -0.162182
v -0.207858 -0.181865 -0.214283
v -0.207858 -0.181865 -0.214283
v -0.153519 -0.201475 -0.235682
v -0.082599 -0.216795 -0.252481
v -0.000009 -0.222735 -0.258982
v 0.082582 -0.216795 -0.252481
v 0.153491 -0.201475 -0.235682
v 0.207831 -0.181865 -0.214283
v -0.230268 -0.201475 -0.162182
v -0.174639 -0.229195 -0.182383
v -0.096229 -0.252555 -0.199482
v -0.000009 -0.262095 -0.206482
v 0.096202 -0.252555 -0.199482
v 0.174611 -0.229195 -0.182383
v 0.230242 -0.201475 -0.162182
v -0.247779 -0.216795 -0.094183
v -0.192438 -0.252555 -0.107283
v -0.108559 -0.284925 -0.119081
v -0.000009 -0.298835 -0.124182
v 0.108531 -0.284925 -0.119081
v 0.192411 -0.252555 -0.107283
v 0.247751 -0.216795 -0.094183
v -0.254568 -0.222735 -0.015081
v -0.199709 -0.262095 -0.015081
v -0.113858 -0.298835 -0.015081
v -0.000009 -0.314995 -0.015081
v 0.113832 -0.298835 -0.015081
v 0.199681 -0.262095 -0.015081
v 0.254541 -0.222735 -0.015081
v -0.247779 -0.216795 0.064117
v -0.192438 -0.252555 0.077118
v -0.108559 -0.284925 0.088919
v -0.000009 -0.298835 0.094017
v 0.108531 -0.284925 0.088919
v 0.192411 -0.252555 0.077118
v 0.247751 -0.216795 0.064117
v -0.230268 -0.201475 0.132017
v -0.174639 -0.229195 0.152317
v -0.096229 -0.252555 0.169317
v -0.000009 -0.262095 0.176317
v 0.096202 -0.252555 0.169317
v 0.174611 -0.229195 0.152317
v 0.230242 -0.201475 0.132017
v -0.207858 -0.181865 0.184118
v -0.153519 -0.201475 0.205618
v -0.082599 -0.216795 0.222418
v -0.000009 -0.222735 0.228918
v 0.082582 -0.216795 0.222418
v 0.153491 -0.201475 0.205618
v 0.207831 -0.181865 0.184118
v -0.207858 0.181865 -0.214283
v -0.153519 0.201475 -0.235682
v -0.082599 0.216805 -0.252481
v -0.000009 0.222745 -0.258982
v 0.082582 0.216805 -0.252481
v 0.153491 0.201475 -0.235682
v 0.207831 0.181865 -0.214283
v -0.230268 0.134315 -0.235682
v -0.174639 0.152805 -0.266083
v -0.096229 0.168375 -0.291681
v -0.000009 0.174735 -0.302082
v 0.096202 0.168375 -0.291681
v 0.174611 0.152805 -0.266083
v 0.230242 0.134315 -0.235682
v -0.247779 0.072265 -0.252481
v -0.192438 0.084195 -0.291681
v -0.108559 0.094975 -0.327082
v -0.000009 0.099615 -0.342382
v 0.108531 0.094975 -0.327082
v 0.192411 0.084195 -0.291681
v 0.247751 0.072265 -0.252481
v -0.254568 0.000005 -0.258982
v -0.199709 0.000005 -0.302082
v -0.113858 0.000005 -0.342382
v -0.000009 0.000005 -0.360083
v 0.113832 0.000005 -0.342382
v 0.199681 0.000005 -0.302082
v 0.254541 0.000005 -0.258982
v -0.247779 -0.072265 -0.252481
v -0.192438 -0.084185 -0.291681
v -0.108559 -0.094975 -0.327082
v -0.000009 -0.099605 -0.342382
v 0.108531 -0.094975 -0.327082
v 0.192411 -0.084185 -0.291681
v 0.247751 -0.072265 -0.252481
v -0.230268 -0.134315 -0.235682
v -0.174639 -0.152795 -0.266083
v -0.096229 -0.168375 -0.291681
v -0.000009 -0.174725 -0.302082
v 0.096202 -0.168375 -0.291681
v 0.174611 -0.152795 -0.266083
v 0.230242 -0.134315 -0.235682
v -0.207858 -0.181865 -0.214283
v -0.153519 -0.201475 -0.235682
v -0.082599 -0.216795 -0.252481
v -0.000009 -0.222735 -0.258982
v 0.082582 -0.216795 -0.252481
v 0.153491 -0.201475 -0.235682
v 0.207831 -0.181865 -0.214283
v 0.216492 0.216505 -0.186583
v 0.239841 0.239855 -0.129982
v 0.258081 0.258095 -0.056082
v 0.265151 0.265165 0.029919
v 0.258081 0.258095 0.116018
v 0.239841 0.239855 0.189817
v 0.216492 0.216505 0.246418
v 0.239841 0.159905 -0.209883
v 0.272841 0.181905 -0.151981
v 0.300652 0.200445 -0.070282
v 0.312001 0.208015 0.029919
v 0.300652 0.200445 0.130117
v 0.272841 0.181905 0.211819
v 0.239841 0.159905 0.269817
v 0.258081 0.086035 -0.228182
v 0.300652 0.100225 -0.170483
v 0.339191 0.113065 -0.083082
v 0.355742 0.118585 0.029919
v 0.339191 0.113065 0.143019
v 0.300652 0.100225 0.230417
v 0.258081 0.086035 0.288017
v 0.265151 0.000005 -0.235182
v 0.312001 0.000005 -0.178082
v 0.355742 0.000005 -0.088682
v 0.374991 0.000005 0.029919
v 0.355742 0.000005 0.148518
v 0.312001 0.000005 0.237917
v 0.265151 0.000005 0.295118
v 0.258081 -0.086025 -0.228182
v 0.300652 -0.100215 -0.170483
v 0.339191 -0.113065 -0.083082
v 0.355742 -0.118585 0.029919
v 0.339191 -0.113065 0.143019
v 0.300652 -0.100215 0.230417
v 0.258081 -0.086025 0.288017
v 0.239841 -0.159895 -0.209883
v 0.272841 -0.181895 -0.151981
v 0.300652 -0.200445 -0.070282
v 0.312001 -0.208005 0.029919
v 0.300652 -0.200445 0.130117
v 0.272841 -0.181895 0.211819
v 0.239841 -0.159895 0.269817
v 0.216492 -0.216505 -0.186583
v 0.239841 -0.239845 -0.129982
v 0.258081 -0.258085 -0.056082
v 0.265151 -0.265165 0.029919
v 0.258081 -0.258085 0.116018
v 0.239841 -0.239845 0.189817
v 0.216492 -0.216505 0.246418
v -0.216518 0.216505 0.246418
v -0.159919 0.239855 0.269817
v -0.086048 0.258095 0.288017
v -0.000009 0.265165 0.295118
v 0.086021 0.258095 0.288017
v 0.159891 0.239855 0.269817
v 0.216492 0.216505 0.246418
v -0.239868 0.239855 0.189817
v -0.181918 0.272855 0.211819
v -0.100239 0.300675 0.230417
v -0.000009 0.312025 0.237917
v 0.100211 0.300675 0.230417
v 0.181891 0.272855 0.211819
v 0.239841 0.239855 0.189817
v -0.258108 0.258095 0.116018
v -0.200459 0.300675 0.130117
v -0.113078 0.339205 0.143019
v -0.000009 0.355755 0.148518
v 0.113051 0.339205 0.143019
v 0.200432 0.300675 0.130117
v 0.258081 0.258095 0.116018
v -0.265179 0.265165 0.029919
v -0.208029 0.312025 0.029919
v -0.118599 0.355755 0.029919
v -0.000009 0.375005 0.029919
v 0.118571 0.355755 0.029919
v 0.208001 0.312025 0.029919
v 0.265151 0.265165 0.029919
v -0.258108 0.258095 -0.056082
v -0.200459 0.300675 -0.070282
v -0.113078 0.339205 -0.083082
v -0.000009 0.355755 -0.088682
v 0.113051 0.339205 -0.083082
v 0.200432 0.300675 -0.070282
v 0.258081 0.258095 -0.056082
v -0.239868 0.239855 -0.129982
v -0.181918 0.272855 -0.151981
v -0.100239 0.300675 -0.170483
v -0.000009 0.312025 -0.178082
v 0.100211 0.300675 -0.170483
v 0.181891 0.272855 -0.151981
v 0.239841 0.239855 -0.129982
v -0.216518 0.216505 -0.186583
v -0.159919 0.239855 -0.209883
v -0.086048 0.258095 -0.228182
v -0.000009 0.265165 -0.235182
v 0.086021 0.258095 -0.228182
v 0.159891 0.239855 -0.209883
v 0.216492 0.216505 -0.186583
v 0.216492 0.216505 0.246418
v 0.159891 0.239855 0.269817
v 0.086021 0.258095 0.288017
v -0.000009 0.265165 0.295118
v -0.086048 0.258095 0.288017
v -0.159919 0.239855 0.269817
v -0.216518 0.216505 0.246418
v 0.239841 0.159905 0.269817
v 0.181891 0.181905 0.302818
v 0.100211 0.200445 0.330618
v -0.000009 0.208015 0.341917
v -0.100239 0.200445 0.330618
v -0.181918 0.181905 0.302818
v -0.239868 0.159905 0.269817
v 0.258081 0.086035 0.288017
v 0.200432 0.100225 0.330618
v 0.113051 0.113065 0.369118
v -0.000009 0.118585 0.385717
v -0.113078 0.113065 0.369118
v -0.200459 0.100225 0.330618
v -0.258108 0.086035 0.288017
v 0.265151 0.000005 0.295118
v 0.208001 0.000005 0.341917
v 0.118571 0.000005 0.385717
v -0.000009 0.000005 0.404919
v -0.118599 0.000005 0.385717
v -0.208029 0.000005 0.341917
v -0.265179 0.000005 0.295118
v 0.258081 -0.086025 0.288017
v 0.200432 -0.100215 0.330618
v 0.113051 -0.113065 0.369118
v -0.000009 -0.118585 0.385717
v -0.113078 -0.113065 0.369118
v -0.200459 -0.100215 0.330618
v -0.258108 -0.086025 0.288017
v 0.239841 -0.159895 0.269817
v 0.181891 -0.181895 0.302818
v 0.100211 -0.200445 0.330618
v -0.000009 -0.208005 0.341917
v -0.100239 -0.200445 0.330618
v -0.181918 -0.181895 0.302818
v -0.239868 -0.159895 0.269817
v 0.216492 -0.216505 0.246418
v 0.159891 -0.239845 0.269817
v 0.086021 -0.258085 0.288017
v -0.000009 -0.265165 0.295118
v -0.086048 -0.258085 0.288017
v -0.159919 -0.239845 0.269817
v -0.216518 -0.216505 0.246418
v -0.216518 0.216505 0.246418
v -0.239868 0.239855 0.189817
v -0.258108 0.258095 0.116018
v -0.265179 0.265165 0.029919
v -0.258108 0.258095 -0.056082
v -0.239868 0.239855 -0.129982
v -0.216518 0.216505 -0.186583
v -0.239868 0.159905 0.269817
v -0.272868 0.181905 0.211819
v -0.300678 0.200445 0.130117
v -0.312029 0.208015 0.029919
v -0.300678 0.200445 -0.070282
v -0.272868 0.181905 -0.151981
v -0.239868 0.159905 -0.209883
v -0.258108 0.086035 0.288017
v -0.300678 0.100225 0.230417
v -0.339209 0.113065 0.143019
v -0.355768 0.118585 0.029919
v -0.339209 0.113065 -0.083082
v -0.300678 0.100225 -0.170483
v -0.258108 0.086035 -0.228182
v -0.265179 0.000005 0.295118
v -0.312029 0.000005 0.237917
v -0.355768 0.000005 0.148518
v -0.375009 0.000005 0.029919
v -0.355768 0.000005 -0.088682
v -0.312029 0.000005 -0.178082
v -0.265179 0.000005 -0.235182
v -0.258108 -0.086025 0.288017
v -0.300678 -0.100215 0.230417
v -0.339209 -0.113065 0.143019
v -0.355768 -0.118585 0.029919
v -0.339209 -0.113065 -0.083082
v -0.300678 -0.100215 -0.170483
v -0.258108 -0.086025 -0.228182
v -0.239868 -0.159895 0.269817
v -0.272868 -0.181895 0.211819
v -0.300678 -0.200445 0.130117
v -0.312029 -0.208005 0.029919
v -0.300678 -0.200445 -0.070282
v -0.272868 -0.181895 -0.151981
v -0.239868 -0.159895 -0.209883
v -0.216518 -0.216505 0.246418
v -0.239868 -0.239845 0.189817
v -0.258108 -0.258085 0.116018
v -0.265179 -0.265165 0.029919
v -0.258108 -0.258085 -0.056082
v -0.239868 -0.239845 -0.129982
v -0.216518 -0.216505 -0.186583
v -0.216518 -0.216505 -0.186583
v -0.159919 -0.239845 -0.209883
v -0.086048 -0.258085 -0.228182
v -0.000009 -0.265165 -0.235182
v 0.086021 -0.258085 -0.228182
v 0.159891 -0.239845 -0.209883
v 0.216492 -0.216505 -0.186583
v -0.239868 -0.239845 -0.129982
v -0.181918 -0.272845 -0.151981
v -0.100239 -0.300665 -0.170483
v -0.000009 -0.312015 -0.178081
v 0.100211 -0.300665 -0.170483
v 0.181891 -0.272845 -0.151981
v 0.239841 -0.239845 -0.129982
v -0.258108 -0.258085 -0.056082
v -0.200459 -0.300665 -0.070282
v -0.113078 -0.339195 -0.083082
v -0.000009 -0.355755 -0.088682
v 0.113051 -0.339195 -0.083082
v 0.200432 -0.300665 -0.070282
v 0.258081 -0.258085 -0.056082
v -0.265179 -0.265165 0.029919
v -0.208029 -0.312015 0.029919
v -0.118599 -0.355755 0.029919
v -0.000009 -0.374995 0.029919
v 0.118571 -0.355755 0.029919
v 0.208001 -0.312015 0.029919
v 0.265151 -0.265165 0.029919
v -0.258108 -0.258085 0.116018
v -0.200459 -0.300665 0.130117
v -0.113078 -0.339195 0.143019
v -0.000009 -0.355755 0.148518
v 0.113051 -0.339195 0.143019
v 0.200432 -0.300665 0.130117
v 0.258081 -0.258085 0.116018
v -0.239868 -0.239845 0.189817
v -0.181918 -0.272845 0.211819
v -0.100239 -0.300665 0.230417
v -0.000009 -0.312015 0.237917
v 0.100211 -0.300665 0.230417
v 0.181891 -0.272845 0.211819
v 0.239841 -0.239845 0.189817
v -0.216518 -0.216505 0.246418
v -0.159919 -0.239845 0.269817
v -0.086048 -0.258085 0.288017
v -0.000009 -0.265165 0.295118
v 0.086021 -0.258085 0.288017
v 0.159891 -0.239845 0.269817
v 0.216492 -0.216505 0.246418
v -0.216518 0.216505 -0.186583
v -0.159919 0.239855 -0.209883
v -0.086048 0.258095 -0.228182
v -0.000009 0.265165 -0.235182
v 0.086021 0.258095 -0.228182
v 0.159891 0.239855 -0.209883
v 0.216492 0.216505 -0.186583
v -0.239868 0.159905 -0.209883
v -0.181918 0.181905 -0.242882
v -0.100239 0.200445 -0.270681
v -0.000009 0.208015 -0.282082
v 0.100211 0.200445 -0.270681
v 0.181891 0.181905 -0.242882
v 0.239841 0.159905 -0.209883
v -0.258108 0.086035 -0.228182
v -0.200459 0.100225 -0.270681
v -0.113078 0.113065 -0.309282
v -0.000009 0.118585 -0.325783
v 0.113051 0.113065 -0.309282
v 0.200432 0.100225 -0.270681
v 0.258081 0.086035 -0.228182
v -0.265179 0.000005 -0.235182
v -0.208029 0.000005 -0.282082
v -0.118599 0.000005 -0.325783
v -0.000009 0.000005 -0.345081
v 0.118571 0.000005 -0.325783
v 0.208001 0.000005 -0.282082
v 0.265151 0.000005 -0.235182
v -0.258108 -0.086025 -0.228182
v -0.200459 -0.100215 -0.270681
v -0.113078 -0.113065 -0.309282
v -0.000009 -0.118585 -0.325783
v 0.113051 -0.113065 -0.309282
v 0.200432 -0.100215 -0.270681
v 0.258081 -0.086025 -0.228182
v -0.239868 -0.159895 -0.209883
v -0.181918 -0.181895 -0.242882
v -0.100239 -0.200445 -0.270681
v -0.000009 -0.208005 -0.282082
v 0.100211 -0.200445 -0.270681
v 0.181891 -0.181895 -0.242882
v 0.239841 -0.159895 -0.209883
v -0.216518 -0.216505 -0.186583
v -0.159919 -0.239845 -0.209883
v -0.086048 -0.258085 -0.228182
v -0.000009 -0.265165 -0.235182
v 0.086021 -0.258085 -0.228182
v 0.159891 -0.239845 -0.209883
v 0.216492 -0.216505 -0.186583
vn 0.7480 0.4960 -0.4409
vn 0.7884 0.5282 -0.3153
vn 0.8027 0.3541 -0.4800
vn 0.8608 0.3791 -0.3396
vn 0.8182 0.5507 -0.1652
vn 0.8977 0.4016 -0.1811
vn 0.8345 0.5510 -0.0000
vn 0.9125 0.4090 -0.0000
vn 0.8182 0.5507 0.1652
vn 0.8977 0.4016 0.1811
vn 0.7884 0.5282 0.3153
vn 0.8608 0.3791 0.3396
vn 0.7480 0.4960 0.4409
vn 0.8026 0.3541 0.4800
vn 0.8427 0.1890 -0.5040
vn 0.9100 0.2040 -0.3609
vn 0.9589 0.2122 -0.1886
vn 0.9754 0.2203 -0.0000
vn 0.9589 0.2122 0.1886
vn 0.9100 0.2040 0.3609
vn 0.8427 0.1890 0.5040
vn 0.8589 -0.0000 -0.5122
vn 0.9290 -0.0000 -0.3700
vn 0.9806 -0.0000 -0.1961
vn 1.0000 -0.0000 -0.0000
vn 0.9806 -0.0000 0.1961
vn 0.9290 -0.0000 0.3700
vn 0.8589 -0.0000 0.5122
vn 0.8427 -0.1890 -0.5041
vn 0.9100 -0.2040 -0.3609
vn 0.9588 -0.2122 -0.1886
vn 0.9754 -0.2203 -0.0000
vn 0.9589 -0.2122 0.1886
vn 0.9100 -0.2040 0.3609
vn 0.8427 -0.1890 0.5040
vn 0.8026 -0.3541 -0.4800
vn 0.8608 -0.3791 -0.3396
vn 0.8977 -0.4016 -0.1811
vn 0.9125 -0.4090 -0.0000
vn 0.8977 -0.4016 0.1811
vn 0.8608 -0.3791 0.3396
vn 0.8026 -0.3541 0.4800
vn 0.7480 -0.4960 -0.4409
vn 0.7884 -0.5282 -0.3153
vn 0.8182 -0.5507 -0.1652
vn 0.8345 -0.5511 -0.0000
vn 0.8182 -0.5507 0.1652
vn 0.7884 -0.5282 0.3153
vn 0.7480 -0.4960 0.4409
vn -0.7480 0.4961 0.4409
vn -0.5975 0.5976 0.5346
vn -0.7884 0.5283 0.3153
vn -0.6525 0.6525 0.3852
vn -0.3468 0.7015 0.6226
vn -0.3941 0.7881 0.4729
vn -0.0000 0.7453 0.6668
vn -0.0000 0.8589 0.5122
vn 0.3468 0.7015 0.6226
vn 0.3941 0.7881 0.4729
vn 0.5976 0.5976 0.5346
vn 0.6525 0.6526 0.3852
vn 0.7480 0.4961 0.4409
vn -0.8182 0.5507 0.1652
vn -0.6921 0.6922 0.2045
vn -0.4319 0.8639 0.2592
vn -0.0000 0.9591 0.2830
vn 0.4319 0.8639 0.2592
vn 0.6921 0.6922 0.2045
vn -0.8345 0.5511 -0.0000
vn -0.7071 0.7071 -0.0000
vn -0.4472 0.8944 -0.0000
vn -0.0000 1.0000 -0.0000
vn 0.4472 0.8944 -0.0000
vn 0.7071 0.7071 -0.0000
vn 0.8344 0.5511 -0.0000
vn -0.8182 0.5507 -0.1652
vn -0.6921 0.6922 -0.2045
vn -0.4319 0.8639 -0.2592
vn -0.0000 0.9591 -0.2830
vn 0.4319 0.8639 -0.2592
vn 0.6921 0.6922 -0.2045
vn -0.7884 0.5282 -0.3154
vn -0.6525 0.6525 -0.3852
vn -0.3941 0.7881 -0.4729
vn -0.0000 0.8589 -0.5122
vn 0.3941 0.7881 -0.4729
vn 0.6525 0.6525 -0.3852
vn -0.7480 0.4961 -0.4409
vn -0.5976 0.5976 -0.5346
vn -0.3468 0.7015 -0.6226
vn -0.0000 0.7453 -0.6668
vn 0.3468 0.7015 -0.6226
vn 0.5975 0.5976 -0.5346
vn 0.7480 0.4961 -0.4409
vn 0.7480 0.4961 0.4410
vn 0.5976 0.5976 0.5347
vn 0.6668 0.4471 0.5962
vn 0.3468 0.7014 0.6227
vn 0.4096 0.5436 0.7326
vn -0.0000 0.7452 0.6668
vn -0.0000 0.5975 0.8019
vn -0.3468 0.7014 0.6227
vn -0.4096 0.5436 0.7326
vn -0.5976 0.5976 0.5347
vn -0.6668 0.4471 0.5962
vn -0.7480 0.4960 0.4409
vn -0.8026 0.3541 0.4800
vn 0.8427 0.1890 0.5041
vn 0.7239 0.2439 0.6453
vn 0.4661 0.3081 0.8294
vn -0.0000 0.3468 0.9379
vn -0.4660 0.3081 0.8294
vn -0.7240 0.2439 0.6453
vn -0.8427 0.1890 0.5041
vn 0.7452 -0.0000 0.6668
vn 0.4876 -0.0000 0.8731
vn -0.0000 -0.0000 1.0000
vn -0.4876 -0.0000 0.8730
vn -0.7452 -0.0000 0.6668
vn -0.8589 -0.0000 0.5122
vn 0.8427 -0.1890 0.5041
vn 0.7240 -0.2439 0.6453
vn 0.4660 -0.3081 0.8294
vn -0.0000 -0.3468 0.9379
vn -0.4660 -0.3081 0.8294
vn -0.7239 -0.2439 0.6453
vn -0.8427 -0.1890 0.5041
vn 0.6668 -0.4471 0.5962
vn 0.4096 -0.5436 0.7326
vn -0.0000 -0.5975 0.8019
vn -0.4096 -0.5436 0.7326
vn -0.6668 -0.4471 0.5962
vn -0.8026 -0.3541 0.4800
vn 0.7480 -0.4960 0.4410
vn 0.5976 -0.5975 0.5347
vn 0.3468 -0.7015 0.6226
vn -0.0000 -0.7452 0.6668
vn -0.3468 -0.7015 0.6226
vn -0.5976 -0.5975 0.5347
vn -0.7480 -0.4960 0.4410
vn -0.7884 0.5282 0.3154
vn -0.8608 0.3791 0.3396
vn -0.8977 0.4016 0.1811
vn -0.8345 0.5510 -0.0000
vn -0.9125 0.4090 -0.0000
vn -0.8977 0.4016 -0.1811
vn -0.7884 0.5282 -0.3153
vn -0.8608 0.3791 -0.3396
vn -0.7480 0.4960 -0.4409
vn -0.8026 0.3541 -0.4800
vn -0.9100 0.2040 0.3609
vn -0.9589 0.2122 0.1886
vn -0.9754 0.2203 -0.0000
vn -0.9589 0.2122 -0.1886
vn -0.9100 0.2040 -0.3609
vn -0.8428 0.1890 -0.5040
vn -0.9290 -0.0000 0.3700
vn -0.9806 -0.0000 0.1961
vn -1.0000 -0.0000 -0.0000
vn -0.9806 -0.0000 -0.1961
vn -0.9290 -0.0000 -0.3700
vn -0.8589 -0.0000 -0.5122
vn -0.8428 -0.1890 0.5040
vn -0.9100 -0.2040 0.3609
vn -0.9589 -0.2122 0.1886
vn -0.9754 -0.2203 -0.0000
vn -0.9588 -0.2122 -0.1886
vn -0.9100 -0.2040 -0.3609
vn -0.8428 -0.1890 -0.5040
vn -0.8608 -0.3791 0.3396
vn -0.8977 -0.4016 0.1811
vn -0.9125 -0.4090 -0.0000
vn -0.8977 -0.4016 -0.1811
vn -0.8608 -0.3791 -0.3396
vn -0.8026 -0.3541 -0.4800
vn -0.7480 -0.4960 0.4409
vn -0.7884 -0.5282 0.3153
vn -0.8182 -0.5507 0.1652
vn -0.8345 -0.5510 -0.0000
vn -0.8182 -0.5507 -0.1652
vn -0.7884 -0.5282 -0.3153
vn -0.7480 -0.4960 -0.4409
vn -0.7480 -0.4961 -0.4409
vn -0.5975 -0.5976 -0.5346
vn -0.7884 -0.5283 -0.3153
vn -0.6525 -0.6525 -0.3852
vn -0.3468 -0.7015 -0.6226
vn -0.3941 -0.7881 -0.4729
vn -0.0000 -0.7453 -0.6668
vn -0.0000 -0.8589 -0.5122
vn 0.3468 -0.7015 -0.6226
vn 0.3940 -0.7881 -0.4729
vn 0.5976 -0.5976 -0.5346
vn 0.6525 -0.6525 -0.3852
vn 0.7480 -0.4961 -0.4409
vn -0.6922 -0.6922 -0.2045
vn -0.4319 -0.8639 -0.2592
vn -0.0000 -0.9591 -0.2830
vn 0.4319 -0.8639 -0.2592
vn 0.6922 -0.6922 -0.2045
vn -0.8344 -0.5511 -0.0000
vn -0.7071 -0.7071 -0.0000
vn -0.4472 -0.8944 -0.0000
vn -0.0000 -1.0000 -0.0000
vn 0.4472 -0.8944 -0.0000
vn 0.7071 -0.7071 -0.0000
vn -0.6922 -0.6922 0.2045
vn -0.4319 -0.8639 0.2592
vn -0.0000 -0.9591 0.2830
vn 0.4319 -0.8639 0.2592
vn 0.6922 -0.6922 0.2045
vn -0.7884 -0.5283 0.3154
vn -0.6525 -0.6525 0.3852
vn -0.3941 -0.7881 0.4729
vn -0.0000 -0.8589 0.5122
vn 0.3940 -0.7881 0.4729
vn 0.6525 -0.6525 0.3852
vn 0.7884 -0.5282 0.3154
vn -0.7480 -0.4961 0.4409
vn -0.5976 -0.5976 0.5346
vn 0.5976 -0.5976 0.5346
vn 0.7480 -0.4961 0.4409
vn -0.7480 0.4960 -0.4410
vn -0.5975 0.5975 -0.5347
vn -0.6668 0.4471 -0.5962
vn -0.3468 0.7014 -0.6227
vn -0.4096 0.5435 -0.7326
vn -0.0000 0.7452 -0.6668
vn -0.0000 0.5975 -0.8019
vn 0.3468 0.7015 -0.6227
vn 0.4096 0.5436 -0.7326
vn 0.5976 0.5975 -0.5347
vn 0.6668 0.4471 -0.5962
vn 0.8026 0.3541 -0.4800
vn -0.8427 0.1890 -0.5041
vn -0.7239 0.2439 -0.6453
vn -0.4660 0.3081 -0.8294
vn -0.0000 0.3468 -0.9379
vn 0.4660 0.3081 -0.8294
vn 0.7240 0.2439 -0.6453
vn 0.8427 0.1890 -0.5041
vn -0.7452 -0.0000 -0.6668
vn -0.4876 -0.0000 -0.8730
vn -0.0000 -0.0000 -1.0000
vn 0.4876 -0.0000 -0.8730
vn 0.7452 -0.0000 -0.6668
vn -0.8427 -0.1890 -0.5041
vn -0.7239 -0.2439 -0.6453
vn -0.4660 -0.3081 -0.8294
vn -0.0000 -0.3468 -0.9379
vn 0.4661 -0.3081 -0.8294
vn 0.7240 -0.2439 -0.6453
vn -0.6668 -0.4471 -0.5962
vn -0.4096 -0.5435 -0.7326
vn -0.0000 -0.5975 -0.8019
vn 0.4096 -0.5436 -0.7326
vn 0.6668 -0.4471 -0.5962
vn -0.7480 -0.4960 -0.4410
vn -0.5976 -0.5975 -0.5347
vn -0.3468 -0.7015 -0.6227
vn -0.0000 -0.7452 -0.6668
vn 0.5976 -0.5976 -0.5347
vn 0.5424 0.6209 -0.5659
vn 0.5980 0.6845 -0.4170
vn 0.6142 0.4646 -0.6378
vn 0.6967 0.5304 -0.4829
vn 0.6451 0.7316 -0.2203
vn 0.7659 0.5843 -0.2684
vn 0.6585 0.7526 -0.0000
vn 0.7953 0.6063 -0.0000
vn 0.6451 0.7316 0.2203
vn 0.7659 0.5843 0.2685
vn 0.5980 0.6845 0.4170
vn 0.6967 0.5304 0.4829
vn 0.5424 0.6209 0.5659
vn 0.6143 0.4646 0.6378
vn 0.6685 0.2516 -0.6999
vn 0.7856 0.2985 -0.5420
vn 0.8895 0.3385 -0.3070
vn 0.9354 0.3537 -0.0000
vn 0.8895 0.3385 0.3070
vn 0.7856 0.2985 0.5420
vn 0.6685 0.2516 0.6999
vn 0.6912 -0.0000 -0.7226
vn 0.8185 -0.0000 -0.5745
vn 0.9439 -0.0000 -0.3303
vn 0.9439 -0.0000 0.3303
vn 0.8185 -0.0000 0.5745
vn 0.6913 -0.0000 0.7226
vn 0.6685 -0.2516 -0.6999
vn 0.7856 -0.2985 -0.5420
vn 0.8895 -0.3385 -0.3070
vn 0.9354 -0.3537 -0.0000
vn 0.8895 -0.3385 0.3070
vn 0.7856 -0.2985 0.5420
vn 0.6685 -0.2517 0.6999
vn 0.6143 -0.4646 -0.6378
vn 0.6967 -0.5305 -0.4829
vn 0.7659 -0.5843 -0.2684
vn 0.7953 -0.6063 -0.0000
vn 0.7659 -0.5843 0.2684
vn 0.6967 -0.5305 0.4829
vn 0.6142 -0.4646 0.6379
vn 0.5424 -0.6209 -0.5659
vn 0.5980 -0.6845 -0.4170
vn 0.6451 -0.7316 -0.2203
vn 0.6585 -0.7526 -0.0000
vn 0.6451 -0.7316 0.2203
vn 0.5980 -0.6845 0.4170
vn 0.5424 -0.6209 0.5659
vn -0.5423 0.6210 0.5659
vn -0.3936 0.6770 0.6219
vn -0.5979 0.6845 0.4170
vn -0.4487 0.7635 0.4644
vn -0.2118 0.7218 0.6589
vn -0.2445 0.8280 0.5047
vn -0.0000 0.7378 0.6750
vn -0.0000 0.8533 0.5214
vn 0.2118 0.7218 0.6589
vn 0.2444 0.8280 0.5047
vn 0.3936 0.6770 0.6219
vn 0.4487 0.7636 0.4644
vn 0.5423 0.6210 0.5659
vn -0.6451 0.7317 0.2203
vn -0.4886 0.8353 0.2522
vn -0.2676 0.9209 0.2834
vn -0.0000 0.9563 0.2924
vn 0.2676 0.9209 0.2833
vn 0.4886 0.8353 0.2522
vn 0.6451 0.7317 0.2203
vn -0.6585 0.7526 -0.0000
vn -0.5029 0.8643 -0.0000
vn -0.2830 0.9591 -0.0000
vn 0.2830 0.9591 -0.0000
vn 0.5029 0.8644 -0.0000
vn -0.6451 0.7317 -0.2203
vn -0.4886 0.8353 -0.2522
vn -0.2676 0.9209 -0.2833
vn -0.0000 0.9563 -0.2924
vn 0.2676 0.9209 -0.2834
vn 0.4886 0.8353 -0.2522
vn 0.6451 0.7317 -0.2203
vn -0.5979 0.6845 -0.4170
vn -0.4487 0.7636 -0.4644
vn -0.2444 0.8280 -0.5047
vn -0.0000 0.8533 -0.5214
vn 0.2444 0.8280 -0.5046
vn 0.4487 0.7636 -0.4644
vn -0.5423 0.6210 -0.5659
vn -0.3936 0.6770 -0.6219
vn -0.2118 0.7217 -0.6590
vn -0.0000 0.7378 -0.6750
vn 0.2118 0.7217 -0.6590
vn 0.3936 0.6770 -0.6219
vn 0.5423 0.6210 -0.5659
vn 0.5423 0.6209 0.5660
vn 0.6142 0.4646 0.6379
vn 0.4566 0.5275 0.7164
vn 0.2118 0.7217 0.6590
vn 0.2518 0.5743 0.7789
vn -0.0000 0.5886 0.8084
vn -0.2118 0.7217 0.6590
vn -0.2518 0.5743 0.7789
vn -0.4566 0.5275 0.7164
vn -0.5423 0.6209 0.5660
vn -0.6142 0.4646 0.6379
vn 0.6684 0.2516 0.6999
vn 0.5139 0.2925 0.8064
vn 0.2913 0.3307 0.8976
vn -0.2913 0.3307 0.8976
vn -0.5139 0.2925 0.8064
vn -0.6684 0.2516 0.6999
vn 0.6912 -0.0000 0.7227
vn 0.5364 -0.0000 0.8440
vn 0.3068 -0.0000 0.9518
vn -0.3068 -0.0000 0.9518
vn -0.5364 -0.0000 0.8440
vn -0.6912 -0.0000 0.7227
vn 0.6684 -0.2516 0.6999
vn 0.5139 -0.2925 0.8064
vn 0.2913 -0.3307 0.8977
vn -0.2913 -0.3307 0.8976
vn -0.5139 -0.2925 0.8064
vn -0.6684 -0.2516 0.6999
vn 0.4566 -0.5275 0.7164
vn 0.2518 -0.5743 0.7789
vn -0.0000 -0.5886 0.8084
vn -0.2518 -0.5744 0.7789
vn -0.4566 -0.5275 0.7164
vn -0.6142 -0.4646 0.6379
vn 0.5423 -0.6209 0.5660
vn 0.3936 -0.6770 0.6219
vn 0.2118 -0.7217 0.6590
vn -0.0000 -0.7378 0.6750
vn -0.2118 -0.7217 0.6590
vn -0.3936 -0.6770 0.6219
vn -0.5423 -0.6209 0.5660
vn -0.5424 0.6209 0.5659
vn -0.5980 0.6845 0.4170
vn -0.6143 0.4646 0.6378
vn -0.6967 0.5305 0.4829
vn -0.6451 0.7316 0.2203
vn -0.7659 0.5843 0.2684
vn -0.7952 0.6063 -0.0000
vn -0.6451 0.7316 -0.2203
vn -0.7659 0.5843 -0.2684
vn -0.5980 0.6845 -0.4170
vn -0.6967 0.5304 -0.4829
vn -0.5424 0.6209 -0.5659
vn -0.6142 0.4646 -0.6379
vn -0.6685 0.2516 0.6999
vn -0.7855 0.2985 0.5420
vn -0.8895 0.3385 0.3070
vn -0.9354 0.3537 -0.0000
vn -0.8895 0.3385 -0.3070
vn -0.7856 0.2985 -0.5420
vn -0.6685 0.2516 -0.6999
vn -0.6912 -0.0000 0.7226
vn -0.8185 -0.0000 0.5745
vn -0.9439 -0.0000 0.3303
vn -0.9439 -0.0000 -0.3303
vn -0.8185 -0.0000 -0.5745
vn -0.6912 -0.0000 -0.7226
vn -0.7856 -0.2985 0.5420
vn -0.8895 -0.3385 0.3070
vn -0.9354 -0.3537 -0.0000
vn -0.8895 -0.3385 -0.3070
vn -0.7856 -0.2985 -0.5420
vn -0.6685 -0.2516 -0.6999
vn -0.6142 -0.4646 0.6378
vn -0.6967 -0.5304 0.4829
vn -0.7659 -0.5843 0.2685
vn -0.7953 -0.6063 -0.0000
vn -0.7659 -0.5843 -0.2685
vn -0.6967 -0.5304 -0.4829
vn -0.6142 -0.4646 -0.6379
vn -0.5424 -0.6209 0.5659
vn -0.5980 -0.6845 0.4170
vn -0.6451 -0.7316 0.2203
vn -0.6585 -0.7526 -0.0000
vn -0.6451 -0.7316 -0.2203
vn -0.5980 -0.6845 -0.4170
vn -0.5424 -0.6209 -0.5659
vn -0.5423 -0.6210 -0.5659
vn -0.3936 -0.6770 -0.6219
vn -0.4487 -0.7636 -0.4644
vn -0.2118 -0.7217 -0.6590
vn -0.2444 -0.8280 -0.5047
vn -0.0000 -0.7378 -0.6750
vn -0.0000 -0.8533 -0.5214
vn 0.2118 -0.7217 -0.6590
vn 0.2444 -0.8280 -0.5047
vn 0.3936 -0.6770 -0.6219
vn 0.4487 -0.7636 -0.4644
vn 0.5424 -0.6210 -0.5659
vn 0.5979 -0.6845 -0.4170
vn -0.6451 -0.7317 -0.2203
vn -0.4886 -0.8353 -0.2522
vn -0.2676 -0.9209 -0.2834
vn -0.0000 -0.9563 -0.2924
vn 0.2676 -0.9209 -0.2833
vn 0.4885 -0.8353 -0.2522
vn 0.6451 -0.7317 -0.2203
vn -0.5029 -0.8644 -0.0000
vn -0.2830 -0.9591 -0.0000
vn 0.2830 -0.9591 -0.0000
vn 0.5029 -0.8644 -0.0000
vn -0.6451 -0.7317 0.2203
vn -0.4886 -0.8353 0.2522
vn -0.2676 -0.9209 0.2834
vn -0.0000 -0.9563 0.2924
vn 0.2676 -0.9209 0.2833
vn 0.4886 -0.8353 0.2522
vn 0.6451 -0.7317 0.2203
vn -0.5979 -0.6845 0.4170
vn -0.4487 -0.7636 0.4644
vn -0.2444 -0.8280 0.5047
vn -0.0000 -0.8533 0.5214
vn 0.2444 -0.8280 0.5047
vn 0.4487 -0.7636 0.4644
vn 0.5979 -0.6845 0.4170
vn -0.5423 -0.6210 0.5659
vn 0.5423 -0.6210 0.5659
vn -0.5423 0.6209 -0.5660
vn -0.4566 0.5275 -0.7164
vn -0.2518 0.5743 -0.7789
vn -0.0000 0.5886 -0.8084
vn 0.2518 0.5744 -0.7789
vn 0.4566 0.5275 -0.7164
vn 0.5423 0.6209 -0.5659
vn 0.6142 0.4646 -0.6379
vn -0.6684 0.2516 -0.6999
vn -0.5139 0.2925 -0.8064
vn -0.2913 0.3307 -0.8976
vn 0.2913 0.3307 -0.8977
vn 0.5139 0.2925 -0.8064
vn 0.6684 0.2516 -0.6999
vn -0.6912 -0.0000 -0.7227
vn -0.5363 -0.0000 -0.8440
vn -0.3068 -0.0000 -0.9518
vn 0.3068 -0.0000 -0.9518
vn 0.5364 -0.0000 -0.8440
vn 0.6912 -0.0000 -0.7227
vn -0.6684 -0.2516 -0.6999
vn -0.5139 -0.2925 -0.8064
vn -0.2913 -0.3307 -0.8976
vn -0.0000 -0.3468 -0.9380
vn 0.2913 -0.3307 -0.8976
vn 0.5139 -0.2925 -0.8064
vn 0.6684 -0.2516 -0.6999
vn -0.4566 -0.5275 -0.7164
vn -0.2518 -0.5743 -0.7789
vn -0.0000 -0.5886 -0.8084
vn 0.2518 -0.5743 -0.7789
vn 0.4566 -0.5275 -0.7164
vn 0.6142 -0.4646 -0.6379
vn -0.5423 -0.6209 -0.5659
vn 0.5423 -0.6209 -0.5660
vn 0.5774 0.5773 -0.5773
vn 0.6396 0.6396 -0.4264
vn 0.6396 0.4264 -0.6396
vn 0.7239 0.4878 -0.4878
vn 0.6883 0.6882 -0.2294
vn 0.8018 0.5345 -0.2673
vn 0.8345 0.5511 -0.0000
vn 0.6883 0.6882 0.2294
vn 0.8018 0.5345 0.2673
vn 0.6396 0.6396 0.4264
vn 0.7239 0.4878 0.4878
vn 0.5774 0.5773 0.5773
vn 0.6396 0.4264 0.6396
vn 0.6883 0.2294 -0.6882
vn 0.8018 0.2673 -0.5345
vn 0.9060 0.2993 -0.2993
vn 0.9487 0.3162 -0.0000
vn 0.9060 0.2993 0.2993
vn 0.8018 0.2673 0.5345
vn 0.6883 0.2294 0.6882
vn 0.7071 -0.0000 -0.7071
vn 0.8345 -0.0000 -0.5510
vn 0.9487 -0.0000 -0.3162
vn 0.9487 -0.0000 0.3162
vn 0.8345 -0.0000 0.5510
vn 0.7071 -0.0000 0.7071
vn 0.6883 -0.2294 -0.6882
vn 0.8018 -0.2672 -0.5345
vn 0.9060 -0.2993 -0.2993
vn 0.9487 -0.3162 -0.0000
vn 0.9060 -0.2994 0.2994
vn 0.8018 -0.2673 0.5345
vn 0.6883 -0.2294 0.6882
vn 0.6396 -0.4264 -0.6396
vn 0.7239 -0.4878 -0.4878
vn 0.8018 -0.5345 -0.2672
vn 0.8345 -0.5510 -0.0000
vn 0.8018 -0.5345 0.2673
vn 0.7239 -0.4878 0.4878
vn 0.6396 -0.4264 0.6396
vn 0.5774 -0.5773 -0.5773
vn 0.6396 -0.6396 -0.4264
vn 0.6882 -0.6882 -0.2294
vn 0.6883 -0.6882 0.2294
vn 0.6396 -0.6396 0.4264
vn 0.5774 -0.5773 0.5773
vn -0.5773 0.5774 0.5773
vn -0.4264 0.6396 0.6396
vn -0.6396 0.6396 0.4264
vn -0.4878 0.7239 0.4878
vn -0.2294 0.6883 0.6882
vn -0.2673 0.8018 0.5345
vn -0.0000 0.7071 0.7071
vn -0.0000 0.8345 0.5510
vn 0.2294 0.6882 0.6882
vn 0.2673 0.8018 0.5345
vn 0.4264 0.6396 0.6396
vn 0.4878 0.7239 0.4878
vn 0.5773 0.5774 0.5773
vn -0.6882 0.6883 0.2294
vn -0.5345 0.8018 0.2673
vn -0.2994 0.9060 0.2994
vn -0.0000 0.9487 0.3162
vn 0.2994 0.9060 0.2994
vn 0.5345 0.8018 0.2673
vn 0.6882 0.6883 0.2294
vn -0.5511 0.8345 -0.0000
vn -0.3162 0.9487 -0.0000
vn 0.3162 0.9487 -0.0000
vn 0.5511 0.8345 -0.0000
vn -0.6882 0.6883 -0.2294
vn -0.5345 0.8018 -0.2673
vn -0.2993 0.9060 -0.2993
vn -0.0000 0.9487 -0.3162
vn 0.2993 0.9060 -0.2993
vn 0.5345 0.8018 -0.2673
vn 0.6882 0.6883 -0.2294
vn -0.6396 0.6396 -0.4264
vn -0.4878 0.7239 -0.4878
vn -0.2673 0.8018 -0.5345
vn -0.0000 0.8345 -0.5511
vn 0.2673 0.8018 -0.5345
vn 0.4878 0.7239 -0.4878
vn -0.5773 0.5774 -0.5773
vn -0.4264 0.6396 -0.6396
vn -0.2294 0.6883 -0.6882
vn -0.0000 0.7071 -0.7071
vn 0.2294 0.6883 -0.6882
vn 0.4264 0.6396 -0.6396
vn 0.5773 0.5774 -0.5773
vn 0.5773 0.5773 0.5774
vn 0.4878 0.4878 0.7239
vn 0.2294 0.6882 0.6883
vn 0.2673 0.5345 0.8018
vn -0.0000 0.5511 0.8345
vn -0.2294 0.6882 0.6883
vn -0.2673 0.5345 0.8018
vn -0.4878 0.4878 0.7239
vn -0.5773 0.5773 0.5774
vn -0.6396 0.4264 0.6396
vn 0.6882 0.2294 0.6883
vn 0.5345 0.2673 0.8018
vn 0.2993 0.2993 0.9060
vn -0.0000 0.3162 0.9487
vn -0.2993 0.2993 0.9060
vn -0.5345 0.2673 0.8018
vn -0.6882 0.2294 0.6883
vn 0.5511 -0.0000 0.8345
vn 0.3162 -0.0000 0.9487
vn -0.3162 -0.0000 0.9487
vn -0.5511 -0.0000 0.8345
vn -0.7071 -0.0000 0.7071
vn 0.6882 -0.2294 0.6883
vn 0.5345 -0.2673 0.8018
vn 0.2994 -0.2993 0.9060
vn -0.0000 -0.3162 0.9487
vn -0.2994 -0.2994 0.9060
vn -0.5345 -0.2673 0.8018
vn -0.6882 -0.2294 0.6883
vn 0.4878 -0.4878 0.7239
vn 0.2673 -0.5345 0.8018
vn -0.0000 -0.5511 0.8345
vn -0.2673 -0.5345 0.8018
vn -0.4878 -0.4878 0.7239
vn -0.6396 -0.4264 0.6396
vn 0.5773 -0.5773 0.5774
vn 0.4264 -0.6396 0.6396
vn 0.2294 -0.6882 0.6883
vn -0.0000 -0.7071 0.7071
vn -0.2294 -0.6882 0.6883
vn -0.4264 -0.6396 0.6396
vn -0.5773 -0.5773 0.5774
vn -0.5774 0.5773 0.5773
vn -0.7239 0.4878 0.4878
vn -0.6883 0.6882 0.2294
vn -0.8018 0.5345 0.2673
vn -0.6883 0.6882 -0.2294
vn -0.8018 0.5345 -0.2672
vn -0.7239 0.4878 -0.4878
vn -0.5774 0.5773 -0.5773
vn -0.6396 0.4264 -0.6396
vn -0.6883 0.2294 0.6882
vn -0.8018 0.2673 0.5345
vn -0.9060 0.2994 0.2994
vn -0.9487 0.3162 -0.0000
vn -0.9060 0.2994 -0.2994
vn -0.8018 0.2673 -0.5345
vn -0.6883 0.2294 -0.6882
vn -0.8345 -0.0000 0.5511
vn -0.9487 -0.0000 0.3162
vn -0.9487 -0.0000 -0.3162
vn -0.8345 -0.0000 -0.5511
vn -0.7071 -0.0000 -0.7071
vn -0.6883 -0.2294 0.6882
vn -0.8018 -0.2673 0.5345
vn -0.9060 -0.2993 0.2993
vn -0.9487 -0.3162 -0.0000
vn -0.9060 -0.2993 -0.2993
vn -0.8018 -0.2673 -0.5345
vn -0.6883 -0.2294 -0.6882
vn -0.7239 -0.4878 0.4878
vn -0.8018 -0.5345 0.2673
vn -0.8018 -0.5345 -0.2673
vn -0.7239 -0.4878 -0.4878
vn -0.6396 -0.4264 -0.6396
vn -0.5774 -0.5773 0.5773
vn -0.6396 -0.6396 0.4264
vn -0.6883 -0.6882 0.2294
vn -0.6883 -0.6882 -0.2294
vn -0.6396 -0.6396 -0.4264
vn -0.5774 -0.5773 -0.5773
vn -0.5773 -0.5774 -0.5773
vn -0.4264 -0.6396 -0.6396
vn -0.4878 -0.7239 -0.4878
vn -0.2294 -0.6883 -0.6882
vn -0.2673 -0.8018 -0.5345
vn -0.0000 -0.7071 -0.7071
vn -0.0000 -0.8345 -0.5511
vn 0.2294 -0.6883 -0.6882
vn 0.2673 -0.8018 -0.5345
vn 0.4264 -0.6396 -0.6396
vn 0.4878 -0.7239 -0.4878
vn 0.5773 -0.5774 -0.5773
vn -0.6882 -0.6883 -0.2294
vn -0.5345 -0.8018 -0.2673
vn -0.2994 -0.9060 -0.2994
vn -0.0000 -0.9487 -0.3162
vn 0.2993 -0.9060 -0.2993
vn 0.5345 -0.8018 -0.2672
vn -0.5511 -0.8345 -0.0000
vn -0.3162 -0.9487 -0.0000
vn 0.3162 -0.9487 -0.0000
vn 0.5511 -0.8345 -0.0000
vn -0.6882 -0.6883 0.2294
vn -0.5345 -0.8018 0.2673
vn -0.2993 -0.9060 0.2993
vn -0.0000 -0.9487 0.3162
vn 0.2994 -0.9060 0.2994
vn 0.5345 -0.8018 0.2673
vn 0.6882 -0.6883 0.2294
vn -0.4878 -0.7239 0.4878
vn -0.2673 -0.8018 0.5345
vn -0.0000 -0.8345 0.5511
vn 0.2673 -0.8018 0.5345
vn 0.4878 -0.7239 0.4878
vn -0.5773 -0.5774 0.5773
vn -0.2294 -0.6883 0.6882
vn 0.2294 -0.6883 0.6882
vn 0.5773 -0.5774 0.5773
vn -0.5773 0.5773 -0.5774
vn -0.4878 0.4878 -0.7239
vn -0.2294 0.6882 -0.6883
vn -0.2673 0.5345 -0.8018
vn -0.0000 0.5511 -0.8345
vn 0.2294 0.6882 -0.6883
vn 0.2673 0.5345 -0.8018
vn 0.4878 0.4878 -0.7239
vn 0.5773 0.5773 -0.5774
vn -0.6882 0.2294 -0.6883
vn -0.5345 0.2673 -0.8018
vn -0.2994 0.2994 -0.9060
vn -0.0000 0.3162 -0.9487
vn 0.2993 0.2993 -0.9060
vn 0.5345 0.2673 -0.8018
vn 0.6882 0.2294 -0.6883
vn -0.5511 -0.0000 -0.8345
vn -0.3162 -0.0000 -0.9487
vn 0.3162 -0.0000 -0.9487
vn 0.5511 -0.0000 -0.8345
vn -0.6882 -0.2294 -0.6883
vn -0.5345 -0.2672 -0.8018
vn -0.2994 -0.2994 -0.9060
vn -0.0000 -0.3162 -0.9487
vn 0.2993 -0.2993 -0.9060
vn 0.5345 -0.2673 -0.8018
vn 0.6882 -0.2294 -0.6883
vn -0.4878 -0.4878 -0.7239
vn -0.2673 -0.5345 -0.8018
vn -0.0000 -0.5511 -0.8345
vn 0.2673 -0.5345 -0.8018
vn 0.4878 -0.4878 -0.7239
vn -0.5773 -0.5773 -0.5774
vn -0.2294 -0.6882 -0.6883
vn 0.2294 -0.6882 -0.6883
vn 0.5773 -0.5773 -0.5774
vt 1.290590 0.390785
vt 1.173090 0.390785
vt 1.290590 0.285785
vt 1.173090 0.285785
vt 1.055590 0.390785
vt 1.055590 0.285785
vt 0.938086 0.390785
vt 0.938086 0.285785
vt 0.820586 0.390785
vt 0.820586 0.285785
vt 0.703086 0.390785
vt 0.703086 0.285785
vt 0.585586 0.390785
vt 0.585586 0.285785
vt 1.290590 0.180785
vt 1.173090 0.180785
vt 1.055590 0.180785
vt 0.938086 0.180785
vt 0.820586 0.180785
vt 0.703086 0.180785
vt 0.585586 0.180785
vt 1.290590 0.075785
vt 1.173090 0.075785
vt 1.055590 0.075785
vt 0.938086 0.075785
vt 0.820586 0.075785
vt 0.703086 0.075785
vt 0.585586 0.075785
vt 1.290590 -0.029215
vt 1.173090 -0.029215
vt 1.055590 -0.029215
vt 0.938086 -0.029215
vt 0.820586 -0.029215
vt 0.703086 -0.029215
vt 0.585586 -0.029215
vt 1.290590 -0.134215
vt 1.173090 -0.134215
vt 1.055590 -0.134215
vt 0.938086 -0.134215
vt 0.820586 -0.134215
vt 0.703086 -0.134215
vt 0.585586 -0.134215
vt 1.290590 -0.239215
vt 1.173090 -0.239215
vt 1.055590 -0.239215
vt 0.938086 -0.239215
vt 0.820586 -0.239215
vt 0.703086 -0.239215
vt 0.585586 -0.239215
vt 1.005590 0.390785
vt 0.935586 0.390785
vt 1.005590 0.273285
vt 0.935586 0.273285
vt 0.865586 0.390785
vt 0.865586 0.273285
vt 0.795586 0.390785
vt 0.795586 0.273285
vt 0.725586 0.390785
vt 0.725586 0.273285
vt 0.655586 0.390785
vt 0.655586 0.273285
vt 0.585586 0.273285
vt 1.005590 0.155785
vt 0.935586 0.155785
vt 0.865586 0.155785
vt 0.795586 0.155785
vt 0.725586 0.155785
vt 0.655586 0.155785
vt 0.585586 0.155785
vt 1.005590 0.038285
vt 0.935586 0.038285
vt 0.865586 0.038285
vt 0.795586 0.038285
vt 0.725586 0.038285
vt 0.655586 0.038285
vt 0.585586 0.038285
vt 1.005590 -0.079215
vt 0.935586 -0.079215
vt 0.865586 -0.079215
vt 0.795586 -0.079215
vt 0.725586 -0.079215
vt 0.655586 -0.079215
vt 0.585586 -0.079215
vt 1.005590 -0.196715
vt 0.935586 -0.196715
vt 0.865586 -0.196715
vt 0.795586 -0.196715
vt 0.725586 -0.196715
vt 0.655586 -0.196715
vt 0.585586 -0.196715
vt 1.005590 -0.314215
vt 0.935586 -0.314215
vt 0.865586 -0.314215
vt 0.795586 -0.314215
vt 0.725586 -0.314215
vt 0.655586 -0.314215
vt 0.585586 -0.314215
vt 1.005590 0.285785
vt 0.935586 0.285785
vt 0.865586 0.285785
vt 0.795586 0.285785
vt 0.725586 0.285785
vt 0.655586 0.285785
vt 1.005590 0.180785
vt 0.935586 0.180785
vt 0.865586 0.180785
vt 0.795586 0.180785
vt 0.725586 0.180785
vt 0.655586 0.180785
vt 1.005590 0.075785
vt 0.935586 0.075785
vt 0.865586 0.075785
vt 0.795586 0.075785
vt 0.725586 0.075785
vt 0.655586 0.075785
vt 1.005590 -0.029215
vt 0.935586 -0.029215
vt 0.865586 -0.029215
vt 0.795586 -0.029215
vt 0.725586 -0.029215
vt 0.655586 -0.029215
vt 1.005590 -0.134215
vt 0.935586 -0.134215
vt 0.865586 -0.134215
vt 0.795586 -0.134215
vt 0.725586 -0.134215
vt 0.655586 -0.134215
vt 1.005590 -0.239215
vt 0.935586 -0.239215
vt 0.865586 -0.239215
vt 0.795586 -0.239215
vt 0.725586 -0.239215
vt 0.655586 -0.239215
vt 1.291750 0.016453
vt 1.176750 0.016453
vt 1.291750 -0.088547
vt 1.176750 -0.088547
vt 1.061750 0.016453
vt 1.061750 -0.088547
vt 0.946751 0.016453
vt 0.946751 -0.088547
vt 0.831751 0.016453
vt 0.831751 -0.088547
vt 0.716751 0.016453
vt 0.716751 -0.088547
vt 0.601751 0.016453
vt 0.601751 -0.088547
vt 1.291750 -0.193547
vt 1.176750 -0.193547
vt 1.061750 -0.193547
vt 0.946751 -0.193547
vt 0.831751 -0.193547
vt 0.716751 -0.193547
vt 0.601751 -0.193547
vt 1.291750 -0.298547
vt 1.176750 -0.298547
vt 1.061750 -0.298547
vt 0.946751 -0.298547
vt 0.831751 -0.298547
vt 0.716751 -0.298547
vt 0.601751 -0.298547
vt 1.291750 -0.403547
vt 1.176750 -0.403547
vt 1.061750 -0.403547
vt 0.946751 -0.403547
vt 0.831751 -0.403547
vt 0.716751 -0.403547
vt 0.601751 -0.403547
vt 1.291750 -0.508547
vt 1.176750 -0.508547
vt 1.061750 -0.508547
vt 0.946751 -0.508547
vt 0.831751 -0.508547
vt 0.716751 -0.508547
vt 0.601751 -0.508547
vt 1.291750 -0.613547
vt 1.176750 -0.613547
vt 1.061750 -0.613547
vt 0.946751 -0.613547
vt 0.831751 -0.613547
vt 0.716751 -0.613547
vt 0.601751 -0.613547
vt 1.321750 0.016453
vt 1.201750 0.016453
vt 1.321750 -0.098547
vt 1.201750 -0.098547
vt 1.081750 0.016453
vt 1.081750 -0.098547
vt 0.961751 0.016453
vt 0.961751 -0.098547
vt 0.841751 0.016453
vt 0.841751 -0.098547
vt 0.721751 0.016453
vt 0.721751 -0.098547
vt 0.601751 -0.098547
vt 1.321750 -0.213547
vt 1.201750 -0.213547
vt 1.081750 -0.213547
vt 0.961751 -0.213547
vt 0.841751 -0.213547
vt 0.721751 -0.213547
vt 0.601751 -0.213547
vt 1.321750 -0.328547
vt 1.201750 -0.328547
vt 1.081750 -0.328547
vt 0.961751 -0.328547
vt 0.841751 -0.328547
vt 0.721751 -0.328547
vt 0.601751 -0.328547
vt 1.321750 -0.443547
vt 1.201750 -0.443547
vt 1.081750 -0.443547
vt 0.961751 -0.443547
vt 0.841751 -0.443547
vt 0.721751 -0.443547
vt 0.601751 -0.443547
vt 1.321750 -0.558547
vt 1.201750 -0.558547
vt 1.081750 -0.558547
vt 0.961751 -0.558547
vt 0.841751 -0.558547
vt 0.721751 -0.558547
vt 0.601751 -0.558547
vt 1.321750 -0.673547
vt 1.201750 -0.673547
vt 1.081750 -0.673547
vt 0.961751 -0.673547
vt 0.841751 -0.673547
vt 0.721751 -0.673547
vt 0.601751 -0.673547
vt 1.321750 -0.088547
vt 1.201750 -0.088547
vt 1.081750 -0.088547
vt 0.961751 -0.088547
vt 0.841751 -0.088547
vt 0.721751 -0.088547
vt 1.321750 -0.193547
vt 1.201750 -0.193547
vt 1.081750 -0.193547
vt 0.961751 -0.193547
vt 0.841751 -0.193547
vt 0.721751 -0.193547
vt 1.321750 -0.298547
vt 1.201750 -0.298547
vt 1.081750 -0.298547
vt 0.961751 -0.298547
vt 0.841751 -0.298547
vt 0.721751 -0.298547
vt 1.321750 -0.403547
vt 1.201750 -0.403547
vt 1.081750 -0.403547
vt 0.961751 -0.403547
vt 0.841751 -0.403547
vt 0.721751 -0.403547
vt 1.321750 -0.508547
vt 1.201750 -0.508547
vt 1.081750 -0.508547
vt 0.961751 -0.508547
vt 0.841751 -0.508547
vt 0.721751 -0.508547
vt 1.321750 -0.613547
vt 1.201750 -0.613547
vt 1.081750 -0.613547
vt 0.961751 -0.613547
vt 0.841751 -0.613547
vt 0.721751 -0.613547
vt 1.868430 1.243540
vt 1.743430 1.243540
vt 1.868430 1.118540
vt 1.743430 1.118540
vt 1.618430 1.243540
vt 1.618430 1.118540
vt 1.493430 1.243540
vt 1.493430 1.118540
vt 1.368430 1.243540
vt 1.368430 1.118540
vt 1.243430 1.243540
vt 1.243430 1.118540
vt 1.118430 1.243540
vt 1.118430 1.118540
vt 1.868430 0.993545
vt 1.743430 0.993545
vt 1.618430 0.993545
vt 1.493430 0.993545
vt 1.368430 0.993545
vt 1.243430 0.993545
vt 1.118430 0.993545
vt 1.868430 0.868545
vt 1.743430 0.868545
vt 1.618430 0.868545
vt 1.493430 0.868545
vt 1.368430 0.868545
vt 1.243430 0.868545
vt 1.118430 0.868545
vt 1.868430 0.743545
vt 1.743430 0.743545
vt 1.618430 0.743545
vt 1.493430 0.743545
vt 1.368430 0.743545
vt 1.243430 0.743545
vt 1.118430 0.743545
vt 1.868430 0.618545
vt 1.743430 0.618545
vt 1.618430 0.618545
vt 1.493430 0.618545
vt 1.368430 0.618545
vt 1.243430 0.618545
vt 1.118430 0.618545
vt 1.868430 0.493545
vt 1.743430 0.493545
vt 1.618430 0.493545
vt 1.493430 0.493545
vt 1.368430 0.493545
vt 1.243430 0.493545
vt 1.118430 0.493545
s 1
usemtl Decor1Mtl
f 1/1/1 2/2/2 8/3/3
f 8/3/3 2/2/2 9/4/4
f 2/2/2 3/5/5 9/4/4
f 9/4/4 3/5/5 10/6/6
f 3/5/5 4/7/7 10/6/6
f 10/6/6 4/7/7 11/8/8
f 4/7/7 5/9/9 11/8/8
f 11/8/8 5/9/9 12/10/10
f 5/9/9 6/11/11 12/10/10
f 12/10/10 6/11/11 13/12/12
f 6/11/11 7/13/13 13/12/12
f 13/12/12 7/13/13 14/14/14
f 8/3/3 9/4/4 15/15/15
f 15/15/15 9/4/4 16/16/16
f 9/4/4 10/6/6 16/16/16
f 16/16/16 10/6/6 17/17/17
f 10/6/6 11/8/8 17/17/17
f 17/17/17 11/8/8 18/18/18
f 11/8/8 12/10/10 18/18/18
f 18/18/18 12/10/10 19/19/19
f 12/10/10 13/12/12 19/19/19
f 19/19/19 13/12/12 20/20/20
f 13/12/12 14/14/14 20/20/20
f 20/20/20 14/14/14 21/21/21
f 15/15/15 16/16/16 22/22/22
f 22/22/22 16/16/16 23/23/23
f 16/16/16 17/17/17 23/23/23
f 23/23/23 17/17/17 24/24/24
f 17/17/17 18/18/18 24/24/24
f 24/24/24 18/18/18 25/25/25
f 18/18/18 19/19/19 25/25/25
f 25/25/25 19/19/19 26/26/26
f 19/19/19 20/20/20 26/26/26
f 26/26/26 20/20/20 27/27/27
f 20/20/20 21/21/21 27/27/27
f 27/27/27 21/21/21 28/28/28
f 22/22/22 23/23/23 29/29/29
f 29/29/29 23/23/23 30/30/30
f 23/23/23 24/24/24 30/30/30
f 30/30/30 24/24/24 31/31/31
f 24/24/24 25/25/25 31/31/31
f 31/31/31 25/25/25 32/32/32
f 25/25/25 26/26/26 32/32/32
f 32/32/32 26/26/26 33/33/33
f 26/26/26 27/27/27 33/33/33
f 33/33/33 27/27/27 34/34/34
f 27/27/27 28/28/28 34/34/34
f 34/34/34 28/28/28 35/35/35
f 29/29/29 30/30/30 36/36/36
f 36/36/36 30/30/30 37/37/37
f 30/30/30 31/31/31 37/37/37
f 37/37/37 31/31/31 38/38/38
f 31/31/31 32/32/32 38/38/38
f 38/38/38 32/32/32 39/39/39
f 32/32/32 33/33/33 39/39/39
f 39/39/39 33/33/33 40/40/40
f 33/33/33 34/34/34 40/40/40
f 40/40/40 34/34/34 41/41/41
f 34/34/34 35/35/35 41/41/41
f 41/41/41 35/35/35 42/42/42
f 36/36/36 37/37/37 43/43/43
f 43/43/43 37/37/37 44/44/44
f 37/37/37 38/38/38 44/44/44
f 44/44/44 38/38/38 45/45/45
f 38/38/38 39/39/39 45/45/45
f 45/45/45 39/39/39 46/46/46
f 39/39/39 40/40/40 46/46/46
f 46/46/46 40/40/40 47/47/47
f 40/40/40 41/41/41 47/47/47
f 47/47/47 41/41/41 48/48/48
f 41/41/41 42/42/42 48/48/48
f 48/48/48 42/42/42 49/49/49
f 50/50/50 51/51/51 57/52/52
f 57/52/52 51/51/51 58/53/53
f 51/51/51 52/54/54 58/53/53
f 58/53/53 52/54/54 59/55/55
f 52/54/54 53/56/56 59/55/55
f 59/55/55 53/56/56 60/57/57
f 53/56/56 54/58/58 60/57/57
f 60/57/57 54/58/58 61/59/59
f 54/58/58 55/60/60 61/59/59
f 61/59/59 55/60/60 62/61/61
f 55/60/60 56/13/62 62/61/61
f 62/61/61 56/13/62 63/62/11
f 57/52/52 58/53/53 64/63/63
f 64/63/63 58/53/53 65/64/64
f 58/53/53 59/55/55 65/64/64
f 65/64/64 59/55/55 66/65/65
f 59/55/55 60/57/57 66/65/65
f 66/65/65 60/57/57 67/66/66
f 60/57/57 61/59/59 67/66/66
f 67/66/66 61/59/59 68/67/67
f 61/59/59 62/61/61 68/67/67
f 68/67/67 62/61/61 69/68/68
f 62/61/61 63/62/11 69/68/68
f 69/68/68 63/62/11 70/69/9
f 64/63/63 65/64/64 71/70/69
f 71/70/69 65/64/64 72/71/70
f 65/64/64 66/65/65 72/71/70
f 72/71/70 66/65/65 73/72/71
f 66/65/65 67/66/66 73/72/71
f 73/72/71 67/66/66 74/73/72
f 67/66/66 68/67/67 74/73/72
f 74/73/72 68/67/67 75/74/73
f 68/67/67 69/68/68 75/74/73
f 75/74/73 69/68/68 76/75/74
f 69/68/68 70/69/9 76/75/74
f 76/75/74 70/69/9 77/76/75
f 71/70/69 72/71/70 78/77/76
f 78/77/76 72/71/70 79/78/77
f 72/71/70 73/72/71 79/78/77
f 79/78/77 73/72/71 80/79/78
f 73/72/71 74/73/72 80/79/78
f 80/79/78 74/73/72 81/80/79
f 74/73/72 75/74/73 81/80/79
f 81/80/79 75/74/73 82/81/80
f 75/74/73 76/75/74 82/81/80
f 82/81/80 76/75/74 83/82/81
f 76/75/74 77/76/75 83/82/81
f 83/82/81 77/76/75 84/83/5
f 78/77/76 79/78/77 85/84/82
f 85/84/82 79/78/77 86/85/83
f 79/78/77 80/79/78 86/85/83
f 86/85/83 80/79/78 87/86/84
f 80/79/78 81/80/79 87/86/84
f 87/86/84 81/80/79 88/87/85
f 81/80/79 82/81/80 88/87/85
f 88/87/85 82/81/80 89/88/86
f 82/81/80 83/82/81 89/88/86
f 89/88/86 83/82/81 90/89/87
f 83/82/81 84/83/5 90/89/87
f 90/89/87 84/83/5 91/90/2
f 85/84/82 86/85/83 92/91/88
f 92/91/88 86/85/83 93/92/89
f 86/85/83 87/86/84 93/92/89
f 93/92/89 87/86/84 94/93/90
f 87/86/84 88/87/85 94/93/90
f 94/93/90 88/87/85 95/94/91
f 88/87/85 89/88/86 95/94/91
f 95/94/91 89/88/86 96/95/92
f 89/88/86 90/89/87 96/95/92
f 96/95/92 90/89/87 97/96/93
f 90/89/87 91/90/2 97/96/93
f 97/96/93 91/90/2 98/97/94
f 99/50/95 100/51/96 106/98/14
f 106/98/14 100/51/96 107/99/97
f 100/51/96 101/54/98 107/99/97
f 107/99/97 101/54/98 108/100/99
f 101/54/98 102/56/100 108/100/99
f 108/100/99 102/56/100 109/101/101
f 102/56/100 103/58/102 109/101/101
f 109/101/101 103/58/102 110/102/103
f 103/58/102 104/60/104 110/102/103
f 110/102/103 104/60/104 111/103/105
f 104/60/104 105/13/106 111/103/105
f 111/103/105 105/13/106 112/14/107
f 106/98/14 107/99/97 113/104/108
f 113/104/108 107/99/97 114/105/109
f 107/99/97 108/100/99 114/105/109
f 114/105/109 108/100/99 115/106/110
f 108/100/99 109/101/101 115/106/110
f 115/106/110 109/101/101 116/107/111
f 109/101/101 110/102/103 116/107/111
f 116/107/111 110/102/103 117/108/112
f 110/102/103 111/103/105 117/108/112
f 117/108/112 111/103/105 118/109/113
f 111/103/105 112/14/107 118/109/113
f 118/109/113 112/14/107 119/21/114
f 113/104/108 114/105/109 120/110/28
f 120/110/28 114/105/109 121/111/115
f 114/105/109 115/106/110 121/111/115
f 121/111/115 115/106/110 122/112/116
f 115/106/110 116/107/111 122/112/116
f 122/112/116 116/107/111 123/113/117
f 116/107/111 117/108/112 123/113/117
f 123/113/117 117/108/112 124/114/118
f 117/108/112 118/109/113 124/114/118
f 124/114/118 118/109/113 125/115/119
f 118/109/113 119/21/114 125/115/119
f 125/115/119 119/21/114 126/28/120
f 120/110/28 121/111/115 127/116/121
f 127/116/121 121/111/115 128/117/122
f 121/111/115 122/112/116 128/117/122
f 128/117/122 122/112/116 129/118/123
f 122/112/116 123/113/117 129/118/123
f 129/118/123 123/113/117 130/119/124
f 123/113/117 124/114/118 130/119/124
f 130/119/124 124/114/118 131/120/125
f 124/114/118 125/115/119 131/120/125
f 131/120/125 125/115/119 132/121/126
f 125/115/119 126/28/120 132/121/126
f 132/121/126 126/28/120 133/35/127
f 127/116/121 128/117/122 134/122/42
f 134/122/42 128/117/122 135/123/128
f 128/117/122 129/118/123 135/123/128
f 135/123/128 129/118/123 136/124/129
f 129/118/123 130/119/124 136/124/129
f 136/124/129 130/119/124 137/125/130
f 130/119/124 131/120/125 137/125/130
f 137/125/130 131/120/125 138/126/131
f 131/120/125 132/121/126 138/126/131
f 138/126/131 132/121/126 139/127/132
f 132/121/126 133/35/127 139/127/132
f 139/127/132 133/35/127 140/42/133
f 134/122/42 135/123/128 141/128/134
f 141/128/134 135/123/128 142/129/135
f 135/123/128 136/124/129 142/129/135
f 142/129/135 136/124/129 143/130/136
f 136/124/129 137/125/130 143/130/136
f 143/130/136 137/125/130 144/131/137
f 137/125/130 138/126/131 144/131/137
f 144/131/137 138/126/131 145/132/138
f 138/126/131 139/127/132 145/132/138
f 145/132/138 139/127/132 146/133/139
f 139/127/132 140/42/133 146/133/139
f 146/133/139 140/42/133 147/49/140
f 148/1/106 149/2/141 155/3/107
f 155/3/107 149/2/141 156/4/142
f 149/2/141 150/5/63 156/4/142
f 156/4/142 150/5/63 157/6/143
f 150/5/63 151/7/144 157/6/143
f 157/6/143 151/7/144 158/8/145
f 151/7/144 152/9/76 158/8/145
f 158/8/145 152/9/76 159/10/146
f 152/9/76 153/11/147 159/10/146
f 159/10/146 153/11/147 160/12/148
f 153/11/147 154/13/149 160/12/148
f 160/12/148 154/13/149 161/14/150
f 155/3/107 156/4/142 162/15/114
f 162/15/114 156/4/142 163/16/151
f 156/4/142 157/6/143 163/16/151
f 163/16/151 157/6/143 164/17/152
f 157/6/143 158/8/145 164/17/152
f 164/17/152 158/8/145 165/18/153
f 158/8/145 159/10/146 165/18/153
f 165/18/153 159/10/146 166/19/154
f 159/10/146 160/12/148 166/19/154
f 166/19/154 160/12/148 167/20/155
f 160/12/148 161/14/150 167/20/155
f 167/20/155 161/14/150 168/21/156
f 162/15/114 163/16/151 169/22/120
f 169/22/120 163/16/151 170/23/157
f 163/16/151 164/17/152 170/23/157
f 170/23/157 164/17/152 171/24/158
f 164/17/152 165/18/153 171/24/158
f 171/24/158 165/18/153 172/25/159
f 165/18/153 166/19/154 172/25/159
f 172/25/159 166/19/154 173/26/160
f 166/19/154 167/20/155 173/26/160
f 173/26/160 167/20/155 174/27/161
f 167/20/155 168/21/156 174/27/161
f 174/27/161 168/21/156 175/28/162
f 169/22/120 170/23/157 176/29/163
f 176/29/163 170/23/157 177/30/164
f 170/23/157 171/24/158 177/30/164
f 177/30/164 171/24/158 178/31/165
f 171/24/158 172/25/159 178/31/165
f 178/31/165 172/25/159 179/32/166
f 172/25/159 173/26/160 179/32/166
f 179/32/166 173/26/160 180/33/167
f 173/26/160 174/27/161 180/33/167
f 180/33/167 174/27/161 181/34/168
f 174/27/161 175/28/162 181/34/168
f 181/34/168 175/28/162 182/35/169
f 176/29/163 177/30/164 183/36/133
f 183/36/133 177/30/164 184/37/170
f 177/30/164 178/31/165 184/37/170
f 184/37/170 178/31/165 185/38/171
f 178/31/165 179/32/166 185/38/171
f 185/38/171 179/32/166 186/39/172
f 179/32/166 180/33/167 186/39/172
f 186/39/172 180/33/167 187/40/173
f 180/33/167 181/34/168 187/40/173
f 187/40/173 181/34/168 188/41/174
f 181/34/168 182/35/169 188/41/174
f 188/41/174 182/35/169 189/42/175
f 183/36/133 184/37/170 190/43/176
f 190/43/176 184/37/170 191/44/177
f 184/37/170 185/38/171 191/44/177
f 191/44/177 185/38/171 192/45/178
f 185/38/171 186/39/172 192/45/178
f 192/45/178 186/39/172 193/46/179
f 186/39/172 187/40/173 193/46/179
f 193/46/179 187/40/173 194/47/180
f 187/40/173 188/41/174 194/47/180
f 194/47/180 188/41/174 195/48/181
f 188/41/174 189/42/175 195/48/181
f 195/48/181 189/42/175 196/49/182
f 197/50/183 198/51/184 204/52/185
f 204/52/185 198/51/184 205/53/186
f 198/51/184 199/54/187 205/53/186
f 205/53/186 199/54/187 206/55/188
f 199/54/187 200/56/189 206/55/188
f 206/55/188 200/56/189 207/57/190
f 200/56/189 201/58/191 207/57/190
f 207/57/190 201/58/191 208/59/192
f 201/58/191 202/60/193 208/59/192
f 208/59/192 202/60/193 209/61/194
f 202/60/193 203/13/195 209/61/194
f 209/61/194 203/13/195 210/62/44
f 204/52/185 205/53/186 211/63/180
f 211/63/180 205/53/186 212/64/196
f 205/53/186 206/55/188 212/64/196
f 212/64/196 206/55/188 213/65/197
f 206/55/188 207/57/190 213/65/197
f 213/65/197 207/57/190 214/66/198
f 207/57/190 208/59/192 214/66/198
f 214/66/198 208/59/192 215/67/199
f 208/59/192 209/61/194 215/67/199
f 215/67/199 209/61/194 216/68/200
f 209/61/194 210/62/44 216/68/200
f 216/68/200 210/62/44 217/69/45
f 211/63/180 212/64/196 218/70/201
f 218/70/201 212/64/196 219/71/202
f 212/64/196 213/65/197 219/71/202
f 219/71/202 213/65/197 220/72/203
f 213/65/197 214/66/198 220/72/203
f 220/72/203 214/66/198 221/73/204
f 214/66/198 215/67/199 221/73/204
f 221/73/204 215/67/199 222/74/205
f 215/67/199 216/68/200 222/74/205
f 222/74/205 216/68/200 223/75/206
f 216/68/200 217/69/45 223/75/206
f 223/75/206 217/69/45 224/76/46
f 218/70/201 219/71/202 225/77/178
f 225/77/178 219/71/202 226/78/207
f 219/71/202 220/72/203 226/78/207
f 226/78/207 220/72/203 227/79/208
f 220/72/203 221/73/204 227/79/208
f 227/79/208 221/73/204 228/80/209
f 221/73/204 222/74/205 228/80/209
f 228/80/209 222/74/205 229/81/210
f 222/74/205 223/75/206 229/81/210
f 229/81/210 223/75/206 230/82/211
f 223/75/206 224/76/46 230/82/211
f 230/82/211 224/76/46 231/83/47
f 225/77/178 226/78/207 232/84/212
f 232/84/212 226/78/207 233/85/213
f 226/78/207 227/79/208 233/85/213
f 233/85/213 227/79/208 234/86/214
f 227/79/208 228/80/209 234/86/214
f 234/86/214 228/80/209 235/87/215
f 228/80/209 229/81/210 235/87/215
f 235/87/215 229/81/210 236/88/216
f 229/81/210 230/82/211 236/88/216
f 236/88/216 230/82/211 237/89/217
f 230/82/211 231/83/47 237/89/217
f 237/89/217 231/83/47 238/90/218
f 232/84/212 233/85/213 239/91/219
f 239/91/219 233/85/213 240/92/220
f 233/85/213 234/86/214 240/92/220
f 240/92/220 234/86/214 241/93/138
f 234/86/214 235/87/215 241/93/138
f 241/93/138 235/87/215 242/94/137
f 235/87/215 236/88/216 242/94/137
f 242/94/137 236/88/216 243/95/136
f 236/88/216 237/89/217 243/95/136
f 243/95/136 237/89/217 244/96/221
f 237/89/217 238/90/218 244/96/221
f 244/96/221 238/90/218 245/97/222
f 246/50/223 247/51/224 253/98/150
f 253/98/150 247/51/224 254/99/225
f 247/51/224 248/54/226 254/99/225
f 254/99/225 248/54/226 255/100/227
f 248/54/226 249/56/228 255/100/227
f 255/100/227 249/56/228 256/101/229
f 249/56/228 250/58/230 256/101/229
f 256/101/229 250/58/230 257/102/231
f 250/58/230 251/60/232 257/102/231
f 257/102/231 251/60/232 258/103/233
f 251/60/232 252/13/1 258/103/233
f 258/103/233 252/13/1 259/14/234
f 253/98/150 254/99/225 260/104/235
f 260/104/235 254/99/225 261/105/236
f 254/99/225 255/100/227 261/105/236
f 261/105/236 255/100/227 262/106/237
f 255/100/227 256/101/229 262/106/237
f 262/106/237 256/101/229 263/107/238
f 256/101/229 257/102/231 263/107/238
f 263/107/238 257/102/231 264/108/239
f 257/102/231 258/103/233 264/108/239
f 264/108/239 258/103/233 265/109/240
f 258/103/233 259/14/234 265/109/240
f 265/109/240 259/14/234 266/21/241
f 260/104/235 261/105/236 267/110/162
f 267/110/162 261/105/236 268/111/242
f 261/105/236 262/106/237 268/111/242
f 268/111/242 262/106/237 269/112/243
f 262/106/237 263/107/238 269/112/243
f 269/112/243 263/107/238 270/113/244
f 263/107/238 264/108/239 270/113/244
f 270/113/244 264/108/239 271/114/245
f 264/108/239 265/109/240 271/114/245
f 271/114/245 265/109/240 272/115/246
f 265/109/240 266/21/241 272/115/246
f 272/115/246 266/21/241 273/28/22
f 267/110/162 268/111/242 274/116/247
f 274/116/247 268/111/242 275/117/248
f 268/111/242 269/112/243 275/117/248
f 275/117/248 269/112/243 276/118/249
f 269/112/243 270/113/244 276/118/249
f 276/118/249 270/113/244 277/119/250
f 270/113/244 271/114/245 277/119/250
f 277/119/250 271/114/245 278/120/251
f 271/114/245 272/115/246 278/120/251
f 278/120/251 272/115/246 279/121/252
f 272/115/246 273/28/22 279/121/252
f 279/121/252 273/28/22 280/35/29
f 274/116/247 275/117/248 281/122/175
f 281/122/175 275/117/248 282/123/253
f 275/117/248 276/118/249 282/123/253
f 282/123/253 276/118/249 283/124/254
f 276/118/249 277/119/250 283/124/254
f 283/124/254 277/119/250 284/125/255
f 277/119/250 278/120/251 284/125/255
f 284/125/255 278/120/251 285/126/256
f 278/120/251 279/121/252 285/126/256
f 285/126/256 279/121/252 286/127/257
f 279/121/252 280/35/29 286/127/257
f 286/127/257 280/35/29 287/42/36
f 281/122/175 282/123/253 288/128/258
f 288/128/258 282/123/253 289/129/259
f 282/123/253 283/124/254 289/129/259
f 289/129/259 283/124/254 290/130/260
f 283/124/254 284/125/255 290/130/260
f 290/130/260 284/125/255 291/131/261
f 284/125/255 285/126/256 291/131/261
f 291/131/261 285/126/256 292/132/191
f 285/126/256 286/127/257 292/132/191
f 292/132/191 286/127/257 293/133/262
f 286/127/257 287/42/36 293/133/262
f 293/133/262 287/42/36 294/49/43
usemtl Decor2Mtl
f 295/134/263 296/135/264 302/136/265
f 302/136/265 296/135/264 303/137/266
f 296/135/264 297/138/267 303/137/266
f 303/137/266 297/138/267 304/139/268
f 297/138/267 298/140/269 304/139/268
f 304/139/268 298/140/269 305/141/270
f 298/140/269 299/142/271 305/141/270
f 305/141/270 299/142/271 306/143/272
f 299/142/271 300/144/273 306/143/272
f 306/143/272 300/144/273 307/145/274
f 300/144/273 301/146/275 307/145/274
f 307/145/274 301/146/275 308/147/276
f 302/136/265 303/137/266 309/148/277
f 309/148/277 303/137/266 310/149/278
f 303/137/266 304/139/268 310/149/278
f 310/149/278 304/139/268 311/150/279
f 304/139/268 305/141/270 311/150/279
f 311/150/279 305/141/270 312/151/280
f 305/141/270 306/143/272 312/151/280
f 312/151/280 306/143/272 313/152/281
f 306/143/272 307/145/274 313/152/281
f 313/152/281 307/145/274 314/153/282
f 307/145/274 308/147/276 314/153/282
f 314/153/282 308/147/276 315/154/283
f 309/148/277 310/149/278 316/155/284
f 316/155/284 310/149/278 317/156/285
f 310/149/278 311/150/279 317/156/285
f 317/156/285 311/150/279 318/157/286
f 311/150/279 312/151/280 318/157/286
f 318/157/286 312/151/280 319/158/25
f 312/151/280 313/152/281 319/158/25
f 319/158/25 313/152/281 320/159/287
f 313/152/281 314/153/282 320/159/287
f 320/159/287 314/153/282 321/160/288
f 314/153/282 315/154/283 321/160/288
f 321/160/288 315/154/283 322/161/289
f 316/155/284 317/156/285 323/162/290
f 323/162/290 317/156/285 324/163/291
f 317/156/285 318/157/286 324/163/291
f 324/163/291 318/157/286 325/164/292
f 318/157/286 319/158/25 325/164/292
f 325/164/292 319/158/25 326/165/293
f 319/158/25 320/159/287 326/165/293
f 326/165/293 320/159/287 327/166/294
f 320/159/287 321/160/288 327/166/294
f 327/166/294 321/160/288 328/167/295
f 321/160/288 322/161/289 328/167/295
f 328/167/295 322/161/289 329/168/296
f 323/162/290 324/163/291 330/169/297
f 330/169/297 324/163/291 331/170/298
f 324/163/291 325/164/292 331/170/298
f 331/170/298 325/164/292 332/171/299
f 325/164/292 326/165/293 332/171/299
f 332/171/299 326/165/293 333/172/300
f 326/165/293 327/166/294 333/172/300
f 333/172/300 327/166/294 334/173/301
f 327/166/294 328/167/295 334/173/301
f 334/173/301 328/167/295 335/174/302
f 328/167/295 329/168/296 335/174/302
f 335/174/302 329/168/296 336/175/303
f 330/169/297 331/170/298 337/176/304
f 337/176/304 331/170/298 338/177/305
f 331/170/298 332/171/299 338/177/305
f 338/177/305 332/171/299 339/178/306
f 332/171/299 333/172/300 339/178/306
f 339/178/306 333/172/300 340/179/307
f 333/172/300 334/173/301 340/179/307
f 340/179/307 334/173/301 341/180/308
f 334/173/301 335/174/302 341/180/308
f 341/180/308 335/174/302 342/181/309
f 335/174/302 336/175/303 342/181/309
f 342/181/309 336/175/303 343/182/310
f 344/183/311 345/184/312 351/185/313
f 351/185/313 345/184/312 352/186/314
f 345/184/312 346/187/315 352/186/314
f 352/186/314 346/187/315 353/188/316
f 346/187/315 347/189/317 353/188/316
f 353/188/316 347/189/317 354/190/318
f 347/189/317 348/191/319 354/190/318
f 354/190/318 348/191/319 355/192/320
f 348/191/319 349/193/321 355/192/320
f 355/192/320 349/193/321 356/194/322
f 349/193/321 350/146/323 356/194/322
f 356/194/322 350/146/323 357/195/273
f 351/185/313 352/186/314 358/196/324
f 358/196/324 352/186/314 359/197/325
f 352/186/314 353/188/316 359/197/325
f 359/197/325 353/188/316 360/198/326
f 353/188/316 354/190/318 360/198/326
f 360/198/326 354/190/318 361/199/327
f 354/190/318 355/192/320 361/199/327
f 361/199/327 355/192/320 362/200/328
f 355/192/320 356/194/322 362/200/328
f 362/200/328 356/194/322 363/201/329
f 356/194/322 357/195/273 363/201/329
f 363/201/329 357/195/273 364/202/330
f 358/196/324 359/197/325 365/203/331
f 365/203/331 359/197/325 366/204/332
f 359/197/325 360/198/326 366/204/332
f 366/204/332 360/198/326 367/205/333
f 360/198/326 361/199/327 367/205/333
f 367/205/333 361/199/327 368/206/72
f 361/199/327 362/200/328 368/206/72
f 368/206/72 362/200/328 369/207/334
f 362/200/328 363/201/329 369/207/334
f 369/207/334 363/201/329 370/208/335
f 363/201/329 364/202/330 370/208/335
f 370/208/335 364/202/330 371/209/269
f 365/203/331 366/204/332 372/210/336
f 372/210/336 366/204/332 373/211/337
f 366/204/332 367/205/333 373/211/337
f 373/211/337 367/205/333 374/212/338
f 367/205/333 368/206/72 374/212/338
f 374/212/338 368/206/72 375/213/339
f 368/206/72 369/207/334 375/213/339
f 375/213/339 369/207/334 376/214/340
f 369/207/334 370/208/335 376/214/340
f 376/214/340 370/208/335 377/215/341
f 370/208/335 371/209/269 377/215/341
f 377/215/341 371/209/269 378/216/342
f 372/210/336 373/211/337 379/217/343
f 379/217/343 373/211/337 380/218/344
f 373/211/337 374/212/338 380/218/344
f 380/218/344 374/212/338 381/219/345
f 374/212/338 375/213/339 381/219/345
f 381/219/345 375/213/339 382/220/346
f 375/213/339 376/214/340 382/220/346
f 382/220/346 376/214/340 383/221/347
f 376/214/340 377/215/341 383/221/347
f 383/221/347 377/215/341 384/222/348
f 377/215/341 378/216/342 384/222/348
f 384/222/348 378/216/342 385/223/264
f 379/217/343 380/218/344 386/224/349
f 386/224/349 380/218/344 387/225/350
f 380/218/344 381/219/345 387/225/350
f 387/225/350 381/219/345 388/226/351
f 381/219/345 382/220/346 388/226/351
f 388/226/351 382/220/346 389/227/352
f 382/220/346 383/221/347 389/227/352
f 389/227/352 383/221/347 390/228/353
f 383/221/347 384/222/348 390/228/353
f 390/228/353 384/222/348 391/229/354
f 384/222/348 385/223/264 391/229/354
f 391/229/354 385/223/264 392/230/355
f 393/183/356 394/184/321 400/231/357
f 400/231/357 394/184/321 401/232/358
f 394/184/321 395/187/359 401/232/358
f 401/232/358 395/187/359 402/233/360
f 395/187/359 396/189/317 402/233/360
f 402/233/360 396/189/317 403/234/361
f 396/189/317 397/191/362 403/234/361
f 403/234/361 397/191/362 404/235/363
f 397/191/362 398/193/312 404/235/363
f 404/235/363 398/193/312 405/236/364
f 398/193/312 399/146/365 405/236/364
f 405/236/364 399/146/365 406/147/366
f 400/231/357 401/232/358 407/237/367
f 407/237/367 401/232/358 408/238/368
f 401/232/358 402/233/360 408/238/368
f 408/238/368 402/233/360 409/239/369
f 402/233/360 403/234/361 409/239/369
f 409/239/369 403/234/361 410/240/111
f 403/234/361 404/235/363 410/240/111
f 410/240/111 404/235/363 411/241/370
f 404/235/363 405/236/364 411/241/370
f 411/241/370 405/236/364 412/242/371
f 405/236/364 406/147/366 412/242/371
f 412/242/371 406/147/366 413/154/372
f 407/237/367 408/238/368 414/243/373
f 414/243/373 408/238/368 415/244/374
f 408/238/368 409/239/369 415/244/374
f 415/244/374 409/239/369 416/245/375
f 409/239/369 410/240/111 416/245/375
f 416/245/375 410/240/111 417/246/117
f 410/240/111 411/241/370 417/246/117
f 417/246/117 411/241/370 418/247/376
f 411/241/370 412/242/371 418/247/376
f 418/247/376 412/242/371 419/248/377
f 412/242/371 413/154/372 419/248/377
f 419/248/377 413/154/372 420/161/378
f 414/243/373 415/244/374 421/249/379
f 421/249/379 415/244/374 422/250/380
f 415/244/374 416/245/375 422/250/380
f 422/250/380 416/245/375 423/251/381
f 416/245/375 417/246/117 423/251/381
f 423/251/381 417/246/117 424/252/124
f 417/246/117 418/247/376 424/252/124
f 424/252/124 418/247/376 425/253/382
f 418/247/376 419/248/377 425/253/382
f 425/253/382 419/248/377 426/254/383
f 419/248/377 420/161/378 426/254/383
f 426/254/383 420/161/378 427/168/384
f 421/249/379 422/250/380 428/255/303
f 428/255/303 422/250/380 429/256/385
f 422/250/380 423/251/381 429/256/385
f 429/256/385 423/251/381 430/257/386
f 423/251/381 424/252/124 430/257/386
f 430/257/386 424/252/124 431/258/387
f 424/252/124 425/253/382 431/258/387
f 431/258/387 425/253/382 432/259/388
f 425/253/382 426/254/383 432/259/388
f 432/259/388 426/254/383 433/260/389
f 426/254/383 427/168/384 433/260/389
f 433/260/389 427/168/384 434/175/390
f 428/255/303 429/256/385 435/261/391
f 435/261/391 429/256/385 436/262/392
f 429/256/385 430/257/386 436/262/392
f 436/262/392 430/257/386 437/263/393
f 430/257/386 431/258/387 437/263/393
f 437/263/393 431/258/387 438/264/394
f 431/258/387 432/259/388 438/264/394
f 438/264/394 432/259/388 439/265/395
f 432/259/388 433/260/389 439/265/395
f 439/265/395 433/260/389 440/266/396
f 433/260/389 434/175/390 440/266/396
f 440/266/396 434/175/390 441/182/397
f 442/134/398 443/135/399 449/136/400
f 449/136/400 443/135/399 450/137/401
f 443/135/399 444/138/402 450/137/401
f 450/137/401 444/138/402 451/139/403
f 444/138/402 445/140/331 451/139/403
f 451/139/403 445/140/331 452/141/404
f 445/140/331 446/142/405 452/141/404
f 452/141/404 446/142/405 453/143/406
f 446/142/405 447/144/407 453/143/406
f 453/143/406 447/144/407 454/145/408
f 447/144/407 448/146/409 454/145/408
f 454/145/408 448/146/409 455/147/410
f 449/136/400 450/137/401 456/148/411
f 456/148/411 450/137/401 457/149/412
f 450/137/401 451/139/403 457/149/412
f 457/149/412 451/139/403 458/150/413
f 451/139/403 452/141/404 458/150/413
f 458/150/413 452/141/404 459/151/414
f 452/141/404 453/143/406 459/151/414
f 459/151/414 453/143/406 460/152/415
f 453/143/406 454/145/408 460/152/415
f 460/152/415 454/145/408 461/153/416
f 454/145/408 455/147/410 461/153/416
f 461/153/416 455/147/410 462/154/417
f 456/148/411 457/149/412 463/155/418
f 463/155/418 457/149/412 464/156/419
f 457/149/412 458/150/413 464/156/419
f 464/156/419 458/150/413 465/157/420
f 458/150/413 459/151/414 465/157/420
f 465/157/420 459/151/414 466/158/159
f 459/151/414 460/152/415 466/158/159
f 466/158/159 460/152/415 467/159/421
f 460/152/415 461/153/416 467/159/421
f 467/159/421 461/153/416 468/160/422
f 461/153/416 462/154/417 468/160/422
f 468/160/422 462/154/417 469/161/423
f 463/155/418 464/156/419 470/162/384
f 470/162/384 464/156/419 471/163/424
f 464/156/419 465/157/420 471/163/424
f 471/163/424 465/157/420 472/164/425
f 465/157/420 466/158/159 472/164/425
f 472/164/425 466/158/159 473/165/426
f 466/158/159 467/159/421 473/165/426
f 473/165/426 467/159/421 474/166/427
f 467/159/421 468/160/422 474/166/427
f 474/166/427 468/160/422 475/167/428
f 468/160/422 469/161/423 475/167/428
f 475/167/428 469/161/423 476/168/429
f 470/162/384 471/163/424 477/169/430
f 477/169/430 471/163/424 478/170/431
f 471/163/424 472/164/425 478/170/431
f 478/170/431 472/164/425 479/171/432
f 472/164/425 473/165/426 479/171/432
f 479/171/432 473/165/426 480/172/433
f 473/165/426 474/166/427 480/172/433
f 480/172/433 474/166/427 481/173/434
f 474/166/427 475/167/428 481/173/434
f 481/173/434 475/167/428 482/174/435
f 475/167/428 476/168/429 482/174/435
f 482/174/435 476/168/429 483/175/436
f 477/169/430 478/170/431 484/176/437
f 484/176/437 478/170/431 485/177/438
f 478/170/431 479/171/432 485/177/438
f 485/177/438 479/171/432 486/178/439
f 479/171/432 480/172/433 486/178/439
f 486/178/439 480/172/433 487/179/440
f 480/172/433 481/173/434 487/179/440
f 487/179/440 481/173/434 488/180/441
f 481/173/434 482/174/435 488/180/441
f 488/180/441 482/174/435 489/181/442
f 482/174/435 483/175/436 489/181/442
f 489/181/442 483/175/436 490/182/443
f 491/183/444 492/184/445 498/185/442
f 498/185/442 492/184/445 499/186/446
f 492/184/445 493/187/447 499/186/446
f 499/186/446 493/187/447 500/188/448
f 493/187/447 494/189/449 500/188/448
f 500/188/448 494/189/449 501/190/450
f 494/189/449 495/191/451 501/190/450
f 501/190/450 495/191/451 502/192/452
f 495/191/451 496/193/453 502/192/452
f 502/192/452 496/193/453 503/194/454
f 496/193/453 497/146/455 503/194/454
f 503/194/454 497/146/455 504/195/456
f 498/185/442 499/186/446 505/196/457
f 505/196/457 499/186/446 506/197/458
f 499/186/446 500/188/448 506/197/458
f 506/197/458 500/188/448 507/198/459
f 500/188/448 501/190/450 507/198/459
f 507/198/459 501/190/450 508/199/460
f 501/190/450 502/192/452 508/199/460
f 508/199/460 502/192/452 509/200/461
f 502/192/452 503/194/454 509/200/461
f 509/200/461 503/194/454 510/201/462
f 503/194/454 504/195/456 510/201/462
f 510/201/462 504/195/456 511/202/463
f 505/196/457 506/197/458 512/203/440
f 512/203/440 506/197/458 513/204/464
f 506/197/458 507/198/459 513/204/464
f 513/204/464 507/198/459 514/205/465
f 507/198/459 508/199/460 514/205/465
f 514/205/465 508/199/460 515/206/204
f 508/199/460 509/200/461 515/206/204
f 515/206/204 509/200/461 516/207/466
f 509/200/461 510/201/462 516/207/466
f 516/207/466 510/201/462 517/208/467
f 510/201/462 511/202/463 517/208/467
f 517/208/467 511/202/463 518/209/307
f 512/203/440 513/204/464 519/210/468
f 519/210/468 513/204/464 520/211/469
f 513/204/464 514/205/465 520/211/469
f 520/211/469 514/205/465 521/212/470
f 514/205/465 515/206/204 521/212/470
f 521/212/470 515/206/204 522/213/471
f 515/206/204 516/207/466 522/213/471
f 522/213/471 516/207/466 523/214/472
f 516/207/466 517/208/467 523/214/472
f 523/214/472 517/208/467 524/215/473
f 517/208/467 518/209/307 524/215/473
f 524/215/473 518/209/307 525/216/474
f 519/210/468 520/211/469 526/217/475
f 526/217/475 520/211/469 527/218/476
f 520/211/469 521/212/470 527/218/476
f 527/218/476 521/212/470 528/219/477
f 521/212/470 522/213/471 528/219/477
f 528/219/477 522/213/471 529/220/478
f 522/213/471 523/214/472 529/220/478
f 529/220/478 523/214/472 530/221/479
f 523/214/472 524/215/473 530/221/479
f 530/221/479 524/215/473 531/222/480
f 524/215/473 525/216/474 531/222/480
f 531/222/480 525/216/474 532/223/481
f 526/217/475 527/218/476 533/224/482
f 533/224/482 527/218/476 534/225/396
f 527/218/476 528/219/477 534/225/396
f 534/225/396 528/219/477 535/226/395
f 528/219/477 529/220/478 535/226/395
f 535/226/395 529/220/478 536/227/394
f 529/220/478 530/221/479 536/227/394
f 536/227/394 530/221/479 537/228/393
f 530/221/479 531/222/480 537/228/393
f 537/228/393 531/222/480 538/229/392
f 531/222/480 532/223/481 538/229/392
f 538/229/392 532/223/481 539/230/483
f 540/183/484 541/184/350 547/231/410
f 547/231/410 541/184/350 548/232/485
f 541/184/350 542/187/351 548/232/485
f 548/232/485 542/187/351 549/233/486
f 542/187/351 543/189/352 549/233/486
f 549/233/486 543/189/352 550/234/487
f 543/189/352 544/191/353 550/234/487
f 550/234/487 544/191/353 551/235/488
f 544/191/353 545/193/354 551/235/488
f 551/235/488 545/193/354 552/236/489
f 545/193/354 546/146/490 552/236/489
f 552/236/489 546/146/490 553/147/491
f 547/231/410 548/232/485 554/237/492
f 554/237/492 548/232/485 555/238/493
f 548/232/485 549/233/486 555/238/493
f 555/238/493 549/233/486 556/239/494
f 549/233/486 550/234/487 556/239/494
f 556/239/494 550/234/487 557/240/238
f 550/234/487 551/235/488 557/240/238
f 557/240/238 551/235/488 558/241/495
f 551/235/488 552/236/489 558/241/495
f 558/241/495 552/236/489 559/242/496
f 552/236/489 553/147/491 559/242/496
f 559/242/496 553/147/491 560/154/497
f 554/237/492 555/238/493 561/243/498
f 561/243/498 555/238/493 562/244/499
f 555/238/493 556/239/494 562/244/499
f 562/244/499 556/239/494 563/245/500
f 556/239/494 557/240/238 563/245/500
f 563/245/500 557/240/238 564/246/244
f 557/240/238 558/241/495 564/246/244
f 564/246/244 558/241/495 565/247/501
f 558/241/495 559/242/496 565/247/501
f 565/247/501 559/242/496 566/248/502
f 559/242/496 560/154/497 566/248/502
f 566/248/502 560/154/497 567/161/503
f 561/243/498 562/244/499 568/249/504
f 568/249/504 562/244/499 569/250/505
f 562/244/499 563/245/500 569/250/505
f 569/250/505 563/245/500 570/251/506
f 563/245/500 564/246/244 570/251/506
f 570/251/506 564/246/244 571/252/507
f 564/246/244 565/247/501 571/252/507
f 571/252/507 565/247/501 572/253/508
f 565/247/501 566/248/502 572/253/508
f 572/253/508 566/248/502 573/254/509
f 566/248/502 567/161/503 573/254/509
f 573/254/509 567/161/503 574/168/510
f 568/249/504 569/250/505 575/255/436
f 575/255/436 569/250/505 576/256/511
f 569/250/505 570/251/506 576/256/511
f 576/256/511 570/251/506 577/257/512
f 570/251/506 571/252/507 577/257/512
f 577/257/512 571/252/507 578/258/513
f 571/252/507 572/253/508 578/258/513
f 578/258/513 572/253/508 579/259/514
f 572/253/508 573/254/509 579/259/514
f 579/259/514 573/254/509 580/260/515
f 573/254/509 574/168/510 580/260/515
f 580/260/515 574/168/510 581/175/516
f 575/255/436 576/256/511 582/261/517
f 582/261/517 576/256/511 583/262/445
f 576/256/511 577/257/512 583/262/445
f 583/262/445 577/257/512 584/263/447
f 577/257/512 578/258/513 584/263/447
f 584/263/447 578/258/513 585/264/449
f 578/258/513 579/259/514 585/264/449
f 585/264/449 579/259/514 586/265/451
f 579/259/514 580/260/515 586/265/451
f 586/265/451 580/260/515 587/266/453
f 580/260/515 581/175/516 587/266/453
f 587/266/453 581/175/516 588/182/518
usemtl Base1Mtl.001
f 589/267/519 590/268/520 596/269/521
f 596/269/521 590/268/520 597/270/522
f 590/268/520 591/271/523 597/270/522
f 597/270/522 591/271/523 598/272/524
f 591/271/523 592/273/74 598/272/524
f 598/272/524 592/273/74 599/274/525
f 592/273/74 593/275/526 599/274/525
f 599/274/525 593/275/526 600/276/527
f 593/275/526 594/277/528 600/276/527
f 600/276/527 594/277/528 601/278/529
f 594/277/528 595/279/530 601/278/529
f 601/278/529 595/279/530 602/280/531
f 596/269/521 597/270/522 603/281/532
f 603/281/532 597/270/522 604/282/533
f 597/270/522 598/272/524 604/282/533
f 604/282/533 598/272/524 605/283/534
f 598/272/524 599/274/525 605/283/534
f 605/283/534 599/274/525 606/284/535
f 599/274/525 600/276/527 606/284/535
f 606/284/535 600/276/527 607/285/536
f 600/276/527 601/278/529 607/285/536
f 607/285/536 601/278/529 608/286/537
f 601/278/529 602/280/531 608/286/537
f 608/286/537 602/280/531 609/287/538
f 603/281/532 604/282/533 610/288/539
f 610/288/539 604/282/533 611/289/540
f 604/282/533 605/283/534 611/289/540
f 611/289/540 605/283/534 612/290/541
f 605/283/534 606/284/535 612/290/541
f 612/290/541 606/284/535 613/291/25
f 606/284/535 607/285/536 613/291/25
f 613/291/25 607/285/536 614/292/542
f 607/285/536 608/286/537 614/292/542
f 614/292/542 608/286/537 615/293/543
f 608/286/537 609/287/538 615/293/543
f 615/293/543 609/287/538 616/294/544
f 610/288/539 611/289/540 617/295/545
f 617/295/545 611/289/540 618/296/546
f 611/289/540 612/290/541 618/296/546
f 618/296/546 612/290/541 619/297/547
f 612/290/541 613/291/25 619/297/547
f 619/297/547 613/291/25 620/298/548
f 613/291/25 614/292/542 620/298/548
f 620/298/548 614/292/542 621/299/549
f 614/292/542 615/293/543 621/299/549
f 621/299/549 615/293/543 622/300/550
f 615/293/543 616/294/544 622/300/550
f 622/300/550 616/294/544 623/301/551
f 617/295/545 618/296/546 624/302/552
f 624/302/552 618/296/546 625/303/553
f 618/296/546 619/297/547 625/303/553
f 625/303/553 619/297/547 626/304/554
f 619/297/547 620/298/548 626/304/554
f 626/304/554 620/298/548 627/305/555
f 620/298/548 621/299/549 627/305/555
f 627/305/555 621/299/549 628/306/556
f 621/299/549 622/300/550 628/306/556
f 628/306/556 622/300/550 629/307/557
f 622/300/550 623/301/551 629/307/557
f 629/307/557 623/301/551 630/308/558
f 624/302/552 625/303/553 631/309/559
f 631/309/559 625/303/553 632/310/560
f 625/303/553 626/304/554 632/310/560
f 632/310/560 626/304/554 633/311/561
f 626/304/554 627/305/555 633/311/561
f 633/311/561 627/305/555 634/312/206
f 627/305/555 628/306/556 634/312/206
f 634/312/206 628/306/556 635/313/562
f 628/306/556 629/307/557 635/313/562
f 635/313/562 629/307/557 636/314/563
f 629/307/557 630/308/558 636/314/563
f 636/314/563 630/308/558 637/315/564
f 638/267/565 639/268/566 645/269/567
f 645/269/567 639/268/566 646/270/568
f 639/268/566 640/271/569 646/270/568
f 646/270/568 640/271/569 647/272/570
f 640/271/569 641/273/571 647/272/570
f 647/272/570 641/273/571 648/274/572
f 641/273/571 642/275/573 648/274/572
f 648/274/572 642/275/573 649/276/574
f 642/275/573 643/277/575 649/276/574
f 649/276/574 643/277/575 650/278/576
f 643/277/575 644/279/577 650/278/576
f 650/278/576 644/279/577 651/280/528
f 645/269/567 646/270/568 652/281/578
f 652/281/578 646/270/568 653/282/579
f 646/270/568 647/272/570 653/282/579
f 653/282/579 647/272/570 654/283/580
f 647/272/570 648/274/572 654/283/580
f 654/283/580 648/274/572 655/284/581
f 648/274/572 649/276/574 655/284/581
f 655/284/581 649/276/574 656/285/582
f 649/276/574 650/278/576 656/285/582
f 656/285/582 650/278/576 657/286/583
f 650/278/576 651/280/528 657/286/583
f 657/286/583 651/280/528 658/287/584
f 652/281/578 653/282/579 659/288/70
f 659/288/70 653/282/579 660/289/585
f 653/282/579 654/283/580 660/289/585
f 660/289/585 654/283/580 661/290/586
f 654/283/580 655/284/581 661/290/586
f 661/290/586 655/284/581 662/291/72
f 655/284/581 656/285/582 662/291/72
f 662/291/72 656/285/582 663/292/587
f 656/285/582 657/286/583 663/292/587
f 663/292/587 657/286/583 664/293/588
f 657/286/583 658/287/584 664/293/588
f 664/293/588 658/287/584 665/294/74
f 659/288/70 660/289/585 666/295/589
f 666/295/589 660/289/585 667/296/590
f 660/289/585 661/290/586 667/296/590
f 667/296/590 661/290/586 668/297/591
f 661/290/586 662/291/72 668/297/591
f 668/297/591 662/291/72 669/298/592
f 662/291/72 663/292/587 669/298/592
f 669/298/592 663/292/587 670/299/593
f 663/292/587 664/293/588 670/299/593
f 670/299/593 664/293/588 671/300/594
f 664/293/588 665/294/74 671/300/594
f 671/300/594 665/294/74 672/301/595
f 666/295/589 667/296/590 673/302/596
f 673/302/596 667/296/590 674/303/597
f 667/296/590 668/297/591 674/303/597
f 674/303/597 668/297/591 675/304/598
f 668/297/591 669/298/592 675/304/598
f 675/304/598 669/298/592 676/305/599
f 669/298/592 670/299/593 676/305/599
f 676/305/599 670/299/593 677/306/600
f 670/299/593 671/300/594 677/306/600
f 677/306/600 671/300/594 678/307/601
f 671/300/594 672/301/595 678/307/601
f 678/307/601 672/301/595 679/308/520
f 673/302/596 674/303/597 680/309/602
f 680/309/602 674/303/597 681/310/603
f 674/303/597 675/304/598 681/310/603
f 681/310/603 675/304/598 682/311/604
f 675/304/598 676/305/599 682/311/604
f 682/311/604 676/305/599 683/312/605
f 676/305/599 677/306/600 683/312/605
f 683/312/605 677/306/600 684/313/606
f 677/306/600 678/307/601 684/313/606
f 684/313/606 678/307/601 685/314/607
f 678/307/601 679/308/520 685/314/607
f 685/314/607 679/308/520 686/315/608
f 687/267/609 688/268/575 694/269/531
f 694/269/531 688/268/575 695/270/610
f 688/268/575 689/271/611 695/270/610
f 695/270/610 689/271/611 696/272/612
f 689/271/611 690/273/571 696/272/612
f 696/272/612 690/273/571 697/274/613
f 690/273/571 691/275/614 697/274/613
f 697/274/613 691/275/614 698/276/615
f 691/275/614 692/277/566 698/276/615
f 698/276/615 692/277/566 699/278/616
f 692/277/566 693/279/617 699/278/616
f 699/278/616 693/279/617 700/280/618
f 694/269/531 695/270/610 701/281/619
f 701/281/619 695/270/610 702/282/620
f 695/270/610 696/272/612 702/282/620
f 702/282/620 696/272/612 703/283/621
f 696/272/612 697/274/613 703/283/621
f 703/283/621 697/274/613 704/284/622
f 697/274/613 698/276/615 704/284/622
f 704/284/622 698/276/615 705/285/623
f 698/276/615 699/278/616 705/285/623
f 705/285/623 699/278/616 706/286/624
f 699/278/616 700/280/618 706/286/624
f 706/286/624 700/280/618 707/287/625
f 701/281/619 702/282/620 708/288/544
f 708/288/544 702/282/620 709/289/626
f 702/282/620 703/283/621 709/289/626
f 709/289/626 703/283/621 710/290/627
f 703/283/621 704/284/622 710/290/627
f 710/290/627 704/284/622 711/291/117
f 704/284/622 705/285/623 711/291/117
f 711/291/117 705/285/623 712/292/628
f 705/285/623 706/286/624 712/292/628
f 712/292/628 706/286/624 713/293/629
f 706/286/624 707/287/625 713/293/629
f 713/293/629 707/287/625 714/294/630
f 708/288/544 709/289/626 715/295/631
f 715/295/631 709/289/626 716/296/632
f 709/289/626 710/290/627 716/296/632
f 716/296/632 710/290/627 717/297/633
f 710/290/627 711/291/117 717/297/633
f 717/297/633 711/291/117 718/298/634
f 711/291/117 712/292/628 718/298/634
f 718/298/634 712/292/628 719/299/635
f 712/292/628 713/293/629 719/299/635
f 719/299/635 713/293/629 720/300/636
f 713/293/629 714/294/630 720/300/636
f 720/300/636 714/294/630 721/301/637
f 715/295/631 716/296/632 722/302/558
f 722/302/558 716/296/632 723/303/638
f 716/296/632 717/297/633 723/303/638
f 723/303/638 717/297/633 724/304/639
f 717/297/633 718/298/634 724/304/639
f 724/304/639 718/298/634 725/305/640
f 718/298/634 719/299/635 725/305/640
f 725/305/640 719/299/635 726/306/641
f 719/299/635 720/300/636 726/306/641
f 726/306/641 720/300/636 727/307/642
f 720/300/636 721/301/637 727/307/642
f 727/307/642 721/301/637 728/308/643
f 722/302/558 723/303/638 729/309/644
f 729/309/644 723/303/638 730/310/645
f 723/303/638 724/304/639 730/310/645
f 730/310/645 724/304/639 731/311/646
f 724/304/639 725/305/640 731/311/646
f 731/311/646 725/305/640 732/312/647
f 725/305/640 726/306/641 732/312/647
f 732/312/647 726/306/641 733/313/648
f 726/306/641 727/307/642 733/313/648
f 733/313/648 727/307/642 734/314/649
f 727/307/642 728/308/643 734/314/649
f 734/314/649 728/308/643 735/315/650
f 736/267/651 737/268/567 743/269/618
f 743/269/618 737/268/567 744/270/652
f 737/268/567 738/271/653 744/270/652
f 744/270/652 738/271/653 745/272/654
f 738/271/653 739/273/70 745/272/654
f 745/272/654 739/273/70 746/274/144
f 739/273/70 740/275/655 746/274/144
f 746/274/144 740/275/655 747/276/656
f 740/275/655 741/277/596 747/276/656
f 747/276/656 741/277/596 748/278/657
f 741/277/596 742/279/658 748/278/657
f 748/278/657 742/279/658 749/280/659
f 743/269/618 744/270/652 750/281/660
f 750/281/660 744/270/652 751/282/661
f 744/270/652 745/272/654 751/282/661
f 751/282/661 745/272/654 752/283/662
f 745/272/654 746/274/144 752/283/662
f 752/283/662 746/274/144 753/284/663
f 746/274/144 747/276/656 753/284/663
f 753/284/663 747/276/656 754/285/664
f 747/276/656 748/278/657 754/285/664
f 754/285/664 748/278/657 755/286/665
f 748/278/657 749/280/659 755/286/665
f 755/286/665 749/280/659 756/287/666
f 750/281/660 751/282/661 757/288/630
f 757/288/630 751/282/661 758/289/667
f 751/282/661 752/283/662 758/289/667
f 758/289/667 752/283/662 759/290/668
f 752/283/662 753/284/663 759/290/668
f 759/290/668 753/284/663 760/291/159
f 753/284/663 754/285/664 760/291/159
f 760/291/159 754/285/664 761/292/669
f 754/285/664 755/286/665 761/292/669
f 761/292/669 755/286/665 762/293/670
f 755/286/665 756/287/666 762/293/670
f 762/293/670 756/287/666 763/294/671
f 757/288/630 758/289/667 764/295/672
f 764/295/672 758/289/667 765/296/673
f 758/289/667 759/290/668 765/296/673
f 765/296/673 759/290/668 766/297/674
f 759/290/668 760/291/159 766/297/674
f 766/297/674 760/291/159 767/298/675
f 760/291/159 761/292/669 767/298/675
f 767/298/675 761/292/669 768/299/676
f 761/292/669 762/293/670 768/299/676
f 768/299/676 762/293/670 769/300/677
f 762/293/670 763/294/671 769/300/677
f 769/300/677 763/294/671 770/301/678
f 764/295/672 765/296/673 771/302/643
f 771/302/643 765/296/673 772/303/679
f 765/296/673 766/297/674 772/303/679
f 772/303/679 766/297/674 773/304/680
f 766/297/674 767/298/675 773/304/680
f 773/304/680 767/298/675 774/305/179
f 767/298/675 768/299/676 774/305/179
f 774/305/179 768/299/676 775/306/681
f 768/299/676 769/300/677 775/306/681
f 775/306/681 769/300/677 776/307/682
f 769/300/677 770/301/678 776/307/682
f 776/307/682 770/301/678 777/308/683
f 771/302/643 772/303/679 778/309/684
f 778/309/684 772/303/679 779/310/685
f 772/303/679 773/304/680 779/310/685
f 779/310/685 773/304/680 780/311/686
f 773/304/680 774/305/179 780/311/686
f 780/311/686 774/305/179 781/312/202
f 774/305/179 775/306/681 781/312/202
f 781/312/202 775/306/681 782/313/687
f 775/306/681 776/307/682 782/313/687
f 782/313/687 776/307/682 783/314/688
f 776/307/682 777/308/683 783/314/688
f 783/314/688 777/308/683 784/315/689
f 785/267/690 786/268/691 792/269/688
f 792/269/688 786/268/691 793/270/692
f 786/268/691 787/271/693 793/270/692
f 793/270/692 787/271/693 794/272/694
f 787/271/693 788/273/695 794/272/694
f 794/272/694 788/273/695 795/274/696
f 788/273/695 789/275/697 795/274/696
f 795/274/696 789/275/697 796/276/698
f 789/275/697 790/277/699 796/276/698
f 796/276/698 790/277/699 797/278/700
f 790/277/699 791/279/701 797/278/700
f 797/278/700 791/279/701 798/280/560
f 792/269/688 793/270/692 799/281/702
f 799/281/702 793/270/692 800/282/703
f 793/270/692 794/272/694 800/282/703
f 800/282/703 794/272/694 801/283/704
f 794/272/694 795/274/696 801/283/704
f 801/283/704 795/274/696 802/284/705
f 795/274/696 796/276/698 802/284/705
f 802/284/705 796/276/698 803/285/706
f 796/276/698 797/278/700 803/285/706
f 803/285/706 797/278/700 804/286/707
f 797/278/700 798/280/560 804/286/707
f 804/286/707 798/280/560 805/287/561
f 799/281/702 800/282/703 806/288/202
f 806/288/202 800/282/703 807/289/708
f 800/282/703 801/283/704 807/289/708
f 807/289/708 801/283/704 808/290/709
f 801/283/704 802/284/705 808/290/709
f 808/290/709 802/284/705 809/291/204
f 802/284/705 803/285/706 809/291/204
f 809/291/204 803/285/706 810/292/710
f 803/285/706 804/286/707 810/292/710
f 810/292/710 804/286/707 811/293/711
f 804/286/707 805/287/561 811/293/711
f 811/293/711 805/287/561 812/294/206
f 806/288/202 807/289/708 813/295/712
f 813/295/712 807/289/708 814/296/713
f 807/289/708 808/290/709 814/296/713
f 814/296/713 808/290/709 815/297/714
f 808/290/709 809/291/204 815/297/714
f 815/297/714 809/291/204 816/298/715
f 809/291/204 810/292/710 816/298/715
f 816/298/715 810/292/710 817/299/716
f 810/292/710 811/293/711 817/299/716
f 817/299/716 811/293/711 818/300/717
f 811/293/711 812/294/206 818/300/717
f 818/300/717 812/294/206 819/301/718
f 813/295/712 814/296/713 820/302/685
f 820/302/685 814/296/713 821/303/719
f 814/296/713 815/297/714 821/303/719
f 821/303/719 815/297/714 822/304/720
f 815/297/714 816/298/715 822/304/720
f 822/304/720 816/298/715 823/305/721
f 816/298/715 817/299/716 823/305/721
f 823/305/721 817/299/716 824/306/722
f 817/299/716 818/300/717 824/306/722
f 824/306/722 818/300/717 825/307/723
f 818/300/717 819/301/718 825/307/723
f 825/307/723 819/301/718 826/308/563
f 820/302/685 821/303/719 827/309/724
f 827/309/724 821/303/719 828/310/649
f 821/303/719 822/304/720 828/310/649
f 828/310/649 822/304/720 829/311/725
f 822/304/720 823/305/721 829/311/725
f 829/311/725 823/305/721 830/312/647
f 823/305/721 824/306/722 830/312/647
f 830/312/647 824/306/722 831/313/726
f 824/306/722 825/307/723 831/313/726
f 831/313/726 825/307/723 832/314/645
f 825/307/723 826/308/563 832/314/645
f 832/314/645 826/308/563 833/315/727
f 834/267/728 835/268/603 841/269/659
f 841/269/659 835/268/603 842/270/729
f 835/268/603 836/271/730 842/270/729
f 842/270/729 836/271/730 843/272/731
f 836/271/730 837/273/605 843/272/731
f 843/272/731 837/273/605 844/274/732
f 837/273/605 838/275/733 844/274/732
f 844/274/732 838/275/733 845/276/734
f 838/275/733 839/277/607 845/276/734
f 845/276/734 839/277/607 846/278/735
f 839/277/607 840/279/736 846/278/735
f 846/278/735 840/279/736 847/280/521
f 841/269/659 842/270/729 848/281/737
f 848/281/737 842/270/729 849/282/738
f 842/270/729 843/272/731 849/282/738
f 849/282/738 843/272/731 850/283/739
f 843/272/731 844/274/732 850/283/739
f 850/283/739 844/274/732 851/284/740
f 844/274/732 845/276/734 851/284/740
f 851/284/740 845/276/734 852/285/741
f 845/276/734 846/278/735 852/285/741
f 852/285/741 846/278/735 853/286/742
f 846/278/735 847/280/521 853/286/742
f 853/286/742 847/280/521 854/287/743
f 848/281/737 849/282/738 855/288/671
f 855/288/671 849/282/738 856/289/744
f 849/282/738 850/283/739 856/289/744
f 856/289/744 850/283/739 857/290/745
f 850/283/739 851/284/740 857/290/745
f 857/290/745 851/284/740 858/291/244
f 851/284/740 852/285/741 858/291/244
f 858/291/244 852/285/741 859/292/746
f 852/285/741 853/286/742 859/292/746
f 859/292/746 853/286/742 860/293/747
f 853/286/742 854/287/743 860/293/747
f 860/293/747 854/287/743 861/294/539
f 855/288/671 856/289/744 862/295/748
f 862/295/748 856/289/744 863/296/749
f 856/289/744 857/290/745 863/296/749
f 863/296/749 857/290/745 864/297/750
f 857/290/745 858/291/244 864/297/750
f 864/297/750 858/291/244 865/298/751
f 858/291/244 859/292/746 865/298/751
f 865/298/751 859/292/746 866/299/752
f 859/292/746 860/293/747 866/299/752
f 866/299/752 860/293/747 867/300/753
f 860/293/747 861/294/539 867/300/753
f 867/300/753 861/294/539 868/301/754
f 862/295/748 863/296/749 869/302/683
f 869/302/683 863/296/749 870/303/755
f 863/296/749 864/297/750 870/303/755
f 870/303/755 864/297/750 871/304/756
f 864/297/750 865/298/751 871/304/756
f 871/304/756 865/298/751 872/305/757
f 865/298/751 866/299/752 872/305/757
f 872/305/757 866/299/752 873/306/758
f 866/299/752 867/300/753 873/306/758
f 873/306/758 867/300/753 874/307/759
f 867/300/753 868/301/754 874/307/759
f 874/307/759 868/301/754 875/308/552
f 869/302/683 870/303/755 876/309/760
f 876/309/760 870/303/755 877/310/691
f 870/303/755 871/304/756 877/310/691
f 877/310/691 871/304/756 878/311/761
f 871/304/756 872/305/757 878/311/761
f 878/311/761 872/305/757 879/312/695
f 872/305/757 873/306/758 879/312/695
f 879/312/695 873/306/758 880/313/762
f 873/306/758 874/307/759 880/313/762
f 880/313/762 874/307/759 881/314/699
f 874/307/759 875/308/552 881/314/699
f 881/314/699 875/308/552 882/315/763
