# Blender 5.1.2
# www.blender.org
mtllib SuperPowerClock.mtl
o SuperPowerClock
v 0.104607 0.290644 -0.460087
v 0.135109 0.256934 -0.452686
v 0.123909 0.244924 -0.476086
v 0.095707 0.281204 -0.478485
v 0.132706 0.277964 0.433716
v 0.092907 0.304944 0.456215
v 0.121109 0.268884 0.458416
v 0.102108 0.312074 0.436813
v 0.104408 0.260784 0.480614
v 0.144108 0.227114 0.455715
v 0.121109 0.268884 0.458416
v 0.124409 0.217584 0.481815
v 0.146706 0.203634 -0.468086
v 0.107506 0.234234 -0.497185
v 0.123909 0.244924 -0.476086
v 0.127407 0.191064 -0.492886
v 0.109009 0.300744 -0.440586
v 0.140709 0.269794 -0.427986
v 0.135109 0.256934 -0.452686
v 0.104607 0.290644 -0.460087
v 0.138809 0.287664 0.407616
v 0.102108 0.312074 0.436813
v 0.132706 0.277964 0.433716
v 0.106808 0.319704 0.416214
v 0.159908 0.217754 -0.440685
v 0.123909 0.244924 -0.476086
v 0.135109 0.256934 -0.452686
v 0.146706 0.203634 -0.468086
v 0.121109 0.268884 0.458416
v 0.157707 0.237784 0.426613
v 0.132706 0.277964 0.433716
v 0.144108 0.227114 0.455715
v 0.124409 0.217584 0.481815
v 0.161007 0.181234 0.448116
v 0.144108 0.227114 0.455715
v 0.139107 0.170644 0.477116
v 0.163406 0.158924 -0.454884
v 0.127407 0.191064 -0.492886
v 0.146706 0.203634 -0.468086
v 0.142006 0.144954 -0.482384
v 0.108807 0.311134 -0.420784
v 0.140606 0.283014 -0.402786
v 0.140709 0.269794 -0.427986
v 0.109009 0.300744 -0.440586
v 0.106808 0.319704 0.416214
v 0.138809 0.287664 0.407616
v 0.139008 0.297624 0.380913
v 0.107006 0.327524 0.395313
v 0.166508 0.232884 -0.411484
v 0.135109 0.256934 -0.452686
v 0.140709 0.269794 -0.427986
v 0.159908 0.217754 -0.440685
v 0.132706 0.277964 0.433716
v 0.164806 0.249204 0.395916
v 0.138809 0.287664 0.407616
v 0.157707 0.237784 0.426613
v 0.144108 0.227114 0.455715
v 0.176105 0.193094 0.415813
v 0.157707 0.237784 0.426613
v 0.161007 0.181234 0.448116
v 0.139107 0.170644 0.477116
v 0.171108 0.133004 0.436016
v 0.161007 0.181234 0.448116
v 0.147907 0.121764 0.466816
v 0.178009 0.174614 -0.424286
v 0.146706 0.203634 -0.468086
v 0.159908 0.217754 -0.440685
v 0.163406 0.158924 -0.454884
v 0.173206 0.112504 -0.436787
v 0.142006 0.144954 -0.482384
v 0.163406 0.158924 -0.454884
v 0.150509 0.097674 -0.465984
v 0.140606 0.283014 -0.402786
v 0.104206 0.321404 -0.401386
v 0.134609 0.296094 -0.378086
v 0.108807 0.311134 -0.420784
v 0.325008 -0.553256 -0.507187
v 0.305305 -0.530876 -0.670185
v 0.325108 -0.530886 -0.507187
v 0.305107 -0.553246 -0.670185
v 0.121506 0.085234 -0.490887
v 0.152706 0.051044 -0.444386
v 0.123207 0.038364 -0.469784
v 0.150509 0.097674 -0.465984
v 0.107006 0.327524 0.395313
v 0.139008 0.297624 0.380913
v 0.133507 0.307454 0.354816
v 0.102608 0.335244 0.374813
v 0.140606 0.283014 -0.402786
v 0.166508 0.232884 -0.411484
v 0.140709 0.269794 -0.427986
v 0.166306 0.248424 -0.381886
v 0.330109 -0.131426 -0.304386
v 0.298409 -0.000946 -0.401485
v 0.331306 -0.115576 -0.288586
v 0.297207 -0.016786 -0.417187
v 0.147907 0.121764 0.466816
v 0.174206 0.084274 0.419815
v 0.171108 0.133004 0.436016
v 0.150509 0.072814 0.451214
v 0.138809 0.287664 0.407616
v 0.165108 0.260914 0.364513
v 0.139008 0.297624 0.380913
v 0.164806 0.249204 0.395916
v 0.161007 0.181234 0.448116
v 0.187206 0.145594 0.401714
v 0.176105 0.193094 0.415813
v 0.171108 0.133004 0.436016
v 0.157707 0.237784 0.426613
v 0.184006 0.205774 0.381714
v 0.164806 0.249204 0.395916
v 0.176105 0.193094 0.415813
v 0.159908 0.217754 -0.440685
v 0.185406 0.191424 -0.391987
v 0.178009 0.174614 -0.424286
v 0.166508 0.232884 -0.411484
v 0.163406 0.158924 -0.454884
v 0.188808 0.129164 -0.404385
v 0.173206 0.112504 -0.436787
v 0.178009 0.174614 -0.424286
v 0.150509 0.097674 -0.465984
v 0.175907 0.066174 -0.414585
v 0.152706 0.051044 -0.444386
v 0.173206 0.112504 -0.436787
v 0.134609 0.296094 -0.378086
v 0.166306 0.248424 -0.381886
v 0.140606 0.283014 -0.402786
v 0.159306 0.263804 -0.352886
v 0.323708 -0.440136 0.237015
v 0.317707 -0.607416 -0.006786
v 0.323608 -0.410016 0.209614
v 0.317806 -0.637536 0.020615
v 0.171108 0.133004 0.436016
v 0.190609 0.097114 0.384914
v 0.187206 0.145594 0.401714
v 0.174206 0.084274 0.419815
v 0.165108 0.260914 0.364513
v 0.133507 0.307454 0.354816
v 0.139008 0.297624 0.380913
v 0.158607 0.272464 0.333813
v 0.315609 -1.022266 0.018116
v 0.315609 -1.186496 -0.004284
v 0.315609 -1.022266 -0.004284
v 0.315609 -1.186496 0.018116
v 0.315609 0.117404 0.018116
v 0.315609 -0.046826 -0.004284
v 0.315609 0.117404 -0.004284
v 0.315609 -0.046826 0.018116
v 0.166306 0.248424 -0.381886
v 0.185406 0.191424 -0.391987
v 0.166508 0.232884 -0.411484
v 0.185207 0.208694 -0.359085
v 0.176105 0.193094 0.415813
v 0.195606 0.159054 0.365414
v 0.184006 0.205774 0.381714
v 0.187206 0.145594 0.401714
v 0.164806 0.249204 0.395916
v 0.184406 0.218784 0.346813
v 0.165108 0.260914 0.364513
v 0.184006 0.205774 0.381714
v 0.312008 -0.188476 0.035713
v 0.329006 -0.639476 -0.006287
v 0.315208 -0.188256 -0.004887
v 0.325806 -0.639696 0.034313
v 0.178009 0.174614 -0.424286
v 0.196606 0.147004 -0.369984
v 0.188808 0.129164 -0.404385
v 0.185406 0.191424 -0.391987
v 0.327408 -0.116346 0.320915
v 0.300209 -0.022826 0.454914
v 0.330807 -0.132156 0.336315
v 0.296707 -0.007006 0.439514
v 0.173206 0.112504 -0.436787
v 0.191807 0.083154 -0.381584
v 0.175907 0.066174 -0.414585
v 0.188808 0.129164 -0.404385
v 0.123108 0.308514 -0.354885
v 0.159306 0.263804 -0.352886
v 0.134609 0.296094 -0.378086
v 0.145809 0.278404 -0.325584
v 0.274506 0.124284 0.160416
v 0.270508 -0.004946 0.429516
v 0.268906 -0.238236 0.616016
v 0.273708 -0.820756 0.617016
v 0.270008 -0.529396 0.682915
v 0.285309 -1.184626 0.162514
v 0.279106 -1.054606 0.431213
v 0.280106 0.123844 -0.138184
v 0.290909 -1.185066 -0.135986
v 0.294907 -1.055846 -0.405186
v 0.295406 -0.531386 -0.658585
v 0.296509 -0.822546 -0.591686
v 0.291706 -0.240026 -0.592587
v 0.286308 -0.006176 -0.406887
v 0.158607 0.272464 0.333813
v 0.122307 0.316774 0.330215
v 0.133507 0.307454 0.354816
v 0.145508 0.283424 0.304916
v 0.074406 -1.469476 0.254013
v 0.108307 -1.118126 0.145214
v 0.107708 -1.453306 0.291214
v 0.075008 -1.134296 0.108013
v 0.159306 0.263804 -0.352886
v 0.185207 0.208694 -0.359085
v 0.166306 0.248424 -0.381886
v 0.177406 0.225774 -0.326786
v 0.187206 0.145594 0.401714
v 0.199108 0.110844 0.347916
v 0.195606 0.159054 0.365414
v 0.190609 0.097114 0.384914
v 0.158607 0.272464 0.333813
v 0.184406 0.218784 0.346813
v 0.177109 0.231624 0.312714
v 0.165108 0.260914 0.364513
v 0.184006 0.205774 0.381714
v 0.196007 0.172864 0.328514
v 0.184406 0.218784 0.346813
v 0.195606 0.159054 0.365414
v 0.185207 0.208694 -0.359085
v 0.196606 0.147004 -0.369984
v 0.185406 0.191424 -0.391987
v 0.196407 0.165344 -0.335087
v 0.188808 0.129164 -0.404385
v 0.199707 0.101344 -0.346584
v 0.191807 0.083154 -0.381584
v 0.196606 0.147004 -0.369984
v 0.325008 -0.553256 0.677815
v 0.305305 -0.530876 0.514916
v 0.325108 -0.530886 0.677815
v 0.305107 -0.553246 0.514916
v 0.145508 0.283424 0.304916
v 0.106007 0.325234 0.308113
v 0.122307 0.316774 0.330215
v 0.126308 0.293374 0.278915
v 0.145809 0.278404 -0.325584
v 0.177406 0.225774 -0.326786
v 0.159306 0.263804 -0.352886
v 0.162308 0.242004 -0.296486
v 0.115509 -1.436566 -0.352985
v 0.098507 -1.126346 -0.153385
v 0.095909 -1.457176 -0.308884
v 0.118206 -1.105746 -0.197487
v 0.195606 0.159054 0.365414
v 0.199509 0.124924 0.310215
v 0.196007 0.172864 0.328514
v 0.199108 0.110844 0.347916
v 0.177406 0.225774 -0.326786
v 0.196407 0.165344 -0.335087
v 0.185207 0.208694 -0.359085
v 0.188107 0.183474 -0.300785
v 0.177109 0.231624 0.312714
v 0.145508 0.283424 0.304916
v 0.158607 0.272464 0.333813
v 0.162609 0.243804 0.280613
v 0.196407 0.165344 -0.335087
v 0.199707 0.101344 -0.346584
v 0.196606 0.147004 -0.369984
v 0.199509 0.120034 -0.310886
v 0.177109 0.231624 0.312714
v 0.196007 0.172864 0.328514
v 0.188309 0.186504 0.292213
v 0.184406 0.218784 0.346813
v 0.126209 0.291684 -0.301086
v 0.162308 0.242004 -0.296486
v 0.145809 0.278404 -0.325584
v 0.140606 0.256754 -0.269184
v 0.162609 0.243804 0.280613
v 0.126308 0.293374 0.278915
v 0.145508 0.283424 0.304916
v 0.141308 0.254854 0.251713
v 0.162308 0.242004 -0.296486
v 0.188107 0.183474 -0.300785
v 0.177406 0.225774 -0.326786
v 0.172108 0.200704 -0.268585
v 0.188107 0.183474 -0.300785
v 0.199509 0.120034 -0.310886
v 0.196407 0.165344 -0.335087
v 0.191109 0.138524 -0.275986
v 0.188309 0.186504 0.292213
v 0.199509 0.124924 0.310215
v 0.191708 0.138824 0.273216
v 0.196007 0.172864 0.328514
v 0.162609 0.243804 0.280613
v 0.188309 0.186504 0.292213
v 0.172806 0.199434 0.258114
v 0.177109 0.231624 0.312714
v 0.112907 0.269474 -0.246086
v 0.126209 0.291684 -0.301086
v 0.140606 0.256754 -0.269184
v 0.107708 -1.453306 0.291214
v 0.117508 -1.098116 0.191216
v 0.116909 -1.433296 0.337116
v 0.108307 -1.118126 0.145214
v 0.330109 -1.048586 0.423714
v 0.298409 -0.918096 0.326614
v 0.331306 -1.032736 0.439514
v 0.297207 -0.933946 0.310913
v 0.141308 0.254854 0.251713
v 0.101807 0.301914 0.256813
v 0.126308 0.293374 0.278915
v 0.114006 0.264344 0.227116
v 0.140606 0.256754 -0.269184
v 0.172108 0.200704 -0.268585
v 0.162308 0.242004 -0.296486
v 0.149006 0.216364 -0.239685
v 0.172108 0.200704 -0.268585
v 0.191109 0.138524 -0.275986
v 0.188107 0.183474 -0.300785
v 0.174809 0.156094 -0.243187
v 0.172806 0.199434 0.258114
v 0.141308 0.254854 0.251713
v 0.162609 0.243804 0.280613
v 0.150208 0.211164 0.227516
v 0.172806 0.199434 0.258114
v 0.191708 0.138824 0.273216
v 0.175907 0.152014 0.238415
v 0.188309 0.186504 0.292213
v 0.119709 0.229864 -0.215187
v 0.140606 0.256754 -0.269184
v 0.112907 0.269474 -0.246086
v 0.149006 0.216364 -0.239685
v 0.109207 -1.414996 -0.398685
v 0.118206 -1.105746 -0.197487
v 0.115509 -1.436566 -0.352985
v 0.111908 -1.084176 -0.243187
v 0.149006 0.216364 -0.239685
v 0.174809 0.156094 -0.243187
v 0.172108 0.200704 -0.268585
v 0.151207 0.172064 -0.213684
v 0.150208 0.211164 0.227516
v 0.114006 0.264344 0.227116
v 0.141308 0.254854 0.251713
v 0.121307 0.221234 0.201416
v 0.150208 0.211164 0.227516
v 0.175907 0.152014 0.238415
v 0.152809 0.163964 0.207214
v 0.172806 0.199434 0.258114
v 0.059208 0.264034 0.028713
v 0.073906 -0.186966 -0.014187
v 0.060108 0.264254 -0.011986
v 0.073006 -0.187196 0.026516
v 0.063507 0.246564 0.394913
v 0.069706 -0.171906 0.220913
v 0.063606 0.258764 0.356113
v 0.069607 -0.184116 0.259815
v 0.065006 0.250724 -0.380684
v 0.067608 -0.158216 -0.185284
v 0.064907 0.229914 -0.415684
v 0.067707 -0.137406 -0.150284
v 0.327408 -1.031236 -0.418186
v 0.300209 -0.937716 -0.284084
v 0.330807 -1.047046 -0.402687
v 0.296707 -0.921896 -0.299587
v 0.067707 0.253854 0.120815
v 0.068806 0.292564 -0.108685
v 0.068008 0.294604 0.120415
v 0.068508 0.251814 -0.108284
v 0.149006 0.216364 -0.239685
v 0.121307 0.185824 -0.188686
v 0.151207 0.172064 -0.213684
v 0.119709 0.229864 -0.215187
v 0.121307 0.221234 0.201416
v 0.152809 0.163964 0.207214
v 0.123409 0.174244 0.180614
v 0.150208 0.211164 0.227516
v 0.116909 -1.433296 0.337116
v 0.100609 -1.078226 0.236816
v 0.100006 -1.413406 0.382713
v 0.117508 -1.098116 0.191216
v -0.026394 -0.593306 0.160015
v -0.030193 -0.561916 0.207314
v -0.025993 -0.614326 0.157414
v -0.027393 -0.575416 0.170815
v -0.028793 -0.564216 0.187714
v -0.032593 -0.603986 0.245716
v -0.031494 -0.568976 0.225815
v -0.032394 -0.583986 0.239513
v -0.028294 -0.656406 0.195713
v -0.032192 -0.625016 0.243115
v -0.027092 -0.649346 0.177216
v -0.026192 -0.634336 0.163616
v -0.029793 -0.654106 0.215313
v -0.031193 -0.642906 0.232216
v 0.078308 -1.396736 -0.436985
v 0.111908 -1.084176 -0.243187
v 0.109207 -1.414996 -0.398685
v 0.080906 -1.065916 -0.281486
v 0.100006 -1.413406 0.382713
v 0.061008 -1.062386 0.272915
v 0.060509 -1.397566 0.418915
v 0.100609 -1.078226 0.236816
v -0.223793 -0.435446 0.193214
v -0.232292 -0.468626 0.193314
v -0.222492 -0.472286 -0.226685
v -0.213993 -0.439106 -0.226784
v -0.233093 -0.294196 0.228416
v -0.210392 -0.531836 -0.266884
v -0.217693 -0.291446 -0.265785
v -0.225792 -0.534586 0.227314
v -0.237793 -0.399996 0.192616
v -0.223793 -0.435446 0.193214
v -0.213993 -0.439106 -0.226784
v -0.227993 -0.403666 -0.227386
v -0.015694 0.347734 0.457314
v -0.020191 0.320354 0.488014
v -0.004093 0.320184 0.487915
v -0.007492 0.347644 0.457214
v -0.023792 0.348354 0.455914
v -0.035892 0.321574 0.485214
v -0.020191 0.320354 0.488014
v -0.015694 0.347734 0.457314
v -0.007492 0.347644 0.457214
v -0.004093 0.320184 0.487915
v 0.011707 0.321064 0.485016
v 0.000507 0.348094 0.455814
v -0.050694 0.323794 0.479713
v -0.023792 0.348354 0.455914
v -0.031292 0.349484 0.453114
v -0.035892 0.321574 0.485214
v -0.060894 0.302334 -0.496887
v -0.041092 0.331624 -0.472385
v -0.035294 0.328944 -0.477287
v -0.072392 0.307594 -0.487286
v 0.008209 0.349064 0.452915
v 0.011707 0.321064 0.485016
v 0.026608 0.322964 0.479515
v 0.000507 0.348094 0.455814
v -0.063992 0.326924 0.471813
v -0.031292 0.349484 0.453114
v -0.038094 0.351084 0.449013
v -0.050694 0.323794 0.479713
v 0.054508 0.305294 -0.486485
v 0.017807 0.327984 -0.476986
v 0.023609 0.330454 -0.471985
v 0.043209 0.300444 -0.496185
v 0.008209 0.349064 0.452915
v 0.040108 0.325824 0.471416
v 0.015007 0.350524 0.448814
v 0.026608 0.322964 0.479515
v -0.072392 0.307594 -0.487286
v -0.045692 0.334744 -0.466686
v -0.041092 0.331624 -0.472385
v -0.081394 0.313704 -0.475987
v -0.020794 0.325264 -0.483685
v -0.008793 0.347314 -0.451984
v -0.012794 0.324404 -0.484985
v -0.012794 0.324404 -0.484985
v -0.008793 0.347314 -0.451984
v -0.004593 0.324254 -0.484985
v -0.028393 0.326794 -0.481087
v -0.008793 0.347314 -0.451984
v -0.020794 0.325264 -0.483685
v -0.004593 0.324254 -0.484985
v -0.008793 0.347314 -0.451984
v 0.003407 0.324824 -0.483585
v 0.003407 0.324824 -0.483585
v -0.008793 0.347314 -0.451984
v 0.011009 0.326074 -0.480885
v -0.035294 0.328944 -0.477287
v -0.008793 0.347314 -0.451984
v -0.028393 0.326794 -0.481087
v -0.075294 0.330864 0.461613
v -0.038094 0.351084 0.449013
v -0.043793 0.353094 0.443813
v -0.063992 0.326924 0.471813
v 0.011009 0.326074 -0.480885
v -0.008793 0.347314 -0.451984
v 0.017807 0.327984 -0.476986
v -0.041092 0.331624 -0.472385
v -0.008793 0.347314 -0.451984
v -0.035294 0.328944 -0.477287
v 0.017807 0.327984 -0.476986
v -0.008793 0.347314 -0.451984
v 0.023609 0.330454 -0.471985
v 0.063408 0.311084 -0.475086
v 0.023609 0.330454 -0.471985
v 0.028107 0.333404 -0.466187
v 0.054508 0.305294 -0.486485
v 0.015007 0.350524 0.448814
v 0.051609 0.329514 0.461216
v 0.020908 0.352404 0.443615
v 0.040108 0.325824 0.471416
v -0.045692 0.334744 -0.466686
v -0.008793 0.347314 -0.451984
v -0.041092 0.331624 -0.472385
v -0.081394 0.313704 -0.475987
v -0.048893 0.338174 -0.460285
v -0.045692 0.334744 -0.466686
v -0.087593 0.320434 -0.463486
v 0.023609 0.330454 -0.471985
v -0.008793 0.347314 -0.451984
v 0.028107 0.333404 -0.466187
v -0.048893 0.338174 -0.460285
v -0.008793 0.347314 -0.451984
v -0.045692 0.334744 -0.466686
v -0.084194 0.335434 0.449715
v -0.043793 0.353094 0.443813
v -0.048294 0.355424 0.437714
v -0.075294 0.330864 0.461613
v 0.028107 0.333404 -0.466187
v -0.008793 0.347314 -0.451984
v 0.031208 0.336714 -0.459785
v -0.050491 0.341774 -0.453484
v -0.008793 0.347314 -0.451984
v -0.048893 0.338174 -0.460285
v -0.007492 0.347644 0.457214
v -0.011192 0.366364 0.421715
v -0.015694 0.347734 0.457314
v -0.015694 0.347734 0.457314
v -0.011192 0.366364 0.421715
v -0.023792 0.348354 0.455914
v -0.075294 0.330864 0.461613
v -0.117294 0.307174 0.457016
v -0.104492 0.300534 0.474316
v -0.084194 0.335434 0.449715
v 0.000507 0.348094 0.455814
v -0.011192 0.366364 0.421715
v -0.007492 0.347644 0.457214
v -0.023792 0.348354 0.455914
v -0.011192 0.366364 0.421715
v -0.031292 0.349484 0.453114
v 0.069508 0.317584 -0.462486
v 0.028107 0.333404 -0.466187
v 0.031208 0.336714 -0.459785
v 0.063408 0.311084 -0.475086
v 0.025509 0.354634 0.437515
v 0.051609 0.329514 0.461216
v 0.060608 0.333894 0.449116
v 0.020908 0.352404 0.443615
v 0.008209 0.349064 0.452915
v -0.011192 0.366364 0.421715
v 0.000507 0.348094 0.455814
v 0.031208 0.336714 -0.459785
v -0.008793 0.347314 -0.451984
v 0.032707 0.340264 -0.452885
v -0.031292 0.349484 0.453114
v -0.011192 0.366364 0.421715
v -0.038094 0.351084 0.449013
v -0.050594 0.345424 -0.446484
v -0.008793 0.347314 -0.451984
v -0.050491 0.341774 -0.453484
v 0.015007 0.350524 0.448814
v -0.011192 0.366364 0.421715
v 0.008209 0.349064 0.452915
v -0.050491 0.341774 -0.453484
v -0.087593 0.320434 -0.463486
v -0.090893 0.327504 -0.450085
v -0.048893 0.338174 -0.460285
v -0.038094 0.351084 0.449013
v -0.011192 0.366364 0.421715
v -0.043793 0.353094 0.443813
v -0.114391 0.285024 -0.479786
v -0.087593 0.320434 -0.463486
v -0.081394 0.313704 -0.475987
v -0.123493 0.294774 -0.461586
v 0.032707 0.340264 -0.452885
v -0.008793 0.347314 -0.451984
v 0.032707 0.343914 -0.445984
v 0.020908 0.352404 0.443615
v -0.011192 0.366364 0.421715
v 0.015007 0.350524 0.448814
v -0.048992 0.348974 -0.439686
v -0.008793 0.347314 -0.451984
v -0.050594 0.345424 -0.446484
v -0.048294 0.355424 0.437714
v -0.090191 0.340484 0.436314
v -0.084194 0.335434 0.449715
v -0.051392 0.357994 0.431015
v -0.043793 0.353094 0.443813
v -0.011192 0.366364 0.421715
v -0.048294 0.355424 0.437714
v 0.060608 0.333894 0.449116
v 0.079807 0.298574 0.473713
v 0.092907 0.304944 0.456215
v 0.051609 0.329514 0.461216
v 0.032707 0.343914 -0.445984
v -0.008793 0.347314 -0.451984
v 0.031006 0.347524 -0.439186
v 0.025509 0.354634 0.437515
v -0.011192 0.366364 0.421715
v 0.020908 0.352404 0.443615
v -0.045891 0.352284 -0.433186
v -0.008793 0.347314 -0.451984
v -0.048992 0.348974 -0.439686
v 0.032707 0.340264 -0.452885
v 0.072506 0.324544 -0.449085
v 0.069508 0.317584 -0.462486
v 0.031208 0.336714 -0.459785
v -0.048294 0.355424 0.437714
v -0.011192 0.366364 0.421715
v -0.051392 0.357994 0.431015
v 0.060608 0.333894 0.449116
v 0.028706 0.357144 0.430714
v 0.025509 0.354634 0.437515
v 0.066906 0.338814 0.435814
v 0.031006 0.347524 -0.439186
v -0.008793 0.347314 -0.451984
v 0.027908 0.350944 -0.432785
v 0.028706 0.357144 0.430714
v -0.011192 0.366364 0.421715
v 0.025509 0.354634 0.437515
v -0.041393 0.355234 -0.427387
v -0.008793 0.347314 -0.451984
v -0.045891 0.352284 -0.433186
v -0.050594 0.345424 -0.446484
v -0.090893 0.327504 -0.450085
v -0.090893 0.334664 -0.436485
v -0.050491 0.341774 -0.453484
v -0.051392 0.357994 0.431015
v -0.011192 0.366364 0.421715
v -0.052891 0.360704 0.423714
v 0.104607 0.290644 -0.460087
v 0.063408 0.311084 -0.475086
v 0.069508 0.317584 -0.462486
v 0.095707 0.281204 -0.478485
v 0.027908 0.350944 -0.432785
v -0.008793 0.347314 -0.451984
v 0.023308 0.354064 -0.426987
v -0.084194 0.335434 0.449715
v -0.125992 0.314504 0.437614
v -0.117294 0.307174 0.457016
v -0.090191 0.340484 0.436314
v -0.035694 0.357714 -0.422485
v -0.008793 0.347314 -0.451984
v -0.041393 0.355234 -0.427387
v 0.030407 0.359824 0.423416
v -0.011192 0.366364 0.421715
v 0.028706 0.357144 0.430714
v 0.023308 0.354064 -0.426987
v -0.008793 0.347314 -0.451984
v 0.017406 0.356744 -0.422085
v -0.051392 0.357994 0.431015
v -0.093193 0.345804 0.422214
v -0.090191 0.340484 0.436314
v -0.052891 0.360704 0.423714
v -0.028893 0.359614 -0.418484
v -0.008793 0.347314 -0.451984
v -0.035694 0.357714 -0.422485
v -0.052891 0.360704 0.423714
v -0.011192 0.366364 0.421715
v -0.052891 0.363454 0.416416
v -0.090893 0.327504 -0.450085
v -0.123493 0.294774 -0.461586
v -0.128193 0.305054 -0.442184
v -0.087593 0.320434 -0.463486
v 0.017406 0.356744 -0.422085
v -0.008793 0.347314 -0.451984
v 0.010609 0.358894 -0.418285
v -0.021294 0.360874 -0.415787
v -0.008793 0.347314 -0.451984
v -0.028893 0.359614 -0.418484
v 0.030407 0.362564 0.416115
v -0.011192 0.366364 0.421715
v 0.030407 0.359824 0.423416
v -0.013294 0.361434 -0.414387
v -0.008793 0.347314 -0.451984
v -0.021294 0.360874 -0.415787
v 0.032707 0.343914 -0.445984
v 0.072407 0.331694 -0.435387
v 0.072506 0.324544 -0.449085
v 0.032707 0.340264 -0.452885
v 0.010609 0.358894 -0.418285
v -0.008793 0.347314 -0.451984
v 0.003006 0.360434 -0.415684
v -0.005093 0.361294 -0.414387
v -0.008793 0.347314 -0.451984
v -0.013294 0.361434 -0.414387
v 0.003006 0.360434 -0.415684
v -0.008793 0.347314 -0.451984
v -0.005093 0.361294 -0.414387
v -0.052891 0.363454 0.416416
v -0.011192 0.366364 0.421715
v -0.051193 0.366134 0.409214
v 0.070206 0.344064 0.421616
v 0.028706 0.357144 0.430714
v 0.066906 0.338814 0.435814
v 0.030407 0.359824 0.423416
v 0.092907 0.304944 0.456215
v 0.066906 0.338814 0.435814
v 0.060608 0.333894 0.449116
v 0.102108 0.312074 0.436813
v -0.048992 0.348974 -0.439686
v -0.090893 0.334664 -0.436485
v -0.087894 0.341624 -0.423084
v -0.050594 0.345424 -0.446484
v 0.028908 0.365284 0.408916
v -0.011192 0.366364 0.421715
v 0.030407 0.362564 0.416115
v -0.051193 0.366134 0.409214
v -0.011192 0.366364 0.421715
v -0.047993 0.368634 0.402416
v 0.025806 0.367854 0.402115
v -0.011192 0.366364 0.421715
v 0.028908 0.365284 0.408916
v -0.052891 0.360704 0.423714
v -0.093094 0.351194 0.407814
v -0.093193 0.345804 0.422214
v -0.052891 0.363454 0.416416
v -0.047993 0.368634 0.402416
v -0.011192 0.366364 0.421715
v -0.043392 0.370874 0.396214
v 0.109009 0.300744 -0.440586
v 0.069508 0.317584 -0.462486
v 0.072506 0.324544 -0.449085
v 0.104607 0.290644 -0.460087
v 0.072407 0.331694 -0.435387
v 0.031006 0.347524 -0.439186
v 0.069206 0.338774 -0.422085
v 0.032707 0.343914 -0.445984
v 0.021309 0.370184 0.396015
v -0.011192 0.366364 0.421715
v 0.025806 0.367854 0.402115
v -0.090191 0.340484 0.436314
v -0.130394 0.322224 0.417114
v -0.125992 0.314504 0.437614
v -0.093193 0.345804 0.422214
v -0.043392 0.370874 0.396214
v -0.011192 0.366364 0.421715
v -0.037491 0.372754 0.391014
v -0.045891 0.352284 -0.433186
v -0.087894 0.341624 -0.423084
v -0.081791 0.348124 -0.410385
v -0.048992 0.348974 -0.439686
v 0.030407 0.359824 0.423416
v 0.070206 0.344064 0.421616
v 0.070309 0.349454 0.407215
v 0.030407 0.362564 0.416115
v 0.015606 0.372184 0.390816
v -0.011192 0.366364 0.421715
v 0.021309 0.370184 0.396015
v -0.090893 0.334664 -0.436485
v -0.128193 0.305054 -0.442184
v -0.128292 0.315434 -0.422386
v -0.090893 0.327504 -0.450085
v -0.037491 0.372754 0.391014
v -0.011192 0.366364 0.421715
v -0.030693 0.374204 0.386913
v 0.008808 0.373784 0.386814
v -0.011192 0.366364 0.421715
v 0.015606 0.372184 0.390816
v -0.030693 0.374204 0.386913
v -0.011192 0.366364 0.421715
v -0.023094 0.375174 0.384113
v 0.001209 0.374924 0.384014
v -0.011192 0.366364 0.421715
v 0.008808 0.373784 0.386814
v -0.023094 0.375174 0.384113
v -0.011192 0.366364 0.421715
v -0.014992 0.375634 0.382614
v -0.014992 0.375634 0.382614
v -0.011192 0.366364 0.421715
v -0.006794 0.375544 0.382614
v -0.006794 0.375544 0.382614
v -0.011192 0.366364 0.421715
v 0.001209 0.374924 0.384014
v 0.102108 0.312074 0.436813
v 0.070206 0.344064 0.421616
v 0.066906 0.338814 0.435814
v 0.106808 0.319704 0.416214
v 0.063007 0.345494 -0.409485
v 0.031006 0.347524 -0.439186
v 0.027908 0.350944 -0.432785
v 0.069206 0.338774 -0.422085
v -0.052891 0.363454 0.416416
v -0.089794 0.356444 0.393616
v -0.093094 0.351194 0.407814
v -0.051193 0.366134 0.409214
v -0.081791 0.348124 -0.410385
v -0.041393 0.355234 -0.427387
v -0.045891 0.352284 -0.433186
v -0.072994 0.353904 -0.398987
v 0.030407 0.362564 0.416115
v 0.070309 0.349454 0.407215
v 0.067307 0.354774 0.393013
v 0.028908 0.365284 0.408916
v 0.108807 0.311134 -0.420784
v 0.072506 0.324544 -0.449085
v 0.072407 0.331694 -0.435387
v 0.109009 0.300744 -0.440586
v 0.027908 0.350944 -0.432785
v 0.053905 0.351604 -0.398186
v 0.063007 0.345494 -0.409485
v 0.023308 0.354064 -0.426987
v 0.017406 0.356744 -0.422085
v 0.029308 0.363394 -0.383484
v 0.042507 0.356874 -0.388584
v 0.010609 0.358894 -0.418285
v -0.093193 0.345804 0.422214
v -0.130192 0.330044 0.396214
v -0.130394 0.322224 0.417114
v -0.093094 0.351194 0.407814
v -0.087894 0.341624 -0.423084
v -0.128292 0.315434 -0.422386
v -0.123894 0.325544 -0.402885
v -0.090893 0.334664 -0.436485
v -0.072994 0.353904 -0.398987
v -0.035694 0.357714 -0.422485
v -0.041393 0.355234 -0.427387
v -0.061592 0.358764 -0.389286
v -0.083492 0.361354 0.380314
v -0.051193 0.366134 0.409214
v -0.047993 0.368634 0.402416
v -0.089794 0.356444 0.393616
v 0.067307 0.354774 0.393013
v 0.025806 0.367854 0.402115
v 0.028908 0.365284 0.408916
v 0.061306 0.359814 0.379715
v 0.017406 0.356744 -0.422085
v 0.053905 0.351604 -0.398186
v 0.023308 0.354064 -0.426987
v 0.042507 0.356874 -0.388584
v 0.106808 0.319704 0.416214
v 0.070309 0.349454 0.407215
v 0.070206 0.344064 0.421616
v 0.107006 0.327524 0.395313
v -0.061592 0.358764 -0.389286
v -0.028893 0.359614 -0.418484
v -0.035694 0.357714 -0.422485
v -0.048294 0.362494 -0.381584
v 0.104206 0.321404 -0.401386
v 0.072407 0.331694 -0.435387
v 0.069206 0.338774 -0.422085
v 0.108807 0.311134 -0.420784
v -0.074394 0.365744 0.368214
v -0.047993 0.368634 0.402416
v -0.043392 0.370874 0.396214
v -0.083492 0.361354 0.380314
v -0.048294 0.362494 -0.381584
v -0.021294 0.360874 -0.415787
v -0.028893 0.359614 -0.418484
v -0.033493 0.364964 -0.376286
v -0.081791 0.348124 -0.410385
v -0.123894 0.325544 -0.402885
v -0.115093 0.334974 -0.384586
v -0.087894 0.341624 -0.423084
v 0.061306 0.359814 0.379715
v 0.021309 0.370184 0.396015
v 0.025806 0.367854 0.402115
v 0.052505 0.364394 0.367813
v 0.029308 0.363394 -0.383484
v 0.010609 0.358894 -0.418285
v 0.003006 0.360434 -0.415684
v 0.014206 0.364094 -0.375984
v -0.093094 0.351194 0.407814
v -0.125393 0.337674 0.375614
v -0.130192 0.330044 0.396214
v -0.089794 0.356444 0.393616
v -0.021294 0.360874 -0.415787
v -0.033493 0.364964 -0.376286
v -0.017693 0.366074 -0.373585
v -0.013294 0.361434 -0.414387
v 0.065006 0.250724 -0.380684
v 0.064907 0.229914 -0.415684
v -0.067493 0.250114 -0.380085
v -0.067493 0.229304 -0.415184
v -0.013294 0.361434 -0.414387
v -0.017693 0.366074 -0.373585
v -0.001591 0.365784 -0.373486
v -0.005093 0.361294 -0.414387
v -0.005093 0.361294 -0.414387
v -0.001591 0.365784 -0.373486
v 0.014206 0.364094 -0.375984
v 0.003006 0.360434 -0.415684
v -0.062992 0.369434 0.358013
v -0.043392 0.370874 0.396214
v -0.037491 0.372754 0.391014
v -0.074394 0.365744 0.368214
v 0.107006 0.327524 0.395313
v 0.067307 0.354774 0.393013
v 0.070309 0.349454 0.407215
v 0.102608 0.335244 0.374813
v 0.052505 0.364394 0.367813
v 0.015606 0.372184 0.390816
v 0.021309 0.370184 0.396015
v 0.041206 0.368324 0.357616
v 0.095108 0.331164 -0.383186
v 0.069206 0.338774 -0.422085
v 0.063007 0.345494 -0.409485
v 0.104206 0.321404 -0.401386
v -0.049492 0.372284 0.349915
v -0.037491 0.372754 0.391014
v -0.030693 0.374204 0.386913
v -0.062992 0.369434 0.358013
v -0.072994 0.353904 -0.398987
v -0.115093 0.334974 -0.384586
v -0.102192 0.343384 -0.367985
v -0.081791 0.348124 -0.410385
v 0.008808 0.373784 0.386814
v 0.041206 0.368324 0.357616
v 0.027908 0.371464 0.349613
v 0.015606 0.372184 0.390816
v -0.123894 0.325544 -0.402885
v -0.161293 0.288494 -0.404686
v -0.155693 0.301354 -0.379887
v -0.128292 0.315434 -0.422386
v -0.116291 0.344804 0.356216
v -0.089794 0.356444 0.393616
v -0.083492 0.361354 0.380314
v -0.125393 0.337674 0.375614
v -0.034592 0.374194 0.344315
v -0.030693 0.374204 0.386913
v -0.023094 0.375174 0.384113
v -0.049492 0.372284 0.349915
v 0.001209 0.374924 0.384014
v 0.027908 0.371464 0.349613
v 0.013107 0.373684 0.344215
v 0.008808 0.373784 0.386814
v -0.018791 0.375074 0.341515
v -0.023094 0.375174 0.384113
v -0.014992 0.375634 0.382614
v -0.034592 0.374194 0.344315
v -0.006794 0.375544 0.382614
v 0.013107 0.373684 0.344215
v -0.002693 0.374904 0.341415
v 0.001209 0.374924 0.384014
v -0.014992 0.375634 0.382614
v -0.002693 0.374904 0.341415
v -0.018791 0.375074 0.341515
v -0.006794 0.375544 0.382614
v 0.063007 0.345494 -0.409485
v 0.082008 0.340034 -0.366787
v 0.095108 0.331164 -0.383186
v 0.053905 0.351604 -0.398186
v 0.102608 0.335244 0.374813
v 0.061306 0.359814 0.379715
v 0.067307 0.354774 0.393013
v 0.093906 0.342574 0.355415
v -0.102192 0.343384 -0.367985
v -0.061592 0.358764 -0.389286
v -0.072994 0.353904 -0.398987
v -0.085793 0.350424 -0.353886
v -0.130192 0.330044 0.396214
v -0.156792 0.310544 0.355816
v -0.162891 0.300844 0.382015
v -0.125393 0.337674 0.375614
v -0.103191 0.351174 0.338715
v -0.083492 0.361354 0.380314
v -0.074394 0.365744 0.368214
v -0.116291 0.344804 0.356216
v 0.063507 0.246564 0.394913
v 0.063606 0.258764 0.356113
v -0.068893 0.244944 0.394115
v -0.068794 0.257154 0.355213
v -0.115093 0.334974 -0.384586
v -0.155693 0.301354 -0.379887
v -0.144493 0.313364 -0.356586
v -0.123894 0.325544 -0.402885
v 0.053905 0.351604 -0.398186
v 0.065407 0.347684 -0.352886
v 0.082008 0.340034 -0.366787
v 0.042507 0.356874 -0.388584
v -0.085793 0.350424 -0.353886
v -0.048294 0.362494 -0.381584
v -0.061592 0.358764 -0.389286
v -0.066391 0.355844 -0.342785
v 0.093906 0.342574 0.355415
v 0.052505 0.364394 0.367813
v 0.061306 0.359814 0.379715
v 0.081108 0.349214 0.338116
v -0.048294 0.362494 -0.381584
v -0.066391 0.355844 -0.342785
v -0.044891 0.359424 -0.335087
v -0.033493 0.364964 -0.376286
v 0.042507 0.356874 -0.388584
v 0.045906 0.353804 -0.341984
v 0.065407 0.347684 -0.352886
v 0.029308 0.363394 -0.383484
v -0.086494 0.356534 0.323914
v -0.074394 0.365744 0.368214
v -0.062992 0.369434 0.358013
v -0.103191 0.351174 0.338715
v 0.134609 0.296094 -0.378086
v 0.095108 0.331164 -0.383186
v 0.123108 0.308514 -0.354885
v 0.104206 0.321404 -0.401386
v -0.033493 0.364964 -0.376286
v -0.044891 0.359424 -0.335087
v -0.021992 0.361034 -0.330986
v -0.017693 0.366074 -0.373585
v -0.145191 0.319624 0.331116
v -0.125393 0.337674 0.375614
v -0.116291 0.344804 0.356216
v -0.156792 0.310544 0.355816
v 0.081108 0.349214 0.338116
v 0.041206 0.368324 0.357616
v 0.052505 0.364394 0.367813
v 0.064709 0.354924 0.323315
v -0.102192 0.343384 -0.367985
v -0.144493 0.313364 -0.356586
v -0.128094 0.324054 -0.335484
v -0.115093 0.334974 -0.384586
v 0.001308 0.360614 -0.330887
v 0.024307 0.358174 -0.334587
v -0.001591 0.365784 -0.373486
v 0.014206 0.364094 -0.375984
v -0.017693 0.366074 -0.373585
v -0.021992 0.361034 -0.330986
v 0.001308 0.360614 -0.330887
v -0.001591 0.365784 -0.373486
v 0.045906 0.353804 -0.341984
v 0.029308 0.363394 -0.383484
v 0.014206 0.364094 -0.375984
v 0.024307 0.358174 -0.334587
v -0.066994 0.360674 0.312214
v -0.062992 0.369434 0.358013
v -0.049492 0.372284 0.349915
v -0.086494 0.356534 0.323914
v 0.102608 0.335244 0.374813
v 0.133507 0.307454 0.354816
v 0.122307 0.316774 0.330215
v 0.093906 0.342574 0.355415
v 0.027908 0.371464 0.349613
v 0.064709 0.354924 0.323315
v 0.045406 0.359474 0.311813
v 0.041206 0.368324 0.357616
v 0.082008 0.340034 -0.366787
v 0.123108 0.308514 -0.354885
v 0.095108 0.331164 -0.383186
v 0.106407 0.319804 -0.333984
v 0.068008 0.294604 0.120415
v -0.066895 0.293634 -0.109184
v -0.067692 0.295674 0.119915
v 0.068806 0.292564 -0.108685
v -0.045292 0.363434 0.304115
v -0.049492 0.372284 0.349915
v -0.034592 0.374194 0.344315
v -0.066994 0.360674 0.312214
v -0.128094 0.324054 -0.335484
v -0.085793 0.350424 -0.353886
v -0.102192 0.343384 -0.367985
v -0.107193 0.333024 -0.317585
v 0.013107 0.373684 0.344215
v 0.045406 0.359474 0.311813
v 0.023907 0.362704 0.303814
v 0.027908 0.371464 0.349613
v -0.128494 0.327734 0.308914
v -0.116291 0.344804 0.356216
v -0.103191 0.351174 0.338715
v -0.145191 0.319624 0.331116
v -0.022392 0.364724 0.299915
v -0.034592 0.374194 0.344315
v -0.018791 0.375074 0.341515
v -0.045292 0.363434 0.304115
v -0.002693 0.374904 0.341415
v 0.023907 0.362704 0.303814
v 0.001007 0.364474 0.299816
v 0.013107 0.373684 0.344215
v -0.018791 0.375074 0.341515
v 0.001007 0.364474 0.299816
v -0.022392 0.364724 0.299915
v -0.002693 0.374904 0.341415
v 0.082008 0.340034 -0.366787
v 0.085308 0.329534 -0.316284
v 0.106407 0.319804 -0.333984
v 0.065407 0.347684 -0.352886
v 0.122307 0.316774 0.330215
v 0.106007 0.325234 0.308113
v 0.093906 0.342574 0.355415
v 0.081108 0.349214 0.338116
v -0.107193 0.333024 -0.317585
v -0.066391 0.355844 -0.342785
v -0.085793 0.350424 -0.353886
v -0.082493 0.339924 -0.303387
v 0.059208 0.264034 0.028713
v 0.060108 0.264254 -0.011986
v -0.073093 0.260004 0.025814
v -0.072193 0.260234 -0.014885
v -0.107292 0.334544 0.290016
v -0.103191 0.351174 0.338715
v -0.086494 0.356534 0.323914
v -0.128494 0.327734 0.308914
v -0.168793 0.284114 -0.327587
v -0.128094 0.324054 -0.335484
v -0.144493 0.313364 -0.356586
v -0.149593 0.296684 -0.302784
v 0.045906 0.353804 -0.341984
v 0.085308 0.329534 -0.316284
v 0.065407 0.347684 -0.352886
v 0.060406 0.337324 -0.302486
v -0.066391 0.355844 -0.342785
v -0.082493 0.339924 -0.303387
v -0.055092 0.344484 -0.293587
v -0.044891 0.359424 -0.335087
v 0.106007 0.325234 0.308113
v 0.085209 0.332494 0.289314
v 0.081108 0.349214 0.338116
v 0.064709 0.354924 0.323315
v 0.045906 0.353804 -0.341984
v 0.032906 0.342884 -0.292984
v 0.060406 0.337324 -0.302486
v 0.024307 0.358174 -0.334587
v -0.055092 0.344484 -0.293587
v -0.021992 0.361034 -0.330986
v -0.044891 0.359424 -0.335087
v -0.025993 0.346534 -0.288487
v 0.003708 0.345994 -0.288284
v 0.032906 0.342884 -0.292984
v 0.001308 0.360614 -0.330887
v 0.024307 0.358174 -0.334587
v -0.025993 0.346534 -0.288487
v 0.001308 0.360614 -0.330887
v -0.021992 0.361034 -0.330986
v 0.003708 0.345994 -0.288284
v 0.106407 0.319804 -0.333984
v 0.145809 0.278404 -0.325584
v 0.123108 0.308514 -0.354885
v 0.126209 0.291684 -0.301086
v -0.066994 0.360674 0.312214
v -0.082394 0.339814 0.275116
v -0.107292 0.334544 0.290016
v -0.086494 0.356534 0.323914
v 0.060608 0.338294 0.274616
v 0.045406 0.359474 0.311813
v 0.064709 0.354924 0.323315
v 0.085209 0.332494 0.289314
v -0.124992 0.307234 -0.281685
v -0.128094 0.324054 -0.335484
v -0.149593 0.296684 -0.302784
v -0.107193 0.333024 -0.317585
v -0.149391 0.296304 0.279915
v -0.169094 0.286774 0.306015
v -0.128494 0.327734 0.308914
v -0.145191 0.319624 0.331116
v 0.347107 -0.004306 0.431015
v 0.351109 0.124914 0.161816
v -0.006191 0.170024 0.165916
v -0.010494 0.031314 0.454914
v 0.362907 -0.005546 -0.405487
v 0.006508 0.029984 -0.442986
v -0.000092 0.169544 -0.154484
v 0.356808 0.124474 -0.136684
v -0.006191 0.170024 0.165916
v -0.361591 0.065904 0.136314
v -0.365292 -0.052836 0.383614
v -0.010494 0.031314 0.454914
v -0.082394 0.339814 0.275116
v -0.045292 0.363434 0.304115
v -0.054893 0.343334 0.264816
v -0.066994 0.360674 0.312214
v -0.000092 0.169544 -0.154484
v 0.006508 0.029984 -0.442986
v -0.350792 -0.053976 -0.384884
v -0.356491 0.065494 -0.137985
v 0.178905 -0.013786 -0.379684
v 0.298409 -0.000946 -0.401485
v 0.297207 -0.016786 -0.417187
v 0.177807 -0.029636 -0.395485
v 0.045406 0.359474 0.311813
v 0.033207 0.342394 0.264515
v 0.023907 0.362704 0.303814
v 0.060608 0.338294 0.274616
v 0.085308 0.329534 -0.316284
v 0.126209 0.291684 -0.301086
v 0.106407 0.319804 -0.333984
v 0.101307 0.303124 -0.280285
v -0.054893 0.343334 0.264816
v -0.022392 0.364724 0.299915
v -0.025593 0.344964 0.259514
v -0.045292 0.363434 0.304115
v 0.023907 0.362704 0.303814
v 0.004108 0.344654 0.259415
v 0.001007 0.364474 0.299816
v 0.033207 0.342394 0.264515
v -0.124992 0.307234 -0.281685
v -0.082493 0.339924 -0.303387
v -0.107193 0.333024 -0.317585
v -0.095993 0.315344 -0.265087
v 0.001007 0.364474 0.299816
v -0.025593 0.344964 0.259514
v -0.022392 0.364724 0.299915
v 0.004108 0.344654 0.259415
v -0.107292 0.334544 0.290016
v -0.124493 0.304324 0.257614
v -0.149391 0.296304 0.279915
v -0.128494 0.327734 0.308914
v 0.072109 0.312294 -0.263985
v 0.085308 0.329534 -0.316284
v 0.060406 0.337324 -0.302486
v 0.101307 0.303124 -0.280285
v 0.126308 0.293374 0.278915
v 0.101807 0.301914 0.256813
v 0.106007 0.325234 0.308113
v 0.085209 0.332494 0.289314
v -0.082493 0.339924 -0.303387
v -0.063793 0.320704 -0.253487
v -0.055092 0.344484 -0.293587
v -0.095993 0.315344 -0.265087
v 0.351109 0.124914 0.161816
v 0.356808 0.124474 -0.136684
v -0.000092 0.169544 -0.154484
v -0.006191 0.170024 0.165916
v 0.039806 0.318824 -0.252884
v 0.060406 0.337324 -0.302486
v 0.032906 0.342884 -0.292984
v 0.072109 0.312294 -0.263985
v -0.006191 0.170024 0.165916
v -0.000092 0.169544 -0.154484
v -0.356491 0.065494 -0.137985
v -0.361591 0.065904 0.136314
v -0.055092 0.344484 -0.293587
v -0.029491 0.323114 -0.247486
v -0.025993 0.346534 -0.288487
v -0.063793 0.320704 -0.253487
v -0.165794 0.262314 -0.271187
v -0.124992 0.307234 -0.281685
v -0.149593 0.296684 -0.302784
v -0.138493 0.274034 -0.247684
v -0.095192 0.310524 0.240116
v -0.107292 0.334544 0.290016
v -0.082394 0.339814 0.275116
v -0.124493 0.304324 0.257614
v -0.025993 0.346534 -0.288487
v 0.005409 0.322484 -0.247284
v 0.003708 0.345994 -0.288284
v -0.029491 0.323114 -0.247486
v 0.005409 0.322484 -0.247284
v 0.032906 0.342884 -0.292984
v 0.003708 0.345994 -0.288284
v 0.039806 0.318824 -0.252884
v 0.060608 0.338294 0.274616
v 0.085209 0.332494 0.289314
v 0.072906 0.308734 0.239513
v 0.101807 0.301914 0.256813
v 0.112907 0.269474 -0.246086
v 0.126209 0.291684 -0.301086
v 0.101307 0.303124 -0.280285
v -0.062794 0.314654 0.228016
v -0.082394 0.339814 0.275116
v -0.054893 0.343334 0.264816
v -0.095192 0.310524 0.240116
v 0.060608 0.338294 0.274616
v 0.040707 0.313554 0.227615
v 0.033207 0.342394 0.264515
v 0.072906 0.308734 0.239513
v -0.124992 0.307234 -0.281685
v -0.106293 0.283044 -0.229187
v -0.095993 0.315344 -0.265087
v -0.138493 0.274034 -0.247684
v 0.315609 0.117404 0.018116
v 0.315609 0.117404 -0.004284
v 0.193508 0.117404 0.018116
v 0.193508 0.117404 -0.004284
v -0.028492 0.316574 0.221813
v -0.054893 0.343334 0.264816
v -0.025593 0.344964 0.259514
v -0.062794 0.314654 0.228016
v 0.033207 0.342394 0.264515
v 0.006508 0.316204 0.221615
v 0.004108 0.344654 0.259415
v 0.040707 0.313554 0.227615
v 0.004108 0.344654 0.259415
v -0.028492 0.316574 0.221813
v -0.025593 0.344964 0.259514
v 0.006508 0.316204 0.221615
v 0.080509 0.279654 -0.227985
v 0.101307 0.303124 -0.280285
v 0.072109 0.312294 -0.263985
v 0.112907 0.269474 -0.246086
v -0.095993 0.315344 -0.265087
v -0.070492 0.289004 -0.216385
v -0.063793 0.320704 -0.253487
v -0.106293 0.283044 -0.229187
v 0.044506 0.286914 -0.215687
v 0.072109 0.312294 -0.263985
v 0.039806 0.318824 -0.252884
v 0.080509 0.279654 -0.227985
v -0.104893 0.273904 0.208614
v -0.124493 0.304324 0.257614
v -0.095192 0.310524 0.240116
v -0.137394 0.267024 0.228115
v -0.063793 0.320704 -0.253487
v -0.032494 0.291684 -0.209686
v -0.029491 0.323114 -0.247486
v -0.070492 0.289004 -0.216385
v -0.029491 0.323114 -0.247486
v 0.006409 0.290974 -0.209484
v 0.005409 0.322484 -0.247284
v -0.032494 0.291684 -0.209686
v 0.039806 0.318824 -0.252884
v 0.006409 0.290974 -0.209484
v 0.044506 0.286914 -0.215687
v 0.005409 0.322484 -0.247284
v 0.101807 0.301914 0.256813
v 0.081909 0.271924 0.207916
v 0.072906 0.308734 0.239513
v 0.114006 0.264344 0.227116
v -0.442593 -0.379416 0.187614
v -0.413292 -0.355076 0.188114
v -0.403492 -0.358736 -0.231884
v -0.432793 -0.383086 -0.232285
v 0.312008 -0.188476 0.035713
v 0.315208 -0.188256 -0.004887
v 0.180008 -0.192506 0.025314
v 0.183208 -0.192276 -0.015285
v -0.413292 -0.355076 0.188114
v -0.368893 -0.344376 0.189014
v -0.359192 -0.348046 -0.230885
v -0.403492 -0.358736 -0.231884
v 0.331306 -0.115576 -0.288586
v 0.178905 -0.013786 -0.379684
v 0.211807 -0.128426 -0.266884
v 0.298409 -0.000946 -0.401485
v -0.233093 -0.294196 0.228416
v -0.217693 -0.291446 -0.265785
v -0.428291 -0.300136 0.222313
v -0.412891 -0.297386 -0.271885
v 0.208908 -0.145556 0.317215
v 0.296707 -0.007006 0.439514
v 0.327408 -0.116346 0.320915
v 0.178207 -0.036216 0.435814
v -0.368893 -0.344376 0.189014
v -0.318295 -0.349466 0.190315
v -0.308594 -0.353126 -0.229687
v -0.359192 -0.348046 -0.230885
v 0.331306 -1.032736 0.439514
v 0.178905 -0.930946 0.348415
v 0.211807 -1.045586 0.461216
v 0.298409 -0.918096 0.326614
v -0.318295 -0.349466 0.190315
v -0.271492 -0.369316 0.191513
v -0.261791 -0.372976 -0.228386
v -0.308594 -0.353126 -0.229687
v -0.395191 -0.572986 0.199215
v -0.030193 -0.561916 0.207314
v -0.393894 -0.565936 0.180714
v -0.031494 -0.568976 0.225815
v 0.323608 -0.410016 0.209614
v 0.185307 -0.605996 -0.004486
v 0.191208 -0.408596 0.211914
v 0.317707 -0.607416 -0.006786
v -0.271492 -0.369316 0.191513
v -0.237793 -0.399996 0.192616
v -0.227993 -0.403666 -0.227386
v -0.261791 -0.372976 -0.228386
v 0.208908 -1.060446 -0.421787
v 0.296707 -0.921896 -0.299587
v 0.327408 -1.031236 -0.418186
v 0.178207 -0.951106 -0.303184
v 0.325108 -0.530886 -0.507187
v 0.184109 -0.530086 -0.655487
v 0.203907 -0.530096 -0.492485
v 0.305305 -0.530876 -0.670185
v 0.325108 -0.530886 0.677815
v 0.184109 -0.530086 0.529614
v 0.203907 -0.530096 0.692516
v 0.305305 -0.530876 0.514916
v -0.392494 -0.568236 0.161015
v -0.027393 -0.575416 0.170815
v -0.391094 -0.579436 0.144115
v -0.028793 -0.564216 0.187714
v -0.393894 -0.565936 0.180714
v -0.028793 -0.564216 0.187714
v -0.392494 -0.568236 0.161015
v -0.030193 -0.561916 0.207314
v 0.178905 -0.930946 0.348415
v 0.298409 -0.918096 0.326614
v 0.297207 -0.933946 0.310913
v 0.177807 -0.946796 0.332615
v 0.315609 -1.022266 0.018116
v 0.315609 -1.022266 -0.004284
v 0.193508 -1.022266 0.018116
v 0.193508 -1.022266 -0.004284
v -0.136093 -1.079296 0.233414
v 0.006706 -1.053746 0.292515
v -0.145191 -1.099306 0.187416
v -0.102692 -1.063126 0.270615
v -0.051792 -1.054016 0.291714
v 0.117508 -1.098116 0.191216
v 0.061008 -1.062386 0.272915
v 0.100609 -1.078226 0.236816
v -0.034393 -1.143676 0.086113
v 0.108307 -1.118126 0.145214
v -0.088791 -1.135036 0.105713
v -0.128292 -1.119196 0.141914
v 0.024006 -1.143406 0.086914
v 0.075008 -1.134296 0.108013
v -0.137592 -1.117606 -0.167984
v 0.001308 -1.149356 -0.102787
v -0.143791 -1.096036 -0.213684
v -0.106594 -1.135866 -0.129684
v -0.056992 -1.147196 -0.106384
v 0.118206 -1.105746 -0.197487
v 0.056808 -1.141916 -0.119587
v 0.098507 -1.126346 -0.153385
v -0.026993 -1.052426 -0.308285
v 0.111908 -1.084176 -0.243187
v -0.082493 -1.059866 -0.291584
v -0.124191 -1.075426 -0.257786
v 0.031307 -1.054586 -0.304684
v 0.080906 -1.065916 -0.281486
v 0.371609 -1.055216 -0.403686
v 0.290909 -1.185066 -0.135986
v 0.367508 -1.184436 -0.134586
v 0.294907 -1.055846 -0.405186
v 0.361908 -1.183996 0.163914
v 0.279106 -1.054606 0.431213
v 0.355709 -1.053976 0.432716
v 0.285309 -1.184626 0.162514
v 0.285309 -1.184626 0.162514
v 0.361908 -1.183996 0.163914
v 0.367508 -1.184436 -0.134586
v 0.290909 -1.185066 -0.135986
v 0.355709 -1.053976 0.432716
v 0.350307 -0.820126 0.618416
v -0.007092 -0.844386 0.656117
v -0.001293 -1.095396 0.456715
v -0.007092 -0.844386 0.656117
v -0.362392 -0.802456 0.555916
v -0.357391 -1.017326 0.385216
v -0.001293 -1.095396 0.456715
v 0.350307 -0.820126 0.618416
v 0.346607 -0.528766 0.684414
v -0.010994 -0.531636 0.726914
v -0.007092 -0.844386 0.656117
v -0.010994 -0.531636 0.726914
v -0.365791 -0.534736 0.616516
v -0.362392 -0.802456 0.555916
v -0.007092 -0.844386 0.656117
v 0.325008 -0.553256 0.677815
v 0.325108 -0.530886 0.677815
v 0.203808 -0.552476 0.692616
v 0.203907 -0.530096 0.692516
v -0.020191 0.320354 0.488014
v -0.024391 0.285274 0.512615
v -0.000992 0.285024 0.512516
v -0.004093 0.320184 0.487915
v -0.035892 0.321574 0.485214
v -0.047291 0.287044 0.508614
v -0.024391 0.285274 0.512615
v -0.020191 0.320354 0.488014
v -0.000992 0.285024 0.512516
v 0.021908 0.286314 0.508316
v -0.004093 0.320184 0.487915
v 0.011707 0.321064 0.485016
v -0.028194 0.243854 0.530216
v -0.000992 0.285024 0.512516
v -0.024391 0.285274 0.512615
v 0.001507 0.243544 0.530113
v -0.057293 0.246114 0.525116
v -0.024391 0.285274 0.512615
v -0.047291 0.287044 0.508614
v -0.028194 0.243854 0.530216
v -0.050694 0.323794 0.479713
v -0.068794 0.290274 0.500614
v -0.047291 0.287044 0.508614
v -0.035892 0.321574 0.485214
v 0.345509 -0.237606 0.617516
v -0.012192 -0.219106 0.655113
v -0.010994 -0.531636 0.726914
v 0.346607 -0.528766 0.684414
v 0.001507 0.243544 0.530113
v 0.030708 0.245174 0.524815
v -0.000992 0.285024 0.512516
v 0.021908 0.286314 0.508316
v 0.026608 0.322964 0.479515
v 0.021908 0.286314 0.508316
v 0.043606 0.289074 0.500214
v 0.011707 0.321064 0.485016
v -0.068794 0.290274 0.500614
v -0.084694 0.250214 0.515015
v -0.057293 0.246114 0.525116
v -0.047291 0.287044 0.508614
v -0.088093 0.294824 0.489113
v -0.050694 0.323794 0.479713
v -0.063992 0.326924 0.471813
v -0.068794 0.290274 0.500614
v 0.043606 0.289074 0.500214
v 0.030708 0.245174 0.524815
v 0.058308 0.248694 0.514515
v 0.021908 0.286314 0.508316
v -0.028194 0.243854 0.530216
v 0.003407 0.197314 0.539913
v 0.001507 0.243544 0.530113
v -0.031494 0.197684 0.540115
v 0.026608 0.322964 0.479515
v 0.063107 0.293214 0.488514
v 0.040108 0.325824 0.471416
v 0.043606 0.289074 0.500214
v -0.057293 0.246114 0.525116
v -0.031494 0.197684 0.540115
v -0.028194 0.243854 0.530216
v -0.065792 0.200334 0.534115
v -0.109291 0.256014 0.500214
v -0.068794 0.290274 0.500614
v -0.088093 0.294824 0.489113
v -0.084694 0.250214 0.515015
v -0.010994 -0.531636 0.726914
v -0.012192 -0.219106 0.655113
v -0.366791 -0.267206 0.555016
v -0.365791 -0.534736 0.616516
v 0.003407 0.197314 0.539913
v 0.030708 0.245174 0.524815
v 0.001507 0.243544 0.530113
v 0.037807 0.199234 0.533714
v -0.104492 0.300534 0.474316
v -0.063992 0.326924 0.471813
v -0.075294 0.330864 0.461613
v -0.088093 0.294824 0.489113
v -0.084694 0.250214 0.515015
v -0.065792 0.200334 0.534115
v -0.057293 0.246114 0.525116
v -0.097893 0.205154 0.522213
v 0.043606 0.289074 0.500214
v 0.083206 0.253964 0.499615
v 0.063107 0.293214 0.488514
v 0.058308 0.248694 0.514515
v 0.051609 0.329514 0.461216
v 0.063107 0.293214 0.488514
v 0.079807 0.298574 0.473713
v 0.040108 0.325824 0.471416
v 0.037807 0.199234 0.533714
v 0.058308 0.248694 0.514515
v 0.030708 0.245174 0.524815
v 0.070206 0.203374 0.521614
v -0.130093 0.263274 0.481514
v -0.088093 0.294824 0.489113
v -0.104492 0.300534 0.474316
v -0.109291 0.256014 0.500214
v -0.126793 0.211974 0.504913
v -0.084694 0.250214 0.515015
v -0.109291 0.256014 0.500214
v -0.097893 0.205154 0.522213
v -0.031494 0.197684 0.540115
v 0.004707 0.148114 0.541714
v 0.003407 0.197314 0.539913
v -0.034092 0.148534 0.541916
v -0.065792 0.200334 0.534115
v -0.034092 0.148534 0.541916
v -0.031494 0.197684 0.540115
v -0.072193 0.151474 0.535213
v 0.079807 0.298574 0.473713
v 0.083206 0.253964 0.499615
v 0.104408 0.260784 0.480614
v 0.063107 0.293214 0.488514
v 0.037807 0.199234 0.533714
v 0.004707 0.148114 0.541714
v 0.042908 0.150254 0.534813
v 0.003407 0.197314 0.539913
v 0.070206 0.203374 0.521614
v 0.083206 0.253964 0.499615
v 0.058308 0.248694 0.514515
v 0.099506 0.209564 0.504116
v -0.097893 0.205154 0.522213
v -0.072193 0.151474 0.535213
v -0.065792 0.200334 0.534115
v -0.107891 0.156834 0.522015
v -0.126793 0.211974 0.504913
v -0.130093 0.263274 0.481514
v -0.151394 0.220514 0.482815
v -0.109291 0.256014 0.500214
v -0.104492 0.300534 0.474316
v -0.146492 0.271734 0.459415
v -0.130093 0.263274 0.481514
v -0.117294 0.307174 0.457016
v 0.042908 0.150254 0.534813
v 0.070206 0.203374 0.521614
v 0.037807 0.199234 0.533714
v 0.078907 0.154844 0.521313
v -0.126793 0.211974 0.504913
v -0.107891 0.156834 0.522015
v -0.097893 0.205154 0.522213
v -0.140091 0.164414 0.502815
v -0.034092 0.148534 0.541916
v 0.005207 0.097844 0.535416
v 0.004707 0.148114 0.541714
v -0.035992 0.098284 0.535515
v 0.079807 0.298574 0.473713
v 0.121109 0.268884 0.458416
v 0.092907 0.304944 0.456215
v 0.104408 0.260784 0.480614
v -0.394894 -0.646916 0.205616
v -0.032192 -0.625016 0.243115
v -0.395893 -0.629036 0.216415
v -0.031193 -0.642906 0.232216
v -0.072193 0.151474 0.535213
v -0.035992 0.098284 0.535515
v -0.034092 0.148534 0.541916
v -0.076393 0.101414 0.528515
v 0.083206 0.253964 0.499615
v 0.124409 0.217584 0.481815
v 0.104408 0.260784 0.480614
v 0.099506 0.209564 0.504116
v 0.042908 0.150254 0.534813
v 0.005207 0.097844 0.535416
v 0.045807 0.100114 0.528015
v 0.004707 0.148114 0.541714
v 0.078907 0.154844 0.521313
v 0.099506 0.209564 0.504116
v 0.070206 0.203374 0.521614
v 0.111408 0.161734 0.501915
v -0.107891 0.156834 0.522015
v -0.076393 0.101414 0.528515
v -0.072193 0.151474 0.535213
v -0.114292 0.107104 0.514416
v -0.167294 0.173904 0.478214
v -0.126793 0.211974 0.504913
v -0.151394 0.220514 0.482815
v -0.140091 0.164414 0.502815
v 0.078907 0.154844 0.521313
v 0.045807 0.100114 0.528015
v 0.084007 0.104994 0.513714
v 0.042908 0.150254 0.534813
v -0.140091 0.164414 0.502815
v -0.114292 0.107104 0.514416
v -0.107891 0.156834 0.522015
v -0.148392 0.115144 0.494015
v 0.111408 0.161734 0.501915
v 0.124409 0.217584 0.481815
v 0.099506 0.209564 0.504116
v 0.139107 0.170644 0.477116
v -0.035992 0.098284 0.535515
v 0.005009 0.048434 0.521114
v 0.005207 0.097844 0.535416
v -0.036991 0.048884 0.521313
v -0.076393 0.101414 0.528515
v -0.036991 0.048884 0.521313
v -0.035992 0.098284 0.535515
v -0.078194 0.052074 0.514114
v 0.084007 0.104994 0.513714
v 0.111408 0.161734 0.501915
v 0.078907 0.154844 0.521313
v 0.118507 0.112304 0.493114
v 0.045807 0.100114 0.528015
v 0.005009 0.048434 0.521114
v 0.046406 0.050744 0.513615
v 0.005207 0.097844 0.535416
v -0.114292 0.107104 0.514416
v -0.078194 0.052074 0.514114
v -0.076393 0.101414 0.528515
v -0.116894 0.057874 0.499813
v -0.177391 0.125224 0.468014
v -0.140091 0.164414 0.502815
v -0.167294 0.173904 0.478214
v -0.148392 0.115144 0.494015
v 0.084007 0.104994 0.513714
v 0.046406 0.050744 0.513615
v 0.085308 0.055724 0.499016
v 0.045807 0.100114 0.528015
v -0.148392 0.115144 0.494015
v -0.116894 0.057874 0.499813
v -0.114292 0.107104 0.514416
v -0.151691 0.066074 0.479015
v 0.118507 0.112304 0.493114
v 0.139107 0.170644 0.477116
v 0.111408 0.161734 0.501915
v 0.147907 0.121764 0.466816
v 0.118507 0.112304 0.493114
v 0.085308 0.055724 0.499016
v 0.120506 0.063174 0.478016
v 0.084007 0.104994 0.513714
v -0.148392 0.115144 0.494015
v -0.181091 0.076344 0.452415
v -0.151691 0.066074 0.479015
v -0.177391 0.125224 0.468014
v 0.147907 0.121764 0.466816
v 0.120506 0.063174 0.478016
v 0.150509 0.072814 0.451214
v 0.118507 0.112304 0.493114
v 0.347107 -0.004306 0.431015
v -0.010494 0.031314 0.454914
v -0.012192 -0.219106 0.655113
v 0.345509 -0.237606 0.617516
v -0.012192 -0.219106 0.655113
v -0.010494 0.031314 0.454914
v -0.365292 -0.052836 0.383614
v -0.366791 -0.267206 0.555016
v -0.001392 -1.480176 -0.258385
v -0.056992 -1.147196 -0.106384
v -0.059593 -1.478016 -0.261986
v 0.001308 -1.149356 -0.102787
v 0.054207 -1.472736 -0.275085
v 0.001308 -1.149356 -0.102787
v -0.001392 -1.480176 -0.258385
v 0.056808 -1.141916 -0.119587
v -0.059593 -1.478016 -0.261986
v -0.106594 -1.135866 -0.129684
v -0.109192 -1.466686 -0.285187
v -0.056992 -1.147196 -0.106384
v 0.095909 -1.457176 -0.308884
v 0.056808 -1.141916 -0.119587
v 0.054207 -1.472736 -0.275085
v 0.098507 -1.126346 -0.153385
v -0.395893 -0.629036 0.216415
v -0.032593 -0.603986 0.245716
v -0.396294 -0.608006 0.219013
v -0.032192 -0.625016 0.243115
v -0.068893 0.244944 0.394115
v 0.069607 -0.184116 0.259815
v 0.063507 0.246564 0.394913
v -0.062794 -0.185726 0.258915
v 0.181705 -0.052036 0.451214
v 0.300209 -0.022826 0.454914
v 0.296707 -0.007006 0.439514
v 0.178207 -0.036216 0.435814
v 0.006008 0.209104 -0.148987
v -0.036091 0.209864 -0.149284
v 0.005306 0.209124 -0.146187
v 0.006607 0.209074 -0.151287
v 0.007107 0.209054 -0.153584
v -0.428291 -0.300136 0.222313
v -0.225792 -0.534586 0.227314
v -0.233093 -0.294196 0.228416
v -0.420994 -0.540526 0.221214
v -0.451092 -0.412606 0.187714
v -0.437092 -0.448046 0.188416
v -0.403294 -0.478736 0.189415
v -0.356491 -0.498586 0.190716
v -0.442593 -0.379416 0.187614
v -0.368893 -0.344376 0.189014
v -0.413292 -0.355076 0.188114
v -0.318295 -0.349466 0.190315
v -0.232292 -0.468626 0.193314
v -0.305893 -0.503666 0.191914
v -0.261593 -0.492976 0.192814
v -0.223793 -0.435446 0.193214
v -0.237793 -0.399996 0.192616
v -0.271492 -0.369316 0.191513
v 0.067707 0.253854 0.120815
v 0.068008 0.294604 0.120415
v -0.068092 0.254924 0.120316
v -0.067692 0.295674 0.119915
v -0.138493 0.274034 -0.247684
v -0.113094 0.244274 -0.197285
v -0.106293 0.283044 -0.229187
v -0.147194 0.234704 -0.216885
v 0.085308 0.240674 -0.195984
v 0.112907 0.269474 -0.246086
v 0.080509 0.279654 -0.227985
v 0.119709 0.229864 -0.215187
v -0.106293 0.283044 -0.229187
v -0.075092 0.250594 -0.183586
v -0.070492 0.289004 -0.216385
v -0.113094 0.244274 -0.197285
v -0.396294 -0.608006 0.219013
v -0.032394 -0.583986 0.239513
v -0.395992 -0.588006 0.212814
v -0.032593 -0.603986 0.245716
v 0.080509 0.279654 -0.227985
v 0.047108 0.248384 -0.182884
v 0.085308 0.240674 -0.195984
v 0.044506 0.286914 -0.215687
v -0.070492 0.289004 -0.216385
v -0.034691 0.253444 -0.176586
v -0.032494 0.291684 -0.209686
v -0.075092 0.250594 -0.183586
v -0.032494 0.291684 -0.209686
v 0.006607 0.252694 -0.176285
v 0.006409 0.290974 -0.209484
v -0.034691 0.253444 -0.176586
v 0.044506 0.286914 -0.215687
v 0.006607 0.252694 -0.176285
v 0.047108 0.248384 -0.182884
v 0.006409 0.290974 -0.209484
v -0.147194 0.234704 -0.216885
v -0.115993 0.200514 -0.170387
v -0.113094 0.244274 -0.197285
v -0.150791 0.190764 -0.190384
v 0.119709 0.229864 -0.215187
v 0.086208 0.196844 -0.169086
v 0.121307 0.185824 -0.188686
v 0.085308 0.240674 -0.195984
v -0.073093 0.260004 0.025814
v 0.073006 -0.187196 0.026516
v 0.059208 0.264034 0.028713
v -0.059292 -0.191216 0.023613
v -0.113094 0.244274 -0.197285
v -0.077293 0.206964 -0.156487
v -0.075092 0.250594 -0.183586
v -0.115993 0.200514 -0.170387
v 0.193508 -1.022266 0.018116
v 0.315609 -1.186496 0.018116
v 0.315609 -1.022266 0.018116
v 0.193508 -1.186496 0.018116
v 0.193508 0.117404 0.018116
v 0.315609 -0.046826 0.018116
v 0.315609 0.117404 0.018116
v 0.193508 -0.046826 0.018116
v 0.085308 0.240674 -0.195984
v 0.047306 0.204704 -0.155685
v 0.086208 0.196844 -0.169086
v 0.047108 0.248384 -0.182884
v 0.180008 -0.192506 0.025314
v 0.325806 -0.639696 0.034313
v 0.312008 -0.188476 0.035713
v 0.193909 -0.643726 0.023914
v -0.075092 0.250594 -0.183586
v -0.036091 0.209864 -0.149284
v -0.034691 0.253444 -0.176586
v -0.077293 0.206964 -0.156487
v 0.047108 0.248384 -0.182884
v 0.006008 0.209104 -0.148987
v 0.047306 0.204704 -0.155685
v 0.006607 0.252694 -0.176285
v -0.034691 0.253444 -0.176586
v 0.006008 0.209104 -0.148987
v 0.006607 0.252694 -0.176285
v -0.036091 0.209864 -0.149284
v 0.323708 -0.440136 0.237015
v 0.323608 -0.410016 0.209614
v 0.191406 -0.438706 0.239315
v 0.191208 -0.408596 0.211914
v -0.052292 -1.389196 0.437714
v -0.102692 -1.063126 0.270615
v -0.103294 -1.398306 0.416515
v -0.051792 -1.054016 0.291714
v 0.060509 -1.397566 0.418915
v 0.006706 -1.053746 0.292515
v 0.006107 -1.388926 0.438515
v 0.061008 -1.062386 0.272915
v 0.006107 -1.388926 0.438515
v -0.051792 -1.054016 0.291714
v -0.052292 -1.389196 0.437714
v 0.006706 -1.053746 0.292515
v -0.067493 0.250114 -0.380085
v 0.067707 -0.137406 -0.150284
v 0.065006 0.250724 -0.380684
v -0.064793 -0.138026 -0.149784
v -0.395992 -0.588006 0.212814
v -0.031494 -0.568976 0.225815
v -0.395191 -0.572986 0.199215
v -0.032394 -0.583986 0.239513
v 0.368408 -0.239396 -0.591187
v 0.362907 -0.005546 -0.405487
v 0.291706 -0.240026 -0.592587
v 0.286308 -0.006176 -0.406887
v 0.325008 -0.553256 -0.507187
v 0.325108 -0.530886 -0.507187
v 0.203808 -0.552476 -0.492485
v 0.203907 -0.530096 -0.492485
v 0.368408 -0.239396 -0.591187
v 0.295406 -0.531386 -0.658585
v 0.372009 -0.530756 -0.657085
v 0.291706 -0.240026 -0.592587
v 0.372009 -0.530756 -0.657085
v 0.296509 -0.822546 -0.591686
v 0.373207 -0.821916 -0.590187
v 0.295406 -0.531386 -0.658585
v 0.181705 -0.966926 -0.287785
v 0.300209 -0.937716 -0.284084
v 0.296707 -0.921896 -0.299587
v 0.178207 -0.951106 -0.303184
v 0.294907 -1.055846 -0.405186
v 0.371609 -1.055216 -0.403686
v 0.373207 -0.821916 -0.590187
v 0.296509 -0.822546 -0.591686
v -0.437092 -0.448046 0.188416
v -0.451092 -0.412606 0.187714
v -0.441292 -0.416266 -0.232185
v -0.427292 -0.451716 -0.231586
v -0.143593 0.249784 -0.477787
v -0.123493 0.294774 -0.461586
v -0.114391 0.285024 -0.479786
v -0.155193 0.262204 -0.454586
v -0.170494 0.230464 0.456814
v -0.130093 0.263274 0.481514
v -0.146492 0.271734 0.459415
v -0.151394 0.220514 0.482815
v -0.117294 0.307174 0.457016
v -0.157593 0.281054 0.434814
v -0.146492 0.271734 0.459415
v -0.125992 0.314504 0.437614
v -0.128193 0.305054 -0.442184
v -0.155193 0.262204 -0.454586
v -0.161091 0.275274 -0.429886
v -0.123493 0.294774 -0.461586
v -0.143593 0.249784 -0.477787
v -0.181393 0.223954 -0.442787
v -0.155193 0.262204 -0.454586
v -0.167892 0.209344 -0.470085
v -0.183594 0.241424 0.427914
v -0.146492 0.271734 0.459415
v -0.157593 0.281054 0.434814
v -0.170494 0.230464 0.456814
v -0.125992 0.314504 0.437614
v -0.163094 0.290884 0.408714
v -0.157593 0.281054 0.434814
v -0.130394 0.322224 0.417114
v -0.188591 0.184954 0.449413
v -0.151394 0.220514 0.482815
v -0.170494 0.230464 0.456814
v -0.167294 0.173904 0.478214
v -0.148293 0.196064 -0.494686
v -0.186192 0.165264 -0.457085
v -0.167892 0.209344 -0.470085
v -0.164394 0.150514 -0.484287
v -0.128292 0.315434 -0.422386
v -0.161091 0.275274 -0.429886
v -0.161293 0.288494 -0.404686
v -0.128193 0.305054 -0.442184
v -0.155193 0.262204 -0.454586
v -0.188393 0.239324 -0.413784
v -0.161091 0.275274 -0.429886
v -0.181393 0.223954 -0.442787
v -0.130394 0.322224 0.417114
v -0.162891 0.300844 0.382015
v -0.163094 0.290884 0.408714
v -0.130192 0.330044 0.396214
v -0.167892 0.209344 -0.470085
v -0.201191 0.181494 -0.426785
v -0.181393 0.223954 -0.442787
v -0.186192 0.165264 -0.457085
v -0.199993 0.136954 0.437313
v -0.167294 0.173904 0.478214
v -0.188591 0.184954 0.449413
v -0.177391 0.125224 0.468014
v -0.203194 0.197134 0.417213
v -0.170494 0.230464 0.456814
v -0.183594 0.241424 0.427914
v -0.188591 0.184954 0.449413
v -0.190193 0.252974 0.397213
v -0.157593 0.281054 0.434814
v -0.163094 0.290884 0.408714
v -0.183594 0.241424 0.427914
v -0.412891 -0.297386 -0.271885
v -0.420994 -0.540526 0.221214
v -0.428291 -0.300136 0.222313
v -0.405594 -0.537776 -0.272984
v -0.164394 0.150514 -0.484287
v -0.197792 0.119244 -0.439186
v -0.186192 0.165264 -0.457085
v -0.174694 0.103574 -0.468086
v -0.174694 0.103574 -0.468086
v -0.148994 0.043304 -0.471485
v -0.178894 0.057064 -0.446484
v -0.145393 0.090084 -0.492584
v -0.161091 0.275274 -0.429886
v -0.188591 0.254864 -0.384186
v -0.161293 0.288494 -0.404686
v -0.188393 0.239324 -0.413784
v -0.181393 0.223954 -0.442787
v -0.208992 0.198574 -0.394486
v -0.188393 0.239324 -0.413784
v -0.201191 0.181494 -0.426785
v -0.177391 0.125224 0.468014
v -0.204193 0.088304 0.421116
v -0.181091 0.076344 0.452415
v -0.199993 0.136954 0.437313
v -0.188591 0.184954 0.449413
v -0.215393 0.149884 0.403214
v -0.199993 0.136954 0.437313
v -0.203194 0.197134 0.417213
v -0.183594 0.241424 0.427914
v -0.210392 0.209974 0.383114
v -0.203194 0.197134 0.417213
v -0.190193 0.252974 0.397213
v -0.162891 0.300844 0.382015
v -0.190193 0.252974 0.397213
v -0.163094 0.290884 0.408714
v -0.189892 0.264684 0.365814
v -0.186192 0.165264 -0.457085
v -0.213791 0.136464 -0.406986
v -0.201191 0.181494 -0.426785
v -0.197792 0.119244 -0.439186
v -0.395893 -0.629036 0.216415
v -0.393494 -0.658126 0.188713
v -0.394894 -0.646916 0.205616
v -0.391994 -0.660426 0.169014
v -0.396294 -0.608006 0.219013
v -0.395191 -0.572986 0.199215
v -0.395992 -0.588006 0.212814
v -0.393894 -0.565936 0.180714
v -0.389694 -0.618346 0.130714
v -0.390793 -0.653366 0.150513
v -0.389893 -0.638346 0.136913
v -0.390091 -0.597326 0.133316
v -0.391094 -0.579436 0.144115
v -0.392494 -0.568236 0.161015
v -0.174694 0.103574 -0.468086
v -0.202393 0.073034 -0.416985
v -0.197792 0.119244 -0.439186
v -0.178894 0.057064 -0.446484
v -0.188591 0.254864 -0.384186
v -0.155693 0.301354 -0.379887
v -0.161293 0.288494 -0.404686
v -0.181992 0.269994 -0.355087
v -0.341393 -0.804096 -0.554684
v -0.346592 -1.137196 -0.135986
v -0.351791 -1.136796 0.138313
v -0.342892 -1.018466 -0.383385
v -0.362392 -0.802456 0.555916
v -0.357391 -1.017326 0.385216
v -0.345791 -0.268846 -0.555584
v -0.342392 -0.536566 -0.616184
v -0.356491 0.065494 -0.137985
v -0.350792 -0.053976 -0.384884
v -0.365292 -0.052836 0.383614
v -0.361591 0.065904 0.136314
v -0.365791 -0.534736 0.616516
v -0.366791 -0.267206 0.555016
v -0.188393 0.239324 -0.413784
v -0.209194 0.215854 -0.361584
v -0.188591 0.254864 -0.384186
v -0.208992 0.198574 -0.394486
v -0.199993 0.136954 0.437313
v -0.219994 0.101484 0.386414
v -0.204193 0.088304 0.421116
v -0.215393 0.149884 0.403214
v -0.201191 0.181494 -0.426785
v -0.222092 0.154604 -0.372684
v -0.208992 0.198574 -0.394486
v -0.213791 0.136464 -0.406986
v -0.203194 0.197134 0.417213
v -0.223091 0.163514 0.367016
v -0.215393 0.149884 0.403214
v -0.210392 0.209974 0.383114
v -0.156792 0.310544 0.355816
v -0.189892 0.264684 0.365814
v -0.162891 0.300844 0.382015
v -0.182793 0.276104 0.335014
v -0.197792 0.119244 -0.439186
v -0.218693 0.090604 -0.384186
v -0.213791 0.136464 -0.406986
v -0.202393 0.073034 -0.416985
v -0.189892 0.264684 0.365814
v -0.210392 0.209974 0.383114
v -0.190193 0.252974 0.397213
v -0.210094 0.222984 0.348316
v -0.451092 -0.412606 0.187714
v -0.442593 -0.379416 0.187614
v -0.432793 -0.383086 -0.232285
v -0.441292 -0.416266 -0.232185
v -0.181992 0.269994 -0.355087
v -0.144493 0.313364 -0.356586
v -0.155693 0.301354 -0.379887
v -0.168793 0.284114 -0.327587
v -0.181992 0.269994 -0.355087
v -0.209194 0.215854 -0.361584
v -0.201893 0.232654 -0.329186
v -0.188591 0.254864 -0.384186
v -0.128891 -1.454376 0.287815
v -0.088791 -1.135036 0.105713
v -0.089394 -1.470216 0.251614
v -0.128292 -1.119196 0.141914
v -0.208992 0.198574 -0.394486
v -0.222294 0.172934 -0.337784
v -0.209194 0.215854 -0.361584
v -0.222092 0.154604 -0.372684
v -0.215393 0.149884 0.403214
v -0.227791 0.115384 0.349415
v -0.219994 0.101484 0.386414
v -0.223091 0.163514 0.367016
v -0.213791 0.136464 -0.406986
v -0.227192 0.109084 -0.349285
v -0.222092 0.154604 -0.372684
v -0.218693 0.090604 -0.384186
v -0.145191 0.319624 0.331116
v -0.182793 0.276104 0.335014
v -0.156792 0.310544 0.355816
v -0.169094 0.286774 0.306015
v -0.210094 0.222984 0.348316
v -0.223091 0.163514 0.367016
v -0.210392 0.209974 0.383114
v -0.222794 0.177324 0.330013
v -0.182793 0.276104 0.335014
v -0.210094 0.222984 0.348316
v -0.189892 0.264684 0.365814
v -0.202194 0.235664 0.314114
v -0.109192 -1.466686 -0.285187
v -0.137592 -1.117606 -0.167984
v -0.140194 -1.448426 -0.323486
v -0.106594 -1.135866 -0.129684
v -0.201893 0.232654 -0.329186
v -0.168793 0.284114 -0.327587
v -0.181992 0.269994 -0.355087
v -0.187191 0.248344 -0.298687
v -0.201893 0.232654 -0.329186
v -0.222294 0.172934 -0.337784
v -0.214493 0.190774 -0.303387
v -0.209194 0.215854 -0.361584
v -0.222092 0.154604 -0.372684
v -0.227394 0.127784 -0.313686
v -0.222294 0.172934 -0.337784
v -0.227192 0.109084 -0.349285
v -0.222794 0.177324 0.330013
v -0.227791 0.115384 0.349415
v -0.223091 0.163514 0.367016
v -0.227493 0.129474 0.311714
v -0.169094 0.286774 0.306015
v -0.202194 0.235664 0.314114
v -0.182793 0.276104 0.335014
v -0.186993 0.247524 0.281815
v -0.202194 0.235664 0.314114
v -0.222794 0.177324 0.330013
v -0.210094 0.222984 0.348316
v -0.214394 0.190784 0.293716
v -0.187191 0.248344 -0.298687
v -0.149593 0.296684 -0.302784
v -0.168793 0.284114 -0.327587
v -0.165794 0.262314 -0.271187
v -0.145794 -1.434486 0.333416
v -0.128292 -1.119196 0.141914
v -0.128891 -1.454376 0.287815
v -0.145191 -1.099306 0.187416
v -0.187191 0.248344 -0.298687
v -0.214493 0.190774 -0.303387
v -0.198895 0.207434 -0.270985
v -0.201893 0.232654 -0.329186
v -0.214493 0.190774 -0.303387
v -0.227394 0.127784 -0.313686
v -0.219391 0.145974 -0.278584
v -0.222294 0.172934 -0.337784
v -0.149391 0.296304 0.279915
v -0.186993 0.247524 0.281815
v -0.169094 0.286774 0.306015
v -0.165092 0.258114 0.252815
v -0.214394 0.190784 0.293716
v -0.227493 0.129474 0.311714
v -0.222794 0.177324 0.330013
v -0.218891 0.143194 0.274715
v -0.186993 0.247524 0.281815
v -0.214394 0.190784 0.293716
v -0.202194 0.235664 0.314114
v -0.198292 0.203384 0.259514
v -0.198895 0.207434 -0.270985
v -0.165794 0.262314 -0.271187
v -0.187191 0.248344 -0.298687
v -0.176193 0.222264 -0.241787
v -0.140194 -1.448426 -0.323486
v -0.143791 -1.096036 -0.213684
v -0.146492 -1.426856 -0.369186
v -0.137592 -1.117606 -0.167984
v -0.198895 0.207434 -0.270985
v -0.219391 0.145974 -0.278584
v -0.203594 0.162954 -0.245586
v -0.214493 0.190774 -0.303387
v -0.137394 0.267024 0.228115
v -0.149391 0.296304 0.279915
v -0.124493 0.304324 0.257614
v -0.165092 0.258114 0.252815
v -0.198292 0.203384 0.259514
v -0.218891 0.143194 0.274715
v -0.214394 0.190784 0.293716
v -0.202492 0.156034 0.239815
v -0.165092 0.258114 0.252815
v -0.198292 0.203384 0.259514
v -0.186993 0.247524 0.281815
v -0.175091 0.214624 0.228615
v -0.176193 0.222264 -0.241787
v -0.138493 0.274034 -0.247684
v -0.165794 0.262314 -0.271187
v -0.147194 0.234704 -0.216885
v -0.176193 0.222264 -0.241787
v -0.203594 0.162954 -0.245586
v -0.180393 0.178074 -0.215786
v -0.198895 0.207434 -0.270985
v -0.145691 0.224074 0.202415
v -0.165092 0.258114 0.252815
v -0.137394 0.267024 0.228115
v -0.175091 0.214624 0.228615
v -0.175091 0.214624 0.228615
v -0.202492 0.156034 0.239815
v -0.198292 0.203384 0.259514
v -0.178791 0.167494 0.208416
v -0.136593 -1.414476 0.379315
v -0.145191 -1.099306 0.187416
v -0.145794 -1.434486 0.333416
v -0.136093 -1.079296 0.233414
v -0.147194 0.234704 -0.216885
v -0.180393 0.178074 -0.215786
v -0.150791 0.190764 -0.190384
v -0.176193 0.222264 -0.241787
v -0.067692 0.295674 0.119915
v -0.067192 0.252884 -0.108784
v -0.068092 0.254924 0.120316
v -0.066895 0.293634 -0.109184
v -0.072193 0.260234 -0.014885
v -0.059292 -0.191216 0.023613
v -0.073093 0.260004 0.025814
v -0.058491 -0.190986 -0.017086
v -0.067493 0.229304 -0.415184
v -0.064793 -0.138026 -0.149784
v -0.067493 0.250114 -0.380085
v -0.064793 -0.158836 -0.184784
v -0.068794 0.257154 0.355213
v -0.062794 -0.185726 0.258915
v -0.068893 0.244944 0.394115
v -0.062691 -0.173526 0.220116
v 0.212307 -1.076256 -0.406383
v 0.178207 -0.951106 -0.303184
v 0.208908 -1.060446 -0.421787
v 0.181705 -0.966926 -0.287785
v -0.175091 0.214624 0.228615
v -0.148792 0.177144 0.181614
v -0.178791 0.167494 0.208416
v -0.145691 0.224074 0.202415
v -0.146492 -1.426856 -0.369186
v -0.124191 -1.075426 -0.257786
v -0.126793 -1.406256 -0.413284
v -0.143791 -1.096036 -0.213684
v 0.211807 -1.045586 0.461216
v 0.177807 -0.946796 0.332615
v 0.210709 -1.061426 0.445515
v 0.178905 -0.930946 0.348415
v -0.103294 -1.398306 0.416515
v -0.136093 -1.079296 0.233414
v -0.136593 -1.414476 0.379315
v -0.102692 -1.063126 0.270615
v 0.203907 -0.530096 0.692516
v 0.183907 -0.552456 0.529614
v 0.203808 -0.552476 0.692616
v 0.184109 -0.530086 0.529614
v 0.183208 -0.192276 -0.015285
v 0.193909 -0.643726 0.023914
v 0.180008 -0.192506 0.025314
v 0.197109 -0.643496 -0.016685
v 0.212307 -0.161366 0.332615
v 0.178207 -0.036216 0.435814
v 0.208908 -0.145556 0.317215
v 0.181705 -0.052036 0.451214
v 0.191208 -0.408596 0.211914
v 0.185509 -0.636106 0.022915
v 0.191406 -0.438706 0.239315
v 0.185307 -0.605996 -0.004486
v 0.193508 -1.022266 -0.004284
v 0.193508 -1.186496 0.018116
v 0.193508 -1.022266 0.018116
v 0.193508 -1.186496 -0.004284
v 0.193508 0.117404 -0.004284
v 0.193508 -0.046826 0.018116
v 0.193508 0.117404 0.018116
v 0.193508 -0.046826 -0.004284
v 0.211807 -0.128426 -0.266884
v 0.177807 -0.029636 -0.395485
v 0.210709 -0.144276 -0.282585
v 0.178905 -0.013786 -0.379684
v 0.203907 -0.530096 -0.492485
v 0.183907 -0.552456 -0.655384
v 0.203808 -0.552476 -0.492485
v 0.184109 -0.530086 -0.655487
v 0.109207 -1.414996 -0.398685
v 0.028706 -1.385406 -0.460285
v 0.078308 -1.396736 -0.436985
v -0.029594 -1.383246 -0.463886
v 0.115509 -1.436566 -0.352985
v 0.054207 -1.472736 -0.275085
v 0.095909 -1.457176 -0.308884
v -0.001392 -1.480176 -0.258385
v -0.146492 -1.426856 -0.369186
v -0.085094 -1.390686 -0.447086
v -0.126793 -1.406256 -0.413284
v -0.140194 -1.448426 -0.323486
v -0.109192 -1.466686 -0.285187
v -0.059593 -1.478016 -0.261986
v 0.107708 -1.453306 0.291214
v 0.023506 -1.478586 0.232815
v 0.074406 -1.469476 0.254013
v -0.034992 -1.478856 0.232014
v 0.116909 -1.433296 0.337116
v 0.060509 -1.397566 0.418915
v 0.100006 -1.413406 0.382713
v 0.006107 -1.388926 0.438515
v -0.145794 -1.434486 0.333416
v -0.089394 -1.470216 0.251614
v -0.128891 -1.454376 0.287815
v -0.136593 -1.414476 0.379315
v -0.103294 -1.398306 0.416515
v -0.052292 -1.389196 0.437714
v 0.367508 -1.184436 -0.134586
v 0.361908 -1.183996 0.163914
v 0.005409 -1.234956 0.168213
v 0.011406 -1.235426 -0.152183
v 0.005409 -1.234956 0.168213
v -0.351791 -1.136796 0.138313
v -0.346592 -1.137196 -0.135986
v 0.011406 -1.235426 -0.152183
v 0.193508 -1.186496 -0.004284
v 0.315609 -1.186496 -0.004284
v 0.315609 -1.186496 0.018116
v 0.193508 -1.186496 0.018116
v 0.355709 -1.053976 0.432716
v -0.001293 -1.095396 0.456715
v 0.005409 -1.234956 0.168213
v 0.361908 -1.183996 0.163914
v 0.371609 -1.055216 -0.403686
v 0.367508 -1.184436 -0.134586
v 0.011406 -1.235426 -0.152183
v 0.015709 -1.096726 -0.441086
v 0.005409 -1.234956 0.168213
v -0.001293 -1.095396 0.456715
v -0.357391 -1.017326 0.385216
v -0.351791 -1.136796 0.138313
v 0.011406 -1.235426 -0.152183
v -0.346592 -1.137196 -0.135986
v -0.342892 -1.018466 -0.383385
v 0.015709 -1.096726 -0.441086
v 0.330109 -1.048586 0.423714
v 0.331306 -1.032736 0.439514
v 0.210709 -1.061426 0.445515
v 0.211807 -1.045586 0.461216
v -0.391994 -0.660426 0.169014
v -0.029793 -0.654106 0.215313
v -0.393494 -0.658126 0.188713
v -0.028294 -0.656406 0.195713
v -0.393494 -0.658126 0.188713
v -0.031193 -0.642906 0.232216
v -0.394894 -0.646916 0.205616
v -0.029793 -0.654106 0.215313
v 0.197109 -0.643496 -0.016685
v 0.329006 -0.639476 -0.006287
v 0.325806 -0.639696 0.034313
v 0.193909 -0.643726 0.023914
v -0.403294 -0.478736 0.189415
v -0.437092 -0.448046 0.188416
v -0.427292 -0.451716 -0.231586
v -0.393593 -0.482396 -0.230587
v -0.356491 -0.498586 0.190716
v -0.403294 -0.478736 0.189415
v -0.393593 -0.482396 -0.230587
v -0.346794 -0.502246 -0.229286
v 0.203808 -0.552476 0.692616
v 0.305107 -0.553246 0.514916
v 0.325008 -0.553256 0.677815
v 0.183907 -0.552456 0.529614
v 0.203808 -0.552476 -0.492485
v 0.305107 -0.553246 -0.670185
v 0.325008 -0.553256 -0.507187
v 0.183907 -0.552456 -0.655384
v -0.390793 -0.653366 0.150513
v -0.028294 -0.656406 0.195713
v -0.391994 -0.660426 0.169014
v -0.027092 -0.649346 0.177216
v -0.305893 -0.503666 0.191914
v -0.356491 -0.498586 0.190716
v -0.346794 -0.502246 -0.229286
v -0.296192 -0.507326 -0.228085
v -0.405594 -0.537776 -0.272984
v -0.210392 -0.531836 -0.266884
v -0.225792 -0.534586 0.227314
v -0.420994 -0.540526 0.221214
v 0.330807 -1.047046 -0.402687
v 0.181705 -0.966926 -0.287785
v 0.212307 -1.076256 -0.406383
v 0.300209 -0.937716 -0.284084
v 0.191406 -0.438706 0.239315
v 0.317806 -0.637536 0.020615
v 0.323708 -0.440136 0.237015
v 0.185509 -0.636106 0.022915
v 0.210709 -1.061426 0.445515
v 0.297207 -0.933946 0.310913
v 0.330109 -1.048586 0.423714
v 0.177807 -0.946796 0.332615
v -0.261593 -0.492976 0.192814
v -0.305893 -0.503666 0.191914
v -0.296192 -0.507326 -0.228085
v -0.251793 -0.496636 -0.227085
v 0.330807 -0.132156 0.336315
v 0.181705 -0.052036 0.451214
v 0.212307 -0.161366 0.332615
v 0.300209 -0.022826 0.454914
v 0.210709 -0.144276 -0.282585
v 0.297207 -0.016786 -0.417187
v 0.330109 -0.131426 -0.304386
v 0.177807 -0.029636 -0.395485
v -0.232292 -0.468626 0.193314
v -0.261593 -0.492976 0.192814
v -0.251793 -0.496636 -0.227085
v -0.222492 -0.472286 -0.226685
v -0.058491 -0.190986 -0.017086
v 0.073906 -0.186966 -0.014187
v 0.073006 -0.187196 0.026516
v -0.059292 -0.191216 0.023613
v -0.062691 -0.173526 0.220116
v 0.069706 -0.171906 0.220913
v 0.069607 -0.184116 0.259815
v -0.062794 -0.185726 0.258915
v 0.193508 -0.046826 -0.004284
v 0.315609 -0.046826 -0.004284
v 0.315609 -0.046826 0.018116
v 0.193508 -0.046826 0.018116
v -0.064793 -0.158836 -0.184784
v 0.067608 -0.158216 -0.185284
v 0.067707 -0.137406 -0.150284
v -0.064793 -0.138026 -0.149784
v 0.330109 -0.131426 -0.304386
v 0.331306 -0.115576 -0.288586
v 0.210709 -0.144276 -0.282585
v 0.211807 -0.128426 -0.266884
v 0.280106 0.123844 -0.138184
v 0.356808 0.124474 -0.136684
v 0.351109 0.124914 0.161816
v 0.274506 0.124284 0.160416
v 0.356808 0.124474 -0.136684
v 0.286308 -0.006176 -0.406887
v 0.362907 -0.005546 -0.405487
v 0.280106 0.123844 -0.138184
v 0.274506 0.124284 0.160416
v 0.351109 0.124914 0.161816
v 0.347107 -0.004306 0.431015
v 0.270508 -0.004946 0.429516
v -0.068092 0.254924 0.120316
v 0.068508 0.251814 -0.108284
v 0.067707 0.253854 0.120815
v -0.067192 0.252884 -0.108784
v 0.327408 -1.031236 -0.418186
v 0.330807 -1.047046 -0.402687
v 0.208908 -1.060446 -0.421787
v 0.212307 -1.076256 -0.406383
v 0.371609 -1.055216 -0.403686
v 0.015709 -1.096726 -0.441086
v 0.017506 -0.846306 -0.641285
v 0.373207 -0.821916 -0.590187
v 0.017506 -0.846306 -0.641285
v 0.015709 -1.096726 -0.441086
v -0.342892 -1.018466 -0.383385
v -0.341393 -0.804096 -0.554684
v 0.373207 -0.821916 -0.590187
v 0.017506 -0.846306 -0.641285
v 0.016209 -0.533776 -0.713085
v 0.372009 -0.530756 -0.657085
v 0.016209 -0.533776 -0.713085
v 0.017506 -0.846306 -0.641285
v -0.341393 -0.804096 -0.554684
v -0.342392 -0.536566 -0.616184
v 0.184109 -0.530086 -0.655487
v 0.305305 -0.530876 -0.670185
v 0.305107 -0.553246 -0.670185
v 0.183907 -0.552456 -0.655384
v -0.016792 0.293424 -0.512085
v 0.002708 0.255144 -0.531986
v -0.020691 0.255574 -0.532085
v -0.000694 0.293134 -0.511986
v -0.020691 0.255574 -0.532085
v -0.032593 0.295104 -0.509487
v -0.016792 0.293424 -0.512085
v -0.043594 0.258014 -0.528385
v -0.000694 0.293134 -0.511986
v 0.025608 0.256754 -0.527885
v 0.002708 0.255144 -0.531986
v 0.015106 0.294244 -0.509186
v -0.043594 0.258014 -0.528385
v -0.047493 0.298114 -0.504387
v -0.032593 0.295104 -0.509487
v -0.065292 0.262384 -0.520985
v -0.016792 0.293424 -0.512085
v -0.020794 0.325264 -0.483685
v -0.012794 0.324404 -0.484985
v -0.032593 0.295104 -0.509487
v -0.012794 0.324404 -0.484985
v -0.000694 0.293134 -0.511986
v -0.016792 0.293424 -0.512085
v -0.004593 0.324254 -0.484985
v -0.004593 0.324254 -0.484985
v 0.015106 0.294244 -0.509186
v -0.000694 0.293134 -0.511986
v 0.003407 0.324824 -0.483585
v -0.032593 0.295104 -0.509487
v -0.028393 0.326794 -0.481087
v -0.020794 0.325264 -0.483685
v -0.047493 0.298114 -0.504387
v 0.003407 0.324824 -0.483585
v 0.029907 0.296714 -0.503887
v 0.015106 0.294244 -0.509186
v 0.011009 0.326074 -0.480885
v 0.015106 0.294244 -0.509186
v 0.047108 0.260344 -0.520184
v 0.025608 0.256754 -0.527885
v 0.029907 0.296714 -0.503887
v -0.047493 0.298114 -0.504387
v -0.035294 0.328944 -0.477287
v -0.028393 0.326794 -0.481087
v -0.060894 0.302334 -0.496887
v -0.065292 0.262384 -0.520985
v -0.060894 0.302334 -0.496887
v -0.047493 0.298114 -0.504387
v -0.084793 0.268504 -0.510086
v 0.002708 0.255144 -0.531986
v -0.024292 0.212294 -0.544384
v -0.020691 0.255574 -0.532085
v 0.005409 0.211754 -0.544186
v -0.053493 0.215404 -0.539684
v -0.020691 0.255574 -0.532085
v -0.024292 0.212294 -0.544384
v -0.043594 0.258014 -0.528385
v 0.025608 0.256754 -0.527885
v 0.005409 0.211754 -0.544186
v 0.002708 0.255144 -0.531986
v 0.034508 0.213804 -0.539085
v 0.011009 0.326074 -0.480885
v 0.043209 0.300444 -0.496185
v 0.029907 0.296714 -0.503887
v 0.017807 0.327984 -0.476986
v -0.080994 0.220964 -0.530186
v -0.043594 0.258014 -0.528385
v -0.053493 0.215404 -0.539684
v -0.065292 0.262384 -0.520985
v 0.029907 0.296714 -0.503887
v 0.066406 0.265764 -0.509087
v 0.047108 0.260344 -0.520184
v 0.043209 0.300444 -0.496185
v 0.368408 -0.239396 -0.591187
v 0.372009 -0.530756 -0.657085
v 0.016209 -0.533776 -0.713085
v 0.012306 -0.221026 -0.642284
v -0.084793 0.268504 -0.510086
v -0.072392 0.307594 -0.487286
v -0.060894 0.302334 -0.496887
v -0.101391 0.276144 -0.496185
v 0.047108 0.260344 -0.520184
v 0.034508 0.213804 -0.539085
v 0.025608 0.256754 -0.527885
v 0.062008 0.218374 -0.529285
v -0.065292 0.262384 -0.520985
v -0.080994 0.220964 -0.530186
v -0.105793 0.228754 -0.516285
v -0.084793 0.268504 -0.510086
v 0.082909 0.272804 -0.494984
v 0.043209 0.300444 -0.496185
v 0.054508 0.305294 -0.486485
v 0.066406 0.265764 -0.509087
v 0.016209 -0.533776 -0.713085
v -0.342392 -0.536566 -0.616184
v -0.345791 -0.268846 -0.555584
v 0.012306 -0.221026 -0.642284
v -0.027493 0.165274 -0.548386
v -0.053493 0.215404 -0.539684
v -0.024292 0.212294 -0.544384
v -0.061893 0.168924 -0.542885
v 0.005409 0.211754 -0.544186
v -0.027493 0.165274 -0.548386
v -0.024292 0.212294 -0.544384
v 0.007408 0.164634 -0.548187
v -0.101391 0.276144 -0.496185
v -0.081394 0.313704 -0.475987
v -0.072392 0.307594 -0.487286
v -0.114391 0.285024 -0.479786
v 0.062008 0.218374 -0.529285
v 0.047108 0.260344 -0.520184
v 0.066406 0.265764 -0.509087
v 0.086609 0.225264 -0.515087
v 0.034508 0.213804 -0.539085
v 0.007408 0.164634 -0.548187
v 0.005409 0.211754 -0.544186
v 0.041706 0.167044 -0.542187
v -0.105793 0.228754 -0.516285
v -0.101391 0.276144 -0.496185
v -0.084793 0.268504 -0.510086
v -0.126991 0.238484 -0.498684
v -0.061893 0.168924 -0.542885
v -0.080994 0.220964 -0.530186
v -0.053493 0.215404 -0.539684
v -0.094193 0.175464 -0.531685
v 0.062008 0.218374 -0.529285
v 0.041706 0.167044 -0.542187
v 0.034508 0.213804 -0.539085
v 0.073906 0.172414 -0.530685
v 0.095707 0.281204 -0.478485
v 0.054508 0.305294 -0.486485
v 0.063408 0.311084 -0.475086
v 0.082909 0.272804 -0.494984
v -0.094193 0.175464 -0.531685
v -0.105793 0.228754 -0.516285
v -0.080994 0.220964 -0.530186
v -0.123394 0.184624 -0.515484
v 0.107506 0.234234 -0.497185
v 0.086609 0.225264 -0.515087
v 0.082909 0.272804 -0.494984
v 0.066406 0.265764 -0.509087
v -0.126991 0.238484 -0.498684
v -0.114391 0.285024 -0.479786
v -0.101391 0.276144 -0.496185
v -0.143593 0.249784 -0.477787
v 0.062008 0.218374 -0.529285
v 0.086609 0.225264 -0.515087
v 0.073906 0.172414 -0.530685
v 0.102909 0.180524 -0.513985
v 0.007408 0.164634 -0.548187
v -0.030193 0.116294 -0.544086
v -0.027493 0.165274 -0.548386
v 0.008606 0.115584 -0.543785
v -0.061893 0.168924 -0.542885
v -0.030193 0.116294 -0.544086
v -0.068394 0.120354 -0.537884
v -0.027493 0.165274 -0.548386
v -0.105793 0.228754 -0.516285
v -0.123394 0.184624 -0.515484
v -0.148293 0.196064 -0.494686
v -0.126991 0.238484 -0.498684
v 0.041706 0.167044 -0.542187
v 0.008606 0.115584 -0.543785
v 0.007408 0.164634 -0.548187
v 0.046707 0.118264 -0.537186
v -0.068394 0.120354 -0.537884
v -0.094193 0.175464 -0.531685
v -0.061893 0.168924 -0.542885
v -0.104294 0.127614 -0.525486
v 0.123909 0.244924 -0.476086
v 0.107506 0.234234 -0.497185
v 0.095707 0.281204 -0.478485
v 0.082909 0.272804 -0.494984
v 0.073906 0.172414 -0.530685
v 0.046707 0.118264 -0.537186
v 0.041706 0.167044 -0.542187
v 0.082508 0.124224 -0.524284
v 0.127407 0.191064 -0.492886
v 0.102909 0.180524 -0.513985
v 0.107506 0.234234 -0.497185
v 0.086609 0.225264 -0.515087
v -0.104294 0.127614 -0.525486
v -0.123394 0.184624 -0.515484
v -0.094193 0.175464 -0.531685
v -0.136791 0.137804 -0.507385
v -0.148293 0.196064 -0.494686
v -0.167892 0.209344 -0.470085
v -0.126991 0.238484 -0.498684
v -0.143593 0.249784 -0.477787
v 0.102909 0.180524 -0.513985
v 0.082508 0.124224 -0.524284
v 0.073906 0.172414 -0.530685
v 0.114708 0.133234 -0.505787
v 0.008606 0.115584 -0.543785
v -0.032291 0.067254 -0.531487
v -0.030193 0.116294 -0.544086
v 0.008907 0.066504 -0.531284
v -0.068394 0.120354 -0.537884
v -0.032291 0.067254 -0.531487
v -0.072792 0.071564 -0.524986
v -0.030193 0.116294 -0.544086
v -0.136791 0.137804 -0.507385
v -0.148293 0.196064 -0.494686
v -0.123394 0.184624 -0.515484
v -0.164394 0.150514 -0.484287
v 0.046707 0.118264 -0.537186
v 0.008907 0.066504 -0.531284
v 0.008606 0.115584 -0.543785
v 0.049309 0.069344 -0.524185
v -0.104294 0.127614 -0.525486
v -0.072792 0.071564 -0.524986
v -0.110992 0.079274 -0.511784
v -0.068394 0.120354 -0.537884
v 0.082508 0.124224 -0.524284
v 0.049309 0.069344 -0.524185
v 0.046707 0.118264 -0.537186
v 0.087406 0.075674 -0.510586
v 0.142006 0.144954 -0.482384
v 0.102909 0.180524 -0.513985
v 0.127407 0.191064 -0.492886
v 0.114708 0.133234 -0.505787
v -0.110992 0.079274 -0.511784
v -0.136791 0.137804 -0.507385
v -0.104294 0.127614 -0.525486
v -0.145393 0.090084 -0.492584
v 0.114708 0.133234 -0.505787
v 0.087406 0.075674 -0.510586
v 0.082508 0.124224 -0.524284
v 0.121506 0.085234 -0.490887
v -0.072792 0.071564 -0.524986
v -0.033691 0.020024 -0.511185
v -0.074894 0.024424 -0.504486
v -0.032291 0.067254 -0.531487
v 0.008907 0.066504 -0.531284
v -0.033691 0.020024 -0.511185
v -0.032291 0.067254 -0.531487
v 0.008408 0.019264 -0.510887
v -0.145393 0.090084 -0.492584
v -0.164394 0.150514 -0.484287
v -0.136791 0.137804 -0.507385
v -0.174694 0.103574 -0.468086
v 0.049309 0.069344 -0.524185
v 0.008408 0.019264 -0.510887
v 0.008907 0.066504 -0.531284
v 0.049606 0.022164 -0.503685
v -0.110992 0.079274 -0.511784
v -0.074894 0.024424 -0.504486
v -0.113892 0.032284 -0.491085
v -0.072792 0.071564 -0.524986
v 0.087406 0.075674 -0.510586
v 0.049606 0.022164 -0.503685
v 0.049309 0.069344 -0.524185
v 0.088306 0.028614 -0.489784
v 0.150509 0.097674 -0.465984
v 0.114708 0.133234 -0.505787
v 0.142006 0.144954 -0.482384
v 0.121506 0.085234 -0.490887
v -0.145393 0.090084 -0.492584
v -0.113892 0.032284 -0.491085
v -0.148994 0.043304 -0.471485
v -0.110992 0.079274 -0.511784
v 0.121506 0.085234 -0.490887
v 0.088306 0.028614 -0.489784
v 0.087406 0.075674 -0.510586
v 0.123207 0.038364 -0.469784
v 0.185307 -0.605996 -0.004486
v 0.317707 -0.607416 -0.006786
v 0.317806 -0.637536 0.020615
v 0.185509 -0.636106 0.022915
v 0.362907 -0.005546 -0.405487
v 0.368408 -0.239396 -0.591187
v 0.012306 -0.221026 -0.642284
v 0.006508 0.029984 -0.442986
v 0.012306 -0.221026 -0.642284
v -0.345791 -0.268846 -0.555584
v -0.350792 -0.053976 -0.384884
v 0.006508 0.029984 -0.442986
v -0.034992 -1.478856 0.232014
v 0.024006 -1.143406 0.086914
v 0.023506 -1.478586 0.232815
v -0.034393 -1.143676 0.086113
v -0.089394 -1.470216 0.251614
v -0.034393 -1.143676 0.086113
v -0.034992 -1.478856 0.232014
v -0.088791 -1.135036 0.105713
v 0.023506 -1.478586 0.232815
v 0.075008 -1.134296 0.108013
v 0.074406 -1.469476 0.254013
v 0.024006 -1.143406 0.086914
v -0.389893 -0.638346 0.136913
v -0.027092 -0.649346 0.177216
v -0.390793 -0.653366 0.150513
v -0.026192 -0.634336 0.163616
v -0.217693 -0.291446 -0.265785
v -0.405594 -0.537776 -0.272984
v -0.412891 -0.297386 -0.271885
v -0.210392 -0.531836 -0.266884
v -0.213993 -0.439106 -0.226784
v -0.222492 -0.472286 -0.226685
v -0.308594 -0.353126 -0.229687
v -0.227993 -0.403666 -0.227386
v -0.261791 -0.372976 -0.228386
v -0.432793 -0.383086 -0.232285
v -0.359192 -0.348046 -0.230885
v -0.403492 -0.358736 -0.231884
v -0.346794 -0.502246 -0.229286
v -0.441292 -0.416266 -0.232185
v -0.296192 -0.507326 -0.228085
v -0.251793 -0.496636 -0.227085
v -0.393593 -0.482396 -0.230587
v -0.427292 -0.451716 -0.231586
v 0.064907 0.229914 -0.415684
v -0.064793 -0.158836 -0.184784
v -0.067493 0.229304 -0.415184
v 0.067608 -0.158216 -0.185284
v -0.066895 0.293634 -0.109184
v 0.068806 0.292564 -0.108685
v 0.068508 0.251814 -0.108284
v -0.067192 0.252884 -0.108784
v -0.068893 0.278504 0.195114
v -0.095192 0.310524 0.240116
v -0.062794 0.314654 0.228016
v -0.104893 0.273904 0.208614
v 0.072906 0.308734 0.239513
v 0.046108 0.277284 0.194714
v 0.040707 0.313554 0.227615
v 0.081909 0.271924 0.207916
v -0.062794 0.314654 0.228016
v -0.030792 0.280634 0.188213
v -0.068893 0.278504 0.195114
v -0.028492 0.316574 0.221813
v 0.040707 0.313554 0.227615
v 0.008106 0.280224 0.188015
v 0.006508 0.316204 0.221615
v 0.046108 0.277284 0.194714
v 0.006508 0.316204 0.221615
v -0.030792 0.280634 0.188213
v -0.028492 0.316574 0.221813
v 0.008106 0.280224 0.188015
v -0.111191 0.231384 0.181713
v -0.137394 0.267024 0.228115
v -0.104893 0.273904 0.208614
v -0.145691 0.224074 0.202415
v 0.114006 0.264344 0.227116
v 0.087208 0.229274 0.181015
v 0.081909 0.271924 0.207916
v 0.121307 0.221234 0.201416
v -0.104893 0.273904 0.208614
v -0.072891 0.236264 0.167416
v -0.111191 0.231384 0.181713
v -0.068893 0.278504 0.195114
v 0.081909 0.271924 0.207916
v 0.049206 0.234964 0.167015
v 0.046108 0.277284 0.194714
v 0.087208 0.229274 0.181015
v 0.315208 -0.188256 -0.004887
v 0.197109 -0.643496 -0.016685
v 0.183208 -0.192276 -0.015285
v 0.329006 -0.639476 -0.006287
v -0.068893 0.278504 0.195114
v -0.032394 0.238534 0.160114
v -0.072891 0.236264 0.167416
v -0.030792 0.280634 0.188213
v 0.046108 0.277284 0.194714
v 0.008808 0.238094 0.159916
v 0.008106 0.280224 0.188015
v 0.049206 0.234964 0.167015
v -0.389694 -0.618346 0.130714
v -0.026192 -0.634336 0.163616
v -0.389893 -0.638346 0.136913
v -0.025993 -0.614326 0.157414
v -0.145691 0.224074 0.202415
v -0.113693 0.184594 0.160515
v -0.148792 0.177144 0.181614
v -0.111191 0.231384 0.181713
v 0.008106 0.280224 0.188015
v -0.032394 0.238534 0.160114
v -0.030792 0.280634 0.188213
v 0.008808 0.238094 0.159916
v 0.060108 0.264254 -0.011986
v -0.058491 -0.190986 -0.017086
v -0.072193 0.260234 -0.014885
v 0.073906 -0.186966 -0.014187
v 0.121307 0.221234 0.201416
v 0.088608 0.182444 0.159813
v 0.087208 0.229274 0.181015
v 0.123409 0.174244 0.180614
v 0.315609 -1.022266 -0.004284
v 0.193508 -1.186496 -0.004284
v 0.193508 -1.022266 -0.004284
v 0.315609 -1.186496 -0.004284
v 0.315609 0.117404 -0.004284
v 0.193508 -0.046826 -0.004284
v 0.193508 0.117404 -0.004284
v 0.315609 -0.046826 -0.004284
v -0.111191 0.231384 0.181713
v -0.074692 0.189564 0.146015
v -0.113693 0.184594 0.160515
v -0.072891 0.236264 0.167416
v 0.087208 0.229274 0.181015
v 0.049908 0.188244 0.145515
v 0.049206 0.234964 0.167015
v 0.088608 0.182444 0.159813
v -0.072891 0.236264 0.167416
v -0.033394 0.191874 0.138515
v -0.074692 0.189564 0.146015
v -0.032394 0.238534 0.160114
v 0.049206 0.234964 0.167015
v 0.008709 0.191434 0.138313
v 0.008808 0.238094 0.159916
v 0.049908 0.188244 0.145515
v 0.008808 0.238094 0.159916
v -0.033394 0.191874 0.138515
v -0.032394 0.238534 0.160114
v 0.008709 0.191434 0.138313
v -0.126793 -1.406256 -0.413284
v -0.082493 -1.059866 -0.291584
v -0.085094 -1.390686 -0.447086
v -0.124191 -1.075426 -0.257786
v 0.327408 -0.116346 0.320915
v 0.330807 -0.132156 0.336315
v 0.208908 -0.145556 0.317215
v 0.212307 -0.161366 0.332615
v 0.028706 -1.385406 -0.460285
v 0.080906 -1.065916 -0.281486
v 0.078308 -1.396736 -0.436985
v 0.031307 -1.054586 -0.304684
v -0.085094 -1.390686 -0.447086
v -0.026993 -1.052426 -0.308285
v -0.029594 -1.383246 -0.463886
v -0.082493 -1.059866 -0.291584
v -0.029594 -1.383246 -0.463886
v 0.031307 -1.054586 -0.304684
v 0.028706 -1.385406 -0.460285
v -0.026993 -1.052426 -0.308285
v -0.390091 -0.597326 0.133316
v -0.025993 -0.614326 0.157414
v -0.389694 -0.618346 0.130714
v -0.026394 -0.593306 0.160015
v 0.063606 0.258764 0.356113
v -0.062691 -0.173526 0.220116
v -0.068794 0.257154 0.355213
v 0.069706 -0.171906 0.220913
v 0.347107 -0.004306 0.431015
v 0.345509 -0.237606 0.617516
v 0.270508 -0.004946 0.429516
v 0.268906 -0.238236 0.616016
v -0.391094 -0.579436 0.144115
v -0.026394 -0.593306 0.160015
v -0.390091 -0.597326 0.133316
v -0.027393 -0.575416 0.170815
v 0.345509 -0.237606 0.617516
v 0.346607 -0.528766 0.684414
v 0.270008 -0.529396 0.682915
v 0.268906 -0.238236 0.616016
v 0.184109 -0.530086 0.529614
v 0.305305 -0.530876 0.514916
v 0.305107 -0.553246 0.514916
v 0.183907 -0.552456 0.529614
v 0.346607 -0.528766 0.684414
v 0.350307 -0.820126 0.618416
v 0.273708 -0.820756 0.617016
v 0.270008 -0.529396 0.682915
v 0.350307 -0.820126 0.618416
v 0.355709 -1.053976 0.432716
v 0.273708 -0.820756 0.617016
v 0.279106 -1.054606 0.431213
vn 0.6692 0.4803 -0.5669
vn 0.6693 0.4803 -0.5669
vn 0.6603 0.5503 0.5110
vn 0.6604 0.5503 0.5110
vn 0.6924 0.3383 0.6373
vn 0.6959 0.2530 -0.6721
vn 0.6959 0.2531 -0.6721
vn 0.7091 0.5436 -0.4491
vn 0.7015 0.5990 0.3862
vn 0.7768 0.3217 -0.5414
vn 0.7700 0.3928 0.5028
vn 0.7700 0.3929 0.5028
vn 0.7566 0.1734 0.6305
vn 0.7641 0.0945 -0.6381
vn 0.7240 0.6138 -0.3149
vn 0.7240 0.6138 -0.3148
vn 0.7241 0.6137 -0.3146
vn 0.7188 0.6477 0.2527
vn 0.7188 0.6477 0.2528
vn 0.8268 0.4016 -0.3937
vn 0.8268 0.4016 -0.3938
vn 0.8269 0.4016 -0.3937
vn 0.8199 0.4494 0.3548
vn 0.8199 0.4493 0.3548
vn 0.8456 0.2292 0.4821
vn 0.8456 0.2293 0.4820
vn 0.7951 0.0158 0.6062
vn 0.7952 0.0157 0.6062
vn 0.7952 0.0158 0.6061
vn 0.8507 0.1733 -0.4962
vn 0.8507 0.1733 -0.4963
vn 0.8041 -0.0631 -0.5912
vn 0.8040 -0.0631 -0.5912
vn 0.8040 -0.0630 -0.5912
vn 0.7099 0.6783 -0.1893
vn 0.7099 0.6784 -0.1893
vn 0.9930 -0.0079 -0.1182
vn 0.9930 -0.0079 -0.1183
vn 0.6915 -0.2750 -0.6680
vn 0.6915 -0.2751 -0.6679
vn 0.7067 0.6989 0.1099
vn 0.8425 0.4803 -0.2441
vn 0.9780 0.1025 -0.1814
vn 0.8122 -0.1340 0.5678
vn 0.8122 -0.1341 0.5677
vn 0.8358 0.5125 0.1971
vn 0.8901 0.0788 0.4490
vn 0.8901 0.0788 0.4489
vn 0.9022 0.2928 0.3166
vn 0.9064 0.2522 -0.3389
vn 0.8974 0.0157 -0.4408
vn 0.8974 0.0158 -0.4408
vn 0.8192 -0.2048 -0.5356
vn 0.8192 -0.2048 -0.5357
vn 0.8247 0.5576 -0.0943
vn 0.9998 -0.0079 -0.0158
vn 0.9126 -0.0787 0.4012
vn 0.8216 0.5687 0.0395
vn 0.8215 0.5688 0.0395
vn 1.0000 -0.0000 -0.0000
vn 0.9243 0.3397 -0.1739
vn 0.9243 0.3397 -0.1738
vn 0.9243 0.3397 -0.1737
vn 0.9243 0.3398 -0.1737
vn 0.9510 0.1415 0.2751
vn 0.9509 0.1415 0.2751
vn 0.9213 0.3622 0.1417
vn 0.9213 0.3622 0.1418
vn 0.9964 0.0314 0.0785
vn 0.9964 0.0313 0.0785
vn 0.9547 0.1105 -0.2762
vn 0.9710 0.2369 0.0316
vn 0.9710 0.2368 0.0316
vn 0.9710 0.2369 0.0315
vn 0.9179 -0.1255 -0.3766
vn 0.9178 -0.1255 -0.3766
vn 0.9178 -0.1256 -0.3766
vn 0.7738 0.6316 0.0474
vn 0.7738 0.6317 0.0474
vn 0.9998 0.0079 0.0158
vn 0.9998 0.0079 0.0157
vn 0.7738 0.6238 -0.1106
vn 0.7723 -0.2522 -0.5831
vn 0.9051 0.4250 -0.0079
vn 0.9051 0.4252 -0.0078
vn 0.9051 0.4251 -0.0078
vn 0.9754 -0.0078 0.2202
vn 0.9754 -0.0079 0.2203
vn 0.9754 -0.0079 0.2202
vn 0.9047 0.4248 -0.0315
vn 0.9047 0.4249 -0.0315
vn 0.9735 0.2120 0.0864
vn 0.9735 0.2120 0.0863
vn 0.9759 0.1968 -0.0945
vn 0.9780 -0.0394 -0.2051
vn 0.9780 -0.0394 -0.2050
vn 0.6922 0.6764 -0.2517
vn 0.8506 0.5040 0.1496
vn 0.8506 0.5041 0.1496
vn 0.8506 0.5041 0.1497
vn 0.9267 -0.1649 0.3377
vn 0.9975 0.0628 0.0314
vn 0.9975 0.0629 0.0314
vn 0.9533 0.2915 0.0788
vn 0.8503 0.4881 -0.1968
vn 0.9982 0.0551 -0.0236
vn 0.9982 0.0549 -0.0236
vn 0.9982 0.0550 -0.0236
vn 0.9542 0.2839 -0.0946
vn 0.9542 0.2839 -0.0947
vn 0.7608 0.5804 0.2903
vn 0.7608 0.5804 0.2902
vn 0.7622 0.5422 -0.3536
vn 0.8940 0.3764 0.2431
vn 0.8940 0.3764 0.2432
vn 0.8940 0.3764 0.2429
vn 0.9761 0.1496 0.1574
vn 0.9761 0.1497 0.1574
vn 0.9783 0.1341 -0.1578
vn 0.9783 0.1342 -0.1578
vn 0.8969 0.3461 -0.2754
vn 0.8969 0.3462 -0.2753
vn 0.6431 0.6431 0.4157
vn 0.9837 -0.0709 -0.1653
vn 0.9837 -0.0708 -0.1653
vn 0.6444 0.5894 -0.4872
vn 0.7997 0.4548 0.3920
vn 0.9143 0.2444 0.3231
vn 0.9143 0.2443 0.3232
vn 0.8030 0.4094 -0.4330
vn 0.8031 0.4094 -0.4330
vn 0.9188 0.2042 -0.3377
vn 0.6776 0.5200 0.5200
vn 0.9919 0.0472 -0.1181
vn 0.8168 0.3219 0.4788
vn 0.8168 0.3219 0.4789
vn 0.8166 0.3219 0.4790
vn 0.8167 0.3217 0.4791
vn 0.6781 0.4574 -0.5753
vn 0.6780 0.4573 -0.5755
vn 0.6779 0.4572 -0.5757
vn 0.6780 0.4572 -0.5756
vn 0.8222 0.2609 -0.5059
vn 0.8222 0.2609 -0.5060
vn 0.9992 0.0315 0.0236
vn 0.9992 0.0314 0.0236
vn 0.9998 0.0157 0.0079
vn 0.9998 0.0158 0.0079
vn 1.0000 0.0079 -0.0000
vn 1.0000 -0.0079 -0.0000
vn 0.6920 0.3932 0.6055
vn 0.6942 0.3156 -0.6469
vn 0.6942 0.3155 -0.6469
vn 0.9479 0.1264 0.2924
vn 0.9479 0.1264 0.2923
vn 0.9975 0.0078 0.0707
vn 0.9975 0.0079 0.0707
vn 0.8094 0.2436 -0.5344
vn 0.7088 0.2835 0.6459
vn 0.7089 0.2835 0.6459
vn 0.9694 -0.2443 0.0236
vn 0.9990 0.0314 0.0315
vn 0.9990 0.0315 0.0315
vn 0.9289 0.3700 0.0157
vn 0.9289 0.3700 0.0158
vn 0.0078 0.7452 0.6668
vn 0.0079 0.7452 0.6668
vn -0.0551 0.7480 0.6614
vn -0.0552 0.7480 0.6614
vn 0.0786 0.7468 0.6604
vn 0.0787 0.7469 0.6603
vn -0.1264 0.7582 0.6397
vn -0.2294 0.7115 -0.6642
vn -0.2294 0.7116 -0.6641
vn -0.2293 0.7116 -0.6642
vn -0.2293 0.7115 -0.6642
vn 0.1418 0.7566 0.6383
vn 0.1419 0.7565 0.6384
vn 0.1419 0.7566 0.6384
vn -0.1815 0.7733 0.6076
vn 0.2677 0.7007 -0.6613
vn 0.2045 0.7628 0.6134
vn -0.2754 0.7398 -0.6139
vn -0.2755 0.7398 -0.6139
vn -0.0079 0.8222 -0.5692
vn 0.0157 0.8184 -0.5744
vn -0.0236 0.8245 -0.5654
vn 0.0395 0.8216 -0.5688
vn 0.0630 0.8268 -0.5590
vn -0.0472 0.8335 -0.5505
vn -0.2365 0.7885 0.5678
vn -0.2366 0.7885 0.5677
vn 0.0868 0.8289 -0.5526
vn -0.0627 0.8388 -0.5409
vn 0.1027 0.8372 -0.5371
vn 0.3074 0.7330 -0.6069
vn 0.2603 0.7809 0.5679
vn -0.0784 0.8471 -0.5256
vn -0.3067 0.7708 -0.5584
vn 0.1180 0.8451 -0.5214
vn -0.0945 0.8585 -0.5041
vn -0.2823 0.8077 0.5176
vn 0.1333 0.8546 -0.5018
vn -0.1024 0.8666 -0.4884
vn 0.0079 0.8847 0.4661
vn -0.0157 0.8863 0.4628
vn -0.4468 0.6742 0.5880
vn -0.4469 0.6742 0.5880
vn 0.0316 0.8843 0.4658
vn -0.0315 0.8892 0.4564
vn 0.3403 0.7598 -0.5540
vn 0.2985 0.8013 0.5185
vn 0.0550 0.8883 0.4559
vn 0.1340 0.8667 -0.4806
vn -0.0548 0.8931 0.4465
vn -0.1022 0.8801 -0.4636
vn 0.0788 0.8901 0.4489
vn -0.3223 0.8019 -0.5031
vn -0.3224 0.8018 -0.5031
vn -0.0709 0.8984 0.4334
vn -0.4872 0.6444 -0.5894
vn 0.1423 0.8773 -0.4584
vn 0.0944 0.8966 0.4326
vn -0.1026 0.8913 -0.4417
vn -0.3143 0.8328 0.4557
vn -0.3142 0.8328 0.4557
vn -0.0868 0.9077 0.4105
vn 0.4641 0.6608 0.5899
vn 0.4641 0.6607 0.5899
vn 0.1336 0.8880 -0.4400
vn 0.1103 0.9056 0.4095
vn -0.0944 0.9041 -0.4167
vn 0.3605 0.7914 -0.4937
vn 0.3604 0.7915 -0.4936
vn 0.3605 0.7915 -0.4936
vn 0.3605 0.7914 -0.4936
vn -0.1024 0.9135 0.3938
vn 0.3305 0.8262 0.4563
vn 0.3305 0.8262 0.4564
vn 0.1340 0.8986 -0.4178
vn 0.1257 0.9110 0.3927
vn -0.0787 0.9126 -0.4012
vn -0.3306 0.8345 -0.4409
vn -0.3307 0.8345 -0.4408
vn -0.3306 0.8345 -0.4408
vn -0.1104 0.9223 0.3705
vn 0.5205 0.6307 -0.5756
vn 0.5204 0.6308 -0.5756
vn 0.1179 0.9119 -0.3930
vn -0.4975 0.7107 0.4975
vn -0.0630 0.9205 -0.3855
vn 0.1259 0.9205 0.3698
vn 0.1023 0.9203 -0.3776
vn -0.3306 0.8578 0.3935
vn -0.3305 0.8578 0.3935
vn -0.0472 0.9280 -0.3696
vn -0.1105 0.9312 0.3473
vn -0.5207 0.6942 -0.4970
vn -0.5206 0.6942 -0.4970
vn 0.0863 0.9256 -0.3686
vn -0.0235 0.9325 -0.3605
vn 0.1338 0.9286 0.3462
vn -0.0079 0.9353 -0.3537
vn 0.3686 0.8235 -0.4314
vn 0.3686 0.8235 -0.4313
vn 0.0632 0.9325 -0.3556
vn 0.0158 0.9378 -0.3468
vn 0.0157 0.9378 -0.3468
vn 0.0393 0.9346 -0.3534
vn -0.1106 0.9397 0.3237
vn 0.3537 0.8488 0.3930
vn 0.3537 0.8489 0.3929
vn 0.5149 0.6971 0.4990
vn 0.5149 0.6970 0.4990
vn -0.3233 0.8673 -0.3784
vn -0.3233 0.8673 -0.3785
vn 0.1261 0.9379 0.3232
vn -0.1027 0.9483 0.3003
vn 0.1261 0.9457 0.2995
vn -0.3392 0.8834 0.3234
vn -0.0868 0.9549 0.2841
vn 0.5531 0.6795 -0.4820
vn 0.3613 0.8562 -0.3692
vn 0.3612 0.8564 -0.3689
vn 0.1102 0.9526 0.2834
vn -0.5294 0.7507 0.3951
vn -0.5295 0.7507 0.3951
vn -0.0710 0.9629 0.2605
vn -0.3072 0.8980 -0.3151
vn 0.3614 0.8721 0.3300
vn 0.3614 0.8721 0.3299
vn 0.0943 0.9590 0.2672
vn -0.5351 0.7476 -0.3935
vn -0.5350 0.7476 -0.3935
vn -0.0550 0.9663 0.2514
vn 0.0785 0.9648 0.2510
vn -0.0316 0.9710 0.2368
vn 0.0552 0.9700 0.2366
vn -0.0157 0.9736 0.2277
vn 0.0079 0.9737 0.2277
vn 0.0316 0.9728 0.2294
vn 0.5508 0.7318 0.4013
vn 0.3385 0.8895 -0.3070
vn 0.3384 0.8895 -0.3070
vn -0.3312 0.9069 0.2602
vn -0.3312 0.9069 0.2603
vn -0.3313 0.9069 0.2602
vn -0.2747 0.9260 -0.2590
vn -0.2746 0.9260 -0.2590
vn 0.3545 0.8982 0.2600
vn 0.5667 0.7321 -0.3779
vn 0.5668 0.7321 -0.3779
vn 0.3061 0.9183 -0.2511
vn 0.3061 0.9183 -0.2512
vn 0.2918 0.9226 -0.2523
vn 0.2917 0.9226 -0.2523
vn -0.5433 0.7874 0.2913
vn -0.5185 0.8013 -0.2985
vn -0.2278 0.9503 -0.2120
vn -0.2278 0.9503 -0.2121
vn -0.3147 0.9286 0.1967
vn -0.3148 0.9286 0.1967
vn 0.3312 0.9227 0.1972
vn 0.2669 0.9419 -0.2041
vn 0.5611 0.7744 0.2924
vn 0.5610 0.7744 0.2924
vn -0.1736 0.9708 -0.1657
vn 0.5535 0.7827 -0.2846
vn 0.5534 0.7827 -0.2846
vn -0.2826 0.9499 0.1335
vn -0.1180 0.9839 -0.1338
vn -0.1181 0.9839 -0.1338
vn -0.4881 0.8503 -0.1968
vn -0.4882 0.8503 -0.1968
vn 0.2989 0.9437 0.1415
vn 0.2989 0.9437 0.1416
vn 0.0393 0.9913 -0.1259
vn 0.0394 0.9913 -0.1259
vn -0.5290 0.8290 0.1816
vn -0.5290 0.8290 0.1817
vn -0.0472 0.9919 -0.1181
vn -0.0473 0.9919 -0.1181
vn -0.0079 0.8589 -0.5122
vn -0.0079 0.8589 -0.5121
vn -0.0079 0.8588 -0.5122
vn 0.0158 0.9938 -0.1104
vn 0.0159 0.9938 -0.1104
vn 0.0864 0.9893 -0.1177
vn -0.2361 0.9679 0.0865
vn -0.2360 0.9679 0.0865
vn 0.5519 0.8121 0.1892
vn 0.5519 0.8122 0.1892
vn 0.2601 0.9617 0.0867
vn 0.5191 0.8336 -0.1887
vn -0.1808 0.9827 0.0393
vn -0.4413 0.8905 -0.1103
vn 0.2050 0.9776 0.0473
vn -0.6842 0.7000 -0.2045
vn -0.6843 0.7000 -0.2045
vn -0.4951 0.8645 0.0865
vn -0.4951 0.8645 0.0864
vn -0.1260 0.9920 0.0079
vn -0.1259 0.9920 0.0079
vn 0.1414 0.9898 0.0157
vn -0.0550 0.9985 -0.0079
vn 0.0785 0.9969 -0.0079
vn 0.0783 0.9969 -0.0077
vn 0.0787 0.9969 -0.0080
vn 0.0786 0.9969 -0.0076
vn 0.0079 0.9998 -0.0157
vn 0.4734 0.8758 -0.0947
vn 0.5195 0.8501 0.0866
vn -0.3698 0.9286 -0.0315
vn -0.3698 0.9286 -0.0316
vn -0.6868 0.7184 0.1105
vn -0.4472 0.8944 -0.0078
vn -0.4472 0.8944 -0.0079
vn -0.0158 0.9539 0.2996
vn -0.6386 0.7647 -0.0867
vn 0.4024 0.9152 -0.0236
vn 0.4024 0.9152 -0.0233
vn 0.4024 0.9151 -0.0236
vn -0.2829 0.9586 0.0314
vn 0.4661 0.8847 -0.0079
vn 0.4660 0.8847 -0.0079
vn -0.1895 0.9787 0.0789
vn 0.3766 0.9258 0.0314
vn -0.3781 0.9217 -0.0867
vn -0.3781 0.9217 -0.0866
vn 0.6694 0.7402 -0.0630
vn 0.6693 0.7403 -0.0630
vn -0.0864 0.9902 0.1100
vn -0.6454 0.7635 -0.0235
vn -0.6454 0.7635 -0.0236
vn -0.6454 0.7635 -0.0234
vn 0.3944 0.9148 -0.0867
vn 0.3943 0.9149 -0.0868
vn -0.5742 0.8181 0.0314
vn -0.5742 0.8181 0.0315
vn 0.1262 0.9858 0.1104
vn 0.0158 0.9929 0.1182
vn 0.1809 0.9754 0.1258
vn 0.1809 0.9754 0.1259
vn -0.2910 0.9437 -0.1573
vn -0.2910 0.9437 -0.1572
vn 0.6623 0.7490 -0.0158
vn 0.6623 0.7491 -0.0158
vn 0.3150 0.9372 -0.1496
vn 0.6006 0.7982 0.0474
vn 0.6005 0.7982 0.0474
vn 0.0079 0.9999 -0.0078
vn -0.1966 0.9590 -0.2043
vn -0.1965 0.9590 -0.2044
vn -0.4806 0.8667 0.1339
vn -0.4806 0.8666 0.1339
vn 0.2207 0.9536 -0.2049
vn -0.5761 0.8049 -0.1420
vn -0.5761 0.8050 -0.1421
vn -0.0944 0.9672 -0.2359
vn 0.1179 0.9665 -0.2279
vn 0.1179 0.9665 -0.2278
vn 0.0079 0.9697 -0.2444
vn 0.0079 0.9696 -0.2444
vn 0.0079 0.9697 -0.2443
vn 0.5105 0.8482 0.1414
vn 0.5996 0.7890 -0.1341
vn -0.3764 0.9019 0.2118
vn -0.3765 0.9019 0.2118
vn -0.0315 0.9995 0.0079
vn -0.4895 0.8369 -0.2448
vn -0.6783 0.7177 0.1577
vn -0.6782 0.7177 0.1577
vn 0.4013 0.8891 0.2203
vn -0.2516 0.9279 0.2752
vn 0.5047 0.8280 -0.2445
vn 0.5047 0.8280 -0.2444
vn 0.2828 0.9190 0.2749
vn -0.1181 0.9444 0.3069
vn -0.1180 0.9444 0.3069
vn 0.1497 0.9372 0.3150
vn 0.1496 0.9372 0.3151
vn 0.1496 0.9372 0.3150
vn 0.0157 0.9462 0.3233
vn 0.0158 0.9462 0.3232
vn 0.0158 0.9462 0.3233
vn 0.6953 0.6953 0.1817
vn -0.3775 0.8651 -0.3303
vn 0.3945 0.8600 -0.3235
vn 0.3945 0.8601 -0.3235
vn -0.5690 0.7744 0.2766
vn -0.5690 0.7745 0.2766
vn -0.6751 0.6908 -0.2590
vn 0.1177 0.8944 0.4315
vn 0.1345 0.8941 -0.4273
vn -0.2909 0.8650 0.4089
vn -0.2910 0.8650 0.4089
vn -0.2606 0.8845 -0.3870
vn -0.2746 0.8632 -0.4237
vn -0.1970 0.7011 -0.6853
vn -0.1969 0.7011 -0.6853
vn -0.1970 0.7011 -0.6854
vn 0.2752 0.8808 -0.3853
vn 0.2752 0.8807 -0.3854
vn 0.5891 0.7540 0.2906
vn 0.5892 0.7539 0.2905
vn 0.5890 0.7541 0.2906
vn -0.1258 0.8965 -0.4247
vn -0.1259 0.8965 -0.4247
vn -0.1258 0.8966 -0.4247
vn 0.1422 0.8931 -0.4268
vn 0.1423 0.8931 -0.4268
vn -0.4405 0.8182 0.3695
vn -0.4405 0.8181 0.3697
vn -0.4405 0.8181 0.3696
vn -0.4404 0.8181 0.3697
vn 0.0079 0.8975 -0.4409
vn 0.0079 0.8975 -0.4408
vn -0.5721 0.7288 -0.3762
vn 0.4637 0.8017 0.3773
vn 0.4637 0.8017 0.3772
vn 0.4637 0.8016 0.3773
vn 0.5891 0.7148 -0.3770
vn 0.5891 0.7147 -0.3770
vn -0.2982 0.8474 0.4393
vn -0.2982 0.8474 0.4394
vn -0.2981 0.8474 0.4393
vn 0.1260 0.9920 -0.0000
vn 0.3225 0.8337 0.4483
vn -0.2830 0.9591 -0.0079
vn -0.1416 0.8657 0.4801
vn -0.1417 0.8657 0.4801
vn -0.6281 0.6673 0.4004
vn -0.6281 0.6672 0.4004
vn -0.6280 0.6673 0.4004
vn -0.4470 0.7607 -0.4706
vn 0.0158 0.8676 0.4969
vn 0.1728 0.8562 0.4870
vn 0.1728 0.8561 0.4870
vn 0.4587 0.7513 -0.4745
vn 0.6430 0.6433 0.4156
vn -0.3075 0.7806 -0.5441
vn -0.3075 0.7807 -0.5441
vn 0.3146 0.7787 -0.5428
vn 0.3147 0.7787 -0.5428
vn -0.4868 0.7145 0.5025
vn -0.0000 1.0000 -0.0000
vn -0.1493 0.7939 -0.5895
vn -0.1494 0.7939 -0.5895
vn -0.1493 0.7938 -0.5895
vn 0.1647 0.7919 -0.5881
vn 0.1646 0.7919 -0.5880
vn 0.0079 0.7990 -0.6012
vn 0.0079 0.7990 -0.6013
vn 0.5049 0.6944 0.5128
vn 0.5049 0.6943 0.5128
vn -0.3308 0.7483 0.5750
vn -0.3309 0.7483 0.5750
vn 0.3472 0.7338 0.5839
vn -0.4897 0.6397 -0.5924
vn -0.4896 0.6397 -0.5925
vn -0.1656 0.7647 0.6228
vn 0.0078 0.7708 0.6370
vn 0.0079 0.7708 0.6371
vn 0.1810 0.7555 0.6296
vn 0.5041 0.6301 -0.5907
vn 0.5040 0.6301 -0.5907
vn -0.6369 0.7706 -0.0236
vn -0.0315 0.9995 -0.0000
vn -0.2369 0.9714 -0.0158
vn -0.2370 0.9714 -0.0158
vn 0.0552 0.7100 0.7021
vn -0.0315 0.9995 0.0078
vn -0.1493 0.7070 -0.6913
vn -0.1492 0.7070 -0.6913
vn 0.1026 0.9947 -0.0079
vn 0.0552 0.7099 0.7021
vn 0.3930 0.9196 -0.0000
vn 0.3930 0.9195 -0.0000
vn -0.0393 0.9346 0.3534
vn -0.0392 0.9346 0.3534
vn -0.0000 0.7378 -0.6750
vn 0.6707 0.7417 0.0079
vn 0.0078 1.0000 -0.0000
vn 0.0314 0.8341 -0.5507
vn 0.0312 0.8343 -0.5504
vn -0.0000 0.9930 -0.1182
vn -0.0000 0.9154 -0.4025
vn -0.0000 0.9154 -0.4024
vn 0.0079 0.9052 0.4250
vn 0.0077 0.9051 0.4252
vn 0.0078 0.9051 0.4251
vn 0.0078 0.9051 0.4252
vn 0.0079 0.9051 0.4251
vn 0.0078 0.9051 0.4250
vn 0.0079 0.9051 0.4250
vn 0.0079 0.9050 0.4253
vn -0.0158 0.9005 0.4345
vn -0.0158 0.9006 0.4344
vn -0.0000 0.9006 -0.4346
vn 0.0001 0.9006 -0.4346
vn -0.0000 0.9007 -0.4345
vn -0.0079 1.0000 -0.0000
vn 0.1259 -0.6140 0.7792
vn 0.1259 -0.6139 0.7792
vn -0.2837 -0.5990 0.7488
vn -0.2838 -0.5990 0.7488
vn 0.1181 -0.2204 0.9682
vn -0.2923 -0.2133 0.9322
vn 0.1182 -0.0000 0.9930
vn 0.0079 0.5745 0.8185
vn -0.0942 0.5809 0.8085
vn 0.1180 0.5742 0.8102
vn 0.0079 0.3930 0.9195
vn 0.0079 0.3929 0.9195
vn -0.1262 0.4022 0.9068
vn -0.1262 0.4021 0.9068
vn -0.1973 0.5920 0.7814
vn 0.1103 0.2206 0.9691
vn 0.1421 0.3947 0.9078
vn 0.2209 0.5839 0.7812
vn -0.2592 0.4161 0.8716
vn -0.2591 0.4161 0.8716
vn -0.2591 0.4162 0.8716
vn -0.2915 0.6149 0.7328
vn -0.2916 0.6147 0.7329
vn -0.2918 0.6146 0.7329
vn 0.2746 0.4079 0.8708
vn 0.2746 0.4079 0.8707
vn 0.2745 0.4079 0.8708
vn 0.0079 0.2128 0.9771
vn 0.0079 0.2127 0.9771
vn 0.3145 0.6054 0.7312
vn -0.1501 0.2211 0.9636
vn -0.1501 0.2212 0.9636
vn -0.3789 0.4420 0.8130
vn -0.2920 0.2131 0.9324
vn -0.2921 0.2131 0.9323
vn -0.2923 0.2133 0.9322
vn -0.2920 0.2132 0.9324
vn 0.1657 0.2131 0.9629
vn -0.3765 0.6432 0.6667
vn -0.3766 0.6432 0.6667
vn -0.3073 0.2364 0.9218
vn 0.3936 0.4330 0.8109
vn 0.3937 0.4330 0.8109
vn 0.3937 0.6300 0.6694
vn 0.3938 0.6300 0.6694
vn 0.3150 0.2283 0.9212
vn 0.3149 0.2283 0.9212
vn 0.3149 0.2284 0.9212
vn -0.4869 0.4790 0.7304
vn -0.4869 0.4791 0.7304
vn -0.4497 0.2682 0.8520
vn -0.4496 0.2682 0.8520
vn 0.0079 0.0393 0.9992
vn 0.0078 0.0393 0.9992
vn 0.0079 0.0394 0.9992
vn -0.1655 0.0473 0.9851
vn 0.5024 0.4632 0.7301
vn 0.5025 0.4631 0.7301
vn 0.1732 0.0394 0.9841
vn 0.4578 0.2526 0.8524
vn -0.3392 0.0631 0.9386
vn -0.5759 0.3077 0.7574
vn -0.5809 0.5180 0.6279
vn -0.5808 0.5180 0.6279
vn -0.5808 0.5181 0.6279
vn 0.3463 0.0551 0.9365
vn -0.4944 0.1020 0.8632
vn -0.0000 -0.1260 0.9920
vn 0.0001 -0.1260 0.9920
vn 0.5907 0.5041 0.6301
vn 0.5907 0.5040 0.6301
vn 0.5907 0.5040 0.6300
vn -0.0552 -0.5206 0.8520
vn -0.0552 -0.5207 0.8520
vn -0.0553 -0.5206 0.8520
vn -0.0553 -0.5207 0.8520
vn -0.1811 -0.1181 0.9764
vn 0.5840 0.2919 0.7575
vn 0.5841 0.2918 0.7574
vn 0.5841 0.2919 0.7574
vn 0.5840 0.2918 0.7575
vn 0.1811 -0.1181 0.9764
vn 0.1811 -0.1181 0.9763
vn 0.4951 0.0865 0.8645
vn 0.4952 0.0864 0.8645
vn -0.3547 -0.0946 0.9302
vn -0.6383 0.1419 0.7566
vn 0.3613 -0.1021 0.9268
vn -0.5204 -0.0631 0.8516
vn -0.5205 -0.0631 0.8516
vn 0.6397 0.1264 0.7582
vn -0.0000 -0.2758 0.9612
vn -0.1890 -0.2677 0.9448
vn -0.1889 -0.2677 0.9448
vn 0.5255 -0.0784 0.8471
vn 0.5255 -0.0784 0.8472
vn 0.1886 -0.2750 0.9428
vn 0.1885 -0.2750 0.9428
vn -0.3697 -0.2438 0.8966
vn -0.6706 -0.0158 0.7416
vn 0.3682 -0.2585 0.8931
vn -0.5381 -0.2135 0.8154
vn -0.5382 -0.2136 0.8153
vn -0.5382 -0.2134 0.8153
vn -0.5382 -0.2137 0.8153
vn 0.6704 -0.0315 0.7414
vn 0.6704 -0.0316 0.7413
vn 0.5364 -0.2287 0.8124
vn 0.5363 -0.2287 0.8124
vn -0.6925 -0.1731 0.7004
vn -0.6925 -0.1731 0.7003
vn 0.6864 -0.1893 0.7022
vn 0.6864 -0.1893 0.7021
vn 0.1099 0.6200 0.7769
vn 0.1098 0.6200 0.7769
vn -0.2910 0.5977 0.7471
vn -0.0707 -0.4240 0.9029
vn -0.0706 -0.4240 0.9029
vn 0.3144 -0.4087 0.8568
vn 0.3144 -0.4088 0.8568
vn -0.4637 -0.3773 0.8017
vn 0.6657 -0.3211 0.6736
vn 0.6657 -0.3212 0.6735
vn 0.6657 -0.3213 0.6735
vn -0.0707 -0.1256 0.9896
vn -0.0000 -0.2996 0.9541
vn -0.1882 0.6665 0.7214
vn 0.0079 0.6237 -0.7816
vn 0.0157 0.2203 -0.9753
vn 0.0157 0.2202 -0.9753
vn -0.1182 -0.0000 -0.9930
vn 0.0236 -0.2202 -0.9752
vn 0.0552 0.5206 -0.8520
vn 0.0552 0.5207 -0.8520
vn 0.0237 -0.6236 -0.7814
vn 0.0237 -0.6235 -0.7814
vn -0.0000 0.2996 -0.9541
vn -0.0315 -0.0079 0.9995
vn -0.0236 0.0080 0.9997
vn -0.0236 0.0079 0.9997
vn -0.0235 0.0079 0.9997
vn -0.0000 0.0079 1.0000
vn -0.5183 0.5967 0.6126
vn -0.5183 0.5967 0.6125
vn 0.5287 0.5760 0.6234
vn 0.5287 0.5761 0.6233
vn 0.5287 0.5761 0.6234
vn -0.3539 0.6291 0.6921
vn -0.0709 0.2917 0.9539
vn -0.0710 0.2917 0.9539
vn 0.3623 0.6143 0.7010
vn -0.1728 0.6519 0.7383
vn 0.0078 0.6541 0.7564
vn 0.0078 0.6540 0.7564
vn 0.0079 0.6540 0.7564
vn 0.1889 0.6455 0.7400
vn -0.5371 0.4661 0.7030
vn -0.5372 0.4660 0.7030
vn 0.5350 0.4485 0.7160
vn -0.0236 -0.0079 0.9997
vn -0.3636 0.5057 0.7823
vn -0.3635 0.5057 0.7823
vn -0.3635 0.5058 0.7823
vn -0.0000 -0.0000 1.0000
vn 0.3709 0.4894 0.7893
vn 0.3710 0.4894 0.7892
vn -0.0785 -0.0078 0.9969
vn -0.1804 0.5255 0.8314
vn 0.1887 0.5191 0.8336
vn 0.1888 0.5191 0.8336
vn 0.0079 0.5272 0.8497
vn 0.0078 0.5272 0.8497
vn 0.0235 0.6748 0.7376
vn 0.0236 0.6748 0.7376
vn -0.4104 0.3630 0.8366
vn -0.4104 0.3630 0.8365
vn 0.3706 0.3706 0.8516
vn -0.0158 0.4024 0.9153
vn -0.0000 0.5122 0.8589
vn -0.0627 0.6737 0.7364
vn -0.0627 0.6737 0.7363
vn -0.0079 -0.6237 0.7816
vn -0.0157 -0.2202 0.9753
vn -0.0236 0.2202 0.9752
vn -0.1881 0.6665 0.7214
vn -0.0237 0.6236 0.7814
vn -0.0236 0.6236 0.7814
vn -0.9289 -0.3700 -0.0157
vn -0.6402 0.4980 -0.5849
vn -0.6402 0.4979 -0.5849
vn -0.6803 0.3560 0.6407
vn -0.6803 0.3559 0.6407
vn -0.6456 0.5669 0.5117
vn -0.6456 0.5669 0.5118
vn -0.6829 0.5649 -0.4632
vn -0.6829 0.5650 -0.4630
vn -0.6828 0.5651 -0.4630
vn -0.6828 0.5651 -0.4631
vn -0.7544 0.3457 -0.5580
vn -0.7544 0.3458 -0.5580
vn -0.7543 0.3459 -0.5580
vn -0.7619 0.4084 0.5027
vn -0.7619 0.4085 0.5027
vn -0.6928 0.6141 0.3779
vn -0.7499 0.1973 0.6315
vn -0.7478 0.1181 -0.6533
vn -0.7478 0.1181 -0.6534
vn -0.6999 0.6291 -0.3381
vn -0.6999 0.6291 -0.3382
vn -0.8031 0.4252 -0.4173
vn -0.8032 0.4252 -0.4173
vn -0.7013 0.6698 0.2443
vn -0.7013 0.6697 0.2443
vn -0.7012 0.6698 0.2443
vn -0.8336 0.1888 -0.5190
vn -0.8336 0.1888 -0.5191
vn -0.8336 0.1887 -0.5191
vn -0.7947 0.0393 0.6058
vn -0.7946 0.0393 0.6058
vn -0.8408 0.2515 0.4793
vn -0.8106 0.4722 0.3463
vn -0.9990 -0.0315 -0.0315
vn -0.9990 -0.0314 -0.0315
vn -0.7879 -0.0394 -0.6146
vn -0.7879 -0.0394 -0.6145
vn -0.6880 -0.2531 -0.6801
vn -0.6880 -0.2531 -0.6802
vn -0.6881 -0.2530 -0.6801
vn -0.8205 0.5049 -0.2683
vn -0.8205 0.5049 -0.2682
vn -0.8903 0.2757 -0.3624
vn -0.8903 0.2758 -0.3624
vn -0.8201 -0.1183 0.5599
vn -0.8201 -0.1182 0.5599
vn -0.8913 0.1025 0.4417
vn -0.8957 0.3221 0.3065
vn -0.8957 0.3222 0.3064
vn -0.8957 0.3221 0.3064
vn -0.8278 0.5282 0.1892
vn -0.8838 0.0473 -0.4655
vn -0.8837 0.0474 -0.4656
vn -0.8838 0.0473 -0.4656
vn -0.9975 -0.0079 -0.0707
vn -0.9975 -0.0078 -0.0707
vn -0.8133 -0.1816 -0.5528
vn -0.8133 -0.1816 -0.5527
vn -0.8038 0.5831 -0.1182
vn -0.9998 -0.0079 -0.0158
vn -0.9998 -0.0079 -0.0157
vn -0.9115 0.3615 -0.1964
vn -0.9115 0.3614 -0.1964
vn -0.9169 -0.0553 0.3952
vn -0.9448 0.1338 -0.2991
vn -0.9448 0.1338 -0.2992
vn -0.9496 0.1648 0.2668
vn -0.8080 0.5884 0.0314
vn -0.8080 0.5883 0.0314
vn -0.9107 -0.1020 -0.4004
vn -0.9106 -0.1021 -0.4004
vn -0.9129 0.3856 0.1338
vn -0.9694 0.2443 -0.0236
vn -0.7563 0.6539 0.0237
vn -0.7563 0.6538 0.0236
vn -0.8924 0.4502 -0.0316
vn -0.8924 0.4501 -0.0316
vn -0.7088 -0.2835 -0.6459
vn -0.7089 -0.2835 -0.6459
vn -0.7089 -0.2835 -0.6458
vn -0.9656 0.2276 -0.1256
vn -0.9656 0.2277 -0.1256
vn -0.9770 0.0158 0.2127
vn -0.9737 -0.0079 -0.2277
vn -0.9737 -0.0078 -0.2277
vn -0.7551 0.6449 -0.1180
vn -0.9685 0.2362 0.0788
vn -0.9685 0.2362 0.0787
vn -0.8921 0.4500 -0.0395
vn -0.8921 0.4501 -0.0395
vn -0.8922 0.4499 -0.0395
vn -0.8094 -0.2436 0.5344
vn -0.8350 0.5356 0.1260
vn -0.8350 0.5356 0.1261
vn -0.9476 0.3159 0.0474
vn -0.9951 0.0869 -0.0474
vn -0.9959 0.0869 0.0237
vn -0.9959 0.0870 0.0237
vn -0.8344 0.5117 -0.2047
vn -0.8345 0.5117 -0.2047
vn -0.9460 0.3075 -0.1025
vn -0.9460 0.3074 -0.1025
vn -0.7469 0.6053 0.2751
vn -0.7469 0.6054 0.2751
vn -0.9479 -0.1264 -0.2923
vn -0.8891 0.4013 0.2203
vn -0.8891 0.4012 0.2203
vn -0.9754 0.1809 0.1259
vn -0.9754 0.1809 0.1258
vn -0.7489 0.5597 -0.3548
vn -0.7489 0.5597 -0.3547
vn -0.9737 0.1571 -0.1649
vn -0.9737 0.1570 -0.1649
vn -0.8858 0.3685 -0.2821
vn -0.8858 0.3684 -0.2822
vn -0.7952 0.4803 0.3700
vn -0.7952 0.4803 0.3701
vn -0.9919 -0.0472 0.1181
vn -0.9155 0.2683 0.2999
vn -0.9154 0.2682 0.3002
vn -0.6291 0.6054 -0.4875
vn -0.6291 0.6055 -0.4875
vn -0.6292 0.6052 -0.4876
vn -0.9104 0.2276 -0.3453
vn -0.9105 0.2276 -0.3453
vn -0.7893 0.4262 -0.4420
vn -0.6702 0.5441 0.5047
vn -0.8192 0.3466 0.4569
vn -0.6688 0.4721 -0.5744
vn -0.6687 0.4721 -0.5744
vn -0.8110 0.2835 -0.5118
vn -0.8110 0.2834 -0.5118
vn -0.9837 0.0708 0.1653
vn -0.9837 0.0709 0.1653
vn -0.6845 0.4170 0.5980
vn -0.6845 0.4170 0.5979
vn -1.0000 0.0079 -0.0000
vn -0.9992 -0.0315 -0.0236
vn -1.0000 -0.0079 -0.0000
vn -0.9998 -0.0157 -0.0079
vn -0.9998 -0.0158 -0.0079
vn -0.9710 -0.2368 -0.0316
vn -0.9710 -0.2369 -0.0316
vn -0.6866 0.3315 -0.6471
vn -0.6865 0.3315 -0.6471
vn -0.6865 0.3315 -0.6472
vn -0.9267 0.1649 -0.3377
vn -0.9267 0.1649 -0.3378
vn -0.9780 -0.1025 0.1814
vn -0.7723 0.2522 0.5831
vn -0.7722 0.2522 0.5831
vn -0.9930 0.0079 0.1182
vn -0.9930 0.0079 0.1183
vn -0.9964 -0.0313 -0.0785
vn -0.9964 -0.0314 -0.0785
vn -0.9998 0.0079 0.0158
vn -1.0000 -0.0000 -0.0000
vn -0.9780 -0.1026 0.1814
vn -0.0078 -0.9051 -0.4250
vn -0.0079 -0.9051 -0.4250
vn -0.0078 -0.9051 -0.4251
vn -0.0079 -0.9051 -0.4251
vn -0.0078 -0.9051 -0.4252
vn -0.0000 -0.9154 0.4025
vn -0.0000 -0.9154 0.4024
vn 0.1414 -0.9899 0.0078
vn 0.1414 -0.9899 0.0079
vn -0.2685 -0.9633 -0.0000
vn -0.0000 -1.0000 -0.0000
vn 0.1340 -0.8910 0.4337
vn 0.1500 -0.8921 -0.4263
vn 0.1499 -0.8921 -0.4263
vn -0.2755 -0.8660 0.4173
vn -0.2755 -0.8660 0.4172
vn -0.2600 -0.8668 -0.4255
vn 0.1970 -0.7011 0.6853
vn 0.1969 -0.7011 0.6853
vn -0.0000 -0.9930 0.1182
vn -0.0311 -0.8342 0.5506
vn -0.0313 -0.8342 0.5506
vn -0.0315 -0.8340 0.5508
vn -0.0314 -0.8341 0.5507
vn 0.0315 -0.9995 -0.0000
vn -0.6707 -0.7417 -0.0079
vn -0.3930 -0.9195 -0.0000
vn -0.3930 -0.9196 -0.0000
vn -0.0079 -1.0000 -0.0000
vn -0.0078 -1.0000 -0.0000
vn 0.0392 -0.9346 -0.3534
vn 0.0393 -0.9346 -0.3534
vn -0.1026 -0.9947 0.0079
vn 0.0315 -0.9995 -0.0079
vn 0.1493 -0.7070 0.6913
vn 0.1492 -0.7070 0.6913
vn -0.0000 -0.7378 0.6750
vn -0.0552 -0.7100 -0.7021
vn 0.2369 -0.9714 0.0158
vn 0.6369 -0.7706 0.0236
vn 0.0315 -0.9995 -0.0078
vn 0.0158 -0.9539 -0.2996
vn 0.0157 -0.9539 -0.2996
vn 0.0079 -0.8588 0.5122
vn 0.0079 -0.8589 0.5122
vn 0.0078 -0.8589 0.5121
vn 0.1969 -0.7011 0.6854
vn 0.0079 -1.0000 -0.0000
vn -0.0000 -0.9006 0.4346
vn -0.0000 -0.9007 0.4345
vn 0.0158 -0.9006 -0.4345
vn 0.0158 -0.9006 -0.4344
vn -0.0079 -0.9999 0.0078
vn -0.0079 -0.9999 0.0080
vn 0.1882 -0.6665 -0.7214
vn 0.1500 -0.6157 -0.7736
vn -0.2517 -0.6055 -0.7550
vn 0.1501 -0.2212 -0.9636
vn 0.1500 -0.2212 -0.9636
vn -0.2514 -0.2199 -0.9426
vn -0.1183 -0.0000 -0.9930
vn 0.0158 0.4660 -0.8846
vn -0.0947 0.4734 -0.8758
vn 0.1181 0.4722 -0.8736
vn 0.1180 0.4722 -0.8736
vn -0.1968 0.4881 -0.8503
vn -0.0473 0.6617 -0.7483
vn 0.0158 0.6539 -0.7564
vn 0.0157 0.6540 -0.7564
vn 0.0864 0.6599 -0.7463
vn 0.0864 0.6600 -0.7463
vn -0.1182 0.6699 -0.7330
vn 0.1491 0.6671 -0.7299
vn 0.1492 0.6672 -0.7298
vn 0.2208 0.4890 -0.8439
vn 0.2208 0.4889 -0.8439
vn -0.1741 0.6884 -0.7042
vn -0.1741 0.6882 -0.7044
vn -0.1740 0.6883 -0.7042
vn -0.2913 0.5197 -0.8032
vn 0.0079 0.2757 -0.9612
vn 0.0079 0.2758 -0.9612
vn -0.1257 0.2829 -0.9509
vn -0.1258 0.2829 -0.9509
vn 0.1492 0.2747 -0.9499
vn 0.1491 0.2748 -0.9499
vn 0.1492 0.2748 -0.9499
vn 0.2120 0.6831 -0.6989
vn 0.2120 0.6832 -0.6988
vn 0.2121 0.6833 -0.6987
vn -0.2518 0.2990 -0.9205
vn -0.2517 0.2989 -0.9205
vn -0.2518 0.2990 -0.9204
vn 0.3140 0.5102 -0.8007
vn 0.1501 0.2212 -0.9636
vn -0.3700 0.5511 -0.7479
vn 0.2756 0.2992 -0.9135
vn 0.2756 0.2993 -0.9135
vn -0.3765 0.3373 -0.8628
vn 0.4007 0.5422 -0.7386
vn 0.4007 0.5422 -0.7385
vn 0.4007 0.5421 -0.7386
vn -0.2591 0.2120 -0.9423
vn -0.1496 0.0945 -0.9842
vn 0.0078 0.0862 -0.9962
vn 0.0079 0.0863 -0.9962
vn 0.0078 0.0863 -0.9962
vn -0.4408 0.5983 -0.6691
vn 0.4012 0.3225 -0.8574
vn 0.1649 0.0942 -0.9818
vn 0.1649 0.0943 -0.9818
vn -0.4819 0.3792 -0.7900
vn -0.4819 0.3792 -0.7899
vn -0.4818 0.3794 -0.7899
vn -0.2998 0.1183 -0.9466
vn 0.3143 0.1100 -0.9429
vn 0.4724 0.5826 -0.6614
vn -0.4416 0.1577 -0.8832
vn -0.4417 0.1577 -0.8832
vn -0.4416 0.1578 -0.8832
vn 0.5101 0.3689 -0.7770
vn -0.5753 0.4335 -0.6936
vn -0.5754 0.4335 -0.6936
vn 0.4641 0.1494 -0.8731
vn 0.0079 -0.0870 -0.9962
vn -0.1651 -0.0787 -0.9831
vn -0.1652 -0.0787 -0.9831
vn -0.1652 -0.0786 -0.9831
vn -0.5672 0.2127 -0.7956
vn -0.5672 0.2127 -0.7957
vn 0.1803 -0.0862 -0.9798
vn -0.3299 -0.0550 -0.9424
vn -0.3298 -0.0550 -0.9424
vn 0.6012 0.4193 -0.6803
vn 0.6012 0.4192 -0.6803
vn 0.3461 -0.0629 -0.9361
vn 0.5883 0.1961 -0.7845
vn 0.5884 0.1961 -0.7845
vn -0.4876 -0.0079 -0.8730
vn -0.6759 0.2751 -0.6837
vn -0.6759 0.2751 -0.6838
vn 0.5027 -0.0236 -0.8641
vn 0.5028 -0.0236 -0.8641
vn 0.5027 -0.0235 -0.8641
vn -0.0000 -0.2518 -0.9678
vn -0.1814 -0.2367 -0.9545
vn -0.1814 -0.2366 -0.9545
vn -0.6278 0.0471 -0.7769
vn 0.1811 -0.2441 -0.9527
vn 0.1811 -0.2440 -0.9527
vn -0.3534 -0.2121 -0.9111
vn 0.3622 -0.2205 -0.9057
vn 0.3622 -0.2205 -0.9056
vn 0.3624 -0.2206 -0.9056
vn 0.3623 -0.2205 -0.9056
vn 0.6453 0.0314 -0.7633
vn 0.6453 0.0315 -0.7633
vn 0.6452 0.0314 -0.7633
vn -0.5212 -0.1659 -0.8372
vn -0.5213 -0.1658 -0.8371
vn 0.5288 -0.1816 -0.8291
vn 0.5287 -0.1817 -0.8291
vn 0.5290 -0.1816 -0.8290
vn -0.1885 -0.3849 -0.9035
vn -0.1885 -0.3850 -0.9035
vn -0.0000 -0.3930 -0.9196
vn -0.0000 -0.3930 -0.9195
vn -0.0000 -0.3929 -0.9196
vn -0.6666 -0.1099 -0.7372
vn -0.6667 -0.1098 -0.7372
vn 0.1880 -0.3916 -0.9007
vn -0.3702 -0.3545 -0.8586
vn -0.3703 -0.3545 -0.8586
vn 0.3706 -0.3706 -0.8516
vn 0.6774 -0.1260 -0.7247
vn 0.6774 -0.1261 -0.7247
vn -0.5339 -0.3140 -0.7851
vn 0.5377 -0.3321 -0.7749
vn 0.5377 -0.3322 -0.7749
vn 0.5377 -0.3321 -0.7750
vn -0.0235 -0.6748 -0.7376
vn 0.1422 0.6164 -0.7745
vn 0.1423 0.6164 -0.7745
vn 0.1423 0.6164 -0.7744
vn -0.2602 0.5993 -0.7570
vn 0.0158 -0.4024 -0.9153
vn -0.3706 -0.3706 -0.8516
vn -0.3706 -0.3706 -0.8517
vn 0.4104 -0.3630 -0.8365
vn 0.4104 -0.3630 -0.8366
vn 0.0627 -0.6737 -0.7364
vn 0.0627 -0.6737 -0.7363
vn 0.0315 0.0079 -0.9995
vn 0.0236 -0.0079 -0.9997
vn 0.0237 -0.0078 -0.9997
vn 0.0236 -0.0080 -0.9997
vn -0.0000 -0.5122 -0.8589
vn -0.0000 -0.0079 -1.0000
vn -0.3316 0.6632 -0.6710
vn -0.3316 0.6631 -0.6710
vn -0.3316 0.6631 -0.6711
vn 0.3455 0.6596 -0.6675
vn -0.1654 0.6774 -0.7168
vn 0.1806 0.6756 -0.7148
vn 0.1807 0.6756 -0.7148
vn 0.0078 0.6831 -0.7302
vn 0.0079 0.6831 -0.7302
vn 0.0078 0.6831 -0.7303
vn -0.5193 0.5115 -0.6846
vn -0.5193 0.5116 -0.6845
vn 0.5292 0.4976 -0.6872
vn -0.3551 0.5366 -0.7655
vn -0.3549 0.5364 -0.7657
vn 0.3635 0.5294 -0.7665
vn 0.0785 0.0078 -0.9969
vn -0.1816 0.5527 -0.8133
vn 0.1880 0.5484 -0.8148
vn 0.0710 -0.2917 -0.9539
vn -0.5368 0.3710 -0.7578
vn -0.5367 0.3710 -0.7578
vn -0.0000 0.5565 -0.8309
vn -0.0000 0.5565 -0.8308
vn 0.0236 0.0079 -0.9997
vn 0.5406 0.3605 -0.7601
vn 0.5407 0.3604 -0.7601
vn -0.0000 -0.0000 -1.0000
vn -0.3618 0.4011 -0.8415
vn -0.3618 0.4011 -0.8416
vn 0.3697 0.3934 -0.8418
vn 0.3698 0.3934 -0.8417
vn 0.3697 0.3933 -0.8418
vn 0.3697 0.3934 -0.8417
vn -0.1812 0.4176 -0.8904
vn -0.1813 0.4176 -0.8904
vn 0.1894 0.4105 -0.8920
vn -0.0000 0.4185 -0.9082
vn -0.0000 0.4186 -0.9082
vn -0.6657 0.3212 -0.6735
vn -0.6657 0.3211 -0.6736
vn -0.6657 0.3213 -0.6735
vn 0.4637 0.3772 -0.8017
vn 0.4637 0.3773 -0.8017
vn -0.3144 0.4087 -0.8568
vn -0.3144 0.4088 -0.8568
vn 0.0709 0.4240 -0.9029
vn 0.0707 0.4240 -0.9029
vn 0.0708 0.4240 -0.9029
vn 0.0707 0.1256 -0.9896
vn 0.0707 0.1257 -0.9896
vt -0.503399 2.831050
vt -0.512973 2.787230
vt -0.482606 2.771620
vt -0.479540 2.818780
vt -1.665360 2.814560
vt -1.694570 2.849640
vt -1.697440 2.802760
vt -1.669370 2.858910
vt -1.726330 2.792230
vt -1.693880 2.748460
vt -1.727860 2.736070
vt -0.492965 2.717940
vt -0.455224 2.757720
vt -0.460767 2.701600
vt -0.528687 2.844180
vt -0.545158 2.803950
vt -1.631340 2.827180
vt -1.642640 2.868820
vt -0.528672 2.736300
vt -1.656160 2.762340
vt -1.684030 2.688810
vt -1.721790 2.675050
vt -0.510218 2.659820
vt -0.474442 2.641650
vt -0.554431 2.857690
vt -0.577925 2.821140
vt -1.596680 2.840130
vt -1.615410 2.878990
vt -0.566518 2.755960
vt -1.616160 2.777170
vt -1.642130 2.704230
vt -1.668280 2.626110
vt -1.708360 2.611500
vt -0.549894 2.680210
vt -0.533702 2.599470
vt -0.495723 2.580190
vt -0.579643 2.871040
vt -0.610013 2.838130
vt -0.442137 1.733970
vt -0.230284 1.763080
vt -0.442117 1.763060
vt -0.230304 1.734000
vt -0.463344 2.564020
vt -0.523793 2.519570
vt -0.490779 2.503090
vt -1.562720 2.852900
vt -1.588720 2.889030
vt -0.605047 2.776170
vt -0.705853 2.282360
vt -0.579611 2.451990
vt -0.726318 2.302960
vt -0.559146 2.431390
vt -1.647220 2.562770
vt -1.688080 2.547870
vt -1.575400 2.792400
vt -1.623790 2.642480
vt -1.597680 2.720720
vt -0.591946 2.702060
vt -0.575823 2.621130
vt -0.562516 2.539230
vt -0.642780 2.796150
vt -1.409680 1.881040
vt -1.092690 1.663570
vt -1.374000 1.920190
vt -1.128360 1.624420
vt -1.601860 2.579460
vt -1.535470 2.807420
vt -1.125000 1.124260
vt -1.095930 0.910764
vt -1.095930 1.124260
vt -1.125000 0.910764
vt -1.125000 2.605840
vt -1.095930 2.392340
vt -1.095930 2.605840
vt -1.125000 2.392340
vt -0.634757 2.724510
vt -1.576600 2.659980
vt -1.552390 2.737630
vt -1.147920 2.208190
vt -1.093290 1.621900
vt -1.095140 2.208490
vt -1.146070 1.621600
vt -0.620465 2.644320
vt -1.518640 2.301970
vt -1.692890 2.423540
vt -1.538720 2.281410
vt -1.672810 2.444100
vt -0.605461 2.561310
vt -0.640191 2.854280
vt -0.678265 2.815140
vt -1.309990 2.614780
vt -1.659920 2.446790
vt -1.902370 2.143500
vt -1.903610 1.386220
vt -1.989350 1.764990
vt -1.312780 0.913195
vt -1.662150 1.082220
vt -0.921917 2.614210
vt -0.924698 0.912620
vt -0.574777 1.080610
vt -0.245345 1.762410
vt -0.332319 1.383900
vt -0.331081 2.141180
vt -0.572547 2.445180
vt -1.530750 2.865020
vt -1.497880 2.821670
vt -1.431680 0.542898
vt -1.290330 0.999647
vt -1.480070 0.563913
vt -1.241950 0.978632
vt -0.676683 2.746720
vt -1.553750 2.597310
vt -1.508010 2.754330
vt -1.528530 2.677940
vt -0.665913 2.668160
vt -0.650978 2.584960
vt -1.982710 1.733970
vt -1.770860 1.763080
vt -1.982690 1.763060
vt -1.770880 1.734000
vt -1.502010 2.876020
vt -1.464080 2.834600
vt -0.716112 2.767820
vt -0.642590 0.585678
vt -0.902149 0.988958
vt -0.699942 0.558889
vt -0.844797 1.015750
vt -1.504730 2.615620
vt -0.710421 2.691730
vt -1.466250 2.770160
vt -0.697317 2.609260
vt -1.481420 2.695660
vt -0.710139 2.832400
vt -0.751529 2.787000
vt -1.428700 2.784520
vt -0.752279 2.714130
vt -0.742697 2.633300
vt -1.456690 2.633690
vt -1.437080 2.712470
vt -0.781573 2.803520
vt -1.350060 1.025660
vt -1.539800 0.589927
vt -1.652360 1.090050
vt -1.526120 1.259680
vt -1.672820 1.110650
vt -1.505650 1.239080
vt -1.435380 2.845700
vt -1.396800 2.796860
vt -0.789877 2.734490
vt -0.785375 2.656130
vt -1.397210 2.727720
vt -1.411490 2.650820
vt -0.821772 2.752030
vt -0.583154 0.613716
vt -0.785361 1.043790
vt -0.823710 2.676890
vt -1.363360 2.740820
vt -1.370840 2.666370
vt -1.138830 2.796450
vt -1.083020 2.210160
vt -1.085900 2.796750
vt -1.135960 2.209860
vt -1.614930 2.773740
vt -1.388740 2.229740
vt -1.564410 2.789610
vt -1.439260 2.213870
vt -0.606659 2.779160
vt -0.860653 2.247530
vt -0.561134 2.752110
vt -0.906179 2.274580
vt -0.557928 1.112610
vt -0.732179 1.234190
vt -0.578008 1.092050
vt -0.712100 1.254740
vt -1.258580 2.783220
vt -0.960245 2.833540
vt -1.258110 2.836190
vt -0.960715 2.780570
vt -0.856229 2.694780
vt -1.336320 2.679730
vt -1.409310 1.051520
vt -1.599040 0.615788
vt -1.309510 1.681920
vt -1.371080 1.722720
vt -1.306150 1.654580
vt -1.323580 1.705170
vt -1.345550 1.719730
vt -1.420870 1.668020
vt -1.395110 1.713550
vt -1.412880 1.694030
vt -1.355940 1.599880
vt -1.417510 1.640690
vt -1.331910 1.609060
vt -1.314140 1.628580
vt -1.381470 1.602870
vt -1.403450 1.617440
vt -0.533406 0.637450
vt -0.735613 1.067520
vt -1.456340 1.072110
vt -1.646070 0.636374
vt -1.352690 1.887140
vt -1.352810 1.844000
vt -0.806863 1.839240
vt -0.806744 1.882370
vt -1.398420 2.070760
vt -0.754591 1.761820
vt -0.756031 2.074330
vt -1.396980 1.758250
vt -1.351870 1.933220
vt -0.805919 1.928450
vt -1.140700 2.320780
vt -1.134910 2.360680
vt -1.155830 2.360600
vt -1.151370 2.320740
vt -1.130260 2.318950
vt -1.114430 2.357090
vt -1.176380 2.356870
vt -1.161850 2.318840
vt -1.095170 2.349980
vt -1.120440 2.315330
vt -1.081930 1.080360
vt -1.107670 1.112170
vt -1.115260 1.105830
vt -1.067060 1.092800
vt -1.171730 2.315140
vt -1.195780 2.349620
vt -1.077870 2.339630
vt -1.111620 2.310050
vt -1.232030 1.093860
vt -1.184280 1.106270
vt -1.191780 1.112710
vt -1.217320 1.081220
vt -1.213270 2.339130
vt -1.180650 2.309790
vt -1.101700 1.119650
vt -1.055340 1.107470
vt -1.134030 1.097460
vt -1.149660 1.138650
vt -1.144500 1.095770
vt -1.155170 1.095840
vt -1.124160 1.100860
vt -1.165610 1.097670
vt -1.175440 1.101190
vt -1.063210 2.326420
vt -1.104150 2.303310
vt -1.243550 1.108670
vt -1.197650 1.120260
vt -1.228190 2.325820
vt -1.188260 2.303010
vt -1.097560 1.127970
vt -1.047220 1.123800
vt -1.051730 2.310860
vt -1.098300 2.295380
vt -1.201680 1.128640
vt -1.095420 1.136830
vt -1.146570 2.274510
vt -1.008660 2.320350
vt -1.025320 2.342940
vt -1.251450 1.125110
vt -1.194260 2.295030
vt -1.239970 2.310180
vt -1.203700 1.137520
vt -1.095360 1.145870
vt -1.043030 1.141170
vt -1.012350 1.102580
vt -1.000570 1.126290
vt -1.203640 1.146560
vt -1.097390 1.154750
vt -1.043890 2.293560
vt -1.094300 2.286560
vt -1.264850 2.342060
vt -1.281940 2.319360
vt -1.201500 1.155410
vt -1.101410 1.163130
vt -1.255410 1.142530
vt -1.198430 2.286180
vt -1.248140 2.292820
vt -1.197360 1.163740
vt -1.107290 1.170680
vt -1.042910 1.158900
vt -1.092310 2.277190
vt -1.297050 1.128190
vt -1.285590 1.104330
vt -1.191390 1.171220
vt -0.997280 2.295240
vt -1.114780 1.177120
vt -1.200600 2.276800
vt -1.183800 1.177560
vt -1.039990 2.275180
vt -1.123620 1.182200
vt -1.092400 2.267630
vt -0.994478 1.151500
vt -1.174900 1.182530
vt -1.133450 1.185720
vt -1.200690 2.267240
vt -1.143890 1.187550
vt -1.255290 1.160260
vt -1.165030 1.185930
vt -1.154560 1.187620
vt -1.094570 2.258240
vt -1.252400 2.274410
vt -1.293800 2.294160
vt -1.046880 1.176320
vt -1.198700 2.257860
vt -1.098740 2.249390
vt -1.194700 2.249040
vt -1.040170 2.256420
vt -1.104740 2.241420
vt -1.302810 1.153480
vt -1.251100 1.177630
vt -1.188850 2.241120
vt -0.991610 2.268550
vt -1.112350 2.234630
vt -1.054770 1.192760
vt -1.252570 2.255650
vt -1.181370 2.234380
vt -0.994307 1.177250
vt -1.121260 2.229290
vt -1.172560 2.229100
vt -1.131150 2.225590
vt -1.162740 2.225480
vt -1.141630 2.223690
vt -1.152300 2.223650
vt -1.299980 2.267430
vt -1.242980 1.193960
vt -1.044420 2.238010
vt -1.066290 1.207570
vt -1.248670 2.237270
vt -1.302640 1.179220
vt -1.231260 1.208630
vt -1.199230 1.227710
vt -1.216390 1.221070
vt -0.991870 2.241320
vt -1.000060 1.202540
vt -1.081000 1.220210
vt -1.052590 2.220650
vt -1.240830 2.219970
vt -1.300240 2.240200
vt -1.098330 1.230170
vt -1.296550 1.204430
vt -1.064370 2.205010
vt -1.117610 1.237080
vt -1.011530 1.226400
vt -1.229350 2.204410
vt -1.179560 1.237480
vt -0.998051 2.214590
vt -1.138100 1.240670
vt -1.245580 1.231450
vt -1.245520 1.185920
vt -1.073410 1.232120
vt -1.073360 1.186590
vt -1.159020 1.240810
vt -1.079290 2.191700
vt -1.294570 2.213510
vt -1.214690 2.191200
vt -1.284770 1.228140
vt -1.096780 2.181210
vt -1.028260 1.247910
vt -1.197390 2.180850
vt -0.951425 1.200200
vt -0.958752 1.232390
vt -1.009910 2.189390
vt -1.116180 2.173960
vt -1.178130 2.173740
vt -1.136730 2.170230
vt -1.157650 2.170150
vt -1.267750 1.249440
vt -1.283190 2.188390
vt -1.049610 1.266250
vt -0.957239 2.188880
vt -0.949373 2.222900
vt -1.027000 2.166690
vt -1.243660 2.239720
vt -1.243790 2.189200
vt -1.071510 2.238610
vt -1.071640 2.188090
vt -0.973342 1.262760
vt -1.246160 1.267510
vt -1.074760 1.280720
vt -1.266530 2.165810
vt -1.102760 1.290750
vt -1.220810 1.281650
vt -1.048660 2.147350
vt -1.336100 1.234800
vt -1.321110 1.264980
vt -1.132510 1.295960
vt -0.972338 2.156810
vt -1.245240 2.146640
vt -0.994634 1.290140
vt -1.162870 1.296150
vt -1.192690 1.291320
vt -1.074060 2.132130
vt -1.334640 2.187510
vt -1.320150 2.155540
vt -1.220130 2.131600
vt -1.299460 1.292090
vt -1.249530 1.882900
vt -1.074170 1.584360
vt -1.073060 1.882230
vt -1.250640 1.585030
vt -1.102220 2.121610
vt -1.021810 1.313480
vt -1.192170 2.121280
vt -0.994090 2.127910
vt -1.132060 2.116190
vt -1.162430 2.116080
vt -1.271970 1.315080
vt -1.298950 2.126800
vt -1.053830 1.331890
vt -1.238150 1.763620
vt -1.239280 1.710690
vt -1.066100 1.759920
vt -1.067230 1.706980
vt -1.021660 2.103300
vt -0.941682 1.300440
vt -0.966719 1.332640
vt -1.239710 1.333080
vt -1.089450 1.344660
vt -1.271850 2.102390
vt -1.203920 1.345390
vt -1.127320 1.351290
vt -1.165970 1.351540
vt -1.350620 1.303060
vt -1.325150 1.334930
vt -1.053980 2.083930
vt -1.239890 2.083250
vt -0.998675 1.360090
vt -0.966887 2.090180
vt -0.941310 2.124150
vt -1.612360 2.286590
vt -1.617590 1.936670
vt -1.153080 1.942040
vt -1.147460 2.317650
vt -1.632930 1.199220
vt -1.169550 1.150470
vt -1.160960 1.525490
vt -1.624930 1.548590
vt -0.691000 1.903510
vt -0.686193 2.225040
vt -1.089820 2.070540
vt -0.705100 1.225910
vt -0.697747 1.546930
vt -1.393750 1.232670
vt -1.549030 1.204400
vt -1.547510 1.183940
vt -1.392230 1.212200
vt -1.204310 2.070120
vt -1.292830 1.361970
vt -1.127800 2.063640
vt -1.166460 2.063500
vt -1.036320 1.381730
vt -0.999304 2.061240
vt -1.254900 1.383130
vt -1.325360 2.088870
vt -1.293500 2.060170
vt -1.078210 1.396750
vt -1.212810 1.397610
vt -1.122740 1.404550
vt -0.945584 1.373770
vt -0.981092 1.404270
vt -1.037310 2.038460
vt -1.168190 1.404840
vt -1.255920 2.037670
vt -1.307940 1.406360
vt -1.079460 2.022710
vt -1.214080 2.022220
vt -1.022920 1.428330
vt -1.571370 1.749790
vt -1.571370 1.720720
vt -1.412650 1.749790
vt -1.412650 1.720720
vt -1.124120 2.014600
vt -1.169570 2.014430
vt -1.265800 1.429880
vt -1.069470 1.445010
vt -1.219030 1.445960
vt -1.024700 1.997470
vt -0.982462 2.022780
vt -1.118950 1.453680
vt -1.169450 1.454000
vt -1.267600 1.996590
vt -1.309350 2.021600
vt -0.585748 1.970240
vt -0.623873 1.970850
vt -0.636575 1.424900
vt -0.598450 1.424290
vt -1.566690 1.772710
vt -1.570850 1.719930
vt -1.395140 1.759180
vt -1.399300 1.706390
vt -0.681524 1.972070
vt -0.694226 1.426120
vt -1.591790 1.351110
vt -1.436510 1.379380
vt -0.858098 2.023210
vt -0.878091 1.380820
vt -0.604339 2.015280
vt -0.624332 1.372890
vt -1.432690 2.138640
vt -1.546890 2.297610
vt -1.586730 2.143430
vt -1.392850 2.292810
vt -0.747285 1.973650
vt -0.759987 1.427700
vt -1.591790 2.297620
vt -1.393750 2.179180
vt -1.436510 2.325880
vt -1.549030 2.150910
vt -0.808129 1.975290
vt -0.820831 1.429340
vt -0.647358 1.985210
vt -1.121830 1.995870
vt -0.649021 1.961180
vt -1.120170 2.019900
vt -1.581760 1.998800
vt -1.402060 1.720480
vt -1.409740 2.001790
vt -1.574090 1.717480
vt -0.852006 1.976660
vt -0.864708 1.430710
vt -1.432690 1.177930
vt -1.546890 1.336890
vt -1.586730 1.182720
vt -1.392850 1.332100
vt -1.583760 1.066910
vt -1.400450 0.874217
vt -1.426210 1.086050
vt -1.558000 0.855075
vt -1.583760 2.607480
vt -1.400450 2.414790
vt -1.426210 2.626620
vt -1.558000 2.395650
vt -0.650928 1.935650
vt -1.125510 1.948370
vt -0.652703 1.913680
vt -1.123740 1.970340
vt -1.547510 2.130440
vt -1.392230 2.158710
vt -0.984266 2.029700
vt -1.169800 2.106620
vt -0.972383 1.969970
vt -1.027610 2.078080
vt -1.093820 2.105540
vt -1.313820 1.974850
vt -1.240490 2.081130
vt -1.291890 2.034100
vt -1.116400 1.838200
vt -1.301940 1.915120
vt -1.045710 1.863700
vt -0.994313 1.910730
vt -1.192380 1.839290
vt -1.258590 1.866740
vt -0.982319 1.507980
vt -1.162800 1.592620
vt -0.974147 1.448540
vt -1.022600 1.557720
vt -1.087020 1.587930
vt -1.314740 1.469590
vt -1.234960 1.570850
vt -1.289180 1.526940
vt -1.126080 1.325510
vt -1.306570 1.410150
vt -1.053930 1.347280
vt -0.999705 1.391190
vt -1.201870 1.330200
vt -1.266280 1.360400
vt -1.644150 1.201450
vt -1.539320 1.549490
vt -1.638920 1.551370
vt -1.544550 1.199570
vt -1.631580 1.939450
vt -1.523970 2.286940
vt -1.623570 2.288820
vt -1.531970 1.937570
vt -0.597360 1.083040
vt -0.604435 1.387050
vt -1.069020 1.355520
vt -1.061430 1.029200
vt -1.530930 1.410020
vt -1.524430 1.130690
vt -0.609182 1.765810
vt -1.074120 1.762080
vt -1.535300 1.758050
vt -0.637357 1.733970
vt -0.637171 1.763060
vt -0.794911 1.735000
vt -0.794724 1.764080
vt -1.086020 2.869670
vt -1.091520 2.824070
vt -1.061140 2.823750
vt -1.065100 2.869450
vt -1.106510 2.871250
vt -1.121250 2.826370
vt -1.031310 2.825420
vt -1.044550 2.870600
vt -1.096500 2.770230
vt -1.057840 2.769820
vt -1.134350 2.773160
vt -1.125770 2.874140
vt -1.149210 2.830570
vt -0.610661 2.144320
vt -1.075710 2.168370
vt -1.019860 2.771940
vt -1.025150 2.873070
vt -1.003150 2.829010
vt -1.169930 2.778490
vt -1.174320 2.836490
vt -1.143060 2.878220
vt -0.984023 2.776510
vt -1.055320 2.709720
vt -1.100770 2.710200
vt -0.977749 2.834390
vt -1.007660 2.876780
vt -1.145280 2.713650
vt -1.201890 2.786030
vt -1.536650 2.105850
vt -1.010660 2.712210
vt -1.195620 2.843910
vt -1.157730 2.883330
vt -1.187130 2.719920
vt -0.951698 2.783360
vt -0.992740 2.881580
vt -0.956088 2.841360
vt -0.968519 2.717590
vt -1.228990 2.795470
vt -1.224700 2.728780
vt -1.053680 2.645770
vt -1.104180 2.646300
vt -1.153640 2.650130
vt -0.924129 2.792230
vt -1.004060 2.648540
vt -0.930508 2.725650
vt -1.200130 2.657100
vt -1.256570 2.739880
vt -1.250190 2.806460
vt -1.212270 2.852540
vt -0.957230 2.654510
vt -1.241890 2.666940
vt -1.052980 2.580420
vt -1.106600 2.580990
vt -0.902378 2.802760
vt -0.938998 2.849640
vt -1.573130 1.612220
vt -1.101610 1.640690
vt -1.574420 1.635470
vt -1.100320 1.617440
vt -1.159090 2.585050
vt -0.898092 2.736070
vt -1.000300 2.583360
vt -0.914995 2.663460
vt -1.208450 2.592450
vt -1.277290 2.679280
vt -0.950590 2.589700
vt -1.252780 2.602900
vt -0.878975 2.675050
vt -1.053250 2.516180
vt -1.107920 2.516760
vt -1.161440 2.520910
vt -0.905753 2.599210
vt -0.999540 2.519180
vt -1.211770 2.528450
vt -1.290370 2.616000
vt -0.948854 2.525650
vt -1.256960 2.539100
vt -0.867515 2.611500
vt -0.903139 2.535340
vt -1.295290 2.552460
vt -0.864152 2.547870
vt -0.608579 2.447610
vt -1.073470 2.493920
vt -1.534740 2.384530
vt -1.061550 0.528985
vt -1.133920 0.961861
vt -1.137340 0.531792
vt -1.058130 0.959054
vt -0.989403 0.538655
vt -0.985978 0.968724
vt -1.198330 0.976591
vt -1.201760 0.546522
vt -0.935178 0.558889
vt -0.931754 0.988958
vt -1.102160 1.668020
vt -1.574970 1.662800
vt -1.149420 2.771640
vt -0.969299 2.213870
vt -0.977273 2.773740
vt -1.141450 2.211760
vt -0.823637 2.385570
vt -0.669604 2.423540
vt -0.674047 2.444100
vt -0.828079 2.406130
vt -1.623570 1.083040
vt -1.523970 1.082220
vt -1.516900 1.386220
vt -1.616500 1.387050
vt -1.512150 1.764990
vt -1.611750 1.765810
vt -1.400450 1.764100
vt -1.557810 1.734000
vt -1.400260 1.735020
vt -1.558000 1.763080
vt -1.510670 2.143500
vt -1.610270 2.144320
vt -1.126800 1.681920
vt -0.652703 1.699950
vt -1.125510 1.705170
vt -0.653992 1.676690
vt -1.512750 2.446790
vt -1.612360 2.447610
vt -1.079620 2.227630
vt -1.243790 2.789610
vt -1.251770 2.229740
vt -1.071640 2.787510
vt -1.616600 2.063040
vt -1.353290 1.758250
vt -1.362840 2.070760
vt -1.607040 1.750530
vt -1.646230 1.916830
vt -1.628010 1.870750
vt -1.584140 1.830860
vt -1.523290 1.805060
vt -1.635190 1.959970
vt -1.539410 2.005520
vt -1.597060 1.991620
vt -1.473650 1.998910
vt -1.361760 1.844000
vt -1.457530 1.798450
vt -1.399880 1.812350
vt -1.350710 1.887140
vt -1.368930 1.933220
vt -1.412810 1.973110
vt -0.971828 2.783220
vt -0.971409 2.836190
vt -1.148290 2.784610
vt -1.147870 2.837590
vt -1.239840 2.809450
vt -1.206790 2.770760
vt -1.198010 2.821170
vt -1.251200 2.758330
vt -0.948958 2.766090
vt -0.912991 2.803520
vt -0.955138 2.816760
vt -0.904214 2.752030
vt -1.157380 2.778990
vt -1.151460 2.828910
vt -1.101860 1.694030
vt -1.574670 1.688810
vt -0.998603 2.776110
vt -1.001900 2.826200
vt -1.104850 2.782690
vt -1.101990 2.832400
vt -1.051240 2.781710
vt -1.051490 2.831480
vt -1.210610 2.713880
vt -1.255890 2.701200
vt -0.947728 2.709110
vt -0.902107 2.694780
vt -1.154830 2.791220
vt -0.964887 2.209860
vt -0.982786 2.796450
vt -1.136940 2.204630
vt -1.160230 2.722270
vt -0.808280 1.124260
vt -0.649564 0.910764
vt -0.649564 1.124260
vt -0.808280 0.910764
vt -0.808280 2.605840
vt -0.649564 2.392340
vt -0.649564 2.605840
vt -0.808280 2.392340
vt -0.998346 2.719330
vt -0.825796 2.202960
vt -0.636206 1.621600
vt -0.654241 2.208190
vt -0.807762 1.616370
vt -1.106680 2.726030
vt -1.052020 2.725040
vt -0.638974 1.881040
vt -0.639175 1.920190
vt -0.810997 1.882890
vt -0.811198 1.922040
vt -1.127850 0.647263
vt -1.193330 1.071140
vt -1.194070 0.635409
vt -1.127110 1.083000
vt -0.981186 0.636374
vt -1.051130 1.083340
vt -1.051870 0.647607
vt -0.980445 1.072110
vt -1.147520 2.778360
vt -0.971856 2.274580
vt -0.975358 2.779160
vt -1.144020 2.273780
vt -1.100770 1.713550
vt -1.573580 1.708330
vt -0.580927 2.142000
vt -0.588002 2.446000
vt -0.680531 2.141180
vt -0.687606 2.445180
vt -0.675784 1.762410
vt -0.576180 1.763230
vt -0.674305 1.383900
vt -0.574701 1.384720
vt -0.823637 1.196210
vt -0.669604 1.234190
vt -0.674047 1.254740
vt -0.828079 1.216770
vt -0.676387 1.080610
vt -0.576784 1.081430
vt -0.874543 1.870750
vt -0.875368 1.916830
vt -1.421320 1.912070
vt -1.420490 1.865990
vt -1.740550 2.777930
vt -1.719430 2.836420
vt -1.743140 2.823740
vt -1.710380 2.794070
vt -0.525566 2.752810
vt -0.493492 2.795470
vt -0.522231 2.806460
vt -0.491772 2.739880
vt -0.525370 2.852540
vt -0.554199 2.818580
vt -0.550487 2.862060
vt -1.694220 2.849780
vt -1.678290 2.811070
vt -1.695100 2.744350
vt -1.730590 2.725360
vt -0.563156 2.767060
vt -0.588164 2.831360
vt -0.577173 2.872100
vt -0.535247 2.693650
vt -0.497696 2.679280
vt -1.762460 2.708100
vt -1.713620 2.668060
vt -1.749040 2.648880
vt -1.668480 2.863280
vt -1.645520 2.828260
vt -1.657370 2.764330
vt -0.622824 2.844310
vt -0.604405 2.882280
vt -1.674190 2.689160
vt -0.550901 2.631250
vt -0.511037 2.616000
vt -0.577014 2.709480
vt -0.603095 2.782080
vt -1.472840 2.066610
vt -0.831888 1.750530
vt -0.830448 2.063040
vt -1.474280 1.754100
vt -1.690320 2.608220
vt -1.727920 2.587860
vt -1.732420 2.509510
vt -1.699900 2.527400
vt -1.759810 2.570320
vt -1.618840 2.784540
vt -1.632270 2.711360
vt -0.571926 2.568010
vt -0.531282 2.552460
vt -0.595240 2.648060
vt -0.621392 2.726180
vt -0.643850 2.797310
vt -1.648460 2.630620
vt -0.838112 1.635470
vt -0.874145 1.597650
vt -0.852174 1.612220
vt -0.899674 1.594660
vt -0.834745 1.662800
vt -0.860512 1.708330
vt -0.842739 1.688810
vt -0.884542 1.717500
vt -0.949472 1.649360
vt -0.923705 1.603830
vt -0.941478 1.623360
vt -0.946105 1.676690
vt -0.932043 1.699950
vt -0.910072 1.714510
vt -1.661560 2.548160
vt -1.613330 2.844980
vt -1.580990 2.804200
vt -1.840550 1.407890
vt -1.296240 0.974851
vt -0.939657 0.975379
vt -1.617770 1.129210
vt -0.396766 1.410020
vt -0.618638 1.130690
vt -1.841690 2.103710
vt -1.920470 1.755680
vt -1.298800 2.538360
vt -1.619820 2.383050
vt -0.620687 2.384530
vt -0.942212 2.538890
vt -0.317987 1.758050
vt -0.397903 2.105850
vt -1.589460 2.733820
vt -0.617135 2.585150
vt -1.603950 2.654190
vt -0.642352 2.665780
vt -0.656844 2.856920
vt -0.683854 2.812140
vt -1.618890 2.570990
vt -0.666677 2.743090
vt -0.875487 1.959970
vt -1.421440 1.955200
vt -1.582970 2.860590
vt -1.545290 2.822560
vt -1.547400 2.755660
vt -0.745264 0.562519
vt -0.982026 0.977668
vt -0.792292 0.541934
vt -0.934998 0.998254
vt -1.558500 2.678030
vt -0.665170 2.603220
vt -1.573510 2.595030
vt -0.688919 2.868720
vt -0.721570 2.826020
vt -0.690426 2.683740
vt -0.711127 2.759570
vt -1.490210 0.546522
vt -1.337750 1.000330
vt -1.539960 0.570257
vt -1.288000 0.976591
vt -1.507730 2.776060
vt -1.513860 2.701220
vt -1.527170 2.619330
vt -0.714185 2.621520
vt -0.753035 2.775000
vt -0.737614 2.701240
vt -1.513090 2.838900
vt -1.471950 2.794220
vt -0.686018 0.588380
vt -0.875752 1.024110
vt -1.471740 2.722880
vt -1.481650 2.642980
vt -0.755549 2.838410
vt -0.790789 2.788760
vt -0.762298 2.639370
vt -0.782103 2.717610
vt -1.433760 2.742160
vt -1.397180 1.028360
vt -1.599390 0.598295
vt -1.438710 2.665060
vt -0.822940 2.800340
vt -0.784484 2.848830
vt -0.807658 2.656060
vt -0.822183 2.732220
vt -1.441450 2.809450
vt -1.401380 2.758330
vt -1.399980 2.684710
vt -0.856314 2.744510
vt -0.848524 2.670960
vt -0.626289 0.614395
vt -0.816023 1.050130
vt -1.366970 2.701200
vt -0.963499 2.837590
vt -1.260890 2.781960
vt -0.963029 2.784610
vt -1.261360 2.834930
vt -1.138740 2.791510
vt -1.088680 2.204630
vt -1.085800 2.791220
vt -1.141620 2.204930
vt -1.659130 2.751310
vt -1.314090 2.273780
vt -1.613610 2.778360
vt -1.359610 2.246730
vt -0.657635 2.787510
vt -0.782784 2.211760
vt -0.607118 2.771640
vt -0.833301 2.227630
vt -1.647720 1.054080
vt -1.513630 1.216770
vt -1.667800 1.074640
vt -1.493550 1.196210
vt -0.883324 2.683490
vt -1.454540 1.055150
vt -1.656740 0.625084
vt -0.519841 1.093950
vt -0.687012 1.222380
vt -0.540306 1.073350
vt -0.666547 1.242980
vt -0.577906 0.635409
vt -0.767640 1.071140
vt -0.219103 1.764080
vt -0.430916 1.735020
vt -0.219083 1.735000
vt -0.430935 1.764100
vt -1.139330 2.203250
vt -1.088390 1.616370
vt -1.086550 2.202960
vt -1.141180 1.616670
vt -0.687002 2.243440
vt -0.552910 2.406130
vt -0.707082 2.263990
vt -0.532831 2.385570
vt -0.843930 1.922040
vt -1.089570 1.626270
vt -0.808259 1.882890
vt -1.125240 1.665420
vt -1.466350 2.286260
vt -1.633520 2.414690
vt -1.486810 2.265660
vt -1.613050 2.435290
vt -1.759680 1.764080
vt -1.971490 1.735020
vt -1.759660 1.735000
vt -1.971510 1.764100
vt -0.917792 1.207940
vt -1.022490 1.127990
vt -0.958074 1.158200
vt -1.098280 1.123310
vt -0.909620 1.267380
vt -0.989403 1.368640
vt -0.935178 1.324730
vt -1.061550 1.390410
vt -1.250210 1.246330
vt -1.170430 1.145070
vt -1.224650 1.188980
vt -1.242040 1.305770
vt -1.201760 1.355520
vt -1.137340 1.385730
vt -0.919739 2.104860
vt -1.029300 2.029020
vt -0.963080 2.056470
vt -1.105270 2.027940
vt -0.907856 2.164590
vt -0.981186 2.270860
vt -0.929786 2.223830
vt -1.051870 2.296360
vt -1.249290 2.159710
vt -1.175960 2.053430
vt -1.227360 2.100460
vt -1.237410 2.219440
vt -1.194070 2.267820
vt -1.127850 2.295270
vt -0.582015 1.551370
vt -0.589359 1.939450
vt -1.052840 1.945030
vt -1.044960 1.528470
vt -1.517080 1.906070
vt -1.510330 1.549480
vt -0.808280 1.720720
vt -0.649564 1.720720
vt -0.649564 1.749790
vt -0.808280 1.749790
vt -0.597360 2.288820
vt -1.061430 2.320040
vt -0.576784 1.201450
vt -1.039340 1.152870
vt -1.524430 2.227090
vt -1.505530 1.227960
vt -0.630657 2.277150
vt -0.629143 2.297620
vt -0.785937 2.305420
vt -0.784424 2.325880
vt -1.569450 1.946050
vt -1.098540 2.006260
vt -1.571350 1.971580
vt -1.096640 1.980730
vt -1.100320 2.028240
vt -1.573130 1.993550
vt -0.803603 1.704550
vt -0.632048 1.718080
vt -0.636206 1.770860
vt -0.807762 1.757330
vt -1.584140 1.972550
vt -1.628010 1.971180
vt -1.615310 1.425230
vt -1.571430 1.426600
vt -1.523290 1.974190
vt -1.510590 1.428240
vt -0.794911 2.626640
vt -0.663120 2.395670
vt -0.637357 2.607500
vt -0.820673 2.414810
vt -0.794911 1.086070
vt -0.663120 0.855094
vt -0.637357 1.066930
vt -0.820673 0.874236
vt -1.567780 1.922020
vt -1.094970 1.956700
vt -1.457530 1.975770
vt -1.444830 1.429820
vt -1.587050 1.371450
vt -1.333290 1.379380
vt -1.353290 2.021770
vt -1.607040 2.013840
vt -0.629765 1.202800
vt -0.823637 1.352180
vt -0.783797 1.198010
vt -0.669604 1.356970
vt -0.810997 2.037470
vt -0.646646 1.753150
vt -0.638974 2.034470
vt -0.818669 1.756150
vt -0.673420 2.130440
vt -0.828701 2.158710
vt -1.399880 1.976990
vt -1.387180 1.431040
vt -0.629765 2.163510
vt -0.823637 2.312890
vt -0.783797 2.158720
vt -0.669604 2.317680
vt -0.785937 1.358910
vt -0.673420 1.183940
vt -0.630657 1.330640
vt -0.828701 1.212200
vt -1.361760 1.977600
vt -1.349050 1.431650
vt -1.135800 1.704110
vt -0.963756 1.707810
vt -0.964887 1.760750
vt -1.136940 1.757040
vt -1.141320 2.012420
vt -0.969166 2.013530
vt -0.969299 2.064050
vt -1.141450 2.062940
vt -1.144070 1.486110
vt -0.971908 1.485440
vt -0.971856 1.530970
vt -1.144020 1.531640
vt -0.629143 1.351110
vt -0.784424 1.379380
vt -0.695607 1.546710
vt -0.596004 1.548590
vt -0.603348 1.936670
vt -0.702951 1.934780
vt -0.687606 1.197340
vt -0.588002 1.199220
vt -0.608579 2.286590
vt -0.708182 2.284710
vt -1.148290 1.882700
vt -0.970716 1.585500
vt -0.971828 1.883370
vt -1.147180 1.584830
vt -1.586730 1.112610
vt -1.591170 1.092050
vt -1.432690 1.074640
vt -1.437140 1.054080
vt -1.644150 1.081430
vt -1.181590 1.027470
vt -1.183830 1.353020
vt -1.646230 1.384720
vt -0.715408 1.129210
vt -0.717321 1.407890
vt -1.182240 1.759310
vt -1.644750 1.763230
vt -0.715963 1.755680
vt -1.139300 2.834660
vt -1.164610 2.784900
vt -1.134240 2.785450
vt -1.160220 2.834280
vt -1.118760 2.836850
vt -1.104430 2.788630
vt -1.194360 2.787000
vt -1.180710 2.835730
vt -1.099390 2.840760
vt -1.076300 2.794300
vt -1.134030 2.876050
vt -1.144500 2.874940
vt -1.155170 2.874740
vt -1.165610 2.875480
vt -1.124160 2.878040
vt -1.199990 2.838930
vt -1.175440 2.877110
vt -1.222350 2.791650
vt -1.115260 2.880840
vt -1.081930 2.846240
vt -1.050960 2.802270
vt -1.129530 2.729200
vt -1.168180 2.728500
vt -1.091580 2.733240
vt -1.206050 2.731160
vt -1.217320 2.843790
vt -1.184280 2.879590
vt -1.055790 2.740470
vt -1.247510 2.798700
vt -1.640010 2.142000
vt -1.177140 2.165870
vt -1.067060 2.853090
vt -1.029360 2.812200
vt -1.241670 2.737090
vt -1.023530 2.750600
vt -1.268860 2.807860
vt -1.232030 2.850100
vt -0.711601 2.103710
vt -1.125340 2.668060
vt -1.080710 2.672810
vt -1.170790 2.667240
vt -1.055340 2.861030
vt -1.012350 2.823740
vt -1.273690 2.746060
vt -1.215320 2.670370
vt -0.996044 2.763250
vt -1.038630 2.681310
vt -1.257210 2.677350
vt -1.285590 2.818780
vt -1.243550 2.857620
vt -1.000700 2.693220
vt -1.300870 2.757720
vt -0.974389 2.777930
vt -1.294850 2.687890
vt -1.121830 2.604390
vt -1.172330 2.603480
vt -1.072250 2.609670
vt -0.968377 2.708100
vt -1.221810 2.606960
vt -1.025480 2.619110
vt -1.322160 2.771620
vt -1.268360 2.614710
vt -1.326810 2.701600
vt -0.983336 2.632350
vt -0.942914 2.725360
vt -1.310190 2.626420
vt -1.119150 2.540640
vt -1.172760 2.539660
vt -1.066510 2.546240
vt -0.947426 2.648880
vt -1.225280 2.543360
vt -1.016860 2.556260
vt -1.274690 2.551590
vt -1.345700 2.641650
vt -0.972119 2.570320
vt -1.319100 2.564020
vt -1.117380 2.479250
vt -1.063710 2.484960
vt -1.172040 2.478250
vt -0.933997 2.587860
vt -1.225600 2.482020
vt -1.013090 2.495180
vt -1.275980 2.490410
vt -1.356800 2.580190
vt -0.967474 2.509510
vt -1.321260 2.503090
vt -1.402060 1.665420
vt -1.574090 1.663570
vt -1.574290 1.624420
vt -1.402270 1.626270
vt -1.632930 2.446000
vt -1.169550 2.492190
vt -0.705100 2.383050
vt -1.115660 0.530700
vt -1.192380 0.966779
vt -1.191640 0.531044
vt -1.116400 0.966435
vt -1.044970 0.541934
vt -1.045710 0.977668
vt -1.258590 0.978632
vt -1.257850 0.542898
vt -0.654242 1.623360
vt -1.125960 1.609060
vt -0.653152 1.603830
vt -1.127050 1.628580
vt -0.878091 2.074330
vt -0.633883 1.754100
vt -0.624332 2.066610
vt -0.887642 1.761820
vt -0.882927 1.882370
vt -0.871881 1.839240
vt -0.759987 1.994150
vt -0.864708 1.928450
vt -0.820831 1.968340
vt -0.598450 1.955200
vt -0.694226 2.000750
vt -0.636575 1.986850
vt -0.710344 1.800290
vt -0.587404 1.912070
vt -0.776104 1.793680
vt -0.833756 1.807580
vt -0.649500 1.826100
vt -0.605623 1.865990
vt -1.245520 2.752110
vt -1.076860 2.246730
vt -1.073360 2.751310
vt -1.249030 2.247530
vt -1.074170 2.834930
vt -1.250640 2.833540
vt -1.250220 2.780570
vt -1.073750 2.781960
vt -1.071520 2.815270
vt -1.037310 2.856890
vt -1.079460 2.862270
vt -1.024700 2.809290
vt -1.255920 2.854560
vt -1.221100 2.813680
vt -1.214080 2.860830
vt -1.267600 2.806710
vt -1.121150 2.818040
vt -1.124120 2.864760
vt -1.171650 2.817500
vt -1.169570 2.864280
vt -1.016620 2.754020
vt -0.982462 2.800340
vt -0.971779 2.744510
vt -1.309350 2.796860
vt -1.274480 2.751270
vt -1.318810 2.740820
vt -1.066330 2.760360
vt -1.225120 2.758670
vt -1.570850 2.208490
vt -1.417330 1.616670
vt -1.399300 2.203250
vt -1.588890 1.621900
vt -1.119000 2.763300
vt -1.172620 2.762730
vt -0.654541 1.649360
vt -1.127350 1.654580
vt -1.013380 2.693180
vt -0.967666 2.683490
vt -1.239280 2.796750
vt -1.085130 2.204930
vt -1.067230 2.791510
vt -1.257180 2.210160
vt -1.276300 2.690380
vt -1.321490 2.679730
vt -1.571370 1.124260
vt -1.412650 0.910764
vt -1.412650 1.124260
vt -1.571370 0.910764
vt -1.571370 2.605840
vt -1.412650 2.392340
vt -1.412650 2.605840
vt -1.571370 2.392340
vt -1.064070 2.699650
vt -1.225970 2.697930
vt -1.117780 2.702650
vt -1.172440 2.702070
vt -0.996281 0.625084
vt -1.053930 1.075390
vt -1.050510 0.645317
vt -0.999705 1.055150
vt -1.586730 2.301970
vt -1.591170 2.281410
vt -1.432690 2.263990
vt -1.437140 2.243440
vt -1.198450 0.652180
vt -1.266280 1.067520
vt -1.262860 0.637450
vt -1.201870 1.082250
vt -1.126080 1.085060
vt -1.122660 0.654988
s 1
usemtl Handle1Mtl.055
f 1/1/1 2/2/1 3/3/1
f 3/3/1 4/4/2 1/1/1
f 5/5/3 6/6/4 7/7/4
f 6/6/4 5/5/3 8/8/4
f 9/9/5 10/10/5 11/7/5
f 10/10/5 9/9/5 12/11/5
f 13/12/6 14/13/6 15/3/7
f 14/13/6 13/12/6 16/14/6
f 17/15/8 18/16/8 19/2/8
f 17/15/8 19/2/8 20/1/8
f 21/17/9 22/8/9 23/5/9
f 22/8/9 21/17/9 24/18/9
f 25/19/10 26/3/10 27/2/10
f 26/3/10 25/19/10 28/12/10
f 29/7/11 30/20/12 31/5/11
f 30/20/12 29/7/11 32/10/11
f 33/11/13 34/21/13 35/10/13
f 34/21/13 33/11/13 36/22/13
f 37/23/14 38/14/14 39/12/14
f 38/14/14 37/23/14 40/24/14
f 41/25/15 42/26/16 43/16/16
f 41/25/15 43/16/16 44/15/17
f 45/18/18 46/17/19 47/27/18
f 45/18/18 47/27/18 48/28/19
f 49/29/20 50/2/21 51/16/21
f 50/2/21 49/29/20 52/19/22
f 53/5/23 54/30/23 55/17/24
f 54/30/23 53/5/23 56/20/23
f 57/10/25 58/31/25 59/20/25
f 58/31/25 57/10/25 60/21/26
f 61/22/27 62/32/28 63/21/28
f 62/32/28 61/22/27 64/33/29
f 65/34/30 66/12/30 67/19/30
f 66/12/30 65/34/30 68/23/31
f 69/35/32 70/24/33 71/23/34
f 70/24/33 69/35/32 72/36/32
f 73/26/35 74/37/36 75/38/36
f 74/37/36 73/26/35 76/25/36
f 77/39/37 78/40/38 79/41/37
f 78/40/38 77/39/37 80/42/37
f 81/43/39 82/44/39 83/45/39
f 82/44/39 81/43/39 84/36/40
f 85/28/41 86/27/41 87/46/41
f 85/28/41 87/46/41 88/47/41
f 89/26/42 90/29/42 91/16/42
f 90/29/42 89/26/42 92/48/42
f 93/49/43 94/50/43 95/51/43
f 94/50/43 93/49/43 96/52/43
f 97/33/44 98/53/44 99/32/45
f 98/53/44 97/33/44 100/54/45
f 101/17/46 102/55/46 103/27/46
f 102/55/46 101/17/46 104/30/46
f 105/21/47 106/56/47 107/31/48
f 106/56/47 105/21/47 108/32/47
f 109/20/49 110/57/49 111/30/49
f 110/57/49 109/20/49 112/31/49
f 113/19/50 114/58/50 115/34/50
f 114/58/50 113/19/50 116/29/50
f 117/23/51 118/59/51 119/35/52
f 118/59/51 117/23/51 120/34/52
f 121/36/53 122/60/53 123/44/53
f 122/60/53 121/36/53 124/35/54
f 125/38/55 126/48/55 127/26/55
f 126/48/55 125/38/55 128/61/55
f 129/62/56 130/63/56 131/64/56
f 130/63/56 129/62/56 132/65/56
f 133/32/57 134/66/57 135/56/57
f 134/66/57 133/32/57 136/53/57
f 137/55/58 138/46/58 139/27/58
f 138/46/58 137/55/58 140/67/59
f 141/68/60 142/69/60 143/70/60
f 142/69/60 141/68/60 144/71/60
f 145/72/60 146/73/60 147/74/60
f 146/73/60 145/72/60 148/75/60
f 149/48/61 150/58/62 151/29/63
f 150/58/62 149/48/61 152/76/64
f 153/31/65 154/77/65 155/57/66
f 154/77/65 153/31/65 156/56/65
f 157/30/67 158/78/68 159/55/67
f 158/78/68 157/30/67 160/57/67
f 161/79/69 162/80/69 163/81/70
f 162/80/69 161/79/69 164/82/69
f 165/34/71 166/83/71 167/59/71
f 166/83/71 165/34/71 168/58/71
f 169/84/72 170/85/73 171/86/74
f 170/85/73 169/84/72 172/87/73
f 173/35/75 174/88/76 175/60/77
f 174/88/76 173/35/75 176/59/75
f 177/89/78 178/61/78 179/38/79
f 178/61/78 177/89/78 180/90/79
f 181/91/80 182/92/80 183/93/80
f 181/91/80 183/93/80 184/94/81
f 183/93/80 185/95/80 184/94/81
f 181/91/80 184/94/81 186/96/80
f 184/94/81 187/97/80 186/96/80
f 188/98/80 181/91/80 186/96/80
f 186/96/80 189/99/81 188/98/80
f 189/99/81 190/100/80 188/98/80
f 188/98/80 190/100/80 191/101/80
f 190/100/80 192/102/81 191/101/80
f 191/101/80 193/103/81 188/98/80
f 193/103/81 194/104/80 188/98/80
f 195/67/82 196/105/82 197/46/82
f 196/105/82 195/67/82 198/106/82
f 199/107/83 200/108/83 201/109/83
f 200/108/83 199/107/83 202/110/83
f 203/61/84 204/76/84 205/48/85
f 204/76/84 203/61/84 206/111/86
f 207/56/87 208/112/88 209/77/88
f 208/112/88 207/56/87 210/66/89
f 211/67/90 212/78/91 213/113/91
f 212/78/91 211/67/90 214/55/90
f 215/57/92 216/114/92 217/78/92
f 216/114/92 215/57/92 218/77/93
f 219/76/94 220/83/94 221/58/94
f 220/83/94 219/76/94 222/115/94
f 223/59/95 224/116/95 225/88/95
f 224/116/95 223/59/95 226/83/96
f 227/117/37 228/118/37 229/119/37
f 228/118/37 227/117/37 230/120/37
f 231/106/97 232/121/97 233/105/97
f 232/121/97 231/106/97 234/122/97
f 235/90/98 236/111/99 237/61/99
f 236/111/99 235/90/98 238/123/100
f 239/124/101 240/125/101 241/126/101
f 240/125/101 239/124/101 242/127/101
f 243/77/102 244/128/102 245/114/103
f 244/128/102 243/77/102 246/112/102
f 247/111/104 248/115/104 249/76/104
f 248/115/104 247/111/104 250/129/104
f 251/113/105 252/106/105 253/67/105
f 252/106/105 251/113/105 254/130/105
f 255/115/106 256/116/106 257/83/107
f 256/116/106 255/115/106 258/131/108
f 259/113/109 260/114/110 261/132/109
f 260/114/110 259/113/109 262/78/109
f 263/133/111 264/123/112 265/90/112
f 264/123/112 263/133/111 266/134/112
f 267/130/113 268/122/113 269/106/113
f 268/122/113 267/130/113 270/135/113
f 271/123/114 272/129/114 273/111/115
f 272/129/114 271/123/114 274/136/116
f 275/129/117 276/131/117 277/115/118
f 276/131/117 275/129/117 278/137/117
f 279/132/119 280/128/119 281/138/119
f 280/128/119 279/132/119 282/114/120
f 283/130/121 284/132/121 285/139/122
f 284/132/121 283/130/121 286/113/121
f 288/133/123 287/140/123 289/134/123
f 290/109/124 291/141/124 292/142/125
f 291/141/124 290/109/124 293/108/124
f 294/143/43 295/144/43 296/145/43
f 295/144/43 294/143/43 297/146/43
f 298/135/126 299/147/126 300/122/126
f 299/147/126 298/135/126 301/148/126
f 302/134/127 303/136/127 304/123/127
f 303/136/127 302/134/127 305/149/127
f 306/136/128 307/137/129 308/129/129
f 307/137/129 306/136/128 309/150/129
f 310/139/130 311/135/131 312/130/130
f 311/135/131 310/139/130 313/151/130
f 314/139/132 315/138/132 316/152/132
f 315/138/132 314/139/132 317/132/132
f 318/153/133 319/134/133 320/140/133
f 319/134/133 318/153/133 321/149/133
f 322/154/134 323/127/134 324/124/134
f 323/127/134 322/154/134 325/155/134
f 326/149/135 327/150/136 328/136/137
f 327/150/136 326/149/135 329/156/138
f 330/151/139 331/148/140 332/135/141
f 331/148/140 330/151/139 333/157/142
f 334/151/143 335/152/144 336/158/143
f 335/152/144 334/151/143 337/139/144
f 338/159/145 339/160/145 340/161/146
f 339/160/145 338/159/145 341/162/145
f 342/163/147 343/164/147 344/165/147
f 343/164/147 342/163/147 345/166/148
f 346/167/149 347/168/149 348/169/149
f 347/168/149 346/167/149 349/170/149
f 350/171/72 351/172/73 352/173/73
f 351/172/73 350/171/72 353/174/72
f 354/175/150 355/176/150 356/177/150
f 355/176/150 354/175/150 357/178/150
f 358/149/151 359/179/151 360/156/151
f 359/179/151 358/149/151 361/153/151
f 362/157/152 363/158/153 364/180/152
f 363/158/153 362/157/152 365/151/152
f 366/142/154 367/181/155 368/182/155
f 367/181/155 366/142/154 369/141/155
f 370/183/156 371/184/157 372/185/156
f 373/186/157 371/184/157 370/183/156
f 371/184/157 373/186/157 374/187/156
f 372/185/156 371/184/157 375/188/157
f 375/188/157 371/184/157 376/189/157
f 375/188/157 376/189/157 377/190/156
f 378/191/157 372/185/156 375/188/157
f 378/191/157 375/188/157 379/192/157
f 372/185/156 378/191/157 380/193/157
f 372/185/156 380/193/157 381/194/157
f 379/192/157 382/195/156 378/191/157
f 382/195/156 379/192/157 383/196/157
f 384/197/158 385/155/158 386/154/158
f 385/155/158 384/197/158 387/198/158
f 388/182/159 389/199/159 390/200/160
f 389/199/159 388/182/159 391/181/159
f 392/201/161 393/202/161 394/203/161
f 394/203/161 395/204/161 392/201/161
f 396/205/162 397/206/163 398/207/162
f 397/206/163 396/205/162 399/208/162
f 400/209/164 401/201/165 402/204/164
f 402/204/164 403/210/164 400/209/164
f 404/211/166 405/212/166 406/213/166
f 406/213/166 407/214/167 404/211/166
f 408/215/168 409/216/169 410/212/168
f 410/212/168 411/211/168 408/215/168
f 412/214/170 413/213/171 414/217/170
f 414/217/170 415/218/170 412/214/170
f 416/219/172 417/215/172 418/220/172
f 417/215/172 416/219/172 419/216/172
f 420/221/173 421/222/174 422/223/175
f 421/222/174 420/221/173 423/224/176
f 424/225/177 425/217/178 426/226/178
f 425/217/178 424/225/177 427/218/179
f 428/227/180 429/220/180 430/228/180
f 429/220/180 428/227/180 431/219/180
f 432/229/181 433/230/181 434/231/181
f 433/230/181 432/229/181 435/232/181
f 436/225/182 437/233/182 438/234/182
f 437/233/182 436/225/182 439/226/182
f 440/224/183 441/235/183 442/222/184
f 441/235/183 440/224/183 443/236/183
f 444/237/185 445/238/185 446/239/185
f 447/239/186 448/238/186 449/240/186
f 450/241/187 451/238/187 452/237/187
f 453/240/188 454/238/188 455/242/188
f 456/242/189 457/238/189 458/243/189
f 459/223/190 460/238/190 461/241/190
f 462/244/191 463/228/192 464/245/192
f 463/228/192 462/244/191 465/227/191
f 466/243/193 467/238/193 468/230/193
f 469/222/194 470/238/194 471/223/194
f 472/230/195 473/238/195 474/231/195
f 475/246/196 476/231/196 477/247/196
f 476/231/196 475/246/196 478/229/196
f 479/234/197 480/248/197 481/249/197
f 480/248/197 479/234/197 482/233/197
f 483/235/198 484/238/198 485/222/198
f 486/236/199 487/250/199 488/235/199
f 487/250/199 486/236/199 489/251/199
f 490/231/200 491/238/200 492/247/200
f 493/250/201 494/238/201 495/235/201
f 496/252/202 497/245/202 498/253/202
f 497/245/202 496/252/202 499/244/202
f 500/247/203 501/238/203 502/254/203
f 503/255/204 504/238/204 505/250/204
f 506/214/205 507/256/205 508/211/205
f 509/211/206 510/256/206 511/215/206
f 512/244/207 513/257/207 514/258/207
f 513/257/207 512/244/207 515/252/208
f 516/218/209 517/256/209 518/214/209
f 519/215/210 520/256/210 521/220/210
f 522/259/211 523/247/211 524/254/211
f 523/247/211 522/259/211 525/246/211
f 526/260/212 527/248/212 528/261/212
f 527/248/212 526/260/212 529/249/212
f 530/225/213 531/256/213 532/218/213
f 533/254/214 534/238/214 535/262/214
f 536/220/215 537/256/215 538/228/215
f 539/263/216 540/238/216 541/255/216
f 542/234/217 543/256/217 544/225/217
f 545/255/218 546/251/218 547/264/219
f 546/251/218 545/255/218 548/250/218
f 549/228/220 550/256/220 551/245/220
f 552/265/221 553/251/221 554/236/221
f 553/251/221 552/265/221 555/266/221
f 556/262/222 557/238/222 558/267/222
f 559/249/223 560/256/223 561/234/223
f 562/268/224 563/238/224 564/263/224
f 565/253/225 566/269/226 567/252/226
f 566/269/226 565/253/225 568/270/225
f 569/245/227 570/256/227 571/253/227
f 572/261/228 573/271/228 574/272/228
f 573/271/228 572/261/228 575/248/229
f 576/267/230 577/238/230 578/273/230
f 579/260/231 580/256/231 581/249/231
f 582/274/232 583/238/232 584/268/232
f 585/262/233 586/275/234 587/259/235
f 585/262/233 587/259/235 588/254/236
f 589/253/237 590/256/237 591/270/237
f 592/261/238 593/276/239 594/260/238
f 593/276/239 592/261/238 595/277/239
f 596/273/240 597/238/240 598/278/240
f 599/276/241 600/256/241 601/260/241
f 602/279/242 603/238/242 604/274/242
f 605/263/243 606/264/244 607/280/243
f 606/264/244 605/263/243 608/255/245
f 609/270/246 610/256/246 611/281/246
f 612/282/247 613/246/248 614/259/248
f 613/246/248 612/282/247 615/283/248
f 616/278/249 617/238/249 618/284/249
f 619/252/250 620/285/250 621/257/250
f 620/285/250 619/252/250 622/269/250
f 623/286/251 624/238/251 625/279/251
f 626/287/252 627/256/252 628/276/252
f 629/284/253 630/238/253 631/288/253
f 632/270/254 633/289/254 634/269/254
f 633/289/254 632/270/254 635/281/255
f 636/290/256 637/238/256 638/286/256
f 639/281/257 640/256/257 641/291/257
f 642/264/258 643/266/258 644/292/258
f 643/266/258 642/264/258 645/251/259
f 646/288/260 647/238/260 648/293/260
f 649/294/261 650/238/261 651/290/261
f 652/295/262 653/256/262 654/287/262
f 655/296/263 656/238/263 657/294/263
f 658/267/264 659/297/265 660/275/265
f 658/267/264 660/275/265 661/262/264
f 662/293/266 663/238/266 664/298/266
f 665/299/267 666/238/268 667/296/267
f 668/298/269 669/238/269 670/299/269
f 671/291/270 672/256/270 673/300/270
f 674/301/271 675/276/271 676/277/271
f 675/276/271 674/301/271 677/287/272
f 678/272/273 679/277/274 680/261/274
f 679/277/274 678/272/273 681/302/274
f 682/268/275 683/280/276 684/303/276
f 683/280/276 682/268/275 685/263/276
f 686/304/277 687/256/277 688/295/277
f 689/300/278 690/256/278 691/305/278
f 692/306/279 693/256/279 694/304/279
f 695/281/280 696/307/280 697/289/280
f 696/307/280 695/281/280 698/291/280
f 699/305/281 700/256/281 701/308/281
f 702/309/282 703/259/282 704/275/282
f 703/259/282 702/309/282 705/282/282
f 706/297/283 707/273/283 708/310/284
f 707/273/283 706/297/283 709/267/283
f 710/311/285 711/256/285 712/306/285
f 713/269/286 714/312/286 715/285/286
f 714/312/286 713/269/286 716/289/287
f 717/308/288 718/256/288 719/313/288
f 720/274/289 721/303/289 722/314/289
f 721/303/289 720/274/289 723/268/289
f 724/287/290 725/301/291 726/315/290
f 724/287/290 726/315/290 727/295/290
f 728/316/292 729/256/292 730/311/292
f 731/280/293 732/292/293 733/317/294
f 732/292/293 731/280/293 734/264/294
f 735/313/295 736/256/295 737/318/295
f 738/319/296 739/256/296 740/316/296
f 741/318/297 742/256/297 743/320/297
f 744/321/298 745/256/298 746/319/298
f 747/320/299 748/256/299 749/322/299
f 750/322/300 751/256/300 752/323/300
f 753/323/301 754/256/301 755/321/301
f 756/302/302 757/301/302 758/277/302
f 757/301/302 756/302/302 759/324/302
f 760/325/303 761/273/303 762/278/304
f 761/273/303 760/325/303 763/310/303
f 764/291/305 765/326/305 766/307/306
f 765/326/305 764/291/305 767/300/307
f 768/314/308 769/279/309 770/274/309
f 769/279/309 768/314/308 771/327/308
f 772/295/310 773/315/310 774/328/310
f 772/295/310 774/328/310 775/304/310
f 776/329/311 777/275/312 778/297/312
f 777/275/312 776/329/311 779/309/312
f 780/278/313 781/330/314 782/325/313
f 781/330/314 780/278/313 783/284/314
f 784/288/315 785/331/315 786/332/315
f 785/331/315 784/288/315 787/293/316
f 788/289/317 789/333/317 790/312/317
f 789/333/317 788/289/317 791/307/317
f 792/303/318 793/317/318 794/334/318
f 793/317/318 792/303/318 795/280/318
f 796/327/319 797/286/320 798/279/320
f 797/286/320 796/327/319 799/335/320
f 800/336/321 801/300/322 802/305/321
f 801/300/322 800/336/321 803/326/322
f 804/328/323 805/306/323 806/304/323
f 805/306/323 804/328/323 807/337/323
f 808/288/324 809/330/324 810/284/324
f 809/330/324 808/288/324 811/332/324
f 812/324/325 813/315/325 814/301/326
f 813/315/325 812/324/325 815/338/326
f 816/335/327 817/290/327 818/286/327
f 817/290/327 816/335/327 819/339/327
f 820/340/328 821/297/328 822/310/329
f 821/297/328 820/340/328 823/329/328
f 824/341/330 825/305/330 826/308/330
f 825/305/330 824/341/330 827/336/330
f 828/339/331 829/294/332 830/290/332
f 829/294/332 828/339/331 831/342/332
f 832/314/333 833/334/333 834/343/333
f 833/334/333 832/314/333 835/303/334
f 836/337/335 837/311/336 838/306/335
f 837/311/336 836/337/335 839/344/336
f 840/331/337 841/293/338 842/298/337
f 840/331/337 842/298/337 843/345/337
f 844/307/339 845/346/339 846/333/339
f 845/346/339 844/307/339 847/326/340
f 848/294/341 849/342/341 850/347/342
f 850/347/342 851/296/341 848/294/341
f 852/348/343 853/349/344 854/350/344
f 854/350/344 853/349/344 855/351/345
f 856/296/346 857/347/346 858/352/346
f 858/352/346 859/299/347 856/296/346
f 860/299/348 861/352/348 862/345/348
f 862/345/348 863/298/348 860/299/348
f 864/353/349 865/308/349 866/313/350
f 865/308/349 864/353/349 867/341/349
f 868/338/351 869/328/351 870/315/352
f 869/328/351 868/338/351 871/354/351
f 872/344/353 873/316/353 874/311/353
f 873/316/353 872/344/353 875/355/353
f 876/356/354 877/310/354 878/325/354
f 877/310/354 876/356/354 879/340/354
f 880/357/355 881/313/355 882/318/355
f 881/313/355 880/357/355 883/353/355
f 884/327/356 885/343/356 886/358/356
f 885/343/356 884/327/356 887/314/356
f 888/319/357 889/355/357 890/359/357
f 889/355/357 888/319/357 891/316/357
f 892/334/358 893/360/359 894/361/359
f 893/360/359 892/334/358 895/317/359
f 896/362/360 897/326/360 898/336/361
f 897/326/360 896/362/360 899/346/361
f 900/363/362 901/318/362 902/320/362
f 901/318/362 900/363/362 903/357/363
f 904/321/364 905/359/364 906/364/364
f 905/359/364 904/321/364 907/319/364
f 908/365/365 909/320/365 910/322/365
f 909/320/365 908/365/365 911/363/365
f 912/323/366 913/364/367 914/366/368
f 913/364/367 912/323/366 915/321/369
f 916/322/370 917/366/370 918/365/370
f 917/366/370 916/322/370 919/323/370
f 920/325/371 921/367/371 922/356/371
f 921/367/371 920/325/371 923/330/371
f 924/354/372 925/337/372 926/328/372
f 925/337/372 924/354/372 927/368/372
f 928/358/373 929/335/373 930/327/373
f 929/335/373 928/358/373 931/369/374
f 932/333/375 933/370/375 934/371/375
f 933/370/375 932/333/375 935/346/375
f 936/372/376 937/336/377 938/341/376
f 937/336/377 936/372/376 939/362/376
f 940/373/378 941/374/378 942/375/378
f 942/375/378 941/374/378 943/376/378
f 944/343/379 945/361/379 946/377/379
f 945/361/379 944/343/379 947/334/379
f 948/330/380 949/378/380 950/367/381
f 949/378/380 948/330/380 951/332/382
f 952/369/383 953/339/383 954/335/383
f 953/339/383 952/369/383 955/379/383
f 956/368/384 957/344/384 958/337/384
f 957/344/384 956/368/384 959/380/385
f 960/339/386 961/379/386 962/381/386
f 960/339/386 962/381/386 963/342/386
f 964/332/387 965/382/387 966/378/387
f 965/382/387 964/332/387 967/331/387
f 968/383/388 969/341/388 970/353/388
f 969/341/388 968/383/388 971/372/389
f 972/384/390 973/356/390 974/385/390
f 973/356/390 972/384/390 975/340/391
f 976/342/392 977/381/392 978/386/392
f 978/386/392 979/347/392 976/342/392
f 980/387/393 981/346/394 982/362/393
f 981/346/394 980/387/393 983/370/395
f 984/380/396 985/355/397 986/344/397
f 985/355/397 984/380/396 987/388/397
f 988/358/398 989/377/399 990/389/399
f 989/377/399 988/358/398 991/343/398
f 992/390/400 993/391/400 994/352/400
f 993/391/400 995/345/400 994/352/400
f 996/347/401 997/386/401 998/390/401
f 998/390/401 999/352/401 996/347/401
f 1000/382/402 1001/331/403 1002/345/403
f 1000/382/402 1002/345/403 1003/391/403
f 1004/392/404 1005/353/404 1006/357/405
f 1005/353/404 1004/392/404 1007/383/404
f 1008/354/406 1009/393/407 1010/394/407
f 1010/394/407 1011/368/406 1008/354/406
f 1012/359/408 1013/388/408 1014/395/408
f 1013/388/408 1012/359/408 1015/355/408
f 1016/367/409 1017/385/410 1018/356/409
f 1017/385/410 1016/367/409 1019/396/409
f 1020/397/411 1021/398/411 1022/399/411
f 1021/398/411 1020/397/411 1023/400/411
f 1024/401/412 1025/357/413 1026/363/413
f 1025/357/413 1024/401/412 1027/392/413
f 1028/389/414 1029/369/414 1030/358/414
f 1029/369/414 1028/389/414 1031/402/415
f 1032/364/416 1033/395/416 1034/403/416
f 1033/395/416 1032/364/416 1035/359/416
f 1036/404/417 1037/362/417 1038/372/417
f 1037/362/417 1036/404/417 1039/387/418
f 1040/405/419 1041/363/419 1042/365/419
f 1041/363/419 1040/405/419 1043/401/419
f 1044/366/420 1045/403/420 1046/406/420
f 1045/403/420 1044/366/420 1047/364/421
f 1048/365/422 1049/406/423 1050/405/423
f 1049/406/423 1048/365/422 1051/366/424
f 1052/367/425 1053/407/425 1054/396/425
f 1053/407/425 1052/367/425 1055/378/425
f 1056/394/426 1057/408/426 1058/368/426
f 1057/408/426 1059/380/426 1058/368/426
f 1060/402/427 1061/379/427 1062/369/428
f 1061/379/427 1060/402/427 1063/409/427
f 1064/410/429 1065/411/429 1066/412/429
f 1066/412/429 1065/411/429 1067/413/429
f 1068/414/430 1069/372/430 1070/383/430
f 1069/372/430 1068/414/430 1071/404/430
f 1072/415/431 1073/389/431 1074/377/431
f 1073/389/431 1072/415/431 1075/416/432
f 1076/382/433 1077/407/433 1078/378/433
f 1077/407/433 1076/382/433 1079/417/433
f 1080/379/434 1081/409/434 1082/418/434
f 1080/379/434 1082/418/434 1083/381/434
f 1084/408/435 1085/419/436 1086/380/435
f 1085/419/436 1087/388/436 1086/380/435
f 1088/382/437 1089/420/437 1090/417/437
f 1089/420/437 1088/382/437 1091/391/437
f 1092/418/438 1093/386/439 1094/381/438
f 1093/386/439 1092/418/438 1095/421/439
f 1096/422/440 1097/420/441 1098/390/442
f 1097/420/441 1099/391/441 1098/390/442
f 1100/421/443 1101/390/444 1102/386/445
f 1101/390/444 1100/421/443 1103/422/443
f 1104/396/446 1105/423/446 1106/385/446
f 1105/423/446 1104/396/446 1107/424/446
f 1108/392/447 1109/425/447 1110/414/447
f 1108/392/447 1110/414/447 1111/383/447
f 1112/426/448 1113/395/449 1114/388/449
f 1112/426/448 1114/388/449 1115/419/448
f 1116/427/450 1117/389/451 1118/416/450
f 1117/389/451 1116/427/450 1119/402/450
f 1120/428/452 1121/429/452 1122/404/452
f 1121/429/452 1123/387/452 1122/404/452
f 1124/430/453 1125/431/453 1126/432/453
f 1126/432/453 1127/433/453 1124/430/453
f 1128/434/454 1129/435/454 1130/436/454
f 1130/436/454 1131/437/454 1128/434/454
f 1132/432/455 1133/438/455 1134/439/456
f 1134/439/456 1135/433/455 1132/432/455
f 1136/425/457 1137/401/457 1138/440/457
f 1137/401/457 1136/425/457 1139/392/457
f 1140/436/458 1141/435/458 1142/441/458
f 1142/441/458 1143/442/458 1140/436/458
f 1144/443/459 1145/444/460 1146/445/460
f 1144/443/459 1146/445/460 1147/446/461
f 1148/395/462 1149/447/463 1150/403/462
f 1149/447/463 1148/395/462 1151/426/463
f 1152/407/464 1153/424/465 1154/396/464
f 1153/424/465 1152/407/464 1155/448/466
f 1156/440/467 1157/405/468 1158/449/469
f 1157/405/468 1156/440/467 1159/401/467
f 1160/403/470 1161/450/470 1162/406/471
f 1161/450/470 1160/403/470 1163/447/471
f 1164/427/472 1165/409/473 1166/402/474
f 1165/409/473 1164/427/472 1167/451/475
f 1168/406/476 1169/449/476 1170/405/476
f 1169/449/476 1168/406/476 1171/450/477
f 1172/414/478 1173/452/478 1174/428/478
f 1174/428/478 1175/404/478 1172/414/478
f 1176/453/479 1177/407/479 1178/417/480
f 1177/407/479 1176/453/479 1179/448/481
f 1180/454/482 1181/455/483 1182/408/482
f 1181/455/483 1183/419/483 1182/408/482
f 1184/409/484 1185/456/485 1186/418/486
f 1185/456/485 1184/409/484 1187/451/484
f 1188/431/487 1189/437/487 1190/436/487
f 1190/436/487 1191/432/487 1188/431/487
f 1192/457/488 1193/417/488 1194/420/488
f 1193/417/488 1192/457/488 1195/453/488
f 1196/432/489 1197/436/489 1198/442/489
f 1198/442/489 1199/438/489 1196/432/489
f 1200/418/490 1201/458/491 1202/421/491
f 1201/458/491 1200/418/490 1203/456/491
f 1204/459/492 1205/427/492 1206/416/493
f 1205/427/492 1204/459/492 1207/460/494
f 1208/461/495 1209/414/495 1210/425/495
f 1209/414/495 1208/461/495 1211/452/495
f 1212/421/496 1213/462/496 1214/422/496
f 1213/462/496 1212/421/496 1215/458/496
f 1216/462/497 1217/420/498 1218/422/497
f 1217/420/498 1216/462/497 1219/457/498
f 1220/426/499 1221/419/499 1222/463/499
f 1222/463/499 1221/419/499 1223/455/499
f 1224/464/500 1225/424/500 1226/448/500
f 1227/465/501 1228/425/502 1229/440/501
f 1228/425/502 1227/465/501 1230/461/501
f 1231/426/503 1232/466/504 1233/447/504
f 1232/466/504 1231/426/503 1234/463/504
f 1235/427/505 1236/467/505 1237/451/505
f 1236/467/505 1235/427/505 1238/460/505
f 1239/468/506 1240/469/506 1241/470/506
f 1241/470/506 1240/469/506 1242/471/506
f 1243/472/507 1244/440/508 1245/449/508
f 1244/440/508 1243/472/507 1246/465/509
f 1247/447/510 1248/473/510 1249/450/511
f 1248/473/510 1247/447/510 1250/466/511
f 1251/450/512 1252/472/512 1253/449/513
f 1252/472/512 1251/450/512 1254/473/512
f 1255/474/514 1256/448/515 1257/453/514
f 1256/448/515 1255/474/514 1258/464/514
f 1259/451/516 1260/475/517 1261/456/516
f 1260/475/517 1259/451/516 1262/467/516
f 1263/476/518 1264/453/518 1265/457/518
f 1264/453/518 1263/476/518 1266/474/518
f 1267/477/519 1268/452/519 1269/461/520
f 1268/452/519 1267/477/519 1270/478/519
f 1271/456/521 1272/479/521 1273/458/521
f 1272/479/521 1271/456/521 1274/475/521
f 1275/458/522 1276/480/523 1277/462/523
f 1276/480/523 1275/458/522 1278/479/523
f 1279/457/524 1280/480/524 1281/476/524
f 1280/480/524 1279/457/524 1282/462/524
f 1283/455/525 1284/481/525 1285/463/525
f 1284/481/525 1283/455/525 1286/482/526
f 1287/483/527 1288/484/527 1289/485/527
f 1289/485/527 1290/486/527 1287/483/527
f 1291/487/528 1292/488/528 1293/489/528
f 1293/489/528 1292/488/528 1294/490/528
f 1295/484/529 1296/491/529 1297/492/529
f 1297/492/529 1298/485/530 1295/484/529
f 1299/493/531 1300/443/531 1301/494/531
f 1300/443/531 1299/493/531 1302/444/531
f 1303/495/532 1304/496/429 1305/497/429
f 1305/497/429 1304/496/429 1306/498/429
f 1307/499/533 1308/500/533 1309/501/534
f 1308/500/533 1307/499/533 1310/502/533
f 1311/491/535 1312/503/535 1313/504/535
f 1313/504/535 1314/492/535 1311/491/535
f 1315/505/536 1316/506/536 1317/507/531
f 1316/506/536 1315/505/536 1318/508/536
f 1319/503/537 1320/509/538 1321/510/537
f 1321/510/537 1322/504/537 1319/503/537
f 1323/511/539 1324/512/540 1325/513/539
f 1324/512/540 1323/511/539 1326/514/539
f 1327/515/541 1328/516/541 1329/517/541
f 1328/516/541 1327/515/541 1330/518/541
f 1331/509/542 1332/519/542 1333/520/542
f 1333/520/542 1334/510/542 1331/509/542
f 1335/521/533 1336/522/533 1337/523/533
f 1336/522/533 1335/521/533 1338/524/533
f 1339/525/543 1340/526/543 1341/527/543
f 1340/526/543 1339/525/543 1342/528/543
f 1343/529/543 1344/530/543 1345/531/543
f 1344/530/543 1343/529/543 1346/532/543
f 1347/533/544 1348/534/544 1349/535/544
f 1348/534/544 1347/533/544 1350/536/545
f 1351/513/546 1352/536/546 1353/533/546
f 1352/536/546 1351/513/546 1354/512/546
f 1355/506/460 1356/508/460 1357/537/461
f 1355/506/460 1357/537/461 1358/538/460
f 1359/468/506 1360/469/506 1361/470/506
f 1361/470/506 1360/469/506 1362/471/506
f 1363/539/547 1364/540/547 1365/541/547
f 1366/542/547 1364/540/547 1363/539/547
f 1364/540/547 1366/542/547 1367/543/547
f 1365/541/547 1364/540/547 1368/544/547
f 1368/544/547 1364/540/547 1369/545/547
f 1368/544/547 1369/545/547 1370/546/547
f 1371/547/547 1365/541/547 1368/544/547
f 1371/547/547 1368/544/547 1372/548/547
f 1365/541/547 1371/547/547 1373/549/547
f 1365/541/547 1373/549/547 1374/550/547
f 1372/548/547 1375/551/547 1371/547/547
f 1375/551/547 1372/548/547 1376/552/548
f 1377/553/549 1378/554/550 1379/555/551
f 1380/556/551 1378/554/550 1377/553/549
f 1378/554/550 1380/556/551 1381/557/549
f 1379/555/551 1378/554/550 1382/558/552
f 1382/558/552 1378/554/550 1383/559/553
f 1382/558/552 1383/559/553 1384/560/549
f 1385/561/551 1379/555/551 1382/558/552
f 1385/561/551 1382/558/552 1386/562/551
f 1379/555/551 1385/561/551 1387/563/554
f 1379/555/551 1387/563/554 1388/564/553
f 1386/562/551 1389/565/555 1385/561/551
f 1389/565/555 1386/562/551 1390/566/556
f 1391/567/557 1392/568/557 1393/569/558
f 1391/567/557 1394/570/557 1392/568/557
f 1395/571/559 1396/572/560 1397/573/561
f 1395/571/559 1398/574/561 1396/572/560
f 1399/574/562 1400/571/562 1401/569/562
f 1401/569/562 1402/568/562 1399/574/562
f 1403/575/563 1404/576/563 1405/577/564
f 1405/577/564 1406/578/563 1403/575/563
f 1407/577/565 1408/579/566 1409/580/565
f 1409/580/565 1410/578/565 1407/577/565
f 1411/576/567 1412/581/567 1413/582/567
f 1413/582/567 1414/577/567 1411/576/567
f 1415/582/568 1416/583/568 1417/579/568
f 1417/579/568 1418/577/568 1415/582/568
f 1419/584/569 1420/585/569 1421/586/569
f 1421/586/569 1420/585/569 1422/587/569
f 1423/588/570 1424/589/570 1425/590/570
f 1425/590/570 1426/591/570 1423/588/570
f 1427/592/571 1428/593/571 1429/589/571
f 1429/589/571 1430/588/571 1427/592/571
f 1431/590/572 1432/594/572 1433/591/572
f 1432/594/572 1434/595/572 1433/591/572
f 1435/596/573 1436/590/573 1437/589/573
f 1436/590/573 1435/596/573 1438/597/574
f 1439/598/575 1440/589/575 1441/593/575
f 1440/589/575 1439/598/575 1442/596/576
f 1443/599/577 1444/600/577 1445/593/577
f 1443/599/577 1445/593/577 1446/592/577
f 1447/601/578 1448/602/578 1449/582/578
f 1449/582/578 1450/581/578 1447/601/578
f 1451/597/579 1452/603/579 1453/590/579
f 1452/603/579 1454/594/579 1453/590/579
f 1455/604/580 1456/594/580 1457/605/580
f 1456/594/580 1455/604/580 1458/595/580
f 1459/600/581 1460/606/582 1461/598/581
f 1459/600/581 1461/598/581 1462/593/583
f 1463/607/584 1464/599/585 1465/608/585
f 1464/599/585 1463/607/584 1466/600/586
f 1467/605/587 1468/603/588 1469/609/589
f 1468/603/588 1467/605/587 1470/594/589
f 1471/596/590 1472/610/590 1473/597/590
f 1472/610/590 1471/596/590 1474/611/591
f 1475/604/592 1476/612/592 1477/613/592
f 1476/612/592 1475/604/592 1478/605/592
f 1479/598/593 1480/611/594 1481/596/594
f 1480/611/594 1479/598/593 1482/614/593
f 1483/615/595 1484/600/595 1485/607/595
f 1484/600/595 1483/615/595 1486/606/595
f 1487/582/596 1488/602/597 1489/616/598
f 1489/616/598 1490/583/599 1487/582/596
f 1491/610/600 1492/603/600 1493/597/600
f 1492/603/600 1491/610/600 1494/617/600
f 1495/618/601 1496/608/601 1497/619/602
f 1496/608/601 1495/618/601 1498/607/601
f 1499/606/603 1500/614/603 1501/598/603
f 1500/614/603 1499/606/603 1502/620/603
f 1503/605/604 1504/621/604 1505/612/605
f 1504/621/604 1503/605/604 1506/609/604
f 1507/622/606 1508/612/606 1509/623/607
f 1508/612/606 1507/622/606 1510/613/606
f 1511/617/608 1512/609/608 1513/603/609
f 1512/609/608 1511/617/608 1514/624/610
f 1515/625/611 1516/607/612 1517/618/612
f 1516/607/612 1515/625/611 1518/615/611
f 1519/626/613 1520/606/614 1521/615/613
f 1520/606/614 1519/626/613 1522/620/613
f 1523/611/615 1524/627/616 1525/610/617
f 1524/627/616 1523/611/615 1526/628/615
f 1527/614/618 1528/628/618 1529/611/618
f 1528/628/618 1527/614/618 1530/629/618
f 1531/623/619 1532/621/620 1533/630/619
f 1532/621/620 1531/623/619 1534/612/619
f 1535/617/621 1536/627/621 1537/631/621
f 1536/627/621 1535/617/621 1538/610/621
f 1539/624/622 1540/621/622 1541/609/622
f 1540/621/622 1539/624/622 1542/632/622
f 1543/620/623 1544/629/623 1545/614/623
f 1544/629/623 1543/620/623 1546/633/623
f 1547/626/624 1548/625/624 1549/634/624
f 1548/625/624 1547/626/624 1550/615/624
f 1551/618/625 1552/635/626 1553/625/626
f 1552/635/626 1551/618/625 1554/636/627
f 1555/631/628 1556/624/628 1557/617/628
f 1556/624/628 1555/631/628 1558/637/628
f 1559/626/629 1560/633/629 1561/620/629
f 1560/633/629 1559/626/629 1562/638/629
f 1563/628/630 1564/639/630 1565/627/630
f 1564/639/630 1563/628/630 1566/640/631
f 1567/623/632 1568/641/633 1569/642/634
f 1568/641/633 1567/623/632 1570/630/633
f 1571/643/635 1572/644/636 1573/645/637
f 1572/644/636 1571/643/635 1574/646/638
f 1575/629/639 1576/640/639 1577/628/639
f 1576/640/639 1575/629/639 1578/647/639
f 1579/621/640 1580/648/641 1581/630/642
f 1580/648/641 1579/621/640 1582/632/643
f 1583/631/644 1584/639/645 1585/649/645
f 1584/639/645 1583/631/644 1586/627/645
f 1587/637/646 1588/632/646 1589/624/646
f 1588/632/646 1587/637/646 1590/650/647
f 1591/633/648 1592/647/648 1593/629/648
f 1592/647/648 1591/633/648 1594/651/648
f 1595/652/649 1596/626/649 1597/634/649
f 1596/626/649 1595/652/649 1598/638/649
f 1599/637/650 1600/649/650 1601/653/650
f 1600/649/650 1599/637/650 1602/631/650
f 1603/638/651 1604/651/651 1605/633/651
f 1604/651/651 1603/638/651 1606/654/652
f 1607/650/653 1608/648/653 1609/632/653
f 1608/648/653 1607/650/653 1610/655/653
f 1611/640/654 1612/656/654 1613/639/654
f 1612/656/654 1611/640/654 1614/657/654
f 1615/647/655 1616/657/655 1617/640/656
f 1616/657/655 1615/647/655 1618/658/655
f 1619/653/657 1620/650/658 1621/637/658
f 1620/650/658 1619/653/657 1622/659/657
f 1623/649/659 1624/656/659 1625/660/660
f 1624/656/659 1623/649/659 1626/639/660
f 1627/651/661 1628/658/661 1629/647/661
f 1628/658/661 1627/651/661 1630/661/661
f 1631/662/662 1632/638/662 1633/652/662
f 1632/638/662 1631/662/662 1634/654/662
f 1635/653/663 1636/660/663 1637/663/663
f 1636/660/663 1635/653/663 1638/649/663
f 1639/654/664 1640/661/665 1641/651/666
f 1640/661/665 1639/654/664 1642/664/667
f 1643/659/668 1644/655/669 1645/650/668
f 1644/655/669 1643/659/668 1646/665/669
f 1647/659/670 1648/663/671 1649/666/671
f 1648/663/671 1647/659/670 1650/653/670
f 1651/654/672 1652/667/672 1653/664/672
f 1652/667/672 1651/654/672 1654/662/673
f 1655/665/674 1656/666/674 1657/668/674
f 1656/666/674 1655/665/674 1658/659/675
f 1659/669/676 1660/670/676 1661/602/677
f 1661/602/677 1662/601/677 1659/669/676
f 1663/602/678 1664/670/678 1665/671/678
f 1665/671/678 1666/616/678 1663/602/678
f 1667/672/679 1668/673/679 1669/674/679
f 1668/673/679 1667/672/679 1670/675/680
f 1671/676/681 1672/675/681 1673/672/682
f 1672/675/681 1671/676/681 1674/677/682
f 1675/674/683 1676/678/683 1677/679/683
f 1676/678/683 1675/674/683 1678/673/683
f 1679/680/684 1680/677/685 1681/676/686
f 1680/677/685 1679/680/684 1682/681/684
f 1683/645/687 1684/682/687 1685/683/687
f 1684/682/687 1683/645/687 1686/644/687
f 1687/684/688 1688/685/688 1689/686/688
f 1688/685/688 1687/684/688 1690/687/688
f 1691/688/689 1692/689/689 1693/690/689
f 1691/688/689 1693/690/689 1694/691/689
f 2881/692/690 2883/693/690 2882/694/690
f 2880/695/690 2881/692/690 2882/694/690
f 2878/694/691 2879/696/692 2876/697/692
f 2876/697/692 2877/695/691 2878/694/691
f 2872/698/693 2874/699/693 2875/700/693
f 2872/698/693 2873/701/693 2874/699/693
f 2870/696/694 2871/702/694 2868/703/694
f 2868/703/694 2869/697/694 2870/696/694
f 2865/704/695 2864/705/695 2867/706/696
f 2864/705/695 2865/704/695 2866/707/695
f 2861/703/697 2863/702/698 2862/708/697
f 2860/709/697 2861/703/697 2862/708/697
f 2857/710/699 2856/711/699 2859/712/699
f 2856/711/699 2857/710/699 2858/713/699
f 1700/714/700 1701/715/700 1702/716/700
f 1701/715/700 1700/714/700 1703/717/700
f 1704/718/701 1705/719/702 1706/720/701
f 1704/718/701 1706/720/701 1707/721/702
f 1707/721/702 1708/722/702 1704/718/701
f 1709/723/702 1710/724/702 1708/722/702
f 1711/725/702 1709/723/702 1708/722/702
f 1712/726/703 1708/722/702 1707/721/702
f 1712/726/703 1711/725/702 1708/722/702
f 1707/721/702 1713/727/702 1712/726/703
f 1713/727/702 1714/728/702 1712/726/703
f 1712/726/703 1715/729/703 1711/725/702
f 1715/729/703 1716/730/702 1711/725/702
f 1716/730/702 1717/731/702 1711/725/702
f 1718/732/704 1719/733/704 1720/734/704
f 1720/734/704 1719/733/704 1721/735/704
f 1722/736/705 1723/737/705 1724/738/705
f 1723/737/705 1722/736/705 1725/739/706
f 1726/740/707 1727/741/708 1728/742/709
f 1727/741/708 1726/740/707 1729/743/709
f 1730/738/710 1731/744/710 1732/745/710
f 1731/744/710 1730/738/710 1733/737/710
f 1734/683/711 1735/746/711 1736/747/712
f 1735/746/711 1734/683/711 1737/682/711
f 1738/742/713 1739/748/713 1740/740/713
f 1739/748/713 1738/742/713 1741/749/713
f 1742/745/714 1743/750/714 1744/751/714
f 1743/750/714 1742/745/714 1745/744/714
f 1746/751/715 1747/752/716 1748/753/717
f 1747/752/716 1746/751/715 1749/750/716
f 1750/749/718 1751/752/718 1752/748/718
f 1751/752/718 1750/749/718 1753/753/718
f 1754/739/719 1755/754/719 1756/737/720
f 1755/754/719 1754/739/719 1757/755/719
f 1758/743/721 1759/756/721 1760/757/721
f 1759/756/721 1758/743/721 1761/740/721
f 1762/758/722 1763/759/722 1764/760/722
f 1763/759/722 1762/758/722 1765/761/722
f 1766/737/723 1767/762/724 1768/744/725
f 1767/762/724 1766/737/723 1769/754/725
f 1770/763/726 1771/764/726 1772/765/726
f 1771/764/726 1770/763/726 1773/766/726
f 1774/767/726 1775/768/726 1776/769/726
f 1775/768/726 1774/767/726 1777/770/726
f 1778/740/727 1779/771/727 1780/756/728
f 1779/771/727 1778/740/727 1781/748/727
f 1782/772/729 1783/773/729 1784/774/729
f 1783/773/729 1782/772/729 1785/775/729
f 1786/744/730 1787/776/730 1788/750/730
f 1787/776/730 1786/744/730 1789/762/730
f 1790/748/731 1791/777/732 1792/771/732
f 1791/777/732 1790/748/731 1793/752/731
f 1794/750/733 1795/777/733 1796/752/733
f 1795/777/733 1794/750/733 1797/776/734
f 1798/778/735 1799/779/736 1800/780/735
f 1800/780/735 1799/779/736 1801/781/736
f 1802/782/737 1803/783/738 1804/784/738
f 1803/783/738 1802/782/737 1805/785/738
f 1806/786/739 1807/787/739 1808/788/739
f 1807/787/739 1806/786/739 1809/789/739
f 1810/788/740 1811/785/740 1812/782/740
f 1811/785/740 1810/788/740 1813/787/740
f 1814/790/741 1815/791/741 1816/792/741
f 1815/791/741 1814/790/741 1817/793/741
f 1818/747/742 1819/794/742 1820/795/743
f 1819/794/742 1818/747/742 1821/746/743
f 1822/796/744 1823/797/744 1824/798/744
f 1823/797/744 1825/799/744 1824/798/744
f 1826/584/569 1827/585/569 1828/586/569
f 1828/586/569 1827/585/569 1829/587/569
f 1830/796/745 1831/800/745 1832/801/745
f 1830/796/745 1833/798/745 1831/800/745
f 1834/801/746 1835/802/746 1836/803/746
f 1834/801/746 1837/800/746 1835/802/746
f 1838/804/689 1839/805/747 1840/806/747
f 1838/804/689 1840/806/747 1841/807/689
f 1842/808/748 1843/809/748 1844/803/749
f 1844/803/749 1845/802/748 1842/808/748
f 1846/810/750 1847/811/750 1848/812/750
f 1848/812/750 1849/813/750 1846/810/750
f 1850/814/751 1851/815/752 1852/816/752
f 1851/815/752 1850/814/751 1853/817/751
f 1854/818/753 1855/819/753 1856/820/754
f 1855/819/753 1854/818/753 1857/821/753
f 1858/822/755 1859/823/755 1860/820/755
f 1859/823/755 1858/822/755 1861/824/756
f 1862/825/757 1863/817/758 1864/826/759
f 1863/817/758 1862/825/757 1865/815/760
f 1866/814/761 1867/827/762 1868/817/761
f 1867/827/762 1866/814/761 1869/828/763
f 1870/829/764 1871/820/765 1872/823/765
f 1871/820/765 1870/829/764 1873/818/765
f 1874/824/766 1875/830/766 1876/823/766
f 1875/830/766 1874/824/766 1877/831/766
f 1878/832/767 1879/821/767 1880/818/767
f 1879/821/767 1878/832/767 1881/833/767
f 1882/834/768 1883/835/769 1884/828/769
f 1883/835/769 1882/834/768 1885/836/768
f 1886/837/770 1887/826/771 1888/838/771
f 1887/826/771 1886/837/770 1889/825/771
f 1890/817/772 1891/839/773 1892/826/772
f 1891/839/773 1890/817/772 1893/827/772
f 1894/831/774 1895/840/775 1896/830/774
f 1895/840/775 1894/831/774 1897/841/776
f 1898/828/777 1899/842/778 1900/827/779
f 1899/842/778 1898/828/777 1901/835/778
f 1902/843/780 1903/833/781 1904/832/781
f 1903/833/781 1902/843/780 1905/844/781
f 1906/845/782 1907/818/782 1908/829/782
f 1907/818/782 1906/845/782 1909/832/782
f 1910/846/783 1911/823/783 1912/830/783
f 1911/823/783 1910/846/783 1913/829/783
f 1914/847/784 1915/848/784 1916/849/784
f 1915/848/784 1914/847/784 1917/850/785
f 1918/836/786 1919/851/787 1920/835/786
f 1919/851/787 1918/836/786 1921/852/787
f 1922/852/788 1923/853/789 1924/854/790
f 1923/853/789 1922/852/788 1925/855/788
f 1926/826/791 1927/856/792 1928/838/792
f 1927/856/792 1926/826/791 1929/839/791
f 1930/827/793 1931/857/793 1932/839/794
f 1931/857/793 1930/827/793 1933/842/794
f 1934/844/795 1935/858/795 1936/859/795
f 1935/858/795 1934/844/795 1937/843/796
f 1938/832/797 1939/860/797 1940/843/797
f 1939/860/797 1938/832/797 1941/845/797
f 1942/829/798 1943/861/799 1944/845/798
f 1943/861/799 1942/829/798 1945/846/800
f 1946/840/801 1947/846/801 1948/830/801
f 1947/846/801 1946/840/801 1949/862/801
f 1950/835/802 1951/863/802 1952/842/803
f 1951/863/802 1950/835/802 1953/851/804
f 1954/864/805 1955/865/806 1956/866/805
f 1954/864/805 1957/867/805 1955/865/806
f 1957/867/805 1954/864/805 1958/868/805
f 1959/869/805 1958/868/805 1960/870/805
f 1961/871/805 1958/868/805 1959/869/805
f 1962/872/805 1957/867/805 1958/868/805
f 1962/872/805 1958/868/805 1961/871/805
f 1957/867/805 1962/872/805 1963/873/805
f 1963/873/805 1962/872/805 1964/874/805
f 1962/872/805 1961/871/805 1965/875/805
f 1965/875/805 1961/871/805 1966/876/806
f 1966/876/806 1961/871/805 1967/877/806
f 1968/852/807 1969/878/808 1970/851/807
f 1969/878/808 1968/852/807 1971/854/808
f 1972/856/809 1973/879/809 1974/838/809
f 1973/879/809 1972/856/809 1975/880/809
f 1976/881/810 1977/882/810 1978/883/810
f 1976/881/810 1979/884/810 1977/882/810
f 1976/881/810 1978/883/810 1980/885/810
f 1978/883/810 1981/886/810 1980/885/810
f 1976/881/810 1980/885/810 1982/887/810
f 1982/887/810 1983/888/810 1976/881/810
f 1980/885/810 1984/889/811 1982/887/810
f 1984/889/811 1985/890/810 1982/887/810
f 1986/891/810 1984/889/811 1980/885/810
f 1986/891/810 1987/892/810 1984/889/811
f 1980/885/810 1988/893/810 1986/891/810
f 1988/893/810 1989/894/810 1986/891/810
f 1990/839/812 1991/895/812 1992/856/813
f 1991/895/812 1990/839/812 1993/857/812
f 1994/843/814 1995/896/814 1996/858/814
f 1995/896/814 1994/843/814 1997/860/814
f 1998/842/815 1999/897/816 2000/857/815
f 1999/897/816 1998/842/815 2001/863/816
f 2002/845/817 2003/898/817 2004/860/817
f 2003/898/817 2002/845/817 2005/861/817
f 2006/899/818 2007/862/819 2008/840/818
f 2007/862/819 2006/899/818 2009/900/819
f 2010/851/820 2011/901/820 2012/863/821
f 2011/901/820 2010/851/820 2013/878/821
f 2014/862/822 2015/861/822 2016/846/822
f 2015/861/822 2014/862/822 2017/902/822
f 2018/811/823 2019/903/823 2020/904/823
f 2020/904/823 2021/812/823 2018/811/823
f 2022/880/824 2023/905/824 2024/879/825
f 2023/905/824 2022/880/824 2025/906/824
f 2026/880/826 2027/895/827 2028/907/827
f 2027/895/827 2026/880/826 2029/856/827
f 2030/908/828 2031/909/828 2032/910/829
f 2031/909/828 2030/908/828 2033/911/830
f 2034/857/831 2035/912/832 2036/895/831
f 2035/912/832 2034/857/831 2037/897/831
f 2038/860/833 2039/913/833 2040/896/833
f 2039/913/833 2038/860/833 2041/898/833
f 2042/863/834 2043/914/835 2044/897/834
f 2043/914/835 2042/863/834 2045/901/834
f 2046/915/836 2047/900/836 2048/899/836
f 2047/900/836 2046/915/836 2049/916/836
f 2050/902/837 2051/898/838 2052/861/838
f 2051/898/838 2050/902/837 2053/917/838
f 2054/900/839 2055/902/840 2056/862/841
f 2055/902/840 2054/900/839 2057/918/841
f 2058/919/842 2059/920/842 2060/921/842
f 2059/920/842 2058/919/842 2061/922/842
f 2062/907/843 2063/906/844 2064/880/843
f 2063/906/844 2062/907/843 2065/923/844
f 2066/907/845 2067/912/845 2068/924/845
f 2067/912/845 2066/907/845 2069/895/845
f 2070/897/846 2071/925/846 2072/912/846
f 2071/925/846 2070/897/846 2073/914/846
f 2074/917/847 2075/913/847 2076/898/847
f 2075/913/847 2074/917/847 2077/926/848
f 2078/916/849 2079/918/849 2080/900/850
f 2079/918/849 2078/916/849 2081/927/849
f 2082/918/851 2083/917/851 2084/902/852
f 2083/917/851 2082/918/851 2085/928/852
f 2086/923/853 2087/929/853 2088/906/854
f 2087/929/853 2086/923/853 2089/930/853
f 2090/931/855 2091/911/855 2092/908/855
f 2091/911/855 2090/931/855 2093/932/855
f 2094/923/856 2095/924/856 2096/933/856
f 2095/924/856 2094/923/856 2097/907/857
f 2098/924/858 2099/925/858 2100/934/858
f 2099/925/858 2098/924/858 2101/912/859
f 2102/935/860 2103/927/861 2104/916/861
f 2103/927/861 2102/935/860 2105/936/861
f 2106/928/862 2107/926/863 2108/917/862
f 2107/926/863 2106/928/862 2109/937/862
f 2110/927/864 2111/928/864 2112/918/865
f 2111/928/864 2110/927/864 2113/938/865
f 2114/933/866 2115/930/867 2116/923/866
f 2115/930/867 2114/933/866 2117/939/867
f 2118/921/868 2119/940/868 2120/941/868
f 2119/940/868 2118/921/868 2121/920/868
f 2122/933/869 2123/934/869 2124/942/870
f 2123/934/869 2122/933/869 2125/924/869
f 2126/943/871 2127/935/872 2128/944/872
f 2127/935/872 2126/943/871 2129/936/873
f 2130/938/874 2131/937/874 2132/928/875
f 2131/937/874 2130/938/874 2133/945/875
f 2134/936/876 2135/938/876 2136/927/876
f 2135/938/876 2134/936/876 2137/946/876
f 2138/939/877 2139/947/877 2140/930/877
f 2139/947/877 2138/939/877 2141/948/877
f 2142/939/878 2143/942/878 2144/949/878
f 2143/942/878 2142/939/878 2145/933/878
f 2146/950/879 2147/936/880 2148/943/879
f 2147/936/880 2146/950/879 2149/946/879
f 2150/946/881 2151/945/881 2152/938/881
f 2151/945/881 2150/946/881 2153/951/882
f 2154/952/883 2155/932/883 2156/931/884
f 2155/932/883 2154/952/883 2157/953/883
f 2158/948/885 2159/949/885 2160/954/886
f 2159/949/885 2158/948/885 2161/939/885
f 2162/955/887 2163/956/887 2164/957/887
f 2163/956/887 2162/955/887 2165/958/887
f 2166/959/888 2167/960/888 2168/961/888
f 2167/960/888 2166/959/888 2169/962/888
f 2170/963/889 2171/964/889 2172/965/889
f 2171/964/889 2170/963/889 2173/966/889
f 2174/967/890 2175/968/890 2176/969/891
f 2175/968/890 2174/967/890 2177/970/890
f 2178/971/892 2179/972/893 2180/973/892
f 2179/972/893 2178/971/892 2181/974/893
f 2182/946/894 2183/975/895 2184/951/896
f 2183/975/895 2182/946/894 2185/950/894
f 2186/941/897 2187/976/897 2188/977/898
f 2187/976/897 2186/941/897 2189/940/897
f 2190/978/899 2191/979/899 2192/980/899
f 2191/979/899 2190/978/899 2193/981/899
f 2194/982/900 2195/953/901 2196/952/900
f 2195/953/901 2194/982/900 2197/983/901
f 2198/984/902 2199/985/902 2200/986/902
f 2199/985/902 2198/984/902 2201/987/903
f 2202/988/904 2203/989/904 2204/990/904
f 2203/989/904 2202/988/904 2205/991/905
f 2206/992/892 2207/993/892 2208/994/892
f 2207/993/892 2206/992/892 2209/995/892
f 2210/996/906 2211/997/906 2212/998/906
f 2211/997/906 2210/996/906 2213/999/906
f 2214/68/907 2215/69/907 2216/70/907
f 2215/69/907 2214/68/907 2217/71/907
f 2218/72/907 2219/73/907 2220/74/907
f 2219/73/907 2218/72/907 2221/75/907
f 2222/1000/899 2223/1001/899 2224/1002/908
f 2223/1001/899 2222/1000/899 2225/1003/899
f 2226/1004/902 2227/1005/902 2228/1006/902
f 2227/1005/902 2226/1004/902 2229/1007/902
f 2230/1008/909 2231/1009/910 2232/1010/910
f 2230/1008/909 2233/1011/911 2231/1009/910
f 2233/1011/911 2230/1008/909 2234/1012/910
f 2235/1013/911 2234/1012/910 2236/1014/912
f 2237/1015/910 2234/1012/910 2235/1013/911
f 2238/1016/913 2233/1011/911 2234/1012/910
f 2238/1016/913 2234/1012/910 2237/1015/910
f 2233/1011/911 2238/1016/913 2239/1017/912
f 2239/1017/912 2238/1016/913 2240/1018/910
f 2238/1016/913 2237/1015/910 2241/1019/911
f 2241/1019/911 2237/1015/910 2242/1020/911
f 2242/1020/911 2237/1015/910 2243/1021/911
f 2244/1022/914 2245/1023/914 2246/1024/914
f 2244/1022/914 2247/1025/914 2245/1023/914
f 2247/1025/914 2244/1022/914 2248/1026/914
f 2249/1027/915 2248/1026/914 2250/1028/914
f 2251/1029/914 2248/1026/914 2249/1027/915
f 2252/1030/914 2247/1025/914 2248/1026/914
f 2252/1030/914 2248/1026/914 2251/1029/914
f 2247/1025/914 2252/1030/914 2253/1031/914
f 2253/1031/914 2252/1030/914 2254/1032/914
f 2252/1030/914 2251/1029/914 2255/1033/914
f 2255/1033/914 2251/1029/914 2256/1034/914
f 2256/1034/914 2251/1029/914 2257/1035/914
f 2258/1036/916 2259/1037/917 2260/1038/916
f 2260/1038/916 2261/1039/916 2258/1036/916
f 2262/1038/918 2263/1040/918 2264/1041/918
f 2264/1041/918 2265/1039/918 2262/1038/918
f 2266/1042/919 2267/1043/919 2268/1044/919
f 2266/1042/919 2268/1044/919 2269/1045/919
f 2270/1046/920 2271/1047/920 2272/1038/920
f 2272/1038/920 2273/1037/920 2270/1046/920
f 2274/1048/921 2275/1036/921 2276/1039/921
f 2276/1039/921 2277/1049/922 2274/1048/921
f 2278/1038/923 2279/1047/923 2280/1050/924
f 2280/1050/924 2281/1040/924 2278/1038/923
f 2282/1039/925 2283/1041/925 2284/1051/925
f 2284/1051/925 2285/1049/925 2282/1039/925
f 2286/1052/926 2287/1053/927 2288/1054/927
f 2288/1054/927 2287/1053/927 2289/1055/927
f 2290/1056/928 2291/1057/928 2292/1058/928
f 2291/1057/928 2290/1056/928 2293/1059/928
f 2294/1058/929 2295/1060/930 2296/1061/931
f 2295/1060/930 2294/1058/929 2297/1057/932
f 2298/1062/933 2299/1063/933 2300/1064/933
f 2298/1062/933 2300/1064/933 2301/1065/933
f 2302/1066/934 2303/1067/934 2304/1068/934
f 2304/1068/934 2305/1069/934 2302/1066/934
f 2306/1070/935 2307/1066/936 2308/1069/935
f 2308/1069/935 2309/1071/935 2306/1070/935
f 2310/1072/937 2311/1073/937 2312/1074/937
f 2311/1073/937 2310/1072/937 2313/1075/937
f 2314/1076/937 2315/1077/937 2316/1078/938
f 2315/1077/937 2314/1076/937 2317/1079/937
f 2318/1080/939 2319/1059/940 2320/1056/940
f 2319/1059/940 2318/1080/939 2321/1081/940
f 2322/1082/941 2323/1070/941 2324/1071/941
f 2324/1071/941 2325/1083/941 2322/1082/941
f 2326/1084/942 2327/1085/942 2328/1086/942
f 2326/1084/942 2328/1086/942 2329/1087/942
f 2330/1088/943 2331/1089/944 2332/1090/943
f 2331/1089/944 2330/1088/943 2333/1091/943
f 2334/1092/945 2335/1093/945 2336/1094/945
f 2335/1093/945 2334/1092/945 2337/1095/945
f 2338/1054/946 2339/1096/946 2340/1052/946
f 2339/1096/946 2338/1054/946 2341/1097/946
f 2342/1098/947 2343/1082/947 2344/1083/947
f 2344/1083/947 2345/1099/947 2342/1098/947
f 2346/1100/943 2347/1101/943 2348/1102/943
f 2347/1101/943 2346/1100/943 2349/1103/943
f 2350/1104/946 2351/1105/946 2352/1106/946
f 2351/1105/946 2350/1104/946 2353/1107/946
f 2354/1108/948 2355/1098/948 2356/1099/948
f 2356/1099/948 2357/1109/948 2354/1108/948
f 2358/1110/942 2359/1111/942 2360/1112/942
f 2358/1110/942 2360/1112/942 2361/1113/949
f 2362/1114/950 2363/1115/951 2364/1116/951
f 2362/1114/950 2364/1116/951 2365/1117/950
f 2366/1042/919 2367/1043/919 2368/1044/919
f 2366/1042/919 2368/1044/919 2369/1045/919
f 2370/1118/952 2371/1119/953 2372/1120/953
f 2370/1118/952 2372/1120/953 2373/1121/954
f 2374/1106/926 2375/1122/926 2376/1104/955
f 2376/1104/955 2375/1122/926 2377/1123/927
f 2378/1124/956 2379/1125/956 2380/1126/956
f 2380/1126/956 2381/1127/956 2378/1124/956
f 2382/1125/957 2383/1128/957 2384/1129/957
f 2382/1125/957 2385/1124/958 2383/1128/957
f 2386/1127/959 2387/1126/959 2388/1130/960
f 2388/1130/960 2389/1131/959 2386/1127/959
f 2390/1132/961 2391/1133/962 2392/1134/961
f 2391/1133/962 2390/1132/961 2393/1135/962
f 2394/1136/963 2395/1137/963 2396/1138/963
f 2396/1138/963 2395/1137/963 2397/1139/963
f 2398/1140/964 2399/1141/964 2400/1142/964
f 2400/1142/964 2401/1143/964 2398/1140/964
f 2402/1142/965 2403/1141/965 2404/1144/965
f 2404/1144/965 2405/1145/965 2402/1142/965
f 2406/1143/966 2407/1142/967 2408/1146/966
f 2408/1146/966 2409/1147/966 2406/1143/966
f 2410/1146/968 2411/1142/968 2412/1145/968
f 2412/1145/968 2413/1148/968 2410/1146/968
f 2414/698/693 2415/701/969 2416/699/693
f 2414/698/693 2416/699/693 2417/700/693
f 2418/1149/970 2419/1150/970 2420/1151/970
f 2419/1150/970 2418/1149/970 2421/1152/970
f 2422/1151/971 2423/1153/971 2424/1149/971
f 2423/1153/971 2422/1151/971 2425/1154/971
f 2426/1152/972 2427/1155/972 2428/1150/973
f 2427/1155/972 2426/1152/972 2429/1156/972
f 2430/1154/974 2431/1157/974 2432/1153/974
f 2431/1157/974 2430/1154/974 2433/1158/974
f 2434/1149/975 2435/1159/975 2436/1160/975
f 2435/1159/975 2434/1149/975 2437/1153/975
f 2438/1160/976 2439/1152/976 2440/1149/976
f 2439/1152/976 2438/1160/976 2441/1161/977
f 2442/1161/978 2443/1156/979 2444/1152/979
f 2443/1156/979 2442/1161/978 2445/1162/978
f 2446/1153/980 2447/1163/980 2448/1159/980
f 2447/1163/980 2446/1153/980 2449/1157/980
f 2450/1162/981 2451/1164/982 2452/1156/982
f 2451/1164/982 2450/1162/981 2453/1165/981
f 2454/1156/983 2455/1166/984 2456/1155/984
f 2455/1166/984 2454/1156/983 2457/1164/983
f 2458/1157/985 2459/1167/986 2460/1163/987
f 2459/1167/986 2458/1157/985 2461/1168/985
f 2462/1158/988 2463/1168/988 2464/1157/988
f 2463/1168/988 2462/1158/988 2465/1169/988
f 2466/1150/989 2467/1170/990 2468/1151/990
f 2467/1170/990 2466/1150/989 2469/1171/989
f 2470/1172/991 2471/1151/992 2472/1170/991
f 2471/1151/992 2470/1172/991 2473/1154/992
f 2474/1155/993 2475/1171/994 2476/1150/995
f 2475/1171/994 2474/1155/993 2477/1173/993
f 2478/1165/996 2479/1174/997 2480/1164/998
f 2479/1174/997 2478/1165/996 2481/1175/996
f 2482/1176/999 2483/1154/1000 2484/1172/1000
f 2483/1154/1000 2482/1176/999 2485/1158/1001
f 2486/1164/1002 2487/1177/1002 2488/1166/1002
f 2487/1177/1002 2486/1164/1002 2489/1174/1002
f 2490/1178/1003 2491/1147/1003 2492/1146/1003
f 2492/1146/1003 2493/1179/1003 2490/1178/1003
f 2494/1169/1004 2495/1180/1004 2496/1168/1004
f 2495/1180/1004 2494/1169/1004 2497/1181/1004
f 2498/1166/1005 2499/1173/1006 2500/1155/1005
f 2499/1173/1006 2498/1166/1005 2501/1182/1005
f 2502/1158/1007 2503/1176/1007 2504/1183/1007
f 2502/1158/1007 2504/1183/1007 2505/1169/1007
f 2506/1184/1008 2507/1174/1009 2508/1185/1010
f 2507/1174/1009 2506/1184/1008 2509/1177/1010
f 2510/1146/1011 2511/1148/1011 2512/1186/1011
f 2512/1186/1011 2513/1179/1011 2510/1146/1011
f 2514/1187/1012 2515/1172/1012 2516/1170/1012
f 2515/1172/1012 2514/1187/1012 2517/1188/1012
f 2518/1171/1013 2519/1187/1014 2520/1170/1014
f 2519/1187/1014 2518/1171/1013 2521/1189/1015
f 2522/1181/1016 2523/1190/1016 2524/1180/1016
f 2523/1190/1016 2522/1181/1016 2525/1191/1016
f 2526/1182/1017 2527/1166/1017 2528/1177/1017
f 2526/1182/1017 2528/1177/1017 2529/1192/1017
f 2530/1173/1018 2531/1189/1019 2532/1171/1018
f 2531/1189/1019 2530/1173/1018 2533/1193/1019
f 2534/1183/1020 2535/1181/1021 2536/1169/1020
f 2535/1181/1021 2534/1183/1020 2537/1194/1022
f 2538/1188/1023 2539/1176/1023 2540/1172/1023
f 2539/1176/1023 2538/1188/1023 2541/1195/1023
f 2542/1182/1024 2543/1193/1024 2544/1173/1024
f 2543/1193/1024 2542/1182/1024 2545/1196/1024
f 2546/1197/1025 2547/1185/1025 2548/1198/1025
f 2547/1185/1025 2546/1197/1025 2549/1184/1025
f 2550/1195/1026 2551/1183/1026 2552/1176/1027
f 2551/1183/1026 2550/1195/1026 2553/1199/1028
f 2554/1200/1029 2555/1192/1029 2556/1184/1029
f 2555/1192/1029 2557/1177/1029 2556/1184/1029
f 2558/1194/1030 2559/1191/1031 2560/1181/1030
f 2559/1191/1031 2558/1194/1030 2561/1201/1030
f 2562/1182/1032 2563/1192/1032 2564/1196/1032
f 2564/1196/1032 2563/1192/1032 2565/1202/1032
f 2566/1189/1033 2567/1203/1033 2568/1187/1033
f 2567/1203/1033 2566/1189/1033 2569/1204/1033
f 2570/1188/1034 2571/1203/1034 2572/1205/1035
f 2571/1203/1034 2570/1188/1034 2573/1187/1036
f 2574/1183/1037 2575/1199/1037 2576/1206/1038
f 2576/1206/1038 2577/1194/1037 2574/1183/1037
f 2578/1193/1039 2579/1204/1039 2580/1189/1039
f 2579/1204/1039 2578/1193/1039 2581/1207/1039
f 2582/1205/1040 2583/1195/1041 2584/1188/1040
f 2583/1195/1041 2582/1205/1040 2585/1208/1040
f 2586/1209/1042 2587/1200/1043 2588/1197/1042
f 2587/1200/1043 2589/1184/1042 2588/1197/1042
f 2590/1196/1044 2591/1207/1044 2592/1193/1044
f 2591/1207/1044 2590/1196/1044 2593/1210/1044
f 2594/1211/1045 2595/1202/1045 2596/1200/1045
f 2595/1202/1045 2597/1192/1046 2596/1200/1045
f 2598/1208/1047 2599/1199/1047 2600/1195/1047
f 2599/1199/1047 2598/1208/1047 2601/1212/1047
f 2602/1206/1048 2603/1213/1049 2604/1194/1049
f 2603/1213/1049 2605/1201/1049 2604/1194/1049
f 2606/1202/1050 2607/1210/1051 2608/1196/1050
f 2607/1210/1051 2606/1202/1050 2609/1214/1052
f 2610/1204/1053 2611/1215/1053 2612/1203/1053
f 2611/1215/1053 2610/1204/1053 2613/1216/1053
f 2614/1205/1054 2615/1215/1055 2616/1217/1054
f 2615/1215/1055 2614/1205/1054 2617/1203/1054
f 2618/1212/1056 2619/1206/1056 2620/1199/1056
f 2619/1206/1056 2618/1212/1056 2621/1218/1056
f 2622/1207/1057 2623/1216/1057 2624/1204/1058
f 2623/1216/1057 2622/1207/1057 2625/1219/1057
f 2626/1208/1059 2627/1217/1059 2628/1220/1059
f 2627/1217/1059 2626/1208/1059 2629/1205/1059
f 2630/1210/1060 2631/1219/1061 2632/1207/1062
f 2631/1219/1061 2630/1210/1060 2633/1221/1063
f 2634/1222/1064 2635/1202/1065 2636/1211/1066
f 2635/1202/1065 2634/1222/1064 2637/1214/1066
f 2638/1220/1067 2639/1212/1067 2640/1208/1068
f 2639/1212/1067 2638/1220/1067 2641/1223/1067
f 2642/1214/1069 2643/1221/1070 2644/1210/1071
f 2643/1221/1070 2642/1214/1069 2645/1224/1071
f 2646/1217/1072 2647/1225/1073 2648/1226/1072
f 2647/1225/1073 2646/1217/1072 2649/1215/1073
f 2650/1216/1074 2651/1225/1075 2652/1215/1074
f 2651/1225/1075 2650/1216/1074 2653/1227/1076
f 2654/1223/1077 2655/1218/1078 2656/1212/1078
f 2655/1218/1078 2654/1223/1077 2657/1228/1078
f 2658/1219/1079 2659/1227/1079 2660/1216/1079
f 2659/1227/1079 2658/1219/1079 2661/1229/1079
f 2662/1220/1080 2663/1226/1080 2664/1230/1080
f 2663/1226/1080 2662/1220/1080 2665/1217/1081
f 2666/1221/1082 2667/1229/1082 2668/1219/1082
f 2667/1229/1082 2666/1221/1082 2669/1231/1082
f 2670/1232/1083 2671/1214/1083 2672/1222/1083
f 2671/1214/1083 2670/1232/1083 2673/1224/1084
f 2674/1223/1085 2675/1230/1085 2676/1233/1085
f 2675/1230/1085 2674/1223/1085 2677/1220/1085
f 2678/1224/1086 2679/1231/1087 2680/1221/1088
f 2679/1231/1087 2678/1224/1086 2681/1234/1087
f 2682/1235/1089 2683/1236/1089 2684/1237/1089
f 2682/1235/1089 2684/1237/1089 2685/1238/1089
f 2686/1239/1090 2687/1178/1091 2688/1179/1090
f 2688/1179/1090 2689/1240/1092 2686/1239/1090
f 2690/1179/1093 2691/1186/1093 2692/1241/1093
f 2692/1241/1093 2693/1240/1093 2690/1179/1093
f 2694/1242/1094 2695/1243/1094 2696/1244/1094
f 2695/1243/1094 2694/1242/1094 2697/1245/1094
f 2698/1246/1095 2699/1245/1095 2700/1242/1096
f 2699/1245/1095 2698/1246/1095 2701/1247/1095
f 2702/1244/1097 2703/1248/1097 2704/1249/1098
f 2703/1248/1097 2702/1244/1097 2705/1243/1098
f 2706/1250/1099 2707/1251/1100 2708/1252/1099
f 2707/1251/1100 2706/1250/1099 2709/1253/1099
f 2710/1254/1101 2711/1255/1101 2712/1256/1101
f 2711/1255/1101 2710/1254/1101 2713/1257/1101
f 2714/1258/1102 2715/1259/1102 2716/1260/1102
f 2717/1261/1103 2714/1258/1102 2716/1260/1102
f 2716/1260/1102 2718/1262/1102 2717/1261/1103
f 2715/1259/1102 2719/1263/1102 2716/1260/1102
f 2719/1263/1102 2720/1264/1104 2716/1260/1102
f 2719/1263/1102 2721/1265/1102 2720/1264/1104
f 2722/1266/1102 2719/1263/1102 2715/1259/1102
f 2722/1266/1102 2723/1267/1102 2719/1263/1102
f 2715/1259/1102 2724/1268/1102 2722/1266/1102
f 2715/1259/1102 2725/1269/1102 2724/1268/1102
f 2723/1267/1102 2722/1266/1102 2726/1270/1102
f 2726/1270/1102 2727/1271/1102 2723/1267/1102
f 2728/1272/1105 2729/1273/1105 2730/1274/1105
f 2729/1273/1105 2728/1272/1105 2731/1275/1105
f 2732/1276/1106 2733/1277/1106 2734/1278/1106
f 2732/1276/1106 2734/1278/1106 2735/1279/1106
f 2736/1280/1107 2737/1281/1107 2738/1282/1108
f 2737/1281/1107 2736/1280/1107 2739/1283/1109
f 2740/1284/1110 2741/1285/1110 2742/1286/1110
f 2741/1285/1110 2740/1284/1110 2743/1287/1110
f 2744/1282/1111 2745/1288/1111 2746/1280/1111
f 2745/1288/1111 2744/1282/1111 2747/1289/1111
f 2748/1286/1112 2749/1290/1112 2750/1291/1113
f 2749/1290/1112 2748/1286/1112 2751/1285/1113
f 2752/1291/1114 2753/1288/1115 2754/1289/1115
f 2753/1288/1115 2752/1291/1114 2755/1290/1116
f 2756/1292/1117 2757/1293/1117 2758/1283/1117
f 2757/1293/1117 2756/1292/1117 2759/1294/1118
f 2760/1295/1119 2761/1296/1119 2762/1287/1119
f 2761/1296/1119 2760/1295/1119 2763/1297/1119
f 2764/1283/1120 2765/1298/1121 2766/1292/1120
f 2765/1298/1121 2764/1283/1120 2767/1280/1120
f 2768/1287/1122 2769/1299/1122 2770/1285/1122
f 2769/1299/1122 2768/1287/1122 2771/1296/1122
f 2772/1300/1123 2773/1301/1123 2774/1302/1123
f 2773/1301/1123 2772/1300/1123 2775/1303/1123
f 2776/1280/1124 2777/1304/1124 2778/1298/1124
f 2777/1304/1124 2776/1280/1124 2779/1288/1124
f 2780/1285/1125 2781/1305/1125 2782/1290/1125
f 2781/1305/1125 2780/1285/1125 2783/1299/1125
f 2784/1306/1126 2785/1253/1126 2786/1250/1126
f 2785/1253/1126 2784/1306/1126 2787/1307/1126
f 2788/1294/1127 2789/1308/1128 2790/1309/1127
f 2789/1308/1128 2788/1294/1127 2791/1292/1127
f 2792/1290/1129 2793/1304/1129 2794/1288/1129
f 2793/1304/1129 2792/1290/1129 2795/1305/1130
f 2796/1310/1131 2797/1311/1131 2798/1312/1131
f 2797/1311/1131 2796/1310/1131 2799/1313/1131
f 2800/1297/1132 2801/1314/1133 2802/1296/1132
f 2801/1314/1133 2800/1297/1132 2803/1315/1132
f 2804/1316/1134 2805/1317/1134 2806/1318/1134
f 2805/1317/1134 2804/1316/1134 2807/1319/1134
f 2808/1320/1134 2809/1321/1134 2810/1322/1134
f 2809/1321/1134 2808/1320/1134 2811/1323/1134
f 2812/1292/1135 2813/1324/1136 2814/1308/1136
f 2813/1324/1136 2812/1292/1135 2815/1298/1136
f 2816/1296/1137 2817/1325/1138 2818/1299/1139
f 2817/1325/1138 2816/1296/1137 2819/1314/1140
f 2820/1298/1141 2821/1326/1141 2822/1324/1141
f 2821/1326/1141 2820/1298/1141 2823/1304/1142
f 2824/1299/1143 2825/1327/1143 2826/1305/1143
f 2825/1327/1143 2824/1299/1143 2827/1325/1143
f 2828/1305/1144 2829/1326/1144 2830/1304/1144
f 2829/1326/1144 2828/1305/1144 2831/1327/1145
f 2832/1328/1146 2833/1329/1147 2834/1330/1148
f 2833/1329/1147 2832/1328/1146 2835/1331/1148
f 2836/1332/963 2837/1333/963 2838/1334/963
f 2838/1334/963 2837/1333/963 2839/1335/963
f 2840/1336/1149 2841/1337/1150 2842/1338/1149
f 2841/1337/1150 2840/1336/1149 2843/1339/1150
f 2844/1330/1151 2845/1340/1152 2846/1341/1151
f 2845/1340/1152 2844/1330/1151 2847/1329/1151
f 2848/1341/1153 2849/1339/1154 2850/1336/1155
f 2849/1339/1154 2848/1341/1153 2851/1340/1155
f 2852/707/1156 2853/1307/1156 2854/1306/1156
f 2853/1307/1156 2852/707/1156 2855/704/1157
