# Blender 5.1.2
# www.blender.org
mtllib PotatoEngine.mtl
o PotatoEngine
v 0.580992 -0.109496 1.016701
v 0.591291 -0.066886 1.015598
v 0.538992 -0.082826 1.025101
v -0.779808 -0.010466 1.006199
v -0.773508 -0.041626 1.018497
v -0.737909 -0.004406 1.013897
v 0.336891 -0.004286 1.023701
v 0.293392 0.027254 1.021400
v 0.283092 0.001574 1.027599
v 0.538992 -0.082826 1.025101
v 0.591291 -0.066886 1.015598
v 0.551191 -0.057336 1.016701
v -0.737909 -0.004406 1.013897
v -0.773508 -0.041626 1.018497
v -0.728609 -0.034516 1.017300
v 0.336891 -0.004286 1.023701
v 0.322691 0.031774 1.010597
v 0.293392 0.027254 1.021400
v 0.423391 0.097394 -0.861401
v 0.378592 0.039534 -0.886501
v 0.377491 0.099674 -0.880501
v 0.428991 0.040324 -0.863003
v 0.461691 0.101974 -0.840202
v 0.428991 0.040324 -0.863003
v 0.423391 0.097394 -0.861401
v 0.474691 0.047664 -0.843502
v 0.428991 0.040324 -0.863003
v 0.428692 -0.022256 -0.861500
v 0.378592 0.039534 -0.886501
v 0.378691 -0.025696 -0.885201
v 0.377491 0.099674 -0.880501
v 0.318691 0.041924 -0.917603
v 0.318491 0.106884 -0.905903
v 0.378592 0.039534 -0.886501
v 0.318691 0.041924 -0.917603
v 0.378691 -0.025696 -0.885201
v 0.317591 -0.029626 -0.914803
v 0.378592 0.039534 -0.886501
v 0.474691 0.047664 -0.843502
v 0.428692 -0.022256 -0.861500
v 0.428991 0.040324 -0.863003
v 0.492191 -0.027176 -0.827602
v 0.497292 0.107614 -0.813202
v 0.501991 0.066354 -0.824501
v 0.461691 0.101974 -0.840202
v 0.474691 0.047664 -0.843502
v 0.428692 -0.022256 -0.861500
v 0.419491 -0.071766 -0.859200
v 0.378691 -0.025696 -0.885201
v 0.378691 -0.088686 -0.868702
v 0.474691 0.047664 -0.843502
v 0.521992 0.047944 -0.803501
v 0.492191 -0.027176 -0.827602
v 0.501991 0.066354 -0.824501
v 0.419491 -0.071766 -0.859200
v 0.492191 -0.027176 -0.827602
v 0.442892 -0.097206 -0.833500
v 0.428692 -0.022256 -0.861500
v 0.414091 0.133084 -0.855602
v 0.377491 0.099674 -0.880501
v 0.377291 0.145874 -0.863701
v 0.423391 0.097394 -0.861401
v 0.317591 -0.029626 -0.914803
v 0.378691 -0.088686 -0.868702
v 0.318092 -0.101986 -0.891502
v 0.378691 -0.025696 -0.885201
v -0.392008 0.044534 -0.848801
v -0.446308 -0.020736 -0.827702
v -0.447208 0.045214 -0.818802
v -0.385109 -0.025716 -0.859703
v 0.438391 0.144054 -0.833099
v 0.423391 0.097394 -0.861401
v 0.414091 0.133084 -0.855602
v 0.461691 0.101974 -0.840202
v 0.377291 0.145874 -0.863701
v 0.318491 0.106884 -0.905903
v 0.318291 0.160354 -0.881702
v 0.377491 0.099674 -0.880501
v 0.392691 -0.175866 0.806999
v 0.456892 -0.169006 0.776600
v 0.448792 -0.103696 0.794598
v 0.389091 -0.106376 0.826900
v 0.448792 -0.103696 0.794598
v 0.492392 -0.150196 0.755898
v 0.492392 -0.100496 0.762199
v 0.456892 -0.169006 0.776600
v 0.544191 -0.103106 1.015800
v 0.580992 -0.109496 1.016701
v 0.538992 -0.082826 1.025101
v 0.389091 -0.106376 0.826900
v 0.448792 -0.103696 0.794598
v 0.444092 -0.037096 0.790897
v 0.386192 -0.035846 0.821198
v -0.385109 -0.025716 -0.859703
v -0.446909 -0.089336 -0.821003
v -0.446308 -0.020736 -0.827702
v -0.390108 -0.097696 -0.850300
v -0.446909 -0.089336 -0.821003
v -0.485909 -0.083346 -0.779701
v -0.488708 -0.018896 -0.782001
v -0.485909 -0.083346 -0.779701
v -0.521608 -0.020796 -0.729801
v -0.514809 -0.084636 -0.731102
v 0.448792 -0.103696 0.794598
v 0.486191 -0.037096 0.759197
v 0.444092 -0.037096 0.790897
v 0.492392 -0.100496 0.762199
v 0.519991 -0.170916 0.721397
v 0.532892 -0.103946 0.722599
v 0.492392 -0.150196 0.755898
v 0.492392 -0.100496 0.762199
v 0.501991 0.066354 -0.824501
v 0.497292 0.107614 -0.813202
v 0.526793 0.103144 -0.781700
v 0.521992 0.047944 -0.803501
v 0.552391 0.041214 -0.760799
v 0.544491 -0.024596 -0.766399
v 0.521992 0.047944 -0.803501
v 0.492191 -0.027176 -0.827602
v -0.405209 -0.146726 -0.823402
v -0.446909 -0.089336 -0.821003
v -0.390108 -0.097696 -0.850300
v -0.443909 -0.148796 -0.792301
v -0.476509 -0.132416 -0.771000
v -0.485909 -0.083346 -0.779701
v 0.316792 -0.106766 0.844601
v 0.389091 -0.106376 0.826900
v 0.386192 -0.035846 0.821198
v 0.315792 -0.035016 0.837097
v -0.256708 -0.023746 -0.877800
v -0.243509 -0.094966 -0.870903
v -0.316708 -0.028836 -0.871700
v -0.310709 -0.122286 -0.852600
v -0.390108 -0.097696 -0.850300
v -0.385109 -0.025716 -0.859703
v 0.318192 -0.177446 0.828697
v 0.392691 -0.175866 0.806999
v 0.389091 -0.106376 0.826900
v 0.316792 -0.106766 0.844601
v 0.318192 -0.177446 0.828697
v 0.388592 -0.235316 0.775398
v 0.316492 -0.236646 0.796997
v 0.316492 -0.236646 0.796997
v 0.368591 -0.273776 0.755699
v 0.313391 -0.285206 0.767097
v 0.492392 -0.100496 0.762199
v 0.526691 -0.035356 0.721600
v 0.486191 -0.037096 0.759197
v 0.532892 -0.103946 0.722599
v 0.318491 0.106884 -0.905903
v 0.252792 0.049354 -0.912102
v 0.252792 0.108354 -0.902302
v 0.318691 0.041924 -0.917603
v 0.481392 0.148964 -0.795300
v 0.461691 0.101974 -0.840202
v 0.438391 0.144054 -0.833099
v 0.497292 0.107614 -0.813202
v -0.408108 0.091404 -0.822502
v -0.447208 0.045214 -0.818802
v -0.445709 0.096994 -0.790199
v -0.392008 0.044534 -0.848801
v 0.237692 -0.017066 -0.908600
v 0.318691 0.041924 -0.917603
v 0.317591 -0.029626 -0.914803
v 0.252792 0.049354 -0.912102
v 0.444092 -0.037096 0.790897
v 0.478292 0.018754 0.751499
v 0.440592 0.020354 0.773800
v 0.486191 -0.037096 0.759197
v 0.503691 -0.099316 -0.775200
v 0.492191 -0.027176 -0.827602
v 0.537891 -0.076066 -0.754101
v 0.544491 -0.024596 -0.766399
v 0.552492 0.099214 -0.746201
v 0.552391 0.041214 -0.760799
v 0.526793 0.103144 -0.781700
v 0.521992 0.047944 -0.803501
v 0.465792 -0.238626 0.720497
v 0.392691 -0.175866 0.806999
v 0.388592 -0.235316 0.775398
v 0.456892 -0.169006 0.776600
v 0.456892 -0.169006 0.776600
v 0.519991 -0.170916 0.721397
v 0.492392 -0.150196 0.755898
v 0.465792 -0.238626 0.720497
v 0.442892 -0.097206 -0.833500
v 0.503691 -0.099316 -0.775200
v 0.467491 -0.122996 -0.797802
v 0.492191 -0.027176 -0.827602
v -0.324909 0.057844 -0.851299
v -0.385109 -0.025716 -0.859703
v -0.392008 0.044534 -0.848801
v -0.316708 -0.028836 -0.871700
v -0.258608 0.050604 -0.860302
v -0.316708 -0.028836 -0.871700
v -0.324909 0.057844 -0.851299
v -0.256708 -0.023746 -0.877800
v 0.481392 0.148964 -0.795300
v 0.526793 0.103144 -0.781700
v 0.497292 0.107614 -0.813202
v 0.524191 0.146304 -0.757603
v 0.386192 -0.035846 0.821198
v 0.444092 -0.037096 0.790897
v 0.440592 0.020354 0.773800
v 0.384892 0.025944 0.798000
v 0.318291 0.160354 -0.881702
v 0.252792 0.108354 -0.902302
v 0.252092 0.160134 -0.881802
v 0.318491 0.106884 -0.905903
v 0.508991 0.023954 0.717800
v 0.486191 -0.037096 0.759197
v 0.526691 -0.035356 0.721600
v 0.478292 0.018754 0.751499
v -0.477308 0.085784 -0.769302
v -0.445709 0.096994 -0.790199
v -0.447208 0.045214 -0.818802
v -0.485409 0.042964 -0.778103
v 0.317591 -0.029626 -0.914803
v 0.249392 -0.094606 -0.892200
v 0.237692 -0.017066 -0.908600
v 0.318092 -0.101986 -0.891502
v -0.488708 -0.018896 -0.782001
v -0.513708 0.040644 -0.730701
v -0.485409 0.042964 -0.778103
v -0.521608 -0.020796 -0.729801
v -0.447208 0.045214 -0.818802
v -0.446308 -0.020736 -0.827702
v 0.524191 0.146304 -0.757603
v 0.552492 0.099214 -0.746201
v 0.526793 0.103144 -0.781700
v 0.546892 0.134994 -0.733501
v -0.375509 -0.037736 0.754997
v -0.421209 0.026624 0.728199
v -0.425209 -0.037646 0.729298
v -0.376509 0.027764 0.753899
v -0.419209 -0.097736 0.721397
v -0.375109 -0.102056 0.746899
v -0.375509 -0.037736 0.754997
v -0.425209 -0.037646 0.729298
v 0.378691 -0.088686 -0.868702
v 0.442892 -0.097206 -0.833500
v 0.391691 -0.148286 -0.821899
v 0.419491 -0.071766 -0.859200
v 0.318092 -0.101986 -0.891502
v 0.391691 -0.148286 -0.821899
v 0.317692 -0.167466 -0.845303
v 0.378691 -0.088686 -0.868702
v -0.242609 -0.169186 -0.834301
v -0.243509 -0.094966 -0.870903
v -0.222408 -0.142976 -0.850201
v -0.310709 -0.122286 -0.852600
v -0.378109 -0.172686 -0.814003
v -0.390108 -0.097696 -0.850300
v -0.405209 -0.146726 -0.823402
v -0.310709 -0.122286 -0.852600
v -0.351509 -0.193066 -0.809200
v -0.307808 -0.183046 -0.823902
v 0.392792 0.181144 -0.826202
v 0.318291 0.160354 -0.881702
v 0.318592 0.201904 -0.849400
v 0.377291 0.145874 -0.863701
v 0.414091 0.133084 -0.855602
v 0.438391 0.144054 -0.833099
v 0.389992 -0.296676 0.719200
v 0.388592 -0.235316 0.775398
v 0.368591 -0.273776 0.755699
v 0.465792 -0.238626 0.720497
v -0.421209 0.026624 0.728199
v -0.376509 0.027764 0.753899
v -0.409809 0.074644 0.719799
v -0.377409 0.088894 0.737698
v -0.307808 -0.183046 -0.823902
v -0.242609 -0.169186 -0.834301
v -0.264208 -0.191626 -0.822701
v -0.310709 -0.122286 -0.852600
v 0.244991 -0.177006 0.825100
v 0.318192 -0.177446 0.828697
v 0.316792 -0.106766 0.844601
v 0.244692 -0.106496 0.835598
v -0.410007 -0.137246 0.711597
v -0.374708 -0.154006 0.722500
v -0.375109 -0.102056 0.746899
v -0.419209 -0.097736 0.721397
v 0.316492 -0.236646 0.796997
v 0.244991 -0.177006 0.825100
v 0.246092 -0.236426 0.796299
v 0.318192 -0.177446 0.828697
v 0.442892 -0.097206 -0.833500
v 0.450592 -0.163156 -0.774200
v 0.391691 -0.148286 -0.821899
v 0.467491 -0.122996 -0.797802
v 0.521591 -0.239576 0.653297
v 0.548391 -0.177776 0.660198
v 0.465792 -0.238626 0.720497
v 0.519991 -0.170916 0.721397
v -0.375509 -0.037736 0.754997
v -0.312309 -0.036696 0.763798
v -0.319008 0.026754 0.763798
v -0.376509 0.027764 0.753899
v -0.319008 0.026754 0.763798
v -0.335308 0.075744 0.752300
v -0.376509 0.027764 0.753899
v -0.377409 0.088894 0.737698
v -0.476509 -0.132416 -0.771000
v -0.514809 -0.084636 -0.731102
v -0.485909 -0.083346 -0.779701
v -0.493608 -0.144716 -0.735001
v -0.196409 -0.011306 -0.868500
v -0.243509 -0.094966 -0.870903
v -0.256708 -0.023746 -0.877800
v -0.168709 -0.078156 -0.858402
v -0.361008 -0.221976 -0.780399
v -0.378109 -0.172686 -0.814003
v -0.351509 -0.193066 -0.809200
v -0.440708 -0.213046 -0.735703
v 0.315792 -0.035016 0.837097
v 0.386192 -0.035846 0.821198
v 0.384892 0.025944 0.798000
v 0.315292 0.027524 0.807999
v 0.548391 -0.177776 0.660198
v 0.564091 -0.106686 0.661900
v 0.519991 -0.170916 0.721397
v 0.532892 -0.103946 0.722599
v -0.197508 0.053964 -0.852901
v -0.196409 -0.011306 -0.868500
v -0.258608 0.050604 -0.860302
v -0.256708 -0.023746 -0.877800
v 0.544491 -0.024596 -0.766399
v 0.552391 0.041214 -0.760799
v 0.573292 -0.025596 -0.706402
v 0.577692 0.040914 -0.702499
v 0.459892 0.186494 -0.775700
v 0.438391 0.144054 -0.833099
v 0.392792 0.181144 -0.826202
v 0.481392 0.148964 -0.795300
v 0.389992 -0.296676 0.719200
v 0.368591 -0.273776 0.755699
v 0.317791 -0.325836 0.724499
v 0.313391 -0.285206 0.767097
v -0.405209 -0.146726 -0.823402
v -0.440708 -0.213046 -0.735703
v -0.443909 -0.148796 -0.792301
v -0.378109 -0.172686 -0.814003
v -0.493608 -0.144716 -0.735001
v -0.440708 -0.213046 -0.735703
v -0.476509 -0.132416 -0.771000
v -0.258608 0.050604 -0.860302
v -0.308308 0.123494 -0.819603
v -0.252008 0.120074 -0.825203
v -0.324909 0.057844 -0.851299
v -0.354008 0.135354 -0.802700
v -0.382109 0.112494 -0.812302
v 0.244692 -0.106496 0.835598
v 0.316792 -0.106766 0.844601
v 0.315792 -0.035016 0.837097
v 0.244692 -0.035756 0.829399
v -0.264208 -0.191626 -0.822701
v -0.305508 -0.221376 -0.796803
v -0.307808 -0.183046 -0.823902
v -0.246508 -0.224186 -0.801201
v -0.351509 -0.193066 -0.809200
v -0.305508 -0.221376 -0.796803
v -0.361008 -0.221976 -0.780399
v -0.243008 -0.035616 0.769299
v -0.319008 0.026754 0.763798
v -0.312309 -0.036696 0.763798
v -0.254208 0.042644 0.767799
v 0.564091 -0.106686 0.661900
v 0.557791 -0.034506 0.661598
v 0.532892 -0.103946 0.722599
v 0.526691 -0.035356 0.721600
v -0.382109 0.112494 -0.812302
v -0.392008 0.044534 -0.848801
v -0.408108 0.091404 -0.822502
v -0.324909 0.057844 -0.851299
v 0.478292 0.018754 0.751499
v 0.468891 0.049564 0.742001
v 0.440592 0.020354 0.773800
v 0.437292 0.056544 0.747997
v -0.477308 0.085784 -0.769302
v -0.485409 0.042964 -0.778103
v -0.513708 0.040644 -0.730701
v -0.494108 0.093324 -0.734600
v -0.497509 -0.037426 0.631397
v -0.494308 -0.099146 0.626297
v -0.452608 -0.098176 0.680901
v -0.458609 -0.037406 0.683899
v -0.419209 -0.097736 0.721397
v -0.458609 -0.037406 0.683899
v -0.425209 -0.037646 0.729298
v -0.311909 -0.101536 0.748798
v -0.375509 -0.037736 0.754997
v -0.375109 -0.102056 0.746899
v -0.312309 -0.036696 0.763798
v -0.452608 0.027314 0.688900
v -0.425209 -0.037646 0.729298
v -0.421209 0.026624 0.728199
v -0.458609 -0.037406 0.683899
v -0.238808 0.108434 0.751801
v -0.309708 0.099674 0.741699
v -0.254208 0.042644 0.767799
v -0.283909 0.122394 0.737099
v 0.246092 -0.280946 0.762897
v 0.313391 -0.285206 0.767097
v 0.316492 -0.236646 0.796997
v 0.246092 -0.236426 0.796299
v -0.394009 -0.191946 0.681599
v -0.447409 -0.224596 0.616398
v -0.388109 -0.227206 0.655197
v -0.460709 -0.189986 0.623299
v -0.432409 -0.146076 0.678299
v -0.410007 -0.137246 0.711597
v -0.452608 -0.098176 0.680901
v -0.419209 -0.097736 0.721397
v -0.494308 -0.099146 0.626297
v -0.432409 -0.146076 0.678299
v -0.478807 -0.148606 0.623898
v -0.514809 -0.084636 -0.731102
v -0.549109 -0.026276 -0.666599
v -0.521608 -0.020796 -0.729801
v -0.540209 -0.087106 -0.672203
v -0.579809 -0.036546 -0.602802
v -0.573408 -0.109426 -0.597900
v -0.311909 -0.101536 0.748798
v -0.240608 -0.103216 0.752300
v -0.243008 -0.035616 0.769299
v -0.312309 -0.036696 0.763798
v -0.243008 -0.035616 0.769299
v -0.163507 -0.037476 0.766499
v -0.170509 0.034984 0.769798
v -0.254208 0.042644 0.767799
v -0.283909 0.122394 0.737099
v -0.238808 0.108434 0.751801
v -0.240408 0.159604 0.731800
v -0.293909 0.157824 0.716198
v 0.481691 0.063254 0.714001
v 0.468891 0.049564 0.742001
v 0.508991 0.023954 0.717800
v 0.478292 0.018754 0.751499
v -0.483809 0.027654 0.641197
v -0.497509 -0.037426 0.631397
v -0.458609 -0.037406 0.683899
v -0.452608 0.027314 0.688900
v 0.457291 -0.295676 0.651100
v 0.521591 -0.239576 0.653297
v 0.465792 -0.238626 0.720497
v 0.495592 -0.276316 0.632900
v -0.170509 0.034984 0.769798
v -0.238808 0.108434 0.751801
v -0.254208 0.042644 0.767799
v -0.170109 0.107124 0.755199
v -0.242609 -0.169186 -0.834301
v -0.246508 -0.224186 -0.801201
v -0.264208 -0.191626 -0.822701
v -0.173008 -0.211446 -0.801701
v -0.309708 0.099674 0.741699
v -0.293909 0.157824 0.716198
v -0.370209 0.159924 0.685101
v -0.283909 0.122394 0.737099
v -0.540209 -0.087106 -0.672203
v -0.512808 -0.159436 -0.665401
v -0.573408 -0.109426 -0.597900
v -0.516108 -0.133296 -0.690300
v -0.394009 -0.191946 0.681599
v -0.410007 -0.137246 0.711597
v -0.432409 -0.146076 0.678299
v -0.374708 -0.154006 0.722500
v -0.241108 0.193064 0.714199
v -0.283108 0.182374 0.706299
v -0.240408 0.159604 0.731800
v -0.293909 0.157824 0.716198
v -0.264608 0.207204 -0.766201
v -0.307909 0.171324 -0.784801
v -0.309509 0.201794 -0.761002
v -0.250408 0.175524 -0.785400
v -0.309708 0.099674 0.741699
v -0.319008 0.026754 0.763798
v -0.254208 0.042644 0.767799
v -0.335308 0.075744 0.752300
v -0.243509 -0.094966 -0.870903
v -0.168709 -0.078156 -0.858402
v -0.222408 -0.142976 -0.850201
v -0.173809 -0.148336 -0.834801
v -0.579809 -0.036546 -0.602802
v -0.573408 -0.109426 -0.597900
v -0.600708 -0.050386 -0.553001
v -0.601408 -0.086696 -0.528801
v -0.427008 0.086604 0.690701
v -0.452608 0.027314 0.688900
v -0.409809 0.074644 0.719799
v -0.421209 0.026624 0.728199
v -0.549109 -0.026276 -0.666599
v -0.568909 0.039114 -0.599400
v -0.539009 0.033824 -0.672703
v -0.579809 -0.036546 -0.602802
v 0.554691 -0.086676 -0.707401
v 0.573292 -0.025596 -0.706402
v 0.575392 -0.076776 -0.660900
v 0.588091 -0.025336 -0.642601
v 0.537891 -0.076066 -0.754101
v 0.544491 -0.024596 -0.766399
v -0.521608 -0.020796 -0.729801
v -0.539009 0.033824 -0.672703
v -0.513708 0.040644 -0.730701
v -0.549109 -0.026276 -0.666599
v 0.459892 0.186494 -0.775700
v 0.392792 0.181144 -0.826202
v 0.437992 0.219864 -0.755901
v 0.379791 0.216664 -0.789402
v 0.317492 0.250744 -0.779400
v 0.318291 0.228834 -0.812901
v 0.375692 0.244844 -0.763401
v -0.313309 -0.160586 0.719200
v -0.241009 -0.169866 0.725098
v -0.240608 -0.103216 0.752300
v -0.311909 -0.101536 0.748798
v -0.524708 -0.205656 0.493797
v -0.512209 -0.192996 0.561501
v -0.543209 -0.161376 0.486401
v -0.526808 -0.152376 0.559299
v -0.478807 -0.148606 0.623898
v -0.536709 -0.100656 0.561199
v -0.494308 -0.099146 0.626297
v -0.460709 -0.189986 0.623299
v -0.478807 -0.148606 0.623898
v -0.512209 -0.192996 0.561501
v -0.432409 -0.146076 0.678299
v -0.460709 -0.189986 0.623299
v -0.394009 -0.191946 0.681599
v -0.447409 -0.224596 0.616398
v -0.494009 -0.226366 0.562199
v -0.506409 -0.228166 0.511600
v -0.524708 -0.205656 0.493797
v -0.493608 -0.144716 -0.735001
v -0.516108 -0.133296 -0.690300
v -0.514809 -0.084636 -0.731102
v -0.540209 -0.087106 -0.672203
v -0.363708 0.167114 -0.771999
v -0.307909 0.171324 -0.784801
v -0.354008 0.135354 -0.802700
v -0.308308 0.123494 -0.819603
v -0.173809 -0.148336 -0.834801
v -0.242609 -0.169186 -0.834301
v -0.222408 -0.142976 -0.850201
v -0.173008 -0.211446 -0.801701
v -0.388109 -0.227206 0.655197
v -0.434008 -0.254496 0.603897
v -0.380308 -0.252546 0.632298
v -0.447409 -0.224596 0.616398
v -0.573408 -0.109426 -0.597900
v -0.512808 -0.159436 -0.665401
v -0.511709 -0.181976 -0.638203
v -0.543709 -0.173216 -0.591000
v -0.351908 0.189954 -0.752903
v -0.309509 0.201794 -0.761002
v -0.307909 0.171324 -0.784801
v -0.363708 0.167114 -0.771999
v -0.246508 -0.224186 -0.801201
v -0.303909 -0.251786 -0.767902
v -0.305508 -0.221376 -0.796803
v -0.240509 -0.254396 -0.770302
v -0.303909 -0.251786 -0.767902
v -0.349808 -0.243386 -0.760101
v -0.361008 -0.221976 -0.780399
v -0.376108 -0.255526 -0.730400
v -0.440708 -0.213046 -0.735703
v -0.456608 0.130344 0.609497
v -0.370209 0.159924 0.685101
v -0.428709 0.169214 0.616199
v 0.178791 -0.029876 -0.879101
v 0.237692 -0.017066 -0.908600
v 0.199291 -0.077116 -0.881901
v 0.249392 -0.094606 -0.892200
v -0.340809 -0.231796 0.669197
v -0.394009 -0.191946 0.681599
v -0.388109 -0.227206 0.655197
v -0.322508 -0.209716 0.689400
v 0.459892 0.186494 -0.775700
v 0.481892 0.221094 -0.706600
v 0.518692 0.183974 -0.714901
v 0.437992 0.219864 -0.755901
v 0.524191 0.146304 -0.757603
v 0.481392 0.148964 -0.795300
v 0.503691 0.224434 -0.661301
v 0.518692 0.183974 -0.714901
v 0.530691 0.200214 -0.643501
v -0.240608 -0.103216 0.752300
v -0.158108 -0.104176 0.745399
v -0.163507 -0.037476 0.766499
v -0.243008 -0.035616 0.769299
v 0.557791 -0.034506 0.661598
v 0.508991 0.023954 0.717800
v 0.526691 -0.035356 0.721600
v 0.534292 0.029924 0.660099
v -0.382109 0.112494 -0.812302
v -0.363708 0.167114 -0.771999
v -0.354008 0.135354 -0.802700
v -0.440109 0.149644 -0.740303
v -0.382109 0.112494 -0.812302
v -0.445709 0.096994 -0.790199
v -0.408108 0.091404 -0.822502
v 0.384892 0.025944 0.798000
v 0.437292 0.056544 0.747997
v 0.383291 0.071084 0.762299
v 0.440592 0.020354 0.773800
v -0.307909 0.171324 -0.784801
v -0.252008 0.120074 -0.825203
v -0.308308 0.123494 -0.819603
v -0.250408 0.175524 -0.785400
v -0.252008 0.120074 -0.825203
v -0.197508 0.053964 -0.852901
v -0.258608 0.050604 -0.860302
v -0.189808 0.117784 -0.816002
v -0.420408 -0.280536 0.590401
v -0.376909 -0.285526 0.602200
v -0.380308 -0.252546 0.632298
v -0.434008 -0.254496 0.603897
v -0.322508 -0.209716 0.689400
v -0.243809 -0.244426 0.676701
v -0.241009 -0.169866 0.725098
v -0.313309 -0.160586 0.719200
v -0.238808 0.108434 0.751801
v -0.175808 0.163204 0.726498
v -0.240408 0.159604 0.731800
v -0.170109 0.107124 0.755199
v 0.392792 0.181144 -0.826202
v 0.318291 0.228834 -0.812901
v 0.379791 0.216664 -0.789402
v 0.318592 0.201904 -0.849400
v 0.315792 -0.035016 0.837097
v 0.245592 0.026844 0.804199
v 0.244692 -0.035756 0.829399
v 0.315292 0.027524 0.807999
v -0.589008 -0.139396 -0.519901
v -0.573408 -0.109426 -0.597900
v -0.543709 -0.173216 -0.591000
v -0.566208 -0.182896 -0.527203
v -0.440109 0.149644 -0.740303
v -0.445709 0.096994 -0.790199
v -0.477308 0.085784 -0.769302
v -0.494108 0.093324 -0.734600
v 0.252792 0.049354 -0.912102
v 0.181492 0.041124 -0.881802
v 0.206091 0.065404 -0.893101
v 0.237692 -0.017066 -0.908600
v -0.535509 -0.036046 0.566898
v -0.483809 0.027654 0.641197
v -0.521309 0.049604 0.572701
v -0.497509 -0.037426 0.631397
v -0.557909 -0.038196 0.491600
v -0.536709 -0.100656 0.561199
v -0.557209 -0.103866 0.487801
v -0.535509 -0.036046 0.566898
v -0.494308 -0.099146 0.626297
v -0.497509 -0.037426 0.631397
v -0.521309 0.049604 0.572701
v -0.483809 0.027654 0.641197
v -0.453209 0.074924 0.655499
v -0.454809 0.104574 0.635799
v -0.453209 0.074924 0.655499
v -0.452608 0.027314 0.688900
v -0.427008 0.086604 0.690701
v -0.482409 -0.215566 -0.649101
v -0.512808 -0.159436 -0.665401
v -0.440708 -0.213046 -0.735703
v -0.511709 -0.181976 -0.638203
v -0.427008 0.086604 0.690701
v -0.454809 0.104574 0.635799
v -0.453209 0.074924 0.655499
v -0.374708 -0.154006 0.722500
v -0.313309 -0.160586 0.719200
v -0.311909 -0.101536 0.748798
v -0.375109 -0.102056 0.746899
v 0.295191 0.023574 0.931400
v 0.340492 0.082704 0.890400
v 0.306192 0.091694 0.890297
v 0.316092 0.015584 0.928799
v 0.328791 0.115384 0.823299
v 0.350092 0.103794 0.819901
v -0.511709 -0.181976 -0.638203
v -0.482409 -0.215566 -0.649101
v -0.510309 -0.217346 -0.591000
v -0.543709 -0.173216 -0.591000
v 0.381792 -0.201296 -0.763203
v 0.450592 -0.163156 -0.774200
v 0.429092 -0.194656 -0.749302
v 0.391691 -0.148286 -0.821899
v 0.317692 -0.167466 -0.845303
v 0.249392 -0.094606 -0.892200
v 0.318092 -0.101986 -0.891502
v 0.228092 -0.158326 -0.836403
v -0.602009 -0.024396 -0.528900
v -0.579809 -0.036546 -0.602802
v -0.600708 -0.050386 -0.553001
v -0.568909 0.039114 -0.599400
v -0.293909 0.157824 0.716198
v -0.295008 0.196704 0.684200
v -0.370209 0.159924 0.685101
v -0.283108 0.182374 0.706299
v 0.315292 0.027524 0.807999
v 0.383291 0.071084 0.762299
v 0.314491 0.081894 0.772499
v 0.384892 0.025944 0.798000
v 0.450592 -0.163156 -0.774200
v 0.503691 -0.099316 -0.775200
v 0.514391 -0.152716 -0.707302
v 0.467491 -0.122996 -0.797802
v 0.564491 -0.102996 -0.635601
v 0.519991 -0.172976 -0.635300
v 0.557091 -0.132896 -0.610901
v 0.554691 -0.086676 -0.707401
v 0.514391 -0.152716 -0.707302
v 0.575392 -0.076776 -0.660900
v 0.503691 -0.099316 -0.775200
v 0.537891 -0.076066 -0.754101
v 0.514391 -0.152716 -0.707302
v -0.246508 -0.224186 -0.801201
v -0.180508 -0.255666 -0.770100
v -0.240509 -0.254396 -0.770302
v -0.173008 -0.211446 -0.801701
v -0.173008 -0.211446 -0.801701
v -0.141409 -0.252816 -0.762501
v -0.120909 -0.225516 -0.769703
v -0.322508 -0.209716 0.689400
v -0.374708 -0.154006 0.722500
v -0.394009 -0.191946 0.681599
v -0.313309 -0.160586 0.719200
v -0.193409 0.193064 0.711800
v -0.240408 0.159604 0.731800
v -0.175808 0.163204 0.726498
v -0.241108 0.193064 0.714199
v -0.494108 0.093324 -0.734600
v -0.513708 0.040644 -0.730701
v -0.515608 0.077954 -0.690903
v -0.539009 0.033824 -0.672703
v -0.601408 -0.086696 -0.528801
v -0.589008 -0.139396 -0.519901
v -0.597708 -0.113306 -0.502903
v -0.573408 -0.109426 -0.597900
v -0.566208 -0.182896 -0.527203
v -0.543709 -0.173216 -0.591000
v -0.510309 -0.217346 -0.591000
v -0.532509 -0.227046 -0.527401
v 0.318592 0.201904 -0.849400
v 0.252092 0.160134 -0.881802
v 0.238192 0.198994 -0.836502
v 0.318291 0.160354 -0.881702
v 0.251392 0.234304 -0.809502
v 0.318291 0.228834 -0.812901
v -0.162807 -0.160556 0.718300
v -0.240608 -0.103216 0.752300
v -0.241009 -0.169866 0.725098
v -0.158108 -0.104176 0.745399
v -0.454809 0.104574 0.635799
v -0.427008 0.086604 0.690701
v -0.370209 0.159924 0.685101
v -0.377409 0.088894 0.737698
v -0.409809 0.074644 0.719799
v -0.370209 0.159924 0.685101
v -0.456608 0.130344 0.609497
v -0.454809 0.104574 0.635799
v -0.779808 -0.010466 1.006199
v -0.737909 -0.004406 1.013897
v -0.751408 0.003844 0.996201
v 0.317791 -0.325836 0.724499
v 0.246092 -0.280946 0.762897
v 0.245192 -0.319436 0.721199
v 0.313391 -0.285206 0.767097
v 0.358492 0.087874 0.851799
v 0.340492 0.082704 0.890400
v 0.323692 -0.004786 0.917198
v 0.340492 0.082704 0.890400
v 0.316092 0.015584 0.928799
v 0.319292 -0.357996 0.663097
v 0.393291 -0.327616 0.658501
v 0.389992 -0.296676 0.719200
v 0.317791 -0.325836 0.724499
v -0.512808 -0.159436 -0.665401
v -0.493608 -0.144716 -0.735001
v -0.440708 -0.213046 -0.735703
v -0.516108 -0.133296 -0.690300
v -0.377409 0.088894 0.737698
v -0.309708 0.099674 0.741699
v -0.370209 0.159924 0.685101
v -0.335308 0.075744 0.752300
v 0.563091 -0.177606 0.588898
v 0.581991 -0.107146 0.590099
v 0.548391 -0.177776 0.660198
v 0.564091 -0.106686 0.661900
v 0.181492 0.041124 -0.881802
v 0.178791 -0.029876 -0.879101
v 0.158991 0.015034 -0.869900
v 0.237692 -0.017066 -0.908600
v -0.322109 -0.252816 0.649700
v -0.322508 -0.209716 0.689400
v -0.340809 -0.231796 0.669197
v -0.243809 -0.244426 0.676701
v -0.586809 0.051864 -0.529202
v -0.602009 -0.024396 -0.528900
v -0.599508 0.001624 -0.504200
v -0.568909 0.039114 -0.599400
v 0.391691 -0.148286 -0.821899
v 0.317791 -0.212316 -0.775902
v 0.317692 -0.167466 -0.845303
v 0.381792 -0.201296 -0.763203
v -0.456608 0.130344 0.609497
v -0.521309 0.049604 0.572701
v -0.454809 0.104574 0.635799
v -0.487209 0.120964 0.561398
v 0.450592 -0.163156 -0.774200
v 0.453291 -0.202986 -0.703400
v 0.429092 -0.194656 -0.749302
v 0.514391 -0.152716 -0.707302
v 0.383291 0.071084 0.762299
v 0.437292 0.056544 0.747997
v 0.384092 0.111014 0.724197
v 0.439592 0.084034 0.714298
v 0.314491 0.081894 0.772499
v 0.384092 0.111014 0.724197
v 0.306292 0.138344 0.725700
v 0.383291 0.071084 0.762299
v -0.516008 0.120324 -0.595001
v -0.568909 0.039114 -0.599400
v -0.550409 0.105604 -0.551300
v -0.586809 0.051864 -0.529202
v -0.470909 -0.259046 0.554100
v -0.506409 -0.228166 0.511600
v -0.483208 -0.251056 0.491798
v -0.494009 -0.226366 0.562199
v -0.434008 -0.254496 0.603897
v -0.494009 -0.226366 0.562199
v -0.447409 -0.224596 0.616398
v -0.482409 -0.215566 -0.649101
v -0.434408 -0.250886 -0.665100
v -0.465309 -0.240886 -0.638802
v -0.440708 -0.213046 -0.735703
v 0.187891 -0.232166 0.777100
v 0.246092 -0.236426 0.796299
v 0.244991 -0.177006 0.825100
v 0.185192 -0.174126 0.795097
v -0.539009 0.033824 -0.672703
v -0.507008 0.101694 -0.667202
v -0.515608 0.077954 -0.690903
v -0.568909 0.039114 -0.599400
v -0.465309 -0.240886 -0.638802
v -0.510309 -0.217346 -0.591000
v -0.482409 -0.215566 -0.649101
v -0.476908 -0.250146 -0.591400
v -0.340809 -0.231796 0.669197
v -0.380308 -0.252546 0.632298
v -0.322109 -0.252816 0.649700
v -0.388109 -0.227206 0.655197
v -0.380308 -0.252546 0.632298
v -0.315508 -0.287336 0.610199
v -0.376909 -0.285526 0.602200
v -0.557209 -0.103866 0.487801
v -0.543209 -0.161376 0.486401
v -0.526808 -0.152376 0.559299
v -0.536709 -0.100656 0.561199
v 0.552391 0.041214 -0.760799
v 0.552492 0.099214 -0.746201
v 0.577692 0.040914 -0.702499
v 0.570091 0.101784 -0.696800
v 0.590891 0.040934 -0.634502
v 0.581091 0.104974 -0.633102
v 0.606491 0.040074 -0.564400
v 0.596392 0.109744 -0.563602
v 0.613592 0.040894 -0.492001
v 0.600191 0.111434 -0.491802
v 0.620092 0.041594 -0.420002
v 0.605392 0.113604 -0.420200
v 0.546892 0.134994 -0.733501
v 0.552492 0.099214 -0.746201
v 0.554192 0.147924 -0.695301
v 0.581091 0.104974 -0.633102
v 0.560591 0.159114 -0.634300
v 0.560591 0.159114 -0.634300
v 0.596392 0.109744 -0.563602
v 0.570992 0.174054 -0.565102
v 0.600191 0.111434 -0.491802
v 0.572691 0.180914 -0.492203
v -0.432608 -0.285766 0.546700
v -0.420408 -0.280536 0.590401
v -0.470909 -0.259046 0.554100
v -0.434008 -0.254496 0.603897
v -0.349808 -0.243386 -0.760101
v -0.303909 -0.251786 -0.767902
v -0.318308 -0.278386 -0.719002
v -0.376108 -0.255526 -0.730400
v -0.128508 0.055414 -0.818600
v -0.141209 0.007774 -0.840702
v -0.197508 0.053964 -0.852901
v -0.196409 -0.011306 -0.868500
v 0.677391 0.340894 -0.541901
v 0.541992 0.441394 -0.496700
v 0.687092 0.333684 -0.496700
v 0.551691 0.434184 -0.541901
v 0.551691 0.434184 -0.451500
v 0.650791 0.360614 -0.575001
v 0.578192 0.414474 -0.575001
v 0.614492 0.387544 -0.587101
v 0.677391 0.340894 -0.451500
v 0.650791 0.360614 -0.418503
v 0.578192 0.414474 -0.418503
v 0.614492 0.387544 -0.406403
v 0.501091 -0.287836 0.582897
v 0.535192 -0.239496 0.586300
v 0.495592 -0.276316 0.632900
v 0.521591 -0.239576 0.653297
v 0.315292 0.027524 0.807999
v 0.245592 0.076364 0.768200
v 0.245592 0.026844 0.804199
v 0.314491 0.081894 0.772499
v -0.476908 -0.250146 -0.591400
v -0.491108 -0.262776 -0.526901
v -0.510309 -0.217346 -0.591000
v -0.532509 -0.227046 -0.527401
v -0.132509 0.105004 -0.802101
v -0.197508 0.053964 -0.852901
v -0.189808 0.117784 -0.816002
v -0.128508 0.055414 -0.818600
v 0.387392 0.146354 0.681000
v 0.324291 0.169464 0.687199
v 0.384092 0.111014 0.724197
v 0.306292 0.138344 0.725700
v 0.588091 -0.025336 -0.642601
v 0.564491 -0.102996 -0.635601
v 0.575392 -0.076776 -0.660900
v 0.598192 -0.043846 -0.574802
v 0.606491 0.040074 -0.564400
v 0.605392 -0.032726 -0.492500
v 0.613592 0.040894 -0.492001
v 0.611292 -0.031466 -0.420002
v 0.620092 0.041594 -0.420002
v 0.588091 -0.025336 -0.642601
v 0.606491 0.040074 -0.564400
v 0.590891 0.040934 -0.634502
v 0.577692 0.040914 -0.702499
v 0.573292 -0.025596 -0.706402
v -0.548109 0.021144 0.487198
v -0.557909 -0.038196 0.491600
v -0.535509 -0.036046 0.566898
v -0.521309 0.049604 0.572701
v -0.376108 0.207404 0.611900
v -0.428709 0.169214 0.616199
v -0.370209 0.159924 0.685101
v -0.410408 0.197614 0.600498
v -0.677708 0.176124 0.567600
v -0.555208 0.308974 0.564301
v -0.672209 0.186454 0.522301
v -0.560608 0.298644 0.609600
v -0.566208 0.301514 0.519501
v -0.666708 0.183584 0.612499
v -0.651909 0.211824 0.488697
v -0.590609 0.278244 0.487099
v -0.622009 0.245414 0.475800
v -0.581009 0.273284 0.643200
v -0.642208 0.206854 0.644897
v -0.610909 0.239684 0.656097
v 0.445692 0.115874 0.663998
v 0.387392 0.146354 0.681000
v 0.439592 0.084034 0.714298
v 0.384092 0.111014 0.724197
v -0.250408 0.175524 -0.785400
v -0.189808 0.117784 -0.816002
v -0.252008 0.120074 -0.825203
v -0.171608 0.189014 -0.751801
v -0.283108 0.182374 0.706299
v -0.228308 0.225534 0.680397
v -0.295008 0.196704 0.684200
v -0.241108 0.193064 0.714199
v -0.779808 -0.010466 1.006199
v -0.756208 -0.035326 0.841297
v -0.750708 -0.057286 0.848499
v -0.773508 -0.041626 1.018497
v 0.191891 -0.265666 0.747898
v 0.246092 -0.280946 0.762897
v 0.246092 -0.236426 0.796299
v 0.187891 -0.232166 0.777100
v 0.581991 -0.107146 0.590099
v 0.557791 -0.034506 0.661598
v 0.564091 -0.106686 0.661900
v 0.577291 -0.034386 0.590099
v 0.583492 -0.034626 0.517498
v 0.581991 -0.107146 0.590099
v 0.584591 -0.107086 0.517300
v 0.185192 -0.174126 0.795097
v 0.244991 -0.177006 0.825100
v 0.244692 -0.106496 0.835598
v 0.183891 -0.106176 0.803600
v -0.163507 -0.037476 0.766499
v -0.100307 -0.030206 0.738300
v -0.110109 0.033794 0.745800
v -0.170509 0.034984 0.769798
v -0.456608 0.130344 0.609497
v -0.454609 0.170424 0.555500
v -0.487209 0.120964 0.561398
v -0.428709 0.169214 0.616199
v -0.164009 -0.204406 0.684200
v -0.241009 -0.169866 0.725098
v -0.243809 -0.244426 0.676701
v -0.162807 -0.160556 0.718300
v -0.535408 0.136804 -0.527203
v -0.516008 0.120324 -0.595001
v -0.550409 0.105604 -0.551300
v -0.459309 0.195214 -0.576302
v -0.249708 0.398924 -0.462803
v -0.228409 0.371894 -0.517403
v -0.246208 0.356654 -0.520100
v -0.395809 -0.259646 -0.687000
v -0.440708 -0.213046 -0.735703
v -0.376108 -0.255526 -0.730400
v -0.434408 -0.250886 -0.665100
v -0.249508 -0.290486 0.613400
v -0.322109 -0.252816 0.649700
v -0.315508 -0.287336 0.610199
v -0.243809 -0.244426 0.676701
v -0.099308 -0.164286 -0.784401
v -0.120909 -0.225516 -0.769703
v -0.173008 -0.211446 -0.801701
v -0.092009 -0.188666 -0.765202
v -0.173809 -0.148336 -0.834801
v -0.099308 -0.164286 -0.784401
v -0.173008 -0.211446 -0.801701
v -0.122208 -0.137826 -0.811203
v -0.141209 0.007774 -0.840702
v -0.168709 -0.078156 -0.858402
v -0.196409 -0.011306 -0.868500
v -0.107809 -0.017076 -0.815002
v -0.122208 -0.137826 -0.811203
v -0.168709 -0.078156 -0.858402
v -0.099209 -0.091036 -0.807003
v -0.173809 -0.148336 -0.834801
v 0.251892 0.253064 -0.778301
v 0.317492 0.250744 -0.779400
v 0.251392 0.234304 -0.809502
v 0.318291 0.228834 -0.812901
v 0.244692 -0.106496 0.835598
v 0.184492 -0.038136 0.798599
v 0.183891 -0.106176 0.803600
v 0.244692 -0.035756 0.829399
v -0.272408 0.364054 -0.479301
v -0.249708 0.398924 -0.462803
v -0.246208 0.356654 -0.520100
v -0.376108 0.207404 0.611900
v -0.313608 0.223034 0.627800
v -0.339108 0.232014 0.603298
v -0.370209 0.159924 0.685101
v 0.577291 -0.034386 0.590099
v 0.534292 0.029924 0.660099
v 0.557791 -0.034506 0.661598
v 0.550091 0.032944 0.589199
v 0.583492 -0.034626 0.517498
v 0.550091 0.032944 0.589199
v 0.564592 0.038424 0.517799
v -0.240309 -0.280576 -0.728401
v -0.303909 -0.251786 -0.767902
v -0.240509 -0.254396 -0.770302
v -0.318308 -0.278386 -0.719002
v 0.481691 0.063254 0.714001
v 0.439592 0.084034 0.714298
v 0.468891 0.049564 0.742001
v 0.437292 0.056544 0.747997
v -0.535408 0.136804 -0.527203
v -0.547709 0.138204 -0.455601
v -0.528608 0.161414 -0.502102
v -0.578508 0.067194 -0.470501
v 0.580992 -0.109496 1.016701
v 0.590992 -0.086026 0.905197
v 0.591291 -0.066886 1.015598
v 0.244692 -0.035756 0.829399
v 0.186491 0.021824 0.782799
v 0.184492 -0.038136 0.798599
v 0.245592 0.026844 0.804199
v -0.507008 0.101694 -0.667202
v -0.516008 0.120324 -0.595001
v -0.487808 0.133774 -0.641102
v -0.568909 0.039114 -0.599400
v -0.170509 0.034984 0.769798
v -0.113409 0.097424 0.726097
v -0.170109 0.107124 0.755199
v -0.110109 0.033794 0.745800
v 0.429092 -0.194656 -0.749302
v 0.397291 -0.236086 -0.692001
v 0.381792 -0.201296 -0.763203
v 0.453291 -0.202986 -0.703400
v 0.453291 -0.202986 -0.703400
v 0.514391 -0.152716 -0.707302
v 0.477491 -0.201946 -0.657501
v 0.519991 -0.172976 -0.635300
v -0.313608 0.223034 0.627800
v -0.295008 0.196704 0.684200
v -0.288609 0.225534 0.651199
v -0.370209 0.159924 0.685101
v -0.596807 -0.108236 -0.417103
v -0.598509 -0.069166 -0.470402
v -0.596008 -0.112966 -0.458702
v -0.599009 -0.074956 -0.404602
v 0.534292 0.029924 0.660099
v 0.496391 0.079964 0.659100
v 0.481691 0.063254 0.714001
v 0.508991 0.023954 0.717800
v 0.550091 0.032944 0.589199
v 0.496391 0.079964 0.659100
v 0.507792 0.094604 0.589798
v -0.426508 -0.276296 -0.605602
v -0.476908 -0.250146 -0.591400
v -0.465309 -0.240886 -0.638802
v -0.434408 -0.250886 -0.665100
v -0.228308 0.225534 0.680397
v -0.288609 0.225534 0.651199
v -0.295008 0.196704 0.684200
v -0.242609 0.249894 0.631199
v 0.272291 0.016184 0.924698
v 0.295191 0.023574 0.931400
v 0.306192 0.091694 0.890297
v -0.728609 -0.034516 1.017300
v -0.773508 -0.041626 1.018497
v -0.755909 -0.055636 0.999599
v -0.374208 -0.274886 -0.663200
v -0.370409 -0.306676 -0.593102
v -0.426508 -0.276296 -0.605602
v -0.351707 -0.290956 -0.639702
v 0.159792 -0.257736 0.740700
v 0.191891 -0.265666 0.747898
v 0.187891 -0.232166 0.777100
v 0.149391 -0.228096 0.750000
v 0.134991 -0.173626 0.763897
v 0.185192 -0.174126 0.795097
v 0.183891 -0.106176 0.803600
v 0.127991 -0.105336 0.769600
v 0.564491 -0.102996 -0.635601
v 0.573591 -0.119566 -0.559902
v 0.557091 -0.132896 -0.610901
v 0.598192 -0.043846 -0.574802
v 0.579891 -0.108016 -0.491501
v 0.605392 -0.032726 -0.492500
v 0.579592 -0.101126 -0.420002
v 0.611292 -0.031466 -0.420002
v -0.586809 0.051864 -0.529202
v -0.578508 0.067194 -0.470501
v -0.550409 0.105604 -0.551300
v -0.535408 0.136804 -0.527203
v -0.491308 0.195874 -0.511002
v -0.459309 0.195214 -0.576302
v -0.528608 0.161414 -0.502102
v 0.445692 0.115874 0.663998
v 0.481691 0.063254 0.714001
v 0.496391 0.079964 0.659100
v 0.439592 0.084034 0.714298
v 0.314491 0.081894 0.772499
v 0.239391 0.118054 0.727699
v 0.245592 0.076364 0.768200
v 0.306292 0.138344 0.725700
v -0.459309 0.195214 -0.576302
v -0.487808 0.133774 -0.641102
v -0.516008 0.120324 -0.595001
v -0.438608 0.175414 -0.656300
v -0.507008 0.101694 -0.667202
v -0.494108 0.093324 -0.734600
v -0.515608 0.077954 -0.690903
v -0.440109 0.149644 -0.740303
v -0.491108 -0.262776 -0.526901
v -0.498209 -0.271236 -0.456100
v -0.532509 -0.227046 -0.527401
v -0.537508 -0.235346 -0.458603
v 0.317692 -0.377046 0.590797
v 0.388491 -0.347476 0.588497
v 0.393291 -0.327616 0.658501
v 0.319292 -0.357996 0.663097
v -0.601408 -0.086696 -0.528801
v -0.602009 -0.024396 -0.528900
v -0.600708 -0.050386 -0.553001
v -0.598509 -0.069166 -0.470402
v 0.149391 -0.228096 0.750000
v 0.187891 -0.232166 0.777100
v 0.185192 -0.174126 0.795097
v 0.134991 -0.173626 0.763897
v -0.099209 -0.091036 -0.807003
v -0.107809 -0.017076 -0.815002
v -0.074808 -0.043096 -0.792999
v -0.168709 -0.078156 -0.858402
v 0.183891 -0.106176 0.803600
v 0.132492 -0.037446 0.766598
v 0.127991 -0.105336 0.769600
v 0.184492 -0.038136 0.798599
v -0.522808 0.079404 0.486401
v -0.548109 0.021144 0.487198
v -0.521309 0.049604 0.572701
v -0.538908 0.054774 0.466099
v 0.546892 0.134994 -0.733501
v 0.518692 0.183974 -0.714901
v 0.554192 0.147924 -0.695301
v 0.524191 0.146304 -0.757603
v 0.530691 0.200214 -0.643501
v 0.560591 0.159114 -0.634300
v 0.530691 0.200214 -0.643501
v 0.570992 0.174054 -0.565102
v 0.516092 0.227534 -0.576302
v 0.570992 0.174054 -0.565102
v 0.518892 0.235104 -0.492802
v 0.572691 0.180914 -0.492203
v 0.572691 0.180914 -0.492203
v 0.514992 0.233424 -0.420403
v 0.567591 0.179374 -0.420300
v -0.597809 -0.010406 -0.459000
v -0.599009 -0.074956 -0.404602
v -0.596708 -0.015716 -0.403202
v -0.598509 -0.069166 -0.470402
v -0.599508 0.001624 -0.504200
v -0.597809 -0.010406 -0.459000
v -0.602009 -0.024396 -0.528900
v 0.204592 0.145954 -0.869602
v 0.252092 0.160134 -0.881802
v 0.252792 0.108354 -0.902302
v 0.195091 0.107714 -0.880501
v 0.130991 0.097984 -0.826603
v 0.195091 0.107714 -0.880501
v 0.184292 0.157044 -0.832500
v 0.317692 -0.167466 -0.845303
v 0.248091 -0.213696 -0.774200
v 0.228092 -0.158326 -0.836403
v 0.317791 -0.212316 -0.775902
v 0.167192 -0.177586 -0.772602
v 0.163092 -0.150416 -0.804401
v 0.146292 -0.164956 -0.777901
v 0.600191 0.111434 -0.491802
v 0.572691 0.180914 -0.492203
v 0.567591 0.179374 -0.420300
v 0.605392 0.113604 -0.420200
v -0.559708 -0.103676 0.266399
v -0.558109 -0.039906 0.341400
v -0.562908 -0.039056 0.267597
v -0.556108 -0.105636 0.341198
v -0.543409 -0.162716 0.266598
v -0.556108 -0.105636 0.341198
v -0.559708 -0.103676 0.266399
v -0.538309 -0.168536 0.341499
v -0.491308 0.195874 -0.511002
v -0.481609 0.222804 -0.455200
v -0.470108 0.217194 -0.500000
v -0.512009 0.190324 -0.454601
v -0.598509 -0.069166 -0.470402
v -0.601408 -0.086696 -0.528801
v -0.597708 -0.113306 -0.502903
v -0.596008 -0.112966 -0.458702
v -0.597809 -0.010406 -0.459000
v -0.582008 0.055354 -0.404301
v -0.578508 0.067194 -0.470501
v -0.596708 -0.015716 -0.403202
v -0.562908 -0.039056 0.267597
v -0.550909 0.019074 0.341400
v -0.556709 0.020774 0.269600
v -0.558109 -0.039906 0.341400
v -0.563009 0.022114 0.197300
v -0.562908 -0.039056 0.267597
v -0.563509 -0.037876 0.190300
v -0.180508 -0.255666 -0.770100
v -0.240309 -0.280576 -0.728401
v -0.240509 -0.254396 -0.770302
v -0.177608 -0.273816 -0.728703
v 0.375692 0.244844 -0.763401
v 0.317492 0.250744 -0.779400
v 0.317091 0.265144 -0.740601
v 0.372992 0.260774 -0.733101
v -0.560408 -0.039626 0.414799
v -0.558109 -0.106386 0.413597
v -0.557209 -0.103866 0.487801
v -0.557909 -0.038196 0.491600
v 0.452091 0.270864 -0.564003
v 0.518892 0.235104 -0.492802
v 0.516092 0.227534 -0.576302
v 0.454491 0.272164 -0.491802
v 0.452091 0.270864 -0.564003
v 0.479992 0.243234 -0.641399
v 0.436291 0.265884 -0.632603
v 0.451492 0.245264 -0.695900
v 0.503691 0.224434 -0.661301
v 0.481892 0.221094 -0.706600
v 0.436291 0.265884 -0.632603
v 0.479992 0.243234 -0.641399
v 0.419992 0.263544 -0.690201
v 0.419792 0.245224 -0.737900
v 0.406292 0.258144 -0.723701
v 0.437992 0.219864 -0.755901
v 0.481892 0.221094 -0.706600
v 0.419792 0.245224 -0.737900
v 0.437992 0.219864 -0.755901
v 0.375692 0.244844 -0.763401
v 0.379791 0.216664 -0.789402
v -0.426508 -0.276296 -0.605602
v -0.438808 -0.287866 -0.527500
v -0.476908 -0.250146 -0.591400
v -0.491108 -0.262776 -0.526901
v -0.632109 0.239524 -0.465099
v -0.496708 0.340024 -0.510300
v -0.622408 0.246734 -0.510300
v -0.487009 0.347234 -0.465099
v -0.523308 0.320304 -0.543400
v -0.595808 0.266454 -0.543400
v -0.559608 0.293384 -0.555500
v -0.622408 0.246734 -0.420002
v -0.496708 0.340024 -0.420002
v -0.523308 0.320304 -0.386902
v -0.595808 0.266454 -0.386902
v -0.559608 0.293384 -0.374802
v -0.651608 0.184404 0.229900
v -0.516909 0.304784 0.233799
v -0.641308 0.192454 0.184998
v -0.527208 0.296744 0.278698
v -0.524609 0.296704 0.188297
v -0.643908 0.192494 0.275398
v -0.615709 0.214464 0.152699
v -0.548309 0.274654 0.154598
v -0.581709 0.244554 0.141499
v -0.552809 0.274724 0.310997
v -0.620209 0.214534 0.309097
v -0.586908 0.244634 0.322197
v -0.587008 -0.130596 -0.391502
v -0.559809 -0.189016 -0.386402
v -0.567808 -0.161826 -0.365803
v -0.581509 -0.152196 -0.446800
v -0.552309 -0.207776 -0.410400
v -0.562708 -0.194276 -0.460899
v -0.589008 -0.139396 -0.519901
v -0.566208 -0.182896 -0.527203
v -0.587008 -0.130596 -0.391502
v -0.596807 -0.108236 -0.417103
v -0.596008 -0.112966 -0.458702
v -0.597708 -0.113306 -0.502903
v -0.589008 -0.139396 -0.519901
v -0.562708 -0.194276 -0.460899
v -0.537508 -0.235346 -0.458603
v -0.528008 -0.235326 -0.393303
v -0.532509 -0.227046 -0.527401
v -0.537508 -0.235346 -0.458603
v -0.566208 -0.182896 -0.527203
v -0.559809 -0.189016 -0.386402
v -0.552309 -0.207776 -0.410400
v -0.519909 -0.219836 -0.332703
v -0.549109 0.068364 0.200100
v -0.556709 0.020774 0.269600
v -0.543909 0.066894 0.270500
v -0.563009 0.022114 0.197300
v -0.558109 -0.106386 0.413597
v -0.537308 -0.169226 0.413898
v -0.543209 -0.161376 0.486401
v -0.557209 -0.103866 0.487801
v -0.538309 -0.168536 0.341499
v -0.558109 -0.106386 0.413597
v -0.556108 -0.105636 0.341198
v -0.537308 -0.169226 0.413898
v -0.563509 -0.037876 0.190300
v -0.555508 -0.099976 0.184799
v -0.559708 -0.103676 0.266399
v -0.562908 -0.039056 0.267597
v 0.381792 -0.201296 -0.763203
v 0.318491 -0.242096 -0.703003
v 0.317791 -0.212316 -0.775902
v 0.397291 -0.236086 -0.692001
v 0.530691 0.200214 -0.643501
v 0.479992 0.243234 -0.641399
v 0.516092 0.227534 -0.576302
v 0.503691 0.224434 -0.661301
v -0.250408 0.175524 -0.785400
v -0.246508 0.218974 -0.734100
v -0.171608 0.189014 -0.751801
v -0.264608 0.207204 -0.766201
v 0.589392 0.088764 -0.095802
v 0.579092 0.110654 -0.094101
v 0.576391 0.104094 0.022301
v -0.434408 -0.250886 -0.665100
v -0.374208 -0.274886 -0.663200
v -0.426508 -0.276296 -0.605602
v -0.395809 -0.259646 -0.687000
v -0.376108 -0.255526 -0.730400
v -0.374208 -0.274886 -0.663200
v -0.318308 -0.278386 -0.719002
v -0.249708 0.398924 -0.462803
v -0.222008 0.382204 -0.496902
v -0.228409 0.371894 -0.517403
v 0.177992 -0.098946 -0.849800
v 0.178791 -0.029876 -0.879101
v 0.199291 -0.077116 -0.881901
v 0.124191 -0.047606 -0.827801
v 0.124292 -0.110296 -0.802101
v 0.156591 -0.119646 -0.820000
v 0.124191 -0.047606 -0.827801
v 0.158991 0.015034 -0.869900
v 0.122492 0.024064 -0.835899
v 0.130692 -0.141386 -0.786602
v 0.124292 -0.110296 -0.802101
v 0.163092 -0.150416 -0.804401
v 0.177992 -0.098946 -0.849800
v 0.163092 -0.150416 -0.804401
v 0.228092 -0.158326 -0.836403
v 0.249392 -0.094606 -0.892200
v 0.199291 -0.077116 -0.881901
v 0.228092 -0.158326 -0.836403
v -0.560408 -0.039626 0.414799
v -0.548109 0.021144 0.487198
v -0.549709 0.018414 0.413200
v -0.557909 -0.038196 0.491600
v -0.543909 0.066894 0.270500
v -0.556709 0.020774 0.269600
v -0.536209 0.062434 0.341099
v -0.550909 0.019074 0.341400
v -0.550909 0.019074 0.341400
v -0.533108 0.057614 0.409397
v -0.549709 0.018414 0.413200
v -0.517109 0.098284 0.341599
v -0.525808 0.106764 0.270599
v -0.543909 0.066894 0.270500
v -0.536209 0.062434 0.341099
v 0.245192 -0.319436 0.721199
v 0.191891 -0.265666 0.747898
v 0.189091 -0.289756 0.712498
v 0.246092 -0.280946 0.762897
v -0.558109 -0.039906 0.341400
v -0.556108 -0.105636 0.341198
v -0.558109 -0.106386 0.413597
v -0.560408 -0.039626 0.414799
v -0.168709 0.202624 0.681900
v -0.228308 0.225534 0.680397
v -0.193409 0.193064 0.711800
v -0.241108 0.193064 0.714199
v -0.351707 -0.290956 -0.639702
v -0.304909 -0.299026 -0.658302
v -0.307209 -0.316756 -0.595501
v -0.370409 -0.306676 -0.593102
v 0.122492 0.024064 -0.835899
v 0.181492 0.041124 -0.881802
v 0.158991 0.015034 -0.869900
v 0.130991 0.097984 -0.826603
v -0.522808 0.079404 0.486401
v -0.487209 0.120964 0.561398
v -0.491009 0.120954 0.489098
v -0.521309 0.049604 0.572701
v -0.558109 -0.039906 0.341400
v -0.549709 0.018414 0.413200
v -0.550909 0.019074 0.341400
v -0.560408 -0.039626 0.414799
v -0.539408 -0.150816 0.189899
v -0.559708 -0.103676 0.266399
v -0.555508 -0.099976 0.184799
v -0.543409 -0.162716 0.266598
v 0.440992 0.149814 0.595798
v 0.496391 0.079964 0.659100
v 0.507792 0.094604 0.589798
v 0.445692 0.115874 0.663998
v -0.501808 -0.224496 0.342598
v -0.537308 -0.169226 0.413898
v -0.538309 -0.168536 0.341499
v -0.503809 -0.232336 0.426300
v -0.543409 -0.162716 0.266598
v -0.501808 -0.224496 0.342598
v -0.505209 -0.220746 0.258198
v -0.380209 0.237664 -0.596100
v -0.374308 0.208484 -0.662399
v -0.379509 0.250664 -0.526402
v -0.436708 0.227634 -0.517902
v -0.370909 0.198844 -0.723801
v -0.440109 0.149644 -0.740303
v -0.491308 0.195874 -0.511002
v -0.436708 0.227634 -0.517902
v -0.470108 0.217194 -0.500000
v -0.363708 0.167114 -0.771999
v -0.351908 0.189954 -0.752903
v -0.440109 0.149644 -0.740303
v -0.470108 0.217194 -0.500000
v -0.439808 0.237964 -0.455601
v -0.481609 0.222804 -0.455200
v 0.184492 -0.038136 0.798599
v 0.145191 0.018374 0.754299
v 0.132492 -0.037446 0.766598
v 0.186491 0.021824 0.782799
v -0.374208 -0.274886 -0.663200
v -0.304909 -0.299026 -0.658302
v -0.351707 -0.290956 -0.639702
v -0.318308 -0.278386 -0.719002
v -0.171608 0.189014 -0.751801
v -0.132509 0.105004 -0.802101
v -0.189808 0.117784 -0.816002
v -0.096909 0.128584 -0.750301
v 0.245592 0.026844 0.804199
v 0.190392 0.061304 0.752998
v 0.186491 0.021824 0.782799
v 0.245592 0.076364 0.768200
v -0.548409 0.064744 0.140099
v -0.563009 0.022114 0.197300
v -0.549109 0.068364 0.200100
v -0.557108 0.022364 0.137199
v 0.393291 -0.327616 0.658501
v 0.457291 -0.295676 0.651100
v 0.465792 -0.238626 0.720497
v 0.389992 -0.296676 0.719200
v 0.450891 -0.318366 0.585899
v 0.457291 -0.295676 0.651100
v 0.388491 -0.347476 0.588497
v 0.448792 -0.323476 0.517200
v 0.450891 -0.318366 0.585899
v 0.383892 -0.344356 0.517597
v 0.383892 -0.344356 0.517597
v 0.446291 -0.315856 0.448498
v 0.385992 -0.344476 0.445999
v 0.317692 -0.377046 0.590797
v 0.315691 -0.367576 0.517200
v 0.388491 -0.347476 0.588497
v -0.578508 0.067194 -0.470501
v -0.599508 0.001624 -0.504200
v -0.597809 -0.010406 -0.459000
v -0.586809 0.051864 -0.529202
v -0.426508 -0.276296 -0.605602
v -0.370409 -0.306676 -0.593102
v -0.378809 -0.315326 -0.526901
v -0.438808 -0.287866 -0.527500
v -0.491108 -0.262776 -0.526901
v -0.438808 -0.287866 -0.527500
v -0.445608 -0.299176 -0.455700
v -0.498209 -0.271236 -0.456100
v -0.578508 0.067194 -0.470501
v -0.547409 0.127744 -0.396103
v -0.547709 0.138204 -0.455601
v -0.582008 0.055354 -0.404301
v -0.524708 -0.205656 0.493797
v -0.483208 -0.251056 0.491798
v -0.506409 -0.228166 0.511600
v -0.503809 -0.232336 0.426300
v -0.557108 0.022364 0.137199
v -0.552408 -0.031446 0.125797
v -0.563509 -0.037876 0.190300
v -0.563009 0.022114 0.197300
v 0.620092 0.041594 -0.420002
v 0.595291 0.110164 -0.349201
v 0.606892 0.041434 -0.348900
v 0.605392 0.113604 -0.420200
v -0.086809 -0.087656 0.693699
v -0.163507 -0.037476 0.766499
v -0.158108 -0.104176 0.745399
v -0.100307 -0.030206 0.738300
v 0.387392 0.146354 0.681000
v 0.445692 0.115874 0.663998
v 0.379292 0.167124 0.636898
v 0.440992 0.149814 0.595798
v -0.503809 -0.232336 0.426300
v -0.524708 -0.205656 0.493797
v -0.537308 -0.169226 0.413898
v -0.543209 -0.161376 0.486401
v 0.076891 0.106494 -0.757702
v 0.073191 0.040794 -0.773800
v 0.058992 0.065024 -0.747902
v 0.130991 0.097984 -0.826603
v 0.122492 0.024064 -0.835899
v 0.130991 0.097984 -0.826603
v 0.086992 0.014914 -0.798203
v 0.195091 0.107714 -0.880501
v 0.181492 0.041124 -0.881802
v 0.206091 0.065404 -0.893101
v 0.252792 0.108354 -0.902302
v 0.252792 0.049354 -0.912102
v 0.195091 0.107714 -0.880501
v 0.562992 -0.182156 0.444599
v 0.583591 -0.108826 0.444599
v 0.570892 -0.179416 0.516998
v 0.584591 -0.107086 0.517300
v 0.563091 -0.177606 0.588898
v 0.581991 -0.107146 0.590099
v 0.561892 -0.110756 0.372997
v 0.583591 -0.108826 0.444599
v 0.536091 -0.186006 0.374798
v 0.184292 0.157044 -0.832500
v 0.181091 0.206464 -0.782803
v 0.238192 0.198994 -0.836502
v 0.159592 0.178224 -0.797203
v -0.514408 0.089354 0.412598
v -0.517109 0.098284 0.341599
v -0.536209 0.062434 0.341099
v -0.533108 0.057614 0.409397
v -0.432608 -0.285766 0.546700
v -0.379309 -0.303966 0.548901
v -0.420408 -0.280536 0.590401
v -0.376909 -0.285526 0.602200
v 0.611292 -0.031466 -0.420002
v 0.620092 0.041594 -0.420002
v 0.598892 -0.027606 -0.349201
v 0.606892 0.041434 -0.348900
v 0.120892 0.162744 -0.773800
v 0.184292 0.157044 -0.832500
v 0.130991 0.097984 -0.826603
v 0.159592 0.178224 -0.797203
v 0.238192 0.198994 -0.836502
v 0.181091 0.206464 -0.782803
v 0.204391 0.227294 -0.781403
v 0.251392 0.234304 -0.809502
v 0.319292 -0.357996 0.663097
v 0.245192 -0.319436 0.721199
v 0.243492 -0.349466 0.660999
v 0.317791 -0.325836 0.724499
v 0.317692 -0.377046 0.590797
v 0.319292 -0.357996 0.663097
v 0.242992 -0.363476 0.589500
v 0.436291 0.265884 -0.632603
v 0.381592 0.284594 -0.631802
v 0.387192 0.296814 -0.562901
v 0.452091 0.270864 -0.564003
v 0.436291 0.265884 -0.632603
v 0.419992 0.263544 -0.690201
v 0.377192 0.279384 -0.692402
v 0.419992 0.263544 -0.690201
v 0.406292 0.258144 -0.723701
v 0.372992 0.260774 -0.733101
v 0.375692 0.244844 -0.763401
v 0.419792 0.245224 -0.737900
v 0.605392 0.113604 -0.420200
v 0.567591 0.179374 -0.420300
v 0.561691 0.171994 -0.349800
v 0.595291 0.110164 -0.349201
v -0.533108 0.057614 0.409397
v -0.549709 0.018414 0.413200
v -0.538908 0.054774 0.466099
v -0.548109 0.021144 0.487198
v 0.648592 0.166234 0.570599
v 0.513092 0.266734 0.615799
v 0.638792 0.173444 0.615799
v 0.612291 0.193154 0.648800
v 0.539692 0.247014 0.648800
v 0.575991 0.220084 0.660900
v 0.503391 0.273944 0.570599
v 0.638792 0.173444 0.525398
v 0.513092 0.266734 0.525398
v 0.612291 0.193154 0.492298
v 0.539692 0.247014 0.492298
v 0.575991 0.220084 0.480198
v -0.544209 0.055424 0.103600
v -0.545708 0.023874 0.095898
v -0.557108 0.022364 0.137199
v -0.548409 0.064744 0.140099
v 0.204592 0.145954 -0.869602
v 0.238192 0.198994 -0.836502
v 0.252092 0.160134 -0.881802
v 0.184292 0.157044 -0.832500
v 0.589392 0.088764 -0.095802
v 0.492792 0.084194 -0.227699
v 0.579092 0.110654 -0.094101
v -0.773508 -0.041626 1.018497
v -0.750708 -0.057286 0.848499
v -0.755909 -0.055636 0.999599
v -0.110109 0.033794 0.745800
v -0.072508 -0.011776 0.715000
v -0.075108 0.032694 0.717300
v -0.100307 -0.030206 0.738300
v -0.514408 -0.188746 0.189899
v -0.543409 -0.162716 0.266598
v -0.539408 -0.150816 0.189899
v -0.505209 -0.220746 0.258198
v 0.455492 -0.216486 -0.632999
v 0.453291 -0.202986 -0.703400
v 0.477491 -0.201946 -0.657501
v 0.397291 -0.236086 -0.692001
v 0.491392 -0.284116 0.451798
v 0.538891 -0.241696 0.516998
v 0.496992 -0.286716 0.517300
v 0.524693 -0.240336 0.448498
v 0.479992 -0.279006 0.402100
v 0.500591 -0.246726 0.383099
v 0.538891 -0.241696 0.516998
v 0.501091 -0.287836 0.582897
v 0.535192 -0.239496 0.586300
v 0.500591 -0.246726 0.383099
v 0.562992 -0.182156 0.444599
v 0.536091 -0.186006 0.374798
v 0.501991 -0.197876 0.307400
v 0.448591 -0.272596 0.308300
v 0.570892 -0.179416 0.516998
v 0.524693 -0.240336 0.448498
v 0.538891 -0.241696 0.516998
v 0.570892 -0.179416 0.516998
v 0.535192 -0.239496 0.586300
v 0.563091 -0.177606 0.588898
v 0.521591 -0.239576 0.653297
v 0.548391 -0.177776 0.660198
v -0.779808 -0.010466 1.006199
v -0.747509 -0.013726 0.846298
v -0.756208 -0.035326 0.841297
v 0.580891 0.066474 -0.091400
v 0.576391 0.104094 0.022301
v 0.561291 0.068954 0.042400
v 0.589392 0.088764 -0.095802
v -0.521809 0.103254 0.199200
v -0.543909 0.066894 0.270500
v -0.525808 0.106764 0.270599
v -0.549109 0.068364 0.200100
v -0.121708 -0.184906 0.670998
v -0.162807 -0.160556 0.718300
v -0.164009 -0.204406 0.684200
v -0.105408 -0.147926 0.681198
v -0.174509 -0.257346 0.624798
v -0.164009 -0.204406 0.684200
v -0.243809 -0.244426 0.676701
v -0.150408 -0.224796 0.647400
v 0.512991 -0.184686 -0.572403
v 0.557091 -0.132896 -0.610901
v 0.573591 -0.119566 -0.559902
v 0.519991 -0.172976 -0.635300
v 0.529791 -0.174246 -0.491901
v 0.579891 -0.108016 -0.491501
v 0.527191 -0.159656 -0.420403
v 0.579592 -0.101126 -0.420002
v 0.149391 -0.228096 0.750000
v 0.134991 -0.173626 0.763897
v 0.116692 -0.226346 0.716499
v 0.091192 -0.171176 0.725597
v -0.547709 0.138204 -0.455601
v -0.501909 0.182854 -0.394600
v -0.512009 0.190324 -0.454601
v -0.547409 0.127744 -0.396103
v -0.512009 0.190324 -0.454601
v -0.528608 0.161414 -0.502102
v -0.491308 0.195874 -0.511002
v -0.254709 0.344714 -0.388702
v -0.248608 0.339184 -0.412701
v -0.323309 0.216524 -0.404301
v -0.552408 -0.031446 0.125797
v -0.527809 -0.091086 0.099697
v -0.555508 -0.099976 0.184799
v -0.563509 -0.037876 0.190300
v -0.541908 -0.014626 0.092197
v -0.557108 0.022364 0.137199
v -0.545708 0.023874 0.095898
v -0.552408 -0.031446 0.125797
v -0.420908 0.205034 0.550697
v -0.410408 0.197614 0.600498
v -0.377708 0.226554 0.551300
v -0.376108 0.207404 0.611900
v -0.292608 0.198874 -0.418301
v -0.323309 0.216524 -0.404301
v -0.230509 0.322894 -0.416702
v -0.230509 0.322894 -0.416702
v -0.248608 0.339184 -0.412701
v 0.350092 0.103794 0.819901
v 0.340492 0.082704 0.890400
v 0.358492 0.087874 0.851799
v 0.134991 -0.173626 0.763897
v 0.127991 -0.105336 0.769600
v 0.091192 -0.171176 0.725597
v 0.075792 -0.097036 0.719097
v -0.170109 0.107124 0.755199
v -0.104008 0.157074 0.669399
v -0.175808 0.163204 0.726498
v -0.113409 0.097424 0.726097
v -0.105408 -0.147926 0.681198
v -0.158108 -0.104176 0.745399
v -0.162807 -0.160556 0.718300
v -0.086809 -0.087656 0.693699
v -0.318308 -0.278386 -0.719002
v -0.240309 -0.280576 -0.728401
v -0.239309 -0.297776 -0.667103
v -0.304909 -0.299026 -0.658302
v -0.438808 -0.287866 -0.527500
v -0.378809 -0.315326 -0.526901
v -0.381109 -0.319026 -0.455700
v -0.445608 -0.299176 -0.455700
v 0.492792 0.084194 -0.227699
v 0.589392 0.088764 -0.095802
v 0.485191 0.048994 -0.224102
v 0.276192 0.176204 0.666298
v 0.306292 0.138344 0.725700
v 0.324291 0.169464 0.687199
v 0.250391 0.164514 0.671898
v -0.107809 -0.017076 -0.815002
v -0.128508 0.055414 -0.818600
v -0.051908 0.050174 -0.744202
v -0.141209 0.007774 -0.840702
v 0.595291 0.110164 -0.349201
v 0.561691 0.171994 -0.349800
v 0.554691 0.159904 -0.283703
v 0.576591 0.104804 -0.282001
v -0.314808 -0.311816 0.551998
v -0.376909 -0.285526 0.602200
v -0.379309 -0.303966 0.548901
v -0.315508 -0.287336 0.610199
v -0.314808 -0.311816 0.551998
v -0.249508 -0.290486 0.613400
v -0.248108 -0.303476 0.550598
v -0.756208 -0.035326 0.841297
v -0.704908 -0.047726 0.679798
v -0.701809 -0.069536 0.690098
v -0.750708 -0.057286 0.848499
v -0.370409 -0.306676 -0.593102
v -0.307209 -0.316756 -0.595501
v -0.309809 -0.332516 -0.527203
v -0.378809 -0.315326 -0.526901
v 0.146292 -0.164956 -0.777901
v 0.130692 -0.141386 -0.786602
v 0.163092 -0.150416 -0.804401
v 0.116091 -0.151076 -0.761200
v 0.512592 0.223434 -0.349201
v 0.554691 0.159904 -0.283703
v 0.561691 0.171994 -0.349800
v 0.511391 0.214724 -0.268002
v 0.228092 -0.158326 -0.836403
v 0.195091 -0.199916 -0.752701
v 0.167192 -0.177586 -0.772602
v 0.248091 -0.213696 -0.774200
v 0.075792 -0.097036 0.719097
v 0.127991 -0.105336 0.769600
v 0.132492 -0.037446 0.766598
v 0.089392 -0.031716 0.726799
v -0.518009 -0.149236 0.120598
v -0.555508 -0.099976 0.184799
v -0.527809 -0.091086 0.099697
v -0.539408 -0.150816 0.189899
v 0.548391 0.203294 0.150799
v 0.611492 0.152514 0.190899
v 0.581892 0.172124 0.160400
v 0.519892 0.237684 0.164600
v 0.629091 0.149734 0.234100
v 0.503992 0.266084 0.198200
v 0.630192 0.164524 0.278500
v 0.504992 0.280874 0.242599
v 0.614292 0.192914 0.312099
v 0.522692 0.278094 0.285797
v 0.585793 0.227314 0.326000
v 0.552191 0.258484 0.316299
v 0.104292 -0.122296 -0.776100
v 0.130692 -0.141386 -0.786602
v 0.116091 -0.151076 -0.761200
v 0.124292 -0.110296 -0.802101
v 0.606892 0.041434 -0.348900
v 0.576591 0.104804 -0.282001
v 0.584393 0.041334 -0.280399
v 0.595291 0.110164 -0.349201
v -0.498209 -0.271236 -0.456100
v -0.528008 -0.235326 -0.393303
v -0.537508 -0.235346 -0.458603
v -0.490509 -0.263346 -0.386700
v 0.567591 0.179374 -0.420300
v 0.514992 0.233424 -0.420403
v 0.512592 0.223434 -0.349201
v 0.561691 0.171994 -0.349800
v -0.505808 -0.179966 0.142399
v -0.539408 -0.150816 0.189899
v -0.518009 -0.149236 0.120598
v -0.514408 -0.188746 0.189899
v -0.099209 -0.091036 -0.807003
v -0.042908 -0.105946 -0.735500
v -0.122208 -0.137826 -0.811203
v -0.099308 -0.164286 -0.784401
v -0.533108 0.057614 0.409397
v -0.538908 0.054774 0.466099
v -0.514408 0.089354 0.412598
v -0.522808 0.079404 0.486401
v 0.452192 0.154204 0.517700
v 0.507792 0.094604 0.589798
v 0.512491 0.100514 0.517498
v 0.440992 0.149814 0.595798
v 0.448792 -0.323476 0.517200
v 0.496992 -0.286716 0.517300
v 0.450891 -0.318366 0.585899
v 0.501091 -0.287836 0.582897
v 0.495592 -0.276316 0.632900
v 0.450891 -0.318366 0.585899
v 0.457291 -0.295676 0.651100
v 0.491392 -0.284116 0.451798
v 0.496992 -0.286716 0.517300
v 0.446291 -0.315856 0.448498
v 0.479992 -0.279006 0.402100
v 0.442692 -0.299296 0.383698
v 0.385992 -0.344476 0.445999
v 0.442692 -0.299296 0.383698
v 0.384092 -0.329796 0.376400
v -0.309309 0.232754 -0.667702
v -0.374308 0.208484 -0.662399
v -0.309509 0.250924 -0.598400
v -0.380209 0.237664 -0.596100
v -0.379509 0.250664 -0.526402
v -0.310209 0.268764 -0.527599
v -0.309509 0.250924 -0.598400
v 0.545792 0.144604 -0.235100
v 0.511391 0.214724 -0.268002
v 0.524292 0.172174 -0.205700
v 0.554691 0.159904 -0.283703
v 0.324291 0.169464 0.687199
v 0.387392 0.146354 0.681000
v 0.322191 0.184244 0.651299
v 0.379292 0.167124 0.636898
v 0.361591 0.181514 0.612801
v 0.319292 0.196154 0.619198
v 0.318792 0.205284 0.576199
v 0.361591 0.181514 0.612801
v 0.378792 0.183404 0.576500
v 0.611292 -0.031466 -0.420002
v 0.568691 -0.090516 -0.350002
v 0.579592 -0.101126 -0.420002
v 0.598892 -0.027606 -0.349201
v 0.557291 -0.078196 -0.284801
v 0.578091 -0.022406 -0.282501
v 0.568691 -0.090516 -0.350002
v 0.554691 0.159904 -0.283703
v 0.545792 0.144604 -0.235100
v 0.576591 0.104804 -0.282001
v 0.553492 0.102934 -0.218601
v 0.598892 -0.027606 -0.349201
v 0.606892 0.041434 -0.348900
v 0.578091 -0.022406 -0.282501
v 0.584393 0.041334 -0.280399
v 0.383492 -0.249986 -0.625000
v 0.455492 -0.216486 -0.632999
v 0.432091 -0.232106 -0.607903
v 0.397291 -0.236086 -0.692001
v 0.589392 0.088764 -0.095802
v 0.580891 0.066474 -0.091400
v 0.485191 0.048994 -0.224102
v -0.132509 0.105004 -0.802101
v -0.051908 0.050174 -0.744202
v -0.128508 0.055414 -0.818600
v -0.096909 0.128584 -0.750301
v -0.501808 -0.224496 0.342598
v -0.444908 -0.264606 0.344299
v -0.443209 -0.274886 0.414398
v -0.503809 -0.232336 0.426300
v -0.443209 -0.274886 0.414398
v -0.483208 -0.251056 0.491798
v -0.437708 -0.280636 0.483299
v -0.432608 -0.285766 0.546700
v -0.470909 -0.259046 0.554100
v -0.599009 -0.074956 -0.404602
v -0.587008 -0.130596 -0.391502
v -0.569208 -0.096856 -0.329102
v -0.596807 -0.108236 -0.417103
v 0.546791 -0.036296 0.301498
v 0.523993 0.033114 0.303898
v 0.566292 -0.035396 0.373798
v 0.546192 0.037554 0.373898
v 0.566292 -0.035396 0.373798
v 0.584492 -0.034136 0.445000
v 0.562592 0.039644 0.445198
v 0.564592 0.038424 0.517799
v 0.583492 -0.034626 0.517498
v -0.516308 0.097874 0.119499
v -0.548409 0.064744 0.140099
v -0.521809 0.103254 0.199200
v -0.549109 0.068364 0.200100
v 0.564592 0.038424 0.517799
v 0.512491 0.100514 0.517498
v 0.507792 0.094604 0.589798
v 0.550091 0.032944 0.589199
v 0.562592 0.039644 0.445198
v 0.564592 0.038424 0.517799
v 0.508091 0.102554 0.446098
v 0.562592 0.039644 0.445198
v 0.497192 0.104484 0.374298
v 0.546192 0.037554 0.373898
v 0.248091 -0.213696 -0.774200
v 0.317791 -0.212316 -0.775902
v 0.318491 -0.242096 -0.703003
v 0.247892 -0.235676 -0.703003
v 0.379292 0.167124 0.636898
v 0.378792 0.183404 0.576500
v 0.361591 0.181514 0.612801
v 0.440992 0.149814 0.595798
v -0.381609 -0.310486 0.483398
v -0.432608 -0.285766 0.546700
v -0.437708 -0.280636 0.483299
v -0.379309 -0.303966 0.548901
v -0.382208 -0.308326 0.413200
v -0.381609 -0.310486 0.483398
v -0.443209 -0.274886 0.414398
v 0.204391 0.227294 -0.781403
v 0.251892 0.253064 -0.778301
v 0.251392 0.234304 -0.809502
v 0.194891 0.237664 -0.753201
v 0.576591 0.104804 -0.282001
v 0.553492 0.102934 -0.218601
v 0.584393 0.041334 -0.280399
v 0.558191 0.041384 -0.212402
v -0.596708 -0.015716 -0.403202
v -0.563509 0.051824 -0.340000
v -0.582008 0.055354 -0.404301
v -0.576008 -0.018326 -0.338802
v 0.479092 -0.100986 0.124397
v 0.481792 -0.036086 0.124798
v 0.499491 -0.101916 0.168499
v 0.504292 -0.035766 0.170700
v 0.516891 -0.101886 0.225098
v 0.519892 -0.035806 0.233601
v 0.546791 -0.036296 0.301498
v 0.516891 -0.101886 0.225098
v 0.533392 -0.121476 0.291199
v 0.546791 -0.036296 0.301498
v 0.561892 -0.110756 0.372997
v 0.566292 -0.035396 0.373798
v 0.566292 -0.035396 0.373798
v 0.583591 -0.108826 0.444599
v 0.584492 -0.034136 0.445000
v 0.584591 -0.107086 0.517300
v 0.583492 -0.034626 0.517498
v 0.120892 0.162744 -0.773800
v 0.076891 0.106494 -0.757702
v 0.089092 0.145324 -0.747700
v 0.130991 0.097984 -0.826603
v -0.442009 -0.257116 0.277798
v -0.501808 -0.224496 0.342598
v -0.505209 -0.220746 0.258198
v -0.444908 -0.264606 0.344299
v 0.432091 -0.232106 -0.607903
v 0.387592 -0.255976 -0.560200
v 0.383492 -0.249986 -0.625000
v 0.452192 -0.227936 -0.558102
v -0.599009 -0.074956 -0.404602
v -0.576008 -0.018326 -0.338802
v -0.596708 -0.015716 -0.403202
v -0.569208 -0.096856 -0.329102
v 0.132492 -0.037446 0.766598
v 0.112692 0.021224 0.718201
v 0.089392 -0.031716 0.726799
v 0.145191 0.018374 0.754299
v -0.107809 -0.017076 -0.815002
v -0.037409 -0.026936 -0.735802
v -0.074808 -0.043096 -0.792999
v -0.051908 0.050174 -0.744202
v 0.450491 -0.255586 0.228798
v 0.469992 -0.218606 0.249699
v 0.449291 -0.255826 0.247398
v 0.449392 -0.251496 0.210499
v 0.487291 -0.180806 0.229500
v 0.435291 -0.225926 0.160198
v 0.584393 0.041334 -0.280399
v 0.553192 -0.020256 -0.220802
v 0.578091 -0.022406 -0.282501
v 0.558191 0.041384 -0.212402
v -0.314409 -0.322826 0.484200
v -0.379309 -0.303966 0.548901
v -0.381609 -0.310486 0.483398
v -0.314808 -0.311816 0.551998
v 0.143391 0.063914 0.714100
v 0.112692 0.021224 0.718201
v 0.156992 0.050874 0.743698
v 0.145191 0.018374 0.754299
v 0.186491 0.021824 0.782799
v 0.156992 0.050874 0.743698
v 0.190392 0.061304 0.752998
v 0.480291 -0.163026 0.165298
v 0.487291 -0.180806 0.229500
v 0.435291 -0.225926 0.160198
v 0.498091 -0.152346 0.207199
v 0.074991 -0.029616 -0.776901
v 0.092592 -0.099966 -0.770000
v 0.072891 -0.074846 -0.752300
v 0.124191 -0.047606 -0.827801
v 0.124292 -0.110296 -0.802101
v 0.092592 -0.099966 -0.770000
v 0.104292 -0.122296 -0.776100
v 0.474991 0.068304 0.174099
v 0.502092 0.026864 0.235699
v 0.493792 0.024224 0.174297
v 0.475391 0.083054 0.233200
v 0.247892 -0.235676 -0.703003
v 0.318491 -0.242096 -0.703003
v 0.317392 -0.256486 -0.632401
v 0.242191 -0.262536 -0.634502
v -0.272408 0.364054 -0.479301
v -0.246208 0.356654 -0.520100
v -0.253809 0.328114 -0.499901
v 0.561291 0.068954 0.042400
v 0.576391 0.104094 0.022301
v 0.491091 0.082184 0.107300
v -0.141409 -0.252816 -0.762501
v -0.177608 -0.273816 -0.728703
v -0.180508 -0.255666 -0.770100
v -0.129808 -0.256166 -0.727303
v -0.454609 0.170424 0.555500
v -0.491009 0.120954 0.489098
v -0.487209 0.120964 0.561398
v -0.428709 0.169214 0.616199
v -0.410408 0.197614 0.600498
v -0.420908 0.205034 0.550697
v -0.514408 0.089354 0.412598
v -0.522808 0.079404 0.486401
v -0.486509 0.125464 0.413998
v -0.453608 0.162434 0.485298
v -0.454109 0.161944 0.413498
v -0.486008 0.130004 0.341801
v -0.453508 0.161194 0.341999
v -0.517109 0.098284 0.341599
v -0.514408 0.089354 0.412598
v -0.492409 0.139054 0.270500
v -0.525808 0.106764 0.270599
v -0.453909 0.163644 0.269699
v -0.487408 0.137254 0.199997
v -0.449408 0.160464 0.199497
v -0.521809 0.103254 0.199200
v -0.525808 0.106764 0.270599
v -0.487408 0.137254 0.199997
v -0.477909 0.137294 0.131798
v -0.516308 0.097874 0.119499
v -0.453909 0.163644 0.269699
v -0.414709 0.175874 0.268398
v -0.418009 0.181764 0.190197
v -0.451908 0.161204 0.146999
v -0.487408 0.137254 0.199997
v -0.477909 0.137294 0.131798
v -0.451908 0.161204 0.146999
v -0.418009 0.181764 0.190197
v -0.424908 0.171094 0.119598
v -0.424908 0.171094 0.119598
v -0.477909 0.137294 0.131798
v -0.438709 0.125764 0.078598
v 0.315691 -0.361566 0.445797
v 0.385992 -0.344476 0.445999
v 0.383892 -0.344356 0.517597
v 0.315691 -0.367576 0.517200
v 0.505491 0.106564 0.086098
v 0.491091 0.082184 0.107300
v 0.576391 0.104094 0.022301
v -0.168709 0.202624 0.681900
v -0.175808 0.163204 0.726498
v -0.104008 0.157074 0.669399
v -0.193409 0.193064 0.711800
v -0.104008 0.157074 0.669399
v -0.147408 0.211394 0.644798
v -0.109509 0.201414 0.620197
v -0.313608 0.223034 0.627800
v -0.323008 0.244164 0.551399
v -0.339108 0.232014 0.603298
v -0.256508 0.250714 0.565998
v 0.514992 0.233424 -0.420403
v 0.451891 0.267724 -0.420700
v 0.452492 0.261294 -0.350502
v 0.512592 0.223434 -0.349201
v 0.514992 0.233424 -0.420403
v 0.454491 0.272164 -0.491802
v 0.518892 0.235104 -0.492802
v 0.562391 -0.109486 0.840199
v 0.590992 -0.086026 0.905197
v 0.580992 -0.109496 1.016701
v 0.524992 -0.091186 -0.210701
v 0.512691 -0.133116 -0.271801
v 0.546291 -0.062496 -0.237602
v 0.557291 -0.078196 -0.284801
v 0.315191 -0.026256 0.907200
v 0.295591 -0.027506 1.014599
v 0.281792 -0.031376 0.920597
v 0.336891 -0.004286 1.023701
v 0.283092 0.001574 1.027599
v -0.547409 0.127744 -0.396103
v -0.582008 0.055354 -0.404301
v -0.563509 0.051824 -0.340000
v -0.525808 0.120654 -0.329403
v 0.553492 0.102934 -0.218601
v 0.524292 0.172174 -0.205700
v 0.512392 0.119434 -0.150002
v 0.545792 0.144604 -0.235100
v 0.487291 -0.180806 0.229500
v 0.501991 -0.197876 0.307400
v 0.469992 -0.218606 0.249699
v 0.533392 -0.121476 0.291199
v 0.448591 -0.272596 0.308300
v 0.501991 -0.197876 0.307400
v 0.561892 -0.110756 0.372997
v 0.536091 -0.186006 0.374798
v 0.501991 -0.197876 0.307400
v 0.533392 -0.121476 0.291199
v 0.498091 -0.152346 0.207199
v 0.516891 -0.101886 0.225098
v 0.499491 -0.101916 0.168499
v 0.498091 -0.152346 0.207199
v 0.480291 -0.163026 0.165298
v 0.499491 -0.101916 0.168499
v 0.468592 -0.151206 0.131199
v 0.479092 -0.100986 0.124397
v 0.448591 -0.272596 0.308300
v 0.384291 -0.296376 0.235298
v 0.416891 -0.276136 0.212399
v 0.450491 -0.255586 0.228798
v 0.449392 -0.251496 0.210499
v 0.416891 -0.276136 0.212399
v 0.435291 -0.225926 0.160198
v 0.377991 -0.277966 0.161598
v 0.579592 -0.101126 -0.420002
v 0.521391 -0.145096 -0.349800
v 0.527191 -0.159656 -0.420403
v 0.568691 -0.090516 -0.350002
v 0.568691 -0.090516 -0.350002
v 0.512691 -0.133116 -0.271801
v 0.557291 -0.078196 -0.284801
v 0.508091 0.102554 0.446098
v 0.448492 0.157424 0.446098
v 0.452192 0.154204 0.517700
v 0.512491 0.100514 0.517498
v -0.304909 -0.299026 -0.658302
v -0.239309 -0.297776 -0.667103
v -0.240208 -0.307606 -0.597301
v -0.307209 -0.316756 -0.595501
v -0.228409 0.371894 -0.517403
v -0.128408 0.308014 -0.483002
v -0.176708 0.292414 -0.499203
v -0.246208 0.356654 -0.520100
v 0.319292 0.196154 0.619198
v 0.266691 0.185024 0.635498
v 0.322191 0.184244 0.651299
v 0.276793 0.196724 0.614399
v -0.477909 0.213014 -0.409702
v -0.481609 0.222804 -0.455200
v -0.512009 0.190324 -0.454601
v -0.501909 0.182854 -0.394600
v -0.242609 0.249894 0.631199
v -0.313608 0.223034 0.627800
v -0.288609 0.225534 0.651199
v -0.256508 0.250714 0.565998
v 0.181091 0.206464 -0.782803
v 0.194891 0.237664 -0.753201
v 0.204391 0.227294 -0.781403
v 0.133291 0.212124 -0.717800
v 0.181091 0.206464 -0.782803
v 0.120892 0.162744 -0.773800
v 0.159592 0.178224 -0.797203
v 0.504292 -0.035766 0.170700
v 0.493792 0.024224 0.174297
v 0.519892 -0.035806 0.233601
v 0.502092 0.026864 0.235699
v 0.523993 0.033114 0.303898
v 0.546791 -0.036296 0.301498
v 0.519892 -0.035806 0.233601
v 0.397291 -0.236086 -0.692001
v 0.317392 -0.256486 -0.632401
v 0.318491 -0.242096 -0.703003
v 0.383492 -0.249986 -0.625000
v -0.169609 0.230254 0.627300
v -0.168709 0.202624 0.681900
v -0.147408 0.211394 0.644798
v -0.228308 0.225534 0.680397
v -0.515009 -0.031696 0.065701
v -0.552408 -0.031446 0.125797
v -0.541908 -0.014626 0.092197
v -0.527809 -0.091086 0.099697
v -0.472908 -0.248856 -0.290001
v -0.519909 -0.219836 -0.332703
v -0.482309 -0.255096 -0.327499
v -0.488008 -0.224356 -0.277203
v -0.443708 -0.290036 -0.384903
v -0.441408 -0.278146 -0.322002
v -0.490509 -0.263346 -0.386700
v -0.445608 -0.299176 -0.455700
v -0.498209 -0.271236 -0.456100
v -0.519909 -0.219836 -0.332703
v -0.490509 -0.263346 -0.386700
v -0.528008 -0.235326 -0.393303
v -0.441408 -0.278146 -0.322002
v -0.472908 -0.248856 -0.290001
v -0.439209 -0.258366 -0.275600
v -0.242609 0.249894 0.631199
v -0.169609 0.230254 0.627300
v -0.193909 0.247394 0.605598
v -0.228308 0.225534 0.680397
v -0.042908 -0.105946 -0.735500
v -0.074808 -0.043096 -0.792999
v -0.037409 -0.026936 -0.735802
v -0.099209 -0.091036 -0.807003
v 0.452091 0.270864 -0.564003
v 0.387192 0.296814 -0.562901
v 0.386892 0.292914 -0.491600
v 0.454491 0.272164 -0.491802
v 0.557291 -0.078196 -0.284801
v 0.578091 -0.022406 -0.282501
v 0.546291 -0.062496 -0.237602
v 0.553192 -0.020256 -0.220802
v 0.553192 -0.020256 -0.220802
v 0.524992 -0.091186 -0.210701
v 0.512192 -0.037106 -0.156300
v -0.150408 -0.224796 0.647400
v -0.112808 -0.202376 0.631699
v -0.121708 -0.184906 0.670998
v -0.164009 -0.204406 0.684200
v 0.442692 -0.299296 0.383698
v 0.500591 -0.246726 0.383099
v 0.479992 -0.279006 0.402100
v 0.448591 -0.272596 0.308300
v 0.579092 0.110654 -0.094101
v 0.551691 0.121504 0.019897
v 0.576391 0.104094 0.022301
v 0.505491 0.106564 0.086098
v 0.471691 0.054874 0.139797
v 0.493792 0.024224 0.174297
v 0.477991 0.020904 0.131599
v 0.474991 0.068304 0.174099
v 0.074991 -0.029616 -0.776901
v 0.086992 0.014914 -0.798203
v 0.124191 -0.047606 -0.827801
v 0.122492 0.024064 -0.835899
v 0.074991 -0.029616 -0.776901
v 0.073191 0.040794 -0.773800
v 0.042892 -0.016806 -0.715202
v -0.704908 -0.047726 0.679798
v -0.756208 -0.035326 0.841297
v -0.698908 -0.025766 0.688698
v -0.747509 -0.013726 0.846298
v 0.461493 0.231404 -0.204102
v 0.511391 0.214724 -0.268002
v 0.432892 0.250364 -0.233200
v 0.446291 0.250054 -0.284401
v 0.512592 0.223434 -0.349201
v 0.446291 0.250054 -0.284401
v 0.452492 0.261294 -0.350502
v -0.569208 -0.096856 -0.329102
v -0.587008 -0.130596 -0.391502
v -0.567808 -0.161826 -0.365803
v -0.542309 -0.165636 -0.321503
v -0.378809 -0.315326 -0.526901
v -0.309809 -0.332516 -0.527203
v -0.310009 -0.328996 -0.455402
v -0.381109 -0.319026 -0.455700
v 0.553492 0.102934 -0.218601
v 0.519892 0.041284 -0.142002
v 0.558191 0.041384 -0.212402
v 0.512392 0.119434 -0.150002
v 0.460192 -0.201536 -0.421402
v 0.527191 -0.159656 -0.420403
v 0.521391 -0.145096 -0.349800
v 0.458591 -0.187426 -0.351402
v 0.459991 -0.215866 -0.491402
v 0.529791 -0.174246 -0.491901
v 0.512991 -0.184686 -0.572403
v 0.452192 -0.227936 -0.558102
v 0.455492 -0.216486 -0.632999
v 0.432091 -0.232106 -0.607903
v 0.455492 -0.216486 -0.632999
v 0.519991 -0.172976 -0.635300
v 0.477491 -0.201946 -0.657501
v 0.143391 0.063914 0.714100
v 0.156992 0.050874 0.743698
v 0.188791 0.089674 0.715500
v 0.190392 0.061304 0.752998
v 0.448591 -0.272596 0.308300
v 0.384092 -0.329796 0.376400
v 0.377592 -0.318866 0.309898
v 0.442692 -0.299296 0.383698
v 0.377592 -0.318866 0.309898
v 0.314692 -0.349136 0.375401
v 0.313192 -0.344696 0.306000
v 0.384092 -0.329796 0.376400
v -0.115208 0.317054 -0.455101
v 0.012691 0.297244 -0.349400
v 0.013092 0.281574 -0.365902
v 0.012691 0.297244 -0.349400
v 0.145191 0.172204 -0.364502
v 0.524292 0.172174 -0.205700
v 0.461493 0.231404 -0.204102
v 0.484291 0.195644 -0.182102
v 0.511391 0.214724 -0.268002
v 0.013092 0.281574 -0.365902
v 0.145191 0.172204 -0.364502
v 0.128792 0.161634 -0.392200
v 0.322191 0.184244 0.651299
v 0.266691 0.185024 0.635498
v 0.276192 0.176204 0.666298
v 0.324291 0.169464 0.687199
v 0.225792 0.141394 0.686398
v 0.184692 0.119764 0.664898
v 0.188791 0.089674 0.715500
v 0.239391 0.118054 0.727699
v 0.190392 0.061304 0.752998
v 0.245592 0.076364 0.768200
v 0.475391 0.083054 0.233200
v 0.523993 0.033114 0.303898
v 0.502092 0.026864 0.235699
v 0.480192 0.096914 0.302998
v -0.519909 -0.219836 -0.332703
v -0.488008 -0.224356 -0.277203
v -0.542309 -0.165636 -0.321503
v -0.500809 -0.180136 -0.266602
v -0.567808 -0.161826 -0.365803
v -0.542309 -0.165636 -0.321503
v -0.559809 -0.189016 -0.386402
v -0.466108 -0.200146 0.127598
v -0.479309 -0.207476 0.174999
v -0.505808 -0.179966 0.142399
v -0.514408 -0.188746 0.189899
v 0.481792 -0.036086 0.124798
v 0.477991 0.020904 0.131599
v 0.504292 -0.035766 0.170700
v 0.493792 0.024224 0.174297
v 0.383492 -0.249986 -0.625000
v 0.317291 -0.266646 -0.561802
v 0.317392 -0.256486 -0.632401
v 0.387592 -0.255976 -0.560200
v 0.558191 0.041384 -0.212402
v 0.512192 -0.037106 -0.156300
v 0.553192 -0.020256 -0.220802
v 0.519892 0.041284 -0.142002
v -0.115208 0.317054 -0.455101
v 0.013092 0.281574 -0.365902
v -0.128408 0.308014 -0.483002
v 0.006292 0.257814 -0.368000
v 0.128792 0.161634 -0.392200
v 0.103691 0.143744 -0.388100
v 0.013092 0.281574 -0.365902
v -0.264608 0.207204 -0.766201
v -0.309509 0.201794 -0.761002
v -0.309809 0.218824 -0.726501
v -0.246508 0.218974 -0.734100
v -0.240908 0.236384 -0.672600
v -0.309309 0.232754 -0.667702
v -0.241108 0.246074 -0.599003
v -0.309509 0.250924 -0.598400
v -0.310209 0.268764 -0.527599
v -0.241108 0.246074 -0.599003
v -0.239609 0.258934 -0.527702
v -0.309509 0.264474 -0.455402
v -0.310209 0.268764 -0.527599
v -0.237108 0.255814 -0.456100
v -0.351908 0.189954 -0.752903
v -0.309509 0.201794 -0.761002
v -0.370909 0.198844 -0.723801
v -0.309309 0.232754 -0.667702
v -0.374308 0.208484 -0.662399
v -0.315508 0.245614 0.483398
v -0.375708 0.225224 0.483601
v -0.323008 0.244164 0.551399
v -0.377708 0.226554 0.551300
v -0.419008 0.192064 0.413300
v -0.418608 0.196284 0.483601
v -0.374609 0.217204 0.413300
v -0.418608 0.196284 0.483601
v -0.377708 0.226554 0.551300
v -0.420908 0.205034 0.550697
v -0.323008 0.244164 0.551399
v -0.339108 0.232014 0.603298
v -0.376108 0.207404 0.611900
v 0.314692 -0.349136 0.375401
v 0.243792 -0.364206 0.446198
v 0.243792 -0.365466 0.375198
v 0.315691 -0.361566 0.445797
v -0.501909 0.182854 -0.394600
v -0.547409 0.127744 -0.396103
v -0.525808 0.120654 -0.329403
v -0.457909 0.193164 -0.314400
v 0.448492 0.157424 0.446098
v 0.382992 0.190634 0.446098
v 0.383091 0.179134 0.515499
v 0.452192 0.154204 0.517700
v -0.503809 -0.108576 -0.232700
v -0.493309 -0.076966 -0.195103
v -0.527908 -0.076226 -0.252602
v -0.480408 -0.115366 -0.189301
v 0.446291 0.250054 -0.284401
v 0.386192 0.277194 -0.281002
v 0.432892 0.250364 -0.233200
v 0.383991 0.264754 -0.214100
v 0.175791 -0.213616 -0.702103
v 0.247892 -0.235676 -0.703003
v 0.242191 -0.262536 -0.634502
v 0.167391 -0.230156 -0.635601
v -0.569208 -0.096856 -0.329102
v -0.535509 -0.018886 -0.264301
v -0.576008 -0.018326 -0.338802
v -0.527908 -0.076226 -0.252602
v 0.195091 -0.199916 -0.752701
v 0.248091 -0.213696 -0.774200
v 0.247892 -0.235676 -0.703003
v 0.175791 -0.213616 -0.702103
v -0.514408 -0.188746 0.189899
v -0.452608 -0.228956 0.202099
v -0.505209 -0.220746 0.258198
v -0.479309 -0.207476 0.174999
v 0.386492 0.281154 -0.350700
v 0.446291 0.250054 -0.284401
v 0.452492 0.261294 -0.350502
v 0.386192 0.277194 -0.281002
v 0.451891 0.267724 -0.420700
v 0.386492 0.281154 -0.350700
v 0.386591 0.289474 -0.420902
v 0.386892 0.292914 -0.491600
v 0.454491 0.272164 -0.491802
v -0.222008 0.382204 -0.496902
v -0.115208 0.317054 -0.455101
v -0.128408 0.308014 -0.483002
v -0.228409 0.371894 -0.517403
v -0.750708 -0.057286 0.848499
v -0.701809 -0.069536 0.690098
v -0.709009 -0.073286 0.768700
v -0.380909 0.253924 -0.455601
v -0.443108 0.225874 -0.391003
v -0.382608 0.245514 -0.384201
v -0.439808 0.237964 -0.455601
v -0.436708 0.227634 -0.517902
v -0.380909 0.253924 -0.455601
v -0.379509 0.250664 -0.526402
v 0.194891 0.237664 -0.753201
v 0.253492 0.266934 -0.741802
v 0.251892 0.253064 -0.778301
v 0.206692 0.251354 -0.731503
v 0.206692 0.251354 -0.731503
v 0.250591 0.275734 -0.693703
v 0.185291 0.259504 -0.695301
v 0.194891 0.237664 -0.753201
v 0.185291 0.259504 -0.695301
v 0.133291 0.212124 -0.717800
v 0.185291 0.259504 -0.695301
v 0.245892 0.296974 -0.633701
v 0.175491 0.269514 -0.633400
v 0.182892 0.266564 -0.561501
v 0.245892 0.296974 -0.633701
v 0.247692 0.299344 -0.563000
v 0.317091 0.280144 -0.693401
v 0.253492 0.266934 -0.741802
v 0.317091 0.265144 -0.740601
v 0.317492 0.250744 -0.779400
v 0.253492 0.266934 -0.741802
v 0.251892 0.253064 -0.778301
v 0.317091 0.280144 -0.693401
v 0.372992 0.260774 -0.733101
v 0.377192 0.279384 -0.692402
v 0.317591 0.290594 -0.631802
v 0.381592 0.284594 -0.631802
v 0.250591 0.275734 -0.693703
v 0.317591 0.290594 -0.631802
v 0.245892 0.296974 -0.633701
v 0.247692 0.299344 -0.563000
v 0.245892 0.296974 -0.633701
v 0.318291 0.306384 -0.563000
v 0.250191 0.303024 -0.491402
v 0.318792 0.306364 -0.491600
v 0.247692 0.299344 -0.563000
v 0.255692 0.293534 -0.420403
v 0.318792 0.306364 -0.491600
v 0.319092 0.307404 -0.420002
v 0.318291 0.306384 -0.563000
v 0.381592 0.284594 -0.631802
v 0.387192 0.296814 -0.562901
v 0.318792 0.306364 -0.491600
v 0.386892 0.292914 -0.491600
v 0.318792 0.306364 -0.491600
v 0.386591 0.289474 -0.420902
v 0.319092 0.307404 -0.420002
v 0.313192 -0.344696 0.306000
v 0.243792 -0.365466 0.375198
v 0.242792 -0.351696 0.304897
v 0.314692 -0.349136 0.375401
v -0.088408 0.209884 0.273998
v -0.128309 0.200104 0.255600
v -0.219608 0.127594 0.278099
v 0.480192 0.096914 0.302998
v 0.546192 0.037554 0.373898
v 0.523993 0.033114 0.303898
v 0.497192 0.104484 0.374298
v -0.563509 0.051824 -0.340000
v -0.495708 0.102854 -0.256203
v -0.525808 0.120654 -0.329403
v -0.088808 0.186964 0.282600
v -0.219608 0.127594 0.278099
v -0.216709 0.098304 0.289101
v 0.008192 0.189704 0.274498
v -0.088408 0.209884 0.273998
v -0.088808 0.186964 0.282600
v -0.219608 0.127594 0.278099
v -0.576008 -0.018326 -0.338802
v -0.522709 0.044284 -0.264603
v -0.563509 0.051824 -0.340000
v -0.535509 -0.018886 -0.264301
v 0.442392 0.161414 -0.085899
v 0.512392 0.119434 -0.150002
v 0.463392 0.181894 -0.134102
v 0.457592 0.108494 -0.074402
v 0.452192 0.154204 0.517700
v 0.383091 0.179134 0.515499
v 0.378792 0.183404 0.576500
v 0.440992 0.149814 0.595798
v -0.505209 -0.220746 0.258198
v -0.452608 -0.228956 0.202099
v -0.427208 -0.250576 0.229298
v -0.442009 -0.257116 0.277798
v 0.491091 0.082184 0.107300
v 0.505491 0.106564 0.086098
v 0.384592 0.089204 0.162899
v 0.423891 -0.115836 0.774498
v 0.531092 -0.108156 0.873100
v 0.517292 -0.086966 0.867897
v 0.409092 -0.089416 0.775799
v 0.524292 0.172174 -0.205700
v 0.463392 0.181894 -0.134102
v 0.512392 0.119434 -0.150002
v 0.484291 0.195644 -0.182102
v 0.377592 -0.318866 0.309898
v 0.384291 -0.296376 0.235298
v 0.356892 -0.311236 0.260098
v 0.313192 -0.344696 0.306000
v 0.356892 -0.311236 0.260098
v 0.307892 -0.328956 0.241299
v 0.307892 -0.328956 0.241299
v 0.384291 -0.296376 0.235298
v 0.309591 -0.306916 0.165298
v 0.377991 -0.277966 0.161598
v 0.416891 -0.276136 0.212399
v 0.309591 -0.306916 0.165298
v 0.348192 -0.265776 0.117897
v 0.305592 -0.273456 0.096600
v -0.453108 -0.154766 -0.190300
v -0.503809 -0.108576 -0.232700
v -0.508108 -0.134546 -0.252602
v -0.480408 -0.115366 -0.189301
v 0.384592 0.089204 0.162899
v 0.396091 0.054694 0.162098
v 0.491091 0.082184 0.107300
v 0.243792 -0.364206 0.446198
v 0.315691 -0.361566 0.445797
v 0.315691 -0.367576 0.517200
v 0.242891 -0.368166 0.517399
v 0.436092 0.127454 0.222298
v 0.480192 0.096914 0.302998
v 0.475391 0.083054 0.233200
v 0.416391 0.156134 0.292000
v 0.474991 0.068304 0.174099
v 0.432291 0.092064 0.154900
v 0.480192 0.096914 0.302998
v 0.435392 0.157874 0.374100
v 0.497192 0.104484 0.374298
v 0.435392 0.157874 0.374100
v 0.448492 0.157424 0.446098
v 0.508091 0.102554 0.446098
v 0.307892 -0.328956 0.241299
v 0.242792 -0.351696 0.304897
v 0.242092 -0.345716 0.233799
v 0.313192 -0.344696 0.306000
v 0.384092 -0.329796 0.376400
v 0.315691 -0.361566 0.445797
v 0.314692 -0.349136 0.375401
v 0.385992 -0.344476 0.445999
v 0.551691 -0.117316 0.862598
v 0.562391 -0.109486 0.840199
v 0.580992 -0.109496 1.016701
v -0.527908 -0.076226 -0.252602
v -0.495308 -0.026486 -0.197903
v -0.535509 -0.018886 -0.264301
v -0.493309 -0.076966 -0.195103
v -0.249508 -0.290486 0.613400
v -0.174509 -0.257346 0.624798
v -0.243809 -0.244426 0.676701
v -0.198708 -0.284156 0.600098
v -0.248108 -0.303476 0.550598
v -0.198708 -0.284156 0.600098
v -0.187708 -0.282036 0.549297
v -0.247808 -0.305796 0.483799
v -0.186708 -0.279726 0.483997
v -0.248108 -0.303476 0.550598
v -0.113409 0.097424 0.726097
v -0.071808 0.085384 0.676399
v -0.104008 0.157074 0.669399
v -0.083109 0.076824 0.708900
v 0.316792 -0.000906 0.709198
v 0.323792 0.058594 0.841698
v 0.287792 0.001314 0.719799
v 0.346491 0.065264 0.846397
v -0.527908 -0.076226 -0.252602
v -0.508108 -0.134546 -0.252602
v -0.503809 -0.108576 -0.232700
v -0.569208 -0.096856 -0.329102
v -0.219608 0.127594 0.278099
v -0.235008 0.104354 0.245998
v -0.216709 0.098304 0.289101
v 0.315691 -0.367576 0.517200
v 0.242992 -0.363476 0.589500
v 0.242891 -0.368166 0.517399
v 0.317692 -0.377046 0.590797
v -0.495708 0.102854 -0.256203
v -0.563509 0.051824 -0.340000
v -0.522709 0.044284 -0.264603
v -0.750708 -0.057286 0.848499
v -0.709009 -0.073286 0.768700
v -0.755909 -0.055636 0.999599
v 0.250391 0.164514 0.671898
v 0.184692 0.119764 0.664898
v 0.225792 0.141394 0.686398
v 0.194092 0.158774 0.593098
v 0.239391 0.118054 0.727699
v 0.250391 0.164514 0.671898
v 0.306292 0.138344 0.725700
v -0.443108 0.225874 -0.391003
v -0.501909 0.182854 -0.394600
v -0.457909 0.193164 -0.314400
v -0.477909 0.213014 -0.409702
v 0.512392 0.119434 -0.150002
v 0.457592 0.108494 -0.074402
v 0.519892 0.041284 -0.142002
v 0.463892 0.039974 -0.073601
v -0.024609 0.220344 0.247398
v -0.088408 0.209884 0.273998
v 0.008192 0.189704 0.274498
v -0.542309 -0.165636 -0.321503
v -0.508108 -0.134546 -0.252602
v -0.569208 -0.096856 -0.329102
v -0.500809 -0.180136 -0.266602
v -0.525808 0.120654 -0.329403
v -0.454908 0.148764 -0.240002
v -0.457909 0.193164 -0.314400
v -0.495708 0.102854 -0.256203
v -0.444908 -0.264606 0.344299
v -0.379009 -0.283906 0.345898
v -0.382208 -0.308326 0.413200
v -0.443209 -0.274886 0.414398
v -0.541908 -0.014626 0.092197
v -0.516108 0.020934 0.064899
v -0.515009 -0.031696 0.065701
v -0.545708 0.023874 0.095898
v -0.309809 -0.332516 -0.527203
v -0.239109 -0.320586 -0.527401
v -0.238909 -0.318956 -0.456100
v -0.310009 -0.328996 -0.455402
v -0.307209 -0.316756 -0.595501
v -0.239109 -0.320586 -0.527401
v -0.240208 -0.307606 -0.597301
v -0.381609 -0.293706 -0.316101
v -0.439209 -0.258366 -0.275600
v -0.441408 -0.278146 -0.322002
v -0.382309 -0.270176 -0.257999
v -0.441408 -0.278146 -0.322002
v -0.381708 -0.310886 -0.383503
v -0.443708 -0.290036 -0.384903
v -0.381109 -0.319026 -0.455700
v -0.381708 -0.310886 -0.383503
v -0.445608 -0.299176 -0.455700
v -0.179108 0.224564 -0.669800
v -0.241108 0.246074 -0.599003
v -0.180609 0.232384 -0.597801
v -0.240908 0.236384 -0.672600
v -0.246508 0.218974 -0.734100
v -0.240908 0.236384 -0.672600
v -0.171608 0.189014 -0.751801
v -0.382208 -0.308326 0.413200
v -0.312408 -0.313186 0.413597
v -0.314409 -0.322826 0.484200
v -0.381609 -0.310486 0.483398
v 0.242891 -0.368166 0.517399
v 0.176491 -0.326606 0.588200
v 0.176092 -0.330576 0.517399
v 0.242992 -0.363476 0.589500
v 0.242992 -0.363476 0.589500
v 0.181791 -0.312706 0.656898
v 0.243492 -0.349466 0.660999
v 0.189091 -0.289756 0.712498
v 0.245192 -0.319436 0.721199
v 0.145292 -0.266586 0.712799
v 0.127192 -0.271266 0.657600
v 0.189091 -0.289756 0.712498
v 0.176491 -0.326606 0.588200
v 0.181791 -0.312706 0.656898
v 0.112492 -0.273896 0.588699
v 0.145292 -0.266586 0.712799
v 0.159792 -0.257736 0.740700
v 0.191891 -0.265666 0.747898
v 0.175791 -0.213616 -0.702103
v 0.167192 -0.177586 -0.772602
v 0.195091 -0.199916 -0.752701
v 0.106892 -0.157666 -0.717899
v 0.436192 -0.166926 0.112198
v 0.480291 -0.163026 0.165298
v 0.435291 -0.225926 0.160198
v 0.468592 -0.151206 0.131199
v -0.427208 -0.250576 0.229298
v -0.377108 -0.264526 0.215000
v -0.377508 -0.271496 0.279400
v -0.442009 -0.257116 0.277798
v 0.401392 0.317594 0.393101
v 0.401392 0.317594 0.508099
v 0.416792 0.317594 0.450600
v 0.202091 0.317594 0.508099
v 0.359291 0.317594 0.550198
v 0.244192 0.317594 0.550198
v 0.301691 0.317594 0.565598
v 0.202091 0.317594 0.393101
v 0.186691 0.317594 0.450600
v 0.301691 0.317594 0.335499
v 0.244192 0.317594 0.350998
v 0.359291 0.317594 0.350998
v -0.377108 -0.264526 0.215000
v -0.452608 -0.228956 0.202099
v -0.385809 -0.236796 0.139000
v -0.427208 -0.250576 0.229298
v -0.452608 -0.228956 0.202099
v -0.466108 -0.200146 0.127598
v -0.479309 -0.207476 0.174999
v -0.522709 0.044284 -0.264603
v -0.535509 -0.018886 -0.264301
v -0.495308 -0.026486 -0.197903
v -0.470709 0.032184 -0.179100
v -0.442009 -0.257116 0.277798
v -0.377508 -0.271496 0.279400
v -0.379009 -0.283906 0.345898
v -0.444908 -0.264606 0.344299
v -0.100307 -0.030206 0.738300
v -0.061209 -0.027526 0.678600
v -0.072508 -0.011776 0.715000
v -0.086809 -0.087656 0.693699
v 0.519892 0.041284 -0.142002
v 0.457993 -0.028726 -0.084602
v 0.512192 -0.037106 -0.156300
v 0.463892 0.039974 -0.073601
v 0.386591 0.289474 -0.420902
v 0.319092 0.307404 -0.420002
v 0.386492 0.281154 -0.350700
v 0.319691 0.294704 -0.349300
v 0.460892 -0.148276 -0.219700
v 0.524992 -0.091186 -0.210701
v 0.486492 -0.116796 -0.192802
v 0.512691 -0.133116 -0.271801
v -0.054209 0.073684 0.639400
v -0.059408 0.029224 0.677700
v -0.036209 0.027584 0.628300
v -0.071808 0.085384 0.676399
v -0.083109 0.076824 0.708900
v -0.075108 0.032694 0.717300
v -0.075108 0.032694 0.717300
v -0.110109 0.033794 0.745800
v -0.113409 0.097424 0.726097
v -0.052109 -0.174686 -0.693901
v -0.042908 -0.105946 -0.735500
v -0.032408 -0.144656 -0.668301
v -0.065109 -0.174886 -0.734802
v -0.099308 -0.164286 -0.784401
v -0.042908 -0.105946 -0.735500
v -0.092009 -0.188666 -0.765202
v -0.463108 -0.109826 -0.163300
v -0.493309 -0.076966 -0.195103
v -0.480408 -0.115366 -0.189301
v -0.468208 -0.079976 -0.161602
v 0.386492 0.281154 -0.350700
v 0.319691 0.294704 -0.349300
v 0.386192 0.277194 -0.281002
v 0.319891 0.284824 -0.278500
v -0.544209 0.055424 0.103600
v -0.548409 0.064744 0.140099
v -0.516308 0.097874 0.119499
v -0.518808 0.060324 0.082897
v -0.516308 0.097874 0.119499
v -0.484409 0.057294 0.050598
v -0.462408 0.083574 0.054100
v -0.314409 -0.322826 0.484200
v -0.247808 -0.305796 0.483799
v -0.248108 -0.303476 0.550598
v -0.314808 -0.311816 0.551998
v 0.521391 -0.145096 -0.349800
v 0.448591 -0.171826 -0.288902
v 0.458591 -0.187426 -0.351402
v 0.512691 -0.133116 -0.271801
v 0.370691 -0.231996 0.094399
v 0.377991 -0.277966 0.161598
v 0.348192 -0.265776 0.117897
v 0.435291 -0.225926 0.160198
v -0.477909 0.213014 -0.409702
v -0.439808 0.237964 -0.455601
v -0.481609 0.222804 -0.455200
v -0.443108 0.225874 -0.391003
v -0.070408 0.163904 0.602898
v -0.109509 0.201414 0.620197
v -0.104008 0.157074 0.669399
v -0.084108 0.190154 0.595100
v 0.491091 0.082184 0.107300
v 0.396091 0.054694 0.162098
v 0.561291 0.068954 0.042400
v -0.495308 -0.026486 -0.197903
v -0.493309 -0.076966 -0.195103
v -0.472609 -0.043216 -0.164902
v -0.468208 -0.079976 -0.161602
v -0.313709 0.229954 0.413399
v -0.374609 0.217204 0.413300
v -0.315508 0.245614 0.483398
v -0.371408 0.196274 0.343098
v -0.374609 0.217204 0.413300
v -0.314108 0.208044 0.343700
v -0.317608 0.201154 0.268497
v -0.373409 0.190484 0.267300
v -0.322809 0.199824 0.187500
v -0.317608 0.201154 0.268497
v -0.376808 0.193504 0.183800
v -0.381809 0.172174 0.105698
v -0.424908 0.171094 0.119598
v -0.418009 0.181764 0.190197
v -0.373409 0.190484 0.267300
v -0.376808 0.193504 0.183800
v -0.415009 0.180124 0.342400
v -0.371408 0.196274 0.343098
v -0.414709 0.175874 0.268398
v -0.414709 0.175874 0.268398
v -0.453909 0.163644 0.269699
v -0.419008 0.192064 0.413300
v -0.374609 0.217204 0.413300
v -0.371408 0.196274 0.343098
v -0.454109 0.161944 0.413498
v -0.453909 0.163644 0.269699
v -0.486008 0.130004 0.341801
v -0.418608 0.196284 0.483601
v -0.419008 0.192064 0.413300
v -0.453608 0.162434 0.485298
v -0.420908 0.205034 0.550697
v 0.359291 0.317594 0.350998
v 0.359291 0.127304 0.350998
v 0.301691 0.317594 0.335499
v 0.401392 0.127304 0.393101
v 0.301691 0.127304 0.335499
v 0.401392 0.317594 0.393101
v 0.244192 0.317594 0.350998
v 0.416792 0.127304 0.450600
v 0.244192 0.127304 0.350998
v 0.416792 0.317594 0.450600
v 0.401392 0.127304 0.508099
v 0.401392 0.317594 0.508099
v 0.202091 0.317594 0.393101
v 0.202091 0.127304 0.393101
v 0.186691 0.317594 0.450600
v 0.186691 0.127304 0.450600
v 0.202091 0.317594 0.508099
v 0.202091 0.127304 0.508099
v 0.244192 0.317594 0.550198
v 0.244192 0.127304 0.550198
v 0.301691 0.317594 0.565598
v 0.301691 0.127304 0.565598
v 0.359291 0.317594 0.550198
v 0.359291 0.127304 0.550198
v 0.401392 0.317594 0.508099
v 0.401392 0.127304 0.508099
v 0.461493 0.231404 -0.204102
v 0.463392 0.181894 -0.134102
v 0.484291 0.195644 -0.182102
v 0.389891 0.228304 -0.133602
v 0.125792 0.091944 0.256599
v 0.008192 0.189704 0.274498
v 0.095091 0.078024 0.265400
v -0.253809 0.328114 -0.499901
v -0.246208 0.356654 -0.520100
v -0.176708 0.292414 -0.499203
v -0.583508 -0.069976 0.632698
v -0.485809 -0.075136 0.586700
v -0.489309 -0.035156 0.577099
v 0.240391 -0.289986 0.097900
v 0.235691 -0.329386 0.167900
v 0.217793 -0.305456 0.122200
v 0.309591 -0.306916 0.165298
v 0.309591 -0.306916 0.165298
v 0.242092 -0.345716 0.233799
v 0.307892 -0.328956 0.241299
v 0.462992 -0.100026 -0.151802
v 0.512192 -0.037106 -0.156300
v 0.441092 -0.081956 -0.104000
v 0.457993 -0.028726 -0.084602
v 0.460892 -0.148276 -0.219700
v 0.448591 -0.171826 -0.288902
v 0.512691 -0.133116 -0.271801
v 0.432892 -0.168236 -0.245701
v 0.133291 0.212124 -0.717800
v 0.120892 0.162744 -0.773800
v 0.089092 0.145324 -0.747700
v 0.080091 0.158804 -0.699303
v 0.383991 0.264754 -0.214100
v 0.461493 0.231404 -0.204102
v 0.432892 0.250364 -0.233200
v 0.389891 0.228304 -0.133602
v -0.453108 -0.154766 -0.190300
v -0.508108 -0.134546 -0.252602
v -0.452509 -0.196966 -0.220901
v -0.500809 -0.180136 -0.266602
v -0.239309 -0.297776 -0.667103
v -0.174109 -0.282016 -0.668301
v -0.174208 -0.285576 -0.597702
v -0.240208 -0.307606 -0.597301
v -0.239309 -0.297776 -0.667103
v -0.177608 -0.273816 -0.728703
v -0.240309 -0.280576 -0.728401
v -0.174208 -0.285576 -0.597702
v -0.239109 -0.320586 -0.527401
v -0.173508 -0.293506 -0.527802
v -0.239109 -0.320586 -0.527401
v -0.174208 -0.297666 -0.458500
v -0.238909 -0.318956 -0.456100
v -0.522709 0.044284 -0.264603
v -0.451809 0.092044 -0.191200
v -0.495708 0.102854 -0.256203
v -0.470709 0.032184 -0.179100
v -0.583508 -0.069976 0.632698
v -0.489309 -0.035156 0.577099
v -0.587208 -0.034816 0.627598
v -0.070408 0.163904 0.602898
v -0.051809 0.101504 0.616299
v -0.047709 0.127854 0.593498
v -0.104008 0.157074 0.669399
v 0.052992 -0.110286 0.679199
v 0.065191 -0.162376 0.677097
v 0.091192 -0.171176 0.725597
v 0.075792 -0.097036 0.719097
v 0.052992 -0.110286 0.679199
v 0.043692 -0.149246 0.635700
v 0.040491 -0.106686 0.646297
v 0.107191 0.130404 0.238300
v 0.008192 0.189704 0.274498
v 0.125792 0.091944 0.256599
v 0.073191 0.040794 -0.773800
v 0.036392 0.048924 -0.700001
v 0.058992 0.065024 -0.747902
v 0.042892 -0.016806 -0.715202
v -0.309509 0.264474 -0.455402
v -0.382608 0.245514 -0.384201
v -0.307909 0.254064 -0.383602
v -0.380909 0.253924 -0.455601
v -0.379509 0.250664 -0.526402
v -0.309509 0.264474 -0.455402
v -0.310209 0.268764 -0.527599
v 0.435291 -0.225926 0.160198
v 0.370691 -0.231996 0.094399
v 0.436192 -0.166926 0.112198
v 0.392691 -0.171196 0.074799
v -0.254709 0.344714 -0.388702
v -0.249708 0.398924 -0.462803
v -0.272408 0.364054 -0.479301
v 0.169491 -0.331256 0.234100
v 0.242092 -0.345716 0.233799
v 0.242792 -0.351696 0.304897
v 0.159391 -0.338126 0.315098
v -0.212908 0.366534 -0.479401
v -0.120708 0.318054 -0.429901
v -0.115208 0.317054 -0.455101
v -0.031609 0.301984 -0.338501
v -0.115208 0.317054 -0.455101
v 0.012691 0.297244 -0.349400
v -0.436708 -0.125566 -0.149002
v -0.480408 -0.115366 -0.189301
v -0.453108 -0.154766 -0.190300
v -0.463108 -0.109826 -0.163300
v -0.382608 0.245514 -0.384201
v -0.443108 0.225874 -0.391003
v -0.378809 0.231424 -0.316502
v -0.457909 0.193164 -0.314400
v 0.037191 -0.251706 0.358601
v 0.102892 -0.297166 0.374100
v 0.050592 -0.231466 0.427399
v 0.078892 -0.285526 0.347599
v 0.028992 -0.261126 0.298901
v 0.090591 -0.303346 0.298698
v 0.562492 -0.065946 0.839100
v 0.591291 -0.066886 1.015598
v 0.590992 -0.086026 0.905197
v 0.177591 -0.341126 0.383400
v 0.243792 -0.365466 0.375198
v 0.243792 -0.364206 0.446198
v 0.178892 -0.331746 0.448498
v 0.177591 -0.341126 0.383400
v 0.242792 -0.351696 0.304897
v 0.159391 -0.338126 0.315098
v 0.463392 0.181894 -0.134102
v 0.389891 0.228304 -0.133602
v 0.442392 0.161414 -0.085899
v 0.392691 0.170894 -0.062302
v -0.462408 0.083574 0.054100
v -0.477909 0.137294 0.131798
v -0.438709 0.125764 0.078598
v -0.516308 0.097874 0.119499
v 0.013092 0.281574 -0.365902
v 0.006292 0.257814 -0.368000
v -0.086409 0.257684 -0.436100
v 0.531092 -0.065496 0.871998
v 0.421991 -0.063756 0.771099
v 0.517292 -0.086966 0.867897
v 0.409092 -0.089416 0.775799
v 0.336592 -0.150676 0.006397
v 0.343992 -0.106246 -0.000603
v 0.372492 -0.105616 0.026897
v 0.355291 -0.165496 0.034199
v 0.579092 0.110654 -0.094101
v 0.462893 0.098194 -0.206100
v 0.552092 0.116804 -0.095901
v -0.495708 0.102854 -0.256203
v -0.435209 0.127234 -0.199501
v -0.454908 0.148764 -0.240002
v -0.451809 0.092044 -0.191200
v 0.012691 0.297244 -0.349400
v 0.046091 0.270164 -0.324802
v 0.145191 0.172204 -0.364502
v 0.078892 -0.285526 0.347599
v 0.159391 -0.338126 0.315098
v 0.102892 -0.297166 0.374100
v 0.090591 -0.303346 0.298698
v 0.177591 -0.341126 0.383400
v 0.159391 -0.338126 0.315098
v 0.129391 -0.311706 0.400299
v 0.177591 -0.341126 0.383400
v 0.178892 -0.331746 0.448498
v 0.116091 -0.290976 0.449600
v -0.292608 0.198874 -0.418301
v -0.230509 0.322894 -0.416702
v -0.206408 0.324574 -0.408703
v 0.524992 -0.091186 -0.210701
v 0.462992 -0.100026 -0.151802
v 0.486492 -0.116796 -0.192802
v 0.512192 -0.037106 -0.156300
v 0.052992 -0.110286 0.679199
v 0.048492 -0.072966 0.659199
v 0.040491 -0.106686 0.646297
v 0.037092 -0.063716 0.632401
v 0.075792 -0.097036 0.719097
v 0.048492 -0.072966 0.659199
v 0.057392 -0.049436 0.664898
v 0.037092 -0.063716 0.632401
v 0.024792 -0.104346 0.618099
v 0.024891 -0.071066 0.613197
v -0.054209 -0.098486 0.623699
v -0.035707 -0.035776 0.623600
v -0.086809 -0.087656 0.693699
v -0.061209 -0.027526 0.678600
v 0.374491 0.190234 0.375198
v 0.308592 0.199164 0.375099
v 0.313192 0.201774 0.446098
v 0.382992 0.190634 0.446098
v 0.308592 0.199164 0.375099
v 0.361492 0.187514 0.307800
v 0.304092 0.197444 0.305599
v 0.382992 0.190634 0.446098
v 0.316492 0.198774 0.515800
v 0.383091 0.179134 0.515499
v 0.319092 -0.248936 -0.419701
v 0.388891 -0.228216 -0.422001
v 0.387991 -0.209686 -0.352699
v 0.318991 -0.258116 -0.491302
v 0.458591 -0.187426 -0.351402
v 0.388592 -0.241916 -0.492100
v 0.460192 -0.201536 -0.421402
v 0.459991 -0.215866 -0.491402
v 0.388592 -0.241916 -0.492100
v 0.318991 -0.258116 -0.491302
v 0.387592 -0.255976 -0.560200
v 0.317291 -0.266646 -0.561802
v 0.388592 -0.241916 -0.492100
v 0.452192 -0.227936 -0.558102
v 0.387592 -0.255976 -0.560200
v -0.075909 0.199684 0.553997
v -0.121908 0.218384 0.565399
v -0.084108 0.190154 0.595100
v -0.109509 0.201414 0.620197
v -0.091908 0.209984 0.230900
v -0.128309 0.200104 0.255600
v -0.024609 0.220344 0.247398
v 0.184692 0.119764 0.664898
v 0.143391 0.063914 0.714100
v 0.188791 0.089674 0.715500
v 0.129091 0.075384 0.658798
v -0.452509 -0.196966 -0.220901
v -0.500809 -0.180136 -0.266602
v -0.445009 -0.231396 -0.244602
v -0.488008 -0.224356 -0.277203
v 0.323692 -0.004786 0.917198
v 0.336891 -0.004286 1.023701
v 0.315191 -0.026256 0.907200
v 0.315191 -0.026256 0.907200
v 0.346491 0.065264 0.846397
v 0.358492 0.087874 0.851799
v 0.327692 0.027134 0.692699
v 0.316792 -0.000906 0.709198
v 0.095091 0.078024 0.265400
v 0.008192 0.189704 0.274498
v -0.005108 0.157864 0.267799
v 0.305592 -0.273456 0.096600
v 0.240391 -0.289986 0.097900
v 0.261591 -0.269626 0.076500
v 0.309591 -0.306916 0.165298
v 0.386192 0.277194 -0.281002
v 0.319891 0.284824 -0.278500
v 0.383991 0.264754 -0.214100
v 0.318691 0.267904 -0.209000
v 0.392691 -0.171196 0.074799
v 0.372492 -0.105616 0.026897
v 0.408691 -0.105336 0.059299
v 0.355291 -0.165496 0.034199
v 0.436192 -0.166926 0.112198
v 0.392691 -0.171196 0.074799
v 0.446491 -0.103676 0.092697
v 0.383991 0.264754 -0.214100
v 0.318691 0.267904 -0.209000
v 0.389891 0.228304 -0.133602
v 0.310692 0.252564 -0.134102
v -0.177608 -0.273816 -0.728703
v -0.129808 -0.256166 -0.727303
v -0.174109 -0.282016 -0.668301
v -0.117409 -0.252916 -0.669201
v 0.492792 0.084194 -0.227699
v 0.462893 0.098194 -0.206100
v 0.579092 0.110654 -0.094101
v -0.472908 -0.248856 -0.290001
v -0.439209 -0.258366 -0.275600
v -0.445009 -0.231396 -0.244602
v -0.488008 -0.224356 -0.277203
v 0.287792 0.001314 0.719799
v 0.323792 0.058594 0.841698
v 0.303791 0.068124 0.841198
v 0.316492 0.198774 0.515800
v 0.378792 0.183404 0.576500
v 0.383091 0.179134 0.515499
v 0.318792 0.205284 0.576199
v -0.386408 0.193974 -0.241303
v -0.378809 0.231424 -0.316502
v -0.457909 0.193164 -0.314400
v -0.360809 0.221554 -0.264500
v 0.235691 -0.329386 0.167900
v 0.169491 -0.331256 0.234100
v 0.169891 -0.318336 0.167797
v 0.242092 -0.345716 0.233799
v 0.315191 -0.026256 0.907200
v 0.336891 -0.004286 1.023701
v 0.295591 -0.027506 1.014599
v 0.481792 -0.036086 0.124798
v 0.479092 -0.100986 0.124397
v 0.447491 -0.036926 0.090698
v 0.446491 -0.103676 0.092697
v -0.135109 0.212014 -0.594501
v -0.180609 0.232384 -0.597801
v -0.178909 0.238764 -0.527901
v -0.128508 0.221024 -0.527802
v -0.140709 0.210674 -0.649200
v -0.135109 0.212014 -0.594501
v -0.179108 0.224564 -0.669800
v -0.113508 0.189004 -0.671200
v -0.179108 0.224564 -0.669800
v -0.171608 0.189014 -0.751801
v 0.065191 -0.162376 0.677097
v 0.084892 -0.219066 0.664299
v 0.116692 -0.226346 0.716499
v 0.091192 -0.171176 0.725597
v 0.043692 -0.149246 0.635700
v 0.049692 -0.204616 0.596298
v 0.026093 -0.136126 0.613899
v 0.043692 -0.149246 0.635700
v 0.020992 -0.150886 0.577198
v 0.008492 -0.164226 0.517700
v 0.043592 -0.225556 0.517597
v 0.116091 -0.151076 -0.761200
v 0.167192 -0.177586 -0.772602
v 0.106892 -0.157666 -0.717899
v 0.146292 -0.164956 -0.777901
v -0.010508 0.045704 0.565498
v -0.054209 0.073684 0.639400
v -0.036209 0.027584 0.628300
v -0.051809 0.101504 0.616299
v -0.064308 -0.178166 0.557499
v -0.028309 -0.109636 0.556099
v -0.080408 -0.154696 0.624397
v -0.054209 -0.098486 0.623699
v -0.105408 -0.147926 0.681198
v -0.086809 -0.087656 0.693699
v 0.370691 -0.231996 0.094399
v 0.355291 -0.165496 0.034199
v 0.392691 -0.171196 0.074799
v 0.309591 -0.221986 0.047398
v 0.479092 -0.100986 0.124397
v 0.468592 -0.151206 0.131199
v 0.446491 -0.103676 0.092697
v 0.436192 -0.166926 0.112198
v 0.579092 0.110654 -0.094101
v 0.552092 0.116804 -0.095901
v 0.551691 0.121504 0.019897
v -0.304808 -0.264416 0.221397
v -0.377508 -0.271496 0.279400
v -0.377108 -0.264526 0.215000
v -0.302408 -0.272676 0.280701
v -0.254709 0.344714 -0.388702
v -0.323309 0.216524 -0.404301
v -0.306908 0.215934 -0.360600
v -0.243109 0.351214 -0.368900
v 0.305592 -0.273456 0.096600
v 0.370691 -0.231996 0.094399
v 0.348192 -0.265776 0.117897
v 0.309591 -0.221986 0.047398
v -0.386408 0.193974 -0.241303
v -0.454908 0.148764 -0.240002
v -0.410707 0.167304 -0.217701
v -0.457909 0.193164 -0.314400
v -0.446108 -0.026796 -0.144302
v -0.495308 -0.026486 -0.197903
v -0.472609 -0.043216 -0.164902
v -0.470709 0.032184 -0.179100
v -0.243109 0.351214 -0.368900
v -0.221909 0.376034 -0.391003
v -0.249708 0.398924 -0.462803
v -0.035707 -0.035776 0.623600
v -0.036209 0.027584 0.628300
v -0.061209 -0.027526 0.678600
v -0.059408 0.029224 0.677700
v 0.071592 -0.022006 0.683197
v 0.112692 0.021224 0.718201
v 0.084791 0.021304 0.665699
v 0.089392 -0.031716 0.726799
v 0.299292 -0.169636 -0.000999
v 0.355291 -0.165496 0.034199
v 0.309591 -0.221986 0.047398
v 0.336592 -0.150676 0.006397
v 0.057392 -0.049436 0.664898
v 0.089392 -0.031716 0.726799
v 0.071592 -0.022006 0.683197
v 0.075792 -0.097036 0.719097
v 0.340292 -0.061196 -0.002201
v 0.372492 -0.105616 0.026897
v 0.343992 -0.106246 -0.000603
v 0.361492 -0.044066 0.021400
v -0.173508 -0.293506 -0.527802
v -0.119209 -0.269726 -0.461300
v -0.174208 -0.297666 -0.458500
v -0.109509 -0.261986 -0.527500
v -0.112309 -0.246276 -0.597801
v -0.174208 -0.285576 -0.597702
v 0.058992 0.065024 -0.747902
v 0.052891 0.106754 -0.699001
v 0.076891 0.106494 -0.757702
v 0.036392 0.048924 -0.700001
v 0.250391 0.164514 0.671898
v 0.266691 0.185024 0.635498
v 0.194092 0.158774 0.593098
v 0.276192 0.176204 0.666298
v -0.051809 0.101504 0.616299
v -0.071808 0.085384 0.676399
v -0.054209 0.073684 0.639400
v -0.104008 0.157074 0.669399
v 0.169491 -0.331256 0.234100
v 0.090591 -0.303346 0.298698
v 0.093592 -0.302966 0.232300
v 0.159391 -0.338126 0.315098
v -0.544209 0.055424 0.103600
v -0.518808 0.060324 0.082897
v -0.516108 0.020934 0.064899
v -0.545708 0.023874 0.095898
v -0.484409 0.057294 0.050598
v -0.516108 0.020934 0.064899
v -0.467108 0.021084 0.029301
v -0.462408 0.083574 0.054100
v -0.467108 0.021084 0.029301
v -0.394909 0.051124 0.003498
v 0.039192 0.041254 0.538700
v 0.108591 0.078654 0.592800
v 0.071791 0.070444 0.535198
v 0.042192 0.001624 0.595699
v -0.016409 0.039274 -0.660603
v -0.038008 0.100964 -0.663601
v -0.020008 0.076204 -0.642300
v -0.051908 0.050174 -0.744202
v -0.587208 -0.034816 0.627598
v -0.489309 -0.035156 0.577099
v -0.668009 -0.021466 0.659199
v 0.037092 -0.063716 0.632401
v 0.057392 -0.049436 0.664898
v 0.042192 0.001624 0.595699
v 0.048492 -0.072966 0.659199
v -0.377508 -0.271496 0.279400
v -0.302408 -0.272676 0.280701
v -0.308109 -0.286966 0.347298
v -0.379009 -0.283906 0.345898
v 0.107792 -0.282066 0.517399
v 0.049692 -0.204616 0.596298
v 0.043592 -0.225556 0.517597
v 0.112492 -0.273896 0.588699
v 0.116091 -0.290976 0.449600
v 0.107792 -0.282066 0.517399
v 0.050592 -0.231466 0.427399
v 0.049692 -0.204616 0.596298
v 0.127192 -0.271266 0.657600
v 0.084892 -0.219066 0.664299
v 0.129391 -0.311706 0.400299
v 0.116091 -0.290976 0.449600
v 0.102892 -0.297166 0.374100
v 0.127192 -0.271266 0.657600
v 0.145292 -0.266586 0.712799
v 0.116692 -0.226346 0.716499
v 0.159792 -0.257736 0.740700
v 0.149391 -0.228096 0.750000
v 0.089092 0.145324 -0.747700
v 0.076891 0.106494 -0.757702
v 0.052891 0.106754 -0.699001
v 0.080091 0.158804 -0.699303
v -0.128408 0.308014 -0.483002
v 0.013092 0.281574 -0.365902
v -0.086409 0.257684 -0.436100
v 0.107191 0.130404 0.238300
v -0.024609 0.220344 0.247398
v 0.008192 0.189704 0.274498
v 0.033691 -0.241426 0.091999
v 0.092691 -0.263636 0.093498
v 0.030891 -0.236296 0.146099
v 0.073891 -0.249016 0.069199
v -0.396109 0.046784 -0.113400
v -0.451809 0.092044 -0.191200
v -0.470709 0.032184 -0.179100
v -0.178909 0.238764 -0.527901
v -0.237108 0.255814 -0.456100
v -0.175009 0.239534 -0.458500
v -0.239609 0.258934 -0.527702
v -0.180609 0.232384 -0.597801
v -0.239609 0.258934 -0.527702
v -0.241108 0.246074 -0.599003
v 0.477991 0.020904 0.131599
v 0.447491 -0.036926 0.090698
v 0.442791 0.019044 0.103298
v 0.481792 -0.036086 0.124798
v 0.042892 -0.016806 -0.715202
v 0.072891 -0.074846 -0.752300
v 0.064091 -0.091236 -0.701702
v 0.074991 -0.029616 -0.776901
v -0.701809 -0.069536 0.690098
v -0.626408 -0.084816 0.612297
v -0.709009 -0.073286 0.768700
v 0.073891 -0.249016 0.069199
v 0.105091 -0.246606 0.038200
v 0.092691 -0.263636 0.093498
v 0.165691 -0.252736 0.048298
v -0.459709 -0.159066 0.082897
v -0.505808 -0.179966 0.142399
v -0.518009 -0.149236 0.120598
v -0.466108 -0.200146 0.127598
v -0.379709 -0.098756 0.013298
v -0.386608 -0.171046 0.068199
v -0.460709 -0.103226 0.046101
v -0.518009 -0.149236 0.120598
v -0.527809 -0.091086 0.099697
v -0.459709 -0.159066 0.082897
v -0.398609 -0.030116 -0.007202
v -0.379709 -0.098756 0.013298
v -0.461308 -0.038156 0.026798
v -0.527809 -0.091086 0.099697
v -0.460709 -0.103226 0.046101
v -0.515009 -0.031696 0.065701
v -0.084108 0.190154 0.595100
v -0.051409 0.165714 0.550098
v -0.075909 0.199684 0.553997
v -0.070408 0.163904 0.602898
v 0.061392 -0.240706 0.050697
v 0.079191 -0.241076 0.034000
v 0.073891 -0.249016 0.069199
v 0.105091 -0.246606 0.038200
v 0.402391 -0.038596 0.057198
v 0.372492 -0.105616 0.026897
v 0.361492 -0.044066 0.021400
v 0.408691 -0.105336 0.059299
v 0.402391 -0.038596 0.057198
v 0.446491 -0.103676 0.092697
v 0.447491 -0.036926 0.090698
v -0.007809 -0.038106 0.556999
v -0.036209 0.027584 0.628300
v -0.035707 -0.035776 0.623600
v -0.010508 0.045704 0.565498
v 0.175791 -0.213616 -0.702103
v 0.104891 -0.173686 -0.636303
v 0.106892 -0.157666 -0.717899
v 0.167391 -0.230156 -0.635601
v -0.176708 0.292414 -0.499203
v -0.128408 0.308014 -0.483002
v -0.086409 0.257684 -0.436100
v -0.051809 0.101504 0.616299
v -0.028608 0.113824 0.548298
v -0.047709 0.127854 0.593498
v -0.010508 0.045704 0.565498
v -0.446108 -0.026796 -0.144302
v -0.391209 -0.018616 -0.096100
v -0.396109 0.046784 -0.113400
v -0.470709 0.032184 -0.179100
v 0.178892 -0.331746 0.448498
v 0.243792 -0.364206 0.446198
v 0.242891 -0.368166 0.517399
v 0.176092 -0.330576 0.517399
v 0.460892 -0.148276 -0.219700
v 0.462992 -0.100026 -0.151802
v 0.400692 -0.149536 -0.169800
v 0.486492 -0.116796 -0.192802
v -0.012709 -0.197586 0.299599
v 0.028992 -0.261126 0.298901
v 0.007191 -0.207856 0.348000
v 0.037191 -0.251706 0.358601
v 0.050592 -0.231466 0.427399
v 0.007191 -0.207856 0.348000
v 0.000891 -0.176646 0.374100
v 0.176092 -0.330576 0.517399
v 0.112492 -0.273896 0.588699
v 0.107792 -0.282066 0.517399
v 0.176491 -0.326606 0.588200
v 0.116091 -0.290976 0.449600
v 0.176092 -0.330576 0.517399
v 0.178892 -0.331746 0.448498
v 0.084791 0.021304 0.665699
v 0.057392 -0.049436 0.664898
v 0.071592 -0.022006 0.683197
v 0.042192 0.001624 0.595699
v -0.410707 0.167304 -0.217701
v -0.435209 0.127234 -0.199501
v -0.391008 0.144944 -0.179501
v -0.454908 0.148764 -0.240002
v -0.088408 0.209884 0.273998
v -0.024609 0.220344 0.247398
v -0.128309 0.200104 0.255600
v -0.003508 0.242744 -0.354900
v 0.006292 0.257814 -0.368000
v 0.103691 0.143744 -0.388100
v -0.005108 0.157864 0.267799
v -0.088808 0.186964 0.282600
v -0.083008 0.165244 0.273300
v 0.008192 0.189704 0.274498
v -0.216709 0.098304 0.289101
v -0.083008 0.165244 0.273300
v -0.197208 0.076124 0.273499
v 0.217793 -0.305456 0.122200
v 0.169891 -0.318336 0.167797
v 0.171192 -0.293796 0.111900
v 0.235691 -0.329386 0.167900
v -0.305109 -0.253396 0.175198
v -0.377108 -0.264526 0.215000
v -0.385809 -0.236796 0.139000
v -0.304808 -0.264416 0.221397
v 0.118792 -0.283326 0.120197
v 0.171192 -0.293796 0.111900
v 0.169891 -0.318336 0.167797
v 0.099491 -0.290716 0.167099
v 0.169491 -0.331256 0.234100
v 0.093592 -0.302966 0.232300
v 0.169891 -0.318336 0.167797
v 0.310692 0.252564 -0.134102
v 0.319691 0.187424 -0.056602
v 0.389891 0.228304 -0.133602
v 0.292992 0.215494 -0.077900
v -0.180708 0.239644 0.552097
v -0.256508 0.250714 0.565998
v -0.193909 0.247394 0.605598
v -0.242609 0.249894 0.631199
v 0.129091 0.075384 0.658798
v 0.084791 0.021304 0.665699
v 0.143391 0.063914 0.714100
v 0.112692 0.021224 0.718201
v 0.441092 -0.081956 -0.104000
v 0.400692 -0.149536 -0.169800
v 0.462992 -0.100026 -0.151802
v 0.387691 -0.097916 -0.095001
v 0.432892 -0.168236 -0.245701
v 0.385092 -0.183696 -0.231102
v 0.460892 -0.148276 -0.219700
v 0.457592 0.108494 -0.074402
v 0.395792 0.032304 -0.029400
v 0.463892 0.039974 -0.073601
v 0.378992 0.097574 -0.026901
v 0.319092 0.307404 -0.420002
v 0.259192 0.286474 -0.349602
v 0.319691 0.294704 -0.349300
v 0.255692 0.293534 -0.420403
v 0.262291 0.276254 -0.281002
v 0.259192 0.286474 -0.349602
v 0.319891 0.284824 -0.278500
v 0.276793 0.196724 0.614399
v 0.318792 0.205284 0.576199
v 0.258892 0.195914 0.576698
v 0.319292 0.196154 0.619198
v 0.316492 0.198774 0.515800
v 0.258892 0.195914 0.576698
v 0.247692 0.197884 0.515697
v 0.313192 0.201774 0.446098
v 0.240591 0.195394 0.445900
v 0.316492 0.198774 0.515800
v -0.451809 0.092044 -0.191200
v -0.396109 0.046784 -0.113400
v -0.389908 0.101514 -0.143600
v 0.442392 0.161414 -0.085899
v 0.378992 0.097574 -0.026901
v 0.457592 0.108494 -0.074402
v 0.392691 0.170894 -0.062302
v 0.073891 -0.249016 0.069199
v 0.040991 -0.235966 0.066597
v 0.061392 -0.240706 0.050697
v 0.033691 -0.241426 0.091999
v -0.221909 0.376034 -0.391003
v -0.200308 0.364964 -0.395599
v -0.249708 0.398924 -0.462803
v -0.249708 0.398924 -0.462803
v -0.200308 0.364964 -0.395599
v -0.222008 0.382204 -0.496902
v 0.393192 -0.034036 -0.046902
v 0.457993 -0.028726 -0.084602
v 0.395792 0.032304 -0.029400
v 0.463892 0.039974 -0.073601
v 0.222391 0.265084 -0.284203
v 0.228191 0.263264 -0.233299
v 0.262291 0.276254 -0.281002
v 0.261992 0.263834 -0.216202
v 0.092592 -0.099966 -0.770000
v 0.064091 -0.091236 -0.701702
v 0.072891 -0.074846 -0.752300
v 0.106892 -0.157666 -0.717899
v 0.092592 -0.099966 -0.770000
v 0.116091 -0.151076 -0.761200
v 0.104292 -0.122296 -0.776100
v -0.198708 -0.284156 0.600098
v -0.127209 -0.238506 0.566200
v -0.174509 -0.257346 0.624798
v -0.187708 -0.282036 0.549297
v -0.112808 -0.202376 0.631699
v -0.150408 -0.224796 0.647400
v -0.127609 -0.238826 0.484299
v -0.187708 -0.282036 0.549297
v -0.186708 -0.279726 0.483997
v 0.319891 0.284824 -0.278500
v 0.261992 0.263834 -0.216202
v 0.318691 0.267904 -0.209000
v 0.262291 0.276254 -0.281002
v -0.451809 0.092044 -0.191200
v -0.389908 0.101514 -0.143600
v -0.435209 0.127234 -0.199501
v -0.391008 0.144944 -0.179501
v -0.407709 -0.209056 -0.198402
v -0.445009 -0.231396 -0.244602
v -0.388308 -0.234246 -0.218700
v -0.452509 -0.196966 -0.220901
v -0.445009 -0.231396 -0.244602
v -0.382309 -0.270176 -0.257999
v -0.439209 -0.258366 -0.275600
v -0.437008 -0.080376 -0.137600
v -0.384108 -0.084966 -0.100800
v -0.391209 -0.018616 -0.096100
v -0.446108 -0.026796 -0.144302
v 0.392691 0.170894 -0.062302
v 0.319691 0.187424 -0.056602
v 0.343493 0.160994 -0.036900
v 0.389891 0.228304 -0.133602
v -0.169609 0.230254 0.627300
v -0.121908 0.218384 0.565399
v -0.193909 0.247394 0.605598
v -0.180708 0.239644 0.552097
v -0.028608 0.113824 0.548298
v -0.051409 0.165714 0.550098
v -0.047709 0.127854 0.593498
v -0.070408 0.163904 0.602898
v 0.240391 -0.289986 0.097900
v 0.244892 -0.237976 0.037399
v 0.261591 -0.269626 0.076500
v 0.165691 -0.252736 0.048298
v 0.309591 -0.221986 0.047398
v 0.305592 -0.273456 0.096600
v 0.244892 -0.237976 0.037399
v 0.380791 0.128454 0.157997
v 0.382692 0.070524 0.092499
v 0.359991 0.100094 0.111198
v 0.432291 0.092064 0.154900
v 0.395493 0.146084 0.205601
v 0.436092 0.127454 0.222298
v 0.471691 0.054874 0.139797
v 0.443991 0.057164 0.121498
v 0.474991 0.068304 0.174099
v 0.382692 0.070524 0.092499
v 0.407291 0.050654 0.091297
v 0.443991 0.057164 0.121498
v 0.026093 -0.136126 0.613899
v 0.040491 -0.106686 0.646297
v 0.024792 -0.104346 0.618099
v 0.043692 -0.149246 0.635700
v 0.014492 -0.103236 0.575897
v 0.024792 -0.104346 0.618099
v 0.020992 -0.150886 0.577198
v -0.000908 -0.102156 0.517399
v 0.008492 -0.164226 0.517700
v -0.235008 0.104354 0.245998
v -0.219608 0.127594 0.278099
v -0.128309 0.200104 0.255600
v 0.551792 -0.056946 0.860897
v 0.591291 -0.066886 1.015598
v 0.562492 -0.065946 0.839100
v 0.316092 0.015584 0.928799
v 0.336891 -0.004286 1.023701
v 0.323692 -0.004786 0.917198
v 0.322691 0.031774 1.010597
v -0.323309 0.216524 -0.404301
v -0.313808 0.193974 -0.378403
v -0.306908 0.215934 -0.360600
v -0.452509 -0.196966 -0.220901
v -0.388609 -0.185456 -0.170101
v -0.453108 -0.154766 -0.190300
v -0.407709 -0.209056 -0.198402
v 0.019691 0.014084 0.517998
v 0.039192 0.041254 0.538700
v 0.026892 0.035704 0.517700
v 0.042192 0.001624 0.595699
v 0.171192 -0.293796 0.111900
v 0.240391 -0.289986 0.097900
v 0.217793 -0.305456 0.122200
v 0.165691 -0.252736 0.048298
v -0.380308 -0.140966 -0.132301
v -0.453108 -0.154766 -0.190300
v -0.388609 -0.185456 -0.170101
v -0.436708 -0.125566 -0.149002
v -0.463108 -0.109826 -0.163300
v -0.436708 -0.125566 -0.149002
v -0.437008 -0.080376 -0.137600
v -0.468208 -0.079976 -0.161602
v -0.468208 -0.079976 -0.161602
v -0.437008 -0.080376 -0.137600
v -0.472609 -0.043216 -0.164902
v -0.446108 -0.026796 -0.144302
v 0.239992 -0.181116 -0.007999
v 0.309591 -0.221986 0.047398
v 0.244892 -0.237976 0.037399
v 0.299292 -0.169636 -0.000999
v -0.061209 -0.027526 0.678600
v -0.059408 0.029224 0.677700
v -0.072508 -0.011776 0.715000
v -0.075108 0.032694 0.717300
v -0.247408 -0.296256 0.416500
v -0.314409 -0.322826 0.484200
v -0.312408 -0.313186 0.413597
v -0.247808 -0.305796 0.483799
v -0.135109 0.212014 -0.594501
v -0.128508 0.221024 -0.527802
v -0.100307 0.184584 -0.597500
v -0.088408 0.194484 -0.528000
v -0.100307 0.184584 -0.597500
v -0.140709 0.210674 -0.649200
v -0.113508 0.189004 -0.671200
v 0.310692 0.252564 -0.134102
v 0.318691 0.267904 -0.209000
v 0.261992 0.263834 -0.216202
v 0.237692 0.239904 -0.145500
v -0.459709 -0.159066 0.082897
v -0.385809 -0.236796 0.139000
v -0.466108 -0.200146 0.127598
v -0.386608 -0.171046 0.068199
v 0.327692 0.027134 0.692699
v 0.350092 0.103794 0.819901
v 0.358492 0.087874 0.851799
v 0.442791 0.019044 0.103298
v 0.402391 -0.038596 0.057198
v 0.393591 0.018214 0.068600
v 0.447491 -0.036926 0.090698
v 0.407291 0.050654 0.091297
v 0.443991 0.057164 0.121498
v 0.442791 0.019044 0.103298
v 0.393591 0.018214 0.068600
v 0.471691 0.054874 0.139797
v 0.442791 0.019044 0.103298
v 0.477991 0.020904 0.131599
v -0.174109 -0.282016 -0.668301
v -0.117409 -0.252916 -0.669201
v -0.174208 -0.285576 -0.597702
v -0.112309 -0.246276 -0.597801
v -0.379009 -0.283906 0.345898
v -0.308109 -0.286966 0.347298
v -0.312408 -0.313186 0.413597
v -0.382208 -0.308326 0.413200
v -0.307909 0.254064 -0.383602
v -0.378809 0.231424 -0.316502
v -0.304909 0.230584 -0.317902
v -0.382608 0.245514 -0.384201
v -0.424908 0.171094 0.119598
v -0.381809 0.172174 0.105698
v -0.438709 0.125764 0.078598
v -0.390308 0.121504 0.050098
v 0.092691 -0.263636 0.093498
v 0.165691 -0.252736 0.048298
v 0.118792 -0.283326 0.120197
v 0.171192 -0.293796 0.111900
v 0.039192 0.041254 0.538700
v 0.071791 0.070444 0.535198
v 0.037491 0.047024 0.520901
v 0.039492 0.053284 0.505497
v -0.394909 0.051124 0.003498
v -0.438709 0.125764 0.078598
v -0.390308 0.121504 0.050098
v -0.462408 0.083574 0.054100
v 0.006292 -0.038386 0.517200
v 0.042192 0.001624 0.595699
v 0.019691 0.014084 0.517998
v 0.019592 -0.053326 0.577000
v 0.042192 0.001624 0.595699
v 0.024891 -0.071066 0.613197
v 0.037092 -0.063716 0.632401
v 0.030293 -0.248956 0.230698
v 0.093592 -0.302966 0.232300
v 0.090591 -0.303346 0.298698
v 0.028992 -0.261126 0.298901
v 0.030293 -0.248956 0.230698
v 0.099491 -0.290716 0.167099
v 0.030891 -0.236296 0.146099
v 0.318392 -0.156396 -0.167103
v 0.400692 -0.149536 -0.169800
v 0.387691 -0.097916 -0.095001
v 0.319391 -0.107646 -0.087299
v 0.385092 -0.183696 -0.231102
v 0.400692 -0.149536 -0.169800
v 0.319391 -0.188456 -0.228600
v 0.319691 -0.208056 -0.285301
v 0.385092 -0.183696 -0.231102
v 0.386892 -0.199026 -0.286800
v 0.319492 -0.225136 -0.350800
v 0.448591 -0.171826 -0.288902
v 0.458591 -0.187426 -0.351402
v 0.432892 -0.168236 -0.245701
v 0.247692 0.299344 -0.563000
v 0.193892 0.270434 -0.490803
v 0.250191 0.303024 -0.491402
v 0.182892 0.266564 -0.561501
v 0.092691 -0.263636 0.093498
v 0.099491 -0.290716 0.167099
v 0.030891 -0.236296 0.146099
v 0.118792 -0.283326 0.120197
v -0.244808 0.240514 0.484898
v -0.315508 0.245614 0.483398
v -0.256508 0.250714 0.565998
v -0.323008 0.244164 0.551399
v -0.246109 0.223344 0.414398
v -0.315508 0.245614 0.483398
v -0.313709 0.229954 0.413399
v -0.251709 0.208514 0.343998
v -0.314108 0.208044 0.343700
v -0.260208 0.197844 0.273399
v -0.251709 0.208514 0.343998
v -0.317608 0.201154 0.268497
v -0.267208 0.197054 0.201199
v -0.322809 0.199824 0.187500
v -0.331009 0.174534 0.111000
v -0.376808 0.193504 0.183800
v -0.381809 0.172174 0.105698
v -0.351908 -0.013226 -0.011803
v -0.394909 0.051124 0.003498
v -0.333008 0.034354 -0.003403
v -0.398609 -0.030116 -0.007202
v -0.398609 -0.030116 -0.007202
v -0.467108 0.021084 0.029301
v -0.461308 -0.038156 0.026798
v -0.515009 -0.031696 0.065701
v -0.467108 0.021084 0.029301
v -0.516108 0.020934 0.064899
v -0.070808 -0.005686 -0.141399
v -0.154709 -0.057996 -0.065601
v -0.157608 -0.037576 -0.058701
v -0.096909 0.128584 -0.750301
v -0.038008 0.100964 -0.663601
v -0.051908 0.050174 -0.744202
v -0.074308 0.144734 -0.674103
v -0.067808 0.149674 -0.598400
v -0.038008 0.100964 -0.663601
v -0.038008 0.115194 -0.595802
v -0.030409 0.122274 -0.526802
v -0.061909 0.163384 -0.460503
v -0.034409 0.121424 -0.447403
v -0.060509 0.156024 -0.528301
v -0.100307 0.184584 -0.597500
v -0.088408 0.194484 -0.528000
v -0.061909 0.163384 -0.460503
v -0.060509 0.156024 -0.528301
v -0.093508 0.195754 -0.460800
v -0.079908 0.171064 -0.410999
v -0.061909 0.163384 -0.460503
v -0.108408 0.194664 -0.401100
v -0.113508 0.189004 -0.671200
v -0.074308 0.144734 -0.674103
v -0.100307 0.184584 -0.597500
v -0.171608 0.189014 -0.751801
v -0.096909 0.128584 -0.750301
v -0.074308 0.144734 -0.674103
v -0.033607 -0.032166 -0.150402
v -0.070808 -0.005686 -0.141399
v -0.018208 0.004494 -0.150902
v -0.178909 0.238764 -0.527901
v -0.127708 0.223184 -0.461800
v -0.128508 0.221024 -0.527802
v -0.175009 0.239534 -0.458500
v -0.230408 0.249024 -0.384003
v -0.237108 0.255814 -0.456100
v -0.167109 0.225474 -0.393902
v -0.150709 -0.079736 -0.056103
v -0.070808 -0.005686 -0.141399
v -0.033607 -0.032166 -0.150402
v -0.154709 -0.057996 -0.065601
v 0.562492 -0.065946 0.839100
v 0.590992 -0.086026 0.905197
v 0.544992 -0.088486 0.810799
v 0.441092 -0.081956 -0.104000
v 0.393192 -0.034036 -0.046902
v 0.387691 -0.097916 -0.095001
v 0.457993 -0.028726 -0.084602
v -0.127609 -0.238826 0.484299
v -0.064308 -0.178166 0.557499
v -0.127209 -0.238506 0.566200
v -0.074408 -0.178866 0.484699
v -0.112808 -0.202376 0.631699
v -0.127209 -0.238506 0.566200
v -0.080408 -0.154696 0.624397
v -0.112808 -0.202376 0.631699
v -0.121708 -0.184906 0.670998
v -0.105408 -0.147926 0.681198
v -0.177708 -0.080106 -0.021603
v -0.283009 -0.051646 -0.080101
v -0.272408 -0.073846 -0.100800
v 0.259192 0.286474 -0.349602
v 0.222391 0.265084 -0.284203
v 0.262291 0.276254 -0.281002
v 0.213991 0.269304 -0.350201
v 0.255692 0.293534 -0.420403
v 0.204191 0.272954 -0.420300
v 0.259192 0.286474 -0.349602
v 0.000891 -0.176646 0.374100
v -0.012709 -0.197586 0.299599
v 0.007191 -0.207856 0.348000
v -0.027208 -0.119426 0.315498
v 0.016092 -0.160016 0.448898
v 0.050592 -0.231466 0.427399
v 0.002491 -0.146746 0.398899
v 0.000891 -0.176646 0.374100
v -0.012608 -0.099366 0.383099
v 0.007792 -0.100026 0.446999
v 0.016092 -0.160016 0.448898
v 0.016691 -0.032446 0.444798
v -0.006008 -0.032036 0.374897
v 0.007792 -0.100026 0.446999
v 0.343992 -0.106246 -0.000603
v 0.336592 -0.150676 0.006397
v 0.301491 -0.107276 -0.018700
v 0.299292 -0.169636 -0.000999
v 0.318092 0.111344 -0.012703
v 0.378992 0.097574 -0.026901
v 0.343493 0.160994 -0.036900
v 0.392691 0.170894 -0.062302
v 0.384592 0.089204 0.162899
v 0.505491 0.106564 0.086098
v 0.368191 0.097794 0.134800
v 0.551691 0.121504 0.019897
v 0.309292 0.033644 0.029697
v 0.393591 0.018214 0.068600
v 0.361492 -0.044066 0.021400
v 0.402391 -0.038596 0.057198
v 0.032492 -0.222376 0.053200
v 0.061392 -0.240706 0.050697
v 0.040991 -0.235966 0.066597
v 0.050791 -0.228746 0.037899
v -0.436708 -0.125566 -0.149002
v -0.380308 -0.140966 -0.132301
v -0.384108 -0.084966 -0.100800
v -0.437008 -0.080376 -0.137600
v -0.197208 0.076124 0.273499
v -0.216709 0.098304 0.289101
v -0.235008 0.104354 0.245998
v 0.045591 0.086844 0.366600
v 0.008991 0.028724 0.367199
v 0.050091 0.049494 0.447701
v 0.018291 0.061944 0.348000
v 0.040991 -0.235966 0.066597
v 0.033691 -0.241426 0.091999
v 0.018391 -0.225536 0.080299
v 0.032492 -0.222376 0.053200
v 0.108591 0.078654 0.592800
v 0.084791 0.021304 0.665699
v 0.129091 0.075384 0.658798
v 0.042192 0.001624 0.595699
v 0.008991 0.028724 0.367199
v -0.006008 -0.032036 0.374897
v 0.016691 -0.032446 0.444798
v 0.050091 0.049494 0.447701
v 0.302792 -0.043006 -0.014301
v 0.361492 -0.044066 0.021400
v 0.340292 -0.061196 -0.002201
v 0.309292 0.033644 0.029697
v -0.000908 -0.102156 0.517399
v 0.019592 -0.053326 0.577000
v 0.006292 -0.038386 0.517200
v 0.014492 -0.103236 0.575897
v 0.061392 -0.240706 0.050697
v 0.067692 -0.225116 0.025299
v 0.079191 -0.241076 0.034000
v 0.050791 -0.228746 0.037899
v -0.258808 -0.245536 0.192699
v -0.304808 -0.264416 0.221397
v -0.305109 -0.253396 0.175198
v -0.242708 -0.239106 0.230099
v -0.305109 -0.253396 0.175198
v -0.303909 -0.218896 0.113800
v -0.285208 -0.240096 0.149899
v -0.385809 -0.236796 0.139000
v -0.360809 0.221554 -0.264500
v -0.304909 0.230584 -0.317902
v -0.378809 0.231424 -0.316502
v -0.302608 0.210874 -0.256702
v 0.039492 0.053284 0.505497
v 0.026892 0.035704 0.517700
v 0.037491 0.047024 0.520901
v 0.039192 0.041254 0.538700
v 0.163292 0.164634 0.374699
v 0.098091 0.126524 0.373798
v 0.113792 0.117894 0.439301
v 0.174791 0.160524 0.442997
v 0.004992 0.070254 0.297600
v -0.015009 0.026884 0.302200
v 0.018291 0.061944 0.348000
v 0.008991 0.028724 0.367199
v 0.313992 0.104794 0.101898
v 0.320992 0.153954 0.174599
v 0.359991 0.100094 0.111198
v 0.380791 0.128454 0.157997
v 0.320992 0.153954 0.174599
v 0.268892 0.120064 0.115601
v 0.313992 0.104794 0.101898
v 0.250792 0.160964 0.164700
v 0.367392 0.164434 0.232399
v 0.436092 0.127454 0.222298
v 0.416391 0.156134 0.292000
v 0.374491 0.190234 0.375198
v 0.435392 0.157874 0.374100
v 0.361492 0.187514 0.307800
v 0.416391 0.156134 0.292000
v 0.344391 0.176024 0.258698
v 0.435392 0.157874 0.374100
v 0.382992 0.190634 0.446098
v 0.448492 0.157424 0.446098
v 0.303591 0.182124 0.240398
v 0.320992 0.153954 0.174599
v 0.344391 0.176024 0.258698
v 0.304092 0.197444 0.305599
v 0.361492 0.187514 0.307800
v 0.320992 0.153954 0.174599
v 0.250792 0.160964 0.164700
v 0.238192 0.183594 0.233097
v 0.233791 0.189204 0.303898
v 0.303591 0.182124 0.240398
v 0.304092 0.197444 0.305599
v 0.233591 0.200634 0.374798
v 0.308592 0.199164 0.375099
v 0.233791 0.189204 0.303898
v 0.240591 0.195394 0.445900
v 0.308592 0.199164 0.375099
v 0.313192 0.201774 0.446098
v 0.161091 0.171574 0.306198
v 0.233591 0.200634 0.374798
v 0.163292 0.164634 0.374699
v 0.119091 0.151344 0.257500
v 0.099991 0.140454 0.308098
v 0.171192 0.165144 0.240097
v 0.099991 0.140454 0.308098
v 0.161091 0.171574 0.306198
v 0.098091 0.126524 0.373798
v 0.174791 0.160524 0.442997
v 0.233591 0.200634 0.374798
v 0.240591 0.195394 0.445900
v 0.113792 0.117894 0.439301
v 0.135092 0.132174 0.490601
v 0.186691 0.164294 0.509197
v 0.194092 0.158774 0.593098
v 0.247692 0.197884 0.515697
v 0.258892 0.195914 0.576698
v 0.240591 0.195394 0.445900
v 0.186691 0.164294 0.509197
v 0.174791 0.160524 0.442997
v 0.266691 0.185024 0.635498
v 0.258892 0.195914 0.576698
v 0.276793 0.196724 0.614399
v 0.261992 0.263834 -0.216202
v 0.200592 0.245074 -0.213001
v 0.237692 0.239904 -0.145500
v 0.228191 0.263264 -0.233299
v -0.026709 -0.035426 0.305199
v 0.008991 0.028724 0.367199
v -0.015009 0.026884 0.302200
v -0.006008 -0.032036 0.374897
v -0.237108 0.255814 -0.456100
v -0.307909 0.254064 -0.383602
v -0.230408 0.249024 -0.384003
v -0.309509 0.264474 -0.455402
v -0.304909 0.230584 -0.317902
v -0.230408 0.249024 -0.384003
v -0.227608 0.219094 -0.321400
v 0.250191 0.303024 -0.491402
v 0.204191 0.272954 -0.420300
v 0.255692 0.293534 -0.420403
v 0.193892 0.270434 -0.490803
v 0.423891 -0.115836 0.774498
v 0.551691 -0.117316 0.862598
v 0.531092 -0.108156 0.873100
v 0.580992 -0.109496 1.016701
v 0.531092 -0.108156 0.873100
v 0.544191 -0.103106 1.015800
v 0.067692 -0.225116 0.025299
v 0.095592 -0.232096 0.024498
v 0.079191 -0.241076 0.034000
v 0.105091 -0.246606 0.038200
v -0.248209 -0.081086 -0.118900
v -0.177708 -0.080106 -0.021603
v -0.272408 -0.073846 -0.100800
v 0.340292 -0.061196 -0.002201
v 0.301491 -0.107276 -0.018700
v 0.302792 -0.043006 -0.014301
v 0.343992 -0.106246 -0.000603
v 0.562391 -0.109486 0.840199
v 0.544992 -0.088486 0.810799
v 0.590992 -0.086026 0.905197
v 0.393591 0.018214 0.068600
v 0.382692 0.070524 0.092499
v 0.407291 0.050654 0.091297
v 0.309292 0.033644 0.029697
v 0.019592 -0.053326 0.577000
v 0.014492 -0.103236 0.575897
v 0.024891 -0.071066 0.613197
v 0.024792 -0.104346 0.618099
v -0.043409 0.019524 -0.127701
v -0.018208 0.004494 -0.150902
v -0.070808 -0.005686 -0.141399
v 0.098091 0.126524 0.373798
v 0.045591 0.086844 0.366600
v 0.050091 0.049494 0.447701
v 0.113792 0.117894 0.439301
v 0.111591 0.105254 0.514297
v 0.113792 0.117894 0.439301
v 0.135092 0.132174 0.490601
v -0.386408 0.193974 -0.241303
v -0.391008 0.144944 -0.179501
v -0.309309 0.176344 -0.187702
v -0.410707 0.167304 -0.217701
v 0.103191 -0.001946 0.053398
v 0.072092 -0.040336 0.071198
v 0.114191 -0.044016 0.042599
v 0.150091 0.242014 -0.483200
v 0.106291 0.203624 -0.483601
v 0.128492 0.224684 -0.465099
v 0.123091 0.220714 -0.549500
v 0.116291 0.222644 -0.633701
v 0.182892 0.266564 -0.561501
v 0.175491 0.269514 -0.633400
v 0.078192 0.164144 -0.562099
v 0.123091 0.220714 -0.549500
v 0.073492 0.166304 -0.633102
v 0.080091 0.158804 -0.699303
v 0.133291 0.212124 -0.717800
v 0.185291 0.259504 -0.695301
v 0.133291 0.212124 -0.717800
v 0.175491 0.269514 -0.633400
v 0.194092 0.158774 0.593098
v 0.129091 0.075384 0.658798
v 0.184692 0.119764 0.664898
v 0.108591 0.078654 0.592800
v 0.111591 0.105254 0.514297
v 0.108591 0.078654 0.592800
v 0.071791 0.070444 0.535198
v 0.186691 0.164294 0.509197
v 0.194092 0.158774 0.593098
v 0.135092 0.132174 0.490601
v 0.111591 0.105254 0.514297
v 0.039492 0.053284 0.505497
v 0.050091 0.049494 0.447701
v -0.128508 0.221024 -0.527802
v -0.093508 0.195754 -0.460800
v -0.088408 0.194484 -0.528000
v -0.127708 0.223184 -0.461800
v -0.386608 -0.171046 0.068199
v -0.303909 -0.218896 0.113800
v -0.385809 -0.236796 0.139000
v -0.312609 -0.174546 0.063000
v 0.030891 -0.236296 0.146099
v -0.014908 -0.183566 0.231400
v -0.011709 -0.171706 0.159397
v 0.030293 -0.248956 0.230698
v 0.009691 -0.204806 0.087299
v 0.033691 -0.241426 0.091999
v 0.018391 -0.225536 0.080299
v 0.240892 -0.108226 -0.032700
v 0.299292 -0.169636 -0.000999
v 0.239992 -0.181116 -0.007999
v 0.301491 -0.107276 -0.018700
v -0.309309 0.176344 -0.187702
v -0.231108 0.195084 -0.219101
v -0.302608 0.210874 -0.256702
v -0.231909 0.202534 -0.264603
v 0.580891 0.066474 -0.091400
v 0.552992 0.061164 0.020798
v 0.542692 0.057904 -0.084900
v 0.580891 0.066474 -0.091400
v 0.479891 0.041464 -0.201099
v 0.485191 0.048994 -0.224102
v 0.580891 0.066474 -0.091400
v 0.580891 0.066474 -0.091400
v 0.561291 0.068954 0.042400
v 0.396091 0.054694 0.162098
v 0.373692 0.041954 0.146500
v 0.561291 0.068954 0.042400
v -0.138208 -0.085626 -0.036400
v -0.177708 -0.080106 -0.021603
v -0.248209 -0.081086 -0.118900
v 0.074192 -0.010196 0.067799
v 0.072092 -0.040336 0.071198
v 0.103191 -0.001946 0.053398
v 0.125792 0.091944 0.256599
v 0.116392 0.094604 0.212601
v 0.107191 0.130404 0.238300
v 0.042692 -0.028866 -0.096001
v -0.018208 0.004494 -0.150902
v 0.051092 -0.006256 -0.097202
v -0.033607 -0.032166 -0.150402
v 0.080091 0.158804 -0.699303
v 0.043892 0.106814 -0.633301
v 0.073492 0.166304 -0.633102
v 0.052891 0.106754 -0.699001
v 0.030293 -0.248956 0.230698
v -0.012709 -0.197586 0.299599
v -0.014908 -0.183566 0.231400
v 0.028992 -0.261126 0.298901
v -0.247408 -0.296256 0.416500
v -0.194408 -0.269816 0.418900
v -0.247808 -0.305796 0.483799
v -0.186708 -0.279726 0.483997
v 0.395792 0.032304 -0.029400
v 0.318491 0.041364 -0.006702
v 0.344193 0.015654 -0.013901
v 0.378992 0.097574 -0.026901
v 0.100391 -0.213726 0.019600
v 0.105091 -0.246606 0.038200
v 0.095592 -0.232096 0.024498
v 0.165691 -0.252736 0.048298
v -0.177708 -0.080106 -0.021603
v -0.176508 -0.042556 -0.015701
v -0.283009 -0.051646 -0.080101
v -0.127708 0.223184 -0.461800
v -0.175009 0.239534 -0.458500
v -0.131708 0.215944 -0.412502
v -0.167109 0.225474 -0.393902
v 0.106892 -0.157666 -0.717899
v 0.061491 -0.104486 -0.635101
v 0.064091 -0.091236 -0.701702
v 0.104891 -0.173686 -0.636303
v 0.318491 0.041364 -0.006702
v 0.318092 0.111344 -0.012703
v 0.294191 0.066404 -0.001400
v 0.378992 0.097574 -0.026901
v 0.242191 -0.262536 -0.634502
v 0.167892 -0.222326 -0.573402
v 0.167391 -0.230156 -0.635601
v 0.234892 -0.254066 -0.555801
v -0.242708 -0.239106 0.230099
v -0.302408 -0.272676 0.280701
v -0.304808 -0.264416 0.221397
v -0.221209 -0.242766 0.291798
v 0.327492 -0.036586 -0.032101
v 0.393192 -0.034036 -0.046902
v 0.344193 0.015654 -0.013901
v 0.395792 0.032304 -0.029400
v -0.199009 -0.265956 0.369698
v -0.247408 -0.296256 0.416500
v -0.241508 -0.274026 0.354900
v -0.194408 -0.269816 0.418900
v 0.009691 -0.204806 0.087299
v -0.011709 -0.171706 0.159397
v -0.005009 -0.161856 0.088699
v 0.030891 -0.236296 0.146099
v 0.170292 -0.177866 0.001297
v 0.244892 -0.237976 0.037399
v 0.165691 -0.252736 0.048298
v 0.239992 -0.181116 -0.007999
v 0.236492 0.020604 -0.010502
v 0.302792 -0.043006 -0.014301
v 0.242392 -0.036496 -0.029503
v 0.309292 0.033644 0.029697
v -0.388308 -0.234246 -0.218700
v -0.388609 -0.185456 -0.170101
v -0.407709 -0.209056 -0.198402
v -0.310009 -0.218096 -0.183701
v 0.051092 -0.006256 -0.097202
v -0.018208 0.004494 -0.150902
v 0.041191 0.015084 -0.092300
v 0.107191 0.130404 0.238300
v 0.004091 0.189834 0.216000
v -0.024609 0.220344 0.247398
v -0.302408 -0.272676 0.280701
v -0.221209 -0.242766 0.291798
v -0.241508 -0.274026 0.354900
v -0.308109 -0.286966 0.347298
v -0.176508 -0.220656 -0.243103
v -0.188408 -0.212516 -0.216301
v -0.200308 -0.229136 -0.231800
v -0.216208 -0.219006 -0.195000
v -0.234808 -0.237576 -0.214401
v -0.191208 -0.239746 -0.261902
v -0.241108 -0.253976 -0.261600
v -0.234808 -0.237576 -0.214401
v -0.238708 -0.280136 -0.318703
v -0.161509 -0.246886 -0.318600
v -0.241108 -0.253976 -0.261600
v -0.175709 -0.285856 -0.392300
v -0.237309 -0.312066 -0.383301
v -0.175709 -0.285856 -0.392300
v -0.108309 -0.238736 -0.392200
v -0.132208 -0.269416 -0.410702
v -0.174208 -0.297666 -0.458500
v -0.132208 -0.269416 -0.410702
v -0.119209 -0.269726 -0.461300
v -0.238909 -0.318956 -0.456100
v -0.175709 -0.285856 -0.392300
v -0.174208 -0.297666 -0.458500
v -0.309908 -0.317886 -0.383202
v -0.237309 -0.312066 -0.383301
v -0.309908 -0.290966 -0.316402
v -0.309908 -0.317886 -0.383202
v -0.238909 -0.318956 -0.456100
v -0.309908 -0.262446 -0.253300
v -0.234808 -0.237576 -0.214401
v -0.310009 -0.218096 -0.183701
v -0.382309 -0.270176 -0.257999
v -0.381609 -0.293706 -0.316101
v -0.309908 -0.317886 -0.383202
v -0.381708 -0.310886 -0.383503
v -0.309908 -0.262446 -0.253300
v -0.388308 -0.234246 -0.218700
v -0.310009 -0.218096 -0.183701
v -0.310009 -0.328996 -0.455402
v -0.309908 -0.317886 -0.383202
v -0.381109 -0.319026 -0.455700
v -0.232908 -0.193196 -0.167603
v -0.216208 -0.219006 -0.195000
v -0.310009 -0.218096 -0.183701
v -0.309309 -0.148046 -0.124302
v -0.310009 -0.218096 -0.183701
v -0.240009 -0.143016 -0.121101
v 0.190292 0.241754 -0.281101
v 0.200592 0.245074 -0.213001
v 0.228191 0.263264 -0.233299
v 0.222391 0.265084 -0.284203
v 0.114191 -0.044016 0.042599
v 0.042692 -0.028866 -0.096001
v 0.051092 -0.006256 -0.097202
v 0.359991 0.100094 0.111198
v 0.309292 0.033644 0.029697
v 0.313992 0.104794 0.101898
v 0.382692 0.070524 0.092499
v 0.236492 0.020604 -0.010502
v 0.228092 0.063344 0.028500
v 0.217991 0.051164 0.001598
v -0.227608 0.219094 -0.321400
v -0.304909 0.230584 -0.317902
v -0.231909 0.202534 -0.264603
v -0.302608 0.210874 -0.256702
v 0.123091 0.220714 -0.549500
v 0.071692 0.164704 -0.491001
v 0.106291 0.203624 -0.483601
v 0.078192 0.164144 -0.562099
v -0.200308 0.364964 -0.395599
v -0.198208 0.358474 -0.427002
v -0.222008 0.382204 -0.496902
v -0.026709 -0.035426 0.305199
v -0.027208 -0.119426 0.315498
v -0.012608 -0.099366 0.383099
v -0.006008 -0.032036 0.374897
v -0.026709 -0.035426 0.305199
v -0.035608 -0.108796 0.232300
v -0.032009 -0.035756 0.232498
v 0.228092 0.063344 0.028500
v 0.243591 0.101504 0.088600
v 0.309292 0.033644 0.029697
v 0.216791 0.087334 0.068100
v 0.150091 0.242014 -0.483200
v 0.182892 0.266564 -0.561501
v 0.123091 0.220714 -0.549500
v 0.193892 0.270434 -0.490803
v 0.167192 0.244694 -0.418701
v 0.128492 0.224684 -0.465099
v 0.138891 0.218264 -0.416500
v -0.158308 -0.028876 -0.034702
v -0.043409 0.019524 -0.127701
v -0.157608 -0.037576 -0.058701
v -0.070808 -0.005686 -0.141399
v -0.308109 -0.286966 0.347298
v -0.241508 -0.274026 0.354900
v -0.247408 -0.296256 0.416500
v -0.312408 -0.313186 0.413597
v 0.302792 -0.043006 -0.014301
v 0.240892 -0.108226 -0.032700
v 0.242392 -0.036496 -0.029503
v 0.301491 -0.107276 -0.018700
v 0.551792 -0.056946 0.860897
v 0.551191 -0.057336 1.016701
v 0.591291 -0.066886 1.015598
v -0.028408 -0.038756 -0.128601
v -0.138208 -0.085626 -0.036400
v -0.150709 -0.079736 -0.056103
v -0.033607 -0.032166 -0.150402
v -0.138208 -0.085626 -0.036400
v -0.248209 -0.081086 -0.118900
v -0.014908 -0.183566 0.231400
v -0.027208 -0.119426 0.315498
v -0.035608 -0.108796 0.232300
v -0.012709 -0.197586 0.299599
v -0.038008 0.115194 -0.595802
v -0.020008 0.076204 -0.642300
v -0.038008 0.100964 -0.663601
v -0.019608 0.081784 -0.592300
v -0.006208 -0.126356 -0.462200
v -0.014408 -0.116146 -0.414501
v -0.024008 -0.163276 -0.456100
v -0.034609 -0.141916 -0.396301
v -0.024708 -0.172916 -0.519802
v -0.009008 -0.131696 -0.526901
v -0.017708 -0.129216 -0.592300
v -0.024708 -0.172916 -0.519802
v -0.048309 -0.186076 -0.596401
v -0.016108 -0.120256 -0.642902
v -0.017708 -0.129216 -0.592300
v -0.032408 -0.144656 -0.668301
v -0.075008 -0.211146 -0.676003
v -0.052109 -0.174686 -0.693901
v -0.095009 -0.222596 -0.730900
v -0.065109 -0.174886 -0.734802
v -0.092009 -0.188666 -0.765202
v -0.120909 -0.225516 -0.769703
v -0.024708 -0.172916 -0.519802
v -0.064508 -0.220206 -0.520000
v -0.041208 -0.198276 -0.500603
v -0.024008 -0.163276 -0.456100
v -0.041208 -0.198276 -0.500603
v -0.047709 -0.199456 -0.450001
v -0.069408 -0.189896 -0.387001
v -0.034609 -0.141916 -0.396301
v -0.047709 -0.199456 -0.450001
v -0.360809 0.221554 -0.264500
v -0.309309 0.176344 -0.187702
v -0.302608 0.210874 -0.256702
v -0.386408 0.193974 -0.241303
v 0.170292 -0.177866 0.001297
v 0.100391 -0.213726 0.019600
v 0.098591 -0.166746 0.005600
v 0.165691 -0.252736 0.048298
v 0.387691 -0.097916 -0.095001
v 0.327492 -0.036586 -0.032101
v 0.319391 -0.107646 -0.087299
v 0.393192 -0.034036 -0.046902
v 0.064091 -0.091236 -0.701702
v 0.033991 -0.031056 -0.634300
v 0.042892 -0.016806 -0.715202
v 0.061491 -0.104486 -0.635101
v -0.028309 -0.109636 0.556099
v -0.007809 -0.038106 0.556999
v -0.054209 -0.098486 0.623699
v -0.035707 -0.035776 0.623600
v -0.074408 -0.178866 0.484699
v -0.038208 -0.108666 0.484497
v -0.064308 -0.178166 0.557499
v 0.114191 -0.044016 0.042599
v 0.051092 -0.006256 -0.097202
v 0.103191 -0.001946 0.053398
v -0.704908 -0.047726 0.679798
v -0.617208 -0.043246 0.586098
v -0.626408 -0.084816 0.612297
v -0.701809 -0.069536 0.690098
v 0.030592 -0.039616 -0.076099
v 0.042692 -0.028866 -0.096001
v 0.114191 -0.044016 0.042599
v -0.028408 -0.038756 -0.128601
v 0.042692 -0.028866 -0.096001
v -0.033607 -0.032166 -0.150402
v 0.310692 0.252564 -0.134102
v 0.237692 0.239904 -0.145500
v 0.292992 0.215494 -0.077900
v 0.243591 0.190064 -0.069702
v -0.180708 0.200484 0.415298
v -0.244808 0.240514 0.484898
v -0.174408 0.223934 0.484898
v -0.246109 0.223344 0.414398
v -0.195509 0.193114 0.343300
v -0.251709 0.208514 0.343998
v -0.244808 0.240514 0.484898
v -0.180708 0.239644 0.552097
v -0.256508 0.250714 0.565998
v -0.260208 0.197844 0.273399
v -0.216408 0.184754 0.277901
v -0.195509 0.193114 0.343300
v -0.260208 0.197844 0.273399
v -0.233509 0.181674 0.227200
v -0.267208 0.197054 0.201199
v 0.103191 -0.001946 0.053398
v 0.051092 -0.006256 -0.097202
v 0.041191 0.015084 -0.092300
v -0.091908 0.209984 0.230900
v -0.235008 0.104354 0.245998
v -0.128309 0.200104 0.255600
v 0.167192 0.244694 -0.418701
v 0.193892 0.270434 -0.490803
v 0.150091 0.242014 -0.483200
v 0.204191 0.272954 -0.420300
v 0.179491 0.243604 -0.350201
v 0.167192 0.244694 -0.418701
v 0.213991 0.269304 -0.350201
v 0.190292 0.241754 -0.281101
v 0.222391 0.265084 -0.284203
v -0.313808 0.049194 -0.082401
v -0.389908 0.101514 -0.143600
v -0.396109 0.046784 -0.113400
v -0.311708 0.109344 -0.124802
v -0.391209 -0.018616 -0.096100
v -0.313309 -0.017936 -0.066601
v -0.313808 0.049194 -0.082401
v -0.396109 0.046784 -0.113400
v -0.311708 0.109344 -0.124802
v -0.391008 0.144944 -0.179501
v -0.389908 0.101514 -0.143600
v -0.309309 0.176344 -0.187702
v 0.078192 0.164144 -0.562099
v 0.045092 0.108634 -0.491001
v 0.071692 0.164704 -0.491001
v 0.050491 0.105004 -0.563602
v 0.036392 0.048924 -0.700001
v 0.043892 0.106814 -0.633301
v 0.052891 0.106754 -0.699001
v 0.029392 0.040994 -0.633301
v 0.074091 -0.056346 0.054199
v -0.018808 -0.026856 -0.108601
v 0.030592 -0.039616 -0.076099
v 0.114191 -0.044016 0.042599
v 0.030592 -0.039616 -0.076099
v 0.042892 -0.016806 -0.715202
v 0.029392 0.040994 -0.633301
v 0.036392 0.048924 -0.700001
v 0.033991 -0.031056 -0.634300
v -0.208208 0.085684 0.236698
v -0.197208 0.076124 0.273499
v -0.235008 0.104354 0.245998
v -0.380308 -0.140966 -0.132301
v -0.309309 -0.148046 -0.124302
v -0.310509 -0.085546 -0.082600
v -0.384108 -0.084966 -0.100800
v -0.388609 -0.185456 -0.170101
v -0.380308 -0.140966 -0.132301
v -0.310009 -0.218096 -0.183701
v 0.023191 0.021314 -0.079201
v -0.018208 0.004494 -0.150902
v -0.043409 0.019524 -0.127701
v 0.041191 0.015084 -0.092300
v -0.310709 -0.113006 0.026699
v -0.386608 -0.171046 0.068199
v -0.379709 -0.098756 0.013298
v -0.312609 -0.174546 0.063000
v -0.384108 -0.084966 -0.100800
v -0.310509 -0.085546 -0.082600
v -0.313309 -0.017936 -0.066601
v -0.391209 -0.018616 -0.096100
v -0.020008 0.076204 -0.642300
v -0.010309 0.039184 -0.595303
v -0.016409 0.039274 -0.660603
v -0.019608 0.081784 -0.592300
v -0.000008 0.040754 -0.527802
v -0.011709 0.085364 -0.527500
v -0.009609 0.081874 -0.462402
v 0.002392 0.039864 -0.460300
v 0.119091 0.151344 0.257500
v 0.048691 0.106344 0.290600
v 0.102291 0.134324 0.231300
v 0.045692 0.091934 0.224098
v 0.083792 0.114564 0.206898
v 0.099991 0.140454 0.308098
v 0.045591 0.086844 0.366600
v 0.098091 0.126524 0.373798
v 0.012192 0.063044 0.231499
v 0.004992 0.070254 0.297600
v 0.045692 0.091934 0.224098
v 0.018291 0.061944 0.348000
v 0.048691 0.106344 0.290600
v 0.045591 0.086844 0.366600
v 0.024992 0.054844 0.168999
v 0.012192 0.063044 0.231499
v 0.054691 0.084044 0.163300
v 0.250792 0.160964 0.164700
v 0.175091 0.141764 0.162197
v 0.238192 0.183594 0.233097
v 0.102291 0.134324 0.231300
v 0.119091 0.151344 0.257500
v 0.175091 0.141764 0.162197
v 0.161091 0.171574 0.306198
v 0.233791 0.189204 0.303898
v 0.238192 0.183594 0.233097
v -0.755909 -0.055636 0.999599
v -0.680908 -0.068836 0.740997
v -0.728609 -0.034516 1.017300
v -0.755909 -0.055636 0.999599
v -0.709009 -0.073286 0.768700
v -0.709009 -0.073286 0.768700
v -0.626408 -0.084816 0.612297
v -0.626408 -0.084816 0.612297
v -0.583508 -0.069976 0.632698
v -0.502209 -0.086966 0.551998
v -0.583508 -0.069976 0.632698
v -0.485809 -0.075136 0.586700
v -0.176508 -0.042556 -0.015701
v -0.264708 -0.024796 -0.100201
v -0.283009 -0.051646 -0.080101
v -0.011709 -0.171706 0.159397
v -0.035608 -0.108796 0.232300
v -0.026608 -0.098276 0.148300
v -0.014908 -0.183566 0.231400
v 0.198492 -0.079226 -0.102699
v 0.170292 -0.090936 -0.153801
v 0.233992 -0.145676 -0.187302
v 0.250492 -0.099716 -0.091499
v 0.229191 -0.179096 -0.253201
v 0.206291 -0.159456 -0.243702
v 0.262091 -0.179616 -0.239799
v 0.318392 -0.156396 -0.167103
v 0.262091 -0.179616 -0.239799
v 0.319391 -0.188456 -0.228600
v 0.319691 -0.208056 -0.285301
v 0.260992 -0.198036 -0.290001
v 0.229191 -0.179096 -0.253201
v 0.219292 -0.183436 -0.295200
v 0.318392 -0.156396 -0.167103
v 0.250492 -0.099716 -0.091499
v 0.319391 -0.107646 -0.087299
v 0.260992 -0.198036 -0.290001
v 0.319492 -0.225136 -0.350800
v 0.255592 -0.214856 -0.354500
v 0.255592 -0.214856 -0.354500
v 0.319092 -0.248936 -0.419701
v 0.252192 -0.235096 -0.423401
v 0.252192 -0.235096 -0.423401
v 0.318991 -0.258116 -0.491302
v 0.250492 -0.255756 -0.487400
v 0.317291 -0.266646 -0.561802
v 0.318991 -0.258116 -0.491302
v 0.234892 -0.254066 -0.555801
v 0.242191 -0.262536 -0.634502
v 0.317291 -0.266646 -0.561802
v 0.317392 -0.256486 -0.632401
v -0.704908 -0.047726 0.679798
v -0.698908 -0.025766 0.688698
v -0.617208 -0.043246 0.586098
v -0.349009 0.131584 0.062698
v -0.390308 0.121504 0.050098
v -0.381809 0.172174 0.105698
v -0.331009 0.174534 0.111000
v -0.285208 -0.240096 0.149899
v -0.243109 -0.224216 0.174297
v -0.258808 -0.245536 0.192699
v -0.305109 -0.253396 0.175198
v 0.562391 -0.109486 0.840199
v 0.423891 -0.115836 0.774498
v 0.437792 -0.111506 0.745899
v 0.551691 -0.117316 0.862598
v -0.005009 -0.161856 0.088699
v -0.026608 -0.098276 0.148300
v -0.013409 -0.113406 0.080097
v -0.011709 -0.171706 0.159397
v -0.170609 0.181654 -0.273602
v -0.231909 0.202534 -0.264603
v -0.190409 0.179984 -0.239002
v -0.231108 0.195084 -0.219101
v -0.227608 0.219094 -0.321400
v -0.170609 0.181654 -0.273602
v -0.136709 0.189544 -0.337402
v -0.077709 -0.236036 -0.455101
v -0.064508 -0.220206 -0.520000
v -0.041208 -0.198276 -0.500603
v -0.047709 -0.199456 -0.450001
v -0.047709 -0.199456 -0.450001
v -0.108309 -0.238736 -0.392200
v -0.069408 -0.189896 -0.387001
v -0.069408 -0.189896 -0.387001
v -0.161509 -0.246886 -0.318600
v -0.090609 -0.176316 -0.317699
v -0.110209 -0.155346 -0.247501
v -0.161509 -0.246886 -0.318600
v -0.158209 -0.203416 -0.246700
v -0.048309 -0.186076 -0.596401
v -0.109509 -0.261986 -0.527500
v -0.077709 -0.236036 -0.455101
v -0.119209 -0.269726 -0.461300
v -0.112309 -0.246276 -0.597801
v -0.075008 -0.211146 -0.676003
v -0.117409 -0.252916 -0.669201
v -0.095009 -0.222596 -0.730900
v -0.129808 -0.256166 -0.727303
v -0.108309 -0.238736 -0.392200
v -0.132208 -0.269416 -0.410702
v -0.119209 -0.269726 -0.461300
v -0.141409 -0.252816 -0.762501
v -0.095009 -0.222596 -0.730900
v -0.120909 -0.225516 -0.769703
v 0.319691 0.187424 -0.056602
v 0.318092 0.111344 -0.012703
v 0.343493 0.160994 -0.036900
v 0.257492 0.125254 -0.023201
v 0.016092 -0.160016 0.448898
v 0.050592 -0.231466 0.427399
v 0.043592 -0.225556 0.517597
v 0.008492 -0.164226 0.517700
v 0.173292 0.099764 0.089199
v 0.243591 0.101504 0.088600
v 0.216791 0.087334 0.068100
v 0.175091 0.141764 0.162197
v 0.228092 0.063344 0.028500
v 0.176792 0.069904 0.039497
v 0.216791 0.087334 0.068100
v 0.173292 0.099764 0.089199
v 0.228092 0.063344 0.028500
v 0.178291 0.049334 0.011398
v 0.217991 0.051164 0.001598
v 0.313992 0.104794 0.101898
v 0.243591 0.101504 0.088600
v 0.268892 0.120064 0.115601
v 0.309292 0.033644 0.029697
v -0.011808 0.022844 0.232399
v -0.032009 -0.035756 0.232498
v -0.026709 -0.035426 0.305199
v -0.015009 0.026884 0.302200
v 0.103191 -0.001946 0.053398
v 0.041191 0.015084 -0.092300
v 0.023191 0.021314 -0.079201
v 0.243591 0.190064 -0.069702
v 0.319691 0.187424 -0.056602
v 0.292992 0.215494 -0.077900
v 0.257492 0.125254 -0.023201
v 0.062992 -0.104876 -0.509201
v 0.071991 -0.114156 -0.573803
v 0.081692 -0.130736 -0.534203
v 0.045292 -0.041416 -0.556801
v -0.231108 0.195084 -0.219101
v -0.231609 0.156644 -0.167103
v -0.213509 0.180424 -0.199200
v -0.309309 0.176344 -0.187702
v -0.747509 -0.013726 0.846298
v -0.751408 0.003844 0.996201
v -0.668009 -0.021466 0.659199
v 0.050491 0.105004 -0.563602
v 0.037691 0.039164 -0.563202
v 0.032291 0.042014 -0.490101
v 0.045092 0.108634 -0.491001
v -0.698908 -0.025766 0.688698
v -0.668009 -0.021466 0.659199
v -0.617208 -0.043246 0.586098
v 0.037691 0.039164 -0.563202
v 0.045292 -0.041416 -0.556801
v 0.035492 -0.026036 -0.487503
v 0.032291 0.042014 -0.490101
v 0.202791 -0.229016 -0.480701
v 0.250492 -0.255756 -0.487400
v 0.252192 -0.235096 -0.423401
v 0.192791 -0.207596 -0.433300
v 0.234892 -0.254066 -0.555801
v 0.202791 -0.229016 -0.480701
v 0.178692 -0.216106 -0.510502
v -0.390308 0.121504 0.050098
v -0.329008 0.109964 0.042599
v -0.394909 0.051124 0.003498
v -0.349009 0.131584 0.062698
v 0.074091 -0.056346 0.054199
v 0.072092 -0.040336 0.071198
v 0.015291 -0.015036 -0.036301
v 0.114191 -0.044016 0.042599
v 0.072092 -0.040336 0.071198
v 0.160091 -0.099186 -0.016903
v 0.098591 -0.166746 0.005600
v 0.088593 -0.114596 -0.005600
v 0.170292 -0.177866 0.001297
v -0.127708 0.223184 -0.461800
v -0.131708 0.215944 -0.412502
v -0.093508 0.195754 -0.460800
v -0.108408 0.194664 -0.401100
v -0.030409 0.122274 -0.526802
v -0.009609 0.081874 -0.462402
v -0.011709 0.085364 -0.527500
v -0.034409 0.121424 -0.447403
v -0.331009 0.174534 0.111000
v -0.322809 0.199824 0.187500
v -0.260109 0.153494 0.126598
v -0.267208 0.197054 0.201199
v -0.038008 0.115194 -0.595802
v -0.019608 0.081784 -0.592300
v -0.030409 0.122274 -0.526802
v 0.003992 -0.018326 -0.527802
v 0.002392 0.039864 -0.460300
v 0.007191 -0.018026 -0.457901
v -0.005909 -0.018646 -0.597202
v -0.016409 0.039274 -0.660603
v -0.012108 -0.019546 -0.666401
v -0.037409 -0.026936 -0.735802
v -0.051908 0.050174 -0.744202
v -0.013008 -0.079876 -0.660202
v -0.007608 -0.078786 -0.595402
v -0.012108 -0.019546 -0.666401
v -0.007608 -0.078786 -0.595402
v 0.007191 -0.018026 -0.457901
v 0.005192 -0.078626 -0.459400
v 0.002092 -0.080046 -0.527702
v 0.007191 -0.018026 -0.457901
v -0.014208 -0.077486 -0.398502
v -0.013208 -0.018086 -0.393200
v -0.033607 -0.018016 -0.325100
v -0.014208 -0.077486 -0.398502
v -0.044109 -0.096766 -0.334499
v -0.033607 -0.018016 -0.325100
v -0.061708 -0.090936 -0.247501
v -0.043009 -0.019036 -0.247002
v -0.017708 -0.129216 -0.592300
v -0.009008 -0.131696 -0.526901
v -0.016108 -0.120256 -0.642902
v -0.006208 -0.126356 -0.462200
v 0.005192 -0.078626 -0.459400
v -0.013008 -0.079876 -0.660202
v -0.032408 -0.144656 -0.668301
v -0.013008 -0.079876 -0.660202
v -0.042908 -0.105946 -0.735500
v -0.037409 -0.026936 -0.735802
v -0.012108 -0.019546 -0.666401
v -0.042908 -0.105946 -0.735500
v 0.005192 -0.078626 -0.459400
v -0.014408 -0.116146 -0.414501
v -0.014208 -0.077486 -0.398502
v -0.680908 -0.068836 0.740997
v -0.583508 -0.069976 0.632698
v -0.662409 -0.048696 0.727898
v 0.240892 -0.108226 -0.032700
v 0.170292 -0.177866 0.001297
v 0.160091 -0.099186 -0.016903
v 0.239992 -0.181116 -0.007999
v -0.241508 -0.274026 0.354900
v -0.173609 -0.238776 0.343998
v -0.199009 -0.265956 0.369698
v -0.221209 -0.242766 0.291798
v -0.398609 -0.030116 -0.007202
v -0.328409 -0.039196 -0.004902
v -0.379709 -0.098756 0.013298
v -0.351908 -0.013226 -0.011803
v -0.086409 0.257684 -0.436100
v 0.006292 0.257814 -0.368000
v -0.003508 0.242744 -0.354900
v -0.222008 0.382204 -0.496902
v -0.198208 0.358474 -0.427002
v -0.212908 0.366534 -0.479401
v -0.311708 0.109344 -0.124802
v -0.231609 0.156644 -0.167103
v -0.309309 0.176344 -0.187702
v -0.239609 0.107714 -0.116200
v -0.747509 -0.013726 0.846298
v -0.668009 -0.021466 0.659199
v -0.698908 -0.025766 0.688698
v -0.779808 -0.010466 1.006199
v -0.751408 0.003844 0.996201
v -0.517208 -0.044906 0.542900
v -0.617208 -0.043246 0.586098
v 0.167391 -0.230156 -0.635601
v 0.114492 -0.174536 -0.574402
v 0.104891 -0.173686 -0.636303
v 0.167892 -0.222326 -0.573402
v 0.045292 -0.041416 -0.556801
v 0.053192 -0.076456 -0.480900
v 0.035492 -0.026036 -0.487503
v 0.062992 -0.104876 -0.509201
v 0.103891 0.113394 0.157997
v 0.054691 0.084044 0.163300
v 0.083792 0.114564 0.206898
v 0.045692 0.091934 0.224098
v 0.102291 0.134324 0.231300
v 0.103891 0.113394 0.157997
v 0.175091 0.141764 0.162197
v 0.065491 0.068924 0.102100
v 0.054691 0.084044 0.163300
v 0.117191 0.091034 0.095600
v 0.041891 -0.198146 0.033897
v 0.067692 -0.225116 0.025299
v 0.050791 -0.228746 0.037899
v 0.032492 -0.222376 0.053200
v -0.173609 -0.238776 0.343998
v -0.118008 -0.180536 0.338100
v -0.145008 -0.221546 0.405598
v -0.145208 -0.207076 0.314697
v -0.026608 -0.098276 0.148300
v -0.032009 -0.035756 0.232498
v -0.017708 -0.030856 0.160999
v -0.035608 -0.108796 0.232300
v 0.173292 0.099764 0.089199
v 0.117191 0.091034 0.095600
v 0.175091 0.141764 0.162197
v 0.103891 0.113394 0.157997
v 0.129791 0.061684 0.043598
v 0.117191 0.091034 0.095600
v 0.176792 0.069904 0.039497
v 0.255592 -0.214856 -0.354500
v 0.219292 -0.183436 -0.295200
v 0.203592 -0.191646 -0.362400
v 0.260992 -0.198036 -0.290001
v 0.252192 -0.235096 -0.423401
v 0.192791 -0.207596 -0.433300
v -0.394909 0.051124 0.003498
v -0.329008 0.109964 0.042599
v -0.312109 0.082304 0.026199
v -0.333008 0.034354 -0.003403
v -0.272408 0.364054 -0.479301
v -0.253809 0.328114 -0.499901
v -0.248608 0.339184 -0.412701
v 0.012192 0.063044 0.231499
v -0.015009 0.026884 0.302200
v 0.004992 0.070254 0.297600
v -0.011808 0.022844 0.232399
v -0.107208 -0.066606 -0.031902
v -0.177708 -0.080106 -0.021603
v -0.138208 -0.085626 -0.036400
v 0.032591 0.053774 0.118900
v 0.054691 0.084044 0.163300
v 0.065491 0.068924 0.102100
v 0.024992 0.054844 0.168999
v 0.194092 0.166134 -0.080101
v 0.237692 0.239904 -0.145500
v 0.172092 0.187504 -0.134201
v 0.243591 0.190064 -0.069702
v -0.186708 -0.279726 0.483997
v -0.194408 -0.269816 0.418900
v -0.145008 -0.221546 0.405598
v -0.127609 -0.238826 0.484299
v -0.199009 -0.265956 0.369698
v -0.145008 -0.221546 0.405598
v -0.173609 -0.238776 0.343998
v -0.028408 -0.038756 -0.128601
v -0.107208 -0.066606 -0.031902
v -0.138208 -0.085626 -0.036400
v -0.018808 -0.026856 -0.108601
v -0.018808 -0.026856 -0.108601
v 0.015291 -0.015036 -0.036301
v -0.030308 -0.008886 -0.098202
v -0.158308 -0.028876 -0.034702
v -0.264708 -0.024796 -0.100201
v -0.176508 -0.042556 -0.015701
v -0.118408 -0.032596 -0.022701
v -0.158308 -0.028876 -0.034702
v 0.023191 0.021314 -0.079201
v -0.032808 0.012954 -0.107800
v 0.074192 -0.010196 0.067799
v 0.103191 -0.001946 0.053398
v -0.043409 0.019524 -0.127701
v -0.118408 -0.032596 -0.022701
v -0.158308 -0.028876 -0.034702
v 0.146791 0.211084 -0.350800
v 0.190292 0.241754 -0.281101
v 0.179491 0.243604 -0.350201
v 0.152292 0.202124 -0.278999
v 0.146791 0.211084 -0.350800
v 0.167192 0.244694 -0.418701
v 0.138891 0.218264 -0.416500
v 0.152292 0.202124 -0.278999
v 0.200592 0.245074 -0.213001
v 0.159792 0.196044 -0.206100
v 0.172092 0.187504 -0.134201
v 0.200592 0.245074 -0.213001
v 0.237692 0.239904 -0.145500
v 0.243591 0.101504 0.088600
v 0.250792 0.160964 0.164700
v 0.268892 0.120064 0.115601
v 0.175091 0.141764 0.162197
v 0.144592 0.045584 0.018497
v 0.176792 0.069904 0.039497
v 0.178291 0.049334 0.011398
v 0.129791 0.061684 0.043598
v -0.313808 0.049194 -0.082401
v -0.239609 0.107714 -0.116200
v -0.311708 0.109344 -0.124802
v -0.240208 0.046864 -0.075802
v 0.115391 -0.172626 -0.526600
v 0.178692 -0.216106 -0.510502
v 0.121092 -0.156246 -0.457600
v 0.156792 -0.204186 -0.535000
v 0.114492 -0.174536 -0.574402
v 0.156792 -0.204186 -0.535000
v 0.167892 -0.222326 -0.573402
v 0.167892 -0.222326 -0.573402
v 0.178692 -0.216106 -0.510502
v 0.234892 -0.254066 -0.555801
v 0.305992 0.108074 0.820499
v 0.298191 0.093184 0.848099
v 0.306192 0.091694 0.890297
v 0.086592 0.067094 0.227600
v -0.005108 0.157864 0.267799
v -0.006308 0.148214 0.245998
v 0.095091 0.078024 0.265400
v 0.098591 -0.166746 0.005600
v 0.041891 -0.198146 0.033897
v 0.034191 -0.156886 0.031700
v 0.100391 -0.213726 0.019600
v -0.024609 0.220344 0.247398
v 0.004091 0.189834 0.216000
v -0.091908 0.209984 0.230900
v -0.013409 -0.113406 0.080097
v -0.006708 -0.054756 0.080399
v -0.005409 -0.078856 0.062099
v -0.026608 -0.098276 0.148300
v -0.227608 0.219094 -0.321400
v -0.167109 0.225474 -0.393902
v -0.230408 0.249024 -0.384003
v -0.136709 0.189544 -0.337402
v 0.318491 0.041364 -0.006702
v 0.327492 -0.036586 -0.032101
v 0.344193 0.015654 -0.013901
v 0.259991 -0.018746 -0.026703
v -0.240009 -0.143016 -0.121101
v -0.310509 -0.085546 -0.082600
v -0.309309 -0.148046 -0.124302
v -0.240309 -0.081716 -0.081303
v 0.015291 -0.015036 -0.036301
v -0.018808 -0.026856 -0.108601
v 0.074091 -0.056346 0.054199
v 0.003292 0.020844 0.165600
v 0.032591 0.053774 0.118900
v 0.022392 0.028074 0.099499
v 0.024992 0.054844 0.168999
v 0.236492 0.020604 -0.010502
v 0.175291 -0.031426 -0.019600
v 0.178492 0.019534 -0.005501
v 0.242392 -0.036496 -0.029503
v 0.074192 -0.010196 0.067799
v -0.032808 0.012954 -0.107800
v 0.015291 -0.015036 -0.036301
v -0.108408 0.194664 -0.401100
v -0.167109 0.225474 -0.393902
v -0.136709 0.189544 -0.337402
v -0.131708 0.215944 -0.412502
v -0.006708 -0.054756 0.080399
v -0.017708 -0.030856 0.160999
v 0.005692 -0.013696 0.089798
v -0.026608 -0.098276 0.148300
v 0.240892 -0.108226 -0.032700
v 0.175291 -0.031426 -0.019600
v 0.242392 -0.036496 -0.029503
v 0.160091 -0.099186 -0.016903
v -0.379709 -0.098756 0.013298
v -0.328409 -0.039196 -0.004902
v -0.300709 -0.064826 0.007900
v -0.310709 -0.113006 0.026699
v -0.248209 -0.081086 -0.118900
v -0.154709 -0.057996 -0.065601
v -0.150709 -0.079736 -0.056103
v -0.238209 -0.039006 -0.130802
v 0.175291 -0.031426 -0.019600
v 0.160091 -0.099186 -0.016903
v 0.095892 -0.056936 -0.007801
v 0.114592 -0.016616 -0.000801
v 0.088593 -0.114596 -0.005600
v 0.095892 -0.056936 -0.007801
v 0.071791 -0.080036 -0.002201
v -0.173609 -0.238776 0.343998
v -0.221209 -0.242766 0.291798
v -0.145208 -0.207076 0.314697
v -0.164509 -0.195686 0.269199
v -0.221209 -0.242766 0.291798
v -0.201708 -0.203936 0.218300
v -0.242708 -0.239106 0.230099
v -0.242708 -0.239106 0.230099
v -0.243109 -0.224216 0.174297
v -0.258808 -0.245536 0.192699
v 0.023191 0.021314 -0.079201
v -0.043409 0.019524 -0.127701
v -0.032808 0.012954 -0.107800
v 0.003292 0.020844 0.165600
v -0.017708 -0.030856 0.160999
v -0.032009 -0.035756 0.232498
v -0.011808 0.022844 0.232399
v 0.074192 -0.010196 0.067799
v 0.015291 -0.015036 -0.036301
v 0.072092 -0.040336 0.071198
v 0.009691 -0.204806 0.087299
v 0.032492 -0.222376 0.053200
v 0.018391 -0.225536 0.080299
v 0.041891 -0.198146 0.033897
v 0.005692 -0.013696 0.089798
v 0.003292 0.020844 0.165600
v 0.022392 0.028074 0.099499
v -0.017708 -0.030856 0.160999
v -0.032808 0.012954 -0.107800
v -0.030308 -0.008886 -0.098202
v 0.015291 -0.015036 -0.036301
v -0.107208 -0.066606 -0.031902
v -0.176508 -0.042556 -0.015701
v -0.177708 -0.080106 -0.021603
v -0.118408 -0.032596 -0.022701
v -0.011808 0.022844 0.232399
v 0.024992 0.054844 0.168999
v 0.003292 0.020844 0.165600
v 0.012192 0.063044 0.231499
v 0.144592 0.045584 0.018497
v 0.178291 0.049334 0.011398
v 0.178492 0.019534 -0.005501
v 0.128691 0.023884 0.009098
v 0.217991 0.051164 0.001598
v 0.178492 0.019534 -0.005501
v 0.236492 0.020604 -0.010502
v -0.019209 0.263534 -0.316502
v 0.033192 0.256144 -0.310802
v -0.031609 0.301984 -0.338501
v -0.120708 0.318054 -0.429901
v -0.136208 0.304194 -0.419300
v 0.012691 0.297244 -0.349400
v 0.046091 0.270164 -0.324802
v 0.033192 0.256144 -0.310802
v 0.046091 0.270164 -0.324802
v 0.034191 -0.156886 0.031700
v -0.013409 -0.113406 0.080097
v 0.029192 -0.112786 0.028099
v -0.005009 -0.161856 0.088699
v 0.088593 -0.114596 -0.005600
v 0.098591 -0.166746 0.005600
v 0.029192 -0.112786 0.028099
v 0.041891 -0.198146 0.033897
v -0.005009 -0.161856 0.088699
v 0.009691 -0.204806 0.087299
v -0.013409 -0.113406 0.080097
v -0.005409 -0.078856 0.062099
v 0.029892 -0.074836 0.025600
v 0.071791 -0.080036 -0.002201
v 0.029192 -0.112786 0.028099
v 0.088593 -0.114596 -0.005600
v 0.250492 -0.099716 -0.091499
v 0.319391 -0.107646 -0.087299
v 0.327492 -0.036586 -0.032101
v 0.259991 -0.018746 -0.026703
v 0.030592 -0.039616 -0.076099
v -0.018808 -0.026856 -0.108601
v -0.028408 -0.038756 -0.128601
v 0.129791 0.061684 0.043598
v 0.128691 0.023884 0.009098
v 0.075691 0.038704 0.044197
v 0.144592 0.045584 0.018497
v 0.075691 0.038704 0.044197
v 0.117191 0.091034 0.095600
v 0.065491 0.068924 0.102100
v 0.071991 -0.114156 -0.573803
v 0.114492 -0.174536 -0.574402
v 0.081692 -0.130736 -0.534203
v 0.115391 -0.172626 -0.526600
v 0.121092 -0.156246 -0.457600
v 0.081692 -0.130736 -0.534203
v 0.062992 -0.104876 -0.509201
v -0.268309 0.095234 0.047398
v -0.329008 0.109964 0.042599
v -0.260109 0.153494 0.126598
v -0.312109 0.082304 0.026199
v -0.213509 0.180424 -0.199200
v -0.190409 0.179984 -0.239002
v -0.231108 0.195084 -0.219101
v -0.178608 0.161754 -0.225300
v -0.212908 0.366534 -0.479401
v -0.115208 0.317054 -0.455101
v -0.222008 0.382204 -0.496902
v 0.107191 0.130404 0.238300
v 0.116392 0.094604 0.212601
v 0.004091 0.189834 0.216000
v -0.313309 -0.017936 -0.066601
v -0.240009 -0.017476 -0.062099
v -0.240208 0.046864 -0.075802
v -0.313808 0.049194 -0.082401
v -0.240309 -0.081716 -0.081303
v -0.313309 -0.017936 -0.066601
v -0.310509 -0.085546 -0.082600
v -0.240009 -0.017476 -0.062099
v -0.158209 -0.203416 -0.246700
v -0.191208 -0.239746 -0.261902
v -0.161509 -0.246886 -0.318600
v -0.176508 -0.220656 -0.243103
v 0.294191 0.066404 -0.001400
v 0.257492 0.125254 -0.023201
v 0.244892 0.050654 -0.014801
v 0.318092 0.111344 -0.012703
v 0.104891 -0.173686 -0.636303
v 0.071991 -0.114156 -0.573803
v 0.061491 -0.104486 -0.635101
v 0.114492 -0.174536 -0.574402
v 0.073492 0.166304 -0.633102
v 0.043892 0.106814 -0.633301
v 0.078192 0.164144 -0.562099
v 0.050491 0.105004 -0.563602
v 0.016092 -0.160016 0.448898
v -0.000908 -0.102156 0.517399
v 0.007792 -0.100026 0.446999
v 0.008492 -0.164226 0.517700
v 0.065491 0.068924 0.102100
v 0.022392 0.028074 0.099499
v 0.032591 0.053774 0.118900
v 0.075691 0.038704 0.044197
v 0.100391 -0.213726 0.019600
v 0.067692 -0.225116 0.025299
v 0.041891 -0.198146 0.033897
v 0.095592 -0.232096 0.024498
v 0.244892 0.050654 -0.014801
v 0.318491 0.041364 -0.006702
v 0.294191 0.066404 -0.001400
v 0.259991 -0.018746 -0.026703
v -0.081108 0.158854 0.251598
v -0.006308 0.148214 0.245998
v -0.005108 0.157864 0.267799
v -0.083008 0.165244 0.273300
v -0.232908 -0.193196 -0.167603
v -0.175308 -0.180726 -0.184902
v -0.180508 -0.133406 -0.127201
v -0.240009 -0.143016 -0.121101
v -0.232908 -0.193196 -0.167603
v -0.188408 -0.212516 -0.216301
v -0.216208 -0.219006 -0.195000
v 0.257492 0.125254 -0.023201
v 0.243591 0.190064 -0.069702
v 0.194092 0.166134 -0.080101
v -0.165709 0.133214 -0.185501
v -0.231609 0.156644 -0.167103
v -0.178608 0.098684 -0.121601
v -0.239609 0.107714 -0.116200
v 0.085291 0.156614 -0.426601
v 0.091892 0.154644 -0.376400
v 0.111092 0.191524 -0.421501
v 0.115791 0.177404 -0.358200
v 0.152292 0.202124 -0.278999
v 0.146791 0.211084 -0.350800
v 0.107891 0.136284 -0.279301
v 0.138891 0.218264 -0.416500
v 0.115791 0.177404 -0.358200
v 0.111092 0.191524 -0.421501
v 0.128492 0.224684 -0.465099
v 0.111092 0.191524 -0.421501
v 0.106291 0.203624 -0.483601
v 0.159792 0.196044 -0.206100
v 0.123392 0.135584 -0.198601
v 0.152292 0.202124 -0.278999
v 0.123392 0.135584 -0.198601
v 0.172092 0.187504 -0.134201
v 0.137091 0.122134 -0.128403
v 0.203592 -0.191646 -0.362400
v 0.185991 -0.157246 -0.294399
v 0.161392 -0.158496 -0.362801
v 0.219292 -0.183436 -0.295200
v 0.192791 -0.207596 -0.433300
v 0.121092 -0.156246 -0.457600
v 0.202791 -0.229016 -0.480701
v 0.178692 -0.216106 -0.510502
v 0.219292 -0.183436 -0.295200
v 0.206291 -0.159456 -0.243702
v 0.229191 -0.179096 -0.253201
v 0.106291 0.203624 -0.483601
v 0.085291 0.156614 -0.426601
v 0.111092 0.191524 -0.421501
v 0.071692 0.164704 -0.491001
v 0.095892 -0.056936 -0.007801
v 0.053492 -0.004786 0.030197
v 0.114592 -0.016616 -0.000801
v 0.039192 -0.042366 0.026897
v 0.128691 0.023884 0.009098
v 0.175291 -0.031426 -0.019600
v 0.178492 0.019534 -0.005501
v 0.071791 -0.080036 -0.002201
v 0.029892 -0.074836 0.025600
v 0.095892 -0.056936 -0.007801
v 0.114592 -0.016616 -0.000801
v 0.075691 0.038704 0.044197
v 0.128691 0.023884 0.009098
v 0.053492 -0.004786 0.030197
v -0.248608 0.339184 -0.412701
v -0.254709 0.344714 -0.388702
v -0.272408 0.364054 -0.479301
v -0.252609 -0.157716 0.079399
v -0.303909 -0.218896 0.113800
v -0.312609 -0.174546 0.063000
v -0.237108 -0.186166 0.137398
v -0.329008 0.109964 0.042599
v -0.331009 0.174534 0.111000
v -0.260109 0.153494 0.126598
v -0.349009 0.131584 0.062698
v -0.157608 -0.037576 -0.058701
v -0.264708 -0.024796 -0.100201
v -0.158308 -0.028876 -0.034702
v -0.238209 -0.039006 -0.130802
v 0.005692 -0.013696 0.089798
v 0.075691 0.038704 0.044197
v 0.053492 -0.004786 0.030197
v 0.022392 0.028074 0.099499
v -0.110209 -0.155346 -0.247501
v -0.126709 -0.136776 -0.183601
v -0.158209 -0.203416 -0.246700
v -0.175308 -0.180726 -0.184902
v -0.054008 0.047414 -0.241100
v -0.103107 0.114594 -0.248302
v -0.087809 0.089404 -0.223900
v -0.046009 0.063214 -0.324600
v 0.039192 -0.042366 0.026897
v 0.005692 -0.013696 0.089798
v 0.053492 -0.004786 0.030197
v -0.006708 -0.054756 0.080399
v 0.029892 -0.074836 0.025600
v -0.005409 -0.078856 0.062099
v 0.039192 -0.042366 0.026897
v -0.006708 -0.054756 0.080399
v 0.551691 0.121504 0.019897
v 0.538391 0.109444 -0.080502
v 0.516592 0.110104 0.024700
v -0.176708 0.292414 -0.499203
v -0.086409 0.257684 -0.436100
v -0.133408 0.261104 -0.434299
v 0.298191 0.093184 0.848099
v 0.276291 0.017694 0.697300
v 0.303791 0.068124 0.841198
v 0.287792 0.001314 0.719799
v -0.109509 0.201414 0.620197
v -0.169609 0.230254 0.627300
v -0.147408 0.211394 0.644798
v -0.121908 0.218384 0.565399
v -0.075909 0.199684 0.553997
v -0.082808 0.189894 0.509098
v -0.114809 0.202864 0.491898
v -0.114809 0.202864 0.491898
v -0.180708 0.239644 0.552097
v -0.174408 0.223934 0.484898
v -0.066908 0.158834 0.490700
v -0.082808 0.189894 0.509098
v -0.112509 0.154664 0.416500
v -0.098207 0.105434 0.330200
v -0.148708 0.165824 0.332100
v -0.123009 0.132154 0.305199
v -0.112509 0.154664 0.416500
v -0.174408 0.223934 0.484898
v -0.180708 0.200484 0.415298
v -0.148708 0.165824 0.332100
v -0.180708 0.200484 0.415298
v -0.195509 0.193114 0.343300
v -0.179609 0.163244 0.269398
v -0.148708 0.165824 0.332100
v -0.148508 0.119304 0.258999
v -0.182808 0.128634 0.215199
v -0.215708 0.161024 0.211800
v -0.186008 0.102224 0.189697
v -0.215708 0.161024 0.211800
v -0.260109 0.153494 0.126598
v -0.179609 0.163244 0.269398
v -0.148708 0.165824 0.332100
v -0.216408 0.184754 0.277901
v -0.233509 0.181674 0.227200
v -0.215708 0.161024 0.211800
v -0.248608 0.339184 -0.412701
v -0.242708 0.336454 -0.470100
v -0.230509 0.322894 -0.416702
v -0.310709 -0.113006 0.026699
v -0.252609 -0.157716 0.079399
v -0.312609 -0.174546 0.063000
v -0.252209 -0.108256 0.043198
v -0.136709 0.189544 -0.337402
v -0.064209 0.122064 -0.366802
v -0.075209 0.149824 -0.387402
v -0.086508 0.133684 -0.320702
v 0.115791 0.177404 -0.358200
v 0.086092 0.116844 -0.358200
v 0.107891 0.136284 -0.279301
v 0.007792 -0.100026 0.446999
v 0.006292 -0.038386 0.517200
v 0.016691 -0.032446 0.444798
v -0.000908 -0.102156 0.517399
v -0.188408 -0.212516 -0.216301
v -0.158209 -0.203416 -0.246700
v -0.175308 -0.180726 -0.184902
v -0.176508 -0.220656 -0.243103
v -0.136709 0.189544 -0.337402
v -0.131308 0.149424 -0.267403
v -0.086508 0.133684 -0.320702
v -0.170609 0.181654 -0.273602
v -0.038208 -0.108666 0.484497
v -0.007809 -0.038106 0.556999
v -0.028309 -0.109636 0.556099
v -0.016508 -0.038186 0.483799
v 0.061491 -0.104486 -0.635101
v 0.045292 -0.041416 -0.556801
v 0.033991 -0.031056 -0.634300
v 0.071991 -0.114156 -0.573803
v -0.117609 0.092794 -0.177902
v -0.165709 0.133214 -0.185501
v -0.140709 0.082084 -0.137001
v -0.178608 0.098684 -0.121601
v -0.103107 0.114594 -0.248302
v -0.087809 0.089404 -0.223900
v -0.165709 0.133214 -0.185501
v -0.178608 0.161754 -0.225300
v -0.131308 0.149424 -0.267403
v -0.587208 -0.034816 0.627598
v -0.657808 -0.028116 0.704399
v -0.583508 -0.069976 0.632698
v -0.662409 -0.048696 0.727898
v -0.016508 -0.038186 0.483799
v -0.017809 0.034324 0.484200
v -0.007809 -0.038106 0.556999
v -0.010508 0.045704 0.565498
v -0.061909 0.163384 -0.460503
v -0.079908 0.171064 -0.410999
v -0.034409 0.121424 -0.447403
v -0.075209 0.149824 -0.387402
v -0.180508 -0.133406 -0.127201
v -0.240309 -0.081716 -0.081303
v -0.240009 -0.143016 -0.121101
v -0.181908 -0.076596 -0.098400
v -0.074408 -0.178866 0.484699
v -0.145008 -0.221546 0.405598
v -0.094809 -0.164506 0.419598
v -0.127609 -0.238826 0.484299
v -0.098608 -0.150236 0.367699
v -0.094809 -0.164506 0.419598
v -0.118008 -0.180536 0.338100
v -0.034409 0.121424 -0.447403
v -0.035509 0.092324 -0.390900
v -0.015608 0.072794 -0.415401
v -0.009609 0.081874 -0.462402
v -0.044109 -0.096766 -0.334499
v -0.110209 -0.155346 -0.247501
v -0.090609 -0.176316 -0.317699
v -0.061708 -0.090936 -0.247501
v -0.144308 -0.116776 -0.142601
v -0.175308 -0.180726 -0.184902
v -0.126709 -0.136776 -0.183601
v -0.180508 -0.133406 -0.127201
v -0.154709 -0.057996 -0.065601
v -0.238209 -0.039006 -0.130802
v -0.157608 -0.037576 -0.058701
v 0.316092 0.015584 0.928799
v 0.295191 0.023574 0.931400
v 0.322691 0.031774 1.010597
v -0.240208 0.046864 -0.075802
v -0.178608 0.098684 -0.121601
v -0.239609 0.107714 -0.116200
v -0.180708 0.043044 -0.091602
v 0.029392 0.040994 -0.633301
v 0.050491 0.105004 -0.563602
v 0.043892 0.106814 -0.633301
v 0.037691 0.039164 -0.563202
v 0.272291 0.016184 0.924698
v 0.293392 0.027254 1.021400
v 0.295191 0.023574 0.931400
v 0.322691 0.031774 1.010597
v -0.165709 0.133214 -0.185501
v -0.178608 0.161754 -0.225300
v -0.213509 0.180424 -0.199200
v -0.231609 0.156644 -0.167103
v -0.170609 0.181654 -0.273602
v -0.131308 0.149424 -0.267403
v -0.190409 0.179984 -0.239002
v -0.227808 0.308484 -0.353500
v -0.200308 0.364964 -0.395599
v -0.221909 0.376034 -0.391003
v -0.227808 0.308484 -0.353500
v -0.243109 0.351214 -0.368900
v -0.254709 0.344714 -0.388702
v -0.249708 0.398924 -0.462803
v -0.030308 -0.008886 -0.098202
v -0.032808 0.012954 -0.107800
v -0.118408 -0.032596 -0.022701
v -0.030308 -0.008886 -0.098202
v -0.107208 -0.066606 -0.031902
v -0.018808 -0.026856 -0.108601
v -0.118408 -0.032596 -0.022701
v -0.668009 -0.021466 0.659199
v -0.657808 -0.028116 0.704399
v -0.587208 -0.034816 0.627598
v -0.215708 0.161024 0.211800
v -0.267208 0.197054 0.201199
v -0.233509 0.181674 0.227200
v -0.260109 0.153494 0.126598
v -0.035509 0.092324 -0.390900
v -0.075209 0.149824 -0.387402
v -0.064209 0.122064 -0.366802
v -0.034409 0.121424 -0.447403
v 0.421991 -0.063756 0.771099
v 0.531092 -0.065496 0.871998
v 0.551792 -0.056946 0.860897
v 0.551191 -0.057336 1.016701
v -0.237108 -0.186166 0.137398
v -0.252609 -0.157716 0.079399
v -0.217607 -0.139416 0.094997
v -0.202908 -0.142686 0.133999
v 0.462893 0.098194 -0.206100
v 0.538391 0.109444 -0.080502
v 0.552092 0.116804 -0.095901
v -0.009609 0.081874 -0.462402
v -0.015608 0.072794 -0.415401
v 0.002392 0.039864 -0.460300
v -0.015408 0.039274 -0.399601
v -0.351908 -0.013226 -0.011803
v -0.279108 0.019514 0.010799
v -0.328409 -0.039196 -0.004902
v -0.333008 0.034354 -0.003403
v -0.081108 0.158854 0.251598
v -0.083008 0.165244 0.273300
v -0.197208 0.076124 0.273499
v 0.016691 -0.032446 0.444798
v 0.019691 0.014084 0.517998
v 0.050091 0.049494 0.447701
v 0.006292 -0.038386 0.517200
v -0.243109 -0.224216 0.174297
v -0.285208 -0.240096 0.149899
v -0.237108 -0.186166 0.137398
v -0.303909 -0.218896 0.113800
v -0.300709 -0.064826 0.007900
v -0.257509 -0.047236 0.023197
v -0.252209 -0.108256 0.043198
v -0.310709 -0.113006 0.026699
v -0.093609 0.187224 0.222401
v -0.235008 0.104354 0.245998
v -0.091908 0.209984 0.230900
v -0.086508 0.133684 -0.320702
v -0.103107 0.114594 -0.248302
v -0.046009 0.063214 -0.324600
v -0.131308 0.149424 -0.267403
v 0.172092 0.187504 -0.134201
v 0.137091 0.122134 -0.128403
v 0.194092 0.166134 -0.080101
v -0.268309 0.095234 0.047398
v -0.279108 0.019514 0.010799
v -0.312109 0.082304 0.026199
v -0.333008 0.034354 -0.003403
v 0.281792 -0.031376 0.920597
v 0.295591 -0.027506 1.014599
v 0.264791 0.002124 0.907101
v 0.283092 0.001574 1.027599
v -0.108408 0.194664 -0.401100
v -0.075209 0.149824 -0.387402
v -0.079908 0.171064 -0.410999
v -0.136709 0.189544 -0.337402
v 0.085291 0.156614 -0.426601
v 0.065092 0.108574 -0.423100
v 0.091892 0.154644 -0.376400
v 0.086092 0.116844 -0.358200
v 0.033991 -0.031056 -0.634300
v 0.037691 0.039164 -0.563202
v 0.029392 0.040994 -0.633301
v 0.045292 -0.041416 -0.556801
v 0.198492 -0.079226 -0.102699
v 0.250492 -0.099716 -0.091499
v 0.259991 -0.018746 -0.026703
v 0.183992 -0.024536 -0.074802
v 0.552092 0.116804 -0.095901
v 0.538391 0.109444 -0.080502
v 0.551691 0.121504 0.019897
v 0.516592 0.110104 0.024700
v 0.368191 0.097794 0.134800
v 0.185091 0.110414 -0.066002
v 0.257492 0.125254 -0.023201
v 0.194092 0.166134 -0.080101
v -0.253809 0.328114 -0.499901
v -0.176708 0.292414 -0.499203
v -0.133408 0.261104 -0.434299
v -0.046009 0.063214 -0.324600
v -0.035509 0.092324 -0.390900
v -0.064209 0.122064 -0.366802
v -0.086508 0.133684 -0.320702
v 0.272291 0.016184 0.924698
v 0.264791 0.002124 0.907101
v 0.283092 0.001574 1.027599
v 0.162092 -0.102066 -0.228401
v 0.149092 -0.114076 -0.290600
v 0.174292 -0.124686 -0.250999
v 0.107391 -0.045086 -0.287003
v 0.162092 -0.102066 -0.228401
v 0.117592 -0.024966 -0.214001
v 0.148592 -0.075796 -0.200302
v 0.233992 -0.145676 -0.187302
v 0.162092 -0.102066 -0.228401
v 0.206291 -0.159456 -0.243702
v 0.233992 -0.145676 -0.187302
v 0.148592 -0.075796 -0.200302
v 0.170292 -0.090936 -0.153801
v 0.185991 -0.157246 -0.294399
v 0.174292 -0.124686 -0.250999
v 0.149092 -0.114076 -0.290600
v 0.137291 -0.121056 -0.343300
v 0.161392 -0.158496 -0.362801
v 0.123392 0.135584 -0.198601
v 0.107691 0.059994 -0.207802
v 0.110592 0.082414 -0.180401
v 0.107891 0.136284 -0.279301
v 0.071692 0.164704 -0.491001
v 0.045092 0.108634 -0.491001
v 0.085291 0.156614 -0.426601
v 0.065092 0.108574 -0.423100
v -0.061708 -0.090936 -0.247501
v -0.126709 -0.136776 -0.183601
v -0.110209 -0.155346 -0.247501
v -0.096107 -0.080976 -0.181499
v -0.132008 -0.076566 -0.127502
v -0.144308 -0.116776 -0.142601
v -0.126709 -0.136776 -0.183601
v -0.181908 -0.076596 -0.098400
v -0.240009 -0.017476 -0.062099
v -0.240309 -0.081716 -0.081303
v -0.179708 -0.017026 -0.081303
v -0.136208 0.304194 -0.419300
v -0.212908 0.366534 -0.479401
v -0.220909 0.347184 -0.466801
v -0.120708 0.318054 -0.429901
v 0.106892 -0.098656 -0.369602
v 0.073591 -0.084746 -0.439400
v 0.121092 -0.156246 -0.457600
v 0.081692 -0.073766 -0.389400
v 0.053192 -0.076456 -0.480900
v 0.062992 -0.104876 -0.509201
v -0.118008 -0.180536 0.338100
v -0.079208 -0.104056 0.345798
v -0.098608 -0.150236 0.367699
v -0.121008 -0.124266 0.264400
v -0.062708 -0.103066 0.416901
v -0.094809 -0.164506 0.419598
v -0.079208 -0.104056 0.345798
v -0.034609 -0.141916 -0.396301
v -0.090609 -0.176316 -0.317699
v -0.069408 -0.189896 -0.387001
v -0.044109 -0.096766 -0.334499
v -0.240009 -0.017476 -0.062099
v -0.179708 -0.017026 -0.081303
v -0.180708 0.043044 -0.091602
v -0.240208 0.046864 -0.075802
v -0.328409 -0.039196 -0.004902
v -0.257509 -0.047236 0.023197
v -0.300709 -0.064826 0.007900
v -0.279108 0.019514 0.010799
v 0.019691 0.014084 0.517998
v 0.039492 0.053284 0.505497
v 0.050091 0.049494 0.447701
v 0.026892 0.035704 0.517700
v -0.144308 -0.116776 -0.142601
v -0.181908 -0.076596 -0.098400
v -0.180508 -0.133406 -0.127201
v -0.132008 -0.076566 -0.127502
v 0.106892 -0.098656 -0.369602
v 0.161392 -0.158496 -0.362801
v 0.137291 -0.121056 -0.343300
v 0.121092 -0.156246 -0.457600
v 0.107391 -0.045086 -0.287003
v 0.137291 -0.121056 -0.343300
v 0.149092 -0.114076 -0.290600
v 0.002392 0.039864 -0.460300
v -0.015408 0.039274 -0.399601
v 0.007191 -0.018026 -0.457901
v -0.013208 -0.018086 -0.393200
v 0.107691 0.059994 -0.207802
v 0.091991 0.048934 -0.284100
v 0.104191 0.030994 -0.233101
v 0.107891 0.136284 -0.279301
v 0.110592 0.082414 -0.180401
v 0.137091 0.122134 -0.128403
v 0.123392 0.135584 -0.198601
v 0.126991 0.055374 -0.126900
v 0.086092 0.116844 -0.358200
v 0.079191 0.050644 -0.353203
v 0.091991 0.048934 -0.284100
v 0.107891 0.136284 -0.279301
v 0.116692 0.128534 -0.357903
v -0.003508 0.242744 -0.354900
v 0.103691 0.143744 -0.388100
v -0.006308 0.241344 -0.331600
v -0.015408 0.039274 -0.399601
v -0.035509 0.092324 -0.390900
v -0.046009 0.063214 -0.324600
v -0.015608 0.072794 -0.415401
v 0.244892 0.050654 -0.014801
v 0.185091 0.110414 -0.066002
v 0.181091 0.044074 -0.064003
v 0.257492 0.125254 -0.023201
v 0.137091 0.122134 -0.128403
v 0.185091 0.110414 -0.066002
v 0.194092 0.166134 -0.080101
v -0.015408 0.039274 -0.399601
v -0.033607 -0.018016 -0.325100
v -0.013208 -0.018086 -0.393200
v -0.046009 0.063214 -0.324600
v -0.130409 0.041864 -0.123703
v -0.140709 0.082084 -0.137001
v -0.180708 0.043044 -0.091602
v -0.178608 0.098684 -0.121601
v -0.118008 -0.180536 0.338100
v -0.164509 -0.195686 0.269199
v -0.121008 -0.124266 0.264400
v -0.145208 -0.207076 0.314697
v -0.164509 -0.195686 0.269199
v -0.181509 -0.162656 0.196598
v -0.201708 -0.203936 0.218300
v -0.243109 -0.224216 0.174297
v -0.181509 -0.162656 0.196598
v -0.237108 -0.186166 0.137398
v -0.237108 -0.186166 0.137398
v -0.175808 -0.137126 0.173500
v -0.202908 -0.142686 0.133999
v -0.140709 0.082084 -0.137001
v -0.091108 0.043234 -0.178402
v -0.117609 0.092794 -0.177902
v -0.130409 0.041864 -0.123703
v -0.087809 0.089404 -0.223900
v -0.117609 0.092794 -0.177902
v -0.054008 0.047414 -0.241100
v 0.004091 0.189834 0.216000
v -0.093609 0.187224 0.222401
v -0.091908 0.209984 0.230900
v 0.183992 -0.024536 -0.074802
v 0.259991 -0.018746 -0.026703
v 0.244892 0.050654 -0.014801
v 0.181091 0.044074 -0.064003
v -0.014208 -0.077486 -0.398502
v -0.034609 -0.141916 -0.396301
v -0.014408 -0.116146 -0.414501
v -0.044109 -0.096766 -0.334499
v -0.130409 0.041864 -0.123703
v -0.082609 -0.017886 -0.179001
v -0.091108 0.043234 -0.178402
v -0.127508 -0.017236 -0.120800
v -0.054008 0.047414 -0.241100
v -0.091108 0.043234 -0.178402
v -0.043009 -0.019036 -0.247002
v -0.033607 -0.018016 -0.325100
v -0.054008 0.047414 -0.241100
v -0.046009 0.063214 -0.324600
v 0.126991 0.055374 -0.126900
v 0.107691 0.059994 -0.207802
v 0.129292 -0.012566 -0.148602
v 0.110592 0.082414 -0.180401
v -0.061708 -0.090936 -0.247501
v -0.043009 -0.019036 -0.247002
v -0.096107 -0.080976 -0.181499
v -0.082609 -0.017886 -0.179001
v -0.205008 0.303904 -0.382401
v -0.292608 0.198874 -0.418301
v -0.206408 0.324574 -0.408703
v -0.280409 0.186894 -0.380501
v -0.181908 -0.076596 -0.098400
v -0.132008 -0.076566 -0.127502
v -0.179708 -0.017026 -0.081303
v -0.127508 -0.017236 -0.120800
v 0.032291 0.042014 -0.490101
v 0.065092 0.108574 -0.423100
v 0.045092 0.108634 -0.491001
v 0.054892 0.044714 -0.421303
v 0.290392 0.045054 0.690899
v 0.305992 0.108074 0.820499
v 0.328791 0.115384 0.823299
v 0.328791 0.115384 0.823299
v 0.306192 0.091694 0.890297
v 0.033192 0.256144 -0.310802
v 0.145191 0.172204 -0.364502
v 0.046091 0.270164 -0.324802
v 0.114992 0.147654 -0.335400
v -0.066109 -0.038206 0.334099
v -0.067509 0.028814 0.338200
v -0.045208 -0.037366 0.413300
v -0.047108 0.029094 0.414600
v -0.181509 -0.162656 0.196598
v -0.149809 -0.098996 0.188099
v -0.121008 -0.124266 0.264400
v -0.175808 -0.137126 0.173500
v -0.038208 -0.108666 0.484497
v -0.094809 -0.164506 0.419598
v -0.062708 -0.103066 0.416901
v -0.074408 -0.178866 0.484699
v 0.542692 0.057904 -0.084900
v 0.552992 0.061164 0.020798
v 0.533192 0.068924 0.008499
v 0.373692 0.041954 0.146500
v 0.533192 0.068924 0.008499
v 0.364191 0.053574 0.119801
v -0.668009 -0.021466 0.659199
v -0.489309 -0.035156 0.577099
v -0.517208 -0.044906 0.542900
v -0.260109 0.153494 0.126598
v -0.231709 0.079044 0.076298
v -0.268309 0.095234 0.047398
v -0.211609 0.088114 0.124001
v -0.186008 0.102224 0.189697
v -0.180208 0.077234 0.165501
v -0.260109 0.153494 0.126598
v 0.086592 0.067094 0.227600
v -0.006308 0.148214 0.245998
v -0.008108 0.157924 0.224300
v 0.126991 0.055374 -0.126900
v 0.185091 0.110414 -0.066002
v 0.137091 0.122134 -0.128403
v 0.181091 0.044074 -0.064003
v -0.031609 0.301984 -0.338501
v -0.136208 0.304194 -0.419300
v -0.019209 0.263534 -0.316502
v -0.157009 0.285784 -0.431301
v -0.082609 -0.017886 -0.179001
v -0.132008 -0.076566 -0.127502
v -0.096107 -0.080976 -0.181499
v -0.127508 -0.017236 -0.120800
v -0.179708 -0.017026 -0.081303
v -0.130409 0.041864 -0.123703
v -0.180708 0.043044 -0.091602
v -0.127508 -0.017236 -0.120800
v 0.077791 -0.021486 -0.363300
v 0.106892 -0.098656 -0.369602
v 0.107391 -0.045086 -0.287003
v 0.081692 -0.073766 -0.389400
v 0.148592 -0.075796 -0.200302
v 0.170292 -0.090936 -0.153801
v 0.117592 -0.024966 -0.214001
v 0.198492 -0.079226 -0.102699
v 0.129292 -0.012566 -0.148602
v 0.183992 -0.024536 -0.074802
v 0.107691 0.059994 -0.207802
v 0.104191 0.030994 -0.233101
v 0.117592 -0.024966 -0.214001
v 0.107391 -0.045086 -0.287003
v 0.104191 0.030994 -0.233101
v 0.091991 0.048934 -0.284100
v 0.183992 -0.024536 -0.074802
v 0.126991 0.055374 -0.126900
v 0.181091 0.044074 -0.064003
v 0.077791 -0.021486 -0.363300
v 0.091991 0.048934 -0.284100
v 0.079191 0.050644 -0.353203
v 0.107391 -0.045086 -0.287003
v 0.054892 0.044714 -0.421303
v 0.057192 -0.023326 -0.426502
v 0.032291 0.042014 -0.490101
v 0.035492 -0.026036 -0.487503
v 0.073591 -0.084746 -0.439400
v 0.081692 -0.073766 -0.389400
v 0.077791 -0.021486 -0.363300
v 0.065092 0.108574 -0.423100
v 0.086092 0.116844 -0.358200
v 0.054892 0.044714 -0.421303
v -0.062708 -0.103066 0.416901
v -0.016508 -0.038186 0.483799
v -0.038208 -0.108666 0.484497
v -0.045208 -0.037366 0.413300
v -0.079208 -0.104056 0.345798
v -0.045208 -0.037366 0.413300
v -0.066109 -0.038206 0.334099
v -0.121008 -0.124266 0.264400
v -0.100307 -0.038046 0.256798
v -0.079208 -0.104056 0.345798
v -0.093609 0.187224 0.222401
v -0.208208 0.085684 0.236698
v -0.235008 0.104354 0.245998
v -0.306908 0.215934 -0.360600
v -0.227808 0.308484 -0.353500
v -0.243109 0.351214 -0.368900
v -0.045208 -0.037366 0.413300
v -0.047108 0.029094 0.414600
v -0.016508 -0.038186 0.483799
v -0.017809 0.034324 0.484200
v -0.047108 0.029094 0.414600
v -0.068909 0.090564 0.419197
v -0.041809 0.102074 0.484699
v -0.066908 0.158834 0.490700
v -0.028608 0.113824 0.548298
v -0.051409 0.165714 0.550098
v -0.041809 0.102074 0.484699
v -0.010508 0.045704 0.565498
v -0.028608 0.113824 0.548298
v -0.047108 0.029094 0.414600
v -0.078709 0.076224 0.360897
v -0.067509 0.028814 0.338200
v -0.098207 0.105434 0.330200
v -0.116108 0.050604 0.252899
v -0.211008 -0.099026 0.081600
v -0.217607 -0.139416 0.094997
v -0.252209 -0.108256 0.043198
v -0.252609 -0.157716 0.079399
v -0.217607 -0.139416 0.094997
v -0.181509 -0.097566 0.132298
v -0.202908 -0.142686 0.133999
v -0.149809 -0.098996 0.188099
v -0.175808 -0.137126 0.173500
v -0.202908 -0.142686 0.133999
v -0.198208 0.358474 -0.427002
v -0.220909 0.347184 -0.466801
v -0.212908 0.366534 -0.479401
v -0.206408 0.324574 -0.408703
v -0.220909 0.347184 -0.466801
v -0.205008 0.303904 -0.382401
v -0.198208 0.358474 -0.427002
v 0.053192 -0.076456 -0.480900
v 0.057192 -0.023326 -0.426502
v 0.035492 -0.026036 -0.487503
v 0.073591 -0.084746 -0.439400
v -0.082808 0.189894 0.509098
v -0.051409 0.165714 0.550098
v -0.066908 0.158834 0.490700
v -0.075909 0.199684 0.553997
v -0.112509 0.154664 0.416500
v -0.041809 0.102074 0.484699
v -0.068909 0.090564 0.419197
v -0.078709 0.076224 0.360897
v -0.098207 0.105434 0.330200
v -0.148508 0.119304 0.258999
v -0.123009 0.132154 0.305199
v -0.116108 0.050604 0.252899
v -0.151108 0.027944 0.182198
v -0.186008 0.102224 0.189697
v -0.180208 0.077234 0.165501
v -0.148508 0.119304 0.258999
v -0.182808 0.128634 0.215199
v -0.279108 0.019514 0.010799
v -0.231709 0.079044 0.076298
v -0.220608 0.027134 0.065300
v -0.268309 0.095234 0.047398
v -0.133408 0.261104 -0.434299
v -0.086409 0.257684 -0.436100
v -0.003508 0.242744 -0.354900
v 0.086092 0.116844 -0.358200
v 0.115791 0.177404 -0.358200
v 0.091892 0.154644 -0.376400
v -0.220608 0.027134 0.065300
v -0.257509 -0.047236 0.023197
v -0.279108 0.019514 0.010799
v -0.210808 -0.038636 0.068699
v -0.140408 -0.037346 0.191200
v -0.100307 -0.038046 0.256798
v -0.149809 -0.098996 0.188099
v -0.121008 -0.124266 0.264400
v -0.211609 0.088114 0.124001
v -0.180208 0.077234 0.165501
v -0.183008 0.028104 0.125099
v -0.151108 0.027944 0.182198
v 0.272291 0.016184 0.924698
v 0.283092 0.001574 1.027599
v 0.293392 0.027254 1.021400
v 0.306192 0.091694 0.890297
v 0.264791 0.002124 0.907101
v 0.298191 0.093184 0.848099
v 0.305992 0.108074 0.820499
v 0.276291 0.017694 0.697300
v 0.290392 0.045054 0.690899
v -0.230509 0.322894 -0.416702
v -0.242708 0.336454 -0.470100
v -0.220909 0.347184 -0.466801
v -0.206408 0.324574 -0.408703
v -0.231709 0.079044 0.076298
v -0.183008 0.028104 0.125099
v -0.220608 0.027134 0.065300
v -0.211609 0.088114 0.124001
v -0.133408 0.261104 -0.434299
v -0.003508 0.242744 -0.354900
v -0.006308 0.241344 -0.331600
v -0.626408 -0.084816 0.612297
v -0.617208 -0.043246 0.586098
v -0.502209 -0.086966 0.551998
v -0.211008 -0.099026 0.081600
v -0.174408 -0.037326 0.129299
v -0.181509 -0.097566 0.132298
v -0.210808 -0.038636 0.068699
v -0.140408 -0.037346 0.191200
v -0.149809 -0.098996 0.188099
v -0.174408 -0.037326 0.129299
v -0.252209 -0.108256 0.043198
v -0.257509 -0.047236 0.023197
v -0.211008 -0.099026 0.081600
v -0.008108 0.157924 0.224300
v -0.081108 0.158854 0.251598
v -0.086508 0.165374 0.230598
v -0.006308 0.148214 0.245998
v -0.100307 -0.038046 0.256798
v -0.067509 0.028814 0.338200
v -0.066109 -0.038206 0.334099
v -0.116108 0.050604 0.252899
v -0.100307 -0.038046 0.256798
v -0.151108 0.027944 0.182198
v -0.140408 -0.037346 0.191200
v -0.174408 -0.037326 0.129299
v -0.151108 0.027944 0.182198
v -0.183008 0.028104 0.125099
v 0.328791 0.115384 0.823299
v 0.327692 0.027134 0.692699
v 0.290392 0.045054 0.690899
v 0.350092 0.103794 0.819901
v 0.562492 -0.065946 0.839100
v 0.421991 -0.063756 0.771099
v 0.551792 -0.056946 0.860897
v 0.444691 -0.077516 0.738697
v -0.210808 -0.038636 0.068699
v -0.183008 0.028104 0.125099
v -0.174408 -0.037326 0.129299
v -0.220608 0.027134 0.065300
v 0.532991 0.090014 -0.018803
v 0.463991 0.082594 0.053299
v 0.516592 0.110104 0.024700
v 0.004091 0.189834 0.216000
v -0.086508 0.165374 0.230598
v -0.093609 0.187224 0.222401
v -0.008108 0.157924 0.224300
v 0.004091 0.189834 0.216000
v 0.116392 0.094604 0.212601
v 0.086592 0.067094 0.227600
v -0.200308 0.364964 -0.395599
v -0.205008 0.303904 -0.382401
v -0.198208 0.358474 -0.427002
v -0.086508 0.165374 0.230598
v -0.197208 0.076124 0.273499
v -0.208208 0.085684 0.236698
v -0.081108 0.158854 0.251598
v -0.502209 -0.086966 0.551998
v -0.617208 -0.043246 0.586098
v -0.517208 -0.044906 0.542900
v 0.517292 -0.086966 0.867897
v 0.531092 -0.108156 0.873100
v 0.538992 -0.082826 1.025101
v -0.220909 0.347184 -0.466801
v -0.242708 0.336454 -0.470100
v -0.157009 0.285784 -0.431301
v -0.157009 0.285784 -0.431301
v -0.253809 0.328114 -0.499901
v -0.133408 0.261104 -0.434299
v -0.242708 0.336454 -0.470100
v -0.668009 -0.021466 0.659199
v -0.737909 -0.004406 1.013897
v -0.657808 -0.028116 0.704399
v 0.479891 0.041464 -0.201099
v 0.542692 0.057904 -0.084900
v 0.452591 0.057344 -0.191502
v 0.368191 0.097794 0.134800
v 0.516592 0.110104 0.024700
v 0.463991 0.082594 0.053299
v 0.364191 0.053574 0.119801
v 0.544992 -0.088486 0.810799
v 0.437792 -0.111506 0.745899
v 0.444691 -0.077516 0.738697
v 0.562391 -0.109486 0.840199
v -0.086508 0.165374 0.230598
v -0.208208 0.085684 0.236698
v -0.093609 0.187224 0.222401
v -0.220909 0.347184 -0.466801
v -0.157009 0.285784 -0.431301
v -0.136208 0.304194 -0.419300
v -0.751408 0.003844 0.996201
v -0.737909 -0.004406 1.013897
v -0.668009 -0.021466 0.659199
v 0.533192 0.068924 0.008499
v 0.364191 0.053574 0.119801
v 0.463991 0.082594 0.053299
v 0.532991 0.090014 -0.018803
v 0.533192 0.068924 0.008499
v 0.463991 0.082594 0.053299
v -0.157009 0.285784 -0.431301
v -0.133408 0.261104 -0.434299
v -0.019209 0.263534 -0.316502
v 0.444691 -0.077516 0.738697
v 0.562492 -0.065946 0.839100
v 0.544992 -0.088486 0.810799
v -0.006308 0.241344 -0.331600
v 0.114992 0.147654 -0.335400
v -0.019209 0.263534 -0.316502
v -0.133408 0.261104 -0.434299
v -0.006308 0.241344 -0.331600
v 0.116692 0.128534 -0.357903
v 0.114992 0.147654 -0.335400
v -0.680908 -0.068836 0.740997
v -0.662409 -0.048696 0.727898
v -0.728609 -0.034516 1.017300
v 0.611492 0.152514 0.190899
v 0.452791 0.010044 0.290897
v 0.439491 0.012134 0.258400
v 0.629091 0.149734 0.234100
v 0.581892 0.172124 0.160400
v 0.417292 0.026884 0.235397
v 0.548391 0.203294 0.150799
v 0.391991 0.050334 0.228199
v 0.370592 0.076214 0.238598
v 0.519892 0.237684 0.164600
v 0.358591 0.097574 0.263897
v 0.503992 0.266084 0.198200
v 0.504992 0.280874 0.242599
v 0.359392 0.108704 0.297298
v 0.522692 0.278094 0.285797
v 0.372692 0.106614 0.329800
v 0.394892 0.091864 0.352798
v 0.552191 0.258484 0.316299
v 0.420191 0.068404 0.360001
v 0.585793 0.227314 0.326000
v 0.614292 0.192914 0.312099
v 0.441591 0.042534 0.349598
v 0.630192 0.164524 0.278500
v 0.453592 0.021164 0.324299
v 0.452791 0.010044 0.290897
v 0.629091 0.149734 0.234100
v -0.019209 0.263534 -0.316502
v 0.114992 0.147654 -0.335400
v 0.033192 0.256144 -0.310802
v -0.227808 0.308484 -0.353500
v -0.205008 0.303904 -0.382401
v -0.200308 0.364964 -0.395599
v -0.313808 0.193974 -0.378403
v -0.280409 0.186894 -0.380501
v -0.306908 0.215934 -0.360600
v 0.538992 -0.082826 1.025101
v 0.531092 -0.108156 0.873100
v 0.544191 -0.103106 1.015800
v 0.517292 -0.086966 0.867897
v 0.538992 -0.082826 1.025101
v 0.531092 -0.065496 0.871998
v 0.485592 -0.000446 0.536598
v 0.638792 0.173444 0.525398
v 0.648592 0.166234 0.570599
v 0.492891 -0.005876 0.570599
v 0.612291 0.193154 0.492298
v 0.465591 0.014384 0.511700
v 0.575991 0.220084 0.480198
v 0.438292 0.034644 0.502598
v 0.411091 0.054904 0.511700
v 0.539692 0.247014 0.492298
v 0.391092 0.069734 0.536598
v 0.513092 0.266734 0.525398
v 0.383791 0.075164 0.570599
v 0.503391 0.273944 0.570599
v 0.513092 0.266734 0.615799
v 0.391092 0.069734 0.604599
v 0.539692 0.247014 0.648800
v 0.411091 0.054904 0.629498
v 0.575991 0.220084 0.660900
v 0.438292 0.034644 0.638599
v 0.465591 0.014384 0.629498
v 0.612291 0.193154 0.648800
v 0.485592 -0.000446 0.604599
v 0.638792 0.173444 0.615799
v 0.648592 0.166234 0.570599
v 0.492891 -0.005876 0.570599
v 0.538992 -0.082826 1.025101
v 0.551191 -0.057336 1.016701
v 0.531092 -0.065496 0.871998
v 0.538391 0.109444 -0.080502
v 0.524992 0.086304 -0.083702
v 0.532991 0.090014 -0.018803
v 0.538391 0.109444 -0.080502
v 0.452591 0.057344 -0.191502
v 0.524992 0.086304 -0.083702
v 0.462893 0.098194 -0.206100
v 0.452591 0.057344 -0.191502
v 0.538391 0.109444 -0.080502
v 0.452591 0.057344 -0.191502
v 0.542692 0.057904 -0.084900
v 0.524992 0.086304 -0.083702
v -0.248608 0.339184 -0.412701
v -0.253809 0.328114 -0.499901
v -0.242708 0.336454 -0.470100
v -0.481209 0.027054 0.234898
v -0.643908 0.192494 0.275398
v -0.651608 0.184404 0.229900
v -0.475409 0.033134 0.269100
v -0.620209 0.214534 0.309097
v -0.457609 0.049724 0.294498
v -0.586908 0.244634 0.322197
v -0.432508 0.072364 0.304298
v -0.406908 0.095004 0.295898
v -0.552809 0.274724 0.310997
v -0.387608 0.111574 0.271599
v -0.527208 0.296744 0.278698
v -0.379808 0.117624 0.237801
v -0.516909 0.304784 0.233799
v -0.524609 0.296704 0.188297
v -0.385609 0.111544 0.203598
v -0.548309 0.274654 0.154598
v -0.403509 0.094954 0.178200
v -0.581709 0.244554 0.141499
v -0.428608 0.072304 0.168400
v -0.454208 0.049674 0.176800
v -0.615709 0.214464 0.152699
v -0.473408 0.033104 0.201099
v -0.641308 0.192454 0.184998
v -0.481209 0.027054 0.234898
v -0.651608 0.184404 0.229900
v -0.632109 0.239524 -0.465099
v -0.476509 0.067414 -0.465099
v -0.469208 0.072844 -0.431103
v -0.622408 0.246734 -0.420002
v -0.595808 0.266454 -0.386902
v -0.449209 0.087674 -0.406300
v -0.559608 0.293384 -0.374802
v -0.421909 0.107934 -0.397102
v -0.394608 0.128194 -0.406300
v -0.523308 0.320304 -0.386902
v -0.374609 0.143024 -0.431103
v -0.496708 0.340024 -0.420002
v -0.367308 0.148454 -0.465099
v -0.487009 0.347234 -0.465099
v -0.496708 0.340024 -0.510300
v -0.374609 0.143024 -0.499100
v -0.523308 0.320304 -0.543400
v -0.394608 0.128194 -0.524002
v -0.559608 0.293384 -0.555500
v -0.421909 0.107934 -0.533100
v -0.449209 0.087674 -0.524002
v -0.595808 0.266454 -0.543400
v -0.469208 0.072844 -0.499100
v -0.622408 0.246734 -0.510300
v -0.632109 0.239524 -0.465099
v -0.476509 0.067414 -0.465099
v -0.737909 -0.004406 1.013897
v -0.662409 -0.048696 0.727898
v -0.657808 -0.028116 0.704399
v -0.280409 0.186894 -0.380501
v -0.227808 0.308484 -0.353500
v -0.306908 0.215934 -0.360600
v -0.737909 -0.004406 1.013897
v -0.728609 -0.034516 1.017300
v -0.662409 -0.048696 0.727898
v -0.280409 0.186894 -0.380501
v -0.205008 0.303904 -0.382401
v -0.227808 0.308484 -0.353500
v 0.538391 0.109444 -0.080502
v 0.532991 0.090014 -0.018803
v 0.516592 0.110104 0.024700
v 0.315191 -0.026256 0.907200
v 0.281792 -0.031376 0.920597
v 0.286791 -0.001276 0.874897
v 0.542692 0.057904 -0.084900
v 0.532991 0.090014 -0.018803
v 0.524992 0.086304 -0.083702
v 0.533192 0.068924 0.008499
v -0.493309 0.036174 0.551800
v -0.666708 0.183584 0.612499
v -0.677708 0.176124 0.567600
v -0.485008 0.041784 0.585598
v -0.642208 0.206854 0.644897
v -0.466608 0.059294 0.609898
v -0.610909 0.239684 0.656097
v -0.443008 0.083994 0.618401
v -0.420509 0.109274 0.608700
v -0.581009 0.273284 0.643200
v -0.405209 0.128354 0.583401
v -0.560608 0.298644 0.609600
v -0.401108 0.136124 0.549297
v -0.555208 0.308974 0.564301
v -0.566208 0.301514 0.519501
v -0.409409 0.130504 0.515598
v -0.590609 0.278244 0.487099
v -0.427809 0.113004 0.491199
v -0.622009 0.245414 0.475800
v -0.451408 0.088304 0.482700
v -0.473907 0.063024 0.492397
v -0.651909 0.211824 0.488697
v -0.672209 0.186454 0.522301
v -0.489208 0.043944 0.517700
v -0.493309 0.036174 0.551800
v -0.677708 0.176124 0.567600
v 0.286791 -0.001276 0.874897
v 0.323792 0.058594 0.841698
v 0.315191 -0.026256 0.907200
v 0.346491 0.065264 0.846397
v 0.524191 0.167004 -0.530701
v 0.677391 0.340894 -0.541901
v 0.687092 0.333684 -0.496700
v 0.531492 0.161574 -0.496700
v 0.650791 0.360614 -0.575001
v 0.504192 0.181834 -0.555603
v 0.614492 0.387544 -0.587101
v 0.476892 0.202094 -0.564701
v 0.449591 0.222354 -0.555603
v 0.578192 0.414474 -0.575001
v 0.429592 0.237184 -0.530701
v 0.551691 0.434184 -0.541901
v 0.422291 0.242614 -0.496700
v 0.541992 0.441394 -0.496700
v 0.551691 0.434184 -0.451500
v 0.429592 0.237184 -0.462700
v 0.578192 0.414474 -0.418503
v 0.449591 0.222354 -0.437801
v 0.614492 0.387544 -0.406403
v 0.476892 0.202094 -0.428700
v 0.504192 0.181834 -0.437801
v 0.650791 0.360614 -0.418503
v 0.524191 0.167004 -0.462700
v 0.677391 0.340894 -0.451500
v 0.687092 0.333684 -0.496700
v 0.531492 0.161574 -0.496700
v 0.264791 0.002124 0.907101
v 0.286791 -0.001276 0.874897
v 0.281792 -0.031376 0.920597
v 0.303791 0.068124 0.841198
v 0.286791 -0.001276 0.874897
v 0.298191 0.093184 0.848099
v 0.286791 -0.001276 0.874897
v 0.264791 0.002124 0.907101
v 0.298191 0.093184 0.848099
v 0.323792 0.058594 0.841698
v 0.286791 -0.001276 0.874897
v 0.303791 0.068124 0.841198
vn 0.4506 -0.6878 0.5691
vn 0.7258 0.4496 0.5206
vn -0.6451 0.0393 0.7631
vn -0.8106 0.4408 0.3856
vn -0.5967 -0.4082 0.6909
vn 0.4111 0.6246 0.6640
vn 0.7778 -0.1964 0.5971
vn -0.3858 0.7088 0.5906
vn -0.6536 -0.0393 0.7558
vn 0.7258 0.4497 0.5206
vn -0.2985 0.8013 0.5184
vn 0.4111 0.6245 0.6640
vn -0.5967 -0.4083 0.6909
vn 0.6546 -0.2602 0.7097
vn 0.7778 -0.1964 0.5970
vn 0.4744 0.8303 0.2925
vn -0.3859 0.7087 0.5906
vn 0.4186 0.2053 -0.8846
vn 0.4311 0.0392 -0.9014
vn 0.3953 0.2134 -0.8934
vn 0.4249 0.0236 -0.9049
vn 0.4957 0.2911 -0.8183
vn 0.5118 0.0394 -0.8582
vn 0.4409 -0.1181 -0.8897
vn 0.4182 -0.1262 -0.8995
vn 0.3953 0.2135 -0.8934
vn 0.1898 0.0553 -0.9803
vn 0.1890 0.2677 -0.9448
vn 0.1816 -0.1578 -0.9706
vn 0.5118 0.0393 -0.8582
vn 0.6248 -0.1819 -0.7593
vn 0.6226 0.3468 -0.7015
vn 0.6475 0.1343 -0.7502
vn 0.4163 -0.3063 -0.8561
vn 0.4182 -0.1263 -0.8995
vn 0.3869 -0.3869 -0.8370
vn 0.7558 0.0394 -0.6536
vn 0.6475 0.1342 -0.7502
vn 0.4860 -0.4311 -0.7603
vn 0.4016 0.4252 -0.8111
vn 0.3773 0.4637 -0.8017
vn 0.4186 0.2054 -0.8846
vn 0.1816 -0.1579 -0.9706
vn 0.1578 -0.4416 -0.8832
vn -0.2914 0.2835 -0.9136
vn -0.6011 0.0158 -0.7990
vn -0.5978 0.2202 -0.7708
vn -0.2902 0.0079 -0.9569
vn 0.4647 0.5198 -0.7168
vn 0.3772 0.4637 -0.8017
vn 0.1652 0.5269 -0.8337
vn 0.3610 -0.3531 0.8632
vn 0.5217 -0.3399 0.7825
vn 0.5268 -0.0393 0.8491
vn 0.3530 -0.0628 0.9335
vn 0.6322 -0.2450 0.7350
vn 0.6455 -0.0158 0.7636
vn 0.5217 -0.3398 0.7825
vn -0.5651 -0.6828 0.4630
vn -0.6451 0.0393 0.7630
vn 0.3530 -0.0627 0.9335
vn 0.5267 -0.0393 0.8491
vn 0.5106 0.1806 0.8406
vn 0.3226 0.2203 0.9205
vn -0.2903 0.0078 -0.9569
vn -0.6057 -0.1967 -0.7710
vn -0.6012 0.0158 -0.7990
vn -0.3077 -0.2603 -0.9152
vn -0.6012 0.0158 -0.7989
vn -0.6058 -0.1966 -0.7709
vn -0.7822 -0.1659 -0.6005
vn -0.7951 0.0157 -0.6062
vn -0.8895 0.0157 -0.4566
vn -0.7952 0.0157 -0.6062
vn -0.8748 -0.1813 -0.4493
vn 0.6321 0.1580 0.7586
vn 0.5107 0.1807 0.8406
vn 0.6455 -0.0157 0.7636
vn 0.7414 -0.3312 0.5837
vn 0.8115 -0.0394 0.5831
vn 0.6323 -0.2450 0.7350
vn 0.6475 0.1342 -0.7501
vn 0.6227 0.3468 -0.7014
vn 0.7471 0.2909 -0.5977
vn 0.7559 0.0394 -0.6535
vn 0.8639 0.0314 -0.5027
vn 0.8267 -0.1732 -0.5354
vn 0.7559 0.0393 -0.6535
vn -0.3769 -0.4789 -0.7929
vn -0.3077 -0.2604 -0.9152
vn -0.5752 -0.4806 -0.6619
vn -0.7288 -0.3762 -0.5721
vn 0.0712 -0.0553 0.9959
vn 0.3226 0.2203 0.9206
vn 0.0551 0.2440 0.9682
vn -0.0000 0.0471 -0.9989
vn 0.0315 -0.2443 -0.9692
vn -0.1260 0.0078 -0.9920
vn -0.1264 -0.3396 -0.9320
vn -0.3076 -0.2603 -0.9152
vn -0.2902 0.0078 -0.9569
vn 0.1022 -0.3380 0.9356
vn 0.3609 -0.3531 0.8632
vn 0.1022 -0.3381 0.9355
vn 0.3718 -0.5222 0.7675
vn 0.3609 -0.3532 0.8631
vn 0.1101 -0.5032 0.8571
vn 0.3446 -0.6109 0.7128
vn 0.3719 -0.5222 0.7675
vn 0.1024 -0.6460 0.7564
vn 0.7945 0.1730 0.5821
vn 0.8115 -0.0394 0.5830
vn 0.1889 0.2677 -0.9448
vn -0.2121 0.0786 -0.9741
vn -0.1889 0.2677 -0.9448
vn 0.1897 0.0554 -0.9803
vn 0.5445 0.5523 -0.6313
vn 0.4957 0.2912 -0.8182
vn 0.4648 0.5198 -0.7168
vn -0.3461 0.5113 -0.7866
vn -0.5978 0.2203 -0.7708
vn -0.5431 0.5274 -0.6534
vn -0.2915 0.2836 -0.9136
vn -0.2521 -0.1103 -0.9614
vn 0.1897 0.0553 -0.9803
vn 0.1815 -0.1578 -0.9707
vn -0.2121 0.0785 -0.9741
vn 0.5805 0.3452 0.7375
vn 0.4408 0.4014 0.8029
vn 0.6839 -0.4402 -0.5818
vn 0.7792 -0.3620 -0.5117
vn 0.8630 0.2196 -0.4550
vn 0.5587 -0.5745 0.5982
vn 0.3610 -0.3531 0.8631
vn 0.7414 -0.3313 0.5837
vn 0.5588 -0.5745 0.5981
vn 0.5722 -0.5094 -0.6427
vn -0.1102 0.3541 -0.9287
vn -0.1260 0.0079 -0.9920
vn 0.0078 0.3373 -0.9414
vn -0.0000 0.0472 -0.9989
vn 0.5445 0.5523 -0.6312
vn 0.7471 0.2910 -0.5977
vn 0.6226 0.3468 -0.7014
vn 0.6775 0.5121 -0.5279
vn 0.5106 0.1807 0.8406
vn 0.2845 0.4662 0.8377
vn 0.1651 0.5269 -0.8337
vn -0.2127 0.5438 -0.8118
vn 0.7476 0.3934 0.5351
vn 0.7945 0.1731 0.5821
vn 0.5806 0.3452 0.7374
vn -0.7141 0.4238 -0.5572
vn -0.5432 0.5274 -0.6533
vn -0.7777 0.1964 -0.5971
vn 0.1815 -0.1578 -0.9706
vn -0.2122 -0.4244 -0.8803
vn -0.2521 -0.1104 -0.9614
vn 0.1577 -0.4416 -0.8832
vn -0.7952 0.0158 -0.6062
vn -0.8787 0.2040 -0.4315
vn -0.7778 0.1964 -0.5971
vn -0.8895 0.0158 -0.4566
vn -0.6012 0.0159 -0.7989
vn 0.6776 0.5121 -0.5279
vn 0.8629 0.2197 -0.4550
vn 0.8191 0.4095 -0.4017
vn -0.2989 -0.0708 0.9517
vn -0.6544 0.1498 0.7412
vn -0.6533 -0.0472 0.7556
vn -0.3400 0.1186 0.9329
vn -0.6298 -0.2362 0.7400
vn -0.2603 -0.2839 0.9228
vn -0.2989 -0.0708 0.9516
vn -0.6533 -0.0472 0.7557
vn 0.3869 -0.3870 -0.8370
vn 0.4859 -0.4311 -0.7603
vn 0.3627 -0.6308 -0.6860
vn 0.3627 -0.6307 -0.6860
vn 0.1339 -0.7007 -0.7007
vn 0.0314 -0.4720 -0.8810
vn 0.1021 -0.4164 -0.9034
vn -0.1264 -0.3397 -0.9320
vn -0.3146 -0.5427 -0.7788
vn -0.3076 -0.2604 -0.9152
vn -0.3768 -0.4789 -0.7929
vn -0.2598 -0.5590 -0.7874
vn -0.1256 -0.5023 -0.8555
vn 0.3852 0.6525 -0.6526
vn 0.1652 0.5270 -0.8337
vn 0.1570 0.6983 -0.6984
vn 0.3772 0.4638 -0.8016
vn 0.4016 0.4253 -0.8111
vn 0.4647 0.5199 -0.7168
vn 0.4173 -0.7165 0.5590
vn 0.3447 -0.6109 0.7127
vn 0.5587 -0.5745 0.5981
vn -0.6307 0.3627 0.6860
vn -0.3778 0.4328 0.8185
vn -0.0236 -0.5120 -0.8587
vn -0.2437 -0.2830 0.9276
vn 0.0711 -0.0554 0.9959
vn -0.2828 -0.0393 0.9584
vn -0.5916 -0.4101 0.6941
vn -0.2756 -0.5038 0.8187
vn -0.2603 -0.2840 0.9228
vn -0.1974 -0.4974 0.8448
vn 0.1021 -0.3381 0.9356
vn 0.4892 -0.6549 -0.5760
vn 0.5721 -0.5095 -0.6427
vn 0.7556 -0.5509 0.3543
vn 0.8746 -0.3388 0.3467
vn 0.7414 -0.3313 0.5836
vn -0.0943 -0.1022 0.9903
vn -0.1183 0.1183 0.9859
vn -0.3399 0.1186 0.9329
vn -0.1418 0.3622 0.9213
vn -0.3777 0.4328 0.8185
vn -0.7289 -0.3761 -0.5721
vn -0.7893 -0.4341 -0.4342
vn 0.2836 0.1024 -0.9534
vn 0.0315 -0.2442 -0.9692
vn 0.0001 0.0472 -0.9989
vn 0.3947 -0.1421 -0.9078
vn -0.3228 -0.6613 -0.6771
vn -0.3147 -0.5428 -0.7787
vn -0.2599 -0.5590 -0.7874
vn -0.5730 -0.6594 -0.4867
vn 0.0472 0.4871 0.8721
vn 0.9356 -0.0708 0.3460
vn 0.7414 -0.3312 0.5836
vn 0.2448 0.3395 -0.9082
vn 0.0079 0.3373 -0.9414
vn 0.8639 0.0314 -0.5026
vn 0.9345 -0.1335 -0.3299
vn 0.9530 0.0472 -0.2993
vn 0.4807 0.6619 -0.5752
vn 0.3853 0.6525 -0.6525
vn 0.5444 0.5524 -0.6313
vn 0.3446 -0.6110 0.7127
vn 0.1263 -0.8130 0.5683
vn 0.1025 -0.6461 0.7564
vn -0.5752 -0.4807 -0.6619
vn -0.3146 -0.5428 -0.7787
vn -0.7893 -0.4342 -0.4342
vn 0.0078 0.3373 -0.9413
vn -0.1102 0.5274 -0.8424
vn 0.0471 0.5265 -0.8488
vn -0.1102 0.3542 -0.9287
vn -0.2433 0.5807 -0.7769
vn -0.2607 0.5767 -0.7743
vn -0.2828 -0.0392 0.9584
vn 0.0711 -0.0553 0.9959
vn 0.0550 0.2440 0.9682
vn -0.2679 0.2206 0.9378
vn -0.0236 -0.5120 -0.8586
vn -0.1335 -0.6520 -0.7463
vn -0.1256 -0.5024 -0.8555
vn -0.0000 -0.6150 -0.7885
vn -0.2598 -0.5591 -0.7874
vn -0.1336 -0.6520 -0.7463
vn -0.0158 -0.1259 0.9919
vn -0.0553 0.1423 0.9883
vn 0.9356 -0.0707 0.3460
vn 0.9151 0.2051 0.3472
vn -0.2607 0.5767 -0.7742
vn -0.2914 0.2836 -0.9136
vn 0.5805 0.3452 0.7374
vn 0.4721 0.5743 0.6688
vn 0.4408 0.4014 0.8028
vn 0.3713 0.6242 0.6874
vn -0.7142 0.4237 -0.5572
vn -0.7778 0.1964 -0.5970
vn -0.7870 0.4879 -0.3778
vn -0.8345 -0.0000 0.5511
vn -0.8010 -0.1728 0.5732
vn -0.7653 -0.2130 0.6075
vn -0.8015 -0.0314 0.5972
vn -0.8015 -0.0315 0.5972
vn -0.0631 -0.3156 0.9468
vn -0.2988 -0.0708 0.9517
vn -0.7958 0.1891 0.5752
vn -0.6544 0.1498 0.7411
vn -0.0949 0.3243 0.9412
vn -0.1736 0.4182 0.8916
vn -0.0554 0.1423 0.9883
vn -0.2367 0.3865 0.8914
vn -0.2205 -0.6616 0.7167
vn 0.1100 -0.5033 0.8571
vn -0.1973 -0.4974 0.8448
vn -0.4244 -0.5344 0.7309
vn -0.5826 -0.5039 0.6377
vn -0.3706 -0.5992 0.7096
vn -0.6637 -0.3872 0.6400
vn -0.6758 -0.3850 0.6286
vn -0.5916 -0.4102 0.6941
vn -0.7652 -0.2130 0.6075
vn -0.7347 -0.3002 0.6083
vn -0.8748 -0.1813 -0.4492
vn -0.9124 0.0157 -0.4090
vn -0.8846 -0.2053 -0.4186
vn -0.9249 0.0237 -0.3795
vn -0.8808 -0.2752 -0.3853
vn -0.0000 -0.3303 0.9439
vn -0.0158 -0.1260 0.9919
vn -0.0157 -0.1259 0.9919
vn 0.2521 -0.1654 0.9535
vn 0.1965 0.1022 0.9752
vn -0.0950 0.3243 0.9412
vn -0.1100 0.4319 0.8952
vn -0.2915 0.4805 0.8271
vn 0.5745 0.6452 0.5036
vn 0.7475 0.3935 0.5351
vn -0.8205 0.1972 0.5365
vn 0.5102 -0.7770 0.3689
vn 0.7556 -0.5510 0.3542
vn 0.6352 -0.7058 0.3137
vn 0.1966 0.1023 0.9751
vn -0.0949 0.3242 0.9412
vn 0.2434 0.3534 0.9032
vn 0.0315 -0.4720 -0.8810
vn 0.2524 -0.5128 -0.8205
vn -0.4498 0.6155 0.6472
vn -0.2366 0.3866 0.8914
vn -0.8846 -0.2054 -0.4186
vn -0.7935 -0.4714 -0.3850
vn -0.8808 -0.2753 -0.3853
vn -0.8370 -0.3948 -0.3790
vn -0.6757 -0.3850 0.6286
vn -0.1100 0.6285 0.7700
vn -0.2999 0.5997 0.7419
vn -0.2914 0.4805 0.8271
vn 0.0236 0.7706 -0.6369
vn -0.1418 0.5990 -0.7881
vn -0.1969 0.7640 -0.6144
vn 0.0866 0.6300 -0.7718
vn -0.0553 0.1424 0.9883
vn -0.1417 0.3622 0.9213
vn 0.0316 -0.2443 -0.9692
vn 0.1022 -0.4164 -0.9034
vn 0.3315 -0.3868 -0.8605
vn -0.9715 -0.0000 -0.2370
vn -0.9819 -0.1257 -0.1414
vn -0.7079 0.4326 0.5584
vn -0.6308 0.3627 0.6860
vn -0.9124 0.0158 -0.4090
vn -0.8874 0.3220 -0.3298
vn -0.8975 0.2519 -0.3621
vn 0.8512 -0.3940 -0.3468
vn 0.9345 -0.1335 -0.3298
vn 0.9145 -0.3390 -0.2208
vn 0.9700 -0.1420 -0.1972
vn 0.7792 -0.3620 -0.5116
vn -0.8974 0.2519 -0.3621
vn 0.3852 0.6526 -0.6525
vn 0.4477 0.6990 -0.5576
vn 0.3532 0.7142 -0.6043
vn 0.1417 0.8657 -0.4801
vn 0.3531 0.7142 -0.6043
vn 0.1662 0.7754 -0.6092
vn 0.2689 0.7989 -0.5379
vn -0.0865 -0.4951 0.8645
vn 0.0157 -0.4876 0.8729
vn -0.0000 -0.3304 0.9439
vn -0.8679 -0.4892 0.0868
vn -0.8262 -0.3699 0.4249
vn -0.9421 -0.3219 0.0943
vn -0.8698 -0.2664 0.4153
vn -0.9039 -0.1258 0.4088
vn -0.8698 -0.2664 0.4154
vn -0.6637 -0.3871 0.6400
vn -0.8262 -0.3698 0.4250
vn -0.5826 -0.5038 0.6377
vn -0.7484 -0.5278 0.4018
vn -0.7830 -0.6090 0.1266
vn -0.7894 -0.4341 -0.4341
vn -0.3315 0.6631 -0.6711
vn -0.1419 0.5990 -0.7881
vn -0.1102 0.5275 -0.8424
vn -0.3706 -0.5993 0.7096
vn -0.4958 -0.6296 0.5982
vn -0.2766 -0.6716 0.6874
vn -0.7935 -0.4714 -0.3849
vn -0.7667 -0.5059 -0.3952
vn -0.7893 -0.4893 -0.3710
vn -0.3308 0.7483 -0.5750
vn -0.0000 -0.6151 -0.7885
vn -0.1414 -0.7776 -0.6127
vn -0.1335 -0.6521 -0.7463
vn -0.0079 -0.7816 -0.6237
vn -0.1336 -0.6521 -0.7463
vn -0.2837 -0.7488 -0.5990
vn -0.3228 -0.6614 -0.6771
vn -0.3629 -0.8204 -0.4418
vn -0.7486 0.4728 0.4649
vn -0.4499 0.6155 0.6471
vn -0.6539 0.5908 0.4727
vn -0.5333 -0.1568 -0.8313
vn -0.2522 -0.1103 -0.9614
vn -0.4569 -0.3466 -0.8192
vn -0.2118 -0.6589 0.7217
vn -0.4244 -0.5345 0.7309
vn -0.1503 -0.5932 0.7909
vn 0.5683 0.7262 -0.3868
vn 0.6757 0.6286 -0.3850
vn 0.5445 0.5524 -0.6312
vn 0.6214 0.7471 -0.2360
vn 0.5684 0.7262 -0.3868
vn 0.7229 0.6600 -0.2043
vn 0.3309 -0.3546 0.8745
vn 0.2521 -0.1655 0.9534
vn -0.0157 -0.1260 0.9919
vn 0.9151 0.2052 0.3471
vn 0.8358 0.4494 0.3154
vn -0.3316 0.6631 -0.6710
vn -0.5603 0.7103 -0.4262
vn -0.2607 0.5768 -0.7742
vn -0.5431 0.5274 -0.6533
vn -0.5603 0.7102 -0.4262
vn 0.2845 0.4663 0.8376
vn 0.2902 0.6196 0.7294
vn 0.0471 0.5266 -0.8488
vn 0.0472 0.5266 -0.8488
vn 0.2448 0.3396 -0.9082
vn 0.2667 0.5255 -0.8079
vn -0.3955 -0.7910 0.4668
vn -0.2133 -0.8213 0.5291
vn -0.4958 -0.6296 0.5981
vn 0.0709 -0.6934 0.7171
vn 0.3147 0.5192 0.7946
vn -0.1099 0.4319 0.8952
vn 0.3852 0.6525 -0.6525
vn 0.1570 0.6984 -0.6983
vn -0.2278 0.4635 0.8563
vn -0.2679 0.2207 0.9378
vn 0.0471 0.4871 0.8721
vn -0.9179 -0.3640 -0.1583
vn -0.8434 -0.4966 -0.2050
vn -0.7869 0.4879 -0.3778
vn -0.5347 0.0786 -0.8414
vn -0.4476 0.1099 -0.8874
vn -0.9173 0.0475 0.3954
vn -0.8830 0.3074 0.3548
vn -0.9861 0.0710 0.1499
vn -0.9040 -0.1258 0.4087
vn -0.9173 0.0474 0.3953
vn -0.9820 -0.1335 0.1336
vn -0.9173 0.0474 0.3954
vn -0.9039 -0.1257 0.4088
vn -0.8010 -0.1727 0.5732
vn -0.8829 0.3075 0.3548
vn -0.8205 0.1973 0.5365
vn -0.7629 0.3854 0.5191
vn -0.7315 0.4326 0.5270
vn -0.7083 -0.6060 -0.3620
vn -0.7079 0.4325 0.5584
vn -0.2755 -0.5038 0.8187
vn -0.0864 -0.4951 0.8645
vn -0.2602 -0.2840 0.9228
vn -0.0791 0.9009 0.4267
vn 0.6308 0.4731 0.6150
vn -0.3152 0.7723 0.5516
vn 0.7938 0.5108 0.3301
vn 0.1024 0.9932 -0.0552
vn 0.7253 0.6701 -0.1577
vn -0.7089 -0.6143 -0.3466
vn -0.7893 -0.4894 -0.3710
vn 0.2762 -0.8128 -0.5129
vn 0.4026 -0.7736 -0.4894
vn 0.3627 -0.6308 -0.6859
vn 0.1338 -0.7007 -0.7008
vn -0.2122 -0.4244 -0.8802
vn 0.1577 -0.4417 -0.8832
vn -0.2678 -0.6773 -0.6852
vn -0.9886 0.0942 -0.1177
vn -0.9249 0.0238 -0.3794
vn -0.9715 0.0001 -0.2370
vn -0.8874 0.3219 -0.3298
vn -0.2915 0.4806 0.8271
vn -0.3390 0.7253 0.5992
vn -0.4498 0.6156 0.6471
vn -0.3000 0.5998 0.7418
vn 0.2901 0.6195 0.7294
vn 0.0552 0.6228 0.7805
vn 0.2845 0.4663 0.8377
vn 0.6839 -0.4403 -0.5817
vn 0.7010 -0.6143 -0.3623
vn 0.5722 -0.5095 -0.6427
vn 0.8817 -0.4251 -0.2047
vn 0.6975 -0.6974 -0.1646
vn 0.7010 -0.6143 -0.3622
vn 0.8313 -0.5333 -0.1569
vn 0.8512 -0.3941 -0.3467
vn 0.9145 -0.3390 -0.2207
vn 0.8511 -0.3941 -0.3468
vn 0.6840 -0.4403 -0.5817
vn 0.7792 -0.3621 -0.5116
vn 0.1500 -0.7735 -0.6158
vn 0.2525 -0.5128 -0.8205
vn 0.4017 -0.7483 -0.5278
vn 0.1500 -0.7736 -0.6157
vn 0.5519 -0.5362 -0.6387
vn 0.2437 0.6370 0.7314
vn 0.3146 0.5193 0.7946
vn -0.7870 0.4879 -0.3777
vn -0.8422 0.4486 -0.2991
vn -0.9763 -0.2126 -0.0394
vn -0.7893 -0.4893 -0.3709
vn -0.7267 -0.6477 -0.2291
vn 0.1569 0.6983 -0.6983
vn -0.2128 0.5438 -0.8118
vn -0.3140 0.6753 -0.6674
vn 0.1651 0.5270 -0.8337
vn -0.2127 0.7721 -0.5988
vn 0.1661 0.7754 -0.6092
vn 0.3475 -0.4660 0.8137
vn -0.0000 -0.3304 0.9438
vn 0.0158 -0.4876 0.8729
vn 0.3308 -0.3546 0.8745
vn -0.7078 0.4326 0.5584
vn -0.3778 0.4329 0.8185
vn -0.6308 0.3628 0.6859
vn -0.7485 0.4728 0.4649
vn -0.7315 0.4327 0.5270
vn -0.8106 0.4407 0.3856
vn -0.0553 0.9871 0.1500
vn 0.1263 -0.8130 0.5684
vn -0.2762 -0.7972 0.5368
vn 0.1024 -0.6461 0.7564
vn 0.9346 0.3063 0.1807
vn 0.6308 0.4731 0.6151
vn 0.9835 -0.1810 0.0079
vn 0.9835 -0.1810 0.0078
vn 0.7938 0.5109 0.3301
vn 0.1261 -0.9295 0.3466
vn 0.4257 -0.8357 0.3469
vn 0.1263 -0.8131 0.5683
vn -0.7893 -0.4342 -0.4341
vn -0.5731 -0.6594 -0.4866
vn -0.3777 0.4329 0.8185
vn -0.4498 0.6155 0.6471
vn -0.1417 0.3622 0.9212
vn 0.9359 -0.3224 0.1416
vn 0.9849 -0.0867 0.1497
vn 0.8747 -0.3388 0.3467
vn 0.9356 -0.0708 0.3459
vn -0.5974 0.0157 -0.8018
vn -0.1500 -0.7262 0.6710
vn -0.2118 -0.6590 0.7217
vn -0.9213 0.3622 -0.1418
vn -0.9872 0.1580 -0.0237
vn 0.0943 -0.8639 -0.4948
vn -0.8203 0.5206 0.2367
vn 0.4959 -0.8029 -0.3306
vn 0.7009 -0.6143 -0.3623
vn 0.3714 0.6242 0.6874
vn 0.3454 0.6829 0.6437
vn 0.4256 0.7172 0.5517
vn 0.0552 0.6228 0.7804
vn 0.3453 0.6829 0.6437
vn 0.0080 0.7265 0.6871
vn 0.2901 0.6196 0.7293
vn -0.7505 0.5846 -0.3081
vn -0.8051 0.5367 -0.2526
vn -0.9212 0.3622 -0.1418
vn -0.6450 -0.7158 0.2674
vn -0.6501 -0.7597 0.0157
vn -0.7484 -0.5278 0.4017
vn -0.6450 -0.7158 0.2675
vn -0.7483 -0.5278 0.4018
vn -0.4900 -0.8061 -0.3319
vn -0.5989 -0.7328 -0.3231
vn -0.4247 -0.4483 0.7865
vn -0.4728 -0.2285 0.8510
vn -0.8974 0.2520 -0.3621
vn -0.7758 0.5779 -0.2533
vn -0.7088 -0.6144 -0.3465
vn -0.5765 -0.7660 -0.2843
vn -0.2765 -0.6716 0.6874
vn -0.1500 -0.7262 0.6709
vn -0.0787 -0.8651 0.4955
vn -0.2132 -0.8213 0.5291
vn -0.9820 -0.1336 0.1336
vn -0.9421 -0.3218 0.0943
vn 0.8630 0.2197 -0.4550
vn 0.9530 0.0473 -0.2993
vn 0.9400 0.2291 -0.2528
vn 0.9788 0.0553 -0.1973
vn 0.9499 0.2433 -0.1963
vn 0.9892 0.0393 -0.1413
vn 0.9550 0.2604 -0.1421
vn 0.9954 0.0395 -0.0869
vn 0.9548 0.2920 -0.0552
vn 0.9981 0.0393 0.0471
vn 0.9424 0.3298 0.0550
vn 0.8507 0.4568 -0.2599
vn 0.9499 0.2434 -0.1963
vn 0.8536 0.4821 -0.1976
vn 0.9550 0.2605 -0.1421
vn 0.8400 0.5259 -0.1335
vn 0.8245 0.5653 -0.0236
vn -0.4723 -0.8658 0.1653
vn -0.3955 -0.7910 0.4667
vn -0.1414 -0.7776 -0.6126
vn -0.1810 -0.9048 -0.3855
vn 0.5589 0.2834 -0.7793
vn 0.5288 0.1421 -0.8367
vn 0.2449 0.3396 -0.9082
vn 0.2837 0.1025 -0.9534
vn 0.5975 0.8019 -0.0000
vn 0.5974 0.8019 -0.0000
vn 0.6711 -0.7342 0.1027
vn 0.8451 -0.5213 0.1185
vn -0.2445 0.6153 0.7494
vn 0.0551 0.6228 0.7805
vn -0.5583 -0.8020 -0.2123
vn -0.7266 -0.6477 -0.2291
vn 0.5031 0.4481 -0.7390
vn 0.4082 0.7772 0.4789
vn 0.1255 0.8465 0.5174
vn 0.0080 0.7266 0.6871
vn 0.9700 -0.1420 -0.1971
vn 0.9699 -0.2129 -0.1183
vn 0.9892 0.0392 -0.1413
vn 0.9740 -0.2199 -0.0550
vn 0.9629 -0.2604 0.0710
vn 0.9700 -0.1419 -0.1972
vn 0.9788 0.0552 -0.1973
vn 0.9530 0.0472 -0.2992
vn 0.9346 -0.1335 -0.3298
vn -0.9577 0.2590 0.1256
vn -0.8830 0.3074 0.3547
vn -0.4016 0.8111 0.4253
vn -0.6538 0.5908 0.4727
vn -0.5279 0.7643 0.3704
vn -0.7327 0.6776 0.0630
vn -0.7327 0.6776 0.0631
vn 0.5190 0.7549 0.4010
vn 0.2667 0.5256 -0.8079
vn 0.3784 0.7489 -0.5440
vn -0.2999 0.5998 0.7418
vn 0.0237 0.8378 0.5454
vn -0.1100 0.6286 0.7699
vn -0.9700 0.0552 -0.2366
vn -0.7491 -0.6545 -0.1025
vn -0.3852 -0.6603 0.6447
vn -0.2206 -0.6616 0.7167
vn 0.9849 -0.0866 0.1497
vn 0.9151 0.2051 0.3471
vn 0.9356 -0.0707 0.3459
vn 0.9653 0.1962 0.1727
vn 0.9863 0.1578 0.0474
vn 0.9653 0.1962 0.1726
vn 0.9944 -0.1026 0.0237
vn -0.2438 -0.2830 0.9276
vn -0.2829 -0.0393 0.9584
vn -0.4875 -0.0236 0.8728
vn 0.2522 -0.1655 0.9534
vn 0.5980 -0.1888 0.7790
vn 0.5120 0.1181 0.8508
vn 0.1966 0.1022 0.9751
vn -0.7607 0.6352 0.1333
vn -0.6539 0.5908 0.4726
vn 0.3695 -0.6290 0.6840
vn 0.0710 -0.6934 0.7171
vn 0.3475 -0.4661 0.8136
vn -0.7969 0.5523 -0.2446
vn -0.5884 0.7452 -0.3138
vn -0.2996 0.9539 -0.0157
vn 0.1023 0.5662 -0.8179
vn -0.4163 0.1021 -0.9035
vn -0.3871 -0.8690 -0.3081
vn 0.1103 -0.8982 0.4255
vn -0.0786 -0.8651 0.4955
vn 0.0709 -0.6934 0.7170
vn 0.6252 -0.3008 -0.7202
vn 0.5519 -0.5361 -0.6387
vn 0.6770 -0.3936 -0.6219
vn 0.3316 -0.3868 -0.8605
vn 0.5509 -0.2991 -0.7791
vn 0.5289 0.1421 -0.8367
vn 0.2837 0.1024 -0.9534
vn 0.6390 0.0789 -0.7652
vn 0.5509 -0.2991 -0.7792
vn 0.6544 -0.1498 -0.7412
vn -0.1813 0.8827 -0.4335
vn 0.1416 0.8657 -0.4801
vn -0.4809 0.1734 0.8594
vn -0.2680 0.2206 0.9378
vn -0.9758 0.1338 -0.1731
vn -0.4164 0.1021 -0.9034
vn -0.4016 0.8111 0.4252
vn -0.3069 0.8735 0.3778
vn -0.2761 0.8993 0.3393
vn 0.9652 0.1962 0.1727
vn 0.8654 0.4641 0.1888
vn 0.9652 0.1962 0.1726
vn 0.8825 0.4649 0.0709
vn 0.0235 -0.9260 -0.3767
vn -0.1809 -0.9048 -0.3855
vn 0.5744 0.6453 0.5036
vn 0.4256 0.7173 0.5517
vn 0.4720 0.5744 0.6688
vn -0.7970 0.5523 -0.2446
vn -0.8643 0.5028 -0.0157
vn -0.7892 0.5760 -0.2131
vn -0.9317 0.3632 -0.0000
vn 0.4506 -0.6878 0.5692
vn 0.9874 -0.0079 -0.1579
vn 0.7257 0.4496 0.5207
vn -0.2680 0.2207 0.9378
vn -0.4330 0.4094 0.8031
vn -0.4810 0.1735 0.8594
vn -0.2279 0.4635 0.8563
vn -0.7247 0.6381 -0.2600
vn 0.5806 0.3766 0.7219
vn 0.2435 0.3534 0.9032
vn 0.5120 0.1182 0.8508
vn 0.4025 -0.7736 -0.4894
vn 0.2842 -0.9157 -0.2842
vn 0.4959 -0.8030 -0.3306
vn 0.4960 -0.8029 -0.3306
vn 0.7009 -0.6144 -0.3623
vn 0.5528 -0.8133 -0.1816
vn 0.6975 -0.6975 -0.1646
vn -0.3070 0.8735 0.3778
vn -0.3390 0.7253 0.5991
vn -0.3469 0.8435 0.4100
vn -0.9766 -0.1890 0.1024
vn -0.9996 -0.0158 0.0236
vn -0.9784 -0.2051 0.0237
vn -0.9824 -0.0472 0.1807
vn 0.8358 0.4495 0.3154
vn 0.6676 0.6675 0.3298
vn 0.7476 0.3935 0.5351
vn 0.8654 0.4642 0.1888
vn 0.7165 0.6692 0.1968
vn -0.4246 -0.8650 -0.2674
vn -0.5765 -0.7661 -0.2843
vn -0.5988 -0.7328 -0.3231
vn 0.0237 0.8379 0.5454
vn -0.3469 0.8436 0.4100
vn -0.0709 0.9609 0.2678
vn -0.8013 0.5499 0.2356
vn -0.0790 0.9009 0.4267
vn -0.3152 0.7722 0.5517
vn 0.6546 -0.2602 0.7098
vn -0.0709 -0.9609 0.2678
vn -0.3299 -0.8955 -0.2986
vn -0.3005 -0.9174 -0.2610
vn -0.2828 -0.9035 -0.3221
vn -0.4983 -0.6170 0.6091
vn -0.3852 -0.6604 0.6446
vn -0.5825 -0.4251 0.6928
vn -0.6053 -0.2280 0.7626
vn -0.6061 -0.0236 0.7950
vn 0.8651 -0.4954 -0.0786
vn 0.8313 -0.5332 -0.1569
vn 0.8697 -0.4936 0.0078
vn 0.9740 -0.2200 -0.0550
vn 0.8451 -0.5213 0.1184
vn 0.9629 -0.2605 0.0710
vn -0.9213 0.3622 -0.1417
vn -0.8051 0.5367 -0.2525
vn -0.7969 0.5524 -0.2446
vn -0.6636 0.6951 -0.2765
vn -0.7891 0.5761 -0.2131
vn 0.6675 0.6675 0.3299
vn -0.3381 0.6999 0.6292
vn 0.0078 0.7265 0.6871
vn -0.5883 0.7453 -0.3138
vn -0.5917 0.7574 -0.2761
vn -0.7869 0.4879 -0.3777
vn -0.8422 0.4487 -0.2991
vn -0.5603 0.7103 -0.4261
vn -0.5655 -0.8247 -0.0079
vn -0.7267 -0.6477 -0.2290
vn -0.7452 -0.6668 -0.0079
vn 0.1255 -0.9883 0.0863
vn 0.3874 -0.9170 0.0949
vn -0.9886 0.0941 -0.1176
vn -0.9715 -0.0000 -0.2369
vn -0.9996 -0.0157 0.0236
vn -0.4248 -0.4483 0.7865
vn -0.6054 -0.2280 0.7626
vn 0.7342 -0.0000 -0.6790
vn -0.5988 0.1812 0.7801
vn -0.6061 -0.0236 0.7951
vn -0.4810 0.1734 0.8594
vn -0.8597 0.5047 0.0789
vn -0.9577 0.2591 0.1256
vn -0.8830 0.3075 0.3547
vn -0.9047 0.4248 0.0315
vn 0.8191 0.4096 -0.4017
vn 0.6758 0.6286 -0.3850
vn 0.8507 0.4569 -0.2599
vn 0.6776 0.5121 -0.5278
vn 0.8535 0.4821 -0.1976
vn 0.7229 0.6601 -0.2043
vn 0.8400 0.5260 -0.1335
vn 0.6324 0.7667 -0.1107
vn 0.8399 0.5260 -0.1334
vn 0.6150 0.7885 -0.0079
vn 0.8245 0.5654 -0.0236
vn 0.8245 0.5654 -0.0235
vn 0.6078 0.7893 0.0868
vn 0.8069 0.5854 0.0791
vn -0.9913 0.1259 0.0393
vn -0.9810 0.1020 0.1648
vn -0.9872 0.1579 -0.0237
vn -0.9913 0.1258 0.0393
vn -0.4895 0.5053 -0.7106
vn -0.1890 0.2677 -0.9448
vn -0.5208 0.2841 -0.8050
vn -0.6765 0.2911 -0.6765
vn -0.4896 0.5053 -0.7106
vn -0.5209 0.2841 -0.8050
vn -0.5524 0.5444 -0.6312
vn 0.1338 -0.7008 -0.7007
vn -0.1888 -0.8654 -0.4642
vn -0.2678 -0.6774 -0.6852
vn 0.0942 -0.8639 -0.4948
vn -0.4247 -0.7865 -0.4483
vn -0.4473 -0.6044 -0.6593
vn -0.4866 -0.7456 -0.4552
vn 0.9424 0.3299 0.0549
vn -0.9849 -0.1733 -0.0000
vn -0.9986 0.0471 0.0236
vn -0.9992 0.0079 0.0393
vn -0.9873 -0.1579 0.0158
vn -0.9075 -0.4182 -0.0394
vn -0.9873 -0.1580 0.0158
vn -0.9849 -0.1734 -0.0000
vn -0.9125 -0.4090 -0.0000
vn -0.6636 0.6952 -0.2765
vn -0.5602 0.8283 -0.0079
vn -0.5115 0.8262 -0.2361
vn -0.7564 0.6540 0.0157
vn -0.9764 -0.2125 -0.0393
vn -0.9785 -0.2051 0.0237
vn -0.9384 0.3075 0.1577
vn -0.9810 0.1021 0.1648
vn -0.9992 0.0079 0.0394
vn -0.9718 0.2291 0.0553
vn -0.9802 0.1818 0.0790
vn -0.9986 0.0472 0.0236
vn -0.9898 0.1414 -0.0157
vn -0.9802 0.1818 0.0791
vn -0.9935 -0.0631 -0.0946
vn 0.2202 -0.9358 -0.2753
vn 0.2690 0.7990 -0.5379
vn 0.0631 0.9386 -0.3392
vn 0.1817 0.9005 -0.3950
vn -0.9980 0.0629 -0.0000
vn -0.9874 -0.1579 -0.0079
vn -0.9820 -0.1335 0.1335
vn -0.9862 0.0710 0.1499
vn 0.4329 0.8973 -0.0866
vn 0.4185 0.9081 0.0158
vn 0.6323 0.7668 -0.1106
vn 0.5270 0.8337 -0.1652
vn 0.4103 0.8995 -0.1499
vn 0.4794 0.8252 -0.2987
vn 0.5269 0.8337 -0.1652
vn 0.6213 0.7472 -0.2360
vn 0.4794 0.8252 -0.2986
vn 0.3771 0.8957 -0.2357
vn 0.3950 0.7821 -0.4819
vn 0.3153 0.8669 -0.3862
vn 0.4477 0.6990 -0.5577
vn 0.2690 0.7989 -0.5379
vn -0.4246 -0.8650 -0.2673
vn -0.4182 -0.8916 -0.1736
vn -0.5975 0.8019 -0.0000
vn -0.5974 0.8019 -0.0000
vn -0.6667 0.7452 -0.0157
vn -0.6667 0.7451 -0.0157
vn -0.9311 -0.2841 0.2288
vn -0.8575 -0.4720 0.2045
vn -0.8740 -0.3701 0.3149
vn -0.9188 -0.3927 0.0393
vn -0.8417 -0.5270 0.1180
vn -0.8644 -0.5029 -0.0000
vn -0.9179 -0.3640 -0.1582
vn -0.8435 -0.4966 -0.2049
vn -0.9766 -0.1891 0.1024
vn -0.9784 -0.2052 0.0237
vn -0.8643 -0.5029 -0.0000
vn -0.8416 -0.5270 0.1180
vn -0.7224 -0.6674 0.1806
vn -0.8434 -0.4966 -0.2049
vn -0.8575 -0.4721 0.2046
vn -0.7565 -0.5595 0.3388
vn -0.9021 0.4313 -0.0157
vn -0.9801 0.1818 0.0791
vn -0.9195 0.3851 0.0786
vn -0.9874 -0.1580 -0.0079
vn -0.9219 -0.3861 -0.0315
vn -0.9421 -0.3219 0.0942
vn -0.9820 -0.1336 0.1335
vn -0.9616 -0.2128 -0.1734
vn -0.9992 0.0078 0.0393
vn 0.0632 -0.9468 -0.3156
vn 0.0943 -0.8639 -0.4947
vn 0.2841 -0.9157 -0.2842
vn 0.5270 0.8337 -0.1651
vn 0.6213 0.7472 -0.2359
vn 0.0867 0.6300 -0.7717
vn 0.1099 0.9027 -0.4161
vn 0.9657 0.0157 -0.2591
vn 0.6393 0.7341 -0.2289
vn 0.8788 0.3296 0.3452
vn -0.4899 -0.8061 -0.3319
vn -0.3299 -0.8956 -0.2985
vn -0.3629 -0.8205 -0.4417
vn -0.2995 0.9540 -0.0158
vn 0.4107 0.8609 -0.3002
vn -0.5183 -0.4319 -0.7381
vn -0.5333 -0.1569 -0.8313
vn -0.6869 -0.2132 -0.6948
vn -0.6308 -0.3627 -0.6860
vn -0.5195 -0.4408 -0.7320
vn -0.5333 -0.1568 -0.8312
vn -0.7024 0.0473 -0.7103
vn -0.5620 -0.5225 -0.6412
vn -0.4474 -0.6043 -0.6593
vn -0.4569 -0.3467 -0.8192
vn -0.9678 0.2518 0.0079
vn -0.9142 0.3940 0.0946
vn -0.9718 0.2292 0.0553
vn -0.9142 0.3941 0.0946
vn -0.9020 0.4314 0.0157
vn -0.9677 0.2518 0.0079
vn -0.8102 0.5742 0.1180
vn -0.7941 0.6053 0.0550
vn -0.2763 -0.7972 0.5368
vn -0.4492 -0.7723 0.4492
vn -0.9980 0.0628 -0.0000
vn 0.4161 0.7303 0.5418
vn 0.2438 0.6370 0.7313
vn -0.1185 -0.9559 -0.2686
vn -0.0553 -0.9700 -0.2366
vn -0.7023 0.0474 -0.7103
vn -0.5347 0.0787 -0.8413
vn -0.5974 0.0158 -0.8018
vn -0.6765 0.2910 -0.6765
vn -0.8596 0.5048 0.0789
vn -0.8204 0.5206 0.2366
vn -0.8017 0.5973 0.0236
vn -0.8964 -0.4010 -0.1887
vn -0.9075 -0.4182 -0.0395
vn 0.5266 0.8252 0.2044
vn 0.6675 0.6676 0.3298
vn 0.7165 0.6693 0.1969
vn -0.7181 -0.6943 -0.0473
vn -0.9125 -0.4091 -0.0000
vn -0.7409 -0.6699 -0.0473
vn -0.9075 -0.4183 -0.0394
vn -0.6643 -0.7353 -0.1344
vn -0.3616 0.8883 -0.2830
vn -0.4014 0.8735 -0.2754
vn -0.3064 0.9425 -0.1335
vn -0.4186 0.8846 -0.2054
vn -0.4084 0.8481 -0.3376
vn -0.6635 0.6952 -0.2765
vn -0.4083 0.8481 -0.3377
vn -0.3309 0.7483 -0.5750
vn -0.5115 0.8263 -0.2360
vn -0.3398 0.9405 0.0078
vn -0.5601 0.8284 -0.0079
vn -0.5818 0.4010 0.7076
vn -0.4331 0.4094 0.8030
vn -0.1186 -0.9559 -0.2686
vn 0.6534 0.5353 -0.5353
vn -0.4089 0.6212 0.6685
vn -0.4330 0.4094 0.8030
vn -0.2446 0.6153 0.7494
vn -0.8779 0.4467 -0.1724
vn -0.9020 0.4314 -0.0157
vn -0.9812 0.0864 -0.1727
vn 0.4258 -0.8357 0.3469
vn 0.5101 -0.7770 0.3689
vn 0.4722 -0.8736 0.1181
vn 0.5101 -0.7770 0.3688
vn 0.3874 -0.9170 0.0948
vn 0.4718 -0.8808 -0.0393
vn 0.4722 -0.8736 0.1180
vn 0.3394 -0.9394 -0.0474
vn 0.3395 -0.9394 -0.0474
vn 0.4948 -0.8561 -0.1492
vn 0.3397 -0.9320 -0.1263
vn 0.1423 -0.9878 -0.0632
vn -0.9913 0.1259 0.0394
vn -0.2995 -0.9457 -0.1261
vn -0.4025 -0.9154 -0.0079
vn -0.8401 0.5025 0.2041
vn -0.9384 0.3076 0.1577
vn -0.8678 -0.4892 0.0868
vn -0.7830 -0.6090 0.1265
vn -0.7409 -0.6700 -0.0472
vn -0.9812 0.0863 -0.1727
vn -0.9444 -0.1180 -0.3069
vn -0.9935 -0.0630 -0.0946
vn 0.9981 0.0393 0.0472
vn 0.9271 0.3142 0.2043
vn 0.9712 0.0237 0.2369
vn 0.7379 -0.3298 0.5888
vn 0.3309 -0.3545 0.8745
vn 0.4083 0.7772 0.4788
vn 0.4004 0.8636 0.3062
vn 0.5265 0.8252 0.2044
vn -0.8679 -0.4892 0.0867
vn -0.8098 0.3145 -0.4953
vn -0.8283 0.0947 -0.5522
vn -0.8669 0.1576 -0.4729
vn -0.7024 0.0474 -0.7102
vn -0.7883 0.0237 -0.6149
vn -0.4477 0.1099 -0.8874
vn -0.4476 0.1100 -0.8874
vn 0.9020 -0.3877 -0.1899
vn 0.9783 -0.1342 -0.1578
vn 0.9379 -0.3468 -0.0079
vn 0.9359 -0.3225 0.1416
vn 0.9355 -0.1887 -0.2987
vn 0.8503 -0.4330 -0.2992
vn -0.5523 0.5445 -0.6313
vn -0.5274 0.6533 -0.5432
vn -0.3141 0.6752 -0.6674
vn -0.5507 0.5823 -0.5980
vn -0.8183 0.5743 0.0236
vn -0.4722 -0.8658 0.1653
vn -0.2285 -0.9534 0.1970
vn -0.3955 -0.7911 0.4667
vn 0.9364 -0.2596 0.2361
vn 0.9713 0.0236 0.2369
vn -0.6506 0.5409 -0.5331
vn -0.5524 0.5444 -0.6313
vn -0.5508 0.5822 -0.5980
vn -0.4796 0.7076 -0.5189
vn -0.2128 0.7721 -0.5988
vn 0.1260 -0.9295 0.3466
vn -0.2762 -0.7972 0.5367
vn -0.3135 -0.8936 0.3214
vn -0.3135 -0.8936 0.3213
vn 0.1254 -0.9883 0.0863
vn -0.3072 -0.9452 0.1103
vn 0.2134 0.9641 -0.1580
vn 0.2435 0.9660 -0.0864
vn 0.1811 0.9527 -0.2440
vn 0.1811 0.9527 -0.2441
vn 0.3152 0.8669 -0.3862
vn 0.2689 0.7990 -0.5379
vn 0.9424 0.3299 0.0550
vn 0.8094 0.5658 0.1572
vn 0.9271 0.3143 0.2043
vn -0.8181 0.3697 -0.4405
vn -0.8585 0.0945 -0.5040
vn -0.4895 0.5054 -0.7106
vn -0.5524 0.5445 -0.6312
vn 0.6845 0.4170 -0.5980
vn 0.6394 0.7340 -0.2289
vn -0.5966 -0.4082 0.6909
vn -0.0708 -0.9609 0.2678
vn 0.5121 0.1181 0.8508
vn 0.8241 -0.1020 0.5573
vn 0.8030 0.1260 0.5826
vn 0.5980 -0.1888 0.7789
vn -0.7002 -0.6765 -0.2281
vn -0.8964 -0.4011 -0.1887
vn -0.6642 -0.7353 -0.1344
vn 0.4876 -0.8651 -0.1180
vn 0.5527 -0.8133 -0.1816
vn 0.6774 -0.7168 -0.1654
vn 0.8277 -0.5597 -0.0394
vn 0.6779 -0.7331 -0.0552
vn 0.7958 -0.5752 -0.1891
vn 0.6580 -0.7128 -0.2428
vn 0.7574 -0.5917 -0.2761
vn 0.6711 -0.7342 0.1026
vn 0.8346 -0.4724 -0.2834
vn 0.6511 -0.7216 -0.2353
vn 0.7959 -0.5752 -0.1891
vn 0.9020 -0.3878 -0.1899
vn 0.8278 -0.5597 -0.0395
vn 0.8278 -0.5597 -0.0394
vn 0.7557 -0.5510 0.3542
vn -0.6134 0.7628 -0.2044
vn -0.9700 0.0553 -0.2366
vn 0.7061 -0.6983 -0.1177
vn 0.8787 0.3296 0.3452
vn 0.7079 -0.5034 0.4955
vn -0.7550 0.6527 -0.0629
vn 0.6285 -0.5500 0.5500
vn 0.3476 -0.4661 0.8136
vn 0.3695 -0.6289 0.6840
vn 0.7000 -0.4247 0.5742
vn 0.4622 -0.7835 0.4153
vn 0.0710 -0.6934 0.7170
vn 0.5053 -0.7264 0.4659
vn 0.6407 -0.7672 -0.0316
vn 0.8313 -0.5333 -0.1568
vn 0.8651 -0.4955 -0.0786
vn 0.6975 -0.6974 -0.1645
vn 0.6604 -0.7468 0.0786
vn 0.8696 -0.4936 0.0078
vn 0.6474 -0.7421 0.1737
vn -0.5826 -0.4251 0.6928
vn -0.7238 -0.4799 0.4957
vn -0.7659 -0.2685 0.5843
vn -0.8642 0.5028 -0.0157
vn -0.7089 0.6617 0.2442
vn -0.7564 0.6539 0.0158
vn -0.7564 0.6539 0.0157
vn -0.7891 0.5761 -0.2130
vn -0.9033 0.3927 0.1728
vn -0.8334 -0.4246 -0.3538
vn -0.8918 0.3315 -0.3078
vn -0.9444 -0.1181 -0.3069
vn -0.7908 -0.2926 -0.5377
vn -0.9935 -0.0631 -0.0947
vn -0.8495 -0.0944 -0.5191
vn -0.5990 0.7961 0.0867
vn -0.5279 0.7643 0.3703
vn -0.4105 0.9077 0.0869
vn 0.3220 -0.2278 -0.9189
vn -0.8919 0.3314 -0.3078
vn 0.0079 -0.5602 -0.8283
vn -0.7658 -0.2684 0.5843
vn -0.8083 0.0078 0.5887
vn 0.2435 0.3535 0.9032
vn 0.6704 0.5127 0.5364
vn 0.5806 0.3766 0.7218
vn 0.3476 -0.4660 0.8136
vn 0.7379 -0.3297 0.5888
vn 0.0235 -0.9261 -0.3767
vn 0.1177 -0.9735 -0.1963
vn -0.2443 -0.9692 0.0315
vn -0.4024 -0.9154 -0.0079
vn 0.6845 0.4171 -0.5979
vn 0.9657 0.0156 -0.2591
vn 0.7026 -0.5447 -0.4579
vn -0.2040 0.8787 0.4316
vn 0.0079 0.7266 0.6870
vn 0.1254 0.8466 0.5173
vn -0.3788 0.8130 0.4421
vn 0.8129 0.2604 -0.5209
vn 0.8439 0.4890 0.2208
vn 0.9205 0.2518 0.2989
vn -0.0079 -0.9754 0.2203
vn -0.2132 -0.8214 0.5291
vn -0.0786 -0.8651 0.4954
vn 0.1103 -0.8982 0.4254
vn 0.2125 -0.9680 0.1338
vn -0.8488 0.0471 -0.5266
vn -0.6709 -0.6709 -0.3157
vn -0.7491 -0.6544 -0.1025
vn -0.0552 -0.9700 -0.2366
vn -0.0237 -0.9952 -0.0948
vn -0.4867 -0.7456 -0.4553
vn -0.6783 -0.6389 -0.3629
vn 0.6226 0.7723 0.1261
vn 0.6529 0.7315 0.1966
vn -0.3937 -0.8268 -0.4017
vn -0.1889 -0.8654 -0.4642
vn -0.8084 0.0079 0.5886
vn -0.5989 0.1812 0.7801
vn -0.7737 0.2447 0.5843
vn -0.7357 -0.4588 -0.4983
vn 0.6976 0.6741 -0.2429
vn 0.6976 0.6741 -0.2430
vn -0.7715 -0.4173 -0.4803
vn -0.5621 -0.5225 -0.6412
vn 0.9205 0.2517 0.2989
vn 0.9438 0.0079 0.3303
vn -0.5655 -0.8247 -0.0078
vn -0.7224 -0.6675 0.1806
vn -0.7452 -0.6668 -0.0078
vn -0.5680 -0.8046 0.1735
vn -0.6446 -0.6603 -0.3852
vn 0.6544 -0.1498 -0.7411
vn 0.8654 -0.1888 -0.4642
vn 0.5509 -0.2990 -0.7791
vn 0.6253 -0.3007 -0.7202
vn -0.8597 0.5048 0.0788
vn 0.5445 0.8364 0.0631
vn 0.7165 0.6693 0.1968
vn 0.7212 0.6899 0.0627
vn 0.5266 0.8252 0.2043
vn 0.4719 -0.8808 -0.0393
vn 0.6710 -0.7343 0.1026
vn 0.6711 -0.7343 0.1027
vn 0.5102 -0.7770 0.3688
vn 0.5444 -0.8047 -0.2367
vn 0.3397 -0.9320 -0.1264
vn 0.5444 -0.8048 -0.2367
vn 0.3850 -0.9035 -0.1886
vn -0.1659 0.9553 -0.2447
vn -0.4013 0.8735 -0.2754
vn -0.0944 0.9672 -0.2359
vn -0.3616 0.8884 -0.2830
vn -0.3063 0.9425 -0.1335
vn -0.0474 0.9944 -0.0947
vn 0.8673 0.3785 0.3233
vn 0.6529 0.7315 0.1967
vn 0.7730 0.4969 0.3944
vn 0.8439 0.4890 0.2209
vn 0.1255 0.8465 0.5173
vn 0.1492 0.9265 0.3455
vn 0.4004 0.8637 0.3062
vn 0.3628 0.8992 0.2445
vn 0.1263 0.9550 0.2683
vn 0.1258 0.9905 0.0551
vn 0.3711 0.9238 0.0948
vn 0.8259 -0.5191 0.2202
vn 0.9364 -0.2597 0.2360
vn 0.8406 -0.4713 0.2671
vn 0.9364 -0.2597 0.2361
vn 0.9189 -0.2278 0.3220
vn 0.8673 0.3784 0.3233
vn 0.9205 0.2517 0.2990
vn 0.8937 0.2038 0.3998
vn 0.9189 -0.2277 0.3220
vn 0.9438 0.0078 0.3303
vn 0.2515 -0.9586 -0.1336
vn 0.4413 -0.8905 -0.1103
vn 0.2842 -0.9157 -0.2841
vn 0.7061 -0.6982 -0.1177
vn 0.5032 0.4481 -0.7389
vn 0.8129 0.2605 -0.5209
vn -0.7180 -0.6944 -0.0474
vn -0.4401 -0.8880 -0.1336
vn -0.5037 -0.8578 -0.1023
vn -0.7409 -0.6700 -0.0473
vn -0.6500 -0.7597 0.0157
vn -0.5029 -0.8642 -0.0157
vn -0.4723 -0.8658 0.1652
vn -0.9824 -0.0472 0.1808
vn -0.8901 -0.1418 0.4332
vn 0.9460 0.1026 -0.3074
vn 0.8669 0.4098 -0.2837
vn 0.9568 0.1107 -0.2689
vn 0.8660 0.4408 -0.2362
vn 0.9568 0.1107 -0.2688
vn 0.9840 0.1260 -0.1259
vn 0.8833 0.4574 -0.1025
vn -0.6675 0.6596 -0.3455
vn -0.8779 0.4468 -0.1724
vn 0.8833 0.4575 -0.1025
vn 0.7208 0.6895 -0.0705
vn 0.7262 0.6631 -0.1815
vn 0.8659 0.4409 -0.2362
vn -0.1888 -0.8654 -0.4641
vn 0.0631 -0.9468 -0.3156
vn -0.1649 -0.9349 -0.3142
vn 0.3711 0.9237 0.0948
vn -0.2924 -0.9562 0.0158
vn -0.5028 -0.8642 -0.0157
vn -0.2589 -0.9489 -0.1804
vn -0.2128 0.7722 -0.5988
vn -0.4788 0.7772 -0.4082
vn 0.9052 -0.0078 0.4250
vn -0.8815 0.2833 0.3778
vn -0.9155 0.0789 0.3946
vn 0.8004 -0.1491 -0.5806
vn 0.8105 0.0629 -0.5823
vn 0.9228 -0.1498 -0.3549
vn 0.9434 0.0786 -0.3223
vn 0.9434 -0.1729 -0.2830
vn 0.9526 0.1102 -0.2834
vn 0.9460 0.1024 -0.3075
vn 0.9526 0.1102 -0.2835
vn 0.9226 -0.2523 -0.2918
vn 0.9783 -0.1341 -0.1578
vn 0.9840 0.1259 -0.1260
vn 0.9863 0.1578 0.0473
vn -0.7658 0.4815 -0.4263
vn -0.3781 -0.9136 -0.1496
vn -0.6642 -0.7354 -0.1344
vn 0.4413 -0.8906 -0.1103
vn 0.2684 -0.9630 0.0236
vn 0.4660 -0.8847 0.0079
vn -0.9824 -0.0471 0.1808
vn -0.5989 0.1813 0.7801
vn -0.7170 0.4728 0.5122
vn -0.7737 0.2448 0.5843
vn -0.5819 0.4010 0.7076
vn 0.8726 0.0315 -0.4874
vn 0.7342 -0.0000 -0.6789
vn 0.7473 -0.6607 -0.0708
vn 0.8563 -0.4635 -0.2278
vn 0.7278 -0.6724 -0.1345
vn 0.7485 -0.6066 -0.2679
vn 0.8589 -0.4412 -0.2600
vn 0.6859 -0.5597 -0.4651
vn 0.8832 -0.2129 0.4179
vn 0.9052 -0.0079 0.4250
vn 0.0393 -0.9992 0.0079
vn -0.2923 -0.9562 0.0158
vn -0.0079 -0.9754 0.2202
vn -0.5981 0.6532 0.4643
vn -0.5181 0.5808 0.6279
vn -0.5180 0.5808 0.6279
vn 0.8290 -0.4185 -0.3711
vn 0.8589 -0.4413 -0.2600
vn 0.8870 -0.3768 -0.2669
vn -0.8323 -0.1492 -0.5339
vn -0.8106 -0.3463 -0.4722
vn -0.8525 -0.3236 -0.4105
vn -0.7715 -0.4172 -0.4803
vn 0.7776 0.5576 -0.2906
vn 0.9082 0.3554 -0.2211
vn 0.9279 0.2753 -0.2516
vn 0.7947 0.5743 -0.1967
vn -0.1650 -0.9349 -0.3142
vn 0.0473 -0.9863 -0.1578
vn -0.1974 -0.9711 -0.1343
vn -0.9758 0.1337 -0.1731
vn -0.4163 0.1022 -0.9035
vn -0.6710 -0.6552 -0.3473
vn 0.8788 0.3295 0.3452
vn 0.5742 -0.0314 0.8181
vn 0.4017 -0.7484 -0.5277
vn 0.2202 -0.9358 -0.2752
vn 0.5257 -0.8239 -0.2119
vn -0.7607 0.6353 0.1333
vn -0.5280 0.7643 0.3703
vn -0.5990 0.7960 0.0867
vn -0.8183 0.5744 0.0236
vn -0.8596 0.5048 0.0788
vn -0.7338 0.6786 -0.0316
vn -0.6788 0.7340 -0.0237
vn -0.7005 0.7084 0.0866
vn -0.5745 0.8185 -0.0000
vn -0.6407 0.7672 0.0317
vn -0.7940 0.6054 0.0551
vn -0.4876 0.8730 0.0078
vn -0.6311 0.7731 -0.0631
vn -0.6406 0.7672 0.0316
vn -0.5062 0.8621 -0.0237
vn -0.6407 0.7672 0.0316
vn -0.7940 0.6054 0.0550
vn -0.6069 0.7330 -0.3073
vn -0.4876 0.8730 0.0079
vn -0.3632 0.9317 -0.0000
vn -0.3534 0.9346 -0.0392
vn -0.5507 0.8182 -0.1652
vn -0.3535 0.9346 -0.0393
vn -0.3788 0.8444 -0.3787
vn -0.3788 0.8444 -0.3788
vn -0.6068 0.7330 -0.3074
vn -0.5507 0.8182 -0.1653
vn -0.4156 0.6586 -0.6273
vn 0.1726 -0.9805 -0.0941
vn 0.3396 -0.9320 -0.1263
vn 0.3944 0.7098 0.5836
vn 0.5743 -0.0314 0.8181
vn 0.4162 0.7302 0.5418
vn 0.3147 0.5193 0.7946
vn 0.4562 0.7943 0.4011
vn 0.5651 0.7456 0.3532
vn -0.3069 0.8736 0.3777
vn -0.1891 0.9774 0.0946
vn -0.2761 0.8993 0.3392
vn -0.0158 0.9998 0.0079
vn 0.6078 0.7894 0.0868
vn 0.4012 0.9126 0.0787
vn 0.4091 0.9048 0.1180
vn 0.7188 -0.5609 -0.4107
vn 0.9874 -0.0079 -0.1580
vn 0.4506 -0.6877 0.5692
vn 0.7502 -0.5054 0.4264
vn 0.6427 -0.7211 0.2587
vn 0.8586 -0.3703 0.3544
vn 0.8405 -0.4713 0.2671
vn 0.4887 -0.8039 -0.3389
vn -0.2443 -0.8510 0.4649
vn -0.4740 -0.8690 -0.1423
vn -0.2442 -0.8510 0.4649
vn -0.8401 0.5025 0.2042
vn -0.8815 0.2834 0.3778
vn -0.7893 0.4893 0.3709
vn 0.8936 0.2038 0.3998
vn 0.8001 0.2745 0.5334
vn 0.9226 -0.2524 -0.2918
vn 0.7279 -0.6724 -0.1345
vn 0.9226 -0.2524 -0.2917
vn 0.9434 -0.1730 -0.2830
vn 0.9228 -0.1499 -0.3549
vn 0.8290 -0.4184 -0.3711
vn 0.7468 -0.3616 -0.5581
vn 0.6510 -0.7217 -0.2353
vn 0.4338 -0.8755 -0.2129
vn 0.7278 -0.6725 -0.1345
vn 0.5187 -0.8095 -0.2750
vn 0.7472 -0.6608 -0.0708
vn 0.7484 -0.6067 -0.2679
vn 0.5187 -0.8095 -0.2751
vn 0.6858 -0.5597 -0.4651
vn 0.7485 -0.6067 -0.2679
vn 0.4576 -0.7889 -0.4102
vn 0.6379 -0.7402 0.2126
vn 0.8258 -0.5191 0.2202
vn 0.6428 -0.7211 0.2586
vn 0.5564 0.8306 -0.0235
vn 0.1177 -0.9735 -0.1962
vn 0.2042 -0.9662 -0.1571
vn 0.1023 0.5663 -0.8179
vn 0.5671 0.1418 -0.8114
vn -0.0394 -0.6536 -0.7558
vn -0.4164 0.1022 -0.9034
vn 0.1263 0.9550 0.2684
vn -0.2986 0.9038 0.3065
vn -0.2203 0.9444 0.2440
vn -0.5653 0.7929 0.2277
vn -0.7564 0.6540 0.0158
vn -0.3469 0.8436 0.4099
vn -0.5274 0.6533 -0.5431
vn -0.4789 0.7772 -0.4082
vn -0.6355 0.6983 -0.3295
vn -0.6506 0.5409 -0.5330
vn -0.6355 0.6983 -0.3296
vn -0.5508 0.5823 -0.5980
vn 0.9279 0.2752 -0.2516
vn 0.9526 0.1103 -0.2834
vn 0.9082 0.3553 -0.2211
vn 0.9082 0.3554 -0.2212
vn 0.9460 0.1025 -0.3075
vn 0.0474 -0.9863 -0.1578
vn 0.2514 -0.9586 -0.1336
vn 0.3624 0.8903 0.2758
vn 0.4162 0.7303 0.5418
vn 0.4562 0.7944 0.4011
vn -0.6880 -0.1424 -0.7116
vn -0.9444 -0.1181 -0.3070
vn -0.7908 -0.2925 -0.5377
vn -0.5508 -0.7318 0.4013
vn -0.7564 -0.5595 0.3388
vn -0.5820 -0.7707 0.2595
vn -0.6774 -0.5357 0.5041
vn -0.5819 -0.7707 0.2595
vn -0.3933 -0.9045 0.1652
vn -0.3786 -0.8834 0.2761
vn -0.5679 -0.8046 0.1735
vn -0.3850 -0.7935 0.4713
vn -0.0708 0.9609 0.2678
vn 0.2446 0.9624 0.1184
vn 0.0238 0.8379 0.5454
vn 0.8726 0.0314 -0.4874
vn 0.4329 0.8973 -0.0865
vn 0.2435 0.9660 -0.0863
vn 0.2590 0.9654 0.0314
vn 0.8587 -0.3702 0.3545
vn 0.7502 -0.5053 0.4264
vn 0.8586 -0.3702 0.3545
vn 0.7773 -0.3062 0.5496
vn 0.5053 -0.7264 0.4658
vn 0.6860 -0.6308 0.3627
vn 0.6580 -0.7128 -0.2429
vn 0.6510 -0.7216 -0.2353
vn 0.6393 0.7341 -0.2288
vn 0.1967 0.9677 0.1574
vn 0.7051 0.4935 -0.5092
vn 0.9279 0.2752 -0.2517
vn 0.7805 0.2444 -0.5754
vn -0.7883 0.0236 -0.6149
vn -0.7024 0.0473 -0.7102
vn -0.8283 0.0946 -0.5522
vn -0.9481 -0.1422 -0.2845
vn -0.8488 0.0472 -0.5265
vn -0.6209 0.6995 -0.3537
vn -0.6134 0.7628 -0.2045
vn 0.4900 0.8061 0.3319
vn 0.6528 0.7316 0.1966
vn 0.3932 0.8964 0.2044
vn 0.4178 0.8986 0.1340
vn 0.6226 0.7724 0.1261
vn 0.6528 0.7315 0.1967
vn 0.4092 0.9048 0.1180
vn -0.9311 -0.2840 0.2289
vn -0.8740 -0.3700 0.3150
vn -0.8215 -0.3396 0.4581
vn -0.2994 -0.9458 -0.1261
vn -0.0237 -0.9952 -0.0947
vn -0.0079 -0.9975 0.0707
vn 0.8282 -0.0236 0.5600
vn 0.9051 -0.0078 0.4250
vn 0.4258 -0.8831 0.1971
vn 0.6473 -0.7421 0.1737
vn 0.6378 -0.7402 0.2126
vn 0.4266 -0.8769 0.2212
vn 0.4495 -0.8832 0.1341
vn 0.6603 -0.7469 0.0786
vn 0.6406 -0.7672 -0.0316
vn 0.4661 -0.8847 0.0079
vn 0.6974 -0.6975 -0.1645
vn -0.5180 0.5809 0.6279
vn -0.4903 0.7038 0.5140
vn -0.4089 0.6213 0.6684
vn 0.4251 -0.8817 -0.2047
vn 0.2200 -0.9663 -0.1336
vn 0.2685 -0.9475 -0.1737
vn 0.3849 -0.9035 -0.1885
vn 0.4723 0.8423 -0.2598
vn 0.4471 0.8944 -0.0078
vn 0.4952 0.4166 -0.7624
vn 0.4472 0.8944 -0.0078
vn 0.7580 0.6474 0.0790
vn 0.7730 0.4970 0.3944
vn 0.6222 0.6301 0.4646
vn 0.2444 0.4178 -0.8750
vn -0.2040 0.8788 0.4315
vn -0.4649 0.7485 0.4728
vn -0.5807 0.7297 0.3610
vn -0.3382 0.6999 0.6291
vn 0.8669 0.4099 -0.2837
vn 0.7558 0.6219 -0.2047
vn -0.7565 -0.5594 0.3388
vn -0.6775 -0.5356 0.5041
vn -0.8214 -0.3396 0.4581
vn -0.7568 -0.3626 0.5439
vn -0.8740 -0.3701 0.3150
vn -0.8214 -0.3397 0.4581
vn -0.8575 -0.4720 0.2046
vn -0.4092 -0.7711 -0.4878
vn -0.4642 -0.8418 -0.2754
vn -0.6446 -0.6604 -0.3852
vn -0.7001 -0.6766 -0.2281
vn 0.8105 0.0630 -0.5823
vn 0.0472 -0.9988 0.0157
vn 0.2683 -0.9630 0.0236
vn 0.9051 -0.0079 0.4250
vn 0.8282 -0.0237 0.5600
vn 0.5671 0.1418 -0.8113
vn 0.1102 -0.2834 -0.9527
vn -0.5735 -0.4634 -0.6755
vn 0.4952 0.4165 -0.7624
vn -0.1969 0.7641 -0.6143
vn -0.1967 0.9286 -0.3148
vn 0.1098 0.9027 -0.4160
vn 0.1023 0.9682 -0.2283
vn -0.1658 0.9553 -0.2447
vn 0.1416 0.9760 -0.1653
vn -0.0943 0.9672 -0.2359
vn -0.0473 0.9944 -0.0947
vn 0.1417 0.9760 -0.1653
vn 0.1971 0.9778 -0.0710
vn -0.0313 0.9970 0.0707
vn 0.1971 0.9778 -0.0709
vn 0.2047 0.9763 0.0708
vn -0.1183 0.9859 -0.1183
vn -0.4009 0.9120 -0.0865
vn -0.1892 0.9774 0.0946
vn -0.4104 0.9077 0.0868
vn -0.5427 0.8337 -0.1022
vn -0.6047 0.7933 -0.0707
vn -0.4010 0.9120 -0.0865
vn -0.3551 0.9154 -0.1894
vn -0.4105 0.9077 0.0868
vn -0.4104 0.9077 0.0869
vn -0.4017 0.8111 0.4252
vn 0.2200 -0.9663 -0.1335
vn -0.1809 -0.9832 -0.0236
vn -0.0868 -0.9947 -0.0552
vn 0.1725 -0.9805 -0.0941
vn -0.7089 0.6616 0.2442
vn -0.7892 0.4894 0.3709
vn -0.5753 0.7408 0.3467
vn 0.5563 0.8306 -0.0235
vn 0.3139 0.9493 0.0157
vn 0.3371 0.9407 0.0392
vn 0.5444 0.8364 0.0631
vn -0.8140 -0.3240 0.4821
vn -0.8350 -0.1261 0.5356
vn -0.8525 -0.1342 0.5052
vn -0.7741 -0.3475 0.5292
vn 0.2438 0.9594 0.1416
vn 0.3932 0.8965 0.2044
vn 0.2435 0.9346 0.2592
vn -0.4590 -0.8388 -0.2928
vn -0.1650 -0.9349 -0.3143
vn -0.5195 -0.8501 -0.0866
vn -0.8651 0.0786 0.4954
vn -0.3937 -0.8269 -0.4016
vn -0.4589 -0.8388 -0.2928
vn -0.4164 -0.8641 -0.2828
vn -0.4642 -0.8418 -0.2753
vn 0.2593 0.9586 0.1179
vn 0.4177 0.8986 0.1340
vn 0.2438 0.9594 0.1415
vn 0.2593 0.9586 0.1178
vn 0.2676 0.9603 0.0787
vn 0.4108 0.8609 -0.3002
vn 0.5671 0.1417 -0.8113
vn 0.1022 0.5662 -0.8179
vn -0.6709 -0.6710 -0.3157
vn -0.1259 -0.9915 0.0315
vn -0.2368 0.9708 0.0395
vn -0.4172 0.8817 0.2204
vn -0.2207 0.9536 0.2049
vn -0.3398 0.9405 0.0079
vn -0.4186 0.8846 -0.2053
vn -0.2368 0.9708 0.0394
vn -0.1581 0.9406 -0.3004
vn -0.1813 0.8828 -0.4334
vn -0.3852 0.8647 -0.3223
vn -0.1421 0.9550 -0.2604
vn -0.1581 0.9406 -0.3003
vn -0.4413 0.8513 -0.2838
vn -0.4414 0.8513 -0.2838
vn -0.1421 0.9550 -0.2605
vn -0.4414 0.8513 -0.2837
vn -0.1815 0.9706 -0.1578
vn -0.4948 0.8639 -0.0943
vn -0.5212 0.8529 0.0316
vn -0.1816 0.9706 -0.1578
vn -0.4948 0.8639 -0.0942
vn -0.2443 0.9692 -0.0315
vn 0.0315 0.9692 -0.2443
vn -0.1580 0.9406 -0.3004
vn 0.0631 0.9386 -0.3391
vn 0.1416 0.8657 -0.4800
vn -0.1812 0.8827 -0.4335
vn 0.1817 0.9006 -0.3950
vn 0.0472 0.9824 -0.1807
vn 0.0315 0.9692 -0.2442
vn -0.1420 0.9550 -0.2605
vn 0.0472 0.9824 -0.1808
vn -0.1815 0.9706 -0.1579
vn -0.2442 0.9692 -0.0315
vn 0.0471 0.9824 -0.1808
vn -0.1815 0.9707 -0.1578
vn 0.0474 0.9957 -0.0791
vn 0.0474 0.9957 -0.0790
vn -0.2828 0.9587 0.0314
vn 0.0471 0.9986 0.0236
vn -0.2764 0.9556 0.1026
vn 0.0472 0.9986 0.0236
vn 0.0394 0.9947 0.0947
vn 0.2133 0.9641 -0.1581
vn 0.2435 0.9661 -0.0864
vn 0.0395 0.9947 0.0947
vn 0.2684 -0.9475 -0.1737
vn -0.0868 -0.9947 -0.0553
vn -0.0236 -0.9927 -0.1182
vn -0.1502 0.8140 0.5611
vn -0.5121 0.8589 0.0079
vn -0.6904 0.5492 0.4708
vn 0.7558 0.6220 -0.2047
vn 0.7262 0.6630 -0.1816
vn -0.7658 0.4263 0.4816
vn -0.7893 0.4893 0.3710
vn 0.0235 0.0785 0.9966
vn -0.6905 0.5492 0.4707
vn -0.4814 -0.3078 0.8207
vn 0.3396 0.4581 0.8215
vn -0.1501 0.8140 0.5611
vn -0.8296 0.2528 0.4978
vn -0.8651 0.0787 0.4954
vn 0.5609 0.5055 0.6556
vn 0.8001 0.2746 0.5334
vn 0.6054 0.5896 0.5346
vn 0.6440 0.2278 0.7303
vn 0.3711 0.9238 0.0947
vn 0.5265 0.8252 0.2043
vn -0.3472 -0.9074 -0.2367
vn -0.3781 -0.9136 -0.1497
vn 0.3943 0.7098 0.5837
vn 0.2837 0.7013 0.6540
vn -0.3455 -0.8559 0.3847
vn -0.5197 -0.8032 0.2913
vn -0.8283 0.0158 0.5601
vn -0.6619 0.0394 0.7485
vn 0.6222 0.6301 0.4647
vn 0.4092 -0.8814 -0.2361
vn 0.2985 -0.9268 -0.2278
vn 0.4338 -0.8755 -0.2130
vn 0.4092 -0.8814 -0.2360
vn 0.2982 -0.8868 -0.3531
vn 0.4575 -0.7889 -0.4102
vn 0.2982 -0.8868 -0.3532
vn 0.4237 -0.7376 -0.5257
vn 0.2996 -0.7726 -0.5597
vn -0.6158 -0.4816 0.6236
vn -0.7864 -0.3224 0.5269
vn -0.7741 -0.3476 0.5292
vn 0.2836 0.7013 0.6540
vn 0.4728 -0.5437 0.6934
vn 0.1422 -0.9878 -0.0632
vn -0.2590 -0.9656 -0.0236
vn 0.5993 0.7570 -0.2602
vn 0.7946 0.5744 -0.1967
vn 0.5437 0.8195 -0.1812
vn 0.7775 0.5577 -0.2906
vn 0.5266 0.7074 -0.4716
vn 0.5437 0.8194 -0.1812
vn 0.5684 0.8130 -0.1263
vn 0.7262 0.6631 -0.1816
vn 0.0315 -0.9816 -0.1884
vn 0.3396 -0.9320 -0.1264
vn 0.1414 -0.9898 0.0157
vn 0.7188 -0.5609 -0.4108
vn -0.8154 0.0862 0.5724
vn -0.8651 0.0786 0.4955
vn -0.8350 -0.1260 0.5356
vn 0.1104 -0.8982 0.4255
vn 0.3769 -0.8795 0.2906
vn 0.3769 -0.8795 0.2905
vn 0.4651 -0.8830 0.0631
vn 0.3064 -0.9507 -0.0471
vn 0.4977 -0.8612 -0.1027
vn 0.8475 0.3296 0.4159
vn 0.6705 0.5127 0.5364
vn 0.7657 0.3158 0.5604
vn 0.6295 -0.7474 0.2124
vn 0.0237 -0.9630 -0.2684
vn -0.5590 -0.7164 0.4174
vn 0.7942 -0.5976 -0.1101
vn -0.8900 -0.1418 0.4333
vn -0.6904 0.5493 0.4707
vn -0.9136 -0.0630 -0.4017
vn -0.4813 -0.3078 0.8207
vn -0.3072 -0.9453 0.1102
vn -0.2590 -0.9656 -0.0235
vn -0.8296 0.2529 0.4978
vn -0.1260 -0.9915 0.0315
vn -0.3789 0.8130 0.4420
vn -0.5807 0.7298 0.3609
vn -0.4649 0.7486 0.4727
vn -0.5519 0.8042 0.2208
vn -0.3381 0.6999 0.6291
vn -0.3789 0.8130 0.4421
vn -0.4649 0.7486 0.4728
vn 0.0079 0.7266 0.6871
vn -0.4173 0.8816 0.2204
vn -0.5652 0.7929 0.2277
vn 0.6440 0.2277 0.7303
vn 0.6700 -0.0473 0.7409
vn 0.2052 0.9786 -0.0158
vn 0.3396 0.4582 0.8214
vn -0.7892 0.4894 0.3710
vn -0.6296 0.5981 0.4958
vn -0.5753 0.7408 0.3468
vn -0.7658 0.4263 0.4815
vn -0.4400 -0.8880 -0.1336
vn -0.1738 -0.9558 -0.2370
vn -0.2588 -0.9489 -0.1804
vn -0.8495 -0.0944 -0.5192
vn -0.6507 0.1019 -0.7525
vn -0.6879 -0.1423 -0.7117
vn -0.8585 0.0945 -0.5041
vn 0.2510 -0.9648 -0.0784
vn 0.2437 -0.9673 0.0708
vn -0.0078 -0.9975 0.0707
vn 0.2510 -0.9648 -0.0785
vn -0.1336 -0.9345 0.3299
vn -0.3850 -0.7935 0.4714
vn -0.1420 -0.8516 0.5046
vn -0.3786 -0.8834 0.2760
vn -0.1893 -0.9619 0.1971
vn -0.1335 -0.9345 0.3298
vn -0.3932 -0.9045 0.1652
vn -0.2443 -0.9692 0.0316
vn 0.3220 0.9189 -0.2278
vn 0.3069 0.9444 -0.1181
vn 0.1024 0.9682 -0.2282
vn 0.1099 0.9027 -0.4160
vn 0.3784 0.7490 -0.5439
vn 0.0788 -0.9703 -0.2288
vn 0.0393 -0.9992 0.0078
vn -0.2591 -0.9656 -0.0235
vn -0.5503 -0.8255 0.1258
vn -0.5361 -0.8436 0.0315
vn -0.5289 -0.8052 0.2684
vn -0.3136 -0.8935 0.3213
vn -0.2763 -0.7972 0.5367
vn -0.5289 -0.8051 0.2684
vn -0.5921 -0.6789 0.4342
vn -0.6546 -0.7098 0.2603
vn -0.6546 -0.7098 0.2602
vn -0.5503 -0.8254 0.1258
vn -0.6611 -0.7319 0.1653
vn -0.5920 -0.6789 0.4342
vn -0.3937 -0.8268 -0.4016
vn 0.6531 -0.4091 -0.6373
vn -0.1575 -0.9608 -0.2283
vn -0.1342 -0.9783 -0.1578
vn -0.3780 -0.9136 -0.1497
vn -0.0000 1.0000 -0.0000
vn -0.1576 -0.9607 -0.2284
vn -0.4163 -0.8641 -0.2828
vn -0.1811 -0.8582 -0.4803
vn -0.3472 -0.9074 -0.2368
vn -0.8651 0.0787 0.4955
vn -0.8154 0.0863 0.5724
vn -0.7350 0.2450 0.6322
vn -0.3780 -0.9136 -0.1496
vn 0.5980 -0.1889 0.7789
vn 0.8832 -0.1577 0.4416
vn 0.8241 -0.1020 0.5572
vn 0.7380 -0.3297 0.5888
vn 0.6209 -0.3379 0.7073
vn 0.0395 0.9947 0.0948
vn 0.0158 0.9909 0.1337
vn 0.4573 -0.8120 0.3626
vn 0.7501 -0.5054 0.4264
vn 0.5655 -0.6598 0.4948
vn 0.8743 0.2836 0.3938
vn 0.9195 0.1100 0.3773
vn 0.9064 0.1025 0.4098
vn 0.8476 0.3296 0.4159
vn 0.7657 0.3157 0.5604
vn 0.8030 0.1260 0.5825
vn 0.7656 0.3157 0.5605
vn 0.5121 0.1182 0.8508
vn 0.8659 -0.4565 -0.2047
vn 0.8654 -0.1889 -0.4641
vn 0.9006 -0.3871 -0.1975
vn 0.8269 -0.3937 -0.4016
vn 0.6253 -0.3007 -0.7201
vn -0.6785 -0.2998 0.6706
vn -0.8350 -0.1260 0.5357
vn -0.7079 -0.0944 0.7000
vn -0.0000 0.9862 0.1657
vn -0.8181 0.3698 -0.4405
vn -0.8778 0.4468 -0.1725
vn -0.6384 0.4414 -0.6305
vn -0.5351 0.3935 -0.7476
vn -0.4554 0.5417 -0.7065
vn 0.0394 -0.9992 0.0079
vn -0.0078 -0.9754 0.2202
vn 0.4259 -0.8754 0.2287
vn 0.6427 -0.7211 0.2586
vn 0.5345 -0.5817 -0.6131
vn 0.4238 -0.7376 -0.5257
vn -0.3398 0.9404 0.0079
vn -0.5601 0.8284 -0.0078
vn 0.8021 0.4562 0.3854
vn 0.6704 0.5127 0.5363
vn 0.6674 0.6752 0.3141
vn 0.5742 -0.0315 0.8181
vn 0.7078 -0.5034 0.4955
vn -0.7295 0.0471 0.6824
vn -0.0788 0.9685 -0.2362
vn -0.1184 0.9859 -0.1183
vn -0.2906 0.9425 -0.1650
vn -0.0790 0.9787 -0.1894
vn -0.0628 0.9969 -0.0471
vn -0.2444 0.9696 -0.0158
vn 0.0392 0.9813 -0.1884
vn -0.1736 0.9786 -0.1105
vn -0.1261 0.8589 -0.4964
vn -0.3534 0.9346 -0.0393
vn -0.4262 0.8997 -0.0947
vn -0.2906 0.9425 -0.1649
vn -0.5427 0.8337 -0.1023
vn -0.4877 0.8730 0.0079
vn -0.6406 0.7672 0.0317
vn -0.6048 0.7932 -0.0707
vn -0.5990 0.7960 0.0866
vn 0.5028 -0.0000 -0.8644
vn -0.0002 -0.0000 -1.0000
vn 0.8643 -0.0000 -0.5029
vn 0.0001 -0.0000 -1.0000
vn 0.8644 -0.0000 -0.5029
vn -0.5029 -0.0000 -0.8644
vn 1.0000 -0.0000 -0.0000
vn 0.8644 -0.0000 0.5029
vn -0.8643 -0.0000 -0.5029
vn -0.8644 -0.0000 -0.5029
vn -1.0000 -0.0000 -0.0000
vn -0.8644 -0.0000 0.5029
vn -0.5029 -0.0000 0.8644
vn 0.0001 -0.0000 1.0000
vn -0.0002 -0.0000 1.0000
vn 0.5029 -0.0000 0.8644
vn 0.8643 -0.0000 0.5029
vn 0.4900 0.8061 0.3320
vn 0.6053 0.5897 0.5346
vn 0.3240 0.8140 0.4821
vn 0.7087 0.3859 0.5906
vn -0.1884 -0.3688 0.9102
vn -0.6710 -0.6551 -0.3473
vn -0.0394 -0.6535 -0.7559
vn 0.5036 -0.5272 0.6845
vn 0.3623 -0.4726 0.8034
vn 0.3069 0.8027 0.5114
vn 0.1027 -0.8373 -0.5371
vn 0.0553 -0.9390 -0.3393
vn -0.0000 -0.8782 -0.4783
vn 0.0315 -0.9816 -0.1885
vn 0.0553 -0.9391 -0.3393
vn 0.5448 -0.6237 0.5605
vn 0.5041 -0.5907 0.6301
vn 0.6209 -0.3380 0.7073
vn 0.3947 -0.8763 0.2763
vn -0.7657 0.4816 -0.4263
vn -0.8094 0.5344 -0.2436
vn 0.4899 0.8061 0.3319
vn 0.3932 0.8964 0.2045
vn -0.6158 -0.4815 0.6237
vn -0.5842 -0.4895 0.6474
vn -0.7567 -0.3626 0.5439
vn 0.1178 -0.9735 -0.1963
vn 0.3383 -0.9363 -0.0944
vn 0.4003 -0.9107 -0.1020
vn 0.2043 -0.9662 -0.1571
vn 0.4004 -0.9107 -0.1021
vn 0.4101 -0.9071 -0.0947
vn 0.4102 -0.9071 -0.0946
vn 0.3952 -0.9169 0.0553
vn 0.2438 -0.9672 0.0707
vn -0.6782 0.4022 0.6151
vn -0.7658 0.4262 0.4816
vn -0.7350 0.2450 0.6323
vn 0.5036 -0.5272 0.6844
vn 0.3068 0.8026 0.5115
vn 0.5042 0.4569 0.7328
vn 0.8022 0.4561 0.3854
vn 0.8568 0.3144 0.4088
vn 0.8610 0.3476 0.3713
vn 0.6705 0.5126 0.5364
vn -0.8969 -0.0394 0.4406
vn -0.8650 -0.2909 0.4089
vn -0.7659 -0.2684 0.5843
vn -0.8084 0.0078 0.5886
vn -0.8744 -0.2835 0.3938
vn -0.8966 -0.0472 0.4404
vn 0.7299 0.6828 -0.0314
vn 0.3397 0.4581 0.8214
vn -0.9622 0.1025 -0.2524
vn -0.8669 0.1576 -0.4728
vn -0.9481 -0.1422 -0.2844
vn -0.0314 0.9970 0.0707
vn -0.2206 0.9536 0.2049
vn 0.0078 0.9754 0.2202
vn -0.2367 0.9708 0.0395
vn -0.2367 0.9708 0.0394
vn -0.0315 0.9970 0.0706
vn 0.6858 -0.5597 -0.4652
vn 0.5346 -0.5817 -0.6131
vn 0.6530 -0.4091 -0.6373
vn 0.6151 -0.4022 -0.6782
vn -0.9033 0.3928 0.1728
vn -0.2996 0.9539 -0.0158
vn -0.2750 -0.9510 -0.1415
vn 0.0314 -0.9816 -0.1884
vn -0.0237 -0.9927 -0.1182
vn -0.3536 -0.9351 -0.0236
vn 0.7400 0.6062 0.2913
vn 0.0235 0.9351 0.3536
vn 0.4723 0.8423 -0.2597
vn -0.1967 0.7709 0.6058
vn 0.0236 0.9351 0.3536
vn -0.5271 -0.4326 0.7315
vn -0.7740 -0.3476 0.5292
vn -0.6158 -0.4815 0.6236
vn -0.6785 -0.2999 0.6706
vn -0.2203 0.9285 0.2990
vn -0.7173 -0.6464 0.2601
vn -0.5761 -0.7970 0.1815
vn -0.7804 -0.6070 0.1498
vn -0.5583 -0.8020 0.2123
vn -0.7180 -0.6944 0.0474
vn -0.5177 -0.8550 0.0314
vn 0.7155 0.5425 -0.4402
vn -0.4084 -0.9111 0.0550
vn -0.0869 -0.9947 -0.0553
vn -0.4869 -0.8717 0.0550
vn 0.6054 0.5897 0.5346
vn 0.5608 0.5056 0.6556
vn 0.3711 0.5685 0.7342
vn -0.6069 0.7329 -0.3074
vn 0.1102 -0.2834 -0.9526
vn 0.2987 -0.7626 -0.5738
vn -0.5588 0.7950 0.2361
vn -0.3469 0.8833 0.3154
vn -0.6619 0.0394 0.7486
vn 0.5206 -0.3628 -0.7729
vn 0.5572 -0.1020 -0.8241
vn 0.6903 -0.1177 -0.7138
vn 0.5877 -0.4231 -0.6896
vn -0.4009 0.9120 0.0866
vn -0.0236 0.9936 -0.1104
vn -0.7657 0.4263 0.4816
vn -0.5993 0.5125 0.6150
vn 0.4472 0.8944 -0.0079
vn 0.5639 0.6736 0.4778
vn 0.7580 0.6475 0.0789
vn -0.3536 -0.9351 -0.0235
vn -0.5760 -0.7970 0.1815
vn -0.4085 -0.9111 0.0550
vn -0.5582 -0.8176 0.1415
vn -0.5581 -0.8176 0.1415
vn -0.6127 -0.7856 0.0864
vn 0.3220 -0.2277 -0.9189
vn 0.0079 -0.5601 -0.8284
vn 0.7239 -0.4957 -0.4799
vn 0.7502 -0.5054 0.4265
vn 0.5448 -0.6237 0.5606
vn 0.5655 -0.6598 0.4949
vn -0.8969 -0.0393 0.4405
vn -0.8899 0.1653 0.4252
vn -0.8847 0.2053 0.4186
vn -0.8969 -0.0393 0.4406
vn -0.8898 0.1654 0.4253
vn -0.8750 0.2444 0.4178
vn -0.8846 0.2053 0.4186
vn -0.9260 -0.0235 0.3767
vn -0.8966 -0.0471 0.4404
vn -0.9254 0.1568 0.3451
vn 0.8574 -0.3225 0.4012
vn 0.9020 -0.1412 0.4079
vn 0.3154 0.9463 -0.0710
vn 0.0550 0.9977 -0.0393
vn 0.0707 0.9972 0.0235
vn 0.3138 0.9494 0.0157
vn 0.3000 0.9394 -0.1658
vn 0.0711 0.9873 -0.1421
vn 0.0707 0.9972 0.0236
vn 0.1027 0.9947 -0.0000
vn 0.0473 -0.9686 0.2441
vn 0.2923 -0.9322 0.2133
vn 0.2743 -0.9325 0.2351
vn 0.0632 -0.9867 0.1500
vn 0.4266 -0.8770 0.2212
vn 0.2906 -0.9425 0.1649
vn 0.2684 -0.9630 0.0237
vn 0.2906 -0.9425 0.1650
vn 0.4494 -0.8832 0.1341
vn 0.6456 0.7637 0.0079
vn 0.6674 0.6753 0.3141
vn 0.5651 0.7457 0.3531
vn -0.2446 0.8128 -0.5287
vn -0.5807 0.7298 0.3610
vn -0.4903 0.7039 0.5140
vn -0.6630 0.6788 0.3157
vn -0.4731 -0.6308 0.6150
vn -0.6774 -0.5356 0.5042
vn 0.4886 -0.8040 -0.3389
vn 0.9834 -0.1810 0.0078
vn 0.8992 0.2446 -0.3628
vn 0.6294 -0.7474 0.2125
vn -0.1883 -0.3688 0.9102
vn -0.1731 -0.5821 0.7945
vn 0.1817 -0.7663 -0.6162
vn 0.2434 0.9346 0.2592
vn 0.0079 0.9696 0.2444
vn 0.6903 -0.1177 -0.7139
vn 0.6544 -0.1499 -0.7411
vn 0.6619 -0.1576 -0.7328
vn 0.0157 0.9020 0.4314
vn 0.5257 -0.8239 -0.2118
vn 0.5828 -0.8112 -0.0473
vn -0.4010 0.9120 0.0865
vn -0.5508 -0.7318 0.4014
vn -0.5590 -0.7165 0.4173
vn -0.8753 -0.4415 -0.1971
vn 0.1258 0.9905 0.0550
vn -0.3145 0.8098 0.4953
vn -0.1421 0.9077 0.3947
vn 0.0552 -0.9391 -0.3393
vn -0.2437 -0.9277 -0.2830
vn 0.0314 -0.9816 -0.1885
vn 0.8003 -0.1491 -0.5807
vn 0.6381 0.0945 -0.7641
vn 0.4875 0.8651 -0.1180
vn 0.3069 0.9444 -0.1180
vn 0.4704 0.8782 -0.0863
vn 0.4882 0.8584 -0.1575
vn 0.3070 0.9444 -0.1180
vn 0.4875 0.8651 -0.1179
vn 0.3220 0.9189 -0.2277
vn 0.6067 0.7565 -0.2443
vn 0.3785 0.7489 -0.5439
vn -0.8650 -0.2910 0.4089
vn -0.7926 -0.5179 0.3218
vn -0.7239 -0.4799 0.4957
vn -0.8743 -0.2836 0.3938
vn -0.8129 -0.5208 0.2605
vn -0.9082 -0.2211 0.3554
vn -0.8129 -0.5209 0.2605
vn -0.8743 -0.2836 0.3939
vn -0.9228 -0.2840 0.2603
vn -0.9486 -0.3083 0.0711
vn -0.7961 -0.5990 0.0867
vn -0.6783 -0.6389 -0.3628
vn -0.4248 -0.7865 -0.4483
vn -0.4866 -0.7457 -0.4552
vn 0.9761 0.1575 0.1496
vn 0.8568 0.3144 0.4087
vn 0.8165 -0.5652 0.1178
vn 0.9232 -0.3630 0.1263
vn 0.8040 -0.4650 0.3705
vn 0.7000 -0.4247 0.5741
vn 0.7380 -0.3298 0.5888
vn 0.5877 -0.4232 -0.6896
vn 0.3691 -0.6125 -0.6989
vn 0.8004 -0.1491 -0.5807
vn 0.7468 -0.3616 -0.5582
vn 0.1967 0.9678 0.1573
vn 0.1657 -0.9708 -0.1736
vn -0.1341 -0.9783 -0.1578
vn -0.1575 -0.9608 -0.2284
vn 0.1729 -0.9667 -0.1886
vn -0.4795 -0.0944 0.8725
vn -0.3228 0.5590 0.7638
vn 0.2996 -0.7726 -0.5598
vn 0.3691 -0.6126 -0.6989
vn -0.6296 0.5982 0.4958
vn -0.4256 0.7173 0.5517
vn -0.6611 0.0630 0.7476
vn -0.3228 0.5590 0.7637
vn 0.1260 0.8350 0.5357
vn 0.9021 -0.1412 0.4079
vn 0.9064 0.1024 0.4099
vn -0.8609 0.3002 0.4107
vn -0.7171 0.4728 0.5122
vn -0.7866 0.5113 0.3461
vn -0.7738 0.2448 0.5843
vn 0.3143 -0.4557 -0.8328
vn 0.3691 -0.6125 -0.6990
vn 0.5205 -0.3628 -0.7729
vn -0.7738 0.2448 0.5842
vn -0.8609 0.3001 0.4107
vn 0.5263 0.1728 -0.8326
vn 0.6903 -0.1176 -0.7139
vn 0.5573 -0.1020 -0.8240
vn 0.5854 0.2373 -0.7752
vn 0.4102 -0.9071 -0.0947
vn 0.5533 -0.8300 0.0711
vn 0.5752 -0.8116 -0.1024
vn 0.5990 -0.7961 -0.0867
vn 0.4004 -0.9106 -0.1020
vn -0.9104 0.3453 -0.2277
vn -0.3789 0.8131 0.4420
vn -0.2987 0.9038 0.3065
vn -0.2040 0.8787 0.4315
vn 0.6705 0.5127 0.5363
vn -0.2751 -0.9509 -0.1414
vn -0.5177 -0.8550 0.0313
vn -0.4959 -0.8580 -0.1338
vn -0.8181 0.3697 -0.4406
vn -0.6506 0.1020 -0.7525
vn -0.5351 0.3934 -0.7476
vn -0.6506 0.1019 -0.7525
vn -0.6384 0.4413 -0.6306
vn -0.5035 0.1573 -0.8496
vn -0.4553 0.5417 -0.7066
vn -0.5034 0.1574 -0.8496
vn -0.2130 0.3629 -0.9072
vn -0.7483 0.5750 0.3309
vn -0.6716 0.6874 0.2766
vn -0.6362 0.7461 0.1964
vn -0.8357 0.4258 0.3469
vn 0.9558 0.1738 -0.2370
vn 0.8423 0.4723 -0.2598
vn 0.9291 0.3307 -0.1654
vn 0.5042 0.4570 0.7327
vn 0.3069 0.8026 0.5115
vn -0.2671 0.9110 -0.3141
vn -0.8846 0.2054 0.4186
vn -0.8751 0.2444 0.4178
vn -0.8357 0.4257 0.3469
vn -0.8898 0.1654 0.4252
vn 0.1177 -0.9496 -0.2904
vn -0.1737 -0.9559 -0.2370
vn -0.6355 -0.7689 0.0706
vn -0.8129 -0.5209 0.2604
vn -0.7960 -0.5990 0.0867
vn -0.6611 -0.7319 0.1652
vn -0.7804 -0.6070 0.1497
vn -0.7926 -0.5180 0.3217
vn -0.7804 -0.6071 0.1498
vn -0.6128 -0.7855 0.0864
vn -0.7926 -0.5180 0.3218
vn -0.7238 -0.4800 0.4957
vn -0.4984 -0.6170 0.6091
vn -0.5826 -0.4251 0.6927
vn -0.9104 0.3454 -0.2276
vn -0.8094 0.5343 -0.2436
vn 0.5672 0.1417 -0.8113
vn 0.4951 0.4166 -0.7624
vn 0.2987 -0.7625 -0.5739
vn 0.7299 0.6829 -0.0314
vn -0.5756 -0.8122 -0.0946
vn -0.3079 -0.9080 -0.2842
vn -0.7151 -0.6915 -0.1021
vn -0.2518 -0.9442 -0.2124
vn -0.4960 0.3306 0.8029
vn 0.3156 0.9468 0.0631
vn 0.1972 0.9778 -0.0709
vn 0.1972 0.9778 -0.0710
vn 0.7804 0.2444 -0.5755
vn 0.5894 0.2672 -0.7623
vn 0.8105 0.0630 -0.5824
vn -0.8906 -0.4019 -0.2128
vn -0.3313 -0.8677 -0.3707
vn -0.2518 -0.9442 -0.2125
vn -0.0315 -0.7949 -0.6060
vn -0.3079 -0.9080 -0.2843
vn -0.0552 -0.7255 -0.6860
vn -0.4028 -0.5766 -0.7108
vn -0.6446 -0.6603 -0.3853
vn -0.7356 -0.4588 -0.4984
vn -0.4092 -0.7711 -0.4879
vn -0.4028 -0.5766 -0.7109
vn -0.1341 -0.4337 -0.8910
vn -0.1497 -0.6460 -0.7485
vn -0.4561 -0.4011 -0.7944
vn -0.4562 -0.4011 -0.7943
vn -0.7907 -0.2926 -0.5377
vn -0.4029 -0.5765 -0.7108
vn -0.4562 -0.4011 -0.7944
vn -0.2448 -0.1106 -0.9632
vn -0.5046 -0.1419 -0.8516
vn -0.7907 -0.2926 -0.5378
vn -0.5047 -0.1420 -0.8516
vn 0.8677 0.4970 0.0079
vn 0.6456 0.7636 0.0079
vn 0.8022 0.4561 0.3853
vn -0.3634 -0.8612 -0.3555
vn -0.2119 -0.8083 -0.5493
vn -0.0315 -0.7949 -0.6059
vn 0.5917 0.1657 -0.7889
vn 0.6544 -0.1497 -0.7411
vn 0.9830 -0.1337 0.1258
vn 0.9064 0.1024 0.4098
vn 0.9021 -0.1411 0.4079
vn 0.9761 0.1574 0.1496
vn -0.7559 -0.6535 -0.0394
vn -0.7266 -0.6477 -0.2290
vn 0.9349 0.3535 0.0315
vn 0.8610 0.3475 0.3713
vn -0.6611 0.0630 0.7477
vn -0.4873 0.0393 0.8723
vn -0.4869 -0.8717 0.0549
vn -0.1810 -0.9832 -0.0236
vn -0.2591 -0.9656 -0.0236
vn 0.4573 -0.8120 0.3627
vn 0.5447 -0.6237 0.5605
vn 0.2676 -0.8262 0.4957
vn -0.9120 -0.4010 0.0865
vn -0.7181 -0.6943 0.0474
vn -0.8639 -0.4319 0.2592
vn -0.7173 -0.6463 0.2601
vn -0.7805 -0.6070 0.1498
vn -0.8639 -0.4320 0.2592
vn -0.9017 -0.3322 0.2768
vn -0.8610 0.3002 0.4107
vn -0.4257 0.7172 0.5517
vn -0.5992 0.5125 0.6150
vn -0.3698 0.6451 0.6687
vn -0.6296 0.5981 0.4959
vn -0.3000 -0.8685 -0.3947
vn -0.5734 -0.4634 -0.6756
vn -0.1730 -0.5821 0.7945
vn 0.2371 -0.6165 0.7508
vn 0.3396 0.4581 0.8214
vn 0.0235 0.0784 0.9966
vn 0.2371 -0.6164 0.7509
vn 0.0628 -0.9420 0.3297
vn -0.2437 -0.9276 -0.2831
vn -0.1730 -0.8729 -0.4561
vn 0.0552 -0.9390 -0.3393
vn 0.1422 -0.9325 -0.3319
vn 0.1657 -0.9708 -0.1737
vn -0.3383 -0.8654 -0.3698
vn -0.2437 -0.9276 -0.2830
vn -0.4635 -0.8563 -0.2279
vn -0.4635 -0.8563 -0.2278
vn -0.2751 -0.9510 -0.1415
vn 0.0708 0.6607 0.7473
vn -0.0472 0.7483 0.6617
vn 0.2674 0.9597 -0.0865
vn -0.0157 0.9998 0.0079
vn 0.2445 0.9624 0.1183
vn -0.5982 0.6532 0.4643
vn 0.5040 -0.5907 0.6301
vn 0.2676 -0.8262 0.4958
vn 0.2678 -0.6930 0.6693
vn 0.2676 -0.8263 0.4957
vn 0.2212 -0.9082 0.3554
vn 0.4572 -0.8121 0.3627
vn 0.6439 0.2277 0.7304
vn 0.4167 -0.0943 0.9041
vn 0.6699 -0.0473 0.7409
vn 0.3856 0.1809 0.9048
vn 0.0394 0.9947 0.0948
vn -0.2514 0.9586 0.1336
vn 0.0157 0.9909 0.1337
vn -0.2764 0.9555 0.1027
vn -0.1893 0.9704 0.1499
vn -0.2203 0.9444 0.2439
vn 0.1257 0.9905 0.0551
vn -0.3000 0.9475 0.1105
vn 0.1026 0.9947 -0.0000
vn 0.0706 0.9972 0.0235
vn -0.2681 0.9622 0.0473
vn -0.4959 0.3307 0.8029
vn -0.4173 0.5275 0.7400
vn 0.5608 0.5055 0.6557
vn 0.3855 0.1810 0.9048
vn 0.6439 0.2278 0.7304
vn 0.3711 0.5684 0.7343
vn -0.4710 -0.8244 -0.3140
vn -0.3634 -0.8611 -0.3555
vn -0.5756 -0.8122 -0.0947
vn 0.1261 0.8350 0.5357
vn 0.8016 0.4637 0.3773
vn 0.8017 0.4637 0.3772
vn 0.4107 0.8609 -0.3001
vn 0.3550 -0.4180 0.8362
vn 0.6209 -0.3379 0.7074
vn 0.4167 -0.0944 0.9041
vn -0.4255 0.8982 0.1103
vn -0.3381 0.9279 0.1573
vn -0.1807 0.9586 0.2200
vn -0.8906 -0.4020 -0.2128
vn -0.8525 -0.3237 -0.4104
vn -0.7267 -0.6476 -0.2291
vn -0.6784 -0.6389 -0.3628
vn -0.7716 -0.4172 -0.4802
vn 0.3770 -0.8795 0.2905
vn 0.6610 -0.7397 0.1259
vn 0.4623 -0.7835 0.4152
vn 0.4652 -0.8830 0.0631
vn 0.6619 -0.7329 -0.1576
vn 0.4652 -0.8830 0.0630
vn 0.4978 -0.8612 -0.1027
vn -0.3556 -0.6244 0.6955
vn -0.2126 -0.7402 0.6378
vn -0.1419 -0.8516 0.5047
vn -0.2127 -0.7402 0.6379
vn -0.5747 -0.1575 0.8030
vn -0.3930 -0.2908 0.8724
vn -0.4873 0.0393 0.8724
vn -0.6611 0.0629 0.7477
vn 0.3711 0.5685 0.7343
vn 0.0708 0.6608 0.7472
vn 0.1735 0.5206 0.8360
vn 0.3624 0.8903 0.2757
vn 0.2446 0.9624 0.1183
vn 0.2675 0.9597 -0.0865
vn 0.1027 -0.8372 -0.5371
vn 0.1104 -0.6623 -0.7411
vn 0.3545 0.7876 -0.5041
vn 0.3779 0.6141 -0.6928
vn 0.2918 0.7256 -0.6231
vn 0.5266 0.7073 -0.4716
vn 0.4018 0.8508 -0.3388
vn 0.5993 0.7570 -0.2603
vn 0.7051 0.4936 -0.5092
vn 0.5269 0.5348 -0.6606
vn 0.5265 0.7073 -0.4716
vn 0.4809 0.4809 -0.7331
vn -0.8965 -0.0472 0.4404
vn -0.9260 -0.0236 0.3767
vn -0.8743 -0.2835 0.3939
vn -0.9736 -0.0157 0.2277
vn -0.9261 -0.0236 0.3767
vn -0.9228 -0.2839 0.2603
vn -0.9979 -0.0157 0.0629
vn -0.9486 -0.3083 0.0712
vn -0.9136 -0.0631 -0.4016
vn -0.6905 0.5492 0.4708
vn -0.5122 0.8588 0.0079
vn 0.1501 0.9871 -0.0553
vn 0.7155 0.5425 -0.4403
vn 0.4744 0.8303 0.2926
vn -0.6308 -0.3627 0.6860
vn -0.4794 -0.0944 0.8725
vn -0.2919 -0.6231 0.7257
vn -0.6157 -0.4815 0.6237
vn -0.3557 -0.6243 0.6955
vn -0.9361 0.3461 0.0630
vn -0.7483 0.5750 0.3308
vn -0.8825 0.4649 0.0709
vn -0.1730 -0.8729 -0.4562
vn 0.1026 -0.8372 -0.5371
vn -0.2986 -0.5421 0.7855
vn -0.6157 -0.4816 0.6237
vn -0.2919 -0.6231 0.7256
vn -0.5270 -0.4327 0.7315
vn -0.6785 -0.2998 0.6707
vn -0.5270 -0.4326 0.7315
vn -0.7078 -0.0944 0.7000
vn -0.7078 -0.0943 0.7000
vn -0.5748 -0.1574 0.8030
vn -0.7294 0.0471 0.6824
vn 0.0472 -0.4562 -0.8886
vn 0.3691 -0.6126 -0.6990
vn 0.9196 0.1100 0.3772
vn 0.8030 0.1259 0.5825
vn 0.3137 -0.9256 -0.2117
vn 0.0789 -0.9703 -0.2287
vn 0.3064 -0.9507 -0.0472
vn 0.4876 0.8650 -0.1180
vn 0.4705 0.8782 -0.0863
vn 0.6767 0.7240 -0.1338
vn 0.6798 0.7273 -0.0949
vn 0.4883 0.8584 -0.1575
vn 0.4876 0.8651 -0.1180
vn 0.6067 0.7565 -0.2442
vn -0.3695 0.8492 0.3774
vn -0.4091 -0.7711 -0.4879
vn -0.1497 -0.6461 -0.7484
vn 0.8992 0.2445 -0.3628
vn 0.7253 0.6702 -0.1577
vn 0.9347 0.3063 0.1806
vn 0.5023 0.3453 -0.7927
vn 0.6381 0.0946 -0.7641
vn 0.5269 0.5347 -0.6606
vn 0.0789 -0.9703 -0.2288
vn 0.0079 0.9754 0.2203
vn 0.0708 0.9517 0.2989
vn -0.4155 0.6587 -0.6273
vn -0.1497 0.6461 -0.7485
vn -0.3079 -0.9079 -0.2843
vn -0.3382 -0.8654 -0.3698
vn -0.6820 0.6898 0.2430
vn -0.7490 0.6624 -0.0157
vn -0.4155 0.6586 -0.6273
vn -0.1497 0.6460 -0.7485
vn -0.9768 0.2048 0.0631
vn -0.9428 0.1886 0.2750
vn -0.9254 0.1569 0.3451
vn -0.7254 -0.6781 -0.1183
vn -0.7180 -0.6944 0.0473
vn -0.4636 -0.8563 -0.2278
vn -0.4960 -0.8580 -0.1338
vn -0.7151 -0.6916 -0.1022
vn -0.0474 -0.8702 0.4905
vn 0.2675 -0.8262 0.4958
vn 0.2677 -0.6930 0.6694
vn -0.0000 -0.7492 0.6624
vn 0.2211 -0.9082 0.3554
vn 0.2675 -0.8262 0.4957
vn -0.0549 -0.9182 0.3924
vn -0.0236 -0.9610 0.2757
vn 0.2519 -0.9365 0.2439
vn 0.0158 -0.9632 0.2684
vn -0.5174 0.8545 0.0470
vn -0.2829 0.9586 0.0314
vn -0.3383 -0.8654 -0.3697
vn 0.1336 0.9744 -0.1807
vn 0.1814 0.9545 -0.2367
vn 0.1336 0.9744 -0.1808
vn -0.0787 0.9685 -0.2362
vn 0.1650 0.9665 -0.1965
vn -0.0789 0.9787 -0.1894
vn 0.1888 0.9758 -0.1102
vn 0.1650 0.9665 -0.1964
vn 0.3237 0.9160 -0.2369
vn 0.1413 0.8482 -0.5105
vn 0.0550 -0.0157 -0.9984
vn -0.2130 0.3628 -0.9072
vn 0.1334 0.2826 -0.9499
vn -0.2447 -0.1105 -0.9633
vn -0.2448 -0.1105 -0.9632
vn -0.5047 -0.1419 -0.8516
vn -0.6506 0.1019 -0.7526
vn -0.5501 0.2828 -0.7858
vn 0.0079 -0.1491 -0.9888
vn -0.1580 0.7900 -0.5924
vn 0.7429 0.6164 -0.2608
vn 0.7429 0.6165 -0.2608
vn 0.7536 0.6437 -0.1334
vn 0.8157 0.5647 -0.1255
vn 0.8304 0.5536 -0.0633
vn 0.7712 0.6296 0.0944
vn 0.8288 0.5368 0.1578
vn 0.7722 0.6304 -0.0788
vn 0.6768 0.7240 -0.1338
vn 0.6798 0.7272 -0.0949
vn 0.7723 0.6304 -0.0788
vn 0.6687 0.7394 0.0786
vn 0.7321 0.6298 0.2598
vn 0.6686 0.7394 0.0787
vn 0.6223 0.7326 0.2757
vn 0.6068 0.7564 -0.2442
vn 0.6768 0.7239 -0.1338
vn 0.6067 0.7564 -0.2443
vn 0.7429 0.6165 -0.2609
vn 0.0709 -0.5350 -0.8419
vn -0.5500 0.2829 -0.7858
vn 0.2518 0.4170 -0.8733
vn 0.4743 0.8775 0.0711
vn 0.4704 0.8782 -0.0862
vn 0.2199 0.9426 0.2513
vn 0.2047 0.9763 0.0709
vn 0.3708 0.8915 0.2603
vn 0.1812 -0.7801 -0.5988
vn 0.0708 -0.5350 -0.8419
vn 0.7154 0.5425 -0.4403
vn 0.6750 0.0079 -0.7378
vn 0.3550 -0.4181 0.8362
vn 0.2678 -0.6930 0.6694
vn 0.6208 -0.3380 0.7073
vn 0.6619 -0.7328 -0.1576
vn 0.8165 -0.5653 0.1177
vn 0.8020 -0.5583 -0.2123
vn 0.6610 -0.7397 0.1260
vn 0.8165 -0.5653 0.1178
vn 0.8040 -0.4651 0.3705
vn 0.6860 -0.6307 0.3627
vn 0.6286 -0.5500 0.5500
vn -0.1805 -0.6593 0.7299
vn -0.6147 -0.0315 0.7881
vn -0.3551 -0.8679 0.3472
vn -0.2515 0.9586 0.1336
vn -0.1894 0.9704 0.1499
vn -0.4722 0.8736 0.1181
vn -0.4722 0.8736 0.1180
vn -0.4944 0.8632 0.1020
vn -0.9120 -0.4009 0.0865
vn -0.9802 -0.1098 0.1647
vn -0.9463 -0.3154 0.0710
vn -0.9299 -0.2522 0.2679
vn -0.9299 -0.2521 0.2679
vn -0.9017 -0.3321 0.2768
vn -0.9610 -0.0237 0.2757
vn -0.9961 -0.0157 0.0863
vn -0.9610 -0.0236 0.2757
vn -0.9672 0.2359 0.0944
vn -0.9377 0.1891 0.2916
vn 0.5205 -0.3628 -0.7730
vn 0.2832 -0.1180 -0.9518
vn 0.0788 0.2915 0.9533
vn 0.1735 0.5205 0.8360
vn -0.3547 0.8829 -0.3075
vn 0.1967 0.9678 0.1574
vn 0.3458 0.5579 -0.7544
vn 0.5023 0.3454 -0.7927
vn 0.5854 0.2373 -0.7753
vn -0.7228 -0.4478 -0.5263
vn -0.3635 -0.8611 -0.3555
vn -0.4710 -0.8243 -0.3140
vn -0.5505 -0.5663 -0.6134
vn -0.2985 -0.5420 0.7856
vn -0.3930 -0.2908 0.8723
vn -0.5747 -0.1575 0.8031
vn -0.4813 -0.3077 0.8207
vn -0.6867 0.6787 0.2605
vn -0.8740 0.3701 0.3150
vn -0.8165 0.5652 0.1178
vn -0.7793 0.5589 0.2834
vn -0.4711 -0.8243 -0.3140
vn -0.5757 -0.8122 -0.0947
vn -0.8221 -0.5060 -0.2609
vn -0.7228 -0.4478 -0.5264
vn -0.6716 0.6874 0.2765
vn -0.8740 0.3700 0.3150
vn -0.9377 0.1891 0.2915
vn 0.3622 0.2520 -0.8974
vn 0.5262 0.1728 -0.8326
vn -0.9428 0.1885 0.2750
vn -0.3634 -0.8611 -0.3556
vn -0.3229 -0.3623 -0.8743
vn 0.4424 -0.8691 -0.2212
vn 0.1658 -0.9708 -0.1736
vn 0.1423 -0.9325 -0.3319
vn 0.4881 -0.8503 -0.1968
vn 0.2117 -0.7685 -0.6038
vn 0.3293 -0.7998 -0.5018
vn -0.1421 0.9078 0.3947
vn 0.0395 0.9310 0.3629
vn -0.7491 0.6623 -0.0157
vn -0.8825 0.4649 0.0710
vn -0.4571 0.8826 0.1103
vn -0.5734 0.7934 0.2042
vn -0.6313 0.7576 0.1657
vn -0.5103 0.8557 0.0864
vn -0.7903 0.6085 0.0711
vn -0.9295 0.3466 0.1261
vn -0.8740 0.3701 0.3149
vn 0.1650 0.7466 -0.6445
vn 0.1725 0.8779 -0.4468
vn 0.2918 0.7257 -0.6231
vn 0.3544 0.7876 -0.5041
vn 0.4018 0.8508 -0.3387
vn 0.3544 0.7876 -0.5040
vn 0.0395 0.7810 -0.6232
vn 0.1724 0.8779 -0.4468
vn 0.1650 0.7466 -0.6444
vn -0.0394 0.8840 -0.4657
vn 0.3151 0.9057 -0.2835
vn 0.3155 0.9463 -0.0710
vn 0.5683 0.8131 -0.1263
vn 0.2668 0.9261 -0.2668
vn 0.3150 0.9058 -0.2835
vn 0.1177 0.9566 -0.2666
vn 0.3150 0.9057 -0.2835
vn 0.0711 0.9873 -0.1422
vn 0.2999 0.9394 -0.1658
vn -0.0394 0.8841 -0.4657
vn 0.1176 0.9566 -0.2666
vn -0.1185 0.9642 -0.2371
vn -0.1739 0.9802 -0.0949
vn -0.2277 0.9737 0.0078
vn -0.2277 0.9737 0.0079
vn -0.3700 0.9289 -0.0157
vn -0.4570 0.8826 0.1103
vn -0.3700 0.9289 -0.0158
vn -0.4332 0.8901 -0.1418
vn -0.5208 0.8523 0.0473
vn -0.3072 0.9294 -0.2048
vn -0.5209 0.8523 0.0474
vn -0.5102 0.8557 0.0864
vn -0.2278 0.9737 0.0079
vn -0.2682 0.9622 0.0473
vn -0.6214 0.7787 0.0865
vn -0.5103 0.8557 0.0863
vn -0.5347 0.8414 0.0786
vn -0.5519 0.8042 0.2207
vn -0.3001 0.9475 0.1105
vn -0.5102 0.8557 0.0863
vn -0.3001 0.9475 0.1106
vn -0.2204 0.9444 0.2440
vn -0.5592 0.8034 0.2048
vn -0.3695 0.8491 0.3774
vn -0.9761 0.1496 0.1575
vn -0.8740 0.3700 0.3149
vn 0.0079 0.9754 0.2202
vn 0.2199 0.9426 0.2514
vn 0.2448 0.9082 0.3396
vn -0.2829 0.9586 0.0315
vn -0.5196 -0.8032 0.2914
vn -0.5651 -0.6828 0.4631
vn -0.3229 -0.3624 -0.8743
vn -0.0236 -0.4250 -0.9049
vn -0.2119 -0.8083 -0.5494
vn -0.0315 -0.7948 -0.6060
vn 0.1967 -0.9048 -0.3777
vn -0.3551 -0.8680 0.3471
vn 0.2832 -0.1179 -0.9518
vn 0.3621 0.2519 -0.8975
vn 0.3779 0.6141 -0.6929
vn 0.4808 0.4809 -0.7332
vn -0.9254 0.1568 0.3450
vn -0.9261 -0.0235 0.3767
vn -0.2049 0.9536 -0.2207
vn -0.5734 0.7934 0.2043
vn -0.6866 0.6788 0.2605
vn -0.8164 0.5653 0.1178
vn -0.6314 0.7576 0.1658
vn -0.6527 0.7471 0.1258
vn -0.3697 0.6451 0.6687
vn -0.0863 0.7923 0.6040
vn 0.6406 0.6485 0.4112
vn -0.2671 -0.3142 0.9110
vn 0.8843 -0.4421 0.1500
vn -0.6054 0.7940 0.0550
vn -0.7394 0.6686 0.0787
vn -0.6686 0.7315 0.1337
vn -0.6910 0.7225 0.0236
vn -0.7017 0.7096 -0.0630
vn -0.5212 0.8528 0.0316
vn -0.7018 0.7096 -0.0631
vn -0.8439 0.5364 0.0079
vn -0.6911 0.7224 0.0236
vn -0.8433 0.5359 -0.0394
vn -0.7017 0.7096 -0.0631
vn -0.4414 0.8512 -0.2837
vn -0.6527 0.7471 0.1259
vn -0.5519 0.8041 0.2207
vn -0.5347 0.8414 0.0787
vn -0.7490 0.6624 -0.0158
vn -0.6362 0.7461 0.1963
vn -0.8165 0.5653 0.1178
vn 0.4705 0.8782 -0.0862
vn 0.6686 0.7394 0.0786
vn 0.6798 0.7273 -0.0948
vn -0.1497 -0.6461 -0.7485
vn 0.1651 -0.6528 -0.7393
vn -0.7151 -0.6915 -0.1022
vn -0.9160 -0.3949 -0.0711
vn -0.9230 -0.3708 -0.1026
vn -0.8915 -0.3708 -0.2603
vn -0.5757 -0.8122 -0.0946
vn -0.8222 -0.5059 -0.2609
vn 0.0236 -0.1337 -0.9907
vn 0.3142 -0.4557 -0.8328
vn 0.0472 -0.4561 -0.8887
vn 0.2831 -0.1180 -0.9518
vn 0.2044 0.8965 0.3932
vn 0.0394 0.9310 0.3629
vn 0.2288 0.9311 0.2840
vn 0.2126 -0.9763 0.0393
vn -0.2996 -0.9382 0.1734
vn -0.2996 -0.9382 0.1735
vn 0.0869 -0.9951 0.0474
vn 0.0869 -0.9951 0.0473
vn 0.7061 -0.6983 -0.1176
vn 0.2126 -0.9763 0.0394
vn 0.0706 -0.9960 -0.0549
vn 0.7079 -0.5033 0.4955
vn 0.2283 -0.9290 0.2913
vn -0.1806 -0.6592 0.7299
vn -0.2592 0.5027 0.8247
vn -0.2670 -0.3143 0.9110
vn 0.6405 0.6486 0.4112
vn 0.7087 0.3858 0.5906
vn 0.4487 0.2205 -0.8660
vn 0.5687 -0.6161 -0.5450
vn 0.2517 0.4170 -0.8733
vn 0.7960 0.0867 -0.5990
vn -0.9438 0.3304 -0.0079
vn -0.8433 0.5359 -0.0395
vn -0.9105 0.3454 -0.2276
vn -0.9120 -0.4010 0.0864
vn -0.7181 -0.6943 0.0473
vn 0.3138 -0.9256 -0.2118
vn 0.5190 -0.8337 -0.1887
vn 0.3065 -0.9507 -0.0472
vn 0.1020 -0.1098 0.9887
vn 0.1890 -0.2046 0.9604
vn 0.3855 0.1809 0.9048
vn -0.0864 -0.2985 -0.9505
vn -0.0236 -0.4249 -0.9049
vn -0.0552 -0.7254 -0.6861
vn -0.2124 0.3697 0.9046
vn 0.4743 0.8775 0.0712
vn 0.4736 0.8526 0.2210
vn -0.7267 -0.6476 -0.2290
vn -0.8974 -0.4409 -0.0158
vn -0.0471 0.0314 0.9984
vn -0.1974 -0.9711 -0.1342
vn -0.5508 -0.8263 0.1180
vn -0.5195 -0.8501 -0.0865
vn -0.2989 -0.9516 0.0708
vn 0.4340 -0.8523 -0.2919
vn 0.0709 -0.4804 0.8742
vn 0.1890 -0.2047 0.9604
vn 0.4881 -0.8424 -0.2283
vn 0.3214 -0.9014 -0.2900
vn -0.9031 -0.2749 -0.3298
vn -0.0868 -0.3944 -0.9149
vn 0.1103 -0.6622 -0.7411
vn 0.1418 0.4646 -0.8741
vn 0.3621 0.2520 -0.8974
vn 0.0866 0.1969 -0.9766
vn -0.2126 -0.7402 0.6379
vn -0.2918 -0.6231 0.7256
vn -0.0235 -0.7450 0.6666
vn 0.5440 0.7489 -0.3784
vn 0.2212 0.4424 -0.8691
vn 0.4340 -0.8523 -0.2920
vn 0.5747 -0.7086 0.4094
vn 0.5218 -0.7037 0.4823
vn 0.4094 -0.8268 0.3858
vn 0.3216 -0.7294 0.6038
vn 0.1974 -0.8448 0.4974
vn 0.4418 -0.8204 0.3629
vn 0.2120 -0.8950 0.3925
vn 0.2524 -0.8836 0.3945
vn 0.5263 -0.7621 0.3771
vn 0.4417 -0.8205 0.3629
vn 0.2119 -0.8950 0.3925
vn 0.4310 -0.8621 0.2665
vn 0.2448 -0.9317 0.2685
vn 0.4311 -0.8621 0.2665
vn 0.6436 -0.6907 0.3297
vn 0.5264 -0.7621 0.3771
vn 0.5343 -0.8094 0.2436
vn 0.3952 -0.9169 0.0554
vn 0.4310 -0.8621 0.2664
vn 0.2438 -0.9672 0.0708
vn 0.2448 -0.9317 0.2684
vn 0.0158 -0.9695 0.2444
vn 0.2447 -0.9317 0.2685
vn 0.0708 -0.9201 0.3853
vn 0.0158 -0.9696 0.2443
vn 0.2447 -0.9317 0.2684
vn 0.0550 -0.8802 0.4715
vn 0.1973 -0.8448 0.4974
vn -0.1419 -0.8516 0.5046
vn -0.1335 -0.9345 0.3299
vn 0.0158 -0.9696 0.2444
vn -0.1892 -0.9619 0.1971
vn 0.0550 -0.8801 0.4716
vn -0.0235 -0.7451 0.6666
vn 0.0157 -0.9696 0.2443
vn 0.1817 -0.6874 0.7032
vn 0.3215 -0.7294 0.6039
vn -0.0710 -0.5998 0.7970
vn 0.1335 -0.6047 0.7852
vn -0.6539 0.7485 0.1103
vn -0.3382 0.9279 0.1572
vn 0.8843 -0.4422 0.1500
vn 0.7961 0.0867 -0.5990
vn 0.3458 0.5580 -0.7544
vn 0.1651 0.7466 -0.6445
vn 0.1491 0.8004 -0.5807
vn 0.3457 0.5580 -0.7544
vn 0.0394 0.6619 -0.7486
vn 0.2288 0.9311 0.2841
vn -0.6911 0.7224 0.0235
vn -0.8454 0.5294 0.0711
vn -0.7394 0.6686 0.0786
vn -0.8439 0.5364 0.0078
vn 0.9788 0.0947 -0.1815
vn -0.9761 0.1495 0.1575
vn -0.9761 0.1496 0.1574
vn -0.9957 -0.0869 -0.0316
vn -0.9820 0.1806 -0.0550
vn 0.0474 0.7982 -0.6006
vn 0.0629 0.8423 -0.5353
vn -0.6053 0.7941 0.0550
vn -0.6910 0.7225 0.0235
vn -0.6140 0.7792 0.1260
vn -0.6053 0.7941 0.0551
vn -0.6845 0.7081 0.1731
vn -0.1495 0.9602 0.2361
vn -0.5500 0.2828 -0.7858
vn 0.1178 -0.9496 -0.2904
vn 0.0236 -0.1336 -0.9907
vn 0.0867 0.1969 -0.9766
vn -0.2985 0.8013 0.5185
vn 0.2289 -0.9630 -0.1421
vn 0.1813 -0.7801 -0.5988
vn -0.9160 -0.3948 -0.0711
vn -0.9802 -0.1098 0.1646
vn 0.9291 0.3308 -0.1653
vn 0.9287 0.3542 -0.1102
vn 0.9435 -0.3067 0.1258
vn 0.9059 -0.2915 0.3072
vn 0.8667 -0.4648 0.1812
vn 0.8412 -0.4088 0.3538
vn 0.8606 -0.5053 -0.0632
vn 0.9451 -0.3151 -0.0866
vn 0.9372 -0.3308 -0.1103
vn 0.8008 -0.5888 -0.1099
vn 0.9448 -0.2992 -0.1338
vn 0.9006 -0.3872 -0.1975
vn 0.7641 -0.6381 -0.0945
vn 0.8658 -0.4566 -0.2046
vn 0.7326 -0.6223 -0.2757
vn 0.8268 -0.3938 -0.4016
vn 0.5520 -0.5362 -0.6386
vn 0.8606 -0.5054 -0.0632
vn 0.7084 -0.7005 -0.0866
vn 0.7885 -0.6150 -0.0079
vn 0.8666 -0.4649 0.1812
vn 0.8606 -0.5053 -0.0631
vn 0.7869 -0.5823 0.2045
vn 0.7535 -0.5494 0.3610
vn 0.8666 -0.4648 0.1812
vn 0.7868 -0.5822 0.2046
vn -0.0867 -0.3943 -0.9149
vn -0.2202 -0.2752 -0.9358
vn -0.0000 -0.7491 0.6624
vn -0.9787 -0.2053 -0.0079
vn -0.9481 -0.1423 -0.2844
vn -0.8975 -0.4408 -0.0158
vn 0.9232 -0.3630 0.1262
vn 0.8021 -0.5582 -0.2123
vn 0.9009 -0.3635 -0.2371
vn 0.8165 -0.5652 0.1177
vn 0.6406 0.6484 0.4113
vn -0.4869 0.3298 -0.8088
vn -0.6709 -0.6709 -0.3158
vn 0.0786 -0.9818 -0.1728
vn 0.8843 -0.4422 0.1501
vn 0.0156 0.9020 0.4314
vn -0.0473 0.7483 0.6616
vn -0.3382 0.6292 0.6999
vn 0.3936 0.8818 -0.2598
vn 0.3219 0.9107 -0.2591
vn 0.1815 0.9545 -0.2367
vn 0.3938 0.8979 -0.1969
vn -0.0157 0.9998 0.0078
vn 0.1889 0.9758 -0.1102
vn 0.4019 0.8906 -0.2128
vn 0.4863 0.8393 -0.2431
vn 0.3238 0.9160 -0.2369
vn 0.6406 0.6485 0.4113
vn -0.2447 0.8128 -0.5287
vn -0.5122 0.8589 0.0079
vn -0.6139 0.7793 0.1259
vn -0.6437 0.7536 0.1334
vn -0.6140 0.7792 0.1259
vn -0.4722 0.8735 0.1180
vn -0.1975 0.3871 0.9006
vn -0.4172 0.5275 0.7401
vn -0.4959 0.3306 0.8030
vn -0.1500 0.6157 0.7736
vn -0.4872 0.0393 0.8724
vn -0.1886 -0.0000 0.9821
vn -0.4172 0.5275 0.7400
vn -0.8440 0.5363 0.0079
vn -0.9490 0.3006 0.0949
vn -0.9494 0.3139 0.0078
vn -0.9622 0.1025 -0.2523
vn -0.9438 0.3303 -0.0079
vn -0.9105 0.3453 -0.2276
vn -0.9975 0.0707 0.0078
vn -0.1889 -0.9129 0.3620
vn -0.1500 -0.7735 0.6157
vn 0.0785 -0.9818 -0.1728
vn 0.8843 -0.4421 0.1501
vn -0.1889 -0.9128 0.3620
vn -0.9787 -0.2052 -0.0079
vn -0.1816 -0.6713 -0.7186
vn 0.0629 -0.9420 0.3297
vn -0.0711 -0.5997 0.7970
vn -0.1264 -0.3793 0.9166
vn -0.3929 -0.2908 0.8724
vn 0.0158 0.9994 0.0315
vn 0.2518 0.4170 -0.8734
vn 0.1735 -0.4655 -0.8679
vn -0.1340 -0.4337 -0.8910
vn -0.1264 -0.3792 0.9166
vn -0.1886 -0.0001 0.9821
vn 0.9292 0.3307 -0.1653
vn 0.9838 0.1416 -0.1102
vn 0.9287 0.3541 -0.1102
vn 0.9825 0.1650 -0.0865
vn 0.9267 0.3691 -0.0707
vn 0.9231 0.3708 0.1025
vn 0.9806 0.1569 0.1176
vn -0.4333 0.8900 -0.1418
vn -0.6237 0.7816 0.0079
vn -0.5209 0.8523 0.0473
vn -0.4721 0.8575 -0.2045
vn -0.6211 0.7626 -0.1808
vn -0.5050 0.8364 -0.2131
vn -0.6866 0.6788 0.2604
vn -0.7706 0.6134 -0.1730
vn -0.7903 0.6086 0.0711
vn -0.6237 0.7816 0.0078
vn -0.7903 0.6086 0.0712
vn -0.6866 0.6787 0.2604
vn -0.7558 0.6220 -0.2047
vn -0.5755 0.7804 -0.2444
vn -0.0395 0.8841 -0.4657
vn -0.2435 0.8797 -0.4084
vn -0.1186 0.9642 -0.2371
vn -0.3072 0.9293 -0.2048
vn -0.4720 0.8575 -0.2046
vn -0.3072 0.9294 -0.2047
vn 0.5825 -0.7558 0.2991
vn -0.3312 -0.8677 -0.3707
vn 0.5825 -0.7558 0.2992
vn -0.3314 -0.8676 -0.3707
vn 0.5035 -0.5271 0.6845
vn 0.5825 -0.7557 0.2992
vn -0.3313 -0.8676 -0.3707
vn -0.1573 -0.9361 -0.3147
vn 0.5036 -0.5271 0.6845
vn 0.3623 -0.4725 0.8034
vn -0.1262 0.9706 0.2052
vn -0.6147 -0.0316 0.7881
vn -0.9873 -0.0158 -0.1580
vn -0.5452 -0.6084 0.5768
vn -0.6768 -0.6454 0.3541
vn -0.3925 -0.8163 0.4239
vn -0.2832 -0.7237 0.6293
vn -0.3861 -0.8669 0.3153
vn -0.3925 -0.8163 0.4238
vn -0.5823 -0.7318 0.3541
vn -0.2448 -0.8924 0.3791
vn -0.0475 -0.8702 0.4904
vn -0.3924 -0.8163 0.4239
vn -0.0550 -0.9182 0.3924
vn -0.2448 -0.8924 0.3790
vn -0.0237 -0.9610 0.2757
vn -0.2522 -0.9299 0.2679
vn -0.3862 -0.8669 0.3152
vn -0.4719 -0.8495 0.2359
vn -0.2832 -0.7238 0.6293
vn -0.3924 -0.8163 0.4238
vn -0.2999 -0.9155 0.2683
vn 0.0472 -0.9686 0.2441
vn 0.0158 -0.9632 0.2685
vn 0.0631 -0.9867 0.1500
vn -0.2764 -0.9480 0.1580
vn -0.2765 -0.9480 0.1580
vn -0.2989 -0.9517 0.0708
vn -0.2988 -0.9517 0.0708
vn -0.8488 0.0472 -0.5266
vn -0.6210 0.6995 -0.3537
vn 0.1254 0.6897 -0.7132
vn -0.1497 0.6461 -0.7484
vn 0.1414 0.8482 -0.5105
vn 0.5985 -0.6931 -0.4017
vn 0.4424 -0.8691 -0.2213
vn 0.7189 -0.5608 -0.4107
vn -0.3455 -0.8559 0.3848
vn 0.3845 -0.7533 -0.5336
vn 0.1414 -0.9898 0.0156
vn -0.9183 -0.0942 -0.3845
vn -0.9231 -0.3707 -0.1026
vn 0.4729 0.8197 0.3231
vn 0.2289 0.9311 0.2840
vn 0.4865 0.8240 0.2903
vn 0.2045 0.8965 0.3932
vn 0.2289 0.9311 0.2841
vn 0.4729 0.8197 0.3232
vn 0.5274 0.7793 0.3384
vn 0.6960 -0.7038 0.1423
vn 0.7868 -0.5823 0.2046
vn 0.6959 -0.7038 0.1424
vn 0.7535 -0.5495 0.3610
vn 0.7535 -0.5495 0.3611
vn 0.5264 -0.7620 0.3771
vn 0.7421 -0.5684 0.3552
vn 0.7227 -0.5892 0.3614
vn 0.7421 -0.5684 0.3553
vn 0.6366 -0.6681 0.3851
vn 0.8007 -0.5889 -0.1099
vn 0.6959 -0.7039 0.1423
vn 0.5533 -0.8299 0.0711
vn 0.5990 -0.7960 -0.0867
vn 0.5258 -0.8238 -0.2118
vn 0.6959 -0.7039 0.1424
vn 0.5344 -0.8094 0.2436
vn 0.4018 -0.7483 -0.5278
vn 0.5257 -0.8238 -0.2119
vn -0.3154 0.3470 0.8833
vn -0.9463 -0.3155 0.0709
vn -0.7805 -0.6070 0.1497
vn 0.0630 0.8423 -0.5353
vn -0.2435 0.8797 -0.4085
vn 0.1491 0.8004 -0.5806
vn -0.1105 0.8366 -0.5366
vn -0.1260 0.8589 -0.4964
vn 0.1490 0.8004 -0.5806
vn -0.1576 0.6619 -0.7328
vn -0.1105 0.8365 -0.5367
vn 0.0474 0.7981 -0.6006
vn 0.3457 0.5579 -0.7544
vn -0.9111 0.3927 -0.1256
vn -0.9820 0.1807 -0.0550
vn -0.9295 0.3466 0.1260
vn 0.0158 0.9994 0.0314
vn -0.3381 0.6291 0.6999
vn 0.0707 0.6607 0.7473
vn -0.0473 0.7483 0.6617
vn -0.3154 0.3470 0.8832
vn -0.8679 -0.4891 0.0867
vn -0.8811 -0.4720 0.0314
vn -0.8275 -0.5595 0.0472
vn -0.9715 -0.2370 0.0079
vn 0.2044 0.8964 0.3932
vn 0.1810 0.7555 0.6296
vn 0.3703 0.7801 0.5043
vn -0.2670 0.9111 -0.3141
vn -0.9494 0.3138 0.0078
vn -0.9984 0.0551 0.0157
vn -0.9919 0.0630 0.1102
vn -0.9490 0.3005 0.0949
vn -0.9984 0.0550 0.0157
vn -0.9715 -0.2369 0.0079
vn -0.9754 -0.1809 0.1258
vn -0.9919 0.0629 0.1102
vn -0.5190 -0.8336 0.1888
vn -0.2765 -0.9479 0.1580
vn -0.2999 -0.9154 0.2683
vn -0.5423 -0.8017 0.2515
vn -0.5191 -0.8336 0.1887
vn -0.5507 -0.8182 0.1652
vn 0.1412 0.6513 -0.7455
vn -0.1888 -0.9129 0.3620
vn -0.2670 -0.3141 0.9111
vn -0.8510 -0.2285 0.4728
vn -0.1573 -0.0944 -0.9830
vn -0.2916 -0.1419 -0.9459
vn -0.0868 -0.3943 -0.9149
vn 0.4737 0.8525 0.2210
vn 0.8304 0.5536 -0.0632
vn 0.9230 0.3708 0.1025
vn 0.8288 0.5368 0.1579
vn 0.0393 0.9813 -0.1885
vn 0.4966 0.7173 -0.4887
vn 0.9952 0.0237 -0.0948
vn 0.9908 0.0236 0.1336
vn 0.9927 0.0236 -0.1182
vn 0.9728 0.0317 -0.2294
vn 0.9699 -0.1182 -0.2129
vn 0.9895 -0.1021 -0.1021
vn 0.9728 0.0316 -0.2293
vn 0.9907 0.0236 0.1336
vn 0.9850 -0.1182 0.1260
vn 0.9883 -0.1255 -0.0863
vn 0.9907 0.0236 0.1337
vn 0.9315 -0.1499 0.3315
vn 0.9849 -0.1182 0.1261
vn 0.9494 0.0079 0.3139
vn 0.9714 -0.0158 0.2369
vn 0.9314 -0.1500 0.3315
vn 0.9494 0.0078 0.3139
vn 0.9002 -0.3079 0.3080
vn 0.9002 -0.3079 0.3079
vn 0.9714 -0.0159 0.2369
vn 0.8679 -0.3629 0.3392
vn 0.9480 -0.0395 0.3159
vn 0.9373 -0.3308 -0.1103
vn 0.9451 -0.3150 -0.0866
vn 0.9435 -0.3066 0.1258
vn 0.9699 -0.1183 -0.2129
vn 0.9448 -0.2992 -0.1339
vn 0.8654 -0.1888 -0.4641
vn 0.9728 0.0316 -0.2294
vn 0.9059 -0.2914 0.3072
vn 0.9315 -0.1500 0.3315
vn 0.5826 -0.7558 0.2991
vn 0.8825 -0.1103 0.4571
vn 0.0471 -0.4561 -0.8887
vn 0.5743 -0.7789 -0.2518
vn -0.2447 -0.1106 -0.9633
vn 0.1810 -0.1732 -0.9681
vn -0.1340 -0.4336 -0.8911
vn 0.0550 -0.0158 -0.9984
vn 0.2988 -0.7625 -0.5738
vn -0.3001 -0.8684 -0.3947
vn 0.4107 0.8610 -0.3001
vn 0.9788 0.0948 -0.1815
vn 0.1809 0.7555 0.6296
vn 0.0945 0.6381 0.7641
vn -0.8106 0.4407 0.3857
vn -0.0553 0.9871 0.1501
vn -0.6134 0.7629 -0.2045
vn -0.2670 0.9111 -0.3142
vn -0.3161 0.4741 -0.8218
vn -0.4868 0.3298 -0.8088
vn -0.7362 -0.6730 0.0713
vn -0.5508 -0.8262 0.1180
vn -0.8964 -0.4010 0.1887
vn -0.9754 -0.1810 0.1258
vn -0.8679 -0.4891 0.0868
vn -0.4088 0.8568 -0.3144
vn -0.5755 0.7805 -0.2444
vn -0.5050 0.8364 -0.2130
vn -0.4720 0.8575 -0.2045
vn -0.4087 0.8568 -0.3144
vn -0.5101 0.7613 -0.4003
vn -0.3225 0.8337 -0.4483
vn -0.5998 -0.2052 -0.7734
vn -0.3230 -0.3623 -0.8743
vn -0.5505 -0.5662 -0.6134
vn 0.5744 -0.7789 -0.2517
vn 0.8047 -0.5444 -0.2367
vn 0.7061 -0.6826 -0.1883
vn 0.6771 -0.6613 -0.3228
vn -0.9482 0.2607 -0.1817
vn -0.3224 0.8337 -0.4483
vn -0.2757 0.7642 -0.5830
vn -0.1105 0.8365 -0.5366
vn -0.4719 -0.8495 0.2360
vn -0.5196 -0.8188 0.2441
vn -0.2129 0.3629 -0.9072
vn 0.1412 0.6513 -0.7456
vn 0.1972 0.5365 -0.8205
vn -0.6709 -0.6552 -0.3473
vn -0.7706 0.6133 -0.1730
vn -0.9110 0.3927 -0.1257
vn 0.5292 -0.4976 0.6873
vn -0.7013 0.6540 -0.2837
vn -0.5849 0.4980 0.6402
vn -0.3696 0.8491 0.3774
vn -0.6931 0.5986 0.4017
vn -0.3382 0.6291 0.6999
vn 0.5191 -0.8336 -0.1887
vn 0.4882 -0.8424 -0.2283
vn 0.5744 -0.7789 -0.2518
vn 0.5293 -0.4976 0.6872
vn -0.1500 -0.7736 0.6157
vn -0.0472 0.0157 0.9988
vn -0.1496 0.9601 0.2361
vn -0.1263 0.9705 0.2052
vn -0.2123 0.3697 0.9046
vn 0.2436 0.4400 0.8643
vn 0.0157 0.9994 0.0315
vn -0.2440 0.7870 0.5666
vn -0.2591 0.5026 0.8247
vn -0.1495 0.9601 0.2361
vn -0.7328 0.6619 0.1576
vn -0.7707 0.6213 0.1416
vn -0.6139 0.7792 0.1259
vn -0.6845 0.7082 0.1731
vn -0.7707 0.6213 0.1415
vn -0.5592 0.8033 0.2047
vn -0.6540 0.7484 0.1103
vn -0.7640 0.6144 0.1969
vn -0.5592 0.8033 0.2048
vn -0.0395 0.8840 -0.4657
vn -0.2439 0.6453 -0.7239
vn -0.1576 0.6620 -0.7328
vn 0.0945 0.6381 0.7642
vn 0.0869 0.3714 0.9244
vn -0.7007 -0.7008 0.1339
vn -0.6948 -0.6791 0.2369
vn -0.5836 -0.7966 0.1577
vn -0.5836 -0.7965 0.1577
vn -0.7007 -0.7008 0.1338
vn -0.5508 -0.8262 0.1181
vn -0.5836 -0.7965 0.1578
vn -0.5982 0.7948 -0.1023
vn -0.9191 0.3928 0.0314
vn -0.5586 -0.6765 -0.4799
vn -0.4342 -0.9000 0.0395
vn -0.5997 -0.2052 -0.7734
vn -0.6209 -0.2122 -0.7546
vn 0.2212 0.4425 -0.8691
vn -0.9183 -0.0942 -0.3846
vn -0.8966 0.2438 -0.3696
vn -0.8481 0.1100 -0.5182
vn 0.3708 0.8915 0.2604
vn 0.2200 0.9426 0.2514
vn 0.5273 0.7793 0.3385
vn 0.1020 -0.1099 0.9887
vn 0.1889 -0.2047 0.9604
vn -0.2690 -0.3956 0.8782
vn 0.1334 -0.6046 0.7853
vn -0.0710 -0.5997 0.7970
vn 0.1256 -0.3927 0.9110
vn -0.1889 -0.9129 0.3619
vn -0.8753 0.4416 -0.1971
vn -0.7013 0.6540 -0.2836
vn -0.7652 0.5206 -0.3786
vn 0.1417 0.4646 -0.8741
vn -0.1660 0.1660 -0.9721
vn -0.1736 0.3630 -0.9155
vn -0.2593 0.5027 0.8247
vn 0.5274 0.7793 0.3385
vn 0.4737 0.8525 0.2211
vn -0.8466 0.3684 -0.3841
vn 0.0235 -0.1336 -0.9908
vn -0.1660 0.1659 -0.9721
vn -0.1573 -0.0943 -0.9830
vn 0.2673 -0.2595 -0.9280
vn 0.1967 -0.9048 -0.3776
vn 0.0078 -0.1491 -0.9888
vn 0.5188 0.4559 -0.7232
vn -0.2917 0.1419 -0.9459
vn -0.2999 0.2683 -0.9155
vn -0.2916 -0.1419 -0.9460
vn -0.4087 0.0393 -0.9118
vn 0.6771 -0.6614 -0.3228
vn 0.6681 -0.6367 -0.3851
vn 0.6709 -0.6552 -0.3473
vn 0.4882 -0.8503 -0.1968
vn 0.5986 -0.6931 -0.4016
vn 0.4425 -0.8691 -0.2212
vn -0.2048 0.9536 -0.2207
vn -0.9481 0.2608 -0.1817
vn -0.9111 0.3927 -0.1257
vn -0.2591 0.5027 0.8247
vn -0.8915 -0.3708 -0.2604
vn -0.2439 0.7870 0.5667
vn -0.0471 0.0158 0.9988
vn -0.2124 0.3697 0.9045
vn -0.2439 0.6452 -0.7240
vn -0.3000 0.4579 -0.8369
vn -0.4004 -0.1021 0.9106
vn 0.1417 0.1653 0.9760
vn -0.1966 0.7710 0.6058
vn -0.4405 0.4327 0.7866
vn -0.1967 0.7710 0.6057
vn 0.5639 0.6736 0.4777
vn -0.6210 -0.2122 -0.7545
vn -0.6377 -0.1495 -0.7557
vn -0.9031 -0.2748 -0.3299
vn -0.2917 -0.1419 -0.9459
vn -0.2202 -0.2753 -0.9358
vn -0.6376 -0.1495 -0.7557
vn -0.6210 -0.2122 -0.7546
vn -0.6376 -0.1496 -0.7557
vn -0.8481 0.1099 -0.5183
vn -0.6461 0.1024 -0.7564
vn -0.4088 0.0393 -0.9118
vn -0.6460 0.1024 -0.7564
vn -0.2832 -0.7237 0.6294
vn 0.0708 -0.4804 0.8742
vn 0.2288 -0.9630 -0.1421
vn -0.3000 0.4579 -0.8368
vn -0.4874 0.5975 -0.6368
vn -0.2440 0.6453 -0.7239
vn -0.2758 0.7642 -0.5830
vn -0.8810 -0.4720 0.0315
vn -0.7363 -0.6729 0.0712
vn -0.7008 -0.7007 0.1338
vn -0.7008 -0.7007 0.1339
vn -0.6948 -0.6790 0.2369
vn -0.8274 -0.5596 0.0473
vn 0.4728 0.5437 -0.6934
vn 0.1413 0.6514 -0.7455
vn 0.3704 0.7801 0.5043
vn 0.4866 0.8240 0.2904
vn 0.2045 0.8964 0.3931
vn 0.5491 0.7295 0.4079
vn 0.4724 0.8423 -0.2598
vn 0.4488 0.2205 -0.8660
vn -0.1885 0.0001 0.9821
vn 0.1181 -0.0315 0.9925
vn 0.0869 0.3713 0.9244
vn 0.1256 -0.3927 0.9111
vn 0.6367 -0.6681 0.3851
vn 0.5748 -0.7086 0.4094
vn -0.0472 0.0315 0.9984
vn -0.3154 0.3469 0.8833
vn -0.3926 -0.0392 0.9189
vn -0.7559 -0.6535 -0.0393
vn -0.8974 -0.4409 -0.0157
vn -0.7363 -0.6729 0.0713
vn -0.9438 0.3304 -0.0078
vn -0.9494 0.3139 0.0079
vn -0.9463 -0.3154 0.0709
vn -0.9979 -0.0157 0.0628
vn -0.9962 -0.0157 0.0862
vn -0.5102 0.7613 -0.4003
vn -0.7652 0.5207 -0.3787
vn -0.7012 0.6540 -0.2837
vn -0.4874 0.5975 -0.6367
vn -0.3927 -0.0393 0.9188
vn -0.0472 0.0314 0.9984
vn -0.2690 -0.3955 0.8782
vn 0.2276 -0.9733 -0.0314
vn 0.4966 -0.6700 0.5518
vn 0.3778 -0.5668 0.7321
vn 0.1335 -0.6046 0.7852
vn 0.1818 -0.6874 0.7032
vn 0.5218 -0.7036 0.4823
vn 0.3215 -0.7293 0.6039
vn -0.3155 0.3470 0.8832
vn -0.5849 0.4980 0.6403
vn 0.4957 0.7239 0.4799
vn 0.3777 0.6059 0.7002
vn -0.8476 0.4866 0.2118
vn -0.8641 0.4635 0.1964
vn -0.7510 0.6324 0.1897
vn -0.7958 0.5752 0.1891
vn -0.9142 0.3626 0.1813
vn -0.6846 0.7081 0.1731
vn -0.7641 0.6144 0.1969
vn -0.9142 0.3626 0.1812
vn -0.9048 0.3777 0.1967
vn -0.6931 0.5986 0.4016
vn -0.8474 0.2982 0.4394
vn -0.5197 -0.8188 0.2441
vn -0.6684 -0.6999 0.2516
vn -0.6708 -0.6944 0.2604
vn -0.4720 -0.8494 0.2360
vn -0.5423 -0.8016 0.2515
vn -0.4720 -0.8495 0.2360
vn -0.8475 0.4866 0.2119
vn -0.5769 0.3872 -0.7192
vn -0.6118 0.3059 -0.7295
vn -0.6460 0.1025 -0.7564
vn -0.2999 0.2683 -0.9154
vn -0.4874 0.5974 -0.6368
vn -0.5769 0.3873 -0.7192
vn -0.9033 0.3927 0.1729
vn 0.5041 -0.5907 -0.6301
vn 0.2118 -0.7685 -0.6038
vn 0.1652 -0.6528 -0.7393
vn 0.6061 -0.6219 -0.4959
vn -0.1585 0.7903 -0.5919
vn -0.4875 0.5974 -0.6368
vn -0.5769 0.3873 -0.7191
vn 0.6761 -0.5661 0.4717
vn 0.8919 0.3237 0.3157
vn 0.6960 0.6485 0.3084
vn 0.7394 0.5821 0.3382
vn 0.9007 0.3477 0.2607
vn -0.6118 0.3059 -0.7294
vn -0.8466 0.3684 -0.3842
vn -0.5770 0.3872 -0.7191
vn -0.8966 0.2438 -0.3697
vn -0.6461 0.1025 -0.7563
vn -0.8481 0.1100 -0.5183
vn -0.8966 0.2439 -0.3697
vn -0.6754 0.7304 0.1021
vn -0.5059 0.7668 -0.3952
vn -0.0394 -0.6536 -0.7559
vn -0.3843 -0.9176 0.1020
vn -0.9910 0.1022 0.0865
vn -0.8753 -0.4416 -0.1971
vn 0.5651 0.7456 0.3531
vn 0.3625 0.8903 0.2757
vn 0.6456 0.7637 0.0078
vn 0.6068 0.7330 -0.3074
vn 0.4637 0.8253 -0.3222
vn 0.2675 0.9597 -0.0866
vn 0.4185 0.9081 0.0157
vn 0.7643 0.5279 -0.3703
vn 0.4637 0.8253 -0.3223
vn 0.6069 0.7329 -0.3074
vn 0.6692 0.6692 -0.3229
vn 0.8274 0.4649 -0.3152
vn 0.5982 0.7633 -0.2439
vn 0.6693 0.6692 -0.3228
vn 0.7390 0.5582 -0.3773
vn 0.6692 0.6693 -0.3228
vn 0.3219 0.9106 -0.2591
vn 0.3937 0.8818 -0.2598
vn 0.5981 0.7634 -0.2439
vn 0.5684 0.7421 -0.3553
vn 0.5981 0.7634 -0.2440
vn 0.7237 0.5035 -0.4720
vn 0.7141 0.5180 -0.4709
vn 0.6267 0.6737 -0.3917
vn 0.7485 0.4806 -0.4570
vn 0.5684 0.7421 -0.3552
vn 0.3938 0.8978 -0.1969
vn 0.4020 0.8906 -0.2128
vn 0.4863 0.8393 -0.2432
vn -0.0393 -0.9533 0.2994
vn 0.0078 -0.5601 -0.8284
vn 0.1736 -0.4655 -0.8679
vn 0.5040 -0.5907 -0.6301
vn 0.5057 -0.3635 -0.7824
vn 0.7855 0.5420 0.2985
vn 0.7488 0.5912 0.2996
vn 0.7383 0.5969 0.3141
vn -0.7959 0.5752 0.1891
vn -0.9364 0.2597 0.2360
vn -0.9142 0.3625 0.1813
vn -0.9768 0.2048 0.0630
vn -0.9672 0.2359 0.0943
vn 0.6367 -0.6681 0.3852
vn 0.4966 -0.6700 0.5517
vn 0.6308 0.6860 0.3627
vn 0.7382 0.5969 0.3142
vn 0.9232 -0.3629 0.1262
vn 0.9615 -0.1261 -0.2443
vn -0.8975 -0.4408 -0.0157
vn -0.8811 -0.4720 0.0315
vn 0.6607 0.5900 0.4641
vn 0.5968 0.5183 0.6125
vn 0.6959 0.6485 0.3084
vn 0.7394 0.5821 0.3383
vn 0.5043 0.4570 0.7327
vn 0.6465 0.7016 0.2996
vn 0.5035 -0.5272 0.6845
vn 0.8826 -0.1103 0.4570
vn 0.9508 0.1571 -0.2671
vn 0.9761 0.1574 0.1495
vn 0.7712 0.6295 0.0945
vn 0.7321 0.6297 0.2598
vn 0.7489 0.5912 0.2995
vn 0.1257 -0.3927 0.9110
vn 0.1335 -0.6046 0.7853
vn 0.3924 -0.3376 0.8556
vn 0.8112 -0.5277 -0.2520
vn 0.7062 -0.6826 -0.1883
vn 0.8503 -0.4882 -0.1968
vn 0.8048 -0.5444 -0.2366
vn 0.8288 0.5367 0.1579
vn 0.8503 0.4331 0.2992
vn 0.9069 0.3313 0.2602
vn 0.9230 0.3708 0.1026
vn 0.9002 -0.3080 0.3079
vn 0.7227 -0.5892 0.3613
vn 0.5981 -0.4958 0.6296
vn 0.3779 -0.5668 0.7321
vn 0.0078 -0.1492 -0.9888
vn -0.1581 0.7899 -0.5925
vn -0.0791 0.9009 0.4268
vn 0.3776 0.6058 0.7003
vn 0.3947 0.3001 0.8684
vn -0.9975 0.0707 0.0079
vn -0.9494 0.3138 0.0079
vn -0.9438 0.3303 -0.0078
vn -0.8013 0.5499 0.2357
vn 0.4745 0.8302 0.2925
vn 0.3303 0.0157 0.9437
vn 0.1260 0.8350 0.5356
vn 0.3303 0.0157 0.9438
vn 0.1261 0.8350 0.5356
vn -0.3228 0.5591 0.7637
vn -0.2995 0.9540 -0.0157
vn -0.2440 0.7870 0.5667
vn 0.5292 -0.4976 0.6872
vn -0.2670 0.9110 -0.3142
vn 0.6465 0.7017 0.2995
vn 0.5042 0.4570 0.7328
vn 0.4863 0.8392 -0.2432
vn 0.7488 0.5912 0.2995
vn 0.7856 0.5420 0.2985
vn 0.1500 0.9871 -0.0553
vn 0.6061 -0.6218 -0.4959
vn 0.7106 -0.4896 -0.5053
vn 0.7506 -0.4978 -0.4345
vn -0.4009 0.9120 0.0865
vn -0.0237 0.9936 -0.1104
vn 0.9070 0.3312 0.2603
vn 0.9806 0.1569 0.1177
vn 0.9394 0.1658 0.3000
vn 0.0551 -0.0157 -0.9984
vn 0.4722 0.1653 -0.8658
vn 0.1811 -0.1731 -0.9681
vn 0.1335 0.2826 -0.9499
vn 0.2276 -0.9732 -0.0313
vn 0.2370 -0.6165 0.7508
vn -0.9361 0.3461 0.0629
vn -0.8165 0.5652 0.1177
vn 0.5986 -0.6931 -0.4017
vn 0.3293 -0.7998 -0.5019
vn 0.2674 -0.2595 -0.9280
vn 0.5422 -0.1101 -0.8330
vn -0.1419 0.0946 -0.9853
vn -0.9136 -0.0631 -0.4017
vn 0.7383 0.5969 0.3142
vn 0.9006 0.3477 0.2607
vn -0.6931 0.5985 0.4017
vn -0.5850 0.4980 0.6402
vn 0.4728 0.5437 -0.6935
vn 0.1973 0.5365 -0.8205
vn 0.1335 0.2827 -0.9499
vn -0.4740 -0.8690 -0.1422
vn -0.2442 -0.8510 0.4650
vn -0.9815 -0.1099 -0.1570
vn -0.6535 -0.0393 0.7559
vn 0.6224 0.7326 0.2757
vn -0.8476 0.4865 0.2119
vn -0.9280 0.2596 0.2674
vn -0.8641 0.4634 0.1964
vn -0.9364 0.2597 0.2361
vn -0.9975 0.0706 0.0079
vn -0.6390 -0.3472 0.6864
vn -0.5058 0.7668 -0.3952
vn -0.3548 0.8830 -0.3075
vn -0.6522 0.2279 0.7230
vn -0.5849 0.4979 0.6403
vn -0.0393 -0.6535 -0.7559
vn -0.3843 -0.9176 0.1019
vn 0.8503 0.4330 0.2992
vn -0.7393 -0.6213 0.2595
vn -0.7625 -0.5817 0.2830
vn -0.7256 -0.6074 0.3234
vn -0.8981 -0.3546 0.2600
vn -0.9205 -0.3226 0.2203
vn -0.8982 -0.3546 0.2600
vn -0.7878 -0.5751 0.2205
vn -0.7393 -0.6213 0.2596
vn -0.7878 -0.5751 0.2206
vn -0.7393 -0.6214 0.2596
vn -0.6685 -0.6999 0.2517
vn -0.7257 -0.6073 0.3234
vn -0.7625 -0.5818 0.2830
vn -0.7471 -0.5977 0.2910
vn -0.9048 0.3776 0.1967
vn -0.9818 0.0236 0.1885
vn -0.9682 0.1024 0.2282
vn -0.8454 0.5293 0.0711
vn 0.8679 -0.3629 0.3393
vn 0.6761 -0.5660 0.4717
vn 0.7227 -0.5891 0.3613
vn 0.7970 -0.3314 0.5050
vn 0.6591 -0.2982 0.6904
vn 0.5982 -0.4958 0.6296
vn 0.3924 -0.3375 0.8556
vn 0.1182 -0.0315 0.9925
vn 0.4310 -0.0471 0.9011
vn -0.4405 0.4326 0.7866
vn 0.5597 -0.3547 0.7489
vn -0.7951 -0.5275 0.2991
vn -0.8411 -0.4560 0.2909
vn -0.6949 -0.6790 0.2369
vn -0.8716 -0.4005 0.2827
vn -0.8964 -0.4011 0.1888
vn 0.8048 -0.5444 -0.2367
vn 0.8997 -0.3315 -0.2841
vn 0.8503 -0.4881 -0.1968
vn 0.8368 -0.3710 -0.4026
vn 0.8908 -0.3548 -0.2838
vn 0.9002 -0.3080 0.3080
vn 0.4310 -0.0470 0.9011
vn 0.3947 0.3000 0.8684
vn 0.1811 -0.1732 -0.9681
vn 0.5422 -0.1100 -0.8330
vn 0.4723 0.1653 -0.8658
vn -0.7491 0.6623 -0.0158
vn 0.3925 -0.3376 0.8556
vn 0.6590 -0.2982 0.6905
vn -0.7951 -0.5275 0.2992
vn -0.7626 -0.5817 0.2830
vn 0.9394 0.1657 0.3000
vn -0.9770 0.0158 0.2127
vn -0.9783 -0.0631 0.1973
vn -0.9682 0.1023 0.2283
vn -0.8864 -0.0078 0.4628
vn -0.9364 0.2596 0.2360
vn -0.9605 0.0394 0.2755
vn -0.6399 -0.7426 0.1975
vn -0.3000 -0.8684 -0.3947
vn -0.5185 -0.7855 0.3378
vn 0.9007 0.3476 0.2607
vn 0.9069 0.3312 0.2603
vn -0.3927 -0.0392 0.9188
vn -0.6782 -0.0473 0.7334
vn -0.6522 0.2279 0.7229
vn -0.5849 0.4979 0.6402
vn 0.9007 0.3476 0.2608
vn 0.6697 0.2443 0.7013
vn 0.5968 0.5183 0.6126
vn 0.3948 0.3000 0.8684
vn 0.3777 0.6058 0.7003
vn 0.6681 -0.6366 -0.3851
vn 0.8368 -0.3711 -0.4026
vn 0.7431 -0.5218 -0.4190
vn 0.6709 -0.6551 -0.3473
vn 0.6710 -0.6551 -0.3473
vn 0.7694 -0.4633 -0.4397
vn 0.8051 0.2526 0.5367
vn 0.6608 0.5899 0.4641
vn 0.6698 0.2443 0.7012
vn 0.8919 0.3236 0.3158
vn -0.1419 0.0946 -0.9854
vn -0.6390 -0.3471 0.6864
vn 0.9314 -0.1500 0.3316
vn 0.8413 -0.4088 0.3538
vn 0.9059 -0.2915 0.3073
vn 0.6698 0.2442 0.7013
vn 0.8371 -0.0473 0.5450
vn 0.6946 -0.0395 0.7183
vn 0.8051 0.2525 0.5367
vn 0.8371 -0.0474 0.5449
vn 0.9479 -0.0394 0.3160
vn 0.8920 0.3236 0.3157
vn 0.9480 -0.0395 0.3160
vn -0.9818 0.0235 0.1885
vn -0.8815 -0.2833 0.3777
vn 0.9479 -0.0395 0.3160
vn 0.9255 -0.3322 0.1820
vn 0.6248 -0.6484 0.4350
vn 0.3925 -0.3375 0.8556
vn 0.6591 -0.2981 0.6905
vn -0.9919 0.0630 0.1103
vn -0.9280 0.2595 0.2674
vn -0.9472 0.0553 0.3157
vn -0.4485 0.8026 -0.3934
vn -0.5981 0.7949 -0.1023
vn 0.1024 0.9932 -0.0551
vn -0.0630 -0.3855 0.9206
vn 0.9370 -0.0866 -0.3386
vn 0.9217 0.1890 -0.3387
vn 0.9421 -0.1177 -0.3140
vn 0.9290 0.1810 -0.3228
vn 0.7431 -0.5217 -0.4190
vn 0.8449 -0.2764 -0.4580
vn 0.7695 -0.4633 -0.4397
vn 0.8020 -0.5582 -0.2123
vn -0.4631 -0.8400 -0.2826
vn -0.4632 -0.8400 -0.2826
vn 0.2126 -0.9764 0.0394
vn -0.4730 -0.4887 -0.7331
vn 0.4967 0.7173 -0.4887
vn 0.7258 0.4103 -0.5522
vn 0.7607 0.4706 -0.4470
vn 0.7808 0.4338 -0.4496
vn -0.5586 -0.6766 -0.4798
vn -0.4342 -0.8999 0.0394
vn -0.2680 -0.5755 -0.7726
vn -0.8864 -0.0078 0.4629
vn -0.6523 0.2279 0.7229
vn -0.8474 0.2981 0.4394
vn -0.1966 0.7710 0.6057
vn -0.6144 -0.3623 0.7009
vn 0.6591 -0.2981 0.6904
vn 0.6947 -0.0395 0.7183
vn -0.9369 -0.1811 0.2992
vn -0.7952 -0.5275 0.2992
vn -0.8982 -0.3545 0.2600
vn -0.8815 -0.2834 0.3777
vn -0.6769 -0.6453 0.3541
vn -0.6768 -0.6453 0.3542
vn -0.8815 -0.2834 0.3778
vn -0.6391 -0.3472 0.6864
vn -0.8815 -0.2833 0.3778
vn -0.9783 -0.0631 0.1972
vn -0.9206 -0.3226 0.2203
vn -0.9770 0.0157 0.2127
vn -0.6391 -0.3471 0.6864
vn -0.8864 -0.0079 0.4628
vn -0.6782 -0.0473 0.7333
vn -0.9369 -0.1810 0.2992
vn -0.9605 0.0393 0.2755
vn -0.9472 0.0552 0.3157
vn -0.9361 -0.1573 0.3147
vn -0.9754 -0.1809 0.1259
vn -0.8412 -0.4559 0.2908
vn -0.8716 -0.4004 0.2827
vn -0.9361 -0.1573 0.3146
vn -0.9605 0.0394 0.2756
vn -0.9364 0.2596 0.2361
vn -0.9472 0.0553 0.3158
vn 0.9421 -0.1178 -0.3140
vn 0.9370 -0.0866 -0.3385
vn 0.9369 -0.0866 -0.3386
vn 0.8915 -0.0553 -0.4497
vn 0.8997 -0.3314 -0.2841
vn -0.4795 -0.0943 0.8725
vn 0.3304 0.0158 0.9437
vn 0.9615 -0.1261 -0.2444
vn 0.9508 0.1571 -0.2672
vn 0.9290 0.1811 -0.3228
vn 0.8503 0.4094 -0.3307
vn 0.9507 0.1572 -0.2672
vn 0.8721 0.3614 -0.3300
vn 0.8721 0.3614 -0.3299
vn 0.9349 0.3535 0.0314
vn 0.8677 0.4970 0.0078
vn 0.9507 0.1572 -0.2671
vn 0.8827 0.3862 -0.2679
vn 0.9217 0.1891 -0.3387
vn 0.8436 0.2681 -0.4652
vn 0.7707 -0.2595 -0.5820
vn 0.7106 -0.4895 -0.5054
vn 0.5058 -0.3635 -0.7823
vn 0.7106 -0.4895 -0.5053
vn 0.7707 -0.2595 -0.5819
vn 0.8425 -0.2441 -0.4803
vn 0.7695 -0.4632 -0.4397
vn 0.7506 -0.4977 -0.4346
vn 0.5597 -0.3548 0.7489
vn 0.9255 -0.3322 0.1819
vn 0.9788 0.0947 -0.1816
vn -0.9754 -0.1810 0.1259
vn -0.8412 -0.4559 0.2909
vn 0.7643 0.5279 -0.3704
vn 0.8826 0.3862 -0.2679
vn 0.7237 0.5034 -0.4720
vn 0.7390 0.5581 -0.3774
vn 0.8456 0.2292 -0.4821
vn 0.7809 0.4338 -0.4495
vn 0.7142 0.5179 -0.4709
vn 0.7258 0.4102 -0.5523
vn 0.7570 0.1972 -0.6230
vn 0.7570 0.1971 -0.6230
vn 0.5423 -0.1100 -0.8330
vn 0.7814 -0.0237 -0.6236
vn 0.8759 -0.0316 -0.4814
vn 0.7607 0.4705 -0.4470
vn 0.8420 0.2125 -0.4958
vn -0.6535 -0.0394 0.7559
vn -0.9815 -0.1100 -0.1571
vn -0.9191 0.3928 0.0315
vn -0.9910 0.1023 0.0865
vn -0.0394 -0.9533 0.2994
vn 0.7239 -0.4957 -0.4800
vn 0.7258 0.4102 -0.5522
vn 0.7570 0.1971 -0.6229
vn 0.7608 0.4705 -0.4470
vn -0.4869 0.3299 -0.8088
vn -0.1573 -0.9361 -0.3146
vn 0.8642 -0.0157 -0.5028
vn 0.7814 -0.0237 -0.6235
vn 0.8425 -0.2440 -0.4803
vn 0.8449 -0.2763 -0.4580
vn 0.8642 -0.0158 -0.5028
vn 0.2276 -0.9732 -0.0314
vn 0.1260 -0.6139 -0.7793
vn 0.8915 -0.0552 -0.4497
vn 0.9217 0.1890 -0.3388
vn 0.8437 0.2680 -0.4652
vn 0.8759 -0.0315 -0.4814
vn 0.8456 0.2291 -0.4821
vn 0.8421 0.2124 -0.4958
vn 0.1025 0.9932 -0.0552
vn -0.4485 0.8025 -0.3934
vn -0.3470 0.8832 0.3155
vn 0.5191 0.3853 -0.7629
vn -0.9413 -0.2746 -0.1961
vn -0.5895 0.1493 -0.7938
vn -0.5059 0.7667 -0.3952
vn 0.1259 -0.6139 -0.7792
vn -0.2681 -0.5755 -0.7726
vn 0.4488 0.2204 -0.8660
vn -0.5586 -0.6766 -0.4799
vn 0.8017 0.4637 0.3773
vn 0.0627 -0.9420 0.3297
vn -0.1816 -0.6712 -0.7187
vn -0.4868 0.3299 -0.8088
vn -0.5197 -0.8031 0.2913
vn -0.6451 0.0394 0.7631
vn -0.6143 -0.3623 0.7009
vn -0.6709 -0.6551 -0.3474
vn -0.2671 0.9110 -0.3142
vn 0.4111 0.6245 0.6641
vn 0.6465 0.7017 0.2996
vn -0.8052 -0.2683 0.5288
vn -0.3547 0.8830 -0.3075
vn -0.5895 0.1494 -0.7938
vn -0.4730 -0.4888 -0.7331
vn 0.6750 0.0078 -0.7378
vn 0.5191 0.3854 -0.7629
vn 0.7188 -0.5608 -0.4108
vn 0.1259 -0.6139 -0.7793
vn -0.1817 -0.6712 -0.7186
vn 0.5597 -0.3547 0.7490
vn -0.6143 -0.3623 0.7010
vn -0.5895 0.1493 -0.7939
vn -0.9414 -0.2746 -0.1961
vn -0.4632 -0.8400 -0.2827
vn -0.6143 -0.3624 0.7010
vn -0.4004 -0.1020 0.9107
vn -0.0629 -0.3855 0.9206
vn -0.4003 -0.1020 0.9107
vn -0.4004 -0.1020 0.9106
vn -0.0629 -0.3855 0.9205
vn 0.5826 -0.7557 0.2991
vn 0.8826 -0.1103 0.4571
vn 0.4256 -0.7566 -0.4965
vn 0.6148 -0.7883 -0.0237
vn 0.6149 -0.7883 -0.0237
vn 0.0945 -0.5431 -0.8343
vn -0.2746 -0.1961 -0.9414
vn -0.5901 0.1810 -0.7868
vn -0.7624 0.4952 -0.4166
vn -0.7624 0.4951 -0.4166
vn -0.7512 0.6563 0.0712
vn -0.7511 0.6563 0.0711
vn -0.5578 0.6285 0.5421
vn -0.2287 0.4100 0.8830
vn -0.2286 0.4100 0.8830
vn 0.1422 0.0711 0.9873
vn 0.1421 0.0711 0.9873
vn 0.4494 -0.3154 0.8358
vn 0.6301 -0.6222 0.4647
vn 0.6300 -0.6222 0.4647
vn 0.6149 -0.7883 -0.0236
vn -0.4004 -0.1021 0.9107
vn -0.0630 -0.3855 0.9205
vn 0.3303 0.0158 0.9437
vn -0.6308 -0.3627 0.6859
vn -0.4795 -0.0943 0.8724
vn -0.6450 0.0394 0.7632
vn 0.6373 -0.5901 -0.4957
vn 0.7417 -0.6707 -0.0000
vn 0.3406 -0.3723 -0.8634
vn -0.0553 -0.0790 -0.9953
vn -0.4581 0.2211 -0.8609
vn -0.4581 0.2211 -0.8610
vn -0.7506 0.4346 -0.4978
vn -0.7506 0.4345 -0.4978
vn -0.8589 0.5122 -0.0000
vn -0.7506 0.4346 0.4978
vn -0.4581 0.2211 0.8610
vn -0.0553 -0.0790 0.9953
vn 0.3406 -0.3723 0.8634
vn 0.6373 -0.5901 0.4957
vn 0.7417 -0.6707 0.0001
vn -0.6754 0.7303 0.1021
vn -0.9369 0.0473 0.3464
vn -0.8051 -0.2684 0.5289
vn -0.8333 -0.4246 -0.3539
vn -0.6788 -0.7341 -0.0157
vn -0.5916 -0.6469 0.4812
vn -0.6789 -0.7341 -0.0157
vn -0.3317 -0.4027 0.8531
vn -0.3318 -0.4026 0.8531
vn 0.0392 -0.0706 0.9967
vn 0.4097 0.2599 0.8744
vn 0.4097 0.2600 0.8744
vn 0.6916 0.5028 0.5186
vn 0.6915 0.5029 0.5186
vn 0.8054 0.5922 0.0237
vn 0.7211 0.5017 -0.4778
vn 0.7211 0.5017 -0.4779
vn 0.4569 0.2599 -0.8507
vn 0.0946 -0.0709 -0.9930
vn -0.2827 -0.4005 -0.8716
vn -0.5668 -0.6456 -0.5118
vn -0.6788 -0.7341 -0.0158
vn -0.6789 -0.7341 -0.0159
vn -0.7417 -0.6707 0.0001
vn -0.6373 -0.5901 0.4956
vn -0.6373 -0.5901 0.4957
vn -0.3406 -0.3723 0.8634
vn 0.0553 -0.0790 0.9953
vn 0.4581 0.2211 0.8610
vn 0.7506 0.4346 0.4978
vn 0.8589 0.5122 -0.0000
vn 0.7506 0.4346 -0.4978
vn 0.4581 0.2211 -0.8610
vn 0.0553 -0.0790 -0.9953
vn -0.3406 -0.3723 -0.8634
vn -0.6373 -0.5901 -0.4957
vn -0.7417 -0.6707 -0.0001
vn -0.7417 -0.6707 -0.0000
vn 0.6464 0.7017 0.2996
vn 0.6247 -0.6485 0.4349
vn -0.4795 -0.0944 0.8724
vn 0.4110 0.6245 0.6641
vn 0.6545 -0.2603 0.7098
vn 0.9255 -0.3323 0.1819
vn -0.6754 0.7303 0.1020
vn -0.5059 0.7667 -0.3953
vn 0.4887 -0.8040 -0.3389
vn -0.3703 -0.5279 -0.7643
vn -0.9414 -0.2745 -0.1961
vn -0.6062 -0.7952 0.0158
vn -0.4808 -0.7172 0.5044
vn -0.2122 -0.4558 0.8644
vn 0.1342 -0.0947 0.9864
vn 0.1341 -0.0947 0.9864
vn 0.4642 0.2754 0.8418
vn 0.4642 0.2754 0.8419
vn 0.6862 0.5523 0.4734
vn 0.6863 0.5522 0.4734
vn 0.7450 0.6666 -0.0235
vn 0.6232 0.5837 -0.5205
vn 0.3546 0.3309 -0.8745
vn 0.3545 0.3309 -0.8745
vn 0.0079 -0.0315 -0.9995
vn -0.3225 -0.4012 -0.8574
vn -0.3225 -0.4011 -0.8574
vn -0.5425 -0.6841 -0.4875
vn -0.5426 -0.6841 -0.4875
vn -0.6062 -0.7952 0.0157
vn -0.6062 -0.7951 0.0157
vn -0.3704 -0.5280 -0.7643
vn 0.7942 -0.5977 -0.1100
vn 0.6373 -0.5901 -0.4956
vn 0.3406 -0.3723 -0.8633
vn -0.9815 -0.1099 -0.1571
vn -0.9191 0.3929 0.0314
vn -0.8753 -0.4416 -0.1972
vt 0.032888 0.843417
vt 0.012029 0.842713
vt 0.022265 0.839151
vt 0.269440 0.442135
vt 0.276307 0.436756
vt 0.288549 0.448978
vt 0.864195 0.843336
vt 0.885653 0.841209
vt 0.890033 0.846208
vt 0.907523 0.148512
vt 0.882807 0.155030
vt 0.899936 0.145983
vt 0.294606 0.448008
vt 0.871932 0.835004
vt 0.662313 0.720492
vt 0.672596 0.722289
vt 0.662192 0.727468
vt 0.672319 0.715126
vt 0.661620 0.715660
vt 0.670744 0.708938
vt 0.683741 0.710748
vt 0.684474 0.717630
vt 0.672104 0.730742
vt 0.661192 0.736650
vt 0.589480 0.202014
vt 0.600379 0.195899
vt 0.602665 0.205163
vt 0.588485 0.192829
vt 0.584337 0.178926
vt 0.598435 0.188439
vt 0.586993 0.185520
vt 0.597858 0.178624
vt 0.208524 0.594969
vt 0.211896 0.599608
vt 0.202505 0.602163
vt 0.208064 0.605578
vt 0.693169 0.709061
vt 0.696998 0.714573
vt 0.584014 0.168289
vt 0.580564 0.172708
vt 0.608019 0.190911
vt 0.612824 0.185728
vt 0.191996 0.605161
vt 0.187321 0.613538
vt 0.184445 0.607321
vt 0.195839 0.608164
vt 0.612707 0.195655
vt 0.617045 0.203939
vt 0.773629 0.728889
vt 0.785989 0.741295
vt 0.773679 0.742849
vt 0.786797 0.725946
vt 0.195646 0.598983
vt 0.176150 0.620403
vt 0.172766 0.612199
vt 0.146666 0.020120
vt 0.134264 0.022216
vt 0.140212 0.014540
vt 0.152109 0.011538
vt 0.729319 0.186954
vt 0.723048 0.180314
vt 0.732354 0.180763
vt 0.717502 0.184418
vt 0.904605 0.503945
vt 0.889024 0.495349
vt 0.909053 0.501674
vt 0.725352 0.192704
vt 0.741381 0.184754
vt 0.738245 0.190042
vt 0.799398 0.741785
vt 0.800884 0.727569
vt 0.799180 0.753996
vt 0.786675 0.754618
vt 0.788518 0.766842
vt 0.800833 0.765052
vt 0.743735 0.178746
vt 0.720606 0.173757
vt 0.733895 0.173038
vt 0.573967 0.168391
vt 0.574967 0.160622
vt 0.586001 0.158231
vt 0.598035 0.163157
vt 0.811079 0.733259
vt 0.812001 0.744168
vt 0.809111 0.752915
vt 0.165996 0.012033
vt 0.156677 0.008043
vt 0.170232 0.008723
vt 0.788062 0.699409
vt 0.802239 0.697292
vt 0.788176 0.711518
vt 0.806970 0.712053
vt 0.161026 0.020023
vt 0.142877 0.030862
vt 0.156811 0.030635
vt 0.143670 0.038636
vt 0.153531 0.040205
vt 0.746263 0.171376
vt 0.673464 0.744175
vt 0.663487 0.749422
vt 0.202966 0.589306
vt 0.765393 0.735225
vt 0.764919 0.746123
vt 0.686236 0.742470
vt 0.685268 0.725995
vt 0.753559 0.175801
vt 0.751692 0.179804
vt 0.613236 0.170745
vt 0.608398 0.163508
vt 0.576296 0.152145
vt 0.126694 0.037900
vt 0.704580 0.173598
vt 0.618184 0.178373
vt 0.772216 0.715884
vt 0.774467 0.702189
vt 0.213926 0.587602
vt 0.210673 0.580093
vt 0.749448 0.183738
vt 0.653222 0.742895
vt 0.655577 0.755270
vt 0.756150 0.168985
vt 0.767319 0.754472
vt 0.775032 0.754766
vt 0.700975 0.736165
vt 0.699942 0.722808
vt 0.776847 0.765583
vt 0.568621 0.153429
vt 0.570814 0.147869
vt 0.560787 0.823389
vt 0.549592 0.818816
vt 0.552935 0.814674
vt 0.556477 0.827226
vt 0.558213 0.809727
vt 0.565334 0.817706
vt 0.625427 0.188234
vt 0.631500 0.197545
vt 0.817950 0.700899
vt 0.812660 0.695381
vt 0.816934 0.729034
vt 0.821522 0.724395
vt 0.819821 0.714437
vt 0.184884 0.596833
vt 0.170054 0.602934
vt 0.137189 0.046434
vt 0.548961 0.820986
vt 0.553122 0.827791
vt 0.822315 0.706225
vt 0.174454 0.024864
vt 0.179048 0.017927
vt 0.562819 0.805905
vt 0.569804 0.809562
vt 0.169798 0.034731
vt 0.627665 0.176227
vt 0.707285 0.160093
vt 0.720541 0.161065
vt 0.571773 0.829721
vt 0.566509 0.833267
vt 0.560934 0.832880
vt 0.812589 0.760239
vt 0.787160 0.689061
vt 0.800892 0.684564
vt 0.828040 0.729350
vt 0.826643 0.749697
vt 0.494551 0.009558
vt 0.508005 0.008043
vt 0.504840 0.010107
vt 0.491747 0.012774
vt 0.734783 0.160458
vt 0.775246 0.691416
vt 0.600030 0.149212
vt 0.587961 0.144772
vt 0.196540 0.583658
vt 0.148968 0.051432
vt 0.761197 0.716726
vt 0.762668 0.705334
vt 0.758755 0.727417
vt 0.762237 0.731549
vt 0.183098 0.014364
vt 0.828293 0.716896
vt 0.829746 0.705144
vt 0.583992 0.835825
vt 0.577029 0.839695
vt 0.747818 0.158857
vt 0.524239 0.013629
vt 0.520991 0.014839
vt 0.516337 0.011539
vt 0.514583 0.015466
vt 0.766950 0.761692
vt 0.544148 0.789874
vt 0.548894 0.785166
vt 0.553969 0.799166
vt 0.548867 0.803202
vt 0.576646 0.822626
vt 0.545608 0.808734
vt 0.576313 0.841736
vt 0.564506 0.834096
vt 0.567916 0.836446
vt 0.166092 0.044589
vt 0.570524 0.797547
vt 0.565825 0.778576
vt 0.575004 0.790433
vt 0.560920 0.781212
vt 0.560796 0.797057
vt 0.554968 0.782669
vt 0.791582 0.779292
vt 0.803184 0.776625
vt 0.795529 0.792385
vt 0.809819 0.791327
vt 0.589483 0.828305
vt 0.598599 0.840807
vt 0.592564 0.845576
vt 0.786155 0.505590
vt 0.794633 0.500336
vt 0.791915 0.502183
vt 0.782942 0.508888
vt 0.523689 0.019130
vt 0.530989 0.018248
vt 0.542040 0.796946
vt 0.692771 0.159177
vt 0.698616 0.155701
vt 0.588663 0.847230
vt 0.828636 0.691140
vt 0.782731 0.507336
vt 0.770211 0.520077
vt 0.817833 0.771770
vt 0.811767 0.769713
vt 0.790378 0.504308
vt 0.783733 0.509099
vt 0.373295 0.570062
vt 0.366056 0.575712
vt 0.365186 0.568518
vt 0.376748 0.576596
vt 0.815197 0.687858
vt 0.799785 0.802005
vt 0.807701 0.804713
vt 0.546373 0.814656
vt 0.781358 0.791128
vt 0.779998 0.777007
vt 0.612026 0.153422
vt 0.611723 0.142127
vt 0.602745 0.135043
vt 0.190281 0.578232
vt 0.179961 0.587382
vt 0.166185 0.585293
vt 0.168008 0.593644
vt 0.177258 0.580386
vt 0.581458 0.812844
vt 0.594878 0.818595
vt 0.556039 0.749648
vt 0.554507 0.764939
vt 0.550192 0.749639
vt 0.549367 0.766034
vt 0.544189 0.768978
vt 0.559900 0.764270
vt 0.560003 0.753093
vt 0.356076 0.572283
vt 0.358335 0.581160
vt 0.366958 0.586389
vt 0.570720 0.775135
vt 0.579042 0.784789
vt 0.823264 0.774572
vt 0.822875 0.786117
vt 0.357922 0.566877
vt 0.835309 0.719735
vt 0.836882 0.707353
vt 0.833161 0.729409
vt 0.836187 0.737767
vt 0.759484 0.542646
vt 0.761811 0.537666
vt 0.692670 0.755375
vt 0.700292 0.747802
vt 0.583244 0.796344
vt 0.584244 0.803083
vt 0.197839 0.566301
vt 0.206967 0.569026
vt 0.201171 0.555787
vt 0.207391 0.552545
vt 0.604776 0.832749
vt 0.758311 0.156769
vt 0.353697 0.584279
vt 0.343364 0.565447
vt 0.343011 0.579548
vt 0.349358 0.587436
vt 0.503256 0.015551
vt 0.377597 0.588846
vt 0.389911 0.600348
vt 0.378252 0.601019
vt 0.389773 0.588233
vt 0.575438 0.771737
vt 0.583087 0.776892
vt 0.601260 0.803961
vt 0.803619 0.499024
vt 0.807052 0.495349
vt 0.479412 0.018389
vt 0.482137 0.016069
vt 0.818389 0.803072
vt 0.826859 0.797655
vt 0.756917 0.751049
vt 0.679558 0.759798
vt 0.673525 0.755906
vt 0.540032 0.774286
vt 0.536878 0.781886
vt 0.539428 0.757436
vt 0.543925 0.752576
vt 0.543928 0.804987
vt 0.542619 0.802787
vt 0.829807 0.767552
vt 0.764330 0.525979
vt 0.760381 0.538296
vt 0.761747 0.535495
vt 0.886985 0.799091
vt 0.867240 0.774422
vt 0.883858 0.774649
vt 0.876888 0.797844
vt 0.875080 0.740858
vt 0.864740 0.739520
vt 0.831953 0.779503
vt 0.638810 0.179021
vt 0.635886 0.173570
vt 0.715001 0.722457
vt 0.717113 0.740762
vt 0.795738 0.805158
vt 0.781569 0.513784
vt 0.489708 0.017698
vt 0.626119 0.158649
vt 0.618450 0.138642
vt 0.633499 0.144202
vt 0.625635 0.135283
vt 0.838237 0.695940
vt 0.838717 0.689383
vt 0.833574 0.684806
vt 0.799123 0.501776
vt 0.771241 0.770700
vt 0.813903 0.806818
vt 0.835944 0.790963
vt 0.160345 0.614340
vt 0.154942 0.602919
vt 0.155088 0.594737
vt 0.608717 0.823393
vt 0.771273 0.512950
vt 0.767023 0.519392
vt 0.278451 0.453660
vt 0.162664 0.055776
vt 0.461164 0.799233
vt 0.462093 0.780730
vt 0.502765 0.762764
vt 0.492733 0.758552
vt 0.144843 0.066056
vt 0.132850 0.060729
vt 0.779164 0.507888
vt 0.720833 0.145697
vt 0.735151 0.145070
vt 0.685891 0.763233
vt 0.588830 0.792425
vt 0.781383 0.802640
vt 0.791780 0.807644
vt 0.643474 0.185186
vt 0.754364 0.558221
vt 0.756475 0.555035
vt 0.638668 0.163202
vt 0.502558 0.021558
vt 0.514757 0.021016
vt 0.486723 0.025358
vt 0.766933 0.781993
vt 0.770864 0.793476
vt 0.566521 0.762222
vt 0.566535 0.749331
vt 0.836831 0.756390
vt 0.835393 0.765331
vt 0.180220 0.041660
vt 0.184741 0.034174
vt 0.767791 0.771906
vt 0.838845 0.772914
vt 0.593955 0.782756
vt 0.577648 0.140768
vt 0.591037 0.129788
vt 0.580025 0.126640
vt 0.594263 0.114300
vt 0.582218 0.110989
vt 0.597761 0.098622
vt 0.585698 0.095542
vt 0.601292 0.083058
vt 0.589007 0.080047
vt 0.570208 0.138786
vt 0.571231 0.125022
vt 0.571817 0.109151
vt 0.574532 0.093316
vt 0.575485 0.761762
vt 0.842094 0.727926
vt 0.403985 0.594332
vt 0.402962 0.602097
vt 0.392454 0.608268
vt 0.478853 0.886861
vt 0.510147 0.941064
vt 0.464329 0.895246
vt 0.518532 0.926540
vt 0.495624 0.949449
vt 0.495624 0.886860
vt 0.518532 0.909769
vt 0.510147 0.895246
vt 0.455944 0.909770
vt 0.455944 0.926540
vt 0.478853 0.949449
vt 0.464329 0.941064
vt 0.696350 0.145043
vt 0.707529 0.145651
vt 0.477858 0.023568
vt 0.843577 0.782948
vt 0.401608 0.587283
vt 0.502844 0.028653
vt 0.489713 0.030672
vt 0.609333 0.121191
vt 0.611509 0.102890
vt 0.614997 0.087215
vt 0.843676 0.329576
vt 0.854550 0.333871
vt 0.856821 0.338759
vt 0.841390 0.334016
vt 0.769100 0.533427
vt 0.763968 0.538414
vt 0.121162 0.863950
vt 0.183750 0.880721
vt 0.121162 0.880721
vt 0.183750 0.863951
vt 0.175365 0.895245
vt 0.129547 0.849427
vt 0.129547 0.895245
vt 0.160841 0.903630
vt 0.144071 0.903630
vt 0.175365 0.849427
vt 0.144071 0.841042
vt 0.160842 0.841042
vt 0.516090 0.029550
vt 0.392145 0.570054
vt 0.792001 0.508979
vt 0.934053 0.206167
vt 0.939963 0.168919
vt 0.950371 0.166327
vt 0.948959 0.203446
vt 0.176564 0.049676
vt 0.748397 0.143567
vt 0.748053 0.127716
vt 0.734639 0.129089
vt 0.189315 0.027874
vt 0.610804 0.840109
vt 0.604621 0.844969
vt 0.759503 0.551853
vt 0.612796 0.813684
vt 0.766117 0.793542
vt 0.754364 0.773753
vt 0.991957 0.008043
vt 0.991957 0.029963
vt 0.981655 0.027766
vt 0.600612 0.643914
vt 0.612402 0.648915
vt 0.598420 0.652763
vt 0.607573 0.637954
vt 0.605954 0.787923
vt 0.035042 0.672597
vt 0.022396 0.676385
vt 0.021489 0.667831
vt 0.031108 0.677409
vt 0.032930 0.659417
vt 0.038323 0.665672
vt 0.064016 0.656205
vt 0.046139 0.653121
vt 0.056767 0.649081
vt 0.061686 0.663080
vt 0.048514 0.666344
vt 0.153706 0.587014
vt 0.193100 0.024216
vt 0.973947 0.010974
vt 0.778806 0.525429
vt 0.774603 0.531709
vt 0.759203 0.141441
vt 0.760461 0.125944
vt 0.843577 0.711976
vt 0.768484 0.804089
vt 0.762529 0.795255
vt 0.780935 0.807857
vt 0.018163 0.895705
vt 0.195823 0.023229
vt 0.185873 0.015191
vt 0.763036 0.771424
vt 0.382259 0.791093
vt 0.399014 0.787690
vt 0.396162 0.791751
vt 0.386565 0.788702
vt 0.648251 0.165049
vt 0.639757 0.152333
vt 0.782239 0.518859
vt 0.816370 0.816505
vt 0.806720 0.810941
vt 0.815634 0.811554
vt 0.810445 0.818533
vt 0.537792 0.028139
vt 0.527771 0.028699
vt 0.543690 0.041578
vt 0.532050 0.041567
vt 0.603220 0.628207
vt 0.613286 0.622089
vt 0.612951 0.631150
vt 0.789860 0.518970
vt 0.898026 0.797077
vt 0.602568 0.468131
vt 0.584300 0.479263
vt 0.587515 0.467327
vt 0.595171 0.640796
vt 0.591040 0.629367
vt 0.589553 0.637832
vt 0.182736 0.052410
vt 0.186731 0.049076
vt 0.193072 0.043351
vt 0.198635 0.037914
vt 0.625183 0.123065
vt 0.626555 0.107715
vt 0.629289 0.092263
vt 0.756252 0.787325
vt 0.475884 0.030481
vt 0.342867 0.527425
vt 0.338101 0.544860
vt 0.334788 0.535618
vt 0.345151 0.546018
vt 0.335040 0.552270
vt 0.335745 0.567235
vt 0.333704 0.558760
vt 0.613455 0.609789
vt 0.612200 0.595975
vt 0.622618 0.605998
vt 0.621044 0.592635
vt 0.141747 0.082198
vt 0.130359 0.076643
vt 0.059088 0.669184
vt 0.201757 0.033643
vt 0.833834 0.322896
vt 0.837292 0.324226
vt 0.215282 0.574890
vt 0.215434 0.565792
vt 0.215217 0.551990
vt 0.215434 0.536105
vt 0.202234 0.537149
vt 0.201251 0.518894
vt 0.214425 0.520180
vt 0.199691 0.503738
vt 0.212637 0.505148
vt 0.795923 0.812433
vt 0.799186 0.818584
vt 0.660662 0.764298
vt 0.667148 0.762261
vt 0.674900 0.778654
vt 0.661944 0.772414
vt 0.730742 0.738860
vt 0.727922 0.725716
vt 0.727169 0.756817
vt 0.720195 0.756568
vt 0.725249 0.761146
vt 0.579073 0.078416
vt 0.862081 0.309184
vt 0.851666 0.315825
vt 0.849701 0.307784
vt 0.864223 0.317600
vt 0.874063 0.308152
vt 0.877009 0.316450
vt 0.338823 0.513078
vt 0.341239 0.499634
vt 0.342267 0.509663
vt 0.336911 0.501251
vt 0.785784 0.816042
vt 0.840831 0.312561
vt 0.838698 0.304906
vt 0.836606 0.297278
vt 0.847806 0.298521
vt 0.562385 0.664509
vt 0.571549 0.657066
vt 0.573877 0.663317
vt 0.559834 0.657705
vt 0.164808 0.576228
vt 0.175466 0.573109
vt 0.853069 0.325088
vt 0.865808 0.326741
vt 0.866956 0.335444
vt 0.187586 0.534098
vt 0.187046 0.518599
vt 0.195392 0.551224
vt 0.185783 0.549458
vt 0.190610 0.563607
vt 0.183580 0.562339
vt 0.185197 0.573538
vt 0.181752 0.570214
vt 0.602600 0.613098
vt 0.254430 0.855071
vt 0.254429 0.917660
vt 0.239906 0.863456
vt 0.271200 0.917660
vt 0.239905 0.909274
vt 0.231520 0.877980
vt 0.231520 0.894751
vt 0.271200 0.855071
vt 0.285723 0.909274
vt 0.294109 0.894751
vt 0.285724 0.863457
vt 0.294109 0.877980
vt 0.917939 0.894772
vt 0.980528 0.911542
vt 0.917939 0.911542
vt 0.980528 0.894772
vt 0.972142 0.926066
vt 0.926324 0.880248
vt 0.926324 0.926066
vt 0.957619 0.934451
vt 0.940848 0.934451
vt 0.972143 0.880248
vt 0.940848 0.871863
vt 0.957619 0.871863
vt 0.632003 0.568893
vt 0.624583 0.573459
vt 0.626388 0.566752
vt 0.631996 0.582146
vt 0.623269 0.580133
vt 0.627372 0.589037
vt 0.636265 0.595780
vt 0.630616 0.601485
vt 0.635502 0.571972
vt 0.636529 0.580872
vt 0.638289 0.589874
vt 0.617106 0.579499
vt 0.614123 0.565967
vt 0.828562 0.293549
vt 0.830590 0.301135
vt 0.878726 0.325029
vt 0.878500 0.334595
vt 0.859846 0.298438
vt 0.097538 0.464008
vt 0.086243 0.469552
vt 0.086952 0.456704
vt 0.099921 0.477116
vt 0.377213 0.562829
vt 0.919062 0.344130
vt 0.909049 0.343485
vt 0.911912 0.288064
vt 0.586198 0.653505
vt 0.074830 0.207777
vt 0.093949 0.201292
vt 0.101100 0.207448
vt 0.707218 0.753247
vt 0.701356 0.769159
vt 0.714463 0.766982
vt 0.713776 0.758555
vt 0.687906 0.773961
vt 0.720937 0.764985
vt 0.842541 0.321032
vt 0.833309 0.308387
vt 0.835828 0.316222
vt 0.827438 0.303763
vt 0.823902 0.296495
vt 0.174525 0.058695
vt 0.804235 0.505987
vt 0.580931 0.643201
vt 0.578692 0.631907
vt 0.829256 0.324036
vt 0.827534 0.316011
vt 0.870366 0.297765
vt 0.516173 0.042416
vt 0.568031 0.719713
vt 0.554942 0.734994
vt 0.557910 0.720436
vt 0.564497 0.735882
vt 0.559911 0.705374
vt 0.570901 0.702750
vt 0.355398 0.530043
vt 0.355706 0.546145
vt 0.357148 0.514502
vt 0.347583 0.513287
vt 0.354847 0.559791
vt 0.348497 0.499415
vt 0.202359 0.031626
vt 0.408939 0.575394
vt 0.469586 0.031187
vt 0.470077 0.027088
vt 0.828006 0.286284
vt 0.835558 0.288958
vt 0.122683 0.056447
vt 0.120477 0.071648
vt 0.118420 0.086119
vt 0.129172 0.091138
vt 0.117186 0.099748
vt 0.126533 0.105628
vt 0.140368 0.096657
vt 0.590168 0.616485
vt 0.601157 0.599321
vt 0.772864 0.810779
vt 0.845747 0.288478
vt 0.594105 0.065691
vt 0.605966 0.068627
vt 0.368686 0.772485
vt 0.369685 0.786948
vt 0.359059 0.779301
vt 0.375900 0.784254
vt 0.502068 0.037380
vt 0.892568 0.322438
vt 0.887942 0.333552
vt 0.680051 0.795934
vt 0.690933 0.790307
vt 0.688857 0.797190
vt 0.693427 0.783514
vt 0.718617 0.113989
vt 0.733568 0.113079
vt 0.720307 0.130083
vt 0.731165 0.096836
vt 0.715549 0.098057
vt 0.656588 0.781341
vt 0.652199 0.765015
vt 0.661443 0.781937
vt 0.830775 0.312126
vt 0.586193 0.764848
vt 0.618881 0.072614
vt 0.667226 0.790280
vt 0.143106 0.592888
vt 0.146291 0.590649
vt 0.159295 0.070194
vt 0.156312 0.085755
vt 0.174428 0.549942
vt 0.173900 0.534429
vt 0.174679 0.563262
vt 0.584634 0.064157
vt 0.591082 0.871701
vt 0.536879 0.902996
vt 0.576558 0.863316
vt 0.559787 0.863316
vt 0.536878 0.886225
vt 0.545264 0.871701
vt 0.545264 0.917519
vt 0.599467 0.886225
vt 0.559788 0.925905
vt 0.599467 0.902996
vt 0.576558 0.925905
vt 0.591082 0.917519
vt 0.829197 0.281435
vt 0.834940 0.281816
vt 0.152063 0.614057
vt 0.147147 0.606202
vt 0.926122 0.407672
vt 0.553804 0.403594
vt 0.382003 0.781556
vt 0.389794 0.784221
vt 0.878758 0.294427
vt 0.886724 0.302028
vt 0.644911 0.148899
vt 0.695193 0.115861
vt 0.706701 0.130519
vt 0.695680 0.130461
vt 0.705413 0.115072
vt 0.694956 0.104545
vt 0.702087 0.100212
vt 0.710554 0.082635
vt 0.693284 0.083027
vt 0.929356 0.167020
vt 0.930104 0.341998
vt 0.929350 0.278414
vt 0.823239 0.287269
vt 0.619785 0.815270
vt 0.619919 0.820823
vt 0.616889 0.797647
vt 0.618178 0.805964
vt 0.639485 0.131825
vt 0.641179 0.113495
vt 0.642637 0.097751
vt 0.191817 0.057644
vt 0.200127 0.053469
vt 0.332380 0.504483
vt 0.341015 0.489365
vt 0.334745 0.492751
vt 0.333539 0.512955
vt 0.147975 0.987502
vt 0.141010 0.988070
vt 0.147975 0.920487
vt 0.857677 0.282769
vt 0.842342 0.281949
vt 0.763619 0.549088
vt 0.770070 0.545226
vt 0.129746 0.919716
vt 0.129648 0.984756
vt 0.859663 0.755433
vt 0.207185 0.050600
vt 0.819381 0.506643
vt 0.819165 0.498268
vt 0.357486 0.765860
vt 0.350108 0.770434
vt 0.568746 0.646099
vt 0.588160 0.602256
vt 0.943309 0.405836
vt 0.481564 0.037994
vt 0.477429 0.039148
vt 0.073855 0.660537
vt 0.078282 0.678872
vt 0.590869 0.051119
vt 0.599792 0.052599
vt 0.598220 0.769568
vt 0.609797 0.774584
vt 0.938621 0.120561
vt 0.949166 0.119501
vt 0.576409 0.619336
vt 0.724964 0.769414
vt 0.198886 0.489261
vt 0.209560 0.477653
vt 0.211050 0.490782
vt 0.198125 0.472538
vt 0.731603 0.751830
vt 0.208826 0.043811
vt 0.869620 0.285417
vt 0.714788 0.884323
vt 0.691879 0.861414
vt 0.706403 0.869799
vt 0.714788 0.901093
vt 0.675108 0.861414
vt 0.706402 0.915617
vt 0.660585 0.869799
vt 0.691878 0.924003
vt 0.652199 0.884323
vt 0.675108 0.924003
vt 0.652199 0.901093
vt 0.660585 0.915617
vt 0.719146 0.772323
vt 0.610974 0.055178
vt 0.608747 0.581303
vt 0.876497 0.286820
vt 0.049837 0.683710
vt 0.521484 0.057591
vt 0.535811 0.055905
vt 0.685796 0.130024
vt 0.687528 0.145104
vt 0.686409 0.114687
vt 0.688653 0.100007
vt 0.677258 0.113267
vt 0.679215 0.097601
vt 0.366803 0.546744
vt 0.368137 0.530897
vt 0.369458 0.514752
vt 0.208134 0.468493
vt 0.202147 0.461341
vt 0.490015 0.037564
vt 0.499046 0.042943
vt 0.490197 0.043851
vt 0.491478 0.052350
vt 0.503680 0.049154
vt 0.631827 0.077408
vt 0.633824 0.063495
vt 0.622738 0.059205
vt 0.596809 0.042038
vt 0.604869 0.040338
vt 0.655216 0.152230
vt 0.650370 0.145459
vt 0.421050 0.580485
vt 0.580816 0.721573
vt 0.578697 0.735129
vt 0.577014 0.748980
vt 0.636687 0.566484
vt 0.627767 0.553571
vt 0.743393 0.079315
vt 0.754896 0.077978
vt 0.745471 0.095673
vt 0.757784 0.093839
vt 0.747530 0.111766
vt 0.759876 0.109881
vt 0.770672 0.649826
vt 0.766127 0.649149
vt 0.766089 0.633351
vt 0.763312 0.636536
vt 0.549205 0.055084
vt 0.552086 0.070162
vt 0.538170 0.070866
vt 0.539361 0.086353
vt 0.552536 0.086101
vt 0.074183 0.452598
vt 0.072914 0.465565
vt 0.589070 0.751117
vt 0.591903 0.737106
vt 0.143556 0.584373
vt 0.616123 0.041990
vt 0.789367 0.819856
vt 0.802635 0.821993
vt 0.725417 0.039941
vt 0.737667 0.038864
vt 0.726944 0.050154
vt 0.739580 0.049495
vt 0.728581 0.063036
vt 0.741148 0.063700
vt 0.726597 0.078359
vt 0.673303 0.797441
vt 0.583777 0.708871
vt 0.102984 0.496628
vt 0.094562 0.501939
vt 0.095807 0.488918
vt 0.104598 0.508256
vt 0.632148 0.548564
vt 0.638289 0.561054
vt 0.207408 0.040622
vt 0.064900 0.682395
vt 0.695819 0.065215
vt 0.704135 0.069585
vt 0.695876 0.069298
vt 0.696342 0.061080
vt 0.712068 0.064806
vt 0.699736 0.049187
vt 0.627085 0.047178
vt 0.601963 0.755283
vt 0.462738 0.042335
vt 0.459781 0.045536
vt 0.464664 0.035892
vt 0.464168 0.035983
vt 0.714327 0.050154
vt 0.717839 0.059618
vt 0.703376 0.784518
vt 0.715941 0.776714
vt 0.713325 0.783916
vt 0.757133 0.047565
vt 0.751712 0.062565
vt 0.750115 0.048898
vt 0.760461 0.060309
vt 0.084345 0.482854
vt 0.071017 0.477327
vt 0.966457 0.030158
vt 0.926000 0.248075
vt 0.554779 0.663431
vt 0.551307 0.656778
vt 0.758732 0.570307
vt 0.759611 0.589177
vt 0.755720 0.574826
vt 0.762337 0.585417
vt 0.763044 0.566774
vt 0.765915 0.581758
vt 0.765076 0.600180
vt 0.768997 0.596619
vt 0.761443 0.603689
vt 0.766245 0.614989
vt 0.762233 0.618607
vt 0.771701 0.611543
vt 0.770143 0.629413
vt 0.775599 0.626015
vt 0.774645 0.642989
vt 0.778108 0.608766
vt 0.780321 0.624960
vt 0.777234 0.637041
vt 0.782631 0.640575
vt 0.784665 0.652113
vt 0.138503 0.110812
vt 0.913748 0.258159
vt 0.809059 0.511939
vt 0.817583 0.515125
vt 0.778877 0.540914
vt 0.789949 0.533357
vt 0.185888 0.503844
vt 0.185471 0.489272
vt 0.028886 0.927523
vt 0.641991 0.049981
vt 0.646843 0.065623
vt 0.634178 0.053215
vt 0.357159 0.907769
vt 0.349704 0.959236
vt 0.341505 0.914810
vt 0.369205 0.962416
vt 0.343300 0.965149
vt 0.777283 0.814258
vt 0.594581 0.035376
vt 0.607852 0.026866
vt 0.715470 0.042150
vt 0.684115 0.065881
vt 0.689723 0.061207
vt 0.686452 0.049160
vt 0.644227 0.082323
vt 0.523877 0.072490
vt 0.566293 0.632724
vt 0.988738 0.080288
vt 0.971853 0.068471
vt 0.480690 0.044605
vt 0.482718 0.047752
vt 0.343795 0.490845
vt 0.132970 0.580284
vt 0.134150 0.595405
vt 0.140852 0.598259
vt 0.804540 0.516090
vt 0.846309 0.274362
vt 0.602744 0.560665
vt 0.605531 0.568688
vt 0.606069 0.555649
vt 0.598810 0.584150
vt 0.596739 0.570339
vt 0.595502 0.559196
vt 0.799919 0.521334
vt 0.173151 0.519511
vt 0.635884 0.036274
vt 0.624237 0.806901
vt 0.735200 0.270635
vt 0.734152 0.325198
vt 0.721889 0.324328
vt 0.746949 0.362130
vt 0.754103 0.040194
vt 0.748098 0.039170
vt 0.706478 0.797311
vt 0.928090 0.120504
vt 0.186984 0.459601
vt 0.180900 0.465594
vt 0.184097 0.476060
vt 0.619948 0.558525
vt 0.574229 0.604398
vt 0.622064 0.028859
vt 0.653707 0.103175
vt 0.655120 0.087721
vt 0.652427 0.118718
vt 0.651319 0.133804
vt 0.469172 0.037773
vt 0.680212 0.082603
vt 0.125360 0.132105
vt 0.137226 0.124382
vt 0.135607 0.138309
vt 0.125576 0.118934
vt 0.091927 0.144315
vt 0.068666 0.068125
vt 0.075012 0.070335
vt 0.092715 0.008043
vt 0.192996 0.456259
vt 0.101100 0.019909
vt 0.473822 0.038878
vt 0.468809 0.047136
vt 0.543284 0.117981
vt 0.552024 0.102294
vt 0.551614 0.118164
vt 0.540056 0.102605
vt 0.609724 0.549384
vt 0.582390 0.680594
vt 0.578398 0.688727
vt 0.573280 0.682022
vt 0.570191 0.690391
vt 0.082380 0.496500
vt 0.101092 0.154893
vt 0.625333 0.869437
vt 0.635283 0.943526
vt 0.620706 0.941236
vt 0.635283 0.863316
vt 0.365469 0.560059
vt 0.379447 0.548774
vt 0.381286 0.532636
vt 0.383238 0.516772
vt 0.372028 0.499906
vt 0.386080 0.502002
vt 0.782913 0.554496
vt 0.773269 0.559223
vt 0.770377 0.578148
vt 0.767317 0.563308
vt 0.776858 0.574159
vt 0.151649 0.114989
vt 0.149339 0.129549
vt 0.341230 0.479647
vt 0.351415 0.472609
vt 0.509936 0.075478
vt 0.507518 0.061658
vt 0.611718 0.536171
vt 0.609613 0.525951
vt 0.618105 0.536953
vt 0.605608 0.528367
vt 0.171214 0.475695
vt 0.170638 0.462284
vt 0.058309 0.462710
vt 0.055353 0.474564
vt 0.621972 0.534197
vt 0.062842 0.454542
vt 0.583398 0.694695
vt 0.171935 0.490265
vt 0.172388 0.504701
vt 0.536878 0.326567
vt 0.552652 0.360819
vt 0.358948 0.499383
vt 0.350399 0.486657
vt 0.361228 0.484960
vt 0.152754 0.578407
vt 0.144712 0.578604
vt 0.151100 0.567781
vt 0.139760 0.571130
vt 0.148235 0.553958
vt 0.136562 0.557706
vt 0.137201 0.542380
vt 0.147537 0.538750
vt 0.163354 0.565337
vt 0.162055 0.551635
vt 0.160408 0.536087
vt 0.146879 0.523252
vt 0.159596 0.520912
vt 0.147539 0.508531
vt 0.158674 0.505631
vt 0.148148 0.142990
vt 0.941115 0.752600
vt 0.931809 0.734276
vt 0.944902 0.690701
vt 0.632276 0.542914
vt 0.618422 0.522651
vt 0.627173 0.535459
vt 0.946849 0.752287
vt 0.952318 0.691927
vt 0.945826 0.798641
vt 0.621780 0.528976
vt 0.607497 0.014329
vt 0.599998 0.022519
vt 0.616921 0.013946
vt 0.588183 0.700602
vt 0.750260 0.375165
vt 0.792995 0.413368
vt 0.902200 0.631868
vt 0.878476 0.566955
vt 0.883398 0.572700
vt 0.909053 0.635239
vt 0.189247 0.447515
vt 0.202200 0.452926
vt 0.679853 0.070993
vt 0.671302 0.080733
vt 0.673287 0.066035
vt 0.676780 0.048911
vt 0.686426 0.038585
vt 0.682107 0.033060
vt 0.599032 0.532531
vt 0.612280 0.542416
vt 0.927317 0.222399
vt 0.943309 0.222537
vt 0.153805 0.100790
vt 0.533835 0.120912
vt 0.525233 0.106583
vt 0.546871 0.130880
vt 0.538528 0.136699
vt 0.524788 0.088230
vt 0.135493 0.150746
vt 0.146413 0.157129
vt 0.867261 0.566652
vt 0.857798 0.573939
vt 0.611872 0.522076
vt 0.615318 0.789265
vt 0.619411 0.779971
vt 0.612946 0.761037
vt 0.622308 0.767071
vt 0.401794 0.778447
vt 0.413473 0.779219
vt 0.397840 0.784357
vt 0.353896 0.813092
vt 0.358375 0.875029
vt 0.340124 0.818648
vt 0.369205 0.876718
vt 0.930827 0.684564
vt 0.471265 0.059554
vt 0.629051 0.017024
vt 0.929757 0.783695
vt 0.356231 0.460185
vt 0.349977 0.466076
vt 0.593887 0.725367
vt 0.836262 0.272730
vt 0.563350 0.619659
vt 0.561047 0.604981
vt 0.584586 0.571603
vt 0.583658 0.557713
vt 0.586194 0.586845
vt 0.391743 0.550178
vt 0.393375 0.534464
vt 0.604826 0.741854
vt 0.170779 0.087269
vt 0.168393 0.102006
vt 0.172762 0.072005
vt 0.184028 0.059517
vt 0.185357 0.072119
vt 0.185765 0.087185
vt 0.738279 0.759229
vt 0.729491 0.774750
vt 0.710323 0.037520
vt 0.598755 0.700422
vt 0.596291 0.712892
vt 0.783528 0.838079
vt 0.754364 0.867243
vt 0.765039 0.848754
vt 0.804878 0.917756
vt 0.754364 0.888592
vt 0.783528 0.917756
vt 0.765039 0.907081
vt 0.834041 0.888592
vt 0.823367 0.907081
vt 0.823367 0.848754
vt 0.834041 0.867243
vt 0.804877 0.838079
vt 0.598760 0.686300
vt 0.608643 0.513592
vt 0.381773 0.773564
vt 0.641206 0.023160
vt 0.158602 0.491320
vt 0.655216 0.057753
vt 0.649656 0.049280
vt 0.402661 0.770835
vt 0.392195 0.776398
vt 0.395871 0.766928
vt 0.036782 0.693849
vt 0.043815 0.699439
vt 0.035610 0.684530
vt 0.601648 0.522917
vt 0.603629 0.519872
vt 0.158280 0.476841
vt 0.822825 0.276828
vt 0.829045 0.274097
vt 0.830583 0.263982
vt 0.826733 0.259482
vt 0.104598 0.560337
vt 0.090678 0.566346
vt 0.095740 0.553262
vt 0.099420 0.576394
vt 0.693911 0.033292
vt 0.827773 0.518021
vt 0.823927 0.519283
vt 0.605871 0.517253
vt 0.787106 0.569687
vt 0.781622 0.589538
vt 0.791255 0.585241
vt 0.794133 0.601406
vt 0.784732 0.605694
vt 0.796578 0.618649
vt 0.787315 0.623116
vt 0.790956 0.640680
vt 0.774761 0.593204
vt 0.520793 0.414544
vt 0.452571 0.414544
vt 0.520793 0.393194
vt 0.452571 0.435893
vt 0.452571 0.393194
vt 0.520793 0.435893
vt 0.520793 0.371845
vt 0.452571 0.457242
vt 0.452571 0.371845
vt 0.520793 0.457242
vt 0.452571 0.478592
vt 0.520793 0.478592
vt 0.520793 0.350496
vt 0.452571 0.350496
vt 0.520793 0.329147
vt 0.452571 0.329147
vt 0.520793 0.307797
vt 0.452571 0.307797
vt 0.520793 0.286448
vt 0.452571 0.286448
vt 0.520793 0.265098
vt 0.452571 0.265098
vt 0.520793 0.243749
vt 0.452571 0.243749
vt 0.520793 0.222400
vt 0.452571 0.222399
vt 0.172793 0.447074
vt 0.948118 0.855777
vt 0.952318 0.841021
vt 0.929870 0.458776
vt 0.932202 0.437672
vt 0.951255 0.433362
vt 0.145809 0.181145
vt 0.146512 0.169811
vt 0.149829 0.178525
vt 0.134123 0.164644
vt 0.650130 0.040800
vt 0.650666 0.030764
vt 0.088953 0.582711
vt 0.085990 0.574372
vt 0.661760 0.796858
vt 0.674551 0.804686
vt 0.598428 0.542460
vt 0.556922 0.646198
vt 0.554507 0.632129
vt 0.551810 0.618582
vt 0.549527 0.604836
vt 0.607546 0.511176
vt 0.946565 0.456575
vt 0.420190 0.767048
vt 0.409120 0.767489
vt 0.415378 0.764218
vt 0.209363 0.060931
vt 0.203941 0.064218
vt 0.207402 0.072991
vt 0.210871 0.068108
vt 0.936094 0.847287
vt 0.695888 0.804779
vt 0.375019 0.485592
vt 0.706432 0.028331
vt 0.038107 0.194231
vt 0.075607 0.219416
vt 0.160705 0.160190
vt 0.164695 0.144724
vt 0.087075 0.193467
vt 0.079926 0.142116
vt 0.055796 0.085649
vt 0.595587 0.521870
vt 0.364675 0.471812
vt 0.193802 0.136854
vt 0.179428 0.133079
vt 0.194686 0.120692
vt 0.183725 0.139058
vt 0.192900 0.150145
vt 0.178985 0.149575
vt 0.008043 0.926924
vt 0.163301 0.129965
vt 0.165652 0.115966
vt 0.185836 0.439110
vt 0.175654 0.435139
vt 0.784051 0.660700
vt 0.183653 0.976958
vt 0.171922 0.977167
vt 0.164061 0.944636
vt 0.876436 0.081831
vt 0.900419 0.015569
vt 0.881912 0.078548
vt 0.907523 0.016440
vt 0.706064 0.011572
vt 0.714736 0.009356
vt 0.716909 0.016067
vt 0.704750 0.018399
vt 0.802556 0.235067
vt 0.748158 0.272818
vt 0.362163 0.453562
vt 0.360788 0.454003
vt 0.062571 0.047912
vt 0.174494 0.127226
vt 0.179725 0.116510
vt 0.121162 0.989408
vt 0.211805 0.062717
vt 0.213633 0.068195
vt 0.211747 0.059446
vt 0.213032 0.074576
vt 0.214831 0.073305
vt 0.372343 0.758609
vt 0.384683 0.762670
vt 0.511675 0.090725
vt 0.499247 0.094871
vt 0.496641 0.079769
vt 0.512591 0.105666
vt 0.501728 0.109628
vt 0.494257 0.065294
vt 0.076443 0.526612
vt 0.088051 0.531887
vt 0.084223 0.547109
vt 0.079596 0.511477
vt 0.091381 0.516740
vt 0.099446 0.538231
vt 0.102846 0.523076
vt 0.826481 0.526860
vt 0.816478 0.526504
vt 0.920555 0.752349
vt 0.461948 0.054221
vt 0.596551 0.550414
vt 0.495403 0.712447
vt 0.513959 0.766177
vt 0.472780 0.800447
vt 0.501149 0.870775
vt 0.513959 0.861292
vt 0.410137 0.807836
vt 0.409289 0.851510
vt 0.406232 0.856991
vt 0.134716 0.176582
vt 0.142433 0.182918
vt 0.158130 0.463081
vt 0.719553 0.024035
vt 0.722562 0.032245
vt 0.156537 0.448312
vt 0.547157 0.644889
vt 0.790929 0.222399
vt 0.348526 0.874957
vt 0.367207 0.458526
vt 0.370123 0.461922
vt 0.159333 0.172803
vt 0.735025 0.030550
vt 0.402970 0.536060
vt 0.395609 0.519364
vt 0.405913 0.521539
vt 0.400252 0.547546
vt 0.405654 0.554188
vt 0.196498 0.069598
vt 0.201746 0.084463
vt 0.210746 0.077537
vt 0.209671 0.086316
vt 0.209310 0.100066
vt 0.199167 0.102297
vt 0.310692 0.638163
vt 0.315412 0.626387
vt 0.315412 0.644686
vt 0.312122 0.630042
vt 0.404014 0.755755
vt 0.361061 0.740026
vt 0.375453 0.744928
vt 0.360743 0.754643
vt 0.691480 0.021319
vt 0.611531 0.706863
vt 0.609895 0.718426
vt 0.024109 0.222156
vt 0.008043 0.206901
vt 0.032051 0.185764
vt 0.364497 0.455011
vt 0.600728 0.512123
vt 0.047272 0.181505
vt 0.456784 0.057559
vt 0.457147 0.058308
vt 0.458613 0.047771
vt 0.700113 0.009423
vt 0.211322 0.053045
vt 0.722875 0.008043
vt 0.727616 0.013407
vt 0.008317 0.729619
vt 0.016684 0.745150
vt 0.008043 0.744931
vt 0.018218 0.730664
vt 0.020419 0.714836
vt 0.009202 0.714041
vt 0.684926 0.805996
vt 0.176368 0.162914
vt 0.837824 0.259423
vt 0.835050 0.242046
vt 0.453463 0.086758
vt 0.461056 0.069119
vt 0.457607 0.083912
vt 0.453961 0.076580
vt 0.079141 0.698330
vt 0.089244 0.696090
vt 0.085935 0.701640
vt 0.264932 0.641574
vt 0.294606 0.684986
vt 0.237592 0.610633
vt 0.215434 0.070935
vt 0.606850 0.730492
vt 0.183916 0.102552
vt 0.183653 0.919716
vt 0.186735 0.190721
vt 0.174540 0.188604
vt 0.189246 0.179492
vt 0.178125 0.193619
vt 0.592770 0.500330
vt 0.398468 0.504815
vt 0.745267 0.032163
vt 0.720119 0.789173
vt 0.550270 0.276670
vt 0.171533 0.198002
vt 0.160281 0.192940
vt 0.873478 0.270482
vt 0.881911 0.278409
vt 0.864407 0.245376
vt 0.878949 0.255662
vt 0.862059 0.264370
vt 0.850048 0.244111
vt 0.849285 0.260002
vt 0.833258 0.527708
vt 0.180352 0.197520
vt 0.176517 0.199953
vt 0.731557 0.022160
vt 0.389440 0.749753
vt 0.040447 0.474258
vt 0.042812 0.458897
vt 0.974922 0.103783
vt 0.416355 0.754824
vt 0.588971 0.502601
vt 0.083906 0.599826
vt 0.076185 0.588990
vt 0.090725 0.591851
vt 0.204414 0.148026
vt 0.201645 0.137723
vt 0.205491 0.130636
vt 0.311550 0.660772
vt 0.311622 0.676246
vt 0.310692 0.671511
vt 0.311622 0.660980
vt 0.370384 0.448936
vt 0.615553 0.870124
vt 0.409837 0.897804
vt 0.405972 0.894303
vt 0.410137 0.957073
vt 0.403788 0.946832
vt 0.158804 0.182449
vt 0.612813 0.698262
vt 0.169373 0.183015
vt 0.173966 0.175040
vt 0.160912 0.435295
vt 0.154589 0.439066
vt 0.804990 0.531978
vt 0.077033 0.609345
vt 0.067894 0.606757
vt 0.077648 0.573306
vt 0.636486 0.011177
vt 0.625685 0.008043
vt 0.147690 0.493787
vt 0.147984 0.479689
vt 0.481273 0.056796
vt 0.481924 0.070086
vt 0.483991 0.085109
vt 0.594521 0.501826
vt 0.609709 0.011124
vt 0.184911 0.195124
vt 0.052683 0.172463
vt 0.647680 0.018405
vt 0.141145 0.482284
vt 0.141686 0.471402
vt 0.147788 0.466644
vt 0.332406 0.737416
vt 0.346329 0.735878
vt 0.337160 0.745128
vt 0.336202 0.727282
vt 0.349989 0.752238
vt 0.343071 0.752688
vt 0.350816 0.718514
vt 0.340308 0.713646
vt 0.373586 0.444498
vt 0.588724 0.539754
vt 0.584797 0.546461
vt 0.596866 0.515604
vt 0.585414 0.509484
vt 0.166645 0.431873
vt 0.424457 0.756851
vt 0.301310 0.736541
vt 0.288754 0.729604
vt 0.296723 0.730357
vt 0.291127 0.745755
vt 0.286890 0.718570
vt 0.298857 0.724174
vt 0.526751 0.137968
vt 0.533836 0.153984
vt 0.526974 0.150349
vt 0.526079 0.126316
vt 0.548717 0.138794
vt 0.544414 0.144385
vt 0.539611 0.153432
vt 0.213679 0.083695
vt 0.214749 0.096422
vt 0.864991 0.081233
vt 0.855795 0.075098
vt 0.479747 0.720884
vt 0.013181 0.212345
vt 0.584994 0.532290
vt 0.258933 0.830342
vt 0.254873 0.829323
vt 0.254868 0.829227
vt 0.264992 0.834607
vt 0.301843 0.751297
vt 0.305071 0.743389
vt 0.583747 0.520861
vt 0.275818 0.726219
vt 0.274627 0.715837
vt 0.615354 0.748145
vt 0.410646 0.539277
vt 0.414653 0.524206
vt 0.143679 0.453789
vt 0.892963 0.266224
vt 0.455944 0.815305
vt 0.547496 0.149943
vt 0.546066 0.164855
vt 0.540278 0.160535
vt 0.552536 0.154772
vt 0.552418 0.141606
vt 0.009318 0.698421
vt 0.018299 0.699087
vt 0.378664 0.473516
vt 0.794902 0.655179
vt 0.294336 0.764655
vt 0.299586 0.762396
vt 0.453592 0.090307
vt 0.454252 0.093058
vt 0.820393 0.256700
vt 0.822921 0.244490
vt 0.268788 0.832085
vt 0.274425 0.836056
vt 0.279472 0.838859
vt 0.279050 0.838813
vt 0.191242 0.163152
vt 0.061409 0.583927
vt 0.055703 0.603406
vt 0.065809 0.569396
vt 0.069149 0.556607
vt 0.080948 0.561115
vt 0.072540 0.542189
vt 0.138131 0.526781
vt 0.796029 0.549968
vt 0.799757 0.565516
vt 0.802554 0.581209
vt 0.804561 0.596914
vt 0.806291 0.612414
vt 0.799816 0.636252
vt 0.848985 0.234417
vt 0.841052 0.230397
vt 0.068738 0.929350
vt 0.059155 0.874467
vt 0.069191 0.875051
vt 0.423995 0.560217
vt 0.414900 0.558653
vt 0.418297 0.542538
vt 0.425514 0.544976
vt 0.428792 0.530132
vt 0.423133 0.512714
vt 0.430553 0.513438
vt 0.421590 0.527497
vt 0.415734 0.509901
vt 0.420936 0.501442
vt 0.414815 0.497173
vt 0.051112 0.942879
vt 0.065785 0.954754
vt 0.408037 0.507538
vt 0.389904 0.487474
vt 0.402592 0.492391
vt 0.048974 0.871678
vt 0.018825 0.941137
vt 0.063218 0.621104
vt 0.076142 0.617853
vt 0.364459 0.724138
vt 0.350497 0.761045
vt 0.736163 0.635649
vt 0.726003 0.692852
vt 0.715154 0.690750
vt 0.140185 0.496334
vt 0.139035 0.511317
vt 0.212266 0.140269
vt 0.206013 0.113378
vt 0.207749 0.123430
vt 0.212875 0.124290
vt 0.211066 0.110135
vt 0.213399 0.105474
vt 0.215434 0.120998
vt 0.263037 0.708229
vt 0.271763 0.709813
vt 0.261938 0.714290
vt 0.164358 0.430395
vt 0.176777 0.432270
vt 0.804307 0.402052
vt 0.525879 0.173677
vt 0.540684 0.175328
vt 0.283964 0.772212
vt 0.287704 0.766144
vt 0.287251 0.771906
vt 0.284729 0.766905
vt 0.388689 0.964363
vt 0.459543 0.119802
vt 0.456682 0.124842
vt 0.459064 0.104441
vt 0.457092 0.126649
vt 0.289326 0.776096
vt 0.285592 0.777920
vt 0.249391 0.815604
vt 0.261182 0.818491
vt 0.264597 0.822020
vt 0.249430 0.817093
vt 0.531683 0.186686
vt 0.539071 0.182429
vt 0.280919 0.832571
vt 0.283873 0.836212
vt 0.283676 0.762303
vt 0.287251 0.760850
vt 0.619914 0.705572
vt 0.620769 0.714654
vt 0.613532 0.688187
vt 0.616676 0.695447
vt 0.381851 0.462105
vt 0.452571 0.092195
vt 0.475328 0.106514
vt 0.466091 0.112912
vt 0.466487 0.098698
vt 0.474539 0.091806
vt 0.238344 0.809107
vt 0.246614 0.812859
vt 0.242302 0.812126
vt 0.518820 0.155208
vt 0.513572 0.137479
vt 0.509091 0.154792
vt 0.500931 0.144043
vt 0.518601 0.121878
vt 0.512508 0.117506
vt 0.505607 0.123813
vt 0.494075 0.129749
vt 0.489679 0.115178
vt 0.485650 0.100032
vt 0.477620 0.120513
vt 0.473592 0.134369
vt 0.468531 0.125715
vt 0.482881 0.133757
vt 0.467051 0.085976
vt 0.473407 0.077137
vt 0.137278 0.469004
vt 0.258537 0.814542
vt 0.393676 0.476506
vt 0.285308 0.756785
vt 0.288799 0.756297
vt 0.703180 0.682505
vt 0.254297 0.709372
vt 0.249843 0.715449
vt 0.286058 0.838985
vt 0.077021 0.942597
vt 0.463473 0.083926
vt 0.384237 0.449932
vt 0.865583 0.870401
vt 0.885452 0.862294
vt 0.885176 0.875607
vt 0.131417 0.528192
vt 0.125365 0.531869
vt 0.128101 0.526029
vt 0.128405 0.544357
vt 0.128086 0.562363
vt 0.123323 0.551716
vt 0.123225 0.566832
vt 0.125751 0.581100
vt 0.892963 0.247529
vt 0.883057 0.241540
vt 0.203534 0.161105
vt 0.201400 0.174794
vt 0.193195 0.190542
vt 0.190138 0.192887
vt 0.260796 0.724305
vt 0.397255 0.456658
vt 0.395355 0.465662
vt 0.129560 0.776835
vt 0.127642 0.721776
vt 0.146151 0.768823
vt 0.190007 0.813672
vt 0.190728 0.824956
vt 0.121162 0.713015
vt 0.181491 0.636488
vt 0.193576 0.640612
vt 0.723210 0.620095
vt 0.870918 0.863805
vt 0.662444 0.479263
vt 0.643906 0.468967
vt 0.662444 0.459734
vt 0.880620 0.942157
vt 0.867203 0.968674
vt 0.869404 0.942572
vt 0.885452 0.968674
vt 0.689806 0.813925
vt 0.678028 0.812740
vt 0.337873 0.695759
vt 0.345326 0.700048
vt 0.332380 0.709475
vt 0.058988 0.629205
vt 0.043429 0.629584
vt 0.049982 0.628019
vt 0.051803 0.632995
vt 0.281631 0.755576
vt 0.738279 0.635120
vt 0.409136 0.497632
vt 0.727232 0.794975
vt 0.738129 0.781678
vt 0.039267 0.632980
vt 0.037243 0.630794
vt 0.052701 0.487723
vt 0.066294 0.493383
vt 0.622181 0.728335
vt 0.050793 0.619823
vt 0.624237 0.744103
vt 0.617726 0.737582
vt 0.623154 0.754073
vt 0.198527 0.188157
vt 0.274786 0.740645
vt 0.515455 0.187576
vt 0.521080 0.193678
vt 0.569277 0.539386
vt 0.859663 0.940240
vt 0.917939 0.798569
vt 0.545671 0.554196
vt 0.547350 0.547809
vt 0.549527 0.552193
vt 0.551731 0.543506
vt 0.555255 0.548729
vt 0.548401 0.559411
vt 0.557414 0.559661
vt 0.557899 0.573615
vt 0.544347 0.572148
vt 0.548081 0.590287
vt 0.558609 0.589588
vt 0.536878 0.587402
vt 0.540963 0.593404
vt 0.540111 0.603990
vt 0.572243 0.588715
vt 0.571018 0.572777
vt 0.569974 0.557438
vt 0.554935 0.535362
vt 0.569689 0.521173
vt 0.556540 0.521383
vt 0.136397 0.483985
vt 0.509391 0.178167
vt 0.509595 0.184958
vt 0.121162 0.536796
vt 0.828194 0.438872
vt 0.843300 0.441790
vt 0.870652 0.463915
vt 0.275059 0.814622
vt 0.274354 0.819717
vt 0.269275 0.807006
vt 0.255345 0.807363
vt 0.506966 0.162946
vt 0.503992 0.169674
vt 0.133654 0.513801
vt 0.129795 0.515735
vt 0.693663 0.284651
vt 0.631821 0.322507
vt 0.683227 0.281943
vt 0.631134 0.308965
vt 0.247221 0.725382
vt 0.663516 0.586328
vt 0.716186 0.628923
vt 0.654375 0.592262
vt 0.283792 0.801899
vt 0.289493 0.808952
vt 0.429151 0.557836
vt 0.430551 0.546951
vt 0.050487 0.745178
vt 0.052242 0.755320
vt 0.042539 0.746725
vt 0.046316 0.759297
vt 0.040197 0.732836
vt 0.048810 0.730934
vt 0.048214 0.716274
vt 0.035667 0.715634
vt 0.049582 0.704998
vt 0.028696 0.697870
vt 0.024870 0.685489
vt 0.028887 0.732668
vt 0.034590 0.737116
vt 0.034358 0.748143
vt 0.035267 0.761336
vt 0.272006 0.754995
vt 0.714990 0.805597
vt 0.379100 0.729375
vt 0.929306 0.067214
vt 0.950371 0.072974
vt 0.678000 0.551590
vt 0.666923 0.549559
vt 0.718644 0.495349
vt 0.146638 0.440355
vt 0.813055 0.562267
vt 0.809864 0.546306
vt 0.813775 0.578513
vt 0.813171 0.593834
vt 0.812322 0.605597
vt 0.776547 0.108469
vt 0.831753 0.171484
vt 0.782893 0.128324
vt 0.135150 0.498898
vt 0.392183 0.436756
vt 0.375736 0.441907
vt 0.388655 0.441439
vt 0.573157 0.497990
vt 0.576146 0.495349
vt 0.683191 0.818417
vt 0.699324 0.827285
vt 0.688256 0.826394
vt 0.694738 0.819130
vt 0.702201 0.811817
vt 0.730415 0.511256
vt 0.670926 0.579192
vt 0.385538 0.950937
vt 0.570772 0.507211
vt 0.644225 0.359437
vt 0.618654 0.331199
vt 0.636114 0.365997
vt 0.870705 0.234778
vt 0.080017 0.712860
vt 0.087392 0.712572
vt 0.081487 0.727977
vt 0.089060 0.726988
vt 0.089049 0.741433
vt 0.082002 0.742914
vt 0.462313 0.134408
vt 0.472873 0.141712
vt 0.465748 0.148995
vt 0.471935 0.148914
vt 0.461255 0.151089
vt 0.456466 0.137606
vt 0.466944 0.163485
vt 0.470659 0.161300
vt 0.488661 0.150633
vt 0.557694 0.342702
vt 0.572603 0.274882
vt 0.587790 0.222399
vt 0.602568 0.232837
vt 0.705803 0.279478
vt 0.678819 0.227092
vt 0.692324 0.222399
vt 0.278402 0.793347
vt 0.263684 0.795974
vt 0.032351 0.594597
vt 0.029759 0.581696
vt 0.046016 0.575261
vt 0.042720 0.598771
vt 0.049608 0.559372
vt 0.043845 0.561185
vt 0.055183 0.564124
vt 0.057932 0.552660
vt 0.049579 0.549951
vt 0.060337 0.538111
vt 0.063460 0.522583
vt 0.066753 0.508120
vt 0.801241 0.649464
vt 0.360917 0.640582
vt 0.364653 0.648481
vt 0.358938 0.650542
vt 0.356050 0.644325
vt 0.889952 0.641039
vt 0.273496 0.784229
vt 0.263744 0.785557
vt 0.407597 0.470164
vt 0.404988 0.462654
vt 0.411674 0.483639
vt 0.025612 0.746926
vt 0.023681 0.760114
vt 0.019388 0.775185
vt 0.037004 0.775861
vt 0.040226 0.790516
vt 0.028261 0.790378
vt 0.016458 0.686036
vt 0.016317 0.755994
vt 0.016079 0.677951
vt 0.152327 0.433756
vt 0.289189 0.820798
vt 0.302330 0.810764
vt 0.305071 0.822355
vt 0.292924 0.829932
vt 0.494400 0.167740
vt 0.499234 0.179118
vt 0.502118 0.185743
vt 0.244361 0.804309
vt 0.694571 0.414920
vt 0.736005 0.806587
vt 0.732875 0.798113
vt 0.738279 0.798810
vt 0.721853 0.810052
vt 0.400455 0.448450
vt 0.401843 0.453827
vt 0.246618 0.515482
vt 0.707117 0.816754
vt 0.711873 0.824895
vt 0.923609 0.102404
vt 0.724232 0.819560
vt 0.056124 0.508272
vt 0.051252 0.518681
vt 0.052006 0.501582
vt 0.807064 0.653405
vt 0.800435 0.668478
vt 0.738279 0.509895
vt 0.698246 0.552841
vt 0.258806 0.741647
vt 0.261412 0.756385
vt 0.436485 0.519855
vt 0.433911 0.533228
vt 0.813397 0.629533
vt 0.092430 0.710786
vt 0.094764 0.726043
vt 0.070735 0.729087
vt 0.071539 0.744568
vt 0.069507 0.713564
vt 0.068409 0.698181
vt 0.057168 0.700569
vt 0.058213 0.714966
vt 0.060115 0.745239
vt 0.059121 0.730135
vt 0.059582 0.758177
vt 0.070748 0.758340
vt 0.070012 0.772864
vt 0.054612 0.771895
vt 0.055269 0.790539
vt 0.069839 0.789856
vt 0.925139 0.509575
vt 0.935719 0.503639
vt 0.345653 0.684139
vt 0.356221 0.686773
vt 0.348524 0.689636
vt 0.355901 0.673349
vt 0.855184 0.231789
vt 0.468851 0.603167
vt 0.486725 0.551360
vt 0.494285 0.553579
vt 0.865493 0.454234
vt 0.402650 0.441067
vt 0.231520 0.591089
vt 0.275473 0.692143
vt 0.243224 0.651345
vt 0.040013 0.487351
vt 0.733182 0.813177
vt 0.477861 0.157680
vt 0.476388 0.173877
vt 0.484560 0.170666
vt 0.278591 0.768586
vt 0.370031 0.691071
vt 0.357417 0.701995
vt 0.365093 0.683515
vt 0.251439 0.796646
vt 0.491105 0.181886
vt 0.049663 0.534806
vt 0.812576 0.657057
vt 0.813019 0.666791
vt 0.474741 0.696361
vt 0.462973 0.689936
vt 0.502118 0.675452
vt 0.236909 0.800183
vt 0.720190 0.605937
vt 0.470680 0.173369
vt 0.138813 0.445518
vt 0.134173 0.456481
vt 0.677307 0.583184
vt 0.693668 0.304592
vt 0.639773 0.330259
vt 0.705803 0.403960
vt 0.130853 0.501953
vt 0.131466 0.487030
vt 0.132301 0.471656
vt 0.495961 0.186781
vt 0.406430 0.436896
vt 0.038321 0.497241
vt 0.035832 0.512663
vt 0.048152 0.496031
vt 0.885958 0.740682
vt 0.888774 0.754945
vt 0.391956 0.810330
vt 0.395937 0.856632
vt 0.270503 0.770383
vt 0.252609 0.785136
vt 0.256436 0.782479
vt 0.037124 0.617864
vt 0.557463 0.507916
vt 0.241991 0.793868
vt 0.233984 0.783469
vt 0.237935 0.782890
vt 0.235889 0.790590
vt 0.237055 0.729449
vt 0.245898 0.739388
vt 0.236798 0.741085
vt 0.312706 0.436756
vt 0.312706 0.535177
vt 0.310692 0.493472
vt 0.245308 0.784385
vt 0.861651 0.229083
vt 0.059530 0.839151
vt 0.077021 0.851204
vt 0.250365 0.755556
vt 0.243174 0.753324
vt 0.254747 0.760458
vt 0.368668 0.673608
vt 0.368056 0.660712
vt 0.358865 0.659530
vt 0.310692 0.607265
vt 0.313007 0.551263
vt 0.313007 0.610301
vt 0.281829 0.780652
vt 0.645207 0.333437
vt 0.667235 0.362957
vt 0.904283 0.435719
vt 0.893237 0.435320
vt 0.909053 0.426297
vt 0.889296 0.442194
vt 0.232464 0.750641
vt 0.231833 0.743447
vt 0.236019 0.752307
vt 0.231520 0.734778
vt 0.046160 0.074715
vt 0.053148 0.050418
vt 0.071478 0.146406
vt 0.261846 0.771567
vt 0.254477 0.771684
vt 0.494942 0.190797
vt 0.482831 0.186505
vt 0.028481 0.488825
vt 0.029848 0.496361
vt 0.023907 0.501977
vt 0.818841 0.649255
vt 0.408448 0.461290
vt 0.926755 0.852746
vt 0.559057 0.498398
vt 0.561804 0.495583
vt 0.019298 0.786862
vt 0.023922 0.791016
vt 0.027700 0.627980
vt 0.029660 0.623945
vt 0.028211 0.476375
vt 0.277526 0.823011
vt 0.471384 0.179230
vt 0.395791 0.892511
vt 0.544943 0.538881
vt 0.545727 0.522901
vt 0.022863 0.621972
vt 0.015631 0.615173
vt 0.413366 0.455189
vt 0.414418 0.443985
vt 0.123346 0.523128
vt 0.124049 0.512377
vt 0.126147 0.519218
vt 0.127025 0.506451
vt 0.126856 0.492290
vt 0.128780 0.474704
vt 0.131212 0.460116
vt 0.041832 0.549770
vt 0.039903 0.534269
vt 0.241552 0.768674
vt 0.248431 0.770510
vt 0.234102 0.766611
vt 0.513959 0.674949
vt 0.381485 0.631420
vt 0.365788 0.633176
vt 0.376193 0.624354
vt 0.373921 0.642908
vt 0.662043 0.235378
vt 0.043144 0.803864
vt 0.031893 0.803180
vt 0.436485 0.474996
vt 0.424066 0.470850
vt 0.428817 0.467801
vt 0.434713 0.491574
vt 0.752342 0.282014
vt 0.749498 0.332574
vt 0.452571 0.653949
vt 0.476453 0.624316
vt 0.345441 0.877958
vt 0.333880 0.807836
vt 0.827694 0.537079
vt 0.821747 0.542078
vt 0.833299 0.541367
vt 0.828313 0.559879
vt 0.837554 0.579236
vt 0.824465 0.579193
vt 0.832377 0.584730
vt 0.821572 0.594304
vt 0.830440 0.596571
vt 0.825408 0.607397
vt 0.817514 0.608654
vt 0.827535 0.614153
vt 0.474960 0.680894
vt 0.497836 0.667399
vt 0.883094 0.231944
vt 0.872966 0.225863
vt 0.427411 0.495924
vt 0.423474 0.498086
vt 0.424126 0.485012
vt 0.693646 0.831622
vt 0.705634 0.832759
vt 0.706842 0.837564
vt 0.024900 0.796494
vt 0.416629 0.471869
vt 0.393048 0.733877
vt 0.018492 0.495418
vt 0.018611 0.479683
vt 0.424460 0.457338
vt 0.421828 0.449076
vt 0.945964 0.492617
vt 0.406095 0.737656
vt 0.547057 0.512046
vt 0.369615 0.710182
vt 0.374890 0.699785
vt 0.094974 0.743469
vt 0.089929 0.756387
vt 0.087352 0.751814
vt 0.539918 0.525253
vt 0.537190 0.535688
vt 0.618654 0.474872
vt 0.627820 0.444021
vt 0.627820 0.479263
vt 0.417358 0.441573
vt 0.025609 0.174577
vt 0.899679 0.479263
vt 0.909053 0.478038
vt 0.252537 0.593963
vt 0.433368 0.503626
vt 0.385777 0.637252
vt 0.383790 0.646005
vt 0.081243 0.755871
vt 0.846759 0.222680
vt 0.860716 0.222399
vt 0.787327 0.107134
vt 0.012270 0.604244
vt 0.009650 0.598899
vt 0.823184 0.661141
vt 0.332380 0.908148
vt 0.693724 0.829356
vt 0.703349 0.829944
vt 0.697336 0.832725
vt 0.025307 0.602974
vt 0.016901 0.613775
vt 0.084365 0.771250
vt 0.093854 0.760503
vt 0.094974 0.769925
vt 0.901853 0.789981
vt 0.031657 0.565314
vt 0.032296 0.551087
vt 0.036111 0.559987
vt 0.020269 0.553795
vt 0.018234 0.570565
vt 0.026543 0.571915
vt 0.032474 0.539198
vt 0.712030 0.842230
vt 0.725603 0.838777
vt 0.723356 0.842475
vt 0.055477 0.804105
vt 0.054464 0.815056
vt 0.046082 0.812142
vt 0.548190 0.503410
vt 0.078854 0.193903
vt 0.026491 0.533462
vt 0.022064 0.518136
vt 0.021050 0.529507
vt 0.019336 0.508989
vt 0.385505 0.698421
vt 0.384174 0.678258
vt 0.382581 0.714272
vt 0.550845 0.500233
vt 0.251115 0.825698
vt 0.538498 0.518907
vt 0.722843 0.833694
vt 0.729208 0.834923
vt 0.718863 0.845328
vt 0.731385 0.842477
vt 0.718183 0.829680
vt 0.476793 0.496615
vt 0.464686 0.507179
vt 0.505421 0.551514
vt 0.020174 0.609536
vt 0.425936 0.449333
vt 0.377809 0.659187
vt 0.384019 0.655891
vt 0.083390 0.810021
vt 0.078953 0.802756
vt 0.086517 0.801369
vt 0.076651 0.813884
vt 0.087403 0.791990
vt 0.081570 0.789749
vt 0.783053 0.062351
vt 0.068099 0.803882
vt 0.065849 0.815620
vt 0.011850 0.594151
vt 0.010980 0.576837
vt 0.017250 0.585376
vt 0.009127 0.584062
vt 0.833516 0.409504
vt 0.870652 0.366481
vt 0.841504 0.423280
vt 0.855685 0.354845
vt 0.051550 0.820284
vt 0.062915 0.823065
vt 0.715376 0.827366
vt 0.895720 0.684564
vt 0.982807 0.125431
vt 0.966457 0.164838
vt 0.974691 0.119869
vt 0.982807 0.174443
vt 0.398770 0.699966
vt 0.410614 0.704224
vt 0.395613 0.717692
vt 0.407483 0.721317
vt 0.391482 0.662130
vt 0.138611 0.724870
vt 0.201744 0.651727
vt 0.825343 0.641712
vt 0.826467 0.630098
vt 0.831170 0.620002
vt 0.385290 0.856853
vt 0.071658 0.157002
vt 0.073957 0.819739
vt 0.016182 0.538034
vt 0.013041 0.569569
vt 0.011561 0.559633
vt 0.011637 0.544947
vt 0.010023 0.529216
vt 0.014816 0.523794
vt 0.008559 0.513673
vt 0.013230 0.509871
vt 0.008043 0.533714
vt 0.009012 0.548747
vt 0.401308 0.682062
vt 0.839709 0.157341
vt 0.417215 0.724484
vt 0.417078 0.740158
vt 0.425704 0.743226
vt 0.417353 0.710965
vt 0.423324 0.705105
vt 0.416754 0.685108
vt 0.394191 0.636813
vt 0.392487 0.626349
vt 0.393184 0.648957
vt 0.863587 0.443146
vt 0.841712 0.543720
vt 0.840197 0.559588
vt 0.841712 0.573010
vt 0.840941 0.599032
vt 0.838921 0.617012
vt 0.831110 0.645755
vt 0.417454 0.639457
vt 0.404382 0.625021
vt 0.416025 0.624873
vt 0.405862 0.637219
vt 0.402980 0.666401
vt 0.425704 0.655434
vt 0.423075 0.665075
vt 0.416273 0.653868
vt 0.414747 0.667392
vt 0.901853 0.689857
vt 0.473233 0.670773
vt 0.498014 0.655387
vt 0.425662 0.643964
vt 0.943322 0.008043
vt 0.404640 0.651764
vt 0.385380 0.894436
vt 0.877471 0.685666
vt 0.883862 0.008043
vt 0.970120 0.321060
vt 0.969353 0.278557
vt 0.980470 0.307622
vt 0.797771 0.104446
vt 0.798889 0.067984
vt 0.825318 0.008043
vt 0.839709 0.022813
vt 0.923749 0.015767
vt 0.075530 0.203656
vt 0.480963 0.635190
vt 0.201744 0.805893
vt 0.980470 0.223477
vt 0.959395 0.222399
vt 0.032888 0.973717
vt 0.016136 0.976163
vt 0.960062 0.316089
vt 0.142770 0.737635
vt 0.165068 0.695493
vt 0.513959 0.555768
vt 0.487157 0.494678
vt 0.937244 0.641039
vt 0.352459 0.238542
vt 0.436485 0.246948
vt 0.433064 0.259093
vt 0.357007 0.222399
vt 0.348723 0.254891
vt 0.430252 0.271394
vt 0.345807 0.271406
vt 0.428059 0.283819
vt 0.426488 0.296339
vt 0.343719 0.288046
vt 0.425544 0.308921
vt 0.342464 0.304769
vt 0.342045 0.321535
vt 0.425229 0.321535
vt 0.342464 0.338300
vt 0.425544 0.334148
vt 0.426488 0.346731
vt 0.343719 0.355023
vt 0.428059 0.359250
vt 0.345807 0.371664
vt 0.348723 0.388179
vt 0.430252 0.371676
vt 0.352459 0.404528
vt 0.433064 0.383977
vt 0.436485 0.396121
vt 0.357007 0.420670
vt 0.509087 0.530960
vt 0.820393 0.405399
vt 0.686831 0.459734
vt 0.686831 0.475812
vt 0.678530 0.462158
vt 0.322538 0.259093
vt 0.241934 0.238542
vt 0.246481 0.222399
vt 0.325960 0.246948
vt 0.238197 0.254891
vt 0.319727 0.271394
vt 0.235281 0.271406
vt 0.317533 0.283819
vt 0.315962 0.296339
vt 0.233193 0.288046
vt 0.315018 0.308921
vt 0.231938 0.304769
vt 0.314703 0.321535
vt 0.231520 0.321535
vt 0.231938 0.338300
vt 0.315018 0.334148
vt 0.233193 0.355024
vt 0.315962 0.346731
vt 0.235281 0.371664
vt 0.317533 0.359250
vt 0.319727 0.371676
vt 0.238197 0.388179
vt 0.322538 0.383976
vt 0.241934 0.404528
vt 0.246481 0.420670
vt 0.325960 0.396121
vt 0.758287 0.283738
vt 0.746637 0.312001
vt 0.804307 0.245683
vt 0.154895 0.766268
vt 0.102483 0.262791
vt 0.018457 0.254384
vt 0.023004 0.238242
vt 0.099061 0.274936
vt 0.014720 0.270733
vt 0.096250 0.287236
vt 0.011804 0.287248
vt 0.094056 0.299662
vt 0.092485 0.312181
vt 0.009716 0.303888
vt 0.091541 0.324764
vt 0.008462 0.320612
vt 0.091226 0.337377
vt 0.008043 0.337377
vt 0.008462 0.354142
vt 0.091541 0.349991
vt 0.009716 0.370866
vt 0.092485 0.362573
vt 0.011804 0.387506
vt 0.094056 0.375093
vt 0.096250 0.387518
vt 0.014720 0.404021
vt 0.099061 0.399819
vt 0.018457 0.420371
vt 0.102483 0.411964
vt 0.023004 0.436512
vt 0.246481 0.008043
vt 0.325960 0.032592
vt 0.322538 0.044737
vt 0.241934 0.024185
vt 0.238197 0.040534
vt 0.319727 0.057037
vt 0.235281 0.057049
vt 0.317533 0.069463
vt 0.315962 0.081982
vt 0.233193 0.073689
vt 0.315018 0.094565
vt 0.231938 0.090413
vt 0.314703 0.107178
vt 0.231520 0.107178
vt 0.231938 0.123944
vt 0.315018 0.119792
vt 0.233193 0.140667
vt 0.315962 0.132374
vt 0.235281 0.157307
vt 0.317533 0.144894
vt 0.319727 0.157319
vt 0.238197 0.173822
vt 0.322538 0.169620
vt 0.241933 0.190171
vt 0.246481 0.206314
vt 0.325960 0.181765
vt 0.951255 0.639536
vt 0.842219 0.362964
vt 0.979102 0.333785
vt 0.342417 0.892464
vt 0.436485 0.032592
vt 0.352459 0.024185
vt 0.357007 0.008043
vt 0.433064 0.044736
vt 0.348723 0.040534
vt 0.430252 0.057037
vt 0.345807 0.057049
vt 0.428059 0.069463
vt 0.426488 0.081982
vt 0.343719 0.073689
vt 0.425544 0.094564
vt 0.342464 0.090413
vt 0.425229 0.107178
vt 0.342045 0.107178
vt 0.342464 0.123943
vt 0.425544 0.119792
vt 0.343719 0.140667
vt 0.426488 0.132374
vt 0.345807 0.157307
vt 0.428059 0.144894
vt 0.430252 0.157319
vt 0.348723 0.173822
vt 0.352459 0.190171
vt 0.433064 0.169620
vt 0.436485 0.181765
vt 0.357007 0.206314
vt 0.212012 0.252732
vt 0.131408 0.232181
vt 0.135956 0.216038
vt 0.215434 0.240587
vt 0.127671 0.248530
vt 0.209201 0.265033
vt 0.124756 0.265045
vt 0.207007 0.277458
vt 0.205437 0.289978
vt 0.122668 0.281685
vt 0.204492 0.302560
vt 0.121413 0.298408
vt 0.204178 0.315174
vt 0.120994 0.315174
vt 0.121413 0.331939
vt 0.204492 0.327788
vt 0.122668 0.348663
vt 0.205437 0.340370
vt 0.124756 0.365303
vt 0.207008 0.352889
vt 0.209201 0.365315
vt 0.127671 0.381818
vt 0.212012 0.377616
vt 0.131408 0.398167
vt 0.135956 0.414309
vt 0.215434 0.389760
vt 0.978530 0.361315
vt 0.964699 0.367304
vt 0.965722 0.349871
vt 0.969555 0.402719
vt 0.978530 0.411387
vt 0.959395 0.403003
s 1
usemtl Handle1Mtl.036
f 1/1/1 2/2/2 3/3/3
f 4/4/4 5/5/5 6/6/6
f 7/7/7 8/8/8 9/9/9
f 10/10/3 11/11/10 12/12/11
f 13/6/12 14/5/13 15/13/14
f 16/7/15 17/14/16 18/8/17
f 19/15/18 20/16/19 21/17/20
f 20/16/19 19/15/18 22/18/21
f 23/19/22 24/18/21 25/15/18
f 24/18/21 23/19/22 26/20/23
f 27/18/21 28/21/24 29/16/19
f 29/16/19 28/21/24 30/22/25
f 31/17/26 32/23/27 33/24/28
f 32/23/27 31/17/26 34/16/19
f 35/25/27 36/26/25 37/27/29
f 36/26/25 35/25/27 38/28/19
f 39/29/30 40/30/24 41/31/21
f 40/30/24 39/29/30 42/32/31
f 43/33/32 44/34/33 45/35/22
f 46/36/23 45/35/22 44/34/33
f 47/21/24 48/37/34 49/22/35
f 49/22/35 48/37/34 50/38/36
f 51/29/23 52/39/37 53/32/31
f 52/39/37 51/29/23 54/40/38
f 55/41/34 56/32/31 57/42/39
f 56/32/31 55/41/34 58/30/24
f 59/43/40 60/44/26 61/45/41
f 60/44/26 59/43/40 62/46/42
f 63/27/43 64/47/36 65/48/44
f 64/47/36 63/27/43 66/26/35
f 67/49/45 68/50/46 69/51/47
f 68/50/46 67/49/45 70/52/48
f 71/53/49 72/46/42 73/43/40
f 72/46/42 71/53/49 74/35/22
f 75/45/50 76/54/28 77/55/51
f 76/54/28 75/45/50 78/44/26
f 79/56/52 80/57/53 81/58/54
f 79/56/52 81/58/54 82/59/55
f 83/60/54 84/61/56 85/62/57
f 84/61/56 83/60/54 86/63/58
f 87/64/59 88/65/1 89/66/60
f 90/67/61 91/60/62 92/68/63
f 90/67/61 92/68/63 93/69/64
f 94/52/65 95/70/66 96/50/67
f 95/70/66 94/52/65 97/71/68
f 96/50/69 98/70/70 99/72/71
f 96/50/69 99/72/71 100/73/72
f 101/72/71 102/74/73 100/73/74
f 102/74/73 101/72/71 103/75/75
f 104/60/54 105/76/76 106/68/77
f 105/76/76 104/60/54 107/62/78
f 108/77/79 109/78/80 110/61/81
f 109/78/80 111/62/57 110/61/81
f 112/40/82 113/79/83 114/80/84
f 114/80/84 115/39/85 112/40/82
f 116/81/86 117/82/87 118/39/88
f 119/32/31 118/39/88 117/82/87
f 120/83/89 121/70/66 122/71/90
f 121/70/66 120/83/89 123/84/91
f 124/85/92 121/70/66 123/84/91
f 121/70/66 124/85/92 125/72/71
f 126/86/93 127/59/61 128/87/94
f 126/86/93 128/87/94 129/88/95
f 130/89/96 131/90/97 132/91/98
f 133/92/99 132/91/98 131/90/97
f 134/71/100 132/91/98 133/92/99
f 132/91/98 134/71/100 135/52/101
f 136/93/102 137/56/103 138/59/55
f 136/93/102 138/59/55 139/86/93
f 140/93/104 141/94/105 137/56/106
f 141/94/105 140/93/104 142/95/107
f 143/95/107 144/96/108 141/94/109
f 144/96/108 143/95/107 145/97/110
f 146/62/78 147/98/111 148/76/76
f 147/98/111 146/62/78 149/78/112
f 150/24/113 151/99/114 152/100/115
f 151/99/114 150/24/113 153/23/116
f 154/101/117 155/35/118 156/53/119
f 155/35/118 154/101/117 157/33/32
f 158/102/120 159/51/121 160/103/122
f 159/51/121 158/102/120 161/49/123
f 162/104/124 163/23/125 164/105/126
f 163/23/125 162/104/124 165/99/127
f 166/68/77 167/106/128 168/107/129
f 167/106/128 166/68/77 169/76/76
f 170/108/130 171/32/31 172/109/131
f 171/32/31 173/82/87 172/109/131
f 174/110/132 175/81/86 176/80/84
f 177/39/85 176/80/84 175/81/86
f 178/111/133 179/56/134 180/94/109
f 179/56/134 178/111/133 181/57/53
f 182/63/53 183/77/135 184/61/81
f 183/77/135 182/63/53 185/112/136
f 186/42/39 187/108/130 188/113/137
f 187/108/130 186/42/39 189/32/31
f 190/114/138 191/52/48 192/49/45
f 191/52/48 190/114/138 193/91/139
f 194/115/140 195/91/139 196/114/138
f 195/91/139 194/115/140 197/89/141
f 198/101/142 199/116/143 200/33/144
f 198/101/142 201/117/145 199/116/143
f 202/69/64 203/68/146 204/107/129
f 202/69/64 204/107/129 205/118/147
f 206/119/148 207/100/115 208/120/149
f 207/100/115 206/119/148 209/24/113
f 210/121/150 211/76/76 212/98/151
f 211/76/76 210/121/150 213/106/152
f 214/122/153 215/103/154 216/51/47
f 216/51/47 217/123/155 214/122/153
f 218/105/156 219/124/157 220/104/158
f 219/124/157 218/105/156 221/125/159
f 222/73/160 223/126/161 224/123/162
f 223/126/161 222/73/160 225/74/163
f 226/51/47 222/73/160 224/123/162
f 226/51/47 227/50/164 222/73/160
f 228/127/165 229/110/166 230/80/143
f 229/110/166 228/127/165 231/128/167
f 232/129/168 233/130/169 234/131/170
f 233/130/169 232/129/168 235/132/171
f 236/133/172 237/134/173 238/129/174
f 236/133/172 238/129/174 239/131/175
f 240/47/176 241/42/177 242/135/178
f 241/42/177 240/47/176 243/41/34
f 244/48/44 245/135/179 246/136/180
f 245/135/179 244/48/44 247/47/36
f 248/137/181 249/90/97 250/138/182
f 249/90/97 248/137/181 251/92/183
f 252/139/184 253/71/185 251/92/99
f 253/71/185 252/139/184 254/83/186
f 252/139/184 255/92/183 256/140/187
f 255/92/183 257/141/188 256/140/187
f 258/142/189 259/55/190 260/143/191
f 259/55/190 258/142/189 261/45/192
f 258/142/189 262/43/193 261/45/192
f 262/43/193 258/142/189 263/53/194
f 264/144/195 265/94/109 266/96/196
f 265/94/109 264/144/195 267/111/197
f 268/130/169 269/132/171 270/145/198
f 269/132/171 271/146/199 270/145/198
f 272/141/188 273/137/181 274/147/200
f 273/137/181 272/141/188 275/92/183
f 276/148/201 277/93/102 278/86/202
f 276/148/201 278/86/202 279/149/203
f 280/150/204 281/151/205 282/134/206
f 282/134/206 283/133/172 280/150/204
f 284/95/107 285/148/201 286/152/207
f 285/148/201 284/95/107 287/93/208
f 288/42/177 289/153/209 290/135/178
f 289/153/209 288/42/177 291/113/210
f 292/154/211 293/155/212 294/112/136
f 293/155/212 295/77/213 294/112/136
f 296/129/168 297/156/214 298/157/215
f 296/129/168 298/157/215 299/132/216
f 300/157/215 301/158/217 302/132/216
f 302/132/216 301/158/217 303/146/218
f 304/85/219 305/75/75 306/72/71
f 305/75/75 304/85/219 307/159/220
f 308/160/221 309/90/222 310/89/223
f 309/90/222 308/160/221 311/161/224
f 312/162/225 313/139/226 314/140/227
f 313/139/226 312/162/225 315/163/228
f 316/164/95 317/165/64 318/166/147
f 316/164/95 318/166/147 319/167/229
f 320/155/212 321/168/230 322/77/231
f 321/168/230 323/78/112 322/77/231
f 324/169/232 325/160/221 326/115/233
f 326/115/233 325/160/221 327/89/141
f 328/82/87 329/81/234 330/170/235
f 329/81/234 331/171/236 330/170/235
f 332/172/237 333/53/194 334/142/238
f 333/53/194 332/172/237 335/101/239
f 336/144/195 337/96/240 338/173/241
f 338/173/241 337/96/240 339/97/242
f 340/83/186 341/163/228 342/84/243
f 341/163/228 340/83/186 343/139/244
f 344/159/245 342/84/243 345/163/228
f 342/84/243 344/159/245 346/85/92
f 347/115/246 348/174/247 349/175/248
f 348/174/247 347/115/246 350/114/249
f 348/174/247 350/114/249 351/176/250
f 350/114/249 352/177/251 351/176/250
f 353/149/252 354/86/253 355/88/254
f 353/149/252 355/88/254 356/178/255
f 357/147/256 358/179/257 359/141/258
f 358/179/257 357/147/256 360/180/259
f 361/140/260 359/141/188 362/179/261
f 362/179/261 363/162/225 361/140/260
f 364/181/262 365/157/215 366/156/214
f 365/157/215 364/181/262 367/182/263
f 368/168/264 369/183/265 370/78/112
f 369/183/265 371/98/111 370/78/112
f 372/177/266 373/49/267 374/102/120
f 373/49/267 372/177/266 375/114/249
f 376/184/268 377/185/269 378/186/270
f 378/186/270 377/185/269 379/187/271
f 380/122/272 381/123/273 382/126/161
f 382/126/161 383/188/274 380/122/272
f 384/189/275 385/190/276 386/191/277
f 384/189/275 386/191/277 387/192/278
f 388/133/172 389/192/279 386/191/277
f 389/192/279 388/133/172 390/131/170
f 391/193/280 392/129/281 393/134/173
f 392/129/281 391/193/280 394/156/214
f 395/194/282 396/131/170 397/130/283
f 396/131/170 395/194/282 398/192/278
f 399/195/284 400/196/285 401/182/286
f 400/196/285 399/195/284 402/197/287
f 403/198/288 404/97/110 405/95/289
f 403/198/288 405/95/289 406/152/290
f 407/199/291 408/200/292 409/201/293
f 408/200/292 407/199/291 410/202/294
f 411/203/295 412/150/296 413/191/297
f 413/191/297 412/150/296 414/133/172
f 415/190/276 416/203/295 413/191/277
f 416/203/295 415/190/276 417/204/298
f 418/75/299 419/205/300 420/74/73
f 419/205/300 418/75/299 421/206/301
f 421/206/301 422/207/302 419/205/300
f 422/207/302 421/206/301 423/208/303
f 424/193/280 425/209/304 426/181/305
f 424/193/280 426/181/305 427/156/214
f 428/181/306 429/210/307 430/211/308
f 428/181/306 430/211/308 431/182/263
f 432/212/287 433/213/309 434/214/310
f 434/214/310 435/215/311 432/212/287
f 436/216/312 437/185/269 438/217/313
f 438/217/313 437/185/269 439/184/268
f 440/218/314 441/189/275 442/192/278
f 440/218/314 442/192/278 443/194/282
f 444/219/315 445/154/316 446/112/136
f 445/154/316 444/219/315 447/220/317
f 448/211/318 449/195/319 450/182/263
f 449/195/319 448/211/318 451/221/320
f 452/137/321 453/180/259 454/147/256
f 453/180/259 452/137/321 455/222/322
f 456/223/285 457/215/311 458/224/323
f 457/215/311 456/223/285 459/212/324
f 460/206/325 461/225/326 462/208/327
f 461/225/326 460/206/325 463/226/328
f 464/199/291 465/150/296 466/203/329
f 465/150/296 464/199/291 467/151/205
f 468/227/330 469/228/331 470/214/310
f 471/215/332 470/214/310 469/228/331
f 472/229/333 473/230/334 474/231/335
f 473/230/334 472/229/333 475/232/336
f 476/196/285 477/157/215 478/182/337
f 477/157/215 476/196/285 479/158/338
f 480/90/339 481/161/224 482/138/340
f 481/161/224 483/233/341 482/138/340
f 484/207/302 485/208/303 486/234/342
f 485/208/303 487/235/343 486/234/342
f 488/236/344 489/194/282 490/145/345
f 489/194/282 491/130/283 490/145/345
f 492/205/346 493/237/347 494/238/348
f 493/237/347 492/205/346 495/207/302
f 496/239/349 497/170/350 498/240/351
f 497/170/350 499/241/352 498/240/351
f 497/170/350 496/239/349 500/109/353
f 500/109/353 501/82/87 497/170/350
f 502/74/163 503/238/354 504/126/161
f 503/238/354 502/74/163 505/205/346
f 506/172/237 507/142/355 508/242/356
f 508/242/356 507/142/355 509/243/357
f 510/244/358 509/243/359 511/245/360
f 509/243/359 510/244/358 512/246/361
f 513/247/362 514/248/363 515/209/364
f 513/247/362 515/209/364 516/193/280
f 517/249/365 518/250/366 519/251/367
f 518/250/366 520/252/368 519/251/367
f 521/204/298 522/253/369 520/252/368
f 522/253/369 521/204/298 523/190/276
f 520/252/370 524/202/371 525/204/298
f 524/202/371 520/252/370 526/250/372
f 527/203/329 525/204/298 528/202/294
f 528/202/294 529/199/291 527/203/329
f 526/250/366 530/200/373 528/202/294
f 530/200/373 526/250/366 531/254/374
f 526/250/366 532/255/375 531/254/374
f 532/255/375 526/250/366 533/249/365
f 534/159/376 535/226/328 536/75/299
f 536/75/299 535/226/328 537/206/325
f 538/256/377 539/230/378 540/257/250
f 539/230/378 541/258/379 540/257/250
f 542/233/341 543/137/321 544/138/182
f 543/137/321 542/233/341 545/222/322
f 546/201/380 547/259/381 548/260/382
f 547/259/381 546/201/380 549/200/292
f 550/208/327 551/225/383 552/261/384
f 550/208/327 552/261/384 553/262/385
f 554/263/386 555/231/335 556/230/378
f 556/230/378 557/256/377 554/263/386
f 558/180/387 559/264/388 560/179/389
f 559/264/388 558/180/387 561/265/390
f 560/179/391 562/264/388 563/266/392
f 564/162/393 560/179/391 563/266/392
f 565/267/394 564/162/393 563/266/392
f 564/162/393 565/267/394 566/163/228
f 567/268/395 568/224/396 569/269/397
f 570/270/398 571/104/399 572/271/400
f 571/104/399 573/124/157 572/271/400
f 574/272/401 575/199/402 576/201/293
f 575/199/402 574/272/401 577/273/403
f 578/172/237 579/274/404 580/275/405
f 579/274/404 578/172/237 581/242/356
f 578/172/237 580/275/405 582/117/145
f 582/117/145 583/101/406 578/172/237
f 584/276/407 585/275/405 579/274/408
f 586/277/409 585/275/405 584/276/407
f 587/209/304 588/278/410 589/210/411
f 587/209/304 589/210/411 590/181/412
f 591/183/413 592/121/150 593/98/151
f 592/121/150 591/183/413 594/279/414
f 595/280/266 596/256/415 597/257/250
f 596/256/415 595/280/266 598/281/416
f 599/280/417 600/282/418 598/281/419
f 600/282/418 599/280/417 601/283/120
f 602/166/420 603/187/271 604/284/421
f 603/187/271 602/166/420 605/186/129
f 606/230/334 607/285/422 608/258/379
f 607/285/422 606/230/334 609/232/336
f 610/285/423 611/286/424 612/287/233
f 611/286/424 610/285/423 613/288/425
f 614/289/426 615/290/427 616/260/382
f 616/260/382 617/259/428 614/289/426
f 618/273/403 619/291/429 620/248/363
f 618/273/403 620/248/363 621/247/362
f 622/213/284 623/292/430 624/214/431
f 623/292/430 622/213/284 625/293/320
f 626/142/432 627/245/360 628/243/357
f 627/245/360 626/142/432 629/143/433
f 630/164/95 631/294/434 632/295/435
f 631/294/434 630/164/95 633/167/436
f 634/296/437 635/208/327 636/262/385
f 636/262/385 637/297/438 634/296/437
f 638/298/419 639/103/154 640/122/153
f 638/298/419 640/122/153 641/188/439
f 642/99/114 643/299/440 644/300/441
f 643/299/440 642/99/114 645/104/399
f 646/301/442 647/218/314 648/302/443
f 647/218/314 646/301/442 649/189/275
f 650/303/444 651/253/445 646/301/446
f 650/303/444 652/304/447 651/253/445
f 653/301/448 651/253/449 654/190/450
f 653/301/448 654/190/450 655/189/275
f 656/302/451 657/218/452 658/305/453
f 656/302/451 658/305/453 659/306/454
f 660/305/453 657/218/452 661/194/282
f 661/194/282 662/236/344 660/305/453
f 663/307/455 664/225/326 665/163/228
f 664/225/326 663/307/455 666/261/384
f 667/308/456 668/309/454 669/310/453
f 670/151/457 671/247/458 672/193/280
f 670/151/457 672/193/280 673/134/459
f 674/311/460 675/312/461 676/313/462
f 675/312/461 674/311/460 677/314/463
f 675/312/461 678/315/464 676/313/462
f 678/315/464 675/312/461 679/316/465
f 680/261/384 681/307/455 682/317/466
f 682/317/466 683/262/467 680/261/384
f 684/318/468 685/153/209 686/319/469
f 685/153/209 684/318/468 687/135/470
f 688/320/471 689/124/472 690/125/473
f 689/124/472 688/320/471 691/321/474
f 692/322/475 693/207/476 694/234/477
f 693/207/476 692/322/475 695/237/478
f 696/215/479 697/323/480 698/224/481
f 697/323/480 696/215/479 699/228/482
f 700/167/229 701/284/483 702/324/484
f 701/284/483 700/167/229 703/166/485
f 704/153/209 705/108/486 706/325/487
f 705/108/486 704/153/209 707/113/488
f 708/326/489 709/327/490 706/325/491
f 709/327/490 708/326/489 710/328/492
f 711/239/493 708/326/489 712/325/487
f 708/326/489 711/239/493 713/240/494
f 711/239/495 714/108/496 715/109/497
f 714/108/496 711/239/495 716/325/487
f 717/180/387 718/329/498 719/265/390
f 718/329/498 717/180/387 720/222/322
f 721/222/499 722/330/500 718/329/501
f 722/330/500 721/222/499 723/331/502
f 724/273/403 725/151/457 726/199/402
f 725/151/457 724/273/403 727/247/458
f 728/332/503 729/214/431 730/292/504
f 729/214/431 728/332/503 731/227/330
f 732/188/505 733/126/161 734/333/506
f 733/126/161 735/238/354 734/333/506
f 736/235/343 737/296/437 738/334/507
f 737/296/437 736/235/343 739/208/303
f 740/297/438 741/262/508 742/317/466
f 742/317/466 743/335/509 740/297/438
f 744/143/510 745/336/511 746/337/512
f 745/336/511 744/143/510 747/55/513
f 748/338/514 744/143/510 746/337/512
f 744/143/510 748/338/514 749/245/515
f 750/339/516 751/209/517 752/248/518
f 751/209/517 750/339/516 753/278/519
f 754/309/454 755/308/520 756/224/396
f 757/340/521 755/308/520 758/341/522
f 755/308/520 757/340/521 759/224/396
f 759/224/396 760/268/523 761/309/524
f 762/4/525 763/6/12 764/342/526
f 765/173/527 766/198/288 767/343/528
f 766/198/288 765/173/527 768/97/529
f 769/344/530 770/345/531 771/346/532
f 771/346/533 772/345/461 773/347/534
f 774/348/535 775/349/536 776/144/195
f 774/348/535 776/144/195 777/173/537
f 778/225/383 779/159/538 780/163/539
f 779/159/538 778/225/383 781/226/328
f 782/340/540 783/223/285 784/224/541
f 783/223/285 782/340/540 785/350/542
f 786/351/543 787/352/544 788/155/545
f 787/352/544 789/168/546 788/155/545
f 790/299/440 791/270/398 792/353/547
f 791/270/398 790/299/440 793/104/399
f 794/354/548 795/273/403 796/272/549
f 795/273/403 794/354/548 797/291/429
f 798/355/550 799/322/475 800/356/551
f 799/322/475 798/355/550 801/237/347
f 802/135/470 803/357/552 804/136/180
f 803/357/552 802/135/470 805/318/468
f 806/268/395 807/358/451 808/309/454
f 807/358/451 806/268/395 809/359/553
f 810/153/209 811/360/554 812/319/469
f 811/360/554 810/153/209 813/325/555
f 814/284/421 815/187/556 816/361/557
f 817/362/558 816/361/557 815/187/556
f 818/324/559 819/361/560 820/363/561
f 819/361/560 818/324/559 821/284/562
f 822/364/563 823/237/347 824/365/564
f 823/237/347 825/355/565 824/365/564
f 826/366/566 827/255/375 828/367/567
f 827/255/375 826/366/566 829/254/568
f 826/366/569 830/259/428 831/254/570
f 832/200/292 831/254/570 830/259/428
f 833/307/455 834/368/571 835/369/572
f 834/368/571 833/307/455 836/163/539
f 837/370/573 838/152/207 839/148/201
f 837/370/573 839/148/201 840/371/574
f 841/238/575 842/372/576 843/333/506
f 842/372/576 841/238/575 844/237/347
f 845/369/572 846/317/577 847/307/455
f 846/317/577 845/369/572 848/373/578
f 849/272/549 850/260/579 851/354/580
f 850/260/579 849/272/549 852/201/380
f 853/260/579 854/374/581 851/354/580
f 854/374/581 853/260/579 855/290/582
f 856/304/583 857/251/584 858/252/368
f 856/304/583 858/252/368 859/253/445
f 860/81/234 861/110/585 862/171/586
f 861/110/585 863/375/587 862/171/586
f 862/171/586 863/375/587 864/376/588
f 863/375/587 865/377/589 864/376/588
f 864/376/588 865/377/589 866/378/590
f 865/377/589 867/379/591 866/378/590
f 866/378/590 867/379/591 868/380/592
f 867/379/591 869/381/593 868/380/592
f 868/380/592 869/381/593 870/382/594
f 869/381/593 871/383/595 870/382/594
f 872/128/167 863/375/587 873/110/585
f 863/375/587 872/128/167 874/384/596
f 874/384/596 875/377/597 863/375/587
f 875/377/597 874/384/596 876/385/598
f 877/385/598 878/379/599 875/377/597
f 878/379/599 877/385/598 879/386/600
f 879/386/600 880/381/593 878/379/599
f 880/381/593 879/386/600 881/387/601
f 882/388/602 883/289/603 884/366/569
f 885/259/428 884/366/569 883/289/603
f 886/266/392 887/264/604 888/389/605
f 888/389/605 889/267/394 886/266/392
f 890/390/606 891/391/607 892/286/608
f 892/286/608 891/391/607 893/392/609
f 894/393/610 895/394/610 896/395/610
f 895/394/610 894/393/610 897/396/610
f 898/397/610 896/395/610 895/394/610
f 899/398/610 897/396/610 894/393/610
f 897/396/610 899/398/610 900/399/610
f 900/399/610 899/398/610 901/400/610
f 896/395/610 898/397/610 902/401/611
f 898/397/610 903/402/610 902/401/611
f 903/402/610 898/397/610 904/403/610
f 903/402/610 904/403/610 905/404/610
f 906/405/612 907/406/613 908/220/317
f 907/406/613 909/154/316 908/220/317
f 910/167/436 911/407/614 912/294/434
f 911/407/614 910/167/436 913/324/615
f 914/373/578 915/408/616 916/317/577
f 915/408/616 917/335/617 916/317/577
f 918/409/618 919/286/424 920/288/425
f 919/286/424 918/409/618 921/390/606
f 922/410/619 923/411/620 924/361/557
f 923/411/620 925/363/621 924/361/557
f 926/241/622 927/326/489 928/240/494
f 927/326/489 926/241/622 929/412/623
f 929/412/623 930/378/624 931/413/625
f 930/378/624 932/380/592 931/413/625
f 931/413/625 932/380/592 933/414/626
f 932/380/592 934/382/594 933/414/626
f 935/241/627 936/378/624 929/412/623
f 936/378/624 935/241/627 937/376/628
f 938/171/629 937/376/628 935/241/627
f 939/170/630 938/171/629 935/241/627
f 940/415/631 941/416/444 942/417/442
f 942/417/442 943/418/632 940/415/631
f 944/419/633 945/269/634 946/224/481
f 945/269/634 944/419/633 947/420/635
f 948/421/636 949/422/637 950/423/636
f 949/422/637 948/421/636 951/424/636
f 952/425/637 950/423/636 949/422/637
f 953/426/637 951/424/636 948/421/636
f 952/425/637 954/427/636 950/423/636
f 954/427/636 952/425/637 955/428/637
f 954/427/636 955/428/637 956/429/636
f 951/424/636 953/426/637 957/430/636
f 958/431/637 957/430/636 953/426/637
f 957/430/636 958/431/637 959/432/637
f 960/433/638 961/410/619 962/362/558
f 961/410/619 963/361/557 962/362/558
f 964/232/336 965/288/639 966/285/423
f 965/288/639 964/232/336 967/434/640
f 968/228/641 969/435/642 970/323/480
f 969/435/642 968/228/641 971/227/643
f 972/436/4 973/437/644 974/438/645
f 974/438/645 975/439/5 972/436/4
f 976/440/646 977/198/647 978/152/207
f 976/440/646 978/152/207 979/370/573
f 980/352/648 981/183/649 982/168/650
f 981/183/649 980/352/648 983/441/651
f 984/442/652 983/441/653 985/352/648
f 986/443/654 984/442/652 985/352/648
f 987/371/574 988/148/655 989/149/656
f 987/371/574 989/149/656 990/444/657
f 991/210/658 992/445/659 993/446/660
f 991/210/658 993/446/660 994/211/661
f 995/268/395 996/447/662 997/359/553
f 996/447/662 995/268/395 998/269/663
f 999/448/664 1000/248/518 1001/291/665
f 1000/248/518 999/448/664 1002/339/666
f 1003/449/667 1004/364/563 1005/365/564
f 1004/364/563 1003/449/667 1006/450/668
f 1007/451/669 1008/452/670 1009/453/671
f 1010/454/672 1011/455/228 1012/456/394
f 1013/457/571 1011/455/228 1010/454/672
f 1014/458/673 1015/354/580 1016/374/674
f 1015/354/580 1014/458/673 1017/291/675
f 1018/459/676 1019/460/677 1020/461/499
f 1019/460/677 1018/459/676 1021/462/678
f 1022/463/679 1023/459/676 1024/461/499
f 1023/459/676 1022/463/679 1025/464/680
f 1026/465/681 1027/466/224 1028/467/682
f 1029/468/683 1027/466/224 1026/465/681
f 1030/464/684 1031/466/224 1032/469/685
f 1031/466/224 1030/464/684 1033/463/679
f 1034/470/686 1035/244/687 1036/338/514
f 1037/245/515 1036/338/514 1035/244/687
f 1038/149/656 1039/471/688 1040/444/657
f 1039/471/688 1038/149/656 1041/178/689
f 1042/472/690 1043/451/669 1044/453/691
f 1045/419/692 1046/473/693 1047/474/694
f 1046/473/693 1045/419/692 1048/224/481
f 1049/441/695 1050/279/414 1051/183/649
f 1050/279/414 1049/441/695 1052/475/696
f 1053/442/652 1054/475/696 1049/441/697
f 1054/475/696 1053/442/652 1055/476/698
f 1056/477/699 1057/264/604 1058/265/390
f 1057/264/604 1056/477/699 1059/389/700
f 1060/216/701 1061/362/702 1062/185/703
f 1061/362/702 1063/187/271 1062/185/703
f 1064/449/704 1065/478/705 1066/479/706
f 1065/478/705 1064/449/704 1067/480/707
f 1068/1/708 1069/481/709 1070/2/710
f 1071/178/711 1072/482/712 1073/471/713
f 1072/482/712 1071/178/711 1074/483/714
f 1075/372/576 1076/364/563 1077/484/715
f 1076/364/563 1075/372/576 1078/237/347
f 1079/485/661 1080/486/716 1081/487/717
f 1080/486/716 1079/485/661 1082/488/718
f 1083/319/719 1084/489/720 1085/318/468
f 1084/489/720 1083/319/719 1086/360/721
f 1087/360/722 1088/325/723 1089/490/724
f 1088/325/723 1090/327/725 1089/490/724
f 1091/473/726 1092/323/727 1093/491/728
f 1092/323/727 1091/473/726 1094/224/481
f 1095/492/729 1096/493/730 1097/494/731
f 1096/493/730 1095/492/729 1098/495/732
f 1099/496/733 1100/497/734 1101/216/312
f 1099/496/733 1101/216/312 1102/217/735
f 1103/498/736 1104/497/734 1099/496/733
f 1103/498/736 1105/499/737 1104/497/734
f 1106/500/738 1107/501/739 1108/502/740
f 1106/500/738 1108/502/740 1109/457/571
f 1110/435/741 1111/491/742 1112/323/480
f 1111/491/742 1110/435/741 1113/503/743
f 1114/504/744 1115/311/745 1116/313/746
f 1117/505/747 1118/506/5 1119/507/748
f 1120/508/749 1121/509/750 1122/500/738
f 1121/509/750 1120/508/749 1123/510/751
f 1124/511/752 1125/440/753 1126/370/573
f 1126/370/573 1127/512/754 1124/511/752
f 1128/513/755 1129/371/574 1130/444/657
f 1128/513/755 1130/444/657 1131/514/756
f 1132/326/489 1133/515/757 1134/328/758
f 1133/515/757 1132/326/489 1135/412/623
f 1133/515/757 1135/412/623 1136/516/759
f 1135/412/623 1137/413/760 1136/516/759
f 1136/516/759 1137/413/760 1138/517/761
f 1137/413/760 1139/414/762 1138/517/761
f 1140/355/763 1141/480/707 1142/365/764
f 1141/480/707 1143/449/704 1142/365/764
f 1143/449/765 1144/518/766 1145/450/668
f 1144/518/766 1143/449/765 1146/479/767
f 1147/433/638 1148/216/701 1149/497/768
f 1148/216/701 1147/433/638 1150/362/702
f 1151/324/484 1152/519/769 1153/407/614
f 1152/519/769 1151/324/484 1154/363/770
f 1155/520/771 1156/521/715 1157/522/563
f 1156/521/715 1155/520/771 1158/523/772
f 1158/523/772 1159/524/576 1156/521/715
f 1159/524/576 1160/525/773 1161/526/774
f 1160/525/773 1159/524/576 1162/281/775
f 1159/524/576 1158/523/772 1162/281/775
f 1163/527/616 1164/528/776 1165/529/777
f 1165/529/777 1164/528/776 1166/530/778
f 1167/531/779 1168/532/780 1169/349/536
f 1167/531/779 1169/349/536 1170/348/535
f 1171/235/343 1172/322/781 1173/234/782
f 1172/322/781 1171/235/343 1174/493/783
f 1175/512/754 1176/370/784 1177/371/574
f 1177/371/574 1178/513/785 1175/512/754
f 1179/469/685 1180/468/683 1181/533/786
f 1180/468/683 1179/469/685 1182/466/224
f 1183/444/657 1184/534/787 1185/514/788
f 1184/534/787 1183/444/657 1186/471/789
f 1187/535/790 1188/415/791 1189/418/792
f 1188/415/791 1187/535/790 1190/536/793
f 1191/537/794 1192/275/795 1193/538/796
f 1192/275/795 1191/537/794 1194/117/797
f 1195/277/409 1193/538/796 1192/275/795
f 1193/538/796 1195/277/409 1196/539/798
f 1197/277/799 1198/540/800 1196/539/798
f 1198/540/800 1197/277/799 1199/541/801
f 1200/540/802 1199/541/801 1201/542/803
f 1200/540/802 1201/542/803 1202/543/804
f 1203/543/805 1201/542/803 1204/544/806
f 1203/543/805 1204/544/806 1205/545/807
f 1206/546/808 1207/495/732 1208/547/809
f 1207/495/732 1206/546/808 1209/493/783
f 1210/356/810 1209/493/783 1211/546/811
f 1209/493/783 1210/356/810 1212/322/781
f 1213/548/812 1214/120/511 1215/100/813
f 1215/100/813 1216/549/814 1213/548/812
f 1217/550/815 1213/548/816 1218/549/817
f 1217/550/815 1219/551/818 1213/548/816
f 1220/320/819 1221/552/820 1222/321/821
f 1221/552/820 1220/320/819 1223/553/822
f 1224/554/823 1225/555/824 1222/321/821
f 1225/555/824 1224/554/823 1226/556/825
f 1227/381/593 1228/387/601 1229/557/807
f 1227/381/593 1229/557/807 1230/383/826
f 1231/558/827 1232/559/828 1233/560/829
f 1232/559/828 1231/558/827 1234/561/830
f 1235/562/831 1236/561/832 1237/558/833
f 1236/561/832 1235/562/831 1238/563/834
f 1239/564/835 1240/565/836 1241/566/837
f 1240/565/836 1239/564/835 1242/567/838
f 1243/493/730 1244/235/343 1245/334/839
f 1243/493/730 1245/334/839 1246/494/840
f 1247/546/808 1248/568/841 1249/480/707
f 1248/568/841 1247/546/808 1250/547/842
f 1251/560/843 1252/569/844 1253/570/845
f 1252/569/844 1251/560/843 1254/559/846
f 1255/571/847 1256/560/829 1253/570/848
f 1255/571/847 1257/572/849 1256/560/829
f 1258/573/501 1259/574/699 1260/575/390
f 1259/574/699 1258/573/501 1261/576/850
f 1262/246/851 1263/244/358 1264/577/852
f 1262/246/851 1264/577/852 1265/578/853
f 1266/579/854 1267/580/855 1268/581/856
f 1266/579/854 1268/581/856 1269/416/857
f 1270/582/858 1271/542/803 1272/541/801
f 1271/542/803 1270/582/858 1273/583/859
f 1274/582/858 1272/541/860 1275/584/861
f 1276/585/862 1274/582/858 1275/584/861
f 1277/586/863 1275/584/864 1278/276/865
f 1277/586/863 1278/276/865 1279/274/404
f 1280/585/862 1281/584/864 1277/586/866
f 1282/587/867 1280/585/862 1277/586/866
f 1283/588/868 1282/587/867 1277/586/866
f 1282/587/867 1283/588/868 1284/589/869
f 1285/242/356 1277/586/863 1286/274/404
f 1277/586/863 1285/242/356 1287/588/868
f 1288/242/870 1289/246/871 1283/588/868
f 1289/246/871 1288/242/870 1290/243/357
f 1291/500/872 1292/590/873 1293/501/739
f 1292/590/873 1294/527/616 1293/501/739
f 1295/591/874 1296/592/874 1297/593/874
f 1296/592/874 1295/591/874 1298/594/874
f 1297/593/874 1296/592/874 1299/595/875
f 1297/593/874 1299/595/875 1300/596/874
f 1300/596/874 1299/595/875 1301/597/874
f 1302/598/874 1298/594/874 1295/591/874
f 1298/594/874 1302/598/874 1303/599/875
f 1303/599/875 1302/598/874 1304/600/874
f 1305/601/874 1304/600/874 1302/598/874
f 1304/600/874 1305/601/874 1306/602/874
f 1307/603/876 1308/604/876 1309/605/876
f 1308/604/876 1307/603/876 1310/606/877
f 1311/607/876 1309/605/876 1308/604/876
f 1312/608/876 1310/606/877 1307/603/876
f 1311/607/876 1313/609/877 1309/605/876
f 1313/609/877 1311/607/876 1314/610/876
f 1313/609/877 1314/610/876 1315/611/877
f 1310/606/877 1312/608/876 1316/612/876
f 1317/613/876 1316/612/876 1312/608/876
f 1316/612/876 1317/613/876 1318/614/876
f 1319/615/878 1320/616/879 1321/617/880
f 1320/616/879 1319/615/878 1322/618/881
f 1320/616/879 1322/618/881 1323/619/882
f 1324/620/883 1323/619/882 1322/618/881
f 1324/620/883 1325/621/884 1326/622/885
f 1325/621/884 1324/620/883 1322/618/881
f 1322/618/881 1327/615/878 1328/623/886
f 1329/624/887 1322/618/881 1328/623/886
f 1330/625/507 1322/618/881 1329/624/887
f 1322/618/881 1330/625/507 1331/621/884
f 1332/620/888 1333/530/778 1323/619/889
f 1333/530/778 1334/626/890 1323/619/889
f 1335/529/777 1336/530/778 1332/620/888
f 1332/620/888 1337/622/891 1335/529/777
f 1334/626/890 1338/616/892 1339/619/889
f 1338/616/892 1334/626/890 1340/627/893
f 1341/628/894 1342/570/895 1343/629/896
f 1342/570/895 1341/628/894 1344/571/847
f 1345/580/897 1346/630/898 1347/631/899
f 1345/580/897 1347/631/899 1348/581/900
f 1349/563/834 1350/580/897 1351/561/832
f 1350/580/897 1349/563/834 1352/630/898
f 1353/572/849 1354/632/901 1355/558/827
f 1353/572/849 1355/558/827 1356/560/902
f 1357/633/468 1358/634/903 1359/635/904
f 1358/634/903 1357/633/468 1360/636/905
f 1361/277/799 1362/584/906 1363/541/801
f 1362/584/906 1361/277/799 1364/276/907
f 1365/232/908 1366/637/909 1367/434/640
f 1366/637/909 1365/232/908 1368/229/333
f 1369/638/910 1370/639/911 1371/640/912
f 1372/457/913 1373/508/914 1374/500/738
f 1373/508/914 1372/457/913 1375/454/672
f 1376/456/915 1377/508/914 1375/454/672
f 1377/508/914 1376/456/915 1378/641/605
f 1379/642/916 1380/643/917 1381/644/670
f 1382/645/918 1383/270/919 1384/271/400
f 1383/270/919 1382/645/918 1385/646/920
f 1382/645/918 1386/647/921 1385/646/920
f 1386/647/921 1382/645/918 1387/648/922
f 1388/646/920 1389/353/547 1383/270/923
f 1389/353/547 1388/646/920 1390/649/924
f 1387/648/922 1391/650/925 1392/647/921
f 1391/650/925 1387/648/922 1393/555/926
f 1394/645/918 1395/555/926 1387/648/922
f 1395/555/926 1394/645/918 1396/321/474
f 1397/124/472 1394/645/918 1398/271/927
f 1394/645/918 1397/124/472 1399/321/474
f 1400/579/854 1401/415/631 1402/651/928
f 1401/415/631 1400/579/854 1403/416/857
f 1404/629/896 1405/570/895 1406/652/929
f 1405/570/895 1407/569/930 1406/652/929
f 1406/652/931 1408/569/930 1409/653/932
f 1408/569/930 1410/651/933 1409/653/932
f 1411/654/934 1412/655/935 1413/629/896
f 1413/629/896 1414/652/931 1411/654/934
f 1415/343/936 1416/440/753 1417/656/937
f 1416/440/753 1415/343/936 1418/198/647
f 1419/559/846 1420/561/832 1421/580/897
f 1419/559/846 1421/580/897 1422/579/938
f 1423/657/939 1424/435/642 1425/332/940
f 1424/435/642 1426/227/330 1425/332/940
f 1427/510/751 1428/658/941 1429/659/942
f 1429/659/942 1430/509/750 1427/510/751
f 1431/649/943 1432/299/944 1433/353/945
f 1432/299/944 1431/649/943 1434/550/946
f 1435/535/947 1436/660/948 1437/661/949
f 1436/660/948 1435/535/947 1438/418/792
f 1439/559/846 1440/651/928 1441/569/844
f 1440/651/928 1439/559/846 1442/579/854
f 1443/662/950 1444/558/833 1445/632/901
f 1444/558/833 1443/662/950 1446/562/951
f 1447/663/952 1448/497/953 1449/499/954
f 1448/497/953 1447/663/952 1450/433/638
f 1451/664/955 1452/665/898 1453/666/956
f 1452/665/898 1451/664/955 1454/667/957
f 1455/668/958 1456/664/955 1453/666/956
f 1455/668/958 1457/669/959 1456/664/955
f 1158/523/772 1155/520/771 1458/670/960
f 1459/671/961 1158/523/772 1458/670/960
f 1458/670/960 1155/520/771 1460/672/962
f 1155/520/771 1461/673/963 1460/672/962
f 1462/674/964 1158/523/772 1459/671/961
f 1158/523/772 1462/674/964 1463/281/775
f 1464/564/965 1465/673/963 1155/520/771
f 1465/673/963 1464/564/965 1466/566/837
f 1467/256/415 1462/674/966 1468/263/967
f 1462/674/966 1467/256/415 1469/281/416
f 1470/566/968 1471/675/969 1461/673/963
f 1471/675/969 1470/566/968 1472/565/970
f 1473/471/713 1474/676/971 1475/534/787
f 1474/676/971 1473/471/713 1476/482/972
f 1477/508/914 1478/658/973 1479/510/751
f 1478/658/973 1477/508/914 1480/641/605
f 1481/434/640 1482/409/618 1483/288/639
f 1482/409/618 1481/434/640 1484/677/974
f 1485/294/434 1486/678/975 1487/679/976
f 1486/678/975 1485/294/434 1488/407/977
f 1489/680/978 1490/571/847 1491/628/979
f 1490/571/847 1489/680/978 1492/681/980
f 1493/349/981 1494/682/982 1495/111/197
f 1493/349/981 1495/111/197 1496/144/195
f 1493/349/536 1497/683/983 1498/682/984
f 1497/683/983 1493/349/536 1499/532/780
f 1499/532/985 1500/684/986 1501/683/987
f 1500/684/986 1499/532/985 1502/685/988
f 1503/685/989 1504/686/990 1500/684/986
f 1504/686/990 1503/685/989 1505/687/991
f 1503/685/989 1506/531/779 1507/688/992
f 1506/531/779 1503/685/989 1508/532/985
f 1509/480/707 1510/356/551 1511/546/993
f 1510/356/551 1509/480/707 1512/355/763
f 1513/500/738 1514/509/750 1515/689/994
f 1515/689/994 1516/590/873 1513/500/738
f 1517/527/616 1518/590/873 1519/690/995
f 1517/527/616 1519/690/995 1520/528/776
f 1521/480/707 1522/691/996 1523/478/705
f 1522/691/996 1521/480/707 1524/568/997
f 1525/249/998 1526/367/567 1527/255/999
f 1526/367/567 1525/249/998 1528/667/1000
f 1529/681/1001 1530/692/1002 1531/572/1003
f 1529/681/1001 1531/572/1003 1532/571/847
f 1533/382/1004 1534/693/1005 1535/694/1006
f 1534/693/1005 1533/382/1004 1536/383/595
f 1537/695/1007 1538/696/658 1539/697/1008
f 1538/696/658 1537/695/1007 1540/698/659
f 1541/410/1009 1542/433/638 1543/699/1010
f 1544/663/1011 1543/699/1010 1542/433/638
f 1545/700/957 1546/701/1012 1547/630/898
f 1547/630/898 1546/701/1012 1548/631/899
f 1549/702/1013 1550/703/1014 1551/704/1015
f 1550/703/1014 1549/702/1013 1552/550/946
f 1553/649/1016 1550/703/1014 1554/550/946
f 1550/703/1014 1553/649/1016 1555/705/1017
f 1556/549/817 1557/299/440 1552/550/946
f 1557/299/440 1556/549/817 1558/300/1018
f 1559/100/813 1560/99/114 1558/300/1019
f 1561/549/814 1559/100/813 1558/300/1019
f 1562/706/1020 1563/707/1021 1564/708/1022
f 1563/707/1021 1565/443/654 1564/708/1022
f 1564/708/1022 1565/443/654 1566/351/1023
f 1565/443/654 1567/352/544 1566/351/1023
f 1568/709/1024 1569/707/1021 1562/706/1020
f 1570/710/1025 1568/709/1024 1562/706/1020
f 1571/551/1026 1572/711/1027 1573/712/1028
f 1572/711/1027 1571/551/1026 1574/713/1029
f 1575/714/1030 1576/654/934 1577/652/931
f 1577/652/931 1578/653/932 1575/714/1030
f 1579/388/1031 1580/715/1032 1581/289/1033
f 1580/715/1032 1582/290/582 1581/289/1033
f 1583/414/626 1584/382/1004 1585/716/1034
f 1584/382/1004 1586/694/1035 1585/716/1034
f 1587/717/1036 1588/551/1037 1589/550/815
f 1588/551/1037 1587/717/1036 1590/713/1038
f 1591/337/1028 1592/718/1027 1593/719/1039
f 1591/337/1028 1593/719/1039 1594/338/1040
f 1595/348/1041 1596/343/1042 1597/720/1043
f 1596/343/1042 1595/348/1041 1598/173/537
f 1597/720/1044 1599/531/1045 1600/348/1041
f 1599/531/1045 1597/720/1044 1601/721/1046
f 1602/585/862 1603/722/1047 1604/723/1048
f 1604/723/1048 1605/582/858 1602/585/862
f 1603/722/1047 1606/585/862 1607/587/867
f 1607/587/867 1608/724/1049 1603/722/1047
f 1608/724/1050 1609/587/867 1610/589/1051
f 1610/589/1051 1611/578/853 1608/724/1050
f 1612/246/1052 1611/578/853 1610/589/1051
f 1613/588/868 1612/246/1052 1610/589/1051
f 1614/383/1053 1615/557/807 1616/725/1054
f 1614/383/1053 1616/725/1054 1617/693/1055
f 1618/653/932 1619/651/933 1620/536/793
f 1619/651/933 1621/415/631 1620/536/793
f 1622/726/611 1623/727/611 1624/728/611
f 1623/727/611 1625/729/610 1624/728/611
f 1625/729/610 1623/727/611 1626/730/610
f 1625/729/610 1626/730/610 1627/731/611
f 1623/727/611 1622/726/611 1628/732/610
f 1629/733/610 1628/732/610 1622/726/611
f 1628/732/610 1629/733/610 1630/734/610
f 1631/735/610 1630/734/610 1629/733/610
f 1630/734/610 1631/735/610 1632/736/610
f 1632/736/610 1631/735/610 1633/737/610
f 1634/738/1056 1635/739/1057 1636/681/980
f 1636/681/980 1637/680/978 1634/738/1056
f 1638/740/1058 1639/337/1028 1640/336/511
f 1639/337/1028 1638/740/1058 1641/741/1059
f 1642/638/910 1643/742/1060 1644/639/1061
f 1645/506/1062 1646/743/645 1647/507/1063
f 1648/488/1064 1649/744/1065 1650/745/1066
f 1649/744/1065 1648/488/1064 1651/698/1067
f 1652/746/1068 1653/562/951 1654/662/1069
f 1653/562/951 1652/746/1068 1655/747/1070
f 1656/748/1071 1657/360/721 1658/490/1072
f 1657/360/721 1656/748/1071 1659/489/720
f 1660/749/1073 1661/750/1074 1662/751/1075
f 1661/750/1074 1660/749/1073 1663/752/1076
f 1664/753/1077 1663/752/1076 1660/749/1073
f 1664/753/1077 1665/754/1078 1663/752/1076
f 1662/751/1075 1666/750/1074 1667/405/1079
f 1666/750/1074 1668/406/613 1667/405/1079
f 1669/754/1078 1670/706/1020 1663/752/1076
f 1670/706/1020 1669/754/1078 1671/710/1025
f 1672/755/1080 1671/710/1025 1669/754/1078
f 1673/756/1081 1672/755/1080 1669/754/1078
f 1674/708/1022 1675/752/1082 1670/706/1083
f 1675/752/1082 1674/708/1022 1676/750/1084
f 1676/750/1085 1677/708/1022 1678/406/613
f 1677/708/1022 1679/351/1023 1678/406/613
f 1678/406/613 1679/351/1023 1680/154/1086
f 1679/351/1023 1681/155/545 1680/154/1086
f 1682/436/525 1683/757/1087 1684/437/1088
f 1685/758/1089 1686/640/1090 1687/759/1091
f 1686/640/1090 1685/758/1089 1688/638/910
f 1689/760/1092 1690/629/896 1691/655/935
f 1690/629/896 1689/760/1092 1692/628/979
f 1693/761/1093 1694/339/1094 1695/448/1095
f 1694/339/1094 1693/761/1093 1696/762/1096
f 1697/763/1097 1698/448/664 1699/291/1098
f 1698/448/664 1697/763/1097 1700/764/1099
f 1701/765/1100 1702/328/1101 1703/515/1102
f 1702/328/1101 1701/765/1100 1704/327/1103
f 1701/765/1100 1703/515/1102 1705/766/1104
f 1703/515/1102 1706/516/1105 1705/766/1104
f 1705/766/1104 1706/516/1105 1707/767/1106
f 1706/516/1105 1708/517/613 1707/767/1106
f 1709/512/1107 1710/513/785 1711/768/1108
f 1710/513/785 1712/769/1109 1711/768/1108
f 1713/770/1110 1714/771/1111 1715/567/1112
f 1714/771/1111 1713/770/1110 1716/772/996
f 1717/567/1113 1718/773/1114 1713/770/1110
f 1718/773/1114 1717/567/1113 1719/564/835
f 1720/774/1115 1721/775/1116 1722/776/1117
f 1723/692/1118 1724/777/1119 1725/632/901
f 1723/692/1118 1725/632/901 1726/572/1120
f 1727/778/1121 1728/681/1001 1729/739/1057
f 1728/681/1001 1727/778/1121 1730/692/1002
f 1731/779/1122 1732/420/1123 1733/780/1124
f 1733/780/1124 1732/420/1123 1734/419/692
f 1735/781/1125 1736/776/1126 1737/782/1127
f 1738/782/1127 1736/776/1117 1739/775/1116
f 1740/316/465 1741/312/531 1742/783/530
f 1743/513/785 1744/514/756 1745/769/1128
f 1744/514/756 1746/784/1129 1745/769/1128
f 1747/293/1130 1748/785/1131 1749/292/430
f 1748/785/1131 1747/293/1130 1750/786/1132
f 1751/787/1096 1752/697/1008 1753/788/1133
f 1752/697/1008 1751/787/1096 1754/695/1134
f 1755/641/700 1756/574/1135 1757/789/1136
f 1755/641/700 1757/789/1136 1758/658/941
f 1759/590/873 1760/689/994 1761/790/1137
f 1759/590/873 1761/790/1137 1762/690/1138
f 1763/742/1139 1764/638/1140 1765/791/1141
f 1766/792/1142 1767/363/1143 1768/411/1144
f 1769/793/1145 1767/363/1143 1766/792/1142
f 1770/468/683 1771/794/606 1772/795/1146
f 1771/794/606 1770/468/683 1773/465/681
f 1774/693/1055 1775/725/1054 1776/796/1147
f 1774/693/1055 1776/796/1147 1777/797/1148
f 1778/798/1149 1779/290/1150 1780/715/1032
f 1779/290/1150 1778/798/1149 1781/374/1151
f 1782/798/1149 1783/458/1152 1781/374/1151
f 1782/798/1149 1784/799/1153 1783/458/1152
f 1785/437/644 1786/800/1154 1787/801/1155
f 1787/801/1155 1788/438/1156 1785/437/644
f 1789/509/750 1790/659/1157 1791/802/1158
f 1789/509/750 1791/802/1158 1792/689/994
f 1793/556/1159 1794/650/925 1795/555/926
f 1793/556/1159 1796/803/1160 1794/650/925
f 1797/804/1161 1798/805/1147 1799/806/1054
f 1798/805/1147 1797/804/1161 1800/807/1162
f 1801/321/474 1802/808/1163 1803/554/823
f 1802/808/1163 1801/321/474 1804/552/1164
f 1805/784/1165 1806/514/756 1807/534/1166
f 1805/784/1165 1807/534/1166 1808/809/1167
f 1809/810/1168 1810/632/901 1811/777/1119
f 1810/632/901 1809/810/1168 1812/662/950
f 1813/811/1169 1814/812/1170 1815/813/1170
f 1816/814/1170 1814/812/1170 1813/811/1169
f 1814/812/1170 1816/814/1170 1817/815/1169
f 1818/816/1170 1817/815/1169 1816/814/1170
f 1817/815/1169 1818/816/1170 1819/817/1169
f 1820/818/1169 1819/817/1169 1818/816/1170
f 1819/817/1169 1820/818/1169 1821/819/1170
f 1822/820/1170 1821/819/1170 1820/818/1169
f 1822/820/1170 1823/821/1170 1821/819/1170
f 1823/821/1170 1822/820/1170 1824/822/1170
f 1825/823/1171 1826/650/1172 1827/803/1160
f 1826/650/1172 1825/823/1171 1828/647/921
f 1829/694/1006 1830/797/1173 1831/824/1174
f 1830/797/1173 1829/694/1006 1832/693/1055
f 1833/528/1175 1834/626/1176 1835/530/1177
f 1834/626/1176 1833/528/1175 1836/825/1178
f 1837/545/807 1838/544/806 1839/804/1161
f 1837/545/807 1839/804/1161 1840/806/1054
f 1841/826/1179 1842/662/1069 1843/810/1168
f 1842/662/1069 1841/826/1179 1844/746/1068
f 1845/469/1180 1846/827/1181 1847/464/1182
f 1846/827/1181 1848/459/1183 1847/464/1182
f 1849/653/932 1850/536/793 1851/714/1030
f 1852/535/1184 1851/714/1030 1850/536/793
f 1853/828/1185 1854/499/1186 1855/829/1187
f 1854/499/1186 1853/828/1185 1856/663/1188
f 1857/830/1189 1858/751/1075 1859/831/987
f 1858/751/1075 1860/405/1190 1859/831/987
f 1860/405/1191 1861/220/317 1862/831/983
f 1863/219/1192 1862/831/983 1861/220/317
f 1864/749/1073 1865/751/1075 1857/830/1189
f 1866/832/990 1864/749/1073 1857/830/1189
f 1866/832/990 1867/753/1077 1864/749/1073
f 1867/753/1077 1866/832/990 1868/833/1193
f 1869/834/1194 1870/833/1195 1866/832/990
f 1870/833/1195 1869/834/1194 1871/835/1196
f 1872/836/1197 1873/671/1198 1874/837/1199
f 1873/671/1198 1875/670/960 1874/837/1199
f 1875/670/1200 1876/672/1201 1877/838/1202
f 1878/837/1199 1875/670/1200 1877/838/1202
f 1879/839/1203 1880/807/1204 1881/840/1205
f 1880/807/1204 1879/839/1203 1882/805/1206
f 1883/411/1207 1884/410/619 1885/841/1208
f 1885/841/1208 1884/410/619 1886/699/1209
f 1885/841/1208 1886/699/1209 1887/842/1210
f 1887/842/1210 1888/843/1211 1885/841/1208
f 1889/844/1212 1888/843/1211 1890/842/1210
f 1891/845/1213 1889/844/1212 1890/842/1210
f 1892/414/762 1893/846/1214 1894/517/613
f 1893/846/1214 1892/414/762 1895/716/1215
f 1896/847/1216 1895/716/1217 1897/848/1218
f 1895/716/1217 1896/847/1216 1898/846/1214
f 1899/796/1147 1900/849/1219 1901/797/1220
f 1901/797/1220 1900/849/1219 1902/850/1221
f 1903/716/1217 1904/694/1006 1905/848/1222
f 1904/694/1006 1906/824/1223 1905/848/1222
f 1907/851/1224 1908/748/1071 1909/852/1225
f 1908/748/1071 1907/851/1224 1910/489/1226
f 1911/638/910 1912/758/1227 1913/791/1141
f 1914/409/1228 1915/853/1229 1916/390/606
f 1915/853/1229 1914/409/1228 1917/677/974
f 1918/664/1230 1919/854/1231 1920/855/1232
f 1918/664/1230 1920/855/1232 1921/667/1233
f 1922/855/1232 1923/367/1234 1921/667/1233
f 1923/367/1234 1922/855/1232 1924/856/1235
f 1923/367/1234 1924/856/1235 1925/388/1236
f 1923/367/1234 1925/388/1236 1926/366/566
f 1927/857/1237 1928/615/878 1929/858/1238
f 1928/615/878 1927/857/1237 1930/623/729
f 1931/859/1239 1932/860/1240 1933/861/1241
f 1932/860/1240 1934/862/1242 1933/861/1241
f 1935/861/1243 1934/862/1242 1936/863/1244
f 1934/862/1242 1937/864/1245 1936/863/1244
f 1938/476/698 1936/863/1244 1937/864/1245
f 1936/863/1244 1938/476/698 1939/442/652
f 1940/865/1246 1941/866/1247 1942/867/1092
f 1941/866/1247 1943/868/979 1942/867/1092
f 1944/869/698 1945/829/1187 1946/499/737
f 1944/869/698 1946/499/737 1947/498/736
f 1948/870/1248 1945/829/1187 1949/869/698
f 1948/870/1248 1950/871/1249 1945/829/1187
f 1951/870/1248 1952/872/1250 1950/871/1249
f 1952/872/1250 1951/870/1248 1953/873/1251
f 1954/874/1252 1955/635/822 1956/634/1253
f 1954/874/1252 1956/634/1253 1957/875/1254
f 1958/699/1209 1959/845/1255 1960/842/1210
f 1959/845/1255 1958/699/1209 1961/663/1011
f 1962/876/1256 1963/388/1031 1964/856/1257
f 1963/388/1031 1962/876/1256 1965/715/1032
f 1964/856/1257 1966/877/1258 1967/876/1256
f 1966/877/1258 1964/856/1257 1968/855/1232
f 1969/719/1039 1970/470/686 1971/338/1259
f 1970/470/686 1969/719/1039 1972/878/1260
f 1973/797/1220 1974/850/1221 1975/824/1174
f 1975/824/1174 1974/850/1221 1976/879/1261
f 1977/547/809 1978/880/1262 1979/568/841
f 1978/880/1262 1977/547/809 1980/881/1263
f 1981/882/1264 1982/883/1265 1983/884/1266
f 1982/883/1265 1984/885/1267 1983/884/1266
f 1983/884/1266 1984/885/1267 1985/886/1268
f 1984/885/1267 1986/887/1269 1985/886/1268
f 1987/859/1270 1988/886/1268 1986/887/1271
f 1988/886/1268 1987/859/1270 1989/888/1272
f 1989/888/1272 1990/859/1270 1991/709/1024
f 1990/859/1270 1992/861/1241 1991/709/1024
f 1991/709/1024 1993/861/1241 1994/707/1273
f 1993/861/1241 1995/863/1274 1994/707/1273
f 1994/707/1273 1995/863/1274 1996/443/654
f 1995/863/1274 1997/442/1275 1996/443/654
f 1998/717/1036 1999/702/1013 2000/889/1276
f 1999/702/1013 1998/717/1036 2001/550/815
f 2002/890/1277 2003/664/1230 2004/669/1278
f 2003/664/1230 2002/890/1277 2005/854/1231
f 2006/891/1279 2007/892/1280 2008/893/1224
f 2007/892/1280 2006/891/1279 2009/894/1281
f 2010/857/1282 2011/895/1263 2012/896/809
f 2011/895/1263 2010/857/1282 2013/858/1238
f 2014/534/1283 2015/897/1284 2016/809/1285
f 2015/897/1284 2014/534/1283 2017/676/1286
f 2018/468/683 2019/898/1287 2020/533/1288
f 2019/898/1287 2018/468/683 2021/795/1146
f 2022/899/1289 2023/900/1290 2024/901/1291
f 2023/900/1290 2022/899/1289 2025/902/1292
f 2025/902/1292 2026/903/1293 2023/900/1290
f 2026/903/1293 2025/902/1292 2027/904/1294
f 2028/824/1223 2029/905/1295 2030/848/1222
f 2029/905/1295 2028/824/1223 2031/879/1296
f 2032/906/1297 2033/715/1032 2034/876/1298
f 2033/715/1032 2032/906/1297 2035/798/1299
f 2036/907/1300 2037/908/1284 2038/909/1301
f 2037/908/1284 2039/910/971 2038/909/1301
f 2039/910/971 2040/679/976 2041/909/1302
f 2040/679/976 2042/678/975 2041/909/1302
f 2043/911/1303 2044/903/1304 2045/904/1294
f 2044/903/1304 2043/911/1303 2046/912/1305
f 2047/913/1306 2048/914/1307 2049/915/1308
f 2048/914/1307 2047/913/1306 2050/646/920
f 2051/647/921 2052/914/1307 2050/646/920
f 2052/914/1307 2051/647/921 2053/823/1309
f 2054/916/1310 2055/917/1311 2056/918/1312
f 2055/917/1311 2054/916/1310 2057/919/1313
f 2058/875/1314 2059/634/1253 2060/920/1315
f 2058/875/1314 2060/920/1315 2061/921/1316
f 2062/472/1317 2063/453/1318 2064/922/1319
f 2065/759/1091 2066/640/1320 2067/923/1321
f 2068/924/1322 2069/576/1323 2070/573/501
f 2069/576/1323 2068/924/1322 2071/925/1324
f 2072/447/662 2073/926/949 2074/359/948
f 2072/447/1325 2075/269/663 2076/420/1326
f 2077/779/1327 2072/447/1325 2076/420/1326
f 2073/926/949 2078/927/1328 2079/928/1329
f 2078/927/1328 2073/926/949 2080/929/838
f 2081/930/1330 2080/929/838 2073/926/949
f 2080/929/838 2081/930/1330 2082/931/1331
f 2082/931/1331 2083/932/1332 2080/929/838
f 2083/932/1332 2082/931/1331 2084/933/1333
f 2085/934/934 2080/929/838 2083/932/1332
f 2080/929/838 2085/934/934 2086/927/1328
f 2087/935/1334 2085/934/934 2083/932/1332
f 2088/936/1335 2085/934/934 2087/935/1334
f 2089/937/1336 2090/938/1337 2087/935/1338
f 2090/938/1337 2089/937/1336 2091/939/1339
f 2087/935/1340 2092/867/1092 2093/936/1341
f 2092/867/1092 2087/935/1340 2094/938/1337
f 2095/940/1342 2092/867/1092 2094/938/1337
f 2095/940/1342 2096/865/1246 2092/867/1092
f 2091/939/1339 2097/937/1343 2098/941/1344
f 2098/941/1344 2099/942/1345 2091/939/1339
f 2100/943/1346 2101/938/1337 2091/939/1339
f 2101/938/1337 2100/943/1346 2102/940/1342
f 2103/943/1346 2091/939/1339 2104/942/1347
f 2103/943/1346 2104/942/1347 2105/944/1348
f 2106/944/1349 2107/940/1350 2103/943/1351
f 2107/940/1350 2106/944/1349 2108/945/1352
f 2109/946/1353 2110/687/1354 2111/685/988
f 2109/946/1353 2111/685/988 2112/688/992
f 2113/947/1355 2114/923/1356 2115/640/1320
f 2116/657/1357 2117/292/1358 2118/785/1131
f 2117/292/1358 2116/657/1357 2119/332/940
f 2120/785/1131 2121/948/1359 2116/657/1357
f 2121/948/1359 2120/785/1131 2122/949/1360
f 2123/473/1361 2124/950/1362 2125/474/1363
f 2124/950/1362 2123/473/1361 2126/951/1364
f 2127/544/1365 2128/952/1366 2129/953/1367
f 2127/544/1365 2129/953/1367 2130/804/1161
f 2131/544/1365 2132/583/859 2128/952/1366
f 2132/583/859 2131/544/1365 2133/542/803
f 2134/954/1368 2135/481/1369 2136/1/1370
f 2137/955/1371 2138/956/1372 2139/957/1373
f 2138/956/1372 2140/847/1374 2139/957/1373
f 2141/958/1375 2142/959/1376 2143/960/1377
f 2142/959/1378 2144/961/15 2145/962/9
f 2146/691/1379 2147/568/997 2148/880/1380
f 2146/691/1379 2148/880/1380 2149/963/1381
f 2150/850/1382 2151/964/1205 2152/965/1383
f 2151/964/1205 2150/850/1382 2153/849/1219
f 2154/903/1304 2155/755/1080 2156/900/1290
f 2155/755/1080 2154/903/1304 2157/888/1384
f 2158/756/1081 2156/900/1290 2159/755/1080
f 2156/900/1290 2158/756/1081 2024/901/1385
f 2157/888/1384 2160/709/1024 2161/710/1025
f 2162/755/1080 2157/888/1384 2161/710/1025
f 2163/888/1386 2154/903/1304 2164/912/1305
f 2165/886/1387 2163/888/1386 2164/912/1305
f 2166/884/1388 2165/886/1387 2167/912/1305
f 2168/911/1389 2166/884/1388 2167/912/1305
f 2169/884/1388 2168/911/1389 2170/966/1390
f 2170/966/1390 2171/882/1264 2169/884/1388
f 2172/756/1391 2173/967/1392 2024/901/1393
f 2173/967/1392 2174/968/1394 2024/901/1393
f 2024/901/1393 2174/968/1394 2175/899/1395
f 2174/968/1394 2176/902/1396 2175/899/1395
f 2177/968/1397 2178/904/1398 2176/902/1399
f 2178/904/1398 2177/968/1397 2179/969/1400
f 2180/517/613 2181/970/1401 2182/767/1106
f 2181/970/1401 2180/517/613 2183/846/1402
f 2184/846/1402 2185/956/1403 2181/970/1401
f 2185/956/1403 2184/846/1402 2186/847/1374
f 2187/871/1249 2188/971/1404 2189/828/1185
f 2187/871/1249 2189/828/1185 2190/829/1187
f 2191/658/941 2192/789/1405 2193/972/1406
f 2191/658/941 2193/972/1406 2194/659/1157
f 2195/452/1407 2196/973/1408 2197/974/1409
f 2197/974/1409 2198/453/1410 2195/452/1407
f 2199/843/1411 2200/975/1412 2201/841/1208
f 2200/975/1412 2199/843/1411 2202/976/1413
f 2203/977/1414 2204/565/836 2205/567/1415
f 2205/567/1415 2206/771/1111 2203/977/1414
f 2207/503/743 2208/473/1361 2209/491/1416
f 2208/473/1361 2207/503/743 2210/951/1364
f 2211/718/1417 2212/878/1418 2213/719/1039
f 2212/878/1418 2211/718/1417 2214/978/1419
f 2215/718/1417 2216/979/1420 2214/978/1421
f 2216/979/1420 2215/718/1417 2217/980/1422
f 2218/885/1267 2219/918/1423 2220/887/1424
f 2219/918/1423 2221/917/1425 2220/887/1424
f 2221/917/1426 2222/860/1240 2223/859/1427
f 2224/887/1269 2221/917/1426 2223/859/1427
f 2225/636/1226 2226/920/1428 2227/634/1253
f 2226/920/1428 2225/636/1226 2228/893/1429
f 2229/981/1430 2230/657/1431 2231/948/1432
f 2230/657/1431 2229/981/1430 2232/435/741
f 2233/982/1433 2234/692/1434 2235/778/1121
f 2234/692/1434 2233/982/1433 2236/777/1435
f 2237/983/1436 2238/627/1437 2239/984/1438
f 2240/985/1439 2238/627/1437 2237/983/1436
f 2239/984/1440 2241/986/1441 2242/987/1442
f 2241/986/1441 2239/984/1440 2243/825/1443
f 2243/825/1443 2244/690/995 2241/986/1441
f 2244/690/995 2243/825/1443 2245/528/1175
f 2246/627/1437 2247/825/1178 2239/984/1438
f 2247/825/1178 2246/627/1437 2248/626/1176
f 2239/984/1440 2249/987/1442 2250/983/1436
f 2249/987/1442 2251/988/1444 2250/983/1436
f 2252/503/1445 2253/981/1430 2254/989/1446
f 2253/981/1430 2252/503/1445 2255/435/1447
f 2256/827/1181 2257/533/1288 2258/898/1448
f 2257/533/1288 2256/827/1181 2259/469/1180
f 2260/582/1449 2261/723/1450 2262/990/1451
f 2260/582/1449 2262/990/1451 2263/583/859
f 2264/847/1216 2265/848/1218 2266/957/1452
f 2265/848/1218 2267/905/1295 2266/957/1452
f 2268/905/1295 2269/955/1453 2266/957/1454
f 2269/955/1453 2268/905/1295 2270/991/1455
f 2271/764/1456 2272/992/1457 2273/761/1093
f 2273/761/1093 2274/448/664 2271/764/1456
f 2275/833/1193 2276/754/1078 2277/753/1458
f 2276/754/1078 2275/833/1193 2278/756/1459
f 2279/993/1460 2280/994/1461 2281/995/1320
f 2280/994/1461 2282/996/1355 2281/995/1320
f 2283/997/1462 2284/918/1463 2285/998/1464
f 2284/918/1463 2283/997/1462 2286/916/1310
f 2287/913/1306 2288/705/1465 2289/646/920
f 2290/649/1466 2289/646/920 2288/705/1465
f 2291/913/1306 2292/703/1467 2288/705/1465
f 2292/703/1467 2291/913/1306 2293/999/1468
f 2294/800/1469 2295/437/644 2296/1000/1470
f 2296/1000/1470 2295/437/644 2297/757/1471
f 2298/1001/1472 2299/807/1473 2300/1002/1474
f 2299/807/1473 2301/1003/1475 2300/1002/1474
f 2302/804/1476 2303/1003/1475 2299/807/1477
f 2302/804/1476 2304/953/1478 2303/1003/1475
f 2305/858/1238 2306/615/1479 2307/617/1480
f 2305/858/1238 2307/617/1480 2308/1004/1481
f 2309/689/1482 2310/802/1483 2311/1005/1484
f 2309/689/1482 2311/1005/1484 2312/790/1137
f 2313/850/1221 2314/1006/1485 2315/879/1486
f 2314/1006/1485 2313/850/1221 2316/965/1383
f 2317/1007/1487 2318/767/1488 2319/970/1489
f 2317/1007/1487 2319/970/1489 2320/1008/1490
f 2321/1009/1491 2318/767/1488 2317/1007/1487
f 2321/1009/1491 2322/766/1492 2318/767/1488
f 2321/1009/1491 2323/765/1493 2322/766/1492
f 2323/765/1493 2321/1009/1491 2324/1010/1494
f 2324/1010/1494 2325/748/1071 2323/765/1493
f 2325/748/1071 2324/1010/1494 2326/852/1225
f 2327/748/1071 2328/327/1495 2323/765/1493
f 2328/327/1495 2327/748/1071 2329/490/1072
f 2330/907/1300 2331/909/1496 2332/1011/1497
f 2332/1011/1497 2331/909/1496 2333/678/1498
f 2334/756/1391 2335/835/1196 2336/1012/1499
f 2335/835/1196 2334/756/1391 2337/833/1195
f 2338/1013/1499 2339/1014/1500 2340/1015/1501
f 2339/1014/1500 2338/1013/1499 2341/1016/1502
f 2342/1017/1503 2343/1018/1504 2344/1019/1505
f 2344/1019/1505 2345/1018/1506 2346/1020/1507
f 2347/840/1508 2348/1001/1472 2349/1021/1509
f 2348/1001/1472 2347/840/1508 2350/807/1204
f 2351/1019/1505 2352/1020/1507 2353/1022/1510
f 2354/841/1208 2355/975/1412 2356/792/1511
f 2354/841/1208 2356/792/1511 2357/411/1144
f 2358/1023/1512 2359/1024/1513 2360/1011/1497
f 2360/1011/1497 2361/519/1514 2358/1023/1512
f 2362/678/1498 2361/519/1514 2360/1011/1497
f 2361/519/1514 2362/678/1498 2363/407/977
f 2364/1025/1313 2365/1026/1515 2366/1027/1426
f 2365/1026/1515 2364/1025/1313 2367/1028/1516
f 2368/627/1517 2369/985/1518 2370/1004/1519
f 2370/1004/1519 2369/985/1518 2371/1029/1520
f 2372/617/1521 2368/627/1517 2373/1004/1522
f 2368/627/1517 2372/617/1521 2374/616/1523
f 2375/1030/1524 2376/1031/1525 2377/1032/1526
f 2377/1032/1526 2376/1031/1525 2378/1033/1527
f 2379/883/1528 2380/998/1464 2381/885/1267
f 2380/998/1464 2382/918/1463 2381/885/1267
f 2383/893/1429 2384/1034/1529 2385/920/1315
f 2384/1034/1529 2383/893/1429 2386/892/1530
f 2387/879/1531 2388/991/1455 2389/905/1295
f 2388/991/1455 2387/879/1531 2390/1006/1532
f 2391/1017/1503 2392/1019/1505 2393/1035/1533
f 2394/1036/1534 2395/1037/1510 2396/1038/1535
f 2395/1037/1510 2394/1036/1534 2397/1039/1536
f 2398/229/333 2399/231/1537 2400/1040/1538
f 2400/1040/1538 2401/637/1539 2398/229/333
f 2401/637/1539 2400/1040/1538 2402/1041/1540
f 2400/1040/1538 2403/836/1541 2402/1041/1540
f 2402/1041/1540 2403/836/1541 2404/1042/1542
f 2403/836/1541 2405/837/1543 2404/1042/1542
f 2406/838/1544 2407/1042/1545 2405/837/1543
f 2407/1042/1545 2406/838/1544 2408/1043/1546
f 2409/1044/1547 2408/1043/1548 2410/838/1544
f 2408/1043/1548 2409/1044/1547 2411/1045/1549
f 2412/263/386 2400/1040/1538 2413/231/1537
f 2400/1040/1538 2412/263/386 2414/674/966
f 2400/1040/1538 2414/674/966 2415/836/1541
f 2414/674/966 2416/671/961 2415/836/1541
f 2417/1046/1550 2418/1047/1551 2419/950/1552
f 2418/1047/1551 2420/780/1553 2419/950/1552
f 2421/1048/1554 2422/1049/1555 2418/1047/1556
f 2423/1050/1557 2421/1048/1554 2418/1047/1556
f 2418/1047/1556 2424/1049/1555 2425/780/1558
f 2424/1049/1555 2426/779/1122 2425/780/1558
f 2427/950/1552 2425/780/1559 2428/474/1363
f 2425/780/1559 2429/419/1560 2428/474/1363
f 2430/1014/1561 2431/1051/1562 2432/1052/1563
f 2431/1051/1562 2430/1014/1561 2433/946/1564
f 2434/771/1565 2435/772/1379 2436/1053/1566
f 2434/771/1565 2436/1053/1566 2437/1054/1567
f 2438/971/1568 2439/1055/1569 2440/1056/1570
f 2438/971/1568 2440/1056/1570 2441/828/1571
f 2442/1057/1572 2443/1058/1573 2444/1059/1574
f 2443/1058/1573 2442/1057/1572 2445/1060/1575
f 2446/1003/1475 2447/1061/1576 2448/1002/1577
f 2447/1061/1576 2449/1062/1578 2448/1002/1577
f 2450/1063/1579 2451/875/1580 2452/921/1316
f 2450/1063/1579 2452/921/1316 2453/1064/1581
f 2454/858/1238 2455/1065/1582 2456/895/1263
f 2455/1065/1582 2454/858/1238 2457/1059/1574
f 2458/1066/1583 2459/874/1252 2460/875/1314
f 2460/875/1314 2461/1063/1584 2458/1066/1583
f 2462/1033/1527 2463/1067/1585 2464/669/1278
f 2463/1067/1585 2462/1033/1527 2465/1031/1586
f 2466/1068/1587 2467/1003/1588 2468/953/1367
f 2467/1003/1588 2466/1068/1587 2469/1061/1589
f 2470/952/1366 2471/1068/1590 2468/953/1367
f 2470/952/1366 2472/1069/1591 2471/1068/1590
f 2470/952/1366 2473/990/1451 2472/1069/1591
f 2473/990/1451 2470/952/1366 2474/583/859
f 2475/643/1592 2476/1017/1503 2477/1035/1593
f 2477/1035/1593 2478/644/1594 2475/643/1592
f 2479/743/645 2480/1070/1595 2481/1071/1596
f 2482/1072/1597 2483/1073/1598 2484/1074/1599
f 2483/1073/1598 2482/1072/1597 2485/675/1600
f 2486/673/1601 2485/675/1600 2487/1072/1602
f 2488/672/1201 2486/673/1601 2487/1072/1602
f 2489/878/1260 2490/1075/1603 2491/470/1604
f 2490/1075/1603 2489/878/1260 2492/1076/1605
f 2493/1076/1605 2494/1077/1606 2490/1075/1607
f 2494/1077/1606 2493/1076/1605 2495/1078/1608
f 2496/878/1418 2497/1078/1609 2493/1076/1605
f 2497/1078/1609 2496/878/1418 2498/978/1419
f 2494/1077/1610 2499/1078/1611 2500/1079/1612
f 2499/1078/1611 2501/1080/1613 2500/1079/1612
f 2502/1081/1614 2503/1079/1615 2501/1080/1616
f 2503/1079/1615 2502/1081/1614 2504/1082/1617
f 2505/1083/1618 2506/1075/1619 2494/1077/1606
f 2506/1075/1619 2505/1083/1618 2507/577/1620
f 2508/244/1621 2509/1075/1619 2507/577/852
f 2509/1075/1619 2508/244/1621 2510/470/1622
f 2507/577/1620 2511/1083/1618 2512/578/1623
f 2512/578/1623 2511/1083/1618 2513/724/1050
f 2514/1084/1624 2513/724/1050 2505/1083/1625
f 2513/724/1050 2514/1084/1624 2515/722/1047
f 2505/1083/1618 2516/1077/1626 2517/1084/1627
f 2516/1077/1626 2518/1079/1628 2517/1084/1627
f 2519/1082/1629 2517/1084/1630 2520/1079/1631
f 2517/1084/1630 2519/1082/1629 2521/1085/1632
f 2521/1085/1633 2522/1086/1634 2523/1087/1635
f 2522/1086/1634 2521/1085/1633 2524/1082/1629
f 2525/1088/1636 2526/1087/1637 2522/1086/1634
f 2526/1087/1637 2525/1088/1636 2527/1089/1638
f 2528/1085/1633 2529/722/1639 2514/1084/1627
f 2529/722/1639 2528/1085/1633 2530/723/1640
f 2531/1087/1637 2530/723/1640 2528/1085/1633
f 2530/723/1640 2531/1087/1637 2532/990/1451
f 2532/990/1451 2533/1087/1637 2534/1069/1591
f 2533/1087/1637 2535/1089/1641 2534/1069/1591
f 2536/1015/1642 2537/1052/1643 2538/1090/1644
f 2537/1052/1643 2536/1015/1642 2539/1014/1561
f 2540/1091/1645 2541/1092/1646 2542/1093/1647
f 2543/1028/1648 2544/873/1251 2545/1026/1240
f 2544/873/1251 2543/1028/1648 2546/872/1649
f 2547/1094/1262 2548/1095/1650 2549/1096/1651
f 2550/1097/1652 2551/1093/1653 2552/1098/1654
f 2553/1099/1655 2554/1091/1656 2550/1097/1652
f 2555/1097/1652 2554/1091/1645 2556/1093/1653
f 2557/895/1263 2558/1100/1657 2559/1094/1262
f 2558/1100/1657 2557/895/1263 2560/1065/1658
f 2561/1101/1659 2562/965/1660 2563/1102/1661
f 2562/965/1660 2561/1101/1659 2564/1103/1662
f 2565/828/1571 2566/1056/1570 2567/845/1663
f 2565/828/1571 2567/845/1663 2568/663/1664
f 2569/669/1278 2570/1067/1585 2571/1104/1665
f 2569/669/1278 2571/1104/1665 2572/890/1666
f 2573/1105/1321 2574/996/1667 2575/1106/1668
f 2576/1107/1669 2577/1108/1670 2578/1109/1671
f 2578/1109/1671 2579/1110/1672 2576/1107/1669
f 2580/840/1205 2581/1111/1661 2582/1112/1660
f 2581/1111/1661 2580/840/1205 2583/1021/1673
f 2584/1012/1499 2585/967/1392 2172/756/1391
f 2585/967/1392 2584/1012/1499 2586/1113/1674
f 2587/1114/1501 2588/1113/1674 2584/1012/1499
f 2588/1113/1674 2587/1114/1501 2589/1115/1675
f 2590/1115/1675 2591/967/1676 2588/1113/1677
f 2591/967/1676 2590/1115/1675 2592/1116/1678
f 2593/969/1679 2591/967/1676 2592/1116/1678
f 2591/967/1676 2593/969/1679 2594/968/1397
f 2595/1116/1680 2596/1117/1681 2593/969/1679
f 2596/1117/1681 2595/1116/1680 2597/1118/1682
f 2598/1119/1683 2599/1057/1572 2600/1120/1684
f 2599/1057/1572 2598/1119/1683 2601/1060/1685
f 2602/1121/1686 2603/1122/1687 2604/923/1321
f 2605/1051/1562 2606/946/1564 2607/688/1688
f 2605/1051/1562 2607/688/1688 2608/1123/1689
f 2609/1124/1690 2610/1028/1648 2611/1025/1691
f 2610/1028/1648 2609/1124/1690 2612/1125/1692
f 2613/1126/1693 2609/1124/1690 2611/1025/1691
f 2613/1126/1693 2614/1127/1694 2609/1124/1690
f 2615/1028/1648 2612/1125/1695 2616/1128/1696
f 2616/1128/1696 2617/872/1697 2615/1028/1648
f 2617/872/1250 2618/1128/1696 2619/971/1404
f 2619/971/1404 2620/871/1249 2617/872/1250
f 2621/1129/1675 2622/1090/1644 2623/1130/1698
f 2622/1090/1644 2621/1129/1675 2624/1015/1642
f 2625/1016/1502 2626/946/1353 2627/1014/1500
f 2626/946/1353 2625/1016/1502 2628/687/1699
f 2629/1131/1700 2630/1132/1701 2631/65/1370
f 2632/1059/1574 2633/1133/1702 2634/1065/1703
f 2633/1133/1702 2632/1059/1574 2635/1058/1704
f 2636/458/1705 2637/763/1097 2638/291/675
f 2637/763/1097 2636/458/1705 2639/1134/1706
f 2640/799/1153 2641/1134/1707 2636/458/1152
f 2642/1135/1708 2641/1134/1707 2640/799/1153
f 2642/1135/1708 2643/1136/1709 2644/1137/1710
f 2643/1136/1709 2642/1135/1708 2645/799/1153
f 2646/486/1132 2647/1138/1711 2648/1139/1712
f 2647/1138/1711 2646/486/1132 2649/1140/1713
f 2650/1141/1714 2651/1142/1715 2652/1143/1716
f 2651/1142/1715 2650/1141/1714 2653/1144/1717
f 2654/1059/1574 2655/1120/1684 2656/1057/1572
f 2655/1120/1684 2654/1059/1574 2657/858/1718
f 2658/1093/1719 2659/1145/1720 2660/1098/1721
f 2661/688/1688 2662/721/1722 2663/1123/1723
f 2662/721/1722 2661/688/1688 2664/531/779
f 2665/1095/1650 2666/1094/1380 2667/1100/1724
f 2668/743/645 2669/1071/1725 2670/507/748
f 2671/793/1726 2672/1024/1727 2673/1023/1728
f 2672/1024/1727 2671/793/1726 2674/1146/1729
f 2675/519/1730 2676/793/1731 2673/1023/1732
f 2676/793/1731 2675/519/1730 2677/363/1733
f 2678/1073/1734 2679/771/1111 2680/1054/1567
f 2679/771/1111 2678/1073/1734 2681/977/1735
f 2682/965/1383 2683/1103/1736 2684/1006/1532
f 2684/1006/1532 2683/1103/1736 2685/1147/1737
f 2686/1148/1738 2687/1091/1656 2688/1099/1739
f 2689/1004/1481 2690/1120/1684 2691/858/1718
f 2690/1120/1684 2689/1004/1481 2692/1029/1520
f 2693/1053/1740 2694/1149/1741 2695/1054/1742
f 2694/1149/1741 2693/1053/1740 2696/1150/1743
f 2697/854/1744 2698/1151/1745 2699/877/1746
f 2697/854/1744 2699/877/1746 2700/855/1232
f 2701/778/1747 2702/1152/1748 2703/982/1749
f 2702/1152/1748 2701/778/1747 2704/739/1750
f 2705/802/1158 2706/1153/1751 2707/1154/1752
f 2705/802/1158 2707/1154/1752 2708/1005/1753
f 2709/659/1157 2710/1153/1754 2705/802/1158
f 2709/659/1157 2711/972/1406 2710/1153/1754
f 2712/1155/1755 2713/988/1756 2714/987/1442
f 2713/988/1756 2712/1155/1755 2715/1156/1757
f 2716/987/1758 2717/1157/1759 2712/1155/1760
f 2717/1157/1759 2716/987/1758 2718/986/1761
f 2718/986/1761 2719/790/1762 2720/1157/1759
f 2719/790/1762 2718/986/1761 2721/690/1138
f 2722/1158/1763 2723/1042/1545 2724/1159/1764
f 2723/1042/1545 2722/1158/1763 2725/1041/1765
f 2726/637/1766 2727/1041/1540 2722/1158/1763
f 2728/434/1767 2726/637/1766 2722/1158/1763
f 2729/877/1746 2730/1160/1768 2731/906/1769
f 2729/877/1746 2731/906/1769 2732/876/1256
f 2733/1123/1770 2734/1161/1771 2735/1162/1772
f 2734/1161/1771 2733/1123/1770 2736/721/1046
f 2737/721/1046 2738/1163/1773 2734/1161/1771
f 2738/1163/1773 2737/721/1046 2739/720/1774
f 2739/720/1774 2740/656/937 2738/1163/1773
f 2740/656/937 2739/720/1774 2741/343/1775
f 2738/1163/1776 2742/1164/1777 2743/1165/1778
f 2742/1164/1777 2738/1163/1776 2744/656/937
f 2743/1165/1779 2745/1161/1780 2746/1163/1776
f 2745/1161/1780 2743/1165/1779 2747/1166/1781
f 2748/1164/1782 2744/656/937 2749/511/752
f 2744/656/937 2750/440/753 2749/511/752
f 2751/1167/1579 2752/554/823 2753/808/1783
f 2752/554/823 2751/1167/1579 2754/1168/617
f 2755/1169/1784 2756/911/1303 2757/904/1294
f 2756/911/1303 2755/1169/1784 2758/966/1390
f 2759/1104/1665 2760/1170/1785 2761/1171/1786
f 2761/1171/1786 2762/890/1787 2759/1104/1665
f 2763/1172/1788 2764/1173/1788 2765/1174/1788
f 2763/1172/1788 2766/1175/1788 2764/1173/1788
f 2766/1175/1788 2767/1176/1788 2764/1173/1788
f 2767/1176/1788 2766/1175/1788 2768/1177/1788
f 2767/1176/1788 2768/1177/1788 2769/1178/1788
f 2766/1175/1788 2763/1172/1788 2770/1179/1788
f 2766/1175/1788 2770/1179/1788 2771/1180/1788
f 2772/1181/1788 2770/1179/1788 2763/1172/1788
f 2770/1179/1788 2772/1181/1788 2773/1182/1788
f 2772/1181/1788 2763/1172/1788 2774/1183/1788
f 2775/1170/1789 2776/1067/1790 2777/1184/1791
f 2776/1067/1790 2775/1170/1789 2778/1104/1792
f 2779/1067/1790 2780/1030/1524 2777/1184/1791
f 2780/1030/1524 2779/1067/1790 2781/1031/1525
f 2782/1100/1657 2783/1065/1793 2784/1133/1794
f 2782/1100/1657 2784/1133/1794 2785/1185/1795
f 2786/890/1796 2787/1171/1786 2788/1151/1745
f 2786/890/1796 2788/1151/1745 2789/854/1744
f 2790/698/1797 2791/1186/1798 2792/744/1799
f 2791/1186/1798 2790/698/1797 2793/695/1800
f 2794/1006/1532 2795/1187/1801 2796/991/1455
f 2795/1187/1801 2794/1006/1532 2797/1147/1737
f 2798/1069/1591 2799/1089/1802 2800/1068/1587
f 2799/1089/1802 2801/1188/1803 2800/1068/1587
f 2802/1189/1804 2803/955/1805 2804/1190/1806
f 2803/955/1805 2802/1189/1804 2805/956/1372
f 2806/1191/1807 2807/1192/1808 2808/1193/1809
f 2807/1192/1808 2806/1191/1807 2809/1138/1810
f 2809/1138/1810 2810/1140/1811 2807/1192/1808
f 2807/1192/1808 2810/1140/1811 2811/745/1812
f 2812/745/1066 2810/1140/1813 2813/488/1814
f 2814/486/1132 2813/488/1814 2810/1140/1813
f 2815/1194/1815 2816/827/1816 2817/1195/1817
f 2818/1196/1818 2816/827/1816 2815/1194/1815
f 2818/1196/1818 2819/459/1819 2820/827/1181
f 2819/459/1819 2818/1196/1818 2821/462/678
f 2822/1197/1820 2823/1058/1821 2824/1060/1575
f 2823/1058/1821 2822/1197/1820 2825/1198/1822
f 2826/1068/1590 2827/1188/1803 2828/1061/1576
f 2827/1188/1803 2829/1199/1823 2828/1061/1576
f 2830/738/1824 2831/680/1825 2832/1200/1246
f 2832/1200/1246 2833/1201/1826 2830/738/1824
f 2834/1200/1246 2835/1202/1827 2833/1201/1826
f 2835/1202/1827 2834/1200/1246 2836/1203/1828
f 2837/906/1829 2838/1136/1709 2839/799/1153
f 2837/906/1829 2839/799/1153 2840/798/1830
f 2841/1204/1489 2842/1205/1831 2843/1206/1490
f 2842/1205/1831 2841/1204/1489 2844/1207/1832
f 2845/1208/1833 2846/969/1400 2847/1117/1834
f 2846/969/1400 2845/1208/1833 2848/904/1398
f 2849/977/1735 2850/675/1835 2851/565/1836
f 2852/1073/1598 2850/675/1835 2849/977/1735
f 2853/1209/1837 2854/949/1360 2855/785/1838
f 2854/949/1360 2853/1209/1837 2856/1210/1839
f 2857/923/1840 2858/1122/1687 2859/759/1841
f 2860/1133/1702 2861/1058/1704 2862/1211/1842
f 2861/1058/1704 2863/1198/1822 2862/1211/1842
f 2864/1212/1843 2865/1050/1557 2866/1046/1844
f 2865/1050/1557 2418/1047/1556 2866/1046/1844
f 2867/1213/1845 2868/1050/1557 2864/1212/1843
f 2869/1214/1846 2867/1213/1845 2864/1212/1843
f 2870/1215/1847 2867/1213/1845 2869/1214/1846
f 2867/1213/1845 2870/1215/1847 2871/1216/1848
f 2872/1217/1849 2871/1216/1848 2873/1215/1847
f 2874/1218/1850 2871/1216/1848 2872/1217/1849
f 2875/1219/1851 2876/944/1349 2874/1218/1850
f 2876/944/1349 2877/942/1852 2874/1218/1850
f 2878/1216/1848 2879/1218/1850 2877/942/1345
f 2877/942/1345 2098/941/1344 2878/1216/1848
f 2878/1216/1848 2880/1220/1853 2881/1213/1854
f 2880/1220/1853 2878/1216/1848 2882/941/1344
f 2880/1220/1853 2883/941/1344 2884/937/1343
f 2884/937/1343 2084/933/1333 2880/1220/1853
f 2880/1220/1853 2885/1048/1855 2886/1050/1557
f 2886/1050/1557 2887/1213/1845 2880/1220/1853
f 2421/1048/1554 2880/1220/1853 2084/933/1333
f 2084/933/1333 2888/931/1331 2421/1048/1554
f 2889/937/1856 2890/932/1332 2084/933/1333
f 2087/935/1857 2890/932/1332 2889/937/1856
f 2891/1049/1858 2892/1048/1554 2888/931/1331
f 2888/931/1331 2893/930/1330 2891/1049/1858
f 2072/447/662 2891/1049/1858 2893/930/1330
f 2891/1049/1858 2072/447/662 2894/779/1859
f 2073/926/949 2072/447/662 2893/930/1330
f 2895/1221/1860 2896/1222/1860 2897/1223/1861
f 2896/1222/1860 2895/1221/1860 2898/1224/1862
f 2897/1223/1861 2896/1222/1860 2899/1225/1863
f 2900/1226/1864 2898/1224/1862 2895/1221/1860
f 2899/1225/1863 2901/1227/1865 2897/1223/1861
f 2898/1224/1862 2900/1226/1864 2902/1228/1866
f 2901/1227/1865 2899/1225/1863 2903/1229/1865
f 2904/1230/1866 2902/1228/1866 2900/1226/1864
f 2902/1228/1866 2904/1230/1866 2905/1231/1867
f 2906/1232/1867 2905/1231/1867 2904/1230/1866
f 2903/1229/1865 2907/1233/1868 2901/1227/1865
f 2907/1233/1868 2903/1229/1865 2908/1234/1869
f 2908/1234/1869 2909/1235/1870 2907/1233/1868
f 2909/1235/1870 2908/1234/1869 2910/1236/1870
f 2910/1236/1870 2911/1237/1871 2909/1235/1870
f 2911/1237/1871 2910/1236/1870 2912/1238/1871
f 2912/1238/1871 2913/1239/1872 2911/1237/1871
f 2913/1239/1872 2912/1238/1871 2914/1240/1872
f 2914/1240/1872 2915/1241/1873 2913/1239/1872
f 2916/1242/1874 2915/1241/1873 2914/1240/1872
f 2916/1242/1874 2917/1243/1875 2915/1241/1873
f 2918/1244/1875 2917/1243/1875 2916/1242/1874
f 2917/1243/1875 2918/1244/1875 2919/1245/1876
f 2920/1246/1876 2919/1245/1876 2918/1244/1875
f 2921/1001/1877 2922/1111/1878 2923/1021/1673
f 2922/1111/1878 2921/1001/1877 2924/1247/1879
f 2925/1248/1880 2926/1099/1655 2927/1249/1881
f 2928/922/1882 2929/453/1410 2930/974/1883
f 2931/1250/1884 2932/1251/1885 2933/1252/1886
f 2934/1253/1887 2935/1254/1888 2936/1255/1889
f 2935/1254/1888 2934/1253/1887 2937/1256/1680
f 2938/1256/1678 2939/1130/1890 2935/1254/1891
f 2939/1130/1890 2938/1256/1678 2940/1129/1675
f 2941/1257/1892 2942/991/1455 2943/1258/1893
f 2942/991/1455 2944/1187/1894 2943/1258/1893
f 2945/1259/1804 2946/1205/1831 2947/1207/1832
f 2946/1205/1831 2945/1259/1804 2948/1260/1895
f 2949/1261/1419 2950/717/1420 2951/889/1896
f 2949/1261/1419 2951/889/1896 2952/1262/1897
f 2953/1062/1578 2954/1001/1898 2955/1002/1899
f 2954/1001/1898 2953/1062/1578 2956/1247/1879
f 2957/1119/1900 2958/1120/1684 2959/1263/1901
f 2958/1120/1684 2960/1029/1902 2959/1263/1901
f 2961/789/1903 2962/1264/1904 2963/1265/1905
f 2961/789/1903 2963/1265/1905 2964/972/1906
f 2965/789/1903 2966/576/1323 2962/1264/1904
f 2966/576/1323 2965/789/1903 2967/574/699
f 2968/1265/1907 2969/1153/1754 2964/972/1906
f 2969/1153/1754 2968/1265/1907 2970/1266/1908
f 2971/1153/1751 2970/1266/1909 2972/1267/1910
f 2971/1153/1751 2972/1267/1910 2973/1154/1911
f 2974/1100/1657 2975/1268/1912 2976/1095/1913
f 2975/1268/1912 2974/1100/1657 2977/1185/1914
f 2978/1250/1915 2979/1252/1916 2980/1269/1917
f 2981/1270/1918 2982/1271/1919 2983/1272/1920
f 2982/1271/1919 2981/1270/1918 2984/1139/1921
f 2985/1273/1922 2986/1274/1923 2987/769/1924
f 2987/769/1924 2988/784/1925 2985/1273/1922
f 2989/1273/1922 2990/1275/1926 2986/1274/1923
f 2990/1275/1926 2989/1273/1922 2991/1276/1927
f 2992/1277/1928 2993/1099/1929 2994/1248/1880
f 2995/703/1467 2996/1278/1930 2997/704/1931
f 2996/1278/1930 2995/703/1467 2998/999/1932
f 2999/1044/1933 3000/1074/1934 3001/1279/1935
f 3000/1074/1934 2999/1044/1933 3002/1072/1936
f 3003/672/1201 3002/1072/1937 3004/1044/1938
f 3005/838/1202 3003/672/1201 3004/1044/1938
f 3006/904/1939 3007/1208/1940 3008/1169/1941
f 3007/1208/1940 3009/1280/1942 3008/1169/1941
f 3010/1281/1943 3011/642/1944 3012/1282/690
f 3013/1283/1945 3014/1130/1946 3015/1090/1947
f 3013/1283/1945 3015/1090/1947 3016/1284/1948
f 3017/1285/1949 3018/1286/1950 3019/1017/1951
f 3020/1287/1952 3021/1017/1503 3018/1286/1953
f 3021/1017/1503 3020/1287/1952 3022/1018/1506
f 3023/1288/1954 3024/1060/1955 3025/1119/1956
f 3024/1060/1955 3023/1288/1954 3026/1197/1957
f 3027/1074/1599 3028/1073/1598 3029/1289/1958
f 3028/1073/1598 3030/1054/1567 3029/1289/1958
f 3031/1290/1959 3032/1291/1960 3033/1292/1961
f 3032/1291/1960 3031/1290/1959 3034/1293/1962
f 3035/1294/1963 3034/1293/1962 3031/1290/1959
f 3036/1295/1964 3034/1293/1962 3035/1294/1963
f 3037/1296/1965 3038/2/710 3039/481/1369
f 3040/1297/1966 3041/1052/1967 3042/1051/1562
f 3040/1297/1966 3042/1051/1562 3043/1298/1968
f 3044/1297/1966 3045/1090/1947 3041/1052/1967
f 3045/1090/1947 3044/1297/1966 3046/1284/1948
f 3047/1111/1969 3048/1247/1879 3049/1299/1970
f 3048/1247/1879 3050/1300/1971 3049/1299/1970
f 3051/1301/1828 3052/940/1972 3053/945/1352
f 3052/940/1972 3051/1301/1828 3054/865/1246
f 3055/1302/1505 3056/1303/1973 3057/1304/1974
f 3058/1305/1975 3059/1306/1976 3060/1307/1671
f 3061/1308/1977 3060/1307/1671 3059/1306/1976
f 3062/1309/1978 3063/1310/1979 3064/1311/1980
f 3064/1311/1980 3065/1312/1981 3062/1309/1978
f 3066/993/911 3067/1313/1982 3068/1314/1983
f 3069/1150/1984 3070/1315/1985 3071/1149/1741
f 3070/1315/1985 3069/1150/1984 3072/1316/1912
f 3073/1018/1986 3074/1317/1987 3075/1020/1988
f 3076/1293/1962 3077/1284/1989 3078/1291/1990
f 3077/1284/1989 3076/1293/1962 3079/1295/1964
f 3080/1297/1991 3078/1291/1990 3081/1284/1948
f 3078/1291/1990 3080/1297/1991 3082/1318/1992
f 3082/1318/1993 3083/1297/1991 3084/1298/1968
f 3084/1298/1968 3085/1319/1994 3082/1318/1993
f 3086/781/1995 3087/782/1996 3088/1320/1997
f 3089/955/1998 3090/1257/1999 3091/1190/2000
f 3090/1257/1999 3089/955/1998 3092/991/1455
f 3093/1273/2001 3094/1321/2002 3095/1276/1927
f 3096/1322/2003 3095/1276/1927 3094/1321/2002
f 3093/1273/2004 3097/784/1165 3098/1321/2005
f 3097/784/1165 3099/1323/2006 3098/1321/2005
f 3100/1322/2007 3101/1324/2008 3095/1276/2009
f 3101/1324/2008 3100/1322/2007 3102/1325/2010
f 3103/1326/2011 3104/1327/2012 3105/695/1800
f 3104/1327/2012 3106/1186/1798 3105/695/1800
f 3107/1328/2013 3108/1329/2014 3109/1330/2015
f 3107/1328/2013 3109/1330/2015 3110/1055/2016
f 3111/1329/2014 3107/1328/2013 3112/1331/2017
f 3112/1331/2017 3113/1332/2018 3111/1329/2014
f 3114/1055/2016 3109/1330/2019 3115/1333/2020
f 3114/1055/2016 3115/1333/2020 3116/1056/1570
f 3117/1334/2021 3118/1335/2022 3119/1336/2023
f 3120/1337/2024 3118/1335/2022 3117/1334/2021
f 3118/1335/2022 3121/1206/2025 3119/1336/2023
f 3120/1337/2024 3122/1338/2026 3118/1335/2022
f 3118/1335/2022 3123/1339/1487 3121/1206/2025
f 3118/1335/2022 3124/1340/1491 3123/1339/1487
f 3124/1340/1491 3118/1335/2022 3125/1338/2026
f 3126/1337/2024 3127/892/2027 3122/1338/2028
f 3127/892/2027 3126/1337/2024 3128/1034/1529
f 3129/1338/2026 3130/894/1281 3124/1340/2029
f 3130/894/1281 3129/1338/2026 3131/892/2027
f 3132/1341/2030 3133/1342/859 3134/1210/2031
f 3133/1342/859 3135/949/2032 3134/1210/2031
f 3136/1343/2033 3137/1092/1646 3138/1148/1738
f 3139/1024/2034 3140/907/1300 3141/1011/2035
f 3140/907/1300 3139/1024/2034 3142/1344/2036
f 3143/1263/1901 3144/1029/1902 3145/1345/2037
f 3144/1029/1902 3146/985/2038 3145/1345/2037
f 3147/346/533 3148/1346/7 3149/1347/2039
f 3150/1347/2039 3151/1348/1717 3147/346/2040
f 3152/344/530 3147/346/2040 3151/1348/1717
f 3151/1348/1717 3153/1349/2041 3152/344/530
f 3153/1349/2041 3151/1348/1717 3154/1350/2042
f 3155/1351/2043 3156/1352/1929 3157/1353/2044
f 3158/1354/1682 3159/1253/1887 3160/1355/2045
f 3159/1253/1887 3158/1354/1682 3161/1256/1680
f 3162/1061/1576 3163/1199/1823 3164/1062/2046
f 3163/1199/1823 3165/1356/2047 3164/1062/2046
f 3166/1280/1942 3167/1311/2048 3168/1357/2049
f 3167/1311/2048 3166/1280/1942 3169/1312/1981
f 3168/1357/2049 3170/1169/1941 3171/1280/1942
f 3170/1169/1941 3168/1357/2049 3172/1358/2050
f 3173/1062/1578 3174/1356/2047 3175/1247/1879
f 3174/1356/2047 3176/1359/2051 3175/1247/1879
f 3177/576/1323 3178/925/2052 3179/1264/1904
f 3178/925/2052 3180/1360/2053 3179/1264/1904
f 3181/1361/1060 3182/1313/2054 3183/993/911
f 3184/983/2055 3185/988/1756 3186/1345/2037
f 3186/1345/2037 3187/985/1439 3184/983/2055
f 3188/1143/2056 3189/1142/1715 3190/1362/2057
f 3191/1333/2020 3192/845/1663 3193/1056/1570
f 3192/845/1663 3191/1333/2020 3194/844/2058
f 3195/1363/2059 3196/1289/1958 3197/1054/1742
f 3196/1289/1958 3195/1363/2059 3198/1364/2060
f 3199/1254/2061 3200/1283/1945 3201/1365/2062
f 3200/1283/1945 3199/1254/2061 3202/1130/2063
f 3203/958/2039 3204/961/7 3205/959/1376
f 3206/883/1528 3207/882/2064 3208/1366/2065
f 3208/1366/2065 3207/882/2064 3209/1358/2050
f 3210/1367/2066 3211/1159/2067 3212/1368/2013
f 3210/1367/2066 3212/1368/2013 3213/1369/2068
f 3214/1370/2069 3211/1159/2070 3215/1367/2071
f 3214/1370/2069 3216/1158/2072 3211/1159/2070
f 3217/1371/2073 3218/1158/1763 3214/1370/2069
f 3218/1158/1763 3217/1371/2073 3219/434/2074
f 3220/1274/2075 3221/1372/2076 3222/768/2077
f 3220/1274/2075 3222/768/2077 3223/769/1109
f 3224/1275/2078 3221/1372/2076 3220/1274/2075
f 3221/1372/2076 3224/1275/2078 3225/1373/2079
f 3226/1374/2080 3225/1373/2081 3227/1275/2082
f 3225/1373/2081 3226/1374/2080 3228/1375/2083
f 3225/1373/2081 3228/1375/2083 3229/1376/2084
f 3230/1377/2085 3225/1373/2081 3229/1376/2084
f 3231/1378/2086 3232/1379/2087 3233/1380/617
f 3232/1379/2087 3231/1378/2086 3234/1381/2088
f 3235/1382/2089 3236/1191/1807 3237/1193/1809
f 3236/1191/1807 3235/1382/2089 3238/1271/2090
f 3239/1383/2091 3240/1384/2092 3241/1385/2093
f 3240/1384/2092 3242/1326/2011 3241/1385/2093
f 3241/1385/2093 3242/1326/2011 3243/787/2094
f 3242/1326/2011 3244/695/2095 3243/787/2094
f 3245/1208/1833 3246/1312/2096 3247/1280/1942
f 3246/1312/2096 3245/1208/1833 3248/1386/2097
f 3249/882/2098 3250/966/2099 3251/1358/2050
f 3252/1169/1941 3251/1358/2050 3250/966/2099
f 3253/993/911 3254/1314/1983 3255/994/2100
f 3256/1387/2101 3257/1171/2102 3258/1170/2103
f 3257/1171/2102 3256/1387/2101 3259/1388/2104
f 3260/1281/1115 3261/1389/1117 3262/1390/2105
f 3260/1281/1115 3262/1390/2105 3263/1391/2106
f 3264/1118/2107 3265/1208/1833 3266/1117/1681
f 3265/1208/1833 3264/1118/2107 3267/1386/2108
f 3268/1363/2059 3269/1149/2109 3270/1392/2110
f 3269/1149/2109 3268/1363/2059 3271/1054/1742
f 3272/1393/2111 3273/1133/1794 3274/1211/1842
f 3273/1133/1794 3272/1393/2111 3275/1185/1914
f 3276/1391/2112 3277/1394/2113 3278/642/1944
f 3279/1327/2114 3280/1193/2115 3281/1186/1798
f 3280/1193/2115 3282/1192/1808 3281/1186/1798
f 3283/1395/2116 3284/908/2117 3285/1396/2118
f 3284/908/2117 3283/1395/2116 3286/1397/2119
f 3287/1398/2120 3288/1312/2096 3289/1386/2121
f 3288/1312/2096 3287/1398/2120 3290/1309/2122
f 3291/1323/2006 3292/809/2123 3293/1399/2124
f 3292/809/2123 3291/1323/2006 3294/784/1925
f 3295/1400/2125 3296/1311/2126 3297/1310/2127
f 3296/1311/2126 3295/1400/2125 3298/1401/2128
f 3299/1402/2129 3300/1403/2130 3301/1404/1910
f 3300/1403/2130 3299/1402/2129 3302/1405/2131
f 3303/1406/2132 3302/1405/2131 3299/1402/2129
f 3304/1407/2133 3303/1406/2132 3299/1402/2129
f 3305/704/1931 3306/1408/2134 3307/702/1013
f 3306/1408/2134 3305/704/1931 3308/1278/1930
f 3309/793/2135 3310/975/2136 3311/1146/1729
f 3310/975/2136 3309/793/2135 3312/792/2137
f 3313/1271/2090 3314/1138/1810 3315/1191/1807
f 3314/1138/1810 3313/1271/2090 3316/1139/2138
f 3317/1283/2139 3318/1295/2140 3319/1409/2141
f 3318/1295/2140 3317/1283/2139 3320/1284/1948
f 3321/738/2142 3322/1201/1826 3323/1152/2143
f 3321/738/2142 3323/1152/2143 3324/739/1750
f 3325/1202/2144 3326/1152/2145 3322/1201/2146
f 3326/1152/2145 3325/1202/2144 3327/1410/2147
f 3328/1203/2148 3329/1410/2149 3325/1202/2144
f 3329/1410/2149 3328/1203/2148 3330/1411/2150
f 3331/1412/2151 3332/1413/2152 3333/1414/2153
f 3332/1413/2152 3331/1412/2151 3334/1415/2154
f 3335/1416/2155 3336/1417/2156 3337/1418/2157
f 3336/1417/2156 3335/1416/2155 3338/795/1229
f 3339/1419/2158 3340/1420/2159 3341/1421/2160
f 3342/1322/2161 3343/1323/2162 3344/1422/2163
f 3343/1323/2162 3342/1322/2161 3345/1321/2164
f 3346/1171/2102 3347/1388/2104 3348/1423/2165
f 3346/1171/2102 3348/1423/2165 3349/1151/2166
f 3350/1424/2167 3351/1373/2168 3352/1377/2169
f 3351/1373/2168 3350/1424/2167 3353/1166/2170
f 3352/1377/2169 3354/1319/1994 3355/1424/2167
f 3354/1319/1994 3352/1377/2169 3356/1292/2171
f 3357/1373/2168 3353/1166/1781 3358/1165/1779
f 3357/1373/2168 3358/1165/1779 3359/1372/2172
f 3356/1292/2173 3360/1318/1992 3361/1319/2174
f 3356/1292/2173 3362/1291/1960 3360/1318/1992
f 3359/1372/2175 3363/1165/1778 3364/1164/1777
f 3359/1372/2175 3364/1164/1777 3365/768/2176
f 3364/1164/1777 3366/511/2177 3365/768/2176
f 3365/768/2176 3366/511/2177 3367/512/2178
f 3368/889/1276 3369/702/1013 3370/1408/2179
f 3370/1408/2179 3371/1262/2180 3368/889/1276
f 3372/1425/2181 3373/1302/2182 3374/1304/2183
f 3375/1277/2184 3376/1148/1738 3377/1099/1655
f 3378/1426/2185 3379/1427/2186 3380/1428/2187
f 3379/1427/2186 3378/1426/2185 3381/1429/2188
f 3382/1430/2189 3383/1268/1912 3384/1185/1914
f 3385/1368/2013 3386/1045/1549 3387/1431/2190
f 3386/1045/1549 3385/1368/2013 3388/1043/2191
f 3389/1159/2067 3390/1043/2192 3385/1368/2013
f 3390/1043/2192 3389/1159/2067 3391/1042/1545
f 3392/998/2193 3393/1366/2065 3394/1432/2194
f 3393/1366/2065 3392/998/2193 3395/883/2195
f 3396/999/1932 3397/915/1308 3398/1433/2196
f 3397/915/1308 3396/999/1932 3399/913/1306
f 3400/1070/1155 3401/1434/2197 3402/1071/1725
f 3403/1429/2198 3404/1435/2199 3405/1427/2200
f 3406/1436/2201 3405/1427/2200 3404/1435/2199
f 3407/1437/2202 3408/826/2203 3409/810/2204
f 3407/1437/2202 3410/1438/2205 3408/826/2203
f 3407/1437/2206 3411/1439/2207 3412/1440/2208
f 3411/1439/2207 3407/1437/2206 3413/1441/2209
f 3413/1441/2210 3414/810/2204 3415/777/2211
f 3414/810/2204 3413/1441/2210 3416/1437/2212
f 3413/1441/2213 3417/1442/2214 3418/1439/2207
f 3417/1442/2214 3413/1441/2213 3419/1443/2215
f 3420/777/2216 3419/1443/2217 3421/1441/2210
f 3419/1443/2217 3420/777/2216 3422/982/1749
f 3423/1210/1839 3424/1444/2218 3425/1341/2219
f 3424/1444/2218 3423/1210/1839 3426/1209/2220
f 3427/1445/2221 3428/1446/2222 3429/1429/2188
f 3430/1435/2223 3429/1429/2188 3428/1446/2222
f 3431/1447/2224 3432/1311/2126 3433/1401/2128
f 3432/1311/2126 3431/1447/2224 3434/1357/2225
f 3435/1447/2224 3436/1358/2050 3434/1357/1180
f 3436/1358/2050 3435/1447/2224 3437/1366/2065
f 3438/1448/2226 3439/1193/2227 3440/1327/2228
f 3439/1193/2227 3438/1448/2226 3441/1382/2229
f 3442/1063/1579 3443/1449/2230 3444/1450/2231
f 3443/1449/2230 3442/1063/1579 3445/1064/1581
f 3446/974/1883 3447/973/1533 3448/1451/2183
f 3449/1271/2090 3450/1452/2232 3451/1272/2233
f 3450/1452/2232 3449/1271/2090 3452/1382/2089
f 3453/1393/2234 3454/1453/2235 3455/1430/2189
f 3455/1430/2189 3456/1185/1914 3453/1393/2234
f 3457/1298/2236 3458/1051/2237 3459/1123/2238
f 3457/1298/2236 3459/1123/2238 3460/1162/1772
f 3461/1259/2239 3462/1454/2240 3463/1455/2241
f 3462/1454/2240 3461/1259/2239 3464/1456/1806
f 3465/1457/2242 3466/1294/2243 3467/1458/2244
f 3466/1294/2243 3468/1290/2245 3467/1458/2244
f 3468/1290/1959 3469/1292/2246 3470/1458/2247
f 3469/1292/2246 3471/1459/2248 3470/1458/2247
f 3472/1162/1772 3473/1166/1781 3474/1424/2167
f 3473/1166/1781 3472/1162/1772 3475/1161/1780
f 3476/1319/1994 3477/1162/1772 3474/1424/2167
f 3476/1319/1994 3478/1298/1968 3477/1162/1772
f 3479/1460/2118 3480/1461/2162 3481/1462/2249
f 3480/1461/2162 3479/1460/2118 3482/1463/2163
f 3483/1392/2250 3484/1315/2251 3485/1464/2252
f 3484/1315/2251 3483/1392/2250 3486/1149/2253
f 3487/1091/1645 3488/1148/1738 3489/1092/1646
f 3490/1465/2254 3491/1036/1534 3492/1038/2255
f 3493/1353/2256 3494/1466/1652 3495/1467/2257
f 3494/1466/1652 3493/1353/2256 3496/1352/2258
f 3494/1466/2259 3497/1468/1654 3498/1467/2260
f 3497/1468/1654 3499/1469/2261 3498/1467/2260
f 3500/1255/1889 3501/1365/2262 3502/1470/2263
f 3501/1365/2262 3500/1255/1889 3503/1254/2264
f 3504/1471/2265 3505/1170/2103 3506/1184/1791
f 3505/1170/2103 3504/1471/2265 3507/1387/2266
f 3508/1472/2267 3509/1470/2263 3510/1365/2268
f 3510/1365/2268 3511/1473/2269 3508/1472/2267
f 3511/1473/2270 3512/1283/2271 3513/1409/2141
f 3511/1473/2270 3514/1365/2268 3512/1283/2271
f 3515/1359/2051 3516/1474/2272 3517/1247/1879
f 3516/1474/2272 3515/1359/2051 3518/1475/2273
f 3519/1476/2274 3520/951/2275 3521/989/2276
f 3520/951/2275 3522/503/1445 3521/989/2276
f 3523/1344/2036 3524/1396/2118 3525/907/2277
f 3524/1396/2118 3526/908/1284 3525/907/2277
f 3527/1477/2278 3528/1455/2279 3529/1454/1892
f 3528/1455/2279 3527/1477/2278 3530/1478/2280
f 3531/1260/1895 3528/1455/2281 3532/1479/2282
f 3528/1455/2281 3531/1260/1895 3533/1259/2283
f 3534/1103/2284 3535/1480/2285 3536/1147/2286
f 3535/1480/2285 3534/1103/2284 3537/1481/2287
f 3538/1089/2288 3539/1482/2289 3540/1188/2290
f 3539/1482/2289 3538/1089/2288 3541/1088/2291
f 3542/1483/2292 3540/1188/2290 3543/1482/2289
f 3540/1188/2290 3542/1483/2292 3544/1199/1823
f 3545/976/2293 3546/844/2294 3547/1484/2295
f 3546/844/2294 3545/976/2293 3548/843/1211
f 3549/1333/2296 3550/1484/2295 3546/844/2058
f 3550/1484/2295 3549/1333/2296 3551/1485/1634
f 3551/1485/1634 3552/1330/2297 3553/1486/2298
f 3552/1330/2297 3551/1485/1634 3554/1333/2296
f 3555/1268/1912 3556/1430/2299 3557/1487/2300
f 3558/1101/2301 3559/1481/2302 3560/1103/2303
f 3559/1481/2302 3558/1101/2301 3561/1488/2304
f 3562/1429/2188 3563/1489/2305 3564/1445/2306
f 3563/1489/2305 3562/1429/2188 3565/1426/2307
f 3566/1394/2308 3567/1490/2309 3568/642/669
f 3569/642/1944 3570/1490/2310 3571/643/2311
f 3572/1491/2312 3573/1187/2313 3574/1480/2314
f 3573/1187/2313 3575/1147/2286 3574/1480/2314
f 3576/1492/2315 3577/1493/2316 3578/1483/2292
f 3579/1494/2317 3578/1483/2292 3577/1493/2316
f 3580/914/1307 3581/1433/2318 3582/915/2319
f 3581/1433/2318 3580/914/1307 3583/1168/2320
f 3584/914/1307 3585/803/2321 3583/1168/2320
f 3585/803/2321 3584/914/1307 3586/823/2322
f 3587/1495/2323 3588/1496/2324 3589/1497/2325
f 3588/1496/2324 3587/1495/2323 3590/1498/2326
f 3591/1499/1457 3589/1497/2325 3588/1496/2324
f 3589/1497/2325 3591/1499/1457 3592/1500/1456
f 3593/1501/2327 3588/1496/2324 3594/1498/2328
f 3595/1502/2329 3593/1501/2327 3594/1498/2328
f 3596/1199/1823 3597/1494/2317 3598/1356/2047
f 3597/1494/2317 3596/1199/1823 3599/1483/2292
f 3600/1316/1912 3601/1503/2300 3602/1315/2251
f 3602/1315/2251 3601/1503/2300 3603/1464/2252
f 3604/1504/2330 3605/1345/2037 3606/1505/2331
f 3605/1345/2037 3604/1504/2330 3607/1263/1901
f 3608/1345/2037 3609/1156/2332 3606/1505/2333
f 3609/1156/2332 3608/1345/2037 3610/988/1756
f 3611/1506/2334 3612/1507/2335 3613/1453/2336
f 3613/1453/2336 3614/1393/2337 3611/1506/2334
f 3615/1300/2338 3616/1474/2339 3617/1508/2340
f 3616/1474/2339 3615/1300/2338 3618/1247/1879
f 3619/981/2341 3620/1342/859 3621/989/2342
f 3620/1342/859 3622/1476/2343 3621/989/2342
f 3623/1452/2232 3624/1509/2218 3625/1272/1920
f 3624/1509/2218 3626/1270/2220 3625/1272/1920
f 3627/1510/2344 3628/1511/2345 3629/1512/2045
f 3628/1511/2345 3627/1510/2344 3630/1513/2201
f 3631/1514/2108 3632/1515/2107 3629/1512/2045
f 3633/1511/2345 3631/1514/2108 3629/1512/2045
f 3634/1516/2346 3635/1517/2347 3636/1518/2348
f 3635/1517/2347 3634/1516/2346 3637/1127/2349
f 3638/1519/2350 3637/1127/2349 3634/1516/2346
f 3637/1127/2349 3638/1519/2350 3639/1124/2351
f 3637/1127/1694 3640/1520/2352 3641/1521/2353
f 3640/1520/2352 3637/1127/1694 3642/1126/1693
f 3643/1517/2347 3637/1127/2354 3644/1522/2355
f 3644/1522/2355 3637/1127/2354 3645/1521/2353
f 3646/1374/2080 3647/1276/2356 3648/1324/2357
f 3647/1276/2356 3646/1374/2080 3649/1275/2358
f 3650/1523/2359 3646/1374/2080 3651/1324/2360
f 3646/1374/2080 3650/1523/2359 3652/1375/2361
f 3653/1524/2362 3652/1375/2361 3650/1523/2359
f 3653/1524/2362 3654/1376/2363 3652/1375/2361
f 3655/1145/2364 3656/1093/2365 3657/1092/2366
f 3658/1525/2367 3659/11/710 3660/1526/2368
f 3661/347/463 3662/1346/7 3663/346/532
f 3662/1346/7 3661/347/463 3664/1527/2369
f 3665/1389/1117 3666/1528/2370 3667/1390/2371
f 3668/1263/1901 3669/1529/2372 3670/1119/2373
f 3669/1529/2372 3668/1263/1901 3671/1504/2374
f 3672/1530/2375 3673/1531/2376 3674/1532/2377
f 3673/1531/2376 3672/1530/2375 3675/1533/2163
f 3676/1534/2378 3677/1510/2379 3678/1535/1889
f 3677/1510/2379 3676/1534/2378 3679/1513/2201
f 3680/1536/2380 3681/1119/2381 3682/1529/2382
f 3681/1119/2381 3680/1536/2380 3683/1288/2383
f 3684/1197/2384 3685/1288/2385 3686/1506/2334
f 3686/1506/2334 3687/1198/2386 3684/1197/2384
f 3688/1198/2387 3689/1506/2388 3690/1211/2389
f 3689/1506/2388 3691/1393/2337 3690/1211/2389
f 3692/1537/2390 3693/1514/2391 3694/1511/2345
f 3693/1514/2391 3692/1537/2390 3695/1538/2120
f 3696/1186/1798 3697/1192/2392 3698/744/1799
f 3697/1192/2392 3699/745/2393 3698/744/1799
f 3700/1539/2394 3701/906/1829 3702/1160/2395
f 3701/906/1829 3700/1539/2394 3703/1136/2396
f 3704/1367/2397 3705/1369/2398 3706/1540/2399
f 3705/1369/2398 3707/1541/2400 3706/1540/2399
f 3708/1540/2399 3709/1370/2401 3704/1367/2402
f 3708/1540/2399 3710/1371/2403 3709/1370/2401
f 3711/1359/2051 3712/1356/2047 3713/1494/2317
f 3713/1494/2317 3714/1542/2404 3711/1359/2051
f 3715/1437/2202 3716/1543/1791 3717/1438/2405
f 3716/1543/1791 3715/1437/2202 3718/1440/2406
f 3719/1349/2407 3720/1544/2408 3721/344/2409
f 3722/1545/2194 3723/1546/2224 3724/1547/2410
f 3723/1546/2224 3722/1545/2194 3725/1548/2411
f 3726/1522/2355 3727/1521/2412 3728/1545/2194
f 3728/1545/2194 3729/1547/2410 3726/1522/2355
f 3730/1520/1462 3731/1545/2194 3727/1521/2412
f 3731/1545/2194 3730/1520/1462 3732/1549/2193
f 3733/1550/1904 3734/1551/2053 3735/1407/2133
f 3734/1551/2053 3736/1406/2132 3735/1407/2133
f 3737/1151/1745 3738/1423/2165 3739/1160/2413
f 3737/1151/1745 3739/1160/2413 3740/877/1746
f 3741/1279/2414 3742/1289/1958 3743/1552/2415
f 3742/1289/1958 3741/1279/2414 3744/1074/1934
f 3745/944/1349 3746/1219/1851 3747/945/2416
f 3747/945/2416 3746/1219/1851 3748/1553/2417
f 3749/1554/2418 3750/1513/2201 3751/1555/2419
f 3750/1513/2201 3752/1534/2263 3751/1555/2419
f 3753/1412/2376 3754/1414/2153 3755/1556/2420
f 3756/1557/2421 3755/1556/2420 3754/1414/2153
f 3757/1411/2150 3758/1558/2422 3759/1559/2423
f 3758/1558/2422 3757/1411/2150 3760/1203/2148
f 3761/1560/2424 3762/1533/2163 3763/1530/2375
f 3762/1533/2163 3761/1560/2424 3764/1561/2425
f 3765/1533/2163 3764/1561/2425 3766/1562/2426
f 3767/1563/2161 3765/1533/2163 3766/1562/2426
f 3768/1564/2427 3769/1409/2141 3770/1295/1964
f 3768/1564/2427 3770/1295/1964 3771/1294/2428
f 3772/1564/2427 3773/1473/2429 3769/1409/2430
f 3773/1473/2429 3772/1564/2427 3774/1428/2431
f 3775/1565/2432 3776/1455/2433 3777/1478/2434
f 3775/1565/2432 3777/1478/2434 3778/1566/2435
f 3775/1565/2432 3779/1479/2436 3780/1455/2437
f 3779/1479/2436 3775/1565/2432 3781/1567/2438
f 3782/1568/2439 3783/1479/2436 3781/1567/2438
f 3782/1568/2439 3784/1569/2440 3783/1479/2436
f 3785/1570/2441 3784/1569/2440 3782/1568/2439
f 3785/1570/2441 3119/1336/2023 3784/1569/2440
f 3117/1334/2021 3119/1336/2023 3785/1570/2441
f 3119/1336/2023 3786/1205/1831 3784/1569/2440
f 3119/1336/2023 3787/1206/2025 3786/1205/1831
f 3786/1205/1831 3788/1260/1895 3784/1569/2440
f 3784/1569/2440 3788/1260/1895 3532/1479/2436
f 3789/1082/1617 3790/1571/2442 3791/1086/2443
f 3790/1571/2442 3789/1082/1617 3792/1081/1614
f 3793/1427/2186 3794/1473/2270 3795/1428/2431
f 3794/1473/2270 3793/1427/2186 3796/1472/2444
f 3797/1572/2445 3798/1046/1550 3799/951/2275
f 3798/1046/1550 3800/950/1362 3799/951/2275
f 3801/1573/2446 3802/1046/1550 3797/1572/2447
f 3802/1046/1550 3801/1573/2446 3803/1212/2448
f 3804/1574/2449 3803/1212/2448 3801/1573/2446
f 3803/1212/2448 3804/1574/2449 3805/1214/2450
f 3806/1575/2451 3805/1214/2450 3807/1574/2452
f 3805/1214/2450 3806/1575/2451 3808/1215/1847
f 3809/1576/2453 3808/1215/1847 3806/1575/2451
f 3810/1217/1849 3808/1215/1847 3809/1576/2453
f 3811/1577/2454 3812/1218/1850 3810/1217/1849
f 3813/1219/1851 3812/1218/1850 3811/1577/2454
f 3814/1578/2455 3815/1411/2456 3816/1579/2457
f 3815/1411/2456 3814/1578/2455 3817/1442/2458
f 3818/1442/2459 3819/1410/2147 3815/1411/2150
f 3819/1410/2147 3818/1442/2459 3820/1443/2215
f 3821/982/1749 3822/1410/2147 3820/1443/2460
f 3822/1410/2147 3821/982/1749 3823/1152/2461
f 3824/1580/2462 3825/1581/2463 3826/1582/2464
f 3827/677/974 3828/1583/2156 3829/853/1229
f 3828/1583/2156 3827/677/974 3830/1584/2465
f 3830/1584/2466 3831/1585/2467 3832/1583/2156
f 3832/1583/2156 3831/1585/2467 3833/1586/2468
f 3834/1587/2469 3833/1586/2468 3831/1585/2467
f 3834/1587/2469 3835/1588/2470 3836/1589/2471
f 3835/1588/2470 3834/1587/2469 3837/1590/2472
f 3831/1585/2467 3837/1590/2472 3834/1587/2469
f 3837/1590/2472 3831/1585/2467 3838/1540/2473
f 3838/1540/2473 3839/1541/2474 3837/1590/2472
f 3840/1588/2470 3841/1590/2475 3839/1541/2474
f 3839/1541/2474 3842/1591/2476 3840/1588/2470
f 3843/1592/2477 3844/1588/2470 3842/1591/2478
f 3842/1591/2478 3845/1593/2479 3843/1592/2477
f 3846/1371/2480 3831/1585/2467 3847/1584/2466
f 3831/1585/2467 3846/1371/2480 3848/1540/2481
f 3849/434/640 3846/1371/2482 3850/677/974
f 3850/677/974 3846/1371/2482 3851/1584/2483
f 3852/1594/2484 3853/1580/2485 3854/1595/2486
f 3855/1368/2013 3856/1596/2487 3857/1369/2488
f 3856/1596/2487 3855/1368/2013 3858/1431/2190
f 3859/1597/2489 3858/1431/2190 3860/1045/2490
f 3858/1431/2190 3859/1597/2489 3861/1598/2491
f 3862/1599/2492 3863/1580/2485 3864/1594/2493
f 3863/1580/2485 3862/1599/2492 3865/1581/2463
f 3866/1296/2494 3867/481/1369 3868/1600/2495
f 3869/1477/2278 3870/1601/2496 3871/1478/2497
f 3870/1601/2496 3869/1477/2278 3872/1602/2498
f 3873/1501/2499 3874/1383/2500 3875/1496/2324
f 3874/1383/2500 3873/1501/2499 3876/1603/2501
f 3877/1499/1457 3878/1496/2502 3874/1383/2503
f 3874/1383/2503 3879/1385/2504 3877/1499/1457
f 3880/1499/2505 3879/1385/2504 3881/1604/2506
f 3879/1385/2504 3882/787/2094 3881/1604/2506
f 3883/1605/2507 3884/1606/2508 3885/1607/2509
f 3886/1482/2510 3887/1492/2315 3888/1483/2511
f 3887/1492/2315 3886/1482/2510 3889/1608/2512
f 3889/1608/2513 3890/1088/2291 3891/1609/2514
f 3890/1088/2291 3889/1608/2513 3892/1482/2510
f 3893/1459/2248 3894/1457/2515 3895/1458/2244
f 3894/1457/2515 3893/1459/2248 3896/1610/2516
f 3897/1611/2517 3893/1459/2248 3898/1292/2246
f 3893/1459/2248 3897/1611/2517 3899/1612/2518
f 3899/1612/2519 3896/1610/2516 3900/1459/2520
f 3896/1610/2516 3899/1612/2519 3901/1613/2521
f 3899/1612/2519 3902/1614/2522 3901/1613/2521
f 3902/1614/2522 3899/1612/2519 3903/1611/2517
f 3901/1613/2523 3904/1615/2524 3905/1616/2525
f 3904/1615/2524 3901/1613/2523 3906/1614/2522
f 3907/1617/1979 3908/1618/2526 3909/1619/2527
f 3910/1538/2120 3909/1619/2527 3908/1618/2526
f 3911/1620/2528 3912/1621/2302 3913/1508/2529
f 3912/1621/2302 3914/1300/2304 3913/1508/2529
f 3915/1106/1668 3916/996/1355 3917/1622/2530
f 3918/994/2531 3917/1622/2530 3916/996/1355
f 3919/1623/2532 3920/1547/2533 3921/1624/2534
f 3921/1624/2534 3920/1547/2533 3922/1546/2224
f 3923/1625/2535 3924/1626/2536 3925/1627/2537
f 3924/1626/2536 3923/1625/2535 3926/1628/2538
f 3927/1288/2385 3928/1536/2539 3929/1507/2540
f 3927/1288/2385 3929/1507/2540 3930/1506/2541
f 3931/1469/2261 3932/1468/2542 3933/1629/1720
f 3934/1630/2543 3935/1631/2544 3936/1632/2545
f 3935/1631/2544 3934/1630/2543 3937/1633/2546
f 3938/1627/2547 3939/1634/2548 3940/1635/2549
f 3938/1627/2547 3940/1635/2549 3941/1625/2550
f 3942/1413/2551 3943/1396/2118 3944/1344/2036
f 3943/1396/2118 3942/1413/2551 3945/1415/2154
f 3946/1636/2552 3947/1637/2553 3948/1638/2524
f 3948/1638/2524 3949/1639/2545 3946/1636/2552
f 3950/1640/2554 3951/1624/2534 3952/1641/2555
f 3951/1624/2534 3950/1640/2554 3953/1623/2532
f 3954/1642/2362 3955/1561/2556 3956/1560/2424
f 3955/1561/2556 3954/1642/2362 3957/1643/2359
f 3958/1626/2557 3959/1644/2558 3960/1645/2222
f 3959/1644/2558 3958/1626/2557 3961/1628/2538
f 3962/1646/2559 3963/1387/2560 3964/1471/2561
f 3963/1387/2560 3962/1646/2559 3965/1647/2562
f 3966/1471/2265 3967/1648/2563 3968/1649/2564
f 3967/1648/2563 3966/1471/2265 3969/1184/1791
f 3970/1364/2565 3971/1552/2415 3972/1289/1958
f 3971/1552/2415 3970/1364/2565 3973/1650/2566
f 3974/1557/2567 3975/1651/2568 3976/1556/2420
f 3975/1651/2568 3977/1412/2376 3976/1556/2420
f 3978/1652/2569 3979/1653/2570 3980/1654/2571
f 3980/1654/2571 3981/1655/2572 3978/1652/2569
f 3982/1656/2573 3983/1657/2574 3984/1658/2546
f 3983/1657/2574 3985/1636/2575 3984/1658/2546
f 3986/1659/2576 3987/1660/2577 3988/1518/2578
f 3987/1660/2577 3989/1516/2579 3988/1518/2578
f 3990/1660/2577 3638/1519/2580 3989/1516/2581
f 3991/1661/2582 3990/1660/2583 3992/1659/2584
f 3990/1660/2583 3991/1661/2582 3993/1662/2585
f 3638/1519/2580 3990/1660/2577 3994/1663/2586
f 3994/1663/2586 3995/1124/1690 3638/1519/2580
f 3995/1124/1690 3994/1663/2586 3996/1125/1692
f 3997/1328/2587 3998/1128/2588 3996/1125/1692
f 3999/1331/2017 3997/1328/2587 3996/1125/1692
f 4000/1125/1692 4001/1664/2589 3999/1331/2017
f 4000/1125/1692 3994/1663/2590 4001/1664/2589
f 4002/1128/2588 3997/1328/2587 4003/1055/1569
f 4003/1055/1569 4004/971/1568 4002/1128/2588
f 4005/1665/2591 3994/1663/2592 4006/1660/2577
f 3994/1663/2592 4005/1665/2591 4007/1664/2589
f 4007/1664/2589 4005/1665/2591 4008/1332/2593
f 4008/1332/2593 4009/1331/2594 4007/1664/2589
f 4010/1660/2583 4011/1662/2595 4005/1665/2596
f 4011/1662/2595 4012/1666/2597 4005/1665/2596
f 4013/1667/2598 4014/1665/2596 4012/1666/2597
f 4014/1665/2596 4013/1667/2598 4015/1332/2593
f 4015/1332/2593 4016/1668/2599 4017/1329/2014
f 4016/1668/2599 4015/1332/2593 4018/1667/2598
f 4019/1486/2298 4020/1329/2014 4016/1668/2600
f 4020/1329/2014 4019/1486/2298 4021/1330/2297
f 4018/1667/2598 4022/1669/2601 4023/1668/2599
f 4022/1669/2601 4024/1652/2602 4023/1668/2599
f 4022/1669/2603 4025/1670/2604 4026/1671/2605
f 4025/1670/2604 4022/1669/2603 4027/1672/2606
f 4028/1671/2607 4024/1652/2569 4029/1669/2601
f 4024/1652/2569 4028/1671/2607 4030/1653/2570
f 4031/1655/2608 4032/1668/2609 4024/1652/2602
f 4032/1668/2609 4031/1655/2608 4033/1486/2610
f 4034/1654/2571 4035/1673/2611 4031/1655/2612
f 4031/1655/2612 4035/1673/2611 4036/1674/2613
f 4037/1146/2614 4038/1485/2443 4036/1674/2613
f 4038/1485/2443 4037/1146/2614 4039/1484/2615
f 4040/1486/2610 4041/1674/2613 4038/1485/2443
f 4041/1674/2613 4040/1486/2610 4042/1655/2616
f 4043/975/2136 4044/1484/2617 4037/1146/1729
f 4044/1484/2617 4043/975/2136 4045/976/2618
f 4046/1494/2317 4047/1675/2619 4048/1542/2620
f 4047/1675/2619 4046/1494/2317 4049/1493/2316
f 4050/1676/2621 4051/1636/2622 4052/1657/2574
f 4051/1636/2622 4050/1676/2621 4053/1637/2553
f 4054/1045/2490 4055/1279/2623 4056/1597/2489
f 4055/1279/2623 4054/1045/2490 4057/1044/1933
f 4058/1552/2415 4059/1597/2624 4055/1279/2414
f 4059/1597/2624 4058/1552/2415 4060/1677/2625
f 4061/1086/2626 4062/1609/2514 4063/1088/2291
f 4062/1609/2514 4061/1086/2626 4064/1571/2442
f 4065/1107/1669 4066/1131/1700 4067/1108/2627
f 4066/1131/1700 4068/65/1370 4069/1108/1670
f 4069/1108/1670 4068/65/1370 4070/64/2628
f 4071/1644/2629 4072/1678/2630 4073/1645/2631
f 4073/1645/2631 4072/1678/2630 4074/1679/2632
f 4075/1680/2633 4076/1605/2507 4077/1607/2634
f 4078/1681/2555 4079/1619/2635 4080/1682/2636
f 4079/1619/2635 4078/1681/2555 4081/1617/1979
f 4082/954/1368 4083/1600/2495 4084/481/1369
f 4085/1547/2533 4086/1517/2637 4087/1522/2638
f 4086/1517/2637 4085/1547/2533 4088/1623/2532
f 4089/1561/2556 4090/1643/2359 4091/1562/2639
f 4090/1643/2359 4092/1683/2640 4091/1562/2639
f 4093/1684/2641 4094/1595/2486 4095/1580/2485
f 4096/1653/2642 4097/1630/2643 4098/1632/2644
f 4098/1632/2644 4099/1654/2645 4096/1653/2642
f 4100/1685/2646 4101/1654/2571 4098/1632/2644
f 4101/1654/2571 4100/1685/2646 4102/1673/2611
f 4103/1363/2059 4104/1464/2647 4105/1686/2648
f 4104/1464/2647 4103/1363/2059 4106/1392/2110
f 4107/1687/2649 4108/1688/2650 4109/1689/2651
f 4110/1690/2652 4111/1691/2653 4112/1692/2654
f 4111/1691/2653 4110/1690/2652 4113/1693/2655
f 4114/1694/2656 4113/1693/2655 4115/1081/2657
f 4116/1080/1616 4114/1694/2656 4115/1081/2657
f 4114/1694/2658 4117/1695/2659 4118/1693/2660
f 4117/1695/2659 4114/1694/2658 4119/1696/2661
f 4120/1697/1897 4119/1696/2661 4114/1694/2658
f 4121/978/1419 4120/1697/1897 4114/1694/2658
f 4114/1694/2662 4122/1078/2663 4123/978/1419
f 4122/1078/2663 4114/1694/2662 4124/1080/1613
f 4125/1146/1729 4126/1344/2036 4127/1024/1727
f 4126/1344/2036 4125/1146/1729 4128/1413/2551
f 4129/1685/2664 4130/1413/2551 4125/1146/2665
f 4130/1413/2551 4129/1685/2664 4131/1414/2153
f 4132/1674/2666 4129/1685/2646 4133/1146/2614
f 4129/1685/2646 4132/1674/2666 4134/1673/2611
f 4135/1685/2646 4136/1557/2667 4131/1414/2668
f 4136/1557/2667 4135/1685/2646 4137/1632/2669
f 4138/1369/2670 4139/1591/2671 4140/1541/2672
f 4139/1591/2671 4138/1369/2670 4141/1596/2487
f 4142/1440/2673 4143/1698/2563 4144/1543/1791
f 4143/1698/2563 4142/1440/2673 4145/1699/2674
f 4146/1428/2675 4147/1700/2676 4148/1701/2677
f 4147/1700/2676 4146/1428/2675 4149/1564/2427
f 4150/1702/2678 4151/1426/2679 4146/1428/2675
f 4151/1426/2679 4150/1702/2678 4152/1703/2680
f 4153/1704/2681 4154/1538/2682 4155/1537/2683
f 4154/1538/2682 4153/1704/2681 4156/1619/2684
f 4157/1686/2648 4158/1705/2685 4159/1650/2686
f 4160/1706/2687 4159/1650/2686 4158/1705/2685
f 4161/1707/1089 4162/1708/2688 4163/1709/2689
f 4164/1707/1227 4163/1709/2690 4165/1710/2691
f 4166/1711/1141 4167/1707/1089 4165/1710/2692
f 4168/1707/2693 4169/1712/1841 4162/1708/2694
f 4162/1708/2694 4170/1713/1687 4171/1714/2695
f 4170/1713/1687 4162/1708/2694 4172/1712/2696
f 4173/1715/2697 4174/1605/2698 4175/1680/2633
f 4176/1716/2699 4177/1688/2700 4178/1687/2701
f 4179/1717/2702 4180/1718/2703 4181/1719/1928
f 4182/1720/2704 4183/1721/2705 4184/1722/2706
f 4183/1721/2705 4182/1720/2704 4185/1723/2493
f 4186/1262/2180 4187/1724/2707 4188/1725/2708
f 4187/1724/2707 4186/1262/2180 4189/1408/2709
f 4190/1564/2427 4191/1457/2710 4192/1700/2676
f 4191/1457/2710 4190/1564/2427 4193/1294/2711
f 4194/1726/2712 4195/1727/2713 4196/1728/2714
f 4195/1727/2713 4197/1502/1710 4196/1728/2714
f 4198/1729/2285 4199/1730/2715 4200/1731/2716
f 4199/1730/2715 4198/1729/2285 4201/1732/2717
f 4202/1733/2718 4203/1679/2632 4204/1678/2719
f 4203/1679/2632 4202/1733/2718 4205/1513/2720
f 4206/1605/2507 4207/1734/2721 4208/1606/2508
f 4209/1596/2722 4210/1431/2190 4211/1735/2723
f 4210/1431/2190 4212/1598/2491 4211/1735/2723
f 4213/1168/2724 4214/1736/2725 4215/1433/2318
f 4214/1736/2725 4213/1168/2724 4216/1737/2230
f 4217/1730/2715 4218/1738/2528 4219/1739/2726
f 4218/1738/2528 4217/1730/2715 4220/1732/2717
f 4221/921/2727 4222/1740/2728 4223/1064/2729
f 4222/1740/2728 4221/921/2727 4224/1741/2730
f 4225/1647/2562 4226/1388/2104 4227/1387/2560
f 4226/1388/2104 4225/1647/2562 4228/1742/2731
f 4229/1743/2732 4230/1601/2496 4231/1731/2733
f 4230/1601/2496 4232/1729/2314 4231/1731/2733
f 4233/1744/2734 4234/1539/2712 4235/1745/2735
f 4234/1539/2712 4233/1744/2734 4236/1746/2713
f 4237/1702/2678 4238/1701/2677 4239/1747/2736
f 4238/1701/2677 4237/1702/2678 4240/1428/2187
f 4241/1748/2737 4242/1511/2738 4243/1513/2720
f 4242/1511/2738 4241/1748/2737 4244/1537/2390
f 4245/1749/2739 4246/1640/2740 4247/1750/2741
f 4246/1640/2740 4245/1749/2739 4248/1623/2532
f 4249/1505/2742 4250/1529/2743 4251/1504/2330
f 4250/1529/2743 4249/1505/2742 4252/1751/2744
f 4253/1722/2706 4254/1721/2486 4255/1752/2745
f 4256/1277/1928 4257/1753/2746 4258/1148/1738
f 4259/1388/2104 4260/1742/2747 4261/1745/2735
f 4259/1388/2104 4261/1745/2735 4262/1423/2165
f 4263/1754/2748 4264/1755/2749 4265/1756/2750
f 4266/1757/2751 4265/1756/2750 4264/1755/2749
f 4266/1757/2751 4267/1758/2752 4265/1756/2750
f 4265/1756/2750 4268/1759/2753 4263/1754/2748
f 4269/1760/2754 4268/1759/2753 4265/1756/2750
f 4269/1760/2754 4265/1756/2750 4270/1758/2752
f 4271/1761/2755 4272/1762/2756 4268/1759/2757
f 4271/1761/2755 4268/1759/2757 4273/1760/2758
f 4271/1761/2755 4274/1763/2759 4272/1762/2756
f 4274/1763/2759 4271/1761/2755 4275/1764/2760
f 4276/1763/2761 4277/1765/2762 4272/1762/2763
f 4277/1765/2762 4276/1763/2761 4278/1766/2764
f 4279/1267/2765 4280/1766/2764 4274/1763/2766
f 4281/1767/2130 4280/1766/2764 4279/1267/2765
f 4282/1154/2767 4283/1763/2766 4275/1764/2768
f 4282/1154/2767 4284/1267/1910 4283/1763/2766
f 4285/1768/2769 4286/1764/2770 4271/1761/2755
f 4285/1768/2769 4271/1761/2755 4287/1769/2771
f 4288/1768/2772 4289/1154/1752 4286/1764/2773
f 4289/1154/1752 4288/1768/2772 2708/1005/1753
f 4287/1769/2771 4271/1761/2755 4273/1760/2758
f 4287/1769/2771 4273/1760/2758 4290/1770/2774
f 4290/1770/2774 4273/1760/2758 4291/1758/2775
f 4290/1770/2774 4291/1758/2775 4292/1751/2744
f 4293/1156/2776 4287/1769/2771 4290/1770/2774
f 4287/1769/2771 4293/1156/2776 4294/1155/2777
f 4294/1155/2777 4295/1768/2778 4287/1769/2771
f 4295/1768/2778 4294/1155/2777 4296/1157/2779
f 4297/1770/2780 4298/1505/2742 4293/1156/2332
f 4298/1505/2742 4297/1770/2780 4299/1751/2781
f 4296/1157/2779 4300/1005/1484 4301/1768/2782
f 4300/1005/1484 4296/1157/2779 4302/790/1137
f 4303/1771/2783 4291/1758/2775 4304/1757/2784
f 4291/1758/2775 4303/1771/2783 4305/1751/2744
f 4303/1771/2783 4306/1772/2785 4307/1751/2744
f 4306/1772/2785 4303/1771/2783 4308/1773/2786
f 4309/1774/2787 4310/1675/2619 4311/1493/2788
f 4309/1774/2787 4311/1493/2788 4312/1492/2315
f 4313/1689/2789 4314/1720/2704 4315/1722/2790
f 4316/1518/2348 4317/1623/2791 4318/1659/2792
f 4317/1623/2791 4316/1518/2348 4319/1517/2637
f 4320/1749/2739 4321/1775/2793 4317/1623/2794
f 4321/1775/2793 4320/1749/2739 4322/1776/2795
f 4323/1677/2625 4324/1552/2415 4325/1706/2796
f 4324/1552/2415 4326/1650/2566 4325/1706/2796
f 4327/1693/2797 4328/1777/2798 4329/1691/2799
f 4328/1777/2798 4327/1693/2797 4330/1695/2800
f 4331/1778/2309 4332/1779/2801 4333/1780/2311
f 4334/1676/2802 4335/1781/2516 4336/1782/2523
f 4334/1676/2802 4336/1782/2523 4337/1637/2553
f 4338/1676/2803 4339/1783/2804 4335/1781/2516
f 4339/1783/2804 4338/1676/2803 4340/1784/2805
f 4341/1775/2793 4342/1785/2806 4343/1623/2791
f 4342/1785/2806 4341/1775/2793 4344/1786/2807
f 4345/1690/2808 4346/1081/2657 4347/1693/2809
f 4346/1081/2657 4345/1690/2808 4348/1571/2442
f 4349/1787/2810 4345/1690/2811 4350/1692/2654
f 4349/1787/2810 4350/1692/2654 4351/1788/2812
f 4352/1789/2813 4353/1790/2641 4354/1791/2464
f 4354/1791/2464 4353/1790/2641 4355/1792/2814
f 4356/1423/2815 4357/1745/2735 4358/1539/2712
f 4356/1423/2815 4358/1539/2712 4359/1160/2413
f 4360/1682/2636 4361/1704/2816 4362/1793/2817
f 4361/1704/2816 4360/1682/2636 4363/1619/2527
f 4364/1525/2367 4365/12/2818 4366/11/2
f 4367/1794/2819 4368/1715/2697 4369/1795/2492
f 4369/1795/2492 4370/1796/2493 4367/1794/2819
f 4369/1795/2820 4371/1715/2697 4372/1680/2633
f 4373/1797/2821 4374/1781/2822 4375/1783/2804
f 4374/1781/2822 4373/1797/2821 4376/1798/2515
f 4377/1586/2468 4378/1799/2823 4379/1583/2156
f 4378/1799/2823 4377/1586/2468 4380/1800/2824
f 4381/1801/2825 4382/1802/2826 4383/1803/2827
f 4384/1804/2828 4383/1803/2827 4382/1802/2826
f 4385/1805/2829 4381/1801/2825 4383/1803/2827
f 4381/1801/2825 4385/1805/2829 4386/1806/2830
f 4387/1807/2831 4386/1806/2830 4388/1805/2829
f 4389/1808/2832 4387/1807/2831 4388/1805/2829
f 4389/1808/2832 4390/1809/2833 4391/1807/2831
f 4389/1808/2832 4392/1195/2834 4390/1809/2833
f 4393/1810/2835 4392/1195/2834 4389/1808/2832
f 4392/1195/2834 4393/1810/2835 4394/1194/2836
f 4393/1810/2835 4395/1811/2837 4394/1194/2836
f 4396/1196/2838 4394/1194/2836 4395/1811/2837
f 4395/1811/2837 4397/462/678 4396/1196/2838
f 4397/462/678 4395/1811/2837 4398/460/2839
f 4399/1805/2840 4400/1812/2841 4389/1808/2832
f 4400/1812/2841 4399/1805/2840 4401/1813/2842
f 4402/1803/2843 4403/1813/2842 4388/1805/2844
f 4403/1813/2842 4402/1803/2843 4404/1814/2845
f 4405/1815/2846 4402/1803/2847 4406/1804/2828
f 4402/1803/2847 4405/1815/2846 4407/1814/2848
f 4408/1364/2060 4409/1686/2648 4410/1650/2566
f 4409/1686/2648 4408/1364/2060 4411/1363/2059
f 4412/1748/2849 4413/1733/2718 4414/1816/2850
f 4412/1748/2849 4415/1513/2720 4413/1733/2718
f 4416/1478/2434 4417/1743/2732 4418/1566/2851
f 4417/1743/2732 4416/1478/2434 4419/1601/2496
f 4420/1433/2196 4421/1817/2852 4422/999/2853
f 4421/1817/2852 4420/1433/2196 4423/1736/2854
f 4424/1384/2092 4425/1448/2226 4426/1326/2011
f 4425/1448/2226 4427/1327/2012 4426/1326/2011
f 4424/1384/2855 4428/1603/2856 4429/1818/2857
f 4428/1603/2856 4424/1384/2855 4430/1383/2858
f 4431/1689/2789 4432/1722/2706 4433/1687/2859
f 4434/800/1154 4435/1819/2860 4436/1820/2197
f 4436/1820/2197 4437/801/2861 4434/800/1154
f 4438/1821/2862 4439/1822/2704 4440/1823/2863
f 4438/1821/2862 4441/1794/2819 4442/1822/2704
f 4441/1794/2819 4443/1796/2493 4442/1822/2704
f 4444/1359/2864 4445/1542/2620 4446/1475/2865
f 4445/1542/2620 4447/1824/2866 4446/1475/2865
f 4448/1825/2867 4449/1572/2447 4450/1826/2868
f 4449/1572/2447 4448/1825/2867 4451/1573/2869
f 4452/1827/2870 4451/1573/2869 4448/1825/2867
f 4453/1574/2449 4451/1573/2869 4452/1827/2870
f 4450/1826/2868 4454/1572/2445 4455/1476/2274
f 4454/1572/2445 4456/951/2871 4455/1476/2274
f 4457/1575/2872 4453/1574/2452 4458/1828/2873
f 4458/1828/2873 4453/1574/2452 4459/1827/2870
f 4460/1575/2872 4458/1828/2873 4461/1829/2874
f 4462/1576/2875 4460/1575/2872 4461/1829/2874
f 4463/1687/2876 4464/1722/2706 4465/1752/2745
f 4466/1830/2877 4467/1831/1720 4468/1832/2878
f 4469/1787/2879 4470/1571/2442 4471/1690/2652
f 4470/1571/2442 4469/1787/2879 4472/1609/2514
f 4473/1833/2880 4472/1609/2514 4474/1787/2881
f 4472/1609/2514 4473/1833/2880 4475/1608/2882
f 4476/1774/2787 4475/1608/2882 4473/1833/2880
f 4475/1608/2882 4476/1774/2787 4477/1492/2315
f 4478/1834/2883 4479/1503/2884 4480/1835/2885
f 4479/1503/2884 4478/1834/2883 4481/1836/2886
f 4482/1453/2887 4483/1837/2888 4484/1838/2883
f 4482/1453/2887 4484/1838/2883 4485/1430/2885
f 4486/1836/2886 4487/1464/2647 4488/1503/2889
f 4487/1464/2647 4486/1836/2886 4489/1686/2648
f 4490/1839/2890 4491/1840/2891 4492/1841/2798
f 4491/1840/2891 4490/1839/2890 4493/1842/2892
f 4494/1278/2893 4495/1724/2894 4496/1408/2895
f 4495/1724/2894 4494/1278/2893 4497/1843/2896
f 4498/1844/2897 4499/1845/2898 4500/1821/2899
f 4501/1823/2900 4498/1844/2901 4502/1821/2862
f 4503/999/1932 4504/1843/2896 4505/1278/2893
f 4504/1843/2896 4503/999/1932 4506/1817/2902
f 4507/1846/2903 4508/1469/2904 4509/1629/1720
f 4510/1536/2539 4511/1772/2905 4512/1847/2906
f 4510/1536/2539 4512/1847/2906 4513/1507/2907
f 4514/1529/2743 4511/1772/2785 4515/1536/2539
f 4514/1529/2743 4516/1751/2744 4511/1772/2785
f 4517/1848/2908 4518/1849/2909 4519/1790/2641
f 4518/1849/2909 4517/1848/2908 4520/1850/2745
f 4521/1851/2910 4522/1440/2208 4523/1439/2911
f 4522/1440/2208 4521/1851/2910 4524/1699/2674
f 4525/1507/2907 4526/1847/2912 4527/1837/2913
f 4525/1507/2907 4527/1837/2913 4528/1453/2887
f 4529/1418/2914 4530/1852/2915 4531/1416/2155
f 4530/1852/2915 4529/1418/2914 4532/1853/2916
f 4532/1853/2916 4533/1854/2917 4530/1852/2915
f 4533/1854/2917 4532/1853/2916 4534/1855/2918
f 4533/1854/2917 4534/1855/2918 4535/1856/2919
f 4533/1854/2917 4535/1856/2919 4536/1857/2920
f 4537/1670/2921 4538/1858/2922 4028/1671/2923
f 4538/1858/2922 4537/1670/2921 4539/1859/2924
f 4539/1859/2924 4540/1860/2925 4538/1858/2922
f 4540/1860/2925 4539/1859/2924 4541/1861/2926
f 4542/1671/2607 4538/1858/2922 4543/1630/2927
f 4542/1671/2607 4543/1630/2927 4544/1653/2570
f 4545/1862/2928 4546/1863/2929 4538/1858/2930
f 4547/1860/2925 4545/1862/2928 4538/1858/2930
f 4548/1633/2546 4549/1858/2922 4546/1863/2931
f 4550/1630/2932 4549/1858/2922 4548/1633/2546
f 4551/1864/2933 4552/1862/2928 4547/1860/2925
f 4547/1860/2925 4553/1865/2934 4551/1864/2933
f 4554/1662/2935 4555/1866/2936 4556/1666/2937
f 4555/1866/2936 4027/1672/2606 4556/1666/2937
f 4027/1672/2938 4557/1859/2939 4558/1670/2604
f 4557/1859/2939 4027/1672/2938 4559/1866/2936
f 4027/1672/2940 4560/1669/2603 4561/1667/2598
f 4562/1666/2937 4027/1672/2940 4561/1667/2598
f 4563/507/748 4564/1867/2941 4565/505/747
f 4566/507/748 4567/1071/1596 4564/1867/2941
f 4568/1071/1596 4569/1434/2942 4564/1867/2943
f 4570/1434/2944 4571/1868/2945 4564/1867/2946
f 4570/1434/2947 4572/1869/2948 4573/1868/2949
f 4572/1869/2948 4574/1870/2950 4573/1868/2949
f 4575/1871/2721 4576/1872/2951 4577/1873/2952
f 4578/1874/2677 4579/1783/2804 4580/1875/2953
f 4579/1783/2804 4578/1874/2677 4581/1797/2821
f 4582/1876/2954 4583/1877/2955 4584/1878/2956
f 4584/1878/2956 4585/1879/2957 4582/1876/2954
f 4586/1880/2958 4584/1878/2959 4587/1881/2960
f 4588/1882/2961 4584/1878/2959 4586/1880/2958
f 4589/1565/2962 4584/1878/2963 4590/1882/2961
f 4590/1882/2961 4591/1567/2964 4589/1565/2962
f 4588/1882/2965 4592/1568/2966 4591/1567/2964
f 4592/1568/2966 4588/1882/2965 4593/1883/2967
f 4593/1883/2967 4588/1882/2965 4594/1880/2968
f 4595/1884/2969 4593/1883/2967 4594/1880/2968
f 4596/1565/2962 4597/1879/2970 4584/1878/2971
f 4597/1879/2970 4596/1565/2962 4598/1566/2435
f 4599/1883/2967 4600/1570/2441 4592/1568/2439
f 4600/1570/2441 4599/1883/2967 4601/1885/2972
f 4602/1885/2972 4603/1334/2973 4600/1570/2974
f 4603/1334/2973 4602/1885/2972 4604/1886/2972
f 4605/1886/2972 4606/1337/2975 4603/1334/2973
f 4606/1337/2975 4605/1886/2972 4607/1887/2976
f 4607/1887/2977 4608/1034/1529 4609/1337/2975
f 4608/1034/1529 4607/1887/2977 4610/1741/2978
f 4611/921/2727 4612/1034/1529 4610/1741/2979
f 4611/921/2727 4613/920/1428 4612/1034/1529
f 4614/800/2980 4615/1000/2981 4616/1819/2860
f 4617/1888/2982 4618/1553/2983 4619/1219/1851
f 4619/1219/1851 4620/1577/2984 4617/1888/2982
f 4621/1889/2564 4622/1890/2985 4623/1891/2986
f 4623/1891/2986 4624/1892/2561 4621/1889/2564
f 4625/1132/2987 4626/1107/2988 4627/1893/2989
f 4626/1107/2988 4625/1132/2987 4628/1131/2990
f 4629/1894/2736 4630/1875/2953 4631/1895/2991
f 4630/1875/2953 4629/1894/2736 4632/1874/2992
f 4633/1896/2993 4634/1706/2994 4635/1897/2995
f 4634/1706/2994 4636/1705/2996 4635/1897/2995
f 4637/1677/2625 4634/1706/2997 4638/1896/2998
f 4639/1898/2999 4637/1677/2625 4638/1896/2998
f 4640/1899/3000 4641/1812/2841 4642/1813/2842
f 4640/1899/3000 4642/1813/2842 4643/1814/3001
f 4644/1814/3001 4645/1900/2762 4640/1899/3002
f 4645/1900/2762 4644/1814/3001 4646/1815/3003
f 4647/1815/3004 4648/1901/3005 4645/1900/2762
f 4648/1901/3005 4647/1815/3004 4649/1902/3006
f 4650/1903/3007 4651/1901/3005 4649/1902/3008
f 4651/1901/3005 4650/1903/3007 4652/1904/3009
f 4653/1808/3010 4641/1812/2841 4654/1405/2131
f 4655/1899/3011 4654/1405/2131 4641/1812/2841
f 4654/1405/2131 4655/1899/3011 4656/1403/3012
f 4657/1406/3013 4653/1808/3010 4654/1405/2131
f 4658/1810/2835 4653/1808/3010 4657/1406/3013
f 4657/1406/3013 4659/1551/2053 4658/1810/2835
f 4660/1811/2837 4658/1810/2835 4659/1551/2053
f 4659/1551/2053 4661/1905/3014 4660/1811/2837
f 4655/1899/3015 4662/1900/2762 4663/1906/3016
f 4655/1899/3015 4663/1906/3016 4664/1403/3012
f 4665/1907/3017 4666/1811/2837 4661/1905/3018
f 4665/1907/3017 4667/460/2839 4666/1811/2837
f 4668/1474/2272 4669/1620/2528 4670/1508/2340
f 4669/1620/2528 4668/1474/2272 4671/1908/3019
f 4672/1909/3020 4673/1910/3021 4674/1911/2085
f 4672/1909/3020 4674/1911/2085 4675/1912/2084
f 4676/1913/1851 4677/1785/2806 4678/1786/3022
f 4677/1785/2806 4676/1913/1851 4679/1866/3023
f 4680/1775/3024 4681/1914/3025 4682/1786/2807
f 4681/1914/3025 4683/1913/3026 4682/1786/2807
f 4684/1775/3027 4685/1915/3028 4681/1914/3029
f 4685/1915/3028 4684/1775/3027 4686/1776/2795
f 4687/1659/2576 4688/1785/3030 4689/1661/2582
f 4688/1785/3030 4687/1659/2576 4690/1623/3031
f 4691/1916/3032 4692/1784/3033 4693/1676/2803
f 4691/1916/3032 4693/1676/2803 4694/1657/3034
f 4695/1917/2876 4696/1850/2745 4697/1848/3035
f 4698/1824/3036 4699/1474/3037 4700/1475/3038
f 4699/1474/3037 4698/1824/3036 4701/1908/3039
f 4702/1918/3040 4703/1919/3041 4704/1920/3042
f 4703/1919/3041 4702/1918/3040 4705/1921/3043
f 4706/1705/3044 4707/1922/3045 4708/1923/3046
f 4707/1922/3045 4706/1705/3044 4709/1686/2648
f 4710/1924/1471 4711/342/526 4712/1421/3047
f 4713/1842/3048 4714/1925/3049 4715/1926/3050
f 4713/1842/3048 4715/1926/3050 4716/1840/3051
f 4717/1000/1470 4718/1927/3047 4719/1819/2860
f 4720/1925/3052 4721/1921/3053 4722/1928/3054
f 4720/1925/3052 4722/1928/3054 4723/1926/3055
f 4724/1929/3056 4725/1887/3057 4726/1886/3058
f 4726/1886/3058 4727/1930/3059 4724/1929/3056
f 4728/1741/2978 4725/1887/3057 4729/1929/3060
f 4728/1741/2978 4729/1929/3060 4730/1931/3061
f 4731/1553/2423 4732/1932/3062 4733/1933/2150
f 4732/1932/3062 4731/1553/2423 4734/1888/2982
f 4735/1844/3063 4736/1934/3064 4737/1935/3065
f 4738/1823/2651 4739/1934/2650 4735/1844/2901
f 4740/1936/3066 4741/1816/2850 4742/1937/3067
f 4741/1816/2850 4740/1936/3066 4743/1748/3068
f 4744/1596/2722 4745/1735/3069 4746/1591/2478
f 4747/1593/2479 4746/1591/2478 4745/1735/3069
f 4748/1587/3070 4749/1938/3071 4750/1939/2918
f 4749/1938/3071 4748/1587/3070 4751/1589/3072
f 4752/1577/2984 4753/1217/3073 4754/1940/3074
f 4754/1940/3074 4753/1217/3073 4755/1576/2453
f 4756/1941/2468 4534/1855/2918 4757/1853/2824
f 4534/1855/2918 4756/1941/2468 4758/1942/2469
f 4530/1852/2915 4533/1854/2917 4759/1943/3075
f 4760/1857/2920 4759/1943/3075 4533/1854/2917
f 4759/1943/3075 4760/1857/2920 4761/1944/3076
f 4762/1945/3077 4530/1852/2915 4759/1943/3075
f 4762/1945/3077 4763/1416/2155 4530/1852/2915
f 4763/1416/2155 4762/1945/3077 4764/1946/3078
f 4765/898/1448 4763/1416/2155 4764/1946/3078
f 4765/898/1448 4766/795/1146 4763/1416/2155
f 4767/1947/3079 4762/1945/3077 4768/1948/3080
f 4767/1947/3079 4769/1946/3081 4762/1945/3077
f 4759/1943/3075 4770/1948/3080 4762/1945/3077
f 4759/1943/3075 4771/1944/3082 4772/1949/3083
f 4773/1950/3084 4759/1943/3075 4772/1949/3083
f 4770/1948/3080 4759/1943/3075 4773/1950/3084
f 4774/1944/3085 4775/1951/3086 4772/1949/3087
f 4775/1951/3086 4774/1944/3085 4776/1952/3088
f 4777/1953/3089 4778/1951/3090 4776/1952/3091
f 4778/1951/3090 4777/1953/3089 4779/1954/3092
f 4779/1954/3093 4780/1953/3094 4781/1955/3095
f 4780/1953/3094 4782/1956/3096 4781/1955/3095
f 4773/1950/3084 4783/1807/3097 4770/1948/3080
f 4783/1807/3097 4773/1950/3084 4784/1806/3098
f 4770/1948/3080 4783/1807/3097 4785/1809/2833
f 4784/1806/3098 4773/1950/3084 4786/1801/3099
f 4773/1950/3084 4787/1949/3083 4786/1801/3099
f 4785/1809/2833 4788/1947/3100 4770/1948/3080
f 4789/1195/1817 4790/1947/3100 4785/1809/3101
f 4790/1947/3100 4789/1195/1817 4791/827/3102
f 4788/1947/3100 4792/898/1448 4793/1946/3103
f 4792/898/1448 4788/1947/3100 4794/827/1181
f 4786/1801/3099 4795/1949/3087 4796/1802/3104
f 4795/1949/3087 4797/1951/3105 4796/1802/3104
f 4798/1957/3106 4799/1250/2949 4800/1958/3107
f 4801/1704/2681 4802/1748/3068 4803/1936/3066
f 4802/1748/3068 4801/1704/2681 4804/1537/3108
f 4805/1959/2735 4806/1960/3109 4807/1961/2734
f 4806/1960/3109 4805/1959/2735 4808/1962/2747
f 4809/1442/3110 4810/1963/3111 4811/1439/3112
f 4810/1963/3111 4809/1442/3110 4812/1578/3113
f 4813/1964/3114 4814/1965/1973 4815/1966/3115
f 4816/1780/3116 4817/1779/3117 4818/1967/1949
f 4819/1836/2886 4820/1922/3118 4821/1686/2648
f 4820/1922/3118 4819/1836/2886 4822/1968/3119
f 4823/1924/1087 4824/1421/3047 4825/1969/1470
f 4826/4/3120 4827/342/3121 4823/1924/3122
f 4824/1421/3123 4828/1970/3124 4829/1971/3125
f 4830/1064/1581 4831/1972/3126 4832/1449/2230
f 4831/1972/3126 4830/1064/1581 4833/1740/3127
f 4834/1921/3043 4835/1973/3128 4836/1928/3129
f 4835/1973/3128 4834/1921/3043 4837/1918/3130
f 4838/1974/3131 4839/1865/3132 4840/1861/3133
f 4839/1865/3132 4841/1860/2925 4840/1861/3133
f 4842/1859/3134 4843/1974/3135 4840/1861/2926
f 4843/1974/3135 4842/1859/3134 4844/1866/2936
f 4845/1975/3136 4846/1865/3132 4843/1974/3135
f 4847/1976/3137 4845/1975/3136 4843/1974/3135
f 4848/1977/3138 4849/1644/3139 4850/1628/3140
f 4848/1977/3138 4850/1628/3140 4851/1625/2550
f 4852/1960/3141 4853/1978/3142 4854/1979/3143
f 4853/1978/3142 4852/1960/3141 4855/1980/3144
f 4856/1875/2953 4857/1784/3033 4858/1981/3145
f 4857/1784/3033 4856/1875/2953 4859/1783/2804
f 4860/1913/1851 4861/1976/3146 4862/1866/2936
f 4861/1976/3146 4863/1974/3135 4862/1866/2936
f 4864/1982/3147 4865/1976/3146 4860/1913/1851
f 4866/1914/3148 4864/1982/3147 4860/1913/1851
f 4867/1885/2972 4868/1884/3149 4869/1983/3150
f 4868/1884/3149 4867/1885/2972 4870/1883/2967
f 4869/1983/3150 4871/1886/2972 4867/1885/2972
f 4871/1886/2972 4869/1983/3150 4872/1930/3059
f 4873/1933/3151 4874/1932/3152 4875/1984/3153
f 4873/1933/3151 4875/1984/3153 4876/1985/2457
f 4877/1986/690 4878/1987/3154 4879/1988/1116
f 4880/1989/3155 4881/1657/3034 4882/1656/2573
f 4881/1657/3034 4880/1989/3155 4883/1916/3156
f 4884/1990/3157 4885/1605/2507 4886/1715/2697
f 4887/1991/3158 4888/1865/2934 4889/1975/3136
f 4888/1865/2934 4887/1991/3158 4890/1864/2933
f 4891/1992/3159 4892/1542/3160 4893/1993/3161
f 4892/1542/3160 4891/1992/3159 4894/1824/3162
f 4895/1502/2329 4896/1727/3163 4897/1979/3143
f 4897/1979/3143 4898/1501/2327 4895/1502/2329
f 4899/1961/3164 4900/1979/3143 4896/1727/3163
f 4900/1979/3143 4899/1961/3164 4901/1960/3165
f 4902/1794/2819 4903/1990/3166 4904/1715/2697
f 4903/1990/3166 4902/1794/2819 4905/1845/2898
f 4906/1845/3167 4907/1935/3065 4908/1994/3168
f 4909/1789/3169 4910/1872/3170 4911/1871/3171
f 4912/1995/3172 4913/1789/3169 4911/1871/2721
f 4914/1848/3173 4915/1996/3174 4916/1997/3175
f 4916/1997/3175 4917/1917/2649 4914/1848/3173
f 4918/1790/2641 4919/1995/3172 4915/1996/3174
f 4919/1995/3172 4918/1790/2641 4920/1789/3176
f 4921/1998/3177 4922/1774/2787 4923/1833/2880
f 4922/1774/2787 4921/1998/3177 4924/1999/3178
f 4925/1998/3177 4923/1833/2880 4926/1787/3179
f 4927/1788/3180 4925/1998/3177 4926/1787/3179
f 4928/1999/3181 4929/1675/3182 4922/1774/3183
f 4929/1675/3182 4928/1999/3181 4930/2000/3184
f 4931/1993/3161 4932/1675/3185 4930/2000/3184
f 4932/1675/3185 4931/1993/3161 4933/1542/3160
f 4934/1785/2806 4935/1662/3186 4936/1661/2582
f 4935/1662/3186 4934/1785/2806 4937/1866/3023
f 4938/2001/3187 4939/1914/3029 4940/1915/3188
f 4939/1914/3029 4938/2001/3187 4941/1982/3147
f 4942/1834/2883 4943/1968/3189 4944/1836/2886
f 4943/1968/3189 4942/1834/2883 4945/2002/3190
f 4946/2003/3191 4947/1931/3061 4948/2004/3192
f 4947/1931/3061 4946/2003/3191 4949/2005/3193
f 4950/1972/3126 4951/2005/3194 4946/2003/3195
f 4951/2005/3194 4950/1972/3126 4952/1740/3196
f 4953/1740/3196 4954/1931/3061 4951/2005/3197
f 4954/1931/3061 4953/1740/3196 4955/1741/2730
f 4956/2006/3198 4957/2007/3199 4958/313/462
f 4959/2008/3200 4960/1353/2256 4961/2009/3201
f 4960/1353/2256 4959/2008/3200 4962/1351/2043
f 4963/1816/2850 4964/1977/3202 4965/2010/3203
f 4964/1977/3202 4963/1816/2850 4966/1733/2718
f 4967/1148/1738 4968/1753/3204 4969/1343/2033
f 4970/1895/3205 4971/2011/3206 4972/2012/3207
f 4971/2011/3206 4970/1895/3205 4973/1875/2953
f 4974/1677/2625 4975/1598/3208 4976/1597/3209
f 4975/1598/3208 4974/1677/2625 4977/1898/3210
f 4978/1730/3211 4979/1743/2732 4980/1731/3212
f 4979/1743/2732 4978/1730/3211 4981/2013/3213
f 4982/1773/3214 4983/1847/2906 4984/1772/3215
f 4983/1847/2906 4982/1773/3214 4985/2014/3216
f 4986/1935/3065 4987/1845/3167 4988/1844/3217
f 4989/2015/3218 4990/2016/3219 4991/2017/3220
f 4990/2016/3219 4989/2015/3218 4992/2018/2933
f 4993/2019/3221 4994/2020/3222 4995/2021/3223
f 4994/2020/3222 4993/2019/3221 4996/1793/2741
f 4997/2022/3224 4998/2023/3174 4999/2024/3065
f 5000/1593/2479 5001/1598/3208 5002/1898/3225
f 5001/1598/3208 5000/1593/2479 5003/1735/3226
f 5004/2011/3206 5005/1981/3145 5006/2025/3227
f 5005/1981/3145 5004/2011/3206 5007/1875/2953
f 5008/1704/3228 5009/2020/3229 5010/1793/2741
f 5009/2020/3229 5008/1704/3228 5011/1936/3230
f 5012/1439/2911 5013/1963/3111 5014/2026/3231
f 5012/1439/2911 5014/2026/3231 5015/1851/2910
f 5016/2027/3232 5017/1581/3233 5018/1599/2492
f 5017/1581/3233 5016/2027/3232 5019/2028/3234
f 5020/2020/3229 5021/1936/3230 5022/2029/3235
f 5020/2020/3229 5022/2029/3235 5023/2030/3236
f 5024/1937/3237 5025/2029/3235 5021/1936/3066
f 5025/2029/3235 5024/1937/3237 5026/2031/3238
f 5027/1960/3165 5028/1962/2747 5029/1980/3239
f 5028/1962/2747 5030/2032/3240 5029/1980/3239
f 5031/1962/2747 5032/2033/3241 5030/2032/3240
f 5032/2033/3241 5031/1962/2747 5033/2034/3242
f 5034/2034/2562 5035/1890/3243 5032/2033/3241
f 5035/1890/3243 5034/2034/2562 5036/1891/3244
f 5037/1848/2908 5038/1790/3245 5039/1996/3174
f 5040/2015/3218 5041/1981/3246 5042/1784/3033
f 5040/2015/3218 5042/1784/3033 5043/1916/3247
f 5044/2035/3248 5045/2036/3065 5046/2037/3064
f 5047/2038/3249 5048/1625/2550 5049/1635/2680
f 5048/1625/2550 5047/2038/3249 5050/1977/3138
f 5051/2025/3227 5052/2015/3218 5053/2017/3220
f 5052/2015/3218 5051/2025/3227 5054/1981/3246
f 5055/1996/3250 5056/2039/3251 5057/2040/3065
f 5058/2041/3166 5059/2042/3252 5060/2043/2507
f 5059/2042/3252 5058/2041/3166 5061/2044/3172
f 5062/1916/3156 5063/2018/2933 5064/2015/3218
f 5063/2018/2933 5062/1916/3156 5065/1989/3155
f 5066/2045/3253 5067/2046/3028 5068/2021/3223
f 5068/2021/3223 5069/2047/3254 5066/2045/3253
f 5070/2048/2795 5071/2021/3223 5067/2046/3028
f 5071/2021/3223 5070/2048/2795 5072/2019/3221
f 5073/2049/3255 5074/2050/3256 5075/1287/3257
f 5076/1286/1950 5077/2051/3258 5075/1287/3259
f 5078/1018/1986 5075/1287/3259 5079/1317/1987
f 5075/1287/3257 5080/2050/3256 5081/1317/3260
f 5082/2010/3261 5083/1895/3205 5084/2052/3262
f 5083/1895/3205 5082/2010/3261 5085/1894/3263
f 5082/2010/3203 5086/1937/3264 5087/1816/3265
f 5086/1937/3264 5082/2010/3203 5088/2052/3266
f 5089/1977/3138 5090/1894/3263 5082/2010/3267
f 5090/1894/3263 5089/1977/3138 5091/2038/3249
f 5088/2052/3268 5092/1895/3205 5093/2012/3269
f 5094/2053/3270 5088/2052/3268 5093/2012/3269
f 5095/2031/3271 5096/2052/3268 5094/2053/3272
f 5096/2052/3268 5095/2031/3271 5097/1937/3264
f 5098/1879/3273 5099/1566/2851 5100/1743/3274
f 5098/1879/3273 5100/1743/3274 5101/2013/3213
f 5102/1821/2899 5103/1845/3167 5104/1794/3275
f 5105/1982/3147 5106/2054/3276 5107/2055/3277
f 5106/2054/3276 5105/1982/3147 5108/2001/3278
f 5105/1982/3279 5109/2055/3277 5110/1976/3137
f 5109/2055/3277 5111/1975/3136 5110/1976/3137
f 5112/2056/3280 5113/1972/3281 5114/2057/3042
f 5113/1972/3281 5115/2003/3282 5114/2057/3042
f 5115/2003/3283 5116/2004/3284 5117/2057/3285
f 5116/2004/3284 5118/2058/365 5117/2057/3285
f 5119/2059/3286 5120/1932/3287 5121/1940/3074
f 5120/1932/3287 5119/2059/3286 5122/1984/3153
f 5123/1923/3288 5124/1897/3289 5125/1705/3290
f 5124/1897/3289 5123/1923/3288 5126/2060/3291
f 5127/1285/1949 5128/1017/3292 5129/643/1592
f 5130/1277/1928 5131/2061/3293 5132/1753/3204
f 5133/1837/3294 5134/2062/3295 5135/2063/3296
f 5133/1837/3294 5135/2063/3296 5136/1838/2883
f 5137/2014/3297 5138/1837/2888 5139/1847/2912
f 5138/1837/2888 5137/2014/3297 5140/2062/3295
f 5141/1904/3298 5142/2064/2753 5143/1901/3005
f 5142/2064/2753 5141/1904/3298 5144/2065/3299
f 5145/1739/3300 5146/2066/3301 5147/2067/3302
f 5146/2066/3301 5145/1739/3300 5148/1738/2528
f 5149/1449/3303 5150/2056/3280 5151/2068/3304
f 5150/2056/3280 5149/1449/3303 5152/1972/3305
f 5153/1725/2661 5154/1724/3306 5155/1839/2890
f 5154/1724/3306 5156/1842/3307 5155/1839/2890
f 5157/1909/3308 5158/1642/3309 5159/2069/3310
f 5158/1642/3309 5157/1909/3308 5160/1912/2084
f 5161/1975/3311 5162/2070/3312 5163/1991/3313
f 5162/2070/3312 5161/1975/3311 5164/2055/3314
f 5165/1733/2718 5166/1644/2558 5167/1977/3138
f 5166/1644/2558 5165/1733/2718 5168/1678/2719
f 5169/2067/3315 5170/1730/3211 5171/1739/3316
f 5170/1730/3211 5169/2067/3315 5172/2013/3317
f 5173/2071/3318 5174/2009/3201 5175/1353/2044
f 5173/2071/3318 5175/1353/2044 5176/1467/2257
f 5177/1771/2783 5178/2072/3319 5179/2073/3320
f 5179/2073/3320 5180/1773/3321 5177/1771/2783
f 5181/1771/3322 5182/1755/3323 5178/2072/3319
f 5182/1755/3323 5181/1771/3322 5183/1757/3324
f 5184/2066/3325 5185/2074/3162 5186/2075/3326
f 5187/2076/3327 5188/1922/3045 5189/2077/3328
f 5188/1922/3045 5190/1968/3119 5189/2077/3328
f 5191/2078/3329 5192/2079/3330 5193/2080/3331
f 5194/2081/3332 5193/2080/3331 5192/2079/3330
f 5194/2081/3332 5195/1999/3178 5196/1998/3177
f 5195/1999/3178 5194/2081/3332 5197/2082/3333
f 5198/1788/3334 5199/2081/3332 5196/1998/3177
f 5199/2081/3332 5198/1788/3334 5200/2080/3331
f 5201/1692/2654 5202/2080/3331 5198/1788/2812
f 5202/2080/3331 5201/1692/2654 5203/1691/2653
f 5204/2000/3335 5197/2082/3336 5205/2083/3337
f 5197/2082/3336 5204/2000/3335 5206/1999/3181
f 5207/2083/3337 5208/1993/3338 5204/2000/3335
f 5208/1993/3338 5207/2083/3337 5209/2084/3339
f 5210/1983/3340 5211/2085/3341 5212/2086/3342
f 5211/2085/3341 5210/1983/3340 5213/1884/3343
f 5212/2086/3342 5214/1930/3344 5210/1983/3340
f 5214/1930/3344 5212/2086/3342 5215/2004/3192
f 5215/2004/3192 5216/1929/3060 5214/1930/3344
f 5215/2004/3192 5217/1931/3061 5216/1929/3060
f 5218/1884/3345 5219/1881/2960 5211/2085/3341
f 5219/1881/2960 5218/1884/3345 5220/1880/2968
f 5221/1691/2653 5222/2078/3346 5223/2080/3331
f 5222/2078/3346 5221/1691/2653 5224/1777/2798
f 5225/2029/3235 5226/2087/3347 5227/2030/3236
f 5226/2087/3347 5225/2029/3235 5228/2088/3348
f 5229/2047/3254 5230/2020/3222 5227/2030/3236
f 5230/2020/3222 5229/2047/3254 5231/2021/3223
f 5228/2088/3348 5232/2031/3271 5233/2053/3349
f 5232/2031/3271 5228/2088/3348 5234/2029/3235
f 5235/2030/3350 5236/2089/3351 5237/2047/3254
f 5236/2089/3351 5235/2030/3350 5238/2087/3352
f 5239/1988/1116 5240/2090/3353 5241/1986/690
f 5242/2091/3354 5243/2092/3355 5244/2093/3356
f 5243/2092/3355 5242/2091/3354 5245/2094/3357
f 5246/1932/3287 5247/1577/2984 5248/1940/3074
f 5247/1577/2984 5246/1932/3287 5249/1888/2982
f 5250/1791/3358 5251/1872/3170 5252/1789/3176
f 5251/1872/3170 5250/1791/3358 5253/2095/3234
f 5254/2025/3227 5255/2089/3359 5256/2087/3360
f 5255/2089/3359 5254/2025/3227 5257/2017/3312
f 5258/1903/3007 5259/2096/3361 5260/1904/3009
f 5260/1904/3009 5259/2096/3361 5261/2097/3319
f 5262/2098/3362 5263/2099/3363 5264/2100/3364
f 5263/2099/3363 5262/2098/3362 5265/2101/3365
f 5266/2088/3366 5267/2025/3367 5268/2087/3368
f 5267/2025/3367 5266/2088/3366 5269/2011/3369
f 5270/2053/3370 5271/2012/3371 5272/2088/3366
f 5273/2011/3372 5272/2088/3366 5271/2012/3371
f 5274/994/2531 5275/2102/3373 5276/2103/3374
f 5277/2104/3375 5278/1964/2183 5279/2105/3376
f 5280/2106/3199 5281/2107/3377 5282/1362/3378
f 5282/1362/3378 5281/2107/3377 5283/1143/2056
f 5284/949/3379 5285/981/3380 5286/948/1432
f 5285/981/3380 5284/949/3379 5287/1342/859
f 5287/1342/859 5288/1341/3381 5289/2108/3382
f 5289/2108/3382 5290/2109/3383 5287/1342/859
f 5291/2109/3383 5292/1476/3384 5287/1342/3385
f 5292/1476/3384 5291/2109/3383 5293/1826/2868
f 5294/2110/3386 5290/2109/3387 5295/2108/3388
f 5290/2109/3387 5294/2110/3386 5296/2111/3389
f 5297/2112/3390 5298/2113/3391 5296/2111/3392
f 5298/2113/3391 5297/2112/3390 5299/2114/3393
f 5300/2111/3394 5301/1826/3395 5290/2109/3387
f 5301/1826/3395 5300/2111/3394 5302/1825/3396
f 5303/2113/3397 5304/1825/3396 5300/2111/3394
f 5304/1825/3396 5303/2113/3397 5305/1827/2870
f 5306/2115/3398 5307/2113/3399 5299/2114/3393
f 5306/2115/3398 5299/2114/3393 5308/2116/3400
f 5306/2115/3398 5308/2116/3400 5309/2117/3401
f 5309/2117/3401 5310/2118/3402 5306/2115/3398
f 5311/2119/3403 5312/2118/3402 5309/2117/3401
f 5312/2118/3402 5311/2119/3403 5313/1940/3074
f 5314/2115/3404 5305/1827/3405 5315/2113/3399
f 5305/1827/3405 5314/2115/3404 5316/1828/3406
f 5314/2115/3404 5317/1829/3407 5316/1828/3406
f 5314/2115/3404 5318/2118/3402 5317/1829/3407
f 5319/1988/1116 5320/2120/3408 5321/2121/3409
f 5322/1851/3410 5323/2122/3411 5324/1699/3356
f 5323/2122/3411 5322/1851/3410 5325/2123/3412
f 5326/1898/3225 5327/2124/3413 5328/2125/3414
f 5327/2124/3413 5326/1898/3225 5329/2126/3415
f 5330/2127/3416 5331/2128/3417 5332/2129/3418
f 5333/2069/2522 5334/1560/3419 5335/1638/3420
f 5334/1560/3419 5333/2069/2522 5336/1642/3309
f 5337/2130/3323 5338/1904/3421 5339/2097/3422
f 5338/1904/3421 5337/2130/3323 5340/2065/2748
f 5341/1898/3225 5342/2131/3423 5343/2126/3424
f 5342/2131/3423 5341/1898/3225 5344/1896/2998
f 5345/1818/2857 5346/1448/2226 5347/1384/3425
f 5346/1448/2226 5345/1818/2857 5348/2132/3426
f 5349/2068/3427 5350/2133/3043 5351/2134/2902
f 5350/2133/3043 5349/2068/3427 5352/2056/3428
f 5353/2135/3429 5354/2076/3327 5355/2136/3430
f 5354/2076/3327 5356/2077/3328 5355/2136/3430
f 5357/2099/3431 5353/2135/3429 5358/2100/3432
f 5353/2135/3429 5357/2099/3431 5359/2076/3327
f 5359/2076/3327 5357/2099/3431 5360/2060/3291
f 5357/2099/3431 5361/2131/3423 5360/2060/3291
f 5362/1269/3433 5363/2137/3434 5364/1250/3435
f 5365/1958/3436 5364/1250/3435 5363/2137/3434
f 5366/2132/3426 5367/2138/3437 5368/1448/2226
f 5367/2138/3437 5369/1382/3438 5368/1448/2226
f 5370/1588/3439 5371/1592/3440 5372/1589/3072
f 5373/2125/3441 5372/1589/3072 5371/1592/3440
f 5374/2073/3320 5375/2014/3442 5376/1773/3443
f 5375/2014/3442 5374/2073/3320 5377/2139/3444
f 5378/1603/2501 5379/1979/3143 5380/2140/3445
f 5379/1979/3143 5378/1603/2501 5381/1501/2499
f 5379/1979/3446 5382/2141/3447 5383/2140/3445
f 5379/1979/3446 5384/1978/3448 5382/2141/3447
f 5385/2142/3449 5386/2143/3450 5387/2144/3451
f 5385/2142/3449 5387/2144/3451 5388/1856/3452
f 5389/1954/3453 5390/1903/3454 5391/1902/3008
f 5390/1903/3454 5389/1954/3453 5392/1955/3095
f 5393/2145/3455 5394/2072/3319 5395/2146/3361
f 5394/2072/3319 5393/2145/3455 5396/2073/3456
f 5397/2147/3457 5398/2148/3234 5399/2149/3458
f 5400/314/463 5401/311/3459 5402/14/2369
f 5403/2002/3190 5404/2077/3460 5405/1968/3189
f 5404/2077/3460 5403/2002/3190 5406/2150/3461
f 5407/1843/3462 5408/1842/3463 5409/1724/3464
f 5408/1842/3463 5407/1843/3462 5410/1925/3049
f 5411/504/3465 5412/8/17 5413/311/745
f 5412/8/17 5414/14/3466 5413/311/745
f 5415/2076/3327 5416/2060/3291 5417/1923/3288
f 5415/2076/3327 5417/1923/3288 5418/1922/3045
f 5419/1896/2998 5416/2060/3291 5420/2131/3423
f 5416/2060/3291 5419/1896/2998 5421/1897/3289
f 5422/2151/3467 5423/1490/2310 5424/1394/3468
f 5425/2151/3469 5424/1394/3470 5426/1391/3471
f 5427/1281/1115 5426/1391/2112 5428/642/3472
f 5429/2039/3168 5430/1996/3473 5431/1995/3172
f 5432/2152/3168 5433/2041/3474 5434/2153/2898
f 5433/2041/3474 5432/2152/3168 5435/2044/3172
f 5436/1421/3475 5437/2154/3476 5438/1419/3477
f 5439/2118/3402 5440/1576/2875 5441/1829/3478
f 5440/1576/2875 5439/2118/3402 5442/1940/3074
f 5443/2155/3450 5444/2125/3479 5445/2124/3480
f 5444/2125/3479 5443/2155/3450 5446/1589/3072
f 5447/1306/1976 5448/1305/1975 5449/1525/3481
f 5448/1305/1975 5450/12/2818 5449/1525/3481
f 5451/2094/3482 5452/2091/3354 5453/2156/3483
f 5451/2094/3482 5453/2156/3483 5454/2157/3484
f 5455/1313/3485 5456/2102/3373 5457/1314/3486
f 5458/1856/3452 5459/2144/3487 5460/1857/3488
f 5461/2158/3489 5460/1857/3488 5459/2144/3487
f 5462/1578/3490 5463/2159/3491 5464/1963/3492
f 5463/2159/3491 5462/1578/3490 5465/1579/3493
f 5466/2071/3494 5467/1467/3495 5468/1469/2261
f 5469/1638/3420 5470/1530/3496 5471/1639/3497
f 5470/1530/3496 5469/1638/3420 5472/1560/3419
f 5473/1890/3498 5474/1889/3499 5475/2094/3482
f 5476/2092/2563 5475/2094/3482 5474/1889/3499
f 5477/2026/3500 5478/2160/3501 5479/2123/3412
f 5479/2123/3412 5480/1851/3410 5477/2026/3500
f 5481/2161/3502 5482/1831/3503 5483/1830/2033
f 5484/2126/3504 5485/2099/3363 5486/2101/3505
f 5485/2099/3363 5484/2126/3504 5487/2131/3423
f 5488/2162/3506 5489/2163/3339 5490/2075/3507
f 5491/2059/3508 5492/2164/3491 5493/1984/3509
f 5492/2164/3491 5494/1985/3510 5493/1984/3509
f 5495/960/3511 5496/959/3512 5497/2165/3513
f 5497/2165/3513 5496/959/3512 5498/962/3514
f 5499/1593/3515 5500/2125/3414 5501/1592/3440
f 5500/2125/3414 5499/1593/3515 5502/1898/3225
f 5503/2166/3516 5504/2167/3517 5505/2168/3518
f 5504/2167/3517 5506/2128/3519 5505/2168/3518
f 5507/1817/2902 5508/1925/3052 5509/1843/3520
f 5508/1925/3052 5507/1817/2902 5510/1921/3053
f 5511/1876/2954 5512/1879/2957 5513/2013/3213
f 5513/2013/3213 5514/2169/3521 5511/1876/2954
f 5515/1314/3486 5516/2102/3373 5517/994/1461
f 5517/994/1461 5518/2103/3522 5519/1622/3523
f 5520/2170/3524 5521/2066/3325 5522/2075/3525
f 5523/1987/3154 5524/2104/3526 5525/2105/3527
f 5526/2171/3505 5527/2143/3528 5528/2172/3480
f 5526/2171/3505 5528/2172/3480 5529/2173/3415
f 5530/504/3465 5531/2174/3513 5532/9/3514
f 5533/2175/3529 5534/2176/3530 5535/2177/3531
f 5534/2176/3530 5533/2175/3529 5536/2178/3532
f 5537/2175/3529 5538/2179/3533 5536/2178/3534
f 5538/2179/3533 5537/2175/3529 5539/2180/3535
f 5540/1878/2959 5541/2175/3536 5535/2177/3531
f 5542/1881/2960 5540/1878/2959 5535/2177/3531
f 5543/1878/2959 5544/2180/3537 5541/2175/3538
f 5544/2180/3537 5543/1878/2959 5545/1877/2955
f 5546/2085/3539 5542/1881/2960 5547/2177/3540
f 5548/2176/3541 5546/2085/3539 5547/2177/3540
f 5546/2085/3539 5548/2176/3541 5549/2181/3542
f 5549/2181/3542 5550/2086/3342 5546/2085/3539
f 5551/2182/3543 5552/2183/3544 5553/2184/3545
f 5552/2183/3544 5551/2182/3543 5554/2129/3418
f 5555/1841/3546 5556/1840/2891 5557/2166/3516
f 5556/1840/2891 5558/2167/3517 5557/2166/3516
f 5559/1955/3547 5560/2096/3548 5561/1903/3549
f 5560/2096/3548 5559/1955/3547 5562/2185/3550
f 5562/2185/3550 5563/2186/3551 5564/2187/3552
f 5565/2096/3548 5562/2185/3550 5564/2187/3552
f 5566/2139/3553 5567/2062/3554 5568/2014/3442
f 5567/2062/3554 5566/2139/3553 5569/2188/3555
f 5570/2051/3556 5571/1285/1949 5572/2189/3557
f 5571/1285/1949 5570/2051/3556 5573/1286/1950
f 5574/2190/3558 5575/2191/3559 5576/2004/3560
f 5575/2191/3559 5574/2190/3558 5577/2192/3561
f 5578/2193/3562 5576/2004/3560 5575/2191/3559
f 5576/2004/3560 5578/2193/3562 5579/2058/365
f 5580/1978/3563 5581/2194/3564 5582/2141/3565
f 5581/2194/3564 5580/1978/3563 5583/2195/3566
f 5584/2196/3567 5585/2140/3445 5582/2141/3565
f 5582/2141/3565 5586/2194/3564 5584/2196/3567
f 5587/1804/2828 5588/1902/3008 5589/1815/2846
f 5588/1902/3008 5587/1804/2828 5590/1954/3568
f 5591/2062/3554 5592/2188/3569 5593/2197/3570
f 5591/2062/3554 5593/2197/3570 5594/2063/3296
f 5595/1963/3571 5596/2160/3572 5597/2026/3500
f 5596/2160/3572 5595/1963/3571 5598/2159/3573
f 5599/1530/3496 5600/2198/3574 5601/1639/3497
f 5600/2198/3574 5599/1530/3496 5602/1532/2377
f 5603/2145/3455 5604/2139/3575 5605/2073/3456
f 5604/2139/3575 5603/2145/3455 5606/2199/3576
f 5607/2190/3577 5608/2086/3342 5609/2181/3542
f 5608/2086/3342 5607/2190/3577 5610/2004/3284
f 5611/2178/3532 5607/2190/3577 5612/2181/3542
f 5611/2178/3532 5612/2181/3542 5613/2176/3578
f 5614/1857/3488 5615/2158/3579 5616/1944/3085
f 5616/1944/3085 5615/2158/3579 5617/1952/3088
f 5618/2183/3544 5619/2200/3580 5620/2201/3581
f 5619/2200/3580 5618/2183/3544 5621/2129/3418
f 5622/2184/3582 5623/2202/3339 5624/2182/3543
f 5623/2202/3339 5622/2184/3582 5625/2203/3583
f 5626/2128/3584 5627/2204/3585 5628/2200/3580
f 5628/2200/3580 5629/2129/3418 5626/2128/3584
f 5630/2205/3586 5631/1966/3587 5632/2206/2255
f 5631/1966/3587 5630/2205/3586 5633/2207/3588
f 5634/2158/3489 5635/2143/3528 5636/2171/3589
f 5635/2143/3528 5634/2158/3489 5637/2144/3590
f 5638/2067/3591 5639/2170/3524 5640/2208/3592
f 5639/2170/3524 5638/2067/3591 5641/2066/3325
f 5642/2163/3339 5643/2170/3593 5644/2075/3594
f 5645/2158/3489 5646/1953/3089 5647/1952/3088
f 5646/1953/3089 5645/2158/3489 5648/2171/3595
f 5649/2209/3596 5650/2136/3597 5651/2150/3598
f 5652/2077/3599 5651/2150/3598 5650/2136/3597
f 5653/1978/3142 5654/2032/3600 5655/2195/3601
f 5654/2032/3600 5653/1978/3142 5656/1980/3144
f 5657/2032/3600 5658/2210/3602 5655/2195/3566
f 5658/2210/3602 5657/2032/3600 5659/2033/3603
f 5660/1890/3498 5661/2210/3602 5659/2033/3604
f 5661/2210/3602 5660/1890/3498 5662/2094/3482
f 5661/2210/3602 5663/2094/3482 5664/2211/3605
f 5665/2157/3484 5664/2211/3605 5663/2094/3482
f 5666/2212/3430 5667/2213/3606 5668/2214/3607
f 5667/2213/3606 5666/2212/3430 5669/2215/3608
f 5667/2213/3606 5670/2216/3432 5671/2214/3607
f 5670/2216/3432 5667/2213/3606 5672/2217/3609
f 5673/2218/2746 5674/2161/3610 5675/1830/2033
f 5676/2169/3611 5677/2013/3317 5678/2067/3315
f 5676/2169/3611 5678/2067/3315 5679/2208/3592
f 5680/1951/3612 5681/1804/3613 5682/1802/3614
f 5681/1804/3613 5680/1951/3612 5683/1954/3092
f 5684/2215/3615 5685/2219/3616 5686/2213/3606
f 5685/2219/3616 5684/2215/3615 5687/2220/3617
f 5688/2217/3609 5689/2213/3618 5685/2219/3619
f 5690/1956/3620 5688/2217/3609 5685/2219/3619
f 5691/1953/3089 5692/2217/3621 5690/1956/3622
f 5692/2217/3621 5691/1953/3089 5693/2171/3589
f 5694/2221/3583 5695/2222/3623 5696/2223/3624
f 5695/2222/3623 5694/2221/3583 5697/2224/3582
f 5698/1955/3547 5699/1956/3625 5700/2185/3550
f 5699/1956/3625 5701/2219/3619 5700/2185/3550
f 5702/2225/3626 5703/2226/1995 5704/2227/1997
f 5703/2226/1995 5702/2225/3626 5705/2228/3627
f 5706/2229/3628 5707/2186/3629 5708/2230/3555
f 5707/2186/3629 5709/2220/3617 5708/2230/3555
f 5710/1926/3630 5711/2167/3631 5712/1840/3051
f 5711/2167/3631 5710/1926/3630 5713/2231/3632
f 5714/2232/3633 5715/2006/3634 5716/315/3635
f 5717/315/464 5715/2006/3634 5718/313/462
f 5719/2233/3256 5720/2234/1988 5721/2235/1987
f 5720/2234/1988 5719/2233/3256 5722/2236/3636
f 5723/2237/3637 5724/2238/3638 5725/2239/3639
f 5724/2238/3638 5726/2240/3640 5725/2239/3639
f 5727/2210/3641 5728/2241/3642 5729/2195/3601
f 5728/2241/3642 5727/2210/3641 5730/2211/3643
f 5731/1818/2857 5732/2140/3445 5733/2196/3567
f 5732/2140/3445 5731/1818/2857 5734/1603/3644
f 5735/1709/2689 5736/1708/2688 5737/2242/3645
f 5738/1714/2695 5739/2242/3646 5736/1708/3647
f 5739/2242/3646 5738/1714/2695 5740/2243/3648
f 5741/1421/3047 5742/1420/2159 5743/1970/3124
f 5744/1940/3649 5745/2244/3650 5746/2059/3286
f 5745/2244/3650 5744/1940/3649 5747/2245/3651
f 5747/2245/3651 5748/2119/3403 5749/2246/3652
f 5748/2119/3403 5747/2245/3651 5750/1940/3074
f 5751/2008/3653 5752/2009/3654 5753/2247/3655
f 5754/2221/3656 5755/2170/3657 5756/2163/3658
f 5755/2170/3657 5754/2221/3656 5757/2208/3592
f 5758/1287/3659 5759/2051/3556 5760/2049/3255
f 5761/2248/3660 5760/2049/3255 5759/2051/3556
f 5762/2219/3619 5763/2186/3661 5764/2185/3550
f 5763/2186/3661 5762/2219/3619 5765/2220/3662
f 5766/2230/3569 5767/2215/3596 5768/2249/3598
f 5767/2215/3596 5766/2230/3569 5769/2220/3617
f 5770/2250/3663 5771/2190/3664 5772/2178/3665
f 5771/2190/3664 5770/2250/3663 5773/2192/3561
f 5696/2223/3666 5774/2180/3537 5775/1877/3667
f 5774/2180/3537 5696/2223/3666 5776/2179/3533
f 5775/1877/3668 5777/1876/2954 5778/2223/3669
f 5779/2169/3670 5778/2223/3669 5777/1876/2954
f 5696/2223/3671 5780/2222/3623 5781/2251/3672
f 5782/2179/3673 5696/2223/3671 5781/2251/3672
f 5783/2178/3665 5782/2179/3673 5784/2251/3672
f 5785/2252/3674 5783/2178/3665 5784/2251/3672
f 5786/2169/3675 5787/2221/3676 5696/2223/3671
f 5787/2221/3676 5786/2169/3675 5788/2208/3677
f 5789/2250/3678 5790/2252/3674 5791/2253/3679
f 5790/2252/3674 5789/2250/3678 5792/2178/3665
f 5793/2254/3680 5789/2250/3678 5791/2253/3679
f 5793/2254/3680 5794/2255/3681 5789/2250/3678
f 5795/2256/3630 5794/2255/3681 5793/2254/3680
f 5795/2256/3630 5796/2257/3682 5794/2255/3681
f 5797/2191/3683 5798/2192/3684 5794/2255/3685
f 5799/2250/3663 5794/2255/3685 5798/2192/3684
f 5800/2258/3631 5791/2253/3686 5801/2259/3687
f 5800/2258/3631 5802/2254/3688 5791/2253/3686
f 5803/2196/3567 5804/2132/3426 5805/1818/2857
f 5804/2132/3426 5803/2196/3567 5806/2239/3689
f 5807/2194/3564 5808/2239/3689 5803/2196/3567
f 5808/2239/3689 5807/2194/3564 5809/2237/3690
f 5809/2237/3691 5810/2195/3566 5811/2260/3692
f 5810/2195/3566 5809/2237/3691 5812/2194/3693
f 5813/2161/3610 5814/2261/2903 5815/1831/1720
f 5816/1390/3694 5817/2151/3695 5818/1391/2112
f 5819/2239/3639 5820/2240/3640 5821/2132/3696
f 5820/2240/3640 5822/2138/3697 5821/2132/3696
f 5823/2240/3698 5824/2262/3699 5822/2138/3700
f 5824/2262/3699 5825/2263/3701 5822/2138/3700
f 5825/2263/3702 5826/2264/3386 5827/1452/3703
f 5826/2264/3386 5828/1509/3704 5827/1452/3703
f 5822/2138/3705 5829/2263/3702 5830/1382/3438
f 5829/2263/3702 5831/1452/3703 5830/1382/3438
f 5832/2240/3698 5833/2265/3706 5824/2262/3699
f 5833/2265/3706 5832/2240/3698 5834/2238/3707
f 5834/2238/3707 5835/2266/3390 5833/2265/3706
f 5835/2266/3390 5834/2238/3707 5836/2267/3708
f 5837/2268/3709 5838/2156/3710 5839/2269/3711
f 5840/2091/3354 5839/2269/3711 5838/2156/3710
f 5841/2156/3712 5837/2268/3713 5842/2270/3714
f 5841/2156/3712 5842/2270/3714 5843/2157/3484
f 5842/2270/3714 5844/2241/3642 5845/2211/3715
f 5846/2157/3716 5842/2270/3714 5845/2211/3715
f 5847/1779/3117 5848/2271/3717 5849/1967/1949
f 5847/1779/2801 5850/2227/1997 5851/2271/3717
f 5852/2225/3718 5850/2227/1997 5853/1779/3719
f 5854/2193/3128 5855/2255/3681 5856/2257/3720
f 5855/2255/3681 5854/2193/3128 5857/2191/3721
f 5858/2108/3388 5859/1444/2218 5860/2110/3386
f 5859/1444/2218 5858/2108/3388 5861/1341/2219
f 5862/2111/3392 5860/2110/3722 5863/2272/3701
f 5864/2273/3699 5862/2111/3392 5863/2272/3701
f 5865/2274/3723 5862/2111/3392 5864/2273/3699
f 5862/2111/3392 5865/2274/3723 5866/2112/3390
f 5866/2112/3390 5867/2116/3724 5868/2114/3725
f 5867/2116/3724 5866/2112/3390 5869/2275/3708
f 5870/2276/3726 5871/2119/3403 5869/2275/3708
f 5871/2119/3403 5870/2276/3726 5872/2246/3727
f 5871/2119/3403 5873/2116/3724 5869/2275/3708
f 5873/2116/3724 5871/2119/3403 5874/2117/3728
f 5875/2164/3573 5876/2244/3729 5877/2277/3730
f 5876/2244/3729 5875/2164/3573 5878/2059/3286
f 5879/2105/3527 5880/1964/2183 5881/1966/2254
f 5882/2128/3519 5883/2127/3332 5884/2168/3518
f 5885/2278/3731 5886/2279/3732 5887/2280/3573
f 5886/2279/3732 5885/2278/3731 5888/2281/3733
f 5889/2282/3734 5890/2260/3692 5891/2241/3642
f 5891/2241/3642 5890/2260/3692 5892/2195/3566
f 5893/2283/3735 5894/2284/3652 5895/2285/3736
f 5895/2285/3736 5894/2284/3652 5896/2286/3726
f 5897/504/3465 5898/9/3737 5899/8/8
f 5900/313/462 5901/2174/3738 5897/504/744
f 5901/2174/3738 5900/313/462 5902/2007/3739
f 5903/2006/3634 5904/2287/3740 5902/2007/3199
f 5904/2287/3740 5903/2006/3634 5905/2232/3633
f 5906/2121/1996 5907/2120/3741 5908/2288/3717
f 5908/2288/3717 5909/2289/3742 5906/2121/1996
f 5910/2290/3743 5911/2285/3736 5912/2278/3744
f 5911/2285/3736 5910/2290/3743 5913/2283/3745
f 5914/2105/3527 5915/1966/2254 5916/2207/3588
f 5917/1820/2197 5918/1819/3746 5919/2291/3747
f 5920/2268/3713 5921/2292/3748 5922/2270/3714
f 5921/2292/3748 5920/2268/3713 5923/2281/3749
f 5922/2270/3750 5924/2282/3734 5925/2241/3751
f 5926/2292/3752 5924/2282/3734 5922/2270/3750
f 5923/2281/3733 5927/2269/3711 5928/2279/3732
f 5927/2269/3711 5923/2281/3733 5929/2268/3709
f 5930/2247/3655 5931/2071/3753 5932/2293/3754
f 5931/2071/3753 5930/2247/3655 5933/2009/3201
f 5934/2260/3755 5935/2238/3756 5936/2237/3691
f 5935/2238/3756 5934/2260/3755 5937/2267/3757
f 5938/2260/3755 5939/2286/3726 5937/2267/3757
f 5939/2286/3726 5938/2260/3755 5940/2282/3758
f 5941/2292/3748 5942/2286/3759 5940/2282/3758
f 5943/2285/3760 5942/2286/3759 5941/2292/3748
f 5944/315/3761 5945/2294/2407 5946/2232/3762
f 5945/2294/2407 5944/315/3761 5947/316/465
f 5948/1526/2368 5949/1306/3763 5950/1525/3481
f 5949/1306/3763 5948/1526/2368 5951/2295/3764
f 5952/2281/3749 5953/2285/3736 5954/2292/3748
f 5953/2285/3736 5952/2281/3749 5955/2278/3744
f 5956/2296/3765 5957/2297/3766 5958/2298/3767
f 5959/2218/3204 5960/2299/3768 5961/2161/3610
f 5960/2299/3768 5959/2218/3204 5962/2300/3769
f 5962/2300/3655 5963/2218/3204 5964/2301/3770
f 5965/2302/3771 5962/2300/3655 5964/2301/3770
f 5966/1778/3772 5967/2225/3718 5968/1779/2801
f 5969/2293/3768 5970/1469/3773 5971/1846/3774
f 5970/1469/3773 5969/2293/3768 5972/2071/3753
f 5973/2291/3747 5974/1819/3775 5975/2303/3124
f 5976/1109/1671 5977/1108/3776 5978/66/3777
f 5979/2189/3557 5980/2304/3408 5981/2248/3660
f 5982/2305/3778 5983/1987/3779 5984/2105/3376
f 5983/1987/3779 5982/2305/3778 5985/2120/3741
f 5986/1421/3780 5987/6/3781 5988/2154/3782
f 5989/1710/2691 5990/1709/2690 5991/2306/3783
f 5992/2307/3784 5993/2298/3767 5994/2297/3785
f 5992/2307/3784 5994/2297/3785 5995/2308/3786
f 5996/1600/3787 5997/2309/2989 5998/2310/3788
f 5997/2309/2989 5996/1600/3787 5999/954/3789
f 6000/2299/3790 6001/2261/3791 6002/2161/3610
f 6003/2189/3792 6004/2248/3793 6005/2051/3556
f 6006/342/526 6007/6/3781 6008/1421/3475
f 6009/2311/3646 6010/2308/3648 6011/2297/3794
f 6012/2312/3795 6013/2242/3796 6014/2313/3785
f 6015/2305/3797 6016/2105/3527 6017/2314/3798
f 6018/2310/3788 6019/1296/2494 6020/1600/2495
f 6021/2207/3588 6022/2315/3799 6023/2314/3800
f 6023/2314/3801 6024/2105/3376 6025/2207/3588
f 6025/2207/3588 6026/2205/3586 6027/2315/3802
f 6028/1957/3803 6029/1958/3804 6030/2316/747
f 6031/2317/3805 6032/2318/3806 6033/2319/3805
f 6032/2318/3806 6031/2317/3805 6034/2320/3807
f 6033/2319/3805 6035/2321/3808 6031/2317/3805
f 6035/2321/3808 6033/2319/3805 6036/2322/3808
f 6036/2322/3808 6037/2323/3809 6035/2321/3808
f 6037/2323/3809 6036/2322/3808 6038/2324/3809
f 6039/2325/3810 6037/2323/3809 6038/2324/3809
f 6037/2323/3809 6039/2325/3810 6040/2326/3810
f 6041/2327/3811 6040/2326/3810 6039/2325/3810
f 6040/2326/3810 6041/2327/3811 6042/2328/3812
f 6041/2327/3811 6043/2329/3813 6042/2328/3812
f 6043/2329/3813 6041/2327/3811 6044/2330/3814
f 6044/2330/3814 6045/2331/3815 6043/2329/3813
f 6045/2331/3815 6044/2330/3814 6046/2332/3815
f 6045/2331/3815 6046/2332/3815 6047/2333/3816
f 6047/2333/3816 6048/2334/3817 6045/2331/3815
f 6048/2334/3817 6047/2333/3816 6049/2335/3818
f 6049/2335/3818 6050/2336/3819 6048/2334/3817
f 6049/2335/3818 6051/2337/3820 6050/2336/3819
f 6051/2337/3820 6049/2335/3818 6052/2338/3820
f 6052/2338/3820 6053/2339/3821 6051/2337/3820
f 6053/2339/3821 6052/2338/3820 6054/2340/3822
f 6055/2341/3823 6053/2339/3821 6054/2340/3822
f 6055/2341/3823 6056/2342/3823 6053/2339/3821
f 6057/2314/3824 6058/2315/3825 6059/2343/3256
f 6060/2344/3826 6061/2225/3718 6062/1778/3772
f 6063/2345/3827 6064/2346/3627 6065/2347/3828
f 6066/66/3777 6067/1108/2627 6068/64/2628
f 6069/1307/1671 6070/10/3829 6071/1305/1975
f 6072/2348/3830 6073/2349/3830 6074/2350/3831
f 6072/2348/3830 6074/2350/3831 6075/2351/3831
f 6072/2348/3830 6076/2352/3832 6073/2349/3830
f 6076/2352/3832 6072/2348/3830 6077/2353/3832
f 6077/2353/3832 6078/2354/3833 6076/2352/3832
f 6078/2354/3833 6077/2353/3832 6079/2355/3833
f 6080/2356/3834 6078/2354/3833 6079/2355/3833
f 6078/2354/3833 6080/2356/3834 6081/2357/3835
f 6082/2358/3836 6081/2357/3835 6080/2356/3834
f 6081/2357/3835 6082/2358/3836 6083/2359/3837
f 6084/2360/3838 6083/2359/3837 6082/2358/3836
f 6083/2359/3837 6084/2360/3838 6085/2361/3838
f 6084/2360/3838 6086/2362/3839 6085/2361/3838
f 6086/2362/3839 6084/2360/3838 6087/2363/3839
f 6087/2363/3839 6088/2364/3840 6086/2362/3839
f 6088/2364/3840 6087/2363/3839 6089/2365/3840
f 6089/2365/3840 6090/2366/3841 6088/2364/3840
f 6090/2366/3841 6089/2365/3840 6091/2367/3841
f 6090/2366/3841 6091/2367/3841 6092/2368/3842
f 6090/2366/3841 6092/2368/3842 6093/2369/3842
f 6093/2369/3842 6092/2368/3842 6094/2370/3843
f 6094/2370/3843 6095/2371/3843 6093/2369/3842
f 6094/2370/3843 6096/2372/3844 6095/2371/3843
f 6096/2372/3844 6094/2370/3843 6097/2373/3844
f 6098/10/3 6099/12/2818 6100/1305/1975
f 6101/2102/3845 6102/2374/3846 6103/2375/3795
f 6104/2102/3373 6105/2376/3847 6106/2374/3846
f 6107/1313/3485 6108/2376/3847 6109/2102/3373
f 6110/2306/3847 6111/1709/2689 6112/2377/3846
f 6113/1988/3848 6114/1987/3154 6115/2120/3741
f 6116/2378/3849 6117/2379/3850 6118/2380/3851
f 6117/2379/3850 6116/2378/3849 6119/2381/3850
f 6119/2381/3850 6120/2382/3852 6117/2379/3850
f 6120/2382/3852 6119/2381/3850 6121/2383/3853
f 6121/2383/3853 6122/2384/3854 6120/2382/3852
f 6122/2384/3854 6121/2383/3853 6123/2385/3854
f 6124/2386/3855 6122/2384/3854 6123/2385/3854
f 6124/2386/3855 6125/2387/3856 6122/2384/3854
f 6126/2388/3857 6125/2387/3856 6124/2386/3855
f 6126/2388/3857 6127/2389/3858 6125/2387/3856
f 6128/2390/3859 6127/2389/3858 6126/2388/3857
f 6128/2390/3859 6129/2391/3859 6127/2389/3858
f 6128/2390/3859 6130/2392/3860 6129/2391/3859
f 6130/2392/3860 6128/2390/3859 6131/2393/3861
f 6131/2393/3861 6132/2394/3862 6130/2392/3860
f 6132/2394/3862 6131/2393/3861 6133/2395/3862
f 6133/2395/3862 6134/2396/3863 6132/2394/3862
f 6134/2396/3863 6133/2395/3862 6135/2397/3863
f 6136/2398/3864 6134/2396/3863 6135/2397/3863
f 6136/2398/3864 6137/2399/3864 6134/2396/3863
f 6138/2400/3865 6137/2399/3864 6136/2398/3864
f 6138/2400/3865 6139/2401/3865 6137/2399/3864
f 6140/2402/3866 6139/2401/3865 6138/2400/3865
f 6139/2401/3865 6140/2402/3866 6141/2403/3867
f 6142/2404/3868 6143/2405/3868 6144/2406/3869
f 6142/2404/3868 6144/2406/3869 6145/2407/3870
f 6144/2406/3869 6146/2408/3871 6145/2407/3870
f 6146/2408/3871 6144/2406/3869 6147/2409/3871
f 6147/2409/3871 6148/2410/3872 6146/2408/3871
f 6148/2410/3872 6147/2409/3871 6149/2411/3872
f 6150/2412/3873 6148/2410/3872 6149/2411/3872
f 6150/2412/3873 6151/2413/3873 6148/2410/3872
f 6152/2414/3874 6151/2413/3873 6150/2412/3873
f 6152/2414/3874 6153/2415/3874 6151/2413/3873
f 6154/2416/3875 6153/2415/3874 6152/2414/3874
f 6154/2416/3875 6155/2417/3875 6153/2415/3874
f 6154/2416/3875 6156/2418/3876 6155/2417/3875
f 6156/2418/3876 6154/2416/3875 6157/2419/3876
f 6157/2419/3876 6158/2420/3877 6156/2418/3876
f 6158/2420/3877 6157/2419/3876 6159/2421/3877
f 6159/2421/3877 6160/2422/3878 6158/2420/3877
f 6160/2422/3878 6159/2421/3877 6161/2423/3878
f 6162/2424/3879 6160/2422/3878 6161/2423/3878
f 6162/2424/3879 6163/2425/3879 6160/2422/3878
f 6164/2426/3880 6163/2425/3879 6162/2424/3879
f 6164/2426/3880 6165/2427/3880 6163/2425/3879
f 6164/2426/3880 6166/2428/3881 6165/2427/3880
f 6166/2428/3881 6164/2426/3880 6167/2429/3882
f 6168/2430/6 6169/1958/3436 6170/2137/3883
f 6171/2228/3884 6172/2344/3469 6173/2431/3885
f 6174/2430/3886 6175/2316/3887 6176/1958/3804
f 6177/2228/3627 6178/2225/3888 6179/2344/3826
f 6180/2432/3889 6181/2296/3795 6182/2298/3890
f 6183/958/3891 6184/960/3511 6185/2433/3892
f 6186/1709/2690 6187/2312/3893 6188/2377/3846
f 6186/1709/2690 6189/2242/3646 6187/2312/3893
f 6190/2434/3894 6191/2435/3895 6192/2436/3894
f 6191/2435/3895 6190/2434/3894 6193/2437/3895
f 6193/2437/3895 6194/2438/3896 6191/2435/3895
f 6194/2438/3896 6193/2437/3895 6195/2439/3896
f 6195/2439/3896 6196/2440/3897 6194/2438/3896
f 6196/2440/3897 6195/2439/3896 6197/2441/3898
f 6196/2440/3897 6197/2441/3898 6198/2442/3899
f 6198/2442/3899 6199/2443/3900 6196/2440/3897
f 6199/2443/3900 6198/2442/3899 6200/2444/3901
f 6200/2444/3901 6201/2445/3902 6199/2443/3900
f 6202/2446/3903 6201/2445/3902 6200/2444/3901
f 6202/2446/3903 6203/2447/3903 6201/2445/3902
f 6202/2446/3903 6204/2448/3904 6203/2447/3903
f 6204/2448/3904 6202/2446/3903 6205/2449/3904
f 6205/2449/3904 6206/2450/3905 6204/2448/3904
f 6206/2450/3905 6205/2449/3904 6207/2451/3906
f 6207/2451/3906 6208/2452/3907 6206/2450/3905
f 6208/2452/3907 6207/2451/3906 6209/2453/3907
f 6210/2454/3908 6208/2452/3907 6209/2453/3907
f 6208/2452/3907 6210/2454/3908 6211/2455/3909
f 6210/2454/3908 6212/2456/3910 6211/2455/3909
f 6212/2456/3910 6210/2454/3908 6213/2457/3911
f 6212/2456/3910 6213/2457/3911 6214/2458/3912
f 6212/2456/3910 6214/2458/3912 6215/2459/3913
f 6216/2433/3914 6217/1142/1715 6218/958/1375
f 6219/1144/3915 6218/958/1375 6217/1142/1715
f 6220/2460/3830 6221/2461/3916 6222/2462/3831
f 6220/2460/3830 6222/2462/3831 6223/2463/3831
f 6220/2460/3830 6224/2464/3832 6221/2461/3916
f 6224/2464/3832 6220/2460/3830 6225/2465/3917
f 6225/2465/3917 6226/2466/3833 6224/2464/3832
f 6226/2466/3833 6225/2465/3917 6227/2467/3833
f 6228/2468/3835 6226/2466/3833 6227/2467/3833
f 6226/2466/3833 6228/2468/3835 6229/2469/3835
f 6230/2470/3836 6229/2469/3835 6228/2468/3835
f 6229/2469/3835 6230/2470/3836 6231/2471/3836
f 6232/2472/3838 6231/2471/3836 6230/2470/3836
f 6231/2471/3836 6232/2472/3838 6233/2473/3838
f 6232/2472/3838 6234/2474/3839 6233/2473/3838
f 6234/2474/3839 6232/2472/3838 6235/2475/3839
f 6235/2475/3839 6236/2476/3840 6234/2474/3839
f 6236/2476/3840 6235/2475/3839 6237/2477/3840
f 6237/2477/3840 6238/2478/3841 6236/2476/3840
f 6238/2478/3841 6237/2477/3840 6239/2479/3841
f 6238/2478/3841 6239/2479/3841 6240/2480/3842
f 6238/2478/3841 6240/2480/3842 6241/2481/3842
f 6241/2481/3842 6240/2480/3842 6242/2482/3843
f 6242/2482/3843 6243/2483/3843 6241/2481/3842
f 6242/2482/3843 6244/2484/3831 6243/2483/3843
f 6244/2484/3831 6242/2482/3843 6245/2485/3844
f 6246/2486/3918 6247/2487/3892 6248/2488/3511
f 6249/2489/3378 6250/2487/3892 6251/2490/3199
f 6252/2487/3892 6253/2486/3918 6254/2490/3919
f 6255/2491/1715 6256/2487/3892 6257/2489/3920
