# Blender 5.1.2
# www.blender.org
mtllib Balloon.mtl
o Balloon
v 0.127234 -0.414128 0.017298
v 0.152233 -0.414128 0.077698
v 0.066833 -0.360268 0.077698
v 0.066833 -0.414128 -0.007702
v 0.006433 -0.414128 0.017298
v 0.127234 -0.414128 0.138098
v -0.018566 -0.414128 0.077698
v 0.066833 -0.414128 0.163097
v 0.006433 -0.414128 0.138098
v 0.619534 0.617812 -0.151302
v 0.665133 0.498802 -0.041302
v 0.630333 0.498802 -0.155703
v 0.619534 0.378452 -0.151302
v 0.653633 0.617812 -0.039002
v 0.587433 0.732242 -0.138002
v 0.619534 0.732242 -0.032303
v 0.535433 0.837702 -0.116402
v 0.564234 0.837702 -0.021301
v 0.465334 0.930142 -0.087402
v 0.489834 0.930142 -0.006502
v 0.399233 1.006002 0.011599
v 0.379932 1.006002 -0.052002
v 0.282433 1.062372 -0.011602
v 0.295732 1.062372 0.032198
v -0.356266 0.617812 0.500698
v -0.440367 0.498802 0.416597
v -0.364567 0.498802 0.508999
v -0.356266 0.378452 0.500698
v -0.430666 0.617812 0.410099
v -0.331667 0.732242 0.476198
v -0.401766 0.732242 0.390799
v -0.291866 0.837702 0.436298
v -0.354866 0.837702 0.359499
v -0.238167 0.930142 0.382698
v -0.291866 0.930142 0.317299
v -0.172867 1.006002 0.317299
v -0.214966 1.006002 0.265999
v -0.127266 1.062372 0.207397
v -0.098267 1.062372 0.242798
v -0.017366 1.097082 0.161798
v -0.032167 1.097082 0.143799
v 0.066833 1.108802 0.077698
v -0.430666 0.617812 0.410099
v -0.496767 0.498802 0.311098
v -0.430666 0.378452 0.410099
v -0.485966 0.617812 0.306599
v -0.401766 0.732242 0.390799
v -0.453867 0.732242 0.293398
v -0.354866 0.837702 0.359499
v -0.401766 0.837702 0.271797
v -0.291866 0.930142 0.317299
v -0.331667 0.930142 0.242798
v -0.246267 1.006002 0.207397
v -0.214966 1.006002 0.265999
v -0.127266 1.062372 0.207397
v -0.148867 1.062372 0.166998
v -0.043167 1.097082 0.123197
v -0.032167 1.097082 0.143799
v 0.066833 1.108802 0.077698
v -0.485966 0.617812 0.306599
v -0.531467 0.498802 0.196697
v -0.485966 0.378452 0.306599
v -0.519966 0.617812 0.194399
v -0.453867 0.732242 0.293398
v -0.485966 0.732242 0.187597
v -0.401766 0.837702 0.271797
v -0.430666 0.837702 0.176598
v -0.331667 0.930142 0.242798
v -0.356266 0.930142 0.161798
v -0.246267 1.006002 0.207397
v -0.265566 1.006002 0.143799
v -0.162167 1.062372 0.123197
v -0.148867 1.062372 0.166998
v -0.049866 1.097082 0.100899
v -0.043167 1.097082 0.123197
v 0.066833 1.108802 0.077698
v -0.519966 0.617812 0.194399
v -0.543167 0.498802 0.077698
v -0.519966 0.378452 0.194399
v -0.531467 0.617812 0.077698
v -0.485966 0.732242 0.187597
v -0.496767 0.732242 0.077698
v -0.430666 0.837702 0.176598
v -0.440367 0.837702 0.077698
v -0.356266 0.930142 0.161798
v -0.364567 0.930142 0.077698
v -0.272066 1.006002 0.077698
v -0.265566 1.006002 0.143799
v -0.162167 1.062372 0.123197
v -0.166666 1.062372 0.077698
v -0.052166 1.097082 0.077698
v -0.049866 1.097082 0.100899
v 0.066833 1.108802 0.077698
v 0.066833 0.498802 -0.532303
v -0.049866 0.378452 -0.509102
v -0.052166 0.498802 -0.520601
v -0.049866 0.617812 -0.509102
v 0.066833 0.617812 -0.520601
v -0.043167 0.732242 -0.475002
v 0.066833 0.732242 -0.485903
v -0.032167 0.837702 -0.419802
v 0.066833 0.837702 -0.429503
v -0.017366 0.930142 -0.345402
v 0.066833 0.930142 -0.353602
v 0.000732 1.006002 -0.254702
v 0.066833 1.006002 -0.261202
v 0.066833 1.062372 -0.155703
v 0.021233 1.062372 -0.151302
v 0.066833 1.097082 -0.041302
v 0.043633 1.097082 -0.039002
v 0.066833 1.108802 0.077698
v -0.531467 0.378452 0.077698
v -0.485966 0.249962 0.187597
v -0.496767 0.249962 0.077698
v -0.430666 0.116422 0.176598
v -0.440367 0.116422 0.077698
v -0.356266 -0.014658 0.161798
v -0.364567 -0.014658 0.077698
v -0.265566 -0.134278 0.143799
v -0.272066 -0.134278 0.077698
v -0.166666 -0.232398 0.077698
v -0.162167 -0.232398 0.123198
v -0.049866 -0.298568 0.100899
v -0.052166 -0.298568 0.077698
v 0.066833 -0.322708 0.077698
v -0.519966 0.378452 -0.039001
v -0.531467 0.378452 0.077698
v -0.485966 0.249962 -0.032303
v -0.496767 0.249962 0.077698
v -0.430666 0.116422 -0.021301
v -0.440367 0.116422 0.077698
v -0.356266 -0.014658 -0.006502
v -0.364567 -0.014658 0.077698
v -0.265566 -0.134278 0.011599
v -0.272066 -0.134278 0.077698
v 0.066833 0.378452 -0.520601
v -0.043167 0.249962 -0.475002
v 0.066833 0.249962 -0.485903
v -0.032167 0.116422 -0.419802
v 0.066833 0.116422 -0.429502
v -0.017366 -0.014658 -0.345402
v 0.066833 -0.014658 -0.353601
v 0.000732 -0.134278 -0.254702
v 0.066833 -0.134278 -0.261202
v 0.021233 -0.232398 -0.151302
v 0.066833 -0.232398 -0.155703
v 0.066833 -0.298568 -0.041302
v 0.043633 -0.298568 -0.039001
v 0.066833 -0.322708 0.077698
v 0.183533 0.378452 -0.509102
v 0.066833 0.378452 -0.520601
v 0.176733 0.249962 -0.475002
v 0.066833 0.249962 -0.485903
v 0.165733 0.116422 -0.419802
v 0.066833 0.116422 -0.429502
v 0.150934 -0.014658 -0.345402
v 0.066833 -0.014658 -0.353601
v 0.132933 -0.134278 -0.254702
v 0.066833 -0.134278 -0.261202
v 0.112333 -0.232398 -0.151302
v -0.430666 0.378452 0.410099
v -0.331667 0.249962 0.476198
v -0.401766 0.249962 0.390799
v -0.291866 0.116422 0.436298
v -0.354866 0.116422 0.359499
v -0.238167 -0.014658 0.382698
v -0.291866 -0.014658 0.317299
v -0.172867 -0.134278 0.317299
v -0.214966 -0.134278 0.265999
v -0.127266 -0.232398 0.207397
v -0.098267 -0.232398 0.242798
v -0.032167 -0.298568 0.143799
v -0.017366 -0.298568 0.161799
v 0.066833 -0.322708 0.077698
v -0.485966 0.378452 0.306599
v -0.401766 0.249962 0.390799
v -0.453867 0.249962 0.293398
v -0.354866 0.116422 0.359499
v -0.401766 0.116422 0.271797
v -0.291866 -0.014658 0.317299
v -0.331667 -0.014658 0.242798
v -0.214966 -0.134278 0.265999
v -0.246267 -0.134278 0.207397
v -0.127266 -0.232398 0.207397
v -0.148867 -0.232398 0.166998
v -0.043167 -0.298568 0.123198
v -0.032167 -0.298568 0.143799
v 0.066833 -0.322708 0.077698
v -0.519966 0.378452 0.194399
v -0.453867 0.249962 0.293398
v -0.485966 0.249962 0.187597
v -0.401766 0.116422 0.271797
v -0.430666 0.116422 0.176598
v -0.331667 -0.014658 0.242798
v -0.356266 -0.014658 0.161798
v -0.246267 -0.134278 0.207397
v -0.265566 -0.134278 0.143799
v -0.148867 -0.232398 0.166998
v -0.162167 -0.232398 0.123198
v -0.043167 -0.298568 0.123198
v -0.049866 -0.298568 0.100899
v 0.066833 -0.322708 0.077698
v 0.066833 0.378452 0.675999
v 0.183533 0.378452 0.664497
v 0.066833 0.498802 0.687698
v 0.176733 0.249962 0.630398
v 0.066833 0.249962 0.641298
v 0.165733 0.116422 0.575098
v 0.066833 0.116422 0.584898
v 0.150934 -0.014658 0.500698
v 0.066833 -0.014658 0.508999
v 0.132933 -0.134278 0.410099
v 0.066833 -0.134278 0.416597
v 0.066833 -0.232398 0.311098
v 0.112333 -0.232398 0.306599
v 0.066833 -0.298568 0.196697
v 0.090033 -0.298568 0.194399
v 0.066833 -0.322708 0.077698
v 0.185833 0.498802 0.675999
v 0.183533 0.617812 0.664497
v 0.066833 0.617812 0.675999
v -0.148867 0.249962 0.598398
v -0.049866 0.378452 0.664497
v -0.162167 0.378452 0.630398
v -0.043167 0.249962 0.630398
v -0.052166 0.498802 0.675999
v -0.127266 0.116422 0.546299
v -0.032167 0.116422 0.575098
v -0.098267 -0.014658 0.476198
v -0.017366 -0.014658 0.500698
v -0.062866 -0.134278 0.390799
v 0.000732 -0.134278 0.410099
v 0.021233 -0.232398 0.306599
v -0.022566 -0.232398 0.293398
v 0.021233 -0.298568 0.187597
v 0.043633 -0.298568 0.194399
v 0.066833 -0.322708 0.077698
v -0.166666 0.498802 0.641298
v -0.162167 0.617812 0.630398
v -0.049866 0.617812 0.664497
v 0.066833 -0.232398 -0.155703
v 0.066833 -0.298568 -0.041302
v 0.090033 -0.298568 -0.039001
v 0.066833 -0.322708 0.077698
v 0.185833 0.498802 -0.520601
v 0.183533 0.617812 -0.509102
v 0.066833 0.617812 -0.520601
v 0.176733 0.732242 -0.475002
v 0.066833 0.732242 -0.485903
v 0.165733 0.837702 -0.419802
v 0.066833 0.837702 -0.429503
v 0.150934 0.930142 -0.345402
v 0.066833 0.930142 -0.353602
v 0.132933 1.006002 -0.254702
v 0.066833 1.006002 -0.261202
v 0.066833 1.062372 -0.155703
v 0.112333 1.062372 -0.151302
v 0.066833 1.097082 -0.041302
v 0.090033 1.097082 -0.039002
v 0.066833 1.108802 0.077698
v 0.295732 0.378452 -0.475002
v 0.183533 0.378452 -0.509102
v 0.282433 0.249962 -0.443003
v 0.176733 0.249962 -0.475002
v 0.260933 0.116422 -0.390902
v 0.165733 0.116422 -0.419802
v 0.231833 -0.014658 -0.320803
v 0.150934 -0.014658 -0.345402
v 0.196533 -0.134278 -0.235401
v 0.132933 -0.134278 -0.254702
v 0.156134 -0.232398 -0.138002
v 0.112333 -0.232398 -0.151302
v 0.090033 -0.298568 -0.039001
v 0.112333 -0.298568 -0.032303
v 0.066833 -0.322708 0.077698
v 0.300234 0.498802 -0.485903
v 0.295732 0.617812 -0.475002
v 0.183533 0.617812 -0.509102
v 0.282433 0.732242 -0.443003
v 0.176733 0.732242 -0.475002
v 0.260933 0.837702 -0.390902
v 0.165733 0.837702 -0.419802
v 0.231833 0.930142 -0.320803
v 0.150934 0.930142 -0.345402
v 0.132933 1.006002 -0.254702
v 0.196533 1.006002 -0.235401
v 0.112333 1.062372 -0.151302
v 0.156134 1.062372 -0.138002
v 0.000732 1.006002 0.410099
v 0.066833 0.930142 0.508999
v 0.066833 1.006002 0.416597
v 0.066833 1.062372 0.311098
v -0.017366 0.930142 0.500698
v 0.021233 1.062372 0.306599
v 0.066833 0.837702 0.584898
v 0.043633 1.097082 0.194399
v 0.066833 1.097082 0.196697
v 0.066833 1.108802 0.077698
v -0.032167 0.837702 0.575098
v 0.066833 0.732242 0.641298
v -0.043167 0.732242 0.630398
v 0.066833 0.617812 0.675999
v -0.049866 0.617812 0.664497
v -0.049866 0.378452 0.664497
v 0.066833 0.378452 0.675999
v -0.043167 0.249962 0.630398
v 0.066833 0.249962 0.641298
v -0.032167 0.116422 0.575098
v 0.066833 0.116422 0.584898
v -0.017366 -0.014658 0.500698
v 0.066833 -0.014658 0.508999
v 0.000732 -0.134278 0.410099
v 0.066833 -0.134278 0.416597
v 0.066833 -0.232398 0.311098
v 0.021233 -0.232398 0.306599
v 0.066833 -0.298568 0.196697
v 0.043633 -0.298568 0.194399
v 0.066833 -0.322708 0.077698
v 0.574034 0.498802 0.416597
v 0.489834 0.617812 0.500698
v 0.498133 0.498802 0.508999
v 0.489834 0.378452 0.500698
v 0.564234 0.617812 0.410099
v 0.465334 0.732242 0.476198
v 0.535433 0.732242 0.390799
v 0.425434 0.837702 0.436298
v 0.488533 0.837702 0.359499
v 0.371834 0.930142 0.382698
v 0.425434 0.930142 0.317299
v 0.348633 1.006002 0.265999
v 0.306433 1.006002 0.317299
v 0.260933 1.062372 0.207397
v 0.231833 1.062372 0.242798
v 0.165733 1.097082 0.143799
v 0.150934 1.097082 0.161798
v 0.066833 1.108802 0.077698
v 0.564234 0.378452 0.410099
v 0.465334 0.249962 0.476198
v 0.535433 0.249962 0.390799
v 0.425434 0.116422 0.436298
v 0.488533 0.116422 0.359499
v 0.371834 -0.014658 0.382698
v 0.425434 -0.014658 0.317299
v 0.306433 -0.134278 0.317299
v 0.348633 -0.134278 0.265999
v 0.231833 -0.232398 0.242798
v 0.260933 -0.232398 0.207397
v 0.150934 -0.298568 0.161799
v 0.165733 -0.298568 0.143799
v 0.066833 -0.322708 0.077698
v 0.630333 0.498802 0.311098
v 0.564234 0.617812 0.410099
v 0.564234 0.378452 0.410099
v 0.619534 0.617812 0.306599
v 0.535433 0.732242 0.390799
v 0.587433 0.732242 0.293398
v 0.488533 0.837702 0.359499
v 0.535433 0.837702 0.271797
v 0.425434 0.930142 0.317299
v 0.465334 0.930142 0.242798
v 0.348633 1.006002 0.265999
v 0.379932 1.006002 0.207397
v 0.260933 1.062372 0.207397
v 0.282433 1.062372 0.166998
v 0.165733 1.097082 0.143799
v 0.176733 1.097082 0.123197
v 0.066833 1.108802 0.077698
v 0.619534 0.378452 0.306599
v 0.535433 0.249962 0.390799
v 0.587433 0.249962 0.293398
v 0.488533 0.116422 0.359499
v 0.535433 0.116422 0.271797
v 0.425434 -0.014658 0.317299
v 0.465334 -0.014658 0.242798
v 0.348633 -0.134278 0.265999
v 0.379932 -0.134278 0.207397
v 0.282433 -0.232398 0.166998
v 0.260933 -0.232398 0.207397
v 0.165733 -0.298568 0.143799
v 0.176733 -0.298568 0.123198
v 0.066833 -0.322708 0.077698
v 0.665133 0.498802 0.196697
v 0.619534 0.617812 0.306599
v 0.619534 0.378452 0.306599
v 0.653633 0.617812 0.194399
v 0.587433 0.732242 0.293398
v 0.619534 0.732242 0.187597
v 0.535433 0.837702 0.271797
v 0.564234 0.837702 0.176598
v 0.465334 0.930142 0.242798
v 0.489834 0.930142 0.161798
v 0.379932 1.006002 0.207397
v 0.399233 1.006002 0.143799
v 0.295732 1.062372 0.123197
v 0.282433 1.062372 0.166998
v 0.183533 1.097082 0.100899
v 0.176733 1.097082 0.123197
v 0.066833 1.108802 0.077698
v 0.653633 0.378452 0.194399
v 0.587433 0.249962 0.293398
v 0.619534 0.249962 0.187597
v 0.535433 0.116422 0.271797
v 0.564234 0.116422 0.176598
v 0.465334 -0.014658 0.242798
v 0.489834 -0.014658 0.161798
v 0.379932 -0.134278 0.207397
v 0.399233 -0.134278 0.143799
v 0.295732 -0.232398 0.123198
v 0.282433 -0.232398 0.166998
v 0.183533 -0.298568 0.100899
v 0.176733 -0.298568 0.123198
v 0.066833 -0.322708 0.077698
v 0.676834 0.498802 0.077698
v 0.653633 0.617812 0.194399
v 0.653633 0.378452 0.194399
v 0.665133 0.617812 0.077698
v 0.665133 0.378452 0.077698
v 0.619534 0.732242 0.187597
v 0.619534 0.249962 0.187597
v 0.630333 0.732242 0.077698
v 0.630333 0.249962 0.077698
v 0.564234 0.837702 0.176598
v 0.564234 0.116422 0.176598
v 0.574034 0.837702 0.077698
v 0.574034 0.116422 0.077698
v 0.489834 0.930142 0.161798
v 0.489834 -0.014658 0.161798
v 0.498133 0.930142 0.077698
v 0.498133 -0.014658 0.077698
v 0.405733 1.006002 0.077698
v 0.399233 1.006002 0.143799
v 0.399233 -0.134278 0.143799
v 0.405733 -0.134278 0.077698
v 0.300234 1.062372 0.077698
v 0.295732 1.062372 0.123197
v 0.183533 1.097082 0.100899
v 0.185833 1.097082 0.077698
v 0.066833 1.108802 0.077698
v 0.300234 -0.232398 0.077698
v 0.295732 -0.232398 0.123198
v 0.183533 -0.298568 0.100899
v 0.185833 -0.298568 0.077698
v 0.066833 -0.322708 0.077698
v -0.430666 0.617812 -0.254702
v -0.496767 0.498802 -0.155703
v -0.485966 0.617812 -0.151302
v -0.401766 0.732242 -0.235401
v -0.453867 0.732242 -0.138002
v -0.354866 0.837702 -0.204102
v -0.401766 0.837702 -0.116402
v -0.291866 0.930142 -0.161902
v -0.331667 0.930142 -0.087402
v -0.246267 1.006002 -0.052002
v -0.214966 1.006002 -0.110601
v -0.127266 1.062372 -0.052002
v -0.148867 1.062372 -0.011602
v -0.032167 1.097082 0.011599
v -0.043167 1.097082 0.032198
v 0.066833 1.108802 0.077698
v -0.440367 0.498802 -0.261202
v -0.430666 0.378452 -0.254702
v -0.485966 0.378452 -0.151302
v -0.401766 0.249962 -0.235401
v -0.453867 0.249962 -0.138002
v -0.354866 0.116422 -0.204102
v -0.401766 0.116422 -0.116402
v -0.291866 -0.014658 -0.161901
v -0.331667 -0.014658 -0.087402
v -0.214966 -0.134278 -0.110601
v -0.246267 -0.134278 -0.052002
v -0.127266 -0.232398 -0.052002
v -0.148867 -0.232398 -0.011602
v -0.032167 -0.298568 0.011599
v -0.043167 -0.298568 0.032198
v 0.066833 -0.322708 0.077698
v -0.356266 0.378452 -0.345402
v -0.430666 0.378452 -0.254702
v -0.331667 0.249962 -0.320803
v -0.401766 0.249962 -0.235401
v -0.364567 0.498802 -0.353601
v -0.291866 0.116422 -0.280903
v -0.354866 0.116422 -0.204102
v -0.238167 -0.014658 -0.227303
v -0.291866 -0.014658 -0.161901
v -0.172867 -0.134278 -0.161901
v -0.214966 -0.134278 -0.110601
v -0.127266 -0.232398 -0.052002
v -0.098267 -0.232398 -0.087402
v -0.032167 -0.298568 0.011599
v -0.017366 -0.298568 -0.006502
v 0.066833 -0.322708 0.077698
v -0.356266 0.617812 -0.345402
v -0.430666 0.617812 -0.254702
v -0.331667 0.732242 -0.320803
v -0.401766 0.732242 -0.235401
v -0.291866 0.837702 -0.280903
v -0.354866 0.837702 -0.204102
v -0.291866 0.930142 -0.161902
v -0.238167 0.930142 -0.227303
v -0.214966 1.006002 -0.110601
v -0.172867 1.006002 -0.161902
v -0.127266 1.062372 -0.052002
v -0.098267 1.062372 -0.087402
v -0.032167 1.097082 0.011599
v -0.017366 1.097082 -0.006502
v 0.066833 1.108802 0.077698
v -0.356266 0.617812 -0.345402
v -0.272066 0.498802 -0.429503
v -0.356266 0.378452 -0.345402
v -0.265566 0.617812 -0.419802
v -0.331667 0.732242 -0.320803
v -0.246267 0.732242 -0.390902
v -0.291866 0.837702 -0.280903
v -0.214966 0.837702 -0.344002
v -0.172867 0.930142 -0.280903
v -0.238167 0.930142 -0.227303
v -0.172867 1.006002 -0.161902
v -0.121468 1.006002 -0.204102
v -0.098267 1.062372 -0.087402
v -0.062866 1.062372 -0.116402
v -0.017366 1.097082 -0.006502
v 0.000732 1.097082 -0.021301
v 0.066833 1.108802 0.077698
v -0.265566 0.378452 -0.419802
v -0.331667 0.249962 -0.320803
v -0.246267 0.249962 -0.390902
v -0.291866 0.116422 -0.280903
v -0.214966 0.116422 -0.344002
v -0.238167 -0.014658 -0.227303
v -0.172867 -0.014658 -0.280903
v -0.172867 -0.134278 -0.161901
v -0.121468 -0.134278 -0.204102
v -0.062866 -0.232398 -0.116402
v -0.098267 -0.232398 -0.087402
v -0.017366 -0.298568 -0.006502
v 0.000732 -0.298568 -0.021301
v 0.066833 -0.322708 0.077698
v -0.166666 0.498802 -0.485903
v -0.265566 0.378452 -0.419802
v -0.265566 0.617812 -0.419802
v -0.162167 0.378452 -0.475002
v -0.246267 0.249962 -0.390902
v -0.148867 0.249962 -0.443003
v -0.214966 0.116422 -0.344002
v -0.127266 0.116422 -0.390902
v -0.172867 -0.014658 -0.280903
v -0.098267 -0.014658 -0.320803
v -0.121468 -0.134278 -0.204102
v -0.062866 -0.134278 -0.235401
v -0.022566 -0.232398 -0.138002
v -0.062866 -0.232398 -0.116402
v 0.000732 -0.298568 -0.021301
v 0.021233 -0.298568 -0.032303
v 0.066833 -0.322708 0.077698
v -0.162167 0.617812 -0.475002
v -0.246267 0.732242 -0.390902
v -0.148867 0.732242 -0.443003
v -0.214966 0.837702 -0.344002
v -0.127266 0.837702 -0.390902
v -0.172867 0.930142 -0.280903
v -0.098267 0.930142 -0.320803
v -0.062866 1.006002 -0.235401
v -0.121468 1.006002 -0.204102
v -0.022566 1.062372 -0.138002
v -0.062866 1.062372 -0.116402
v 0.000732 1.097082 -0.021301
v 0.021233 1.097082 -0.032303
v 0.066833 1.108802 0.077698
v -0.162167 0.617812 -0.475002
v -0.162167 0.378452 -0.475002
v -0.049866 0.617812 -0.509102
v -0.148867 0.732242 -0.443003
v -0.043167 0.732242 -0.475002
v -0.127266 0.837702 -0.390902
v -0.032167 0.837702 -0.419802
v -0.098267 0.930142 -0.320803
v -0.017366 0.930142 -0.345402
v 0.000732 1.006002 -0.254702
v -0.062866 1.006002 -0.235401
v 0.021233 1.062372 -0.151302
v -0.022566 1.062372 -0.138002
v 0.043633 1.097082 -0.039002
v 0.021233 1.097082 -0.032303
v 0.066833 1.108802 0.077698
v -0.049866 0.378452 -0.509102
v -0.148867 0.249962 -0.443003
v -0.043167 0.249962 -0.475002
v -0.127266 0.116422 -0.390902
v -0.032167 0.116422 -0.419802
v -0.098267 -0.014658 -0.320803
v -0.017366 -0.014658 -0.345402
v -0.062866 -0.134278 -0.235401
v 0.000732 -0.134278 -0.254702
v -0.022566 -0.232398 -0.138002
v 0.021233 -0.232398 -0.151302
v 0.043633 -0.298568 -0.039001
v 0.021233 -0.298568 -0.032303
v 0.066833 -0.322708 0.077698
v 0.489834 0.617812 -0.345402
v 0.574034 0.498802 -0.261202
v 0.498133 0.498802 -0.353601
v 0.489834 0.378452 -0.345402
v 0.564234 0.617812 -0.254702
v 0.465334 0.732242 -0.320803
v 0.535433 0.732242 -0.235401
v 0.425434 0.837702 -0.280903
v 0.488533 0.837702 -0.204102
v 0.425434 0.930142 -0.161902
v 0.371834 0.930142 -0.227303
v 0.348633 1.006002 -0.110601
v 0.306433 1.006002 -0.161902
v 0.260933 1.062372 -0.052002
v 0.231833 1.062372 -0.087402
v 0.165733 1.097082 0.011599
v 0.150934 1.097082 -0.006502
v 0.066833 1.108802 0.077698
v 0.564234 0.378452 -0.254702
v 0.465334 0.249962 -0.320803
v 0.535433 0.249962 -0.235401
v 0.425434 0.116422 -0.280903
v 0.488533 0.116422 -0.204102
v 0.371834 -0.014658 -0.227303
v 0.425434 -0.014658 -0.161901
v 0.306433 -0.134278 -0.161901
v 0.348633 -0.134278 -0.110601
v 0.260933 -0.232398 -0.052002
v 0.231833 -0.232398 -0.087402
v 0.165733 -0.298568 0.011599
v 0.150934 -0.298568 -0.006502
v 0.066833 -0.322708 0.077698
v 0.564234 0.617812 -0.254702
v 0.564234 0.378452 -0.254702
v 0.619534 0.617812 -0.151302
v 0.535433 0.732242 -0.235401
v 0.587433 0.732242 -0.138002
v 0.488533 0.837702 -0.204102
v 0.535433 0.837702 -0.116402
v 0.425434 0.930142 -0.161902
v 0.465334 0.930142 -0.087402
v 0.348633 1.006002 -0.110601
v 0.379932 1.006002 -0.052002
v 0.260933 1.062372 -0.052002
v 0.282433 1.062372 -0.011602
v 0.165733 1.097082 0.011599
v 0.176733 1.097082 0.032198
v 0.066833 1.108802 0.077698
v 0.619534 0.378452 -0.151302
v 0.535433 0.249962 -0.235401
v 0.587433 0.249962 -0.138002
v 0.488533 0.116422 -0.204102
v 0.535433 0.116422 -0.116402
v 0.425434 -0.014658 -0.161901
v 0.465334 -0.014658 -0.087402
v 0.348633 -0.134278 -0.110601
v 0.379932 -0.134278 -0.052002
v 0.260933 -0.232398 -0.052002
v 0.282433 -0.232398 -0.011602
v 0.165733 -0.298568 0.011599
v 0.176733 -0.298568 0.032198
v 0.066833 -0.322708 0.077698
v -0.148867 0.732242 0.598398
v -0.043167 0.732242 0.630398
v -0.127266 0.837702 0.546299
v -0.032167 0.837702 0.575098
v -0.098267 0.930142 0.476198
v -0.017366 0.930142 0.500698
v -0.062866 1.006002 0.390798
v 0.000732 1.006002 0.410099
v 0.021233 1.062372 0.306599
v -0.022566 1.062372 0.293398
v 0.021233 1.097082 0.187597
v 0.043633 1.097082 0.194399
v 0.066833 1.108802 0.077698
v -0.265566 0.378452 0.575098
v -0.162167 0.378452 0.630398
v -0.246267 0.249962 0.546299
v -0.148867 0.249962 0.598398
v -0.214966 0.116422 0.499397
v -0.127266 0.116422 0.546299
v -0.172867 -0.014658 0.436298
v -0.098267 -0.014658 0.476198
v -0.121468 -0.134278 0.359499
v -0.062866 -0.134278 0.390799
v -0.022566 -0.232398 0.293398
v -0.062866 -0.232398 0.271797
v 0.021233 -0.298568 0.187597
v 0.000732 -0.298568 0.176598
v 0.066833 -0.322708 0.077698
v -0.272066 0.498802 0.584898
v -0.265566 0.617812 0.575098
v -0.162167 0.617812 0.630398
v -0.246267 0.732242 0.546299
v -0.148867 0.732242 0.598398
v -0.214966 0.837702 0.499397
v -0.127266 0.837702 0.546299
v -0.172867 0.930142 0.436298
v -0.098267 0.930142 0.476198
v -0.121468 1.006002 0.359499
v -0.062866 1.006002 0.390798
v -0.062866 1.062372 0.271797
v -0.022566 1.062372 0.293398
v 0.000732 1.097082 0.176598
v 0.021233 1.097082 0.187597
v 0.066833 1.108802 0.077698
v -0.356266 0.378452 0.500698
v -0.265566 0.378452 0.575098
v -0.331667 0.249962 0.476198
v -0.246267 0.249962 0.546299
v -0.291866 0.116422 0.436298
v -0.214966 0.116422 0.499397
v -0.238167 -0.014658 0.382698
v -0.172867 -0.014658 0.436298
v -0.172867 -0.134278 0.317299
v -0.121468 -0.134278 0.359499
v -0.062866 -0.232398 0.271797
v -0.098267 -0.232398 0.242798
v -0.017366 -0.298568 0.161799
v 0.000732 -0.298568 0.176598
v 0.066833 -0.322708 0.077698
v -0.356266 0.617812 0.500698
v -0.265566 0.617812 0.575098
v -0.331667 0.732242 0.476198
v -0.246267 0.732242 0.546299
v -0.291866 0.837702 0.436298
v -0.214966 0.837702 0.499397
v -0.172867 0.930142 0.436298
v -0.238167 0.930142 0.382698
v -0.121468 1.006002 0.359499
v -0.172867 1.006002 0.317299
v -0.062866 1.062372 0.271797
v -0.098267 1.062372 0.242798
v 0.000732 1.097082 0.176598
v -0.017366 1.097082 0.161798
v 0.066833 1.108802 0.077698
v -0.166666 -0.232398 0.077698
v -0.162167 -0.232398 0.032198
v -0.049866 -0.298568 0.054499
v -0.052166 -0.298568 0.077698
v 0.066833 -0.322708 0.077698
v -0.531467 0.498802 -0.041302
v -0.519966 0.617812 -0.039002
v -0.531467 0.617812 0.077698
v -0.485966 0.732242 -0.032303
v -0.496767 0.732242 0.077698
v -0.430666 0.837702 -0.021301
v -0.440367 0.837702 0.077698
v -0.356266 0.930142 -0.006502
v -0.364567 0.930142 0.077698
v -0.272066 1.006002 0.077698
v -0.265566 1.006002 0.011599
v -0.162167 1.062372 0.032198
v -0.166666 1.062372 0.077698
v -0.052166 1.097082 0.077698
v -0.049866 1.097082 0.054499
v 0.066833 1.108802 0.077698
v -0.485966 0.378452 -0.151302
v -0.519966 0.378452 -0.039001
v -0.453867 0.249962 -0.138002
v -0.485966 0.249962 -0.032303
v -0.401766 0.116422 -0.116402
v -0.430666 0.116422 -0.021301
v -0.331667 -0.014658 -0.087402
v -0.356266 -0.014658 -0.006502
v -0.246267 -0.134278 -0.052002
v -0.265566 -0.134278 0.011599
v -0.148867 -0.232398 -0.011602
v -0.162167 -0.232398 0.032198
v -0.049866 -0.298568 0.054499
v -0.043167 -0.298568 0.032198
v 0.066833 -0.322708 0.077698
v -0.485966 0.617812 -0.151302
v -0.519966 0.617812 -0.039002
v -0.453867 0.732242 -0.138002
v -0.485966 0.732242 -0.032303
v -0.401766 0.837702 -0.116402
v -0.430666 0.837702 -0.021301
v -0.331667 0.930142 -0.087402
v -0.356266 0.930142 -0.006502
v -0.265566 1.006002 0.011599
v -0.246267 1.006002 -0.052002
v -0.148867 1.062372 -0.011602
v -0.162167 1.062372 0.032198
v -0.049866 1.097082 0.054499
v -0.043167 1.097082 0.032198
v 0.066833 1.108802 0.077698
v 0.176733 0.732242 0.630398
v 0.066833 0.732242 0.641298
v 0.165733 0.837702 0.575098
v 0.066833 0.837702 0.584898
v 0.150934 0.930142 0.500698
v 0.066833 0.930142 0.508999
v 0.132933 1.006002 0.410099
v 0.066833 1.006002 0.416597
v 0.066833 1.062372 0.311098
v 0.112333 1.062372 0.306599
v 0.090033 1.097082 0.194399
v 0.066833 1.097082 0.196697
v 0.066833 1.108802 0.077698
v 0.295732 0.617812 0.630398
v 0.183533 0.617812 0.664497
v 0.282433 0.732242 0.598398
v 0.176733 0.732242 0.630398
v 0.260933 0.837702 0.546299
v 0.165733 0.837702 0.575098
v 0.231833 0.930142 0.476198
v 0.150934 0.930142 0.500698
v 0.196533 1.006002 0.390798
v 0.132933 1.006002 0.410099
v 0.112333 1.062372 0.306599
v 0.156134 1.062372 0.293398
v 0.112333 1.097082 0.187597
v 0.090033 1.097082 0.194399
v 0.066833 1.108802 0.077698
v 0.300234 0.498802 0.641298
v 0.295732 0.378452 0.630398
v 0.183533 0.378452 0.664497
v 0.282433 0.249962 0.598398
v 0.176733 0.249962 0.630398
v 0.260933 0.116422 0.546299
v 0.165733 0.116422 0.575098
v 0.231833 -0.014658 0.476198
v 0.150934 -0.014658 0.500698
v 0.196533 -0.134278 0.390799
v 0.132933 -0.134278 0.410099
v 0.112333 -0.232398 0.306599
v 0.156134 -0.232398 0.293398
v 0.112333 -0.298568 0.187597
v 0.090033 -0.298568 0.194399
v 0.066833 -0.322708 0.077698
v 0.399233 0.617812 0.575098
v 0.295732 0.617812 0.630398
v 0.379932 0.732242 0.546299
v 0.282433 0.732242 0.598398
v 0.348633 0.837702 0.499397
v 0.260933 0.837702 0.546299
v 0.306433 0.930142 0.436298
v 0.231833 0.930142 0.476198
v 0.196533 1.006002 0.390798
v 0.255133 1.006002 0.359499
v 0.156134 1.062372 0.293398
v 0.196533 1.062372 0.271797
v 0.112333 1.097082 0.187597
v 0.132933 1.097082 0.176598
v 0.066833 1.108802 0.077698
v 0.405733 0.498802 0.584898
v 0.399233 0.378452 0.575098
v 0.295732 0.378452 0.630398
v 0.379932 0.249962 0.546299
v 0.282433 0.249962 0.598398
v 0.348633 0.116422 0.499397
v 0.260933 0.116422 0.546299
v 0.306433 -0.014658 0.436298
v 0.231833 -0.014658 0.476198
v 0.255133 -0.134278 0.359499
v 0.196533 -0.134278 0.390799
v 0.196533 -0.232398 0.271797
v 0.156134 -0.232398 0.293398
v 0.112333 -0.298568 0.187597
v 0.132933 -0.298568 0.176598
v 0.066833 -0.322708 0.077698
v 0.489834 0.617812 0.500698
v 0.399233 0.617812 0.575098
v 0.465334 0.732242 0.476198
v 0.379932 0.732242 0.546299
v 0.425434 0.837702 0.436298
v 0.348633 0.837702 0.499397
v 0.371834 0.930142 0.382698
v 0.306433 0.930142 0.436298
v 0.306433 1.006002 0.317299
v 0.255133 1.006002 0.359499
v 0.231833 1.062372 0.242798
v 0.196533 1.062372 0.271797
v 0.150934 1.097082 0.161798
v 0.132933 1.097082 0.176598
v 0.066833 1.108802 0.077698
v 0.489834 0.378452 0.500698
v 0.399233 0.378452 0.575098
v 0.465334 0.249962 0.476198
v 0.379932 0.249962 0.546299
v 0.425434 0.116422 0.436298
v 0.348633 0.116422 0.499397
v 0.371834 -0.014658 0.382698
v 0.306433 -0.014658 0.436298
v 0.306433 -0.134278 0.317299
v 0.255133 -0.134278 0.359499
v 0.231833 -0.232398 0.242798
v 0.196533 -0.232398 0.271797
v 0.150934 -0.298568 0.161799
v 0.132933 -0.298568 0.176598
v 0.066833 -0.322708 0.077698
v 0.090033 1.097082 -0.039002
v 0.112333 1.097082 -0.032303
v 0.066833 1.108802 0.077698
v 0.399233 0.378452 -0.419802
v 0.295732 0.378452 -0.475002
v 0.379932 0.249962 -0.390902
v 0.282433 0.249962 -0.443003
v 0.348633 0.116422 -0.344002
v 0.260933 0.116422 -0.390902
v 0.306433 -0.014658 -0.280903
v 0.231833 -0.014658 -0.320803
v 0.255133 -0.134278 -0.204102
v 0.196533 -0.134278 -0.235401
v 0.156134 -0.232398 -0.138002
v 0.196533 -0.232398 -0.116402
v 0.112333 -0.298568 -0.032303
v 0.132933 -0.298568 -0.021301
v 0.066833 -0.322708 0.077698
v 0.405733 0.498802 -0.429503
v 0.399233 0.617812 -0.419802
v 0.295732 0.617812 -0.475002
v 0.379932 0.732242 -0.390902
v 0.282433 0.732242 -0.443003
v 0.348633 0.837702 -0.344002
v 0.260933 0.837702 -0.390902
v 0.306433 0.930142 -0.280903
v 0.231833 0.930142 -0.320803
v 0.196533 1.006002 -0.235401
v 0.255133 1.006002 -0.204102
v 0.156134 1.062372 -0.138002
v 0.196533 1.062372 -0.116402
v 0.132933 1.097082 -0.021301
v 0.112333 1.097082 -0.032303
v 0.066833 1.108802 0.077698
v 0.489834 0.378452 -0.345402
v 0.399233 0.378452 -0.419802
v 0.465334 0.249962 -0.320803
v 0.379932 0.249962 -0.390902
v 0.425434 0.116422 -0.280903
v 0.348633 0.116422 -0.344002
v 0.371834 -0.014658 -0.227303
v 0.306433 -0.014658 -0.280903
v 0.306433 -0.134278 -0.161901
v 0.255133 -0.134278 -0.204102
v 0.196533 -0.232398 -0.116402
v 0.231833 -0.232398 -0.087402
v 0.150934 -0.298568 -0.006502
v 0.132933 -0.298568 -0.021301
v 0.066833 -0.322708 0.077698
v 0.489834 0.617812 -0.345402
v 0.399233 0.617812 -0.419802
v 0.465334 0.732242 -0.320803
v 0.379932 0.732242 -0.390902
v 0.425434 0.837702 -0.280903
v 0.348633 0.837702 -0.344002
v 0.371834 0.930142 -0.227303
v 0.306433 0.930142 -0.280903
v 0.306433 1.006002 -0.161902
v 0.255133 1.006002 -0.204102
v 0.196533 1.062372 -0.116402
v 0.231833 1.062372 -0.087402
v 0.150934 1.097082 -0.006502
v 0.132933 1.097082 -0.021301
v 0.066833 1.108802 0.077698
v 0.183533 1.097082 0.054499
v 0.176733 1.097082 0.032198
v 0.066833 1.108802 0.077698
v 0.653633 0.378452 -0.039001
v 0.587433 0.249962 -0.138002
v 0.619534 0.249962 -0.032303
v 0.535433 0.116422 -0.116402
v 0.564234 0.116422 -0.021301
v 0.465334 -0.014658 -0.087402
v 0.489834 -0.014658 -0.006502
v 0.379932 -0.134278 -0.052002
v 0.399233 -0.134278 0.011599
v 0.282433 -0.232398 -0.011602
v 0.295732 -0.232398 0.032198
v 0.183533 -0.298568 0.054499
v 0.176733 -0.298568 0.032198
v 0.066833 -0.322708 0.077698
v 0.676834 0.498802 0.077698
v 0.653633 0.378452 -0.039001
v 0.653633 0.617812 -0.039002
v 0.665133 0.378452 0.077698
v 0.665133 0.617812 0.077698
v 0.619534 0.249962 -0.032303
v 0.619534 0.732242 -0.032303
v 0.630333 0.249962 0.077698
v 0.630333 0.732242 0.077698
v 0.564234 0.116422 -0.021301
v 0.564234 0.837702 -0.021301
v 0.574034 0.116422 0.077698
v 0.574034 0.837702 0.077698
v 0.489834 -0.014658 -0.006502
v 0.489834 0.930142 -0.006502
v 0.498133 -0.014658 0.077698
v 0.498133 0.930142 0.077698
v 0.399233 -0.134278 0.011599
v 0.405733 1.006002 0.077698
v 0.405733 -0.134278 0.077698
v 0.399233 1.006002 0.011599
v 0.295732 -0.232398 0.032198
v 0.295732 1.062372 0.032198
v 0.300234 -0.232398 0.077698
v 0.300234 1.062372 0.077698
v 0.183533 -0.298568 0.054499
v 0.185833 -0.298568 0.077698
v 0.066833 -0.322708 0.077698
v 0.183533 1.097082 0.054499
v 0.185833 1.097082 0.077698
v 0.066833 1.108802 0.077698
v 0.066833 -0.337668 0.111698
v 0.066833 -0.357128 0.094997
v 0.079033 -0.357128 0.089998
v 0.054533 -0.357128 0.089998
v 0.090834 -0.337668 0.101698
v 0.042734 -0.337668 0.101698
v 0.100834 -0.337668 0.077698
v 0.084133 -0.357128 0.077698
v 0.079033 -0.357128 0.065397
v 0.066833 -0.296018 0.077698
v 0.090834 -0.337668 0.053598
v 0.066833 -0.337668 0.043697
v 0.066833 -0.357128 0.060398
v 0.054533 -0.357128 0.065397
v 0.042734 -0.337668 0.053598
v 0.032833 -0.337668 0.077698
v 0.049433 -0.357128 0.077698
v 0.124233 -0.394488 0.020298
v 0.152233 -0.414128 0.077698
v 0.127234 -0.414128 0.017298
v 0.066833 -0.414128 -0.007702
v 0.148033 -0.394488 0.077698
v 0.066833 -0.394488 -0.003502
v 0.079033 -0.357128 0.065397
v 0.084133 -0.357128 0.077698
v 0.066833 -0.357128 0.060398
v 0.079033 -0.357128 0.089998
v 0.054533 -0.357128 0.065397
v 0.009434 -0.394488 0.020298
v 0.006433 -0.414128 0.017298
v 0.049433 -0.357128 0.077698
v -0.018566 -0.414128 0.077698
v -0.014366 -0.394488 0.077698
v 0.009434 -0.394488 0.135098
v 0.006433 -0.414128 0.138098
v 0.054533 -0.357128 0.089998
v 0.066833 -0.414128 0.163097
v 0.066833 -0.394488 0.158897
v 0.066833 -0.357128 0.094997
v 0.124233 -0.394488 0.135098
v 0.127234 -0.414128 0.138098
v -0.516768 -3.763648 -0.710302
v -0.516768 -3.622228 -0.851803
v -0.516768 -3.652708 -0.876701
v -0.516768 -3.700398 -0.900102
v -0.516768 -3.763648 -0.910301
v -0.516768 -3.826888 -0.900102
v -0.516768 -3.874588 -0.876701
v -0.516768 -3.905068 -0.851803
v -0.516768 -3.905068 -0.851803
v -0.516768 -3.930058 -0.821302
v -0.516768 -3.953378 -0.773601
v -0.516768 -3.963648 -0.710302
v -0.516768 -3.953378 -0.647102
v -0.516768 -3.930058 -0.599401
v -0.516768 -3.905068 -0.568901
v -0.516768 -3.905068 -0.568901
v -0.516768 -3.874588 -0.543901
v -0.516768 -3.826888 -0.520601
v -0.516768 -3.763648 -0.510301
v -0.516768 -3.700398 -0.520601
v -0.516768 -3.652708 -0.543901
v -0.516768 -3.622228 -0.568901
v -0.516768 -3.622228 -0.568901
v -0.516768 -3.597238 -0.599401
v -0.516768 -3.573908 -0.647102
v -0.516768 -3.563648 -0.710302
v -0.516768 -3.573908 -0.773601
v -0.516768 -3.597238 -0.821302
v -0.516768 -3.622228 -0.851803
v -0.716766 -3.622228 -0.568901
v -0.516768 -3.622228 -0.568901
v -0.716766 -3.597238 -0.599401
v -0.516768 -3.597238 -0.599401
v -0.716766 -3.573908 -0.647102
v -0.516768 -3.573908 -0.647102
v -0.716766 -3.563648 -0.710302
v -0.516768 -3.563648 -0.710302
v -0.716766 -3.573908 -0.773601
v -0.516768 -3.573908 -0.773601
v -0.716766 -3.597238 -0.821302
v -0.516768 -3.597238 -0.821302
v -0.716766 -3.622228 -0.851803
v -0.516768 -3.622228 -0.851803
v -0.516768 -3.622228 -0.568901
v -0.716766 -3.622228 -0.568901
v -0.516768 -3.652708 -0.543901
v -0.716766 -3.652708 -0.543901
v -0.516768 -3.700398 -0.520601
v -0.716766 -3.700398 -0.520601
v -0.516768 -3.763648 -0.510301
v -0.716766 -3.763648 -0.510301
v -0.516768 -3.826888 -0.520601
v -0.716766 -3.826888 -0.520601
v -0.516768 -3.874588 -0.543901
v -0.716766 -3.874588 -0.543901
v -0.516768 -3.905068 -0.568901
v -0.716766 -3.905068 -0.568901
v -0.716766 -3.763648 -0.710302
v -0.716766 -3.622228 -0.568901
v -0.716766 -3.652708 -0.543901
v -0.716766 -3.700398 -0.520601
v -0.716766 -3.763648 -0.510301
v -0.716766 -3.826888 -0.520601
v -0.716766 -3.874588 -0.543901
v -0.716766 -3.905068 -0.568901
v -0.716766 -3.905068 -0.568901
v -0.716766 -3.930058 -0.599401
v -0.716766 -3.953378 -0.647102
v -0.716766 -3.963648 -0.710302
v -0.716766 -3.953378 -0.773601
v -0.716766 -3.930058 -0.821302
v -0.716766 -3.905068 -0.851803
v -0.716766 -3.905068 -0.851803
v -0.716766 -3.874588 -0.876701
v -0.716766 -3.826888 -0.900102
v -0.716766 -3.763648 -0.910301
v -0.716766 -3.700398 -0.900102
v -0.716766 -3.652708 -0.876701
v -0.716766 -3.622228 -0.851803
v -0.716766 -3.622228 -0.851803
v -0.716766 -3.597238 -0.821302
v -0.716766 -3.573908 -0.773601
v -0.716766 -3.563648 -0.710302
v -0.716766 -3.573908 -0.647102
v -0.716766 -3.597238 -0.599401
v -0.716766 -3.622228 -0.568901
v -0.716766 -3.905068 -0.851803
v -0.516768 -3.905068 -0.851803
v -0.716766 -3.930058 -0.821302
v -0.516768 -3.930058 -0.821302
v -0.716766 -3.953378 -0.773601
v -0.516768 -3.953378 -0.773601
v -0.716766 -3.963648 -0.710302
v -0.516768 -3.963648 -0.710302
v -0.716766 -3.953378 -0.647102
v -0.516768 -3.953378 -0.647102
v -0.716766 -3.930058 -0.599401
v -0.516768 -3.930058 -0.599401
v -0.716766 -3.905068 -0.568901
v -0.516768 -3.905068 -0.568901
v -0.716766 -3.622228 -0.851803
v -0.516768 -3.622228 -0.851803
v -0.716766 -3.652708 -0.876701
v -0.516768 -3.652708 -0.876701
v -0.716766 -3.700398 -0.900102
v -0.516768 -3.700398 -0.900102
v -0.716766 -3.763648 -0.910301
v -0.516768 -3.763648 -0.910301
v -0.716766 -3.826888 -0.900102
v -0.516768 -3.826888 -0.900102
v -0.716766 -3.874588 -0.876701
v -0.516768 -3.874588 -0.876701
v -0.716766 -3.905068 -0.851803
v -0.516768 -3.905068 -0.851803
vn -0.3788 -0.8444 0.3788
vn -0.5364 -0.8440 -0.0000
vn -0.0000 -1.0000 -0.0000
vn -0.0000 -0.8440 0.5364
vn 0.3788 -0.8444 0.3788
vn -0.3788 -0.8444 -0.3788
vn 0.5364 -0.8440 -0.0000
vn -0.0000 -0.8440 -0.5364
vn 0.3788 -0.8444 -0.3788
vn 0.9048 0.1967 -0.3777
vn 0.9806 -0.0000 -0.1961
vn 0.9224 -0.0000 -0.3863
vn 0.9075 -0.1815 -0.3788
vn 0.9619 0.1971 -0.1892
vn 0.8561 0.3770 -0.3534
vn 0.9075 0.3788 -0.1815
vn 0.7723 0.5516 -0.3152
vn 0.8182 0.5507 -0.1652
vn 0.6555 0.7028 -0.2764
vn 0.6959 0.7038 -0.1424
vn 0.5513 0.8270 -0.1103
vn 0.5200 0.8273 -0.2127
vn 0.3618 0.9202 -0.1494
vn 0.3784 0.9223 -0.0788
vn -0.6933 0.1969 0.6932
vn -0.8308 -0.0000 0.5565
vn -0.7071 -0.0000 0.7071
vn -0.6953 -0.1817 0.6953
vn -0.8170 0.1964 0.5421
vn -0.6545 0.3785 0.6545
vn -0.7715 0.3779 0.5118
vn -0.5902 0.5508 0.5901
vn -0.6930 0.5513 0.4646
vn -0.5042 0.7011 0.5042
vn -0.5921 0.7026 0.3947
vn -0.3950 0.8294 0.3950
vn -0.4660 0.8294 0.3081
vn -0.3231 0.9221 0.2128
vn -0.2755 0.9210 0.2755
vn -0.1422 0.9796 0.1422
vn -0.1660 0.9799 0.1106
vn -0.0000 1.0000 -0.0000
vn -0.8171 0.1964 0.5421
vn -0.9224 -0.0000 0.3863
vn -0.8309 -0.0000 0.5565
vn -0.8195 -0.1812 0.5437
vn -0.9048 0.1967 0.3777
vn -0.7716 0.3779 0.5117
vn -0.8561 0.3770 0.3534
vn -0.7723 0.5516 0.3152
vn -0.6555 0.7028 0.2764
vn -0.5200 0.8273 0.2127
vn -0.3232 0.9221 0.2128
vn -0.3618 0.9202 0.1494
vn -0.1894 0.9787 0.0789
vn -0.9048 0.1967 0.3776
vn -0.9806 -0.0000 0.1962
vn -0.9224 -0.0000 0.3862
vn -0.9075 -0.1815 0.3788
vn -0.9619 0.1971 0.1893
vn -0.9075 0.3788 0.1815
vn -0.8182 0.5507 0.1653
vn -0.6959 0.7039 0.1424
vn -0.5513 0.8270 0.1103
vn -0.3784 0.9223 0.0788
vn -0.1975 0.9795 0.0395
vn -0.9619 0.1971 0.1892
vn -1.0000 -0.0000 -0.0000
vn -0.9806 -0.0000 0.1961
vn -0.9654 -0.1805 0.1884
vn -0.9806 0.1961 -0.0000
vn -0.9252 0.3796 -0.0000
vn -0.8182 0.5507 0.1652
vn -0.8345 0.5511 -0.0000
vn -0.6959 0.7038 0.1423
vn -0.7110 0.7031 -0.0000
vn -0.5601 0.8284 -0.0000
vn -0.5513 0.8270 0.1102
vn -0.3863 0.9224 -0.0000
vn -0.2052 0.9787 -0.0000
vn -0.0000 -0.0000 -1.0000
vn -0.1883 -0.1805 -0.9654
vn -0.1961 -0.0000 -0.9806
vn -0.1892 0.1971 -0.9620
vn -0.0000 0.1961 -0.9806
vn -0.1815 0.3788 -0.9075
vn -0.0000 0.3796 -0.9252
vn -0.1652 0.5507 -0.8182
vn -0.0000 0.5511 -0.8345
vn -0.1423 0.7038 -0.6959
vn -0.0000 0.7031 -0.7110
vn -0.1103 0.8270 -0.5513
vn -0.0000 0.8284 -0.5602
vn -0.0000 0.9224 -0.3863
vn -0.0788 0.9223 -0.3784
vn -0.0000 0.9787 -0.2052
vn -0.0395 0.9795 -0.1975
vn -0.9835 -0.1810 -0.0000
vn -0.9290 -0.3228 0.1810
vn -0.9463 -0.3233 -0.0000
vn -0.8809 -0.4405 0.1730
vn -0.8976 -0.4409 -0.0000
vn -0.8146 -0.5561 0.1645
vn -0.8308 -0.5565 -0.0000
vn -0.7270 -0.6717 0.1422
vn -0.7417 -0.6707 -0.0000
vn -0.5975 -0.8019 -0.0000
vn -0.5883 -0.8001 0.1176
vn -0.3554 -0.9320 0.0711
vn -0.3632 -0.9317 -0.0000
vn -0.9654 -0.1805 -0.1884
vn -0.9290 -0.3228 -0.1810
vn -0.8809 -0.4405 -0.1730
vn -0.8146 -0.5561 -0.1645
vn -0.7270 -0.6717 -0.1422
vn -0.0000 -0.1810 -0.9835
vn -0.1811 -0.3228 -0.9290
vn -0.0000 -0.3233 -0.9463
vn -0.1730 -0.4405 -0.8809
vn -0.0000 -0.4409 -0.8976
vn -0.1645 -0.5561 -0.8146
vn -0.0000 -0.5565 -0.8308
vn -0.1422 -0.6717 -0.7270
vn -0.0000 -0.6707 -0.7417
vn -0.1176 -0.8001 -0.5883
vn -0.0000 -0.8019 -0.5975
vn -0.0000 -0.9317 -0.3632
vn -0.0711 -0.9320 -0.3554
vn 0.1883 -0.1805 -0.9654
vn 0.1811 -0.3228 -0.9290
vn 0.1730 -0.4405 -0.8809
vn 0.1645 -0.5561 -0.8146
vn 0.1422 -0.6717 -0.7270
vn 0.1176 -0.8001 -0.5883
vn -0.6693 -0.3228 0.6692
vn -0.7864 -0.3224 0.5269
vn -0.6337 -0.4436 0.6337
vn -0.7480 -0.4409 0.4961
vn -0.5876 -0.5563 0.5876
vn -0.6900 -0.5567 0.4626
vn -0.5263 -0.6678 0.5264
vn -0.6164 -0.6717 0.4109
vn -0.4959 -0.8029 0.3306
vn -0.4238 -0.8005 0.4238
vn -0.3000 -0.9316 0.2053
vn -0.2601 -0.9299 0.2601
vn -0.8743 -0.3229 0.3623
vn -0.7480 -0.4409 0.4960
vn -0.8276 -0.4414 0.3468
vn -0.7689 -0.5571 0.3139
vn -0.6859 -0.6701 0.2838
vn -0.4960 -0.8029 0.3306
vn -0.5509 -0.8027 0.2283
vn -0.3389 -0.9301 0.1419
vn -0.3000 -0.9316 0.2052
vn -0.9290 -0.3228 0.1811
vn -0.8809 -0.4405 0.1731
vn -0.7689 -0.5571 0.3138
vn -0.8146 -0.5562 0.1645
vn -0.7270 -0.6717 0.1423
vn -0.5509 -0.8027 0.2282
vn -0.5883 -0.8001 0.1177
vn -0.0001 -1.0000 -0.0000
vn -0.0000 -0.1810 0.9835
vn 0.1884 -0.1805 0.9654
vn -0.0000 -0.0000 1.0000
vn 0.1810 -0.3228 0.9290
vn -0.0000 -0.3233 0.9463
vn 0.1730 -0.4405 0.8809
vn -0.0000 -0.4409 0.8976
vn 0.1645 -0.5561 0.8146
vn -0.0000 -0.5565 0.8308
vn 0.1422 -0.6717 0.7270
vn -0.0000 -0.6707 0.7417
vn -0.0000 -0.8019 0.5975
vn 0.1176 -0.8001 0.5883
vn -0.0000 -0.9317 0.3632
vn 0.0711 -0.9320 0.3554
vn 0.1961 -0.0000 0.9806
vn 0.1892 0.1971 0.9620
vn -0.0000 0.1961 0.9806
vn -0.3623 -0.3230 0.8743
vn -0.1884 -0.1805 0.9654
vn -0.3788 -0.1815 0.9075
vn -0.1811 -0.3228 0.9290
vn -0.1961 -0.0000 0.9806
vn -0.3468 -0.4414 0.8276
vn -0.1731 -0.4405 0.8809
vn -0.3138 -0.5571 0.7689
vn -0.1645 -0.5561 0.8146
vn -0.2838 -0.6701 0.6859
vn -0.1423 -0.6717 0.7270
vn -0.1177 -0.8001 0.5883
vn -0.2282 -0.8028 0.5509
vn -0.1418 -0.9301 0.3389
vn -0.0711 -0.9320 0.3554
vn -0.3863 -0.0000 0.9224
vn -0.3776 0.1967 0.9048
vn -0.1893 0.1971 0.9619
vn 0.0711 -0.9320 -0.3554
vn 0.1961 -0.0000 -0.9806
vn 0.1892 0.1971 -0.9620
vn 0.1815 0.3788 -0.9075
vn 0.1652 0.5507 -0.8182
vn 0.1424 0.7038 -0.6959
vn 0.1102 0.8270 -0.5513
vn 0.0788 0.9223 -0.3784
vn 0.0395 0.9795 -0.1975
vn 0.3788 -0.1815 -0.9075
vn 0.1884 -0.1805 -0.9654
vn 0.3623 -0.3229 -0.8743
vn 0.3468 -0.4414 -0.8276
vn 0.1731 -0.4405 -0.8809
vn 0.3138 -0.5571 -0.7689
vn 0.2838 -0.6701 -0.6859
vn 0.1423 -0.6717 -0.7270
vn 0.2282 -0.8027 -0.5509
vn 0.1177 -0.8001 -0.5883
vn 0.1419 -0.9301 -0.3389
vn -0.0000 -1.0000 -0.0001
vn 0.3863 -0.0000 -0.9224
vn 0.3776 0.1967 -0.9048
vn 0.1893 0.1971 -0.9619
vn 0.3534 0.3770 -0.8561
vn 0.3152 0.5516 -0.7723
vn 0.2764 0.7028 -0.6555
vn 0.1423 0.7039 -0.6959
vn 0.1103 0.8270 -0.5513
vn 0.2127 0.8273 -0.5200
vn 0.1494 0.9202 -0.3618
vn -0.1102 0.8270 0.5513
vn -0.0000 0.7031 0.7110
vn -0.0000 0.8284 0.5601
vn -0.0000 0.9224 0.3863
vn -0.1423 0.7039 0.6959
vn -0.0788 0.9223 0.3784
vn -0.0000 0.5511 0.8345
vn -0.0395 0.9795 0.1975
vn -0.0000 0.9787 0.2052
vn -0.1652 0.5507 0.8182
vn -0.0000 0.3796 0.9252
vn -0.1815 0.3788 0.9075
vn -0.1892 0.1971 0.9620
vn -0.1730 -0.4405 0.8809
vn -0.1422 -0.6717 0.7270
vn -0.1176 -0.8001 0.5883
vn 0.8308 -0.0000 0.5565
vn 0.6933 0.1969 0.6932
vn 0.7071 -0.0000 0.7071
vn 0.6953 -0.1817 0.6953
vn 0.8170 0.1964 0.5421
vn 0.6545 0.3785 0.6545
vn 0.7715 0.3779 0.5118
vn 0.5902 0.5508 0.5901
vn 0.6930 0.5512 0.4646
vn 0.5042 0.7011 0.5042
vn 0.5921 0.7026 0.3947
vn 0.4660 0.8294 0.3081
vn 0.3950 0.8294 0.3950
vn 0.3231 0.9221 0.2128
vn 0.2755 0.9210 0.2755
vn 0.1660 0.9799 0.1106
vn 0.1422 0.9796 0.1422
vn 0.8195 -0.1812 0.5437
vn 0.6693 -0.3228 0.6692
vn 0.7864 -0.3224 0.5269
vn 0.6337 -0.4436 0.6337
vn 0.7480 -0.4409 0.4961
vn 0.5876 -0.5563 0.5876
vn 0.6900 -0.5567 0.4626
vn 0.5264 -0.6678 0.5263
vn 0.6164 -0.6717 0.4110
vn 0.4238 -0.8005 0.4238
vn 0.4959 -0.8029 0.3307
vn 0.2601 -0.9299 0.2601
vn 0.3000 -0.9316 0.2053
vn 0.9224 -0.0000 0.3863
vn 0.8171 0.1964 0.5420
vn 0.8309 -0.0000 0.5565
vn 0.9048 0.1967 0.3777
vn 0.7716 0.3779 0.5117
vn 0.8561 0.3770 0.3535
vn 0.6930 0.5513 0.4646
vn 0.7723 0.5516 0.3152
vn 0.6554 0.7028 0.2764
vn 0.5200 0.8273 0.2127
vn 0.3232 0.9221 0.2128
vn 0.3618 0.9202 0.1494
vn 0.1894 0.9787 0.0789
vn 0.9075 -0.1815 0.3788
vn 0.8743 -0.3229 0.3623
vn 0.7480 -0.4409 0.4960
vn 0.8276 -0.4414 0.3468
vn 0.7689 -0.5571 0.3139
vn 0.6164 -0.6717 0.4109
vn 0.6859 -0.6701 0.2838
vn 0.5509 -0.8027 0.2282
vn 0.4959 -0.8029 0.3306
vn 0.3000 -0.9316 0.2052
vn 0.3389 -0.9301 0.1419
vn 0.9806 -0.0000 0.1962
vn 0.9048 0.1967 0.3776
vn 0.9619 0.1971 0.1893
vn 0.8561 0.3770 0.3534
vn 0.9075 0.3788 0.1815
vn 0.8182 0.5507 0.1652
vn 0.6555 0.7028 0.2764
vn 0.6959 0.7039 0.1424
vn 0.5513 0.8270 0.1103
vn 0.3784 0.9223 0.0788
vn 0.1975 0.9795 0.0395
vn 0.9654 -0.1805 0.1884
vn 0.9290 -0.3228 0.1811
vn 0.8809 -0.4405 0.1731
vn 0.7689 -0.5571 0.3138
vn 0.8146 -0.5561 0.1645
vn 0.7270 -0.6717 0.1423
vn 0.5883 -0.8001 0.1177
vn 0.5509 -0.8028 0.2282
vn 0.3554 -0.9320 0.0711
vn 0.0001 -1.0000 -0.0000
vn 1.0000 -0.0000 -0.0000
vn 0.9620 0.1971 0.1892
vn 0.9806 -0.0000 0.1961
vn 0.9654 -0.1805 0.1883
vn 0.9806 0.1961 -0.0000
vn 0.9835 -0.1810 -0.0000
vn 0.9252 0.3796 -0.0000
vn 0.9463 -0.3233 -0.0000
vn 0.8809 -0.4405 0.1730
vn 0.8345 0.5511 -0.0000
vn 0.8976 -0.4409 -0.0000
vn 0.7110 0.7031 -0.0000
vn 0.8308 -0.5565 -0.0000
vn 0.5601 0.8284 -0.0000
vn 0.5513 0.8270 0.1102
vn 0.7270 -0.6717 0.1422
vn 0.7417 -0.6707 -0.0000
vn 0.3863 0.9224 -0.0000
vn 0.2052 0.9787 -0.0000
vn 0.5975 -0.8019 -0.0000
vn 0.3632 -0.9317 -0.0000
vn -0.8171 0.1964 -0.5420
vn -0.9224 -0.0000 -0.3863
vn -0.9048 0.1967 -0.3777
vn -0.7716 0.3779 -0.5117
vn -0.8561 0.3770 -0.3535
vn -0.6930 0.5513 -0.4646
vn -0.7722 0.5516 -0.3152
vn -0.5921 0.7026 -0.3947
vn -0.6555 0.7028 -0.2764
vn -0.5200 0.8273 -0.2127
vn -0.4661 0.8294 -0.3080
vn -0.3232 0.9221 -0.2128
vn -0.3618 0.9202 -0.1495
vn -0.1660 0.9799 -0.1106
vn -0.1894 0.9787 -0.0789
vn -0.8309 -0.0000 -0.5565
vn -0.8195 -0.1812 -0.5437
vn -0.9075 -0.1815 -0.3788
vn -0.7864 -0.3224 -0.5269
vn -0.8743 -0.3229 -0.3624
vn -0.7480 -0.4409 -0.4960
vn -0.8276 -0.4414 -0.3468
vn -0.6900 -0.5567 -0.4626
vn -0.7689 -0.5571 -0.3138
vn -0.6164 -0.6717 -0.4109
vn -0.6859 -0.6701 -0.2838
vn -0.4960 -0.8029 -0.3306
vn -0.5509 -0.8028 -0.2283
vn -0.3000 -0.9316 -0.2052
vn -0.3389 -0.9301 -0.1419
vn -0.8308 -0.0000 -0.5565
vn -0.6953 -0.1817 -0.6953
vn -0.6693 -0.3228 -0.6692
vn -0.7071 -0.0000 -0.7071
vn -0.6337 -0.4436 -0.6337
vn -0.7480 -0.4409 -0.4961
vn -0.5876 -0.5563 -0.5876
vn -0.5264 -0.6678 -0.5263
vn -0.4959 -0.8029 -0.3306
vn -0.4238 -0.8005 -0.4238
vn -0.3000 -0.9316 -0.2053
vn -0.2601 -0.9299 -0.2600
vn -0.6933 0.1969 -0.6932
vn -0.8170 0.1964 -0.5421
vn -0.6545 0.3785 -0.6545
vn -0.7715 0.3779 -0.5118
vn -0.5902 0.5508 -0.5901
vn -0.6930 0.5513 -0.4647
vn -0.5042 0.7011 -0.5042
vn -0.4660 0.8294 -0.3081
vn -0.3950 0.8295 -0.3950
vn -0.3231 0.9221 -0.2128
vn -0.2755 0.9210 -0.2755
vn -0.1422 0.9796 -0.1422
vn -0.6933 0.1969 -0.6933
vn -0.5565 -0.0000 -0.8308
vn -0.6953 -0.1817 -0.6954
vn -0.5421 0.1964 -0.8170
vn -0.5118 0.3779 -0.7716
vn -0.5902 0.5508 -0.5902
vn -0.4647 0.5512 -0.6930
vn -0.3948 0.7026 -0.5921
vn -0.3950 0.8294 -0.3950
vn -0.3081 0.8294 -0.4660
vn -0.2128 0.9221 -0.3231
vn -0.1106 0.9799 -0.1659
vn -0.5437 -0.1812 -0.8195
vn -0.6692 -0.3228 -0.6693
vn -0.5269 -0.3224 -0.7864
vn -0.4961 -0.4409 -0.7480
vn -0.4626 -0.5567 -0.6900
vn -0.5263 -0.6678 -0.5264
vn -0.4110 -0.6717 -0.6164
vn -0.3307 -0.8029 -0.4959
vn -0.2600 -0.9299 -0.2601
vn -0.2053 -0.9316 -0.3000
vn -0.3863 -0.0000 -0.9224
vn -0.5565 -0.0000 -0.8309
vn -0.5421 0.1964 -0.8171
vn -0.3788 -0.1815 -0.9075
vn -0.3623 -0.3229 -0.8743
vn -0.4960 -0.4409 -0.7480
vn -0.3468 -0.4414 -0.8276
vn -0.3139 -0.5571 -0.7689
vn -0.4109 -0.6717 -0.6164
vn -0.2838 -0.6701 -0.6859
vn -0.2283 -0.8027 -0.5509
vn -0.3306 -0.8029 -0.4960
vn -0.2052 -0.9316 -0.3000
vn -0.1419 -0.9301 -0.3389
vn -0.3777 0.1967 -0.9048
vn -0.5117 0.3779 -0.7716
vn -0.3535 0.3770 -0.8561
vn -0.4646 0.5513 -0.6930
vn -0.3152 0.5516 -0.7723
vn -0.3947 0.7026 -0.5921
vn -0.2764 0.7028 -0.6555
vn -0.2127 0.8273 -0.5200
vn -0.3080 0.8294 -0.4661
vn -0.1494 0.9202 -0.3618
vn -0.1106 0.9799 -0.1660
vn -0.0789 0.9787 -0.1894
vn -0.3776 0.1967 -0.9048
vn -0.1892 0.1971 -0.9619
vn -0.3534 0.3770 -0.8561
vn -0.1424 0.7038 -0.6959
vn -0.1884 -0.1805 -0.9654
vn -0.1731 -0.4405 -0.8809
vn -0.3138 -0.5571 -0.7689
vn -0.1423 -0.6717 -0.7270
vn -0.2282 -0.8028 -0.5509
vn -0.1177 -0.8001 -0.5883
vn 0.6933 0.1969 -0.6932
vn 0.8308 -0.0000 -0.5565
vn 0.7071 -0.0000 -0.7071
vn 0.6953 -0.1817 -0.6953
vn 0.8170 0.1964 -0.5421
vn 0.6545 0.3785 -0.6545
vn 0.7715 0.3779 -0.5118
vn 0.5902 0.5508 -0.5901
vn 0.6930 0.5513 -0.4646
vn 0.5921 0.7026 -0.3947
vn 0.5042 0.7011 -0.5042
vn 0.4660 0.8294 -0.3081
vn 0.3950 0.8295 -0.3950
vn 0.3231 0.9221 -0.2128
vn 0.2755 0.9210 -0.2755
vn 0.1660 0.9799 -0.1106
vn 0.1422 0.9796 -0.1422
vn 0.8195 -0.1812 -0.5437
vn 0.6693 -0.3228 -0.6692
vn 0.7864 -0.3224 -0.5269
vn 0.6337 -0.4436 -0.6337
vn 0.7480 -0.4409 -0.4960
vn 0.5876 -0.5563 -0.5876
vn 0.6900 -0.5567 -0.4626
vn 0.5264 -0.6678 -0.5263
vn 0.6164 -0.6717 -0.4109
vn 0.4959 -0.8029 -0.3306
vn 0.4238 -0.8005 -0.4238
vn 0.3000 -0.9316 -0.2053
vn 0.2601 -0.9299 -0.2601
vn 0.8171 0.1964 -0.5421
vn 0.8309 -0.0000 -0.5565
vn 0.7716 0.3779 -0.5117
vn 0.8561 0.3770 -0.3535
vn 0.7722 0.5516 -0.3152
vn 0.6554 0.7028 -0.2764
vn 0.1659 0.9799 -0.1106
vn 0.1894 0.9787 -0.0790
vn 0.8743 -0.3229 -0.3623
vn 0.8276 -0.4414 -0.3468
vn 0.7689 -0.5571 -0.3139
vn 0.6859 -0.6701 -0.2838
vn 0.5509 -0.8027 -0.2283
vn 0.3000 -0.9316 -0.2052
vn 0.3389 -0.9301 -0.1419
vn -0.3534 0.3770 0.8561
vn -0.3152 0.5516 0.7723
vn -0.2764 0.7028 0.6555
vn -0.1423 0.7038 0.6959
vn -0.2127 0.8273 0.5200
vn -0.1103 0.8270 0.5513
vn -0.1494 0.9202 0.3618
vn -0.0789 0.9787 0.1894
vn -0.5437 -0.1812 0.8195
vn -0.5269 -0.3224 0.7864
vn -0.3623 -0.3229 0.8743
vn -0.4960 -0.4409 0.7480
vn -0.4626 -0.5567 0.6900
vn -0.3139 -0.5571 0.7689
vn -0.4109 -0.6717 0.6164
vn -0.2283 -0.8027 0.5509
vn -0.3306 -0.8029 0.4960
vn -0.1419 -0.9301 0.3389
vn -0.2053 -0.9316 0.3000
vn -0.5565 -0.0000 0.8309
vn -0.5421 0.1964 0.8171
vn -0.3777 0.1967 0.9048
vn -0.5117 0.3779 0.7716
vn -0.3535 0.3770 0.8561
vn -0.4646 0.5513 0.6930
vn -0.3152 0.5516 0.7722
vn -0.3947 0.7026 0.5921
vn -0.3080 0.8294 0.4661
vn -0.2128 0.9221 0.3231
vn -0.1106 0.9799 0.1660
vn -0.5565 -0.0000 0.8308
vn -0.6953 -0.1817 0.6954
vn -0.6692 -0.3228 0.6693
vn -0.4961 -0.4409 0.7480
vn -0.4110 -0.6717 0.6164
vn -0.3306 -0.8029 0.4959
vn -0.2600 -0.9299 0.2601
vn -0.6932 0.1969 0.6933
vn -0.5421 0.1964 0.8170
vn -0.5118 0.3779 0.7715
vn -0.5902 0.5508 0.5902
vn -0.4647 0.5513 0.6930
vn -0.3081 0.8294 0.4660
vn -0.5883 -0.8001 -0.1176
vn -0.3554 -0.9320 -0.0711
vn -0.9806 -0.0000 -0.1961
vn -0.9619 0.1971 -0.1892
vn -0.9075 0.3788 -0.1815
vn -0.8182 0.5507 -0.1652
vn -0.6959 0.7039 -0.1423
vn -0.5513 0.8270 -0.1103
vn -0.3784 0.9223 -0.0788
vn -0.1975 0.9795 -0.0395
vn -0.8743 -0.3229 -0.3623
vn -0.9290 -0.3228 -0.1811
vn -0.8146 -0.5562 -0.1645
vn -0.7270 -0.6717 -0.1423
vn -0.5509 -0.8027 -0.2282
vn -0.5883 -0.8001 -0.1177
vn -0.3389 -0.9301 -0.1418
vn -0.9048 0.1967 -0.3776
vn -0.9619 0.1971 -0.1893
vn -0.8561 0.3770 -0.3534
vn -0.7723 0.5516 -0.3152
vn -0.6959 0.7039 -0.1424
vn -0.3618 0.9202 -0.1494
vn -0.3784 0.9223 -0.0789
vn 0.1815 0.3788 0.9075
vn 0.1652 0.5507 0.8182
vn 0.1423 0.7038 0.6959
vn 0.1103 0.8270 0.5513
vn 0.0788 0.9223 0.3784
vn 0.0395 0.9795 0.1975
vn 0.3776 0.1967 0.9048
vn 0.1892 0.1971 0.9619
vn 0.3534 0.3770 0.8561
vn 0.3152 0.5516 0.7723
vn 0.2764 0.7028 0.6555
vn 0.1424 0.7038 0.6959
vn 0.2127 0.8273 0.5200
vn 0.0789 0.9223 0.3784
vn 0.1494 0.9202 0.3618
vn 0.0789 0.9787 0.1894
vn 0.3863 -0.0000 0.9224
vn 0.3788 -0.1815 0.9075
vn 0.3623 -0.3229 0.8743
vn 0.1811 -0.3228 0.9290
vn 0.3468 -0.4414 0.8276
vn 0.1731 -0.4405 0.8809
vn 0.3138 -0.5571 0.7689
vn 0.2838 -0.6701 0.6859
vn 0.1423 -0.6717 0.7270
vn 0.1177 -0.8001 0.5883
vn 0.2282 -0.8028 0.5509
vn 0.1419 -0.9301 0.3389
vn 0.5421 0.1964 0.8171
vn 0.3777 0.1967 0.9048
vn 0.5117 0.3779 0.7716
vn 0.3535 0.3770 0.8561
vn 0.4646 0.5513 0.6930
vn 0.3947 0.7026 0.5921
vn 0.2764 0.7028 0.6554
vn 0.3080 0.8294 0.4661
vn 0.1495 0.9202 0.3618
vn 0.2128 0.9221 0.3231
vn 0.1106 0.9799 0.1659
vn 0.5565 -0.0000 0.8309
vn 0.5437 -0.1812 0.8195
vn 0.5269 -0.3224 0.7864
vn 0.3624 -0.3229 0.8743
vn 0.4960 -0.4409 0.7480
vn 0.4626 -0.5567 0.6900
vn 0.3139 -0.5571 0.7689
vn 0.4109 -0.6717 0.6164
vn 0.3306 -0.8029 0.4960
vn 0.2282 -0.8027 0.5509
vn 0.2052 -0.9316 0.3000
vn 0.5565 -0.0000 0.8308
vn 0.6933 0.1969 0.6933
vn 0.5421 0.1964 0.8170
vn 0.5118 0.3779 0.7715
vn 0.5901 0.5508 0.5902
vn 0.4647 0.5513 0.6930
vn 0.3081 0.8294 0.4660
vn 0.1106 0.9799 0.1660
vn 0.6953 -0.1817 0.6954
vn 0.6692 -0.3228 0.6693
vn 0.4961 -0.4409 0.7480
vn 0.5263 -0.6678 0.5264
vn 0.4110 -0.6717 0.6164
vn 0.3306 -0.8029 0.4959
vn 0.2600 -0.9299 0.2601
vn 0.2053 -0.9316 0.3000
vn 0.0789 0.9787 -0.1894
vn 0.5437 -0.1812 -0.8195
vn 0.5269 -0.3224 -0.7864
vn 0.3624 -0.3229 -0.8743
vn 0.4960 -0.4409 -0.7480
vn 0.4626 -0.5567 -0.6900
vn 0.3139 -0.5571 -0.7689
vn 0.4109 -0.6717 -0.6164
vn 0.2282 -0.8028 -0.5509
vn 0.3306 -0.8029 -0.4959
vn 0.2052 -0.9316 -0.3000
vn 0.5565 -0.0000 -0.8308
vn 0.5420 0.1964 -0.8171
vn 0.3777 0.1967 -0.9048
vn 0.5117 0.3779 -0.7716
vn 0.4646 0.5513 -0.6930
vn 0.3152 0.5516 -0.7722
vn 0.3947 0.7026 -0.5921
vn 0.3080 0.8294 -0.4661
vn 0.1495 0.9202 -0.3618
vn 0.2128 0.9221 -0.3231
vn 0.1106 0.9799 -0.1660
vn 0.6692 -0.3228 -0.6693
vn 0.4961 -0.4409 -0.7480
vn 0.5263 -0.6678 -0.5264
vn 0.2600 -0.9299 -0.2601
vn 0.2053 -0.9316 -0.3000
vn 0.6932 0.1969 -0.6933
vn 0.5421 0.1964 -0.8170
vn 0.5118 0.3779 -0.7715
vn 0.5901 0.5508 -0.5902
vn 0.4647 0.5513 -0.6930
vn 0.3950 0.8294 -0.3950
vn 0.3081 0.8294 -0.4660
vn 0.1106 0.9799 -0.1659
vn 0.1975 0.9795 -0.0395
vn 0.1894 0.9787 -0.0789
vn 0.9654 -0.1805 -0.1884
vn 0.9290 -0.3228 -0.1811
vn 0.8809 -0.4405 -0.1730
vn 0.7689 -0.5571 -0.3138
vn 0.8146 -0.5562 -0.1645
vn 0.7270 -0.6717 -0.1423
vn 0.5509 -0.8028 -0.2282
vn 0.5883 -0.8001 -0.1177
vn 0.3554 -0.9320 -0.0711
vn 0.3389 -0.9301 -0.1418
vn 0.9654 -0.1805 -0.1883
vn 0.9620 0.1971 -0.1892
vn 0.8146 -0.5561 -0.1645
vn 0.6959 0.7039 -0.1423
vn 0.7270 -0.6717 -0.1422
vn 0.5883 -0.8001 -0.1176
vn -0.0000 -0.0078 1.0000
vn -0.0000 -0.6540 0.7565
vn 0.5353 -0.6534 0.5353
vn -0.5353 -0.6534 0.5353
vn 0.7071 -0.0079 0.7071
vn -0.7071 -0.0078 0.7071
vn 1.0000 -0.0079 -0.0000
vn 0.7565 -0.6540 -0.0000
vn 0.5353 -0.6534 -0.5353
vn -0.0001 1.0000 -0.0001
vn 0.7071 -0.0078 -0.7071
vn -0.0000 -0.0079 -1.0000
vn -0.0000 -0.6540 -0.7565
vn -0.5353 -0.6534 -0.5353
vn -0.7071 -0.0079 -0.7071
vn -1.0000 -0.0079 -0.0000
vn -0.7565 -0.6540 -0.0000
vn 0.5927 0.5453 -0.5927
vn 0.9771 0.2127 -0.0000
vn 0.6910 0.2119 -0.6910
vn -0.0000 0.2128 -0.9771
vn 0.8404 0.5420 -0.0000
vn -0.0000 0.5420 -0.8404
vn 0.3541 0.8656 -0.3541
vn 0.5029 0.8644 -0.0000
vn -0.0000 0.8643 -0.5029
vn 0.3541 0.8656 0.3541
vn -0.3541 0.8656 -0.3541
vn -0.5927 0.5453 -0.5927
vn -0.6910 0.2121 -0.6910
vn -0.5029 0.8643 -0.0000
vn -0.9771 0.2127 -0.0000
vn -0.8404 0.5420 -0.0000
vn -0.5927 0.5453 0.5927
vn -0.6910 0.2121 0.6910
vn -0.3541 0.8656 0.3541
vn -0.0000 0.2128 0.9771
vn -0.0000 0.5420 0.8404
vn -0.0000 0.8643 0.5029
vn 0.5927 0.5453 0.5927
vn 0.6910 0.2120 0.6910
vn 1.0000 -0.0001 -0.0000
vn 1.0000 0.0001 -0.0000
vn -0.0000 0.7071 0.7071
vn -0.0000 0.8345 0.5511
vn -0.0000 0.9487 0.3162
vn -0.0000 1.0000 0.0001
vn -0.0000 0.9487 -0.3162
vn -0.0000 0.8345 -0.5511
vn -0.0000 0.8345 -0.5510
vn -0.0000 0.7071 -0.7071
vn -0.0000 0.3162 0.9487
vn -0.0000 -0.3162 0.9487
vn -0.0000 -0.5511 0.8345
vn -0.0000 -0.7071 0.7071
vn -0.0000 -0.7071 -0.7071
vn -0.0000 -0.8345 -0.5511
vn -0.0000 -0.9487 -0.3162
vn -0.0000 -1.0000 0.0001
vn -0.0000 -0.9487 0.3162
vn -0.0000 -0.8345 0.5510
vn -0.0000 -0.8345 0.5511
vn -0.0000 0.5510 -0.8345
vn -0.0000 0.3162 -0.9487
vn -0.0000 -0.3162 -0.9487
vn -0.0000 -0.5511 -0.8345
vt 0.000000 0.000000
vt 0.062500 0.562500
vt 0.031250 0.500000
vt 0.062500 0.500000
vt 0.062500 0.437500
vt 0.031250 0.562500
vt 0.062500 0.625000
vt 0.031250 0.625000
vt 0.062500 0.687500
vt 0.031250 0.687500
vt 0.062500 0.750000
vt 0.031250 0.750000
vt 0.031250 0.812500
vt 0.062500 0.812500
vt 0.062500 0.875000
vt 0.031250 0.875000
vt 0.625000 0.562500
vt 0.593750 0.500000
vt 0.625000 0.500000
vt 0.625000 0.437500
vt 0.593750 0.562500
vt 0.625000 0.625000
vt 0.593750 0.625000
vt 0.625000 0.687500
vt 0.593750 0.687500
vt 0.625000 0.750000
vt 0.593750 0.750000
vt 0.625000 0.812500
vt 0.593750 0.812500
vt 0.593750 0.875000
vt 0.625000 0.875000
vt 0.625000 0.937500
vt 0.593750 0.937500
vt 0.609375 1.000000
vt 0.562500 0.500000
vt 0.593750 0.437500
vt 0.562500 0.562500
vt 0.562500 0.625000
vt 0.562500 0.687500
vt 0.562500 0.750000
vt 0.562500 0.812500
vt 0.562500 0.875000
vt 0.562500 0.937500
vt 0.578125 1.000000
vt 0.531250 0.500000
vt 0.562500 0.437500
vt 0.531250 0.562500
vt 0.531250 0.625000
vt 0.531250 0.687500
vt 0.531250 0.750000
vt 0.531250 0.812500
vt 0.531250 0.875000
vt 0.531250 0.937500
vt 0.546875 1.000000
vt 0.500000 0.500000
vt 0.531250 0.437500
vt 0.500000 0.562500
vt 0.500000 0.625000
vt 0.500000 0.687500
vt 0.500000 0.750000
vt 0.500000 0.812500
vt 0.500000 0.875000
vt 0.500000 0.937500
vt 0.515625 1.000000
vt 0.250000 0.500000
vt 0.281250 0.437500
vt 0.281250 0.500000
vt 0.281250 0.562500
vt 0.250000 0.562500
vt 0.281250 0.625000
vt 0.250000 0.625000
vt 0.281250 0.687500
vt 0.250000 0.687500
vt 0.281250 0.750000
vt 0.250000 0.750000
vt 0.281250 0.812500
vt 0.250000 0.812500
vt 0.250000 0.875000
vt 0.281250 0.875000
vt 0.250000 0.937500
vt 0.281250 0.937500
vt 0.265625 1.000000
vt 0.500000 0.437500
vt 0.531250 0.375000
vt 0.500000 0.375000
vt 0.531250 0.312500
vt 0.500000 0.312500
vt 0.531250 0.250000
vt 0.500000 0.250000
vt 0.531250 0.187500
vt 0.500000 0.187500
vt 0.500000 0.125000
vt 0.531250 0.125000
vt 0.531250 0.062500
vt 0.500000 0.062500
vt 0.515625 0.000000
vt 0.468750 0.437500
vt 0.468750 0.375000
vt 0.468750 0.312500
vt 0.468750 0.250000
vt 0.468750 0.187500
vt 0.250000 0.437500
vt 0.281250 0.375000
vt 0.250000 0.375000
vt 0.281250 0.312500
vt 0.250000 0.312500
vt 0.281250 0.250000
vt 0.250000 0.250000
vt 0.281250 0.187500
vt 0.250000 0.187500
vt 0.281250 0.125000
vt 0.250000 0.125000
vt 0.250000 0.062500
vt 0.281250 0.062500
vt 0.265625 0.000000
vt 0.218750 0.437500
vt 0.218750 0.375000
vt 0.218750 0.312500
vt 0.218750 0.250000
vt 0.218750 0.187500
vt 0.218750 0.125000
vt 0.625000 0.375000
vt 0.593750 0.375000
vt 0.625000 0.312500
vt 0.593750 0.312500
vt 0.625000 0.250000
vt 0.593750 0.250000
vt 0.625000 0.187500
vt 0.593750 0.187500
vt 0.593750 0.125000
vt 0.625000 0.125000
vt 0.593750 0.062500
vt 0.625000 0.062500
vt 0.609375 0.000000
vt 0.562500 0.375000
vt 0.562500 0.312500
vt 0.562500 0.250000
vt 0.562500 0.187500
vt 0.562500 0.125000
vt 0.562500 0.062500
vt 0.578125 0.000000
vt 0.546875 0.000000
vt 0.750000 0.437500
vt 0.781250 0.437500
vt 0.750000 0.500000
vt 0.781250 0.375000
vt 0.750000 0.375000
vt 0.781250 0.312500
vt 0.750000 0.312500
vt 0.781250 0.250000
vt 0.750000 0.250000
vt 0.781250 0.187500
vt 0.750000 0.187500
vt 0.750000 0.125000
vt 0.781250 0.125000
vt 0.750000 0.062500
vt 0.781250 0.062500
vt 0.765625 0.000000
vt 0.781250 0.500000
vt 0.781250 0.562500
vt 0.750000 0.562500
vt 0.687500 0.375000
vt 0.718750 0.437500
vt 0.687500 0.437500
vt 0.718750 0.375000
vt 0.718750 0.500000
vt 0.687500 0.312500
vt 0.718750 0.312500
vt 0.687500 0.250000
vt 0.718750 0.250000
vt 0.687500 0.187500
vt 0.718750 0.187500
vt 0.718750 0.125000
vt 0.687500 0.125000
vt 0.687500 0.062500
vt 0.718750 0.062500
vt 0.703125 0.000000
vt 0.687500 0.500000
vt 0.687500 0.562500
vt 0.718750 0.562500
vt 0.218750 0.062500
vt 0.234375 0.000000
vt 0.218750 0.500000
vt 0.218750 0.562500
vt 0.218750 0.625000
vt 0.218750 0.687500
vt 0.218750 0.750000
vt 0.218750 0.812500
vt 0.218750 0.875000
vt 0.218750 0.937500
vt 0.234375 1.000000
vt 0.187500 0.437500
vt 0.187500 0.375000
vt 0.187500 0.312500
vt 0.187500 0.250000
vt 0.187500 0.187500
vt 0.187500 0.125000
vt 0.187500 0.062500
vt 0.203125 0.000000
vt 0.187500 0.500000
vt 0.187500 0.562500
vt 0.187500 0.625000
vt 0.187500 0.687500
vt 0.187500 0.750000
vt 0.187500 0.812500
vt 0.187500 0.875000
vt 0.718750 0.812500
vt 0.750000 0.750000
vt 0.750000 0.812500
vt 0.750000 0.875000
vt 0.718750 0.750000
vt 0.718750 0.875000
vt 0.750000 0.687500
vt 0.718750 0.937500
vt 0.750000 0.937500
vt 0.734375 1.000000
vt 0.718750 0.687500
vt 0.750000 0.625000
vt 0.718750 0.625000
vt 0.734375 0.000000
vt 0.906250 0.500000
vt 0.875000 0.562500
vt 0.875000 0.500000
vt 0.875000 0.437500
vt 0.906250 0.562500
vt 0.875000 0.625000
vt 0.906250 0.625000
vt 0.875000 0.687500
vt 0.906250 0.687500
vt 0.875000 0.750000
vt 0.906250 0.750000
vt 0.906250 0.812500
vt 0.875000 0.812500
vt 0.906250 0.875000
vt 0.875000 0.875000
vt 0.906250 0.937500
vt 0.875000 0.937500
vt 0.890625 1.000000
vt 0.906250 0.437500
vt 0.875000 0.375000
vt 0.906250 0.375000
vt 0.875000 0.312500
vt 0.906250 0.312500
vt 0.875000 0.250000
vt 0.906250 0.250000
vt 0.875000 0.187500
vt 0.906250 0.187500
vt 0.875000 0.125000
vt 0.906250 0.125000
vt 0.875000 0.062500
vt 0.906250 0.062500
vt 0.890625 0.000000
vt 0.937500 0.500000
vt 0.937500 0.562500
vt 0.937500 0.625000
vt 0.937500 0.687500
vt 0.937500 0.750000
vt 0.937500 0.812500
vt 0.937500 0.875000
vt 0.937500 0.937500
vt 0.921875 1.000000
vt 0.937500 0.437500
vt 0.937500 0.375000
vt 0.937500 0.312500
vt 0.937500 0.250000
vt 0.937500 0.187500
vt 0.937500 0.125000
vt 0.937500 0.062500
vt 0.921875 0.000000
vt 0.968750 0.500000
vt 0.968750 0.562500
vt 0.968750 0.625000
vt 0.968750 0.687500
vt 0.968750 0.750000
vt 0.968750 0.812500
vt 0.968750 0.875000
vt 0.968750 0.937500
vt 0.953125 1.000000
vt 0.968750 0.437500
vt 0.968750 0.375000
vt 0.968750 0.312500
vt 0.968750 0.250000
vt 0.968750 0.187500
vt 0.968750 0.125000
vt 0.968750 0.062500
vt 0.953125 0.000000
vt 1.000000 0.500000
vt 1.000000 0.562500
vt 1.000000 0.437500
vt 1.000000 0.625000
vt 1.000000 0.375000
vt 1.000000 0.687500
vt 1.000000 0.312500
vt 1.000000 0.750000
vt 1.000000 0.250000
vt 1.000000 0.812500
vt 1.000000 0.187500
vt 1.000000 0.875000
vt 1.000000 0.937500
vt 0.984375 1.000000
vt 1.000000 0.125000
vt 1.000000 0.062500
vt 0.984375 0.000000
vt 0.406250 0.562500
vt 0.437500 0.500000
vt 0.437500 0.562500
vt 0.406250 0.625000
vt 0.437500 0.625000
vt 0.406250 0.687500
vt 0.437500 0.687500
vt 0.406250 0.750000
vt 0.437500 0.750000
vt 0.437500 0.812500
vt 0.406250 0.812500
vt 0.406250 0.875000
vt 0.437500 0.875000
vt 0.406250 0.937500
vt 0.437500 0.937500
vt 0.421874 1.000000
vt 0.406250 0.500000
vt 0.406250 0.437500
vt 0.437500 0.437500
vt 0.406250 0.375000
vt 0.437500 0.375000
vt 0.406250 0.312500
vt 0.437500 0.312500
vt 0.406250 0.250000
vt 0.437500 0.250000
vt 0.406250 0.187500
vt 0.437500 0.187500
vt 0.406250 0.125000
vt 0.437500 0.125000
vt 0.406250 0.062500
vt 0.437500 0.062500
vt 0.421875 0.000000
vt 0.375000 0.437500
vt 0.375000 0.375000
vt 0.375000 0.500000
vt 0.375000 0.312500
vt 0.375000 0.250000
vt 0.375000 0.187500
vt 0.375000 0.125000
vt 0.375000 0.062500
vt 0.390625 0.000000
vt 0.375000 0.562500
vt 0.375000 0.625000
vt 0.375000 0.687500
vt 0.375000 0.750000
vt 0.375000 0.812500
vt 0.375000 0.875000
vt 0.375000 0.937500
vt 0.390625 1.000000
vt 0.343750 0.500000
vt 0.343750 0.562500
vt 0.343750 0.625000
vt 0.343750 0.687500
vt 0.343750 0.750000
vt 0.343750 0.812500
vt 0.343750 0.875000
vt 0.343750 0.937500
vt 0.359375 1.000000
vt 0.343750 0.437500
vt 0.343750 0.375000
vt 0.343750 0.312500
vt 0.343750 0.250000
vt 0.343750 0.187500
vt 0.343750 0.125000
vt 0.343750 0.062500
vt 0.359375 0.000000
vt 0.312500 0.500000
vt 0.312500 0.437500
vt 0.312500 0.375000
vt 0.312500 0.312500
vt 0.312500 0.250000
vt 0.312500 0.187500
vt 0.312500 0.125000
vt 0.312500 0.062500
vt 0.328125 0.000000
vt 0.312500 0.562500
vt 0.312500 0.625000
vt 0.312500 0.687500
vt 0.312500 0.750000
vt 0.312500 0.812500
vt 0.312500 0.875000
vt 0.312500 0.937500
vt 0.328125 1.000000
vt 0.296875 1.000000
vt 0.296875 0.000000
vt 0.125000 0.562500
vt 0.093750 0.500000
vt 0.125000 0.500000
vt 0.125000 0.437500
vt 0.093750 0.562500
vt 0.125000 0.625000
vt 0.093750 0.625000
vt 0.125000 0.687500
vt 0.093750 0.687500
vt 0.093750 0.750000
vt 0.125000 0.750000
vt 0.093750 0.812500
vt 0.125000 0.812500
vt 0.093750 0.875000
vt 0.125000 0.875000
vt 0.093750 0.937500
vt 0.125000 0.937500
vt 0.109375 1.000000
vt 0.093750 0.437500
vt 0.125000 0.375000
vt 0.093750 0.375000
vt 0.125000 0.312500
vt 0.093750 0.312500
vt 0.125000 0.250000
vt 0.093750 0.250000
vt 0.125000 0.187500
vt 0.093750 0.187500
vt 0.093750 0.125000
vt 0.125000 0.125000
vt 0.093750 0.062500
vt 0.125000 0.062500
vt 0.109375 0.000000
vt 0.062500 0.937500
vt 0.078125 1.000000
vt 0.062500 0.375000
vt 0.062500 0.312500
vt 0.062500 0.250000
vt 0.062500 0.187500
vt 0.062500 0.125000
vt 0.062500 0.062500
vt 0.078125 0.000000
vt 0.687500 0.625000
vt 0.687500 0.687500
vt 0.687500 0.750000
vt 0.687500 0.812500
vt 0.687500 0.875000
vt 0.687500 0.937500
vt 0.703125 1.000000
vt 0.656250 0.437500
vt 0.656250 0.375000
vt 0.656250 0.312500
vt 0.656250 0.250000
vt 0.656250 0.187500
vt 0.656250 0.125000
vt 0.656250 0.062500
vt 0.671875 0.000000
vt 0.656250 0.500000
vt 0.656250 0.562500
vt 0.656250 0.625000
vt 0.656250 0.687500
vt 0.656250 0.750000
vt 0.656250 0.812500
vt 0.656250 0.875000
vt 0.656250 0.937500
vt 0.671875 1.000000
vt 0.640625 0.000000
vt 0.640625 1.000000
vt 0.468750 0.125000
vt 0.468750 0.062500
vt 0.484375 0.000000
vt 0.468750 0.500000
vt 0.468750 0.562500
vt 0.468750 0.625000
vt 0.468750 0.687500
vt 0.468750 0.750000
vt 0.468750 0.812500
vt 0.468750 0.875000
vt 0.468750 0.937500
vt 0.484374 1.000000
vt 0.453125 0.000000
vt 0.453124 1.000000
vt 0.781250 0.625000
vt 0.781250 0.687500
vt 0.781250 0.750000
vt 0.781250 0.812500
vt 0.781250 0.875000
vt 0.781250 0.937500
vt 0.765625 1.000000
vt 0.812500 0.562500
vt 0.812500 0.625000
vt 0.812500 0.687500
vt 0.812500 0.750000
vt 0.812500 0.812500
vt 0.812500 0.875000
vt 0.812500 0.937500
vt 0.796875 1.000000
vt 0.812500 0.500000
vt 0.812500 0.437500
vt 0.812500 0.375000
vt 0.812500 0.312500
vt 0.812500 0.250000
vt 0.812500 0.187500
vt 0.812500 0.125000
vt 0.812500 0.062500
vt 0.796875 0.000000
vt 0.843750 0.562500
vt 0.843750 0.625000
vt 0.843750 0.687500
vt 0.843750 0.750000
vt 0.843750 0.812500
vt 0.843750 0.875000
vt 0.843750 0.937500
vt 0.828125 1.000000
vt 0.843750 0.500000
vt 0.843750 0.437500
vt 0.843750 0.375000
vt 0.843750 0.312500
vt 0.843750 0.250000
vt 0.843750 0.187500
vt 0.843750 0.125000
vt 0.843750 0.062500
vt 0.828125 0.000000
vt 0.859375 1.000000
vt 0.859375 0.000000
vt 0.187500 0.937500
vt 0.203125 1.000000
vt 0.156250 0.437500
vt 0.156250 0.375000
vt 0.156250 0.312500
vt 0.156250 0.250000
vt 0.156250 0.187500
vt 0.156250 0.125000
vt 0.156250 0.062500
vt 0.171875 0.000000
vt 0.156250 0.500000
vt 0.156250 0.562500
vt 0.156250 0.625000
vt 0.156250 0.687500
vt 0.156250 0.750000
vt 0.156250 0.812500
vt 0.156250 0.875000
vt 0.156250 0.937500
vt 0.171875 1.000000
vt 0.140625 0.000000
vt 0.140625 1.000000
vt 0.031250 0.937500
vt 0.046875 1.000000
vt 0.031250 0.437500
vt 0.031250 0.375000
vt 0.031250 0.312500
vt 0.031250 0.250000
vt 0.031250 0.187500
vt 0.031250 0.125000
vt 0.031250 0.062500
vt 0.046875 0.000000
vt 0.000000 0.500000
vt 0.000000 0.437500
vt 0.000000 0.562500
vt 0.000000 0.375000
vt 0.000000 0.625000
vt 0.000000 0.312500
vt 0.000000 0.687500
vt 0.000000 0.250000
vt 0.000000 0.750000
vt 0.000000 0.812500
vt 0.000000 0.187500
vt 0.000000 0.125000
vt 0.000000 0.875000
vt 0.000000 0.062500
vt 0.015625 0.000000
vt 0.000000 0.937500
vt 0.015625 1.000000
vt 0.349976 0.278869
vt 0.566309 0.423091
vt 0.533823 0.462717
vt 0.596633 0.361088
vt 0.609976 0.278869
vt 0.596633 0.196650
vt 0.566309 0.134647
vt 0.533823 0.095021
vt 0.494198 0.062536
vt 0.432195 0.032212
vt 0.349976 0.018869
vt 0.267756 0.032212
vt 0.205754 0.062536
vt 0.166128 0.095022
vt 0.133643 0.134647
vt 0.166128 0.095021
vt 0.103318 0.196650
vt 0.089976 0.278869
vt 0.103318 0.361088
vt 0.133643 0.423091
vt 0.166128 0.462717
vt 0.205754 0.495202
vt 0.267756 0.525527
vt 0.349976 0.538869
vt 0.432195 0.525527
vt 0.494198 0.495202
vt 0.439951 0.077738
vt 0.179951 0.077738
vt 0.439951 -0.008928
vt 0.179951 -0.008928
vt 0.439951 -0.095595
vt 0.179951 -0.095595
vt 0.439951 -0.182262
vt 0.179951 -0.182262
vt 0.439951 -0.268928
vt 0.179951 -0.268928
vt 0.439951 -0.355595
vt 0.179951 -0.355595
vt 0.439951 -0.442262
vt 0.179951 -0.442262
s 1
usemtl Part1Mtl.002
f 1/1/1 2/1/2 3/1/3
f 4/1/4 1/1/1 3/1/3
f 5/1/5 4/1/4 3/1/3
f 2/1/2 6/1/6 3/1/3
f 7/1/7 5/1/5 3/1/3
f 6/1/6 8/1/8 3/1/3
f 9/1/9 7/1/7 3/1/3
f 8/1/8 9/1/9 3/1/3
f 10/2/10 11/3/11 12/4/12
f 12/4/12 11/3/11 13/5/13
f 11/3/11 10/2/10 14/6/14
f 15/7/15 14/6/14 10/2/10
f 14/6/14 15/7/15 16/8/16
f 17/9/17 16/8/16 15/7/15
f 16/8/16 17/9/17 18/10/18
f 19/11/19 18/10/18 17/9/17
f 18/10/18 19/11/19 20/12/20
f 19/11/19 21/13/21 20/12/20
f 21/13/21 19/11/19 22/14/22
f 23/15/23 21/13/21 22/14/22
f 21/13/21 23/15/23 24/16/24
f 25/17/25 26/18/26 27/19/27
f 26/18/26 28/20/28 27/19/27
f 26/18/26 25/17/25 29/21/29
f 30/22/30 29/21/29 25/17/25
f 29/21/29 30/22/30 31/23/31
f 32/24/32 31/23/31 30/22/30
f 31/23/31 32/24/32 33/25/33
f 34/26/34 33/25/33 32/24/32
f 33/25/33 34/26/34 35/27/35
f 36/28/36 35/27/35 34/26/34
f 35/27/35 36/28/36 37/29/37
f 37/29/37 36/28/36 38/30/38
f 36/28/36 39/31/39 38/30/38
f 40/32/40 38/30/38 39/31/39
f 38/30/38 40/32/40 41/33/41
f 40/32/40 42/34/42 41/33/41
f 43/21/43 44/35/44 26/18/45
f 44/35/44 45/36/46 26/18/45
f 44/35/44 43/21/43 46/37/47
f 47/23/48 46/37/47 43/21/43
f 46/37/47 47/23/48 48/38/49
f 49/25/33 48/38/49 47/23/48
f 48/38/49 49/25/33 50/39/50
f 51/27/35 50/39/50 49/25/33
f 50/39/50 51/27/35 52/40/51
f 52/40/51 51/27/35 53/41/52
f 51/27/35 54/29/37 53/41/52
f 55/30/53 53/41/52 54/29/37
f 53/41/52 55/30/53 56/42/54
f 57/43/55 56/42/54 55/30/53
f 55/30/53 58/33/41 57/43/55
f 58/33/41 59/44/42 57/43/55
f 60/37/56 61/45/57 44/35/58
f 61/45/57 62/46/59 44/35/58
f 61/45/57 60/37/56 63/47/60
f 64/38/49 63/47/60 60/37/56
f 63/47/60 64/38/49 65/48/61
f 66/39/50 65/48/61 64/38/49
f 65/48/61 66/39/50 67/49/62
f 68/40/51 67/49/62 66/39/50
f 67/49/62 68/40/51 69/50/63
f 70/41/52 69/50/63 68/40/51
f 69/50/63 70/41/52 71/51/64
f 72/52/65 71/51/64 70/41/52
f 70/41/52 73/42/54 72/52/65
f 74/53/66 72/52/65 73/42/54
f 73/42/54 75/43/55 74/53/66
f 75/43/55 76/54/42 74/53/66
f 77/47/67 78/55/68 61/45/69
f 78/55/68 79/56/70 61/45/69
f 78/55/68 77/47/67 80/57/71
f 81/48/61 80/57/71 77/47/67
f 80/57/71 81/48/61 82/58/72
f 83/49/73 82/58/72 81/48/61
f 82/58/72 83/49/73 84/59/74
f 85/50/75 84/59/74 83/49/73
f 84/59/74 85/50/75 86/60/76
f 87/61/77 86/60/76 85/50/75
f 87/61/77 85/50/75 88/51/78
f 89/52/65 87/61/77 88/51/78
f 87/61/77 89/52/65 90/62/79
f 91/63/80 90/62/79 89/52/65
f 91/63/80 89/52/65 92/53/66
f 92/53/66 93/64/42 91/63/80
f 94/65/81 95/66/82 96/67/83
f 97/68/84 94/65/81 96/67/83
f 94/65/81 97/68/84 98/69/85
f 99/70/86 98/69/85 97/68/84
f 98/69/85 99/70/86 100/71/87
f 101/72/88 100/71/87 99/70/86
f 100/71/87 101/72/88 102/73/89
f 103/74/90 102/73/89 101/72/88
f 102/73/89 103/74/90 104/75/91
f 105/76/92 104/75/91 103/74/90
f 104/75/91 105/76/92 106/77/93
f 106/77/93 105/76/92 107/78/94
f 105/76/92 108/79/95 107/78/94
f 109/80/96 107/78/94 108/79/95
f 108/79/95 110/81/97 109/80/96
f 110/81/97 111/82/42 109/80/96
f 78/55/68 112/83/98 79/56/70
f 112/83/98 113/84/99 79/56/70
f 112/83/98 114/85/100 113/84/99
f 114/85/100 115/86/101 113/84/99
f 114/85/100 116/87/102 115/86/101
f 116/87/102 117/88/103 115/86/101
f 116/87/102 118/89/104 117/88/103
f 118/89/104 119/90/105 117/88/103
f 118/89/104 120/91/106 119/90/105
f 121/92/107 119/90/105 120/91/106
f 119/90/105 121/92/107 122/93/108
f 121/92/107 123/94/109 122/93/108
f 121/92/107 124/95/110 123/94/109
f 125/96/3 123/94/109 124/95/110
f 78/55/68 126/97/111 127/83/98
f 128/98/112 127/83/98 126/97/111
f 127/83/98 128/98/112 129/85/100
f 130/99/113 129/85/100 128/98/112
f 129/85/100 130/99/113 131/87/102
f 132/100/114 131/87/102 130/99/113
f 131/87/102 132/100/114 133/89/104
f 134/101/115 133/89/104 132/100/114
f 133/89/104 134/101/115 135/91/106
f 95/66/82 94/65/81 136/102/116
f 136/102/116 137/103/117 95/66/82
f 137/103/117 136/102/116 138/104/118
f 138/104/118 139/105/119 137/103/117
f 139/105/119 138/104/118 140/106/120
f 140/106/120 141/107/121 139/105/119
f 141/107/121 140/106/120 142/108/122
f 142/108/122 143/109/123 141/107/121
f 143/109/123 142/108/122 144/110/124
f 144/110/124 145/111/125 143/109/123
f 145/111/125 144/110/124 146/112/126
f 147/113/127 145/111/125 146/112/126
f 145/111/125 147/113/127 148/114/128
f 149/115/3 148/114/128 147/113/127
f 94/65/81 150/116/129 151/102/116
f 152/117/130 151/102/116 150/116/129
f 151/102/116 152/117/130 153/104/118
f 154/118/131 153/104/118 152/117/130
f 153/104/118 154/118/131 155/106/120
f 156/119/132 155/106/120 154/118/131
f 155/106/120 156/119/132 157/108/122
f 158/120/133 157/108/122 156/119/132
f 157/108/122 158/120/133 159/110/124
f 160/121/134 159/110/124 158/120/133
f 26/18/26 161/36/46 28/20/28
f 161/36/46 162/122/135 28/20/28
f 161/36/46 163/123/136 162/122/135
f 163/123/136 164/124/137 162/122/135
f 163/123/136 165/125/138 164/124/137
f 165/125/138 166/126/139 164/124/137
f 165/125/138 167/127/140 166/126/139
f 167/127/140 168/128/141 166/126/139
f 167/127/140 169/129/142 168/128/141
f 170/130/143 168/128/141 169/129/142
f 168/128/141 170/130/143 171/131/144
f 172/132/145 171/131/144 170/130/143
f 171/131/144 172/132/145 173/133/146
f 174/134/3 173/133/146 172/132/145
f 44/35/44 175/46/59 45/36/46
f 175/46/59 176/123/136 45/36/46
f 175/46/59 177/135/147 176/123/136
f 177/135/147 178/125/148 176/123/136
f 177/135/147 179/136/149 178/125/148
f 179/136/149 180/127/140 178/125/148
f 179/136/149 181/137/150 180/127/140
f 181/137/150 182/129/142 180/127/140
f 181/137/150 183/138/151 182/129/142
f 183/138/151 184/130/152 182/129/142
f 184/130/152 183/138/151 185/139/153
f 186/140/154 184/130/152 185/139/153
f 184/130/152 186/140/154 187/132/155
f 188/141/3 187/132/155 186/140/154
f 61/45/57 189/56/70 62/46/59
f 189/56/70 190/135/147 62/46/59
f 189/56/70 191/84/156 190/135/147
f 191/84/156 192/136/149 190/135/147
f 191/84/156 193/86/157 192/136/149
f 193/86/157 194/137/158 192/136/149
f 193/86/157 195/88/159 194/137/158
f 195/88/159 196/138/151 194/137/158
f 195/88/159 197/90/160 196/138/151
f 197/90/160 198/139/161 196/138/151
f 198/139/161 197/90/160 199/93/162
f 199/93/162 200/140/154 198/139/161
f 200/140/154 199/93/162 201/94/109
f 202/142/163 200/140/154 201/94/109
f 203/143/164 204/144/165 205/145/166
f 206/146/167 204/144/165 203/143/164
f 207/147/168 206/146/167 203/143/164
f 208/148/169 206/146/167 207/147/168
f 209/149/170 208/148/169 207/147/168
f 210/150/171 208/148/169 209/149/170
f 211/151/172 210/150/171 209/149/170
f 212/152/173 210/150/171 211/151/172
f 211/151/172 213/153/174 212/152/173
f 214/154/175 212/152/173 213/153/174
f 212/152/173 214/154/175 215/155/176
f 216/156/177 215/155/176 214/154/175
f 215/155/176 216/156/177 217/157/178
f 218/158/3 217/157/178 216/156/177
f 204/144/165 219/159/179 205/145/166
f 220/160/180 205/145/166 219/159/179
f 205/145/166 220/160/180 221/161/181
f 222/162/182 223/163/183 224/164/184
f 223/163/183 222/162/182 225/165/185
f 226/166/186 224/164/184 223/163/183
f 227/167/187 225/165/185 222/162/182
f 225/165/185 227/167/187 228/168/188
f 229/169/189 228/168/188 227/167/187
f 228/168/188 229/169/189 230/170/190
f 231/171/191 230/170/190 229/169/189
f 230/170/190 231/171/191 232/172/192
f 233/173/193 232/172/192 231/171/191
f 233/173/193 231/171/191 234/174/194
f 235/175/195 233/173/193 234/174/194
f 233/173/193 235/175/195 236/176/196
f 237/177/3 236/176/196 235/175/195
f 224/164/184 226/166/186 238/178/197
f 238/178/197 226/166/186 239/179/198
f 226/166/186 240/180/199 239/179/198
f 159/110/124 160/121/134 241/112/126
f 160/121/134 242/113/127 241/112/126
f 242/113/127 160/121/134 243/181/200
f 244/182/3 242/113/127 243/181/200
f 150/116/129 94/65/81 245/183/201
f 94/65/81 246/184/202 245/183/201
f 246/184/202 94/65/81 247/69/85
f 247/69/85 248/185/203 246/184/202
f 248/185/203 247/69/85 249/71/87
f 249/71/87 250/186/204 248/185/203
f 250/186/204 249/71/87 251/73/89
f 251/73/89 252/187/205 250/186/204
f 252/187/205 251/73/89 253/75/91
f 252/187/205 253/75/91 254/188/206
f 253/75/91 255/77/93 254/188/206
f 256/78/94 254/188/206 255/77/93
f 254/188/206 256/78/94 257/189/207
f 258/80/96 257/189/207 256/78/94
f 257/189/207 258/80/96 259/190/208
f 258/80/96 260/191/42 259/190/208
f 245/183/201 261/192/209 262/116/210
f 263/193/211 262/116/210 261/192/209
f 262/116/210 263/193/211 264/117/130
f 265/194/212 264/117/130 263/193/211
f 264/117/130 265/194/212 266/118/213
f 267/195/214 266/118/213 265/194/212
f 266/118/213 267/195/214 268/119/132
f 269/196/215 268/119/132 267/195/214
f 268/119/132 269/196/215 270/120/216
f 271/197/217 270/120/216 269/196/215
f 270/120/216 271/197/217 272/121/218
f 271/197/217 273/181/200 272/121/218
f 273/181/200 271/197/217 274/198/219
f 275/199/220 273/181/200 274/198/219
f 261/192/209 245/183/201 276/200/221
f 245/183/201 277/201/222 276/200/221
f 277/201/222 245/183/201 278/184/223
f 278/184/223 279/202/224 277/201/222
f 279/202/224 278/184/223 280/185/203
f 280/185/203 281/203/225 279/202/224
f 281/203/225 280/185/203 282/186/204
f 282/186/204 283/204/226 281/203/225
f 283/204/226 282/186/204 284/187/227
f 285/188/228 283/204/226 284/187/227
f 283/204/226 285/188/228 286/205/229
f 287/189/207 286/205/229 285/188/228
f 286/205/229 287/189/207 288/206/230
f 289/207/231 290/208/232 291/209/233
f 292/210/234 289/207/231 291/209/233
f 290/208/232 289/207/231 293/211/235
f 289/207/231 292/210/234 294/212/236
f 295/213/237 290/208/232 293/211/235
f 292/210/234 296/214/238 294/212/236
f 296/214/238 292/210/234 297/215/239
f 297/215/239 298/216/42 296/214/238
f 299/217/240 295/213/237 293/211/235
f 300/218/241 295/213/237 299/217/240
f 301/219/242 300/218/241 299/217/240
f 302/161/181 300/218/241 301/219/242
f 303/180/243 302/161/181 301/219/242
f 205/145/166 302/161/181 303/180/243
f 226/166/186 205/145/166 303/180/243
f 304/163/183 205/145/166 226/166/186
f 205/145/166 304/163/183 305/143/164
f 306/165/185 305/143/164 304/163/183
f 305/143/164 306/165/185 307/147/168
f 308/168/244 307/147/168 306/165/185
f 307/147/168 308/168/244 309/149/170
f 310/170/190 309/149/170 308/168/244
f 309/149/170 310/170/190 311/151/172
f 312/172/245 311/151/172 310/170/190
f 311/151/172 312/172/245 313/153/174
f 314/154/175 313/153/174 312/172/245
f 314/154/175 312/172/245 315/173/246
f 316/156/177 314/154/175 315/173/246
f 315/173/246 317/176/196 316/156/177
f 318/220/3 316/156/177 317/176/196
f 319/221/247 320/222/248 321/223/249
f 322/224/250 319/221/247 321/223/249
f 323/225/251 320/222/248 319/221/247
f 323/225/251 324/226/252 320/222/248
f 323/225/251 325/227/253 324/226/252
f 325/227/253 326/228/254 324/226/252
f 325/227/253 327/229/255 326/228/254
f 326/228/254 327/229/255 328/230/256
f 327/229/255 329/231/257 328/230/256
f 330/232/258 328/230/256 329/231/257
f 328/230/256 330/232/258 331/233/259
f 332/234/260 331/233/259 330/232/258
f 331/233/259 332/234/260 333/235/261
f 334/236/262 333/235/261 332/234/260
f 333/235/261 334/236/262 335/237/263
f 334/236/262 336/238/42 335/237/263
f 319/221/247 322/224/250 337/239/264
f 338/240/265 337/239/264 322/224/250
f 337/239/264 338/240/265 339/241/266
f 340/242/267 339/241/266 338/240/265
f 339/241/266 340/242/267 341/243/268
f 342/244/269 341/243/268 340/242/267
f 341/243/268 342/244/269 343/245/270
f 344/246/271 343/245/270 342/244/269
f 343/245/270 344/246/271 345/247/272
f 346/248/273 345/247/272 344/246/271
f 345/247/272 346/248/273 347/249/274
f 348/250/275 347/249/274 346/248/273
f 347/249/274 348/250/275 349/251/276
f 350/252/3 349/251/276 348/250/275
f 351/253/277 352/225/278 319/221/279
f 353/239/264 351/253/277 319/221/279
f 354/254/280 352/225/278 351/253/277
f 354/254/280 355/227/281 352/225/278
f 356/255/282 355/227/281 354/254/280
f 356/255/282 357/229/283 355/227/281
f 358/256/284 357/229/283 356/255/282
f 357/229/283 358/256/284 359/231/257
f 358/256/284 360/257/285 359/231/257
f 359/231/257 360/257/285 361/232/258
f 360/257/285 362/258/286 361/232/258
f 363/234/287 361/232/258 362/258/286
f 362/258/286 364/259/288 363/234/287
f 365/236/262 363/234/287 364/259/288
f 364/259/288 366/260/289 365/236/262
f 366/260/289 367/261/42 365/236/262
f 351/253/277 353/239/264 368/262/290
f 369/241/266 368/262/290 353/239/264
f 368/262/290 369/241/266 370/263/291
f 371/243/292 370/263/291 369/241/266
f 370/263/291 371/243/292 372/264/293
f 373/245/270 372/264/293 371/243/292
f 372/264/293 373/245/270 374/265/294
f 375/247/295 374/265/294 373/245/270
f 374/265/294 375/247/295 376/266/296
f 375/247/295 377/267/297 376/266/296
f 377/267/297 375/247/295 378/249/298
f 379/251/299 377/267/297 378/249/298
f 377/267/297 379/251/299 380/268/300
f 381/269/3 380/268/300 379/251/299
f 382/270/301 383/254/302 351/253/277
f 384/262/290 382/270/301 351/253/277
f 385/271/303 383/254/302 382/270/301
f 385/271/303 386/255/304 383/254/302
f 387/272/305 386/255/304 385/271/303
f 387/272/305 388/256/284 386/255/304
f 389/273/306 388/256/284 387/272/305
f 389/273/306 390/257/307 388/256/284
f 391/274/308 390/257/307 389/273/306
f 391/274/308 392/258/286 390/257/307
f 391/274/308 393/275/309 392/258/286
f 394/276/310 392/258/286 393/275/309
f 392/258/286 394/276/310 395/259/288
f 396/277/311 395/259/288 394/276/310
f 395/259/288 396/277/311 397/260/289
f 396/277/311 398/278/42 397/260/289
f 382/270/301 384/262/290 399/279/312
f 400/263/291 399/279/312 384/262/290
f 399/279/312 400/263/291 401/280/313
f 402/264/293 401/280/313 400/263/291
f 401/280/313 402/264/293 403/281/314
f 404/265/315 403/281/314 402/264/293
f 403/281/314 404/265/315 405/282/316
f 406/266/296 405/282/316 404/265/315
f 405/282/316 406/266/296 407/283/317
f 406/266/296 408/284/318 407/283/317
f 408/284/318 406/266/296 409/267/319
f 409/267/319 410/285/320 408/284/318
f 410/285/320 409/267/319 411/268/300
f 412/286/321 410/285/320 411/268/300
f 413/287/322 414/271/323 382/270/324
f 415/279/325 413/287/322 382/270/324
f 414/271/323 413/287/322 416/288/326
f 413/287/322 415/279/325 417/289/327
f 416/288/326 418/272/305 414/271/323
f 419/280/313 417/289/327 415/279/325
f 420/290/328 418/272/305 416/288/326
f 417/289/327 419/280/313 421/291/329
f 420/290/328 422/273/306 418/272/305
f 423/281/330 421/291/329 419/280/313
f 424/292/331 422/273/306 420/290/328
f 421/291/329 423/281/330 425/293/332
f 424/292/331 426/274/308 422/273/306
f 427/282/316 425/293/332 423/281/330
f 428/294/333 426/274/308 424/292/331
f 425/293/332 427/282/316 429/295/334
f 430/296/335 426/274/308 428/294/333
f 426/274/308 430/296/335 431/275/336
f 432/283/337 429/295/334 427/282/316
f 429/295/334 432/283/337 433/297/338
f 434/298/339 431/275/336 430/296/335
f 431/275/336 434/298/339 435/276/310
f 434/298/339 436/277/311 435/276/310
f 436/277/311 434/298/339 437/299/340
f 437/299/340 438/300/42 436/277/311
f 433/297/338 432/283/337 439/301/341
f 439/301/341 432/283/337 440/284/318
f 441/285/320 439/301/341 440/284/318
f 439/301/341 441/285/320 442/302/342
f 443/303/3 442/302/342 441/285/320
f 444/304/343 445/305/344 446/306/345
f 447/307/346 444/304/343 446/306/345
f 447/307/346 446/306/345 448/308/347
f 449/309/348 447/307/346 448/308/347
f 449/309/348 448/308/347 450/310/349
f 451/311/350 449/309/348 450/310/349
f 451/311/350 450/310/349 452/312/351
f 453/313/352 451/311/350 452/312/351
f 451/311/350 453/313/352 454/314/353
f 453/313/352 455/315/354 454/314/353
f 455/315/354 453/313/352 456/316/355
f 456/316/355 457/317/356 455/315/354
f 457/317/356 456/316/355 458/318/357
f 458/318/357 459/319/42 457/317/356
f 444/304/343 460/320/358 445/305/344
f 461/321/359 445/305/344 460/320/358
f 445/305/344 461/321/359 462/322/360
f 463/323/361 462/322/360 461/321/359
f 462/322/360 463/323/361 464/324/362
f 465/325/363 464/324/362 463/323/361
f 464/324/362 465/325/363 466/326/364
f 467/327/365 466/326/364 465/325/363
f 466/326/364 467/327/365 468/328/366
f 469/329/367 468/328/366 467/327/365
f 468/328/366 469/329/367 470/330/368
f 471/331/369 470/330/368 469/329/367
f 470/330/368 471/331/369 472/332/370
f 473/333/371 472/332/370 471/331/369
f 472/332/370 473/333/371 474/334/372
f 475/335/3 474/334/372 473/333/371
f 460/320/373 476/336/374 477/321/359
f 478/337/375 477/321/359 476/336/374
f 477/321/359 478/337/375 479/323/361
f 476/336/374 460/320/373 480/338/376
f 481/339/377 479/323/361 478/337/375
f 479/323/361 481/339/377 482/325/378
f 483/340/379 482/325/378 481/339/377
f 482/325/378 483/340/379 484/327/365
f 485/341/380 484/327/365 483/340/379
f 484/327/365 485/341/380 486/329/367
f 487/331/381 486/329/367 485/341/380
f 487/331/381 485/341/380 488/342/382
f 489/333/383 487/331/381 488/342/382
f 488/342/382 490/343/384 489/333/383
f 491/344/3 489/333/383 490/343/384
f 492/345/385 480/338/376 460/320/373
f 492/345/385 460/320/373 493/304/386
f 494/346/387 492/345/385 493/304/386
f 494/346/387 493/304/386 495/307/388
f 496/347/389 494/346/387 495/307/388
f 496/347/389 495/307/388 497/309/390
f 498/311/350 496/347/389 497/309/390
f 496/347/389 498/311/350 499/348/391
f 500/314/392 499/348/391 498/311/350
f 499/348/391 500/314/392 501/349/393
f 502/315/394 501/349/393 500/314/392
f 501/349/393 502/315/394 503/350/395
f 504/317/356 503/350/395 502/315/394
f 503/350/395 504/317/356 505/351/396
f 504/317/356 506/352/42 505/351/396
f 507/345/397 508/353/398 480/338/376
f 508/353/398 509/336/399 480/338/376
f 508/353/398 507/345/397 510/354/400
f 511/346/387 510/354/400 507/345/397
f 510/354/400 511/346/387 512/355/401
f 513/347/402 512/355/401 511/346/387
f 512/355/401 513/347/402 514/356/403
f 513/347/402 515/357/404 514/356/403
f 515/357/404 513/347/402 516/348/391
f 517/349/405 515/357/404 516/348/391
f 515/357/404 517/349/405 518/358/406
f 519/350/395 518/358/406 517/349/405
f 518/358/406 519/350/395 520/359/407
f 521/351/396 520/359/407 519/350/395
f 520/359/407 521/351/396 522/360/408
f 521/351/396 523/361/42 522/360/408
f 509/336/399 508/353/398 524/362/409
f 524/362/409 525/337/410 509/336/399
f 525/337/410 524/362/409 526/363/411
f 526/363/411 527/339/377 525/337/410
f 527/339/377 526/363/411 528/364/412
f 528/364/412 529/340/379 527/339/377
f 529/340/379 528/364/412 530/365/413
f 529/340/379 530/365/413 531/341/414
f 531/341/414 530/365/413 532/366/415
f 533/367/416 531/341/414 532/366/415
f 531/341/414 533/367/416 534/342/382
f 535/343/417 534/342/382 533/367/416
f 535/343/417 533/367/416 536/368/418
f 537/369/3 535/343/417 536/368/418
f 538/370/419 539/362/409 508/353/420
f 540/354/421 538/370/419 508/353/420
f 539/362/409 538/370/419 541/371/422
f 541/371/422 542/363/411 539/362/409
f 542/363/411 541/371/422 543/372/423
f 543/372/423 544/364/424 542/363/411
f 544/364/424 543/372/423 545/373/425
f 545/373/425 546/365/413 544/364/424
f 546/365/413 545/373/425 547/374/426
f 547/374/426 548/366/427 546/365/413
f 548/366/427 547/374/426 549/375/428
f 550/376/429 548/366/427 549/375/428
f 548/366/427 550/376/429 551/367/430
f 552/368/431 551/367/430 550/376/429
f 552/368/431 550/376/429 553/377/432
f 554/378/220 552/368/431 553/377/432
f 538/370/419 540/354/421 555/379/433
f 556/355/434 555/379/433 540/354/421
f 555/379/433 556/355/434 557/380/435
f 558/356/436 557/380/435 556/355/434
f 557/380/435 558/356/436 559/381/437
f 560/357/438 559/381/437 558/356/436
f 559/381/437 560/357/438 561/382/439
f 560/357/438 562/383/440 561/382/439
f 562/383/440 560/357/438 563/358/441
f 563/358/441 564/384/442 562/383/440
f 564/384/442 563/358/441 565/359/407
f 566/360/443 564/384/442 565/359/407
f 564/384/442 566/360/443 567/385/444
f 566/360/443 568/386/42 567/385/444
f 569/379/445 96/67/83 538/370/419
f 96/67/83 570/371/422 538/370/419
f 96/67/83 569/379/445 571/68/446
f 572/380/447 571/68/446 569/379/445
f 571/68/446 572/380/447 573/70/86
f 574/381/437 573/70/86 572/380/447
f 573/70/86 574/381/437 575/72/88
f 576/382/439 575/72/88 574/381/437
f 575/72/88 576/382/439 577/74/448
f 576/382/439 578/76/92 577/74/448
f 576/382/439 579/383/440 578/76/92
f 579/383/440 580/79/95 578/76/92
f 579/383/440 581/384/442 580/79/95
f 581/384/442 582/81/97 580/79/95
f 581/384/442 583/385/444 582/81/97
f 583/385/444 584/387/42 582/81/97
f 570/371/422 96/67/83 585/66/449
f 585/66/449 586/372/423 570/371/422
f 586/372/423 585/66/449 587/103/117
f 587/103/117 588/373/425 586/372/423
f 588/373/425 587/103/117 589/105/450
f 589/105/450 590/374/451 588/373/425
f 590/374/451 589/105/450 591/107/121
f 591/107/121 592/375/428 590/374/451
f 592/375/428 591/107/121 593/109/452
f 593/109/452 594/376/453 592/375/428
f 594/376/453 593/109/452 595/111/454
f 596/114/128 594/376/453 595/111/454
f 594/376/453 596/114/128 597/377/432
f 598/388/220 597/377/432 596/114/128
f 599/389/455 600/390/456 601/391/457
f 601/391/457 600/390/456 602/392/458
f 600/390/456 599/389/455 603/393/459
f 604/394/460 603/393/459 599/389/455
f 603/393/459 604/394/460 605/395/461
f 606/396/462 605/395/461 604/394/460
f 605/395/461 606/396/462 607/397/463
f 606/396/462 608/398/464 607/397/463
f 608/398/464 606/396/462 609/399/465
f 609/399/465 610/400/466 608/398/464
f 610/400/466 609/399/465 611/401/467
f 611/401/467 612/402/468 610/400/466
f 612/402/468 611/401/467 613/403/469
f 613/403/469 614/404/470 612/402/468
f 614/404/470 613/403/469 615/405/471
f 615/405/471 616/406/42 614/404/470
f 602/392/458 600/390/456 617/407/472
f 618/408/473 602/392/458 617/407/472
f 618/408/473 617/407/472 619/409/474
f 620/410/475 618/408/473 619/409/474
f 620/410/475 619/409/474 621/411/476
f 622/412/477 620/410/475 621/411/476
f 622/412/477 621/411/476 623/413/478
f 624/414/479 622/412/477 623/413/478
f 623/413/478 625/415/480 624/414/479
f 626/416/481 624/414/479 625/415/480
f 624/414/479 626/416/481 627/417/482
f 628/418/483 627/417/482 626/416/481
f 627/417/482 628/418/483 629/419/484
f 630/420/3 629/419/484 628/418/483
f 631/393/485 12/4/12 600/390/486
f 600/390/486 12/4/12 632/407/472
f 12/4/12 631/393/485 633/2/10
f 634/395/487 633/2/10 631/393/485
f 633/2/10 634/395/487 635/7/488
f 636/397/463 635/7/488 634/395/487
f 635/7/488 636/397/463 637/9/489
f 638/398/464 637/9/489 636/397/463
f 637/9/489 638/398/464 639/11/490
f 640/400/466 639/11/490 638/398/464
f 639/11/490 640/400/466 641/14/22
f 642/402/468 641/14/22 640/400/466
f 641/14/22 642/402/468 643/15/23
f 644/404/491 643/15/23 642/402/468
f 643/15/23 644/404/491 645/421/492
f 644/404/491 646/422/42 645/421/492
f 632/407/472 12/4/12 647/5/13
f 632/407/472 647/5/13 648/409/474
f 648/409/474 647/5/13 649/423/493
f 650/411/476 648/409/474 649/423/493
f 650/411/476 649/423/493 651/424/494
f 652/413/478 650/411/476 651/424/494
f 652/413/478 651/424/494 653/425/495
f 654/415/480 652/413/478 653/425/495
f 654/415/480 653/425/495 655/426/496
f 656/416/481 654/415/480 655/426/496
f 655/426/496 657/427/497 656/416/481
f 658/418/498 656/416/481 657/427/497
f 657/427/497 659/428/499 658/418/498
f 660/429/3 658/418/498 659/428/499
f 239/179/198 240/180/199 661/430/500
f 240/180/199 662/219/242 661/430/500
f 661/430/500 662/219/242 663/431/501
f 662/219/242 664/217/240 663/431/501
f 663/431/501 664/217/240 665/432/502
f 664/217/240 666/211/503 665/432/502
f 666/211/503 667/433/504 665/432/502
f 667/433/504 666/211/503 668/207/505
f 669/212/236 667/433/504 668/207/505
f 667/433/504 669/212/236 670/434/506
f 669/212/236 671/435/507 670/434/506
f 671/435/507 669/212/236 672/214/238
f 672/214/238 673/436/42 671/435/507
f 238/178/197 674/437/508 675/164/184
f 676/438/509 675/164/184 674/437/508
f 675/164/184 676/438/509 677/162/510
f 678/439/511 677/162/510 676/438/509
f 677/162/510 678/439/511 679/167/187
f 680/440/512 679/167/187 678/439/511
f 679/167/187 680/440/512 681/169/513
f 682/441/514 681/169/513 680/440/512
f 681/169/513 682/441/514 683/171/191
f 684/174/515 683/171/191 682/441/514
f 684/174/515 682/441/514 685/442/516
f 686/175/517 684/174/515 685/442/516
f 686/175/517 685/442/516 687/443/518
f 688/444/3 686/175/517 687/443/518
f 674/437/508 238/178/197 689/445/519
f 689/445/519 238/178/197 690/446/520
f 238/178/197 691/179/521 690/446/520
f 690/446/520 691/179/521 692/447/522
f 691/179/521 693/430/523 692/447/522
f 692/447/522 693/430/523 694/448/524
f 693/430/523 695/431/525 694/448/524
f 696/449/526 694/448/524 695/431/525
f 695/431/525 697/432/502 696/449/526
f 697/432/502 698/450/527 696/449/526
f 698/450/527 697/432/502 699/433/504
f 699/433/504 700/451/528 698/450/527
f 700/451/528 699/433/504 701/434/506
f 701/434/506 702/452/529 700/451/528
f 702/452/529 701/434/506 703/435/507
f 703/435/507 704/453/42 702/452/529
f 689/445/530 705/20/531 706/437/508
f 707/122/532 706/437/508 705/20/531
f 706/437/508 707/122/532 708/438/509
f 705/20/531 689/445/530 27/19/27
f 709/124/137 708/438/509 707/122/532
f 708/438/509 709/124/137 710/439/533
f 711/126/139 710/439/533 709/124/137
f 710/439/533 711/126/139 712/440/512
f 713/128/141 712/440/512 711/126/139
f 712/440/512 713/128/141 714/441/534
f 713/128/141 715/442/535 714/441/534
f 715/442/535 713/128/141 716/131/144
f 717/133/536 715/442/535 716/131/144
f 715/442/535 717/133/536 718/443/518
f 719/454/3 718/443/518 717/133/536
f 27/19/27 689/445/530 720/17/537
f 689/445/530 721/446/538 720/17/537
f 720/17/537 721/446/538 722/22/30
f 721/446/538 723/447/539 722/22/30
f 724/24/540 722/22/30 723/447/539
f 723/447/539 725/448/541 724/24/540
f 726/449/526 724/24/540 725/448/541
f 724/24/540 726/449/526 727/26/34
f 728/450/542 727/26/34 726/449/526
f 727/26/34 728/450/542 729/28/36
f 730/451/528 729/28/36 728/450/542
f 729/28/36 730/451/528 731/31/39
f 732/452/529 731/31/39 730/451/528
f 731/31/39 732/452/529 733/32/40
f 732/452/529 734/455/42 733/32/40
f 134/101/115 735/92/107 135/91/106
f 134/101/115 736/456/543 735/92/107
f 737/457/544 735/92/107 736/456/543
f 735/92/107 737/457/544 738/95/110
f 739/458/163 738/95/110 737/457/544
f 126/97/111 78/55/68 740/459/545
f 741/460/546 740/459/545 78/55/68
f 741/460/546 78/55/68 742/57/71
f 743/461/547 741/460/546 742/57/71
f 743/461/547 742/57/71 744/58/72
f 745/462/548 743/461/547 744/58/72
f 745/462/548 744/58/72 746/59/74
f 747/463/549 745/462/548 746/59/74
f 747/463/549 746/59/74 748/60/76
f 749/61/77 747/463/549 748/60/76
f 747/463/549 749/61/77 750/464/550
f 751/465/551 750/464/550 749/61/77
f 751/465/551 749/61/77 752/62/79
f 753/63/80 751/465/551 752/62/79
f 751/465/551 753/63/80 754/466/552
f 753/63/80 755/467/42 754/466/552
f 740/459/545 756/322/360 757/97/111
f 758/324/553 757/97/111 756/322/360
f 757/97/111 758/324/553 759/98/554
f 760/326/364 759/98/554 758/324/553
f 759/98/554 760/326/364 761/99/113
f 762/328/366 761/99/113 760/326/364
f 761/99/113 762/328/366 763/100/555
f 764/330/368 763/100/555 762/328/366
f 763/100/555 764/330/368 765/101/556
f 766/332/557 765/101/556 764/330/368
f 765/101/556 766/332/557 767/456/558
f 768/457/544 767/456/558 766/332/557
f 766/332/557 769/334/559 768/457/544
f 770/468/3 768/457/544 769/334/559
f 756/322/360 740/459/545 445/305/344
f 771/306/560 445/305/344 740/459/545
f 771/306/560 740/459/545 772/460/561
f 773/308/562 771/306/560 772/460/561
f 773/308/562 772/460/561 774/461/547
f 775/310/563 773/308/562 774/461/547
f 775/310/563 774/461/547 776/462/548
f 777/312/351 775/310/563 776/462/548
f 777/312/351 776/462/548 778/463/564
f 779/464/550 777/312/351 778/463/564
f 777/312/351 779/464/550 780/313/352
f 779/464/550 781/316/565 780/313/352
f 781/316/565 779/464/550 782/465/566
f 783/466/552 781/316/565 782/465/566
f 781/316/565 783/466/552 784/318/357
f 783/466/552 785/469/42 784/318/357
f 786/470/567 221/161/181 220/160/180
f 221/161/181 786/470/567 787/218/241
f 788/471/568 787/218/241 786/470/567
f 787/218/241 788/471/568 789/213/237
f 790/472/569 789/213/237 788/471/568
f 789/213/237 790/472/569 791/208/232
f 792/473/570 791/208/232 790/472/569
f 791/208/232 792/473/570 793/209/233
f 792/473/570 794/210/234 793/209/233
f 794/210/234 792/473/570 795/474/571
f 796/475/572 794/210/234 795/474/571
f 794/210/234 796/475/572 797/215/239
f 796/475/572 798/476/42 797/215/239
f 219/159/179 799/477/573 800/160/574
f 801/478/575 800/160/574 799/477/573
f 800/160/574 801/478/575 802/470/567
f 803/479/576 802/470/567 801/478/575
f 802/470/567 803/479/576 804/471/568
f 805/480/577 804/471/568 803/479/576
f 804/471/568 805/480/577 806/472/578
f 807/481/579 806/472/578 805/480/577
f 806/472/578 807/481/579 808/473/570
f 807/481/579 809/474/580 808/473/570
f 809/474/580 807/481/579 810/482/581
f 811/483/582 809/474/580 810/482/581
f 809/474/580 811/483/582 812/475/572
f 811/483/582 813/484/42 812/475/572
f 799/477/573 219/159/179 814/485/583
f 815/486/584 814/485/583 219/159/179
f 816/144/165 815/486/584 219/159/179
f 817/487/585 815/486/584 816/144/165
f 818/146/586 817/487/585 816/144/165
f 819/488/587 817/487/585 818/146/586
f 820/148/588 819/488/587 818/146/586
f 821/489/589 819/488/587 820/148/588
f 820/148/588 822/150/171 821/489/589
f 823/490/590 821/489/589 822/150/171
f 822/150/171 824/152/591 823/490/590
f 825/155/592 823/490/590 824/152/591
f 823/490/590 825/155/592 826/491/593
f 827/492/594 826/491/593 825/155/592
f 825/155/592 828/157/178 827/492/594
f 829/493/3 827/492/594 828/157/178
f 814/485/583 830/494/595 831/477/596
f 832/495/597 831/477/596 830/494/595
f 831/477/596 832/495/597 833/478/598
f 834/496/599 833/478/598 832/495/597
f 833/478/598 834/496/599 835/479/576
f 836/497/600 835/479/576 834/496/599
f 835/479/576 836/497/600 837/480/601
f 838/481/579 837/480/601 836/497/600
f 838/481/579 836/497/600 839/498/602
f 840/482/603 838/481/579 839/498/602
f 840/482/603 839/498/602 841/499/604
f 842/483/582 840/482/603 841/499/604
f 842/483/582 841/499/604 843/500/605
f 843/500/605 844/501/42 842/483/582
f 830/494/595 814/485/583 845/502/606
f 846/503/607 845/502/606 814/485/583
f 847/486/584 846/503/607 814/485/583
f 848/504/608 846/503/607 847/486/584
f 849/487/609 848/504/608 847/486/584
f 850/505/610 848/504/608 849/487/609
f 849/487/609 851/488/587 850/505/610
f 852/506/611 850/505/610 851/488/587
f 851/488/587 853/489/612 852/506/611
f 854/507/613 852/506/611 853/489/612
f 853/489/612 855/490/590 854/507/613
f 855/490/590 856/508/614 854/507/613
f 855/490/590 857/491/615 856/508/614
f 858/492/594 856/508/614 857/491/615
f 856/508/614 858/492/594 859/509/616
f 860/510/3 859/509/616 858/492/594
f 845/502/617 861/222/618 862/494/619
f 863/226/252 862/494/619 861/222/618
f 862/494/619 863/226/252 864/495/620
f 861/222/618 845/502/617 321/223/249
f 865/228/621 864/495/620 863/226/252
f 864/495/620 865/228/621 866/496/622
f 867/230/256 866/496/622 865/228/621
f 866/496/622 867/230/256 868/497/600
f 869/233/259 868/497/600 867/230/256
f 868/497/600 869/233/259 870/498/623
f 871/235/261 870/498/623 869/233/259
f 870/498/623 871/235/261 872/499/604
f 873/237/263 872/499/604 871/235/261
f 872/499/604 873/237/263 874/500/624
f 873/237/263 875/511/42 874/500/624
f 876/224/625 321/223/249 845/502/617
f 877/503/607 876/224/625 845/502/617
f 878/240/626 876/224/625 877/503/607
f 877/503/607 879/504/608 878/240/626
f 880/242/267 878/240/626 879/504/608
f 879/504/608 881/505/627 880/242/267
f 882/244/269 880/242/267 881/505/627
f 881/505/627 883/506/611 882/244/269
f 884/246/628 882/244/269 883/506/611
f 883/506/611 885/507/629 884/246/628
f 885/507/629 886/248/273 884/246/628
f 885/507/629 887/508/630 886/248/273
f 887/508/630 888/250/631 886/248/273
f 887/508/630 889/509/632 888/250/631
f 890/512/3 888/250/631 889/509/632
f 891/190/208 288/206/230 287/189/207
f 288/206/230 891/190/208 892/513/633
f 891/190/208 893/514/42 892/513/633
f 276/200/221 894/515/634 895/192/209
f 896/516/635 895/192/209 894/515/634
f 895/192/209 896/516/635 897/193/636
f 898/517/637 897/193/636 896/516/635
f 897/193/636 898/517/637 899/194/212
f 900/518/638 899/194/212 898/517/637
f 899/194/212 900/518/638 901/195/639
f 902/519/640 901/195/639 900/518/638
f 901/195/639 902/519/640 903/196/215
f 902/519/640 904/197/641 903/196/215
f 902/519/640 905/520/642 904/197/641
f 905/520/642 906/198/219 904/197/641
f 905/520/642 907/521/643 906/198/219
f 908/522/220 906/198/219 907/521/643
f 894/515/634 276/200/221 909/523/644
f 276/200/221 910/524/645 909/523/644
f 910/524/645 276/200/221 911/201/646
f 911/201/646 912/525/647 910/524/645
f 912/525/647 911/201/646 913/202/224
f 913/202/224 914/526/648 912/525/647
f 914/526/648 913/202/224 915/203/649
f 915/203/649 916/527/650 914/526/648
f 916/527/650 915/203/649 917/204/226
f 918/205/229 916/527/650 917/204/226
f 916/527/650 918/205/229 919/528/651
f 920/206/652 919/528/651 918/205/229
f 919/528/651 920/206/652 921/529/653
f 922/530/654 921/529/653 920/206/652
f 922/530/654 920/206/652 923/513/633
f 923/513/633 924/531/42 922/530/654
f 909/523/644 925/392/458 926/515/634
f 927/408/655 926/515/634 925/392/458
f 926/515/634 927/408/655 928/516/635
f 925/392/458 909/523/644 601/391/457
f 929/410/475 928/516/635 927/408/655
f 928/516/635 929/410/475 930/517/656
f 931/412/477 930/517/656 929/410/475
f 930/517/656 931/412/477 932/518/638
f 933/414/657 932/518/638 931/412/477
f 932/518/638 933/414/657 934/519/640
f 935/520/642 934/519/640 933/414/657
f 933/414/657 936/417/482 935/520/642
f 937/419/658 935/520/642 936/417/482
f 935/520/642 937/419/658 938/521/659
f 939/532/3 938/521/659 937/419/658
f 909/523/644 940/389/660 601/391/457
f 940/389/660 909/523/644 941/524/661
f 941/524/661 942/394/460 940/389/660
f 942/394/460 941/524/661 943/525/662
f 943/525/662 944/396/663 942/394/460
f 944/396/663 943/525/662 945/526/664
f 945/526/664 946/399/465 944/396/663
f 946/399/465 945/526/664 947/527/650
f 947/527/650 948/401/665 946/399/465
f 948/401/665 947/527/650 949/528/666
f 950/529/653 948/401/665 949/528/666
f 948/401/665 950/529/653 951/403/469
f 952/405/471 951/403/469 950/529/653
f 952/405/471 950/529/653 953/530/667
f 953/530/667 954/533/42 952/405/471
f 23/15/23 955/534/668 24/16/24
f 955/534/668 23/15/23 956/421/669
f 956/421/669 957/535/42 955/534/668
f 13/5/13 11/3/11 958/536/670
f 13/5/13 958/536/670 959/423/493
f 959/423/493 958/536/670 960/537/671
f 959/423/493 960/537/671 961/424/494
f 961/424/494 960/537/671 962/538/672
f 963/425/673 961/424/494 962/538/672
f 963/425/673 962/538/672 964/539/674
f 965/426/496 963/425/673 964/539/674
f 965/426/496 964/539/674 966/540/675
f 967/427/676 965/426/496 966/540/675
f 967/427/676 966/540/675 968/541/677
f 969/542/678 967/427/676 968/541/677
f 967/427/676 969/542/678 970/428/679
f 971/543/3 970/428/679 969/542/678
f 11/3/11 972/544/322 973/536/680
f 974/6/681 972/544/322 11/3/11
f 973/536/680 972/544/322 975/545/327
f 972/544/322 974/6/681 976/546/326
f 973/536/680 975/545/327 977/537/671
f 978/8/16 976/546/326 974/6/681
f 977/537/671 975/545/327 979/547/329
f 976/546/326 978/8/16 980/548/328
f 977/537/671 979/547/329 981/538/672
f 982/10/18 980/548/328 978/8/16
f 981/538/672 979/547/329 983/549/332
f 980/548/328 982/10/18 984/550/331
f 981/538/672 983/549/332 985/539/682
f 986/12/683 984/550/331 982/10/18
f 985/539/682 983/549/332 987/551/334
f 984/550/331 986/12/683 988/552/333
f 985/539/682 987/551/334 989/540/684
f 986/12/683 990/553/335 988/552/333
f 989/540/684 987/551/334 991/554/338
f 990/553/335 986/12/683 992/13/21
f 993/541/685 989/540/684 991/554/338
f 994/16/24 990/553/335 992/13/21
f 993/541/685 991/554/338 995/555/341
f 990/553/335 994/16/24 996/556/339
f 997/542/678 993/541/685 995/555/341
f 997/542/678 995/555/341 998/557/342
f 999/558/3 997/542/678 998/557/342
f 1000/534/668 996/556/339 994/16/24
f 996/556/339 1000/534/668 1001/559/340
f 1000/534/668 1002/560/42 1001/559/340
f 1003/1/686 1004/1/687 1005/1/688
f 1003/1/686 1006/1/689 1004/1/687
f 1005/1/688 1007/1/690 1003/1/686
f 1006/1/689 1003/1/686 1008/1/691
f 1005/1/688 1009/1/692 1007/1/690
f 1009/1/692 1005/1/688 1010/1/693
f 1011/1/694 1009/1/692 1010/1/693
f 1007/1/690 1012/1/695 1003/1/686
f 1003/1/686 1012/1/695 1008/1/691
f 1009/1/692 1012/1/695 1007/1/690
f 1013/1/696 1009/1/692 1011/1/694
f 1013/1/696 1012/1/695 1009/1/692
f 1011/1/694 1014/1/697 1013/1/696
f 1014/1/697 1012/1/695 1013/1/696
f 1014/1/697 1011/1/694 1015/1/698
f 1016/1/699 1014/1/697 1015/1/698
f 1017/1/700 1012/1/695 1014/1/697
f 1017/1/700 1014/1/697 1016/1/699
f 1018/1/701 1012/1/695 1017/1/700
f 1016/1/699 1018/1/701 1017/1/700
f 1008/1/691 1012/1/695 1018/1/701
f 1018/1/701 1006/1/689 1008/1/691
f 1018/1/701 1016/1/699 1019/1/702
f 1018/1/701 1019/1/702 1006/1/689
f 1020/1/703 1021/1/704 1022/1/705
f 1023/1/706 1020/1/703 1022/1/705
f 1021/1/704 1020/1/703 1024/1/707
f 1020/1/703 1023/1/706 1025/1/708
f 1026/1/709 1024/1/707 1020/1/703
f 1026/1/709 1020/1/703 1025/1/708
f 1024/1/707 1026/1/709 1027/1/710
f 1026/1/709 1025/1/708 1028/1/711
f 1029/1/712 1024/1/707 1027/1/710
f 1025/1/708 1030/1/713 1028/1/711
f 1023/1/706 1031/1/714 1025/1/708
f 1030/1/713 1025/1/708 1031/1/714
f 1031/1/714 1023/1/706 1032/1/715
f 1031/1/714 1033/1/716 1030/1/713
f 1032/1/715 1034/1/717 1031/1/714
f 1033/1/716 1031/1/714 1035/1/718
f 1031/1/714 1034/1/717 1035/1/718
f 1033/1/716 1035/1/718 1036/1/719
f 1034/1/717 1036/1/719 1035/1/718
f 1036/1/719 1034/1/717 1037/1/720
f 1036/1/719 1038/1/721 1033/1/716
f 1037/1/720 1039/1/722 1036/1/719
f 1040/1/723 1038/1/721 1036/1/719
f 1040/1/723 1036/1/719 1039/1/722
f 1038/1/721 1040/1/723 1041/1/724
f 1040/1/723 1029/1/712 1041/1/724
f 1039/1/722 1042/1/725 1040/1/723
f 1029/1/712 1040/1/723 1042/1/725
f 1042/1/725 1039/1/722 1043/1/726
f 1042/1/725 1024/1/707 1029/1/712
f 1021/1/704 1042/1/725 1043/1/726
f 1042/1/725 1021/1/704 1024/1/707
usemtl Handle1Mtl.003
f 1044/561/322 1046/562/322 1045/563/322
f 1044/561/322 1047/564/322 1046/562/322
f 1044/561/322 1048/565/322 1047/564/322
f 1044/561/322 1049/566/322 1048/565/322
f 1044/561/322 1050/567/322 1049/566/322
f 1044/561/322 1051/568/322 1050/567/322
f 1044/561/322 1053/569/322 1052/568/322
f 1044/561/322 1054/570/322 1053/569/322
f 1044/561/322 1055/571/322 1054/570/322
f 1044/561/322 1056/572/322 1055/571/322
f 1044/561/322 1057/573/322 1056/572/322
f 1044/561/322 1058/574/322 1057/573/322
f 1044/561/322 1060/575/322 1059/576/727
f 1044/561/322 1061/577/322 1060/575/322
f 1044/561/322 1062/578/322 1061/577/322
f 1044/561/322 1063/579/322 1062/578/322
f 1044/561/322 1064/580/322 1063/579/322
f 1044/561/322 1065/581/728 1064/580/322
f 1044/561/322 1067/582/322 1066/581/322
f 1044/561/322 1068/583/322 1067/582/322
f 1044/561/322 1069/584/322 1068/583/322
f 1044/561/322 1070/585/322 1069/584/322
f 1044/561/322 1071/586/322 1070/585/322
f 1044/561/322 1072/563/322 1071/586/322
f 1073/587/729 1074/588/729 1075/589/730
f 1075/589/730 1074/588/729 1076/590/730
f 1075/589/730 1076/590/730 1077/591/731
f 1077/591/731 1076/590/730 1078/592/731
f 1077/591/731 1078/592/731 1079/593/732
f 1079/593/732 1078/592/731 1080/594/732
f 1079/593/732 1080/594/732 1081/595/733
f 1081/595/733 1080/594/732 1082/596/733
f 1081/595/733 1082/596/733 1083/597/734
f 1083/597/734 1082/596/733 1084/598/735
f 1083/597/734 1084/598/735 1085/599/736
f 1085/599/736 1084/598/735 1086/600/736
f 1087/587/729 1088/588/729 1089/589/237
f 1089/589/237 1088/588/729 1090/590/237
f 1089/589/237 1090/590/237 1091/591/737
f 1091/591/737 1090/590/237 1092/592/737
f 1091/591/737 1092/592/737 1093/593/166
f 1093/593/166 1092/592/737 1094/594/166
f 1093/593/166 1094/594/166 1095/595/738
f 1095/595/738 1094/594/166 1096/596/738
f 1095/595/738 1096/596/738 1097/597/739
f 1097/597/739 1096/596/738 1098/598/739
f 1097/597/739 1098/598/739 1099/599/740
f 1099/599/740 1098/598/739 1100/600/740
f 1101/561/68 1103/562/68 1102/563/68
f 1101/561/68 1104/564/68 1103/562/68
f 1101/561/68 1105/565/68 1104/564/68
f 1101/561/68 1106/566/68 1105/565/68
f 1101/561/68 1107/567/68 1106/566/68
f 1101/561/68 1108/568/68 1107/567/68
f 1101/561/68 1110/569/68 1109/568/68
f 1101/561/68 1111/570/68 1110/569/68
f 1101/561/68 1112/571/68 1111/570/68
f 1101/561/68 1113/572/68 1112/571/68
f 1101/561/68 1114/573/68 1113/572/68
f 1101/561/68 1115/574/68 1114/573/68
f 1101/561/68 1117/575/68 1116/576/68
f 1101/561/68 1118/577/68 1117/575/68
f 1101/561/68 1119/578/68 1118/577/68
f 1101/561/68 1120/579/68 1119/578/68
f 1101/561/68 1121/580/68 1120/579/68
f 1101/561/68 1122/581/68 1121/580/68
f 1101/561/68 1124/582/68 1123/581/68
f 1101/561/68 1125/583/68 1124/582/68
f 1101/561/68 1126/584/68 1125/583/68
f 1101/561/68 1127/585/68 1126/584/68
f 1101/561/68 1128/586/68 1127/585/68
f 1101/561/68 1129/563/68 1128/586/68
f 1130/587/741 1131/588/741 1132/589/742
f 1132/589/742 1131/588/741 1133/590/742
f 1132/589/742 1133/590/742 1134/591/743
f 1134/591/743 1133/590/742 1135/592/743
f 1134/591/743 1135/592/743 1136/593/744
f 1136/593/744 1135/592/743 1137/594/744
f 1136/593/744 1137/594/744 1138/595/745
f 1138/595/745 1137/594/744 1139/596/745
f 1138/595/745 1139/596/745 1140/597/746
f 1140/597/746 1139/596/745 1141/598/747
f 1140/597/746 1141/598/747 1142/599/740
f 1142/599/740 1141/598/747 1143/600/740
f 1144/587/736 1145/588/736 1146/589/748
f 1146/589/748 1145/588/736 1147/590/89
f 1146/589/748 1147/590/89 1148/591/749
f 1148/591/749 1147/590/89 1149/592/749
f 1148/591/749 1149/592/749 1150/593/81
f 1150/593/81 1149/592/749 1151/594/81
f 1150/593/81 1151/594/81 1152/595/750
f 1152/595/750 1151/594/81 1153/596/750
f 1152/595/750 1153/596/750 1154/597/751
f 1154/597/751 1153/596/750 1155/598/751
f 1154/597/751 1155/598/751 1156/599/741
f 1156/599/741 1155/598/751 1157/600/741
