# Blender 5.1.2
# www.blender.org
mtllib Seat.mtl
o Seat
v 0.699966 -1.253467 0.318108
v 0.718868 -1.221237 0.383209
v 0.699966 -1.239067 0.390610
v 0.718868 -1.234537 0.316307
v 0.699966 -1.198437 0.451408
v 0.699966 -1.239067 0.390610
v 0.718868 -1.221237 0.383209
v 0.718868 -1.184787 0.437710
v 0.699966 -1.253467 -0.845692
v 0.718868 -1.234537 0.316307
v 0.699966 -1.253467 0.318108
v 0.718868 -1.234537 -0.847591
v 0.663868 -1.234537 -0.980793
v 0.711067 -1.208687 -0.922691
v 0.704468 -1.234537 -0.919990
v 0.668867 -1.208687 -0.985790
v 0.704468 -1.234537 -0.919990
v 0.725868 -1.208687 -0.848293
v 0.718868 -1.234537 -0.847591
v 0.711067 -1.208687 -0.922691
v 0.699966 -1.198437 0.451408
v 0.699966 -1.137627 0.492008
v 0.718868 -1.130237 0.474209
v 0.718868 -1.184787 0.437710
v 0.419567 1.137583 -0.036591
v 0.461767 1.074483 0.461609
v 0.419567 1.137583 0.461609
v 0.461767 1.074483 -0.036991
v 0.419567 1.137583 -0.036591
v 0.414568 1.132583 -0.061592
v 0.455168 1.071783 -0.061791
v 0.461767 1.074483 0.461609
v 0.414568 1.132583 0.487507
v 0.455168 1.071783 0.487507
v 0.419567 1.137583 0.461609
v 0.668867 -1.208687 -0.985790
v 0.668867 -0.957337 -0.985790
v 0.711067 -0.957337 -0.922691
v 0.711067 -1.208687 -0.922691
v 0.725868 -0.957337 -0.848293
v 0.704468 -0.931487 -0.919990
v 0.718868 -0.931487 -0.847591
v 0.718868 -1.234537 0.316307
v 0.725868 -1.196877 0.373108
v 0.718868 -1.221237 0.383209
v 0.725868 -1.208687 0.313709
v 0.718868 -1.221237 0.383209
v 0.725868 -1.166147 0.419109
v 0.718868 -1.184787 0.437710
v 0.725868 -1.196877 0.373108
v 0.725868 -1.120157 0.449810
v 0.718868 -1.184787 0.437710
v 0.725868 -1.166147 0.419109
v 0.718868 -1.130237 0.474209
v 0.718868 -1.063357 0.487507
v 0.718868 -1.130237 0.474209
v 0.725868 -1.060807 0.461609
v 0.711067 -1.208687 -0.922691
v 0.711067 -0.957337 -0.922691
v 0.725868 -0.957337 -0.848293
v 0.725868 -1.208687 -0.848293
v 0.663868 -0.931487 -0.980793
v 0.704468 -0.931487 -0.919990
v 0.668867 -0.957337 -0.985790
v 0.718868 -1.234537 -0.847591
v 0.725868 -1.208687 0.313709
v 0.718868 -1.234537 0.316307
v 0.725868 -1.208687 -0.848293
v 0.725868 -0.905627 0.461609
v 0.725868 -0.815237 -0.049793
v 0.725868 0.309473 0.461609
v 0.725868 0.309473 -0.037491
v 0.711067 0.383903 -0.036991
v 0.711067 0.383903 0.461609
v 0.704468 0.381203 -0.061790
v 0.711067 0.383903 -0.036991
v 0.718868 0.308793 -0.062092
v 0.668867 0.447003 0.461609
v 0.663868 0.442003 0.487507
v 0.704468 0.381203 0.487507
v 0.725868 0.309473 0.461609
v 0.718868 0.308793 0.487507
v 0.668867 0.447003 -0.036591
v 0.711067 0.383903 0.461609
v 0.711067 0.383903 -0.036991
v 0.663868 0.442003 -0.061592
v 0.668867 0.447003 -0.036591
v 0.704468 0.381203 -0.061790
v 0.725868 -1.060807 0.461609
v 0.725868 -0.905627 0.461609
v 0.718868 -0.905627 0.487507
v 0.718868 -1.063357 0.487507
v 0.725868 -1.060807 0.461609
v 0.725868 -1.208687 0.313709
v 0.699966 -1.137627 0.492008
v 0.718868 -1.130237 0.474209
v 0.699966 -1.065217 0.506409
v 0.718868 -1.063357 0.487507
v 0.725868 -1.060807 0.461609
v 0.725868 -1.120157 0.449810
v 0.725868 -1.196877 0.373108
v 0.725868 -1.208687 0.313709
v 0.725868 0.309473 -0.037491
v 0.725868 0.309473 0.461609
v 0.725868 -0.759637 -0.038193
v 0.725868 -1.166147 0.419109
v 0.725868 -1.196877 0.373108
v 0.725868 -1.120157 0.449810
v 0.725868 -1.208687 -0.848293
v 0.725868 -0.957337 -0.848293
v 0.725868 -0.957337 -0.276092
v 0.725868 -1.208687 0.313709
v 0.725868 -1.208687 -0.848293
v 0.725868 -0.957337 -0.276092
v 0.725868 -1.208687 0.313709
v 0.725868 -0.862747 -0.081493
v 0.725868 -0.815237 -0.049793
v 0.725868 -1.208687 0.313709
v 0.725868 -0.957337 -0.276092
v 0.725868 -0.942207 -0.199993
v 0.725868 -1.208687 0.313709
v 0.725868 -0.942207 -0.199993
v 0.725868 -0.862747 -0.081493
v 0.725868 -0.759637 -0.038193
v 0.725868 -0.905627 0.461609
v 0.725868 -0.815237 -0.049793
v 0.718868 -0.735387 -0.062393
v 0.718868 0.308793 -0.062092
v 0.725868 0.309473 -0.037491
v 0.725868 -0.759637 -0.038193
v 0.461767 1.074483 -0.036991
v 0.476568 1.000053 0.461609
v 0.476568 1.000053 -0.037491
v 0.461767 1.074483 0.461609
v 0.455168 1.071783 0.487507
v 0.476568 1.000053 0.461609
v 0.469568 0.999373 0.487507
v 0.461767 1.074483 -0.036991
v 0.455168 1.071783 -0.061791
v 0.469568 0.999373 -0.062092
v 0.718868 -0.735387 -0.062393
v 0.699966 -0.789537 -0.094593
v 0.699966 -0.717627 -0.080193
v 0.718868 -0.800397 -0.075592
v 0.725868 -0.759637 -0.038193
v 0.725868 -0.815237 -0.049793
v 0.718868 -0.735387 -0.062393
v 0.718868 -0.905627 0.487507
v 0.718868 0.308793 0.487507
v 0.725868 -0.905627 0.461609
v 0.725868 0.309473 0.461609
v 0.725868 -0.759637 -0.038193
v 0.469568 0.999373 0.487507
v 0.469568 0.825543 0.487507
v 0.476568 1.000053 0.461609
v 0.476568 0.824863 0.461609
v 0.476568 0.824863 -0.036293
v 0.476568 1.000053 -0.037491
v 0.469568 0.825543 -0.061493
v 0.469568 0.999373 -0.062092
v 0.725868 -0.942207 -0.199993
v 0.725868 -0.957337 -0.276092
v 0.718868 -0.931487 -0.278591
v 0.718868 -0.916517 -0.203392
v 0.725868 -0.957337 -0.848293
v 0.718868 -0.931487 -0.278591
v 0.725868 -0.957337 -0.276092
v 0.718868 -0.931487 -0.847591
v 0.718868 -0.855707 -0.112591
v 0.699966 -0.789537 -0.094593
v 0.718868 -0.800397 -0.075592
v 0.699966 -0.850547 -0.135292
v 0.725868 -0.862747 -0.081493
v 0.725868 -0.815237 -0.049793
v 0.718868 -0.855707 -0.112591
v 0.476568 0.824863 0.461609
v 0.455168 0.753133 0.487507
v 0.461767 0.750433 0.461609
v 0.469568 0.825543 0.487507
v 0.476568 0.824863 -0.036293
v 0.461767 0.750433 0.461609
v 0.461767 0.750433 -0.036392
v 0.476568 0.824863 0.461609
v 0.455168 0.753133 -0.061493
v 0.476568 0.824863 -0.036293
v 0.469568 0.825543 -0.061493
v 0.718868 -0.916517 -0.203392
v 0.699966 -0.850547 -0.135292
v 0.718868 -0.855707 -0.112591
v 0.699966 -0.897707 -0.205791
v 0.725868 -0.942207 -0.199993
v 0.725868 -0.862747 -0.081493
v 0.172068 0.503973 0.172108
v 0.172068 0.630373 0.172108
v 0.212667 0.503973 0.212707
v 0.172068 0.630373 0.253208
v 0.212667 0.630373 0.212707
v 0.172068 0.503973 0.253208
v 0.461767 0.750433 0.461609
v 0.414568 0.692333 0.487507
v 0.419567 0.687333 0.461609
v 0.455168 0.753133 0.487507
v 0.718868 -0.916517 -0.203392
v 0.718868 -0.931487 -0.278591
v 0.699966 -0.912557 -0.280491
v 0.699966 -0.897707 -0.205791
v 0.718868 -0.931487 -0.847591
v 0.699966 -0.912557 -0.280491
v 0.718868 -0.931487 -0.278591
v 0.699966 -0.912557 -0.845692
v 0.419567 0.687333 -0.036591
v 0.461767 0.750433 -0.036392
v 0.419567 0.687333 0.461609
v 0.461767 0.750433 0.461609
v 0.414568 0.692333 -0.061592
v 0.461767 0.750433 -0.036392
v 0.455168 0.753133 -0.061493
v 0.282068 1.194543 0.461609
v 0.353767 1.173213 0.487507
v 0.356468 1.179743 0.461609
v 0.281368 1.187623 0.487507
v -0.257433 1.194543 0.461609
v -0.331932 1.179743 0.461609
v -0.329233 1.173213 0.487507
v -0.256733 1.187623 0.487507
v 0.281368 1.187623 0.487507
v -0.257433 1.194543 0.461609
v -0.256733 1.187623 0.487507
v -0.331932 1.179743 0.461609
v -0.395033 1.137583 0.461609
v -0.390032 1.132583 0.487507
v -0.329233 1.173213 0.487507
v 0.356468 1.179743 0.461609
v 0.414568 1.132583 0.487507
v 0.419567 1.137583 0.461609
v 0.353767 1.173213 0.487507
v -0.257433 1.194543 -0.036293
v -0.331932 1.179743 0.461609
v -0.257433 1.194543 0.461609
v -0.331932 1.179743 -0.036392
v -0.257433 1.194543 -0.036293
v -0.329233 1.173213 -0.061493
v -0.256733 1.187623 -0.061493
v 0.282068 1.194543 -0.036293
v 0.356468 1.179743 0.461609
v 0.356468 1.179743 -0.036392
v 0.282068 1.194543 0.461609
v 0.353767 1.173213 -0.061493
v 0.282068 1.194543 -0.036293
v 0.281368 1.187623 -0.061493
v 0.282068 1.194543 -0.036293
v -0.257433 1.194543 -0.036293
v -0.257433 1.194543 0.461609
v 0.282068 1.194543 0.461609
v 0.281368 1.187623 0.487507
v 0.281368 1.187623 -0.061493
v -0.256733 1.187623 -0.061493
v 0.281368 1.187623 -0.061493
v -0.257433 1.194543 -0.036293
v 0.282068 1.194543 -0.036293
v -0.395033 1.137583 -0.036591
v -0.331932 1.179743 -0.036392
v -0.390032 1.132583 -0.061592
v -0.329233 1.173213 -0.061493
v -0.395033 1.137583 0.461609
v -0.331932 1.179743 -0.036392
v -0.331932 1.179743 0.461609
v 0.356468 1.179743 -0.036392
v 0.419567 1.137583 0.461609
v 0.419567 1.137583 -0.036591
v 0.356468 1.179743 0.461609
v 0.414568 1.132583 -0.061592
v 0.356468 1.179743 -0.036392
v 0.353767 1.173213 -0.061493
v -0.581232 0.489163 0.461609
v -0.644333 0.447003 0.461609
v -0.639332 0.442003 0.487507
v -0.578533 0.482633 0.487507
v -0.644333 0.447003 -0.036591
v -0.644333 0.447003 0.461609
v -0.581232 0.489163 -0.036392
v -0.581232 0.489163 0.461609
v -0.581232 0.489163 -0.036392
v -0.639332 0.442003 -0.061592
v -0.578533 0.482633 -0.061493
v 0.668867 0.447003 0.461609
v 0.668867 0.447003 -0.036591
v 0.605768 0.489163 -0.036392
v 0.663868 0.442003 -0.061592
v 0.603067 0.482633 -0.061493
v 0.605768 0.489163 0.461609
v 0.663868 0.442003 0.487507
v 0.603067 0.482633 0.487507
v -0.506733 0.503963 0.461609
v -0.581232 0.489163 0.461609
v -0.578533 0.482633 0.487507
v -0.506033 0.497043 0.487507
v -0.506733 0.503963 -0.036293
v -0.581232 0.489163 0.461609
v -0.506733 0.503963 0.461609
v -0.581232 0.489163 -0.036392
v -0.506733 0.503963 -0.036293
v -0.578533 0.482633 -0.061493
v -0.506033 0.497043 -0.061493
v 0.605768 0.489163 0.461609
v 0.605768 0.489163 -0.036392
v 0.531368 0.503963 -0.036293
v 0.603067 0.482633 -0.061493
v 0.531368 0.503963 0.461609
v 0.603067 0.482633 0.487507
v 0.530668 0.497043 0.487507
v 0.530668 0.497043 -0.061493
v 0.531368 0.503963 -0.036293
v -0.506733 0.503963 -0.036293
v -0.506733 0.503963 0.461609
v 0.530668 0.497043 -0.061493
v 0.531368 0.503963 0.461609
v -0.506033 0.497043 -0.061493
v -0.506033 0.497043 0.487507
v 0.530668 0.497043 0.487507
v 0.650267 -0.912557 -0.967194
v 0.603067 -0.931487 -1.021393
v 0.595667 -0.912557 -1.003593
v 0.663868 -0.931487 -0.980793
v -0.578533 -0.931487 -1.021393
v -0.639332 -0.931487 -0.980793
v -0.625633 -0.912557 -0.967194
v -0.571133 -0.912557 -1.003593
v 0.530668 -0.931487 -1.035892
v 0.595667 -0.912557 -1.003593
v 0.603067 -0.931487 -1.021393
v 0.528767 -0.912557 -1.016891
v -0.506033 -0.931487 -1.035892
v -0.578533 -0.931487 -1.021393
v -0.571133 -0.912557 -1.003593
v -0.504232 -0.912557 -1.016891
v 0.686666 -0.912557 -0.912590
v 0.663868 -0.931487 -0.980793
v 0.650267 -0.912557 -0.967194
v 0.704468 -0.931487 -0.919990
v -0.625633 -0.912557 -0.967194
v -0.679934 -0.931487 -0.919990
v -0.662132 -0.912557 -0.912590
v -0.639332 -0.931487 -0.980793
v -0.506033 -0.931487 -1.035892
v 0.528767 -0.912557 -1.016891
v 0.530668 -0.931487 -1.035892
v -0.504232 -0.912557 -1.016891
v 0.718868 -0.931487 -0.847591
v 0.704468 -0.931487 -0.919990
v 0.686666 -0.912557 -0.912590
v 0.699966 -0.912557 -0.845692
v -0.662132 -0.912557 -0.912590
v -0.694332 -0.931487 -0.847591
v -0.675432 -0.912557 -0.845692
v -0.679934 -0.931487 -0.919990
v -0.675432 -0.912557 -0.280491
v -0.675432 -0.912557 -0.845692
v -0.694332 -0.931487 -0.847591
v -0.694332 -0.931487 -0.278591
v 0.699966 -0.897707 -0.205791
v 0.674168 -0.848657 -0.143593
v 0.699966 -0.850547 -0.135292
v 0.674168 -0.890817 -0.206692
v -0.675432 -0.897707 -0.205791
v -0.649532 -0.848657 -0.143593
v -0.649532 -0.890817 -0.206692
v -0.675432 -0.850547 -0.135292
v 0.631567 -0.905627 -0.948490
v 0.595667 -0.912557 -1.003593
v 0.585567 -0.905627 -0.979290
v 0.650267 -0.912557 -0.967194
v -0.571133 -0.912557 -1.003593
v -0.625633 -0.912557 -0.967194
v -0.607033 -0.905627 -0.948490
v -0.561033 -0.905627 -0.979290
v 0.528767 -0.912557 -1.016891
v 0.585567 -0.905627 -0.979290
v 0.595667 -0.912557 -1.003593
v 0.526268 -0.905627 -0.991093
v -0.504232 -0.912557 -1.016891
v -0.571133 -0.912557 -1.003593
v -0.561033 -0.905627 -0.979290
v -0.501633 -0.905627 -0.991093
v -0.637733 -0.905627 -0.902492
v -0.607033 -0.905627 -0.948490
v -0.625633 -0.912557 -0.967194
v -0.662132 -0.912557 -0.912590
v 0.528767 -0.912557 -1.016891
v -0.504232 -0.912557 -1.016891
v -0.501633 -0.905627 -0.991093
v 0.526268 -0.905627 -0.991093
v 0.699966 -0.912557 -0.280491
v 0.674168 -0.890817 -0.206692
v 0.699966 -0.897707 -0.205791
v 0.674168 -0.905627 -0.281193
v -0.675432 -0.912557 -0.280491
v -0.649532 -0.890817 -0.206692
v -0.649532 -0.905627 -0.281193
v -0.675432 -0.897707 -0.205791
v -0.637733 -0.905627 -0.902492
v -0.675432 -0.912557 -0.845692
v -0.649532 -0.905627 -0.843193
v -0.662132 -0.912557 -0.912590
v -0.649532 -0.848657 -0.143593
v 0.674168 -0.890817 -0.206692
v -0.649532 -0.890817 -0.206692
v 0.674168 -0.848657 -0.143593
v 0.674168 -0.905627 -0.281193
v -0.649532 -0.905627 -0.281193
v 0.526268 -0.905627 -0.991093
v -0.649532 -0.905627 -0.281193
v 0.674168 -0.905627 -0.843193
v -0.501633 -0.905627 -0.991093
v -0.649532 -0.905627 -0.843193
v -0.561033 -0.905627 -0.979290
v -0.637733 -0.905627 -0.902492
v -0.607033 -0.905627 -0.948490
v 0.662367 -0.905627 -0.902492
v 0.585567 -0.905627 -0.979290
v 0.631567 -0.905627 -0.948490
v -0.649532 -0.905627 -0.843193
v -0.675432 -0.912557 -0.280491
v -0.675432 -0.912557 -0.845692
v 0.674168 -0.905627 -0.281193
v 0.699966 -0.912557 -0.280491
v 0.699966 -0.912557 -0.845692
v 0.662367 -0.905627 -0.902492
v 0.686666 -0.912557 -0.912590
v 0.686666 -0.912557 -0.912590
v 0.631567 -0.905627 -0.948490
v 0.650267 -0.912557 -0.967194
v -0.256733 1.187623 0.487507
v -0.321833 1.155383 0.506409
v -0.254932 1.168693 0.506409
v -0.321833 1.155383 0.506409
v -0.256733 1.187623 0.487507
v -0.329233 1.173213 0.487507
v 0.353767 1.173213 0.487507
v 0.281368 1.187623 0.487507
v 0.346367 1.155383 0.506409
v 0.279467 1.168693 0.506409
v 0.346367 1.155383 0.506409
v 0.281368 1.187623 0.487507
v -0.254932 1.168693 0.506409
v 0.281368 1.187623 0.487507
v -0.256733 1.187623 0.487507
v -0.390032 1.132583 0.487507
v -0.321833 1.155383 0.506409
v -0.329233 1.173213 0.487507
v -0.376333 1.118943 0.506409
v 0.346367 1.155383 0.506409
v 0.400967 1.118943 0.506409
v 0.353767 1.173213 0.487507
v 0.414568 1.132583 0.487507
v -0.649532 -1.203427 0.456410
v 0.674168 -1.203427 0.456410
v 0.674168 -1.140327 0.498509
v 0.699966 -1.198437 0.451408
v -0.649532 -1.140327 0.498509
v 0.699966 -1.137627 0.492008
v -0.675432 -1.198437 0.451408
v -0.675432 -1.137627 0.492008
v -0.390032 1.132583 0.487507
v -0.430634 1.071783 0.487507
v -0.412832 1.064393 0.506409
v -0.376333 1.118943 0.506409
v 0.414568 1.132583 0.487507
v 0.437366 1.064393 0.506409
v 0.455168 1.071783 0.487507
v 0.400967 1.118943 0.506409
v 0.663868 0.442003 0.487507
v 0.686666 0.373813 0.506409
v 0.704468 0.381203 0.487507
v 0.650267 0.428363 0.506409
v -0.639332 0.442003 0.487507
v -0.679934 0.381203 0.487507
v -0.662132 0.373813 0.506409
v -0.625633 0.428363 0.506409
v 0.718868 0.308793 0.487507
v 0.704468 0.381203 0.487507
v 0.686666 0.373813 0.506409
v 0.699966 0.306923 0.506409
v -0.694332 0.308793 0.487507
v -0.662132 0.373813 0.506409
v -0.679934 0.381203 0.487507
v -0.675432 0.306923 0.506409
v 0.603067 0.482633 0.487507
v 0.650267 0.428363 0.506409
v 0.663868 0.442003 0.487507
v 0.595667 0.464803 0.506409
v -0.625633 0.428363 0.506409
v -0.578533 0.482633 0.487507
v -0.639332 0.442003 0.487507
v -0.571133 0.464803 0.506409
v -0.254932 1.168693 0.506409
v -0.311733 1.131033 0.513309
v -0.252333 1.142833 0.513309
v -0.311733 1.131033 0.513309
v -0.254932 1.168693 0.506409
v -0.321833 1.155383 0.506409
v 0.276968 1.142833 0.513309
v 0.336267 1.131033 0.513309
v 0.279467 1.168693 0.506409
v 0.336267 1.131033 0.513309
v 0.346367 1.155383 0.506409
v 0.279467 1.168693 0.506409
v -0.445032 0.999373 0.487507
v -0.412832 1.064393 0.506409
v -0.430634 1.071783 0.487507
v -0.426132 0.997503 0.506409
v 0.469568 0.999373 0.487507
v 0.437366 1.064393 0.506409
v 0.450666 0.997503 0.506409
v 0.455168 1.071783 0.487507
v -0.254932 1.168693 0.506409
v 0.276968 1.142833 0.513309
v 0.279467 1.168693 0.506409
v -0.321833 1.155383 0.506409
v -0.357733 1.100303 0.513309
v -0.311733 1.131033 0.513309
v -0.376333 1.118943 0.506409
v 0.336267 1.131033 0.513309
v 0.382267 1.100303 0.513309
v 0.346367 1.155383 0.506409
v 0.400967 1.118943 0.506409
v -0.675432 -0.905627 0.506409
v -0.649532 0.304383 0.513309
v -0.675432 0.306923 0.506409
v -0.649532 -0.905627 0.513310
v -0.675432 0.306923 0.506409
v -0.694332 -0.905627 0.487507
v -0.694332 0.308793 0.487507
v 0.595667 0.464803 0.506409
v 0.530668 0.497043 0.487507
v 0.528767 0.478113 0.506409
v 0.603067 0.482633 0.487507
v -0.506033 0.497043 0.487507
v -0.571133 0.464803 0.506409
v -0.504232 0.478113 0.506409
v -0.571133 0.464803 0.506409
v -0.506033 0.497043 0.487507
v -0.578533 0.482633 0.487507
v -0.412832 1.064393 0.506409
v -0.357733 1.100303 0.513309
v -0.376333 1.118943 0.506409
v -0.388433 1.054303 0.513309
v 0.400967 1.118943 0.506409
v 0.413067 1.054303 0.513309
v 0.437366 1.064393 0.506409
v 0.382267 1.100303 0.513309
v -0.649532 -1.140327 0.498509
v 0.674168 -1.140327 0.498509
v 0.674168 -1.065897 0.513310
v 0.699966 -1.137627 0.492008
v 0.699966 -1.065217 0.506409
v -0.649532 -1.065897 0.513310
v -0.675432 -1.137627 0.492008
v -0.675432 -1.065217 0.506409
v -0.662132 0.373813 0.506409
v -0.607033 0.409723 0.513309
v -0.625633 0.428363 0.506409
v -0.637733 0.363723 0.513309
v -0.637733 0.363723 0.513309
v -0.675432 0.306923 0.506409
v -0.649532 0.304383 0.513309
v -0.662132 0.373813 0.506409
v 0.699966 0.306923 0.506409
v 0.686666 0.373813 0.506409
v 0.662367 0.363723 0.513309
v 0.674168 0.304383 0.513309
v -0.506033 0.497043 0.487507
v 0.528767 0.478113 0.506409
v 0.530668 0.497043 0.487507
v -0.504232 0.478113 0.506409
v 0.650267 0.428363 0.506409
v 0.595667 0.464803 0.506409
v 0.585567 0.440453 0.513309
v 0.631567 0.409723 0.513309
v 0.686666 0.373813 0.506409
v 0.662367 0.363723 0.513309
v 0.650267 0.428363 0.506409
v -0.561033 0.440453 0.513309
v -0.625633 0.428363 0.506409
v -0.607033 0.409723 0.513309
v -0.571133 0.464803 0.506409
v -0.426132 0.997503 0.506409
v -0.388433 1.054303 0.513309
v -0.412832 1.064393 0.506409
v -0.400232 0.994963 0.513309
v 0.450666 0.997503 0.506409
v 0.413067 1.054303 0.513309
v 0.424868 0.994963 0.513309
v 0.437366 1.064393 0.506409
v -0.504232 0.478113 0.506409
v -0.561033 0.440453 0.513309
v -0.501633 0.452253 0.513309
v -0.561033 0.440453 0.513309
v -0.504232 0.478113 0.506409
v -0.571133 0.464803 0.506409
v -0.501633 0.452253 0.513309
v 0.526268 0.452253 0.513309
v 0.528767 0.478113 0.506409
v -0.501633 0.452253 0.513309
v 0.528767 0.478113 0.506409
v -0.504232 0.478113 0.506409
v -0.400232 0.829953 0.513309
v -0.426132 0.997503 0.506409
v -0.426132 0.827413 0.506409
v -0.426132 0.997503 0.506409
v -0.400232 0.829953 0.513309
v -0.400232 0.994963 0.513309
v 0.450666 0.827413 0.506409
v 0.450666 0.997503 0.506409
v 0.424868 0.829953 0.513309
v 0.424868 0.829953 0.513309
v 0.450666 0.997503 0.506409
v 0.424868 0.994963 0.513309
v -0.388433 0.770613 0.513309
v -0.400232 0.829953 0.513309
v -0.426132 0.827413 0.506409
v -0.388433 0.770613 0.513309
v -0.426132 0.827413 0.506409
v -0.412832 0.760523 0.506409
v 0.437366 0.760523 0.506409
v 0.450666 0.827413 0.506409
v 0.413067 0.770613 0.513309
v 0.413067 0.770613 0.513309
v 0.450666 0.827413 0.506409
v 0.424868 0.829953 0.513309
v -0.445032 0.825543 0.487507
v -0.430634 0.753133 0.487507
v -0.412832 0.760523 0.506409
v -0.412832 0.760523 0.506409
v -0.426132 0.827413 0.506409
v -0.445032 0.825543 0.487507
v 0.455168 0.753133 0.487507
v 0.469568 0.825543 0.487507
v 0.437366 0.760523 0.506409
v 0.437366 0.760523 0.506409
v 0.469568 0.825543 0.487507
v 0.450666 0.827413 0.506409
v -0.254932 1.168693 0.506409
v 0.279467 1.168693 0.506409
v 0.281368 1.187623 0.487507
v 0.276968 1.142833 0.513309
v -0.252333 1.142833 0.513309
v 0.424868 0.829953 0.513309
v 0.424868 0.994963 0.513309
v 0.276968 0.682083 0.513309
v -0.252333 0.682083 0.513309
v -0.252333 1.142833 0.513309
v -0.400232 0.829953 0.513309
v -0.400232 0.994963 0.513309
v -0.388433 0.770613 0.513309
v -0.311733 0.693883 0.513309
v -0.357733 0.724613 0.513309
v -0.388433 1.054303 0.513309
v -0.311733 1.131033 0.513309
v -0.357733 1.100303 0.513309
v 0.585567 0.440453 0.513309
v 0.528767 0.478113 0.506409
v 0.526268 0.452253 0.513309
v 0.595667 0.464803 0.506409
v -0.649532 0.304383 0.513309
v 0.674168 0.304383 0.513309
v 0.662367 0.363723 0.513309
v 0.585567 0.440453 0.513309
v 0.585567 0.440453 0.513309
v 0.662367 0.363723 0.513309
v 0.631567 0.409723 0.513309
v 0.276968 0.682083 0.513309
v 0.413067 0.770613 0.513309
v 0.424868 0.829953 0.513309
v 0.336267 0.693883 0.513309
v 0.382267 0.724613 0.513309
v 0.424868 0.994963 0.513309
v 0.336267 1.131033 0.513309
v 0.276968 1.142833 0.513309
v 0.413067 1.054303 0.513309
v 0.382267 1.100303 0.513309
v 0.674168 -0.905627 0.513310
v -0.649532 -0.905627 0.513310
v 0.674168 -1.065897 0.513310
v 0.699966 -1.065217 0.506409
v -0.649532 -1.065897 0.513310
v -0.675432 -1.065217 0.506409
v 0.699966 -0.905627 0.506409
v 0.674168 0.304383 0.513309
v 0.699966 0.306923 0.506409
v 0.718868 -0.905627 0.487507
v 0.718868 0.308793 0.487507
v 0.718868 -1.063357 0.487507
v 0.699966 -0.905627 0.506409
v 0.718868 -0.905627 0.487507
v -0.675432 -0.905627 0.506409
v -0.694332 -1.063357 0.487507
v -0.694332 -0.905627 0.487507
v 0.526268 0.452253 0.513309
v -0.501633 0.452253 0.513309
v -0.561033 0.440453 0.513309
v -0.637733 0.363723 0.513309
v -0.607033 0.409723 0.513309
v -0.388433 0.770613 0.513309
v -0.376333 0.705973 0.506409
v -0.357733 0.724613 0.513309
v -0.412832 0.760523 0.506409
v 0.400967 0.705973 0.506409
v 0.413067 0.770613 0.513309
v 0.382267 0.724613 0.513309
v 0.437366 0.760523 0.506409
v -0.426132 0.827413 0.506409
v -0.426132 0.997503 0.506409
v -0.445032 0.825543 0.487507
v -0.445032 0.999373 0.487507
v 0.469568 0.825543 0.487507
v 0.450666 0.997503 0.506409
v 0.450666 0.827413 0.506409
v 0.469568 0.999373 0.487507
v -0.357733 0.724613 0.513309
v -0.321833 0.669533 0.506409
v -0.311733 0.693883 0.513309
v -0.376333 0.705973 0.506409
v 0.382267 0.724613 0.513309
v 0.336267 0.693883 0.513309
v 0.400967 0.705973 0.506409
v 0.346367 0.669533 0.506409
v -0.254932 0.656223 0.506409
v -0.311733 0.693883 0.513309
v -0.321833 0.669533 0.506409
v -0.252333 0.682083 0.513309
v 0.279467 0.656223 0.506409
v 0.336267 0.693883 0.513309
v 0.276968 0.682083 0.513309
v 0.346367 0.669533 0.506409
v 0.276968 0.682083 0.513309
v -0.254932 0.656223 0.506409
v 0.279467 0.656223 0.506409
v -0.430634 0.753133 0.487507
v -0.376333 0.705973 0.506409
v -0.412832 0.760523 0.506409
v -0.390032 0.692333 0.487507
v 0.414568 0.692333 0.487507
v 0.455168 0.753133 0.487507
v 0.400967 0.705973 0.506409
v 0.437366 0.760523 0.506409
v 0.131468 0.630373 0.212707
v 0.131468 0.503973 0.212707
v 0.172068 0.630373 0.253208
v 0.172068 0.503973 0.253208
v -0.390032 0.692333 0.487507
v -0.321833 0.669533 0.506409
v -0.376333 0.705973 0.506409
v -0.329233 0.651703 0.487507
v 0.400967 0.705973 0.506409
v 0.353767 0.651703 0.487507
v 0.414568 0.692333 0.487507
v 0.353767 0.651703 0.487507
v 0.400967 0.705973 0.506409
v 0.346367 0.669533 0.506409
v 0.279467 0.656223 0.506409
v -0.256733 0.637293 0.487507
v 0.281368 0.637293 0.487507
v -0.254932 0.656223 0.506409
v 0.276968 0.682083 0.513309
v -0.252333 0.682083 0.513309
v -0.147432 0.503973 0.253208
v -0.147432 0.630373 0.253208
v -0.106932 0.503973 0.212707
v -0.106932 0.630373 0.212707
v -0.256733 0.637293 0.487507
v -0.321833 0.669533 0.506409
v -0.329233 0.651703 0.487507
v -0.254932 0.656223 0.506409
v 0.281368 0.637293 0.487507
v 0.346367 0.669533 0.506409
v 0.279467 0.656223 0.506409
v 0.353767 0.651703 0.487507
v -0.675432 -1.253467 0.318108
v -0.675432 -1.239067 0.390610
v -0.694332 -1.221237 0.383209
v -0.694332 -1.234537 0.316307
v -0.675432 -1.239067 0.390610
v -0.675432 -1.198437 0.451408
v -0.694332 -1.184787 0.437710
v -0.694332 -1.221237 0.383209
v -0.675432 -1.253467 -0.845692
v -0.694332 -1.234537 0.316307
v -0.694332 -1.234537 -0.847591
v -0.675432 -1.253467 0.318108
v -0.644333 -0.957337 -0.985790
v -0.644333 -1.208687 -0.985790
v -0.686432 -1.208687 -0.922691
v -0.686432 -0.957337 -0.922691
v -0.686432 -1.208687 -0.922691
v -0.639332 -1.234537 -0.980793
v -0.679934 -1.234537 -0.919990
v -0.701233 -1.208687 -0.848293
v -0.686432 -1.208687 -0.922691
v -0.679934 -1.234537 -0.919990
v -0.694332 -1.234537 -0.847591
v -0.675432 -1.198437 0.451408
v -0.675432 -1.137627 0.492008
v -0.694332 -1.130237 0.474209
v -0.694332 -1.184787 0.437710
v -0.395033 1.137583 -0.036591
v -0.437132 1.074483 0.461609
v -0.395033 1.137583 0.461609
v -0.437132 1.074483 -0.036991
v -0.390032 1.132583 -0.061592
v -0.395033 1.137583 -0.036591
v -0.430634 1.071783 -0.061791
v -0.437132 1.074483 0.461609
v -0.390032 1.132583 0.487507
v -0.395033 1.137583 0.461609
v -0.430634 1.071783 0.487507
v -0.694332 -1.234537 0.316307
v -0.694332 -1.221237 0.383209
v -0.701233 -1.196877 0.373108
v -0.701233 -1.208687 0.313709
v -0.694332 -1.184787 0.437710
v -0.701233 -1.196877 0.373108
v -0.701233 -1.166147 0.419109
v -0.694332 -1.234537 -0.847591
v -0.701233 -1.208687 0.313709
v -0.701233 -1.208687 -0.848293
v -0.694332 -1.234537 0.316307
v -0.694332 -1.184787 0.437710
v -0.694332 -1.130237 0.474209
v -0.701233 -1.120157 0.449810
v -0.701233 -1.166147 0.419109
v -0.694332 -1.063357 0.487507
v -0.694332 -1.130237 0.474209
v -0.701233 -1.060807 0.461609
v -0.686432 0.383903 0.461609
v -0.639332 0.442003 0.487507
v -0.644333 0.447003 0.461609
v -0.679934 0.381203 0.487507
v -0.644333 0.447003 -0.036591
v -0.686432 0.383903 0.461609
v -0.644333 0.447003 0.461609
v -0.686432 0.383903 -0.036991
v -0.639332 0.442003 -0.061592
v -0.644333 0.447003 -0.036591
v -0.679934 0.381203 -0.061790
v -0.701233 -1.060807 0.461609
v -0.694332 -0.905627 0.487507
v -0.701233 -0.905627 0.461609
v -0.694332 -1.063357 0.487507
v -0.701233 -1.060807 0.461609
v -0.701233 -1.208687 0.313709
v -0.675432 -1.137627 0.492008
v -0.675432 -1.065217 0.506409
v -0.694332 -1.130237 0.474209
v -0.694332 -1.063357 0.487507
v -0.701233 -0.862747 -0.081493
v -0.701233 -1.208687 0.313709
v -0.701233 -0.815237 -0.049793
v -0.701233 -1.166147 0.419109
v -0.701233 -1.120157 0.449810
v -0.701233 -1.196877 0.373108
v -0.701233 -1.120157 0.449810
v -0.701233 -1.060807 0.461609
v -0.701233 -1.208687 0.313709
v -0.701233 -1.196877 0.373108
v -0.701233 0.309473 0.461609
v -0.701233 0.309473 -0.037491
v -0.701233 -0.759637 -0.038193
v -0.701233 -1.208687 -0.848293
v -0.701233 -1.208687 0.313709
v -0.701233 -0.957337 -0.276092
v -0.701233 -0.905627 0.461609
v -0.701233 -0.759637 -0.038193
v -0.701233 -0.815237 -0.049793
v -0.701233 -0.957337 -0.276092
v -0.701233 -1.208687 0.313709
v -0.701233 -0.942207 -0.199993
v -0.701233 -1.208687 0.313709
v -0.701233 -0.905627 0.461609
v -0.701233 -0.815237 -0.049793
v -0.701233 -0.942207 -0.199993
v -0.701233 -1.208687 0.313709
v -0.701233 -0.862747 -0.081493
v -0.686432 0.383903 -0.036991
v -0.701233 0.309473 0.461609
v -0.686432 0.383903 0.461609
v -0.701233 0.309473 -0.037491
v -0.701233 -0.905627 0.461609
v -0.701233 -0.759637 -0.038193
v -0.701233 -0.905627 0.461609
v -0.694332 0.308793 0.487507
v -0.694332 -0.905627 0.487507
v -0.701233 0.309473 0.461609
v -0.679934 0.381203 0.487507
v -0.694332 0.308793 0.487507
v -0.679934 0.381203 -0.061790
v -0.686432 0.383903 -0.036991
v -0.694332 0.308793 -0.062092
v -0.701233 -1.208687 -0.848293
v -0.686432 -0.957337 -0.922691
v -0.686432 -1.208687 -0.922691
v -0.701233 -0.957337 -0.848293
v -0.701233 -1.208687 -0.848293
v -0.701233 -0.957337 -0.276092
v -0.639332 -0.931487 -0.980793
v -0.644333 -0.957337 -0.985790
v -0.679934 -0.931487 -0.919990
v -0.701233 -0.957337 -0.848293
v -0.686432 -0.957337 -0.922691
v -0.694332 -0.931487 -0.847591
v -0.694332 -0.931487 -0.278591
v -0.701233 -0.957337 -0.848293
v -0.701233 -0.957337 -0.276092
v -0.694332 -0.800397 -0.075592
v -0.701233 -0.759637 -0.038193
v -0.694332 -0.735387 -0.062393
v -0.701233 -0.815237 -0.049793
v -0.694332 -0.735387 -0.062393
v -0.701233 0.309473 -0.037491
v -0.694332 0.308793 -0.062092
v -0.701233 -0.759637 -0.038193
v -0.437132 1.074483 -0.036991
v -0.451933 1.000053 0.461609
v -0.437132 1.074483 0.461609
v -0.451933 1.000053 -0.037491
v -0.451933 1.000053 0.461609
v -0.430634 1.071783 0.487507
v -0.445032 0.999373 0.487507
v -0.430634 1.071783 -0.061791
v -0.437132 1.074483 -0.036991
v -0.445032 0.999373 -0.062092
v -0.445032 0.999373 0.487507
v -0.451933 1.000053 0.461609
v -0.445032 0.825543 0.487507
v -0.451933 0.824863 0.461609
v -0.451933 0.824863 -0.036293
v -0.451933 1.000053 -0.037491
v -0.445032 0.825543 -0.061493
v -0.445032 0.999373 -0.062092
v -0.701233 -0.942207 -0.199993
v -0.694332 -0.931487 -0.278591
v -0.701233 -0.957337 -0.276092
v -0.694332 -0.916517 -0.203392
v -0.675432 -0.789537 -0.094593
v -0.694332 -0.735387 -0.062393
v -0.675432 -0.717627 -0.080193
v -0.694332 -0.800397 -0.075592
v -0.451933 0.824863 0.461609
v -0.437132 0.750433 0.461609
v -0.430634 0.753133 0.487507
v -0.445032 0.825543 0.487507
v -0.701233 -0.862747 -0.081493
v -0.701233 -0.815237 -0.049793
v -0.694332 -0.800397 -0.075592
v -0.694332 -0.855707 -0.112591
v -0.701233 -0.942207 -0.199993
v -0.694332 -0.916517 -0.203392
v -0.694332 -0.916517 -0.203392
v -0.675432 -0.850547 -0.135292
v -0.675432 -0.897707 -0.205791
v -0.451933 0.824863 -0.036293
v -0.437132 0.750433 0.461609
v -0.451933 0.824863 0.461609
v -0.437132 0.750433 -0.036392
v -0.451933 0.824863 -0.036293
v -0.430634 0.753133 -0.061493
v -0.445032 0.825543 -0.061493
v -0.694332 -0.855707 -0.112591
v -0.694332 -0.800397 -0.075592
v -0.675432 -0.789537 -0.094593
v -0.675432 -0.850547 -0.135292
v -0.437132 0.750433 0.461609
v -0.395033 0.687333 0.461609
v -0.390032 0.692333 0.487507
v -0.430634 0.753133 0.487507
v -0.188032 0.630373 0.212707
v -0.188032 0.503973 0.212707
v -0.147432 0.503973 0.253208
v -0.147432 0.630373 0.172108
v -0.147432 0.630373 0.253208
v -0.147432 0.503973 0.172108
v -0.694332 -0.916517 -0.203392
v -0.675432 -0.912557 -0.280491
v -0.694332 -0.931487 -0.278591
v -0.675432 -0.897707 -0.205791
v -0.395033 0.687333 -0.036591
v -0.395033 0.687333 0.461609
v -0.437132 0.750433 -0.036392
v -0.437132 0.750433 0.461609
v -0.437132 0.750433 -0.036392
v -0.390032 0.692333 -0.061592
v -0.430634 0.753133 -0.061493
v 0.603067 -1.234537 -1.021393
v 0.663868 -1.234537 -0.980793
v 0.650267 -1.253467 -0.967193
v 0.595667 -1.253467 -1.003593
v -0.625633 -1.253467 -0.967193
v -0.578533 -1.234537 -1.021393
v -0.571133 -1.253467 -1.003593
v -0.639332 -1.234537 -0.980793
v -0.506033 -1.234537 -1.035892
v -0.571133 -1.253467 -1.003593
v -0.578533 -1.234537 -1.021393
v -0.504232 -1.253467 -1.016891
v 0.686666 -1.253467 -0.912590
v 0.650267 -1.253467 -0.967193
v 0.663868 -1.234537 -0.980793
v 0.704468 -1.234537 -0.919990
v -0.679934 -1.234537 -0.919990
v -0.625633 -1.253467 -0.967193
v -0.662132 -1.253467 -0.912590
v -0.639332 -1.234537 -0.980793
v -0.506033 -1.234537 -1.035892
v 0.530668 -1.234537 -1.035892
v 0.528767 -1.253467 -1.016891
v -0.504232 -1.253467 -1.016891
v 0.595667 -1.253467 -1.003593
v 0.650267 -1.253467 -0.967193
v 0.631567 -1.260397 -0.948490
v 0.585567 -1.260397 -0.979290
v -0.607033 -1.260397 -0.948490
v -0.571133 -1.253467 -1.003593
v -0.561033 -1.260397 -0.979290
v -0.625633 -1.253467 -0.967193
v -0.504232 -1.253467 -1.016891
v -0.561033 -1.260397 -0.979290
v -0.571133 -1.253467 -1.003593
v -0.501633 -1.260397 -0.991093
v -0.637733 -1.260397 -0.902492
v -0.625633 -1.253467 -0.967193
v -0.607033 -1.260397 -0.948490
v -0.662132 -1.253467 -0.912590
v 0.686666 -1.253467 -0.912590
v 0.718868 -1.234537 -0.847591
v 0.699966 -1.253467 -0.845692
v 0.704468 -1.234537 -0.919990
v -0.694332 -1.234537 -0.847591
v -0.679934 -1.234537 -0.919990
v -0.662132 -1.253467 -0.912590
v -0.675432 -1.253467 -0.845692
v 0.528767 -1.253467 -1.016891
v -0.501633 -1.260397 -0.991093
v -0.504232 -1.253467 -1.016891
v 0.526268 -1.260397 -0.991093
v -0.649532 -1.260397 0.318810
v -0.675432 -1.239067 0.390610
v -0.675432 -1.253467 0.318108
v -0.649532 -1.245587 0.393307
v 0.674168 -1.260397 0.318810
v 0.699966 -1.239067 0.390610
v 0.674168 -1.245587 0.393307
v 0.699966 -1.253467 0.318108
v -0.637733 -1.260397 -0.902492
v -0.649532 -1.260397 -0.843193
v -0.675432 -1.253467 -0.845692
v -0.662132 -1.253467 -0.912590
v 0.674168 -1.260397 -0.843193
v 0.699966 -1.253467 0.318108
v 0.674168 -1.260397 0.318810
v 0.699966 -1.253467 -0.845692
v 0.662367 -1.260397 -0.902492
v 0.686666 -1.253467 -0.912590
v 0.631567 -1.260397 -0.948490
v 0.686666 -1.253467 -0.912590
v 0.650267 -1.253467 -0.967193
v -0.649532 -1.245587 0.393307
v -0.675432 -1.198437 0.451408
v -0.675432 -1.239067 0.390610
v -0.649532 -1.203427 0.456410
v 0.674168 -1.245587 0.393307
v 0.699966 -1.198437 0.451408
v 0.674168 -1.203427 0.456410
v 0.699966 -1.239067 0.390610
v -0.649532 -1.260397 -0.843193
v -0.675432 -1.253467 0.318108
v -0.675432 -1.253467 -0.845692
v -0.649532 -1.260397 0.318810
v -0.637733 -1.260397 -0.902492
v -0.561033 -1.260397 -0.979290
v -0.649532 -1.260397 -0.843193
v -0.607033 -1.260397 -0.948490
v -0.501633 -1.260397 -0.991093
v -0.649532 -1.260397 0.318810
v 0.674168 -1.260397 0.318810
v 0.526268 -1.260397 -0.991093
v -0.649532 -1.260397 0.318810
v 0.674168 -1.245587 0.393307
v -0.649532 -1.245587 0.393307
v 0.674168 -1.203427 0.456410
v -0.649532 -1.203427 0.456410
v 0.662367 -1.260397 -0.902492
v 0.585567 -1.260397 -0.979290
v 0.631567 -1.260397 -0.948490
v 0.528767 -1.253467 -1.016891
v 0.585567 -1.260397 -0.979290
v 0.595667 -1.253467 -1.003593
v 0.530668 -1.234537 -1.035892
v 0.595667 -1.253467 -1.003593
v 0.603067 -1.234537 -1.021393
v -0.331932 0.645173 0.461609
v -0.390032 0.692333 0.487507
v -0.395033 0.687333 0.461609
v -0.329233 0.651703 0.487507
v 0.356468 0.645173 0.461609
v 0.414568 0.692333 0.487507
v 0.353767 0.651703 0.487507
v 0.419567 0.687333 0.461609
v 0.419567 0.687333 -0.036591
v 0.356468 0.645173 -0.036991
v 0.414568 0.692333 -0.061592
v 0.353767 0.651703 -0.061791
v 0.419567 0.687333 -0.036591
v 0.356468 0.645173 0.461609
v 0.419567 0.687333 0.461609
v -0.329233 0.651703 -0.061791
v -0.390032 0.692333 -0.061592
v -0.331932 0.645173 -0.036991
v -0.395033 0.687333 -0.036591
v -0.331932 0.645173 0.461609
v -0.395033 0.687333 -0.036591
v -0.395033 0.687333 0.461609
v 0.282068 0.630373 0.461609
v 0.353767 0.651703 0.487507
v 0.281368 0.637293 0.487507
v 0.356468 0.645173 0.461609
v 0.282068 0.630373 0.461609
v 0.356468 0.645173 -0.036991
v 0.282068 0.630373 -0.037491
v 0.356468 0.645173 -0.036991
v 0.353767 0.651703 -0.061791
v 0.281368 0.637293 -0.062092
v -0.256733 0.637293 -0.062092
v 0.282068 0.630373 -0.037491
v -0.257433 0.630373 -0.037491
v -0.257433 0.630373 0.461609
v -0.329233 0.651703 0.487507
v -0.331932 0.645173 0.461609
v -0.256733 0.637293 0.487507
v -0.331932 0.645173 -0.036991
v -0.257433 0.630373 0.461609
v -0.257433 0.630373 -0.037491
v 0.281368 0.637293 0.487507
v -0.256733 0.637293 0.487507
v 0.282068 0.630373 0.461609
v -0.257433 0.630373 -0.037491
v 0.282068 0.630373 -0.037491
v -0.329233 0.651703 -0.061791
v -0.331932 0.645173 -0.036991
v -0.256733 0.637293 -0.062092
v -0.256733 0.637293 -0.062092
v 0.281368 0.637293 -0.062092
v 0.605768 -1.208687 -1.027992
v 0.668867 -1.208687 -0.985790
v 0.663868 -1.234537 -0.980793
v 0.603067 -1.234537 -1.021393
v 0.531368 -1.208687 -1.042793
v 0.605768 -1.208687 -1.027992
v 0.603067 -1.234537 -1.021393
v 0.530668 -1.234537 -1.035892
v -0.506733 -1.208687 -1.042793
v -0.578533 -1.234537 -1.021393
v -0.581232 -1.208687 -1.027992
v -0.506033 -1.234537 -1.035892
v -0.506733 -1.208687 -1.042793
v 0.531368 -1.208687 -1.042793
v 0.530668 -1.234537 -1.035892
v -0.506033 -1.234537 -1.035892
v 0.281368 1.187623 -0.061493
v -0.256733 1.187623 -0.061493
v 0.279467 1.168693 -0.079891
v -0.644333 -1.208687 -0.985790
v -0.581232 -0.957337 -1.027992
v -0.581232 -1.208687 -1.027992
v -0.644333 -0.957337 -0.985790
v -0.581232 -1.208687 -1.027992
v -0.639332 -1.234537 -0.980793
v -0.578533 -1.234537 -1.021393
v -0.430634 1.071783 -0.061791
v -0.390032 1.132583 -0.061592
v -0.412832 1.064393 -0.079990
v -0.376333 1.118943 -0.079990
v -0.329233 1.173213 -0.061493
v -0.321833 1.155383 -0.079891
v -0.390032 1.132583 -0.061592
v -0.376333 1.118943 -0.079990
v 0.455168 1.071783 -0.061791
v 0.437366 1.064393 -0.079990
v 0.414568 1.132583 -0.061592
v 0.400967 1.118943 -0.079990
v 0.414568 1.132583 -0.061592
v 0.353767 1.173213 -0.061493
v 0.400967 1.118943 -0.079990
v 0.346367 1.155383 -0.079891
v 0.531368 -0.957337 -1.042793
v -0.506733 -1.208687 -1.042793
v -0.506733 -0.957337 -1.042793
v -0.581232 -1.208687 -1.027992
v -0.581232 -0.957337 -1.027992
v 0.531368 -1.208687 -1.042793
v 0.605768 -0.957337 -1.027992
v 0.605768 -1.208687 -1.027992
v 0.668867 -0.957337 -0.985790
v 0.668867 -1.208687 -0.985790
v 0.663868 -0.931487 -0.980793
v 0.605768 -0.957337 -1.027992
v 0.603067 -0.931487 -1.021393
v 0.668867 -0.957337 -0.985790
v -0.256733 1.187623 -0.061493
v -0.321833 1.155383 -0.079891
v -0.329233 1.173213 -0.061493
v -0.254932 1.168693 -0.079891
v 0.281368 1.187623 -0.061493
v 0.346367 1.155383 -0.079891
v 0.279467 1.168693 -0.079891
v 0.353767 1.173213 -0.061493
v -0.256733 1.187623 -0.061493
v 0.279467 1.168693 -0.079891
v -0.254932 1.168693 -0.079891
v 0.603067 -0.931487 -1.021393
v 0.531368 -0.957337 -1.042793
v 0.530668 -0.931487 -1.035892
v 0.605768 -0.957337 -1.027992
v -0.578533 -0.931487 -1.021393
v -0.506033 -0.931487 -1.035892
v -0.506733 -0.957337 -1.042793
v -0.581232 -0.957337 -1.027992
v -0.679934 0.381203 -0.061790
v -0.639332 0.442003 -0.061592
v -0.662132 0.373813 -0.079990
v -0.625633 0.428363 -0.079990
v -0.639332 0.442003 -0.061592
v -0.578533 0.482633 -0.061493
v -0.625633 0.428363 -0.079990
v -0.571133 0.464803 -0.079891
v -0.506033 -0.931487 -1.035892
v 0.530668 -0.931487 -1.035892
v 0.531368 -0.957337 -1.042793
v -0.506733 -0.957337 -1.042793
v -0.679934 0.381203 -0.061790
v -0.694332 0.308793 -0.062092
v -0.662132 0.373813 -0.079990
v -0.675432 0.306923 -0.080093
v -0.644333 -0.957337 -0.985790
v -0.639332 -0.931487 -0.980793
v -0.581232 -0.957337 -1.027992
v -0.578533 -0.931487 -1.021393
v -0.694332 0.308793 -0.062092
v -0.675432 -0.717627 -0.080193
v -0.694332 -0.735387 -0.062393
v 0.455168 1.071783 -0.061791
v 0.469568 0.999373 -0.062092
v 0.437366 1.064393 -0.079990
v 0.450666 0.997503 -0.080093
v -0.430634 1.071783 -0.061791
v -0.445032 0.999373 -0.062092
v -0.412832 1.064393 -0.079990
v -0.426132 0.997503 -0.080093
v 0.603067 0.482633 -0.061493
v 0.530668 0.497043 -0.061493
v 0.595667 0.464803 -0.079891
v 0.528767 0.478113 -0.079891
v 0.718868 -0.735387 -0.062393
v 0.718868 0.308793 -0.062092
v 0.699966 -0.717627 -0.080193
v 0.699966 0.306923 -0.080093
v -0.675432 -0.717627 -0.080193
v -0.694332 0.308793 -0.062092
v -0.675432 0.306923 -0.080093
v 0.530668 0.497043 -0.061493
v -0.506033 0.497043 -0.061493
v 0.528767 0.478113 -0.079891
v -0.504232 0.478113 -0.079891
v -0.445032 0.825543 -0.061493
v -0.445032 0.999373 -0.062092
v -0.426132 0.827413 -0.079891
v -0.426132 0.997503 -0.080093
v 0.469568 0.825543 -0.061493
v 0.450666 0.827413 -0.079891
v 0.469568 0.999373 -0.062092
v 0.450666 0.997503 -0.080093
v -0.506033 0.497043 -0.061493
v -0.571133 0.464803 -0.079891
v -0.578533 0.482633 -0.061493
v -0.504232 0.478113 -0.079891
v -0.445032 0.825543 -0.061493
v -0.412832 0.760523 -0.079891
v -0.430634 0.753133 -0.061493
v -0.426132 0.827413 -0.079891
v 0.469568 0.825543 -0.061493
v 0.437366 0.760523 -0.079891
v 0.450666 0.827413 -0.079891
v 0.455168 0.753133 -0.061493
v 0.172068 0.503973 0.172108
v 0.131468 0.630373 0.212707
v 0.172068 0.630373 0.172108
v 0.131468 0.503973 0.212707
v -0.501633 0.452253 -0.086693
v 0.528767 0.478113 -0.079891
v 0.526268 0.452253 -0.086693
v -0.504232 0.478113 -0.079891
v -0.649532 -0.711127 -0.086693
v -0.561033 0.440453 -0.086693
v -0.571133 0.464803 -0.079891
v -0.649532 0.304383 -0.086693
v -0.675432 0.306923 -0.080093
v -0.625633 0.428363 -0.079990
v -0.637733 0.363723 -0.086693
v -0.662132 0.373813 -0.079990
v -0.607033 0.409723 -0.086693
v -0.426132 0.997503 -0.080093
v -0.400232 0.829953 -0.086693
v -0.426132 0.827413 -0.079891
v -0.388433 0.770613 -0.086693
v -0.412832 0.760523 -0.079891
v -0.400232 0.994963 -0.086693
v -0.376333 0.705973 -0.079990
v -0.357733 0.724613 -0.086693
v -0.321833 0.669533 -0.079990
v -0.311733 0.693883 -0.086693
v -0.254932 0.656223 -0.080093
v -0.252333 0.682083 -0.086693
v 0.279467 0.656223 -0.080093
v -0.252333 1.142833 -0.086693
v -0.388433 1.054303 -0.086693
v -0.412832 1.064393 -0.079990
v -0.376333 1.118943 -0.079990
v -0.357733 1.100303 -0.086693
v -0.321833 1.155383 -0.079891
v -0.311733 1.131033 -0.086693
v -0.254932 1.168693 -0.079891
v 0.276968 1.142833 -0.086693
v 0.279467 1.168693 -0.079891
v 0.276968 0.682083 -0.086693
v 0.336267 0.693883 -0.086693
v 0.346367 0.669533 -0.079990
v 0.400967 0.705973 -0.079990
v 0.382267 0.724613 -0.086693
v 0.437366 0.760523 -0.079891
v 0.413067 0.770613 -0.086693
v 0.450666 0.827413 -0.079891
v 0.424868 0.829953 -0.086693
v 0.450666 0.997503 -0.080093
v 0.424868 0.994963 -0.086693
v 0.336267 1.131033 -0.086693
v 0.346367 1.155383 -0.079891
v 0.382267 1.100303 -0.086693
v 0.400967 1.118943 -0.079990
v 0.413067 1.054303 -0.086693
v 0.437366 1.064393 -0.079990
v -0.649532 -0.785557 -0.101490
v 0.674168 -0.785557 -0.101490
v 0.674168 -0.848657 -0.143593
v 0.699966 -0.789537 -0.094593
v 0.699966 -0.850547 -0.135292
v 0.699966 -0.717627 -0.080193
v -0.649532 -0.848657 -0.143593
v -0.675432 -0.789537 -0.094593
v -0.675432 -0.850547 -0.135292
v -0.675432 -0.717627 -0.080193
v 0.674168 -0.711127 -0.086693
v 0.699966 0.306923 -0.080093
v 0.674168 0.304383 -0.086693
v 0.662367 0.363723 -0.086693
v 0.686666 0.373813 -0.079990
v 0.718868 0.308793 -0.062092
v 0.704468 0.381203 -0.061790
v 0.631567 0.409723 -0.086693
v 0.663868 0.442003 -0.061592
v 0.704468 0.381203 -0.061790
v 0.650267 0.428363 -0.079990
v 0.585567 0.440453 -0.086693
v 0.595667 0.464803 -0.079891
v 0.603067 0.482633 -0.061493
v 0.663868 0.442003 -0.061592
v -0.147432 0.630373 0.172108
v -0.147432 0.503973 0.172108
v -0.106932 0.503973 0.212707
v -0.106932 0.630373 0.212707
v 0.414568 0.692333 -0.061592
v 0.455168 0.753133 -0.061493
v 0.400967 0.705973 -0.079990
v 0.437366 0.760523 -0.079891
v -0.390032 0.692333 -0.061592
v -0.321833 0.669533 -0.079990
v -0.329233 0.651703 -0.061791
v -0.376333 0.705973 -0.079990
v -0.390032 0.692333 -0.061592
v -0.430634 0.753133 -0.061493
v -0.376333 0.705973 -0.079990
v -0.412832 0.760523 -0.079891
v 0.346367 0.669533 -0.079990
v 0.400967 0.705973 -0.079990
v 0.353767 0.651703 -0.061791
v 0.414568 0.692333 -0.061592
v 0.353767 0.651703 -0.061791
v 0.281368 0.637293 -0.062092
v 0.346367 0.669533 -0.079990
v 0.279467 0.656223 -0.080093
v -0.329233 0.651703 -0.061791
v -0.256733 0.637293 -0.062092
v -0.321833 0.669533 -0.079990
v -0.254932 0.656223 -0.080093
v -0.256733 0.637293 -0.062092
v 0.281368 0.637293 -0.062092
v -0.254932 0.656223 -0.080093
v 0.279467 0.656223 -0.080093
vn 0.4952 -0.8645 0.0865
vn 0.8556 -0.4789 0.1963
vn 0.4960 -0.8029 0.3306
vn 0.8579 -0.5116 0.0472
vn 0.4960 -0.6140 0.6140
vn 0.8557 -0.4789 0.1963
vn 0.8587 -0.3624 0.3624
vn 0.5116 -0.8579 -0.0472
vn 0.8645 -0.4952 -0.0865
vn 0.6140 -0.4959 -0.6140
vn 0.9156 -0.1342 -0.3789
vn 0.8030 -0.4959 -0.3307
vn 0.7008 -0.1339 -0.7007
vn 0.8030 -0.4959 -0.3306
vn 0.9864 -0.1342 -0.0947
vn 0.8645 -0.4951 -0.0865
vn 0.9157 -0.1342 -0.3789
vn 0.8557 -0.1963 0.4789
vn 0.4960 -0.3306 0.8029
vn 0.9156 0.3789 0.1342
vn 0.7008 0.7007 -0.1338
vn 0.7008 0.7007 0.1338
vn 0.9157 0.3789 -0.1342
vn 0.7008 0.7007 -0.1339
vn 0.9156 0.3789 -0.1342
vn 0.6116 0.6116 -0.5018
vn 0.7970 0.3315 -0.5050
vn 0.6140 0.6140 0.4959
vn 0.8030 0.3307 0.4959
vn 0.7008 0.7007 0.1339
vn 0.7008 -0.1338 -0.7007
vn 0.7008 0.1338 -0.7007
vn 0.9156 0.1342 -0.3789
vn 0.9864 0.1342 -0.0947
vn 0.9157 0.1342 -0.3789
vn 0.8030 0.4959 -0.3306
vn 0.8645 0.4951 -0.0865
vn 0.9895 -0.1335 0.0550
vn 0.8557 -0.4788 0.1962
vn 0.9909 -0.1337 0.0157
vn 0.8557 -0.4788 0.1963
vn 0.9895 -0.1021 0.1021
vn 0.8587 -0.3624 0.3623
vn 0.9895 -0.0550 0.1335
vn 0.8587 -0.3623 0.3624
vn 0.8557 -0.1962 0.4788
vn 0.8579 -0.0472 0.5116
vn 0.9909 -0.0158 0.1337
vn 0.9864 0.1341 -0.0947
vn 0.9864 -0.1341 -0.0947
vn 0.6140 0.4959 -0.6140
vn 0.7008 0.1339 -0.7007
vn 0.8645 -0.4951 -0.0864
vn 0.9910 -0.0000 0.1337
vn 0.9947 0.0395 -0.0947
vn 0.9864 0.0947 0.1341
vn 0.9864 0.0947 -0.1341
vn 0.9157 0.3788 -0.1342
vn 0.9157 0.3789 0.1342
vn 0.9864 0.0947 -0.1342
vn 0.7970 0.3314 -0.5050
vn 0.8557 0.0864 -0.5102
vn 0.8030 0.3306 0.4959
vn 0.9864 0.0947 0.1342
vn 0.8645 0.0865 0.4951
vn 0.9156 0.3789 0.1341
vn 0.6117 0.6116 -0.5018
vn 0.9909 -0.0157 0.1337
vn 0.9910 -0.0000 0.1338
vn 0.8644 -0.0000 0.5029
vn 0.8556 -0.1963 0.4789
vn 0.4952 -0.0865 0.8645
vn 0.4960 -0.3306 0.8030
vn 0.9895 -0.0549 0.1335
vn 0.9929 0.0157 -0.1182
vn 0.9929 0.1182 -0.0157
vn 0.9929 0.1182 -0.0158
vn 0.9909 -0.1336 0.0157
vn 0.9944 0.0710 -0.0789
vn 0.9931 0.1103 -0.0394
vn 0.9929 0.0158 -0.1182
vn 0.8802 0.0550 -0.4715
vn 0.8557 0.0863 -0.5102
vn 0.9929 0.0158 -0.1183
vn 0.8801 0.0550 -0.4715
vn 0.5605 0.3157 -0.7656
vn 0.5106 0.0786 -0.8562
vn 0.9016 0.1647 -0.3999
vn 0.9017 0.1646 -0.3998
vn 0.9947 0.0395 -0.0948
vn 0.8645 0.0864 0.4951
vn 0.8645 -0.0864 0.4951
vn 0.9864 -0.0947 0.1341
vn 0.9864 -0.0947 -0.1342
vn 0.9864 0.0946 -0.1342
vn 0.8591 -0.0867 -0.5044
vn 0.9931 0.1104 -0.0394
vn 0.8754 0.4810 -0.0473
vn 0.8736 0.4486 -0.1889
vn 0.8645 0.4951 -0.0864
vn 0.8874 0.3220 -0.3299
vn 0.5208 0.6154 -0.5917
vn 0.9943 0.0710 -0.0789
vn 0.9017 0.1647 -0.3998
vn 0.8875 0.3219 -0.3298
vn 0.9864 -0.0947 0.1342
vn 0.8030 -0.3306 0.4959
vn 0.9157 -0.3789 0.1342
vn 0.8645 -0.0865 0.4951
vn 0.9864 -0.0947 -0.1341
vn 0.9157 -0.3788 0.1342
vn 0.9157 -0.3789 -0.1342
vn 0.7998 -0.3293 -0.5018
vn 0.5207 0.6154 -0.5917
vn 0.8874 0.3220 -0.3298
vn 0.5037 0.7948 -0.3384
vn 0.9943 0.0711 -0.0789
vn -0.0001 -0.0000 -1.0000
vn -0.0000 -0.0000 -1.0000
vn 1.0000 -0.0000 -0.0001
vn 1.0000 -0.0000 0.0001
vn -0.0000 -0.0000 1.0000
vn -0.0001 -0.0000 1.0000
vn 0.6140 -0.6140 0.4959
vn 0.7008 -0.7007 0.1339
vn 0.8030 -0.3307 0.4959
vn 0.8735 0.4486 -0.1889
vn 0.8754 0.4811 -0.0473
vn 0.5103 0.8556 -0.0864
vn 0.8645 0.4952 -0.0864
vn 0.5103 0.8556 -0.0863
vn 0.5117 0.8579 -0.0472
vn 0.9156 -0.3789 -0.1342
vn 0.7008 -0.7007 0.1338
vn 0.7008 -0.7007 -0.1338
vn 0.9156 -0.3789 0.1342
vn 0.6116 -0.6116 -0.5018
vn 0.7008 -0.7007 -0.1339
vn 0.0947 0.9864 0.1342
vn 0.3306 0.8030 0.4959
vn 0.3788 0.9157 0.1342
vn 0.0865 0.8645 0.4951
vn -0.0947 0.9864 0.1342
vn -0.3789 0.9157 0.1342
vn -0.3306 0.8030 0.4959
vn -0.0865 0.8645 0.4951
vn 0.0864 0.8645 0.4951
vn -0.0864 0.8645 0.4951
vn -0.3789 0.9156 0.1342
vn -0.7007 0.7008 0.1339
vn -0.6140 0.6141 0.4959
vn 0.3789 0.9156 0.1342
vn 0.7007 0.7008 0.1339
vn -0.0947 0.9864 -0.1341
vn -0.0947 0.9864 0.1341
vn -0.3789 0.9157 -0.1342
vn -0.0947 0.9864 -0.1342
vn -0.3293 0.7998 -0.5018
vn -0.0867 0.8591 -0.5044
vn 0.0947 0.9864 -0.1341
vn 0.3789 0.9157 0.1341
vn 0.3788 0.9157 -0.1342
vn 0.0947 0.9864 0.1341
vn 0.3293 0.7998 -0.5018
vn 0.0947 0.9864 -0.1342
vn 0.0867 0.8591 -0.5044
vn -0.3789 0.9156 -0.1342
vn -0.6116 0.6116 -0.5018
vn -0.7007 0.7008 -0.1338
vn -0.3294 0.7998 -0.5018
vn -0.7007 0.7008 0.1338
vn 0.3789 0.9156 -0.1341
vn 0.7007 0.7008 0.1338
vn 0.7007 0.7008 -0.1338
vn 0.3789 0.9156 -0.1342
vn 0.7007 0.7008 -0.1339
vn -0.3307 0.8030 0.4959
vn -0.3789 0.9156 -0.1341
vn -0.6116 0.6117 -0.5018
vn -0.7007 0.7008 -0.1339
vn 0.3789 0.9157 -0.1342
vn 0.6140 0.6141 0.4959
vn 0.3307 0.8030 0.4959
vn 0.3789 0.9157 0.1342
vn 0.3624 0.8587 -0.3624
vn 0.3306 0.4960 -0.8029
vn 0.1963 0.8557 -0.4789
vn 0.6140 0.4960 -0.6140
vn -0.3307 0.4960 -0.8029
vn -0.6140 0.4960 -0.6140
vn -0.3624 0.8587 -0.3624
vn -0.1963 0.8556 -0.4789
vn 0.0865 0.4952 -0.8645
vn 0.1962 0.8556 -0.4789
vn 0.0473 0.8579 -0.5116
vn -0.0864 0.4952 -0.8645
vn -0.3306 0.4960 -0.8029
vn -0.0473 0.8579 -0.5116
vn 0.4789 0.8557 -0.1963
vn 0.8029 0.4960 -0.3306
vn -0.8029 0.4960 -0.3306
vn -0.4789 0.8557 -0.1963
vn 0.0472 0.8579 -0.5116
vn -0.0472 0.8579 -0.5116
vn 0.8645 0.4952 -0.0865
vn 0.5116 0.8579 -0.0472
vn -0.4789 0.8557 -0.1962
vn -0.8645 0.4952 -0.0865
vn -0.5116 0.8579 -0.0472
vn -0.5103 0.8557 -0.0864
vn -0.5117 0.8579 -0.0472
vn -0.8645 0.4951 -0.0865
vn -0.8754 0.4811 -0.0473
vn 0.5036 0.7949 -0.3384
vn 0.1339 0.7086 -0.6928
vn 0.1261 0.9138 -0.3860
vn -0.5036 0.7949 -0.3384
vn -0.1339 0.7086 -0.6928
vn -0.1261 0.9138 -0.3860
vn -0.5207 0.6154 -0.5917
vn 0.1021 0.9895 -0.1021
vn 0.1963 0.8557 -0.4788
vn 0.0550 0.9895 -0.1335
vn 0.3624 0.8587 -0.3623
vn -0.1962 0.8557 -0.4788
vn -0.3623 0.8587 -0.3624
vn -0.1021 0.9895 -0.1021
vn -0.0550 0.9895 -0.1335
vn 0.1962 0.8557 -0.4788
vn 0.0157 0.9909 -0.1337
vn -0.1962 0.8557 -0.4789
vn -0.0157 0.9909 -0.1337
vn -0.1335 0.9895 -0.0550
vn -0.4788 0.8557 -0.1962
vn 0.0472 0.8580 -0.5115
vn 0.5103 0.8557 -0.0864
vn 0.1261 0.9139 -0.3860
vn 0.5037 0.7949 -0.3384
vn 0.1342 0.9864 -0.0947
vn -0.5102 0.8557 -0.0863
vn -0.1342 0.9864 -0.0947
vn -0.1336 0.9895 -0.0550
vn -0.1337 0.9909 -0.0157
vn -0.1338 0.7086 -0.6928
vn 0.1260 0.9138 -0.3860
vn -0.1260 0.9138 -0.3860
vn 0.1338 0.7086 -0.6928
vn 0.1341 0.9864 -0.0947
vn -0.1341 0.9864 -0.0947
vn 0.1337 0.9909 -0.0157
vn 0.1335 0.9895 -0.0550
vn 0.5102 0.8557 -0.0864
vn 0.1336 0.9895 -0.0550
vn 0.4788 0.8557 -0.1962
vn -0.0865 0.8645 0.4952
vn -0.1963 0.4789 0.8556
vn -0.0472 0.5116 0.8579
vn -0.1963 0.4789 0.8557
vn -0.3306 0.8029 0.4960
vn 0.3306 0.8029 0.4960
vn 0.1962 0.4789 0.8557
vn 0.0472 0.5116 0.8579
vn 0.0865 0.8645 0.4952
vn -0.0472 0.5117 0.8579
vn 0.0864 0.8645 0.4952
vn -0.0864 0.8645 0.4952
vn -0.6140 0.6140 0.4960
vn -0.3624 0.3624 0.8587
vn 0.1963 0.4789 0.8556
vn 0.3624 0.3624 0.8587
vn 0.6140 0.6140 0.4960
vn -0.1338 -0.7007 0.7008
vn 0.1339 -0.7007 0.7008
vn 0.1342 -0.3789 0.9156
vn 0.4959 -0.6140 0.6141
vn -0.1342 -0.3790 0.9156
vn 0.4959 -0.3307 0.8030
vn -0.4959 -0.6140 0.6140
vn -0.4959 -0.3307 0.8030
vn -0.8029 0.3307 0.4960
vn -0.4789 0.1963 0.8556
vn 0.4789 0.1963 0.8556
vn 0.8029 0.3306 0.4960
vn 0.4789 0.1963 0.8557
vn -0.4789 0.1963 0.8557
vn 0.8645 0.0864 0.4952
vn 0.5116 0.0472 0.8579
vn -0.8645 0.0865 0.4952
vn -0.4789 0.1962 0.8557
vn -0.8029 0.3306 0.4960
vn -0.5116 0.0472 0.8579
vn 0.1963 0.4789 0.8557
vn -0.0472 0.5116 0.8580
vn -0.0550 0.1335 0.9895
vn -0.0157 0.1337 0.9909
vn -0.0550 0.1336 0.9895
vn -0.1962 0.4788 0.8557
vn 0.0157 0.1337 0.9909
vn 0.0550 0.1335 0.9895
vn 0.0472 0.5115 0.8580
vn 0.0550 0.1336 0.9895
vn 0.1962 0.4788 0.8557
vn 0.8645 0.0865 0.4952
vn 0.5116 0.0473 0.8579
vn -0.0472 0.5115 0.8580
vn 0.0472 0.5116 0.8580
vn -0.1021 0.1021 0.9895
vn -0.3623 0.3624 0.8587
vn 0.1021 0.1021 0.9895
vn 0.3623 0.3624 0.8587
vn -0.5029 -0.0000 0.8644
vn -0.1337 0.0157 0.9909
vn -0.1338 -0.0000 0.9910
vn -0.8643 -0.0000 0.5029
vn -0.5029 -0.0000 0.8643
vn -0.8645 0.0865 0.4951
vn -0.1962 0.4789 0.8556
vn -0.3306 0.8030 0.4960
vn -0.4788 0.1962 0.8557
vn -0.1335 0.0550 0.9895
vn 0.3624 0.3623 0.8587
vn 0.1335 0.0550 0.9895
vn 0.4788 0.1962 0.8557
vn -0.1342 -0.3788 0.9157
vn 0.1342 -0.3788 0.9157
vn 0.1342 -0.0947 0.9864
vn 0.4959 -0.3306 0.8030
vn 0.4951 -0.0865 0.8645
vn -0.1341 -0.0947 0.9864
vn -0.4959 -0.3306 0.8030
vn -0.4951 -0.0864 0.8645
vn -0.5116 0.0472 0.8580
vn 0.5116 0.0472 0.8580
vn 0.1337 0.0157 0.9909
vn 0.4789 0.1962 0.8557
vn -0.1336 0.0550 0.9895
vn -0.1337 0.0158 0.9909
vn -0.1337 -0.0157 0.9909
vn -0.5116 -0.0472 0.8580
vn 0.5116 -0.0472 0.8580
vn 0.1337 -0.0157 0.9909
vn -0.1336 -0.0550 0.9895
vn -0.5115 -0.0472 0.8580
vn -0.5116 -0.0472 0.8579
vn -0.4788 -0.1962 0.8557
vn 0.4788 -0.1963 0.8557
vn 0.5116 -0.0472 0.8579
vn 0.1335 -0.0550 0.9895
vn -0.8645 -0.0865 0.4952
vn -0.8030 -0.3306 0.4960
vn -0.4789 -0.1962 0.8557
vn -0.8645 -0.0865 0.4951
vn 0.8029 -0.3306 0.4960
vn 0.8645 -0.0865 0.4952
vn 0.4789 -0.1963 0.8557
vn 0.4789 -0.1962 0.8556
vn 0.0157 -0.1337 0.9909
vn -0.0157 -0.1337 0.9909
vn -0.1335 -0.0550 0.9895
vn -0.0550 -0.1335 0.9895
vn -0.1021 -0.1021 0.9895
vn 0.0473 0.5116 0.8579
vn 0.0158 0.1337 0.9909
vn 0.1336 0.0157 0.9909
vn 0.1336 -0.0157 0.9909
vn 0.0550 -0.1335 0.9895
vn 0.1021 -0.1021 0.9895
vn 0.1337 -0.0000 0.9910
vn -0.1337 -0.0000 0.9910
vn 0.1341 -0.0947 0.9864
vn 0.4951 -0.0864 0.8645
vn -0.1342 -0.0947 0.9864
vn 0.5029 -0.0000 0.8644
vn -0.5028 -0.0000 0.8644
vn 0.8643 -0.0000 0.5029
vn 0.8579 -0.0472 0.5117
vn 0.5029 -0.0000 0.8643
vn 0.4952 -0.0864 0.8645
vn -0.8579 -0.0472 0.5116
vn -0.4952 -0.0864 0.8645
vn -0.1336 0.0157 0.9909
vn -0.3624 -0.3623 0.8587
vn 0.3624 -0.3623 0.8587
vn 0.4788 -0.1962 0.8557
vn -0.8645 -0.0864 0.4952
vn -0.8645 0.0864 0.4952
vn 0.8645 -0.0864 0.4952
vn 0.5117 0.0472 0.8579
vn -0.1962 -0.4788 0.8557
vn 0.3624 -0.3624 0.8587
vn 0.1963 -0.4788 0.8557
vn -0.0472 -0.5116 0.8580
vn 0.0472 -0.5116 0.8579
vn 0.1962 -0.4788 0.8557
vn 0.0472 -0.5116 0.8580
vn -0.8029 -0.3306 0.4960
vn -0.3624 -0.3624 0.8587
vn -0.4789 -0.1963 0.8557
vn -0.6140 -0.6140 0.4960
vn 0.6140 -0.6140 0.4960
vn 0.8029 -0.3307 0.4960
vn -1.0000 -0.0000 -0.0000
vn 0.0001 -0.0000 1.0000
vn -0.1963 -0.4789 0.8556
vn -0.3306 -0.8029 0.4960
vn 0.3306 -0.8029 0.4960
vn 0.1963 -0.4789 0.8557
vn -0.0865 -0.8645 0.4952
vn 0.0864 -0.8645 0.4952
vn -0.0472 -0.5116 0.8579
vn 1.0000 -0.0000 -0.0000
vn -0.1962 -0.4789 0.8556
vn 0.0473 -0.5116 0.8579
vn -0.4952 -0.8645 0.0864
vn -0.4960 -0.8030 0.3306
vn -0.8556 -0.4789 0.1962
vn -0.8579 -0.5116 0.0472
vn -0.4960 -0.8029 0.3307
vn -0.4960 -0.6140 0.6140
vn -0.8587 -0.3624 0.3624
vn -0.8556 -0.4789 0.1963
vn -0.5117 -0.8579 -0.0472
vn -0.8645 -0.4952 -0.0864
vn -0.7008 0.1338 -0.7007
vn -0.7008 -0.1338 -0.7007
vn -0.9156 -0.1342 -0.3789
vn -0.9156 0.1342 -0.3789
vn -0.7008 -0.1339 -0.7007
vn -0.6141 -0.4959 -0.6140
vn -0.8030 -0.4959 -0.3307
vn -0.9864 -0.1342 -0.0947
vn -0.9157 -0.1342 -0.3789
vn -0.8030 -0.4959 -0.3306
vn -0.8645 -0.4951 -0.0865
vn -0.4960 -0.3306 0.8029
vn -0.8557 -0.1963 0.4789
vn -0.7008 0.7007 -0.1338
vn -0.9156 0.3790 0.1342
vn -0.7008 0.7007 0.1338
vn -0.9157 0.3789 -0.1342
vn -0.6117 0.6116 -0.5018
vn -0.9156 0.3789 -0.1342
vn -0.7008 0.7007 -0.1339
vn -0.7970 0.3314 -0.5050
vn -0.9157 0.3789 0.1342
vn -0.6141 0.6140 0.4959
vn -0.7008 0.7007 0.1339
vn -0.8030 0.3307 0.4959
vn -0.8580 -0.5115 0.0472
vn -0.8557 -0.4788 0.1962
vn -0.9895 -0.1335 0.0550
vn -0.9909 -0.1337 0.0157
vn -0.8587 -0.3624 0.3623
vn -0.9895 -0.1021 0.1021
vn -0.8645 -0.4951 -0.0864
vn -0.8557 -0.1962 0.4788
vn -0.9895 -0.0550 0.1335
vn -0.9909 -0.0157 0.1337
vn -0.8644 -0.0000 0.5029
vn -0.9910 -0.0000 0.1337
vn -0.8580 -0.0472 0.5116
vn -0.4952 -0.0865 0.8645
vn -0.8579 -0.0472 0.5117
vn -0.9944 0.0710 -0.0789
vn -0.9947 0.0395 -0.0947
vn -0.9864 0.0947 0.1341
vn -0.9864 0.0947 -0.1341
vn -0.9929 0.0157 -0.1182
vn -0.9864 -0.1341 -0.0947
vn -0.9929 0.1182 -0.0158
vn -0.9929 0.0158 -0.1182
vn -0.9931 0.1103 -0.0394
vn -0.9157 0.3788 -0.1342
vn -0.9910 -0.0000 0.1338
vn -0.8645 0.0864 0.4951
vn -0.9864 0.0947 0.1342
vn -0.8644 -0.0000 0.5028
vn -0.8030 0.3306 0.4959
vn -0.9864 0.0947 -0.1342
vn -0.8557 0.0864 -0.5102
vn -0.9157 0.1342 -0.3789
vn -0.9864 0.1341 -0.0947
vn -0.9929 0.1182 -0.0157
vn -0.6140 0.4959 -0.6140
vn -0.7008 0.1339 -0.7007
vn -0.8030 0.4959 -0.3307
vn -0.9864 0.1342 -0.0947
vn -0.8030 0.4959 -0.3306
vn -0.8645 0.4951 -0.0864
vn -0.8754 0.4810 -0.0473
vn -0.9017 0.1646 -0.3998
vn -0.8802 0.0550 -0.4715
vn -0.9947 0.0395 -0.0948
vn -0.8645 -0.0864 0.4951
vn -0.9864 -0.0947 0.1341
vn -0.9864 -0.0947 -0.1342
vn -0.8591 -0.0867 -0.5044
vn -0.9931 0.1104 -0.0394
vn -0.8736 0.4486 -0.1889
vn -0.5605 0.3157 -0.7657
vn -0.8801 0.0550 -0.4715
vn -0.5106 0.0785 -0.8562
vn -0.9016 0.1647 -0.3999
vn -0.9864 -0.0947 0.1342
vn -0.9157 -0.3789 0.1342
vn -0.8030 -0.3306 0.4959
vn -0.9943 0.0711 -0.0789
vn -0.8874 0.3220 -0.3298
vn -0.8735 0.4486 -0.1889
vn -0.8874 0.3220 -0.3299
vn -0.5037 0.7948 -0.3384
vn -0.9864 -0.0947 -0.1341
vn -0.9157 -0.3788 0.1342
vn -0.9157 -0.3789 -0.1342
vn -0.7998 -0.3293 -0.5018
vn -0.9157 -0.3788 -0.1342
vn -0.5605 0.3157 -0.7656
vn -0.5208 0.6154 -0.5917
vn -0.9156 -0.3789 0.1342
vn -0.7008 -0.7007 0.1339
vn -0.6141 -0.6140 0.4959
vn -1.0000 -0.0000 0.0001
vn -1.0000 -0.0000 -0.0001
vn 0.0001 -0.0000 -1.0000
vn -0.7008 -0.7007 0.1338
vn -0.9156 -0.3789 -0.1342
vn -0.7008 -0.7007 -0.1338
vn -0.6116 -0.6116 -0.5018
vn -0.7008 -0.7007 -0.1339
vn -0.7998 -0.3294 -0.5018
vn 0.3306 -0.4960 -0.8029
vn 0.6140 -0.4960 -0.6140
vn 0.3624 -0.8587 -0.3624
vn 0.1963 -0.8557 -0.4789
vn -0.3624 -0.8587 -0.3624
vn -0.3306 -0.4960 -0.8029
vn -0.1963 -0.8556 -0.4789
vn -0.6140 -0.4960 -0.6140
vn -0.0865 -0.4952 -0.8645
vn -0.3306 -0.4960 -0.8030
vn -0.0473 -0.8579 -0.5116
vn 0.4789 -0.8557 -0.1963
vn 0.8029 -0.4960 -0.3306
vn -0.8029 -0.4960 -0.3306
vn -0.4789 -0.8556 -0.1963
vn -0.0864 -0.4952 -0.8645
vn 0.0864 -0.4952 -0.8645
vn 0.0472 -0.8579 -0.5116
vn -0.0472 -0.8579 -0.5116
vn 0.1962 -0.8557 -0.4788
vn 0.3623 -0.8587 -0.3624
vn 0.1021 -0.9895 -0.1021
vn 0.0550 -0.9895 -0.1335
vn -0.1021 -0.9895 -0.1021
vn -0.1963 -0.8557 -0.4788
vn -0.0550 -0.9895 -0.1335
vn -0.3624 -0.8587 -0.3623
vn -0.1962 -0.8557 -0.4788
vn -0.0157 -0.9909 -0.1337
vn -0.1335 -0.9895 -0.0550
vn -0.4788 -0.8557 -0.1962
vn -0.4789 -0.8557 -0.1962
vn -0.0472 -0.8580 -0.5116
vn 0.0157 -0.9909 -0.1337
vn -0.1342 -0.9864 0.0947
vn -0.4959 -0.8030 0.3306
vn -0.4951 -0.8645 0.0865
vn -0.1342 -0.9157 0.3789
vn 0.1342 -0.9864 0.0947
vn 0.4959 -0.8030 0.3306
vn 0.1342 -0.9157 0.3789
vn 0.4951 -0.8645 0.0865
vn -0.1336 -0.9895 -0.0550
vn -0.1337 -0.9909 -0.0157
vn -0.5116 -0.8579 -0.0472
vn 0.1337 -0.9909 -0.0157
vn 0.4951 -0.8645 0.0864
vn 0.1336 -0.9895 -0.0550
vn 0.4788 -0.8557 -0.1962
vn 0.4788 -0.8557 -0.1963
vn 0.1335 -0.9895 -0.0550
vn -0.1342 -0.9156 0.3789
vn -0.4959 -0.6141 0.6140
vn -0.4959 -0.8030 0.3307
vn -0.1339 -0.7008 0.7007
vn 0.1342 -0.9156 0.3789
vn 0.4959 -0.6140 0.6140
vn 0.1339 -0.7008 0.7007
vn 0.4959 -0.8030 0.3307
vn -0.1341 -0.9864 0.0947
vn 0.1341 -0.9864 0.0947
vn 0.1341 -0.9157 0.3789
vn -0.1341 -0.9157 0.3789
vn 0.1338 -0.7008 0.7007
vn -0.1338 -0.7008 0.7007
vn 0.0865 -0.4952 -0.8645
vn 0.1962 -0.8556 -0.4789
vn 0.0473 -0.8579 -0.5116
vn -0.3789 -0.9156 0.1342
vn -0.6140 -0.6141 0.4959
vn -0.7007 -0.7008 0.1339
vn -0.3307 -0.8030 0.4959
vn 0.3789 -0.9156 0.1342
vn 0.3307 -0.8030 0.4959
vn 0.7007 -0.7008 0.1339
vn 0.7007 -0.7008 -0.1339
vn 0.3789 -0.9157 -0.1342
vn 0.3314 -0.7970 -0.5050
vn 0.7007 -0.7008 -0.1338
vn 0.3789 -0.9156 -0.1342
vn 0.7007 -0.7008 0.1338
vn -0.3314 -0.7970 -0.5050
vn -0.3789 -0.9156 -0.1342
vn -0.7007 -0.7008 -0.1339
vn -0.7007 -0.7008 -0.1338
vn -0.7007 -0.7008 0.1338
vn 0.0947 -0.9864 0.1342
vn 0.3306 -0.8030 0.4959
vn 0.0865 -0.8645 0.4951
vn 0.3789 -0.9157 0.1342
vn 0.0947 -0.9864 0.1341
vn 0.3788 -0.9157 -0.1342
vn 0.3788 -0.9157 0.1342
vn 0.0947 -0.9864 -0.1341
vn 0.0947 -0.9864 -0.1342
vn 0.0864 -0.8557 -0.5102
vn -0.0864 -0.8557 -0.5102
vn -0.0947 -0.9864 -0.1342
vn -0.0947 -0.9864 0.1342
vn -0.3306 -0.8030 0.4959
vn -0.3788 -0.9157 0.1342
vn -0.0865 -0.8645 0.4951
vn -0.3789 -0.9157 -0.1342
vn -0.0947 -0.9864 0.1341
vn -0.3789 -0.9157 0.1342
vn -0.0947 -0.9864 -0.1341
vn 0.0864 -0.8645 0.4951
vn -0.0864 -0.8645 0.4951
vn -0.3788 -0.9157 -0.1342
vn -0.0863 -0.8557 -0.5102
vn 0.0863 -0.8557 -0.5102
vn 0.3789 -0.1342 -0.9156
vn 0.7007 -0.1339 -0.7008
vn 0.6140 -0.4959 -0.6141
vn 0.3307 -0.4959 -0.8030
vn 0.0947 -0.1342 -0.9864
vn 0.3789 -0.1342 -0.9157
vn 0.3306 -0.4959 -0.8030
vn 0.0865 -0.4951 -0.8645
vn -0.0947 -0.1342 -0.9864
vn -0.3306 -0.4959 -0.8030
vn -0.3789 -0.1342 -0.9157
vn -0.0865 -0.4951 -0.8645
vn -0.0864 -0.4951 -0.8645
vn -0.0867 0.8591 -0.5045
vn 0.0867 0.8591 -0.5045
vn 0.0473 0.4965 -0.8668
vn -0.3789 0.1342 -0.9156
vn -0.7007 -0.1338 -0.7008
vn -0.7007 0.1338 -0.7008
vn -0.3789 -0.1342 -0.9156
vn -0.6140 -0.4959 -0.6141
vn -0.7007 -0.1339 -0.7008
vn -0.3307 -0.4959 -0.8030
vn -0.6116 0.6116 -0.5019
vn -0.4635 0.1964 -0.8641
vn -0.7969 0.3314 -0.5051
vn -0.3531 0.3610 -0.8631
vn -0.1970 0.4728 -0.8589
vn -0.3293 0.7998 -0.5019
vn 0.4635 0.1964 -0.8641
vn 0.6116 0.6116 -0.5019
vn 0.7969 0.3314 -0.5050
vn 0.3531 0.3610 -0.8631
vn 0.3294 0.7998 -0.5019
vn 0.1970 0.4728 -0.8589
vn 0.0947 0.1341 -0.9864
vn -0.0947 -0.1341 -0.9864
vn -0.0947 0.1341 -0.9864
vn -0.3788 0.1342 -0.9157
vn 0.0947 -0.1341 -0.9864
vn 0.3789 0.1342 -0.9157
vn 0.7007 0.1338 -0.7008
vn 0.7007 -0.1338 -0.7008
vn 0.3307 0.4959 -0.8029
vn 0.7007 0.1339 -0.7008
vn -0.0473 0.4965 -0.8668
vn 0.1970 0.4728 -0.8588
vn 0.3293 0.7998 -0.5019
vn 0.3306 0.4959 -0.8030
vn 0.0947 0.1342 -0.9864
vn 0.0864 0.4951 -0.8645
vn -0.3306 0.4959 -0.8030
vn -0.0865 0.4951 -0.8645
vn -0.0947 0.1342 -0.9864
vn -0.8557 0.0863 -0.5103
vn -0.4905 0.0475 -0.8702
vn -0.6140 0.4959 -0.6141
vn -0.7007 0.1339 -0.7008
vn -0.5107 0.0786 -0.8562
vn -0.8801 0.0550 -0.4716
vn 0.8556 0.0864 -0.5103
vn 0.4965 0.0473 -0.8668
vn -0.8557 0.0864 -0.5103
vn -0.4635 0.1964 -0.8640
vn -0.4965 0.0473 -0.8668
vn 0.0473 0.4964 -0.8668
vn 0.8556 0.0863 -0.5103
vn 0.8801 0.0550 -0.4716
vn 0.5106 0.0785 -0.8562
vn 0.4905 0.0474 -0.8701
vn -0.4905 0.0474 -0.8701
vn -0.8556 0.0863 -0.5103
vn -0.4965 -0.0473 -0.8668
vn -0.8591 -0.0867 -0.5045
vn 0.4965 -0.0473 -0.8668
vn 0.8591 -0.0867 -0.5045
vn -0.4728 -0.1970 -0.8589
vn -0.7998 -0.3293 -0.5019
vn 0.4728 -0.1970 -0.8589
vn 0.7998 -0.3293 -0.5019
vn -0.0158 0.1337 -0.9909
vn 0.0157 0.1337 -0.9909
vn -0.0473 0.4964 -0.8668
vn -0.1343 0.0869 -0.9871
vn -0.0550 0.1258 -0.9905
vn -0.1970 0.4727 -0.8589
vn -0.1337 0.0157 -0.9909
vn -0.4904 0.0475 -0.8702
vn -0.3531 0.3609 -0.8632
vn -0.1258 0.0550 -0.9905
vn -0.4634 0.1964 -0.8641
vn -0.0943 0.1022 -0.9903
vn -0.4964 0.0473 -0.8668
vn -0.1337 -0.0157 -0.9909
vn -0.4964 -0.0473 -0.8668
vn -0.1258 -0.0550 -0.9905
vn -0.3609 -0.3531 -0.8632
vn -0.1022 -0.0943 -0.9903
vn -0.1964 -0.4634 -0.8641
vn -0.0550 -0.1258 -0.9905
vn -0.0473 -0.4964 -0.8668
vn -0.0157 -0.1337 -0.9909
vn 0.0473 -0.4964 -0.8668
vn -0.0157 0.1337 -0.9909
vn 0.0158 0.1337 -0.9909
vn 0.0157 -0.1337 -0.9909
vn 0.0550 -0.1258 -0.9905
vn 0.1964 -0.4634 -0.8641
vn 0.3609 -0.3531 -0.8632
vn 0.1022 -0.0943 -0.9903
vn 0.1258 -0.0550 -0.9905
vn 0.4964 -0.0473 -0.8668
vn 0.1337 -0.0157 -0.9909
vn 0.4964 0.0473 -0.8668
vn 0.1337 0.0157 -0.9909
vn 0.0550 0.1258 -0.9905
vn 0.0943 0.1022 -0.9903
vn 0.3531 0.3609 -0.8632
vn 0.1258 0.0550 -0.9905
vn 0.4634 0.1964 -0.8641
vn -0.1497 0.3780 -0.9136
vn 0.1497 0.3780 -0.9136
vn 0.1338 0.7085 -0.6929
vn 0.5604 0.3157 -0.7657
vn 0.5207 0.6154 -0.5918
vn -0.1338 0.7085 -0.6929
vn -0.5604 0.3158 -0.7657
vn -0.5207 0.6154 -0.5918
vn -0.5106 0.0786 -0.8562
vn 0.1343 0.0869 -0.9871
vn 0.4905 0.0475 -0.8702
vn 0.7969 0.3314 -0.5051
vn 0.3531 0.3610 -0.8632
vn 0.3610 -0.3531 -0.8631
vn 0.6116 -0.6116 -0.5019
vn -0.6116 -0.6116 -0.5019
vn -0.1964 -0.4635 -0.8641
vn -0.3314 -0.7969 -0.5050
vn -0.3610 -0.3531 -0.8631
vn -0.7998 -0.3294 -0.5019
vn 0.1964 -0.4635 -0.8641
vn 0.3314 -0.7969 -0.5050
vn 0.3314 -0.7969 -0.5051
vn 0.0864 -0.8557 -0.5103
vn 0.0473 -0.4965 -0.8668
vn -0.0863 -0.8557 -0.5103
vn -0.0473 -0.4965 -0.8668
vn 0.0863 -0.8556 -0.5103
vn -0.0863 -0.8556 -0.5103
vt -2.513330 0.501562
vt -2.519830 0.504785
vt -2.520570 0.503002
vt -2.513150 0.503454
vt -2.526650 0.507065
vt -2.525290 0.508430
vt -2.396940 0.501562
vt -2.396760 0.503454
vt -2.383440 0.503454
vt -2.389250 0.506040
vt -2.389520 0.503454
vt -2.382940 0.506040
vt -2.396690 0.506040
vt -2.528930 0.513884
vt -2.530720 0.513146
vt -2.527680 0.734356
vt -2.477860 0.740666
vt -2.527680 0.740666
vt -2.477820 0.734356
vt -2.475350 0.740167
vt -2.475340 0.734086
vt -2.530260 0.740167
vt -2.530260 0.734086
vt -2.382940 0.531175
vt -2.389250 0.531175
vt -2.396690 0.531175
vt -2.389520 0.533760
vt -2.396760 0.533760
vt -2.518830 0.507220
vt -2.512890 0.506040
vt -2.523420 0.510294
vt -2.526500 0.514893
vt -2.530260 0.520573
vt -2.527680 0.520828
vt -2.383440 0.533760
vt -2.527680 0.536346
vt -2.476540 0.545384
vt -2.527680 0.657856
vt -2.477770 0.657856
vt -2.477820 0.665299
vt -2.527680 0.665299
vt -2.475340 0.665028
vt -2.475310 0.657787
vt -2.527680 0.671608
vt -2.530260 0.671109
vt -2.530260 0.665028
vt -2.530260 0.657787
vt -2.477860 0.671608
vt -2.475350 0.671109
vt -2.530260 0.536346
vt -2.532160 0.520387
vt -2.477700 0.550945
vt -2.453910 0.531175
vt -2.473370 0.540634
vt -2.461520 0.532688
vt -2.475270 0.553370
vt -2.527680 0.726913
vt -2.477770 0.726913
vt -2.530260 0.726845
vt -2.475310 0.726845
vt -2.472060 0.547955
vt -2.473500 0.555145
vt -2.473960 0.546868
vt -2.530260 0.709463
vt -2.527680 0.709395
vt -2.477890 0.709395
vt -2.475370 0.709463
vt -2.453650 0.533760
vt -2.461180 0.535257
vt -2.470260 0.541338
vt -2.467990 0.541854
vt -2.530260 0.702222
vt -2.527680 0.701952
vt -2.477880 0.701952
vt -2.475360 0.702222
vt -2.460930 0.537138
vt -2.498730 0.677306
vt -2.498730 0.689946
vt -2.502780 0.677306
vt -2.502780 0.689946
vt -2.506840 0.677306
vt -2.506840 0.689946
vt -2.530260 0.696141
vt -2.527680 0.695642
vt -2.453470 0.535653
vt -2.396940 0.535653
vt -2.477860 0.695642
vt -2.475350 0.696141
vt -2.482020 0.696250
vt -2.489190 0.698835
vt -2.489460 0.696250
vt -2.481950 0.698835
vt -2.428070 0.696250
vt -2.420630 0.696250
vt -2.420900 0.698835
vt -2.428140 0.698835
vt -2.414320 0.696250
vt -2.414820 0.698835
vt -2.495270 0.698835
vt -2.495770 0.696250
vt -2.428070 0.646460
vt -2.420630 0.646450
vt -2.420900 0.643935
vt -2.428140 0.643940
vt -2.482020 0.646460
vt -2.489460 0.646450
vt -2.489190 0.643935
vt -2.481950 0.643940
vt -2.414820 0.643924
vt -2.414320 0.646428
vt -2.495770 0.646428
vt -2.495270 0.643924
vt -2.395700 0.696250
vt -2.389390 0.696250
vt -2.389890 0.698835
vt -2.395970 0.698835
vt -2.395700 0.646450
vt -2.389390 0.646428
vt -2.389890 0.643924
vt -2.395970 0.643935
vt -2.520700 0.696250
vt -2.520700 0.646428
vt -2.514390 0.646450
vt -2.520200 0.643924
vt -2.514120 0.643935
vt -2.514390 0.696250
vt -2.520200 0.698835
vt -2.514120 0.698835
vt -2.403140 0.696250
vt -2.403210 0.698835
vt -2.403140 0.646460
vt -2.403210 0.643940
vt -2.506950 0.646460
vt -2.506950 0.696250
vt -2.506880 0.698835
vt -2.506880 0.643940
vt -2.518840 0.553372
vt -2.514120 0.547944
vt -2.513380 0.549727
vt -2.520200 0.552007
vt -2.395970 0.547944
vt -2.389890 0.552007
vt -2.391250 0.553372
vt -2.396710 0.549727
vt -2.506880 0.546504
vt -2.506700 0.548397
vt -2.403210 0.546504
vt -2.403390 0.548397
vt -2.522480 0.558826
vt -2.524270 0.558088
vt -2.385820 0.558088
vt -2.387610 0.558826
vt -2.525710 0.565329
vt -2.523810 0.565515
vt -2.384380 0.565329
vt -2.386280 0.565515
vt -2.386280 0.622039
vt -2.384380 0.622226
vt -2.523810 0.629504
vt -2.521230 0.635724
vt -2.523810 0.636557
vt -2.521230 0.629414
vt -2.386280 0.629504
vt -2.388860 0.635724
vt -2.388860 0.629414
vt -2.386280 0.636557
vt -2.516970 0.555236
vt -2.512380 0.552163
vt -2.393110 0.555236
vt -2.397710 0.552163
vt -2.506440 0.550982
vt -2.403650 0.550982
vt -2.390040 0.559835
vt -2.523810 0.622039
vt -2.521230 0.621971
vt -2.388860 0.621971
vt -2.388860 0.565770
vt -2.521230 0.565770
vt -2.520050 0.559835
vt -2.481950 0.745670
vt -2.488450 0.742447
vt -2.481770 0.743777
vt -2.489190 0.744230
vt -2.420900 0.744230
vt -2.428140 0.745670
vt -2.421640 0.742447
vt -2.428320 0.743777
vt -2.495270 0.740167
vt -2.493910 0.738802
vt -2.416180 0.738802
vt -2.414820 0.740167
vt -2.521230 0.506565
vt -2.388860 0.506565
vt -2.388860 0.512875
vt -2.386280 0.507065
vt -2.521230 0.512875
vt -2.386280 0.513146
vt -2.523810 0.507065
vt -2.523810 0.513146
vt -2.499340 0.734086
vt -2.497550 0.733348
vt -2.412540 0.733348
vt -2.410750 0.734086
vt -2.389890 0.671109
vt -2.387610 0.664290
vt -2.385820 0.665028
vt -2.391250 0.669744
vt -2.520200 0.671109
vt -2.524270 0.665028
vt -2.522480 0.664290
vt -2.518840 0.669744
vt -2.384380 0.657787
vt -2.386280 0.657601
vt -2.525710 0.657787
vt -2.523810 0.657601
vt -2.395970 0.675172
vt -2.396710 0.673389
vt -2.514120 0.675172
vt -2.513380 0.673389
vt -2.487450 0.740011
vt -2.481510 0.741192
vt -2.428580 0.741192
vt -2.422640 0.740011
vt -2.500780 0.726845
vt -2.498880 0.726659
vt -2.409310 0.726845
vt -2.411210 0.726659
vt -2.492040 0.736938
vt -2.418040 0.736938
vt -2.523810 0.536346
vt -2.521230 0.657346
vt -2.521230 0.536346
vt -2.525710 0.536346
vt -2.403210 0.676612
vt -2.403390 0.674720
vt -2.506880 0.676612
vt -2.506700 0.674720
vt -2.495120 0.732339
vt -2.414970 0.732339
vt -2.388860 0.520318
vt -2.386280 0.520387
vt -2.521230 0.520318
vt -2.523810 0.520387
vt -2.516970 0.667880
vt -2.520050 0.663281
vt -2.390040 0.663281
vt -2.388860 0.657346
vt -2.397710 0.670954
vt -2.393110 0.667880
vt -2.512380 0.670954
vt -2.496300 0.726404
vt -2.413790 0.726404
vt -2.506440 0.672134
vt -2.403650 0.672134
vt -2.496300 0.709904
vt -2.498880 0.709649
vt -2.411210 0.709649
vt -2.413790 0.709904
vt -2.495120 0.703969
vt -2.497550 0.702961
vt -2.412540 0.702961
vt -2.414970 0.703969
vt -2.500780 0.709463
vt -2.499340 0.702222
vt -2.410750 0.702222
vt -2.409310 0.709463
vt -2.428580 0.695116
vt -2.481510 0.695116
vt -2.487450 0.696297
vt -2.492040 0.699370
vt -2.422640 0.696297
vt -2.418040 0.699370
vt -2.388860 0.536346
vt -2.386280 0.536346
vt -2.384380 0.536346
vt -2.384380 0.520573
vt -2.525710 0.520573
vt -2.493910 0.697506
vt -2.416180 0.697506
vt -2.488450 0.693861
vt -2.421640 0.693861
vt -2.481770 0.692531
vt -2.428320 0.692531
vt -2.495270 0.696141
vt -2.414820 0.696141
vt -2.443130 0.677306
vt -2.439070 0.689946
vt -2.443130 0.689946
vt -2.439070 0.677306
vt -2.489190 0.692078
vt -2.420900 0.692078
vt -2.481950 0.690638
vt -2.428140 0.690638
vt -2.466960 0.677306
vt -2.471020 0.689946
vt -2.471020 0.677306
vt -2.466960 0.689946
vt -2.396760 0.501562
vt -2.389520 0.503002
vt -2.390260 0.504785
vt -2.396940 0.503454
vt -2.383440 0.507065
vt -2.384800 0.508429
vt -2.513150 0.501562
vt -2.513330 0.503454
vt -2.527150 0.531175
vt -2.527150 0.506040
vt -2.520840 0.506040
vt -2.520840 0.531175
vt -2.526650 0.503454
vt -2.520570 0.503454
vt -2.513400 0.506040
vt -2.379370 0.513146
vt -2.381160 0.513884
vt -2.432230 0.740666
vt -2.382410 0.734356
vt -2.382410 0.740666
vt -2.432270 0.734356
vt -2.434740 0.740167
vt -2.434750 0.734086
vt -2.379830 0.740167
vt -2.379830 0.734086
vt -2.391260 0.507220
vt -2.397200 0.506040
vt -2.386660 0.510294
vt -2.383590 0.514893
vt -2.379830 0.520573
vt -2.382410 0.520828
vt -2.382410 0.665299
vt -2.379830 0.671109
vt -2.382410 0.671608
vt -2.379830 0.665028
vt -2.432230 0.671608
vt -2.432270 0.665299
vt -2.434740 0.671109
vt -2.434750 0.665028
vt -2.379830 0.536346
vt -2.382410 0.536346
vt -2.377930 0.520387
vt -2.436720 0.540634
vt -2.433550 0.545384
vt -2.382410 0.657856
vt -2.432320 0.657856
vt -2.432390 0.550945
vt -2.456180 0.531175
vt -2.448570 0.532688
vt -2.379830 0.657787
vt -2.434780 0.657787
vt -2.513400 0.531175
vt -2.526650 0.533760
vt -2.520570 0.533760
vt -2.513330 0.533760
vt -2.456430 0.533760
vt -2.436130 0.546868
vt -2.434810 0.553370
vt -2.382410 0.726913
vt -2.432320 0.726913
vt -2.379830 0.726845
vt -2.434780 0.726845
vt -2.379830 0.709463
vt -2.382410 0.709395
vt -2.432200 0.709395
vt -2.434720 0.709463
vt -2.448910 0.535257
vt -2.438030 0.547955
vt -2.436590 0.555145
vt -2.382410 0.701952
vt -2.379830 0.702222
vt -2.439830 0.541338
vt -2.442100 0.541854
vt -2.449160 0.537138
vt -2.432210 0.701952
vt -2.434730 0.702222
vt -2.382410 0.695642
vt -2.379830 0.696141
vt -2.407310 0.689946
vt -2.407310 0.677306
vt -2.403250 0.677306
vt -2.411360 0.689946
vt -2.403250 0.689946
vt -2.411360 0.677306
vt -2.456620 0.535653
vt -2.432230 0.695642
vt -2.434740 0.696141
vt -2.521230 0.681971
vt -2.523810 0.689144
vt -2.523810 0.681903
vt -2.521230 0.689414
vt -2.388860 0.681971
vt -2.386280 0.689144
vt -2.388860 0.689414
vt -2.386280 0.681903
vt -2.523810 0.695225
vt -2.521230 0.695724
vt -2.386280 0.695225
vt -2.388860 0.695724
vt -2.420630 0.646393
vt -2.420900 0.643907
vt -2.489190 0.643907
vt -2.489460 0.646393
vt -2.428070 0.646342
vt -2.428140 0.643881
vt -2.481950 0.643881
vt -2.482020 0.646342
vt -2.514390 0.506040
vt -2.520700 0.506040
vt -2.520200 0.503454
vt -2.514120 0.503454
vt -2.506950 0.506040
vt -2.506880 0.503454
vt -2.403140 0.506040
vt -2.395970 0.503454
vt -2.395700 0.506040
vt -2.403210 0.503454
vt -2.395700 0.531175
vt -2.389390 0.506040
vt -2.389390 0.531175
vt -2.389890 0.503454
vt -2.506950 0.531175
vt -2.403140 0.531175
vt -2.514390 0.531175
vt -2.520700 0.531175
vt -2.520200 0.533760
vt -2.514120 0.533760
vt -2.506880 0.533760
vt -2.395970 0.533760
vt -2.403210 0.533760
vt -2.389890 0.533760
vt -2.386280 0.555145
vt -2.384380 0.553370
vt -2.525710 0.553370
vt -2.523810 0.555145
vt -2.388860 0.555795
vt -2.388860 0.548352
vt -2.521230 0.548352
vt -2.521230 0.542042
vt -2.523810 0.547955
vt -2.523810 0.541854
vt -2.388860 0.542042
vt -2.386280 0.547955
vt -2.386280 0.541854
vt -2.521230 0.555795
s 1
usemtl Seat1Mtl
f 1/1/1 2/2/2 3/3/3
f 2/2/2 1/1/1 4/4/4
f 5/5/5 6/3/3 7/2/6
f 5/5/5 7/2/6 8/6/7
f 9/7/8 10/4/4 11/1/1
f 10/4/4 9/7/8 12/8/9
f 13/9/10 14/10/11 15/11/12
f 14/10/11 13/9/10 16/12/13
f 17/11/14 18/13/15 19/8/16
f 18/13/15 17/11/14 20/10/17
f 21/5/5 23/14/18 22/15/19
f 23/14/18 21/5/5 24/6/7
f 26/16/20 25/17/21 27/18/22
f 25/17/21 26/16/20 28/19/23
f 29/17/24 28/19/25 30/20/26
f 31/21/27 30/20/26 28/19/25
f 32/16/20 33/22/28 34/23/29
f 33/22/28 32/16/20 35/18/30
f 36/12/31 37/24/32 38/25/33
f 36/12/31 38/25/33 39/10/11
f 40/26/34 38/25/35 41/27/36
f 41/27/36 42/28/37 40/26/34
f 43/4/4 44/29/38 45/2/39
f 44/29/38 43/4/4 46/30/40
f 47/2/41 48/31/42 49/6/43
f 48/31/42 47/2/41 50/29/38
f 51/32/44 52/6/45 53/31/42
f 52/6/45 51/32/44 54/14/46
f 51/32/44 55/33/47 56/14/46
f 55/33/47 51/32/44 57/34/48
f 58/10/17 59/25/35 60/26/49
f 58/10/17 60/26/49 61/13/50
f 62/35/51 63/27/36 59/25/35
f 59/25/35 64/24/52 62/35/51
f 65/8/53 66/30/40 67/4/4
f 66/30/40 65/8/53 68/13/15
f 69/36/54 66/30/40 70/37/55
f 71/38/56 72/39/57 73/40/58
f 73/40/58 74/41/59 71/38/56
f 72/39/60 75/42/61 76/40/23
f 75/42/61 72/39/60 77/43/62
f 74/41/59 78/44/30 79/45/28
f 74/41/59 79/45/28 80/46/63
f 81/38/64 74/41/59 80/46/63
f 81/38/64 80/46/63 82/47/65
f 83/48/21 78/44/22 84/41/66
f 84/41/66 85/40/25 83/48/21
f 85/40/23 86/49/67 87/48/24
f 86/49/67 85/40/23 88/42/61
f 89/34/68 90/36/69 91/50/70
f 89/34/68 91/50/70 92/33/47
f 90/36/54 93/34/68 94/30/40
f 96/14/71 97/51/72 95/15/73
f 97/51/72 96/14/71 98/33/47
f 99/34/68 100/32/74 101/29/38
f 101/29/38 102/30/40 99/34/68
f 103/39/57 104/38/56 105/52/75
f 106/31/42 107/29/38 108/32/44
f 109/13/50 110/26/49 111/53/76
f 112/30/40 113/13/50 114/53/77
f 115/30/78 116/54/79 117/37/55
f 118/30/40 119/53/77 120/55/80
f 121/30/40 122/55/80 123/54/79
f 124/52/81 125/36/54 126/37/55
f 127/56/82 128/43/83 129/39/60
f 127/56/82 129/39/60 130/52/84
f 131/19/58 132/57/56 133/58/57
f 132/57/56 131/19/58 134/16/59
f 135/23/63 136/57/64 134/16/59
f 136/57/64 135/23/63 137/59/65
f 138/19/23 133/58/60 139/21/61
f 140/60/62 139/21/61 133/58/60
f 141/56/85 142/61/86 143/62/87
f 142/61/86 141/56/85 144/63/88
f 144/63/89 145/52/81 146/37/90
f 145/52/81 144/63/89 147/56/82
f 150/36/54 149/47/91 148/50/70
f 150/36/54 151/38/64 149/47/91
f 151/38/64 150/36/54 152/52/81
f 154/64/92 155/57/56 153/59/91
f 155/57/56 154/64/92 156/65/93
f 157/66/94 155/57/56 156/65/93
f 158/58/95 155/57/56 157/66/94
f 159/67/96 158/58/95 157/66/94
f 158/58/95 159/67/96 160/60/83
f 161/55/97 162/53/77 163/68/98
f 163/68/98 164/69/99 161/55/97
f 165/26/34 166/68/98 167/53/76
f 166/68/98 165/26/34 168/28/100
f 169/70/101 170/61/86 171/63/88
f 170/61/86 169/70/101 172/71/102
f 173/54/103 171/63/104 174/37/90
f 171/63/104 173/54/103 175/70/105
f 176/65/106 177/72/107 178/73/108
f 177/72/107 176/65/106 179/64/109
f 180/66/110 181/73/111 182/74/112
f 181/73/111 180/66/110 183/65/93
f 184/75/113 185/66/94 182/74/112
f 185/66/94 184/75/113 186/67/96
f 187/69/99 188/71/114 189/70/115
f 188/71/114 187/69/99 190/76/116
f 189/70/115 191/55/97 187/69/99
f 191/55/97 189/70/115 192/54/117
f 193/77/118 194/78/119 195/79/120
f 197/80/121 195/79/120 194/78/119
f 195/79/120 197/80/121 198/81/122
f 196/82/123 198/81/122 197/80/121
f 199/73/108 200/83/124 201/84/125
f 200/83/124 199/73/108 202/72/126
f 203/69/127 204/68/128 205/85/129
f 205/85/129 206/76/116 203/69/127
f 207/28/130 208/85/131 209/68/128
f 208/85/131 207/28/130 210/86/132
f 212/74/133 213/84/134 211/87/135
f 213/84/134 212/74/133 214/73/136
f 215/88/137 216/74/133 211/87/138
f 216/74/133 215/88/137 217/75/113
f 218/89/139 219/90/140 220/91/141
f 219/90/140 218/89/139 221/92/142
f 222/93/143 223/94/144 224/95/145
f 222/93/143 224/95/145 225/96/146
f 226/92/147 227/93/143 228/96/148
f 229/94/149 230/97/150 231/98/151
f 229/94/149 231/98/151 232/95/145
f 233/91/152 234/99/28 235/100/153
f 234/99/28 233/91/152 236/90/140
f 237/101/154 238/94/144 239/93/155
f 238/94/144 237/101/154 240/102/156
f 241/101/157 242/103/158 240/102/156
f 242/103/158 241/101/157 243/104/159
f 244/105/160 245/91/161 246/106/162
f 245/91/161 244/105/160 247/89/163
f 248/107/164 249/105/165 246/106/162
f 249/105/165 248/107/164 250/108/166
f 251/105/160 252/101/154 253/93/155
f 251/105/160 253/93/155 254/89/163
f 253/93/155 255/92/147 254/89/163
f 256/108/166 257/104/159 252/101/157
f 258/108/166 259/101/157 260/105/165
f 262/102/167 263/109/168 261/110/169
f 263/109/168 262/102/167 264/103/170
f 265/97/171 266/102/167 261/110/169
f 266/102/167 265/97/171 267/94/144
f 268/106/172 269/100/173 270/111/174
f 269/100/173 268/106/172 271/91/152
f 272/112/26 273/106/175 270/111/176
f 273/106/175 272/112/26 274/107/164
f 275/113/149 276/114/150 277/115/151
f 275/113/149 277/115/151 278/116/177
f 280/114/171 281/117/178 279/118/169
f 281/117/178 280/114/171 282/113/144
f 283/117/167 284/119/179 279/118/180
f 284/119/179 283/117/167 285/120/170
f 286/121/173 287/122/176 288/123/181
f 289/124/26 288/123/181 287/122/176
f 289/124/26 290/125/164 288/123/181
f 288/123/181 291/126/152 286/121/173
f 291/126/152 292/127/182 286/121/173
f 292/127/182 291/126/152 293/128/183
f 294/129/143 295/113/144 296/116/145
f 294/129/143 296/116/145 297/130/146
f 298/131/154 299/113/144 300/129/155
f 299/113/144 298/131/154 301/117/156
f 302/131/157 303/120/158 301/117/156
f 303/120/158 302/131/157 304/132/159
f 305/126/184 306/123/181 307/133/160
f 308/125/164 307/133/160 306/123/181
f 307/133/160 309/134/139 305/126/184
f 309/134/139 310/128/140 305/126/184
f 310/128/140 309/134/139 311/135/142
f 308/125/164 312/136/166 307/133/160
f 313/133/165 314/131/154 315/129/155
f 316/136/166 314/131/154 313/133/165
f 313/133/165 315/129/155 317/134/163
f 316/136/166 318/132/159 314/131/154
f 317/134/163 315/129/155 319/130/146
f 317/134/163 319/130/146 320/135/147
f 321/137/185 322/138/186 323/139/187
f 322/138/186 321/137/185 324/140/188
f 325/141/189 326/142/190 327/143/191
f 327/143/191 328/144/192 325/141/189
f 329/145/193 330/139/194 331/138/186
f 330/139/194 329/145/193 332/146/195
f 333/147/196 334/141/197 335/144/192
f 333/147/196 335/144/192 336/148/198
f 337/149/199 338/140/188 339/137/185
f 338/140/188 337/149/199 340/150/200
f 341/143/191 342/151/201 343/152/202
f 342/151/201 341/143/191 344/142/190
f 345/147/196 346/146/203 347/145/193
f 346/146/203 345/147/196 348/148/204
f 349/153/205 350/150/200 351/149/199
f 351/149/199 352/154/206 349/153/205
f 353/152/207 354/155/208 355/156/209
f 354/155/208 353/152/207 356/151/201
f 357/157/210 358/156/211 359/155/212
f 359/155/212 360/158/213 357/157/210
f 361/159/214 362/160/215 363/161/114
f 362/160/215 361/159/214 364/162/216
f 365/163/217 366/164/218 367/165/219
f 366/164/218 365/163/217 368/166/220
f 369/167/221 370/139/222 371/168/223
f 370/139/222 369/167/221 372/137/224
f 373/144/225 374/143/226 375/169/227
f 375/169/227 376/170/228 373/144/225
f 377/146/195 378/168/223 379/139/229
f 378/168/223 377/146/195 380/171/230
f 381/148/204 382/144/231 383/170/228
f 381/148/204 383/170/228 384/172/232
f 385/173/233 386/169/227 387/143/226
f 385/173/233 387/143/226 388/152/234
f 389/146/235 390/148/204 391/172/232
f 389/146/235 391/172/232 392/171/230
f 393/174/236 394/162/237 395/159/238
f 394/162/237 393/174/236 396/175/239
f 397/157/240 398/165/219 399/176/241
f 398/165/219 397/157/240 400/163/217
f 401/173/242 402/156/209 403/177/243
f 402/156/209 401/173/242 404/152/234
f 405/164/244 406/162/245 407/165/246
f 406/162/245 405/164/244 408/160/247
f 409/175/248 407/165/246 406/162/245
f 407/165/246 409/175/248 410/176/249
f 409/175/248 411/171/230 412/176/249
f 413/178/250 411/171/230 409/175/248
f 414/172/232 412/176/249 411/171/230
f 414/172/232 415/177/243 412/176/249
f 416/170/228 415/177/243 414/172/232
f 415/177/243 416/170/228 417/173/233
f 417/173/233 416/170/228 418/169/227
f 419/179/251 411/171/230 413/178/250
f 411/171/230 419/179/251 420/168/223
f 420/168/223 419/179/251 421/167/221
f 422/177/243 423/157/240 412/176/241
f 423/157/240 422/177/243 424/156/209
f 413/178/250 425/175/239 426/174/252
f 426/174/252 427/154/206 413/178/250
f 428/179/253 413/178/250 427/154/206
f 428/179/253 427/154/206 429/149/254
f 430/149/254 431/167/221 428/179/251
f 431/167/221 430/149/254 432/137/224
f 433/180/255 434/181/256 435/182/257
f 436/181/258 437/180/255 438/183/259
f 439/184/260 440/185/142 441/186/261
f 442/187/262 443/186/261 444/185/263
f 445/182/264 446/185/265 447/180/266
f 448/188/267 449/181/256 450/183/259
f 449/181/256 448/188/267 451/189/268
f 452/186/269 453/190/270 454/184/260
f 454/184/260 453/190/270 455/191/271
f 456/192/272 457/193/273 458/194/274
f 458/194/274 457/193/273 459/195/275
f 456/192/272 458/194/274 460/196/276
f 459/195/275 461/197/277 458/194/274
f 460/196/276 462/198/278 456/192/272
f 462/198/278 460/196/276 463/199/279
f 464/188/267 465/200/280 466/201/281
f 464/188/267 466/201/281 467/189/268
f 468/191/271 469/202/282 470/203/283
f 469/202/282 468/191/271 471/190/270
f 472/204/271 473/205/284 474/206/283
f 473/205/284 472/204/271 475/207/270
f 476/208/267 477/209/280 478/210/285
f 476/208/267 478/210/285 479/211/268
f 480/212/286 481/206/283 482/205/282
f 480/212/286 482/205/282 483/213/287
f 484/214/288 485/210/289 486/209/290
f 485/210/289 484/214/288 487/215/291
f 488/216/260 489/207/270 490/204/271
f 489/207/270 488/216/260 491/217/292
f 492/211/268 493/218/259 494/208/267
f 493/218/259 492/211/268 495/219/258
f 496/182/293 497/220/294 498/221/295
f 499/220/296 500/182/257 501/181/297
f 502/222/298 503/223/299 504/187/300
f 505/223/301 506/186/302 507/187/262
f 508/224/288 509/201/289 510/200/290
f 509/201/289 508/224/288 511/225/291
f 512/226/303 513/202/284 514/227/304
f 513/202/284 512/226/303 515/203/283
f 516/182/305 517/222/298 518/187/306
f 519/181/297 520/228/307 521/220/294
f 520/228/307 519/181/297 522/189/308
f 523/223/299 524/229/309 525/186/302
f 525/186/302 524/229/309 526/190/310
f 527/230/311 528/231/312 529/215/291
f 528/231/312 527/230/311 530/232/313
f 531/215/291 532/233/314 527/230/315
f 532/233/314 531/215/291 533/214/316
f 534/217/292 535/234/263 536/235/262
f 535/234/263 534/217/292 537/216/260
f 538/236/255 539/219/256 540/237/257
f 541/219/317 542/236/146 543/218/318
f 544/201/319 545/228/307 546/189/308
f 545/228/307 544/201/319 547/238/320
f 548/190/321 549/239/322 550/202/323
f 549/239/322 548/190/321 551/229/309
f 552/196/324 553/194/325 554/240/326
f 554/240/326 553/194/325 555/197/327
f 555/197/327 556/241/328 554/240/326
f 552/196/324 554/240/326 557/242/329
f 557/242/329 558/199/330 552/196/324
f 558/199/330 557/242/329 559/243/331
f 560/210/319 561/244/307 562/211/268
f 561/244/307 560/210/319 563/245/320
f 564/245/320 565/215/332 566/231/312
f 565/215/332 564/245/320 567/210/319
f 568/213/333 569/205/323 570/246/322
f 568/213/333 570/246/322 571/247/334
f 572/236/266 573/235/262 574/234/263
f 573/235/262 572/236/266 575/237/257
f 576/207/270 577/217/302 578/248/299
f 578/248/299 579/249/309 576/207/270
f 580/205/335 579/249/309 581/246/322
f 580/205/335 582/207/321 579/249/309
f 583/250/294 584/211/308 585/244/307
f 584/211/308 583/250/294 586/219/297
f 587/225/332 588/238/336 589/201/319
f 588/238/336 587/225/332 590/251/337
f 591/227/333 592/239/322 593/252/334
f 592/239/322 591/227/333 594/202/323
f 595/237/257 596/250/294 597/253/295
f 598/250/296 599/237/257 600/219/297
f 601/253/295 602/254/298 603/235/300
f 604/253/295 605/235/306 606/237/293
f 607/255/338 608/225/332 609/256/339
f 610/225/291 611/255/338 612/251/312
f 613/257/340 614/227/333 615/258/341
f 616/258/341 617/227/333 618/252/334
f 619/259/342 620/255/338 621/256/343
f 622/259/342 623/256/344 624/260/345
f 625/261/346 626/257/347 627/262/348
f 628/262/348 629/257/347 630/258/341
f 631/263/349 632/264/350 633/260/351
f 634/260/351 635/256/344 636/263/352
f 637/265/353 638/266/354 639/261/355
f 640/261/356 641/266/354 642/257/347
f 643/182/257 644/187/262 645/185/265
f 646/222/298 643/182/293 647/221/295
f 646/222/298 648/258/341 649/252/334
f 646/222/298 650/267/357 648/258/341
f 650/267/357 646/222/298 651/268/358
f 652/221/295 651/268/358 646/222/298
f 652/221/295 653/255/338 651/268/358
f 653/255/338 652/221/295 654/251/312
f 655/259/359 651/268/358 653/255/338
f 655/259/359 656/269/360 651/268/358
f 656/269/360 655/259/359 657/270/361
f 652/221/295 658/238/320 654/251/312
f 658/238/320 652/221/295 659/220/294
f 658/238/320 659/220/294 660/228/307
f 661/248/301 662/235/362 663/254/363
f 662/235/362 661/248/301 664/217/302
f 663/254/298 665/231/312 666/247/364
f 667/246/322 663/254/298 666/247/364
f 663/254/298 667/246/322 668/248/299
f 669/248/299 670/246/322 671/249/309
f 672/267/357 673/262/348 674/258/365
f 673/262/348 672/267/357 675/271/366
f 673/262/348 675/271/366 676/272/367
f 677/252/364 678/223/299 679/222/298
f 678/223/299 677/252/364 680/239/322
f 678/223/299 680/239/322 681/229/309
f 682/273/368 683/232/369 684/240/370
f 685/241/371 682/273/368 684/240/370
f 686/242/372 684/240/370 683/232/369
f 683/232/369 687/243/331 686/242/372
f 682/273/368 685/241/371 688/274/373
f 687/243/331 683/232/369 527/230/374
f 689/247/334 683/232/369 682/273/368
f 688/274/373 689/247/334 682/273/368
f 689/247/334 566/231/312 683/232/369
f 689/247/334 688/274/373 690/213/287
f 691/275/375 690/213/287 688/274/373
f 690/213/287 691/275/375 692/212/286
f 693/276/376 694/274/377 685/241/378
f 694/274/377 693/276/376 695/275/375
f 696/230/315 697/277/379 687/243/380
f 697/277/379 696/230/315 698/233/314
f 566/231/381 699/254/298 700/253/295
f 701/250/294 566/231/381 700/253/295
f 566/231/381 701/250/294 702/245/320
f 702/245/320 701/250/294 703/244/307
f 704/259/359 705/278/382 706/270/361
f 705/278/382 704/259/359 707/260/345
f 708/279/383 709/262/348 710/272/367
f 709/262/348 708/279/383 711/261/384
f 712/256/344 713/225/291 714/263/385
f 714/263/385 713/225/291 715/224/386
f 716/266/387 717/227/388 718/257/347
f 717/227/388 716/266/387 719/226/286
f 720/270/361 721/280/389 722/269/360
f 721/280/389 720/270/361 723/278/382
f 724/272/367 725/271/366 726/279/390
f 725/271/366 727/281/391 726/279/390
f 728/282/392 729/269/360 730/280/389
f 729/269/360 728/282/392 731/268/358
f 732/283/393 733/271/366 734/267/357
f 733/271/366 732/283/393 735/281/394
f 736/267/357 737/282/392 738/283/395
f 739/264/396 740/278/397 741/260/398
f 740/278/397 739/264/396 742/284/399
f 743/285/400 744/265/401 745/279/390
f 746/261/355 745/279/390 744/265/401
f 748/286/402 749/287/122 747/288/402
f 750/289/403 749/287/122 748/286/402
f 751/284/399 752/280/404 753/278/397
f 752/280/404 751/284/399 754/290/405
f 755/279/390 756/291/406 757/285/400
f 758/291/406 759/279/390 760/281/407
f 761/283/393 762/292/408 763/293/409
f 762/292/408 761/283/393 764/282/410
f 764/282/392 765/267/357 766/268/358
f 769/294/411 768/295/123 767/296/122
f 768/295/123 769/294/411 770/297/411
f 771/292/408 772/280/412 773/290/405
f 772/280/412 771/292/408 774/282/410
f 775/293/409 776/281/407 777/283/413
f 776/281/407 775/293/409 778/291/406
f 779/298/414 780/299/415 781/300/416
f 779/298/414 781/300/416 782/301/417
f 783/299/418 784/302/419 785/303/420
f 783/299/418 785/303/420 786/300/421
f 787/304/422 788/301/417 789/305/423
f 788/301/417 787/304/422 790/298/414
f 791/306/424 792/307/425 793/308/426
f 791/306/424 793/308/426 794/309/427
f 795/308/426 792/307/428 796/310/429
f 796/310/429 797/311/430 795/308/426
f 798/312/431 799/308/432 800/311/433
f 800/311/433 801/305/434 798/312/431
f 802/302/419 803/313/435 804/314/436
f 804/314/436 805/303/420 802/302/419
f 806/315/437 807/316/438 808/317/439
f 807/316/438 806/315/437 809/318/440
f 810/319/441 809/318/442 811/315/443
f 810/319/441 812/320/444 809/318/442
f 813/316/445 814/321/446 815/317/447
f 814/321/446 813/316/445 816/322/448
f 817/301/449 818/300/450 819/323/451
f 817/301/449 819/323/451 820/324/452
f 821/303/453 822/323/451 818/300/450
f 822/323/451 821/303/453 823/325/454
f 824/305/455 825/324/452 826/312/431
f 825/324/452 824/305/455 827/301/417
f 828/303/453 829/314/456 830/326/457
f 830/326/457 831/325/454 828/303/453
f 832/327/379 830/326/457 833/314/456
f 830/326/457 832/327/379 834/328/458
f 835/329/445 836/330/446 837/331/447
f 836/330/446 835/329/445 838/332/448
f 839/333/437 840/329/445 841/331/439
f 840/329/445 839/333/437 842/334/442
f 843/335/441 842/334/442 844/333/443
f 843/335/441 845/336/444 842/334/442
f 846/328/458 847/337/459 848/338/460
f 847/337/459 846/328/458 849/327/461
f 850/328/458 848/338/460 851/324/452
f 853/339/462 854/314/436 852/313/435
f 854/314/436 853/339/462 855/327/463
f 856/340/464 857/324/452 858/341/465
f 859/325/454 860/326/457 861/323/451
f 862/326/457 863/328/458 864/324/452
f 862/326/457 864/324/452 865/323/451
f 866/342/466 867/343/467 868/344/468
f 869/312/469 870/324/452 871/345/470
f 872/338/460 873/344/471 874/341/465
f 875/345/470 876/324/452 877/346/472
f 878/324/452 879/338/460 880/341/465
f 881/346/472 882/324/452 883/340/464
f 884/334/473 885/342/466 886/329/445
f 885/342/466 884/334/473 887/343/467
f 888/338/460 885/342/466 889/344/471
f 890/338/474 891/347/475 885/342/476
f 891/347/475 890/338/474 892/337/477
f 893/342/476 894/332/478 886/329/445
f 894/332/478 893/342/476 895/347/475
f 896/336/444 887/343/479 897/334/440
f 896/336/444 898/348/480 887/343/479
f 899/312/469 900/309/481 901/308/432
f 900/309/481 899/312/469 902/349/482
f 902/349/482 903/312/469 904/345/483
f 900/309/427 905/350/484 906/306/485
f 905/350/484 900/309/427 907/351/486
f 908/349/487 907/351/488 909/309/481
f 907/351/488 908/349/487 910/352/489
f 911/353/490 910/352/489 912/349/487
f 912/349/487 913/345/483 911/353/490
f 914/354/491 915/344/471 916/355/492
f 915/344/471 914/354/491 917/341/493
f 918/355/492 919/343/479 920/348/480
f 919/343/479 918/355/492 921/344/471
f 922/318/440 923/356/466 924/316/445
f 923/356/466 922/318/440 925/357/467
f 926/356/476 927/322/478 924/316/445
f 927/322/478 926/356/476 928/358/316
f 929/320/444 925/357/479 930/318/440
f 929/320/444 931/359/480 925/357/479
f 933/356/466 934/360/494 932/358/475
f 934/360/494 933/356/466 935/361/495
f 936/362/496 935/361/495 933/356/466
f 933/356/466 937/357/479 936/362/496
f 937/357/479 938/363/497 936/362/496
f 938/363/497 937/357/479 939/359/480
f 940/346/498 941/353/490 942/345/470
f 941/353/490 940/346/498 943/364/499
f 944/365/500 945/355/501 946/366/502
f 945/355/501 944/365/500 947/354/503
f 948/361/504 949/367/505 950/368/506
f 948/361/504 950/368/506 951/360/352
f 952/340/507 953/341/493 954/354/491
f 954/354/491 955/369/508 952/340/507
f 956/346/498 952/340/507 955/369/508
f 956/346/498 955/369/508 957/364/499
f 958/364/509 955/369/510 959/370/220
f 958/364/509 959/370/220 960/371/511
f 961/362/512 962/367/513 963/361/495
f 962/367/513 961/362/512 964/372/514
f 965/362/496 966/373/515 964/372/516
f 966/373/515 965/362/496 967/363/497
f 968/369/510 969/354/503 970/365/517
f 970/365/517 971/370/518 968/369/510
f 972/367/519 973/374/520 974/375/521
f 972/367/519 974/375/521 975/368/506
f 976/376/522 977/377/523 978/378/122
f 979/379/119 977/377/523 976/376/522
f 976/376/522 978/378/122 980/380/403
f 979/379/119 981/381/524 977/377/523
f 982/364/509 983/382/210 984/353/213
f 983/382/210 982/364/509 985/371/511
f 987/374/525 988/372/526 986/383/527
f 988/372/526 987/374/525 989/367/519
f 990/372/526 991/384/528 986/383/529
f 991/384/528 990/372/526 992/373/530
f 993/141/531 994/142/532 995/143/533
f 995/143/533 996/144/534 993/141/531
f 997/137/535 998/138/536 999/139/537
f 998/138/536 997/137/535 1000/140/538
f 1001/145/539 1002/139/537 1003/138/540
f 1002/139/537 1001/145/539 1004/146/541
f 1005/152/542 1006/143/533 1007/142/532
f 1005/152/542 1007/142/532 1008/151/543
f 1009/150/544 1010/137/535 1011/149/545
f 1010/137/535 1009/150/544 1012/140/538
f 1013/145/546 1014/147/547 1015/148/548
f 1013/145/546 1015/148/548 1016/146/549
f 1017/144/550 1018/143/551 1019/169/552
f 1019/169/552 1020/170/553 1017/144/550
f 1021/167/554 1022/139/555 1023/168/556
f 1022/139/555 1021/167/554 1024/137/557
f 1025/146/549 1026/168/556 1027/139/558
f 1026/168/556 1025/146/549 1028/171/559
f 1029/179/560 1030/137/535 1031/167/554
f 1030/137/535 1029/179/560 1032/149/561
f 1033/152/542 1034/155/16 1035/156/8
f 1034/155/16 1033/152/542 1036/151/543
f 1037/153/423 1038/150/433 1039/149/562
f 1039/149/562 1040/154/422 1037/153/423
f 1041/148/548 1042/171/559 1043/146/563
f 1042/171/559 1041/148/548 1044/172/564
f 1045/385/565 1046/386/566 1047/387/567
f 1046/386/566 1045/385/565 1048/388/568
f 1049/389/569 1050/390/570 1051/391/571
f 1050/390/570 1049/389/569 1052/392/572
f 1053/179/573 1054/178/574 1055/154/575
f 1053/179/573 1055/154/575 1056/149/561
f 1057/177/576 1058/392/577 1059/389/569
f 1058/392/577 1057/177/576 1060/156/8
f 1061/173/578 1060/156/8 1057/177/576
f 1060/156/8 1061/173/578 1062/152/579
f 1063/169/552 1064/152/580 1061/173/581
f 1064/152/580 1063/169/552 1065/143/551
f 1066/388/582 1067/393/583 1068/386/584
f 1067/393/583 1066/388/582 1069/394/585
f 1070/391/586 1071/395/587 1072/396/588
f 1071/395/587 1070/391/586 1073/390/589
f 1074/178/574 1075/387/567 1076/154/575
f 1075/387/567 1074/178/574 1077/385/565
f 1078/179/560 1079/168/556 1080/178/574
f 1079/168/556 1078/179/560 1081/167/554
f 1082/171/559 1080/178/574 1079/168/556
f 1082/171/559 1057/177/576 1080/178/574
f 1057/177/576 1083/385/590 1080/178/574
f 1083/385/590 1057/177/576 1084/389/591
f 1057/177/576 1082/171/559 1085/172/564
f 1086/385/590 1084/389/591 1087/391/592
f 1086/385/590 1087/391/592 1088/388/593
f 1088/388/593 1087/391/592 1089/396/594
f 1088/388/593 1089/396/594 1090/394/595
f 1057/177/576 1085/172/564 1091/173/581
f 1091/173/581 1085/172/564 1092/170/553
f 1091/173/581 1092/170/553 1093/169/552
f 1094/148/548 1095/170/553 1085/172/564
f 1094/148/548 1096/144/550 1095/170/553
f 1097/147/596 1098/144/597 1094/148/598
f 1097/147/596 1099/141/531 1098/144/597
f 1100/91/599 1101/99/600 1102/100/601
f 1101/99/600 1100/91/599 1103/90/602
f 1104/94/603 1105/98/124 1106/95/604
f 1105/98/124 1104/94/603 1107/97/605
f 1108/110/606 1109/397/607 1110/109/137
f 1111/398/608 1110/109/137 1109/397/607
f 1112/110/609 1113/94/603 1109/397/610
f 1113/94/603 1112/110/609 1114/97/611
f 1116/112/528 1115/399/612 1117/400/613
f 1116/112/528 1117/400/613 1118/111/614
f 1119/91/599 1120/111/615 1117/400/613
f 1120/111/615 1119/91/599 1121/100/616
f 1122/93/617 1123/95/618 1124/96/619
f 1123/95/618 1122/93/617 1125/94/620
f 1126/93/621 1127/397/622 1125/94/623
f 1127/397/622 1126/93/621 1128/401/624
f 1129/397/622 1128/401/625 1130/398/608
f 1131/402/626 1130/398/608 1128/401/625
f 1132/403/627 1133/401/625 1134/404/628
f 1135/89/629 1136/90/630 1137/91/631
f 1136/90/630 1135/89/629 1138/92/632
f 1139/400/633 1140/89/634 1137/91/635
f 1140/89/634 1139/400/633 1141/404/636
f 1140/89/634 1142/96/637 1143/92/638
f 1140/89/634 1144/93/617 1142/96/637
f 1145/404/636 1144/93/617 1140/89/634
f 1146/401/624 1144/93/617 1145/404/636
f 1147/399/612 1141/404/628 1148/400/639
f 1147/399/612 1149/403/627 1141/404/628
f 1150/403/640 1151/402/641 1146/401/625
f 1152/405/642 1153/406/643 1154/407/644
f 1152/405/642 1154/407/644 1155/408/645
f 1156/409/646 1157/405/647 1158/408/648
f 1156/409/646 1158/408/648 1159/410/649
f 1160/411/650 1161/412/651 1162/413/652
f 1161/412/651 1160/411/650 1163/414/653
f 1164/411/650 1165/409/646 1166/410/649
f 1164/411/650 1166/410/649 1167/414/654
f 1169/185/655 1168/180/656 1170/182/657
f 1172/415/658 1173/413/652 1171/416/659
f 1171/416/659 1174/417/660 1172/415/658
f 1175/413/661 1176/418/662 1171/416/663
f 1176/418/662 1175/413/661 1177/412/664
f 1179/191/665 1180/202/666 1178/203/667
f 1180/202/666 1179/191/665 1181/190/668
f 1183/186/669 1184/191/665 1182/184/670
f 1184/191/665 1183/186/669 1185/190/668
f 1187/201/671 1188/188/672 1186/200/673
f 1188/188/672 1187/201/671 1189/189/674
f 1192/189/674 1191/183/675 1190/188/672
f 1191/183/675 1192/189/674 1193/181/676
f 1194/419/677 1195/411/678 1196/420/679
f 1196/420/679 1195/411/678 1197/413/652
f 1197/413/652 1198/415/680 1196/420/679
f 1195/411/678 1194/419/677 1199/409/681
f 1200/421/682 1199/409/681 1194/419/677
f 1199/409/681 1200/421/682 1201/405/647
f 1202/422/683 1201/405/647 1200/421/682
f 1201/405/647 1202/422/683 1203/406/684
f 1204/423/51 1205/421/682 1206/424/685
f 1205/421/682 1204/423/51 1207/422/686
f 1208/185/655 1209/186/669 1210/184/670
f 1209/186/669 1208/185/655 1211/187/687
f 1212/180/656 1213/181/688 1214/182/657
f 1213/181/688 1212/180/656 1215/183/689
f 1216/185/655 1217/182/657 1218/187/687
f 1219/424/690 1220/419/691 1221/425/692
f 1220/419/691 1219/424/690 1222/421/682
f 1223/426/693 1224/427/694 1225/420/695
f 1223/426/693 1225/420/695 1226/415/680
f 1228/204/665 1229/205/666 1227/206/667
f 1229/205/666 1228/204/665 1230/207/668
f 1232/216/670 1233/207/668 1231/204/665
f 1233/207/668 1232/216/670 1234/217/669
f 1235/427/694 1236/425/692 1237/419/691
f 1235/427/694 1237/419/691 1238/420/695
f 1240/212/696 1239/206/667 1241/205/666
f 1241/205/666 1242/213/697 1240/212/696
f 1244/428/698 1245/415/658 1243/417/699
f 1244/428/698 1246/426/693 1245/415/658
f 1247/212/696 1248/429/700 1249/430/701
f 1250/200/673 1251/224/702 1252/201/671
f 1252/201/671 1251/224/702 1253/225/703
f 1255/226/704 1254/203/444 1256/202/705
f 1256/202/705 1257/227/706 1255/226/704
f 1259/236/656 1258/218/689 1260/219/676
f 1259/236/656 1260/219/676 1261/237/707
f 1263/214/708 1262/431/709 1264/432/710
f 1263/214/708 1264/432/710 1265/215/711
f 1266/429/502 1267/212/696 1268/213/712
f 1270/234/655 1269/236/166 1271/237/657
f 1270/234/655 1271/237/657 1272/235/687
f 1274/226/713 1275/257/714 1273/266/715
f 1276/227/706 1275/257/714 1274/226/713
f 1278/256/716 1279/224/708 1277/263/717
f 1279/224/708 1278/256/716 1280/225/703
f 1281/234/655 1282/217/669 1283/216/670
f 1282/217/669 1281/234/655 1284/235/687
f 1285/266/715 1286/261/718 1287/265/719
f 1286/261/718 1285/266/715 1288/257/714
f 1289/263/717 1290/260/720 1291/256/716
f 1290/260/720 1289/263/717 1292/264/721
f 1293/296/119 1294/297/522 1295/295/524
f 1294/297/522 1293/296/119 1296/294/402
f 1297/254/722 1298/237/707 1299/253/723
f 1298/237/707 1297/254/722 1300/235/724
f 1299/253/723 1301/433/725 1297/254/722
f 1302/248/726 1300/235/724 1297/254/722
f 1300/235/724 1302/248/726 1303/217/727
f 1297/254/722 1301/433/725 1304/247/728
f 1297/254/722 1304/247/728 1302/248/726
f 1301/433/725 1305/213/729 1304/247/728
f 1302/248/726 1306/207/730 1303/217/727
f 1307/246/731 1304/247/728 1305/213/729
f 1307/246/731 1302/248/726 1304/247/728
f 1307/246/731 1305/213/729 1308/205/732
f 1306/207/730 1302/248/726 1309/249/733
f 1302/248/726 1307/246/731 1309/249/733
f 1309/249/733 1308/205/732 1306/207/730
f 1308/205/732 1309/249/733 1307/246/731
f 1310/227/734 1311/258/735 1312/257/736
f 1313/262/737 1312/257/736 1311/258/735
f 1312/257/736 1313/262/737 1314/261/718
f 1311/258/735 1310/227/734 1315/252/728
f 1316/279/738 1314/261/718 1313/262/737
f 1316/279/738 1313/262/737 1317/272/739
f 1317/272/739 1318/281/740 1316/279/738
f 1318/281/740 1317/272/739 1319/271/741
f 1313/262/737 1319/271/741 1317/272/739
f 1319/271/741 1320/283/742 1318/281/740
f 1319/271/741 1313/262/737 1321/267/743
f 1320/283/742 1319/271/741 1321/267/743
f 1311/258/735 1321/267/743 1313/262/737
f 1321/267/743 1322/282/744 1320/283/742
f 1311/258/735 1323/222/745 1321/267/743
f 1323/222/745 1311/258/735 1315/252/728
f 1324/239/731 1315/252/728 1310/227/734
f 1324/239/731 1323/222/745 1315/252/728
f 1324/239/731 1310/227/734 1325/202/732
f 1326/190/730 1324/239/731 1325/202/732
f 1324/239/731 1326/190/730 1327/229/733
f 1328/186/669 1327/229/733 1326/190/730
f 1329/223/726 1324/239/731 1327/229/733
f 1327/229/733 1328/186/669 1329/223/726
f 1323/222/745 1324/239/731 1329/223/726
f 1330/187/724 1329/223/726 1328/186/669
f 1329/223/726 1330/187/724 1323/222/745
f 1330/187/724 1331/221/746 1323/222/745
f 1321/267/743 1323/222/745 1331/221/746
f 1331/221/746 1330/187/724 1332/182/707
f 1322/282/744 1321/267/743 1333/268/747
f 1331/221/746 1333/268/747 1321/267/743
f 1333/268/747 1334/269/748 1322/282/744
f 1334/269/748 1335/280/749 1322/282/744
f 1334/269/748 1336/278/750 1335/280/749
f 1336/278/750 1334/269/748 1337/270/751
f 1337/270/751 1338/260/720 1336/278/750
f 1334/269/748 1339/259/752 1337/270/751
f 1338/260/720 1337/270/751 1339/259/752
f 1333/268/747 1339/259/752 1334/269/748
f 1339/259/752 1340/256/753 1338/260/720
f 1339/259/752 1333/268/747 1341/255/754
f 1340/256/753 1339/259/752 1341/255/754
f 1341/255/754 1333/268/747 1331/221/746
f 1341/255/754 1342/225/755 1340/256/753
f 1331/221/746 1343/251/756 1341/255/754
f 1342/225/755 1341/255/754 1343/251/756
f 1344/220/757 1343/251/756 1331/221/746
f 1332/182/707 1344/220/757 1331/221/746
f 1344/220/757 1332/182/707 1345/181/676
f 1345/181/676 1346/228/758 1344/220/757
f 1346/228/758 1345/181/676 1347/189/759
f 1343/251/756 1344/220/757 1348/238/760
f 1348/238/760 1344/220/757 1346/228/758
f 1348/238/760 1342/225/755 1343/251/756
f 1347/189/759 1348/238/760 1346/228/758
f 1349/201/761 1342/225/755 1348/238/760
f 1348/238/760 1347/189/759 1349/201/761
f 1350/434/762 1351/435/763 1352/436/764
f 1352/436/764 1353/437/765 1354/438/766
f 1353/437/765 1352/436/764 1351/435/763
f 1351/435/763 1355/432/87 1353/437/765
f 1350/434/762 1352/436/764 1356/439/767
f 1356/439/767 1357/440/768 1350/434/762
f 1357/440/768 1356/439/767 1358/441/769
f 1359/429/770 1350/434/762 1357/440/768
f 1350/434/762 1359/429/770 1301/433/725
f 1301/433/725 1351/435/763 1350/434/762
f 1305/213/729 1301/433/725 1359/429/770
f 1355/432/87 1351/435/763 1360/442/771
f 1301/433/725 1360/442/771 1351/435/763
f 1360/442/771 1361/215/772 1355/432/87
f 1301/433/725 1299/253/723 1360/442/771
f 1361/215/772 1360/442/771 1362/231/756
f 1299/253/723 1362/231/756 1360/442/771
f 1363/245/760 1361/215/772 1362/231/756
f 1362/231/756 1299/253/723 1363/245/760
f 1361/215/772 1363/245/760 1364/210/671
f 1364/210/671 1365/214/702 1361/215/772
f 1365/214/702 1364/210/671 1366/209/773
f 1367/244/758 1364/210/671 1363/245/760
f 1364/210/671 1368/208/672 1369/209/673
f 1364/210/671 1370/211/774 1368/208/672
f 1364/210/671 1367/244/758 1370/211/774
f 1363/245/760 1371/250/757 1367/244/758
f 1371/250/757 1370/211/774 1367/244/758
f 1363/245/760 1299/253/723 1371/250/757
f 1370/211/774 1371/250/757 1372/219/676
f 1370/211/774 1372/219/676 1373/218/689
f 1373/218/689 1374/208/672 1370/211/774
f 1298/237/707 1372/219/676 1371/250/757
f 1298/237/707 1371/250/757 1299/253/723
f 1376/289/118 1375/287/119 1378/288/411
f 1378/288/411 1377/286/121 1376/289/118
f 1381/278/775 1380/264/721 1379/284/776
f 1380/264/721 1381/278/775 1382/260/720
f 1383/285/777 1384/281/778 1385/291/779
f 1384/281/778 1383/285/777 1386/279/780
f 1388/265/781 1389/279/780 1387/285/777
f 1389/279/780 1388/265/781 1390/261/718
f 1391/280/782 1392/278/775 1393/290/783
f 1393/290/783 1392/278/775 1394/284/776
f 1395/290/784 1396/292/785 1397/280/782
f 1398/282/786 1397/280/782 1396/292/785
f 1401/281/778 1400/293/787 1399/291/779
f 1400/293/787 1401/281/778 1402/283/788
f 1405/283/788 1404/292/789 1403/293/790
f 1404/292/789 1405/283/788 1406/282/786
