# Blender 5.1.2
# www.blender.org
mtllib FishBowl.mtl
o FishBowl
v -0.011101 -0.065232 -0.174355
v -0.037001 -0.064542 -0.159954
v -0.011101 -0.064552 -0.144852
v -0.026601 -0.064352 -0.176254
v -0.051501 -0.069842 -0.144554
v -0.049601 -0.072222 -0.134754
v 0.029299 -0.069842 -0.144554
v 0.014799 -0.064542 -0.159954
v 0.027499 -0.072222 -0.134754
v 0.042499 -0.073402 -0.138554
v 0.053599 -0.072872 -0.115253
v 0.042499 -0.063132 -0.140251
v 0.028099 -0.068852 -0.141151
v -0.011101 -0.064552 -0.144852
v 0.013199 -0.060722 -0.154251
v 0.025999 -0.044862 -0.160751
v 0.028099 -0.068852 -0.141151
v 0.002999 -0.053012 -0.168755
v 0.005799 -0.040542 -0.176254
v -0.011101 -0.053012 -0.167854
v -0.011101 -0.064552 -0.144852
v -0.035401 -0.060722 -0.154251
v -0.025201 -0.053012 -0.168755
v -0.011101 -0.053012 -0.167854
v 0.002999 -0.053012 -0.168755
v -0.011101 -0.037492 -0.179653
v -0.028001 -0.040542 -0.176254
v -0.025201 -0.053012 -0.168755
v -0.071901 -0.009652 -0.134254
v -0.072401 -0.020022 -0.135353
v -0.077701 -0.016912 -0.133854
v -0.072401 -0.020022 -0.135353
v -0.071901 -0.009652 -0.134254
v -0.066501 -0.017002 -0.136051
v -0.061601 -0.008422 -0.133854
v -0.071901 -0.009652 -0.134254
v -0.077701 -0.016912 -0.133854
v -0.079601 -0.008352 -0.130352
v -0.081701 -0.013832 -0.131252
v 0.049699 -0.009652 -0.134254
v 0.050199 -0.020022 -0.135353
v 0.044399 -0.017002 -0.136051
v 0.039499 -0.008422 -0.133854
v 0.038599 -0.013892 -0.135452
v 0.036999 -0.025432 -0.134651
v 0.032199 -0.017162 -0.134552
v 0.044399 -0.017002 -0.136051
v -0.059101 -0.025432 -0.134651
v -0.066501 -0.017002 -0.136051
v -0.060802 -0.013892 -0.135452
v -0.061601 -0.008422 -0.133854
v -0.060802 -0.013892 -0.135452
v -0.071501 -0.025592 -0.133854
v -0.066501 -0.017002 -0.136051
v -0.059101 -0.025432 -0.134651
v 0.055599 -0.016912 -0.133854
v 0.057399 -0.008352 -0.130352
v 0.059599 -0.013832 -0.131252
v 0.049699 -0.009652 -0.134254
v -0.054401 -0.017162 -0.134552
v -0.059101 -0.025432 -0.134651
v -0.060802 -0.013892 -0.135452
v -0.011101 -0.012702 -0.169353
v 0.012999 -0.011082 -0.156353
v 0.002999 -0.020052 -0.170353
v -0.011101 -0.037492 -0.179653
v 0.049299 -0.025592 -0.133854
v 0.044399 -0.017002 -0.136051
v 0.050199 -0.020022 -0.135353
v 0.060499 -0.025462 -0.124653
v 0.052299 -0.030892 -0.121155
v 0.055899 -0.029992 -0.124653
v 0.063099 -0.019982 -0.124653
v 0.061199 -0.009652 -0.124653
v 0.062299 -0.016912 -0.121155
v 0.062299 -0.016912 -0.128155
v 0.057399 -0.008352 -0.130352
v 0.059599 -0.013832 -0.131252
v 0.052299 -0.030892 -0.121155
v 0.052299 -0.030892 -0.128155
v 0.042299 -0.034732 -0.124653
v 0.052299 -0.030892 -0.128155
v 0.058099 -0.024162 -0.130653
v 0.055599 -0.016912 -0.133854
v 0.062299 -0.016912 -0.128155
v 0.059599 -0.013832 -0.131252
v 0.050199 -0.020022 -0.135353
v 0.055599 -0.016912 -0.133854
v 0.049299 -0.025592 -0.133854
v 0.050199 -0.020022 -0.135353
v 0.049699 -0.009652 -0.134254
v 0.047899 -0.030192 -0.131351
v 0.036999 -0.025432 -0.134651
v 0.040799 -0.032062 -0.130753
v 0.044399 -0.017002 -0.136051
v 0.036999 -0.025432 -0.134651
v 0.044399 -0.017002 -0.136051
v 0.039499 -0.008422 -0.133854
v 0.028299 -0.010392 -0.130852
v 0.038599 -0.013892 -0.135452
v 0.032199 -0.017162 -0.134552
v 0.049699 -0.009652 -0.134254
v 0.040999 -0.003892 -0.131252
v 0.047599 -0.003062 -0.130352
v 0.053799 -0.003862 -0.128754
v 0.057399 -0.008352 -0.130352
v 0.044599 -0.000692 -0.124653
v 0.040999 -0.003892 -0.131252
v 0.054399 -0.003062 -0.124653
v 0.061199 -0.009652 -0.124653
v 0.053799 -0.003862 -0.128754
v 0.053799 -0.003862 -0.120651
v 0.057399 -0.008352 -0.119053
v 0.047599 -0.003062 -0.119053
v 0.049699 -0.009652 -0.115051
v 0.053799 -0.003862 -0.120651
v 0.032799 -0.003812 -0.124653
v 0.036399 -0.003112 -0.121155
v 0.044599 -0.000692 -0.124653
v 0.040999 -0.003892 -0.118053
v 0.028299 -0.010392 -0.118553
v 0.036399 -0.003112 -0.121155
v 0.026899 -0.007952 -0.124653
v 0.025999 -0.044862 -0.160751
v 0.042499 -0.063132 -0.140251
v 0.028099 -0.068852 -0.141151
v -0.035201 -0.011082 -0.156353
v -0.063601 -0.025972 -0.143253
v -0.049401 -0.005232 -0.143654
v -0.071501 -0.025592 -0.133854
v -0.059101 -0.025432 -0.134651
v -0.070101 -0.030192 -0.131351
v -0.048201 -0.044862 -0.160751
v -0.025201 -0.020052 -0.170353
v -0.028001 -0.040542 -0.176254
v -0.011101 -0.042312 0.283646
v 0.002099 -0.060182 0.264648
v -0.002401 -0.018742 0.278046
v -0.011101 -0.018802 0.286346
v 0.012399 -0.019042 0.242847
v 0.002099 0.023468 0.264545
v -0.045601 0.015988 -0.125454
v -0.011101 0.018358 -0.138554
v -0.049401 -0.005232 -0.143654
v -0.068201 -0.006502 -0.119854
v -0.049401 -0.005232 -0.143654
v 0.012999 -0.011082 -0.156353
v 0.027199 -0.005232 -0.143654
v 0.041399 -0.025972 -0.143253
v 0.012999 -0.011082 -0.156353
v -0.054401 -0.017162 -0.134552
v -0.060802 -0.013892 -0.135452
v -0.050501 -0.010392 -0.130852
v -0.061601 -0.008422 -0.133854
v -0.050501 -0.010392 -0.130852
v -0.060802 -0.013892 -0.135452
v -0.025201 -0.020052 -0.170353
v -0.048201 -0.044862 -0.160751
v -0.035201 -0.011082 -0.156353
v -0.011101 -0.064552 -0.144852
v -0.050301 -0.068852 -0.141151
v -0.035401 -0.060722 -0.154251
v -0.049601 -0.072222 -0.134754
v -0.048201 -0.044862 -0.160751
v -0.025201 -0.053012 -0.168755
v -0.028001 -0.040542 -0.176254
v -0.035401 -0.060722 -0.154251
v -0.011101 -0.053012 -0.167854
v -0.064501 -0.034732 -0.124653
v -0.074501 -0.030892 -0.128155
v -0.070101 -0.030192 -0.131351
v -0.070101 -0.030192 -0.131351
v -0.080201 -0.024162 -0.130653
v -0.072401 -0.020022 -0.135353
v -0.077701 -0.016912 -0.133854
v -0.074501 -0.030892 -0.128155
v -0.082601 -0.025462 -0.124653
v -0.080201 -0.024162 -0.130653
v -0.078101 -0.029992 -0.124653
v -0.085301 -0.019982 -0.124653
v -0.084501 -0.016912 -0.128155
v -0.077701 -0.016912 -0.133854
v -0.081701 -0.013832 -0.131252
v -0.085301 -0.019982 -0.124653
v -0.083401 -0.009652 -0.124653
v -0.084501 -0.016912 -0.121155
v -0.079601 -0.008352 -0.119053
v -0.081701 -0.013832 -0.118053
v -0.072401 -0.020022 -0.135353
v -0.071501 -0.025592 -0.133854
v -0.070101 -0.030192 -0.131351
v -0.066501 -0.017002 -0.136051
v -0.072401 -0.020022 -0.135353
v -0.078801 -0.038472 -0.114452
v -0.063601 -0.025972 -0.143253
v -0.072801 -0.045782 -0.135551
v -0.048201 -0.044862 -0.160751
v -0.072801 -0.045782 -0.135551
v 0.051799 0.001948 0.024948
v 0.057699 -0.030072 0.058346
v 0.059899 -0.029232 0.024647
v 0.049999 -0.006562 0.094448
v 0.046899 -0.038342 0.114647
v 0.053699 -0.032922 0.088749
v 0.044299 -0.014622 0.122246
v 0.037699 0.019568 0.099846
v 0.032899 -0.049532 0.141247
v 0.032699 -0.022872 0.164047
v 0.037299 -0.021682 0.145947
v 0.034199 0.008808 0.129848
v 0.037299 -0.021682 0.145947
v 0.015999 0.040338 0.105247
v 0.029599 -0.001832 0.153545
v 0.014499 0.026408 0.139748
v -0.011101 0.048888 0.107746
v 0.013599 0.012038 0.165348
v 0.026899 -0.010632 0.173347
v 0.016899 0.000968 0.179447
v 0.032699 -0.022872 0.164047
v 0.037299 -0.021682 0.145947
v 0.026899 -0.010632 0.173347
v 0.028599 -0.034582 0.170147
v 0.021699 -0.021062 0.192348
v 0.018499 -0.044652 0.175446
v 0.011099 -0.042002 0.191647
v -0.011101 -0.056682 0.180546
v 0.012799 -0.056312 0.163647
v 0.028599 -0.034582 0.170147
v 0.032899 -0.049532 0.141247
v -0.011101 -0.070782 0.155247
v 0.005399 -0.067762 0.152649
v 0.032899 -0.049532 0.141247
v -0.011101 -0.080562 0.133747
v -0.027501 -0.067762 0.152649
v 0.035299 -0.067252 0.109047
v 0.046899 -0.038342 0.114647
v 0.036999 -0.076372 0.080246
v 0.046099 -0.054392 0.104046
v 0.049899 -0.055902 0.082848
v 0.011099 -0.042002 0.191647
v -0.011101 -0.051592 0.208546
v 0.007399 -0.041782 0.212246
v 0.021699 -0.021062 0.192348
v 0.016099 -0.019942 0.216148
v -0.011101 -0.063932 0.228748
v 0.004599 -0.054302 0.233047
v 0.012399 -0.019042 0.242847
v 0.002099 -0.060182 0.264648
v -0.002101 -0.084792 0.251549
v -0.011101 -0.082312 0.273148
v -0.011101 -0.101782 0.259846
v -0.011101 -0.100722 0.253548
v -0.011101 -0.089832 0.245647
v -0.020101 -0.084792 0.251549
v -0.011101 -0.100722 0.253548
v -0.011101 -0.082312 0.273148
v -0.024301 -0.060182 0.264648
v -0.026801 -0.054302 0.233047
v -0.029601 -0.041782 0.212246
v -0.038201 -0.019942 0.216148
v -0.043901 -0.021062 0.192348
v -0.033301 -0.042002 0.191647
v 0.002099 -0.060182 0.264648
v -0.011101 -0.042312 0.283646
v 0.012399 -0.019042 0.242847
v -0.002401 -0.018742 0.278046
v -0.011101 -0.018802 0.286346
v -0.011101 0.004718 0.283646
v 0.002099 0.023468 0.264545
v -0.011101 0.046188 0.273048
v -0.002101 0.048648 0.251549
v -0.024301 0.023468 0.264545
v -0.019801 -0.018742 0.278046
v -0.034601 -0.019042 0.242847
v -0.026801 0.016058 0.233948
v -0.024301 -0.060182 0.264648
v -0.011101 -0.042312 0.283646
v -0.011101 -0.018802 0.286346
v -0.029501 0.001868 0.214348
v -0.038201 -0.019942 0.216148
v -0.011101 0.025688 0.230045
v -0.032701 0.000418 0.194847
v -0.020101 0.048648 0.251549
v -0.043901 -0.021062 0.192348
v -0.011101 0.011628 0.211548
v -0.011101 0.015448 0.183548
v -0.011101 0.065308 0.253448
v -0.011101 0.053698 0.245846
v -0.011101 0.066598 0.259647
v -0.011101 0.065308 0.253448
v -0.011101 0.053698 0.245846
v 0.004599 0.016058 0.233948
v 0.021699 -0.021062 0.192348
v 0.026899 -0.010632 0.173347
v 0.016899 0.000968 0.179447
v -0.062901 -0.032062 -0.130753
v -0.064501 -0.034732 -0.124653
v -0.070101 -0.030192 -0.131351
v -0.070101 -0.030192 -0.131351
v -0.059101 -0.025432 -0.134651
v 0.046899 -0.038342 0.114647
v 0.035299 -0.067252 0.109047
v 0.046099 -0.054392 0.104046
v -0.084501 -0.016912 -0.128155
v -0.079601 -0.008352 -0.130352
v -0.081701 -0.013832 -0.131252
v -0.083401 -0.009652 -0.124653
v -0.072801 -0.045782 -0.135551
v -0.075701 -0.072872 -0.115253
v -0.078801 -0.038472 -0.114452
v -0.064701 -0.063132 -0.140251
v -0.072801 -0.045782 -0.135551
v -0.048201 -0.044862 -0.160751
v -0.035001 -0.056312 0.163647
v -0.055001 -0.049532 0.141247
v -0.027501 -0.067762 0.152649
v -0.033701 -0.072972 0.135048
v -0.050801 -0.034582 0.170147
v -0.011101 -0.070782 0.155247
v -0.011101 -0.056682 0.180546
v -0.040701 -0.044652 0.175446
v -0.011101 -0.056682 0.180546
v -0.033301 -0.042002 0.191647
v 0.036399 -0.003112 -0.128155
v 0.039499 -0.008422 -0.133854
v 0.028299 -0.010392 -0.130852
v -0.035801 0.012038 0.165348
v -0.049001 -0.010632 0.173347
v -0.039101 0.000968 0.179447
v -0.011101 0.015448 0.183548
v -0.011101 0.033268 0.145847
v -0.051801 -0.001832 0.153545
v -0.036601 0.026408 0.139748
v -0.011101 0.048888 0.107746
v -0.038101 0.040338 0.105247
v -0.056301 0.008808 0.129848
v -0.059901 0.019568 0.099846
v 0.032899 -0.049532 0.141247
v 0.005399 -0.067762 0.152649
v 0.011499 -0.072972 0.135048
v 0.035299 -0.067252 0.109047
v -0.076001 -0.003862 -0.120651
v -0.071901 -0.009652 -0.115051
v -0.069801 -0.003062 -0.119053
v -0.083401 -0.009652 -0.124653
v -0.079601 -0.008352 -0.119053
v -0.076001 -0.003862 -0.128754
v -0.076601 -0.003062 -0.124653
v -0.071901 -0.009652 -0.134254
v -0.079601 -0.008352 -0.130352
v -0.063201 -0.003892 -0.131252
v -0.061601 -0.008422 -0.133854
v -0.058601 -0.003112 -0.128155
v -0.050501 -0.010392 -0.130852
v -0.063201 -0.003892 -0.131252
v -0.033701 -0.072972 0.135048
v -0.011101 -0.080562 0.133747
v -0.027501 -0.067762 0.152649
v 0.052299 -0.030892 -0.128155
v 0.060499 -0.025462 -0.124653
v 0.055899 -0.029992 -0.124653
v 0.058099 -0.024162 -0.130653
v 0.063099 -0.019982 -0.124653
v 0.062299 -0.016912 -0.128155
v 0.047899 -0.030192 -0.131351
v 0.052299 -0.030892 -0.128155
v 0.042299 -0.034732 -0.124653
v 0.047899 -0.030192 -0.131351
v 0.040799 -0.032062 -0.130753
v -0.059402 -0.081332 -0.120453
v -0.064601 -0.073402 -0.138554
v -0.049201 -0.070572 -0.161652
v 0.039499 -0.008422 -0.133854
v 0.036399 -0.003112 -0.128155
v 0.040999 -0.003892 -0.131252
v -0.069201 -0.078422 -0.118855
v -0.075601 -0.080122 -0.091652
v -0.075701 -0.072872 -0.115253
v -0.011101 -0.116212 0.002247
v 0.016599 -0.109292 -0.037651
v 0.016099 -0.106572 0.006046
v 0.040199 -0.086742 -0.024254
v 0.042999 -0.086122 -0.069054
v -0.011101 -0.119392 -0.046154
v 0.018799 -0.105792 -0.084053
v -0.011101 -0.114222 -0.114655
v -0.035101 -0.092582 -0.147755
v -0.011101 -0.093092 -0.167854
v -0.026301 -0.086722 -0.171051
v 0.037299 -0.081332 -0.120453
v 0.053399 -0.080122 -0.091652
v 0.046999 -0.078422 -0.118855
v 0.023499 -0.093962 -0.119553
v -0.011101 -0.114222 -0.114655
v 0.012999 -0.092582 -0.147755
v -0.045601 -0.093962 -0.119553
v -0.035101 -0.092582 -0.147755
v -0.059402 -0.081332 -0.120453
v -0.049201 -0.070572 -0.161652
v -0.045601 -0.093962 -0.119553
v 0.037299 -0.081332 -0.120453
v 0.026999 -0.070572 -0.161652
v 0.026999 -0.070572 -0.161652
v 0.042499 -0.073402 -0.138554
v 0.046999 -0.078422 -0.118855
v 0.053599 -0.072872 -0.115253
v 0.046999 -0.078422 -0.118855
v 0.053399 -0.080122 -0.091652
v -0.011101 -0.093092 -0.167854
v -0.011101 -0.114222 -0.114655
v 0.004199 -0.086722 -0.171051
v -0.011101 -0.073872 -0.185951
v 0.007399 -0.071072 -0.182854
v -0.029601 -0.071072 -0.182854
v -0.026301 -0.086722 -0.171051
v -0.049201 -0.070572 -0.161652
v -0.035101 -0.092582 -0.147755
v 0.014699 0.051068 0.061749
v 0.012699 0.056628 0.015347
v -0.011101 0.060768 0.061047
v 0.015999 0.040338 0.105247
v -0.036801 0.048378 -0.065254
v -0.011101 0.065798 -0.031853
v -0.011101 0.058068 -0.069351
v -0.011101 0.060768 0.061047
v -0.038101 0.040338 0.105247
v -0.011101 0.048888 0.107746
v -0.034901 0.056628 0.015347
v -0.011101 0.066858 0.011948
v -0.034701 0.055668 -0.027454
v 0.012499 0.055668 -0.027454
v -0.011101 0.065798 -0.031853
v 0.014699 0.048378 -0.065254
v -0.011101 0.033268 0.145847
v 0.014499 0.026408 0.139748
v 0.013599 0.012038 0.165348
v -0.011101 0.015448 0.183548
v -0.049001 -0.010632 0.173347
v -0.051801 -0.001832 0.153545
v -0.054901 -0.022872 0.164047
v -0.050801 -0.034582 0.170147
v -0.059402 -0.021682 0.145947
v -0.069101 -0.038342 0.114647
v -0.057401 -0.067252 0.109047
v -0.055001 -0.049532 0.141247
v -0.055001 -0.049532 0.141247
v -0.066501 -0.014622 0.122246
v -0.054901 -0.022872 0.164047
v -0.059402 -0.021682 0.145947
v -0.041001 -0.105792 -0.084053
v -0.045601 -0.093962 -0.119553
v -0.011101 -0.114222 -0.114655
v -0.059402 -0.081332 -0.120453
v -0.045601 -0.093962 -0.119553
v -0.011101 -0.119392 -0.046154
v -0.041001 -0.105792 -0.084053
v -0.038701 -0.109292 -0.037651
v -0.011101 -0.116212 0.002247
v 0.023399 0.015988 -0.125454
v 0.042799 0.011018 -0.090752
v 0.045999 -0.006502 -0.119854
v -0.059402 -0.081332 -0.120453
v -0.041001 -0.105792 -0.084053
v -0.065101 -0.086122 -0.069054
v -0.036901 0.051068 0.061749
v -0.034901 0.056628 0.015347
v -0.056701 0.032178 0.021446
v -0.011101 0.060768 0.061047
v -0.038101 0.040338 0.105247
v -0.059001 0.027888 0.062546
v 0.007399 -0.071072 -0.182854
v 0.026999 -0.070572 -0.161652
v 0.004199 -0.086722 -0.171051
v 0.012999 -0.092582 -0.147755
v 0.037299 -0.081332 -0.120453
v 0.023499 -0.093962 -0.119553
v 0.018799 -0.105792 -0.084053
v 0.023499 -0.093962 -0.119553
v 0.042999 -0.086122 -0.069054
v 0.042999 -0.086122 -0.069054
v 0.016599 -0.109292 -0.037651
v 0.040199 -0.086742 -0.024254
v 0.056999 -0.064642 -0.047153
v 0.055999 -0.060332 -0.014153
v 0.056999 -0.064642 -0.047153
v 0.061099 -0.053662 -0.077454
v 0.060999 -0.038612 -0.045052
v 0.056699 -0.038472 -0.114452
v 0.053599 -0.072872 -0.115253
v 0.050599 -0.045782 -0.135551
v 0.053599 -0.072872 -0.115253
v 0.042499 -0.063132 -0.140251
v -0.011101 -0.051592 0.208546
v -0.033301 -0.042002 0.191647
v -0.011101 -0.056682 0.180546
v -0.029601 -0.041782 0.212246
v -0.011101 -0.063932 0.228748
v -0.011101 -0.089832 0.245647
v -0.002101 -0.084792 0.251549
v 0.002099 -0.060182 0.264648
v -0.011101 -0.082312 0.273148
v -0.011101 -0.042312 0.283646
v -0.024301 -0.060182 0.264648
v -0.019801 -0.018742 0.278046
v -0.034601 -0.019042 0.242847
v -0.011101 -0.018802 0.286346
v -0.011101 0.004718 0.283646
v -0.024301 0.023468 0.264545
v -0.011101 0.046188 0.273048
v -0.011101 0.046188 0.273048
v -0.020101 0.048648 0.251549
v -0.026801 0.016058 0.233948
v -0.011101 0.025688 0.230045
v -0.011101 0.053698 0.245846
v -0.011101 0.011628 0.211548
v -0.029501 0.001868 0.214348
v -0.032701 0.000418 0.194847
v -0.066801 -0.000692 -0.124653
v -0.063201 -0.003892 -0.131252
v -0.069801 -0.003062 -0.130352
v -0.039101 0.000968 0.179447
v -0.043901 -0.021062 0.192348
v -0.035801 0.012038 0.165348
v -0.050801 -0.034582 0.170147
v -0.043901 -0.021062 0.192348
v 0.013599 0.012038 0.165348
v 0.016899 0.000968 0.179447
v 0.010499 0.000418 0.194847
v 0.021699 -0.021062 0.192348
v 0.010499 0.000418 0.194847
v 0.016099 -0.019942 0.216148
v 0.007399 0.001868 0.214348
v -0.011101 0.011628 0.211548
v -0.011101 0.025688 0.230045
v -0.092701 -0.011102 -0.013252
v -0.092201 -0.050782 -0.015553
v -0.098901 -0.014342 0.014748
v -0.086301 -0.022792 -0.041653
v -0.082401 -0.040452 -0.059155
v -0.102501 -0.038842 0.030949
v -0.097801 -0.085692 0.009846
v -0.102301 -0.068422 0.030148
v -0.091301 -0.088452 -0.019451
v -0.097801 -0.085692 0.009846
v -0.085401 -0.077832 -0.045952
v -0.082401 -0.040452 -0.059155
v -0.081901 -0.059902 -0.061253
v -0.092201 -0.050782 -0.015553
v 0.070499 -0.011102 -0.013252
v 0.076699 -0.014342 0.014748
v 0.069999 -0.050782 -0.015553
v 0.064198 -0.022792 -0.041653
v 0.060299 -0.040452 -0.059155
v 0.080399 -0.038842 0.030949
v 0.075599 -0.085692 0.009846
v 0.080199 -0.068422 0.030148
v 0.063199 -0.077832 -0.045952
v 0.060299 -0.040452 -0.059155
v 0.059799 -0.059902 -0.061253
v 0.069999 -0.050782 -0.015553
v 0.069099 -0.088452 -0.019451
v 0.075599 -0.085692 0.009846
v 0.016099 -0.106572 0.006046
v 0.040199 -0.086742 -0.024254
v 0.039499 -0.084412 0.013649
v 0.032899 -0.049532 0.141247
v 0.032699 -0.022872 0.164047
v 0.028599 -0.034582 0.170147
v 0.044299 -0.014622 0.122246
v 0.037299 -0.021682 0.145947
v 0.061199 -0.009652 -0.124653
v 0.063099 -0.019982 -0.124653
v 0.062299 -0.016912 -0.128155
v 0.056999 -0.064642 -0.047153
v 0.042999 -0.086122 -0.069054
v 0.058699 -0.069752 -0.070953
v 0.053399 -0.080122 -0.091652
v 0.061099 -0.053662 -0.077454
v 0.058699 -0.069752 -0.070953
v 0.053599 -0.072872 -0.115253
v -0.063201 -0.003892 -0.131252
v -0.066801 -0.000692 -0.124653
v -0.058601 -0.003112 -0.128155
v -0.059402 -0.021682 0.145947
v -0.066501 -0.014622 0.122246
v -0.059901 0.019568 0.099846
v -0.055001 -0.049532 0.141247
v -0.072201 -0.006562 0.094448
v -0.069101 -0.038342 0.114647
v -0.057401 -0.067252 0.109047
v -0.068301 -0.054392 0.104046
v -0.075901 -0.032922 0.088749
v -0.054901 -0.022872 0.164047
v -0.074101 -0.000732 0.061447
v -0.079901 -0.030072 0.058346
v -0.059001 0.027888 0.062546
v -0.059901 0.019568 0.099846
v -0.073901 0.001948 0.024948
v -0.082101 -0.029232 0.024647
v -0.057401 -0.067252 0.109047
v -0.033701 -0.072972 0.135048
v -0.036601 -0.084012 0.108646
v -0.011101 -0.080562 0.133747
v -0.059201 -0.076372 0.080246
v -0.011101 -0.092112 0.107647
v -0.057401 -0.067252 0.109047
v -0.068301 -0.054392 0.104046
v -0.072101 -0.055902 0.082848
v -0.037601 -0.094902 0.078148
v -0.011101 -0.103372 0.077045
v 0.014399 -0.084012 0.108646
v 0.011499 -0.072972 0.135048
v 0.035299 -0.067252 0.109047
v 0.005399 -0.067762 0.152649
v -0.011101 -0.080562 0.133747
v -0.011101 -0.070782 0.155247
v 0.015399 -0.094902 0.078148
v -0.011101 -0.103372 0.077045
v 0.015899 -0.102052 0.044346
v -0.011101 -0.111122 0.042545
v 0.038499 -0.081332 0.048546
v 0.039499 -0.084412 0.013649
v 0.053099 -0.056992 0.053547
v 0.049899 -0.055902 0.082848
v 0.055199 -0.058152 0.020546
v 0.039499 -0.084412 0.013649
v 0.057699 -0.030072 0.058346
v 0.053699 -0.032922 0.088749
v 0.046099 -0.054392 0.104046
v 0.059899 -0.029232 0.024647
v -0.056501 0.031198 -0.019054
v -0.034701 0.055668 -0.027454
v -0.059501 0.024188 -0.056953
v -0.036801 0.048378 -0.065254
v -0.011101 0.065798 -0.031853
v -0.011101 0.066858 0.011948
v -0.011101 0.060768 0.061047
v 0.012699 0.056628 0.015347
v 0.012499 0.055668 -0.027454
v 0.015999 0.040338 0.105247
v -0.011101 0.048888 0.107746
v 0.034399 0.031198 -0.019054
v 0.037299 0.024188 -0.056953
v 0.014699 0.048378 -0.065254
v 0.034499 0.032178 0.021446
v -0.011101 0.065798 -0.031853
v -0.011101 0.058068 -0.069351
v 0.014699 0.051068 0.061749
v 0.036899 0.027888 0.062546
v 0.037699 0.019568 0.099846
v 0.036899 0.027888 0.062546
v 0.049999 -0.006562 0.094448
v 0.037699 0.019568 0.099846
v 0.051899 -0.000732 0.061447
v -0.078201 -0.060332 -0.014153
v -0.083201 -0.038612 -0.045052
v -0.079201 -0.064642 -0.047153
v -0.079201 -0.064642 -0.047153
v -0.080901 -0.069752 -0.070953
v -0.065101 -0.086122 -0.069054
v -0.083401 -0.009652 -0.124653
v -0.085301 -0.019982 -0.124653
v -0.084501 -0.016912 -0.121155
v -0.011101 0.015448 0.183548
v -0.011101 0.011628 0.211548
v 0.010499 0.000418 0.194847
v -0.026601 -0.064352 -0.176254
v -0.011101 -0.065232 -0.174355
v -0.011101 -0.073872 -0.185951
v 0.004399 -0.064352 -0.176254
v 0.007399 -0.071072 -0.182854
v 0.014799 -0.064542 -0.159954
v -0.011101 -0.064552 -0.144852
v 0.004399 -0.064352 -0.176254
v -0.029601 -0.071072 -0.182854
v -0.049201 -0.070572 -0.161652
v -0.051501 -0.069842 -0.144554
v -0.064601 -0.073402 -0.138554
v -0.075701 -0.072872 -0.115253
v -0.064701 -0.063132 -0.140251
v -0.050301 -0.068852 -0.141151
v -0.048201 -0.044862 -0.160751
v -0.050301 -0.068852 -0.141151
v 0.004599 -0.054302 0.233047
v 0.016099 -0.019942 0.216148
v 0.012399 -0.019042 0.242847
v 0.044599 -0.000692 -0.124653
v 0.053799 -0.003862 -0.120651
v 0.054399 -0.003062 -0.124653
v 0.047599 -0.003062 -0.130352
v 0.053799 -0.003862 -0.128754
v 0.040999 -0.003892 -0.131252
v 0.036399 -0.003112 -0.128155
v 0.032799 -0.003812 -0.124653
v 0.032799 -0.003812 -0.124653
v 0.028299 -0.010392 -0.130852
v 0.026899 -0.007952 -0.124653
v 0.036399 -0.003112 -0.128155
v -0.038201 -0.019942 0.216148
v -0.026801 -0.054302 0.233047
v -0.034601 -0.019042 0.242847
v -0.024301 -0.060182 0.264648
v -0.011101 -0.073872 -0.185951
v -0.029601 -0.071072 -0.182854
v -0.026601 -0.064352 -0.176254
v 0.004399 -0.064352 -0.176254
v -0.011101 -0.065232 -0.174355
v 0.026999 -0.070572 -0.161652
v 0.007399 -0.071072 -0.182854
v 0.014799 -0.064542 -0.159954
v 0.029299 -0.069842 -0.144554
v 0.042499 -0.073402 -0.138554
v 0.060599 -0.031172 -0.010551
v 0.055999 -0.060332 -0.014153
v 0.040199 -0.086742 -0.024254
v 0.060999 -0.038612 -0.045052
v 0.056999 -0.064642 -0.047153
v 0.059899 -0.029232 0.024647
v 0.051999 0.000528 -0.012653
v 0.034499 0.032178 0.021446
v 0.060999 -0.038612 -0.045052
v 0.034399 0.031198 -0.019054
v 0.053799 -0.007192 -0.049454
v 0.037299 0.024188 -0.056953
v 0.056899 -0.022242 -0.083855
v 0.061099 -0.053662 -0.077454
v 0.042799 0.011018 -0.090752
v 0.045999 -0.006502 -0.119854
v 0.056699 -0.038472 -0.114452
v 0.056999 -0.064642 -0.047153
v 0.058699 -0.069752 -0.070953
v 0.041399 -0.025972 -0.143253
v 0.050599 -0.045782 -0.135551
v 0.045999 -0.006502 -0.119854
v 0.027199 -0.005232 -0.143654
v 0.041399 -0.025972 -0.143253
v 0.023399 0.015988 -0.125454
v 0.012999 -0.011082 -0.156353
v 0.025999 -0.044862 -0.160751
v 0.050599 -0.045782 -0.135551
v 0.042499 -0.063132 -0.140251
v -0.011101 0.044128 -0.101852
v -0.011101 0.018358 -0.138554
v 0.018899 0.035208 -0.097855
v -0.011101 0.058068 -0.069351
v 0.042799 0.011018 -0.090752
v 0.014699 0.048378 -0.065254
v 0.012999 -0.011082 -0.156353
v -0.011101 -0.012702 -0.169353
v -0.035201 -0.011082 -0.156353
v -0.025201 -0.020052 -0.170353
v -0.063601 -0.025972 -0.143253
v -0.048201 -0.044862 -0.160751
v -0.011101 0.018358 -0.138554
v 0.023399 0.015988 -0.125454
v 0.027199 -0.005232 -0.143654
v -0.049401 -0.005232 -0.143654
v -0.035201 -0.011082 -0.156353
v -0.025201 -0.020052 -0.170353
v -0.011101 -0.037492 -0.179653
v -0.028001 -0.040542 -0.176254
v 0.002999 -0.020052 -0.170353
v 0.005799 -0.040542 -0.176254
v 0.012999 -0.011082 -0.156353
v 0.025999 -0.044862 -0.160751
v 0.005799 -0.040542 -0.176254
v -0.011101 0.044128 -0.101852
v -0.045601 0.015988 -0.125454
v -0.041001 0.035208 -0.097855
v -0.011101 0.058068 -0.069351
v -0.036801 0.048378 -0.065254
v -0.065001 0.011018 -0.090752
v -0.059501 0.024188 -0.056953
v -0.068201 -0.006502 -0.119854
v -0.079001 -0.022242 -0.083855
v -0.065001 0.011018 -0.090752
v -0.059501 0.024188 -0.056953
v -0.078801 -0.038472 -0.114452
v -0.076001 -0.007192 -0.049454
v -0.056501 0.031198 -0.019054
v -0.063601 -0.025972 -0.143253
v -0.068201 -0.006502 -0.119854
v -0.049401 -0.005232 -0.143654
v -0.068201 -0.006502 -0.119854
v -0.083301 -0.053662 -0.077454
v -0.075701 -0.072872 -0.115253
v -0.075601 -0.080122 -0.091652
v -0.083301 -0.053662 -0.077454
v -0.080901 -0.069752 -0.070953
v -0.079201 -0.064642 -0.047153
v -0.083201 -0.038612 -0.045052
v -0.074201 0.000528 -0.012653
v -0.073901 0.001948 0.024948
v -0.082801 -0.031172 -0.010551
v -0.077301 -0.058152 0.020546
v -0.083201 -0.038612 -0.045052
v -0.078201 -0.060332 -0.014153
v -0.075301 -0.056992 0.053547
v -0.079901 -0.030072 0.058346
v -0.075901 -0.032922 0.088749
v -0.069101 -0.038342 0.114647
v -0.068301 -0.054392 0.104046
v -0.072101 -0.055902 0.082848
v -0.060701 -0.081332 0.048546
v -0.061701 -0.084412 0.013649
v -0.038001 -0.102052 0.044346
v -0.011101 -0.111122 0.042545
v -0.038301 -0.106572 0.006046
v -0.062401 -0.086742 -0.024254
v -0.079201 -0.064642 -0.047153
v -0.065101 -0.086122 -0.069054
v -0.062401 -0.086742 -0.024254
v -0.038301 -0.106572 0.006046
v -0.038701 -0.109292 -0.037651
v -0.041001 -0.105792 -0.084053
v -0.075601 -0.080122 -0.091652
v -0.080901 -0.069752 -0.070953
v -0.059402 -0.081332 -0.120453
v -0.069201 -0.078422 -0.118855
v -0.064601 -0.073402 -0.138554
v -0.075701 -0.072872 -0.115253
v -0.059402 -0.081332 -0.120453
v -0.069201 -0.078422 -0.118855
v 0.062299 -0.016912 -0.121155
v 0.057399 -0.008352 -0.119053
v 0.059599 -0.013832 -0.118053
v 0.061199 -0.009652 -0.124653
v 0.058099 -0.024162 -0.118752
v 0.063099 -0.019982 -0.124653
v -0.011301 0.100148 0.133347
v -0.011301 0.125198 0.106247
v -0.011301 0.116358 0.126247
v -0.011301 0.081728 0.081947
v -0.011301 0.116718 0.073746
v -0.011301 0.080548 0.126846
v -0.011301 0.060168 0.105247
v -0.011301 0.084588 0.033447
v -0.011301 0.038518 0.031448
v -0.011301 0.050968 0.011646
v -0.011301 0.044028 0.071148
v -0.011301 0.081728 0.081947
v -0.011301 -0.132652 0.139149
v -0.011301 -0.094582 0.142746
v -0.011301 -0.113802 0.148449
v -0.011301 -0.106682 0.114845
v -0.011301 -0.081822 0.122147
v -0.011301 -0.137632 0.116848
v -0.011301 -0.080702 0.090546
v -0.011301 -0.118772 0.086948
v -0.011301 -0.093462 0.071945
v -0.010901 0.125198 0.106247
v -0.010901 0.100148 0.133347
v -0.010901 0.116358 0.126247
v -0.010901 0.081728 0.081947
v -0.010901 0.116718 0.073746
v -0.010901 0.084588 0.033447
v -0.010901 0.081728 0.081947
v -0.010901 0.080548 0.126846
v -0.010901 0.060168 0.105247
v -0.010901 0.044028 0.071148
v -0.010901 0.038518 0.031448
v -0.010901 0.050968 0.011646
v -0.010901 0.081728 0.081947
v -0.010901 -0.132652 0.139149
v -0.010901 -0.094582 0.142746
v -0.010901 -0.106682 0.114845
v -0.010901 -0.113802 0.148449
v -0.010901 -0.081822 0.122147
v -0.010901 -0.137632 0.116848
v -0.010901 -0.080702 0.090546
v -0.010901 -0.118772 0.086948
v -0.010901 -0.093462 0.071945
v -0.054401 -0.017162 -0.114853
v -0.050501 -0.010392 -0.118553
v -0.060802 -0.013892 -0.113853
v -0.061601 -0.008422 -0.115452
v -0.071901 -0.009652 -0.115051
v -0.063201 -0.003892 -0.118053
v -0.069801 -0.003062 -0.119053
v -0.076001 -0.003862 -0.120651
v -0.079601 -0.008352 -0.119053
v -0.076601 -0.003062 -0.124653
v -0.083401 -0.009652 -0.124653
v -0.076001 -0.003862 -0.128754
v -0.079601 -0.008352 -0.130352
v -0.069801 -0.003062 -0.130352
v -0.071901 -0.009652 -0.134254
v -0.063201 -0.003892 -0.131252
v -0.076001 -0.003862 -0.120651
v -0.066801 -0.000692 -0.124653
v -0.063201 -0.003892 -0.118053
v -0.058601 -0.003112 -0.121155
v -0.069801 -0.003062 -0.130352
v -0.076001 -0.003862 -0.128754
v -0.058601 -0.003112 -0.128155
v -0.055001 -0.003812 -0.124653
v -0.050501 -0.010392 -0.130852
v -0.055001 -0.003812 -0.124653
v -0.049101 -0.007952 -0.124653
v -0.070101 -0.030192 -0.118053
v -0.074501 -0.030892 -0.121155
v -0.064501 -0.034732 -0.124653
v -0.062901 -0.032062 -0.118553
v -0.074501 -0.030892 -0.128155
v -0.064501 -0.034732 -0.124653
v -0.078101 -0.029992 -0.124653
v -0.074501 -0.030892 -0.121155
v -0.082601 -0.025462 -0.124653
v -0.080201 -0.024162 -0.118752
v -0.070101 -0.030192 -0.118053
v -0.085301 -0.019982 -0.124653
v -0.084501 -0.016912 -0.121155
v -0.066801 -0.000692 -0.124653
v -0.076001 -0.003862 -0.120651
v -0.076601 -0.003062 -0.124653
v -0.076001 -0.003862 -0.128754
v -0.058601 -0.003112 -0.121155
v -0.055001 -0.003812 -0.124653
v -0.055001 -0.003812 -0.124653
v -0.050501 -0.010392 -0.118553
v -0.049101 -0.007952 -0.124653
v 0.049699 -0.009652 -0.115051
v 0.057399 -0.008352 -0.119053
v 0.053799 -0.003862 -0.120651
v 0.061199 -0.009652 -0.124653
v 0.054399 -0.003062 -0.124653
v 0.057399 -0.008352 -0.130352
v 0.053799 -0.003862 -0.128754
v 0.049699 -0.009652 -0.134254
v 0.047599 -0.003062 -0.130352
v 0.040999 -0.003892 -0.118053
v 0.047599 -0.003062 -0.119053
v 0.039499 -0.008422 -0.115452
v 0.047599 -0.003062 -0.119053
v 0.044599 -0.000692 -0.124653
v 0.036399 -0.003112 -0.121155
v 0.028299 -0.010392 -0.118553
v 0.047899 -0.030192 -0.118053
v 0.042299 -0.034732 -0.124653
v 0.052299 -0.030892 -0.121155
v 0.058099 -0.024162 -0.118752
v 0.047899 -0.030192 -0.118053
v 0.042299 -0.034732 -0.124653
v 0.047899 -0.030192 -0.118053
v 0.040799 -0.032062 -0.118553
v 0.047899 -0.030192 -0.118053
v 0.036999 -0.025432 -0.114754
v -0.077701 -0.016912 -0.115555
v -0.079601 -0.008352 -0.119053
v -0.081701 -0.013832 -0.118053
v -0.071901 -0.009652 -0.115051
v 0.050199 -0.020022 -0.113953
v 0.058099 -0.024162 -0.118752
v 0.055599 -0.016912 -0.115555
v -0.058601 -0.003112 -0.121155
v -0.061601 -0.008422 -0.115452
v -0.050501 -0.010392 -0.118553
v -0.063201 -0.003892 -0.118053
v 0.036399 -0.003112 -0.121155
v 0.039499 -0.008422 -0.115452
v 0.040999 -0.003892 -0.118053
v 0.047899 -0.030192 -0.118053
v 0.049299 -0.025592 -0.115452
v 0.044399 -0.017002 -0.113354
v 0.050199 -0.020022 -0.113953
v 0.058099 -0.024162 -0.118752
v 0.050199 -0.020022 -0.113953
v 0.049699 -0.009652 -0.115051
v 0.044399 -0.017002 -0.113354
v 0.055599 -0.016912 -0.115555
v 0.057399 -0.008352 -0.119053
v 0.059599 -0.013832 -0.118053
v 0.039499 -0.008422 -0.115452
v 0.049699 -0.009652 -0.115051
v 0.062299 -0.016912 -0.121155
v 0.055599 -0.016912 -0.115555
v 0.059599 -0.013832 -0.118053
v -0.070101 -0.030192 -0.118053
v -0.059101 -0.025432 -0.114754
v -0.071501 -0.025592 -0.115452
v -0.062901 -0.032062 -0.118553
v -0.080201 -0.024162 -0.118752
v -0.066501 -0.017002 -0.113354
v -0.059101 -0.025432 -0.114754
v -0.072401 -0.020022 -0.113953
v -0.082601 -0.025462 -0.124653
v -0.074501 -0.030892 -0.121155
v -0.071501 -0.025592 -0.115452
v -0.072401 -0.020022 -0.113953
v -0.077701 -0.016912 -0.115555
v -0.084501 -0.016912 -0.121155
v -0.081701 -0.013832 -0.118053
v -0.071901 -0.009652 -0.115051
v -0.066501 -0.017002 -0.113354
v -0.061601 -0.008422 -0.115452
v 0.032199 -0.017162 -0.114853
v 0.038599 -0.013892 -0.113853
v 0.028299 -0.010392 -0.118553
v 0.049299 -0.025592 -0.115452
v 0.036999 -0.025432 -0.114754
v 0.047899 -0.030192 -0.118053
v 0.044399 -0.017002 -0.113354
v 0.036999 -0.025432 -0.114754
v 0.039499 -0.008422 -0.115452
v 0.028299 -0.010392 -0.118553
v 0.038599 -0.013892 -0.113853
v -0.071901 -0.009652 -0.115051
v -0.072401 -0.020022 -0.113953
v -0.066501 -0.017002 -0.113354
v -0.061601 -0.008422 -0.115452
v -0.060802 -0.013892 -0.113853
v -0.059101 -0.025432 -0.114754
v -0.054401 -0.017162 -0.114853
v -0.066501 -0.017002 -0.113354
v 0.036999 -0.025432 -0.114754
v 0.044399 -0.017002 -0.113354
v 0.038599 -0.013892 -0.113853
v 0.039499 -0.008422 -0.115452
v 0.038599 -0.013892 -0.113853
v 0.032199 -0.017162 -0.114853
v 0.036999 -0.025432 -0.114754
v 0.038599 -0.013892 -0.113853
v 0.671899 0.155128 -0.209152
v 0.671899 0.155128 0.310146
v 0.671899 -0.211162 -0.209152
v 0.671899 -0.211162 0.310146
v 0.420999 0.060298 -0.199951
v 0.237699 -0.116342 -0.383251
v 0.237699 0.060298 -0.383251
v 0.420999 -0.116342 -0.199951
v 0.368699 0.226288 -0.169754
v 0.368699 -0.282332 -0.169754
v 0.420999 -0.116342 0.300945
v 0.207499 -0.282332 0.431946
v 0.368699 -0.282332 0.270748
v 0.237699 -0.116342 0.484348
v 0.237699 0.060298 0.484348
v 0.420999 0.060298 0.300945
v 0.207499 0.226288 0.431946
v 0.368699 0.226288 0.270748
v 0.270399 0.361608 -0.112953
v 0.427699 0.226288 0.050549
v 0.368699 0.226288 -0.169754
v 0.314198 0.361608 0.050549
v 0.454599 0.060298 -0.074753
v 0.488099 0.060298 0.050549
v 0.420999 0.060298 -0.199951
v 0.420999 -0.116342 -0.199951
v 0.454599 -0.116342 -0.074753
v 0.368699 -0.282332 -0.169754
v 0.427699 -0.282332 0.050549
v 0.488099 -0.116342 0.050549
v 0.270399 -0.417642 -0.112953
v 0.314198 -0.417642 0.050549
v 0.454599 0.060298 0.175747
v 0.420999 0.060298 0.300945
v 0.454599 -0.116342 0.175747
v 0.420999 -0.116342 0.300945
v 0.368699 0.226288 0.270748
v 0.368699 -0.282332 0.270748
v 0.427699 0.226288 0.050549
v 0.488099 0.060298 0.050549
v 0.270399 0.361608 0.213947
v 0.314198 0.361608 0.050549
v 0.427699 -0.282332 0.050549
v 0.488099 -0.116342 0.050549
v 0.270399 -0.417642 0.213947
v 0.314198 -0.417642 0.050549
v 0.150699 -0.445832 -0.232655
v 0.150699 -0.417642 -0.232655
v 0.270399 -0.445832 -0.112953
v 0.150699 -0.417642 0.333649
v 0.270399 -0.417642 -0.112953
v 0.150699 -0.445832 0.333649
v 0.314198 -0.445832 0.050549
v 0.314198 -0.417642 0.050549
v 0.270399 -0.417642 0.213947
v 0.270399 -0.445832 0.213947
v 0.314198 -0.417642 0.050549
v 0.314198 -0.445832 0.050549
v 0.270399 0.397868 -0.112953
v 0.314198 0.361608 0.050549
v 0.270399 0.361608 -0.112953
v 0.314198 0.397868 0.050549
v 0.150699 0.397868 -0.232655
v 0.150699 0.361608 -0.232655
v 0.150699 0.397868 0.333649
v 0.150699 0.361608 0.333649
v 0.270399 0.397868 0.213947
v 0.270399 0.361608 0.213947
v 0.314198 0.397868 0.050549
v 0.314198 0.361608 0.050549
v 0.179799 0.433488 0.384148
v 0.179799 0.397868 0.384148
v 0.320799 0.433488 0.243149
v 0.320799 0.397868 0.243149
v 0.372399 0.433488 0.050549
v 0.372399 0.397868 0.050549
v 0.320799 0.397868 -0.142052
v 0.320799 0.433488 -0.142052
v 0.372399 0.397868 0.050549
v 0.372399 0.433488 0.050549
v -0.250801 0.338008 -0.086952
v -0.250801 0.433488 -0.086952
v -0.287701 0.338008 0.050549
v -0.287701 0.433488 0.050549
v -0.250801 0.338008 0.187946
v -0.250801 0.433488 0.187946
v -0.150201 0.338008 0.288547
v -0.150201 0.433488 0.288547
v -0.359601 -0.259232 0.250748
v -0.213001 -0.259232 0.397347
v -0.407201 -0.108322 0.278248
v -0.407201 0.052278 0.278248
v -0.213001 0.203198 0.397346
v -0.359601 0.203198 0.250748
v -0.407201 -0.108322 -0.177155
v -0.213001 -0.259232 -0.296352
v -0.407201 0.052278 -0.177155
v -0.359601 -0.259232 -0.149754
v -0.213001 0.203198 -0.296352
v -0.359601 0.203198 -0.149754
v -0.468201 0.052278 0.050549
v -0.407201 -0.108322 0.278248
v -0.468201 -0.108322 0.050549
v -0.407201 0.052278 0.278248
v -0.359601 -0.259232 0.250748
v -0.359601 0.203198 0.250748
v -0.413201 -0.259232 0.050549
v -0.413201 0.203198 0.050549
v -0.270201 -0.382262 0.199146
v -0.310001 -0.382262 0.050549
v -0.250801 0.338008 0.187946
v -0.287701 0.338008 0.050549
v -0.270201 -0.382262 -0.098152
v -0.413201 -0.259232 0.050549
v -0.310001 -0.382262 0.050549
v -0.359601 -0.259232 -0.149754
v -0.468201 -0.108322 0.050549
v -0.407201 -0.108322 -0.177155
v -0.407201 0.052278 -0.177155
v -0.468201 0.052278 0.050549
v -0.359601 0.203198 -0.149754
v -0.413201 0.203198 0.050549
v -0.250801 0.338008 -0.086952
v -0.287701 0.338008 0.050549
v -0.394201 0.226288 0.270748
v -0.233001 0.226288 0.431946
v -0.176201 0.361608 0.333649
v -0.295901 0.361608 0.213947
v -0.394201 0.226288 -0.169754
v -0.233001 0.226288 -0.330952
v -0.176201 0.361608 -0.232655
v -0.295901 0.361608 -0.112953
v 0.368699 0.226288 -0.169754
v 0.207499 0.226288 -0.330952
v 0.150699 0.361608 -0.232655
v 0.270399 0.361608 -0.112953
v 0.207499 0.226288 0.431946
v 0.368699 0.226288 0.270748
v 0.270399 0.361608 0.213947
v 0.150699 0.361608 0.333649
v -0.398001 0.433488 0.050549
v -0.346401 0.433488 0.243149
v -0.250801 0.433488 0.187946
v -0.205401 0.433488 0.384148
v -0.287701 0.433488 0.050549
v -0.150201 0.433488 0.288547
v -0.346401 0.433488 -0.142052
v -0.012801 0.433488 0.435745
v -0.250801 0.433488 -0.086952
v -0.012801 0.433488 0.325447
v -0.205401 0.433488 -0.283054
v -0.150201 0.433488 -0.187553
v 0.179799 0.433488 0.384148
v -0.012801 0.433488 -0.224354
v 0.124699 0.433488 0.288547
v -0.012801 0.433488 -0.334652
v 0.225299 0.433488 0.187946
v 0.320799 0.433488 0.243149
v 0.372399 0.433488 0.050549
v 0.262099 0.433488 0.050549
v 0.179799 0.433488 -0.283054
v 0.124699 0.433488 -0.187553
v 0.225299 0.433488 -0.086952
v 0.320799 0.433488 -0.142052
v 0.262099 0.433488 0.050549
v 0.372399 0.433488 0.050549
v 0.671899 0.155128 -0.209152
v 0.488099 0.060298 0.050549
v 0.671899 0.155128 0.310146
v 0.454599 0.060298 -0.074753
v 0.454599 0.060298 0.175747
v 0.187499 -0.259232 -0.296352
v 0.334099 -0.259232 -0.149754
v 0.135899 -0.382262 -0.206951
v 0.244699 -0.382262 -0.098152
v 0.334099 -0.259232 0.250748
v 0.187499 -0.259232 0.397347
v 0.244699 -0.382262 0.199146
v 0.135899 -0.382262 0.307945
v -0.359601 -0.259232 0.250748
v -0.213001 -0.259232 0.397347
v -0.161401 -0.382262 0.307945
v -0.270201 -0.382262 0.199146
v -0.213001 -0.259232 -0.296352
v -0.359601 -0.259232 -0.149754
v -0.161401 -0.382262 -0.206951
v -0.270201 -0.382262 -0.098152
v -0.270201 -0.382262 0.199146
v 0.244699 -0.382262 0.199146
v -0.270201 -0.382262 -0.098152
v -0.310001 -0.382262 0.050549
v -0.161401 -0.382262 0.307945
v 0.135899 -0.382262 0.307945
v -0.012801 -0.382262 0.347748
v 0.244699 -0.382262 -0.098152
v 0.284499 -0.382262 0.050549
v -0.161401 -0.382262 -0.206951
v 0.135899 -0.382262 -0.206951
v -0.012801 -0.382262 -0.246754
v -0.233001 -0.282332 0.431946
v -0.012801 -0.116342 0.551449
v -0.263201 -0.116342 0.484348
v -0.263201 0.060298 0.484348
v -0.012801 -0.282332 0.490948
v -0.176201 -0.417642 0.333649
v -0.012801 -0.417642 0.377445
v -0.012801 0.060298 0.551449
v -0.233001 0.226288 0.431946
v -0.012801 0.226288 0.490948
v -0.176201 0.361608 0.333649
v -0.012801 0.361608 0.377445
v -0.012801 0.060298 0.551449
v 0.207499 0.226288 0.431946
v -0.012801 0.226288 0.490948
v 0.150699 0.361608 0.333649
v -0.012801 0.361608 0.377445
v 0.237699 0.060298 0.484348
v 0.237699 -0.116342 0.484348
v -0.012801 -0.116342 0.551449
v 0.207499 -0.282332 0.431946
v -0.012801 -0.282332 0.490948
v 0.150699 -0.417642 0.333649
v -0.012801 -0.417642 0.377445
v -0.176201 -0.417642 0.333649
v -0.176201 -0.445832 0.333649
v -0.012801 -0.417642 0.377445
v -0.012801 -0.445832 0.377445
v 0.150699 -0.417642 0.333649
v 0.150699 -0.445832 0.333649
v -0.176201 0.397868 0.333649
v -0.176201 0.361608 0.333649
v -0.012801 0.397868 0.377445
v -0.012801 0.361608 0.377445
v 0.150699 0.397868 0.333649
v 0.150699 0.361608 0.333649
v -0.012801 0.433488 0.435745
v -0.205401 0.397868 0.384148
v -0.012801 0.397868 0.435745
v -0.205401 0.433488 0.384148
v 0.179799 0.433488 0.384148
v 0.179799 0.397868 0.384148
v -0.012801 0.338008 -0.224354
v 0.124699 0.338008 -0.187553
v 0.124699 0.433488 -0.187553
v -0.012801 0.433488 -0.224354
v 0.225299 0.433488 -0.086952
v -0.150201 0.338008 -0.187553
v 0.225299 0.338008 -0.086952
v -0.150201 0.433488 -0.187553
v -0.250801 0.338008 -0.086952
v -0.250801 0.433488 -0.086952
v 0.671899 -0.211162 0.310146
v 0.454599 0.060298 0.175747
v 0.454599 -0.116342 0.175747
v 0.671899 0.155128 0.310146
v 0.214899 0.052278 -0.343853
v 0.214899 -0.108322 -0.343853
v 0.381599 0.052278 -0.177155
v 0.187499 0.203198 -0.296352
v 0.381599 -0.108322 -0.177155
v 0.334099 0.203198 -0.149754
v 0.187499 -0.259232 -0.296352
v 0.334099 -0.259232 -0.149754
v -0.012801 0.203198 -0.349953
v 0.187499 0.203198 -0.296352
v 0.124699 0.338008 -0.187553
v -0.012801 0.338008 -0.224354
v -0.012801 0.052278 -0.404854
v 0.214899 0.052278 -0.343853
v -0.012801 -0.108322 -0.404854
v 0.214899 -0.108322 -0.343853
v 0.187499 -0.259232 -0.296352
v -0.012801 -0.259232 -0.349953
v 0.135899 -0.382262 -0.206951
v -0.012801 -0.382262 -0.246754
v -0.012801 -0.259232 -0.349953
v -0.012801 -0.108322 -0.404854
v -0.213001 -0.259232 -0.296352
v -0.161401 -0.382262 -0.206951
v -0.012801 -0.382262 -0.246754
v -0.240501 -0.108322 -0.343853
v -0.012801 0.052278 -0.404854
v -0.240501 0.052278 -0.343853
v -0.213001 0.203198 -0.296352
v -0.012801 0.203198 -0.349953
v -0.150201 0.338008 -0.187553
v -0.012801 0.338008 -0.224354
v -0.240501 -0.108322 -0.343853
v -0.240501 0.052278 -0.343853
v -0.407201 -0.108322 -0.177155
v -0.213001 -0.259232 -0.296352
v -0.407201 0.052278 -0.177155
v -0.213001 0.203198 -0.296352
v -0.513701 0.060298 0.050549
v -0.513701 -0.116342 0.050549
v -0.446601 -0.116342 0.300945
v -0.446601 0.060298 0.300945
v -0.394201 -0.282332 0.270748
v -0.394201 0.226288 0.270748
v -0.453201 -0.282332 0.050549
v -0.453201 0.226288 0.050549
v -0.295901 -0.417642 0.213947
v -0.339701 -0.417642 0.050549
v -0.295901 0.361608 0.213947
v -0.339701 0.361608 0.050549
v -0.295901 0.361608 -0.112953
v -0.394201 0.226288 -0.169754
v -0.453201 0.226288 0.050549
v -0.339701 0.361608 0.050549
v -0.513701 0.060298 0.050549
v -0.446601 0.060298 -0.199951
v -0.513701 -0.116342 0.050549
v -0.446601 -0.116342 -0.199951
v -0.394201 -0.282332 -0.169754
v -0.453201 -0.282332 0.050549
v -0.295901 -0.417642 -0.112953
v -0.339701 -0.417642 0.050549
v -0.233001 -0.282332 0.431946
v -0.394201 -0.282332 0.270748
v -0.263201 -0.116342 0.484348
v -0.446601 -0.116342 0.300945
v -0.446601 0.060298 0.300945
v -0.263201 0.060298 0.484348
v -0.394201 0.226288 0.270748
v -0.233001 0.226288 0.431946
v -0.263201 0.060298 -0.383251
v -0.263201 -0.116342 -0.383251
v -0.446601 -0.116342 -0.199951
v -0.446601 0.060298 -0.199951
v -0.394201 -0.282332 -0.169754
v -0.394201 0.226288 -0.169754
v -0.295901 -0.445832 -0.112953
v -0.339701 -0.417642 0.050549
v -0.295901 -0.417642 -0.112953
v -0.339701 -0.445832 0.050549
v -0.176201 -0.445832 -0.232655
v -0.295901 -0.417642 0.213947
v -0.176201 -0.417642 -0.232655
v -0.295901 -0.445832 0.213947
v -0.176201 -0.417642 0.333649
v -0.176201 -0.445832 0.333649
v -0.176201 0.397868 -0.232655
v -0.176201 0.361608 -0.232655
v -0.295901 0.397868 -0.112953
v -0.295901 0.361608 -0.112953
v -0.339701 0.397868 0.050549
v -0.339701 0.361608 0.050549
v -0.295901 0.397868 0.213947
v -0.295901 0.361608 0.213947
v -0.176201 0.397868 0.333649
v -0.176201 0.361608 0.333649
v -0.205401 0.397868 0.384148
v -0.205401 0.433488 0.384148
v -0.346401 0.397868 0.243149
v -0.346401 0.433488 0.243149
v -0.398001 0.397868 0.050549
v -0.398001 0.433488 0.050549
v -0.346401 0.397868 -0.142052
v -0.346401 0.433488 -0.142052
v 0.225299 0.433488 -0.086952
v 0.225299 0.338008 -0.086952
v 0.262099 0.433488 0.050549
v 0.262099 0.338008 0.050549
v 0.124699 0.338008 0.288547
v 0.124699 0.433488 0.288547
v 0.225299 0.338008 0.187946
v 0.225299 0.433488 0.187946
v 0.262099 0.338008 0.050549
v 0.262099 0.433488 0.050549
v 0.334099 0.203198 -0.149754
v 0.387699 0.203198 0.050549
v 0.225299 0.338008 -0.086952
v 0.262099 0.338008 0.050549
v 0.442599 0.052278 0.050549
v 0.381599 0.052278 -0.177155
v 0.381599 -0.108322 -0.177155
v 0.442599 -0.108322 0.050549
v 0.334099 -0.259232 -0.149754
v 0.387699 -0.259232 0.050549
v 0.244699 -0.382262 -0.098152
v 0.284499 -0.382262 0.050549
v 0.262099 0.338008 0.050549
v 0.387699 0.203198 0.050549
v 0.225299 0.338008 0.187946
v 0.334099 0.203198 0.250748
v 0.381599 -0.108322 0.278248
v 0.214899 0.052278 0.444946
v 0.381599 0.052278 0.278248
v 0.187499 0.203198 0.397346
v 0.442599 0.052278 0.050549
v 0.442599 -0.108322 0.050549
v 0.381599 0.052278 0.278248
v 0.334099 0.203198 0.250748
v 0.387699 0.203198 0.050549
v 0.381599 -0.108322 0.278248
v 0.334099 -0.259232 0.250748
v 0.387699 -0.259232 0.050549
v 0.244699 -0.382262 0.199146
v 0.284499 -0.382262 0.050549
v 0.150699 -0.445832 0.333649
v -0.295901 -0.445832 -0.112953
v 0.270399 -0.445832 -0.112953
v 0.270399 -0.445832 0.213947
v 0.314198 -0.445832 0.050549
v 0.150699 -0.445832 -0.232655
v -0.176201 -0.445832 -0.232655
v -0.012801 -0.445832 -0.276451
v -0.295901 -0.445832 0.213947
v -0.339701 -0.445832 0.050549
v -0.176201 -0.445832 0.333649
v -0.012801 -0.445832 0.377445
v -0.233001 -0.282332 0.431946
v -0.394201 -0.282332 0.270748
v -0.176201 -0.417642 0.333649
v -0.295901 -0.417642 0.213947
v -0.394201 -0.282332 -0.169754
v -0.233001 -0.282332 -0.330952
v -0.176201 -0.417642 -0.232655
v -0.295901 -0.417642 -0.112953
v 0.368699 -0.282332 -0.169754
v 0.207499 -0.282332 -0.330952
v 0.150699 -0.417642 -0.232655
v 0.270399 -0.417642 -0.112953
v 0.207499 -0.282332 0.431946
v 0.368699 -0.282332 0.270748
v 0.270399 -0.417642 0.213947
v 0.150699 -0.417642 0.333649
v 0.671899 -0.211162 -0.209152
v 0.488099 -0.116342 0.050549
v 0.454599 -0.116342 -0.074753
v 0.671899 -0.211162 0.310146
v 0.454599 -0.116342 0.175747
v 0.150699 0.397868 -0.232655
v 0.320799 0.397868 -0.142052
v 0.270399 0.397868 -0.112953
v 0.314198 0.397868 0.050549
v 0.372399 0.397868 0.050549
v 0.179799 0.397868 -0.283054
v -0.012801 0.397868 -0.276451
v -0.012801 0.397868 -0.334652
v -0.205401 0.397868 -0.283054
v -0.176201 0.397868 -0.232655
v -0.346401 0.397868 -0.142052
v -0.295901 0.397868 -0.112953
v -0.339701 0.397868 0.050549
v -0.398001 0.397868 0.050549
v -0.346401 0.397868 0.243149
v -0.295901 0.397868 0.213947
v -0.176201 0.397868 0.333649
v -0.205401 0.397868 0.384148
v -0.012801 0.397868 0.377445
v -0.012801 0.397868 0.435745
v 0.179799 0.397868 0.384148
v 0.150699 0.397868 0.333649
v 0.320799 0.397868 0.243149
v 0.270399 0.397868 0.213947
v 0.314198 0.397868 0.050549
v 0.372399 0.397868 0.050549
v 0.187499 0.203198 -0.296352
v 0.334099 0.203198 -0.149754
v 0.225299 0.338008 -0.086952
v 0.124699 0.338008 -0.187553
v 0.187499 0.203198 0.397346
v 0.334099 0.203198 0.250748
v 0.225299 0.338008 0.187946
v 0.124699 0.338008 0.288547
v -0.213001 0.203198 0.397346
v -0.359601 0.203198 0.250748
v -0.250801 0.338008 0.187946
v -0.150201 0.338008 0.288547
v -0.213001 0.203198 -0.296352
v -0.359601 0.203198 -0.149754
v -0.250801 0.338008 -0.086952
v -0.150201 0.338008 -0.187553
v -0.263201 0.060298 -0.383251
v -0.263201 -0.116342 -0.383251
v -0.394201 -0.282332 -0.169754
v -0.394201 0.226288 -0.169754
v -0.233001 -0.282332 -0.330952
v -0.233001 0.226288 -0.330952
v -0.012801 -0.116342 -0.450352
v -0.233001 -0.282332 -0.330952
v -0.263201 -0.116342 -0.383251
v -0.012801 -0.282332 -0.389954
v -0.176201 -0.417642 -0.232655
v -0.012801 -0.417642 -0.276451
v -0.012801 0.060298 -0.450352
v -0.263201 0.060298 -0.383251
v -0.233001 0.226288 -0.330952
v -0.012801 0.226288 -0.389954
v -0.176201 0.361608 -0.232655
v -0.012801 0.361608 -0.276451
v -0.012801 -0.282332 -0.389954
v 0.150699 -0.417642 -0.232655
v -0.012801 -0.417642 -0.276451
v 0.207499 -0.282332 -0.330952
v -0.012801 -0.116342 -0.450352
v 0.237699 -0.116342 -0.383251
v 0.237699 0.060298 -0.383251
v -0.012801 0.060298 -0.450352
v 0.207499 0.226288 -0.330952
v -0.012801 0.226288 -0.389954
v 0.150699 0.361608 -0.232655
v -0.012801 0.361608 -0.276451
v 0.237699 -0.116342 -0.383251
v 0.237699 0.060298 -0.383251
v 0.368699 0.226288 -0.169754
v 0.368699 -0.282332 -0.169754
v 0.207499 0.226288 -0.330952
v 0.207499 -0.282332 -0.330952
v -0.176201 -0.445832 -0.232655
v -0.176201 -0.417642 -0.232655
v -0.012801 -0.445832 -0.276451
v -0.012801 -0.417642 -0.276451
v 0.150699 -0.445832 -0.232655
v 0.150699 -0.417642 -0.232655
v 0.150699 0.397868 -0.232655
v 0.150699 0.361608 -0.232655
v -0.012801 0.397868 -0.276451
v -0.012801 0.361608 -0.276451
v -0.176201 0.397868 -0.232655
v -0.176201 0.361608 -0.232655
v -0.346401 0.397868 -0.142052
v -0.346401 0.433488 -0.142052
v -0.205401 0.397868 -0.283054
v -0.205401 0.433488 -0.283054
v -0.012801 0.397868 -0.334652
v -0.012801 0.433488 -0.334652
v 0.179799 0.397868 -0.283054
v 0.179799 0.433488 -0.283054
v 0.320799 0.397868 -0.142052
v 0.320799 0.433488 -0.142052
v -0.150201 0.338008 0.288547
v -0.150201 0.433488 0.288547
v -0.012801 0.338008 0.325447
v -0.012801 0.433488 0.325447
v 0.124699 0.338008 0.288547
v 0.124699 0.433488 0.288547
v 0.454599 0.060298 -0.074753
v 0.671899 -0.211162 -0.209152
v 0.454599 -0.116342 -0.074753
v 0.671899 0.155128 -0.209152
v 0.214899 -0.108322 0.444946
v 0.381599 -0.108322 0.278248
v 0.334099 -0.259232 0.250748
v 0.214899 0.052278 0.444946
v 0.187499 -0.259232 0.397347
v 0.381599 0.052278 0.278248
v 0.187499 0.203198 0.397346
v 0.334099 0.203198 0.250748
v 0.124699 0.338008 0.288547
v -0.012801 0.203198 0.450947
v -0.012801 0.338008 0.325447
v 0.187499 0.203198 0.397346
v -0.012801 0.052278 0.505947
v 0.214899 0.052278 0.444946
v 0.214899 -0.108322 0.444946
v -0.012801 -0.108322 0.505947
v 0.187499 -0.259232 0.397347
v -0.012801 -0.259232 0.450947
v 0.135899 -0.382262 0.307945
v -0.012801 -0.382262 0.347748
v -0.012801 -0.108322 0.505947
v -0.213001 -0.259232 0.397347
v -0.240501 -0.108322 0.444946
v -0.240501 0.052278 0.444946
v -0.012801 -0.259232 0.450947
v -0.161401 -0.382262 0.307945
v -0.012801 -0.382262 0.347748
v -0.012801 0.052278 0.505947
v -0.213001 0.203198 0.397346
v -0.012801 0.203198 0.450947
v -0.150201 0.338008 0.288547
v -0.012801 0.338008 0.325447
v -0.213001 -0.259232 0.397347
v -0.407201 -0.108322 0.278248
v -0.240501 -0.108322 0.444946
v -0.407201 0.052278 0.278248
v -0.240501 0.052278 0.444946
v -0.213001 0.203198 0.397346
vn -0.0000 0.9715 -0.2369
vn -0.2607 0.9638 -0.0553
vn -0.0070 0.1256 -0.9921
vn -0.1819 0.9412 -0.2847
vn -0.2588 0.9648 0.0471
vn -0.7726 0.2681 -0.5755
vn 0.2588 0.9648 0.0471
vn 0.2607 0.9638 -0.0552
vn 0.0001 0.1261 -0.9920
vn 0.7726 0.2681 -0.5755
vn 0.1579 0.9874 0.0079
vn 0.8398 -0.0392 -0.5416
vn 0.4076 -0.7919 -0.4547
vn 0.2204 -0.8660 -0.4488
vn -0.0000 0.1259 -0.9920
vn 0.2051 -0.8522 -0.4813
vn 0.5029 -0.6601 -0.5580
vn 0.2205 -0.8660 -0.4488
vn 0.2052 -0.8522 -0.4814
vn 0.2282 -0.8027 -0.5509
vn 0.2207 -0.7091 -0.6697
vn -0.0000 -0.8498 -0.5271
vn -0.0108 0.1263 -0.9919
vn -0.2051 -0.8522 -0.4813
vn -0.2282 -0.8028 -0.5509
vn -0.0000 -0.8497 -0.5272
vn 0.2206 -0.7091 -0.6697
vn 0.2282 -0.8028 -0.5509
vn -0.0000 -0.7031 -0.7111
vn -0.2206 -0.7091 -0.6697
vn -0.2282 -0.8027 -0.5509
vn -0.2755 0.4487 -0.8502
vn -0.3232 -0.1734 -0.9303
vn -0.5886 -0.0000 -0.8084
vn -0.0472 0.0236 -0.9986
vn 0.2132 0.5528 -0.8056
vn -0.6845 0.5271 -0.5036
vn -0.7959 0.1891 -0.5752
vn 0.2755 0.4487 -0.8502
vn 0.3232 -0.1734 -0.9303
vn 0.0472 0.0236 -0.9986
vn -0.2132 0.5528 -0.8056
vn -0.2207 0.2366 -0.9462
vn -0.2208 0.2365 -0.9462
vn -0.0236 -0.3536 -0.9351
vn -0.3303 0.1729 -0.9279
vn 0.0471 0.0236 -0.9986
vn 0.0236 -0.3535 -0.9351
vn -0.0471 0.0236 -0.9986
vn 0.2208 0.2365 -0.9462
vn 0.2208 0.2366 -0.9462
vn -0.3073 -0.4965 -0.8118
vn 0.0236 -0.3536 -0.9351
vn 0.5886 -0.0000 -0.8084
vn 0.6845 0.5271 -0.5036
vn 0.7958 0.1891 -0.5752
vn 0.3302 0.1730 -0.9279
vn -0.0000 0.7110 -0.7032
vn 0.5747 0.5826 -0.5747
vn 0.5278 0.5121 -0.6776
vn 0.0001 0.4661 -0.8848
vn 0.3073 -0.4966 -0.8118
vn 0.8497 -0.5272 -0.0000
vn 0.4722 -0.8263 0.3070
vn 0.6285 -0.7778 -0.0000
vn 0.9821 -0.1885 -0.0000
vn 0.8945 0.4472 -0.0000
vn 0.9518 -0.0000 0.3068
vn 0.9518 -0.0000 -0.3068
vn 0.6845 0.5271 -0.5035
vn 0.8944 0.4472 -0.0000
vn 0.4722 -0.8264 0.3069
vn 0.4722 -0.8264 -0.3069
vn 0.2758 -0.9612 -0.0000
vn 0.8498 -0.5272 -0.0000
vn 0.4722 -0.8263 -0.3070
vn 0.7228 -0.4478 -0.5264
vn 0.5887 -0.0000 -0.8084
vn 0.3233 -0.1735 -0.9303
vn 0.3074 -0.4965 -0.8118
vn 0.2757 -0.7642 -0.5830
vn 0.1575 -0.8030 -0.5748
vn 0.0472 0.0235 -0.9986
vn -0.5204 0.6308 -0.5756
vn -0.2133 0.5528 -0.8056
vn -0.2208 0.2366 -0.9462
vn -0.3303 0.1730 -0.9279
vn -0.1651 0.8020 -0.5740
vn 0.1573 0.8496 -0.5035
vn 0.2755 0.4487 -0.8501
vn 0.4891 0.7968 -0.3550
vn 0.6845 0.5272 -0.5036
vn -0.0000 1.0000 -0.0000
vn 0.1573 0.8496 -0.5034
vn -0.1651 0.8021 -0.5740
vn 0.4891 0.7967 -0.3549
vn 0.5272 0.8498 -0.0000
vn 0.5271 0.8498 -0.0000
vn 0.4891 0.7967 -0.3550
vn 0.4891 0.7967 0.3550
vn 0.6845 0.5272 0.5035
vn 0.1574 0.8496 0.5035
vn 0.2755 0.4487 0.8501
vn 0.1573 0.8496 0.5034
vn -0.5272 0.8498 -0.0000
vn -0.3777 0.8736 0.3069
vn -0.1651 0.8020 0.5740
vn -0.5272 0.8497 -0.0000
vn -0.5204 0.6308 0.5756
vn -0.3778 0.8735 0.3070
vn -0.6324 0.7747 -0.0000
vn 0.4077 -0.7918 -0.4548
vn -0.5747 0.5825 -0.5747
vn -0.8489 0.2672 -0.4559
vn -0.6352 0.5803 -0.5097
vn -0.2757 -0.7642 -0.5830
vn -0.7949 0.2361 -0.5589
vn -0.5279 0.5121 -0.6776
vn -0.5662 0.4089 -0.7156
vn -0.0000 -0.2518 0.9678
vn 0.9515 -0.1652 0.2595
vn 0.9082 -0.0000 0.4186
vn -0.0000 -0.0000 1.0000
vn 0.9082 -0.0000 0.4185
vn 0.9955 -0.0000 0.0948
vn 0.9515 0.1651 0.2595
vn -0.5891 0.7148 -0.3770
vn -0.0000 0.8497 -0.5272
vn -0.6351 0.5803 -0.5098
vn -0.8817 0.4172 -0.2204
vn -0.5891 0.7147 -0.3770
vn 0.6352 0.5803 -0.5097
vn 0.8489 0.2673 -0.4559
vn 0.5747 0.5825 -0.5747
vn 0.6351 0.5803 -0.5098
vn 0.3303 0.1731 -0.9279
vn 0.5204 0.6308 -0.5756
vn -0.7949 0.2362 -0.5589
vn -0.0000 0.1260 -0.9920
vn -0.2204 -0.8660 -0.4488
vn -0.2051 -0.8522 -0.4814
vn -0.7727 0.2680 -0.5755
vn -0.5029 -0.6601 -0.5580
vn -0.2283 -0.8027 -0.5509
vn -0.0000 -0.8498 -0.5272
vn -0.2758 -0.9612 -0.0000
vn -0.4722 -0.8263 -0.3069
vn -0.2757 -0.7643 -0.5830
vn -0.2758 -0.7642 -0.5830
vn -0.7228 -0.4478 -0.5264
vn -0.3233 -0.1735 -0.9303
vn -0.8497 -0.5272 -0.0000
vn -0.6285 -0.7778 -0.0000
vn -0.9821 -0.1886 -0.0000
vn -0.9518 -0.0000 -0.3068
vn -0.9821 -0.1885 -0.0000
vn -0.8945 0.4471 -0.0000
vn -0.9518 -0.0000 -0.3067
vn -0.9518 0.0001 0.3068
vn -0.6845 0.5271 0.5035
vn -0.8944 0.4472 -0.0000
vn -0.7958 0.1892 0.5752
vn -0.3232 -0.1735 -0.9303
vn -0.3074 -0.4965 -0.8118
vn -0.0472 0.0235 -0.9986
vn -0.9842 0.0945 -0.1496
vn -0.8490 0.2673 -0.4559
vn -0.9438 0.0079 -0.3303
vn -0.9438 0.0079 -0.3304
vn 0.9438 0.3304 0.0079
vn 0.9989 0.0079 0.0472
vn 0.9992 0.0315 0.0236
vn 0.9674 0.2281 0.1101
vn 0.9692 -0.1576 0.1892
vn 0.9942 -0.0315 0.1026
vn 0.9740 0.1257 0.1886
vn 0.8580 0.4959 0.1339
vn 0.8660 -0.4408 0.2362
vn 0.9844 0.0315 0.1733
vn 0.9813 0.0392 0.1884
vn 0.8769 0.4345 0.2054
vn 0.9813 0.0393 0.1884
vn 0.5849 0.7904 0.1818
vn 0.8964 0.3932 0.2045
vn 0.6079 0.7500 0.2606
vn 0.0001 0.9737 0.2277
vn 0.6532 0.7083 0.2676
vn 0.9306 0.2918 0.2208
vn 0.7516 0.6091 0.2532
vn 0.9844 0.0315 0.1732
vn 0.9306 0.2918 0.2209
vn 0.9201 -0.3067 0.2438
vn 0.9754 -0.0079 0.2203
vn 0.7000 -0.6449 0.3068
vn 0.7304 -0.6518 0.2042
vn -0.0000 -0.9541 0.2996
vn 0.5898 -0.7471 0.3067
vn 0.8659 -0.4409 0.2362
vn 0.0001 -0.9379 0.3468
vn 0.4886 -0.8195 0.2995
vn -0.0000 -0.9563 0.2924
vn -0.0001 -0.9379 0.3468
vn -0.4885 -0.8195 0.2995
vn 0.7856 -0.5813 0.2121
vn 0.9692 -0.1576 0.1891
vn 0.7792 -0.6139 0.1260
vn 0.9242 -0.3476 0.1580
vn 0.9355 -0.3381 0.1022
vn -0.0000 -0.9947 -0.1026
vn 0.8222 -0.5692 -0.0079
vn 0.9754 -0.0079 0.2202
vn 0.9975 -0.0000 0.0707
vn 0.8868 -0.4317 -0.1648
vn 0.9955 -0.0001 0.0948
vn 0.9155 -0.3867 -0.1105
vn -0.0000 -0.6063 0.7953
vn 0.0001 -0.9910 0.1338
vn -0.0000 -0.8623 -0.5063
vn -0.0001 -0.7778 -0.6286
vn -0.9155 -0.3868 -0.1105
vn -0.0000 -0.7778 -0.6285
vn -0.0000 -0.8623 -0.5064
vn -0.0001 -0.9910 0.1338
vn -0.0000 -0.6063 0.7952
vn -0.9515 -0.1652 0.2595
vn -0.8868 -0.4317 -0.1648
vn -0.8222 -0.5692 -0.0079
vn -0.9975 -0.0000 0.0707
vn -0.9754 -0.0079 0.2203
vn -0.7304 -0.6518 0.2042
vn 0.9515 -0.1651 0.2595
vn 0.9955 -0.0000 0.0949
vn -0.0000 0.2518 0.9678
vn -0.0000 0.5975 0.8019
vn 0.9178 0.3766 -0.1256
vn -0.9515 0.1651 0.2595
vn -0.9082 -0.0000 0.4186
vn -0.9955 -0.0000 0.0948
vn -0.8861 0.4235 -0.1882
vn -0.9515 -0.1651 0.2595
vn 0.0001 -0.0000 1.0000
vn -0.8278 0.5597 -0.0394
vn -0.0000 0.8019 -0.5975
vn -0.7619 0.6283 0.1571
vn -0.9179 0.3765 -0.1255
vn -0.0000 0.9849 -0.1734
vn -0.0000 0.9697 0.2444
vn -0.7619 0.6284 0.1571
vn -0.9178 0.3766 -0.1255
vn -0.0000 0.8381 -0.5456
vn 0.0001 0.7417 -0.6707
vn -0.0001 0.9947 0.1027
vn -0.0000 0.8380 -0.5456
vn -0.0000 0.7418 -0.6707
vn 0.8862 0.4235 -0.1882
vn 0.9955 0.0001 0.0948
vn -0.1575 -0.8031 -0.5747
vn 0.0235 -0.3536 -0.9351
vn -0.1574 -0.8030 -0.5748
vn -0.6845 0.5271 -0.5035
vn -0.7959 0.1892 -0.5752
vn -0.9438 0.0078 -0.3303
vn -0.9191 -0.3613 -0.1571
vn -0.9842 0.0944 -0.1496
vn -0.9217 -0.0867 -0.3782
vn -0.7950 0.2361 -0.5588
vn -0.9217 -0.0866 -0.3782
vn -0.5898 -0.7471 0.3067
vn -0.8659 -0.4409 0.2362
vn -0.4886 -0.8195 0.2994
vn -0.5187 -0.8095 0.2751
vn -0.9200 -0.3067 0.2438
vn -0.0000 -0.9379 0.3468
vn -0.5897 -0.7471 0.3067
vn -0.0000 -0.9540 0.2997
vn -0.7000 -0.6449 0.3067
vn -0.9754 -0.0079 0.2202
vn -0.7303 -0.6518 0.2042
vn -0.3777 0.8736 -0.3069
vn -0.2132 0.5528 -0.8055
vn -0.6532 0.7083 0.2676
vn -0.9306 0.2919 0.2208
vn -0.7516 0.6091 0.2532
vn -0.0001 0.9495 0.3139
vn -0.8964 0.3932 0.2045
vn -0.6079 0.7500 0.2606
vn -0.0000 0.9737 0.2278
vn -0.5849 0.7904 0.1818
vn -0.8769 0.4345 0.2054
vn -0.8580 0.4960 0.1338
vn 0.5187 -0.8095 0.2751
vn 0.7855 -0.5813 0.2122
vn -0.4891 0.7967 0.3550
vn -0.2755 0.4487 0.8501
vn -0.1574 0.8496 0.5035
vn -0.8944 0.4473 -0.0000
vn -0.6845 0.5272 0.5035
vn -0.4891 0.7967 -0.3550
vn -0.4891 0.7968 -0.3550
vn 0.1652 0.8020 -0.5740
vn 0.2133 0.5528 -0.8055
vn 0.3777 0.8736 -0.3069
vn 0.1651 0.8020 -0.5740
vn -0.0000 -0.9563 0.2925
vn -0.4885 -0.8196 0.2994
vn 0.4722 -0.8263 -0.3069
vn 0.7228 -0.4478 -0.5263
vn 0.2758 -0.7642 -0.5830
vn 0.2757 -0.9612 -0.0000
vn 0.2757 -0.7643 -0.5830
vn 0.4721 -0.8264 -0.3070
vn 0.1575 -0.8031 -0.5747
vn -0.5507 -0.8182 -0.1652
vn -0.3858 -0.8977 -0.2126
vn -0.6997 -0.6525 -0.2909
vn -0.2133 0.5528 -0.8055
vn -0.3778 0.8736 -0.3069
vn -0.5658 -0.8094 -0.1572
vn -0.7477 -0.6611 -0.0630
vn -0.9191 -0.3614 -0.1571
vn -0.0000 -0.9980 0.0629
vn 0.5510 -0.8344 0.0158
vn 0.5502 -0.8332 0.0550
vn 0.7986 -0.6010 0.0316
vn 0.7376 -0.6748 0.0235
vn -0.0000 -0.9999 -0.0157
vn 0.5730 -0.8165 -0.0706
vn -0.0000 -0.9862 -0.1657
vn -0.5754 -0.7805 -0.2444
vn -0.0000 -0.9154 -0.4024
vn -0.4815 -0.7658 -0.4263
vn 0.5507 -0.8182 -0.1652
vn 0.7477 -0.6611 -0.0630
vn 0.7376 -0.6748 0.0236
vn 0.5658 -0.8095 -0.1572
vn 0.6460 -0.7485 -0.1497
vn 0.5731 -0.8165 -0.0707
vn 0.5754 -0.7805 -0.2444
vn -0.0000 -0.9862 -0.1656
vn -0.6460 -0.7485 -0.1497
vn -0.5755 -0.7805 -0.2444
vn -0.5755 -0.7804 -0.2444
vn -0.6461 -0.7485 -0.1497
vn 0.5508 -0.8181 -0.1652
vn 0.5755 -0.7804 -0.2444
vn 0.6997 -0.6525 -0.2909
vn 0.3858 -0.8977 -0.2126
vn 0.5658 -0.8094 -0.1572
vn 0.3859 -0.8977 -0.2126
vn 0.9191 -0.3614 -0.1571
vn 0.7476 -0.6611 -0.0630
vn -0.0000 -0.9154 -0.4025
vn 0.5755 -0.7805 -0.2444
vn 0.4815 -0.7658 -0.4263
vn -0.0000 -0.7816 -0.6238
vn 0.4408 -0.7320 -0.5195
vn -0.4408 -0.7320 -0.5195
vn -0.4816 -0.7657 -0.4263
vn 0.5901 0.8026 0.0866
vn 0.6148 0.7883 0.0237
vn -0.0000 0.9930 0.1182
vn 0.5849 0.7905 0.1818
vn -0.6133 0.7785 -0.1337
vn -0.0000 0.9969 -0.0785
vn -0.0000 0.9787 -0.2052
vn -0.5849 0.7905 0.1818
vn -0.0000 0.9737 0.2277
vn -0.6148 0.7883 0.0237
vn -0.0000 0.9997 0.0236
vn -0.6278 0.7770 -0.0471
vn 0.6278 0.7769 -0.0471
vn 0.6133 0.7785 -0.1337
vn -0.0000 0.9495 0.3139
vn -0.9306 0.2918 0.2209
vn -0.8965 0.3931 0.2045
vn -0.9844 0.0315 0.1733
vn -0.9201 -0.3066 0.2438
vn -0.9813 0.0393 0.1884
vn -0.9692 -0.1576 0.1891
vn -0.7856 -0.5813 0.2121
vn -0.8660 -0.4408 0.2362
vn -0.9740 0.1257 0.1885
vn -0.9692 -0.1576 0.1892
vn -0.9844 0.0314 0.1733
vn -0.9813 0.0392 0.1884
vn -0.5731 -0.8165 -0.0707
vn -0.5731 -0.8164 -0.0707
vn -0.5730 -0.8165 -0.0707
vn -0.5509 -0.8344 0.0158
vn 0.5891 0.7147 -0.3770
vn 0.8711 0.4787 -0.1099
vn 0.8817 0.4172 -0.2204
vn -0.7376 -0.6748 0.0235
vn -0.5902 0.8026 0.0865
vn -0.6149 0.7883 0.0236
vn -0.8439 0.5364 0.0079
vn -0.5850 0.7904 0.1818
vn -0.8430 0.5358 0.0473
vn 0.4816 -0.7657 -0.4263
vn 0.6461 -0.7485 -0.1497
vn 0.5731 -0.8164 -0.0707
vn 0.7376 -0.6749 0.0235
vn 0.5510 -0.8343 0.0157
vn 0.7987 -0.6010 0.0316
vn 0.9394 -0.3395 0.0474
vn 0.9482 -0.3161 0.0316
vn 0.9394 -0.3394 0.0474
vn 0.9984 -0.0472 -0.0314
vn 0.9995 0.0314 0.0079
vn 0.9842 0.0945 -0.1496
vn 0.9984 -0.0472 -0.0315
vn 0.9191 -0.3613 -0.1571
vn 0.9438 0.0078 -0.3303
vn 0.9191 -0.3613 -0.1572
vn 0.9217 -0.0867 -0.3781
vn -0.7303 -0.6519 0.2042
vn -0.0001 -0.8498 -0.5271
vn 0.9156 -0.3867 -0.1105
vn -0.0000 -0.2519 0.9678
vn -0.9082 -0.0000 0.4185
vn -0.0000 0.2517 0.9678
vn 0.0001 0.2518 0.9678
vn -0.0000 0.5975 0.8018
vn -0.8862 0.4234 -0.1882
vn -0.9179 0.3766 -0.1255
vn -0.0000 0.9849 -0.1733
vn 0.1651 0.8021 -0.5740
vn -0.1573 0.8496 -0.5034
vn -0.7515 0.6092 0.2532
vn -0.9306 0.2919 0.2209
vn -0.9306 0.2918 0.2208
vn -0.9754 -0.0078 0.2203
vn 0.7515 0.6092 0.2532
vn 0.7619 0.6283 0.1571
vn 0.7619 0.6284 0.1571
vn 0.9754 -0.0078 0.2203
vn 0.8277 0.5597 -0.0394
vn 0.8861 0.4235 -0.1882
vn -0.9910 -0.0000 -0.1337
vn -0.9910 -0.0000 -0.1338
vn 0.9910 -0.0000 -0.1337
vn 0.5503 -0.8332 0.0550
vn 0.8075 -0.5880 0.0470
vn 0.9844 0.0314 0.1733
vn 0.9201 -0.3066 0.2438
vn 0.9740 0.1256 0.1885
vn 0.9518 -0.0000 -0.3067
vn 0.9210 -0.3857 0.0551
vn 0.7477 -0.6611 -0.0629
vn -0.8580 0.4959 0.1338
vn -0.8660 -0.4408 0.2361
vn -0.9674 0.2281 0.1101
vn -0.9692 -0.1575 0.1891
vn -0.7855 -0.5813 0.2121
vn -0.9242 -0.3476 0.1580
vn -0.9942 -0.0315 0.1026
vn -0.9201 -0.3067 0.2438
vn -0.9555 0.2922 0.0395
vn -0.9989 0.0079 0.0472
vn -0.8431 0.5357 0.0473
vn -0.9438 0.3304 0.0079
vn -0.8440 0.5363 0.0079
vn -0.9992 0.0315 0.0236
vn -0.5047 -0.8280 0.2445
vn -0.7792 -0.6140 0.1260
vn -0.0000 -0.9633 0.2685
vn -0.9356 -0.3381 0.1022
vn -0.5171 -0.8384 0.1724
vn -0.0000 -0.9806 0.1961
vn 0.5047 -0.8280 0.2445
vn 0.7855 -0.5813 0.2121
vn 0.7792 -0.6140 0.1260
vn 0.4885 -0.8195 0.2995
vn 0.5186 -0.8095 0.2751
vn 0.5171 -0.8384 0.1724
vn 0.5375 -0.8379 0.0949
vn -0.0000 -0.9930 0.1182
vn 0.7970 -0.5998 0.0710
vn 0.8075 -0.5880 0.0471
vn 0.9448 -0.3229 0.0551
vn 0.9356 -0.3381 0.1022
vn 0.9490 -0.3137 0.0314
vn 0.9989 0.0078 0.0472
vn 0.9942 -0.0316 0.1026
vn 0.9243 -0.3475 0.1580
vn 0.9992 0.0314 0.0236
vn -0.8495 0.5271 -0.0236
vn -0.6278 0.7769 -0.0471
vn -0.8576 0.5114 -0.0551
vn -0.6133 0.7784 -0.1337
vn 0.0001 0.9930 0.1182
vn 0.6148 0.7883 0.0236
vn 0.8495 0.5271 -0.0236
vn 0.8575 0.5114 -0.0551
vn 0.6134 0.7784 -0.1336
vn 0.8439 0.5364 0.0079
vn 0.5902 0.8026 0.0866
vn 0.5850 0.7904 0.1818
vn 0.8430 0.5358 0.0473
vn 0.8580 0.4959 0.1338
vn 0.8431 0.5357 0.0473
vn 0.8440 0.5363 0.0079
vn 0.9555 0.2922 0.0395
vn -0.9482 -0.3160 0.0316
vn -0.9995 0.0314 0.0079
vn -0.9394 -0.3394 0.0474
vn -0.9394 -0.3395 0.0474
vn -0.9210 -0.3857 0.0551
vn -0.7376 -0.6748 0.0236
vn -0.8945 0.4472 -0.0000
vn -0.9518 -0.0000 0.3067
vn -0.1819 0.9412 -0.2848
vn -0.0000 0.9715 -0.2370
vn -0.0006 0.8585 -0.5128
vn -0.0000 0.8589 -0.5122
vn 0.1819 0.9412 -0.2847
vn 0.1500 0.8843 -0.4422
vn 0.2607 0.9638 -0.0553
vn -0.1500 0.8843 -0.4422
vn -0.4641 0.8731 -0.1495
vn -0.1580 0.9874 0.0079
vn -0.7726 0.2680 -0.5755
vn -0.8397 -0.0393 -0.5416
vn -0.4077 -0.7919 -0.4547
vn -0.2205 -0.8660 -0.4487
vn -0.4077 -0.7918 -0.4548
vn 0.8869 -0.4316 -0.1648
vn 0.9975 -0.0001 0.0707
vn -0.0000 1.0000 0.0001
vn -0.5271 0.8498 -0.0000
vn -0.3778 0.8735 -0.3070
vn -0.9975 -0.0001 0.0707
vn -0.8869 -0.4316 -0.1648
vn -0.0000 0.8588 -0.5122
vn 0.1819 0.9412 -0.2848
vn 0.4641 0.8731 -0.1495
vn 0.1820 0.9412 -0.2847
vn 0.2608 0.9638 -0.0553
vn 0.2589 0.9648 0.0470
vn 0.1580 0.9874 0.0079
vn 0.9989 0.0471 0.0079
vn 0.9995 0.0315 0.0079
vn 0.9989 0.0473 0.0079
vn 0.9438 0.3303 -0.0079
vn 0.8495 0.5270 -0.0236
vn 0.9538 0.2996 -0.0236
vn 0.8576 0.5114 -0.0551
vn 0.9756 0.2125 -0.0551
vn 0.9984 -0.0471 -0.0315
vn 0.8711 0.4787 -0.1098
vn 0.8490 0.2673 -0.4559
vn 0.9438 0.0079 -0.3303
vn 0.8489 0.2672 -0.4559
vn 0.7949 0.2361 -0.5589
vn 0.9217 -0.0866 -0.3782
vn 0.0001 0.9354 -0.3537
vn 0.5890 0.7148 -0.3770
vn -0.0000 0.8498 -0.5272
vn 0.5883 0.7687 -0.2510
vn 0.6133 0.7784 -0.1337
vn 0.0001 0.7110 -0.7032
vn -0.5747 0.5826 -0.5747
vn -0.0000 0.7110 -0.7031
vn -0.5278 0.5121 -0.6776
vn -0.8489 0.2673 -0.4559
vn 0.0001 0.8498 -0.5272
vn -0.6351 0.5803 -0.5097
vn -0.0000 0.4660 -0.8848
vn -0.5662 0.4090 -0.7157
vn -0.0000 0.4661 -0.8848
vn 0.5279 0.5121 -0.6776
vn 0.5662 0.4090 -0.7157
vn 0.7949 0.2362 -0.5589
vn 0.5662 0.4089 -0.7157
vn -0.0001 0.9354 -0.3537
vn -0.5890 0.7148 -0.3770
vn -0.5883 0.7687 -0.2510
vn -0.8711 0.4787 -0.1099
vn -0.8816 0.4173 -0.2205
vn -0.9756 0.2125 -0.0551
vn -0.9538 0.2996 -0.0237
vn -0.8495 0.5270 -0.0236
vn -0.9984 -0.0471 -0.0314
vn -0.9984 -0.0472 -0.0315
vn -0.9995 0.0315 0.0079
vn -0.9438 0.3304 -0.0079
vn -0.9989 0.0472 0.0079
vn -0.9490 -0.3137 0.0314
vn -0.9482 -0.3161 0.0316
vn -0.9448 -0.3229 0.0551
vn -0.9989 0.0078 0.0472
vn -0.9942 -0.0316 0.1026
vn -0.9243 -0.3476 0.1580
vn -0.9356 -0.3380 0.1022
vn -0.7970 -0.5998 0.0710
vn -0.8075 -0.5880 0.0470
vn -0.5375 -0.8379 0.0949
vn -0.5502 -0.8332 0.0550
vn -0.7987 -0.6010 0.0316
vn -0.7986 -0.6010 0.0316
vn -0.5510 -0.8344 0.0157
vn -0.0001 -0.9980 0.0629
vn -0.7376 -0.6749 0.0235
vn -0.7476 -0.6611 -0.0630
vn -0.5658 -0.8094 -0.1571
vn -0.3859 -0.8977 -0.2126
vn -0.5507 -0.8182 -0.1653
vn 0.9518 -0.0000 0.3067
vn 0.6845 0.5271 0.5035
vn 0.7959 0.1891 0.5752
vn 0.7228 -0.4478 0.5263
vn 0.9821 -0.1886 -0.0000
vn 1.0000 -0.0000 -0.0000
vn 1.0000 -0.0001 -0.0000
vn 1.0000 0.0001 -0.0000
vn -1.0000 -0.0000 -0.0000
vn -1.0000 -0.0001 -0.0000
vn -1.0000 0.0001 -0.0000
vn 0.3303 0.1730 0.9279
vn 0.5204 0.6308 0.5756
vn 0.2208 0.2366 0.9462
vn 0.2133 0.5528 0.8056
vn -0.2755 0.4487 0.8502
vn 0.2132 0.5528 0.8056
vn 0.1651 0.8020 0.5740
vn -0.1573 0.8496 0.5035
vn -0.6845 0.5272 0.5036
vn -0.6845 0.5272 -0.5035
vn -0.4890 0.7968 0.3550
vn -0.0001 1.0000 -0.0000
vn 0.1651 0.8021 0.5740
vn 0.3777 0.8736 0.3069
vn 0.3778 0.8735 -0.3069
vn 0.5272 0.8497 -0.0000
vn 0.6324 0.7747 -0.0000
vn -0.2757 -0.7643 0.5830
vn -0.4721 -0.8264 0.3070
vn -0.1575 -0.8031 0.5747
vn -0.4722 -0.8263 0.3069
vn -0.4722 -0.8264 -0.3069
vn -0.4722 -0.8263 0.3070
vn -0.8498 -0.5271 -0.0000
vn -0.7227 -0.4478 0.5264
vn -0.2758 -0.7642 0.5830
vn -0.7228 -0.4478 0.5263
vn -0.8498 -0.5272 -0.0000
vn -0.9518 -0.0000 0.3068
vn -0.1573 0.8496 0.5034
vn 0.3778 0.8735 0.3070
vn 0.6845 0.5271 0.5036
vn 0.6845 0.5272 -0.5035
vn 0.1574 0.8496 -0.5035
vn -0.1652 0.8020 0.5740
vn 0.2755 0.4487 0.8502
vn -0.2132 0.5528 0.8056
vn -0.1651 0.8021 0.5740
vn -0.2133 0.5528 0.8055
vn 0.2757 -0.7642 0.5830
vn 0.4722 -0.8263 0.3069
vn 0.7228 -0.4478 0.5264
vn 0.2758 -0.7642 0.5831
vn 0.2757 -0.7643 0.5830
vn 0.1575 -0.8031 0.5747
vn -0.0235 -0.3536 0.9351
vn 0.1574 -0.8030 0.5748
vn -0.5886 -0.0000 0.8084
vn -0.7959 0.1891 0.5752
vn 0.3233 -0.1735 0.9303
vn 0.5886 -0.0000 0.8084
vn 0.3778 0.8736 0.3069
vn 0.2133 0.5528 0.8055
vn 0.1652 0.8020 0.5740
vn 0.2758 -0.7642 0.5830
vn 0.7227 -0.4478 0.5264
vn 0.3074 -0.4965 0.8118
vn 0.0472 0.0236 0.9986
vn 0.3232 -0.1735 0.9303
vn 0.3232 -0.1734 0.9303
vn 0.7959 0.1890 0.5752
vn 0.7958 0.1891 0.5752
vn -0.2757 -0.7642 0.5830
vn 0.0236 -0.3536 0.9351
vn -0.3073 -0.4965 0.8118
vn -0.1575 -0.8030 0.5747
vn -0.7228 -0.4478 0.5264
vn -0.0472 0.0236 0.9986
vn -0.3232 -0.1734 0.9303
vn -0.3074 -0.4965 0.8118
vn -0.3232 -0.1735 0.9303
vn -0.3303 0.1730 0.9279
vn -0.2208 0.2366 0.9462
vn -0.0236 -0.3536 0.9351
vn 0.3073 -0.4965 0.8118
vn -0.2133 0.5528 0.8056
vn -0.0472 0.0237 0.9986
vn 0.2208 0.2365 0.9462
vn 0.3302 0.1729 0.9279
vn -0.0471 0.0236 0.9986
vn -0.2208 0.2365 0.9462
vn -0.3302 0.1730 0.9279
vn 0.8518 0.1656 -0.4970
vn 0.4970 -0.1656 -0.8518
vn 0.4970 0.1656 -0.8518
vn 0.8518 -0.1657 -0.4970
vn 0.7569 0.4888 -0.4337
vn 0.7569 -0.4888 -0.4337
vn 0.8518 -0.1656 0.4969
vn 0.4337 -0.4888 0.7569
vn 0.7569 -0.4888 0.4337
vn 0.4969 -0.1657 0.8518
vn 0.4970 0.1656 0.8518
vn 0.8518 0.1656 0.4970
vn 0.4337 0.4888 0.7569
vn 0.7569 0.4888 0.4337
vn 0.6604 0.6446 -0.3852
vn 0.8730 0.4876 -0.0000
vn 0.7570 0.4889 -0.4336
vn 0.7637 0.6456 -0.0000
vn 0.9426 0.2199 -0.2514
vn 0.9405 0.3398 -0.0000
vn 0.8519 0.1656 -0.4969
vn 0.8519 -0.1656 -0.4969
vn 0.9426 -0.2199 -0.2514
vn 0.7570 -0.4889 -0.4336
vn 0.8730 -0.4877 -0.0001
vn 0.9405 -0.3398 -0.0000
vn 0.6604 -0.6446 -0.3852
vn 0.7637 -0.6456 -0.0000
vn 0.9426 0.2200 0.2514
vn 0.8519 0.1656 0.4969
vn 0.9426 -0.2200 0.2514
vn 0.8519 -0.1656 0.4969
vn 0.7570 0.4889 0.4336
vn 0.7570 -0.4889 0.4336
vn 0.6604 0.6446 0.3852
vn 0.7637 0.6456 0.0001
vn 0.8730 -0.4876 -0.0000
vn 0.6604 -0.6446 0.3852
vn 0.7637 -0.6456 0.0001
vn 0.8643 -0.0000 -0.5029
vn 0.5029 -0.0000 -0.8643
vn 0.8644 -0.0000 -0.5029
vn 1.0000 -0.0000 -0.0001
vn 0.5030 0.0001 0.8643
vn 0.8644 -0.0000 0.5029
vn 0.5029 -0.0000 0.8643
vn 1.0000 -0.0000 0.0001
vn 0.5029 -0.0001 -0.8643
vn 0.8644 -0.0000 0.5028
vn 0.8518 0.1657 -0.4969
vn 0.4337 0.4888 -0.7569
vn 0.4312 -0.5095 -0.7447
vn 0.8518 -0.1656 -0.4969
vn 0.7447 -0.5095 -0.4312
vn 0.4337 0.4888 0.7570
vn 0.8518 0.1657 0.4969
vn 0.7569 0.4889 0.4337
vn 0.8518 -0.1657 0.4969
vn 0.4312 -0.5095 0.7446
vn 0.7447 -0.5095 0.4312
vn 0.9862 -0.1657 -0.0001
vn 0.8519 0.1657 -0.4969
vn 0.9862 0.1657 -0.0001
vn 0.7447 -0.5095 -0.4311
vn 0.8731 0.4876 -0.0001
vn 0.8589 -0.5122 -0.0001
vn 0.6308 -0.6860 -0.3626
vn 0.7303 -0.6832 -0.0001
vn 0.7570 0.4888 0.4336
vn 0.9862 0.1657 -0.0000
vn 0.8519 -0.1657 0.4969
vn 0.9862 -0.1657 0.0001
vn 0.7447 -0.5095 0.4311
vn 0.8589 -0.5122 -0.0000
vn 0.6308 -0.6860 0.3627
vn 0.7303 -0.6832 0.0001
vn -0.3852 0.6446 0.6603
vn -0.7569 0.4889 0.4337
vn -0.4337 0.4889 0.7569
vn -0.6604 0.6446 0.3852
vn -0.7569 0.4889 -0.4337
vn -0.3852 0.6446 -0.6603
vn -0.4337 0.4889 -0.7569
vn -0.6603 0.6446 -0.3852
vn 0.3852 0.6446 -0.6603
vn 0.7569 0.4889 -0.4337
vn 0.4337 0.4889 -0.7569
vn 0.6603 0.6446 -0.3852
vn 0.6603 0.6446 0.3853
vn 0.4337 0.4889 0.7569
vn 0.3852 0.6446 0.6603
vn -0.4186 0.9082 -0.0000
vn -0.4185 0.9082 -0.0000
vn -0.6603 0.6446 0.3853
vn -0.3853 0.6446 -0.6603
vn -0.4336 -0.4889 0.7570
vn -0.0000 -0.1657 0.9862
vn -0.4969 -0.1656 0.8519
vn -0.4969 0.1656 0.8519
vn -0.0001 -0.4876 0.8730
vn -0.3852 -0.6446 0.6604
vn -0.0000 -0.6456 0.7637
vn -0.0000 0.1657 0.9862
vn -0.4336 0.4889 0.7570
vn -0.0001 0.4876 0.8730
vn -0.3852 0.6446 0.6604
vn -0.0001 0.6456 0.7637
vn 0.0001 0.1657 0.9862
vn 0.4336 0.4889 0.7570
vn 0.0001 0.4876 0.8730
vn 0.3852 0.6446 0.6604
vn -0.0000 0.6456 0.7637
vn 0.4969 0.1657 0.8519
vn 0.4969 -0.1656 0.8519
vn 0.0001 -0.1657 0.9862
vn 0.4336 -0.4888 0.7570
vn -0.0000 -0.4877 0.8730
vn 0.3852 -0.6446 0.6604
vn -0.5029 -0.0000 0.8644
vn -0.0001 -0.0000 1.0000
vn 0.5029 -0.0000 0.8644
vn -0.5028 -0.0000 0.8644
vn 0.5028 -0.0000 0.8644
vn -0.8643 -0.0000 0.5029
vn 0.8643 -0.0000 0.5029
vn -0.5271 -0.0000 0.8498
vn -0.5272 -0.0000 0.8498
vn -0.5272 -0.0000 0.8497
vn -0.4970 -0.1656 0.8518
vn -0.4970 0.1657 0.8518
vn -0.8518 -0.1656 0.4969
vn -0.4312 -0.5095 0.7447
vn -0.8518 0.1656 0.4969
vn -0.7447 -0.5095 0.4312
vn -0.4337 0.4888 0.7569
vn -0.7569 0.4888 0.4337
vn -0.0000 -0.5122 0.8589
vn -0.4311 -0.5095 0.7447
vn -0.3627 -0.6860 0.6308
vn -0.0000 -0.6832 0.7303
vn -0.0000 0.4876 0.8730
vn 0.0001 0.6456 0.7637
vn 0.4969 0.1656 0.8519
vn 0.4311 -0.5095 0.7447
vn 0.3627 -0.6860 0.6308
vn -0.0000 -0.6831 0.7303
vn 0.4969 0.1656 0.8518
vn 0.4969 -0.1656 0.8518
vn 0.8518 0.1656 0.4969
vn 0.8518 -0.1656 0.4970
vn -0.9862 0.1657 0.0001
vn -0.9862 -0.1657 -0.0000
vn -0.8519 -0.1656 0.4969
vn -0.8519 0.1656 0.4969
vn -0.7570 -0.4889 0.4336
vn -0.7570 0.4889 0.4336
vn -0.8730 -0.4877 -0.0000
vn -0.8731 0.4876 -0.0000
vn -0.6604 -0.6446 0.3852
vn -0.7637 -0.6456 -0.0000
vn -0.7637 0.6456 0.0001
vn -0.6604 0.6446 -0.3852
vn -0.7570 0.4888 -0.4336
vn -0.8730 0.4877 -0.0000
vn -0.7637 0.6456 -0.0000
vn -0.9862 0.1657 -0.0000
vn -0.8519 0.1656 -0.4969
vn -0.9862 -0.1657 -0.0001
vn -0.8519 -0.1656 -0.4969
vn -0.7570 -0.4889 -0.4336
vn -0.8730 -0.4876 -0.0000
vn -0.6604 -0.6446 -0.3852
vn -0.7637 -0.6456 -0.0001
vn -0.7569 -0.4889 0.4337
vn -0.4337 -0.4888 0.7569
vn -0.8518 0.1656 0.4970
vn -0.4969 0.1656 0.8518
vn -0.4970 0.1656 -0.8518
vn -0.4970 -0.1656 -0.8518
vn -0.8518 -0.1656 -0.4969
vn -0.8518 0.1657 -0.4970
vn -0.7569 -0.4888 -0.4337
vn -0.8644 -0.0000 -0.5029
vn -1.0000 -0.0000 0.0001
vn -0.8643 -0.0000 -0.5029
vn -0.5029 -0.0000 -0.8643
vn -0.8644 -0.0000 0.5029
vn -0.5030 -0.0001 0.8643
vn -0.5029 -0.0000 0.8643
vn -0.5029 0.0001 -0.8643
vn -0.8644 -0.0000 0.5028
vn -0.7447 -0.5095 0.4311
vn -0.8589 -0.5122 0.0001
vn -0.6308 -0.6860 0.3627
vn -0.7303 -0.6832 -0.0000
vn -0.8519 0.1657 0.4969
vn -0.7569 0.4889 0.4336
vn -0.8730 0.4876 -0.0000
vn -0.8589 -0.5122 -0.0000
vn -0.6308 -0.6860 -0.3627
vn -0.7447 -0.5095 -0.4311
vn -0.8518 -0.1656 -0.4970
vn -0.8518 0.1656 -0.4969
vn -0.4969 -0.1656 -0.8518
vn -0.4311 -0.5095 -0.7447
vn -0.8519 -0.1657 -0.4969
vn -0.0000 -1.0000 -0.0000
vn -0.4337 -0.4889 0.7569
vn -0.3852 -0.6446 0.6603
vn -0.6603 -0.6446 0.3853
vn -0.3852 -0.6446 -0.6603
vn -0.7569 -0.4889 -0.4337
vn -0.4337 -0.4889 -0.7569
vn -0.6603 -0.6446 -0.3852
vn 0.3852 -0.6446 -0.6603
vn 0.4337 -0.4889 -0.7569
vn 0.7569 -0.4889 -0.4337
vn 0.6603 -0.6446 -0.3852
vn 0.4337 -0.4889 0.7569
vn 0.6603 -0.6446 0.3853
vn 0.7569 -0.4889 0.4337
vn 0.3852 -0.6446 0.6603
vn -0.4186 -0.9082 -0.0000
vn -0.4185 -0.9082 -0.0000
vn -0.4312 -0.5095 0.7446
vn -0.7446 -0.5095 0.4311
vn -0.4311 -0.5096 -0.7446
vn -0.7446 -0.5095 -0.4312
vn -0.3627 -0.6860 -0.6308
vn 0.4312 -0.5095 -0.7446
vn 0.7446 -0.5095 -0.4311
vn 0.6308 -0.6860 -0.3627
vn 0.3627 -0.6860 -0.6308
vn 0.4311 -0.5096 0.7446
vn 0.7446 -0.5095 0.4312
vn -0.4969 -0.1657 -0.8518
vn -0.4337 -0.4888 -0.7569
vn -0.4969 0.1657 -0.8518
vn -0.7569 0.4888 -0.4337
vn -0.4337 0.4888 -0.7569
vn -0.0001 -0.1657 -0.9862
vn -0.4336 -0.4888 -0.7570
vn -0.4969 -0.1656 -0.8519
vn -0.0001 -0.4877 -0.8730
vn -0.3852 -0.6446 -0.6604
vn -0.0000 -0.6456 -0.7637
vn -0.0001 0.1657 -0.9862
vn -0.4969 0.1656 -0.8519
vn -0.4336 0.4889 -0.7570
vn -0.0001 0.4876 -0.8730
vn -0.3852 0.6446 -0.6604
vn -0.0000 0.6456 -0.7637
vn 0.0001 -0.4876 -0.8730
vn 0.3852 -0.6446 -0.6604
vn 0.0001 -0.6456 -0.7637
vn 0.4336 -0.4889 -0.7570
vn -0.0000 -0.1657 -0.9862
vn 0.4969 -0.1656 -0.8519
vn 0.4969 0.1656 -0.8519
vn -0.0000 0.1657 -0.9862
vn 0.4336 0.4888 -0.7570
vn 0.0001 0.4876 -0.8730
vn 0.3852 0.6446 -0.6604
vn 0.4969 0.1657 -0.8518
vn 0.4969 -0.1656 -0.8518
vn 0.4337 -0.4888 -0.7569
vn -0.5029 -0.0000 -0.8644
vn -0.0001 -0.0000 -1.0000
vn 0.5029 -0.0000 -0.8644
vn 0.5028 -0.0000 -0.8644
vn -0.5028 -0.0000 -0.8644
vn -0.0000 -0.0000 -1.0000
vn 0.0001 -0.0000 -1.0000
vn -0.5272 -0.0000 -0.8497
vn -0.5271 -0.0000 -0.8498
vn -0.4969 0.1656 -0.8518
vn -0.8518 0.1656 -0.4970
vn -0.7447 -0.5095 -0.4312
vn -0.8518 -0.1657 -0.4969
vn -0.4312 -0.5095 -0.7447
vn -0.0001 -0.5122 -0.8589
vn -0.0001 -0.6832 -0.7303
vn -0.0000 0.4876 -0.8730
vn -0.0001 0.6456 -0.7637
vn 0.4336 0.4889 -0.7570
vn 0.0001 0.4877 -0.8730
vn 0.4311 -0.5095 -0.7447
vn 0.0001 -0.5122 -0.8589
vn -0.0000 -0.6832 -0.7303
vn 0.8518 0.1656 -0.4969
vn 0.8518 -0.1656 -0.4970
vt 0.098749 0.471993
vt 0.098749 0.378640
vt 0.098749 0.395620
vt 0.098749 0.458076
vt 0.098749 0.317091
vt 0.098749 0.333091
vt 0.098749 0.301723
vt 0.098749 0.306395
vt 0.098749 0.455229
vt 0.098749 0.421302
vt 0.098749 0.517819
vt 0.098749 0.640179
vt 0.098749 0.618385
vt 0.098749 0.745071
vt 0.098749 0.599365
vt 0.098749 0.772781
vt 0.873425 0.658407
vt 0.873425 0.441440
vt 0.873425 0.506634
vt 0.873425 0.504617
vt 0.873425 0.684216
vt 0.873425 0.685710
vt 0.873425 0.571073
vt 0.873425 0.569756
vt 0.873425 0.328141
vt 0.873425 0.501367
vt 0.873425 0.324956
vt 0.679494 0.939929
vt 0.679494 0.917972
vt 0.679494 0.940892
vt 0.679494 0.965341
vt 0.873425 0.327559
vt 0.873425 0.213958
vt 0.873425 0.232792
vt 0.873425 0.442196
vt 0.873425 0.133552
vt 0.873425 0.354862
vt 0.873425 0.228525
vt 0.873425 0.189478
vt 0.873425 0.642992
vt 0.873425 0.779038
vt 0.873425 0.796385
vt 0.873425 0.779598
vt 0.873425 0.846007
vt 0.873425 0.780648
vt 0.873425 0.795253
vt 0.873425 0.795252
vt 0.873425 0.694126
vt 0.679494 0.875367
vt 0.679494 0.887956
vt 0.679494 0.924829
vt 0.679494 0.956875
vt 0.679494 0.073915
vt 0.679494 0.108560
vt 0.679494 0.084846
vt 0.679494 0.069510
vt 0.679494 0.149661
vt 0.679494 0.110642
vt 0.679494 0.852829
vt 0.679494 0.890683
vt 0.679494 0.825646
vt 0.679494 0.806529
vt 0.679494 0.851228
vt 0.679494 0.550646
vt 0.679494 0.488557
vt 0.679494 0.550514
vt 0.679494 0.422665
vt 0.679494 0.384745
vt 0.679494 0.432617
vt 0.679494 0.371466
vt 0.679494 0.413363
vt 0.679494 0.335614
vt 0.679494 0.294300
vt 0.679494 0.327658
vt 0.679494 0.357990
vt 0.679494 0.404058
vt 0.679494 0.314090
vt 0.679494 0.340251
vt 0.679494 0.399579
vt 0.679494 0.292780
vt 0.679494 0.277636
vt 0.679494 0.266698
vt 0.679494 0.282895
vt 0.679494 0.242436
vt 0.679494 0.272866
vt 0.679494 0.243212
vt 0.679494 0.263259
vt 0.679494 0.294301
vt 0.679494 0.309397
vt 0.679494 0.314283
vt 0.679494 0.348678
vt 0.679494 0.394476
vt 0.679494 0.447201
vt 0.679494 0.403897
vt 0.679494 0.442831
vt 0.679494 0.211856
vt 0.679494 0.205311
vt 0.679494 0.198618
vt 0.679494 0.174468
vt 0.679494 0.166701
vt 0.679494 0.132038
vt 0.679494 0.092350
vt 0.679494 0.116327
vt 0.679494 0.127972
vt 0.679494 0.142615
vt 0.679494 0.075113
vt 0.679494 0.095705
vt 0.679494 0.135168
vt 0.679494 0.166792
vt 0.679494 0.202541
vt 0.679494 0.174281
vt 0.679494 0.238264
vt 0.679494 0.207901
vt 0.679494 0.259441
vt 0.679494 0.132114
vt 0.679494 0.145786
vt 0.679494 0.120752
vt 0.679494 0.822852
vt 0.679494 0.868324
vt 0.679494 0.346438
vt 0.679494 0.329262
vt 0.679494 0.768093
vt 0.679494 0.821425
vt 0.679494 0.850742
vt 0.679494 0.777554
vt 0.679494 0.748087
vt 0.679494 0.579443
vt 0.679494 0.640323
vt 0.679494 0.575649
vt 0.679494 0.630941
vt 0.679494 0.702357
vt 0.679494 0.646103
vt 0.679494 0.703989
vt 0.679494 0.734403
vt 0.679494 0.789410
vt 0.679494 0.827589
vt 0.679494 0.832560
vt 0.679494 0.748086
vt 0.679494 0.753145
vt 0.679494 0.753144
vt 0.679494 0.822853
vt 0.679494 0.903182
vt 0.679494 0.886061
vt 0.679494 0.789409
vt 0.679494 0.484189
vt 0.679494 0.569639
vt 0.679494 0.485821
vt 0.679494 0.722704
vt 0.679494 0.657638
vt 0.679494 0.732470
vt 0.679494 0.576209
vt 0.679494 0.649064
vt 0.679494 0.649065
vt 0.679494 0.767944
vt 0.679494 0.557808
vt 0.679494 0.482197
vt 0.679494 0.677983
vt 0.679494 0.619820
vt 0.679494 0.734108
vt 0.679494 0.676537
vt 0.679494 0.276391
vt 0.679494 0.282919
vt 0.679494 0.138542
vt 0.679494 0.414240
vt 0.679494 0.459090
vt 0.679494 0.095959
vt 0.679494 0.178936
vt 0.679494 0.053377
vt 0.679494 0.304495
vt 0.679494 0.404218
vt 0.679494 0.503940
vt 0.679494 0.566873
vt 0.679494 0.719262
vt 0.679494 0.483450
vt 0.679494 0.394667
vt 0.679494 0.396317
vt 0.679494 0.450535
vt 0.679494 0.452283
vt 0.679494 0.511683
vt 0.679494 0.514435
vt 0.679494 0.505046
vt 0.679494 0.496727
vt 0.679494 0.557087
vt 0.679494 0.632491
vt 0.679494 0.703141
vt 0.098749 0.569325
vt 0.098749 0.513286
vt 0.098749 0.397681
vt 0.679494 0.614998
vt 0.679494 0.619734
vt 0.679494 0.686323
vt 0.679494 0.747872
vt 0.679494 0.806552
vt 0.679494 0.792435
vt 0.679494 0.956876
vt 0.679494 0.514434
vt 0.679494 0.777553
vt 0.679494 0.055248
vt 0.679494 0.160581
vt 0.679494 0.061170
vt 0.679494 0.258650
vt 0.679494 0.259992
vt 0.679494 0.049327
vt 0.679494 0.160899
vt 0.679494 0.455141
vt 0.679494 0.461380
vt 0.679494 0.650290
vt 0.679494 0.272471
vt 0.679494 0.105421
vt 0.679494 0.092614
vt 0.679494 0.042362
vt 0.679494 0.207683
vt 0.679494 0.142866
vt 0.679494 0.168480
vt 0.679494 0.309946
vt 0.679494 0.322753
vt 0.679494 0.477026
vt -0.482355 -0.047473
vt -0.612187 -0.047473
vt -0.482355 -0.139045
vt -0.612187 -0.139045
vt -0.484660 -0.071178
vt -0.438825 -0.115339
vt -0.438825 -0.071178
vt -0.484660 -0.115339
vt -0.492212 -0.029681
vt -0.492212 -0.156836
vt -0.609883 -0.115339
vt -0.642637 -0.156836
vt -0.602331 -0.156836
vt -0.655717 -0.115339
vt -0.655717 -0.071178
vt -0.609883 -0.071178
vt -0.642637 -0.029681
vt -0.602331 -0.029681
vt -0.506405 0.004147
vt -0.547271 -0.029681
vt -0.547271 0.004147
vt -0.515965 -0.071178
vt -0.547271 -0.071178
vt -0.515965 -0.115339
vt -0.547271 -0.156836
vt -0.547271 -0.115339
vt -0.506405 -0.190665
vt -0.547271 -0.190665
vt -0.578577 -0.071178
vt -0.578577 -0.115339
vt -0.588138 0.004147
vt -0.588138 -0.190665
vt -0.506405 -0.197711
vt -0.476488 -0.197711
vt -0.476488 -0.190665
vt -0.547271 -0.197711
vt -0.618054 -0.197711
vt -0.618054 -0.190665
vt -0.588138 -0.197711
vt -0.506405 0.013214
vt -0.547271 0.013214
vt -0.476488 0.013214
vt -0.476488 0.004147
vt -0.618054 0.004147
vt -0.588138 0.013214
vt -0.618054 0.013214
vt -0.630672 0.013214
vt -0.595423 0.022119
vt -0.630672 0.022119
vt -0.595423 0.013214
vt -0.547271 0.022119
vt -0.499120 0.022119
vt -0.499120 0.013214
vt -0.512909 -0.001751
vt -0.512909 0.022119
vt -0.547271 -0.001751
vt -0.581633 -0.001751
vt -0.581633 0.022119
vt -0.606788 -0.001751
vt -0.606788 0.022119
vt -0.604197 -0.113334
vt -0.633977 -0.151063
vt -0.597331 -0.151063
vt -0.633977 -0.035455
vt -0.604197 -0.073183
vt -0.597331 -0.035455
vt -0.460565 -0.151063
vt -0.490345 -0.113334
vt -0.497211 -0.151063
vt -0.490345 -0.073183
vt -0.460565 -0.035455
vt -0.497211 -0.035455
vt -0.547271 -0.073183
vt -0.547271 -0.113334
vt -0.547271 -0.151063
vt -0.547271 -0.035455
vt -0.584427 -0.181820
vt -0.547271 -0.181820
vt -0.510115 -0.181820
vt -0.483432 -0.017013
vt -0.428933 -0.032736
vt -0.469239 0.007570
vt -0.453515 -0.046929
vt -0.428933 -0.142856
vt -0.483432 -0.158579
vt -0.469239 -0.183162
vt -0.453515 -0.128663
vt -0.565165 -0.158579
vt -0.619664 -0.142856
vt -0.579358 -0.183162
vt -0.595082 -0.128663
vt -0.595082 -0.046929
vt -0.579358 0.007570
vt -0.619664 -0.032736
vt -0.565165 -0.017013
vt -0.427995 -0.087796
vt -0.440897 -0.039644
vt -0.464782 -0.053434
vt -0.476147 -0.004395
vt -0.455575 -0.087796
vt -0.489937 -0.028279
vt -0.440897 -0.135948
vt -0.524299 0.008507
vt -0.464782 -0.122158
vt -0.524299 -0.019072
vt -0.476147 -0.171197
vt -0.489937 -0.147313
vt -0.572450 -0.004395
vt -0.524299 -0.156520
vt -0.558660 -0.028279
vt -0.524299 -0.184099
vt -0.583815 -0.053434
vt -0.607700 -0.039644
vt -0.620602 -0.087796
vt -0.593022 -0.087796
vt -0.572450 -0.171197
vt -0.558660 -0.147313
vt -0.583815 -0.122158
vt -0.607700 -0.135948
vt -0.695467 -0.152712
vt -0.649521 -0.087796
vt -0.695467 -0.022880
vt -0.641133 -0.119102
vt -0.641133 -0.056490
vt -0.561454 -0.152152
vt -0.611005 -0.137856
vt -0.574358 -0.174502
vt -0.588654 -0.124952
vt -0.574358 -0.001090
vt -0.611005 -0.037736
vt -0.588654 -0.050640
vt -0.561454 -0.023440
vt -0.437592 -0.037736
vt -0.474239 -0.001090
vt -0.487143 -0.023440
vt -0.459943 -0.050640
vt -0.437592 -0.137856
vt -0.487143 -0.152152
vt -0.474239 -0.174502
vt -0.459943 -0.124952
vt -0.449987 -0.087796
vt -0.524299 -0.013484
vt -0.598610 -0.087796
vt -0.524299 -0.162108
vt -0.625304 -0.156836
vt -0.570244 -0.115339
vt -0.632856 -0.115339
vt -0.632856 -0.071178
vt -0.570244 -0.156836
vt -0.611111 -0.190665
vt -0.570244 -0.190665
vt -0.570244 -0.071178
vt -0.625304 -0.029681
vt -0.570244 -0.029681
vt -0.611111 0.004147
vt -0.570244 0.004147
vt -0.515185 -0.029681
vt -0.529378 0.004147
vt -0.507633 -0.071178
vt -0.507633 -0.115339
vt -0.515185 -0.156836
vt -0.529378 -0.190665
vt -0.611111 -0.197711
vt -0.570244 -0.197711
vt -0.529378 -0.197711
vt -0.570244 0.013214
vt -0.611111 0.013214
vt -0.529378 0.013214
vt -0.570244 0.022119
vt -0.618396 0.013214
vt -0.618396 0.022119
vt -0.522093 0.022119
vt -0.522093 0.013214
vt -0.570244 -0.001751
vt -0.535882 -0.001751
vt -0.535882 0.022119
vt -0.510728 0.022119
vt -0.604606 -0.001751
vt -0.510728 -0.001751
vt -0.604606 0.022119
vt -0.629761 -0.001751
vt -0.629761 0.022119
vt -0.399076 -0.139045
vt -0.453410 -0.071178
vt -0.453410 -0.115339
vt -0.399076 -0.047473
vt -0.513318 -0.073183
vt -0.513318 -0.113334
vt -0.471646 -0.073183
vt -0.520184 -0.035455
vt -0.471646 -0.113334
vt -0.483538 -0.035455
vt -0.520184 -0.151063
vt -0.483538 -0.151063
vt -0.570244 -0.035455
vt -0.570244 -0.073183
vt -0.570244 -0.113334
vt -0.570244 -0.151063
vt -0.533088 -0.181820
vt -0.570244 -0.181820
vt -0.620304 -0.151063
vt -0.607400 -0.181820
vt -0.627170 -0.113334
vt -0.627170 -0.073183
vt -0.620304 -0.035455
vt -0.668843 -0.113334
vt -0.668843 -0.073183
vt -0.451905 -0.156836
vt -0.451905 -0.029681
vt -0.463870 0.022119
vt -0.463870 0.013214
vt -0.487755 0.022119
vt -0.487755 -0.001751
vt -0.448673 -0.073183
vt -0.529378 -0.017013
vt -0.641027 -0.128663
vt -0.499461 -0.128663
vt -0.499461 -0.046929
vt -0.488511 -0.087796
vt -0.529378 -0.158579
vt -0.611111 -0.158579
vt -0.570244 -0.169529
vt -0.641027 -0.046929
vt -0.651978 -0.087796
vt -0.611111 -0.017013
vt -0.570244 -0.006063
vt -0.625304 0.007570
vt -0.665610 -0.032736
vt -0.665610 -0.142856
vt -0.625304 -0.183162
vt -0.515185 -0.183162
vt -0.474878 -0.142856
vt -0.515185 0.007570
vt -0.474878 -0.032736
vt -0.399076 -0.152712
vt -0.445021 -0.087796
vt -0.453410 -0.119102
vt -0.399076 -0.022880
vt -0.453410 -0.056490
vt -0.486843 -0.135948
vt -0.473941 -0.087796
vt -0.522093 -0.171197
vt -0.570244 -0.184099
vt -0.618396 -0.171197
vt -0.653645 -0.135948
vt -0.666548 -0.087796
vt -0.653645 -0.039644
vt -0.618396 -0.004395
vt -0.570244 0.008507
vt -0.522093 -0.004395
vt -0.486843 -0.039644
vt -0.510728 -0.122158
vt -0.520184 -0.174502
vt -0.483538 -0.137856
vt -0.535882 -0.147313
vt -0.520184 -0.001090
vt -0.510728 -0.053434
vt -0.483538 -0.037736
vt -0.535882 -0.028279
vt -0.620304 -0.001090
vt -0.656950 -0.037736
vt -0.629761 -0.053434
vt -0.604606 -0.028279
vt -0.620304 -0.174502
vt -0.629761 -0.122158
vt -0.656950 -0.137856
vt -0.604606 -0.147313
vt -0.428933 -0.156836
vt -0.461687 -0.115339
vt -0.469239 -0.156836
vt -0.461687 -0.071178
vt -0.428933 -0.029681
vt -0.469239 -0.029681
vt -0.524299 -0.115339
vt -0.524299 -0.156836
vt -0.483432 -0.190665
vt -0.524299 -0.190665
vt -0.524299 -0.071178
vt -0.524299 -0.029681
vt -0.483432 0.004147
vt -0.524299 0.004147
vt -0.565165 -0.190665
vt -0.579358 -0.156836
vt -0.586910 -0.115339
vt -0.586910 -0.071178
vt -0.579358 -0.029681
vt -0.565165 0.004147
vt -0.619664 -0.029681
vt -0.619664 -0.156836
vt -0.524299 -0.197711
vt -0.483432 -0.197711
vt -0.565165 -0.197711
vt -0.524299 0.013214
vt -0.565165 0.013214
vt -0.483432 0.013214
vt -0.476147 0.013214
vt -0.440897 0.013214
vt -0.440897 0.022119
vt -0.476147 0.022119
vt -0.524299 0.022119
vt -0.572450 0.013214
vt -0.572450 0.022119
vt -0.607700 0.013214
vt -0.607700 0.022119
vt -0.489937 0.022119
vt -0.524299 -0.001751
vt -0.489937 -0.001751
vt -0.558660 -0.001751
vt -0.558660 0.022119
vt -0.641133 -0.071178
vt -0.695467 -0.139045
vt -0.641133 -0.115339
vt -0.695467 -0.047473
vt -0.581225 -0.113334
vt -0.622897 -0.113334
vt -0.611005 -0.151063
vt -0.581225 -0.073183
vt -0.574358 -0.151063
vt -0.611005 -0.035455
vt -0.622897 -0.073183
vt -0.574358 -0.035455
vt -0.524299 -0.035455
vt -0.524299 -0.073183
vt -0.524299 -0.113334
vt -0.524299 -0.151063
vt -0.561454 -0.181820
vt -0.524299 -0.181820
vt -0.474239 -0.151063
vt -0.467373 -0.113334
vt -0.467373 -0.073183
vt -0.487143 -0.181820
vt -0.474239 -0.035455
vt -0.425700 -0.113334
vt -0.425700 -0.073183
s 1
usemtl Fish1Mtl
f 1/1/1 2/2/2 3/3/3
f 2/2/2 1/1/1 4/4/4
f 5/5/5 3/3/3 2/2/2
f 6/6/6 3/3/3 5/5/5
f 7/5/7 8/2/8 3/3/9
f 3/3/9 9/6/10 7/5/7
f 9/6/10 10/7/11 7/5/7
f 10/7/11 9/6/10 11/8/12
f 9/6/10 12/9/13 11/8/12
f 12/9/13 9/6/10 13/10/14
f 9/6/10 14/3/15 13/10/14
f 14/3/15 15/11/16 13/10/14
f 16/12/17 17/10/18 15/11/19
f 18/13/20 16/12/17 15/11/19
f 16/12/17 18/13/20 19/14/21
f 15/11/19 20/15/22 18/13/20
f 20/15/22 15/11/19 21/3/23
f 20/15/22 22/11/24 23/13/25
f 24/15/26 19/14/27 25/13/28
f 19/14/27 24/15/26 26/16/29
f 24/15/26 27/14/30 26/16/29
f 27/14/30 24/15/26 28/13/31
f 29/17/32 30/18/33 31/19/34
f 32/18/33 33/17/32 34/20/35
f 35/21/36 34/20/35 36/17/32
f 37/19/34 38/22/37 33/17/32
f 38/22/37 37/19/34 39/23/38
f 40/17/39 41/18/40 42/20/41
f 43/21/42 42/20/41 44/24/43
f 44/24/44 45/25/45 46/26/46
f 47/20/47 45/25/45 44/24/44
f 48/25/48 49/20/49 50/24/50
f 49/20/35 51/21/36 52/24/51
f 53/27/52 54/20/35 55/25/53
f 56/19/54 57/22/55 58/23/56
f 57/22/55 56/19/54 59/17/39
f 60/26/57 61/25/53 62/24/50
f 63/28/58 64/29/59 65/30/60
f 65/30/60 66/31/61 63/28/58
f 67/27/62 68/20/41 69/18/40
f 70/32/63 71/33/64 72/34/65
f 73/35/66 74/17/67 75/19/68
f 76/19/69 77/22/70 74/17/71
f 77/22/70 76/19/69 78/23/56
f 79/33/72 80/33/73 72/34/65
f 80/33/73 79/33/72 81/36/74
f 70/32/75 82/33/76 83/37/77
f 84/19/78 85/19/69 83/37/77
f 85/19/69 84/19/78 86/23/56
f 83/37/77 87/18/79 88/19/54
f 83/37/77 89/27/80 87/18/79
f 90/18/40 91/17/39 88/19/54
f 83/37/77 92/38/81 89/27/80
f 92/38/81 93/25/45 89/27/80
f 93/25/45 92/38/81 94/39/82
f 95/20/83 89/27/80 96/25/45
f 97/20/41 98/21/42 91/17/39
f 99/40/84 98/21/85 100/24/86
f 101/26/87 99/40/84 100/24/86
f 102/17/39 98/21/42 103/41/88
f 102/17/39 103/41/88 104/42/89
f 102/17/90 105/43/91 106/22/92
f 107/44/93 104/42/94 108/41/95
f 105/43/96 109/42/97 110/17/71
f 109/42/98 111/43/99 107/44/93
f 110/17/71 112/43/100 113/22/101
f 114/42/102 115/17/103 112/43/100
f 116/43/100 107/44/93 114/42/104
f 107/44/93 117/45/105 118/46/106
f 119/44/93 118/46/106 120/41/107
f 117/45/108 121/40/109 122/47/110
f 121/40/109 117/45/108 123/48/111
f 124/12/17 125/9/112 126/10/18
f 127/29/113 128/49/114 129/50/115
f 130/27/52 131/25/53 132/38/116
f 133/51/117 134/30/118 135/52/119
f 136/53/120 137/54/121 138/55/122
f 138/55/122 139/56/123 136/53/120
f 138/55/124 140/57/125 141/58/126
f 142/59/127 143/60/128 144/50/129
f 145/61/130 142/59/131 146/50/115
f 147/29/59 143/60/128 148/50/132
f 149/49/133 150/29/134 148/50/135
f 151/26/136 152/24/51 153/40/137
f 154/21/36 155/40/137 156/24/51
f 157/30/118 158/51/138 159/29/113
f 160/3/139 161/10/140 162/11/141
f 161/10/140 160/3/139 163/6/142
f 161/10/140 164/12/143 162/11/141
f 165/13/144 162/11/141 164/12/143
f 164/12/143 166/14/30 165/13/144
f 167/11/24 168/15/145 160/3/15
f 169/36/146 170/33/147 171/38/148
f 172/38/149 170/33/147 173/37/150
f 174/18/151 173/37/150 175/19/34
f 176/33/147 177/32/152 178/37/150
f 177/32/152 176/33/147 179/34/153
f 180/35/154 178/37/150 177/32/152
f 178/37/150 180/35/154 181/19/155
f 181/19/155 182/19/34 178/37/150
f 182/19/34 181/19/155 183/23/38
f 184/35/156 185/17/157 181/19/158
f 186/19/159 187/22/160 185/17/161
f 187/22/160 186/19/159 188/23/162
f 178/37/150 189/18/163 190/27/164
f 178/37/150 190/27/164 191/38/149
f 192/20/165 190/27/164 193/18/33
f 194/62/166 195/49/167 196/63/168
f 197/51/117 198/63/169 195/49/114
f 199/64/170 200/65/171 201/66/172
f 202/67/173 203/68/174 204/69/175
f 203/68/174 202/67/173 205/70/176
f 206/71/177 205/70/176 202/67/173
f 205/70/176 207/72/178 203/68/174
f 208/73/179 207/72/178 209/74/180
f 205/70/176 206/71/177 210/75/181
f 210/75/181 211/74/182 205/70/176
f 210/75/181 206/71/177 212/76/183
f 211/74/182 210/75/181 213/77/184
f 212/76/183 214/78/185 210/75/181
f 214/78/185 212/76/183 215/79/186
f 213/77/184 210/75/181 214/78/185
f 214/78/185 216/80/187 213/77/184
f 216/80/187 217/81/188 213/77/184
f 217/81/188 216/80/187 218/82/189
f 219/73/190 213/77/184 217/81/188
f 213/77/184 219/73/190 220/74/182
f 221/81/191 222/83/192 219/73/179
f 222/83/192 221/81/191 223/84/193
f 222/83/192 223/84/193 224/85/194
f 223/84/193 225/86/195 224/85/194
f 224/85/194 225/86/195 226/87/196
f 226/87/196 227/88/197 224/85/194
f 227/88/197 228/83/192 224/85/194
f 228/83/192 227/88/197 229/72/198
f 230/89/199 227/88/197 226/87/196
f 227/88/197 230/89/199 231/90/200
f 231/90/200 232/72/198 227/88/197
f 233/91/201 230/89/202 234/90/203
f 235/92/204 236/68/205 232/72/178
f 237/93/206 238/94/207 235/92/204
f 238/94/207 237/93/206 239/95/208
f 240/86/195 241/96/209 226/87/196
f 241/96/209 240/86/195 242/97/210
f 243/84/211 242/97/210 240/86/195
f 242/97/210 243/84/211 244/98/212
f 242/97/210 245/99/22 241/96/209
f 244/98/212 246/100/213 242/97/210
f 245/99/22 242/97/210 246/100/213
f 246/100/213 247/57/214 248/54/121
f 249/101/215 246/100/213 248/54/121
f 246/100/213 249/101/215 245/99/22
f 250/102/216 251/103/217 249/101/215
f 252/104/218 249/101/215 251/103/217
f 249/101/215 252/104/218 253/105/219
f 254/101/220 245/99/145 253/105/221
f 255/104/222 254/101/220 253/105/221
f 254/101/220 255/104/222 251/103/223
f 256/102/224 254/101/220 251/103/223
f 254/101/220 256/102/224 257/54/225
f 257/54/225 258/100/226 254/101/220
f 245/99/145 254/101/220 258/100/226
f 259/97/227 245/99/145 258/100/226
f 258/100/226 260/98/228 259/97/227
f 261/84/229 259/97/227 260/98/228
f 259/97/227 261/84/229 262/86/230
f 263/54/231 264/53/120 256/102/224
f 265/57/232 266/55/124 263/54/231
f 267/56/123 266/55/122 268/106/233
f 269/58/126 268/106/233 266/55/122
f 268/106/233 269/58/126 270/107/234
f 269/58/126 271/108/235 270/107/234
f 268/106/233 272/58/236 273/55/237
f 274/57/238 273/55/237 272/58/236
f 274/57/238 272/58/236 275/109/239
f 276/54/240 277/53/120 273/55/237
f 273/55/237 277/53/120 278/56/241
f 279/110/242 274/57/238 275/109/239
f 274/57/238 279/110/242 280/98/228
f 275/109/239 281/111/243 279/110/242
f 282/112/244 280/98/228 279/110/242
f 275/109/239 283/108/245 281/111/243
f 280/98/228 282/112/244 284/84/229
f 285/113/246 286/114/247 282/112/248
f 283/108/249 287/115/250 288/116/251
f 287/115/250 283/108/249 289/117/252
f 283/108/249 270/107/234 289/117/252
f 271/108/235 289/117/252 270/107/234
f 271/108/235 290/115/253 289/117/252
f 290/115/253 271/108/235 291/116/254
f 271/108/235 281/111/243 291/116/254
f 271/108/235 292/109/255 281/111/243
f 292/109/255 271/108/235 269/58/126
f 269/58/126 247/57/256 292/109/255
f 293/84/193 294/81/191 295/82/189
f 296/39/257 297/36/146 298/38/148
f 299/38/148 300/25/258 296/39/259
f 301/68/205 302/92/204 303/94/207
f 304/19/155 305/22/260 306/23/261
f 305/22/260 304/19/155 307/17/161
f 308/63/262 309/118/263 310/62/264
f 309/118/263 308/63/262 311/119/265
f 312/63/169 313/51/266 311/119/267
f 314/88/268 315/72/269 316/90/270
f 315/72/269 317/120/271 316/90/270
f 314/88/268 318/83/272 315/72/269
f 319/89/273 314/88/274 234/90/203
f 314/88/274 319/89/273 320/87/275
f 318/83/272 314/88/268 321/85/276
f 321/85/276 284/84/277 318/83/272
f 322/87/196 321/85/276 314/88/268
f 284/84/277 321/85/276 323/86/278
f 321/85/276 322/87/196 323/86/278
f 324/46/279 325/21/280 326/40/84
f 327/80/281 328/81/282 329/82/283
f 330/114/247 331/121/284 327/80/281
f 328/81/282 327/80/281 332/77/285
f 333/78/286 327/80/281 331/121/284
f 327/80/281 333/78/286 332/77/285
f 331/121/284 334/79/287 333/78/286
f 333/78/286 334/79/287 335/76/288
f 332/77/285 333/78/286 336/75/289
f 333/78/286 335/76/288 336/75/289
f 336/75/289 335/76/288 337/71/290
f 338/72/198 339/90/200 340/120/291
f 341/92/292 338/72/198 340/120/291
f 342/43/293 343/17/294 344/42/295
f 345/17/296 346/22/297 342/43/293
f 347/43/298 345/17/296 348/42/105
f 349/17/32 350/22/37 347/43/299
f 349/17/32 351/41/300 352/21/36
f 352/21/301 353/47/302 354/40/137
f 353/47/302 352/21/301 355/41/303
f 356/120/271 357/91/304 358/90/305
f 359/33/306 360/32/75 361/34/65
f 362/37/307 363/35/66 360/32/75
f 363/35/66 362/37/307 364/19/69
f 365/38/308 362/37/77 366/33/306
f 367/36/309 368/38/310 366/33/311
f 368/38/310 367/36/309 369/39/312
f 370/122/313 371/123/314 372/124/315
f 373/21/316 374/46/317 375/41/88
f 376/125/318 377/126/319 378/118/320
f 379/127/321 380/128/322 381/129/323
f 382/130/324 381/129/323 380/128/322
f 380/128/322 383/131/325 382/130/324
f 380/128/322 379/127/321 384/132/326
f 384/132/326 385/133/327 380/128/322
f 385/133/327 384/132/326 386/134/328
f 387/135/329 388/136/330 386/134/328
f 388/136/330 387/135/329 389/137/331
f 390/122/332 391/138/333 383/131/334
f 391/138/333 390/122/332 392/125/335
f 393/139/336 385/133/337 394/134/328
f 394/134/328 395/135/338 393/139/336
f 394/134/339 396/140/340 397/135/341
f 397/135/342 398/122/313 399/124/315
f 398/122/313 397/135/342 400/140/343
f 401/122/344 395/135/345 402/124/346
f 401/122/332 403/124/346 404/123/347
f 404/123/347 405/125/348 401/122/332
f 404/123/349 406/141/350 407/125/348
f 406/141/350 408/126/351 407/125/348
f 409/136/352 395/135/353 410/134/328
f 395/135/353 409/136/352 411/137/354
f 412/142/355 411/137/354 409/136/352
f 411/137/354 412/142/355 413/143/356
f 412/142/355 409/136/352 389/137/331
f 414/143/357 412/142/355 389/137/331
f 414/143/357 415/137/358 416/124/315
f 416/124/315 415/137/358 417/144/342
f 418/145/359 419/146/360 420/147/361
f 420/147/361 421/76/362 418/145/359
f 422/148/363 423/149/364 424/150/365
f 425/147/361 426/76/366 427/79/367
f 428/146/368 425/147/361 429/151/369
f 429/151/369 430/152/370 428/146/368
f 429/151/369 431/153/371 432/149/364
f 431/153/371 433/148/372 432/149/364
f 427/79/186 434/121/373 435/78/185
f 436/80/187 435/78/185 434/121/373
f 437/114/247 436/80/187 434/121/373
f 438/81/374 439/77/375 440/73/376
f 441/83/377 438/81/374 440/73/376
f 439/77/375 442/74/378 440/73/376
f 443/68/379 444/92/380 445/72/381
f 446/72/381 447/70/382 443/68/383
f 446/72/381 448/73/384 449/74/385
f 450/133/386 451/140/340 452/134/328
f 450/133/387 453/122/313 454/139/340
f 455/132/326 456/133/388 452/134/339
f 456/133/388 455/132/326 457/128/389
f 458/127/321 457/128/389 455/132/326
f 459/59/390 460/154/391 461/61/392
f 462/122/313 463/133/387 464/131/393
f 465/145/394 466/146/395 467/155/396
f 468/147/361 466/146/395 465/145/394
f 469/76/397 468/147/361 465/145/394
f 469/76/397 465/145/394 470/156/398
f 465/145/394 467/155/396 470/156/398
f 469/76/397 470/156/398 337/71/290
f 471/143/356 472/124/346 473/137/399
f 472/124/346 474/135/345 473/137/399
f 474/135/345 475/122/332 476/140/400
f 475/122/332 477/133/401 478/139/400
f 477/133/401 475/122/332 479/131/325
f 480/131/402 481/128/403 477/133/401
f 482/130/404 480/131/325 483/157/405
f 483/157/405 484/158/406 482/130/404
f 485/157/407 486/159/408 487/160/409
f 488/62/410 486/159/411 489/141/412
f 490/63/413 488/62/410 491/118/414
f 491/118/414 492/119/415 490/63/413
f 493/96/209 494/86/416 495/87/196
f 494/86/416 493/96/209 496/97/227
f 497/99/26 496/97/227 493/96/209
f 498/105/221 497/99/417 499/101/418
f 499/101/215 500/54/121 501/102/216
f 502/53/419 503/54/240 501/102/224
f 504/55/420 505/57/238 503/54/240
f 506/56/123 507/106/421 504/55/237
f 508/58/236 507/106/422 509/107/234
f 510/107/423 511/108/245 508/58/236
f 512/109/424 508/58/236 511/108/245
f 513/111/243 511/108/425 514/116/254
f 513/111/243 515/113/426 516/110/242
f 515/113/426 517/112/248 516/110/242
f 518/44/93 519/41/427 520/42/428
f 521/82/429 522/84/229 282/112/248
f 522/84/229 521/82/429 328/81/430
f 330/114/247 521/82/429 282/112/248
f 521/82/429 330/114/247 523/80/281
f 328/81/431 524/83/377 525/84/432
f 526/80/187 330/114/247 527/82/433
f 527/82/189 528/112/434 529/84/193
f 330/114/247 530/112/435 527/82/433
f 530/112/435 531/98/212 243/84/436
f 531/98/212 530/112/435 532/110/437
f 532/110/437 265/57/125 531/98/212
f 532/110/437 530/112/435 533/113/426
f 265/57/125 532/110/437 292/109/438
f 534/111/243 532/110/437 533/113/426
f 292/109/438 532/110/437 534/111/243
f 535/161/439 536/162/439 537/163/439
f 535/161/439 538/164/439 536/162/439
f 538/164/439 539/165/439 536/162/439
f 537/163/439 536/162/439 540/166/439
f 541/167/440 540/166/439 536/162/439
f 540/166/439 541/167/440 542/168/439
f 543/169/439 544/167/439 536/162/439
f 545/170/439 543/169/439 536/162/439
f 545/170/439 546/165/439 547/171/439
f 546/165/439 545/170/439 548/162/439
f 549/161/441 550/163/441 551/162/441
f 549/161/441 551/162/441 552/164/441
f 552/164/441 551/162/441 553/165/441
f 550/163/441 554/166/441 551/162/441
f 554/166/441 555/167/441 551/162/441
f 555/167/441 554/166/441 556/168/441
f 557/170/441 558/165/441 551/162/441
f 558/165/441 557/170/441 559/171/441
f 557/170/441 560/162/441 561/169/441
f 561/169/441 560/162/441 562/167/441
f 563/129/442 564/130/324 565/172/443
f 566/72/178 567/73/444 568/83/445
f 566/72/178 569/70/446 570/74/180
f 571/17/67 572/35/66 573/19/447
f 574/157/405 575/131/334 576/173/448
f 575/131/334 577/126/449 576/173/448
f 577/126/449 578/159/411 579/173/448
f 578/159/411 577/126/449 580/118/412
f 581/41/303 582/44/93 583/46/302
f 336/75/289 584/74/385 332/77/285
f 584/74/385 336/75/289 585/70/382
f 586/71/450 585/70/382 336/75/289
f 585/70/382 587/72/451 584/74/385
f 585/70/382 586/71/450 588/67/452
f 588/67/452 589/68/453 585/70/382
f 590/92/454 589/68/379 591/94/455
f 589/68/453 588/67/452 592/69/456
f 587/72/381 318/83/457 593/73/376
f 588/67/452 594/174/458 592/69/456
f 594/174/458 595/65/459 592/69/456
f 596/156/460 594/174/458 588/67/452
f 597/71/450 596/156/460 588/67/452
f 594/174/458 598/64/461 595/65/459
f 596/156/460 598/64/461 594/174/458
f 598/64/461 596/156/460 467/155/462
f 598/64/461 599/66/463 595/65/459
f 587/72/269 600/92/454 601/120/271
f 602/175/464 601/120/271 600/92/454
f 602/175/464 603/91/304 601/120/271
f 604/93/465 602/175/464 600/92/454
f 605/176/466 603/91/304 602/175/464
f 604/93/465 606/92/380 607/94/455
f 607/94/455 608/95/467 604/93/465
f 609/177/468 602/175/464 604/93/465
f 609/177/468 605/176/466 602/175/464
f 610/178/469 605/176/466 609/177/468
f 605/176/466 611/175/470 603/91/304
f 611/175/470 612/120/291 603/91/304
f 611/175/470 613/92/471 612/120/291
f 237/93/472 613/92/471 611/175/470
f 614/90/473 615/91/304 612/120/474
f 615/91/304 614/90/473 616/89/273
f 617/177/475 611/175/470 605/176/466
f 611/175/470 617/177/475 237/93/472
f 605/176/466 618/178/469 617/177/475
f 619/179/476 617/177/475 618/178/469
f 618/178/469 620/180/477 619/179/476
f 621/181/478 237/93/472 617/177/475
f 617/177/475 619/179/476 621/181/478
f 622/172/479 621/181/478 619/179/476
f 622/172/479 619/179/476 381/129/323
f 381/129/323 619/179/476 620/180/477
f 620/180/477 379/127/321 381/129/323
f 237/93/472 621/181/478 623/182/480
f 623/182/480 624/95/481 237/93/472
f 625/183/482 623/182/480 621/181/478
f 621/181/478 626/172/443 625/183/482
f 624/95/481 623/182/480 627/65/483
f 627/65/483 628/69/484 624/95/481
f 628/69/484 629/94/485 624/95/481
f 629/94/485 628/69/484 203/68/205
f 630/66/486 627/65/483 623/182/480
f 623/182/480 625/183/482 630/66/486
f 631/184/487 467/155/396 466/146/395
f 466/146/395 632/152/488 631/184/487
f 633/185/489 631/184/487 632/152/488
f 632/152/488 634/148/490 633/185/489
f 635/149/364 634/148/490 632/152/488
f 632/152/488 636/151/369 635/149/364
f 637/147/491 638/146/492 636/151/369
f 638/146/492 639/153/371 636/151/369
f 640/76/362 637/147/491 641/79/367
f 639/153/371 638/146/492 642/184/493
f 643/185/494 639/153/371 642/184/493
f 644/148/495 639/153/371 643/185/494
f 642/184/493 638/146/492 645/155/496
f 646/149/364 644/148/372 647/150/365
f 648/145/497 645/155/496 638/146/492
f 640/76/498 649/156/499 648/145/497
f 645/155/496 648/145/497 649/156/499
f 649/156/499 640/76/498 650/71/500
f 651/156/501 199/64/170 645/155/502
f 652/67/173 651/156/501 653/71/500
f 651/156/501 652/67/173 654/174/503
f 199/64/170 651/156/501 654/174/503
f 204/69/175 654/174/503 652/67/173
f 654/174/503 204/69/175 200/65/171
f 200/65/171 199/64/170 654/174/503
f 655/158/504 656/160/505 657/157/506
f 658/157/507 659/173/508 660/131/509
f 661/17/510 662/35/156 663/19/511
f 664/114/247 665/113/426 666/112/435
f 667/4/512 668/1/513 669/186/514
f 669/186/515 670/4/516 671/187/517
f 672/2/518 668/1/1 673/3/139
f 668/1/1 672/2/518 674/4/516
f 675/187/519 676/188/520 667/4/4
f 2/2/2 667/4/4 676/188/520
f 676/188/520 677/5/5 2/2/2
f 676/188/520 678/7/521 677/5/5
f 678/7/521 6/6/522 677/5/5
f 6/6/522 678/7/521 679/8/523
f 680/9/524 6/6/522 679/8/523
f 6/6/522 680/9/524 681/10/525
f 682/12/143 683/10/140 680/9/526
f 684/100/527 685/98/528 686/57/214
f 687/44/529 688/43/100 689/42/98
f 690/42/94 687/44/93 691/43/91
f 692/41/95 693/46/279 687/44/93
f 694/45/530 687/44/93 693/46/279
f 695/45/105 696/40/84 697/48/111
f 696/40/84 695/45/105 698/47/531
f 699/98/532 700/100/533 701/57/238
f 700/100/533 702/54/240 701/57/238
f 703/186/534 704/187/519 705/4/4
f 706/4/535 703/186/515 707/1/513
f 708/188/536 709/187/517 706/4/537
f 708/188/536 706/4/537 710/2/538
f 710/2/538 711/5/539 708/188/536
f 712/7/540 708/188/536 711/5/539
f 713/189/541 630/66/486 625/183/482
f 714/158/406 625/183/482 626/172/443
f 713/189/541 625/183/482 714/158/406
f 626/172/443 715/130/404 714/158/406
f 716/160/542 713/189/541 714/158/406
f 716/160/542 714/158/406 717/157/407
f 199/64/170 718/66/172 713/189/543
f 719/190/544 199/64/170 713/189/543
f 720/155/502 199/64/170 719/190/544
f 719/190/544 713/189/543 721/160/542
f 722/184/545 720/155/502 719/190/544
f 722/184/545 719/190/544 723/191/546
f 723/191/546 719/190/544 721/160/542
f 724/185/547 722/184/545 723/191/546
f 721/160/542 725/192/548 723/191/546
f 724/185/547 723/191/546 725/192/548
f 725/192/548 721/160/542 726/159/549
f 727/154/550 724/185/547 725/192/548
f 725/192/548 728/61/392 727/154/550
f 728/61/392 725/192/548 729/62/410
f 726/159/549 729/62/410 725/192/548
f 726/159/408 730/157/407 731/173/448
f 732/49/551 729/62/410 733/63/552
f 729/62/410 732/49/551 734/61/392
f 735/50/132 734/61/392 736/49/133
f 734/61/392 735/50/132 737/59/390
f 738/29/59 732/49/553 739/51/554
f 739/51/554 732/49/553 740/63/552
f 741/119/555 739/51/554 740/63/552
f 742/193/556 737/59/557 743/60/558
f 742/193/556 744/194/559 737/59/557
f 745/150/365 744/194/559 742/193/556
f 746/154/391 737/59/557 744/194/559
f 745/150/365 747/148/560 744/194/559
f 747/148/560 746/154/391 744/194/559
f 746/154/391 747/148/560 724/185/494
f 748/29/59 749/28/561 743/60/128
f 750/29/562 749/28/563 751/30/564
f 752/49/565 750/29/562 753/51/117
f 749/28/563 750/29/562 754/60/558
f 754/60/566 755/59/557 756/50/132
f 757/50/567 754/60/128 758/29/562
f 759/30/118 749/28/58 760/31/568
f 760/31/568 761/195/569 759/30/118
f 760/31/570 762/30/571 763/195/572
f 764/29/59 765/51/573 762/30/571
f 765/51/573 766/52/574 762/30/571
f 767/193/575 754/60/558 768/59/576
f 767/193/575 768/59/576 769/194/577
f 769/194/577 770/150/365 767/193/575
f 770/150/365 769/194/577 771/148/490
f 768/59/576 772/154/578 769/194/577
f 771/148/490 769/194/577 772/154/578
f 772/154/578 773/185/489 771/148/490
f 772/154/578 768/59/576 774/61/579
f 774/61/130 775/192/580 776/154/578
f 775/192/580 777/185/489 776/154/578
f 775/192/580 774/61/130 778/62/166
f 777/185/489 775/192/580 779/191/581
f 779/191/581 780/184/582 777/185/489
f 781/49/167 778/62/166 782/61/130
f 783/50/115 781/49/565 784/61/130
f 778/62/166 785/159/583 775/192/580
f 785/159/583 778/62/166 786/141/263
f 787/138/319 788/159/584 786/141/263
f 788/159/584 787/138/319 789/173/508
f 790/157/506 785/159/583 789/173/508
f 785/159/583 790/157/506 791/160/585
f 791/160/585 775/192/580 785/159/583
f 775/192/580 791/160/585 779/191/581
f 791/160/585 792/190/586 779/191/581
f 780/184/582 779/191/581 792/190/586
f 780/184/582 792/190/586 467/155/462
f 467/155/462 792/190/586 793/64/461
f 792/190/586 791/160/585 794/189/587
f 794/189/587 793/64/461 792/190/586
f 793/64/461 794/189/587 599/66/463
f 794/189/587 795/183/588 599/66/463
f 796/160/505 797/158/589 794/189/587
f 795/183/588 794/189/587 797/158/589
f 798/182/590 599/66/463 795/183/588
f 599/66/463 798/182/590 799/65/591
f 608/95/467 799/65/591 798/182/590
f 799/65/591 608/95/467 800/69/592
f 798/182/590 604/93/465 608/95/467
f 801/68/379 800/69/592 802/94/593
f 800/69/592 803/95/594 802/94/593
f 604/93/465 798/182/590 804/181/595
f 795/183/588 804/181/595 798/182/590
f 804/181/595 609/177/468 604/93/465
f 804/181/595 795/183/588 805/172/596
f 797/158/589 805/172/596 795/183/588
f 806/179/597 609/177/468 804/181/595
f 804/181/595 805/172/596 806/179/597
f 806/179/597 610/178/469 609/177/468
f 807/196/477 610/178/469 806/179/597
f 808/129/598 807/196/477 806/179/597
f 808/129/598 806/179/597 805/172/596
f 379/127/321 807/196/477 808/129/598
f 805/172/596 797/158/589 809/130/599
f 797/158/589 810/157/507 809/130/599
f 809/130/599 810/157/507 811/131/393
f 812/130/600 813/129/598 805/172/596
f 813/129/598 812/130/600 814/128/601
f 814/128/601 379/127/602 813/129/598
f 811/131/603 814/128/601 812/130/600
f 814/128/601 811/131/603 815/133/387
f 816/138/604 811/131/509 817/173/508
f 816/138/604 818/122/313 811/131/509
f 818/122/313 816/138/604 819/125/605
f 820/123/606 819/125/318 821/118/320
f 820/123/314 822/122/607 823/197/318
f 824/19/608 825/22/609 826/23/610
f 825/22/609 824/19/608 827/17/71
f 828/37/611 829/35/612 75/19/68
f 829/35/612 828/37/611 70/32/63
f 71/33/64 70/32/63 828/37/611
f 830/198/613 831/199/613 832/200/613
f 831/199/613 830/198/613 833/201/613
f 831/199/613 833/201/613 834/202/614
f 833/201/613 830/198/613 835/203/615
f 833/201/613 835/203/615 836/204/613
f 833/201/613 837/205/613 834/202/614
f 838/206/613 837/205/613 833/201/613
f 837/205/613 838/206/613 839/207/613
f 836/204/613 840/208/613 841/201/613
f 838/206/613 841/201/613 840/208/613
f 842/209/613 843/210/613 844/211/613
f 843/210/613 842/209/613 845/212/613
f 845/212/613 846/213/613 843/210/613
f 847/214/613 845/212/613 842/209/613
f 846/213/613 845/212/613 848/215/613
f 845/212/613 847/214/613 849/216/613
f 849/216/613 848/215/613 845/212/613
f 848/215/613 849/216/613 850/217/613
f 851/199/616 852/198/616 853/200/617
f 852/198/616 851/199/616 854/201/616
f 854/201/616 851/199/616 855/202/616
f 855/202/616 856/205/616 854/201/616
f 852/198/616 857/201/616 858/203/616
f 857/201/616 859/204/618 858/203/616
f 860/208/616 859/204/616 854/201/616
f 861/206/616 860/208/616 854/201/616
f 861/206/616 856/205/616 862/207/616
f 856/205/616 861/206/616 863/201/618
f 864/209/616 865/210/617 866/212/616
f 865/210/617 864/209/616 867/211/617
f 868/213/617 866/212/616 865/210/617
f 866/212/616 869/214/616 864/209/616
f 866/212/616 868/213/617 870/215/616
f 869/214/616 866/212/616 871/216/616
f 870/215/616 871/216/616 866/212/616
f 871/216/616 870/215/616 872/217/616
f 873/26/619 874/40/620 875/24/621
f 874/40/620 876/21/622 875/24/621
f 877/17/623 876/21/624 878/41/625
f 877/17/623 878/41/625 879/42/626
f 877/17/294 880/43/293 881/22/627
f 880/43/293 882/42/108 883/17/161
f 883/17/161 884/43/298 885/22/628
f 886/42/428 887/17/32 884/43/298
f 888/41/303 887/17/32 886/42/428
f 889/43/629 890/44/630 882/42/530
f 891/41/631 890/44/93 879/42/626
f 890/44/93 891/41/631 892/46/632
f 890/44/630 893/42/428 894/43/298
f 895/46/302 890/44/93 896/45/98
f 897/40/137 895/46/633 898/45/634
f 899/48/635 897/40/137 898/45/634
f 900/38/636 901/33/637 902/36/146
f 902/36/146 903/39/638 900/38/636
f 901/33/639 904/33/640 905/36/146
f 904/33/640 901/33/639 906/34/153
f 907/33/641 908/32/642 906/34/153
f 909/37/643 901/33/641 910/38/644
f 909/37/645 911/35/156 908/32/646
f 911/35/156 909/37/645 912/19/647
f 913/44/93 914/43/293 344/42/648
f 915/42/530 913/44/93 916/43/298
f 913/44/93 917/47/632 918/45/97
f 919/45/97 917/47/649 920/40/620
f 920/40/620 921/48/635 919/45/97
f 922/17/103 923/22/650 924/43/100
f 924/43/100 925/17/71 926/42/634
f 925/17/71 927/22/651 928/43/99
f 928/43/91 929/17/39 930/42/652
f 931/41/653 922/17/654 932/42/102
f 922/17/654 931/41/653 933/21/655
f 934/42/104 935/44/93 931/41/656
f 933/21/657 936/47/106 937/40/109
f 938/38/658 939/36/309 940/33/659
f 941/37/660 942/38/661 940/33/659
f 943/36/309 944/38/662 945/39/663
f 946/38/658 947/25/664 945/39/665
f 948/19/666 949/22/297 950/23/667
f 949/22/297 948/19/666 951/17/623
f 952/18/668 953/37/660 954/19/669
f 955/47/670 956/21/671 957/40/620
f 956/21/671 955/47/670 958/41/672
f 959/47/106 960/21/657 961/41/653
f 962/38/673 828/37/674 963/27/675
f 964/20/676 963/27/675 965/18/677
f 966/37/660 967/18/668 963/27/675
f 967/18/678 968/17/654 969/20/676
f 968/17/654 967/18/678 970/19/669
f 970/19/669 971/22/101 968/17/654
f 971/22/101 970/19/669 972/23/679
f 973/21/655 969/20/676 974/17/654
f 975/19/68 976/19/669 828/37/660
f 976/19/669 975/19/68 977/23/680
f 978/38/681 979/25/682 980/27/683
f 979/25/682 978/38/681 981/39/684
f 980/27/683 982/37/685 978/38/681
f 983/20/686 980/27/683 984/25/682
f 980/27/683 983/20/686 985/18/687
f 986/32/646 987/33/641 982/37/645
f 982/37/643 988/27/688 989/18/689
f 982/37/643 989/18/689 990/19/666
f 990/19/666 991/19/511 982/37/643
f 991/19/511 990/19/666 992/23/667
f 989/18/689 993/17/623 990/19/666
f 994/20/686 995/21/624 993/17/623
f 996/26/690 997/24/691 998/40/109
f 999/27/675 1000/25/692 1001/38/673
f 999/27/693 1002/20/676 1003/25/692
f 1004/21/694 1005/40/109 1006/24/691
f 1007/17/623 1008/18/687 1009/20/686
f 1010/21/624 1009/20/695 1011/24/621
f 1011/24/696 1012/25/682 1013/26/697
f 1014/20/698 1012/25/682 1011/24/696
f 1015/25/692 1016/20/676 1017/24/699
f 1016/20/676 1018/21/655 1019/24/699
f 1020/26/700 1021/25/692 1022/24/699
usemtl Fishbowl1Mtl
f 1023/218/613 1024/219/613 1025/220/613
f 1025/220/613 1024/219/613 1026/221/613
f 1027/222/701 1028/223/702 1029/224/703
f 1028/223/702 1027/222/701 1030/225/704
f 1029/224/703 1031/226/705 1027/222/701
f 1032/227/706 1028/223/702 1030/225/704
f 1033/228/707 1034/229/708 1035/230/709
f 1034/229/708 1033/228/707 1036/231/710
f 1036/231/710 1033/228/707 1037/232/711
f 1033/228/707 1038/233/712 1037/232/711
f 1038/233/712 1039/234/713 1037/232/711
f 1040/235/714 1039/234/713 1038/233/712
f 1041/236/715 1042/237/716 1043/226/717
f 1042/237/716 1041/236/715 1044/238/718
f 1042/237/716 1045/239/719 1043/226/717
f 1045/239/719 1042/237/716 1046/240/720
f 1047/222/721 1043/226/717 1045/239/719
f 1047/222/721 1045/239/719 1048/225/722
f 1048/225/722 1045/239/719 1049/241/723
f 1050/227/724 1048/225/722 1049/241/723
f 1049/241/723 1051/242/725 1050/227/724
f 1051/242/725 1049/241/723 1052/243/726
f 1050/227/724 1051/242/725 1053/244/727
f 1053/244/727 1051/242/725 1054/245/728
f 1055/246/729 1056/233/730 1057/247/731
f 1057/247/731 1056/233/730 1058/228/732
f 1055/246/729 1059/235/733 1056/233/730
f 1060/230/734 1057/247/731 1058/228/732
f 1055/246/729 1061/237/716 1059/235/733
f 1061/237/716 1055/246/729 1062/240/720
f 1059/235/733 1061/237/716 1063/248/735
f 1064/238/736 1063/248/735 1061/237/716
f 1057/247/731 1060/230/734 1065/242/737
f 1066/243/726 1057/247/731 1065/242/737
f 1067/249/738 1065/242/737 1060/230/734
f 1065/242/737 1067/249/738 1068/245/739
f 1071/250/740 1069/251/741 1070/252/741
f 1070/252/741 1073/244/742 1071/250/740
f 1075/253/743 1071/250/740 1073/244/742
f 1073/244/742 1076/245/743 1075/253/743
f 1074/254/744 1077/249/745 1072/255/746
f 1074/254/744 1078/256/745 1077/249/745
f 1079/245/747 1077/249/745 1078/256/745
f 1078/256/745 1080/253/747 1079/245/747
f 1081/257/742 1082/238/613 1083/236/740
f 1082/238/613 1081/257/742 1084/258/613
f 1083/236/740 1085/259/748 1081/257/742
f 1085/259/748 1083/236/740 1086/260/741
f 1088/261/746 1089/262/745 1087/263/746
f 1089/262/745 1088/261/746 1090/248/745
f 1090/248/745 1091/258/747 1089/262/745
f 1091/258/747 1090/248/745 1092/238/747
f 1094/264/746 1095/265/745 1093/266/746
f 1094/264/746 1096/267/745 1095/265/745
f 1096/267/745 1097/268/613 1095/265/745
f 1097/268/613 1096/267/745 1098/258/613
f 1100/269/742 1101/258/613 1099/270/742
f 1101/258/613 1100/269/742 1102/268/613
f 1103/271/749 1104/272/749 1105/273/743
f 1104/272/749 1106/268/743 1105/273/743
f 1105/273/743 1106/268/743 1107/274/742
f 1106/268/743 1108/275/742 1107/274/742
f 1107/274/742 1108/275/742 1109/276/741
f 1108/275/742 1110/277/741 1109/276/741
f 1113/278/750 1112/279/751 1111/280/705
f 1115/281/752 1114/282/753 1116/283/754
f 1118/284/755 1117/285/756 1120/286/757
f 1119/287/758 1121/288/759 1122/289/760
f 1123/290/761 1124/278/762 1125/291/763
f 1124/278/762 1123/290/761 1126/282/722
f 1127/280/717 1125/291/763 1124/278/762
f 1123/290/761 1128/283/764 1126/282/722
f 1125/291/763 1127/280/717 1129/292/765
f 1128/283/764 1123/290/761 1130/293/766
f 1129/292/765 1127/280/717 1131/294/715
f 1129/292/765 1131/294/715 1132/295/718
f 1130/293/766 1133/274/767 1128/283/764
f 1133/274/767 1130/293/766 1134/273/768
f 1135/296/735 1136/292/716 1137/295/718
f 1136/292/716 1135/296/735 1138/286/769
f 1138/286/769 1139/291/770 1136/292/716
f 1139/291/770 1138/286/769 1140/285/730
f 1141/287/771 1139/291/770 1140/285/730
f 1139/291/770 1141/287/771 1142/290/772
f 1143/289/773 1142/290/772 1141/287/771
f 1142/290/772 1143/289/773 1144/293/774
f 1145/271/775 1144/293/774 1143/289/773
f 1144/293/774 1145/271/775 1146/273/776
f 1149/297/777 1147/298/778 1148/299/779
f 1147/298/778 1149/297/777 1150/300/780
f 1151/301/781 1153/302/782 1152/303/783
f 1153/302/782 1151/301/781 1154/304/784
f 1157/305/785 1155/306/786 1156/307/787
f 1155/306/786 1157/305/785 1158/308/788
f 1161/309/789 1159/310/790 1160/311/757
f 1159/310/790 1161/309/789 1162/312/791
f 1163/313/93 1164/314/93 1165/315/93
f 1166/316/93 1165/315/93 1164/314/93
f 1163/313/93 1165/315/93 1167/317/93
f 1165/315/93 1166/316/93 1168/318/93
f 1169/319/93 1163/313/93 1167/317/93
f 1170/320/93 1168/318/93 1166/316/93
f 1167/317/93 1171/321/93 1169/319/93
f 1168/318/93 1170/320/93 1172/322/93
f 1171/321/93 1173/323/93 1169/319/93
f 1173/323/93 1171/321/93 1174/324/93
f 1175/325/93 1172/322/93 1170/320/93
f 1176/326/93 1173/323/93 1174/324/93
f 1172/322/93 1175/325/93 1177/327/93
f 1173/323/93 1176/326/93 1178/328/93
f 1175/325/93 1179/329/93 1177/327/93
f 1175/325/93 1180/330/93 1179/329/93
f 1181/331/93 1179/329/93 1180/330/93
f 1179/329/93 1181/331/93 1182/332/93
f 1183/333/93 1178/328/93 1176/326/93
f 1183/333/93 1176/326/93 1184/334/93
f 1185/335/93 1183/333/93 1184/334/93
f 1183/333/93 1185/335/93 1186/336/93
f 1187/332/93 1186/336/93 1185/335/93
f 1186/336/93 1187/332/93 1188/331/93
f 1189/337/792 1190/338/793 1191/339/792
f 1190/338/793 1189/337/792 1192/340/793
f 1191/339/792 1190/338/793 1193/341/793
f 1196/342/777 1195/343/778 1194/344/779
f 1195/343/778 1196/342/777 1197/345/794
f 1199/346/783 1198/347/781 1200/348/784
f 1199/346/783 1200/348/784 1201/349/795
f 1202/350/786 1203/351/787 1204/352/785
f 1202/350/786 1204/352/785 1205/353/788
f 1207/354/757 1208/355/791 1206/356/790
f 1208/355/791 1207/354/757 1209/357/789
f 1210/353/93 1211/348/93 1212/357/93
f 1210/353/93 1212/357/93 1213/358/93
f 1211/348/93 1210/353/93 1214/352/93
f 1211/348/93 1214/352/93 1215/349/93
f 1215/349/93 1214/352/93 1216/359/93
f 1217/345/93 1212/357/93 1211/348/93
f 1217/345/93 1211/348/93 1218/360/93
f 1212/357/93 1217/345/93 1219/355/93
f 1219/355/93 1217/345/93 1220/342/93
f 1219/355/93 1220/342/93 1221/361/93
f 1222/362/796 1223/363/797 1224/364/798
f 1224/364/798 1223/363/797 1225/365/799
f 1223/363/797 1222/362/796 1226/366/800
f 1227/367/801 1226/366/800 1222/362/796
f 1226/366/800 1227/367/801 1228/368/802
f 1223/363/797 1229/369/803 1225/365/799
f 1225/365/799 1229/369/803 1230/370/804
f 1229/369/803 1231/371/805 1230/370/804
f 1230/370/804 1231/371/805 1232/372/806
f 1231/371/805 1233/373/807 1232/372/806
f 1234/369/808 1235/374/809 1236/371/810
f 1237/375/811 1236/371/810 1235/374/809
f 1236/371/810 1237/375/811 1238/373/812
f 1235/374/809 1234/369/808 1239/376/813
f 1240/377/814 1239/376/813 1234/369/808
f 1241/363/815 1240/377/814 1234/369/808
f 1242/378/816 1240/377/814 1241/363/815
f 1243/366/817 1242/378/816 1241/363/815
f 1244/379/818 1242/378/816 1243/366/817
f 1245/368/802 1244/379/818 1243/366/817
f 1247/380/819 1248/368/820 1246/367/819
f 1247/380/819 1249/381/820 1248/368/820
f 1249/381/820 1250/379/821 1248/368/820
f 1249/381/820 1251/382/821 1250/379/821
f 1253/372/822 1254/383/820 1252/384/822
f 1253/372/822 1255/373/820 1254/383/820
f 1255/373/820 1256/385/821 1254/383/820
f 1255/373/820 1257/375/823 1256/385/821
f 1258/386/123 1259/387/819 1260/383/123
f 1259/387/819 1258/386/123 1261/388/819
f 1260/383/123 1262/389/821 1258/386/123
f 1262/389/821 1260/383/123 1263/390/821
f 1264/391/241 1265/392/819 1266/393/819
f 1264/391/241 1266/393/819 1267/386/241
f 1265/392/819 1268/394/824 1266/393/819
f 1269/395/821 1264/391/241 1267/386/241
f 1265/392/819 1270/396/824 1268/394/824
f 1269/395/821 1267/386/241 1271/397/821
f 1272/398/825 1269/395/821 1271/397/821
f 1272/398/825 1271/397/821 1273/399/825
f 1274/400/826 1275/401/827 1276/402/828
f 1274/400/826 1277/403/826 1275/401/827
f 1278/404/829 1279/405/830 1280/406/831
f 1280/406/831 1281/407/832 1278/404/829
f 1279/405/830 1282/408/833 1280/406/831
f 1281/407/832 1280/406/831 1283/409/834
f 1279/405/830 1284/410/835 1282/408/833
f 1284/410/835 1285/411/836 1282/408/833
f 1286/412/837 1287/407/838 1288/392/839
f 1286/412/837 1288/392/839 1289/391/840
f 1290/413/797 1287/407/838 1286/412/837
f 1291/404/798 1287/407/838 1290/413/797
f 1292/414/803 1291/404/798 1290/413/797
f 1293/405/799 1291/404/798 1292/414/803
f 1292/414/803 1294/410/804 1293/405/799
f 1294/410/804 1292/414/803 1295/415/805
f 1295/415/805 1296/416/806 1294/410/804
f 1296/416/806 1295/415/805 1297/417/812
f 1298/415/841 1299/414/803 1300/418/809
f 1301/419/811 1298/415/841 1300/418/809
f 1302/417/842 1298/415/841 1301/419/811
f 1300/418/809 1299/414/803 1303/420/843
f 1299/414/803 1304/413/797 1303/420/843
f 1303/420/843 1304/413/797 1305/421/814
f 1304/413/797 1306/422/844 1305/421/814
f 1306/422/844 1304/413/797 1307/412/837
f 1307/412/837 1308/395/845 1306/422/844
f 1308/395/845 1307/412/837 1309/391/846
f 1310/420/847 1311/421/848 1312/423/849
f 1312/423/849 1313/418/713 1310/420/847
f 1312/423/849 1311/421/848 1314/424/850
f 1315/422/844 1314/424/850 1311/421/848
f 1316/240/851 1317/243/852 1318/225/853
f 1316/240/851 1318/225/853 1319/222/854
f 1317/243/852 1320/227/855 1318/225/853
f 1321/226/856 1316/240/851 1319/222/854
f 1317/243/852 1322/242/857 1320/227/855
f 1316/240/851 1321/226/856 1323/237/858
f 1322/242/857 1324/244/859 1320/227/855
f 1322/242/857 1325/245/860 1324/244/859
f 1326/236/780 1323/237/858 1321/226/856
f 1323/237/858 1326/236/780 1327/238/861
f 1328/248/862 1329/235/863 1330/237/864
f 1328/248/862 1330/237/864 1331/238/865
f 1329/235/863 1332/240/866 1330/237/864
f 1329/235/863 1333/233/867 1332/240/866
f 1333/233/867 1334/243/868 1332/240/866
f 1333/233/867 1335/228/869 1334/243/868
f 1336/230/870 1334/243/868 1335/228/869
f 1334/243/868 1336/230/870 1337/242/871
f 1338/249/872 1337/242/871 1336/230/870
f 1337/242/871 1338/249/872 1339/245/873
f 1342/223/829 1341/227/874 1340/425/875
f 1341/227/874 1342/223/829 1343/225/831
f 1344/222/876 1343/225/831 1342/223/829
f 1344/222/876 1342/223/829 1345/224/877
f 1344/222/876 1345/224/877 1346/226/836
f 1345/224/877 1347/426/835 1346/226/836
f 1348/232/878 1349/231/879 1350/228/880
f 1348/232/878 1350/228/880 1351/233/881
f 1349/231/879 1352/230/882 1350/228/880
f 1353/235/781 1348/232/878 1351/233/881
f 1354/256/883 1355/245/884 1356/249/885
f 1355/245/884 1354/256/883 1357/253/884
f 1356/249/885 1358/254/886 1354/256/883
f 1357/253/884 1359/244/887 1355/245/884
f 1358/254/886 1356/249/885 1360/255/886
f 1359/244/887 1357/253/884 1361/250/887
f 1361/250/887 1362/252/888 1359/244/887
f 1361/250/887 1363/251/889 1362/252/888
f 1366/262/885 1364/263/886 1365/261/890
f 1365/261/890 1367/248/883 1366/262/885
f 1368/258/884 1366/262/885 1367/248/883
f 1367/248/883 1369/238/884 1368/258/884
f 1370/257/887 1368/258/884 1369/238/884
f 1369/238/884 1371/236/887 1370/257/887
f 1372/259/889 1370/257/887 1371/236/887
f 1371/236/887 1373/260/889 1372/259/889
f 1375/427/889 1376/270/887 1374/428/889
f 1376/270/887 1375/427/889 1377/269/887
f 1378/258/616 1376/270/887 1377/269/887
f 1377/269/887 1379/268/616 1378/258/616
f 1380/267/883 1378/258/616 1379/268/616
f 1379/268/616 1381/265/883 1380/267/883
f 1383/274/891 1384/268/884 1382/275/891
f 1384/268/884 1383/274/891 1385/273/884
f 1387/429/886 1388/271/883 1386/430/886
f 1388/271/883 1387/429/886 1389/272/883
f 1389/272/883 1390/273/616 1388/271/883
f 1390/273/616 1389/272/883 1391/268/616
f 1392/283/892 1393/293/893 1394/274/894
f 1394/274/894 1393/293/893 1395/273/895
f 1392/283/892 1396/290/852 1393/293/893
f 1396/290/852 1392/283/892 1397/282/853
f 1397/282/853 1398/278/896 1396/290/852
f 1398/278/896 1399/291/866 1396/290/852
f 1398/278/896 1400/280/897 1399/291/866
f 1400/280/897 1401/292/898 1399/291/866
f 1400/280/897 1402/294/780 1401/292/898
f 1402/294/780 1403/295/865 1401/292/898
f 1404/273/895 1405/293/899 1406/271/900
f 1405/293/899 1407/289/901 1406/271/900
f 1410/287/902 1408/285/903 1409/431/904
f 1410/287/902 1409/431/904 1411/288/905
f 1412/290/852 1413/291/866 1414/287/906
f 1412/290/852 1414/287/906 1415/289/901
f 1416/293/899 1412/290/852 1415/289/901
f 1413/291/866 1417/285/867 1414/287/906
f 1413/291/866 1418/286/863 1417/285/867
f 1418/286/863 1413/291/866 1419/292/898
f 1419/292/898 1420/296/862 1418/286/863
f 1420/296/862 1419/292/898 1421/295/865
f 1422/432/907 1423/433/907 1424/434/907
f 1422/432/907 1424/434/907 1425/435/907
f 1425/435/907 1424/434/907 1426/436/907
f 1423/433/907 1427/437/907 1424/434/907
f 1427/437/907 1423/433/907 1428/438/907
f 1427/437/907 1428/438/907 1429/439/907
f 1423/433/907 1422/432/907 1430/440/907
f 1423/433/907 1430/440/907 1431/441/907
f 1430/440/907 1422/432/907 1432/442/907
f 1432/442/907 1422/432/907 1433/443/907
f 1434/444/908 1435/445/874 1436/442/909
f 1436/442/909 1435/445/874 1437/440/910
f 1440/438/911 1438/446/912 1439/447/913
f 1438/446/912 1440/438/911 1441/433/914
f 1444/437/915 1443/448/916 1442/449/917
f 1445/434/918 1444/437/915 1442/449/917
f 1446/450/919 1448/435/920 1447/451/921
f 1448/435/920 1446/450/919 1449/432/922
f 1450/452/923 1451/453/924 1452/454/924
f 1450/452/923 1453/455/923 1451/453/924
f 1451/453/924 1453/455/923 1454/456/924
f 1455/437/907 1456/457/907 1457/434/907
f 1456/457/907 1458/436/907 1457/434/907
f 1458/436/907 1456/457/907 1459/458/907
f 1456/457/907 1455/437/907 1460/459/907
f 1461/439/907 1460/459/907 1455/437/907
f 1460/459/907 1461/439/907 1462/460/907
f 1463/461/907 1462/460/907 1461/439/907
f 1463/461/907 1461/439/907 1464/438/907
f 1464/438/907 1465/462/907 1463/461/907
f 1465/462/907 1464/438/907 1466/433/907
f 1467/441/907 1465/462/907 1466/433/907
f 1465/462/907 1467/441/907 1468/463/907
f 1469/464/907 1468/463/907 1467/441/907
f 1469/464/907 1467/441/907 1470/440/907
f 1471/442/907 1469/464/907 1470/440/907
f 1469/464/907 1471/442/907 1472/465/907
f 1473/443/907 1472/465/907 1471/442/907
f 1472/465/907 1473/443/907 1474/466/907
f 1473/443/907 1475/467/907 1474/466/907
f 1473/443/907 1476/432/907 1475/467/907
f 1477/468/907 1475/467/907 1476/432/907
f 1477/468/907 1476/432/907 1478/435/907
f 1479/436/907 1477/468/907 1478/435/907
f 1477/468/907 1479/436/907 1480/458/907
f 1483/469/894 1481/470/925 1482/471/926
f 1483/469/894 1484/472/839 1481/470/925
f 1485/473/927 1487/474/900 1486/475/928
f 1487/474/900 1485/473/927 1488/476/929
f 1489/477/930 1490/478/931 1491/479/932
f 1489/477/930 1491/479/932 1492/480/933
f 1493/481/934 1495/482/775 1494/483/935
f 1495/482/775 1493/481/934 1496/484/845
f 1499/485/882 1498/486/936 1501/487/937
f 1497/488/938 1500/489/939 1502/490/940
f 1503/491/941 1504/487/942 1505/486/943
f 1504/487/942 1503/491/941 1506/492/944
f 1506/492/944 1507/493/945 1504/487/942
f 1507/493/945 1506/492/944 1508/494/946
f 1505/486/943 1509/495/947 1503/491/941
f 1509/495/947 1505/486/943 1510/488/948
f 1511/490/949 1509/495/947 1510/488/948
f 1509/495/947 1511/490/949 1512/496/950
f 1513/497/951 1512/496/950 1511/490/949
f 1512/496/950 1513/497/951 1514/498/952
f 1515/492/953 1516/499/954 1517/494/955
f 1516/499/954 1515/492/953 1518/500/956
f 1519/491/957 1518/500/956 1515/492/953
f 1518/500/956 1519/491/957 1520/501/958
f 1519/491/957 1521/502/959 1520/501/958
f 1521/502/959 1519/491/957 1522/495/960
f 1522/495/960 1523/503/961 1521/502/959
f 1523/503/961 1522/495/960 1524/496/962
f 1524/496/962 1525/504/963 1523/503/961
f 1525/504/963 1524/496/962 1526/498/952
f 1529/505/705 1528/502/964 1531/503/787
f 1527/501/965 1530/506/706 1532/500/966
f 1534/493/967 1535/507/968 1533/508/967
f 1535/507/968 1534/493/967 1536/494/968
f 1536/494/968 1537/509/969 1535/507/968
f 1536/494/968 1538/499/969 1537/509/969
f 1541/510/968 1539/511/970 1540/504/970
f 1541/510/968 1540/504/970 1542/498/968
f 1543/512/967 1541/510/968 1542/498/968
f 1543/512/967 1542/498/968 1544/497/971
f 1547/513/971 1545/514/885 1546/515/885
f 1546/515/885 1548/516/967 1547/513/971
f 1548/516/967 1549/510/972 1547/513/971
f 1548/516/967 1550/517/972 1549/510/972
f 1550/517/972 1551/518/969 1549/510/972
f 1550/517/972 1552/519/970 1551/518/969
f 1552/519/970 1553/520/740 1551/518/969
f 1553/520/740 1552/519/970 1554/521/740
f 1556/522/969 1557/523/973 1555/524/969
f 1558/517/973 1557/523/973 1556/522/969
f 1558/517/973 1559/525/967 1557/523/973
f 1560/526/971 1559/525/967 1558/517/973
f 1561/527/974 1562/528/974 1563/529/974
f 1562/528/974 1561/527/974 1564/530/975
f 1565/531/976 1566/532/977 1567/533/939
f 1566/532/977 1565/531/976 1568/534/879
f 1567/533/939 1569/535/940 1565/531/976
f 1572/536/978 1570/537/979 1571/538/980
f 1573/525/929 1574/539/981 1575/523/982
f 1574/539/981 1573/525/929 1576/538/905
f 1576/538/905 1577/540/957 1574/539/981
f 1577/540/957 1576/538/905 1578/534/943
f 1577/540/957 1578/534/943 1579/531/948
f 1577/540/957 1579/531/948 1580/541/947
f 1580/541/947 1579/531/948 1581/535/949
f 1580/541/947 1581/535/949 1582/542/983
f 1582/542/983 1581/535/949 1583/543/951
f 1582/542/983 1583/543/951 1584/544/984
f 1585/541/960 1586/545/985 1587/546/959
f 1588/547/958 1585/541/960 1587/546/959
f 1586/545/985 1585/541/960 1589/542/986
f 1589/542/986 1590/548/963 1586/545/985
f 1590/548/963 1589/542/986 1591/544/952
f 1588/547/958 1592/540/957 1585/541/960
f 1593/549/987 1592/540/957 1588/547/958
f 1593/549/987 1594/539/988 1592/540/957
f 1595/524/933 1594/539/988 1593/549/987
f 1594/539/988 1595/524/933 1596/523/989
f 1597/545/751 1598/550/990 1599/546/703
f 1600/551/991 1599/546/703 1598/550/990
f 1600/551/991 1601/547/965 1599/546/703
f 1600/551/991 1602/549/752 1601/547/965
