# Blender 5.1.2
# www.blender.org
mtllib Splitter.mtl
o Splitter
v -0.788740 0.050664 -0.214478
v -0.788740 -0.099336 -0.214478
v -0.741060 0.050664 -0.152277
v -0.741060 -0.099336 -0.152277
v -0.711090 0.050664 -0.079977
v -0.711090 -0.099336 -0.079977
v -0.700870 0.050664 -0.002277
v -0.700870 -0.099336 -0.002277
v -0.711090 0.050664 0.075323
v -0.711090 -0.099336 0.075323
v -0.741060 0.050664 0.147722
v -0.741060 -0.099336 0.147722
v -0.788740 0.050664 0.209824
v -0.788740 -0.099336 0.209824
v -1.204740 0.050664 0.115423
v -1.159180 0.019014 0.156023
v -1.194760 0.019014 0.109623
v -1.167330 0.050664 0.164124
v -1.217120 0.019014 0.055624
v -1.194760 0.019014 0.109623
v -1.228250 0.050664 0.058622
v -1.204740 0.050664 0.115423
v -1.224750 0.019014 -0.002277
v -1.217120 0.019014 0.055624
v -1.236270 0.050664 -0.002277
v -1.228250 0.050664 0.058622
v -1.217120 0.019014 -0.060276
v -1.224750 0.019014 -0.002277
v -1.236270 0.050664 -0.002277
v -1.228250 0.050664 -0.063276
v -1.194760 0.019014 -0.114277
v -1.217120 0.019014 -0.060276
v -1.228250 0.050664 -0.063276
v -1.204740 0.050664 -0.119976
v -1.159180 0.019014 -0.160578
v -1.194760 0.019014 -0.114277
v -1.204740 0.050664 -0.119976
v -1.167330 0.050664 -0.168777
v -1.150870 0.050664 -0.262077
v -1.167330 0.050664 -0.168777
v -1.118570 0.050664 -0.206177
v -1.213000 0.050664 -0.214478
v -1.204740 0.050664 -0.119976
v -1.213000 0.050664 -0.214478
v -1.260680 0.050664 -0.152277
v -1.167330 0.050664 -0.168777
v -1.000870 0.050664 -0.302277
v -1.061800 0.050664 -0.229677
v -1.000870 0.050664 -0.237677
v -1.078510 0.050664 -0.292076
v -1.061800 0.050664 -0.229677
v -1.150870 0.050664 -0.262077
v -1.118570 0.050664 -0.206177
v -1.078510 0.050664 -0.292076
v -1.290650 0.050664 -0.079977
v -1.236270 0.050664 -0.002277
v -1.228250 0.050664 -0.063276
v -1.300870 0.050664 -0.002277
v -1.236270 0.050664 -0.002277
v -1.300870 0.050664 -0.002277
v -1.290650 0.050664 0.075323
v -1.228250 0.050664 0.058622
v -1.260680 0.050664 0.147722
v -1.204740 0.050664 0.115423
v -1.290650 0.050664 0.075323
v -1.228250 0.050664 0.058622
v -1.290650 0.050664 -0.079977
v -1.204740 0.050664 -0.119976
v -1.260680 0.050664 -0.152277
v -1.228250 0.050664 -0.063276
v -1.118570 0.050664 0.201523
v -1.213000 0.050664 0.209824
v -1.150870 0.050664 0.257523
v -1.167330 0.050664 0.164124
v -1.061800 0.050664 0.225122
v -1.150870 0.050664 0.257523
v -1.078510 0.050664 0.287422
v -1.118570 0.050664 0.201523
v -1.000870 0.050664 0.233124
v -1.078510 0.050664 0.287422
v -1.000870 0.050664 0.297724
v -1.078510 0.050664 0.287422
v -1.000870 0.050664 0.233124
v -1.061800 0.050664 0.225122
v -1.167330 0.050664 0.164124
v -1.260680 0.050664 0.147722
v -1.213000 0.050664 0.209824
v -1.204740 0.050664 0.115423
v -1.000870 0.050664 0.297724
v -0.939940 0.050664 0.225122
v -1.000870 0.050664 0.233124
v -0.923220 0.050664 0.287422
v -0.923220 0.050664 0.287422
v -0.883170 0.050664 0.201523
v -0.939940 0.050664 0.225122
v -0.850870 0.050664 0.257523
v -0.883170 0.050664 0.201523
v -0.850870 0.050664 0.257523
v -0.834410 0.050664 0.164124
v -0.788740 0.050664 0.209824
v -0.741060 0.050664 0.147722
v -0.797000 0.050664 0.115423
v -0.788740 0.050664 0.209824
v -0.834410 0.050664 0.164124
v -0.773480 0.050664 -0.063276
v -0.741060 0.050664 -0.152277
v -0.797000 0.050664 -0.119976
v -0.711090 0.050664 -0.079977
v -0.741060 0.050664 0.147722
v -0.711090 0.050664 0.075323
v -0.797000 0.050664 0.115423
v -0.773480 0.050664 0.058622
v -0.773480 0.050664 0.058622
v -0.700870 0.050664 -0.002277
v -0.765460 0.050664 -0.002277
v -0.700870 0.050664 -0.002277
v -0.773480 0.050664 0.058622
v -0.711090 0.050664 0.075323
v -0.765460 0.050664 -0.002277
v -0.711090 0.050664 -0.079977
v -0.773480 0.050664 -0.063276
v -0.700870 0.050664 -0.002277
v -0.850870 0.050664 -0.262077
v -0.939940 0.050664 -0.229677
v -0.883170 0.050664 -0.206177
v -0.923220 0.050664 -0.292076
v -0.923220 0.050664 -0.292076
v -1.000870 0.050664 -0.302277
v -0.939940 0.050664 -0.229677
v -1.000870 0.050664 -0.237677
v -0.797000 0.050664 -0.119976
v -0.788740 0.050664 -0.214478
v -0.834410 0.050664 -0.168777
v -0.741060 0.050664 -0.152277
v -0.834410 0.050664 -0.168777
v -0.788740 0.050664 -0.214478
v -0.883170 0.050664 -0.206177
v -0.850870 0.050664 -0.262077
v -0.930600 -0.046756 -0.021177
v -0.867220 -0.032206 -0.038076
v -0.937870 -0.046756 -0.038677
v -1.000870 -0.051766 -0.002277
v -0.881040 -0.032206 -0.071476
v -0.816910 -0.009546 -0.051577
v -0.835940 -0.009546 -0.097576
v -0.784610 0.019014 -0.060276
v -0.806980 0.019014 -0.114277
v -0.816910 -0.009546 -0.051577
v -0.862500 -0.032206 -0.002277
v -0.810420 -0.009546 -0.002277
v -0.776980 0.019014 -0.002277
v -0.867220 -0.032206 -0.038076
v -0.784610 0.019014 -0.060276
v -0.930600 -0.046756 -0.021177
v -0.928120 -0.046756 -0.002277
v -1.000870 -0.051766 -0.002277
v -0.776980 0.019014 -0.002277
v -0.816910 -0.009546 0.047024
v -0.784610 0.019014 0.055624
v -0.810420 -0.009546 -0.002277
v -0.862500 -0.032206 -0.002277
v -0.867220 -0.032206 0.033524
v -0.930600 -0.046756 0.016523
v -0.928120 -0.046756 -0.002277
v -1.000870 -0.051766 -0.002277
v -1.000870 -0.051766 -0.002277
v -0.937870 -0.046756 0.034023
v -0.930600 -0.046756 0.016523
v -0.867220 -0.032206 0.033524
v -0.881040 -0.032206 0.066923
v -0.816910 -0.009546 0.047024
v -0.835940 -0.009546 0.092922
v -0.784610 0.019014 0.055624
v -0.806980 0.019014 0.109623
v -0.842560 0.019014 0.156023
v -0.806980 0.019014 0.109623
v -0.835940 -0.009546 0.092922
v -0.866200 -0.009546 0.132322
v -0.903030 -0.032206 0.095524
v -0.881040 -0.032206 0.066923
v -0.949430 -0.046756 0.049124
v -0.937870 -0.046756 0.034023
v -1.000870 -0.051766 -0.002277
v -0.964500 -0.046756 0.060722
v -0.903030 -0.032206 0.095524
v -0.949430 -0.046756 0.049124
v -1.000870 -0.051766 -0.002277
v -0.931680 -0.032206 0.117523
v -0.905640 -0.009546 0.162622
v -0.866200 -0.009546 0.132322
v -0.888930 0.019014 0.191624
v -0.842560 0.019014 0.156023
v -0.965060 -0.032206 0.131323
v -0.905640 -0.009546 0.162622
v -0.931680 -0.032206 0.117523
v -0.964500 -0.046756 0.060722
v -0.982040 -0.046756 0.067923
v -1.000870 -0.051766 -0.002277
v -0.951580 -0.009546 0.181623
v -0.942920 0.019014 0.213923
v -0.888930 0.019014 0.191624
v -1.050160 -0.009546 0.181623
v -1.000870 0.019014 0.221622
v -1.000870 -0.009546 0.188124
v -1.058810 0.019014 0.213923
v -1.036680 -0.032206 0.131323
v -1.000870 -0.032206 0.136023
v -1.019700 -0.046756 0.067923
v -1.000870 -0.046756 0.070423
v -1.000870 -0.051766 -0.002277
v -1.050160 -0.009546 0.181623
v -1.096090 -0.009546 0.162622
v -1.112810 0.019014 0.191624
v -1.070050 -0.032206 0.117523
v -1.058810 0.019014 0.213923
v -1.036680 -0.032206 0.131323
v -1.037240 -0.046756 0.060722
v -1.019700 -0.046756 0.067923
v -1.000870 -0.051766 -0.002277
v -1.000870 -0.051766 -0.002277
v -1.052310 -0.046756 0.049124
v -1.037240 -0.046756 0.060722
v -1.098710 -0.032206 0.095524
v -1.070050 -0.032206 0.117523
v -1.096090 -0.009546 0.162622
v -1.135530 -0.009546 0.132322
v -1.112810 0.019014 0.191624
v -1.159180 0.019014 0.156023
v -1.159180 0.019014 0.156023
v -1.194760 0.019014 0.109623
v -1.165800 -0.009546 0.092922
v -1.135530 -0.009546 0.132322
v -1.098710 -0.032206 0.095524
v -1.120700 -0.032206 0.066923
v -1.052310 -0.046756 0.049124
v -1.063870 -0.046756 0.034023
v -1.000870 -0.051766 -0.002277
v -1.120700 -0.032206 0.066923
v -1.071130 -0.046756 0.016523
v -1.134520 -0.032206 0.033524
v -1.063870 -0.046756 0.034023
v -1.000870 -0.051766 -0.002277
v -1.165800 -0.009546 0.092922
v -1.184830 -0.009546 0.047024
v -1.217120 0.019014 0.055624
v -1.194760 0.019014 0.109623
v -1.070050 -0.032206 -0.122177
v -1.037240 -0.046756 -0.065277
v -1.036680 -0.032206 -0.135977
v -1.019700 -0.046756 -0.072577
v -1.000870 -0.051766 -0.002277
v -1.050160 -0.009546 -0.186277
v -1.096090 -0.009546 -0.167276
v -1.112810 0.019014 -0.196177
v -1.058810 0.019014 -0.218576
v -1.000870 -0.009546 -0.192778
v -1.050160 -0.009546 -0.186277
v -1.036680 -0.032206 -0.135977
v -1.058810 0.019014 -0.218576
v -1.000870 -0.032206 -0.140676
v -1.000870 0.019014 -0.226177
v -1.019700 -0.046756 -0.072577
v -1.000870 -0.046756 -0.075077
v -1.000870 -0.051766 -0.002277
v -1.000870 -0.009546 -0.192778
v -0.965060 -0.032206 -0.135977
v -0.951580 -0.009546 -0.186277
v -0.942920 0.019014 -0.218576
v -1.000870 -0.032206 -0.140676
v -1.000870 0.019014 -0.226177
v -0.982040 -0.046756 -0.072577
v -1.000870 -0.046756 -0.075077
v -1.000870 -0.051766 -0.002277
v -1.000870 -0.051766 -0.002277
v -0.964500 -0.046756 -0.065277
v -0.982040 -0.046756 -0.072577
v -0.965060 -0.032206 -0.135977
v -0.931680 -0.032206 -0.122177
v -0.951580 -0.009546 -0.186277
v -0.905640 -0.009546 -0.167276
v -0.942920 0.019014 -0.218576
v -0.888930 0.019014 -0.196177
v -0.842560 0.019014 -0.160578
v -0.888930 0.019014 -0.196177
v -0.866200 -0.009546 -0.136976
v -0.905640 -0.009546 -0.167276
v -0.931680 -0.032206 -0.122177
v -0.903030 -0.032206 -0.100178
v -0.964500 -0.046756 -0.065277
v -0.949430 -0.046756 -0.053778
v -1.000870 -0.051766 -0.002277
v -0.937870 -0.046756 -0.038677
v -0.903030 -0.032206 -0.100178
v -0.949430 -0.046756 -0.053778
v -1.000870 -0.051766 -0.002277
v -0.881040 -0.032206 -0.071476
v -0.866200 -0.009546 -0.136976
v -0.835940 -0.009546 -0.097576
v -0.842560 0.019014 -0.160578
v -0.806980 0.019014 -0.114277
v -1.000870 -0.009546 0.188124
v -0.965060 -0.032206 0.131323
v -1.000870 -0.032206 0.136023
v -0.951580 -0.009546 0.181623
v -0.982040 -0.046756 0.067923
v -1.000870 -0.046756 0.070423
v -1.000870 -0.051766 -0.002277
v -1.000870 0.019014 0.221622
v -0.942920 0.019014 0.213923
v -1.191320 -0.009546 -0.002277
v -1.134520 -0.032206 0.033524
v -1.139240 -0.032206 -0.002277
v -1.073610 -0.046756 -0.002277
v -1.071130 -0.046756 0.016523
v -1.000870 -0.051766 -0.002277
v -1.184830 -0.009546 0.047024
v -1.224750 0.019014 -0.002277
v -1.217120 0.019014 0.055624
v -1.184830 -0.009546 -0.051577
v -1.139240 -0.032206 -0.002277
v -1.134520 -0.032206 -0.038076
v -1.191320 -0.009546 -0.002277
v -1.073610 -0.046756 -0.002277
v -1.071130 -0.046756 -0.021177
v -1.000870 -0.051766 -0.002277
v -1.217120 0.019014 -0.060276
v -1.224750 0.019014 -0.002277
v -1.194760 0.019014 -0.114277
v -1.184830 -0.009546 -0.051577
v -1.165800 -0.009546 -0.097576
v -1.120700 -0.032206 -0.071476
v -1.217120 0.019014 -0.060276
v -1.134520 -0.032206 -0.038076
v -1.063870 -0.046756 -0.038677
v -1.071130 -0.046756 -0.021177
v -1.000870 -0.051766 -0.002277
v -1.000870 -0.051766 -0.002277
v -1.052310 -0.046756 -0.053778
v -1.063870 -0.046756 -0.038677
v -1.098710 -0.032206 -0.100178
v -1.120700 -0.032206 -0.071476
v -1.165800 -0.009546 -0.097576
v -1.135530 -0.009546 -0.136976
v -1.159180 0.019014 -0.160578
v -1.194760 0.019014 -0.114277
v -1.037240 -0.046756 -0.065277
v -1.098710 -0.032206 -0.100178
v -1.052310 -0.046756 -0.053778
v -1.000870 -0.051766 -0.002277
v -1.070050 -0.032206 -0.122177
v -1.135530 -0.009546 -0.136976
v -1.096090 -0.009546 -0.167276
v -1.112810 0.019014 -0.196177
v -1.159180 0.019014 -0.160578
v -1.078510 -0.099336 0.287422
v -1.000870 -0.099336 0.297724
v -1.078510 0.050664 0.287422
v -1.000870 0.050664 0.297724
v -1.150870 0.050664 0.257523
v -1.150870 -0.099336 0.257523
v -1.213000 0.050664 0.209824
v -1.213000 -0.099336 0.209824
v -0.788740 0.050664 0.209824
v -0.788740 -0.099336 0.209824
v -0.850870 0.050664 0.257523
v -0.850870 -0.099336 0.257523
v -0.923220 0.050664 0.287422
v -0.923220 -0.099336 0.287422
v -1.000870 0.050664 0.297724
v -1.000870 -0.099336 0.297724
v -1.112810 0.019014 -0.196177
v -1.058810 0.019014 -0.218576
v -1.061800 0.050664 -0.229677
v -1.118570 0.050664 -0.206177
v -1.058810 0.019014 -0.218576
v -1.000870 0.019014 -0.226177
v -1.000870 0.050664 -0.237677
v -1.061800 0.050664 -0.229677
v -0.942920 0.019014 -0.218576
v -1.000870 0.019014 -0.226177
v -1.000870 0.050664 -0.237677
v -0.939940 0.050664 -0.229677
v -0.942920 0.019014 -0.218576
v -0.888930 0.019014 -0.196177
v -0.939940 0.050664 -0.229677
v -0.883170 0.050664 -0.206177
v -0.842560 0.019014 -0.160578
v -0.883170 0.050664 -0.206177
v -0.888930 0.019014 -0.196177
v -0.834410 0.050664 -0.168777
v -1.112810 0.019014 -0.196177
v -1.159180 0.019014 -0.160578
v -1.118570 0.050664 -0.206177
v -1.167330 0.050664 -0.168777
v -1.213000 0.050664 0.209824
v -1.213000 -0.099336 0.209824
v -1.260680 0.050664 0.147722
v -1.260680 -0.099336 0.147722
v -1.290650 0.050664 0.075323
v -1.290650 -0.099336 0.075323
v -1.300870 0.050664 -0.002277
v -1.300870 -0.099336 -0.002277
v -1.290650 0.050664 -0.079977
v -1.290650 -0.099336 -0.079977
v -1.260680 0.050664 -0.152277
v -1.260680 -0.099336 -0.152277
v -1.213000 0.050664 -0.214478
v -1.213000 -0.099336 -0.214478
v -0.784610 0.019014 -0.060276
v -0.806980 0.019014 -0.114277
v -0.773480 0.050664 -0.063276
v -0.797000 0.050664 -0.119976
v -0.776980 0.019014 -0.002277
v -0.784610 0.019014 -0.060276
v -0.765460 0.050664 -0.002277
v -0.773480 0.050664 -0.063276
v -0.776980 0.019014 -0.002277
v -0.784610 0.019014 0.055624
v -0.765460 0.050664 -0.002277
v -0.773480 0.050664 0.058622
v -0.784610 0.019014 0.055624
v -0.806980 0.019014 0.109623
v -0.773480 0.050664 0.058622
v -0.797000 0.050664 0.115423
v -0.797000 0.050664 0.115423
v -0.842560 0.019014 0.156023
v -0.834410 0.050664 0.164124
v -0.806980 0.019014 0.109623
v -0.842560 0.019014 -0.160578
v -0.806980 0.019014 -0.114277
v -0.797000 0.050664 -0.119976
v -0.834410 0.050664 -0.168777
v -0.788740 -0.099336 -0.214478
v -1.260680 -0.099336 0.147722
v -1.150870 -0.099336 -0.262077
v -0.923220 -0.099336 -0.292076
v -0.850870 -0.099336 -0.262077
v -1.000870 -0.099336 -0.302277
v -1.078510 -0.099336 -0.292076
v -0.788740 -0.099336 0.209824
v -0.741060 -0.099336 -0.152277
v -1.300870 -0.099336 -0.002277
v -1.290650 -0.099336 0.075323
v -1.290650 -0.099336 -0.079977
v -1.213000 -0.099336 -0.214478
v -1.260680 -0.099336 -0.152277
v -0.700870 -0.099336 -0.002277
v -0.711090 -0.099336 -0.079977
v -0.741060 -0.099336 0.147722
v -0.711090 -0.099336 0.075323
v -1.150870 -0.099336 0.257523
v -1.213000 -0.099336 0.209824
v -1.000870 -0.099336 0.297724
v -1.078510 -0.099336 0.287422
v -0.850870 -0.099336 0.257523
v -0.923220 -0.099336 0.287422
v -1.213000 0.050664 -0.214478
v -1.213000 -0.099336 -0.214478
v -1.150870 0.050664 -0.262077
v -1.150870 -0.099336 -0.262077
v -1.078510 0.050664 -0.292076
v -1.078510 -0.099336 -0.292076
v -1.000870 0.050664 -0.302277
v -1.000870 -0.099336 -0.302277
v -0.923220 0.050664 -0.292076
v -0.923220 -0.099336 -0.292076
v -0.850870 0.050664 -0.262077
v -0.850870 -0.099336 -0.262077
v -0.788740 0.050664 -0.214478
v -0.788740 -0.099336 -0.214478
v -0.888930 0.019014 0.191624
v -0.842560 0.019014 0.156023
v -0.883170 0.050664 0.201523
v -0.834410 0.050664 0.164124
v -0.942920 0.019014 0.213923
v -0.888930 0.019014 0.191624
v -0.939940 0.050664 0.225122
v -0.883170 0.050664 0.201523
v -1.000870 0.019014 0.221622
v -1.058810 0.019014 0.213923
v -1.000870 0.050664 0.233124
v -1.061800 0.050664 0.225122
v -1.112810 0.019014 0.191624
v -1.058810 0.019014 0.213923
v -1.061800 0.050664 0.225122
v -1.118570 0.050664 0.201523
v -1.112810 0.019014 0.191624
v -1.159180 0.019014 0.156023
v -1.118570 0.050664 0.201523
v -1.167330 0.050664 0.164124
v -1.000870 0.019014 0.221622
v -0.942920 0.019014 0.213923
v -1.000870 0.050664 0.233124
v -0.939940 0.050664 0.225122
v 1.211260 0.050664 -0.214478
v 1.211260 -0.099336 -0.214478
v 1.258940 0.050664 -0.152277
v 1.258940 -0.099336 -0.152277
v 1.288910 0.050664 -0.079977
v 1.288910 -0.099336 -0.079977
v 1.299130 0.050664 -0.002277
v 1.299130 -0.099336 -0.002277
v 1.288910 0.050664 0.075323
v 1.288910 -0.099336 0.075323
v 1.258940 0.050664 0.147722
v 1.258940 -0.099336 0.147722
v 1.211260 0.050664 0.209824
v 1.211260 -0.099336 0.209824
v 0.795260 0.050664 0.115423
v 0.840820 0.019014 0.156023
v 0.805240 0.019014 0.109623
v 0.832670 0.050664 0.164124
v 0.782880 0.019014 0.055624
v 0.805240 0.019014 0.109623
v 0.771750 0.050664 0.058622
v 0.795260 0.050664 0.115423
v 0.775250 0.019014 -0.002277
v 0.782880 0.019014 0.055624
v 0.763730 0.050664 -0.002277
v 0.771750 0.050664 0.058622
v 0.782880 0.019014 -0.060276
v 0.775250 0.019014 -0.002277
v 0.763730 0.050664 -0.002277
v 0.771750 0.050664 -0.063276
v 0.805240 0.019014 -0.114277
v 0.782880 0.019014 -0.060276
v 0.771750 0.050664 -0.063276
v 0.795260 0.050664 -0.119976
v 0.840820 0.019014 -0.160578
v 0.805240 0.019014 -0.114277
v 0.795260 0.050664 -0.119976
v 0.832670 0.050664 -0.168777
v 0.849130 0.050664 -0.262077
v 0.832670 0.050664 -0.168777
v 0.881430 0.050664 -0.206177
v 0.787000 0.050664 -0.214478
v 0.795260 0.050664 -0.119976
v 0.787000 0.050664 -0.214478
v 0.739320 0.050664 -0.152277
v 0.832670 0.050664 -0.168777
v 0.999130 0.050664 -0.302277
v 0.938200 0.050664 -0.229677
v 0.999130 0.050664 -0.237677
v 0.921490 0.050664 -0.292076
v 0.938200 0.050664 -0.229677
v 0.849130 0.050664 -0.262077
v 0.881430 0.050664 -0.206177
v 0.921490 0.050664 -0.292076
v 0.709350 0.050664 -0.079977
v 0.763730 0.050664 -0.002277
v 0.771750 0.050664 -0.063276
v 0.699130 0.050664 -0.002277
v 0.763730 0.050664 -0.002277
v 0.699130 0.050664 -0.002277
v 0.709350 0.050664 0.075323
v 0.771750 0.050664 0.058622
v 0.739320 0.050664 0.147722
v 0.795260 0.050664 0.115423
v 0.709350 0.050664 0.075323
v 0.771750 0.050664 0.058622
v 0.709350 0.050664 -0.079977
v 0.795260 0.050664 -0.119976
v 0.739320 0.050664 -0.152277
v 0.771750 0.050664 -0.063276
v 0.881430 0.050664 0.201523
v 0.787000 0.050664 0.209824
v 0.849130 0.050664 0.257523
v 0.832670 0.050664 0.164124
v 0.938200 0.050664 0.225122
v 0.849130 0.050664 0.257523
v 0.921490 0.050664 0.287422
v 0.881430 0.050664 0.201523
v 0.999130 0.050664 0.233124
v 0.921490 0.050664 0.287422
v 0.999130 0.050664 0.297724
v 0.921490 0.050664 0.287422
v 0.999130 0.050664 0.233124
v 0.938200 0.050664 0.225122
v 0.832670 0.050664 0.164124
v 0.739320 0.050664 0.147722
v 0.787000 0.050664 0.209824
v 0.795260 0.050664 0.115423
v 0.999130 0.050664 0.297724
v 1.060060 0.050664 0.225122
v 0.999130 0.050664 0.233124
v 1.076780 0.050664 0.287422
v 1.076780 0.050664 0.287422
v 1.116830 0.050664 0.201523
v 1.060060 0.050664 0.225122
v 1.149130 0.050664 0.257523
v 1.116830 0.050664 0.201523
v 1.149130 0.050664 0.257523
v 1.165590 0.050664 0.164124
v 1.211260 0.050664 0.209824
v 1.258940 0.050664 0.147722
v 1.203000 0.050664 0.115423
v 1.211260 0.050664 0.209824
v 1.165590 0.050664 0.164124
v 1.226520 0.050664 -0.063276
v 1.258940 0.050664 -0.152277
v 1.203000 0.050664 -0.119976
v 1.288910 0.050664 -0.079977
v 1.258940 0.050664 0.147722
v 1.288910 0.050664 0.075323
v 1.203000 0.050664 0.115423
v 1.226520 0.050664 0.058622
v 1.226520 0.050664 0.058622
v 1.299130 0.050664 -0.002277
v 1.234540 0.050664 -0.002277
v 1.299130 0.050664 -0.002277
v 1.226520 0.050664 0.058622
v 1.288910 0.050664 0.075323
v 1.234540 0.050664 -0.002277
v 1.288910 0.050664 -0.079977
v 1.226520 0.050664 -0.063276
v 1.299130 0.050664 -0.002277
v 1.149130 0.050664 -0.262077
v 1.060060 0.050664 -0.229677
v 1.116830 0.050664 -0.206177
v 1.076780 0.050664 -0.292076
v 1.076780 0.050664 -0.292076
v 0.999130 0.050664 -0.302277
v 1.060060 0.050664 -0.229677
v 0.999130 0.050664 -0.237677
v 1.203000 0.050664 -0.119976
v 1.211260 0.050664 -0.214478
v 1.165590 0.050664 -0.168777
v 1.258940 0.050664 -0.152277
v 1.165590 0.050664 -0.168777
v 1.211260 0.050664 -0.214478
v 1.116830 0.050664 -0.206177
v 1.149130 0.050664 -0.262077
v 1.069400 -0.046756 -0.021177
v 1.132780 -0.032206 -0.038076
v 1.062130 -0.046756 -0.038677
v 0.999130 -0.051766 -0.002277
v 1.118960 -0.032206 -0.071476
v 1.183090 -0.009546 -0.051577
v 1.164060 -0.009546 -0.097576
v 1.215390 0.019014 -0.060276
v 1.193020 0.019014 -0.114277
v 1.183090 -0.009546 -0.051577
v 1.137500 -0.032206 -0.002277
v 1.189580 -0.009546 -0.002277
v 1.223020 0.019014 -0.002277
v 1.132780 -0.032206 -0.038076
v 1.215390 0.019014 -0.060276
v 1.069400 -0.046756 -0.021177
v 1.071880 -0.046756 -0.002277
v 0.999130 -0.051766 -0.002277
v 1.223020 0.019014 -0.002277
v 1.183090 -0.009546 0.047024
v 1.215390 0.019014 0.055624
v 1.189580 -0.009546 -0.002277
v 1.137500 -0.032206 -0.002277
v 1.132780 -0.032206 0.033524
v 1.069400 -0.046756 0.016523
v 1.071880 -0.046756 -0.002277
v 0.999130 -0.051766 -0.002277
v 0.999130 -0.051766 -0.002277
v 1.062130 -0.046756 0.034023
v 1.069400 -0.046756 0.016523
v 1.132780 -0.032206 0.033524
v 1.118960 -0.032206 0.066923
v 1.183090 -0.009546 0.047024
v 1.164060 -0.009546 0.092922
v 1.215390 0.019014 0.055624
v 1.193020 0.019014 0.109623
v 1.157440 0.019014 0.156023
v 1.193020 0.019014 0.109623
v 1.164060 -0.009546 0.092922
v 1.133800 -0.009546 0.132322
v 1.096970 -0.032206 0.095524
v 1.118960 -0.032206 0.066923
v 1.050570 -0.046756 0.049124
v 1.062130 -0.046756 0.034023
v 0.999130 -0.051766 -0.002277
v 1.035500 -0.046756 0.060722
v 1.096970 -0.032206 0.095524
v 1.050570 -0.046756 0.049124
v 0.999130 -0.051766 -0.002277
v 1.068320 -0.032206 0.117523
v 1.094360 -0.009546 0.162622
v 1.133800 -0.009546 0.132322
v 1.111070 0.019014 0.191624
v 1.157440 0.019014 0.156023
v 1.034940 -0.032206 0.131323
v 1.094360 -0.009546 0.162622
v 1.068320 -0.032206 0.117523
v 1.035500 -0.046756 0.060722
v 1.017960 -0.046756 0.067923
v 0.999130 -0.051766 -0.002277
v 1.048420 -0.009546 0.181623
v 1.057080 0.019014 0.213923
v 1.111070 0.019014 0.191624
v 0.949840 -0.009546 0.181623
v 0.999130 0.019014 0.221622
v 0.999130 -0.009546 0.188124
v 0.941190 0.019014 0.213923
v 0.963320 -0.032206 0.131323
v 0.999130 -0.032206 0.136023
v 0.980300 -0.046756 0.067923
v 0.999130 -0.046756 0.070423
v 0.999130 -0.051766 -0.002277
v 0.949840 -0.009546 0.181623
v 0.903910 -0.009546 0.162622
v 0.887190 0.019014 0.191624
v 0.929950 -0.032206 0.117523
v 0.941190 0.019014 0.213923
v 0.963320 -0.032206 0.131323
v 0.962760 -0.046756 0.060722
v 0.980300 -0.046756 0.067923
v 0.999130 -0.051766 -0.002277
v 0.999130 -0.051766 -0.002277
v 0.947690 -0.046756 0.049124
v 0.962760 -0.046756 0.060722
v 0.901290 -0.032206 0.095524
v 0.929950 -0.032206 0.117523
v 0.903910 -0.009546 0.162622
v 0.864470 -0.009546 0.132322
v 0.887190 0.019014 0.191624
v 0.840820 0.019014 0.156023
v 0.840820 0.019014 0.156023
v 0.805240 0.019014 0.109623
v 0.834200 -0.009546 0.092922
v 0.864470 -0.009546 0.132322
v 0.901290 -0.032206 0.095524
v 0.879300 -0.032206 0.066923
v 0.947690 -0.046756 0.049124
v 0.936130 -0.046756 0.034023
v 0.999130 -0.051766 -0.002277
v 0.879300 -0.032206 0.066923
v 0.928870 -0.046756 0.016523
v 0.865480 -0.032206 0.033524
v 0.936130 -0.046756 0.034023
v 0.999130 -0.051766 -0.002277
v 0.834200 -0.009546 0.092922
v 0.815170 -0.009546 0.047024
v 0.782880 0.019014 0.055624
v 0.805240 0.019014 0.109623
v 0.929950 -0.032206 -0.122177
v 0.962760 -0.046756 -0.065277
v 0.963320 -0.032206 -0.135977
v 0.980300 -0.046756 -0.072577
v 0.999130 -0.051766 -0.002277
v 0.949840 -0.009546 -0.186277
v 0.903910 -0.009546 -0.167276
v 0.887190 0.019014 -0.196177
v 0.941190 0.019014 -0.218576
v 0.999130 -0.009546 -0.192778
v 0.949840 -0.009546 -0.186277
v 0.963320 -0.032206 -0.135977
v 0.941190 0.019014 -0.218576
v 0.999130 -0.032206 -0.140676
v 0.999130 0.019014 -0.226177
v 0.980300 -0.046756 -0.072577
v 0.999130 -0.046756 -0.075077
v 0.999130 -0.051766 -0.002277
v 0.999130 -0.009546 -0.192778
v 1.034940 -0.032206 -0.135977
v 1.048420 -0.009546 -0.186277
v 1.057080 0.019014 -0.218576
v 0.999130 -0.032206 -0.140676
v 0.999130 0.019014 -0.226177
v 1.017960 -0.046756 -0.072577
v 0.999130 -0.046756 -0.075077
v 0.999130 -0.051766 -0.002277
v 0.999130 -0.051766 -0.002277
v 1.035500 -0.046756 -0.065277
v 1.017960 -0.046756 -0.072577
v 1.034940 -0.032206 -0.135977
v 1.068320 -0.032206 -0.122177
v 1.048420 -0.009546 -0.186277
v 1.094360 -0.009546 -0.167276
v 1.057080 0.019014 -0.218576
v 1.111070 0.019014 -0.196177
v 1.157440 0.019014 -0.160578
v 1.111070 0.019014 -0.196177
v 1.133800 -0.009546 -0.136976
v 1.094360 -0.009546 -0.167276
v 1.068320 -0.032206 -0.122177
v 1.096970 -0.032206 -0.100178
v 1.035500 -0.046756 -0.065277
v 1.050570 -0.046756 -0.053778
v 0.999130 -0.051766 -0.002277
v 1.062130 -0.046756 -0.038677
v 1.096970 -0.032206 -0.100178
v 1.050570 -0.046756 -0.053778
v 0.999130 -0.051766 -0.002277
v 1.118960 -0.032206 -0.071476
v 1.133800 -0.009546 -0.136976
v 1.164060 -0.009546 -0.097576
v 1.157440 0.019014 -0.160578
v 1.193020 0.019014 -0.114277
v 0.999130 -0.009546 0.188124
v 1.034940 -0.032206 0.131323
v 0.999130 -0.032206 0.136023
v 1.048420 -0.009546 0.181623
v 1.017960 -0.046756 0.067923
v 0.999130 -0.046756 0.070423
v 0.999130 -0.051766 -0.002277
v 0.999130 0.019014 0.221622
v 1.057080 0.019014 0.213923
v 0.808680 -0.009546 -0.002277
v 0.865480 -0.032206 0.033524
v 0.860760 -0.032206 -0.002277
v 0.926390 -0.046756 -0.002277
v 0.928870 -0.046756 0.016523
v 0.999130 -0.051766 -0.002277
v 0.815170 -0.009546 0.047024
v 0.775250 0.019014 -0.002277
v 0.782880 0.019014 0.055624
v 0.815170 -0.009546 -0.051577
v 0.860760 -0.032206 -0.002277
v 0.865480 -0.032206 -0.038076
v 0.808680 -0.009546 -0.002277
v 0.926390 -0.046756 -0.002277
v 0.928870 -0.046756 -0.021177
v 0.999130 -0.051766 -0.002277
v 0.782880 0.019014 -0.060276
v 0.775250 0.019014 -0.002277
v 0.805240 0.019014 -0.114277
v 0.815170 -0.009546 -0.051577
v 0.834200 -0.009546 -0.097576
v 0.879300 -0.032206 -0.071476
v 0.782880 0.019014 -0.060276
v 0.865480 -0.032206 -0.038076
v 0.936130 -0.046756 -0.038677
v 0.928870 -0.046756 -0.021177
v 0.999130 -0.051766 -0.002277
v 0.999130 -0.051766 -0.002277
v 0.947690 -0.046756 -0.053778
v 0.936130 -0.046756 -0.038677
v 0.901290 -0.032206 -0.100178
v 0.879300 -0.032206 -0.071476
v 0.834200 -0.009546 -0.097576
v 0.864470 -0.009546 -0.136976
v 0.840820 0.019014 -0.160578
v 0.805240 0.019014 -0.114277
v 0.962760 -0.046756 -0.065277
v 0.901290 -0.032206 -0.100178
v 0.947690 -0.046756 -0.053778
v 0.999130 -0.051766 -0.002277
v 0.929950 -0.032206 -0.122177
v 0.864470 -0.009546 -0.136976
v 0.903910 -0.009546 -0.167276
v 0.887190 0.019014 -0.196177
v 0.840820 0.019014 -0.160578
v 0.921490 -0.099336 0.287422
v 0.999130 -0.099336 0.297724
v 0.921490 0.050664 0.287422
v 0.999130 0.050664 0.297724
v 0.849130 0.050664 0.257523
v 0.849130 -0.099336 0.257523
v 0.787000 0.050664 0.209824
v 0.787000 -0.099336 0.209824
v 1.211260 0.050664 0.209824
v 1.211260 -0.099336 0.209824
v 1.149130 0.050664 0.257523
v 1.149130 -0.099336 0.257523
v 1.076780 0.050664 0.287422
v 1.076780 -0.099336 0.287422
v 0.999130 0.050664 0.297724
v 0.999130 -0.099336 0.297724
v 0.887190 0.019014 -0.196177
v 0.941190 0.019014 -0.218576
v 0.938200 0.050664 -0.229677
v 0.881430 0.050664 -0.206177
v 0.941190 0.019014 -0.218576
v 0.999130 0.019014 -0.226177
v 0.999130 0.050664 -0.237677
v 0.938200 0.050664 -0.229677
v 1.057080 0.019014 -0.218576
v 0.999130 0.019014 -0.226177
v 0.999130 0.050664 -0.237677
v 1.060060 0.050664 -0.229677
v 1.057080 0.019014 -0.218576
v 1.111070 0.019014 -0.196177
v 1.060060 0.050664 -0.229677
v 1.116830 0.050664 -0.206177
v 1.157440 0.019014 -0.160578
v 1.116830 0.050664 -0.206177
v 1.111070 0.019014 -0.196177
v 1.165590 0.050664 -0.168777
v 0.887190 0.019014 -0.196177
v 0.840820 0.019014 -0.160578
v 0.881430 0.050664 -0.206177
v 0.832670 0.050664 -0.168777
v 0.787000 0.050664 0.209824
v 0.787000 -0.099336 0.209824
v 0.739320 0.050664 0.147722
v 0.739320 -0.099336 0.147722
v 0.709350 0.050664 0.075323
v 0.709350 -0.099336 0.075323
v 0.699130 0.050664 -0.002277
v 0.699130 -0.099336 -0.002277
v 0.709350 0.050664 -0.079977
v 0.709350 -0.099336 -0.079977
v 0.739320 0.050664 -0.152277
v 0.739320 -0.099336 -0.152277
v 0.787000 0.050664 -0.214478
v 0.787000 -0.099336 -0.214478
v 1.215390 0.019014 -0.060276
v 1.193020 0.019014 -0.114277
v 1.226520 0.050664 -0.063276
v 1.203000 0.050664 -0.119976
v 1.223020 0.019014 -0.002277
v 1.215390 0.019014 -0.060276
v 1.234540 0.050664 -0.002277
v 1.226520 0.050664 -0.063276
v 1.223020 0.019014 -0.002277
v 1.215390 0.019014 0.055624
v 1.234540 0.050664 -0.002277
v 1.226520 0.050664 0.058622
v 1.215390 0.019014 0.055624
v 1.193020 0.019014 0.109623
v 1.226520 0.050664 0.058622
v 1.203000 0.050664 0.115423
v 1.203000 0.050664 0.115423
v 1.157440 0.019014 0.156023
v 1.165590 0.050664 0.164124
v 1.193020 0.019014 0.109623
v 1.157440 0.019014 -0.160578
v 1.193020 0.019014 -0.114277
v 1.203000 0.050664 -0.119976
v 1.165590 0.050664 -0.168777
v 1.211260 -0.099336 -0.214478
v 0.739320 -0.099336 0.147722
v 0.849130 -0.099336 -0.262077
v 1.076780 -0.099336 -0.292076
v 1.149130 -0.099336 -0.262077
v 0.999130 -0.099336 -0.302277
v 0.921490 -0.099336 -0.292076
v 1.211260 -0.099336 0.209824
v 1.258940 -0.099336 -0.152277
v 0.699130 -0.099336 -0.002277
v 0.709350 -0.099336 0.075323
v 0.709350 -0.099336 -0.079977
v 0.787000 -0.099336 -0.214478
v 0.739320 -0.099336 -0.152277
v 1.299130 -0.099336 -0.002277
v 1.288910 -0.099336 -0.079977
v 1.258940 -0.099336 0.147722
v 1.288910 -0.099336 0.075323
v 0.849130 -0.099336 0.257523
v 0.787000 -0.099336 0.209824
v 0.999130 -0.099336 0.297724
v 0.921490 -0.099336 0.287422
v 1.149130 -0.099336 0.257523
v 1.076780 -0.099336 0.287422
v 0.787000 0.050664 -0.214478
v 0.787000 -0.099336 -0.214478
v 0.849130 0.050664 -0.262077
v 0.849130 -0.099336 -0.262077
v 0.921490 0.050664 -0.292076
v 0.921490 -0.099336 -0.292076
v 0.999130 0.050664 -0.302277
v 0.999130 -0.099336 -0.302277
v 1.076780 0.050664 -0.292076
v 1.076780 -0.099336 -0.292076
v 1.149130 0.050664 -0.262077
v 1.149130 -0.099336 -0.262077
v 1.211260 0.050664 -0.214478
v 1.211260 -0.099336 -0.214478
v 1.111070 0.019014 0.191624
v 1.157440 0.019014 0.156023
v 1.116830 0.050664 0.201523
v 1.165590 0.050664 0.164124
v 1.057080 0.019014 0.213923
v 1.111070 0.019014 0.191624
v 1.060060 0.050664 0.225122
v 1.116830 0.050664 0.201523
v 0.999130 0.019014 0.221622
v 0.941190 0.019014 0.213923
v 0.999130 0.050664 0.233124
v 0.938200 0.050664 0.225122
v 0.887190 0.019014 0.191624
v 0.941190 0.019014 0.213923
v 0.938200 0.050664 0.225122
v 0.881430 0.050664 0.201523
v 0.887190 0.019014 0.191624
v 0.840820 0.019014 0.156023
v 0.881430 0.050664 0.201523
v 0.832670 0.050664 0.164124
v 0.999130 0.019014 0.221622
v 1.057080 0.019014 0.213923
v 0.999130 0.050664 0.233124
v 1.060060 0.050664 0.225122
v 0.211260 0.050664 -1.214478
v 0.211260 -0.099336 -1.214478
v 0.258940 0.050664 -1.152277
v 0.258940 -0.099336 -1.152277
v 0.288910 0.050664 -1.079977
v 0.288910 -0.099336 -1.079977
v 0.299130 0.050664 -1.002277
v 0.299130 -0.099336 -1.002277
v 0.288910 0.050664 -0.924677
v 0.288910 -0.099336 -0.924677
v 0.258940 0.050664 -0.852278
v 0.258940 -0.099336 -0.852278
v 0.211260 0.050664 -0.790176
v 0.211260 -0.099336 -0.790176
v -0.204740 0.050664 -0.884577
v -0.159180 0.019014 -0.843977
v -0.194760 0.019014 -0.890377
v -0.167330 0.050664 -0.835876
v -0.217120 0.019014 -0.944376
v -0.194760 0.019014 -0.890377
v -0.228250 0.050664 -0.941378
v -0.204740 0.050664 -0.884577
v -0.224750 0.019014 -1.002277
v -0.217120 0.019014 -0.944376
v -0.236270 0.050664 -1.002277
v -0.228250 0.050664 -0.941378
v -0.217120 0.019014 -1.060276
v -0.224750 0.019014 -1.002277
v -0.236270 0.050664 -1.002277
v -0.228250 0.050664 -1.063276
v -0.194760 0.019014 -1.114277
v -0.217120 0.019014 -1.060276
v -0.228250 0.050664 -1.063276
v -0.204740 0.050664 -1.119976
v -0.159180 0.019014 -1.160578
v -0.194760 0.019014 -1.114277
v -0.204740 0.050664 -1.119976
v -0.167330 0.050664 -1.168777
v -0.150870 0.050664 -1.262077
v -0.167330 0.050664 -1.168777
v -0.118570 0.050664 -1.206177
v -0.213000 0.050664 -1.214478
v -0.204740 0.050664 -1.119976
v -0.213000 0.050664 -1.214478
v -0.260680 0.050664 -1.152277
v -0.167330 0.050664 -1.168777
v -0.000870 0.050664 -1.302277
v -0.061800 0.050664 -1.229677
v -0.000870 0.050664 -1.237677
v -0.078510 0.050664 -1.292076
v -0.061800 0.050664 -1.229677
v -0.150870 0.050664 -1.262077
v -0.118570 0.050664 -1.206177
v -0.078510 0.050664 -1.292076
v -0.290650 0.050664 -1.079977
v -0.236270 0.050664 -1.002277
v -0.228250 0.050664 -1.063276
v -0.300870 0.050664 -1.002277
v -0.236270 0.050664 -1.002277
v -0.300870 0.050664 -1.002277
v -0.290650 0.050664 -0.924677
v -0.228250 0.050664 -0.941378
v -0.260680 0.050664 -0.852278
v -0.204740 0.050664 -0.884577
v -0.290650 0.050664 -0.924677
v -0.228250 0.050664 -0.941378
v -0.290650 0.050664 -1.079977
v -0.204740 0.050664 -1.119976
v -0.260680 0.050664 -1.152277
v -0.228250 0.050664 -1.063276
v -0.118570 0.050664 -0.798477
v -0.213000 0.050664 -0.790176
v -0.150870 0.050664 -0.742477
v -0.167330 0.050664 -0.835876
v -0.061800 0.050664 -0.774878
v -0.150870 0.050664 -0.742477
v -0.078510 0.050664 -0.712578
v -0.118570 0.050664 -0.798477
v -0.000870 0.050664 -0.766876
v -0.078510 0.050664 -0.712578
v -0.000870 0.050664 -0.702276
v -0.078510 0.050664 -0.712578
v -0.000870 0.050664 -0.766876
v -0.061800 0.050664 -0.774878
v -0.167330 0.050664 -0.835876
v -0.260680 0.050664 -0.852278
v -0.213000 0.050664 -0.790176
v -0.204740 0.050664 -0.884577
v -0.000870 0.050664 -0.702276
v 0.060060 0.050664 -0.774878
v -0.000870 0.050664 -0.766876
v 0.076780 0.050664 -0.712578
v 0.076780 0.050664 -0.712578
v 0.116830 0.050664 -0.798477
v 0.060060 0.050664 -0.774878
v 0.149130 0.050664 -0.742477
v 0.116830 0.050664 -0.798477
v 0.149130 0.050664 -0.742477
v 0.165590 0.050664 -0.835876
v 0.211260 0.050664 -0.790176
v 0.258940 0.050664 -0.852278
v 0.203000 0.050664 -0.884577
v 0.211260 0.050664 -0.790176
v 0.165590 0.050664 -0.835876
v 0.226520 0.050664 -1.063276
v 0.258940 0.050664 -1.152277
v 0.203000 0.050664 -1.119976
v 0.288910 0.050664 -1.079977
v 0.258940 0.050664 -0.852278
v 0.288910 0.050664 -0.924677
v 0.203000 0.050664 -0.884577
v 0.226520 0.050664 -0.941378
v 0.226520 0.050664 -0.941378
v 0.299130 0.050664 -1.002277
v 0.234540 0.050664 -1.002277
v 0.299130 0.050664 -1.002277
v 0.226520 0.050664 -0.941378
v 0.288910 0.050664 -0.924677
v 0.234540 0.050664 -1.002277
v 0.288910 0.050664 -1.079977
v 0.226520 0.050664 -1.063276
v 0.299130 0.050664 -1.002277
v 0.149130 0.050664 -1.262077
v 0.060060 0.050664 -1.229677
v 0.116830 0.050664 -1.206177
v 0.076780 0.050664 -1.292076
v 0.076780 0.050664 -1.292076
v -0.000870 0.050664 -1.302277
v 0.060060 0.050664 -1.229677
v -0.000870 0.050664 -1.237677
v 0.203000 0.050664 -1.119976
v 0.211260 0.050664 -1.214478
v 0.165590 0.050664 -1.168777
v 0.258940 0.050664 -1.152277
v 0.165590 0.050664 -1.168777
v 0.211260 0.050664 -1.214478
v 0.116830 0.050664 -1.206177
v 0.149130 0.050664 -1.262077
v 0.069400 -0.046756 -1.021177
v 0.132780 -0.032206 -1.038076
v 0.062130 -0.046756 -1.038677
v -0.000870 -0.051766 -1.002277
v 0.118960 -0.032206 -1.071476
v 0.183090 -0.009546 -1.051577
v 0.164060 -0.009546 -1.097576
v 0.215390 0.019014 -1.060276
v 0.193020 0.019014 -1.114277
v 0.183090 -0.009546 -1.051577
v 0.137500 -0.032206 -1.002277
v 0.189580 -0.009546 -1.002277
v 0.223020 0.019014 -1.002277
v 0.132780 -0.032206 -1.038076
v 0.215390 0.019014 -1.060276
v 0.069400 -0.046756 -1.021177
v 0.071880 -0.046756 -1.002277
v -0.000870 -0.051766 -1.002277
v 0.223020 0.019014 -1.002277
v 0.183090 -0.009546 -0.952976
v 0.215390 0.019014 -0.944376
v 0.189580 -0.009546 -1.002277
v 0.137500 -0.032206 -1.002277
v 0.132780 -0.032206 -0.966476
v 0.069400 -0.046756 -0.983477
v 0.071880 -0.046756 -1.002277
v -0.000870 -0.051766 -1.002277
v -0.000870 -0.051766 -1.002277
v 0.062130 -0.046756 -0.965977
v 0.069400 -0.046756 -0.983477
v 0.132780 -0.032206 -0.966476
v 0.118960 -0.032206 -0.933077
v 0.183090 -0.009546 -0.952976
v 0.164060 -0.009546 -0.907078
v 0.215390 0.019014 -0.944376
v 0.193020 0.019014 -0.890377
v 0.157440 0.019014 -0.843977
v 0.193020 0.019014 -0.890377
v 0.164060 -0.009546 -0.907078
v 0.133800 -0.009546 -0.867678
v 0.096970 -0.032206 -0.904476
v 0.118960 -0.032206 -0.933077
v 0.050570 -0.046756 -0.950876
v 0.062130 -0.046756 -0.965977
v -0.000870 -0.051766 -1.002277
v 0.035500 -0.046756 -0.939278
v 0.096970 -0.032206 -0.904476
v 0.050570 -0.046756 -0.950876
v -0.000870 -0.051766 -1.002277
v 0.068320 -0.032206 -0.882477
v 0.094360 -0.009546 -0.837378
v 0.133800 -0.009546 -0.867678
v 0.111070 0.019014 -0.808376
v 0.157440 0.019014 -0.843977
v 0.034940 -0.032206 -0.868677
v 0.094360 -0.009546 -0.837378
v 0.068320 -0.032206 -0.882477
v 0.035500 -0.046756 -0.939278
v 0.017960 -0.046756 -0.932077
v -0.000870 -0.051766 -1.002277
v 0.048420 -0.009546 -0.818377
v 0.057080 0.019014 -0.786077
v 0.111070 0.019014 -0.808376
v -0.050160 -0.009546 -0.818377
v -0.000870 0.019014 -0.778378
v -0.000870 -0.009546 -0.811876
v -0.058810 0.019014 -0.786077
v -0.036680 -0.032206 -0.868677
v -0.000870 -0.032206 -0.863977
v -0.019700 -0.046756 -0.932077
v -0.000870 -0.046756 -0.929577
v -0.000870 -0.051766 -1.002277
v -0.050160 -0.009546 -0.818377
v -0.096090 -0.009546 -0.837378
v -0.112810 0.019014 -0.808376
v -0.070050 -0.032206 -0.882477
v -0.058810 0.019014 -0.786077
v -0.036680 -0.032206 -0.868677
v -0.037240 -0.046756 -0.939278
v -0.019700 -0.046756 -0.932077
v -0.000870 -0.051766 -1.002277
v -0.000870 -0.051766 -1.002277
v -0.052310 -0.046756 -0.950876
v -0.037240 -0.046756 -0.939278
v -0.098710 -0.032206 -0.904476
v -0.070050 -0.032206 -0.882477
v -0.096090 -0.009546 -0.837378
v -0.135530 -0.009546 -0.867678
v -0.112810 0.019014 -0.808376
v -0.159180 0.019014 -0.843977
v -0.159180 0.019014 -0.843977
v -0.194760 0.019014 -0.890377
v -0.165800 -0.009546 -0.907078
v -0.135530 -0.009546 -0.867678
v -0.098710 -0.032206 -0.904476
v -0.120700 -0.032206 -0.933077
v -0.052310 -0.046756 -0.950876
v -0.063870 -0.046756 -0.965977
v -0.000870 -0.051766 -1.002277
v -0.120700 -0.032206 -0.933077
v -0.071130 -0.046756 -0.983477
v -0.134520 -0.032206 -0.966476
v -0.063870 -0.046756 -0.965977
v -0.000870 -0.051766 -1.002277
v -0.165800 -0.009546 -0.907078
v -0.184830 -0.009546 -0.952976
v -0.217120 0.019014 -0.944376
v -0.194760 0.019014 -0.890377
v -0.070050 -0.032206 -1.122177
v -0.037240 -0.046756 -1.065277
v -0.036680 -0.032206 -1.135977
v -0.019700 -0.046756 -1.072577
v -0.000870 -0.051766 -1.002277
v -0.050160 -0.009546 -1.186277
v -0.096090 -0.009546 -1.167276
v -0.112810 0.019014 -1.196177
v -0.058810 0.019014 -1.218576
v -0.000870 -0.009546 -1.192778
v -0.050160 -0.009546 -1.186277
v -0.036680 -0.032206 -1.135977
v -0.058810 0.019014 -1.218576
v -0.000870 -0.032206 -1.140676
v -0.000870 0.019014 -1.226177
v -0.019700 -0.046756 -1.072577
v -0.000870 -0.046756 -1.075077
v -0.000870 -0.051766 -1.002277
v -0.000870 -0.009546 -1.192778
v 0.034940 -0.032206 -1.135977
v 0.048420 -0.009546 -1.186277
v 0.057080 0.019014 -1.218576
v -0.000870 -0.032206 -1.140676
v -0.000870 0.019014 -1.226177
v 0.017960 -0.046756 -1.072577
v -0.000870 -0.046756 -1.075077
v -0.000870 -0.051766 -1.002277
v -0.000870 -0.051766 -1.002277
v 0.035500 -0.046756 -1.065277
v 0.017960 -0.046756 -1.072577
v 0.034940 -0.032206 -1.135977
v 0.068320 -0.032206 -1.122177
v 0.048420 -0.009546 -1.186277
v 0.094360 -0.009546 -1.167276
v 0.057080 0.019014 -1.218576
v 0.111070 0.019014 -1.196177
v 0.157440 0.019014 -1.160578
v 0.111070 0.019014 -1.196177
v 0.133800 -0.009546 -1.136976
v 0.094360 -0.009546 -1.167276
v 0.068320 -0.032206 -1.122177
v 0.096970 -0.032206 -1.100178
v 0.035500 -0.046756 -1.065277
v 0.050570 -0.046756 -1.053778
v -0.000870 -0.051766 -1.002277
v 0.062130 -0.046756 -1.038677
v 0.096970 -0.032206 -1.100178
v 0.050570 -0.046756 -1.053778
v -0.000870 -0.051766 -1.002277
v 0.118960 -0.032206 -1.071476
v 0.133800 -0.009546 -1.136976
v 0.164060 -0.009546 -1.097576
v 0.157440 0.019014 -1.160578
v 0.193020 0.019014 -1.114277
v -0.000870 -0.009546 -0.811876
v 0.034940 -0.032206 -0.868677
v -0.000870 -0.032206 -0.863977
v 0.048420 -0.009546 -0.818377
v 0.017960 -0.046756 -0.932077
v -0.000870 -0.046756 -0.929577
v -0.000870 -0.051766 -1.002277
v -0.000870 0.019014 -0.778378
v 0.057080 0.019014 -0.786077
v -0.191320 -0.009546 -1.002277
v -0.134520 -0.032206 -0.966476
v -0.139240 -0.032206 -1.002277
v -0.073610 -0.046756 -1.002277
v -0.071130 -0.046756 -0.983477
v -0.000870 -0.051766 -1.002277
v -0.184830 -0.009546 -0.952976
v -0.224750 0.019014 -1.002277
v -0.217120 0.019014 -0.944376
v -0.184830 -0.009546 -1.051577
v -0.139240 -0.032206 -1.002277
v -0.134520 -0.032206 -1.038076
v -0.191320 -0.009546 -1.002277
v -0.073610 -0.046756 -1.002277
v -0.071130 -0.046756 -1.021177
v -0.000870 -0.051766 -1.002277
v -0.217120 0.019014 -1.060276
v -0.224750 0.019014 -1.002277
v -0.194760 0.019014 -1.114277
v -0.184830 -0.009546 -1.051577
v -0.165800 -0.009546 -1.097576
v -0.120700 -0.032206 -1.071476
v -0.217120 0.019014 -1.060276
v -0.134520 -0.032206 -1.038076
v -0.063870 -0.046756 -1.038677
v -0.071130 -0.046756 -1.021177
v -0.000870 -0.051766 -1.002277
v -0.000870 -0.051766 -1.002277
v -0.052310 -0.046756 -1.053778
v -0.063870 -0.046756 -1.038677
v -0.098710 -0.032206 -1.100178
v -0.120700 -0.032206 -1.071476
v -0.165800 -0.009546 -1.097576
v -0.135530 -0.009546 -1.136976
v -0.159180 0.019014 -1.160578
v -0.194760 0.019014 -1.114277
v -0.037240 -0.046756 -1.065277
v -0.098710 -0.032206 -1.100178
v -0.052310 -0.046756 -1.053778
v -0.000870 -0.051766 -1.002277
v -0.070050 -0.032206 -1.122177
v -0.135530 -0.009546 -1.136976
v -0.096090 -0.009546 -1.167276
v -0.112810 0.019014 -1.196177
v -0.159180 0.019014 -1.160578
v -0.078510 -0.099336 -0.712578
v -0.000870 -0.099336 -0.702276
v -0.078510 0.050664 -0.712578
v -0.000870 0.050664 -0.702276
v -0.150870 0.050664 -0.742477
v -0.150870 -0.099336 -0.742477
v -0.213000 0.050664 -0.790176
v -0.213000 -0.099336 -0.790176
v 0.211260 0.050664 -0.790176
v 0.211260 -0.099336 -0.790176
v 0.149130 0.050664 -0.742477
v 0.149130 -0.099336 -0.742477
v 0.076780 0.050664 -0.712578
v 0.076780 -0.099336 -0.712578
v -0.000870 0.050664 -0.702276
v -0.000870 -0.099336 -0.702276
v -0.112810 0.019014 -1.196177
v -0.058810 0.019014 -1.218576
v -0.061800 0.050664 -1.229677
v -0.118570 0.050664 -1.206177
v -0.058810 0.019014 -1.218576
v -0.000870 0.019014 -1.226177
v -0.000870 0.050664 -1.237677
v -0.061800 0.050664 -1.229677
v 0.057080 0.019014 -1.218576
v -0.000870 0.019014 -1.226177
v -0.000870 0.050664 -1.237677
v 0.060060 0.050664 -1.229677
v 0.057080 0.019014 -1.218576
v 0.111070 0.019014 -1.196177
v 0.060060 0.050664 -1.229677
v 0.116830 0.050664 -1.206177
v 0.157440 0.019014 -1.160578
v 0.116830 0.050664 -1.206177
v 0.111070 0.019014 -1.196177
v 0.165590 0.050664 -1.168777
v -0.112810 0.019014 -1.196177
v -0.159180 0.019014 -1.160578
v -0.118570 0.050664 -1.206177
v -0.167330 0.050664 -1.168777
v -0.213000 0.050664 -0.790176
v -0.213000 -0.099336 -0.790176
v -0.260680 0.050664 -0.852278
v -0.260680 -0.099336 -0.852278
v -0.290650 0.050664 -0.924677
v -0.290650 -0.099336 -0.924677
v -0.300870 0.050664 -1.002277
v -0.300870 -0.099336 -1.002277
v -0.290650 0.050664 -1.079977
v -0.290650 -0.099336 -1.079977
v -0.260680 0.050664 -1.152277
v -0.260680 -0.099336 -1.152277
v -0.213000 0.050664 -1.214478
v -0.213000 -0.099336 -1.214478
v 0.215390 0.019014 -1.060276
v 0.193020 0.019014 -1.114277
v 0.226520 0.050664 -1.063276
v 0.203000 0.050664 -1.119976
v 0.223020 0.019014 -1.002277
v 0.215390 0.019014 -1.060276
v 0.234540 0.050664 -1.002277
v 0.226520 0.050664 -1.063276
v 0.223020 0.019014 -1.002277
v 0.215390 0.019014 -0.944376
v 0.234540 0.050664 -1.002277
v 0.226520 0.050664 -0.941378
v 0.215390 0.019014 -0.944376
v 0.193020 0.019014 -0.890377
v 0.226520 0.050664 -0.941378
v 0.203000 0.050664 -0.884577
v 0.203000 0.050664 -0.884577
v 0.157440 0.019014 -0.843977
v 0.165590 0.050664 -0.835876
v 0.193020 0.019014 -0.890377
v 0.157440 0.019014 -1.160578
v 0.193020 0.019014 -1.114277
v 0.203000 0.050664 -1.119976
v 0.165590 0.050664 -1.168777
v 0.211260 -0.099336 -1.214478
v -0.260680 -0.099336 -0.852278
v -0.150870 -0.099336 -1.262077
v 0.076780 -0.099336 -1.292076
v 0.149130 -0.099336 -1.262077
v -0.000870 -0.099336 -1.302277
v -0.078510 -0.099336 -1.292076
v 0.211260 -0.099336 -0.790176
v 0.258940 -0.099336 -1.152277
v -0.300870 -0.099336 -1.002277
v -0.290650 -0.099336 -0.924677
v -0.290650 -0.099336 -1.079977
v -0.213000 -0.099336 -1.214478
v -0.260680 -0.099336 -1.152277
v 0.299130 -0.099336 -1.002277
v 0.288910 -0.099336 -1.079977
v 0.258940 -0.099336 -0.852278
v 0.288910 -0.099336 -0.924677
v -0.150870 -0.099336 -0.742477
v -0.213000 -0.099336 -0.790176
v -0.000870 -0.099336 -0.702276
v -0.078510 -0.099336 -0.712578
v 0.149130 -0.099336 -0.742477
v 0.076780 -0.099336 -0.712578
v -0.213000 0.050664 -1.214478
v -0.213000 -0.099336 -1.214478
v -0.150870 0.050664 -1.262077
v -0.150870 -0.099336 -1.262077
v -0.078510 0.050664 -1.292076
v -0.078510 -0.099336 -1.292076
v -0.000870 0.050664 -1.302277
v -0.000870 -0.099336 -1.302277
v 0.076780 0.050664 -1.292076
v 0.076780 -0.099336 -1.292076
v 0.149130 0.050664 -1.262077
v 0.149130 -0.099336 -1.262077
v 0.211260 0.050664 -1.214478
v 0.211260 -0.099336 -1.214478
v 0.111070 0.019014 -0.808376
v 0.157440 0.019014 -0.843977
v 0.116830 0.050664 -0.798477
v 0.165590 0.050664 -0.835876
v 0.057080 0.019014 -0.786077
v 0.111070 0.019014 -0.808376
v 0.060060 0.050664 -0.774878
v 0.116830 0.050664 -0.798477
v -0.000870 0.019014 -0.778378
v -0.058810 0.019014 -0.786077
v -0.000870 0.050664 -0.766876
v -0.061800 0.050664 -0.774878
v -0.112810 0.019014 -0.808376
v -0.058810 0.019014 -0.786077
v -0.061800 0.050664 -0.774878
v -0.118570 0.050664 -0.798477
v -0.112810 0.019014 -0.808376
v -0.159180 0.019014 -0.843977
v -0.118570 0.050664 -0.798477
v -0.167330 0.050664 -0.835876
v -0.000870 0.019014 -0.778378
v 0.057080 0.019014 -0.786077
v -0.000870 0.050664 -0.766876
v 0.060060 0.050664 -0.774878
v 0.299140 0.025664 -0.242277
v 0.239140 -0.124336 -0.302277
v 0.239140 0.025664 -0.302277
v 0.299140 -0.124336 -0.242277
v 0.269140 0.075665 -0.212276
v 0.209140 0.025664 -0.272278
v 0.209140 0.075664 -0.272278
v 0.269140 0.025664 -0.212276
v 0.299140 0.025664 0.237722
v 0.299140 -0.124336 -0.242277
v 0.299140 0.025664 -0.242277
v 0.299140 -0.124336 0.237722
v 0.269140 0.075665 0.207724
v 0.269140 0.025664 -0.212276
v 0.269140 0.075665 -0.212276
v 0.269140 0.025664 0.207724
v -0.210860 0.075665 0.267723
v 0.209140 0.075665 0.267723
v 0.209140 0.075664 -0.272278
v 0.269140 0.075665 0.207724
v 0.269140 0.075665 -0.212276
v -0.270860 0.075665 0.207724
v -0.210860 0.075664 -0.272278
v -0.270860 0.075665 -0.212276
v -0.240860 0.025664 0.297724
v 0.239140 0.025664 0.297724
v 0.239140 0.025664 -0.302277
v 0.299140 0.025664 0.237722
v 0.299140 0.025664 -0.242277
v -0.300860 0.025664 0.237722
v -0.240860 0.025664 -0.302277
v -0.300860 0.025664 -0.242277
v -0.240860 0.025664 0.297724
v -0.300860 0.025664 0.237722
v -0.240860 -0.124336 0.297724
v -0.300860 -0.124336 0.237722
v 0.299140 0.025664 0.237722
v 0.239140 0.025664 0.297724
v 0.299140 -0.124336 0.237722
v 0.239140 -0.124336 0.297724
v -0.270860 0.025664 0.207724
v -0.210860 0.025664 0.267723
v -0.270860 0.075665 0.207724
v -0.210860 0.075665 0.267723
v 0.209140 0.025664 0.267723
v 0.269140 0.025664 0.207724
v 0.209140 0.075665 0.267723
v 0.269140 0.075665 0.207724
v -0.240860 0.025664 0.297724
v 0.239140 -0.124336 0.297724
v 0.239140 0.025664 0.297724
v -0.240860 -0.124336 0.297724
v -0.210860 0.075665 0.267723
v 0.209140 0.025664 0.267723
v 0.209140 0.075665 0.267723
v -0.210860 0.025664 0.267723
v -0.300860 0.025664 -0.242277
v -0.240860 0.025664 -0.302277
v -0.300860 -0.124336 -0.242277
v -0.240860 -0.124336 -0.302277
v -0.210860 0.025664 -0.272278
v -0.270860 0.025664 -0.212276
v -0.210860 0.075664 -0.272278
v -0.270860 0.075665 -0.212276
v -0.300860 0.025664 -0.242277
v -0.300860 -0.124336 0.237722
v -0.300860 0.025664 0.237722
v -0.300860 -0.124336 -0.242277
v -0.270860 0.075665 -0.212276
v -0.270860 0.025664 0.207724
v -0.270860 0.075665 0.207724
v -0.270860 0.025664 -0.212276
v -0.240860 -0.124336 -0.302277
v 0.239140 -0.124336 -0.302277
v 0.299140 -0.124336 0.237722
v 0.299140 -0.124336 -0.242277
v 0.239140 -0.124336 0.297724
v -0.240860 -0.124336 0.297724
v -0.300860 -0.124336 0.237722
v -0.300860 -0.124336 -0.242277
v 0.239140 0.025664 -0.302277
v -0.240860 -0.124336 -0.302277
v -0.240860 0.025664 -0.302277
v 0.239140 -0.124336 -0.302277
v 0.209140 0.075664 -0.272278
v -0.210860 0.025664 -0.272278
v -0.210860 0.075664 -0.272278
v 0.209140 0.025664 -0.272278
v 0.211260 0.050664 0.785522
v 0.211260 -0.099336 0.785522
v 0.258940 0.050664 0.847723
v 0.258940 -0.099336 0.847723
v 0.288910 0.050664 0.920023
v 0.288910 -0.099336 0.920023
v 0.299130 0.050664 0.997723
v 0.299130 -0.099336 0.997723
v 0.288910 0.050665 1.075323
v 0.288910 -0.099336 1.075323
v 0.258940 0.050665 1.147722
v 0.258940 -0.099336 1.147722
v 0.211260 0.050665 1.209824
v 0.211260 -0.099336 1.209824
v -0.204740 0.050665 1.115423
v -0.159180 0.019014 1.156023
v -0.194760 0.019014 1.109623
v -0.167330 0.050665 1.164124
v -0.217120 0.019014 1.055624
v -0.194760 0.019014 1.109623
v -0.228250 0.050665 1.058622
v -0.204740 0.050665 1.115423
v -0.224750 0.019014 0.997723
v -0.217120 0.019014 1.055624
v -0.236270 0.050664 0.997723
v -0.228250 0.050665 1.058622
v -0.217120 0.019014 0.939724
v -0.224750 0.019014 0.997723
v -0.236270 0.050664 0.997723
v -0.228250 0.050664 0.936724
v -0.194760 0.019014 0.885723
v -0.217120 0.019014 0.939724
v -0.228250 0.050664 0.936724
v -0.204740 0.050664 0.880024
v -0.159180 0.019014 0.839422
v -0.194760 0.019014 0.885723
v -0.204740 0.050664 0.880024
v -0.167330 0.050664 0.831223
v -0.150870 0.050664 0.737923
v -0.167330 0.050664 0.831223
v -0.118570 0.050664 0.793823
v -0.213000 0.050664 0.785522
v -0.204740 0.050664 0.880024
v -0.213000 0.050664 0.785522
v -0.260680 0.050664 0.847723
v -0.167330 0.050664 0.831223
v -0.000870 0.050664 0.697723
v -0.061800 0.050664 0.770323
v -0.000870 0.050664 0.762323
v -0.078510 0.050664 0.707924
v -0.061800 0.050664 0.770323
v -0.150870 0.050664 0.737923
v -0.118570 0.050664 0.793823
v -0.078510 0.050664 0.707924
v -0.290650 0.050664 0.920023
v -0.236270 0.050664 0.997723
v -0.228250 0.050664 0.936724
v -0.300870 0.050664 0.997723
v -0.236270 0.050664 0.997723
v -0.300870 0.050664 0.997723
v -0.290650 0.050665 1.075323
v -0.228250 0.050665 1.058622
v -0.260680 0.050665 1.147722
v -0.204740 0.050665 1.115423
v -0.290650 0.050665 1.075323
v -0.228250 0.050665 1.058622
v -0.290650 0.050664 0.920023
v -0.204740 0.050664 0.880024
v -0.260680 0.050664 0.847723
v -0.228250 0.050664 0.936724
v -0.118570 0.050665 1.201523
v -0.213000 0.050665 1.209824
v -0.150870 0.050665 1.257523
v -0.167330 0.050665 1.164124
v -0.061800 0.050665 1.225122
v -0.150870 0.050665 1.257523
v -0.078510 0.050665 1.287422
v -0.118570 0.050665 1.201523
v -0.000870 0.050665 1.233124
v -0.078510 0.050665 1.287422
v -0.000870 0.050665 1.297724
v -0.078510 0.050665 1.287422
v -0.000870 0.050665 1.233124
v -0.061800 0.050665 1.225122
v -0.167330 0.050665 1.164124
v -0.260680 0.050665 1.147722
v -0.213000 0.050665 1.209824
v -0.204740 0.050665 1.115423
v -0.000870 0.050665 1.297724
v 0.060060 0.050665 1.225122
v -0.000870 0.050665 1.233124
v 0.076780 0.050665 1.287422
v 0.076780 0.050665 1.287422
v 0.116830 0.050665 1.201523
v 0.060060 0.050665 1.225122
v 0.149130 0.050665 1.257523
v 0.116830 0.050665 1.201523
v 0.149130 0.050665 1.257523
v 0.165590 0.050665 1.164124
v 0.211260 0.050665 1.209824
v 0.258940 0.050665 1.147722
v 0.203000 0.050665 1.115423
v 0.211260 0.050665 1.209824
v 0.165590 0.050665 1.164124
v 0.226520 0.050664 0.936724
v 0.258940 0.050664 0.847723
v 0.203000 0.050664 0.880024
v 0.288910 0.050664 0.920023
v 0.258940 0.050665 1.147722
v 0.288910 0.050665 1.075323
v 0.203000 0.050665 1.115423
v 0.226520 0.050665 1.058622
v 0.226520 0.050665 1.058622
v 0.299130 0.050664 0.997723
v 0.234540 0.050664 0.997723
v 0.299130 0.050664 0.997723
v 0.226520 0.050665 1.058622
v 0.288910 0.050665 1.075323
v 0.234540 0.050664 0.997723
v 0.288910 0.050664 0.920023
v 0.226520 0.050664 0.936724
v 0.299130 0.050664 0.997723
v 0.149130 0.050664 0.737923
v 0.060060 0.050664 0.770323
v 0.116830 0.050664 0.793823
v 0.076780 0.050664 0.707924
v 0.076780 0.050664 0.707924
v -0.000870 0.050664 0.697723
v 0.060060 0.050664 0.770323
v -0.000870 0.050664 0.762323
v 0.203000 0.050664 0.880024
v 0.211260 0.050664 0.785522
v 0.165590 0.050664 0.831223
v 0.258940 0.050664 0.847723
v 0.165590 0.050664 0.831223
v 0.211260 0.050664 0.785522
v 0.116830 0.050664 0.793823
v 0.149130 0.050664 0.737923
v 0.069400 -0.046755 0.978823
v 0.132780 -0.032206 0.961924
v 0.062130 -0.046755 0.961323
v -0.000870 -0.051766 0.997723
v 0.118960 -0.032206 0.928524
v 0.183090 -0.009545 0.948423
v 0.164060 -0.009545 0.902424
v 0.215390 0.019014 0.939724
v 0.193020 0.019014 0.885723
v 0.183090 -0.009545 0.948423
v 0.137500 -0.032206 0.997723
v 0.189580 -0.009545 0.997723
v 0.223020 0.019014 0.997723
v 0.132780 -0.032206 0.961924
v 0.215390 0.019014 0.939724
v 0.069400 -0.046755 0.978823
v 0.071880 -0.046755 0.997723
v -0.000870 -0.051766 0.997723
v 0.223020 0.019014 0.997723
v 0.183090 -0.009545 1.047024
v 0.215390 0.019014 1.055624
v 0.189580 -0.009545 0.997723
v 0.137500 -0.032206 0.997723
v 0.132780 -0.032206 1.033524
v 0.069400 -0.046755 1.016523
v 0.071880 -0.046755 0.997723
v -0.000870 -0.051766 0.997723
v -0.000870 -0.051766 0.997723
v 0.062130 -0.046755 1.034023
v 0.069400 -0.046755 1.016523
v 0.132780 -0.032206 1.033524
v 0.118960 -0.032205 1.066923
v 0.183090 -0.009545 1.047024
v 0.164060 -0.009545 1.092922
v 0.215390 0.019014 1.055624
v 0.193020 0.019014 1.109623
v 0.157440 0.019014 1.156023
v 0.193020 0.019014 1.109623
v 0.164060 -0.009545 1.092922
v 0.133800 -0.009545 1.132322
v 0.096970 -0.032205 1.095524
v 0.118960 -0.032205 1.066923
v 0.050570 -0.046755 1.049124
v 0.062130 -0.046755 1.034023
v -0.000870 -0.051766 0.997723
v 0.035500 -0.046755 1.060722
v 0.096970 -0.032205 1.095524
v 0.050570 -0.046755 1.049124
v -0.000870 -0.051766 0.997723
v 0.068320 -0.032205 1.117523
v 0.094360 -0.009545 1.162622
v 0.133800 -0.009545 1.132322
v 0.111070 0.019014 1.191624
v 0.157440 0.019014 1.156023
v 0.034940 -0.032205 1.131323
v 0.094360 -0.009545 1.162622
v 0.068320 -0.032205 1.117523
v 0.035500 -0.046755 1.060722
v 0.017960 -0.046755 1.067923
v -0.000870 -0.051766 0.997723
v 0.048420 -0.009545 1.181623
v 0.057080 0.019014 1.213923
v 0.111070 0.019014 1.191624
v -0.050160 -0.009545 1.181623
v -0.000870 0.019014 1.221622
v -0.000870 -0.009545 1.188124
v -0.058810 0.019014 1.213923
v -0.036680 -0.032205 1.131323
v -0.000870 -0.032205 1.136023
v -0.019700 -0.046755 1.067923
v -0.000870 -0.046755 1.070423
v -0.000870 -0.051766 0.997723
v -0.050160 -0.009545 1.181623
v -0.096090 -0.009545 1.162622
v -0.112810 0.019014 1.191624
v -0.070050 -0.032205 1.117523
v -0.058810 0.019014 1.213923
v -0.036680 -0.032205 1.131323
v -0.037240 -0.046755 1.060722
v -0.019700 -0.046755 1.067923
v -0.000870 -0.051766 0.997723
v -0.000870 -0.051766 0.997723
v -0.052310 -0.046755 1.049124
v -0.037240 -0.046755 1.060722
v -0.098710 -0.032205 1.095524
v -0.070050 -0.032205 1.117523
v -0.096090 -0.009545 1.162622
v -0.135530 -0.009545 1.132322
v -0.112810 0.019014 1.191624
v -0.159180 0.019014 1.156023
v -0.159180 0.019014 1.156023
v -0.194760 0.019014 1.109623
v -0.165800 -0.009545 1.092922
v -0.135530 -0.009545 1.132322
v -0.098710 -0.032205 1.095524
v -0.120700 -0.032205 1.066923
v -0.052310 -0.046755 1.049124
v -0.063870 -0.046755 1.034023
v -0.000870 -0.051766 0.997723
v -0.120700 -0.032205 1.066923
v -0.071130 -0.046755 1.016523
v -0.134520 -0.032206 1.033524
v -0.063870 -0.046755 1.034023
v -0.000870 -0.051766 0.997723
v -0.165800 -0.009545 1.092922
v -0.184830 -0.009545 1.047024
v -0.217120 0.019014 1.055624
v -0.194760 0.019014 1.109623
v -0.070050 -0.032206 0.877823
v -0.037240 -0.046755 0.934723
v -0.036680 -0.032206 0.864023
v -0.019700 -0.046755 0.927423
v -0.000870 -0.051766 0.997723
v -0.050160 -0.009546 0.813723
v -0.096090 -0.009546 0.832724
v -0.112810 0.019014 0.803823
v -0.058810 0.019014 0.781424
v -0.000870 -0.009546 0.807222
v -0.050160 -0.009546 0.813723
v -0.036680 -0.032206 0.864023
v -0.058810 0.019014 0.781424
v -0.000870 -0.032206 0.859324
v -0.000870 0.019014 0.773823
v -0.019700 -0.046755 0.927423
v -0.000870 -0.046755 0.924923
v -0.000870 -0.051766 0.997723
v -0.000870 -0.009546 0.807222
v 0.034940 -0.032206 0.864023
v 0.048420 -0.009546 0.813723
v 0.057080 0.019014 0.781424
v -0.000870 -0.032206 0.859324
v -0.000870 0.019014 0.773823
v 0.017960 -0.046755 0.927423
v -0.000870 -0.046755 0.924923
v -0.000870 -0.051766 0.997723
v -0.000870 -0.051766 0.997723
v 0.035500 -0.046755 0.934723
v 0.017960 -0.046755 0.927423
v 0.034940 -0.032206 0.864023
v 0.068320 -0.032206 0.877823
v 0.048420 -0.009546 0.813723
v 0.094360 -0.009546 0.832724
v 0.057080 0.019014 0.781424
v 0.111070 0.019014 0.803823
v 0.157440 0.019014 0.839422
v 0.111070 0.019014 0.803823
v 0.133800 -0.009545 0.863024
v 0.094360 -0.009546 0.832724
v 0.068320 -0.032206 0.877823
v 0.096970 -0.032206 0.899822
v 0.035500 -0.046755 0.934723
v 0.050570 -0.046755 0.946222
v -0.000870 -0.051766 0.997723
v 0.062130 -0.046755 0.961323
v 0.096970 -0.032206 0.899822
v 0.050570 -0.046755 0.946222
v -0.000870 -0.051766 0.997723
v 0.118960 -0.032206 0.928524
v 0.133800 -0.009545 0.863024
v 0.164060 -0.009545 0.902424
v 0.157440 0.019014 0.839422
v 0.193020 0.019014 0.885723
v -0.000870 -0.009545 1.188124
v 0.034940 -0.032205 1.131323
v -0.000870 -0.032205 1.136023
v 0.048420 -0.009545 1.181623
v 0.017960 -0.046755 1.067923
v -0.000870 -0.046755 1.070423
v -0.000870 -0.051766 0.997723
v -0.000870 0.019014 1.221622
v 0.057080 0.019014 1.213923
v -0.191320 -0.009545 0.997723
v -0.134520 -0.032206 1.033524
v -0.139240 -0.032206 0.997723
v -0.073610 -0.046755 0.997723
v -0.071130 -0.046755 1.016523
v -0.000870 -0.051766 0.997723
v -0.184830 -0.009545 1.047024
v -0.224750 0.019014 0.997723
v -0.217120 0.019014 1.055624
v -0.184830 -0.009545 0.948423
v -0.139240 -0.032206 0.997723
v -0.134520 -0.032206 0.961924
v -0.191320 -0.009545 0.997723
v -0.073610 -0.046755 0.997723
v -0.071130 -0.046755 0.978823
v -0.000870 -0.051766 0.997723
v -0.217120 0.019014 0.939724
v -0.224750 0.019014 0.997723
v -0.194760 0.019014 0.885723
v -0.184830 -0.009545 0.948423
v -0.165800 -0.009545 0.902424
v -0.120700 -0.032206 0.928524
v -0.217120 0.019014 0.939724
v -0.134520 -0.032206 0.961924
v -0.063870 -0.046755 0.961323
v -0.071130 -0.046755 0.978823
v -0.000870 -0.051766 0.997723
v -0.000870 -0.051766 0.997723
v -0.052310 -0.046755 0.946222
v -0.063870 -0.046755 0.961323
v -0.098710 -0.032206 0.899822
v -0.120700 -0.032206 0.928524
v -0.165800 -0.009545 0.902424
v -0.135530 -0.009545 0.863024
v -0.159180 0.019014 0.839422
v -0.194760 0.019014 0.885723
v -0.037240 -0.046755 0.934723
v -0.098710 -0.032206 0.899822
v -0.052310 -0.046755 0.946222
v -0.000870 -0.051766 0.997723
v -0.070050 -0.032206 0.877823
v -0.135530 -0.009545 0.863024
v -0.096090 -0.009546 0.832724
v -0.112810 0.019014 0.803823
v -0.159180 0.019014 0.839422
v -0.078510 -0.099336 1.287422
v -0.000870 -0.099336 1.297724
v -0.078510 0.050665 1.287422
v -0.000870 0.050665 1.297724
v -0.150870 0.050665 1.257523
v -0.150870 -0.099336 1.257523
v -0.213000 0.050665 1.209824
v -0.213000 -0.099336 1.209824
v 0.211260 0.050665 1.209824
v 0.211260 -0.099336 1.209824
v 0.149130 0.050665 1.257523
v 0.149130 -0.099336 1.257523
v 0.076780 0.050665 1.287422
v 0.076780 -0.099336 1.287422
v -0.000870 0.050665 1.297724
v -0.000870 -0.099336 1.297724
v -0.112810 0.019014 0.803823
v -0.058810 0.019014 0.781424
v -0.061800 0.050664 0.770323
v -0.118570 0.050664 0.793823
v -0.058810 0.019014 0.781424
v -0.000870 0.019014 0.773823
v -0.000870 0.050664 0.762323
v -0.061800 0.050664 0.770323
v 0.057080 0.019014 0.781424
v -0.000870 0.019014 0.773823
v -0.000870 0.050664 0.762323
v 0.060060 0.050664 0.770323
v 0.057080 0.019014 0.781424
v 0.111070 0.019014 0.803823
v 0.060060 0.050664 0.770323
v 0.116830 0.050664 0.793823
v 0.157440 0.019014 0.839422
v 0.116830 0.050664 0.793823
v 0.111070 0.019014 0.803823
v 0.165590 0.050664 0.831223
v -0.112810 0.019014 0.803823
v -0.159180 0.019014 0.839422
v -0.118570 0.050664 0.793823
v -0.167330 0.050664 0.831223
v -0.213000 0.050665 1.209824
v -0.213000 -0.099336 1.209824
v -0.260680 0.050665 1.147722
v -0.260680 -0.099336 1.147722
v -0.290650 0.050665 1.075323
v -0.290650 -0.099336 1.075323
v -0.300870 0.050664 0.997723
v -0.300870 -0.099336 0.997723
v -0.290650 0.050664 0.920023
v -0.290650 -0.099336 0.920023
v -0.260680 0.050664 0.847723
v -0.260680 -0.099336 0.847723
v -0.213000 0.050664 0.785522
v -0.213000 -0.099336 0.785522
v 0.215390 0.019014 0.939724
v 0.193020 0.019014 0.885723
v 0.226520 0.050664 0.936724
v 0.203000 0.050664 0.880024
v 0.223020 0.019014 0.997723
v 0.215390 0.019014 0.939724
v 0.234540 0.050664 0.997723
v 0.226520 0.050664 0.936724
v 0.223020 0.019014 0.997723
v 0.215390 0.019014 1.055624
v 0.234540 0.050664 0.997723
v 0.226520 0.050665 1.058622
v 0.215390 0.019014 1.055624
v 0.193020 0.019014 1.109623
v 0.226520 0.050665 1.058622
v 0.203000 0.050665 1.115423
v 0.203000 0.050665 1.115423
v 0.157440 0.019014 1.156023
v 0.165590 0.050665 1.164124
v 0.193020 0.019014 1.109623
v 0.157440 0.019014 0.839422
v 0.193020 0.019014 0.885723
v 0.203000 0.050664 0.880024
v 0.165590 0.050664 0.831223
v 0.211260 -0.099336 0.785522
v -0.260680 -0.099336 1.147722
v -0.150870 -0.099336 0.737923
v 0.076780 -0.099336 0.707924
v 0.149130 -0.099336 0.737923
v -0.000870 -0.099336 0.697723
v -0.078510 -0.099336 0.707924
v 0.211260 -0.099336 1.209824
v 0.258940 -0.099336 0.847723
v -0.300870 -0.099336 0.997723
v -0.290650 -0.099336 1.075323
v -0.290650 -0.099336 0.920023
v -0.213000 -0.099336 0.785522
v -0.260680 -0.099336 0.847723
v 0.299130 -0.099336 0.997723
v 0.288910 -0.099336 0.920023
v 0.258940 -0.099336 1.147722
v 0.288910 -0.099336 1.075323
v -0.150870 -0.099336 1.257523
v -0.213000 -0.099336 1.209824
v -0.000870 -0.099336 1.297724
v -0.078510 -0.099336 1.287422
v 0.149130 -0.099336 1.257523
v 0.076780 -0.099336 1.287422
v -0.213000 0.050664 0.785522
v -0.213000 -0.099336 0.785522
v -0.150870 0.050664 0.737923
v -0.150870 -0.099336 0.737923
v -0.078510 0.050664 0.707924
v -0.078510 -0.099336 0.707924
v -0.000870 0.050664 0.697723
v -0.000870 -0.099336 0.697723
v 0.076780 0.050664 0.707924
v 0.076780 -0.099336 0.707924
v 0.149130 0.050664 0.737923
v 0.149130 -0.099336 0.737923
v 0.211260 0.050664 0.785522
v 0.211260 -0.099336 0.785522
v 0.111070 0.019014 1.191624
v 0.157440 0.019014 1.156023
v 0.116830 0.050665 1.201523
v 0.165590 0.050665 1.164124
v 0.057080 0.019014 1.213923
v 0.111070 0.019014 1.191624
v 0.060060 0.050665 1.225122
v 0.116830 0.050665 1.201523
v -0.000870 0.019014 1.221622
v -0.058810 0.019014 1.213923
v -0.000870 0.050665 1.233124
v -0.061800 0.050665 1.225122
v -0.112810 0.019014 1.191624
v -0.058810 0.019014 1.213923
v -0.061800 0.050665 1.225122
v -0.118570 0.050665 1.201523
v -0.112810 0.019014 1.191624
v -0.159180 0.019014 1.156023
v -0.118570 0.050665 1.201523
v -0.167330 0.050665 1.164124
v -0.000870 0.019014 1.221622
v 0.057080 0.019014 1.213923
v -0.000870 0.050665 1.233124
v 0.060060 0.050665 1.225122
vn 0.8644 -0.0000 -0.5029
vn 0.7071 -0.0000 -0.7071
vn 0.9659 -0.0000 -0.2589
vn 1.0000 -0.0000 0.0001
vn 0.9659 -0.0000 0.2591
vn 0.8644 -0.0000 0.5029
vn 0.7071 -0.0000 0.7071
vn 0.8128 0.3393 -0.4735
vn 0.5927 0.5453 -0.5927
vn 0.7266 0.5449 -0.4186
vn 0.6649 0.3404 -0.6649
vn 0.9081 0.3396 -0.2449
vn 0.8104 0.5429 -0.2203
vn 0.8128 0.3393 -0.4734
vn 0.9405 0.3398 -0.0000
vn 0.8104 0.5428 -0.2203
vn 0.8381 0.5455 -0.0000
vn 0.9082 0.3396 -0.2448
vn 0.8104 0.5429 0.2203
vn 0.9082 0.3396 0.2448
vn 0.7266 0.5449 0.4185
vn 0.9081 0.3396 0.2449
vn 0.8104 0.5428 0.2203
vn 0.8128 0.3393 0.4734
vn 0.5928 0.5453 0.5927
vn 0.8128 0.3393 0.4735
vn 0.7266 0.5449 0.4186
vn 0.6649 0.3404 0.6649
vn -0.0000 1.0000 -0.0000
vn -0.1413 0.9892 0.0393
vn -0.3081 0.9481 0.0790
vn -0.1257 0.9896 0.0707
vn -0.2765 0.9479 0.1580
vn -0.5254 0.8391 0.1412
vn -0.4713 0.8405 0.2671
vn -0.8104 0.5429 0.2203
vn -0.7265 0.5450 0.4185
vn -0.5254 0.8391 0.1411
vn -0.3162 0.9487 -0.0000
vn -0.5419 0.8404 -0.0000
vn -0.8381 0.5456 -0.0000
vn -0.1491 0.9888 -0.0000
vn -0.5254 0.8391 -0.1412
vn -0.8104 0.5429 -0.2203
vn -0.3081 0.9481 -0.0790
vn -0.1413 0.9892 -0.0393
vn -0.1257 0.9896 -0.0707
vn -0.1413 0.9892 -0.0392
vn -0.2765 0.9479 -0.1580
vn -0.4713 0.8405 -0.2671
vn -0.7265 0.5449 -0.4186
vn -0.5927 0.5454 -0.5927
vn -0.7265 0.5450 -0.4186
vn -0.3844 0.8394 -0.3844
vn -0.2287 0.9463 -0.2287
vn -0.1021 0.9895 -0.1021
vn -0.0707 0.9896 -0.1257
vn -0.1580 0.9479 -0.2765
vn -0.2671 0.8405 -0.4713
vn -0.4185 0.5449 -0.7265
vn -0.0790 0.9481 -0.3081
vn -0.0393 0.9892 -0.1413
vn -0.1412 0.8391 -0.5254
vn -0.2203 0.5429 -0.8104
vn -0.4185 0.5450 -0.7265
vn 0.1411 0.8391 -0.5254
vn -0.0000 0.5456 -0.8381
vn -0.0000 0.8404 -0.5419
vn 0.2203 0.5429 -0.8104
vn 0.0790 0.9481 -0.3081
vn -0.0000 0.9487 -0.3162
vn 0.0392 0.9892 -0.1413
vn -0.0000 0.9888 -0.1491
vn 0.1412 0.8391 -0.5254
vn 0.2671 0.8405 -0.4713
vn 0.4185 0.5450 -0.7265
vn 0.1580 0.9479 -0.2765
vn 0.0707 0.9896 -0.1257
vn 0.1021 0.9895 -0.1021
vn 0.2287 0.9463 -0.2287
vn 0.3844 0.8394 -0.3844
vn 0.4186 0.5449 -0.7265
vn 0.5927 0.5454 -0.5927
vn 0.4713 0.8405 -0.2671
vn 0.7265 0.5450 -0.4185
vn 0.3844 0.8394 -0.3843
vn 0.2765 0.9479 -0.1580
vn 0.1257 0.9896 -0.0707
vn 0.1413 0.9892 -0.0393
vn 0.3081 0.9481 -0.0790
vn 0.5254 0.8391 -0.1412
vn 0.7265 0.5449 -0.4185
vn 0.1580 0.9479 0.2765
vn 0.0707 0.9896 0.1256
vn 0.0790 0.9481 0.3081
vn 0.0393 0.9892 0.1413
vn 0.1412 0.8391 0.5254
vn 0.2671 0.8405 0.4713
vn 0.4185 0.5449 0.7265
vn 0.2203 0.5429 0.8104
vn -0.0000 0.8404 0.5419
vn 0.1411 0.8391 0.5254
vn -0.0000 0.9487 0.3162
vn -0.0000 0.5456 0.8381
vn -0.0000 0.9888 0.1491
vn -0.0790 0.9481 0.3081
vn -0.1411 0.8391 0.5254
vn -0.2203 0.5429 0.8104
vn -0.0393 0.9892 0.1413
vn -0.0707 0.9896 0.1257
vn -0.1580 0.9479 0.2765
vn -0.1412 0.8391 0.5254
vn -0.2671 0.8405 0.4713
vn -0.4185 0.5450 0.7265
vn -0.4186 0.5449 0.7265
vn -0.3843 0.8394 0.3844
vn -0.5927 0.5453 0.5927
vn -0.2287 0.9463 0.2287
vn -0.1021 0.9895 0.1021
vn -0.3844 0.8394 0.3844
vn -0.1411 0.8391 -0.5254
vn -0.0392 0.9892 -0.1413
vn 0.5419 0.8404 -0.0000
vn 0.3162 0.9487 -0.0000
vn 0.1491 0.9888 -0.0000
vn 0.1413 0.9892 -0.0392
vn 0.5254 0.8391 -0.1411
vn 0.8381 0.5456 -0.0000
vn 0.5254 0.8391 0.1411
vn 0.3081 0.9481 0.0790
vn 0.1413 0.9892 0.0393
vn 0.7265 0.5450 0.4185
vn 0.5254 0.8391 0.1412
vn 0.4713 0.8405 0.2671
vn 0.2765 0.9479 0.1580
vn 0.1256 0.9896 0.0707
vn 0.1021 0.9895 0.1021
vn 0.1257 0.9896 0.0707
vn 0.2287 0.9463 0.2287
vn 0.3844 0.8394 0.3844
vn 0.5927 0.5453 0.5927
vn 0.7265 0.5450 0.4186
vn 0.0707 0.9896 0.1257
vn -0.2589 -0.0000 0.9659
vn -0.0000 -0.0000 1.0000
vn -0.5029 -0.0000 0.8644
vn -0.7071 -0.0000 0.7071
vn 0.5028 -0.0000 0.8644
vn 0.5029 -0.0000 0.8643
vn 0.2594 -0.0000 0.9658
vn 0.2593 -0.0000 0.9658
vn 0.4186 0.5449 0.7266
vn 0.2203 0.5428 0.8104
vn 0.2448 0.3396 0.9082
vn 0.4735 0.3393 0.8128
vn -0.0000 0.5455 0.8381
vn -0.0000 0.3398 0.9405
vn -0.2203 0.5428 0.8104
vn -0.2448 0.3396 0.9082
vn -0.4185 0.5449 0.7266
vn -0.2449 0.3396 0.9081
vn -0.4735 0.3393 0.8128
vn -0.5927 0.5453 0.5928
vn -0.4186 0.5449 0.7266
vn -0.6649 0.3404 0.6649
vn 0.5927 0.5453 0.5928
vn -0.8644 -0.0000 0.5029
vn -0.9659 -0.0000 0.2591
vn -1.0000 -0.0000 0.0001
vn -0.9659 -0.0000 -0.2589
vn -0.8644 -0.0000 -0.5029
vn -0.7071 -0.0000 -0.7071
vn -0.7266 0.5449 0.4186
vn -0.9081 0.3396 0.2449
vn -0.8128 0.3393 0.4734
vn -0.8381 0.5455 -0.0000
vn -0.9405 0.3398 -0.0000
vn -0.9082 0.3396 0.2448
vn -0.9082 0.3396 -0.2448
vn -0.7266 0.5449 -0.4186
vn -0.9082 0.3396 -0.2449
vn -0.8128 0.3393 -0.4734
vn -0.8128 0.3393 -0.4735
vn -0.5928 0.5453 -0.5927
vn -0.6649 0.3404 -0.6649
vn -0.5928 0.5453 0.5927
vn -0.8128 0.3393 0.4735
vn -0.0000 -1.0000 -0.0000
vn -0.5029 -0.0000 -0.8644
vn -0.2592 -0.0000 -0.9658
vn -0.0000 -0.0000 -1.0000
vn 0.2594 -0.0000 -0.9658
vn 0.2589 -0.0000 -0.9659
vn 0.5029 -0.0000 -0.8644
vn -0.5927 0.5453 -0.5927
vn -0.4186 0.5449 -0.7266
vn -0.4735 0.3393 -0.8128
vn -0.2448 0.3396 -0.9082
vn -0.4734 0.3393 -0.8128
vn -0.0000 0.3398 -0.9405
vn -0.0000 0.5455 -0.8381
vn 0.2448 0.3387 -0.9085
vn 0.4185 0.5449 -0.7266
vn 0.2449 0.3396 -0.9081
vn 0.2203 0.5428 -0.8104
vn 0.4734 0.3393 -0.8128
vn 0.5927 0.5453 -0.5928
vn 0.4735 0.3393 -0.8128
vn 0.4186 0.5449 -0.7266
vn -0.2203 0.5428 -0.8104
vn -0.7266 0.5449 0.4185
vn 0.0393 0.9892 -0.1413
vn 0.4185 0.5449 0.7266
vn -0.9082 0.3396 0.2449
vn -0.7266 0.5449 -0.4185
vn -0.9081 0.3396 -0.2449
vn 0.2449 0.3396 -0.9082
vn 1.0000 -0.0000 -0.0000
vn -1.0000 -0.0000 -0.0000
vt -0.386207 0.555216
vt -0.305436 0.360216
vt -0.305436 0.555216
vt -0.386207 0.360216
vt -0.480268 0.555216
vt -0.480268 0.360216
vt -0.581207 0.555216
vt -0.581207 0.360216
vt -0.682147 0.555216
vt -0.682147 0.360216
vt -0.776207 0.555216
vt -0.776207 0.360216
vt -0.856979 0.555216
vt -0.856979 0.360216
vt -0.734221 0.555216
vt -0.787010 0.514065
vt -0.726732 0.514065
vt -0.797602 0.555216
vt -0.660413 0.555216
vt -0.656537 0.514065
vt -0.581207 0.514065
vt -0.505878 0.514065
vt -0.502001 0.555216
vt -0.435682 0.514065
vt -0.428193 0.555216
vt -0.375404 0.514065
vt -0.364813 0.555216
vt -0.386207 0.119966
vt -0.364813 0.241321
vt -0.428194 0.192688
vt -0.305436 0.181944
vt -0.316179 0.304702
vt -0.243457 0.262716
vt -0.581207 0.067716
vt -0.502001 0.162115
vt -0.581207 0.151688
vt -0.480268 0.081005
vt -0.204496 0.356776
vt -0.275179 0.457716
vt -0.285607 0.378510
vt -0.191207 0.457716
vt -0.204496 0.558655
vt -0.285607 0.536922
vt -0.243458 0.652716
vt -0.316179 0.610730
vt -0.428193 0.722743
vt -0.305436 0.733488
vt -0.386207 0.795466
vt -0.364813 0.674110
vt -0.502001 0.753316
vt -0.480268 0.834427
vt -0.581207 0.763744
vt -0.581207 0.847716
vt -0.660413 0.753316
vt -0.682147 0.834427
vt -0.734221 0.722743
vt -0.776208 0.795466
vt -0.797602 0.674110
vt -0.856979 0.733487
vt -0.918957 0.652715
vt -0.846235 0.610730
vt -0.876807 0.378510
vt -0.918957 0.262716
vt -0.846235 0.304702
vt -0.957918 0.356776
vt -0.957918 0.558655
vt -0.876807 0.536921
vt -0.971207 0.457716
vt -0.887235 0.457716
vt -0.776207 0.119966
vt -0.660413 0.162115
vt -0.734221 0.192688
vt -0.682147 0.081005
vt -0.856979 0.181944
vt -0.797602 0.241321
vt -0.672553 0.433240
vt -0.754957 0.411160
vt -0.663105 0.410432
vt -0.581207 0.457716
vt -0.736987 0.367776
vt -0.820353 0.393637
vt -0.795620 0.333925
vt -0.862340 0.382387
vt -0.833264 0.312191
vt -0.761086 0.457716
vt -0.828789 0.457716
vt -0.872257 0.457716
vt -0.675775 0.457716
vt -0.820353 0.521794
vt -0.862340 0.533045
vt -0.754957 0.504272
vt -0.672553 0.482192
vt -0.663105 0.504999
vt -0.736987 0.547655
vt -0.795620 0.581506
vt -0.833264 0.603240
vt -0.787011 0.663519
vt -0.756274 0.632783
vt -0.708401 0.584909
vt -0.648077 0.524585
vt -0.628491 0.539614
vt -0.671147 0.613495
vt -0.704998 0.672128
vt -0.726732 0.709772
vt -0.627763 0.631465
vt -0.605683 0.549061
vt -0.645286 0.696862
vt -0.656537 0.738848
vt -0.517128 0.696862
vt -0.581207 0.748765
vt -0.581207 0.705298
vt -0.505878 0.738848
vt -0.534651 0.631465
vt -0.581207 0.637594
vt -0.556731 0.549061
vt -0.581207 0.552283
vt -0.457416 0.672128
vt -0.435682 0.709772
vt -0.491268 0.613495
vt -0.533923 0.539614
vt -0.514338 0.524585
vt -0.454014 0.584909
vt -0.406141 0.632783
vt -0.375404 0.663519
vt -0.366795 0.581506
vt -0.329151 0.603240
vt -0.425428 0.547655
vt -0.499309 0.504999
vt -0.489862 0.482192
vt -0.407458 0.504272
vt -0.342062 0.521794
vt -0.300075 0.533045
vt -0.491268 0.301936
vt -0.533923 0.375817
vt -0.534651 0.283966
vt -0.556731 0.366370
vt -0.517128 0.218570
vt -0.457416 0.243304
vt -0.435682 0.205659
vt -0.505878 0.176583
vt -0.581207 0.210134
vt -0.581207 0.277837
vt -0.581207 0.166666
vt -0.581207 0.363148
vt -0.627763 0.283966
vt -0.645286 0.218570
vt -0.656537 0.176583
vt -0.605683 0.366370
vt -0.628491 0.375817
vt -0.671147 0.301936
vt -0.704998 0.243304
vt -0.726732 0.205659
vt -0.756274 0.282649
vt -0.787011 0.251912
vt -0.708401 0.330522
vt -0.648077 0.390846
vt -0.333626 0.457716
vt -0.401329 0.457716
vt -0.486639 0.457716
vt -0.290157 0.457716
vt -0.342062 0.393637
vt -0.407458 0.411160
vt -0.489862 0.433240
vt -0.300075 0.382387
vt -0.329151 0.312191
vt -0.366795 0.333925
vt -0.425428 0.367776
vt -0.499309 0.410432
vt -0.514338 0.390846
vt -0.454014 0.330522
vt -0.406141 0.282649
vt -0.375404 0.251912
vt -0.428194 0.555216
vt -0.787011 0.514065
vt -0.502002 0.555216
vt -0.435683 0.514065
vt -0.918957 0.652716
vt -0.305436 0.733487
vt -0.243458 0.262716
vt -0.243457 0.652715
vt -0.776207 0.795466
vt -0.856979 0.733488
vt 0.645450 0.896418
vt 0.726222 0.701418
vt 0.726222 0.896418
vt 0.645450 0.701418
vt 0.551390 0.896418
vt 0.551390 0.701418
vt 0.450450 0.896418
vt 0.450450 0.701418
vt 0.349511 0.896418
vt 0.349511 0.701418
vt 0.255451 0.896418
vt 0.255451 0.701418
vt 0.174679 0.896418
vt 0.174679 0.701418
vt 0.297437 0.896418
vt 0.244647 0.855267
vt 0.304926 0.855267
vt 0.234056 0.896418
vt 0.371245 0.896418
vt 0.375121 0.855267
vt 0.450450 0.855267
vt 0.525780 0.855267
vt 0.529656 0.896418
vt 0.595975 0.855267
vt 0.603465 0.896418
vt 0.656254 0.855267
vt 0.666845 0.896418
vt 0.645450 0.461168
vt 0.666845 0.582523
vt 0.603464 0.533890
vt 0.726222 0.523146
vt 0.715478 0.645903
vt 0.788200 0.603918
vt 0.450450 0.408918
vt 0.529656 0.503317
vt 0.450450 0.492890
vt 0.551390 0.422206
vt 0.827161 0.697978
vt 0.756478 0.798918
vt 0.746050 0.719712
vt 0.840450 0.798918
vt 0.827161 0.899857
vt 0.746050 0.878123
vt 0.788200 0.993918
vt 0.715478 0.951931
vt 0.603465 1.063950
vt 0.726222 1.074690
vt 0.645450 1.136670
vt 0.666845 1.015310
vt 0.529656 1.094520
vt 0.551390 1.175630
vt 0.450450 1.104950
vt 0.450450 1.188920
vt 0.371245 1.094520
vt 0.349511 1.175630
vt 0.297437 1.063950
vt 0.255450 1.136670
vt 0.234056 1.015310
vt 0.174679 1.074690
vt 0.112700 0.993917
vt 0.185422 0.951931
vt 0.154850 0.719712
vt 0.112701 0.603918
vt 0.185422 0.645903
vt 0.073739 0.697978
vt 0.073739 0.899857
vt 0.154850 0.878123
vt 0.060450 0.798918
vt 0.144423 0.798918
vt 0.255450 0.461167
vt 0.371245 0.503317
vt 0.297437 0.533890
vt 0.349511 0.422206
vt 0.174679 0.523146
vt 0.234056 0.582523
vt 0.359105 0.774442
vt 0.276701 0.752361
vt 0.368552 0.751634
vt 0.450450 0.798918
vt 0.294671 0.708978
vt 0.211305 0.734839
vt 0.236038 0.675126
vt 0.169318 0.723588
vt 0.198394 0.653393
vt 0.270572 0.798918
vt 0.202869 0.798918
vt 0.159401 0.798918
vt 0.355883 0.798918
vt 0.211305 0.862996
vt 0.169318 0.874246
vt 0.276701 0.845473
vt 0.359105 0.823393
vt 0.368552 0.846201
vt 0.294671 0.888857
vt 0.236038 0.922708
vt 0.198394 0.944442
vt 0.244647 1.004720
vt 0.275384 0.973984
vt 0.323257 0.926111
vt 0.383581 0.865787
vt 0.403166 0.880816
vt 0.360511 0.954697
vt 0.326660 1.013330
vt 0.304925 1.050970
vt 0.403895 0.972667
vt 0.425974 0.890263
vt 0.386371 1.038060
vt 0.375121 1.080050
vt 0.514529 1.038060
vt 0.450450 1.089970
vt 0.450450 1.046500
vt 0.525780 1.080050
vt 0.497006 0.972667
vt 0.450450 0.978796
vt 0.474926 0.890263
vt 0.450450 0.893485
vt 0.574241 1.013330
vt 0.595975 1.050970
vt 0.540390 0.954697
vt 0.497734 0.880816
vt 0.517320 0.865787
vt 0.577644 0.926111
vt 0.625517 0.973984
vt 0.656254 1.004720
vt 0.664863 0.922708
vt 0.702507 0.944442
vt 0.606230 0.888857
vt 0.532348 0.846201
vt 0.541796 0.823393
vt 0.624200 0.845473
vt 0.689596 0.862996
vt 0.731583 0.874247
vt 0.540390 0.643138
vt 0.497734 0.717019
vt 0.497006 0.625168
vt 0.474926 0.707572
vt 0.514529 0.559772
vt 0.574241 0.584505
vt 0.595975 0.546861
vt 0.525780 0.517785
vt 0.450450 0.551336
vt 0.450450 0.619039
vt 0.450450 0.507868
vt 0.450450 0.704350
vt 0.403895 0.625168
vt 0.386371 0.559772
vt 0.375121 0.517785
vt 0.425974 0.707572
vt 0.403166 0.717019
vt 0.360511 0.643138
vt 0.326660 0.584505
vt 0.304925 0.546861
vt 0.275384 0.623851
vt 0.244647 0.593114
vt 0.323257 0.671724
vt 0.383581 0.732048
vt 0.698032 0.798918
vt 0.630329 0.798918
vt 0.545018 0.798918
vt 0.741500 0.798918
vt 0.689596 0.734839
vt 0.624200 0.752361
vt 0.541796 0.774442
vt 0.731583 0.723588
vt 0.702507 0.653393
vt 0.664863 0.675126
vt 0.606230 0.708978
vt 0.532348 0.751634
vt 0.517320 0.732048
vt 0.577644 0.671724
vt 0.625517 0.623850
vt 0.656254 0.593114
vt 0.255450 0.896418
vt 0.255450 0.701418
vt 0.645451 0.896418
vt 0.645451 0.701418
vt 0.304925 0.855267
vt 0.603464 0.896418
vt 0.297436 0.896418
vt 0.525779 0.855267
vt 0.656253 0.855267
vt 0.112701 0.993918
vt 0.255450 0.461168
vt 0.645450 0.461167
vt 0.112700 0.603918
vt 0.788200 0.993917
vt 0.645451 1.136670
vt -0.408176 1.678710
vt -0.327404 1.483710
vt -0.327404 1.678710
vt -0.408176 1.483710
vt -0.502237 1.678710
vt -0.502237 1.483710
vt -0.603176 1.678710
vt -0.603176 1.483710
vt -0.704115 1.678710
vt -0.704115 1.483710
vt -0.798176 1.678710
vt -0.798176 1.483710
vt -0.878947 1.678710
vt -0.878947 1.483710
vt -0.756190 1.678710
vt -0.808979 1.637560
vt -0.748700 1.637560
vt -0.819570 1.678710
vt -0.682382 1.678710
vt -0.678505 1.637560
vt -0.603176 1.637560
vt -0.527847 1.637560
vt -0.523970 1.678710
vt -0.457651 1.637560
vt -0.450162 1.678710
vt -0.397373 1.637560
vt -0.386781 1.678710
vt -0.408176 1.243460
vt -0.386782 1.364810
vt -0.450162 1.316180
vt -0.327404 1.305440
vt -0.338148 1.428190
vt -0.265426 1.386210
vt -0.603176 1.191210
vt -0.523970 1.285610
vt -0.603176 1.275180
vt -0.502237 1.204500
vt -0.226465 1.480270
vt -0.297148 1.581210
vt -0.307576 1.502000
vt -0.213176 1.581210
vt -0.226465 1.682150
vt -0.307576 1.660410
vt -0.265426 1.776210
vt -0.338148 1.734220
vt -0.450162 1.846230
vt -0.327404 1.856980
vt -0.408176 1.918960
vt -0.386782 1.797600
vt -0.523970 1.876810
vt -0.502237 1.957920
vt -0.603176 1.887240
vt -0.603176 1.971210
vt -0.682382 1.876810
vt -0.704116 1.957920
vt -0.756190 1.846230
vt -0.798176 1.918960
vt -0.819570 1.797600
vt -0.878948 1.856980
vt -0.940926 1.776210
vt -0.868204 1.734220
vt -0.898776 1.502000
vt -0.940926 1.386210
vt -0.868204 1.428190
vt -0.979887 1.480270
vt -0.979887 1.682150
vt -0.898776 1.660410
vt -0.993176 1.581210
vt -0.909204 1.581210
vt -0.798176 1.243460
vt -0.682382 1.285610
vt -0.756190 1.316180
vt -0.704115 1.204500
vt -0.878947 1.305440
vt -0.819570 1.364810
vt -0.694521 1.556730
vt -0.776925 1.534650
vt -0.685074 1.533920
vt -0.603176 1.581210
vt -0.758956 1.491270
vt -0.842322 1.517130
vt -0.817588 1.457420
vt -0.884308 1.505880
vt -0.855232 1.435680
vt -0.783054 1.581210
vt -0.850758 1.581210
vt -0.894225 1.581210
vt -0.697744 1.581210
vt -0.842322 1.645290
vt -0.884308 1.656540
vt -0.776925 1.627760
vt -0.694521 1.605680
vt -0.685074 1.628490
vt -0.758956 1.671150
vt -0.817588 1.705000
vt -0.855232 1.726730
vt -0.808979 1.787010
vt -0.778243 1.756270
vt -0.730369 1.708400
vt -0.670045 1.648080
vt -0.650460 1.663110
vt -0.693115 1.736990
vt -0.726967 1.795620
vt -0.748701 1.833260
vt -0.649732 1.754960
vt -0.627652 1.672550
vt -0.667255 1.820350
vt -0.678505 1.862340
vt -0.539097 1.820350
vt -0.603176 1.872260
vt -0.603176 1.828790
vt -0.527847 1.862340
vt -0.556620 1.754960
vt -0.603176 1.761090
vt -0.578700 1.672550
vt -0.603176 1.675770
vt -0.479385 1.795620
vt -0.457651 1.833260
vt -0.513236 1.736990
vt -0.555892 1.663110
vt -0.536307 1.648080
vt -0.475983 1.708400
vt -0.428109 1.756270
vt -0.397373 1.787010
vt -0.388764 1.705000
vt -0.351119 1.726730
vt -0.447396 1.671150
vt -0.521278 1.628490
vt -0.511831 1.605680
vt -0.429426 1.627760
vt -0.364030 1.645290
vt -0.322043 1.656540
vt -0.513236 1.425430
vt -0.555892 1.499310
vt -0.556620 1.407460
vt -0.578700 1.489860
vt -0.539097 1.342060
vt -0.479385 1.366800
vt -0.457651 1.329150
vt -0.527847 1.300070
vt -0.603176 1.333630
vt -0.603176 1.401330
vt -0.603176 1.290160
vt -0.603176 1.486640
vt -0.649732 1.407460
vt -0.667255 1.342060
vt -0.678505 1.300070
vt -0.627652 1.489860
vt -0.650460 1.499310
vt -0.693115 1.425430
vt -0.726967 1.366800
vt -0.748701 1.329150
vt -0.778243 1.406140
vt -0.808979 1.375400
vt -0.730369 1.454010
vt -0.670045 1.514340
vt -0.355594 1.581210
vt -0.423297 1.581210
vt -0.508608 1.581210
vt -0.312126 1.581210
vt -0.364030 1.517130
vt -0.429427 1.534650
vt -0.511831 1.556730
vt -0.322043 1.505880
vt -0.351119 1.435680
vt -0.388764 1.457420
vt -0.447396 1.491270
vt -0.521278 1.533920
vt -0.536307 1.514340
vt -0.475983 1.454010
vt -0.428109 1.406140
vt -0.397373 1.375400
vt -0.878948 1.678710
vt -0.878948 1.483710
vt -0.502236 1.678710
vt -0.502236 1.483710
vt -0.748701 1.637560
vt -0.386782 1.678710
vt -0.819571 1.678710
vt -0.327405 1.305440
vt -0.878948 1.305440
vt -0.704115 1.957920
vt -0.502236 1.957920
vt 0.770252 1.697030
vt 0.848252 1.502030
vt 0.848252 1.697030
vt 0.770252 1.502030
vt 0.731252 1.762030
vt 0.809252 1.697030
vt 0.809252 1.762030
vt 0.731252 1.697030
vt 0.146252 1.697030
vt 0.146252 1.502030
vt 0.185252 1.762030
vt 0.185252 1.697030
vt 0.731252 1.983030
vt 0.185252 1.983030
vt 0.185252 1.281030
vt 0.107252 1.905030
vt 0.107252 1.359030
vt 0.809252 1.905030
vt 0.731252 1.281030
vt 0.809252 1.359030
vt 0.770252 2.022030
vt 0.146252 2.022030
vt 0.146252 1.242030
vt 0.068252 1.944030
vt 0.068252 1.320030
vt 0.848252 1.944030
vt 0.770252 1.242030
vt 0.848252 1.320030
vt 0.068252 1.697030
vt 0.068252 1.502030
vt 0.107252 1.697030
vt 0.107252 1.762030
vt 0.737284 0.463347
vt 0.818056 0.268347
vt 0.818056 0.463347
vt 0.737284 0.268347
vt 0.643224 0.463347
vt 0.643224 0.268347
vt 0.542284 0.463347
vt 0.542284 0.268347
vt 0.441345 0.463347
vt 0.441345 0.268347
vt 0.347285 0.463347
vt 0.347285 0.268347
vt 0.266513 0.463347
vt 0.266513 0.268347
vt 0.389270 0.463347
vt 0.336481 0.422196
vt 0.396760 0.422196
vt 0.325890 0.463347
vt 0.463078 0.463347
vt 0.466955 0.422196
vt 0.542284 0.422196
vt 0.617613 0.422196
vt 0.621490 0.463347
vt 0.687809 0.422196
vt 0.695298 0.463347
vt 0.748088 0.422196
vt 0.758679 0.463347
vt 0.737284 0.028097
vt 0.758678 0.149452
vt 0.695298 0.100819
vt 0.818056 0.090075
vt 0.807312 0.212833
vt 0.880034 0.170847
vt 0.542284 -0.024153
vt 0.621490 0.070247
vt 0.542284 0.059819
vt 0.643224 -0.010864
vt 0.918995 0.264908
vt 0.848312 0.365847
vt 0.837884 0.286641
vt 0.932284 0.365847
vt 0.918995 0.466786
vt 0.837884 0.445053
vt 0.880034 0.560847
vt 0.807312 0.518861
vt 0.695298 0.630875
vt 0.818056 0.641619
vt 0.737284 0.703597
vt 0.758678 0.582241
vt 0.621490 0.661447
vt 0.643224 0.742558
vt 0.542284 0.671875
vt 0.542284 0.755847
vt 0.463078 0.661447
vt 0.441344 0.742558
vt 0.389270 0.630875
vt 0.347284 0.703597
vt 0.325890 0.582241
vt 0.266512 0.641618
vt 0.204534 0.560847
vt 0.277256 0.518861
vt 0.246684 0.286641
vt 0.204534 0.170847
vt 0.277256 0.212833
vt 0.165573 0.264908
vt 0.165573 0.466786
vt 0.246684 0.445052
vt 0.152284 0.365847
vt 0.236256 0.365847
vt 0.347284 0.028097
vt 0.463078 0.070247
vt 0.389270 0.100819
vt 0.441345 -0.010864
vt 0.266513 0.090075
vt 0.325890 0.149452
vt 0.450939 0.341371
vt 0.368535 0.319291
vt 0.460386 0.318563
vt 0.542284 0.365847
vt 0.386504 0.275908
vt 0.303138 0.301768
vt 0.327872 0.242056
vt 0.261152 0.290518
vt 0.290228 0.220322
vt 0.362406 0.365847
vt 0.294702 0.365847
vt 0.251235 0.365847
vt 0.447717 0.365847
vt 0.303138 0.429926
vt 0.261152 0.441176
vt 0.368535 0.412403
vt 0.450939 0.390323
vt 0.460386 0.413131
vt 0.386504 0.455786
vt 0.327872 0.489638
vt 0.290228 0.511372
vt 0.336481 0.571650
vt 0.367217 0.540914
vt 0.415091 0.493040
vt 0.475415 0.432716
vt 0.495000 0.447745
vt 0.452345 0.521626
vt 0.418493 0.580259
vt 0.396759 0.617903
vt 0.495728 0.539596
vt 0.517808 0.457192
vt 0.478205 0.604993
vt 0.466955 0.646979
vt 0.606363 0.604993
vt 0.542284 0.656897
vt 0.542284 0.613429
vt 0.617613 0.646979
vt 0.588840 0.539596
vt 0.542284 0.545725
vt 0.566760 0.457192
vt 0.542284 0.460415
vt 0.666075 0.580259
vt 0.687809 0.617903
vt 0.632224 0.521626
vt 0.589568 0.447745
vt 0.609154 0.432716
vt 0.669478 0.493040
vt 0.717351 0.540914
vt 0.748088 0.571650
vt 0.756696 0.489638
vt 0.794341 0.511372
vt 0.698064 0.455786
vt 0.624182 0.413131
vt 0.633630 0.390323
vt 0.716034 0.412403
vt 0.781430 0.429926
vt 0.823417 0.441176
vt 0.632224 0.210067
vt 0.589568 0.283949
vt 0.588840 0.192097
vt 0.566760 0.274501
vt 0.606363 0.126701
vt 0.666075 0.151435
vt 0.687809 0.113790
vt 0.617613 0.084714
vt 0.542284 0.118265
vt 0.542284 0.185968
vt 0.542284 0.074797
vt 0.542284 0.271279
vt 0.495728 0.192097
vt 0.478205 0.126701
vt 0.466955 0.084714
vt 0.517808 0.274501
vt 0.495000 0.283949
vt 0.452345 0.210067
vt 0.418493 0.151435
vt 0.396759 0.113790
vt 0.367217 0.190780
vt 0.336481 0.160044
vt 0.415091 0.238654
vt 0.475415 0.298977
vt 0.789866 0.365847
vt 0.722163 0.365847
vt 0.636852 0.365847
vt 0.833334 0.365847
vt 0.781430 0.301768
vt 0.716033 0.319291
vt 0.633630 0.341371
vt 0.823417 0.290518
vt 0.794341 0.220322
vt 0.756696 0.242056
vt 0.698064 0.275908
vt 0.624182 0.318563
vt 0.609154 0.298977
vt 0.669478 0.238654
vt 0.717351 0.190780
vt 0.748088 0.160044
vt 0.347284 0.463347
vt 0.347284 0.268347
vt 0.266512 0.463347
vt 0.266512 0.268347
vt 0.737285 0.463347
vt 0.737285 0.268347
vt 0.396759 0.422196
vt 0.758678 0.463347
vt 0.748087 0.422196
vt 0.818055 0.090075
vt 0.347284 0.028097
vt 0.737284 0.028097
vt 0.818056 0.641618
vt 0.266512 0.090075
vt 0.266512 0.641619
vt 0.441345 0.742558
vt 0.737285 0.703597
s 1
usemtl Output21Mtl
f 3/1/1 2/2/2 1/3/2
f 2/2/2 3/1/1 4/4/1
f 3/1/1 5/5/3 4/4/1
f 4/4/1 5/5/3 6/6/3
f 5/5/3 7/7/4 6/6/3
f 6/6/3 7/7/4 8/8/4
f 7/7/4 9/9/5 8/8/4
f 8/8/4 9/9/5 10/10/5
f 9/9/5 11/11/6 10/10/5
f 10/10/5 11/11/6 12/12/6
f 12/12/6 11/11/6 13/13/7
f 12/12/6 13/13/7 14/14/7
f 15/15/8 16/16/9 17/17/10
f 16/16/9 15/15/8 18/18/11
f 21/19/12 20/17/10 19/20/13
f 20/17/10 21/19/12 22/15/14
f 25/7/15 24/20/16 23/21/17
f 24/20/16 25/7/15 26/19/18
f 27/22/19 29/7/15 28/21/17
f 29/7/15 27/22/19 30/23/20
f 31/24/21 33/23/22 32/22/23
f 33/23/22 31/24/21 34/25/24
f 35/26/25 37/25/26 36/24/27
f 37/25/26 35/26/25 38/27/28
f 39/28/29 40/29/29 41/30/29
f 40/29/29 39/28/29 42/31/29
f 43/32/29 44/31/29 45/33/29
f 44/31/29 43/32/29 46/29/29
f 47/34/29 48/35/29 49/36/29
f 48/35/29 47/34/29 50/37/29
f 51/35/29 52/28/29 53/30/29
f 52/28/29 51/35/29 54/37/29
f 55/38/29 56/39/29 57/40/29
f 56/39/29 55/38/29 58/41/29
f 59/39/29 60/41/29 61/42/29
f 59/39/29 61/42/29 62/43/29
f 63/44/29 64/45/29 65/42/29
f 65/42/29 64/45/29 66/43/29
f 67/38/29 68/32/29 69/33/29
f 68/32/29 67/38/29 70/40/29
f 71/46/29 72/47/29 73/48/29
f 72/47/29 71/46/29 74/49/29
f 75/50/29 76/48/29 77/51/29
f 76/48/29 75/50/29 78/46/29
f 79/52/29 80/51/29 81/53/29
f 82/51/29 83/52/29 84/50/29
f 85/49/29 86/44/29 87/47/29
f 86/44/29 85/49/29 88/45/29
f 89/53/29 90/54/29 91/52/29
f 90/54/29 89/53/29 92/55/29
f 93/55/29 94/56/29 95/54/29
f 94/56/29 93/55/29 96/57/29
f 97/56/29 98/57/29 99/58/29
f 98/57/29 100/59/29 99/58/29
f 101/60/29 102/61/29 103/59/29
f 103/59/29 102/61/29 104/58/29
f 105/62/29 106/63/29 107/64/29
f 106/63/29 105/62/29 108/65/29
f 109/60/29 110/66/29 111/61/29
f 110/66/29 112/67/29 111/61/29
f 113/67/29 114/68/29 115/69/29
f 116/68/29 117/67/29 118/66/29
f 119/69/29 120/65/29 121/62/29
f 120/65/29 119/69/29 122/68/29
f 123/70/29 124/71/29 125/72/29
f 124/71/29 123/70/29 126/73/29
f 127/73/29 128/34/29 129/71/29
f 128/34/29 130/36/29 129/71/29
f 131/64/29 132/74/29 133/75/29
f 132/74/29 131/64/29 134/63/29
f 135/75/29 136/74/29 137/72/29
f 136/74/29 138/70/29 137/72/29
f 139/76/30 140/77/31 141/78/32
f 142/79/29 139/76/30 141/78/32
f 141/78/32 140/77/31 143/80/33
f 140/77/31 144/81/34 143/80/33
f 143/80/33 144/81/34 145/82/35
f 145/82/35 144/81/34 146/83/36
f 145/82/35 146/83/36 147/84/37
f 148/81/38 149/85/39 150/86/40
f 148/81/38 150/86/40 151/87/41
f 149/85/39 148/81/38 152/77/31
f 148/81/38 151/87/41 153/83/36
f 152/77/31 154/76/30 149/85/39
f 155/88/42 149/85/39 154/76/30
f 156/79/29 155/88/42 154/76/30
f 157/87/41 158/89/43 159/90/44
f 158/89/43 157/87/41 160/86/40
f 160/86/40 161/85/39 158/89/43
f 161/85/39 162/91/45 158/89/43
f 161/85/39 163/92/46 162/91/45
f 163/92/46 161/85/39 164/88/42
f 165/79/29 163/92/46 164/88/42
f 166/79/29 167/93/47 168/92/48
f 167/93/47 169/91/45 168/92/48
f 169/91/45 167/93/47 170/94/49
f 170/94/49 171/89/43 169/91/45
f 171/89/43 170/94/49 172/95/50
f 172/95/50 173/90/44 171/89/43
f 173/90/44 172/95/50 174/96/51
f 175/97/52 176/96/53 177/95/50
f 175/97/52 177/95/50 178/98/54
f 177/95/50 179/99/55 178/98/54
f 179/99/55 177/95/50 180/94/49
f 180/94/49 181/100/56 179/99/55
f 181/100/56 180/94/49 182/93/47
f 183/79/29 181/100/56 182/93/47
f 184/101/57 185/99/55 186/100/56
f 187/79/29 184/101/57 186/100/56
f 185/99/55 184/101/57 188/102/58
f 189/103/59 185/99/55 188/102/58
f 185/99/55 189/103/59 190/98/54
f 191/104/60 190/98/54 189/103/59
f 190/98/54 191/104/60 192/97/52
f 193/105/61 194/103/59 195/102/58
f 196/101/57 193/105/61 195/102/58
f 193/105/61 196/101/57 197/106/62
f 198/79/29 197/106/62 196/101/57
f 194/103/59 193/105/61 199/107/63
f 200/108/64 194/103/59 199/107/63
f 194/103/59 200/108/64 201/104/65
f 202/109/66 203/110/67 204/111/68
f 203/110/67 202/109/66 205/112/69
f 204/111/68 206/113/70 202/109/66
f 206/113/70 204/111/68 207/114/71
f 207/114/71 208/115/72 206/113/70
f 208/115/72 207/114/71 209/116/73
f 210/79/29 208/115/72 209/116/73
f 211/109/74 212/117/75 213/118/76
f 211/109/74 214/119/77 212/117/75
f 211/109/74 213/118/76 215/112/69
f 214/119/77 211/109/74 216/113/70
f 216/113/70 217/120/78 214/119/77
f 217/120/78 216/113/70 218/115/72
f 219/79/29 217/120/78 218/115/72
f 220/79/29 221/121/79 222/120/78
f 222/120/78 221/121/79 223/122/80
f 224/119/77 222/120/78 223/122/80
f 223/122/80 225/117/75 224/119/77
f 225/117/75 223/122/80 226/123/81
f 226/123/81 227/118/82 225/117/75
f 227/118/82 226/123/81 228/124/83
f 229/124/83 231/125/84 230/126/85
f 231/125/84 229/124/83 232/123/86
f 231/125/84 232/123/86 233/122/80
f 231/125/84 233/122/80 234/127/87
f 233/122/80 235/121/79 234/127/87
f 234/127/87 235/121/79 236/128/88
f 237/79/29 236/128/88 235/121/79
f 238/127/87 239/129/89 240/130/90
f 239/129/89 238/127/87 241/128/88
f 242/79/29 239/129/89 241/128/88
f 240/130/90 243/125/84 238/127/87
f 243/125/84 240/130/90 244/131/91
f 245/132/13 243/125/84 244/131/91
f 245/132/13 246/126/92 243/125/84
f 247/133/93 248/134/94 249/135/95
f 248/134/94 250/136/96 249/135/95
f 251/79/29 250/136/96 248/134/94
f 247/133/93 249/135/95 252/137/97
f 253/138/98 247/133/93 252/137/97
f 252/137/97 254/139/99 253/138/98
f 254/139/99 252/137/97 255/140/100
f 256/141/101 257/137/102 258/135/95
f 256/141/101 259/140/100 257/137/102
f 256/141/101 258/135/95 260/142/103
f 259/140/100 256/141/101 261/143/104
f 258/135/95 262/136/96 260/142/103
f 260/142/103 262/136/96 263/144/105
f 264/79/29 263/144/105 262/136/96
f 265/141/101 266/145/106 267/146/107
f 268/147/108 265/141/101 267/146/107
f 266/145/106 265/141/101 269/142/103
f 268/147/108 270/143/104 265/141/101
f 269/142/103 271/148/109 266/145/106
f 271/148/109 269/142/103 272/144/105
f 273/79/29 271/148/109 272/144/105
f 274/79/29 275/149/110 276/148/109
f 275/149/110 277/145/106 276/148/109
f 277/145/106 275/149/110 278/150/111
f 278/150/111 279/146/112 277/145/106
f 279/146/112 278/150/111 280/151/113
f 280/151/113 281/147/108 279/146/112
f 281/147/108 280/151/113 282/152/114
f 284/152/115 285/153/116 283/154/117
f 285/153/116 284/152/115 286/151/113
f 287/150/111 285/153/116 286/151/113
f 285/153/116 287/150/111 288/155/118
f 289/149/110 288/155/118 287/150/111
f 288/155/118 289/149/110 290/156/119
f 291/79/29 290/156/119 289/149/110
f 292/78/32 293/155/118 294/156/119
f 295/79/29 292/78/32 294/156/119
f 293/155/118 292/78/32 296/80/33
f 296/80/33 297/153/120 293/155/118
f 297/153/120 296/80/33 298/82/35
f 298/82/35 299/154/117 297/153/120
f 299/154/117 298/82/35 300/84/37
f 301/111/68 302/105/61 303/114/71
f 302/105/61 301/111/68 304/107/121
f 305/106/122 303/114/71 302/105/61
f 303/114/71 305/106/122 306/116/73
f 307/79/29 306/116/73 305/106/122
f 308/110/67 304/107/121 301/111/68
f 304/107/121 308/110/67 309/108/64
f 310/157/123 311/130/90 312/158/124
f 311/130/90 313/159/125 312/158/124
f 313/159/125 311/130/90 314/129/126
f 315/79/29 313/159/125 314/129/126
f 311/130/90 310/157/123 316/131/127
f 317/160/128 316/131/127 310/157/123
f 316/131/127 317/160/128 318/132/13
f 319/161/129 320/158/124 321/162/130
f 320/158/124 319/161/129 322/157/123
f 323/159/125 321/162/130 320/158/124
f 321/162/130 323/159/125 324/163/131
f 325/79/29 324/163/131 323/159/125
f 326/164/19 322/157/123 319/161/129
f 322/157/123 326/164/19 327/160/128
f 328/165/132 329/161/133 330/166/134
f 329/161/133 331/167/135 330/166/134
f 329/161/133 328/165/132 332/164/19
f 331/167/135 329/161/133 333/162/130
f 333/162/130 334/168/136 331/167/135
f 334/168/136 333/162/130 335/163/131
f 336/79/29 334/168/136 335/163/131
f 337/79/29 338/169/137 339/168/138
f 338/169/137 340/170/139 339/168/138
f 339/168/138 340/170/139 341/167/135
f 340/170/139 342/166/134 341/167/135
f 342/166/134 340/170/139 343/171/140
f 342/166/134 343/171/140 344/172/141
f 342/166/134 344/172/141 345/165/142
f 346/134/143 347/170/139 348/169/137
f 349/79/29 346/134/143 348/169/137
f 347/170/139 346/134/143 350/133/93
f 350/133/93 351/171/140 347/170/139
f 351/171/140 350/133/93 352/138/98
f 351/171/140 352/138/98 353/139/99
f 351/171/140 353/139/99 354/172/141
f 355/10/144 356/8/145 357/9/144
f 356/8/145 358/7/145 357/9/144
f 355/10/144 357/9/144 359/11/146
f 360/12/146 355/10/144 359/11/146
f 360/12/146 359/11/146 361/13/147
f 361/13/147 362/14/147 360/12/146
f 364/2/7 363/3/7 365/1/148
f 365/1/148 366/4/149 364/2/7
f 366/4/149 365/1/148 367/5/150
f 368/6/151 366/4/149 367/5/150
f 368/6/151 367/5/150 369/7/145
f 370/8/145 368/6/151 369/7/145
f 371/17/152 372/20/153 373/19/154
f 371/17/152 373/19/154 374/15/155
f 375/20/100 376/21/156 377/7/157
f 375/20/100 377/7/157 378/19/154
f 379/22/158 381/7/157 380/21/156
f 381/7/157 379/22/158 382/23/159
f 384/24/160 385/23/161 383/22/108
f 385/23/161 384/24/160 386/173/162
f 387/26/163 388/173/162 389/24/164
f 388/173/162 387/26/163 390/27/165
f 391/17/152 393/15/155 392/174/166
f 392/174/166 393/15/155 394/18/28
f 397/1/167 396/2/147 395/3/147
f 397/1/167 398/4/167 396/2/147
f 399/5/168 398/4/167 397/1/167
f 399/5/168 400/6/168 398/4/167
f 401/7/169 400/6/168 399/5/168
f 401/7/169 402/8/169 400/6/168
f 403/9/170 402/8/169 401/7/169
f 403/9/170 404/10/170 402/8/169
f 405/11/171 404/10/170 403/9/170
f 405/11/171 406/12/171 404/10/170
f 407/13/172 406/12/171 405/11/171
f 407/13/172 408/14/172 406/12/171
f 410/17/173 409/20/36 411/19/174
f 411/19/174 412/15/175 410/17/173
f 414/20/36 413/21/176 415/7/177
f 415/7/177 416/19/178 414/20/36
f 418/22/44 419/7/177 417/21/176
f 419/7/177 418/22/44 420/175/179
f 422/176/180 423/175/181 421/22/44
f 423/175/181 422/176/180 424/173/182
f 425/173/183 426/26/184 427/27/185
f 426/26/184 425/173/183 428/176/180
f 429/174/186 430/17/173 431/15/187
f 432/18/165 429/174/186 431/15/187
f 433/31/188 434/177/188 435/70/188
f 433/31/188 436/37/188 437/28/188
f 433/31/188 438/34/188 436/37/188
f 435/70/188 438/34/188 433/31/188
f 438/34/188 435/70/188 439/73/188
f 440/178/188 434/177/188 433/31/188
f 440/178/188 433/31/188 441/179/188
f 434/177/188 442/68/188 435/70/188
f 442/68/188 434/177/188 443/66/188
f 444/65/188 435/70/188 442/68/188
f 444/65/188 445/74/188 435/70/188
f 445/74/188 444/65/188 446/63/188
f 447/41/188 440/178/188 441/179/188
f 447/41/188 441/179/188 448/38/188
f 440/178/188 447/41/188 449/180/188
f 449/180/188 447/41/188 450/42/188
f 434/177/188 440/178/188 451/181/188
f 434/177/188 451/181/188 452/182/188
f 451/181/188 440/178/188 453/53/188
f 451/181/188 453/53/188 454/55/188
f 453/53/188 440/178/188 455/48/188
f 453/53/188 455/48/188 456/51/188
f 459/1/189 458/2/172 457/3/172
f 458/2/172 459/1/189 460/4/189
f 461/5/190 460/4/189 459/1/189
f 460/4/189 461/5/190 462/6/190
f 463/7/191 462/6/190 461/5/190
f 462/6/190 463/7/191 464/8/191
f 465/9/192 464/8/191 463/7/191
f 464/8/191 465/9/192 466/10/193
f 467/11/194 466/10/193 465/9/192
f 466/10/193 467/11/194 468/12/194
f 469/13/2 468/12/194 467/11/194
f 468/12/194 469/13/2 470/14/2
f 472/174/195 471/17/196 473/15/197
f 473/15/197 474/18/185 472/174/195
f 477/19/198 476/17/196 475/20/64
f 477/19/198 478/15/199 476/17/196
f 480/22/69 481/7/200 479/21/201
f 481/7/200 480/22/69 482/23/202
f 483/24/203 485/23/204 484/22/205
f 485/23/204 483/24/203 486/25/206
f 488/26/207 489/25/208 487/24/209
f 489/25/208 488/26/207 490/27/11
f 493/7/200 492/20/210 491/21/201
f 493/7/200 494/19/198 492/20/210
f 497/183/1 496/184/2 495/185/2
f 496/184/2 497/183/1 498/186/1
f 497/183/1 499/187/3 498/186/1
f 498/186/1 499/187/3 500/188/3
f 499/187/3 501/189/4 500/188/3
f 500/188/3 501/189/4 502/190/4
f 501/189/4 503/191/5 502/190/4
f 502/190/4 503/191/5 504/192/5
f 503/191/5 505/193/6 504/192/5
f 504/192/5 505/193/6 506/194/6
f 506/194/6 505/193/6 507/195/7
f 506/194/6 507/195/7 508/196/7
f 509/197/8 510/198/9 511/199/10
f 510/198/9 509/197/8 512/200/11
f 515/201/12 514/199/10 513/202/13
f 514/199/10 515/201/12 516/197/14
f 519/189/15 518/202/16 517/203/17
f 518/202/16 519/189/15 520/201/18
f 521/204/19 523/189/15 522/203/17
f 523/189/15 521/204/19 524/205/20
f 525/206/21 527/205/22 526/204/23
f 527/205/22 525/206/21 528/207/24
f 529/208/25 531/207/26 530/206/27
f 531/207/26 529/208/25 532/209/28
f 533/210/29 534/211/29 535/212/29
f 534/211/29 533/210/29 536/213/29
f 537/214/29 538/213/29 539/215/29
f 538/213/29 537/214/29 540/211/29
f 541/216/29 542/217/29 543/218/29
f 542/217/29 541/216/29 544/219/29
f 545/217/29 546/210/29 547/212/29
f 546/210/29 545/217/29 548/219/29
f 549/220/29 550/221/29 551/222/29
f 550/221/29 549/220/29 552/223/29
f 553/221/29 554/223/29 555/224/29
f 553/221/29 555/224/29 556/225/29
f 557/226/29 558/227/29 559/224/29
f 559/224/29 558/227/29 560/225/29
f 561/220/29 562/214/29 563/215/29
f 562/214/29 561/220/29 564/222/29
f 565/228/29 566/229/29 567/230/29
f 566/229/29 565/228/29 568/231/29
f 569/232/29 570/230/29 571/233/29
f 570/230/29 569/232/29 572/228/29
f 573/234/29 574/233/29 575/235/29
f 576/233/29 577/234/29 578/232/29
f 579/231/29 580/226/29 581/229/29
f 580/226/29 579/231/29 582/227/29
f 583/235/29 584/236/29 585/234/29
f 584/236/29 583/235/29 586/237/29
f 587/237/29 588/238/29 589/236/29
f 588/238/29 587/237/29 590/239/29
f 591/238/29 592/239/29 593/240/29
f 592/239/29 594/241/29 593/240/29
f 595/242/29 596/243/29 597/241/29
f 597/241/29 596/243/29 598/240/29
f 599/244/29 600/245/29 601/246/29
f 600/245/29 599/244/29 602/247/29
f 603/242/29 604/248/29 605/243/29
f 604/248/29 606/249/29 605/243/29
f 607/249/29 608/250/29 609/251/29
f 610/250/29 611/249/29 612/248/29
f 613/251/29 614/247/29 615/244/29
f 614/247/29 613/251/29 616/250/29
f 617/252/29 618/253/29 619/254/29
f 618/253/29 617/252/29 620/255/29
f 621/255/29 622/216/29 623/253/29
f 622/216/29 624/218/29 623/253/29
f 625/246/29 626/256/29 627/257/29
f 626/256/29 625/246/29 628/245/29
f 629/257/29 630/256/29 631/254/29
f 630/256/29 632/252/29 631/254/29
f 633/258/30 634/259/31 635/260/32
f 636/261/29 633/258/30 635/260/32
f 635/260/32 634/259/31 637/262/33
f 634/259/31 638/263/34 637/262/33
f 637/262/33 638/263/34 639/264/35
f 639/264/35 638/263/34 640/265/36
f 639/264/35 640/265/36 641/266/211
f 642/263/38 643/267/39 644/268/40
f 642/263/38 644/268/40 645/269/41
f 643/267/39 642/263/38 646/259/31
f 642/263/38 645/269/41 647/265/36
f 646/259/31 648/258/30 643/267/39
f 649/270/42 643/267/39 648/258/30
f 650/261/29 649/270/42 648/258/30
f 651/269/41 652/271/43 653/272/44
f 652/271/43 651/269/41 654/268/40
f 654/268/40 655/267/39 652/271/43
f 655/267/39 656/273/45 652/271/43
f 655/267/39 657/274/46 656/273/45
f 657/274/46 655/267/39 658/270/42
f 659/261/29 657/274/46 658/270/42
f 660/261/29 661/275/47 662/274/48
f 661/275/47 663/273/45 662/274/48
f 663/273/45 661/275/47 664/276/49
f 664/276/49 665/271/43 663/273/45
f 665/271/43 664/276/49 666/277/50
f 666/277/50 667/272/44 665/271/43
f 667/272/44 666/277/50 668/278/51
f 669/279/52 670/278/51 671/277/50
f 669/279/52 671/277/50 672/280/54
f 671/277/50 673/281/55 672/280/54
f 673/281/55 671/277/50 674/276/49
f 674/276/49 675/282/56 673/281/55
f 675/282/56 674/276/49 676/275/47
f 677/261/29 675/282/56 676/275/47
f 678/283/57 679/281/55 680/282/56
f 681/261/29 678/283/57 680/282/56
f 679/281/55 678/283/57 682/284/58
f 683/285/59 679/281/55 682/284/58
f 679/281/55 683/285/59 684/280/54
f 685/286/60 684/280/54 683/285/59
f 684/280/54 685/286/60 686/279/52
f 687/287/61 688/285/59 689/284/58
f 690/283/57 687/287/61 689/284/58
f 687/287/61 690/283/57 691/288/62
f 692/261/29 691/288/62 690/283/57
f 688/285/59 687/287/61 693/289/63
f 694/290/64 688/285/59 693/289/63
f 688/285/59 694/290/64 695/286/65
f 696/291/66 697/292/67 698/293/68
f 697/292/67 696/291/66 699/294/69
f 698/293/68 700/295/70 696/291/66
f 700/295/70 698/293/68 701/296/71
f 701/296/71 702/297/72 700/295/70
f 702/297/72 701/296/71 703/298/73
f 704/261/29 702/297/72 703/298/73
f 705/291/74 706/299/75 707/300/76
f 705/291/74 708/301/77 706/299/75
f 705/291/74 707/300/76 709/294/69
f 708/301/77 705/291/74 710/295/70
f 710/295/70 711/302/78 708/301/77
f 711/302/78 710/295/70 712/297/212
f 713/261/29 711/302/78 712/297/212
f 714/261/29 715/303/79 716/302/78
f 716/302/78 715/303/79 717/304/80
f 718/301/77 716/302/78 717/304/80
f 717/304/80 719/299/75 718/301/77
f 719/299/75 717/304/80 720/305/81
f 720/305/81 721/300/82 719/299/75
f 721/300/82 720/305/81 722/306/83
f 723/306/83 725/307/84 724/308/85
f 725/307/84 723/306/83 726/305/86
f 725/307/84 726/305/86 727/304/80
f 725/307/84 727/304/80 728/309/87
f 727/304/80 729/303/79 728/309/87
f 728/309/87 729/303/79 730/310/88
f 731/261/29 730/310/88 729/303/79
f 732/309/87 733/311/89 734/312/90
f 733/311/89 732/309/87 735/310/88
f 736/261/29 733/311/89 735/310/88
f 734/312/90 737/307/84 732/309/87
f 737/307/84 734/312/90 738/313/91
f 739/314/13 737/307/84 738/313/91
f 739/314/13 740/308/85 737/307/84
f 741/315/93 742/316/94 743/317/95
f 742/316/94 744/318/96 743/317/95
f 745/261/29 744/318/96 742/316/94
f 741/315/93 743/317/95 746/319/97
f 747/320/98 741/315/93 746/319/97
f 746/319/97 748/321/213 747/320/98
f 748/321/213 746/319/97 749/322/100
f 750/323/101 751/319/102 752/317/95
f 750/323/101 753/322/100 751/319/102
f 750/323/101 752/317/95 754/324/103
f 753/322/100 750/323/101 755/325/104
f 752/317/95 756/318/96 754/324/103
f 754/324/103 756/318/96 757/326/105
f 758/261/29 757/326/105 756/318/96
f 759/323/101 760/327/106 761/328/107
f 762/329/108 759/323/101 761/328/107
f 760/327/106 759/323/101 763/324/103
f 762/329/108 764/325/104 759/323/101
f 763/324/103 765/330/109 760/327/106
f 765/330/109 763/324/103 766/326/105
f 767/261/29 765/330/109 766/326/105
f 768/261/29 769/331/110 770/330/109
f 769/331/110 771/327/106 770/330/109
f 771/327/106 769/331/110 772/332/111
f 772/332/111 773/328/112 771/327/106
f 773/328/112 772/332/111 774/333/113
f 774/333/113 775/329/108 773/328/112
f 775/329/108 774/333/113 776/334/114
f 778/334/115 779/335/116 777/336/117
f 779/335/116 778/334/115 780/333/113
f 781/332/111 779/335/116 780/333/113
f 779/335/116 781/332/111 782/337/118
f 783/331/110 782/337/118 781/332/111
f 782/337/118 783/331/110 784/338/119
f 785/261/29 784/338/119 783/331/110
f 786/260/32 787/337/118 788/338/119
f 789/261/29 786/260/32 788/338/119
f 787/337/118 786/260/32 790/262/33
f 790/262/33 791/335/120 787/337/118
f 791/335/120 790/262/33 792/264/35
f 792/264/35 793/336/117 791/335/120
f 793/336/117 792/264/35 794/266/37
f 795/293/68 796/287/61 797/296/71
f 796/287/61 795/293/68 798/289/121
f 799/288/122 797/296/71 796/287/61
f 797/296/71 799/288/122 800/298/73
f 801/261/29 800/298/73 799/288/122
f 802/292/67 798/289/121 795/293/68
f 798/289/121 802/292/67 803/290/64
f 804/339/123 805/312/90 806/340/124
f 805/312/90 807/341/125 806/340/124
f 807/341/125 805/312/90 808/311/126
f 809/261/29 807/341/125 808/311/126
f 805/312/90 804/339/123 810/313/127
f 811/342/128 810/313/127 804/339/123
f 810/313/127 811/342/128 812/314/13
f 813/343/129 814/340/124 815/344/130
f 814/340/124 813/343/129 816/339/123
f 817/341/125 815/344/130 814/340/124
f 815/344/130 817/341/125 818/345/131
f 819/261/29 818/345/131 817/341/125
f 820/346/19 816/339/123 813/343/129
f 816/339/123 820/346/19 821/342/128
f 822/347/132 823/343/133 824/348/134
f 823/343/133 825/349/135 824/348/134
f 823/343/133 822/347/132 826/346/19
f 825/349/135 823/343/133 827/344/130
f 827/344/130 828/350/136 825/349/135
f 828/350/136 827/344/130 829/345/131
f 830/261/29 828/350/136 829/345/131
f 831/261/29 832/351/137 833/350/138
f 832/351/137 834/352/139 833/350/138
f 833/350/138 834/352/139 835/349/135
f 834/352/139 836/348/134 835/349/135
f 836/348/134 834/352/139 837/353/140
f 836/348/134 837/353/140 838/354/141
f 836/348/134 838/354/141 839/347/142
f 840/316/143 841/352/139 842/351/137
f 843/261/29 840/316/143 842/351/137
f 841/352/139 840/316/143 844/315/93
f 844/315/93 845/353/140 841/352/139
f 845/353/140 844/315/93 846/320/98
f 845/353/140 846/320/98 847/321/99
f 845/353/140 847/321/99 848/354/141
f 849/192/144 850/190/145 851/191/144
f 850/190/145 852/189/145 851/191/144
f 849/192/144 851/191/144 853/355/146
f 854/356/146 849/192/144 853/355/146
f 854/356/146 853/355/146 855/195/147
f 855/195/147 856/196/147 854/356/146
f 858/184/7 857/185/7 859/357/148
f 859/357/148 860/358/149 858/184/7
f 860/358/149 859/357/148 861/187/150
f 862/188/151 860/358/149 861/187/150
f 862/188/151 861/187/150 863/189/145
f 864/190/145 862/188/151 863/189/145
f 865/359/152 866/202/153 867/201/154
f 865/359/152 867/201/154 868/197/155
f 869/202/100 870/203/156 871/189/157
f 869/202/100 871/189/157 872/201/154
f 873/204/108 875/189/157 874/203/156
f 875/189/157 873/204/108 876/205/159
f 878/206/160 879/205/161 877/204/108
f 879/205/161 878/206/160 880/360/162
f 881/208/163 882/360/162 883/206/164
f 882/360/162 881/208/163 884/209/165
f 885/359/152 887/197/155 886/198/166
f 886/198/166 887/197/155 888/200/28
f 891/183/167 890/184/147 889/185/147
f 891/183/167 892/186/167 890/184/147
f 893/187/168 892/186/167 891/183/167
f 893/187/168 894/188/168 892/186/167
f 895/189/169 894/188/168 893/187/168
f 895/189/169 896/190/169 894/188/168
f 897/191/170 896/190/169 895/189/169
f 897/191/170 898/192/170 896/190/169
f 899/355/171 898/192/170 897/191/170
f 899/355/171 900/356/171 898/192/170
f 901/195/172 900/356/171 899/355/171
f 901/195/172 902/196/172 900/356/171
f 904/359/173 903/202/36 905/201/214
f 905/201/214 906/361/175 904/359/173
f 908/202/36 907/203/176 909/189/177
f 909/189/177 910/201/178 908/202/36
f 912/362/44 913/189/177 911/203/176
f 913/189/177 912/362/44 914/205/179
f 916/206/215 917/205/216 915/362/44
f 917/205/216 916/206/215 918/360/182
f 919/360/183 920/363/184 921/209/185
f 920/363/184 919/360/183 922/206/180
f 923/198/117 924/359/173 925/361/187
f 926/200/165 923/198/117 925/361/187
f 927/213/188 928/364/188 929/365/188
f 927/213/188 930/219/188 931/366/188
f 927/213/188 932/216/188 930/219/188
f 929/365/188 932/216/188 927/213/188
f 932/216/188 929/365/188 933/255/188
f 934/229/188 928/364/188 927/213/188
f 934/229/188 927/213/188 935/215/188
f 928/364/188 936/250/188 929/365/188
f 936/250/188 928/364/188 937/248/188
f 938/247/188 929/365/188 936/250/188
f 938/247/188 939/256/188 929/365/188
f 939/256/188 938/247/188 940/367/188
f 941/223/188 934/229/188 935/215/188
f 941/223/188 935/215/188 942/220/188
f 934/229/188 941/223/188 943/368/188
f 943/368/188 941/223/188 944/224/188
f 928/364/188 934/229/188 945/239/188
f 928/364/188 945/239/188 946/241/188
f 945/239/188 934/229/188 947/235/188
f 945/239/188 947/235/188 948/237/188
f 947/235/188 934/229/188 949/369/188
f 947/235/188 949/369/188 950/233/188
f 953/183/189 952/184/172 951/185/172
f 952/184/172 953/183/189 954/186/189
f 955/187/190 954/186/189 953/183/189
f 954/186/189 955/187/190 956/188/190
f 957/189/191 956/188/190 955/187/190
f 956/188/190 957/189/191 958/190/191
f 959/191/192 958/190/191 957/189/191
f 958/190/191 959/191/192 960/192/193
f 961/355/194 960/192/193 959/191/192
f 960/192/193 961/355/194 962/356/194
f 963/195/2 962/356/194 961/355/194
f 962/356/194 963/195/2 964/196/2
f 966/198/195 965/359/196 967/197/197
f 967/197/197 968/200/185 966/198/195
f 971/201/198 970/359/196 969/202/64
f 971/201/198 972/197/199 970/359/196
f 974/204/69 975/189/200 973/203/201
f 975/189/200 974/204/69 976/205/202
f 977/206/203 979/205/217 978/204/205
f 979/205/217 977/206/203 980/207/206
f 982/208/207 983/207/208 981/206/209
f 983/207/208 982/208/207 984/209/11
f 987/189/200 986/202/210 985/203/201
f 987/189/200 988/201/198 986/202/210
f 991/370/1 990/371/2 989/372/2
f 990/371/2 991/370/1 992/373/1
f 991/370/1 993/374/3 992/373/1
f 992/373/1 993/374/3 994/375/3
f 993/374/3 995/376/4 994/375/3
f 994/375/3 995/376/4 996/377/4
f 995/376/4 997/378/5 996/377/4
f 996/377/4 997/378/5 998/379/5
f 997/378/5 999/380/6 998/379/5
f 998/379/5 999/380/6 1000/381/6
f 1000/381/6 999/380/6 1001/382/7
f 1000/381/6 1001/382/7 1002/383/7
f 1003/384/8 1004/385/9 1005/386/10
f 1004/385/9 1003/384/8 1006/387/11
f 1009/388/12 1008/386/10 1007/389/13
f 1008/386/10 1009/388/12 1010/384/14
f 1013/376/15 1012/389/16 1011/390/17
f 1012/389/16 1013/376/15 1014/388/18
f 1015/391/19 1017/376/15 1016/390/17
f 1017/376/15 1015/391/19 1018/392/20
f 1019/393/21 1021/392/22 1020/391/23
f 1021/392/22 1019/393/21 1022/394/24
f 1023/395/25 1025/394/26 1024/393/27
f 1025/394/26 1023/395/25 1026/396/28
f 1027/397/29 1028/398/29 1029/399/29
f 1028/398/29 1027/397/29 1030/400/29
f 1031/401/29 1032/400/29 1033/402/29
f 1032/400/29 1031/401/29 1034/398/29
f 1035/403/29 1036/404/29 1037/405/29
f 1036/404/29 1035/403/29 1038/406/29
f 1039/404/29 1040/397/29 1041/399/29
f 1040/397/29 1039/404/29 1042/406/29
f 1043/407/29 1044/408/29 1045/409/29
f 1044/408/29 1043/407/29 1046/410/29
f 1047/408/29 1048/410/29 1049/411/29
f 1047/408/29 1049/411/29 1050/412/29
f 1051/413/29 1052/414/29 1053/411/29
f 1053/411/29 1052/414/29 1054/412/29
f 1055/407/29 1056/401/29 1057/402/29
f 1056/401/29 1055/407/29 1058/409/29
f 1059/415/29 1060/416/29 1061/417/29
f 1060/416/29 1059/415/29 1062/418/29
f 1063/419/29 1064/417/29 1065/420/29
f 1064/417/29 1063/419/29 1066/415/29
f 1067/421/29 1068/420/29 1069/422/29
f 1070/420/29 1071/421/29 1072/419/29
f 1073/418/29 1074/413/29 1075/416/29
f 1074/413/29 1073/418/29 1076/414/29
f 1077/422/29 1078/423/29 1079/421/29
f 1078/423/29 1077/422/29 1080/424/29
f 1081/424/29 1082/425/29 1083/423/29
f 1082/425/29 1081/424/29 1084/426/29
f 1085/425/29 1086/426/29 1087/427/29
f 1086/426/29 1088/428/29 1087/427/29
f 1089/429/29 1090/430/29 1091/428/29
f 1091/428/29 1090/430/29 1092/427/29
f 1093/431/29 1094/432/29 1095/433/29
f 1094/432/29 1093/431/29 1096/434/29
f 1097/429/29 1098/435/29 1099/430/29
f 1098/435/29 1100/436/29 1099/430/29
f 1101/436/29 1102/437/29 1103/438/29
f 1104/437/29 1105/436/29 1106/435/29
f 1107/438/29 1108/434/29 1109/431/29
f 1108/434/29 1107/438/29 1110/437/29
f 1111/439/29 1112/440/29 1113/441/29
f 1112/440/29 1111/439/29 1114/442/29
f 1115/442/29 1116/403/29 1117/440/29
f 1116/403/29 1118/405/29 1117/440/29
f 1119/433/29 1120/443/29 1121/444/29
f 1120/443/29 1119/433/29 1122/432/29
f 1123/444/29 1124/443/29 1125/441/29
f 1124/443/29 1126/439/29 1125/441/29
f 1127/445/30 1128/446/31 1129/447/32
f 1130/448/29 1127/445/30 1129/447/32
f 1129/447/32 1128/446/31 1131/449/33
f 1128/446/31 1132/450/34 1131/449/33
f 1131/449/33 1132/450/34 1133/451/35
f 1133/451/35 1132/450/34 1134/452/36
f 1133/451/35 1134/452/36 1135/453/211
f 1136/450/38 1137/454/39 1138/455/40
f 1136/450/38 1138/455/40 1139/456/41
f 1137/454/39 1136/450/38 1140/446/31
f 1136/450/38 1139/456/41 1141/452/36
f 1140/446/31 1142/445/30 1137/454/39
f 1143/457/42 1137/454/39 1142/445/30
f 1144/448/29 1143/457/42 1142/445/30
f 1145/456/41 1146/458/43 1147/459/44
f 1146/458/43 1145/456/41 1148/455/40
f 1148/455/40 1149/454/39 1146/458/43
f 1149/454/39 1150/460/45 1146/458/43
f 1149/454/39 1151/461/46 1150/460/45
f 1151/461/46 1149/454/39 1152/457/42
f 1153/448/29 1151/461/46 1152/457/42
f 1154/448/29 1155/462/47 1156/461/48
f 1155/462/47 1157/460/45 1156/461/48
f 1157/460/45 1155/462/47 1158/463/49
f 1158/463/49 1159/458/43 1157/460/45
f 1159/458/43 1158/463/49 1160/464/50
f 1160/464/50 1161/459/44 1159/458/43
f 1161/459/44 1160/464/50 1162/465/51
f 1163/466/52 1164/465/51 1165/464/50
f 1163/466/52 1165/464/50 1166/467/54
f 1165/464/50 1167/468/55 1166/467/54
f 1167/468/55 1165/464/50 1168/463/49
f 1168/463/49 1169/469/56 1167/468/55
f 1169/469/56 1168/463/49 1170/462/47
f 1171/448/29 1169/469/56 1170/462/47
f 1172/470/57 1173/468/55 1174/469/56
f 1175/448/29 1172/470/57 1174/469/56
f 1173/468/55 1172/470/57 1176/471/58
f 1177/472/59 1173/468/55 1176/471/58
f 1173/468/55 1177/472/59 1178/467/54
f 1179/473/60 1178/467/54 1177/472/59
f 1178/467/54 1179/473/60 1180/466/52
f 1181/474/61 1182/472/59 1183/471/58
f 1184/470/57 1181/474/61 1183/471/58
f 1181/474/61 1184/470/57 1185/475/62
f 1186/448/29 1185/475/62 1184/470/57
f 1182/472/59 1181/474/61 1187/476/63
f 1188/477/64 1182/472/59 1187/476/63
f 1182/472/59 1188/477/64 1189/473/65
f 1190/478/66 1191/479/67 1192/480/68
f 1191/479/67 1190/478/66 1193/481/69
f 1192/480/68 1194/482/70 1190/478/66
f 1194/482/70 1192/480/68 1195/483/71
f 1195/483/71 1196/484/72 1194/482/70
f 1196/484/72 1195/483/71 1197/485/73
f 1198/448/29 1196/484/72 1197/485/73
f 1199/478/74 1200/486/75 1201/487/76
f 1199/478/74 1202/488/77 1200/486/75
f 1199/478/74 1201/487/76 1203/481/69
f 1202/488/77 1199/478/74 1204/482/70
f 1204/482/70 1205/489/78 1202/488/77
f 1205/489/78 1204/482/70 1206/484/212
f 1207/448/29 1205/489/78 1206/484/212
f 1208/448/29 1209/490/79 1210/489/78
f 1210/489/78 1209/490/79 1211/491/80
f 1212/488/77 1210/489/78 1211/491/80
f 1211/491/80 1213/486/75 1212/488/77
f 1213/486/75 1211/491/80 1214/492/81
f 1214/492/81 1215/487/82 1213/486/75
f 1215/487/82 1214/492/81 1216/493/83
f 1217/493/83 1219/494/84 1218/495/85
f 1219/494/84 1217/493/83 1220/492/86
f 1219/494/84 1220/492/86 1221/491/80
f 1219/494/84 1221/491/80 1222/496/87
f 1221/491/80 1223/490/79 1222/496/87
f 1222/496/87 1223/490/79 1224/497/88
f 1225/448/29 1224/497/88 1223/490/79
f 1226/496/87 1227/498/89 1228/499/90
f 1227/498/89 1226/496/87 1229/497/88
f 1230/448/29 1227/498/89 1229/497/88
f 1228/499/90 1231/494/84 1226/496/87
f 1231/494/84 1228/499/90 1232/500/91
f 1233/501/13 1231/494/84 1232/500/91
f 1233/501/13 1234/495/85 1231/494/84
f 1235/502/93 1236/503/94 1237/504/95
f 1236/503/94 1238/505/96 1237/504/95
f 1239/448/29 1238/505/96 1236/503/94
f 1235/502/93 1237/504/95 1240/506/97
f 1241/507/98 1235/502/93 1240/506/97
f 1240/506/97 1242/508/213 1241/507/98
f 1242/508/213 1240/506/97 1243/509/100
f 1244/510/101 1245/506/102 1246/504/95
f 1244/510/101 1247/509/100 1245/506/102
f 1244/510/101 1246/504/95 1248/511/103
f 1247/509/100 1244/510/101 1249/512/104
f 1246/504/95 1250/505/96 1248/511/103
f 1248/511/103 1250/505/96 1251/513/105
f 1252/448/29 1251/513/105 1250/505/96
f 1253/510/101 1254/514/106 1255/515/107
f 1256/516/108 1253/510/101 1255/515/107
f 1254/514/106 1253/510/101 1257/511/103
f 1256/516/108 1258/512/104 1253/510/101
f 1257/511/103 1259/517/109 1254/514/106
f 1259/517/109 1257/511/103 1260/513/105
f 1261/448/29 1259/517/109 1260/513/105
f 1262/448/29 1263/518/110 1264/517/109
f 1263/518/110 1265/514/106 1264/517/109
f 1265/514/106 1263/518/110 1266/519/111
f 1266/519/111 1267/515/112 1265/514/106
f 1267/515/112 1266/519/111 1268/520/113
f 1268/520/113 1269/516/108 1267/515/112
f 1269/516/108 1268/520/113 1270/521/114
f 1272/521/115 1273/522/116 1271/523/117
f 1273/522/116 1272/521/115 1274/520/113
f 1275/519/111 1273/522/116 1274/520/113
f 1273/522/116 1275/519/111 1276/524/118
f 1277/518/110 1276/524/118 1275/519/111
f 1276/524/118 1277/518/110 1278/525/119
f 1279/448/29 1278/525/119 1277/518/110
f 1280/447/32 1281/524/118 1282/525/119
f 1283/448/29 1280/447/32 1282/525/119
f 1281/524/118 1280/447/32 1284/449/33
f 1284/449/33 1285/522/120 1281/524/118
f 1285/522/120 1284/449/33 1286/451/35
f 1286/451/35 1287/523/117 1285/522/120
f 1287/523/117 1286/451/35 1288/453/37
f 1289/480/68 1290/474/61 1291/483/71
f 1290/474/61 1289/480/68 1292/476/121
f 1293/475/122 1291/483/71 1290/474/61
f 1291/483/71 1293/475/122 1294/485/73
f 1295/448/29 1294/485/73 1293/475/122
f 1296/479/67 1292/476/121 1289/480/68
f 1292/476/121 1296/479/67 1297/477/64
f 1298/526/123 1299/499/90 1300/527/124
f 1299/499/90 1301/528/125 1300/527/124
f 1301/528/125 1299/499/90 1302/498/126
f 1303/448/29 1301/528/125 1302/498/126
f 1299/499/90 1298/526/123 1304/500/127
f 1305/529/128 1304/500/127 1298/526/123
f 1304/500/127 1305/529/128 1306/501/13
f 1307/530/129 1308/527/124 1309/531/130
f 1308/527/124 1307/530/129 1310/526/123
f 1311/528/125 1309/531/130 1308/527/124
f 1309/531/130 1311/528/125 1312/532/131
f 1313/448/29 1312/532/131 1311/528/125
f 1314/533/19 1310/526/123 1307/530/129
f 1310/526/123 1314/533/19 1315/529/128
f 1316/534/132 1317/530/133 1318/535/134
f 1317/530/133 1319/536/135 1318/535/134
f 1317/530/133 1316/534/132 1320/533/19
f 1319/536/135 1317/530/133 1321/531/130
f 1321/531/130 1322/537/136 1319/536/135
f 1322/537/136 1321/531/130 1323/532/131
f 1324/448/29 1322/537/136 1323/532/131
f 1325/448/29 1326/538/137 1327/537/138
f 1326/538/137 1328/539/139 1327/537/138
f 1327/537/138 1328/539/139 1329/536/135
f 1328/539/139 1330/535/134 1329/536/135
f 1330/535/134 1328/539/139 1331/540/140
f 1330/535/134 1331/540/140 1332/541/141
f 1330/535/134 1332/541/141 1333/534/142
f 1334/503/143 1335/539/139 1336/538/137
f 1337/448/29 1334/503/143 1336/538/137
f 1335/539/139 1334/503/143 1338/502/93
f 1338/502/93 1339/540/140 1335/539/139
f 1339/540/140 1338/502/93 1340/507/98
f 1339/540/140 1340/507/98 1341/508/99
f 1339/540/140 1341/508/99 1342/541/141
f 1343/379/144 1344/377/145 1345/378/144
f 1344/377/145 1346/376/145 1345/378/144
f 1343/379/144 1345/378/144 1347/380/146
f 1348/381/146 1343/379/144 1347/380/146
f 1348/381/146 1347/380/146 1349/542/147
f 1349/542/147 1350/543/147 1348/381/146
f 1352/371/7 1351/372/7 1353/370/148
f 1353/370/148 1354/373/149 1352/371/7
f 1354/373/149 1353/370/148 1355/544/150
f 1356/545/151 1354/373/149 1355/544/150
f 1356/545/151 1355/544/150 1357/376/145
f 1358/377/145 1356/545/151 1357/376/145
f 1359/546/152 1360/389/153 1361/388/154
f 1359/546/152 1361/388/154 1362/384/155
f 1363/389/100 1364/390/156 1365/376/157
f 1363/389/100 1365/376/157 1366/388/154
f 1367/391/158 1369/376/157 1368/390/156
f 1369/376/157 1367/391/158 1370/392/159
f 1372/393/160 1373/392/161 1371/391/108
f 1373/392/161 1372/393/160 1374/394/162
f 1375/395/163 1376/394/162 1377/393/164
f 1376/394/162 1375/395/163 1378/547/165
f 1379/546/152 1381/384/155 1380/385/166
f 1380/385/166 1381/384/155 1382/387/28
f 1385/370/167 1384/371/147 1383/372/147
f 1385/370/167 1386/373/167 1384/371/147
f 1387/374/168 1386/373/167 1385/370/167
f 1387/374/168 1388/375/168 1386/373/167
f 1389/376/169 1388/375/168 1387/374/168
f 1389/376/169 1390/377/169 1388/375/168
f 1391/378/170 1390/377/169 1389/376/169
f 1391/378/170 1392/379/170 1390/377/169
f 1393/380/171 1392/379/170 1391/378/170
f 1393/380/171 1394/381/171 1392/379/170
f 1395/542/172 1394/381/171 1393/380/171
f 1395/542/172 1396/543/172 1394/381/171
f 1398/546/173 1397/389/36 1399/388/214
f 1399/388/214 1400/384/175 1398/546/173
f 1402/389/36 1401/390/176 1403/376/177
f 1403/376/177 1404/388/178 1402/389/36
f 1406/391/44 1407/376/177 1405/390/176
f 1407/376/177 1406/391/44 1408/392/179
f 1410/393/215 1411/392/216 1409/391/44
f 1411/392/216 1410/393/215 1412/394/182
f 1413/394/183 1414/395/184 1415/547/185
f 1414/395/184 1413/394/183 1416/393/180
f 1417/385/117 1418/546/173 1419/384/187
f 1420/548/165 1417/385/117 1419/384/187
f 1421/549/188 1422/429/188 1423/439/188
f 1421/549/188 1424/406/188 1425/397/188
f 1421/549/188 1426/403/188 1424/406/188
f 1423/439/188 1426/403/188 1421/549/188
f 1426/403/188 1423/439/188 1427/442/188
f 1428/416/188 1422/429/188 1421/549/188
f 1428/416/188 1421/549/188 1429/402/188
f 1422/429/188 1430/437/188 1423/439/188
f 1430/437/188 1422/429/188 1431/435/188
f 1432/434/188 1423/439/188 1430/437/188
f 1432/434/188 1433/550/188 1423/439/188
f 1433/550/188 1432/434/188 1434/432/188
f 1435/410/188 1428/416/188 1429/402/188
f 1435/410/188 1429/402/188 1436/407/188
f 1428/416/188 1435/410/188 1437/413/188
f 1437/413/188 1435/410/188 1438/411/188
f 1422/429/188 1428/416/188 1439/426/188
f 1422/429/188 1439/426/188 1440/428/188
f 1439/426/188 1428/416/188 1441/422/188
f 1439/426/188 1441/422/188 1442/551/188
f 1441/422/188 1428/416/188 1443/417/188
f 1441/422/188 1443/417/188 1444/552/188
f 1447/370/189 1446/371/172 1445/372/172
f 1446/371/172 1447/370/189 1448/373/189
f 1449/374/190 1448/373/189 1447/370/189
f 1448/373/189 1449/374/190 1450/375/190
f 1451/376/191 1450/375/190 1449/374/190
f 1450/375/190 1451/376/191 1452/377/191
f 1453/378/192 1452/377/191 1451/376/191
f 1452/377/191 1453/378/192 1454/379/193
f 1455/380/194 1454/379/193 1453/378/192
f 1454/379/193 1455/380/194 1456/381/194
f 1457/382/2 1456/381/194 1455/380/194
f 1456/381/194 1457/382/2 1458/383/2
f 1460/385/195 1459/546/196 1461/384/197
f 1461/384/197 1462/387/185 1460/385/195
f 1465/388/198 1464/546/196 1463/389/64
f 1465/388/198 1466/384/199 1464/546/196
f 1468/391/69 1469/376/200 1467/390/201
f 1469/376/200 1468/391/69 1470/392/202
f 1471/393/203 1473/392/204 1472/391/205
f 1473/392/204 1471/393/203 1474/394/206
f 1476/395/207 1477/394/208 1475/393/209
f 1477/394/208 1476/395/207 1478/547/11
f 1481/376/200 1480/389/210 1479/390/201
f 1481/376/200 1482/388/198 1480/389/210
f 1573/585/1 1572/586/2 1571/587/2
f 1572/586/2 1573/585/1 1574/588/1
f 1573/585/1 1575/589/3 1574/588/1
f 1574/588/1 1575/589/3 1576/590/3
f 1575/589/3 1577/591/4 1576/590/3
f 1576/590/3 1577/591/4 1578/592/4
f 1577/591/4 1579/593/5 1578/592/4
f 1578/592/4 1579/593/5 1580/594/5
f 1579/593/5 1581/595/6 1580/594/5
f 1580/594/5 1581/595/6 1582/596/6
f 1582/596/6 1581/595/6 1583/597/7
f 1582/596/6 1583/597/7 1584/598/7
f 1585/599/8 1586/600/9 1587/601/10
f 1586/600/9 1585/599/8 1588/602/11
f 1591/603/12 1590/601/10 1589/604/13
f 1590/601/10 1591/603/12 1592/599/14
f 1595/591/15 1594/604/16 1593/605/17
f 1594/604/16 1595/591/15 1596/603/18
f 1597/606/19 1599/591/15 1598/605/17
f 1599/591/15 1597/606/19 1600/607/20
f 1601/608/21 1603/607/22 1602/606/23
f 1603/607/22 1601/608/21 1604/609/24
f 1605/610/25 1607/609/26 1606/608/27
f 1607/609/26 1605/610/25 1608/611/28
f 1609/612/29 1610/613/29 1611/614/29
f 1610/613/29 1609/612/29 1612/615/29
f 1613/616/29 1614/615/29 1615/617/29
f 1614/615/29 1613/616/29 1616/613/29
f 1617/618/29 1618/619/29 1619/620/29
f 1618/619/29 1617/618/29 1620/621/29
f 1621/619/29 1622/612/29 1623/614/29
f 1622/612/29 1621/619/29 1624/621/29
f 1625/622/29 1626/623/29 1627/624/29
f 1626/623/29 1625/622/29 1628/625/29
f 1629/623/29 1630/625/29 1631/626/29
f 1629/623/29 1631/626/29 1632/627/29
f 1633/628/29 1634/629/29 1635/626/29
f 1635/626/29 1634/629/29 1636/627/29
f 1637/622/29 1638/616/29 1639/617/29
f 1638/616/29 1637/622/29 1640/624/29
f 1641/630/29 1642/631/29 1643/632/29
f 1642/631/29 1641/630/29 1644/633/29
f 1645/634/29 1646/632/29 1647/635/29
f 1646/632/29 1645/634/29 1648/630/29
f 1649/636/29 1650/635/29 1651/637/29
f 1652/635/29 1653/636/29 1654/634/29
f 1655/633/29 1656/628/29 1657/631/29
f 1656/628/29 1655/633/29 1658/629/29
f 1659/637/29 1660/638/29 1661/636/29
f 1660/638/29 1659/637/29 1662/639/29
f 1663/639/29 1664/640/29 1665/638/29
f 1664/640/29 1663/639/29 1666/641/29
f 1667/640/29 1668/641/29 1669/642/29
f 1668/641/29 1670/643/29 1669/642/29
f 1671/644/29 1672/645/29 1673/643/29
f 1673/643/29 1672/645/29 1674/642/29
f 1675/646/29 1676/647/29 1677/648/29
f 1676/647/29 1675/646/29 1678/649/29
f 1679/644/29 1680/650/29 1681/645/29
f 1680/650/29 1682/651/29 1681/645/29
f 1683/651/29 1684/652/29 1685/653/29
f 1686/652/29 1687/651/29 1688/650/29
f 1689/653/29 1690/649/29 1691/646/29
f 1690/649/29 1689/653/29 1692/652/29
f 1693/654/29 1694/655/29 1695/656/29
f 1694/655/29 1693/654/29 1696/657/29
f 1697/657/29 1698/618/29 1699/655/29
f 1698/618/29 1700/620/29 1699/655/29
f 1701/648/29 1702/658/29 1703/659/29
f 1702/658/29 1701/648/29 1704/647/29
f 1705/659/29 1706/658/29 1707/656/29
f 1706/658/29 1708/654/29 1707/656/29
f 1709/660/30 1710/661/31 1711/662/32
f 1712/663/29 1709/660/30 1711/662/32
f 1711/662/32 1710/661/31 1713/664/33
f 1710/661/31 1714/665/34 1713/664/33
f 1713/664/33 1714/665/34 1715/666/35
f 1715/666/35 1714/665/34 1716/667/36
f 1715/666/35 1716/667/36 1717/668/211
f 1718/665/38 1719/669/39 1720/670/40
f 1718/665/38 1720/670/40 1721/671/41
f 1719/669/39 1718/665/38 1722/661/31
f 1718/665/38 1721/671/41 1723/667/36
f 1722/661/31 1724/660/30 1719/669/39
f 1725/672/42 1719/669/39 1724/660/30
f 1726/663/29 1725/672/42 1724/660/30
f 1727/671/41 1728/673/43 1729/674/44
f 1728/673/43 1727/671/41 1730/670/40
f 1730/670/40 1731/669/39 1728/673/43
f 1731/669/39 1732/675/45 1728/673/43
f 1731/669/39 1733/676/46 1732/675/45
f 1733/676/46 1731/669/39 1734/672/42
f 1735/663/29 1733/676/46 1734/672/42
f 1736/663/29 1737/677/47 1738/676/48
f 1737/677/47 1739/675/45 1738/676/48
f 1739/675/45 1737/677/47 1740/678/49
f 1740/678/49 1741/673/43 1739/675/45
f 1741/673/43 1740/678/49 1742/679/50
f 1742/679/50 1743/674/44 1741/673/43
f 1743/674/44 1742/679/50 1744/680/51
f 1745/681/52 1746/680/51 1747/679/50
f 1745/681/52 1747/679/50 1748/682/54
f 1747/679/50 1749/683/55 1748/682/54
f 1749/683/55 1747/679/50 1750/678/49
f 1750/678/49 1751/684/56 1749/683/55
f 1751/684/56 1750/678/49 1752/677/47
f 1753/663/29 1751/684/56 1752/677/47
f 1754/685/57 1755/683/55 1756/684/56
f 1757/663/29 1754/685/57 1756/684/56
f 1755/683/55 1754/685/57 1758/686/58
f 1759/687/59 1755/683/55 1758/686/58
f 1755/683/55 1759/687/59 1760/682/54
f 1761/688/60 1760/682/54 1759/687/59
f 1760/682/54 1761/688/60 1762/681/52
f 1763/689/61 1764/687/59 1765/686/58
f 1766/685/57 1763/689/61 1765/686/58
f 1763/689/61 1766/685/57 1767/690/62
f 1768/663/29 1767/690/62 1766/685/57
f 1764/687/59 1763/689/61 1769/691/63
f 1770/692/64 1764/687/59 1769/691/63
f 1764/687/59 1770/692/64 1771/688/65
f 1772/693/66 1773/694/67 1774/695/68
f 1773/694/67 1772/693/66 1775/696/69
f 1774/695/68 1776/697/70 1772/693/66
f 1776/697/70 1774/695/68 1777/698/71
f 1777/698/71 1778/699/72 1776/697/70
f 1778/699/72 1777/698/71 1779/700/73
f 1780/663/29 1778/699/72 1779/700/73
f 1781/693/74 1782/701/75 1783/702/76
f 1781/693/74 1784/703/77 1782/701/75
f 1781/693/74 1783/702/76 1785/696/69
f 1784/703/77 1781/693/74 1786/697/70
f 1786/697/70 1787/704/78 1784/703/77
f 1787/704/78 1786/697/70 1788/699/212
f 1789/663/29 1787/704/78 1788/699/212
f 1790/663/29 1791/705/79 1792/704/78
f 1792/704/78 1791/705/79 1793/706/80
f 1794/703/77 1792/704/78 1793/706/80
f 1793/706/80 1795/701/75 1794/703/77
f 1795/701/75 1793/706/80 1796/707/81
f 1796/707/81 1797/702/82 1795/701/75
f 1797/702/82 1796/707/81 1798/708/83
f 1799/708/83 1801/709/84 1800/710/85
f 1801/709/84 1799/708/83 1802/707/86
f 1801/709/84 1802/707/86 1803/706/80
f 1801/709/84 1803/706/80 1804/711/87
f 1803/706/80 1805/705/79 1804/711/87
f 1804/711/87 1805/705/79 1806/712/88
f 1807/663/29 1806/712/88 1805/705/79
f 1808/711/87 1809/713/89 1810/714/90
f 1809/713/89 1808/711/87 1811/712/88
f 1812/663/29 1809/713/89 1811/712/88
f 1810/714/90 1813/709/84 1808/711/87
f 1813/709/84 1810/714/90 1814/715/91
f 1815/716/13 1813/709/84 1814/715/91
f 1815/716/13 1816/710/85 1813/709/84
f 1817/717/93 1818/718/94 1819/719/95
f 1818/718/94 1820/720/96 1819/719/95
f 1821/663/29 1820/720/96 1818/718/94
f 1817/717/93 1819/719/95 1822/721/97
f 1823/722/98 1817/717/93 1822/721/97
f 1822/721/97 1824/723/213 1823/722/98
f 1824/723/213 1822/721/97 1825/724/100
f 1826/725/101 1827/721/102 1828/719/95
f 1826/725/101 1829/724/100 1827/721/102
f 1826/725/101 1828/719/95 1830/726/103
f 1829/724/100 1826/725/101 1831/727/104
f 1828/719/95 1832/720/96 1830/726/103
f 1830/726/103 1832/720/96 1833/728/105
f 1834/663/29 1833/728/105 1832/720/96
f 1835/725/101 1836/729/106 1837/730/107
f 1838/731/108 1835/725/101 1837/730/107
f 1836/729/106 1835/725/101 1839/726/103
f 1838/731/108 1840/727/104 1835/725/101
f 1839/726/103 1841/732/109 1836/729/106
f 1841/732/109 1839/726/103 1842/728/105
f 1843/663/29 1841/732/109 1842/728/105
f 1844/663/29 1845/733/110 1846/732/109
f 1845/733/110 1847/729/106 1846/732/109
f 1847/729/106 1845/733/110 1848/734/111
f 1848/734/111 1849/730/112 1847/729/106
f 1849/730/112 1848/734/111 1850/735/113
f 1850/735/113 1851/731/108 1849/730/112
f 1851/731/108 1850/735/113 1852/736/114
f 1854/736/115 1855/737/116 1853/738/117
f 1855/737/116 1854/736/115 1856/735/113
f 1857/734/111 1855/737/116 1856/735/113
f 1855/737/116 1857/734/111 1858/739/118
f 1859/733/110 1858/739/118 1857/734/111
f 1858/739/118 1859/733/110 1860/740/119
f 1861/663/29 1860/740/119 1859/733/110
f 1862/662/32 1863/739/118 1864/740/119
f 1865/663/29 1862/662/32 1864/740/119
f 1863/739/118 1862/662/32 1866/664/33
f 1866/664/33 1867/737/120 1863/739/118
f 1867/737/120 1866/664/33 1868/666/35
f 1868/666/35 1869/738/117 1867/737/120
f 1869/738/117 1868/666/35 1870/668/37
f 1871/695/68 1872/689/61 1873/698/71
f 1872/689/61 1871/695/68 1874/691/121
f 1875/690/122 1873/698/71 1872/689/61
f 1873/698/71 1875/690/122 1876/700/73
f 1877/663/29 1876/700/73 1875/690/122
f 1878/694/67 1874/691/121 1871/695/68
f 1874/691/121 1878/694/67 1879/692/64
f 1880/741/123 1881/714/90 1882/742/124
f 1881/714/90 1883/743/125 1882/742/124
f 1883/743/125 1881/714/90 1884/713/126
f 1885/663/29 1883/743/125 1884/713/126
f 1881/714/90 1880/741/123 1886/715/127
f 1887/744/128 1886/715/127 1880/741/123
f 1886/715/127 1887/744/128 1888/716/13
f 1889/745/129 1890/742/124 1891/746/130
f 1890/742/124 1889/745/129 1892/741/123
f 1893/743/125 1891/746/130 1890/742/124
f 1891/746/130 1893/743/125 1894/747/131
f 1895/663/29 1894/747/131 1893/743/125
f 1896/748/19 1892/741/123 1889/745/129
f 1892/741/123 1896/748/19 1897/744/128
f 1898/749/132 1899/745/133 1900/750/134
f 1899/745/133 1901/751/135 1900/750/134
f 1899/745/133 1898/749/132 1902/748/19
f 1901/751/135 1899/745/133 1903/746/130
f 1903/746/130 1904/752/136 1901/751/135
f 1904/752/136 1903/746/130 1905/747/131
f 1906/663/29 1904/752/136 1905/747/131
f 1907/663/29 1908/753/137 1909/752/138
f 1908/753/137 1910/754/139 1909/752/138
f 1909/752/138 1910/754/139 1911/751/135
f 1910/754/139 1912/750/134 1911/751/135
f 1912/750/134 1910/754/139 1913/755/140
f 1912/750/134 1913/755/140 1914/756/141
f 1912/750/134 1914/756/141 1915/749/142
f 1916/718/143 1917/754/139 1918/753/137
f 1919/663/29 1916/718/143 1918/753/137
f 1917/754/139 1916/718/143 1920/717/93
f 1920/717/93 1921/755/140 1917/754/139
f 1921/755/140 1920/717/93 1922/722/98
f 1921/755/140 1922/722/98 1923/723/99
f 1921/755/140 1923/723/99 1924/756/141
f 1925/594/144 1926/592/145 1927/593/144
f 1926/592/145 1928/591/145 1927/593/144
f 1925/594/144 1927/593/144 1929/757/146
f 1930/758/146 1925/594/144 1929/757/146
f 1930/758/146 1929/757/146 1931/759/147
f 1931/759/147 1932/760/147 1930/758/146
f 1934/586/7 1933/587/7 1935/761/148
f 1935/761/148 1936/762/149 1934/586/7
f 1936/762/149 1935/761/148 1937/589/150
f 1938/590/151 1936/762/149 1937/589/150
f 1938/590/151 1937/589/150 1939/591/145
f 1940/592/145 1938/590/151 1939/591/145
f 1941/763/152 1942/604/153 1943/603/154
f 1941/763/152 1943/603/154 1944/599/155
f 1945/604/100 1946/605/156 1947/591/157
f 1945/604/100 1947/591/157 1948/603/154
f 1949/606/158 1951/591/157 1950/605/156
f 1951/591/157 1949/606/158 1952/607/159
f 1954/608/160 1955/607/161 1953/606/108
f 1955/607/161 1954/608/160 1956/609/162
f 1957/610/163 1958/609/162 1959/608/164
f 1958/609/162 1957/610/163 1960/764/165
f 1961/763/152 1963/599/155 1962/600/166
f 1962/600/166 1963/599/155 1964/602/28
f 1967/585/167 1966/586/147 1965/587/147
f 1967/585/167 1968/588/167 1966/586/147
f 1969/589/168 1968/588/167 1967/585/167
f 1969/589/168 1970/590/168 1968/588/167
f 1971/591/169 1970/590/168 1969/589/168
f 1971/591/169 1972/592/169 1970/590/168
f 1973/593/170 1972/592/169 1971/591/169
f 1973/593/170 1974/594/170 1972/592/169
f 1975/757/171 1974/594/170 1973/593/170
f 1975/757/171 1976/758/171 1974/594/170
f 1977/759/172 1976/758/171 1975/757/171
f 1977/759/172 1978/760/172 1976/758/171
f 1980/763/173 1979/604/36 1981/603/214
f 1981/603/214 1982/599/175 1980/763/173
f 1984/604/36 1983/605/176 1985/591/177
f 1985/591/177 1986/603/178 1984/604/36
f 1988/606/44 1989/591/177 1987/605/176
f 1989/591/177 1988/606/44 1990/607/179
f 1992/608/215 1993/607/216 1991/606/44
f 1993/607/216 1992/608/215 1994/609/182
f 1995/609/183 1996/765/184 1997/764/185
f 1996/765/184 1995/609/183 1998/608/180
f 1999/600/117 2000/763/173 2001/599/187
f 2002/602/165 1999/600/117 2001/599/187
f 2003/766/188 2004/644/188 2005/767/188
f 2003/766/188 2006/621/188 2007/768/188
f 2003/766/188 2008/618/188 2006/621/188
f 2005/767/188 2008/618/188 2003/766/188
f 2008/618/188 2005/767/188 2009/657/188
f 2010/769/188 2004/644/188 2003/766/188
f 2010/769/188 2003/766/188 2011/617/188
f 2004/644/188 2012/652/188 2005/767/188
f 2012/652/188 2004/644/188 2013/650/188
f 2014/649/188 2005/767/188 2012/652/188
f 2014/649/188 2015/770/188 2005/767/188
f 2015/770/188 2014/649/188 2016/647/188
f 2017/625/188 2010/769/188 2011/617/188
f 2017/625/188 2011/617/188 2018/622/188
f 2010/769/188 2017/625/188 2019/628/188
f 2019/628/188 2017/625/188 2020/626/188
f 2004/644/188 2010/769/188 2021/641/188
f 2004/644/188 2021/641/188 2022/771/188
f 2021/641/188 2010/769/188 2023/637/188
f 2021/641/188 2023/637/188 2024/772/188
f 2023/637/188 2010/769/188 2025/773/188
f 2023/637/188 2025/773/188 2026/635/188
f 2029/585/189 2028/586/172 2027/587/172
f 2028/586/172 2029/585/189 2030/588/189
f 2031/589/190 2030/588/189 2029/585/189
f 2030/588/189 2031/589/190 2032/590/190
f 2033/591/191 2032/590/190 2031/589/190
f 2032/590/190 2033/591/191 2034/592/191
f 2035/593/192 2034/592/191 2033/591/191
f 2034/592/191 2035/593/192 2036/594/193
f 2037/757/194 2036/594/193 2035/593/192
f 2036/594/193 2037/757/194 2038/758/194
f 2039/597/2 2038/758/194 2037/757/194
f 2038/758/194 2039/597/2 2040/598/2
f 2042/600/195 2041/763/196 2043/599/197
f 2043/599/197 2044/602/185 2042/600/195
f 2047/603/198 2046/763/196 2045/604/64
f 2047/603/198 2048/599/199 2046/763/196
f 2050/606/69 2051/591/200 2049/605/201
f 2051/591/200 2050/606/69 2052/607/202
f 2053/608/203 2055/607/204 2054/606/205
f 2055/607/204 2053/608/203 2056/609/206
f 2058/610/207 2059/609/208 2057/608/209
f 2059/609/208 2058/610/207 2060/764/11
f 2063/591/200 2062/604/210 2061/605/201
f 2063/591/200 2064/603/198 2062/604/210
usemtl Handle1Mtl.048
f 1483/553/2 1484/554/2 1485/555/2
f 1484/554/2 1483/553/2 1486/556/2
f 1487/557/2 1488/558/2 1489/559/2
f 1488/558/2 1487/557/2 1490/560/2
f 1491/561/218 1492/556/218 1493/553/218
f 1492/556/218 1491/561/218 1494/562/218
f 1495/563/218 1496/560/218 1497/557/218
f 1496/560/218 1495/563/218 1498/564/218
f 1499/565/29 1500/566/29 1501/567/29
f 1501/567/29 1500/566/29 1502/568/29
f 1501/567/29 1502/568/29 1503/569/29
f 1501/567/29 1504/570/29 1499/565/29
f 1504/570/29 1501/567/29 1505/571/29
f 1504/570/29 1505/571/29 1506/572/29
f 1507/573/29 1508/574/29 1509/575/29
f 1509/575/29 1508/574/29 1510/576/29
f 1509/575/29 1510/576/29 1511/577/29
f 1509/575/29 1512/578/29 1507/573/29
f 1512/578/29 1509/575/29 1513/579/29
f 1512/578/29 1513/579/29 1514/580/29
f 1515/561/147 1516/581/147 1517/562/147
f 1516/581/147 1518/582/147 1517/562/147
f 1519/555/7 1520/553/7 1521/554/7
f 1520/553/7 1522/556/7 1521/554/7
f 1523/583/147 1524/564/147 1525/584/147
f 1526/563/147 1525/584/147 1524/564/147
f 1527/560/7 1528/558/7 1529/557/7
f 1530/559/7 1529/557/7 1528/558/7
f 1531/561/145 1532/556/145 1533/553/145
f 1532/556/145 1531/561/145 1534/562/145
f 1535/563/145 1536/560/145 1537/557/145
f 1536/560/145 1535/563/145 1538/564/145
f 1539/561/172 1540/581/172 1541/562/172
f 1540/581/172 1542/582/172 1541/562/172
f 1543/583/172 1544/564/172 1545/584/172
f 1546/563/172 1545/584/172 1544/564/172
f 1547/561/219 1548/556/219 1549/553/219
f 1548/556/219 1547/561/219 1550/562/219
f 1551/563/219 1552/560/219 1553/557/219
f 1552/560/219 1551/563/219 1554/564/219
f 1555/575/188 1556/579/188 1557/578/188
f 1557/578/188 1556/579/188 1558/580/188
f 1559/573/188 1555/575/188 1557/578/188
f 1555/575/188 1559/573/188 1560/574/188
f 1555/575/188 1560/574/188 1561/576/188
f 1555/575/188 1561/576/188 1562/577/188
f 1563/561/191 1564/556/191 1565/553/191
f 1564/556/191 1563/561/191 1566/562/191
f 1567/563/191 1568/560/191 1569/557/191
f 1568/560/191 1567/563/191 1570/564/191
