# Blender 5.1.2
# www.blender.org
mtllib ShoppingCart.mtl
o ShoppingCart
v -0.748510 0.459810 -1.986423
v -0.738609 0.431910 -2.017624
v -0.738609 0.425110 -2.080723
v -0.738609 0.012810 -2.036324
v -0.738609 0.542910 -2.093422
v -0.738609 0.955200 -2.137821
v -0.738609 0.549710 -2.030323
v -0.747910 0.523160 -1.990524
v 0.111990 0.549710 -2.030323
v 0.111990 0.542910 -2.093422
v 0.111990 0.425110 -2.080723
v 0.111990 0.431910 -2.017624
v -1.330111 1.435180 1.840679
v -1.330111 1.759530 1.893577
v -1.330111 1.446000 1.778076
v -1.300810 1.416110 1.831379
v -1.337509 1.319410 1.828579
v -1.320810 1.410240 1.740379
v -1.300810 1.416110 1.767979
v -1.310610 1.345740 1.762676
v 0.111990 1.330470 1.758179
v 0.141291 1.352620 1.831379
v 0.141291 1.352620 1.767979
v 0.111990 1.319650 1.820679
v 0.111990 0.785880 1.728378
v 0.111990 0.796700 1.665878
v 0.142490 0.763720 1.655079
v 0.142490 0.763720 1.718578
v 0.142490 0.700240 1.718578
v 0.111990 0.678080 1.645378
v 0.142490 0.700240 1.655079
v 0.111990 0.667270 1.707878
v 0.111990 0.133500 1.615578
v -1.265209 0.763720 1.718578
v -1.265209 0.763720 1.655079
v -1.275610 0.693760 1.649376
v -1.291210 0.796940 1.676479
v -1.309410 0.785640 1.736279
v -1.286510 0.759580 1.627178
v -1.303110 0.667030 1.715679
v -1.281811 0.619020 1.645676
v -1.277809 0.692160 1.568779
v -1.316210 1.271400 1.758476
v -1.312410 1.341290 1.685078
v -1.192310 1.266770 0.890377
v -1.172911 1.318520 0.762276
v -1.192410 1.226670 0.855076
v -1.170811 1.234260 0.795879
v -1.175110 0.710670 0.878677
v -1.166410 0.643240 0.820377
v -1.168810 0.717910 0.807579
v -1.166710 0.604860 0.784679
v -1.145010 0.612460 0.725578
v -1.150110 0.736820 0.739578
v -1.147209 0.698440 0.691578
v -1.147810 0.635090 0.695576
v -1.173809 1.255310 0.768078
v -1.044411 1.175060 -0.087723
v -1.025009 1.226810 -0.215824
v -1.020710 1.143560 -0.169624
v -1.054010 1.140050 -0.115624
v -1.042009 0.726190 -0.135124
v -1.025909 1.163590 -0.210022
v -0.895611 1.146560 -1.071621
v -0.738609 0.961999 -2.074722
v 0.111990 0.955200 -2.137821
v 0.111990 0.961999 -2.074722
v 0.924690 0.955200 -2.137821
v 0.933189 1.054840 -2.059124
v 1.062590 1.135090 -1.203323
v 0.924690 0.961999 -2.074722
v 0.924690 0.549710 -2.030323
v 0.934090 0.991630 -2.053322
v 1.063490 1.071880 -1.197521
v 0.924690 0.542910 -2.093422
v 1.083389 1.045960 -1.144222
v 0.933390 0.523160 -1.999821
v 0.933990 0.459810 -1.995823
v 1.054689 0.512800 -1.184921
v 1.054090 0.576150 -1.189022
v 1.076691 0.609890 -1.132824
v 1.044590 0.611810 -1.078121
v 1.051189 1.047880 -1.089523
v 1.081890 1.083340 -1.075321
v 1.202089 1.157860 -0.280624
v 1.228889 1.238270 -0.103024
v 0.997789 -2.069153 -0.864124
v 0.972691 -2.126764 -1.028622
v 0.960791 -2.069153 -1.106823
v 0.985889 -2.126764 -0.942322
v 1.010389 -1.630077 -0.918724
v 0.948191 -1.630076 -1.326221
v 1.318689 -2.126764 1.236977
v 1.291290 -2.069153 1.057377
v 1.331690 -2.069153 1.322376
v 1.304291 -2.126764 1.142777
v 1.345490 -1.630077 1.275379
v 1.277491 -1.630077 0.830376
v 0.924690 0.425110 -2.080723
v 0.111990 -0.104980 -2.023621
v 0.111990 -0.098180 -1.960522
v 0.111990 0.012810 -2.036324
v 0.111990 0.019620 -1.973221
v -0.738609 -0.104980 -2.023621
v -0.738609 0.019620 -1.973221
v -0.747810 -0.072370 -1.933224
v -0.738609 -0.098180 -1.960522
v -0.738609 -0.517280 -1.979221
v -0.747511 -0.008920 -1.935322
v -0.861111 -0.045870 -1.159222
v -0.860809 0.017570 -1.161324
v -0.888809 -0.075370 -1.147121
v -0.856710 -0.073450 -1.092422
v -0.890711 0.049220 -1.150322
v -0.858610 0.051140 -1.095623
v -0.897409 0.485300 -1.161724
v -0.878210 0.021650 -1.042221
v -0.878510 -0.041800 -1.040123
v -0.991810 -0.015300 -0.266121
v -0.991510 0.048140 -0.268223
v -0.986410 -0.038910 -0.225323
v -0.989809 0.079340 -0.219723
v -1.003611 0.552330 -0.197422
v -1.036810 0.548820 -0.143524
v -1.023109 0.075830 -0.165821
v -1.008909 0.052220 -0.149124
v -1.009211 -0.011230 -0.147022
v -1.019711 -0.042420 -0.171322
v -1.122511 0.015270 0.627079
v -1.122210 0.078720 0.624878
v -1.119209 -0.009350 0.655277
v -1.098610 -0.506800 0.598976
v -1.140909 -0.016950 0.714378
v -1.124411 0.115010 0.669277
v -1.139910 0.019350 0.746178
v -1.244511 0.043800 1.460579
v -1.142811 0.095100 0.736279
v -1.148310 0.084830 0.803577
v -1.196810 -0.604520 1.429478
v -1.227310 -0.640190 1.443676
v -1.218611 -0.604520 1.404976
v -1.196810 -0.541040 1.429478
v -1.218611 -0.541040 1.404976
v -1.196810 -0.604520 1.492977
v -1.114010 -0.541040 0.675877
v -1.114010 -0.604520 0.675877
v -1.196810 -0.541040 1.492977
v -1.222410 -0.507820 1.450878
v -1.240610 -0.519120 1.510578
v 0.111990 -0.518880 1.502777
v 0.111990 0.014890 1.595078
v 0.111990 -0.508060 1.440178
v 0.111990 0.025710 1.532478
v 0.142191 -0.541040 1.492977
v 0.142191 -0.541040 1.429478
v 0.111990 -0.541040 1.400478
v 0.111990 -0.541040 0.671379
v 0.111990 -0.604520 1.400478
v 0.111990 -0.604520 0.671379
v -1.074610 -0.541040 0.642376
v -1.074610 -0.604520 0.578877
v 0.111990 -0.604520 0.549877
v 0.111990 -0.541040 0.549877
v 0.111990 -0.541040 -0.179321
v 0.111990 -0.604520 -0.179321
v -0.952410 -0.604520 -0.271824
v -0.952410 -0.604520 -0.208321
v -0.984409 -0.640570 -0.219421
v -0.952410 -0.541040 -0.208321
v -0.990009 -0.601370 -0.173523
v -0.974409 -0.604520 -0.296322
v -0.952410 -0.541040 -0.271824
v 1.212589 0.582100 -0.124622
v 1.216890 0.667070 -0.171223
v 1.211990 0.645450 -0.128624
v 1.332689 0.698440 0.682178
v 1.332390 0.736820 0.717777
v 1.354090 0.729220 0.776977
v 1.230690 1.140050 -0.148922
v 1.195690 1.084440 -0.205723
v 1.204390 1.153580 -0.211224
v 1.229790 1.175060 -0.097221
v 1.349991 1.249580 0.697479
v 1.356091 1.244790 0.766376
v 1.377689 1.266770 0.880878
v 1.374689 1.226670 0.833176
v 1.351191 0.706590 0.806976
v 1.351789 0.643240 0.810978
v 1.471991 0.759580 1.617779
v 1.470390 0.687280 1.629677
v 1.492689 0.785640 1.717777
v 1.458389 0.133260 1.604977
v 1.474489 0.796940 1.657978
v 1.520889 1.319410 1.810078
v 1.504890 1.338860 1.743477
v 1.516291 1.435180 1.840679
v 1.516291 1.446000 1.778076
v 1.506189 1.410240 1.730877
v 1.516291 1.759530 1.893577
v 1.516291 1.796340 1.841877
v 1.506990 2.030850 2.259578
v 1.506990 1.975290 2.290279
v -0.972610 -0.511900 -0.247524
v 0.111990 -0.604520 -0.300823
v 0.111990 -0.541040 -0.300823
v 0.111990 -0.541040 -1.029922
v 0.111990 -0.604520 -1.029922
v 1.159889 -0.604520 -0.305321
v 1.149290 -0.511900 -0.280922
v 1.177389 -0.541040 -0.183823
v 1.182590 -0.515410 -0.226921
v 1.196291 -0.042420 -0.204624
v 1.194691 -0.011230 -0.156223
v 1.163090 -0.038910 -0.258621
v 1.177191 -0.015300 -0.275223
v 1.199791 0.075830 -0.199123
v 1.299191 0.013230 0.558277
v 1.194389 0.052220 -0.158321
v 1.307590 0.078720 0.615776
v 1.304689 0.002960 0.625576
v 1.323191 -0.016950 0.692577
v 1.306589 0.115010 0.647476
v 1.328291 0.107420 0.706676
v 1.280890 -0.506800 0.577179
v 1.302490 -0.514390 0.636276
v 1.325390 0.019350 0.736977
v 1.299490 -0.541040 0.666878
v 1.299490 -0.604520 0.666878
v 1.281990 -0.541040 0.545376
v 1.186090 -0.604520 -0.123024
v 1.404091 -0.604520 1.395977
v 1.175690 -0.601370 -0.180622
v 1.404091 -0.541040 1.395977
v 1.423990 -0.519120 1.492077
v 1.405790 -0.507820 1.432377
v 1.436291 0.035890 1.517776
v 1.412590 -0.626020 1.506378
v 1.409790 -1.530925 1.713478
v 1.413389 -0.640190 1.444576
v 1.410589 -1.545092 1.651676
v 1.314989 -1.630077 1.727677
v 1.399790 -1.566594 1.630779
v 1.399790 -1.630077 1.630779
v 1.252390 -1.566594 0.729977
v 1.241489 -1.530545 0.654476
v 1.235689 -1.569743 0.607876
v 1.170290 -0.640570 -0.224522
v 0.908689 -1.630076 -1.584423
v 0.908689 -1.566593 -1.584423
v -0.744511 -1.630076 -1.536423
v -0.744511 -1.566593 -1.536423
v -0.742910 -1.630076 -1.493824
v -0.896509 1.083340 -1.065823
v -0.873810 1.047880 -1.121624
v -0.878010 1.071880 -1.188023
v -0.747810 1.054840 -2.049622
v -0.906010 1.045960 -1.176323
v -0.867210 0.611810 -1.110321
v -0.748610 0.991630 -2.043922
v -1.244209 0.107250 1.458477
v -1.242710 0.110320 1.530178
v -1.242210 0.041880 1.536976
v -1.247410 -0.033360 1.532879
v -1.268810 0.014650 1.602879
v -1.275009 0.133260 1.623379
v -1.232410 0.111340 1.605778
v -1.256809 0.144560 1.563679
v 0.140989 0.047860 1.605778
v 0.140989 0.047860 1.542278
v 0.140989 0.111340 1.542278
v 0.111990 0.144320 1.553078
v 0.140989 0.111340 1.605778
v 1.440189 0.144560 1.545177
v 1.438290 0.109290 1.508877
v 1.429890 0.043800 1.451477
v 1.325090 0.082790 0.734779
v 1.348890 0.604860 0.762878
v 1.330290 0.623770 0.694977
v 1.323990 0.631010 0.623878
v -0.868710 0.576150 -1.179623
v -0.899309 0.609890 -1.165024
v -0.869310 0.512800 -1.175621
v -0.865210 0.487220 -1.107021
v -0.887211 0.584300 -1.054924
v -0.887810 0.520950 -1.050823
v -1.008511 0.573940 -0.240021
v -1.007910 0.637300 -0.244022
v -1.007010 0.670570 -0.191822
v -1.033409 0.656260 -0.128624
v -1.027109 0.582100 -0.115223
v -1.035810 0.649520 -0.056923
v -0.742910 -1.566593 -1.493824
v -1.050011 -1.569743 0.614979
v -1.214510 -1.630077 1.641079
v -1.055510 -1.530545 0.659577
v -1.067110 -1.566594 0.740276
v -1.204710 -1.566594 1.580979
v -1.219509 -1.555843 1.645878
v -1.192310 -1.566594 1.664177
v -1.192310 -1.630077 1.664177
v -1.223709 -1.530925 1.712677
v -1.192310 -1.566594 1.727677
v -1.226410 -0.626020 1.505577
v -1.120310 -0.514390 0.658176
v -1.096510 -0.541040 0.554379
v -1.074610 -0.541040 0.578877
v -1.096510 -0.604520 0.554379
v -0.991909 -0.541040 -0.174721
v -1.005911 -0.515410 -0.193623
v -0.974409 -0.541040 -0.296322
v -0.869810 -0.541040 -1.025421
v -0.869810 -0.604520 -1.025421
v -0.852310 -0.604520 -1.146923
v -0.830111 -0.541040 -1.058922
v -0.850010 -0.509520 -1.081024
v -0.830111 -0.604520 -1.122421
v -0.830111 -0.541040 -1.122421
v -0.852310 -0.541040 -1.146923
v -0.882111 -0.511440 -1.135723
v -0.747610 -0.541040 -1.876022
v -0.747610 -0.604520 -1.876022
v -0.738609 -0.510480 -1.916122
v 0.111990 -0.517280 -1.979221
v 0.111990 -0.510480 -1.916122
v 0.111990 -0.541040 -1.880524
v 0.933090 -0.604520 -1.885021
v 0.924690 -0.517280 -1.979221
v 0.924690 -0.510480 -1.916122
v 0.924690 -0.098180 -1.960522
v 0.933090 -0.541040 -1.885021
v 0.924690 -0.104980 -2.023621
v 1.037790 -0.604520 -1.155922
v 1.037790 -0.541040 -1.155922
v 1.059490 -0.511440 -1.103622
v 1.055189 -0.541040 -1.034424
v 1.159889 -0.541040 -0.305321
v 1.027390 -0.509520 -1.048923
v 1.066191 -0.075370 -1.114922
v 0.111990 -0.604520 -1.151421
v 0.111990 -0.541040 -1.151421
v 0.111990 -0.604520 -1.880524
v 1.034090 -0.073450 -1.060223
v 1.063990 -0.041800 -1.049324
v 1.063690 0.021650 -1.051422
v 1.068090 0.049220 -1.118221
v 1.176889 0.048140 -0.277424
v 1.035990 0.051140 -1.063522
v 1.166491 0.079340 -0.253021
v 1.178490 0.493200 -0.233524
v 1.213490 0.548820 -0.176823
v 1.187090 0.563140 -0.240021
v 1.193390 0.637300 -0.253422
v 1.184690 0.569870 -0.311722
v 1.072691 0.584300 -1.064224
v 1.183689 0.670570 -0.225224
v 1.073290 0.520950 -1.060223
v 1.042589 0.487220 -1.074921
v 1.074791 0.485300 -1.129623
v 1.046190 0.017570 -1.170521
v 1.046490 -0.045870 -1.168423
v 0.932989 -0.008920 -1.944523
v 0.933290 -0.072370 -1.942421
v 0.924690 0.019620 -1.973221
v 0.924690 0.012810 -2.036324
v 0.924690 0.431910 -2.017624
v -1.339411 1.953570 2.250976
v -1.339411 2.009130 2.220276
v -1.330111 1.933820 2.215278
v -1.330111 1.989380 2.184578
v -1.330111 1.796340 1.841877
v -0.829710 -2.067860 -0.857223
v -0.804609 -2.125471 -1.021721
v -0.792709 -2.067860 -1.099823
v -0.817810 -2.125471 -0.935421
v -0.842310 -1.628783 -0.911823
v -0.780109 -1.628783 -1.319221
v -1.163710 -2.067843 1.329277
v -1.136209 -2.125454 1.149677
v -1.123211 -2.067843 1.064278
v -1.150610 -2.125454 1.243878
v -1.177410 -1.628767 1.282276
v -1.109409 -1.628767 0.837277
v -0.802111 0.019620 -1.973221
v -0.738609 0.012810 -2.036324
v -0.738609 0.542910 -2.093422
v -0.738609 0.549710 -2.030323
v -0.810711 0.523160 -1.999821
v -0.802111 0.549710 -2.030323
v -0.707809 0.519150 -2.087322
v -0.747910 0.523160 -1.990524
v -0.707809 0.519150 -2.023823
v -0.020109 0.519150 -2.087322
v -0.020109 0.519150 -2.023823
v 0.010590 0.542910 -2.093422
v 0.010590 0.549710 -2.030323
v 0.111990 0.549710 -2.030323
v 0.111990 0.542910 -2.093422
v 0.142790 0.519150 -2.023823
v 0.142790 0.519150 -2.087322
v 0.830490 0.519150 -2.087322
v 0.830490 0.519150 -2.023823
v -1.330111 1.435180 1.840679
v -1.330111 1.446000 1.778076
v -1.393610 1.446000 1.778076
v -1.300810 1.416110 1.831379
v -1.383610 1.410240 1.730877
v -1.320810 1.410240 1.740379
v -1.351910 0.796940 1.657978
v -1.300810 1.416110 1.767979
v -0.018709 1.416110 1.767979
v 1.423491 1.416110 1.831379
v 0.141291 1.416110 1.767979
v 1.423491 1.416110 1.767979
v 1.452789 1.435180 1.840679
v 0.111990 0.785880 1.728378
v 0.010590 0.785880 1.728378
v 0.010590 0.796700 1.665878
v 0.111990 0.796700 1.665878
v 0.142490 0.763720 1.655079
v 0.142490 0.763720 1.718578
v 0.111990 0.133500 1.615578
v 0.010590 0.133500 1.615578
v -0.019911 0.763720 1.655079
v -0.019911 0.763720 1.718578
v -1.265209 0.763720 1.718578
v -1.265209 0.763720 1.655079
v -1.291210 0.796940 1.676479
v -1.309410 0.785640 1.736279
v -1.286510 0.759580 1.627178
v -1.317511 0.144560 1.545177
v -1.349310 0.759580 1.617779
v -1.172911 1.318520 0.762276
v -1.106310 1.238270 -0.103024
v -1.228609 0.706590 0.806976
v -1.175110 0.710670 0.878677
v -1.168810 0.717910 0.807579
v -1.231409 0.729220 0.776977
v -1.150110 0.736820 0.739578
v -1.210011 0.698440 0.682178
v -1.209810 0.736820 0.717777
v -1.147209 0.698440 0.691578
v -1.025009 1.226810 -0.215824
v -0.895611 1.146560 -1.071621
v -0.020109 1.049240 -2.080921
v -0.707809 1.049240 -2.080921
v -0.707809 1.049240 -2.144421
v 0.142790 1.049240 -2.080921
v 0.830490 1.049240 -2.144421
v 0.830490 1.049240 -2.080921
v 0.870390 1.054840 -2.049622
v 0.933189 1.054840 -2.059124
v 1.062590 1.135090 -1.203323
v 0.861290 0.549710 -2.030323
v 0.924690 0.549710 -2.030323
v 0.861290 0.542910 -2.093422
v 0.933390 0.523160 -1.999821
v 0.870590 0.523160 -1.990524
v 1.054090 0.576150 -1.189022
v 1.076691 0.609890 -1.132824
v 0.991289 0.576150 -1.179623
v 0.989790 0.611810 -1.110321
v 1.021891 0.609890 -1.165024
v 1.044590 0.611810 -1.078121
v 1.018290 1.146560 -1.071621
v 1.147690 1.226810 -0.215824
v 1.228889 1.238270 -0.103024
v 0.861290 0.012810 -2.036324
v 0.830490 -0.010940 -2.030121
v 0.861290 0.019620 -1.973221
v 0.830490 -0.010940 -1.966724
v 0.142790 -0.010940 -1.966724
v 0.142790 -0.010940 -2.030121
v 0.111990 0.012810 -2.036324
v 0.111990 0.019620 -1.973221
v -0.020109 -0.010940 -1.966724
v 0.010590 0.012810 -2.036324
v -0.707809 -0.010940 -1.966724
v 0.010590 0.019620 -1.973221
v -0.020109 -0.010940 -2.030121
v -0.707809 -0.010940 -2.030121
v -0.738609 0.019620 -1.973221
v -0.738609 -0.517280 -1.979221
v -0.747511 -0.008920 -1.935322
v -0.860809 0.017570 -1.161324
v -0.923611 0.017570 -1.170521
v -0.810310 -0.008920 -1.944523
v -0.945410 0.049220 -1.118221
v -0.890711 0.049220 -1.150322
v -0.858610 0.051140 -1.095623
v -0.878210 0.021650 -1.042221
v -0.904711 -0.509520 -1.048923
v -0.941010 0.021650 -1.051422
v -0.913309 0.051140 -1.063522
v -0.991510 0.048140 -0.268223
v -1.054310 0.048140 -0.277424
v -1.026711 -0.511900 -0.280922
v -1.077110 0.075830 -0.199123
v -1.043810 0.079340 -0.253021
v -0.989809 0.079340 -0.219723
v -1.071711 0.052220 -0.158321
v -1.070709 0.637300 -0.253422
v -1.023109 0.075830 -0.165821
v -1.008909 0.052220 -0.149124
v -1.185011 0.078720 0.615776
v -1.122210 0.078720 0.624878
v -1.184010 0.115010 0.647476
v -1.158211 -0.506800 0.577179
v -1.098610 -0.506800 0.598976
v -1.124411 0.115010 0.669277
v -1.205709 0.107420 0.706676
v -1.202410 0.082790 0.734779
v -1.315710 0.109290 1.508877
v -1.142811 0.095100 0.736279
v -1.148310 0.084830 0.803577
v -1.196810 -0.541040 1.429478
v -1.218611 -0.541040 1.404976
v -1.114010 -0.541040 0.675877
v -1.196810 -0.541040 1.492977
v -1.222410 -0.507820 1.450878
v -1.283211 -0.507820 1.432377
v -0.019609 -0.541040 1.492977
v -0.019609 -0.541040 1.429478
v -1.240610 -0.519120 1.510578
v 0.010590 -0.508060 1.440178
v 0.010590 -0.518880 1.502777
v 0.111990 -0.518880 1.502777
v 0.010590 -0.541040 1.400478
v 0.111990 -0.508060 1.440178
v 0.142191 -0.541040 1.492977
v 1.319490 -0.541040 1.492977
v 0.142191 -0.541040 1.429478
v 1.319490 -0.541040 1.429478
v 0.111990 -0.541040 1.400478
v 0.111990 -0.541040 0.671379
v 0.010590 -0.541040 0.671379
v -0.019711 -0.541040 0.642376
v 0.142290 -0.541040 0.642376
v -1.074610 -0.541040 0.642376
v 1.197290 -0.541040 0.642376
v 0.142290 -0.541040 0.578877
v -0.019711 -0.541040 0.578877
v 1.236589 -0.541040 0.675877
v 1.197290 -0.541040 0.578877
v 1.221291 -0.506800 0.598976
v 1.219191 -0.541040 0.554379
v 0.111990 -0.541040 0.549877
v 0.111990 -0.541040 -0.179321
v 0.010590 -0.541040 0.549877
v 0.010590 -0.541040 -0.179321
v 0.142490 -0.541040 -0.208321
v -0.019810 -0.541040 -0.208321
v 0.142490 -0.541040 -0.271824
v -0.952410 -0.541040 -0.208321
v -0.019810 -0.541040 -0.271824
v 1.074989 -0.541040 -0.208321
v -0.952410 -0.541040 -0.271824
v 1.216890 0.667070 -0.171223
v 1.211990 0.645450 -0.128624
v 1.332689 0.698440 0.682178
v 1.269890 0.698440 0.691578
v 1.332390 0.736820 0.717777
v 1.272791 0.736820 0.739578
v 1.354090 0.729220 0.776977
v 1.155991 0.656260 -0.128624
v 1.158489 0.649520 -0.056923
v 1.129591 0.670570 -0.191822
v 1.295589 1.318520 0.762276
v 1.291491 0.717910 0.807579
v 1.351191 0.706590 0.806976
v 1.297689 0.710670 0.878677
v 1.471991 0.759580 1.617779
v 1.409189 0.759580 1.627178
v 1.474489 0.796940 1.657978
v 1.387890 0.763720 1.655079
v 1.431990 0.785640 1.736279
v 1.413790 0.796940 1.676479
v 1.387890 0.763720 1.718578
v 1.516291 1.446000 1.778076
v 1.506189 1.410240 1.730877
v 1.443491 1.410240 1.740379
v 1.452789 1.446000 1.778076
v 1.516291 1.796340 1.841877
v 1.452789 1.796340 1.841877
v 1.452789 1.989380 2.184578
v 1.506990 2.030850 2.259578
v 1.462090 2.009130 2.220276
v 1.422091 2.004640 2.212177
v -0.972610 -0.511900 -0.247524
v 0.010590 -0.541040 -0.300823
v 0.111990 -0.541040 -0.300823
v 0.111990 -0.541040 -1.029922
v 0.010590 -0.541040 -1.029922
v 0.142590 -0.541040 -1.058922
v 1.074989 -0.541040 -0.271824
v 1.095289 -0.511900 -0.247524
v 1.097090 -0.541040 -0.296322
v 1.149290 -0.511900 -0.280922
v 0.992390 -0.541040 -1.025421
v 1.128590 -0.515410 -0.193623
v 1.114491 -0.541040 -0.174721
v 1.177389 -0.541040 -0.183823
v 1.182590 -0.515410 -0.226921
v 1.199791 0.075830 -0.199123
v 1.131491 0.052220 -0.149124
v 1.194389 0.052220 -0.158321
v 1.307590 0.078720 0.615776
v 1.145691 0.075830 -0.165821
v 1.244789 0.078720 0.624878
v 1.112490 0.079340 -0.219723
v 1.114090 0.048140 -0.268223
v 1.306589 0.115010 0.647476
v 1.246990 0.115010 0.669277
v 1.328291 0.107420 0.706676
v 1.280890 -0.506800 0.577179
v 1.302490 -0.514390 0.636276
v 1.242889 -0.514390 0.658176
v 1.299490 -0.541040 0.666878
v 1.281990 -0.541040 0.545376
v 1.404091 -0.541040 1.395977
v 1.341290 -0.541040 1.404976
v 1.405790 -0.507820 1.432377
v 1.345091 -0.507820 1.450878
v 1.363291 -0.519120 1.510578
v 1.410589 -1.545092 1.651676
v 1.346291 -1.530925 1.712677
v 1.342091 -1.555843 1.645878
v 1.314989 -1.566594 1.727677
v 1.314989 -1.566594 1.664177
v 1.399790 -1.566594 1.630779
v 1.327290 -1.566594 1.580979
v 1.252390 -1.566594 0.729977
v 1.189791 -1.566594 0.740276
v 1.241489 -1.530545 0.654476
v 1.235689 -1.569743 0.607876
v 1.178190 -1.530545 0.659577
v 1.172590 -1.569743 0.614979
v 0.865490 -1.566593 -1.493824
v 0.908689 -1.566593 -1.584423
v 0.867189 -1.566593 -1.536423
v 0.825790 -1.566593 -1.592121
v 0.825790 -1.566593 -1.528721
v -0.703211 -1.566593 -1.528721
v -0.703211 -1.566593 -1.592121
v -0.744511 -1.566593 -1.536423
v -0.939911 1.135090 -1.203323
v -0.921909 0.611810 -1.078121
v -0.747810 1.054840 -2.049622
v -0.810511 1.054840 -2.059124
v -0.867210 0.611810 -1.110321
v -0.954010 0.609890 -1.132824
v -1.244209 0.107250 1.458477
v -1.242710 0.110320 1.530178
v -1.275009 0.133260 1.623379
v -1.232410 0.111340 1.605778
v -1.171709 0.111340 1.542278
v -1.256809 0.144560 1.563679
v -0.018311 0.111340 1.605778
v -0.018311 0.111340 1.542278
v 0.010590 0.144320 1.553078
v 0.140989 0.111340 1.542278
v 0.111990 0.144320 1.553078
v 1.294390 0.111340 1.542278
v 0.140989 0.111340 1.605778
v 1.355089 0.111340 1.605778
v 1.365290 0.110320 1.530178
v 1.397690 0.133260 1.623379
v 1.379490 0.144560 1.563679
v 1.440189 0.144560 1.545177
v 1.438290 0.109290 1.508877
v 1.366791 0.107250 1.458477
v 1.325090 0.082790 0.734779
v 1.270990 0.084830 0.803577
v 1.265490 0.095100 0.736279
v -0.868710 0.576150 -1.179623
v -0.899309 0.609890 -1.165024
v -0.931410 0.576150 -1.189022
v -0.887211 0.584300 -1.054924
v -0.950010 0.584300 -1.064224
v -1.007910 0.637300 -0.244022
v -1.061010 0.670570 -0.225224
v -1.007010 0.670570 -0.191822
v -1.094311 0.667070 -0.171223
v -1.033409 0.656260 -0.128624
v -1.089310 0.645450 -0.128624
v -1.035810 0.649520 -0.056923
v -0.786110 -1.566593 -1.584423
v -0.742910 -1.566593 -1.493824
v -1.113010 -1.569743 0.607876
v -1.050011 -1.569743 0.614979
v -1.059910 -0.515410 -0.226921
v -1.118811 -1.530545 0.654476
v -1.129810 -1.566594 0.729977
v -1.055510 -1.530545 0.659577
v -1.067110 -1.566594 0.740276
v -1.204710 -1.566594 1.580979
v -1.277109 -1.566594 1.630779
v -1.219509 -1.555843 1.645878
v -1.288010 -1.545092 1.651676
v -1.192310 -1.566594 1.664177
v -1.223709 -1.530925 1.712677
v -1.192310 -1.566594 1.727677
v -1.281509 -0.541040 1.395977
v -1.176809 -0.541040 0.666878
v -1.120310 -0.514390 0.658176
v -1.179911 -0.514390 0.636276
v -1.159410 -0.541040 0.545376
v -1.054710 -0.541040 -0.183823
v -1.096510 -0.541040 0.554379
v -1.074610 -0.541040 0.578877
v -0.991909 -0.541040 -0.174721
v -1.005911 -0.515410 -0.193623
v -1.037310 -0.541040 -0.305321
v -0.974409 -0.541040 -0.296322
v -0.869810 -0.541040 -1.025421
v -0.932610 -0.541040 -1.034424
v -0.936810 -0.511440 -1.103622
v -0.830111 -0.541040 -1.058922
v -0.850010 -0.509520 -1.081024
v -0.020010 -0.541040 -1.058922
v -0.830111 -0.541040 -1.122421
v 0.142590 -0.541040 -1.122421
v -0.020010 -0.541040 -1.122421
v -0.852310 -0.541040 -1.146923
v -0.882111 -0.511440 -1.135723
v -0.915211 -0.541040 -1.155922
v -0.747610 -0.541040 -1.876022
v -0.810511 -0.541040 -1.885021
v -0.802111 -0.510480 -1.916122
v -0.738609 -0.510480 -1.916122
v -0.707809 -0.541040 -1.909622
v -0.707809 -0.541040 -1.973022
v -0.020109 -0.541040 -1.909622
v -0.020109 -0.541040 -1.973022
v 0.010590 -0.510480 -1.916122
v 0.010590 -0.517280 -1.979221
v 0.010590 -0.541040 -1.880524
v 0.111990 -0.517280 -1.979221
v 0.142790 -0.541040 -1.973022
v 0.111990 -0.510480 -1.916122
v 0.142790 -0.541040 -1.909622
v 0.111990 -0.541040 -1.880524
v 0.830490 -0.541040 -1.973022
v 0.830490 -0.541040 -1.909622
v 0.870291 -0.541040 -1.876022
v 0.861290 -0.510480 -1.916122
v 0.861290 -0.517280 -1.979221
v 0.924690 -0.510480 -1.916122
v 0.933090 -0.541040 -1.885021
v 1.037790 -0.541040 -1.155922
v 0.974991 -0.541040 -1.146923
v 1.004789 -0.511440 -1.135723
v 1.059490 -0.511440 -1.103622
v 1.055189 -0.541040 -1.034424
v 1.159889 -0.541040 -0.305321
v 1.027390 -0.509520 -1.048923
v 0.972589 -0.509520 -1.081024
v 0.952789 -0.541040 -1.058922
v 0.952789 -0.541040 -1.122421
v 0.111990 -0.541040 -1.151421
v 0.010590 -0.541040 -1.151421
v 1.000790 0.021650 -1.042221
v 1.063690 0.021650 -1.051422
v 1.068090 0.049220 -1.118221
v 1.176889 0.048140 -0.277424
v 1.035990 0.051140 -1.063522
v 1.166491 0.079340 -0.253021
v 1.193390 0.637300 -0.253422
v 1.130590 0.637300 -0.244022
v 1.072691 0.584300 -1.064224
v 1.183689 0.670570 -0.225224
v 1.009890 0.584300 -1.054924
v 0.981190 0.051140 -1.095623
v 0.983391 0.017570 -1.161324
v 1.013290 0.049220 -1.150322
v 1.046190 0.017570 -1.170521
v 0.870190 -0.008920 -1.935322
v 0.932989 -0.008920 -1.944523
v 0.924690 0.019620 -1.973221
v -1.299509 2.004640 2.212177
v -1.384310 2.030850 2.259578
v -1.339411 2.009130 2.220276
v -1.330111 1.989380 2.184578
v -1.393610 1.796340 1.841877
v -1.330111 1.796340 1.841877
v -0.748510 0.459810 -1.986423
v -0.738609 0.431910 -2.017624
v -0.707809 0.455669 -2.023823
v -0.802111 0.431910 -2.017624
v -0.802111 0.019620 -1.973221
v -0.811310 0.459810 -1.995823
v -0.738609 0.549710 -2.030323
v -0.802111 0.549710 -2.030323
v -0.747910 0.523160 -1.990524
v -0.707809 0.519150 -2.023823
v -0.020109 0.455669 -2.023823
v -0.020109 0.519150 -2.023823
v 0.010590 0.549710 -2.030323
v 0.111990 0.549710 -2.030323
v 0.010590 0.431910 -2.017624
v 0.142790 0.519150 -2.023823
v 0.111990 0.431910 -2.017624
v 0.142790 0.455669 -2.023823
v 0.830490 0.455669 -2.023823
v 0.830490 0.519150 -2.023823
v -1.163710 -2.067843 1.329277
v -1.209110 -2.069153 1.322376
v -1.177410 -1.628767 1.282276
v -1.222811 -1.630077 1.275379
v 1.286289 -2.067843 1.329277
v 1.331690 -2.069153 1.322376
v 1.300091 -1.628767 1.282276
v 1.345490 -1.630077 1.275379
v 0.952391 -2.067860 -0.857223
v 0.997789 -2.069153 -0.864124
v 0.964991 -1.628783 -0.911823
v 1.010389 -1.630077 -0.918724
v -0.829710 -2.067860 -0.857223
v -0.875210 -2.069153 -0.864124
v -0.842310 -1.628783 -0.911823
v -0.887810 -1.630077 -0.918724
v -1.330111 1.435180 1.840679
v -1.330111 1.759530 1.893577
v -1.393610 1.759530 1.893577
v -1.393610 1.435180 1.840679
v -1.300810 1.416110 1.831379
v -1.337509 1.319410 1.828579
v -1.398211 1.319410 1.810078
v -1.300810 1.352620 1.831379
v -0.018709 1.352620 1.831379
v 1.423491 1.416110 1.831379
v 0.010590 1.319650 1.820679
v 0.141291 1.352620 1.831379
v 1.423491 1.352620 1.831379
v 1.452789 1.435180 1.840679
v 1.460091 1.319410 1.828579
v 0.111990 1.319650 1.820679
v 0.111990 0.785880 1.728378
v 0.010590 0.785880 1.728378
v 0.142490 0.763720 1.718578
v 0.142490 0.700240 1.718578
v 0.111990 0.667270 1.707878
v 0.010590 0.667270 1.707878
v 0.111990 0.133500 1.615578
v 0.010590 0.133500 1.615578
v -0.019911 0.700240 1.718578
v -0.019911 0.763720 1.718578
v -1.265209 0.700240 1.718578
v -1.265209 0.763720 1.718578
v -1.309410 0.785640 1.736279
v -1.303110 0.667030 1.715679
v -1.335711 0.133260 1.604977
v -1.370110 0.785640 1.717777
v -1.255110 1.266770 0.880878
v -1.192310 1.266770 0.890377
v -1.192410 1.226670 0.855076
v -1.229210 0.643240 0.810978
v -1.166410 0.643240 0.820377
v -1.168810 0.717910 0.807579
v -1.231409 0.729220 0.776977
v -1.166710 0.604860 0.784679
v -1.226311 0.604860 0.762878
v -1.252110 1.226670 0.833176
v -1.044411 1.175060 -0.087723
v -1.107210 1.175060 -0.097221
v -1.054010 1.140050 -0.115624
v -1.108009 1.140050 -0.148922
v -1.042009 0.726190 -0.135124
v -0.707809 0.985760 -2.080921
v -0.738609 0.961999 -2.074722
v -0.020109 1.049240 -2.080921
v -0.707809 1.049240 -2.080921
v -0.020109 0.985760 -2.080921
v 0.010590 0.961999 -2.074722
v 0.142790 1.049240 -2.080921
v 0.111990 0.961999 -2.074722
v 0.142790 0.985760 -2.080921
v 0.830490 0.985760 -2.080921
v 0.830490 1.049240 -2.080921
v 0.870390 1.054840 -2.049622
v 0.871290 0.991630 -2.043922
v 0.861290 0.961999 -2.074722
v 0.861290 0.549710 -2.030323
v 0.924690 0.961999 -2.074722
v 0.924690 0.549710 -2.030323
v 0.934090 0.991630 -2.053322
v 0.870590 0.523160 -1.990524
v 0.933990 0.459810 -1.995823
v 0.987890 0.487220 -1.107021
v 0.871189 0.459810 -1.986423
v 0.989790 0.611810 -1.110321
v 0.996490 1.047880 -1.121624
v 1.044590 0.611810 -1.078121
v 1.051189 1.047880 -1.089523
v 1.081890 1.083340 -1.075321
v 1.019190 1.083340 -1.065823
v 0.830490 -0.074430 -1.966724
v 0.861290 0.019620 -1.973221
v 0.830490 -0.010940 -1.966724
v 0.861290 0.431910 -2.017624
v 0.142790 -0.010940 -1.966724
v 0.142790 -0.074430 -1.966724
v 0.111990 -0.098180 -1.960522
v 0.010590 -0.098180 -1.960522
v 0.111990 0.019620 -1.973221
v -0.020109 -0.010940 -1.966724
v -0.020109 -0.074430 -1.966724
v -0.707809 -0.074430 -1.966724
v -0.707809 -0.010940 -1.966724
v 0.010590 0.019620 -1.973221
v -0.738609 0.019620 -1.973221
v -0.747810 -0.072370 -1.933224
v -0.738609 -0.098180 -1.960522
v -0.802111 -0.098180 -1.960522
v -0.810610 -0.072370 -1.942421
v -0.747511 -0.008920 -1.935322
v -0.856710 -0.073450 -1.092422
v -0.858610 0.051140 -1.095623
v -0.878210 0.021650 -1.042221
v -0.941311 -0.041800 -1.049324
v -0.911409 -0.073450 -1.060223
v -0.904711 -0.509520 -1.048923
v -0.878510 -0.041800 -1.040123
v -0.941010 0.021650 -1.051422
v -0.913309 0.051140 -1.063522
v -1.073709 -0.042420 -0.204624
v -1.077110 0.075830 -0.199123
v -1.072010 -0.011230 -0.156223
v -1.090910 0.548820 -0.176823
v -1.071711 0.052220 -0.158321
v -1.036810 0.548820 -0.143524
v -1.023109 0.075830 -0.165821
v -1.008909 0.052220 -0.149124
v -1.089911 0.582100 -0.124622
v -1.009211 -0.011230 -0.147022
v -1.019711 -0.042420 -0.171322
v -1.200510 -0.016950 0.692577
v -1.140909 -0.016950 0.714378
v -1.139910 0.019350 0.746178
v -1.202709 0.019350 0.736977
v -1.205709 0.107420 0.706676
v -1.142811 0.095100 0.736279
v -1.196810 -0.604520 1.492977
v -1.114010 -0.541040 0.675877
v -1.114010 -0.604520 0.675877
v -1.074610 -0.604520 0.642376
v -0.019609 -0.604520 1.492977
v -1.196810 -0.541040 1.492977
v -0.019609 -0.541040 1.492977
v -1.240610 -0.519120 1.510578
v 0.010590 -0.518880 1.502777
v 0.111990 -0.518880 1.502777
v 0.010590 0.014890 1.595078
v 0.142191 -0.604520 1.492977
v 0.111990 0.014890 1.595078
v 0.142191 -0.541040 1.492977
v 1.319490 -0.541040 1.492977
v 0.111990 -0.541040 0.671379
v 0.010590 -0.541040 0.671379
v 0.111990 -0.604520 0.671379
v 0.010590 -0.604520 0.671379
v -0.019711 -0.604520 0.642376
v 0.142290 -0.604520 0.642376
v -0.019711 -0.541040 0.642376
v 0.142290 -0.541040 0.642376
v -1.074610 -0.541040 0.642376
v 1.197290 -0.604520 0.642376
v 1.197290 -0.541040 0.642376
v 1.236589 -0.541040 0.675877
v 1.236589 -0.604520 0.675877
v 0.111990 -0.541040 -0.179321
v 0.010590 -0.541040 -0.179321
v 0.111990 -0.604520 -0.179321
v 0.010590 -0.604520 -0.179321
v 0.142490 -0.604520 -0.208321
v 0.142490 -0.541040 -0.208321
v -0.019810 -0.604520 -0.208321
v -0.019810 -0.541040 -0.208321
v 1.074989 -0.604520 -0.208321
v -0.952410 -0.604520 -0.208321
v -0.952410 -0.541040 -0.208321
v -0.990009 -0.601370 -0.173523
v 1.074989 -0.541040 -0.208321
v 1.212589 0.582100 -0.124622
v 1.216890 0.667070 -0.171223
v 1.354090 0.729220 0.776977
v 1.155991 0.656260 -0.128624
v 1.149790 0.582100 -0.115223
v 1.164591 0.726190 -0.135124
v 1.230690 1.140050 -0.148922
v 1.176689 1.140050 -0.115624
v 1.229790 1.175060 -0.097221
v 1.167089 1.175060 -0.087723
v 1.377689 1.266770 0.880878
v 1.374689 1.226670 0.833176
v 1.315090 1.226670 0.855076
v 1.314890 1.266770 0.890377
v 1.291491 0.717910 0.807579
v 1.289089 0.643240 0.820377
v 1.351789 0.643240 0.810978
v 1.425791 0.667030 1.715679
v 1.492689 0.785640 1.717777
v 1.458389 0.133260 1.604977
v 1.431990 0.785640 1.736279
v 1.387890 0.700240 1.718578
v 1.387890 0.763720 1.718578
v 1.520889 1.319410 1.810078
v 1.516291 1.435180 1.840679
v 1.516291 1.759530 1.893577
v 1.452789 1.759530 1.893577
v 1.506990 2.030850 2.259578
v 1.506990 1.975290 2.290279
v 0.111990 -0.541040 -1.029922
v 0.010590 -0.541040 -1.029922
v 0.111990 -0.604520 -1.029922
v 0.010590 -0.604520 -1.029922
v 0.142590 -0.604520 -1.058922
v 0.142590 -0.541040 -1.058922
v 1.112690 -0.601370 -0.173523
v 0.992390 -0.541040 -1.025421
v 1.128590 -0.515410 -0.193623
v 0.992390 -0.604520 -1.025421
v 1.114491 -0.541040 -0.174721
v 1.142290 -0.042420 -0.171322
v 1.177389 -0.541040 -0.183823
v 1.182590 -0.515410 -0.226921
v 1.196291 -0.042420 -0.204624
v 1.131889 -0.011230 -0.147022
v 1.194691 -0.011230 -0.156223
v 1.199791 0.075830 -0.199123
v 1.131491 0.052220 -0.149124
v 1.194389 0.052220 -0.158321
v 1.145691 0.075830 -0.165821
v 1.323191 -0.016950 0.692577
v 1.159491 0.548820 -0.143524
v 1.328291 0.107420 0.706676
v 1.302490 -0.514390 0.636276
v 1.263590 -0.016950 0.714378
v 1.262590 0.019350 0.746178
v 1.242889 -0.514390 0.658176
v 1.325390 0.019350 0.736977
v 1.299490 -0.541040 0.666878
v 1.175690 -0.601370 -0.180622
v 1.423990 -0.519120 1.492077
v 1.319490 -0.604520 1.492977
v 1.363291 -0.519120 1.510578
v 1.349091 -0.626020 1.505577
v 1.391390 0.014650 1.602879
v 1.412590 -0.626020 1.506378
v 1.409790 -1.530925 1.713478
v 1.346291 -1.530925 1.712677
v 1.314989 -1.566594 1.727677
v 1.314989 -1.630077 1.727677
v 1.241489 -1.530545 0.654476
v 1.178190 -1.530545 0.659577
v 0.867189 -1.566593 -1.536423
v 0.867189 -1.630076 -1.536423
v 0.825790 -1.566593 -1.528721
v 0.825790 -1.630076 -1.528721
v -0.703211 -1.566593 -1.528721
v -0.703211 -1.630076 -1.528721
v -0.744511 -1.630076 -1.536423
v -0.744511 -1.566593 -1.536423
v -0.896509 1.083340 -1.065823
v -0.959311 1.083340 -1.075321
v -0.873810 1.047880 -1.121624
v -0.928610 1.047880 -1.089523
v -0.921909 0.611810 -1.078121
v -0.747810 1.054840 -2.049622
v -0.867210 0.611810 -1.110321
v -0.811411 0.991630 -2.053322
v -0.748610 0.991630 -2.043922
v -0.802111 0.961999 -2.074722
v -1.301411 -0.519120 1.492077
v -1.268810 0.014650 1.602879
v -1.232410 0.047860 1.605778
v -1.275009 0.133260 1.623379
v -1.232410 0.111340 1.605778
v -0.018311 0.047860 1.605778
v -0.018311 0.111340 1.605778
v 0.140989 0.047860 1.605778
v 0.140989 0.111340 1.605778
v 1.355089 0.111340 1.605778
v 1.355089 0.047860 1.605778
v 1.397690 0.133260 1.623379
v 1.265490 0.095100 0.736279
v 1.289289 0.604860 0.784679
v 1.348890 0.604860 0.762878
v -0.865210 0.487220 -1.107021
v -0.887211 0.584300 -1.054924
v -0.920010 0.487220 -1.074921
v -0.950609 0.520950 -1.060223
v -0.887810 0.520950 -1.050823
v -0.950010 0.584300 -1.064224
v -1.094311 0.667070 -0.171223
v -1.033409 0.656260 -0.128624
v -1.027109 0.582100 -0.115223
v -1.053110 -0.601370 -0.180622
v -1.059910 -0.515410 -0.226921
v -1.118811 -1.530545 0.654476
v -1.055510 -1.530545 0.659577
v -1.192310 -1.630077 1.727677
v -1.223709 -1.530925 1.712677
v -1.192310 -1.566594 1.727677
v -1.287109 -1.530925 1.713478
v -1.226410 -0.626020 1.505577
v -1.289909 -0.626020 1.506378
v -1.176809 -0.541040 0.666878
v -1.120310 -0.514390 0.658176
v -1.179911 -0.514390 0.636276
v -1.054710 -0.541040 -0.183823
v -0.991909 -0.541040 -0.174721
v -1.005911 -0.515410 -0.193623
v -0.869810 -0.541040 -1.025421
v -0.932610 -0.541040 -1.034424
v -0.869810 -0.604520 -1.025421
v -0.830111 -0.604520 -1.058922
v -0.830111 -0.541040 -1.058922
v -0.850010 -0.509520 -1.081024
v -0.020010 -0.604520 -1.058922
v -0.020010 -0.541040 -1.058922
v -0.747610 -0.541040 -1.876022
v -0.747610 -0.604520 -1.876022
v -0.707809 -0.604520 -1.909622
v -0.802111 -0.510480 -1.916122
v -0.738609 -0.510480 -1.916122
v -0.707809 -0.541040 -1.909622
v -0.020109 -0.541040 -1.909622
v -0.020109 -0.604520 -1.909622
v 0.010590 -0.510480 -1.916122
v 0.010590 -0.541040 -1.880524
v 0.142790 -0.604520 -1.909622
v 0.111990 -0.510480 -1.916122
v 0.142790 -0.541040 -1.909622
v 0.830490 -0.604520 -1.909622
v 0.111990 -0.541040 -1.880524
v 0.830490 -0.541040 -1.909622
v 0.870291 -0.541040 -1.876022
v 0.861290 -0.510480 -1.916122
v 0.870291 -0.604520 -1.876022
v 0.861290 -0.098180 -1.960522
v 0.924690 -0.510480 -1.916122
v 0.924690 -0.098180 -1.960522
v 0.952789 -0.604520 -1.058922
v 1.055189 -0.541040 -1.034424
v 1.027390 -0.509520 -1.048923
v 0.972589 -0.509520 -1.081024
v 0.952789 -0.541040 -1.058922
v 0.979290 -0.073450 -1.092422
v 0.111990 -0.604520 -1.880524
v 0.010590 -0.604520 -1.880524
v 1.034090 -0.073450 -1.060223
v 1.063990 -0.041800 -1.049324
v 1.001190 -0.041800 -1.040123
v 1.000790 0.021650 -1.042221
v 1.063690 0.021650 -1.051422
v 1.035990 0.051140 -1.063522
v 1.213490 0.548820 -0.176823
v 1.072691 0.584300 -1.064224
v 1.010490 0.520950 -1.050823
v 1.009890 0.584300 -1.054924
v 1.073290 0.520950 -1.060223
v 1.042589 0.487220 -1.074921
v 0.981190 0.051140 -1.095623
v 0.870190 -0.008920 -1.935322
v 0.870489 -0.072370 -1.933224
v 0.933290 -0.072370 -1.942421
v 0.924690 0.019620 -1.973221
v 0.924690 0.431910 -2.017624
v -1.384310 2.030850 2.259578
v -1.384310 1.975290 2.290279
v -0.802111 0.431910 -2.017624
v -0.802111 0.019620 -1.973221
v -0.802111 0.012810 -2.036324
v -0.802111 0.425110 -2.080723
v -0.811310 0.459810 -1.995823
v -0.802111 0.542910 -2.093422
v -0.810711 0.523160 -1.999821
v -0.802111 0.549710 -2.030323
v 0.010590 0.542910 -2.093422
v 0.010590 0.549710 -2.030323
v 0.010590 0.425110 -2.080723
v 0.010590 0.431910 -2.017624
v -1.393610 1.759530 1.893577
v -1.393610 1.435180 1.840679
v -1.393610 1.446000 1.778076
v -1.383610 1.410240 1.730877
v -1.398211 1.319410 1.810078
v -1.382210 1.338860 1.743477
v -1.351910 0.796940 1.657978
v -0.018709 1.352620 1.831379
v 1.423491 1.416110 1.831379
v -0.018709 1.352620 1.767979
v 0.010590 1.319650 1.820679
v 0.010590 1.330470 1.758179
v 1.423491 1.416110 1.767979
v 1.452789 1.435180 1.840679
v 1.460091 1.319410 1.828579
v 1.433290 1.345740 1.762676
v 0.010590 0.785880 1.728378
v 0.010590 0.796700 1.665878
v 0.010590 0.667270 1.707878
v 0.010590 0.133500 1.615578
v 0.010590 0.678080 1.645378
v -0.019911 0.763720 1.655079
v -0.019911 0.700240 1.655079
v -0.019911 0.700240 1.718578
v -0.019911 0.763720 1.718578
v -1.347811 0.687280 1.629677
v -1.317511 0.144560 1.545177
v -1.335711 0.133260 1.604977
v -1.370110 0.785640 1.717777
v -1.349310 0.759580 1.617779
v -1.255110 1.266770 0.880878
v -1.106310 1.238270 -0.103024
v -1.229210 0.643240 0.810978
v -1.228609 0.706590 0.806976
v -1.231409 0.729220 0.776977
v -1.226311 0.604860 0.762878
v -1.252110 1.226670 0.833176
v -1.210011 0.698440 0.682178
v -1.207609 0.623770 0.694977
v -1.209810 0.736820 0.717777
v -1.233509 1.244790 0.766376
v -1.227310 1.249580 0.697479
v -1.107210 1.175060 -0.097221
v -1.108009 1.140050 -0.148922
v -1.081711 1.153580 -0.211224
v -1.073009 1.084440 -0.205723
v -0.802111 0.955200 -2.137821
v 0.010590 0.955200 -2.137821
v 0.010590 0.961999 -2.074722
v 0.870390 1.054840 -2.049622
v 0.871290 0.991630 -2.043922
v 0.861290 0.955200 -2.137821
v 0.861290 0.961999 -2.074722
v 1.000690 1.071880 -1.188023
v 0.861290 0.549710 -2.030323
v 1.028589 1.045960 -1.176323
v 0.861290 0.542910 -2.093422
v 0.861290 0.425110 -2.080723
v 0.870590 0.523160 -1.990524
v 0.991890 0.512800 -1.175621
v 1.019991 0.485300 -1.161724
v 0.987890 0.487220 -1.107021
v 0.871189 0.459810 -1.986423
v 0.991289 0.576150 -1.179623
v 0.989790 0.611810 -1.110321
v 1.021891 0.609890 -1.165024
v 0.996490 1.047880 -1.121624
v 1.018290 1.146560 -1.071621
v 1.019190 1.083340 -1.065823
v 1.148590 1.163590 -0.210022
v 1.147690 1.226810 -0.215824
v -0.875210 -2.069153 -0.864124
v -0.850109 -2.126764 -1.028622
v -0.863211 -2.126764 -0.942322
v -0.838110 -2.069153 -1.106823
v -0.887810 -1.630077 -0.918724
v -0.825510 -1.630076 -1.326221
v -1.168610 -2.069153 1.057377
v -1.196110 -2.126764 1.236977
v -1.209110 -2.069153 1.322376
v -1.181709 -2.126764 1.142777
v -1.222811 -1.630077 1.275379
v -1.154909 -1.630077 0.830376
v 0.861290 -0.104980 -2.023621
v 0.861290 0.012810 -2.036324
v 0.861290 0.019620 -1.973221
v 0.861290 0.431910 -2.017624
v 0.010590 -0.098180 -1.960522
v 0.010590 -0.104980 -2.023621
v 0.010590 0.012810 -2.036324
v 0.010590 0.019620 -1.973221
v -0.802111 -0.517280 -1.979221
v -0.802111 -0.098180 -1.960522
v -0.802111 -0.104980 -2.023621
v -0.810610 -0.072370 -1.942421
v -0.923910 -0.045870 -1.168423
v -0.943510 -0.075370 -1.114922
v -0.923611 0.017570 -1.170521
v -0.810310 -0.008920 -1.944523
v -0.945410 0.049220 -1.118221
v -0.941311 -0.041800 -1.049324
v -0.911409 -0.073450 -1.060223
v -0.904711 -0.509520 -1.048923
v -0.941010 0.021650 -1.051422
v -0.913309 0.051140 -1.063522
v -0.952110 0.485300 -1.129623
v -1.054609 -0.015300 -0.275223
v -1.054310 0.048140 -0.277424
v -1.040409 -0.038910 -0.258621
v -1.073709 -0.042420 -0.204624
v -1.026711 -0.511900 -0.280922
v -1.077110 0.075830 -0.199123
v -1.043810 0.079340 -0.253021
v -1.072010 -0.011230 -0.156223
v -1.055910 0.493200 -0.233524
v -1.090910 0.548820 -0.176823
v -1.071711 0.052220 -0.158321
v -1.064510 0.563140 -0.240021
v -1.070709 0.637300 -0.253422
v -1.089911 0.582100 -0.124622
v -1.176609 0.013230 0.558277
v -1.185011 0.078720 0.615776
v -1.182110 0.002960 0.625576
v -1.184010 0.115010 0.647476
v -1.158211 -0.506800 0.577179
v -1.200510 -0.016950 0.692577
v -1.202709 0.019350 0.736977
v -1.205709 0.107420 0.706676
v -1.202410 0.082790 0.734779
v -1.307310 0.043800 1.451477
v -1.315710 0.109290 1.508877
v -1.281509 -0.604520 1.395977
v -1.283211 -0.507820 1.432377
v -0.019609 -0.541040 1.492977
v -0.019609 -0.541040 1.429478
v 0.010590 -0.508060 1.440178
v 0.010590 -0.518880 1.502777
v 0.010590 -0.541040 1.400478
v 0.010590 0.014890 1.595078
v 1.319490 -0.541040 1.492977
v 0.010590 0.025710 1.532478
v 1.319490 -0.541040 1.429478
v 0.010590 -0.604520 1.400478
v 0.010590 -0.541040 0.671379
v 0.010590 -0.604520 0.671379
v 1.197290 -0.541040 0.642376
v 0.010590 -0.604520 0.549877
v 1.197290 -0.604520 0.578877
v 1.236589 -0.541040 0.675877
v 1.236589 -0.604520 0.675877
v 1.341290 -0.604520 1.404976
v 1.197290 -0.541040 0.578877
v 1.221291 -0.506800 0.598976
v 1.219191 -0.541040 0.554379
v 1.219191 -0.604520 0.554379
v 0.010590 -0.541040 0.549877
v 0.010590 -0.541040 -0.179321
v 0.010590 -0.604520 -0.179321
v 1.074989 -0.604520 -0.208321
v 1.074989 -0.541040 -0.208321
v 1.269890 0.698440 0.691578
v 1.272791 0.736820 0.739578
v 1.155991 0.656260 -0.128624
v 1.158489 0.649520 -0.056923
v 1.149790 0.582100 -0.115223
v 1.129591 0.670570 -0.191822
v 1.164591 0.726190 -0.135124
v 1.143391 1.143560 -0.169624
v 1.176689 1.140050 -0.115624
v 1.167089 1.175060 -0.087723
v 1.296490 1.255310 0.768078
v 1.295589 1.318520 0.762276
v 1.293390 1.234260 0.795879
v 1.315090 1.226670 0.855076
v 1.314890 1.266770 0.890377
v 1.291491 0.717910 0.807579
v 1.289089 0.643240 0.820377
v 1.297689 0.710670 0.878677
v 1.400490 0.692160 1.568779
v 1.409189 0.759580 1.627178
v 1.398291 0.693760 1.649376
v 1.404390 0.619020 1.645676
v 1.425791 0.667030 1.715679
v 1.387890 0.763720 1.655079
v 1.431990 0.785640 1.736279
v 1.413790 0.796940 1.676479
v 1.387890 0.763720 1.718578
v 1.438789 1.271400 1.758476
v 1.435089 1.341290 1.685078
v 1.443491 1.410240 1.740379
v 1.452789 1.446000 1.778076
v 1.452789 1.796340 1.841877
v 1.452789 1.989380 2.184578
v 1.452789 1.759530 1.893577
v 1.452789 1.933820 2.215278
v 1.462090 2.009130 2.220276
v 1.462090 1.953570 2.250976
v 0.010590 -0.604520 -0.300823
v 0.010590 -0.541040 -0.300823
v 0.010590 -0.541040 -1.029922
v 0.010590 -0.604520 -1.029922
v 1.074989 -0.541040 -0.271824
v 1.074989 -0.604520 -0.271824
v 1.106991 -0.640570 -0.219421
v 1.097090 -0.604520 -0.296322
v 1.095289 -0.511900 -0.247524
v 1.112690 -0.601370 -0.173523
v 1.097090 -0.541040 -0.296322
v 0.992390 -0.541040 -1.025421
v 1.128590 -0.515410 -0.193623
v 0.992390 -0.604520 -1.025421
v 1.114491 -0.541040 -0.174721
v 1.142290 -0.042420 -0.171322
v 1.108990 -0.038910 -0.225323
v 1.131889 -0.011230 -0.147022
v 1.114389 -0.015300 -0.266121
v 1.131491 0.052220 -0.149124
v 1.245090 0.015270 0.627079
v 1.145691 0.075830 -0.165821
v 1.244789 0.078720 0.624878
v 1.241890 -0.009350 0.655277
v 1.112490 0.079340 -0.219723
v 1.159491 0.548820 -0.143524
v 1.114090 0.048140 -0.268223
v 1.246990 0.115010 0.669277
v 1.263590 -0.016950 0.714378
v 1.262590 0.019350 0.746178
v 1.242889 -0.514390 0.658176
v 1.341290 -0.541040 1.404976
v 1.345091 -0.507820 1.450878
v 1.319490 -0.604520 1.429478
v 1.349890 -0.640190 1.443676
v 1.319490 -0.604520 1.492977
v 1.363291 -0.519120 1.510578
v 1.349091 -0.626020 1.505577
v 1.370090 -0.033360 1.532879
v 1.391390 0.014650 1.602879
v 1.346291 -1.530925 1.712677
v 1.342091 -1.555843 1.645878
v 1.314989 -1.566594 1.727677
v 1.314989 -1.566594 1.664177
v 1.327290 -1.566594 1.580979
v 1.337090 -1.630077 1.641079
v 1.189791 -1.566594 0.740276
v 1.178190 -1.530545 0.659577
v 1.172590 -1.569743 0.614979
v 0.865490 -1.630076 -1.493824
v 0.865490 -1.566593 -1.493824
v 0.867189 -1.566593 -1.536423
v 0.867189 -1.630076 -1.536423
v -0.786110 -1.630076 -1.584423
v -1.079411 1.157860 -0.280624
v -0.939911 1.135090 -1.203323
v -0.959311 1.083340 -1.075321
v -0.928610 1.047880 -1.089523
v -0.960711 1.045960 -1.144222
v -0.921909 0.611810 -1.078121
v -0.940809 1.071880 -1.197521
v -0.810511 1.054840 -2.059124
v -0.954010 0.609890 -1.132824
v -0.811411 0.991630 -2.053322
v -0.802111 0.961999 -2.074722
v -1.313610 0.035890 1.517776
v -1.301411 -0.519120 1.492077
v -0.018311 0.047860 1.542278
v -0.018311 0.047860 1.605778
v -0.018311 0.111340 1.605778
v -0.018311 0.111340 1.542278
v 0.010590 0.144320 1.553078
v 1.355089 0.111340 1.605778
v 1.364790 0.041880 1.536976
v 1.365290 0.110320 1.530178
v 1.397690 0.133260 1.623379
v 1.367090 0.043800 1.460579
v 1.379490 0.144560 1.563679
v 1.366791 0.107250 1.458477
v 1.270990 0.084830 0.803577
v 1.265490 0.095100 0.736279
v 1.289289 0.604860 0.784679
v 1.267590 0.612460 0.725578
v 1.270491 0.635090 0.695576
v -0.931410 0.576150 -1.189022
v -0.932011 0.512800 -1.184921
v -0.920010 0.487220 -1.074921
v -0.950609 0.520950 -1.060223
v -0.950010 0.584300 -1.064224
v -1.062010 0.569870 -0.311722
v -1.061010 0.670570 -0.225224
v -1.094311 0.667070 -0.171223
v -1.089310 0.645450 -0.128624
v -1.201309 0.631010 0.623878
v -0.786110 -1.566593 -1.584423
v -1.113010 -1.569743 0.607876
v -1.277109 -1.630077 1.630779
v -1.047710 -0.640570 -0.224522
v -1.053110 -0.601370 -0.180622
v -1.037310 -0.604520 -0.305321
v -1.059910 -0.515410 -0.226921
v -1.118811 -1.530545 0.654476
v -1.129810 -1.566594 0.729977
v -1.277109 -1.566594 1.630779
v -1.288010 -1.545092 1.651676
v -1.192310 -1.630077 1.727677
v 1.314989 -1.630077 1.664177
v -1.287109 -1.530925 1.713478
v -1.290810 -0.640190 1.444576
v -1.289909 -0.626020 1.506378
v -1.281509 -0.541040 1.395977
v -1.176809 -0.541040 0.666878
v -1.176809 -0.604520 0.666878
v -1.179911 -0.514390 0.636276
v -1.159410 -0.541040 0.545376
v -1.063410 -0.604520 -0.123024
v -1.054710 -0.541040 -0.183823
v -1.037310 -0.541040 -0.305321
v -0.932610 -0.541040 -1.034424
v -0.915211 -0.604520 -1.155922
v -0.936810 -0.511440 -1.103622
v -0.915211 -0.541040 -1.155922
v -0.810511 -0.541040 -1.885021
v -0.810511 -0.604520 -1.885021
v -0.802111 -0.510480 -1.916122
v 0.010590 -0.510480 -1.916122
v 0.010590 -0.517280 -1.979221
v 0.010590 -0.541040 -1.880524
v 0.870291 -0.541040 -1.876022
v 0.861290 -0.510480 -1.916122
v 0.861290 -0.517280 -1.979221
v 0.870291 -0.604520 -1.876022
v 0.861290 -0.098180 -1.960522
v 0.974991 -0.604520 -1.146923
v 0.974991 -0.541040 -1.146923
v 1.004789 -0.511440 -1.135723
v 0.952789 -0.604520 -1.122421
v 0.972589 -0.509520 -1.081024
v 0.952789 -0.541040 -1.058922
v 0.952789 -0.541040 -1.122421
v 1.011391 -0.075370 -1.147121
v 0.979290 -0.073450 -1.092422
v 0.010590 -0.604520 -1.151421
v 0.010590 -0.541040 -1.151421
v 0.010590 -0.604520 -1.880524
v 1.001190 -0.041800 -1.040123
v 1.000790 0.021650 -1.042221
v 1.126190 0.552330 -0.197422
v 1.131189 0.573940 -0.240021
v 1.130590 0.637300 -0.244022
v 1.010490 0.520950 -1.050823
v 1.009890 0.584300 -1.054924
v 0.981190 0.051140 -1.095623
v 0.983391 0.017570 -1.161324
v 1.013290 0.049220 -1.150322
v 0.983690 -0.045870 -1.159222
v 0.870190 -0.008920 -1.935322
v 0.870489 -0.072370 -1.933224
v -1.384310 2.030850 2.259578
v -1.384310 1.975290 2.290279
v -1.393610 1.796340 1.841877
v 0.952391 -2.067860 -0.857223
v 0.927290 -2.125471 -1.021721
v 0.940491 -2.125471 -0.935421
v 0.915291 -2.067860 -1.099823
v 0.964991 -1.628783 -0.911823
v 0.902790 -1.628783 -1.319221
v 1.286289 -2.067843 1.329277
v 1.258890 -2.125454 1.149677
v 1.273291 -2.125454 1.243878
v 1.245790 -2.067843 1.064278
v 1.300091 -1.628767 1.282276
v 1.232090 -1.628767 0.837277
v -0.748510 0.459810 -1.986423
v -0.738609 0.431910 -2.017624
v -0.707809 0.455669 -2.023823
v -0.802111 0.431910 -2.017624
v -0.811310 0.459810 -1.995823
v -0.738609 0.425110 -2.080723
v -0.738609 0.955200 -2.137821
v -0.707809 0.455669 -2.087322
v -0.020109 0.455669 -2.087322
v -0.020109 0.455669 -2.023823
v 0.010590 0.425110 -2.080723
v 0.010590 0.431910 -2.017624
v 0.111990 0.425110 -2.080723
v 0.111990 0.431910 -2.017624
v 0.142790 0.455669 -2.087322
v 0.142790 0.455669 -2.023823
v 0.830490 0.455669 -2.087322
v 0.830490 0.455669 -2.023823
v -1.123211 -2.067843 1.064278
v -1.168610 -2.069153 1.057377
v -1.136209 -2.125454 1.149677
v -1.181709 -2.126764 1.142777
v -1.150610 -2.125454 1.243878
v -1.196110 -2.126764 1.236977
v -1.163710 -2.067843 1.329277
v -1.209110 -2.069153 1.322376
v 1.291290 -2.069153 1.057377
v 1.258890 -2.125454 1.149677
v 1.245790 -2.067843 1.064278
v 1.304291 -2.126764 1.142777
v 1.273291 -2.125454 1.243878
v 1.318689 -2.126764 1.236977
v 1.286289 -2.067843 1.329277
v 1.331690 -2.069153 1.322376
v 0.972691 -2.126764 -1.028622
v 0.940491 -2.125471 -0.935421
v 0.927290 -2.125471 -1.021721
v 0.985889 -2.126764 -0.942322
v 0.960791 -2.069153 -1.106823
v 0.952391 -2.067860 -0.857223
v 0.915291 -2.067860 -1.099823
v 0.997789 -2.069153 -0.864124
v -0.829710 -2.067860 -0.857223
v -0.863211 -2.126764 -0.942322
v -0.817810 -2.125471 -0.935421
v -0.875210 -2.069153 -0.864124
v -0.850109 -2.126764 -1.028622
v -0.804609 -2.125471 -1.021721
v -0.838110 -2.069153 -1.106823
v -0.792709 -2.067860 -1.099823
v -1.330111 1.759530 1.893577
v -1.393610 1.759530 1.893577
v -1.337509 1.319410 1.828579
v -1.382210 1.338860 1.743477
v -1.300810 1.352620 1.831379
v -0.018709 1.352620 1.831379
v -0.018709 1.352620 1.767979
v -1.310610 1.345740 1.762676
v 0.010590 1.319650 1.820679
v 0.010590 1.330470 1.758179
v 0.111990 1.330470 1.758179
v 0.141291 1.352620 1.831379
v 0.141291 1.352620 1.767979
v 1.423491 1.352620 1.831379
v 1.460091 1.319410 1.828579
v 1.433290 1.345740 1.762676
v 0.111990 1.319650 1.820679
v 0.142490 0.700240 1.718578
v 0.111990 0.678080 1.645378
v 0.142490 0.700240 1.655079
v 0.111990 0.667270 1.707878
v 0.010590 0.667270 1.707878
v 0.010590 0.678080 1.645378
v -0.019911 0.700240 1.655079
v -0.019911 0.700240 1.718578
v -1.265209 0.700240 1.718578
v -1.275610 0.693760 1.649376
v -1.303110 0.667030 1.715679
v -1.347811 0.687280 1.629677
v -1.277809 0.692160 1.568779
v -1.312410 1.341290 1.685078
v -1.255110 1.266770 0.880878
v -1.192310 1.266770 0.890377
v -1.192410 1.226670 0.855076
v -1.170811 1.234260 0.795879
v -1.229210 0.643240 0.810978
v -1.166410 0.643240 0.820377
v -1.166710 0.604860 0.784679
v -1.226311 0.604860 0.762878
v -1.145010 0.612460 0.725578
v -1.252110 1.226670 0.833176
v -1.207609 0.623770 0.694977
v -1.233509 1.244790 0.766376
v -1.147810 0.635090 0.695576
v -1.173809 1.255310 0.768078
v -1.227310 1.249580 0.697479
v -1.044411 1.175060 -0.087723
v -1.107210 1.175060 -0.097221
v -1.020710 1.143560 -0.169624
v -1.054010 1.140050 -0.115624
v -1.108009 1.140050 -0.148922
v -1.025909 1.163590 -0.210022
v -1.081711 1.153580 -0.211224
v -0.707809 0.985760 -2.080921
v -0.738609 0.961999 -2.074722
v -0.020109 0.985760 -2.080921
v -0.707809 0.985760 -2.144421
v -0.020109 0.985760 -2.144421
v 0.010590 0.955200 -2.137821
v 0.010590 0.961999 -2.074722
v 0.142790 0.985760 -2.144421
v 0.111990 0.955200 -2.137821
v 0.111990 0.961999 -2.074722
v 0.142790 0.985760 -2.080921
v 0.830490 0.985760 -2.080921
v 0.830490 0.985760 -2.144421
v 0.871290 0.991630 -2.043922
v 0.861290 0.955200 -2.137821
v 0.861290 0.961999 -2.074722
v 1.000690 1.071880 -1.188023
v 0.924690 0.961999 -2.074722
v 0.934090 0.991630 -2.053322
v 1.063490 1.071880 -1.197521
v 1.028589 1.045960 -1.176323
v 1.083389 1.045960 -1.144222
v 0.861290 0.425110 -2.080723
v 0.933990 0.459810 -1.995823
v 1.054689 0.512800 -1.184921
v 0.991890 0.512800 -1.175621
v 1.019991 0.485300 -1.161724
v 0.987890 0.487220 -1.107021
v 0.871189 0.459810 -1.986423
v 0.996490 1.047880 -1.121624
v 1.051189 1.047880 -1.089523
v 1.081890 1.083340 -1.075321
v 1.019190 1.083340 -1.065823
v 1.148590 1.163590 -0.210022
v 1.202089 1.157860 -0.280624
v 0.861290 -0.104980 -2.023621
v 0.830490 -0.074430 -2.030121
v 0.830490 -0.074430 -1.966724
v 0.861290 0.431910 -2.017624
v 0.142790 -0.074430 -1.966724
v 0.142790 -0.074430 -2.030121
v 0.111990 -0.104980 -2.023621
v 0.111990 -0.098180 -1.960522
v 0.010590 -0.098180 -1.960522
v 0.010590 -0.104980 -2.023621
v -0.020109 -0.074430 -1.966724
v -0.020109 -0.074430 -2.030121
v -0.707809 -0.074430 -1.966724
v -0.707809 -0.074430 -2.030121
v -0.738609 -0.104980 -2.023621
v -0.747810 -0.072370 -1.933224
v -0.738609 -0.098180 -1.960522
v -0.738609 -0.517280 -1.979221
v -0.802111 -0.517280 -1.979221
v -0.802111 -0.098180 -1.960522
v -0.810610 -0.072370 -1.942421
v -0.923910 -0.045870 -1.168423
v -0.861111 -0.045870 -1.159222
v -0.888809 -0.075370 -1.147121
v -0.856710 -0.073450 -1.092422
v -0.943510 -0.075370 -1.114922
v -0.897409 0.485300 -1.161724
v -0.941311 -0.041800 -1.049324
v -0.911409 -0.073450 -1.060223
v -0.878510 -0.041800 -1.040123
v -0.991810 -0.015300 -0.266121
v -0.952110 0.485300 -1.129623
v -1.054609 -0.015300 -0.275223
v -1.040409 -0.038910 -0.258621
v -1.073709 -0.042420 -0.204624
v -0.986410 -0.038910 -0.225323
v -1.072010 -0.011230 -0.156223
v -1.090910 0.548820 -0.176823
v -1.003611 0.552330 -0.197422
v -1.064510 0.563140 -0.240021
v -1.036810 0.548820 -0.143524
v -1.089911 0.582100 -0.124622
v -1.009211 -0.011230 -0.147022
v -1.019711 -0.042420 -0.171322
v -1.176609 0.013230 0.558277
v -1.122511 0.015270 0.627079
v -1.182110 0.002960 0.625576
v -1.119209 -0.009350 0.655277
v -1.200510 -0.016950 0.692577
v -1.140909 -0.016950 0.714378
v -1.139910 0.019350 0.746178
v -1.202709 0.019350 0.736977
v -1.307310 0.043800 1.451477
v -1.244511 0.043800 1.460579
v -1.196810 -0.604520 1.429478
v -1.227310 -0.640190 1.443676
v -1.218611 -0.604520 1.404976
v -1.196810 -0.604520 1.492977
v -1.281509 -0.604520 1.395977
v -1.074610 -0.604520 0.642376
v -0.019609 -0.604520 1.492977
v -0.019609 -0.604520 1.429478
v 0.010590 0.014890 1.595078
v 0.142191 -0.604520 1.492977
v 0.111990 0.014890 1.595078
v 0.142191 -0.604520 1.429478
v 0.111990 0.025710 1.532478
v 0.010590 0.025710 1.532478
v 0.111990 -0.604520 1.400478
v 0.010590 -0.604520 1.400478
v 0.111990 -0.604520 0.671379
v 0.010590 -0.604520 0.671379
v -0.019711 -0.604520 0.642376
v 0.142290 -0.604520 0.642376
v -0.019711 -0.604520 0.578877
v -1.074610 -0.604520 0.578877
v 0.142290 -0.604520 0.578877
v 1.197290 -0.604520 0.642376
v 0.010590 -0.604520 0.549877
v 1.197290 -0.604520 0.578877
v 1.341290 -0.604520 1.404976
v 0.111990 -0.604520 0.549877
v 0.111990 -0.604520 -0.179321
v 0.010590 -0.604520 -0.179321
v 0.142490 -0.604520 -0.208321
v -0.019810 -0.604520 -0.208321
v -0.019810 -0.604520 -0.271824
v 1.074989 -0.604520 -0.208321
v -0.952410 -0.604520 -0.271824
v -0.952410 -0.604520 -0.208321
v -0.984409 -0.640570 -0.219421
v -0.990009 -0.601370 -0.173523
v -0.974409 -0.604520 -0.296322
v 1.212589 0.582100 -0.124622
v 1.149790 0.582100 -0.115223
v 1.230690 1.140050 -0.148922
v 1.143391 1.143560 -0.169624
v 1.176689 1.140050 -0.115624
v 1.204390 1.153580 -0.211224
v 1.229790 1.175060 -0.097221
v 1.167089 1.175060 -0.087723
v 1.349991 1.249580 0.697479
v 1.296490 1.255310 0.768078
v 1.356091 1.244790 0.766376
v 1.293390 1.234260 0.795879
v 1.377689 1.266770 0.880878
v 1.374689 1.226670 0.833176
v 1.315090 1.226670 0.855076
v 1.314890 1.266770 0.890377
v 1.289089 0.643240 0.820377
v 1.351789 0.643240 0.810978
v 1.400490 0.692160 1.568779
v 1.470390 0.687280 1.629677
v 1.398291 0.693760 1.649376
v 1.425791 0.667030 1.715679
v 1.387890 0.700240 1.718578
v 1.504890 1.338860 1.743477
v 1.516291 1.759530 1.893577
v 1.435089 1.341290 1.685078
v 1.452789 1.759530 1.893577
v 1.452789 1.933820 2.215278
v 1.506990 1.975290 2.290279
v 1.462090 1.953570 2.250976
v 0.010590 -0.604520 -0.300823
v 0.111990 -0.604520 -0.300823
v 0.111990 -0.604520 -1.029922
v 0.010590 -0.604520 -1.029922
v 0.142590 -0.604520 -1.058922
v 0.142490 -0.604520 -0.271824
v 1.074989 -0.604520 -0.271824
v 1.106991 -0.640570 -0.219421
v 1.097090 -0.604520 -0.296322
v 1.112690 -0.601370 -0.173523
v 1.159889 -0.604520 -0.305321
v 0.992390 -0.604520 -1.025421
v 1.142290 -0.042420 -0.171322
v 1.108990 -0.038910 -0.225323
v 1.196291 -0.042420 -0.204624
v 1.131889 -0.011230 -0.147022
v 1.194691 -0.011230 -0.156223
v 1.163090 -0.038910 -0.258621
v 1.177191 -0.015300 -0.275223
v 1.114389 -0.015300 -0.266121
v 1.299191 0.013230 0.558277
v 1.245090 0.015270 0.627079
v 1.304689 0.002960 0.625576
v 1.241890 -0.009350 0.655277
v 1.323191 -0.016950 0.692577
v 1.159491 0.548820 -0.143524
v 1.263590 -0.016950 0.714378
v 1.262590 0.019350 0.746178
v 1.325390 0.019350 0.736977
v 1.404091 -0.604520 1.395977
v 1.319490 -0.604520 1.429478
v 1.349890 -0.640190 1.443676
v 1.319490 -0.604520 1.492977
v 1.349091 -0.626020 1.505577
v 1.436291 0.035890 1.517776
v 1.391390 0.014650 1.602879
v 1.413389 -0.640190 1.444576
v 1.314989 -1.630077 1.727677
v 1.399790 -1.630077 1.630779
v 1.337090 -1.630077 1.641079
v 0.865490 -1.630076 -1.493824
v 1.170290 -0.640570 -0.224522
v 0.908689 -1.630076 -1.584423
v 0.867189 -1.630076 -1.536423
v 0.825790 -1.630076 -1.592121
v 0.825790 -1.630076 -1.528721
v -0.703211 -1.630076 -1.592121
v -0.703211 -1.630076 -1.528721
v -0.744511 -1.630076 -1.536423
v -0.786110 -1.630076 -1.584423
v -0.742910 -1.630076 -1.493824
v -1.079411 1.157860 -0.280624
v -0.896509 1.083340 -1.065823
v -0.959311 1.083340 -1.075321
v -0.873810 1.047880 -1.121624
v -0.928610 1.047880 -1.089523
v -0.960711 1.045960 -1.144222
v -0.878010 1.071880 -1.188023
v -0.940809 1.071880 -1.197521
v -0.906010 1.045960 -1.176323
v -0.811411 0.991630 -2.053322
v -0.748610 0.991630 -2.043922
v -0.802111 0.961999 -2.074722
v -1.313610 0.035890 1.517776
v -1.242210 0.041880 1.536976
v -1.268810 0.014650 1.602879
v -1.232410 0.047860 1.605778
v -0.018311 0.047860 1.542278
v -0.018311 0.047860 1.605778
v 0.140989 0.047860 1.605778
v 0.140989 0.047860 1.542278
v 1.355089 0.047860 1.605778
v 1.364790 0.041880 1.536976
v 1.367090 0.043800 1.460579
v 1.429890 0.043800 1.451477
v 1.289289 0.604860 0.784679
v 1.348890 0.604860 0.762878
v 1.267590 0.612460 0.725578
v 1.330290 0.623770 0.694977
v 1.270491 0.635090 0.695576
v 1.323990 0.631010 0.623878
v -0.932011 0.512800 -1.184921
v -0.869310 0.512800 -1.175621
v -0.865210 0.487220 -1.107021
v -0.920010 0.487220 -1.074921
v -0.950609 0.520950 -1.060223
v -0.887810 0.520950 -1.050823
v -1.062010 0.569870 -0.311722
v -1.008511 0.573940 -0.240021
v -1.027109 0.582100 -0.115223
v -1.201309 0.631010 0.623878
v -1.277109 -1.630077 1.630779
v -1.214510 -1.630077 1.641079
v -1.047710 -0.640570 -0.224522
v -1.037310 -0.604520 -0.305321
v -1.192310 -1.630077 1.727677
v -1.192310 -1.630077 1.664177
v 1.314989 -1.630077 1.664177
v -1.226410 -0.626020 1.505577
v -1.290810 -0.640190 1.444576
v -0.869810 -0.604520 -1.025421
v -0.915211 -0.604520 -1.155922
v -0.852310 -0.604520 -1.146923
v -0.830111 -0.604520 -1.058922
v -0.020010 -0.604520 -1.058922
v -0.830111 -0.604520 -1.122421
v -0.020010 -0.604520 -1.122421
v -0.747610 -0.604520 -1.876022
v -0.810511 -0.604520 -1.885021
v -0.707809 -0.604520 -1.973022
v -0.707809 -0.604520 -1.909622
v -0.020109 -0.604520 -1.973022
v -0.020109 -0.604520 -1.909622
v 0.142790 -0.604520 -1.973022
v 0.142790 -0.604520 -1.909622
v 0.830490 -0.604520 -1.973022
v 0.830490 -0.604520 -1.909622
v 0.861290 -0.517280 -1.979221
v 0.870291 -0.604520 -1.876022
v 0.933090 -0.604520 -1.885021
v 0.861290 -0.098180 -1.960522
v 0.924690 -0.517280 -1.979221
v 0.924690 -0.098180 -1.960522
v 1.037790 -0.604520 -1.155922
v 0.974991 -0.604520 -1.146923
v 0.952789 -0.604520 -1.122421
v 0.952789 -0.604520 -1.058922
v 1.066191 -0.075370 -1.114922
v 0.142590 -0.604520 -1.122421
v 0.111990 -0.604520 -1.151421
v 1.011391 -0.075370 -1.147121
v 0.979290 -0.073450 -1.092422
v 0.010590 -0.604520 -1.151421
v 0.111990 -0.604520 -1.880524
v 0.010590 -0.604520 -1.880524
v 1.034090 -0.073450 -1.060223
v 1.063990 -0.041800 -1.049324
v 1.001190 -0.041800 -1.040123
v 1.213490 0.548820 -0.176823
v 1.126190 0.552330 -0.197422
v 1.187090 0.563140 -0.240021
v 1.131189 0.573940 -0.240021
v 1.184690 0.569870 -0.311722
v 1.010490 0.520950 -1.050823
v 1.073290 0.520950 -1.060223
v 1.042589 0.487220 -1.074921
v 1.074791 0.485300 -1.129623
v 0.983690 -0.045870 -1.159222
v 1.046490 -0.045870 -1.168423
v 0.870489 -0.072370 -1.933224
v 0.933290 -0.072370 -1.942421
v 0.924690 0.431910 -2.017624
v 1.422091 1.949080 2.242878
v -1.384310 1.975290 2.290279
v -1.299509 1.949080 2.242878
v -1.339411 1.953570 2.250976
v -1.330111 1.933820 2.215278
v -0.802111 0.012810 -2.036324
v -0.802111 0.425110 -2.080723
v -0.738609 0.425110 -2.080723
v -0.738609 0.012810 -2.036324
v -0.802111 0.542910 -2.093422
v -0.738609 0.542910 -2.093422
v -0.738609 0.955200 -2.137821
v -0.707809 0.455669 -2.087322
v -0.707809 0.519150 -2.087322
v -0.020109 0.519150 -2.087322
v -0.020109 0.455669 -2.087322
v 0.010590 0.542910 -2.093422
v 0.010590 0.425110 -2.080723
v 0.111990 0.542910 -2.093422
v 0.111990 0.425110 -2.080723
v 0.142790 0.519150 -2.087322
v 0.142790 0.455669 -2.087322
v 0.830490 0.455669 -2.087322
v 0.830490 0.519150 -2.087322
v -1.123211 -2.067843 1.064278
v -1.154909 -1.630077 0.830376
v -1.109409 -1.628767 0.837277
v -1.168610 -2.069153 1.057377
v 1.291290 -2.069153 1.057377
v 1.245790 -2.067843 1.064278
v 1.277491 -1.630077 0.830376
v 1.232090 -1.628767 0.837277
v 0.960791 -2.069153 -1.106823
v 0.915291 -2.067860 -1.099823
v 0.948191 -1.630076 -1.326221
v 0.902790 -1.628783 -1.319221
v -0.838110 -2.069153 -1.106823
v -0.792709 -2.067860 -1.099823
v -0.825510 -1.630076 -1.326221
v -0.780109 -1.628783 -1.319221
v -1.330111 1.446000 1.778076
v -1.393610 1.446000 1.778076
v -1.382210 1.338860 1.743477
v -1.351910 0.796940 1.657978
v -1.300810 1.416110 1.767979
v -0.018709 1.416110 1.767979
v -0.018709 1.352620 1.767979
v -1.310610 1.345740 1.762676
v 0.010590 1.330470 1.758179
v 0.111990 1.330470 1.758179
v 0.141291 1.416110 1.767979
v 1.423491 1.416110 1.767979
v 0.141291 1.352620 1.767979
v 1.433290 1.345740 1.762676
v 0.010590 0.796700 1.665878
v 0.111990 0.796700 1.665878
v 0.142490 0.763720 1.655079
v 0.111990 0.678080 1.645378
v 0.142490 0.700240 1.655079
v 0.010590 0.678080 1.645378
v -0.019911 0.763720 1.655079
v -0.019911 0.700240 1.655079
v -1.265209 0.763720 1.655079
v -1.275610 0.693760 1.649376
v -1.291210 0.796940 1.676479
v -1.281811 0.619020 1.645676
v -1.347811 0.687280 1.629677
v -1.317511 0.144560 1.545177
v -1.316210 1.271400 1.758476
v -1.170811 1.234260 0.795879
v -1.145010 0.612460 0.725578
v -1.150110 0.736820 0.739578
v -1.210011 0.698440 0.682178
v -1.207609 0.623770 0.694977
v -1.209810 0.736820 0.717777
v -1.233509 1.244790 0.766376
v -1.147209 0.698440 0.691578
v -1.020710 1.143560 -0.169624
v -1.081711 1.153580 -0.211224
v -1.073009 1.084440 -0.205723
v -0.707809 1.049240 -2.144421
v -0.802111 0.955200 -2.137821
v -0.707809 0.985760 -2.144421
v -0.020109 0.985760 -2.144421
v 0.010590 0.955200 -2.137821
v 0.830490 1.049240 -2.144421
v 0.142790 0.985760 -2.144421
v 0.111990 0.955200 -2.137821
v 0.830490 0.985760 -2.144421
v 0.861290 0.955200 -2.137821
v 0.924690 0.955200 -2.137821
v 0.933189 1.054840 -2.059124
v 1.000690 1.071880 -1.188023
v 1.063490 1.071880 -1.197521
v 1.028589 1.045960 -1.176323
v 0.924690 0.542910 -2.093422
v 1.083389 1.045960 -1.144222
v 0.861290 0.542910 -2.093422
v 0.861290 0.425110 -2.080723
v 1.054689 0.512800 -1.184921
v 0.991890 0.512800 -1.175621
v 1.054090 0.576150 -1.189022
v 1.019991 0.485300 -1.161724
v 1.076691 0.609890 -1.132824
v 0.991289 0.576150 -1.179623
v 1.021891 0.609890 -1.165024
v 0.861290 -0.104980 -2.023621
v 0.830490 -0.074430 -2.030121
v 0.861290 0.012810 -2.036324
v 0.830490 -0.010940 -2.030121
v 0.924690 0.425110 -2.080723
v 0.142790 -0.074430 -2.030121
v 0.142790 -0.010940 -2.030121
v 0.111990 -0.104980 -2.023621
v 0.111990 0.012810 -2.036324
v 0.010590 -0.104980 -2.023621
v 0.010590 0.012810 -2.036324
v -0.020109 -0.074430 -2.030121
v -0.020109 -0.010940 -2.030121
v -0.707809 -0.010940 -2.030121
v -0.707809 -0.074430 -2.030121
v -0.738609 -0.104980 -2.023621
v -0.738609 -0.517280 -1.979221
v -0.802111 -0.517280 -1.979221
v -0.802111 -0.104980 -2.023621
v -0.923910 -0.045870 -1.168423
v -0.861111 -0.045870 -1.159222
v -0.860809 0.017570 -1.161324
v -0.888809 -0.075370 -1.147121
v -0.943510 -0.075370 -1.114922
v -0.923611 0.017570 -1.170521
v -0.945410 0.049220 -1.118221
v -0.890711 0.049220 -1.150322
v -0.897409 0.485300 -1.161724
v -0.991810 -0.015300 -0.266121
v -0.952110 0.485300 -1.129623
v -0.991510 0.048140 -0.268223
v -1.054609 -0.015300 -0.275223
v -1.054310 0.048140 -0.277424
v -1.040409 -0.038910 -0.258621
v -1.026711 -0.511900 -0.280922
v -0.986410 -0.038910 -0.225323
v -1.043810 0.079340 -0.253021
v -0.989809 0.079340 -0.219723
v -1.055910 0.493200 -0.233524
v -1.003611 0.552330 -0.197422
v -1.064510 0.563140 -0.240021
v -1.070709 0.637300 -0.253422
v -1.185011 0.078720 0.615776
v -1.122210 0.078720 0.624878
v -1.182110 0.002960 0.625576
v -1.119209 -0.009350 0.655277
v -1.184010 0.115010 0.647476
v -1.158211 -0.506800 0.577179
v -1.098610 -0.506800 0.598976
v -1.124411 0.115010 0.669277
v -1.196810 -0.604520 1.429478
v -1.227310 -0.640190 1.443676
v -1.196810 -0.541040 1.429478
v -0.019609 -0.604520 1.429478
v -1.222410 -0.507820 1.450878
v -1.283211 -0.507820 1.432377
v -0.019609 -0.541040 1.429478
v 0.010590 -0.508060 1.440178
v 0.010590 -0.541040 1.400478
v 0.142191 -0.604520 1.429478
v 0.111990 -0.508060 1.440178
v 0.111990 0.025710 1.532478
v 0.010590 0.025710 1.532478
v 0.142191 -0.541040 1.429478
v 1.319490 -0.541040 1.429478
v 0.111990 -0.541040 1.400478
v 0.111990 -0.604520 1.400478
v 0.010590 -0.604520 1.400478
v -0.019711 -0.604520 0.578877
v -1.074610 -0.604520 0.578877
v 0.142290 -0.604520 0.578877
v 0.142290 -0.541040 0.578877
v -0.019711 -0.541040 0.578877
v 0.010590 -0.604520 0.549877
v 1.197290 -0.604520 0.578877
v 0.111990 -0.604520 0.549877
v 1.197290 -0.541040 0.578877
v 1.221291 -0.506800 0.598976
v 1.219191 -0.541040 0.554379
v 0.111990 -0.541040 0.549877
v 0.010590 -0.541040 0.549877
v -0.019810 -0.604520 -0.271824
v -0.952410 -0.604520 -0.271824
v 0.142490 -0.541040 -0.271824
v -0.984409 -0.640570 -0.219421
v -0.019810 -0.541040 -0.271824
v -0.952410 -0.541040 -0.271824
v 1.332689 0.698440 0.682178
v 1.269890 0.698440 0.691578
v 1.332390 0.736820 0.717777
v 1.272791 0.736820 0.739578
v 1.129591 0.670570 -0.191822
v 1.195690 1.084440 -0.205723
v 1.143391 1.143560 -0.169624
v 1.204390 1.153580 -0.211224
v 1.356091 1.244790 0.766376
v 1.293390 1.234260 0.795879
v 1.470390 0.687280 1.629677
v 1.398291 0.693760 1.649376
v 1.404390 0.619020 1.645676
v 1.474489 0.796940 1.657978
v 1.387890 0.763720 1.655079
v 1.413790 0.796940 1.676479
v 1.438789 1.271400 1.758476
v 1.504890 1.338860 1.743477
v 1.516291 1.446000 1.778076
v 1.452789 1.446000 1.778076
v 1.516291 1.796340 1.841877
v 1.452789 1.796340 1.841877
v 1.462090 2.009130 2.220276
v 1.462090 1.953570 2.250976
v 1.422091 2.004640 2.212177
v 0.010590 -0.604520 -0.300823
v -0.972610 -0.511900 -0.247524
v 0.010590 -0.541040 -0.300823
v 0.111990 -0.604520 -0.300823
v 0.111990 -0.541040 -0.300823
v 0.142490 -0.604520 -0.271824
v 1.074989 -0.541040 -0.271824
v 1.074989 -0.604520 -0.271824
v 1.106991 -0.640570 -0.219421
v 1.095289 -0.511900 -0.247524
v 1.097090 -0.541040 -0.296322
v 1.149290 -0.511900 -0.280922
v 1.108990 -0.038910 -0.225323
v 1.163090 -0.038910 -0.258621
v 1.177191 -0.015300 -0.275223
v 1.114389 -0.015300 -0.266121
v 1.307590 0.078720 0.615776
v 1.304689 0.002960 0.625576
v 1.244789 0.078720 0.624878
v 1.241890 -0.009350 0.655277
v 1.112490 0.079340 -0.219723
v 1.114090 0.048140 -0.268223
v 1.306589 0.115010 0.647476
v 1.246990 0.115010 0.669277
v 1.280890 -0.506800 0.577179
v 1.281990 -0.541040 0.545376
v 1.405790 -0.507820 1.432377
v 1.345091 -0.507820 1.450878
v 1.319490 -0.604520 1.429478
v 1.349890 -0.640190 1.443676
v 1.370090 -0.033360 1.532879
v 1.436291 0.035890 1.517776
v 1.413389 -0.640190 1.444576
v 1.410589 -1.545092 1.651676
v 1.342091 -1.555843 1.645878
v 1.314989 -1.566594 1.664177
v 1.337090 -1.630077 1.641079
v 1.235689 -1.569743 0.607876
v 1.172590 -1.569743 0.614979
v 1.170290 -0.640570 -0.224522
v 0.908689 -1.630076 -1.584423
v 0.908689 -1.566593 -1.584423
v 0.825790 -1.566593 -1.592121
v 0.825790 -1.630076 -1.592121
v -0.703211 -1.630076 -1.592121
v -0.703211 -1.566593 -1.592121
v -0.786110 -1.630076 -1.584423
v -0.960711 1.045960 -1.144222
v -0.878010 1.071880 -1.188023
v -0.940809 1.071880 -1.197521
v -0.810511 1.054840 -2.059124
v -0.906010 1.045960 -1.176323
v -0.954010 0.609890 -1.132824
v -1.242710 0.110320 1.530178
v -1.313610 0.035890 1.517776
v -1.242210 0.041880 1.536976
v -1.247410 -0.033360 1.532879
v -0.018311 0.047860 1.542278
v -1.171709 0.111340 1.542278
v -1.256809 0.144560 1.563679
v -0.018311 0.111340 1.542278
v 0.010590 0.144320 1.553078
v 0.140989 0.047860 1.542278
v 0.140989 0.111340 1.542278
v 0.111990 0.144320 1.553078
v 1.294390 0.111340 1.542278
v 1.364790 0.041880 1.536976
v 1.365290 0.110320 1.530178
v 1.379490 0.144560 1.563679
v 1.440189 0.144560 1.545177
v 1.267590 0.612460 0.725578
v 1.330290 0.623770 0.694977
v -0.868710 0.576150 -1.179623
v -0.899309 0.609890 -1.165024
v -0.931410 0.576150 -1.189022
v -0.932011 0.512800 -1.184921
v -0.869310 0.512800 -1.175621
v -1.007910 0.637300 -0.244022
v -1.061010 0.670570 -0.225224
v -1.007010 0.670570 -0.191822
v -0.786110 -1.566593 -1.584423
v -1.113010 -1.569743 0.607876
v -1.050011 -1.569743 0.614979
v -1.214510 -1.630077 1.641079
v -1.047710 -0.640570 -0.224522
v -1.219509 -1.555843 1.645878
v -1.288010 -1.545092 1.651676
v -1.192310 -1.566594 1.664177
v -1.192310 -1.630077 1.664177
v 1.314989 -1.630077 1.664177
v -1.290810 -0.640190 1.444576
v -1.159410 -0.541040 0.545376
v -1.096510 -0.541040 0.554379
v -1.074610 -0.541040 0.578877
v -1.037310 -0.541040 -0.305321
v -0.974409 -0.541040 -0.296322
v -0.936810 -0.511440 -1.103622
v -0.830111 -0.604520 -1.122421
v -0.830111 -0.541040 -1.122421
v -0.020010 -0.604520 -1.122421
v 0.142590 -0.541040 -1.122421
v -0.020010 -0.541040 -1.122421
v -0.852310 -0.541040 -1.146923
v -0.882111 -0.511440 -1.135723
v -0.915211 -0.541040 -1.155922
v -0.810511 -0.604520 -1.885021
v -0.707809 -0.604520 -1.973022
v -0.707809 -0.541040 -1.973022
v -0.020109 -0.541040 -1.973022
v -0.020109 -0.604520 -1.973022
v 0.010590 -0.517280 -1.979221
v 0.142790 -0.604520 -1.973022
v 0.111990 -0.517280 -1.979221
v 0.142790 -0.541040 -1.973022
v 0.830490 -0.604520 -1.973022
v 0.830490 -0.541040 -1.973022
v 0.861290 -0.517280 -1.979221
v 0.933090 -0.604520 -1.885021
v 0.924690 -0.517280 -1.979221
v 0.924690 -0.104980 -2.023621
v 1.037790 -0.541040 -1.155922
v 0.974991 -0.541040 -1.146923
v 1.004789 -0.511440 -1.135723
v 1.059490 -0.511440 -1.103622
v 0.952789 -0.604520 -1.122421
v 1.159889 -0.541040 -0.305321
v 1.066191 -0.075370 -1.114922
v 0.952789 -0.541040 -1.122421
v 0.142590 -0.604520 -1.122421
v 0.111990 -0.604520 -1.151421
v 1.011391 -0.075370 -1.147121
v 0.010590 -0.604520 -1.151421
v 0.111990 -0.541040 -1.151421
v 0.010590 -0.541040 -1.151421
v 1.068090 0.049220 -1.118221
v 1.176889 0.048140 -0.277424
v 1.166491 0.079340 -0.253021
v 1.178490 0.493200 -0.233524
v 1.126190 0.552330 -0.197422
v 1.187090 0.563140 -0.240021
v 1.193390 0.637300 -0.253422
v 1.130590 0.637300 -0.244022
v 1.183689 0.670570 -0.225224
v 1.074791 0.485300 -1.129623
v 0.983391 0.017570 -1.161324
v 1.013290 0.049220 -1.150322
v 0.983690 -0.045870 -1.159222
v 1.046190 0.017570 -1.170521
v 1.046490 -0.045870 -1.168423
v 0.924690 0.012810 -2.036324
v 1.422091 1.949080 2.242878
v -1.299509 2.004640 2.212177
v -1.299509 1.949080 2.242878
v -1.339411 1.953570 2.250976
v -1.339411 2.009130 2.220276
v -1.393610 1.796340 1.841877
v -1.330111 1.796340 1.841877
v -1.198709 -0.617960 1.402977
v -1.198709 -0.493650 1.278679
v -1.198709 -0.520440 1.256676
v -1.198709 -0.562360 1.236179
v -1.198709 -0.617960 1.227177
v -1.198709 -0.673550 1.236179
v -1.198709 -0.715470 1.256676
v -1.198709 -0.742270 1.278679
v -1.198709 -0.742270 1.278679
v -1.198709 -0.764230 1.305477
v -1.198709 -0.784740 1.347378
v -1.198709 -0.793760 1.402977
v -1.198709 -0.784740 1.458576
v -1.198709 -0.764230 1.500477
v -1.198709 -0.742270 1.527279
v -1.198709 -0.742270 1.527279
v -1.198709 -0.715470 1.549179
v -1.198709 -0.673550 1.569778
v -1.198709 -0.617960 1.578777
v -1.198709 -0.562360 1.569778
v -1.198709 -0.520440 1.549179
v -1.198709 -0.493650 1.527279
v -1.198709 -0.493650 1.527279
v -1.198709 -0.471680 1.500477
v -1.198709 -0.451180 1.458576
v -1.198709 -0.442160 1.402977
v -1.198709 -0.451180 1.347378
v -1.198709 -0.471680 1.305477
v -1.198709 -0.493650 1.278679
v -1.318710 -0.493650 1.527279
v -1.198709 -0.493650 1.527279
v -1.318710 -0.471680 1.500477
v -1.198709 -0.471680 1.500477
v -1.318710 -0.451180 1.458576
v -1.198709 -0.451180 1.458576
v -1.318710 -0.442160 1.402977
v -1.198709 -0.442160 1.402977
v -1.318710 -0.451180 1.347378
v -1.198709 -0.451180 1.347378
v -1.318710 -0.471680 1.305477
v -1.198709 -0.471680 1.305477
v -1.318710 -0.493650 1.278679
v -1.198709 -0.493650 1.278679
v -1.198709 -0.493650 1.527279
v -1.318710 -0.493650 1.527279
v -1.198709 -0.520440 1.549179
v -1.318710 -0.520440 1.549179
v -1.198709 -0.562360 1.569778
v -1.318710 -0.562360 1.569778
v -1.198709 -0.617960 1.578777
v -1.318710 -0.617960 1.578777
v -1.198709 -0.673550 1.569778
v -1.318710 -0.673550 1.569778
v -1.198709 -0.715470 1.549179
v -1.318710 -0.715470 1.549179
v -1.198709 -0.742270 1.527279
v -1.318710 -0.742270 1.527279
v -1.318710 -0.617960 1.402977
v -1.318710 -0.493650 1.527279
v -1.318710 -0.520440 1.549179
v -1.318710 -0.562360 1.569778
v -1.318710 -0.617960 1.578777
v -1.318710 -0.673550 1.569778
v -1.318710 -0.715470 1.549179
v -1.318710 -0.742270 1.527279
v -1.318710 -0.742270 1.527279
v -1.318710 -0.764230 1.500477
v -1.318710 -0.784740 1.458576
v -1.318710 -0.793760 1.402977
v -1.318710 -0.784740 1.347378
v -1.318710 -0.764230 1.305477
v -1.318710 -0.742270 1.278679
v -1.318710 -0.742270 1.278679
v -1.318710 -0.715470 1.256676
v -1.318710 -0.673550 1.236179
v -1.318710 -0.617960 1.227177
v -1.318710 -0.562360 1.236179
v -1.318710 -0.520440 1.256676
v -1.318710 -0.493650 1.278679
v -1.318710 -0.493650 1.278679
v -1.318710 -0.471680 1.305477
v -1.318710 -0.451180 1.347378
v -1.318710 -0.442160 1.402977
v -1.318710 -0.451180 1.458576
v -1.318710 -0.471680 1.500477
v -1.318710 -0.493650 1.527279
v -1.318710 -0.742270 1.278679
v -1.198709 -0.742270 1.278679
v -1.318710 -0.764230 1.305477
v -1.198709 -0.764230 1.305477
v -1.318710 -0.784740 1.347378
v -1.198709 -0.784740 1.347378
v -1.318710 -0.793760 1.402977
v -1.198709 -0.793760 1.402977
v -1.318710 -0.784740 1.458576
v -1.198709 -0.784740 1.458576
v -1.318710 -0.764230 1.500477
v -1.198709 -0.764230 1.500477
v -1.318710 -0.742270 1.527279
v -1.198709 -0.742270 1.527279
v -1.318710 -0.493650 1.278679
v -1.198709 -0.493650 1.278679
v -1.318710 -0.520440 1.256676
v -1.198709 -0.520440 1.256676
v -1.318710 -0.562360 1.236179
v -1.198709 -0.562360 1.236179
v -1.318710 -0.617960 1.227177
v -1.198709 -0.617960 1.227177
v -1.318710 -0.673550 1.236179
v -1.198709 -0.673550 1.236179
v -1.318710 -0.715470 1.256676
v -1.198709 -0.715470 1.256676
v -1.318710 -0.742270 1.278679
v -1.198709 -0.742270 1.278679
vn 0.5967 -0.4790 0.6438
vn 0.5339 0.1491 -0.8323
vn 0.5274 -0.3384 -0.7793
vn 0.5352 -0.3777 -0.7556
vn 0.5899 0.5979 0.5427
vn 0.5339 0.1492 -0.8323
vn 0.5736 0.6208 -0.5344
vn 0.8206 -0.3314 0.4656
vn 0.5095 0.1019 0.8544
vn 0.3610 0.5806 0.7298
vn 0.4892 0.6549 -0.5760
vn 0.5737 0.6208 -0.5344
vn 0.4892 0.6550 -0.5759
vn 0.6858 -0.5597 -0.4651
vn 0.6474 0.6317 -0.4264
vn 0.3863 -0.5597 -0.7332
vn 0.1888 -0.5663 0.8023
vn 0.5444 -0.4338 0.7180
vn 0.5522 0.0947 0.8283
vn 0.5513 -0.1102 -0.8270
vn 0.5444 -0.4339 0.7179
vn 0.5369 0.4422 -0.7185
vn 0.3711 0.5684 0.7343
vn 0.2055 0.6084 -0.7665
vn 0.5369 0.4421 -0.7185
vn 0.3779 -0.5668 -0.7321
vn 0.2049 -0.5910 0.7802
vn 0.5369 -0.4421 0.7185
vn 0.5577 0.0943 0.8247
vn 0.5522 -0.0946 -0.8283
vn 0.5369 -0.4422 0.7185
vn 0.3851 0.5736 0.7230
vn 0.4870 0.6519 -0.5813
vn 0.7089 0.6143 -0.3465
vn 0.4870 0.6520 -0.5812
vn 0.6791 -0.5607 -0.4738
vn 0.6530 0.6373 -0.4091
vn 0.9059 0.0709 -0.4176
vn 0.2905 -0.3377 0.8953
vn 0.7411 -0.6623 0.1104
vn 0.3470 -0.3154 0.8833
vn 0.3466 0.0315 0.9375
vn 0.9029 0.0706 -0.4240
vn 0.7088 0.6144 -0.3466
vn 0.6859 -0.5597 -0.4651
vn 0.7397 -0.6611 0.1260
vn 0.7368 -0.5565 0.3840
vn 0.7028 0.7107 0.0316
vn 0.9566 -0.1176 -0.2666
vn 0.5043 -0.4019 0.7643
vn 0.7088 0.7010 0.0788
vn 0.7411 -0.5598 0.3705
vn 0.7207 0.3917 0.5719
vn 0.5040 -0.4175 0.7561
vn 0.9540 -0.1341 -0.2681
vn 0.9279 0.2516 -0.2752
vn 0.8113 0.5672 -0.1418
vn 0.8058 -0.5610 -0.1897
vn 0.8058 -0.5609 -0.1897
vn 0.7321 -0.5668 0.3779
vn 0.6990 0.7148 0.0236
vn 0.9857 -0.1341 -0.1025
vn 0.2748 -0.4947 0.8245
vn 0.2277 -0.0000 0.9737
vn 0.7804 -0.6070 -0.1498
vn 0.6907 0.7221 0.0393
vn 0.5908 -0.4727 0.6539
vn 0.5361 -0.1656 0.8277
vn 0.5352 0.3777 0.7556
vn 0.8253 -0.5424 0.1572
vn 0.7408 -0.3468 0.5753
vn 0.6863 0.0473 -0.7258
vn 0.7506 0.4346 0.4978
vn 0.6686 0.6844 -0.2910
vn 0.7864 -0.5269 -0.3225
vn 0.6774 0.7168 -0.1654
vn 0.6941 -0.0552 -0.7178
vn 0.9632 -0.1737 -0.2052
vn 0.8036 0.5909 0.0710
vn 0.8176 -0.5582 0.1415
vn 0.7239 -0.5666 -0.3935
vn 0.7138 0.5256 -0.4629
vn 0.9549 0.1893 -0.2288
vn 0.9632 -0.1737 -0.2053
vn 0.2287 0.5364 0.8124
vn 0.9548 0.1895 -0.2289
vn 0.2278 -0.4635 0.8563
vn 0.8440 -0.5127 0.1578
vn 0.7096 -0.7018 -0.0630
vn 0.6854 0.7091 -0.1655
vn 0.9881 -0.0316 -0.1502
vn 0.9888 -0.0000 -0.1491
vn 0.9879 -0.0395 -0.1502
vn 0.9875 -0.0474 -0.1500
vn 0.9875 -0.0474 -0.1501
vn 0.9881 -0.0317 -0.1502
vn 0.9875 -0.0475 -0.1500
vn 0.6920 -0.0944 -0.7157
vn 0.5352 0.3778 0.7556
vn 0.5274 -0.3385 -0.7793
vn 0.5825 0.5826 0.5668
vn 0.4659 -0.0316 -0.8843
vn 0.5444 0.6313 0.5523
vn 0.8278 -0.5282 -0.1892
vn 0.5370 -0.5764 0.6160
vn 0.8273 0.5200 -0.2127
vn 0.9586 -0.1807 0.2200
vn 0.9504 0.2277 0.2120
vn 0.2287 -0.5364 -0.8124
vn 0.9503 0.2277 0.2121
vn 0.2212 0.4581 -0.8609
vn 0.7265 0.5449 0.4186
vn 0.7194 -0.5218 0.4586
vn 0.8046 -0.5601 -0.1972
vn 0.8007 0.5574 -0.2198
vn 0.9772 -0.1813 -0.1103
vn 0.9590 0.2358 -0.1572
vn 0.2689 -0.5140 0.8145
vn 0.9590 0.2358 -0.1573
vn 0.9764 -0.1811 -0.1181
vn 0.2135 0.4745 0.8540
vn 0.7533 0.5336 0.3845
vn 0.7230 -0.5736 0.3851
vn 0.2598 -0.5118 0.8189
vn 0.8138 -0.5373 -0.2213
vn 0.8185 0.5588 -0.1338
vn 0.9520 -0.1337 -0.2753
vn 0.5027 -0.4085 0.7619
vn 0.7806 0.5441 -0.3075
vn 0.9297 0.2443 -0.2758
vn 0.7535 -0.5494 0.3611
vn 0.7087 0.3859 0.5906
vn 0.7073 0.6995 0.1022
vn 0.7029 -0.7109 0.0237
vn 0.7472 -0.4247 -0.5112
vn 0.5038 0.6378 -0.5826
vn 0.5206 -0.6232 -0.5837
vn 0.6384 0.6464 -0.4178
vn 0.5206 -0.6231 -0.5837
vn 0.4173 -0.5590 0.7165
vn 0.5813 -0.6206 -0.5263
vn 0.5687 0.6161 0.5450
vn 0.8764 -0.0000 0.4816
vn 0.3939 0.5751 0.7170
vn 0.5038 0.6377 -0.5826
vn 0.7147 0.6125 -0.3377
vn 0.5820 0.6056 -0.5427
vn 0.5444 -0.4340 0.7179
vn 0.5513 0.1102 0.8270
vn 0.5577 -0.0942 -0.8247
vn 0.3779 0.5668 0.7321
vn 0.4876 0.6212 -0.6135
vn 0.5454 -0.8062 -0.2292
vn 0.5454 0.8062 0.2292
vn 0.5901 0.6373 -0.4956
vn 0.5454 -0.8063 0.2291
vn 0.5410 0.8075 0.2353
vn 0.5454 0.8063 -0.2291
vn 0.5410 -0.8075 0.2351
vn 0.5917 -0.7731 -0.2287
vn 0.4495 -0.6624 -0.5993
vn 0.4874 -0.5974 0.6368
vn 0.4731 0.6230 -0.6229
vn 0.4494 -0.6624 -0.5993
vn 0.5991 -0.7253 -0.3390
vn 0.8040 -0.5754 0.1497
vn 0.9763 0.1811 0.1181
vn 0.7872 0.5983 0.1496
vn 0.7411 0.5598 -0.3706
vn 0.5040 0.4175 -0.7561
vn 0.9540 0.1341 0.2681
vn 0.9809 -0.1413 0.1334
vn 0.2277 -0.0000 -0.9737
vn 0.6700 -0.5518 -0.4966
vn 0.8083 -0.5494 0.2119
vn 0.7092 -0.7014 -0.0709
vn 0.8246 -0.5498 0.1335
vn 0.6942 -0.5207 -0.4970
vn 0.9458 -0.1577 0.2838
vn 0.8077 -0.5725 0.1411
vn 0.8086 0.5574 0.1885
vn 0.7400 0.5668 -0.3621
vn 0.8130 -0.3157 -0.4893
vn 0.8555 -0.1256 0.5024
vn 0.8597 -0.1183 0.4969
vn 0.6125 0.3377 -0.7147
vn 0.8140 -0.3240 -0.4820
vn 0.7190 -0.1027 0.6874
vn 0.7827 0.2847 -0.5534
vn 0.7331 0.5597 -0.3863
vn 0.8197 -0.3232 0.4729
vn 0.6244 0.4584 -0.6324
vn 0.5688 0.7899 0.2292
vn 0.5751 -0.2206 0.7878
vn 0.4731 0.6230 -0.6230
vn 0.8157 0.5569 -0.1568
vn 0.4561 0.6134 0.6448
vn 0.5410 -0.8075 -0.2353
vn 0.5410 0.8075 -0.2351
vn 0.9590 -0.2358 0.1573
vn 0.9773 0.1498 0.1497
vn 0.2598 0.5118 -0.8189
vn 0.2135 -0.4745 -0.8540
vn 0.9590 -0.2358 0.1572
vn 0.9772 0.1813 0.1103
vn 0.8007 -0.5574 0.2198
vn 0.7533 -0.5336 -0.3845
vn 0.7073 -0.6995 -0.1021
vn 0.8046 0.5601 0.1973
vn 0.7535 0.5494 -0.3610
vn 0.7087 -0.3859 -0.5906
vn 0.9226 -0.2524 0.2918
vn 0.9487 0.1255 0.2901
vn 0.5010 0.4150 -0.7594
vn 0.5036 0.4329 -0.7476
vn 0.9452 0.1103 0.3072
vn 0.8185 -0.5588 0.1338
vn 0.8112 0.5277 0.2520
vn 0.9918 -0.0236 -0.1259
vn 0.7564 0.5595 -0.3388
vn 0.9888 -0.0079 -0.1491
vn 0.8684 -0.3000 -0.3947
vn 0.8047 0.5444 0.2367
vn 0.9871 0.1342 0.0868
vn 0.7394 0.5821 -0.3382
vn 0.8754 -0.0473 0.4811
vn 0.5675 0.4178 -0.7094
vn 0.7970 -0.3314 -0.5050
vn 0.7257 0.0474 0.6863
vn 0.7884 -0.3153 -0.5283
vn 0.6742 -0.0470 0.7370
vn 0.8986 -0.1340 -0.4178
vn 0.2206 -0.6858 0.6936
vn 0.7013 -0.7093 0.0709
vn 0.6872 0.5292 -0.4976
vn 0.6786 0.7339 0.0316
vn 0.9290 0.1496 -0.3385
vn 0.7889 0.5365 0.2998
vn 0.6925 -0.5587 -0.4564
vn 0.7187 -0.6477 -0.2527
vn 0.6471 -0.3315 -0.6866
vn 0.5533 0.5929 -0.5850
vn 0.2442 0.9297 0.2757
vn 0.7260 -0.6866 0.0395
vn 0.2442 -0.9297 0.2757
vn 0.7649 -0.4968 0.4100
vn 0.9646 -0.1333 0.2274
vn 0.8414 -0.5347 -0.0787
vn 0.5444 0.8048 0.2367
vn 0.9646 -0.1333 0.2275
vn 0.9519 0.2281 0.2046
vn 0.2282 -0.5273 -0.8185
vn 0.5367 -0.5683 0.6236
vn 0.6911 0.7226 0.0157
vn 0.5053 0.7264 -0.4659
vn 0.6562 -0.5931 -0.4665
vn 0.3708 0.1025 0.9230
vn 0.7147 0.6125 -0.3378
vn 0.2985 -0.3299 0.8956
vn 0.6563 -0.5930 -0.4665
vn 0.4159 0.5729 0.7063
vn 0.7468 0.5581 -0.3616
vn 0.3699 0.0158 0.9289
vn 0.7468 0.5582 -0.3616
vn 0.3868 -0.5683 -0.7262
vn 0.5444 -0.4338 0.7179
vn 0.3863 0.5597 0.7332
vn 0.2050 0.5910 -0.7802
vn 0.5443 0.4339 -0.7179
vn 0.5444 0.4339 -0.7179
vn 0.5525 0.3947 -0.7341
vn 0.7476 0.5667 -0.3463
vn 0.7106 -0.6949 -0.1105
vn 0.8138 0.5373 0.2213
vn 0.9279 -0.2516 0.2752
vn 0.7208 -0.3917 -0.5719
vn 0.7088 -0.7010 -0.0787
vn 0.2202 0.4797 -0.8494
vn 0.5586 0.6531 0.5113
vn 0.8199 0.5282 -0.2208
vn 0.8192 -0.5514 -0.1576
vn 0.5427 -0.5820 0.6056
vn 0.9549 -0.1893 0.2288
vn 0.9519 0.2281 0.2045
vn 0.9548 -0.1894 0.2289
vn 0.7240 0.5666 0.3935
vn 0.7138 -0.5256 0.4629
vn 0.7872 -0.5983 -0.1496
vn 0.8040 0.5755 -0.1497
vn 0.9630 0.2289 -0.1421
vn 0.6133 0.5426 0.5740
vn 0.7411 -0.5598 0.3706
vn 0.7096 0.7018 0.0630
vn 0.7260 0.6866 0.0395
vn 0.9968 0.0157 -0.0784
vn 0.5437 -0.8195 -0.1813
vn 0.5916 -0.7731 -0.2288
vn 0.8052 0.1026 0.5841
vn 0.7141 0.5180 0.4709
vn 0.8034 0.5278 0.2757
vn 0.7327 0.4570 -0.5043
vn 0.5437 -0.8195 -0.1812
vn 0.4959 0.6141 -0.6140
vn 0.2126 -0.7956 -0.5673
vn 0.5501 0.4794 0.6838
vn 0.5502 0.4794 0.6838
vn 0.1180 0.5742 0.8102
vn 0.4959 0.6140 -0.6140
vn 0.5568 -0.1098 0.8234
vn 0.3311 0.4809 0.8119
vn 0.4789 0.5967 0.6438
vn 0.5289 0.5921 -0.6080
vn 0.7807 0.5441 -0.3075
vn 0.5290 0.5922 -0.6079
vn 0.3541 -0.4800 -0.8026
vn 0.6452 0.6296 -0.4328
vn 0.9569 0.0079 -0.2902
vn 0.5586 0.6531 0.5114
vn 0.8157 0.5569 -0.1569
vn 0.1648 0.5417 0.8243
vn 0.6431 0.6432 -0.4157
vn 0.5745 0.5982 0.5587
vn 0.5287 -0.7970 0.2920
vn 0.8300 0.5217 0.1976
vn 0.4557 0.5971 0.6601
vn 0.5042 0.6146 -0.6067
vn 0.5042 0.6146 -0.6066
vn 0.2362 -0.8109 -0.5353
vn 0.6835 0.6050 -0.4085
vn 0.5507 -0.8182 -0.1652
vn 0.2363 -0.4964 -0.8353
vn 0.8299 0.5217 0.1976
vn 0.2051 0.4813 -0.8522
vn 0.9586 -0.1808 0.2200
vn 0.5421 0.6285 0.5578
vn 0.5287 -0.7970 0.2919
vn 0.5361 0.1656 -0.8277
vn 0.5824 0.5904 0.5588
vn 0.6273 -0.3294 -0.7057
vn 0.7318 -0.3541 0.5823
vn 0.7548 0.4010 0.5190
vn 0.8109 0.5747 0.1102
vn 0.6671 -0.6985 -0.2589
vn 0.6798 -0.7273 -0.0949
vn 0.7801 0.5043 -0.3703
vn 0.9680 0.1337 -0.2125
vn 0.8434 0.5203 0.1341
vn 0.7409 0.5438 -0.3941
vn 0.9503 -0.2278 -0.2121
vn 0.2206 0.5042 0.8349
vn 0.9680 0.1338 -0.2125
vn 0.5907 0.6301 0.5040
vn 0.2211 -0.4581 0.8610
vn 0.8278 0.5282 0.1893
vn 0.8272 -0.5200 0.2128
vn 0.9504 -0.2277 -0.2120
vn 0.9586 0.1807 -0.2200
vn 0.7229 0.5736 -0.3851
vn 0.9630 -0.2289 0.1421
vn 0.6133 -0.5426 -0.5740
vn 0.8192 0.5514 0.1576
vn 0.2688 0.5141 -0.8145
vn 0.8199 -0.5282 0.2208
vn 0.9519 -0.2281 -0.2045
vn 0.2364 0.4965 0.8352
vn 0.9519 -0.2281 -0.2046
vn 0.2202 -0.4797 0.8494
vn 0.9586 0.1808 -0.2200
vn 0.7265 -0.5449 -0.4186
vn 0.7194 0.5217 -0.4585
vn 0.8122 0.5756 0.0947
vn 0.8272 -0.5437 0.1418
vn 0.7490 0.4100 0.5205
vn 0.7400 -0.3622 0.5668
vn 0.7217 -0.5649 0.4001
vn 0.2204 0.7243 -0.6534
vn 0.2206 -0.9378 0.2679
vn 0.7232 0.6368 -0.2673
vn 0.6213 0.4562 -0.6371
vn 0.9881 0.0317 0.1502
vn 0.9888 -0.0000 0.1491
vn 0.9879 0.0395 0.1502
vn 0.9875 0.0475 0.1500
vn 0.9875 0.0474 0.1500
vn 0.9888 -0.0000 0.1492
vn 0.9875 0.0474 0.1501
vn 0.5899 0.5978 0.5427
vn 0.3162 0.5692 -0.7590
vn 0.5338 0.1492 -0.8323
vn -0.7506 0.4345 0.4978
vn 0.5586 0.6530 0.5114
vn -0.8036 0.5909 0.0709
vn 0.4792 0.6206 0.6206
vn -0.2046 0.5822 0.7869
vn -0.3162 0.5692 -0.7590
vn -0.5352 0.3778 0.7556
vn -0.5339 0.1492 -0.8323
vn 0.2046 0.5822 0.7869
vn -0.4792 0.6206 0.6206
vn 0.3609 0.5807 0.7298
vn -0.7332 0.5597 -0.3863
vn -0.7828 0.2846 -0.5534
vn 0.6475 0.6317 -0.4264
vn 0.4893 0.6549 -0.5760
vn 0.3610 0.5807 0.7297
vn -0.0236 0.7300 -0.6830
vn -0.3610 0.5807 0.7297
vn 0.0236 0.7300 -0.6830
vn -0.4892 0.6549 -0.5760
vn 0.3710 0.5685 0.7343
vn -0.5513 0.1103 0.8270
vn -0.5456 0.3874 -0.7432
vn -0.3710 0.5685 0.7343
vn 0.3851 0.5736 0.7229
vn -0.2050 0.5910 -0.7802
vn 0.4870 0.6519 -0.5812
vn 0.3850 0.5736 0.7230
vn 0.6531 0.6373 -0.4091
vn 0.7089 0.6143 -0.3466
vn -0.6126 0.3377 -0.7146
vn -0.7400 0.5668 -0.3621
vn -0.6855 0.7090 -0.1654
vn 0.7089 0.7009 0.0787
vn -0.8086 0.5574 0.1884
vn 0.7207 0.3918 0.5719
vn -0.9540 0.1341 0.2680
vn -0.5041 0.4174 -0.7561
vn 0.9279 0.2517 -0.2752
vn 0.8113 0.5671 -0.1417
vn 0.6990 0.7147 0.0236
vn -0.1261 0.6855 -0.7171
vn 0.2826 0.7692 0.5730
vn -0.0157 0.7148 0.6992
vn 0.0157 0.7148 0.6991
vn 0.1261 0.6855 -0.7171
vn -0.2826 0.7693 0.5731
vn -0.5444 0.8047 0.2367
vn 0.6686 0.6843 -0.2910
vn 0.6774 0.7167 -0.1654
vn -0.5899 0.5978 0.5427
vn -0.5340 0.1492 -0.8322
vn 0.7506 0.4345 0.4978
vn -0.5586 0.6530 0.5114
vn 0.8036 0.5909 0.0709
vn -0.8199 0.5282 -0.2207
vn -0.8199 0.5282 -0.2208
vn -0.9519 0.2281 0.2046
vn -0.2202 0.4797 -0.8493
vn -0.2202 0.4797 -0.8494
vn 0.9549 0.1894 -0.2288
vn 0.7138 0.5256 -0.4628
vn -0.6907 0.7221 0.0392
vn -0.6990 0.7147 0.0236
vn 0.6855 0.7090 -0.1655
vn -0.5825 0.5826 0.5668
vn -0.4646 0.6222 0.6301
vn -0.5351 0.3778 0.7556
vn 0.3163 0.5692 -0.7590
vn 0.4647 0.6222 0.6301
vn 0.5445 0.6313 0.5523
vn -0.7491 0.4100 0.5204
vn -0.7194 0.5218 -0.4584
vn -0.8122 0.5756 0.0946
vn -0.7194 0.5218 -0.4585
vn -0.9586 0.1807 -0.2200
vn 0.8272 0.5200 -0.2127
vn 0.2211 0.4581 -0.8610
vn 0.9503 0.2278 0.2121
vn -0.2364 0.4964 0.8353
vn -0.8277 0.5282 0.1892
vn -0.9586 0.1807 -0.2201
vn 0.8007 0.5573 -0.2198
vn 0.7266 0.5449 0.4185
vn -0.8278 0.5282 0.1892
vn -0.7230 0.5736 -0.3851
vn -0.2599 0.5118 -0.8189
vn 0.8007 0.5573 -0.2197
vn -0.8046 0.5601 0.1972
vn 0.2136 0.4745 0.8540
vn -0.9772 0.1813 0.1103
vn 0.2135 0.4744 0.8540
vn -0.7535 0.5494 -0.3611
vn -0.8046 0.5601 0.1973
vn -0.5011 0.4149 -0.7594
vn 0.9297 0.2443 -0.2757
vn 0.8185 0.5588 -0.1337
vn -0.8139 0.5373 0.2212
vn -0.9487 0.1255 0.2901
vn 0.7074 0.6994 0.1021
vn 0.7146 0.6126 -0.3377
vn 0.5039 0.6377 -0.5826
vn 0.6385 0.6464 -0.4178
vn -0.5676 0.4177 -0.7095
vn -0.3779 0.5668 0.7321
vn -0.4876 0.6212 -0.6135
vn 0.3939 0.5752 0.7169
vn 0.7146 0.6126 -0.3378
vn 0.3709 0.1025 0.9230
vn -0.5820 0.6056 -0.5427
vn -0.3778 0.5668 0.7321
vn -0.5901 0.6373 -0.4956
vn -0.4876 0.6213 -0.6134
vn 0.5514 0.1103 0.8270
vn 0.3778 0.5668 0.7321
vn -0.5039 0.6377 -0.5826
vn 0.4876 0.6212 -0.6134
vn -0.3939 0.5751 0.7170
vn 0.5901 0.6373 -0.4957
vn 0.4876 0.6213 -0.6134
vn -0.5454 0.8062 0.2293
vn -0.2198 0.8006 0.5574
vn 0.2198 0.8006 0.5574
vn 0.2198 0.8006 -0.5574
vn -0.4790 0.5967 0.6438
vn -0.2198 0.8006 -0.5573
vn 0.4790 0.5967 0.6438
vn -0.5289 0.5921 -0.6080
vn -0.6452 0.6296 -0.4328
vn -0.5290 0.5922 -0.6079
vn -0.7806 0.5441 -0.3075
vn 0.5454 0.8062 -0.2293
vn -0.5454 0.8062 -0.2292
vn 0.5410 0.8075 0.2352
vn -0.5410 0.8075 0.2352
vn 0.2198 0.8006 0.5573
vn 0.4561 0.6133 0.6449
vn -0.2198 0.8006 -0.5574
vn -0.4561 0.6133 0.6449
vn 0.4731 0.6229 -0.6230
vn -0.9279 0.2517 -0.2752
vn 0.5041 0.4174 -0.7561
vn -0.8114 0.5671 -0.1417
vn -0.6133 0.5425 0.5740
vn -0.7097 0.7017 0.0631
vn 0.7872 0.5982 0.1496
vn 0.9763 0.1811 0.1182
vn -0.7028 0.7107 0.0316
vn 0.8086 0.5573 0.1884
vn -0.7207 0.3917 0.5719
vn -0.7089 0.7009 0.0788
vn -0.6531 0.6373 -0.4091
vn 0.6126 0.3377 -0.7147
vn -0.4870 0.6520 -0.5812
vn -0.7089 0.6143 -0.3466
vn -0.3850 0.5736 0.7230
vn -0.3466 0.0316 0.9375
vn -0.7088 0.6143 -0.3466
vn -0.4870 0.6519 -0.5812
vn 0.2054 0.6085 -0.7665
vn -0.3851 0.5736 0.7229
vn 0.3711 0.5685 0.7342
vn -0.6475 0.6317 -0.4263
vn 0.7332 0.5597 -0.3863
vn -0.5736 0.6208 -0.5344
vn 0.7828 0.2846 -0.5534
vn 0.6245 0.4584 -0.6323
vn -0.6213 0.4561 -0.6371
vn -0.7233 0.6368 -0.2673
vn -0.5095 0.1020 0.8544
vn -0.3610 0.5806 0.7298
vn 0.5688 0.7899 0.2291
vn -0.2204 0.7243 -0.6534
vn 0.0864 0.2434 -0.9661
vn -0.5410 0.8075 -0.2352
vn 0.5409 0.8075 -0.2352
vn -0.4731 0.6229 -0.6230
vn -0.8157 0.5568 -0.1568
vn -0.6431 0.6432 -0.4157
vn -0.4731 0.6230 -0.6229
vn 0.2599 0.5118 -0.8189
vn -0.1648 0.5417 0.8243
vn -0.8157 0.5568 -0.1569
vn -0.4561 0.6134 0.6448
vn -0.1649 0.5417 0.8243
vn 0.8048 0.5444 0.2367
vn 0.7535 0.5494 -0.3611
vn 0.8046 0.5601 0.1972
vn -0.7532 0.5336 0.3846
vn -0.2136 0.4744 0.8540
vn 0.9772 0.1813 0.1104
vn -0.8185 0.5588 -0.1338
vn -0.2135 0.4745 0.8540
vn -0.9590 0.2358 -0.1573
vn -0.7533 0.5336 0.3845
vn 0.5011 0.4149 -0.7594
vn -0.8185 0.5588 -0.1337
vn -0.9297 0.2443 -0.2757
vn 0.5037 0.4328 -0.7477
vn -0.3311 0.4808 0.8119
vn -0.7807 0.5440 -0.3076
vn 0.8112 0.5277 0.2519
vn 0.9452 0.1104 0.3072
vn 0.7564 0.5594 -0.3389
vn 0.8048 0.5444 0.2366
vn -0.6452 0.6295 -0.4329
vn -0.5687 0.6161 0.5450
vn -0.6385 0.6464 -0.4178
vn 0.5676 0.4178 -0.7094
vn -0.7147 0.6126 -0.3377
vn -0.3939 0.5752 0.7169
vn -0.3708 0.1025 0.9230
vn -0.7146 0.6126 -0.3377
vn -0.5501 0.4794 0.6837
vn -0.7327 0.4570 -0.5042
vn -0.4959 0.6140 -0.6140
vn 0.8986 -0.1340 -0.4177
vn 0.6873 0.5292 -0.4976
vn -0.7074 0.6994 0.1022
vn 0.6786 0.7338 0.0316
vn -0.8034 0.5277 0.2757
vn 0.7889 0.5364 0.2997
vn -0.7142 0.5179 0.4709
vn -0.7260 0.6865 0.0395
vn -0.9968 0.0157 -0.0784
vn 0.9290 0.1496 -0.3386
vn 0.5534 0.5929 -0.5850
vn -0.2442 0.9297 0.2757
vn 0.0315 0.6948 -0.7185
vn 0.0709 0.6853 0.7248
vn -0.0709 0.6853 0.7248
vn -0.0316 0.6948 -0.7185
vn 0.2442 0.9297 0.2758
vn -0.6774 0.7167 -0.1654
vn 0.5444 0.8047 0.2367
vn -0.6686 0.6843 -0.2910
vn 0.6912 0.7225 0.0157
vn -0.7477 0.5667 -0.3462
vn -0.5526 0.3946 -0.7341
vn 0.0236 0.7376 -0.6749
vn 0.5054 0.7264 -0.4658
vn 0.4160 0.5729 0.7063
vn 0.3700 0.0157 0.9289
vn -0.3862 0.5597 0.7332
vn -0.2131 0.5761 -0.7891
vn -0.5572 0.1020 0.8241
vn -0.5528 0.3790 -0.7422
vn -0.3863 0.5597 0.7332
vn -0.0235 0.7376 -0.6749
vn 0.2048 0.5910 -0.7802
vn 0.3863 0.5597 0.7331
vn 0.3862 0.5597 0.7332
vn 0.5443 0.4340 -0.7179
vn 0.5576 0.0943 0.8247
vn -0.4159 0.5729 0.7063
vn -0.5053 0.7264 -0.4659
vn -0.3700 0.0157 0.9289
vn -0.7468 0.5581 -0.3616
vn 0.5526 0.3946 -0.7341
vn -0.5053 0.7264 -0.4658
vn 0.7477 0.5666 -0.3463
vn -0.6912 0.7225 0.0157
vn 0.8139 0.5373 0.2212
vn -0.7087 0.3859 0.5907
vn -0.8113 0.5671 -0.1418
vn 0.7412 0.5598 -0.3706
vn 0.8199 0.5283 -0.2208
vn 0.2202 0.4798 -0.8493
vn -0.7138 0.5256 -0.4628
vn -0.9549 0.1894 -0.2288
vn 0.8199 0.5282 -0.2207
vn -0.2288 0.5363 0.8124
vn -0.8192 0.5514 0.1576
vn -0.2287 0.5363 0.8124
vn -0.9549 0.1894 -0.2289
vn 0.8040 0.5754 -0.1498
vn -0.7412 0.5598 -0.3706
vn -0.2689 0.5140 -0.8146
vn 0.9630 0.2289 -0.1420
vn 0.8040 0.5754 -0.1497
vn -0.7872 0.5982 0.1495
vn 0.6133 0.5425 0.5740
vn -0.9763 0.1811 0.1182
vn 0.7097 0.7017 0.0630
vn 0.8113 0.5671 -0.1418
vn -0.5534 0.5929 -0.5850
vn 0.7260 0.6865 0.0394
vn -0.9290 0.1496 -0.3384
vn 0.9968 0.0157 -0.0785
vn 0.7142 0.5180 0.4708
vn -0.7889 0.5364 0.2998
vn -0.6786 0.7338 0.0316
vn 0.7074 0.6994 0.1022
vn -0.6872 0.5292 -0.4976
vn -0.8986 -0.1340 -0.4177
vn 0.5501 0.4794 0.6837
vn 0.7328 0.4570 -0.5042
vn 0.4960 0.6140 -0.6140
vn -0.1180 0.5742 0.8102
vn -0.4960 0.6140 -0.6140
vn -0.7394 0.5821 -0.3382
vn 0.5686 0.6161 0.5451
vn -0.8112 0.5277 0.2521
vn 0.3311 0.4808 0.8119
vn -0.9452 0.1103 0.3071
vn -0.8112 0.5277 0.2520
vn 0.7806 0.5441 -0.3076
vn 0.3310 0.4808 0.8119
vn -0.8047 0.5444 0.2367
vn -0.7565 0.5594 -0.3388
vn 0.6453 0.6295 -0.4328
vn -0.5037 0.4328 -0.7476
vn 0.6452 0.6295 -0.4328
vn 0.5290 0.5921 -0.6079
vn 0.5586 0.6530 0.5115
vn 0.1649 0.5416 0.8243
vn -0.8048 0.5444 0.2367
vn 0.1649 0.5417 0.8243
vn -0.9773 0.1497 0.1498
vn 0.8157 0.5568 -0.1569
vn 0.6431 0.6431 -0.4157
vn 0.5745 0.5981 0.5588
vn -0.7409 0.5439 -0.3941
vn -0.8434 0.5203 0.1341
vn -0.2205 0.5041 0.8350
vn -0.9680 0.1338 -0.2125
vn -0.8434 0.5203 0.1340
vn -0.2206 0.5041 0.8350
vn 0.5745 0.5982 0.5588
vn 0.4557 0.5972 0.6600
vn 0.5043 0.6145 -0.6067
vn 0.4558 0.5972 0.6600
vn 0.5043 0.6146 -0.6067
vn 0.6835 0.6049 -0.4085
vn -0.7801 0.5043 -0.3703
vn 0.2052 0.4813 -0.8522
vn -0.8109 0.5747 0.1102
vn -0.7549 0.4010 0.5190
vn 0.4658 -0.0315 -0.8843
vn -0.4876 0.6213 0.6134
vn -0.5824 0.5904 0.5588
vn -0.5361 0.1656 -0.8278
vn -0.5907 0.6301 0.5041
vn 0.5824 0.5903 0.5588
vn 0.5361 0.1656 -0.8278
vn 0.4876 0.6213 0.6134
vn 0.5907 0.6301 0.5041
vn -0.4647 0.6222 0.6301
vn -0.5826 0.5826 0.5668
vn -0.5421 0.6285 0.5578
vn -0.4659 -0.0316 -0.8843
vn 0.7549 0.4010 0.5190
vn 0.7801 0.5043 -0.3704
vn -0.6835 0.6049 -0.4085
vn -0.2052 0.4813 -0.8522
vn -0.5745 0.5981 0.5588
vn -0.6431 0.6431 -0.4157
vn 0.7409 0.5439 -0.3941
vn 0.8434 0.5203 0.1339
vn 0.2205 0.5041 0.8350
vn 0.8434 0.5203 0.1340
vn 0.9680 0.1337 -0.2124
vn -0.8299 0.5217 0.1976
vn 0.2206 0.5041 0.8350
vn -0.4557 0.5972 0.6600
vn -0.5042 0.6145 -0.6067
vn -0.4558 0.5972 0.6600
vn -0.5042 0.6146 -0.6067
vn -0.2051 0.4813 -0.8522
vn -0.6835 0.6050 -0.4086
vn 0.5410 0.8075 -0.2352
vn -0.7265 0.5449 0.4185
vn -0.8007 0.5573 -0.2198
vn 0.8278 0.5282 0.1892
vn 0.2364 0.4964 0.8353
vn -0.9590 0.2358 -0.1572
vn 0.8192 0.5514 0.1575
vn -0.8040 0.5754 -0.1498
vn -0.7240 0.5666 0.3935
vn -0.9630 0.2289 -0.1421
vn 0.2689 0.5140 -0.8146
vn -0.8040 0.5754 -0.1497
vn 0.9549 0.1894 -0.2289
vn 0.2287 0.5363 0.8124
vn -0.7240 0.5666 0.3934
vn 0.2288 0.5363 0.8124
vn -0.9519 0.2282 0.2045
vn -0.9503 0.2278 0.2120
vn -0.8272 0.5200 -0.2127
vn -0.9503 0.2278 0.2121
vn -0.2211 0.4581 -0.8609
vn -0.2212 0.4581 -0.8609
vn 0.7194 0.5218 -0.4585
vn 0.7193 0.5218 -0.4586
vn -0.5445 0.6312 0.5524
vn -0.8273 0.5200 -0.2127
vn 0.8122 0.5756 0.0946
vn 0.7491 0.4100 0.5203
vn -0.0865 0.2434 -0.9661
vn -0.5687 0.7900 0.2291
vn 0.2204 0.7242 -0.6534
vn 0.7233 0.6368 -0.2673
vn -0.6245 0.4584 -0.6323
vn 0.6214 0.4562 -0.6370
vn 0.4876 -0.6134 0.6213
vn -0.7490 0.4100 0.5204
vn -0.7400 -0.3622 0.5668
vn -0.8176 -0.5582 0.1415
vn -0.7400 -0.3621 0.5668
vn 0.4793 0.6206 0.6206
vn -0.3162 -0.5692 0.7589
vn -0.2046 0.5823 0.7868
vn 0.5352 0.3778 0.7555
vn -0.5352 0.3778 0.7555
vn -0.5361 -0.1656 0.8278
vn 0.2046 0.5823 0.7868
vn 0.5361 -0.1655 0.8278
vn 0.3162 -0.5692 0.7589
vn -0.4876 -0.6134 0.6213
vn -0.1495 0.1023 0.9835
vn -0.1259 -0.4247 0.8966
vn -0.1259 -0.4247 0.8965
vn 0.1495 0.1023 0.9835
vn 0.1258 -0.4247 0.8966
vn 0.1492 0.1178 0.9818
vn 0.1262 -0.4022 0.9068
vn -0.1492 0.1178 0.9818
vn -0.1262 -0.4022 0.9068
vn 0.8206 -0.3313 0.4656
vn -0.8197 -0.3231 0.4729
vn -0.7190 -0.1027 0.6873
vn 0.3470 -0.3154 0.8832
vn -0.8555 -0.1256 0.5023
vn 0.2121 -0.5813 0.7855
vn -0.1887 -0.5663 0.8023
vn -0.5444 -0.4340 0.7179
vn -0.2121 -0.5813 0.7856
vn -0.5095 0.1019 0.8544
vn -0.3470 -0.3155 0.8832
vn -0.5514 0.1103 0.8270
vn -0.5455 -0.3874 0.7432
vn -0.2042 -0.5735 0.7934
vn -0.3711 0.5685 0.7342
vn 0.1577 -0.6150 0.7726
vn 0.3851 0.5737 0.7229
vn 0.2906 -0.3377 0.8953
vn -0.8597 -0.1183 0.4968
vn 0.7368 -0.5564 0.3841
vn -0.8246 -0.5498 0.1335
vn 0.5043 -0.4018 0.7643
vn -0.8077 -0.5724 0.1411
vn 0.5041 -0.4174 0.7561
vn 0.7208 0.3918 0.5719
vn -0.9459 -0.1576 0.2837
vn -0.8083 -0.5494 0.2118
vn -0.9810 -0.1412 0.1334
vn 0.2278 -0.0001 0.9737
vn -0.0157 0.7148 0.6991
vn 0.2826 0.7693 0.5730
vn 0.4792 -0.6127 0.6284
vn 0.5900 0.5978 0.5427
vn 0.0157 0.7149 0.6991
vn 0.5361 -0.1656 0.8278
vn -0.4792 -0.6127 0.6285
vn -0.2826 0.7693 0.5730
vn -0.5368 -0.5683 0.6236
vn -0.5444 0.8048 0.2367
vn -0.5908 -0.4727 0.6539
vn -0.5908 -0.4726 0.6538
vn 0.7408 -0.3467 0.5753
vn -0.5899 0.5979 0.5427
vn 0.8253 -0.5423 0.1572
vn -0.5368 -0.5684 0.6235
vn -0.5427 -0.5820 0.6056
vn -0.9646 -0.1333 0.2274
vn -0.9519 0.2281 0.2045
vn -0.7649 -0.4968 0.4101
vn 0.8439 -0.5127 0.1577
vn -0.5967 -0.4790 0.6438
vn -0.4647 0.6222 0.6300
vn 0.3163 -0.5692 0.7589
vn -0.4792 -0.6128 0.6284
vn -0.3162 -0.5693 0.7589
vn 0.4647 0.6222 0.6300
vn 0.5369 -0.5764 0.6160
vn 0.5370 -0.5764 0.6159
vn -0.8273 -0.5436 0.1418
vn -0.7318 -0.3541 0.5823
vn 0.5444 0.6313 0.5524
vn -0.2212 -0.4581 0.8609
vn -0.2205 0.5042 0.8350
vn 0.7194 -0.5217 0.4586
vn -0.8273 -0.5199 0.2127
vn -0.2211 -0.4581 0.8610
vn 0.7266 0.5449 0.4186
vn -0.9630 -0.2290 0.1420
vn -0.8047 0.5600 0.1972
vn -0.8007 -0.5573 0.2198
vn -0.8185 -0.5588 0.1338
vn 0.5027 -0.4084 0.7619
vn -0.9488 0.1254 0.2901
vn 0.7087 0.3860 0.5906
vn 0.3069 -0.4722 0.8263
vn -0.0235 -0.7225 0.6910
vn 0.3940 0.5752 0.7169
vn 0.3708 0.1026 0.9230
vn 0.5513 0.1103 0.8270
vn -0.5527 -0.3790 0.7422
vn 0.0235 -0.7225 0.6910
vn -0.3940 0.5752 0.7169
vn -0.5454 0.8062 0.2292
vn -0.2198 -0.8007 0.5573
vn -0.5454 -0.8062 0.2293
vn 0.2198 -0.8007 0.5573
vn 0.5453 0.8062 0.2293
vn 0.5455 -0.8062 0.2292
vn -0.2198 0.8007 0.5573
vn 0.2198 0.8007 0.5573
vn -0.3069 -0.4722 0.8263
vn -0.8764 -0.0000 0.4817
vn 0.5410 -0.8075 0.2352
vn -0.5409 -0.8075 0.2352
vn -0.4874 -0.5975 0.6367
vn 0.4875 -0.5975 0.6367
vn 0.8051 0.1026 0.5842
vn -0.2278 0.0001 0.9737
vn -0.6133 0.5426 0.5739
vn -0.2748 -0.4947 0.8245
vn 0.8083 -0.5493 0.2119
vn -0.7321 -0.5667 0.3779
vn -0.5043 -0.4019 0.7643
vn 0.9540 0.1340 0.2680
vn 0.9459 -0.1577 0.2837
vn -0.5043 -0.4018 0.7643
vn 0.8246 -0.5497 0.1335
vn -0.7368 -0.5565 0.3841
vn -0.7208 0.3917 0.5719
vn 0.8555 -0.1256 0.5023
vn -0.2906 -0.3377 0.8953
vn -0.3466 0.0315 0.9375
vn -0.1577 -0.6150 0.7726
vn -0.3851 0.5737 0.7229
vn 0.8555 -0.1255 0.5023
vn 0.7190 -0.1027 0.6873
vn 0.8197 -0.3231 0.4729
vn -0.8206 -0.3315 0.4656
vn 0.5409 -0.8075 0.2352
vn -0.8051 0.1026 0.5841
vn 0.8047 0.5444 0.2366
vn -0.2599 -0.5117 0.8189
vn -0.1648 0.5417 0.8242
vn -0.2598 -0.5118 0.8189
vn 0.8007 -0.5573 0.2198
vn -0.7230 -0.5737 0.3850
vn -0.2689 -0.5140 0.8145
vn -0.2135 0.4744 0.8540
vn -0.5027 -0.4085 0.7619
vn 0.9226 -0.2523 0.2918
vn -0.3310 0.4809 0.8119
vn -0.5027 -0.4084 0.7619
vn 0.8185 -0.5587 0.1338
vn -0.7535 -0.5494 0.3610
vn -0.4173 -0.5590 0.7165
vn -0.3708 0.1026 0.9230
vn -0.5568 -0.1098 0.8234
vn -0.2985 -0.3300 0.8955
vn 0.7258 0.0473 0.6863
vn 0.6743 -0.0471 0.7370
vn -0.5502 0.4794 0.6837
vn 0.2207 -0.6857 0.6936
vn 0.9871 0.1343 0.0868
vn 0.7889 0.5364 0.2998
vn -0.8051 0.1027 0.5841
vn 0.0709 0.6854 0.7247
vn -0.4097 -0.7801 0.4728
vn -0.2443 0.9297 0.2758
vn 0.0788 -0.4489 0.8901
vn -0.0709 0.6854 0.7247
vn -0.0709 -0.6854 0.7247
vn 0.2443 -0.9297 0.2758
vn -0.2278 -0.4635 0.8563
vn 0.7649 -0.4968 0.4101
vn -0.8440 -0.5127 0.1578
vn -0.2279 -0.4635 0.8563
vn -0.2287 0.5364 0.8124
vn 0.9519 0.2282 0.2045
vn 0.5368 -0.5683 0.6236
vn -0.8253 -0.5423 0.1572
vn -0.7408 -0.3468 0.5753
vn 0.5908 -0.4727 0.6538
vn -0.9279 -0.2517 0.2752
vn -0.8754 -0.0473 0.4810
vn 0.3700 0.0158 0.9289
vn 0.1651 -0.6055 0.7785
vn -0.2052 -0.5681 0.7969
vn -0.3863 0.5597 0.7331
vn 0.2049 -0.5911 0.7802
vn -0.4160 0.5729 0.7062
vn -0.1651 -0.6055 0.7785
vn -0.3700 0.0158 0.9289
vn -0.5040 -0.4175 0.7561
vn -0.7087 0.3858 0.5906
vn 0.9279 -0.2515 0.2752
vn -0.5041 -0.4174 0.7561
vn 0.8077 -0.5724 0.1412
vn -0.7412 -0.5598 0.3706
vn 0.9549 -0.1894 0.2288
vn -0.2364 0.4965 0.8352
vn 0.9503 0.2278 0.2120
vn -0.2202 -0.4797 0.8493
vn 0.7139 -0.5255 0.4628
vn -0.8199 -0.5282 0.2208
vn -0.9764 0.1811 0.1181
vn 0.6133 0.5426 0.5739
vn -0.8041 -0.5754 0.1498
vn 0.7142 0.5179 0.4709
vn -0.9871 0.1343 0.0868
vn 0.8052 0.1027 0.5841
vn -0.2207 -0.6858 0.6936
vn 0.1180 0.5742 0.8101
vn -0.6743 -0.0471 0.7370
vn -0.7258 0.0474 0.6863
vn 0.3310 0.4809 0.8119
vn -0.9453 0.1102 0.3072
vn -0.9226 -0.2523 0.2917
vn -0.8048 0.5443 0.2367
vn 0.2599 -0.5118 0.8189
vn -0.9773 0.1497 0.1497
vn -0.9590 -0.2358 0.1572
vn 0.2117 -0.7921 0.5725
vn -0.8434 0.5202 0.1340
vn 0.5745 0.5981 0.5587
vn 0.8300 0.5216 0.1976
vn -0.7318 -0.3542 0.5823
vn 0.5826 0.5826 0.5668
vn 0.5825 0.5903 0.5588
vn -0.2117 -0.7921 0.5725
vn -0.5287 -0.7970 0.2920
vn 0.7548 0.4011 0.5190
vn -0.5745 0.5981 0.5587
vn 0.8434 0.5202 0.1340
vn -0.9586 -0.1808 0.2200
vn 0.2212 -0.4581 0.8609
vn -0.7194 -0.5217 0.4585
vn 0.8273 -0.5199 0.2127
vn 0.2363 0.4964 0.8353
vn 0.2202 -0.4797 0.8493
vn 0.8200 -0.5281 0.2208
vn -0.7138 -0.5256 0.4628
vn -0.9549 -0.1894 0.2288
vn -0.9504 0.2277 0.2120
vn 0.8272 -0.5436 0.1418
vn -0.5370 -0.5764 0.6159
vn 0.7318 -0.3540 0.5823
vn -0.5444 0.6313 0.5523
vn 0.7490 0.4100 0.5204
vn 0.7400 -0.3621 0.5668
vn -0.5427 -0.5821 0.6055
vn -0.5688 0.7899 0.2291
vn 0.5687 0.7900 0.2290
vn -0.5751 -0.2207 0.7878
vn -0.6941 -0.0552 -0.7178
vn -0.6920 -0.0944 -0.7157
vn -0.8176 -0.5582 0.1416
vn -0.7506 0.4346 0.4978
vn -0.8197 -0.3232 0.4729
vn -0.7827 0.2846 -0.5535
vn -0.7190 -0.1027 0.6874
vn -0.8555 -0.1256 0.5024
vn -0.8140 -0.3240 -0.4821
vn -0.7331 0.5597 -0.3863
vn -0.6126 0.3377 -0.7147
vn -0.3863 -0.5597 -0.7332
vn -0.5444 -0.4338 0.7179
vn -0.1888 -0.5663 0.8023
vn -0.5443 -0.4339 0.7179
vn -0.5513 -0.1103 -0.8270
vn -0.5455 0.3874 -0.7432
vn -0.2042 -0.5734 0.7934
vn -0.3778 -0.5668 -0.7321
vn -0.5456 -0.3873 0.7432
vn -0.2049 0.5911 -0.7802
vn -0.3710 0.5684 0.7343
vn -0.8130 -0.3157 -0.4893
vn -0.5525 0.3947 -0.7341
vn -0.8597 -0.1183 0.4969
vn -0.7400 0.5668 -0.3622
vn -0.6854 0.7091 -0.1655
vn -0.8077 -0.5725 0.1412
vn -0.9540 0.1341 0.2681
vn -0.9279 -0.2516 0.2752
vn -0.7411 0.5598 -0.3706
vn -0.7208 -0.3917 -0.5719
vn -0.9458 -0.1576 0.2838
vn -0.5040 0.4174 -0.7561
vn -0.6942 -0.5207 -0.4970
vn -0.7092 -0.7014 -0.0709
vn -0.8083 -0.5494 0.2119
vn -0.9809 -0.1413 0.1334
vn -0.6700 -0.5518 -0.4966
vn -0.2277 -0.0000 -0.9737
vn -0.6863 0.0474 -0.7258
vn -0.5361 -0.1655 0.8278
vn -0.5352 -0.3778 -0.7555
vn -0.5444 0.8048 0.2366
vn -0.5367 -0.5683 0.6236
vn -0.8414 -0.5347 -0.0787
vn -0.5899 0.5978 0.5428
vn -0.5427 -0.5821 0.6056
vn -0.8192 -0.5514 -0.1576
vn -0.9549 -0.1894 0.2289
vn -0.2282 -0.5272 -0.8185
vn -0.2202 0.4798 -0.8493
vn -0.9646 -0.1333 0.2275
vn -0.6907 0.7221 0.0393
vn -0.7649 -0.4968 0.4100
vn -0.7804 -0.6070 -0.1498
vn -0.9881 -0.0317 -0.1502
vn -0.9888 -0.0000 -0.1491
vn -0.9879 -0.0396 -0.1501
vn -0.9875 -0.0474 -0.1501
vn -0.9875 -0.0474 -0.1502
vn -0.9879 -0.0395 -0.1502
vn -0.9888 -0.0000 -0.1492
vn -0.9875 -0.0475 -0.1500
vn -0.5339 0.1491 -0.8323
vn -0.5274 -0.3385 -0.7793
vn -0.6273 -0.3293 -0.7057
vn -0.7265 -0.5449 -0.4186
vn -0.8122 0.5757 0.0946
vn -0.9504 -0.2277 -0.2120
vn -0.8272 -0.5200 0.2127
vn -0.9503 -0.2278 -0.2121
vn -0.2211 -0.4582 0.8609
vn -0.2363 0.4964 0.8353
vn -0.9519 -0.2282 -0.2046
vn -0.7533 -0.5336 -0.3845
vn -0.7229 0.5736 -0.3851
vn -0.2135 -0.4744 -0.8540
vn -0.2598 0.5118 -0.8189
vn -0.9590 -0.2358 0.1573
vn -0.8006 -0.5573 0.2199
vn -0.9630 -0.2289 0.1421
vn -0.6133 -0.5426 -0.5740
vn -0.7073 -0.6995 -0.1022
vn -0.7087 -0.3859 -0.5906
vn -0.5036 0.4328 -0.7477
vn -0.9226 -0.2523 0.2918
vn -0.5010 0.4150 -0.7595
vn -0.8138 0.5373 0.2212
vn -0.7106 -0.6949 -0.1106
vn -0.7476 0.5667 -0.3463
vn -0.5572 -0.1021 -0.8241
vn -0.5454 0.8063 0.2291
vn -0.5454 -0.8063 -0.2291
vn -0.5454 -0.8062 0.2292
vn -0.8764 -0.0000 0.4816
vn -0.7472 -0.4247 -0.5112
vn -0.7807 0.5441 -0.3075
vn -0.4789 0.5967 0.6439
vn -0.3541 -0.4800 -0.8026
vn -0.6452 0.6296 -0.4329
vn -0.9569 0.0078 -0.2902
vn -0.5410 0.8075 0.2351
vn -0.5410 -0.8075 0.2353
vn -0.7096 0.7018 0.0631
vn -0.6133 0.5426 0.5740
vn -0.7411 -0.5598 0.3706
vn -0.2277 -0.0000 0.9737
vn -0.9857 -0.1341 -0.1025
vn -0.7321 -0.5668 0.3779
vn -0.6990 0.7148 0.0235
vn -0.8058 -0.5609 -0.1896
vn -0.9566 -0.1176 -0.2666
vn -0.9279 0.2516 -0.2752
vn -0.7088 0.7010 0.0788
vn -0.7411 -0.6623 0.1104
vn -0.6530 0.6373 -0.4092
vn -0.6791 -0.5607 -0.4738
vn -0.6791 -0.5606 -0.4738
vn -0.9059 0.0709 -0.4175
vn -0.7089 0.6144 -0.3465
vn -0.4869 0.6519 -0.5813
vn -0.9029 0.0707 -0.4240
vn -0.7088 0.6144 -0.3466
vn -0.3470 -0.3154 0.8832
vn -0.6859 -0.5597 -0.4651
vn -0.7397 -0.6611 0.1259
vn -0.6474 0.6317 -0.4264
vn -0.6858 -0.5597 -0.4651
vn -0.4892 0.6550 -0.5759
vn -0.5736 0.6208 -0.5343
vn -0.8206 -0.3314 0.4656
vn -0.6213 0.4562 -0.6370
vn -0.7232 0.6368 -0.2673
vn -0.7217 -0.5649 0.4001
vn -0.2206 -0.9378 0.2680
vn -0.5410 -0.8075 -0.2351
vn -0.5410 0.8075 -0.2353
vn -0.5917 -0.7730 -0.2287
vn -0.4874 -0.5975 0.6368
vn -0.4495 -0.6624 -0.5993
vn -0.4731 0.6230 -0.6230
vn -0.5992 -0.7253 -0.3390
vn -0.8157 0.5569 -0.1568
vn -0.9772 -0.1813 -0.1103
vn -0.7229 -0.5737 0.3851
vn -0.8138 -0.5373 -0.2212
vn -0.8184 0.5588 -0.1338
vn -0.9520 -0.1338 -0.2754
vn -0.2688 -0.5140 0.8145
vn -0.8046 -0.5601 -0.1972
vn -0.9297 0.2442 -0.2758
vn -0.7535 -0.5494 0.3611
vn -0.8052 0.1026 0.5841
vn -0.6384 0.6464 -0.4178
vn -0.5039 0.6378 -0.5826
vn -0.7147 0.6125 -0.3377
vn -0.5206 -0.6231 -0.5837
vn -0.5813 -0.6206 -0.5263
vn -0.5205 -0.6232 -0.5837
vn -0.2985 -0.3299 0.8956
vn -0.5501 0.4794 0.6838
vn -0.5568 -0.1097 0.8234
vn -0.5813 -0.6205 -0.5264
vn -0.7327 0.4570 -0.5043
vn -0.5437 -0.8195 -0.1812
vn -0.7073 0.6995 0.1022
vn -0.8034 0.5278 0.2757
vn -0.7141 0.5180 0.4709
vn -0.9968 0.0157 -0.0785
vn -0.5916 -0.7731 -0.2287
vn -0.7260 -0.6866 0.0395
vn -0.7260 0.6866 0.0394
vn -0.4098 -0.7801 0.4727
vn -0.7096 -0.7018 -0.0631
vn -0.6774 0.7168 -0.1654
vn -0.8439 -0.5127 0.1578
vn -0.9632 -0.1736 -0.2052
vn -0.9632 -0.1737 -0.2053
vn -0.7864 -0.5269 -0.3224
vn -0.6685 0.6844 -0.2910
vn -0.9549 0.1893 -0.2289
vn -0.8253 -0.5424 0.1572
vn -0.7970 -0.3314 -0.5050
vn -0.8754 -0.0474 0.4811
vn -0.5675 0.4178 -0.7095
vn -0.2051 -0.5681 0.7970
vn -0.3868 -0.5683 -0.7262
vn -0.5527 0.3789 -0.7422
vn -0.6563 -0.5930 -0.4665
vn -0.7029 -0.7109 0.0237
vn -0.4160 0.5728 0.7063
vn -0.6911 0.7226 0.0157
vn -0.5040 -0.4174 0.7561
vn -0.9540 -0.1341 -0.2681
vn -0.8058 -0.5610 -0.1896
vn -0.8113 0.5672 -0.1418
vn -0.7240 -0.5666 -0.3935
vn -0.7138 0.5256 -0.4629
vn -0.9549 0.1893 -0.2288
vn -0.9519 -0.2281 -0.2045
vn -0.2202 -0.4798 0.8493
vn -0.9763 0.1811 0.1181
vn -0.2688 0.5141 -0.8145
vn -0.8040 -0.5754 0.1498
vn -0.7872 0.5983 0.1496
vn -0.7088 -0.7010 -0.0788
vn -0.9290 0.1496 -0.3385
vn -0.5534 0.5929 -0.5851
vn -0.5533 -0.5930 -0.5850
vn -0.7014 -0.7093 0.0709
vn -0.6925 -0.5587 -0.4564
vn -0.9871 0.1342 0.0868
vn -0.9773 0.1498 0.1497
vn -0.7188 -0.6477 -0.2528
vn -0.7889 0.5365 0.2998
vn -0.6872 0.5293 -0.4977
vn -0.8986 -0.1340 -0.4178
vn -0.2127 -0.7957 -0.5672
vn -0.6742 -0.0470 0.7370
vn -0.7884 -0.3154 -0.5282
vn -0.7257 0.0473 0.6864
vn -0.8685 -0.3000 -0.3947
vn -0.7394 0.5821 -0.3383
vn -0.9918 -0.0236 -0.1259
vn -0.9452 0.1103 0.3072
vn -0.7564 0.5595 -0.3388
vn -0.9888 -0.0079 -0.1491
vn -0.6798 -0.7273 -0.0949
vn -0.9680 0.1337 -0.2125
vn -0.6671 -0.6985 -0.2590
vn -0.7548 0.4011 0.5190
vn -0.5361 0.1655 -0.8278
vn -0.5824 0.5903 0.5589
vn -0.5825 0.5825 0.5668
vn -0.5507 -0.8182 -0.1652
vn -0.5421 0.6285 0.5579
vn -0.6835 0.6049 -0.4086
vn -0.2362 -0.8109 -0.5354
vn -0.8300 0.5217 0.1976
vn -0.4557 0.5972 0.6601
vn -0.2364 -0.4964 -0.8353
vn -0.9586 -0.1807 0.2201
vn -0.5907 0.6300 0.5041
vn -0.7265 0.5449 0.4186
vn -0.9586 -0.1807 0.2200
vn -0.7194 -0.5218 0.4585
vn -0.9763 -0.1811 -0.1181
vn -0.7872 -0.5983 -0.1496
vn -0.7239 0.5666 0.3935
vn -0.2287 -0.5364 -0.8124
vn -0.9549 -0.1893 0.2289
vn -0.8272 0.5200 -0.2128
vn -0.8278 -0.5282 -0.1892
vn -0.5444 0.6313 0.5524
vn -0.5370 -0.5765 0.6159
vn -0.5688 0.7900 0.2290
vn -0.5751 -0.2206 0.7878
vn -0.6244 0.4585 -0.6324
vn -0.9882 0.0316 0.1502
vn -0.9888 -0.0000 0.1491
vn -0.9879 0.0395 0.1502
vn -0.9875 0.0474 0.1501
vn -0.9881 0.0316 0.1502
vn 0.5967 -0.4789 0.6438
vn 0.5967 -0.4790 0.6439
vn 0.1654 -0.5829 -0.7956
vn -0.1654 -0.5829 -0.7956
vn -0.3162 -0.5692 0.7590
vn -0.5273 -0.3385 -0.7793
vn -0.5361 -0.1656 0.8277
vn 0.3163 -0.5692 0.7590
vn 0.5360 -0.1656 0.8278
vn -0.1654 -0.5829 -0.7955
vn 0.1337 -0.6686 -0.7315
vn 0.0712 -0.9560 -0.2845
vn 0.0706 -0.9567 -0.2823
vn -0.0158 -0.9562 0.2924
vn -0.0157 -0.9569 0.2901
vn -0.1337 -0.6686 -0.7315
vn -0.0711 -0.9561 -0.2844
vn -0.0706 -0.9567 -0.2823
vn 0.0159 -0.9562 0.2924
vn 0.0157 -0.9569 0.2901
vn 0.1259 -0.4247 0.8966
vn -0.0708 -0.9516 -0.2989
vn 0.0235 -0.9492 0.3138
vn -0.0706 -0.9494 -0.3060
vn 0.0236 -0.9515 0.3067
vn -0.1334 -0.6437 -0.7535
vn 0.1261 -0.4021 0.9068
vn -0.0236 -0.9515 0.3067
vn -0.0235 -0.9492 0.3138
vn -0.1261 -0.4022 0.9068
vn 0.0708 -0.9517 -0.2989
vn 0.0706 -0.9494 -0.3060
vn 0.1334 -0.6437 -0.7535
vn 0.2120 -0.5813 0.7856
vn -0.3863 -0.5597 -0.7331
vn 0.3470 -0.3155 0.8832
vn -0.5444 -0.4339 0.7179
vn 0.3863 -0.5597 -0.7331
vn 0.1887 -0.5663 0.8023
vn -0.6858 -0.5597 -0.4652
vn -0.3469 -0.3155 0.8832
vn 0.3862 -0.5597 -0.7332
vn 0.5443 -0.4340 0.7179
vn 0.5513 -0.1103 -0.8270
vn 0.5522 -0.0947 -0.8283
vn -0.2043 -0.5734 0.7934
vn 0.1576 -0.6149 0.7727
vn -0.3779 -0.5668 -0.7321
vn 0.6791 -0.5606 -0.4739
vn 0.2905 -0.3378 0.8953
vn 0.7411 -0.6622 0.1104
vn 0.6791 -0.5606 -0.4738
vn -0.8129 -0.3157 -0.4894
vn 0.7398 -0.6610 0.1259
vn 0.6858 -0.5597 -0.4652
vn -0.8246 -0.5497 0.1335
vn 0.7368 -0.5565 0.3841
vn 0.7412 -0.5598 0.3705
vn -0.9458 -0.1577 0.2837
vn -0.7207 -0.3917 -0.5719
vn 0.8059 -0.5609 -0.1896
vn 0.9566 -0.1176 -0.2667
vn -0.7093 -0.7013 -0.0709
vn -0.8083 -0.5493 0.2118
vn 0.2749 -0.4947 0.8244
vn 0.7805 -0.6070 -0.1498
vn 0.9856 -0.1341 -0.1026
vn 0.5352 -0.3777 -0.7555
vn 0.4792 -0.6127 0.6285
vn 0.1736 -0.5679 -0.8046
vn -0.1967 -0.5743 -0.7946
vn -0.5352 -0.3778 -0.7556
vn 0.1967 -0.5743 -0.7946
vn -0.1735 -0.5680 -0.8046
vn -0.5908 -0.4726 0.6539
vn -0.5909 -0.4727 0.6538
vn 0.7864 -0.5269 -0.3224
vn -0.2283 -0.5273 -0.8185
vn 0.7240 -0.5666 -0.3934
vn -0.2282 -0.5273 -0.8185
vn -0.9646 -0.1334 0.2275
vn -0.8414 -0.5347 -0.0786
vn 0.8439 -0.5127 0.1578
vn 0.2278 -0.4634 0.8563
vn 0.7097 -0.7017 -0.0630
vn -0.7805 -0.6070 -0.1498
vn -0.1653 -0.5829 -0.7956
vn -0.5967 -0.4789 0.6439
vn 0.1654 -0.5828 -0.7956
vn -0.5360 -0.1656 0.8278
vn 0.5908 -0.4726 0.6539
vn -0.7318 -0.3540 0.5823
vn 0.2364 -0.4964 -0.8353
vn -0.9503 -0.2278 -0.2120
vn -0.8272 -0.5200 0.2128
vn -0.9503 -0.2277 -0.2121
vn 0.7194 -0.5218 0.4585
vn -0.8273 -0.5200 0.2127
vn -0.9590 -0.2357 0.1572
vn -0.2135 -0.4745 -0.8540
vn -0.8040 -0.5754 0.1497
vn 0.7230 -0.5736 0.3850
vn -0.7074 -0.6994 -0.1022
vn 0.8139 -0.5373 -0.2213
vn -0.7087 -0.3859 -0.5907
vn 0.9520 -0.1338 -0.2754
vn 0.5028 -0.4084 0.7619
vn -0.8185 -0.5588 0.1337
vn -0.9226 -0.2524 0.2917
vn -0.7106 -0.6948 -0.1106
vn 0.7030 -0.7108 0.0237
vn -0.8684 -0.3000 -0.3948
vn -0.0236 -0.7224 0.6911
vn -0.2207 -0.8042 -0.5519
vn 0.0236 -0.7224 0.6911
vn 0.2208 -0.8042 -0.5519
vn -0.5454 -0.8062 -0.2292
vn 0.5454 -0.8062 0.2293
vn -0.2198 -0.8006 0.5574
vn 0.2198 -0.8006 0.5574
vn -0.2198 -0.8006 -0.5574
vn 0.2198 -0.8006 -0.5573
vn -0.3070 -0.4722 0.8263
vn -0.5454 -0.8062 -0.2293
vn -0.5410 -0.8075 0.2352
vn 0.4495 -0.6624 -0.5994
vn 0.4875 -0.5974 0.6367
vn 0.4874 -0.5975 0.6367
vn 0.5992 -0.7253 -0.3390
vn -0.2749 -0.4947 0.8244
vn 0.9809 -0.1412 0.1334
vn 0.7093 -0.7013 -0.0709
vn -0.9856 -0.1341 -0.1026
vn -0.8059 -0.5609 -0.1896
vn 0.8246 -0.5497 0.1334
vn -0.7411 -0.6622 0.1104
vn -0.7412 -0.5598 0.3705
vn 0.8077 -0.5724 0.1411
vn -0.2905 -0.3378 0.8953
vn -0.1577 -0.6149 0.7727
vn 0.2048 -0.5910 0.7802
vn 0.8140 -0.3240 -0.4821
vn -0.7398 -0.6610 0.1259
vn -0.7368 -0.5565 0.3840
vn -0.7217 -0.5648 0.4001
vn -0.8206 -0.3314 0.4655
vn 0.5410 -0.8075 -0.2352
vn -0.5410 -0.8075 -0.2352
vn -0.4495 -0.6624 -0.5994
vn -0.4874 -0.5974 0.6368
vn -0.5916 -0.7731 -0.2288
vn 0.7188 -0.6477 -0.2527
vn -0.2599 -0.5118 0.8189
vn 0.2135 -0.4744 -0.8540
vn 0.2136 -0.4744 -0.8540
vn -0.7230 -0.5736 0.3850
vn 0.8006 -0.5573 0.2199
vn -0.8139 -0.5373 -0.2212
vn -0.5028 -0.4084 0.7618
vn 0.9226 -0.2524 0.2917
vn 0.8185 -0.5588 0.1337
vn 0.8684 -0.3000 -0.3948
vn -0.5812 -0.6206 -0.5264
vn -0.5567 -0.1098 0.8234
vn 0.7884 -0.3154 -0.5282
vn 0.7014 -0.7092 0.0709
vn -0.5437 -0.8195 -0.1813
vn -0.7260 -0.6865 0.0394
vn 0.6471 -0.3315 -0.6865
vn -0.4098 -0.7801 0.4728
vn 0.0788 -0.4490 0.8901
vn -0.0315 -0.6948 -0.7185
vn 0.0395 -0.4501 -0.8921
vn -0.0709 -0.6853 0.7248
vn -0.5534 -0.5929 -0.5850
vn 0.7260 -0.6865 0.0395
vn -0.7096 -0.7017 -0.0631
vn 0.2283 -0.5272 -0.8185
vn 0.8414 -0.5347 -0.0786
vn 0.8414 -0.5347 -0.0785
vn 0.5368 -0.5684 0.6236
vn -0.7408 -0.3468 0.5752
vn 0.5909 -0.4726 0.6539
vn -0.7969 -0.3314 -0.5050
vn 0.2985 -0.3300 0.8955
vn 0.6562 -0.5930 -0.4666
vn -0.2052 -0.5681 0.7970
vn -0.5572 -0.1020 -0.8241
vn 0.5443 -0.4339 0.7179
vn 0.5577 -0.0943 -0.8247
vn 0.3867 -0.5683 -0.7262
vn -0.1652 -0.6055 0.7785
vn -0.6563 -0.5930 -0.4666
vn -0.7030 -0.7108 0.0237
vn 0.7970 -0.3314 -0.5049
vn 0.7107 -0.6948 -0.1105
vn 0.8185 -0.5588 0.1339
vn 0.9279 -0.2517 0.2752
vn 0.7207 -0.3918 -0.5719
vn -0.9540 -0.1341 -0.2680
vn -0.8059 -0.5609 -0.1895
vn 0.7089 -0.7009 -0.0787
vn 0.8040 -0.5754 0.1498
vn -0.8176 -0.5582 0.1414
vn 0.8192 -0.5514 -0.1575
vn -0.7239 -0.5666 -0.3935
vn 0.2288 -0.5364 -0.8124
vn -0.7240 -0.5666 -0.3934
vn -0.8199 -0.5282 0.2207
vn 0.7138 -0.5256 0.4628
vn -0.7097 -0.7017 -0.0631
vn 0.7872 -0.5982 -0.1496
vn 0.9763 -0.1811 -0.1182
vn -0.7089 -0.7009 -0.0788
vn -0.7014 -0.7092 0.0710
vn -0.7188 -0.6477 -0.2527
vn -0.2207 -0.6857 0.6936
vn 0.2127 -0.7956 -0.5672
vn -0.2127 -0.7956 -0.5672
vn 0.5813 -0.6205 -0.5263
vn 0.2599 -0.5118 0.8188
vn -0.8007 -0.5574 0.2198
vn -0.6798 -0.7272 -0.0949
vn 0.2362 -0.8109 -0.5354
vn -0.2198 -0.8006 0.5573
vn -0.1884 -0.6825 -0.7062
vn 0.4659 -0.0315 -0.8843
vn -0.6671 -0.6985 -0.2589
vn -0.0157 -0.7148 -0.6991
vn 0.0157 -0.7148 -0.6991
vn 0.1883 -0.6825 -0.7062
vn -0.2118 -0.7921 0.5725
vn 0.6671 -0.6985 -0.2590
vn 0.6672 -0.6985 -0.2590
vn -0.4658 -0.0315 -0.8843
vn 0.6273 -0.3293 -0.7057
vn 0.6798 -0.7272 -0.0949
vn -0.9586 -0.1807 0.2199
vn -0.8046 -0.5601 -0.1973
vn -0.2690 -0.5140 0.8145
vn 0.8041 -0.5754 0.1497
vn -0.7872 -0.5983 -0.1495
vn 0.7097 -0.7017 -0.0631
vn -0.7139 -0.5256 0.4628
vn 0.7240 -0.5666 -0.3935
vn -0.2288 -0.5363 -0.8124
vn -0.8277 -0.5282 -0.1892
vn 0.7266 -0.5449 -0.4185
vn 0.9503 -0.2277 -0.2121
vn -0.8278 -0.5282 -0.1893
vn 0.8273 -0.5436 0.1418
vn -0.5968 -0.4790 0.6438
vn 0.0869 -0.9474 -0.3080
vn -0.0868 -0.9474 -0.3080
vn 0.2206 -0.9378 0.2680
vn 0.7218 -0.5648 0.4001
vn 0.8206 -0.3314 0.4655
vn -0.6941 -0.0552 -0.7177
vn -0.6921 -0.0944 -0.7156
vn 0.5340 0.1492 -0.8323
vn 0.5352 -0.3778 -0.7555
vn 0.1654 -0.5829 -0.7955
vn 0.3163 0.5692 -0.7589
vn -0.3162 0.5693 -0.7589
vn 0.5340 0.1492 -0.8322
vn 0.1500 -0.4579 -0.8763
vn -0.1500 -0.4579 -0.8763
vn -0.1337 -0.6685 -0.7316
vn -0.1335 -0.6436 -0.7536
vn -0.1495 -0.4485 -0.8812
vn 0.1495 -0.4484 -0.8812
vn 0.1335 -0.6437 -0.7536
vn 0.1334 -0.6437 -0.7536
vn -0.0236 0.7301 -0.6829
vn 0.6859 -0.5597 -0.4652
vn 0.0236 0.7301 -0.6829
vn -0.4893 0.6549 -0.5760
vn -0.5455 0.3874 -0.7431
vn 0.2055 0.6085 -0.7665
vn -0.8130 -0.3156 -0.4893
vn 0.6792 -0.5606 -0.4738
vn 0.9059 0.0709 -0.4174
vn -0.5526 0.3947 -0.7341
vn 0.9029 0.0707 -0.4239
vn 0.7088 0.6144 -0.3465
vn 0.9566 -0.1177 -0.2666
vn -0.6942 -0.5207 -0.4969
vn 0.8114 0.5671 -0.1418
vn -0.2278 -0.0000 -0.9737
vn -0.6863 0.0473 -0.7257
vn 0.1735 -0.5680 -0.8045
vn -0.1261 0.6856 -0.7170
vn 0.1261 0.6855 -0.7170
vn 0.1967 -0.5744 -0.7946
vn -0.1736 -0.5679 -0.8046
vn 0.6863 0.0474 -0.7258
vn -0.8413 -0.5347 -0.0787
vn 0.6941 -0.0552 -0.7177
vn -0.5274 -0.3384 -0.7793
vn -0.8193 -0.5513 -0.1576
vn 0.7139 0.5255 -0.4628
vn -0.2282 -0.5273 -0.8184
vn -0.3162 0.5692 -0.7589
vn 0.6921 -0.0944 -0.7156
vn 0.4658 -0.0316 -0.8843
vn -0.6273 -0.3294 -0.7057
vn -0.7266 -0.5448 -0.4186
vn -0.7194 0.5217 -0.4585
vn 0.2212 0.4582 -0.8609
vn 0.8185 0.5587 -0.1338
vn -0.5037 0.4328 -0.7477
vn -0.7088 -0.3858 -0.5906
vn -0.5011 0.4150 -0.7594
vn 0.9540 -0.1340 -0.2680
vn 0.9297 0.2442 -0.2758
vn 0.5039 0.6378 -0.5826
vn -0.2208 -0.8042 -0.5519
vn 0.2207 -0.8042 -0.5519
vn 0.5900 0.6373 -0.4957
vn 0.5453 -0.8062 -0.2293
vn -0.2198 0.8007 -0.5573
vn -0.2198 -0.8007 -0.5573
vn 0.2198 0.8007 -0.5573
vn 0.2198 -0.8007 -0.5573
vn -0.5290 0.5921 -0.6079
vn 0.5454 0.8062 -0.2292
vn -0.5453 0.8063 -0.2293
vn -0.8113 0.5672 -0.1417
vn -0.9857 -0.1340 -0.1025
vn 0.2278 -0.0000 -0.9737
vn 0.6701 -0.5518 -0.4966
vn 0.6942 -0.5207 -0.4969
vn 0.8129 -0.3157 -0.4893
vn 0.6126 0.3376 -0.7147
vn -0.7089 0.6143 -0.3465
vn -0.9029 0.0706 -0.4239
vn -0.6858 -0.5598 -0.4651
vn -0.6858 -0.5598 -0.4652
vn 0.6245 0.4585 -0.6323
vn 0.7828 0.2846 -0.5535
vn -0.5737 0.6207 -0.5344
vn -0.6214 0.4562 -0.6370
vn -0.2207 -0.9378 0.2680
vn 0.0864 0.2435 -0.9660
vn -0.2204 0.7242 -0.6534
vn -0.5409 0.8075 -0.2352
vn -0.9772 -0.1812 -0.1103
vn 0.2598 0.5118 -0.8188
vn -0.8157 0.5569 -0.1569
vn 0.2134 -0.4744 -0.8540
vn -0.8185 0.5587 -0.1338
vn 0.5011 0.4149 -0.7595
vn 0.7535 0.5495 -0.3610
vn 0.5037 0.4328 -0.7476
vn -0.9520 -0.1337 -0.2753
vn -0.6453 0.6296 -0.4328
vn 0.5676 0.4177 -0.7095
vn 0.7969 -0.3315 -0.5050
vn -0.7328 0.4569 -0.5043
vn -0.7328 0.4570 -0.5042
vn -0.5438 -0.8194 -0.1812
vn 0.0316 0.6949 -0.7185
vn 0.0395 -0.4500 -0.8921
vn -0.0316 -0.6949 -0.7185
vn -0.0316 0.6949 -0.7185
vn -0.7864 -0.5269 -0.3225
vn -0.6686 0.6843 -0.2911
vn -0.5675 0.4179 -0.7094
vn -0.7970 -0.3313 -0.5050
vn 0.0236 0.7376 -0.6748
vn -0.3868 -0.5684 -0.7262
vn -0.5527 0.3790 -0.7422
vn 0.2049 0.5911 -0.7802
vn 0.3868 -0.5684 -0.7262
vn -0.0236 0.7376 -0.6748
vn -0.6562 -0.5930 -0.4665
vn 0.5526 0.3947 -0.7341
vn -0.7469 0.5581 -0.3616
vn -0.9540 -0.1340 -0.2680
vn -0.9297 0.2443 -0.2758
vn 0.2202 0.4797 -0.8493
vn 0.8199 0.5281 -0.2208
vn -0.7139 0.5255 -0.4628
vn 0.2287 -0.5363 -0.8124
vn -0.2689 0.5141 -0.8145
vn 0.8041 0.5754 -0.1498
vn -0.5533 0.5930 -0.5850
vn -0.9290 0.1497 -0.3385
vn 0.5917 -0.7730 -0.2287
vn 0.5436 -0.8195 -0.1813
vn 0.2127 -0.7957 -0.5672
vn -0.7884 -0.3153 -0.5282
vn -0.7564 0.5594 -0.3389
vn 0.5289 0.5922 -0.6079
vn 0.8156 0.5569 -0.1568
vn 0.6431 0.6431 -0.4156
vn 0.2361 -0.8109 -0.5354
vn -0.7801 0.5042 -0.3704
vn -0.9680 0.1338 -0.2124
vn -0.1883 -0.6826 -0.7061
vn -0.0157 -0.7149 -0.6991
vn 0.5361 0.1655 -0.8278
vn 0.0157 -0.7149 -0.6991
vn 0.1883 -0.6826 -0.7061
vn -0.4658 -0.0316 -0.8843
vn 0.7800 0.5043 -0.3704
vn -0.6432 0.6431 -0.4157
vn -0.2363 -0.8109 -0.5354
vn -0.5043 0.6145 -0.6067
vn -0.2364 -0.4965 -0.8352
vn 0.9503 -0.2278 -0.2120
vn 0.7230 0.5736 -0.3851
vn 0.6134 -0.5426 -0.5740
vn -0.8041 0.5754 -0.1498
vn 0.2689 0.5140 -0.8145
vn -0.2211 0.4581 -0.8610
vn -0.8273 0.5200 -0.2128
vn 0.7266 -0.5449 -0.4186
vn 0.0868 -0.9475 -0.3079
vn -0.0864 0.2435 -0.9660
vn -0.0868 -0.9475 -0.3079
vn 0.2205 0.7242 -0.6534
vn 0.5736 0.6208 -0.5343
vn -0.6245 0.4585 -0.6323
vn -0.7827 0.2847 -0.5534
vn 1.0000 -0.0000 -0.0000
vn -0.0000 0.7071 0.7071
vn -0.0000 0.8345 0.5510
vn -0.0000 0.8345 0.5511
vn -0.0000 0.9487 0.3162
vn -0.0000 1.0000 -0.0000
vn -0.0000 0.9487 -0.3162
vn -0.0000 0.8345 -0.5511
vn -0.0000 0.7071 -0.7071
vn -0.0000 0.5511 0.8345
vn -0.0000 0.3162 0.9487
vn -0.0000 -0.0000 1.0000
vn -0.0000 -0.3162 0.9487
vn -0.0000 -0.5511 0.8345
vn -0.0000 -0.7071 0.7071
vn -1.0000 -0.0000 -0.0000
vn -1.0000 0.0001 -0.0000
vn -1.0000 -0.0001 -0.0000
vn -0.0000 -0.7071 -0.7071
vn -0.0000 -0.8345 -0.5511
vn -0.0000 -0.9487 -0.3162
vn -0.0000 -1.0000 -0.0000
vn -0.0000 -0.9487 0.3162
vn -0.0000 -0.8345 0.5511
vn -0.0000 0.5510 -0.8345
vn -0.0000 0.5511 -0.8345
vn -0.0000 0.3162 -0.9487
vn -0.0000 -0.0000 -1.0000
vn -0.0000 -0.3162 -0.9487
vn -0.0000 -0.5511 -0.8345
vt 6.229590 5.397460
vt 6.253880 4.852640
vt 6.311620 5.388620
vt 6.385870 6.077740
vt 6.246090 5.550600
vt 6.328120 5.541760
vt 1.295100 6.715780
vt 1.145010 7.123360
vt 1.213800 6.701710
vt 1.225830 6.676920
vt 1.308350 6.676920
vt 1.315140 6.585450
vt 1.344160 6.669290
vt 1.308350 6.594390
vt 1.225830 6.594390
vt 1.239770 6.551520
vt 1.359760 5.857630
vt 1.321070 6.565590
vt 1.441060 5.871690
vt 1.372490 5.828820
vt 1.455000 5.828820
vt 1.455000 5.746290
vt 1.372490 5.746290
vt 1.386420 5.703430
vt 1.506410 5.009530
vt 1.467730 5.717490
vt 1.427230 5.872000
vt 1.462500 5.737870
vt 1.491380 5.823440
vt 1.467220 5.640700
vt 1.376220 5.703120
vt 1.567210 5.735780
vt 1.229570 6.551210
vt 1.349550 5.857320
vt 1.320570 6.488800
vt 1.416100 6.579660
vt 2.449190 6.482790
vt 2.615660 6.550060
vt 2.572000 6.440520
vt 2.495080 6.430650
vt 2.464410 5.759850
vt 2.540230 5.672190
vt 2.556860 5.769260
vt 2.586510 5.622300
vt 2.663430 5.632170
vt 2.645140 5.793840
vt 2.707660 5.743950
vt 2.702400 5.661590
vt 2.608130 6.467880
vt 3.720690 6.363560
vt 3.887160 6.430830
vt 3.827120 6.322610
vt 3.757000 6.318050
vt 3.782340 5.780030
vt 3.879630 6.348650
vt 4.999730 6.326500
vt 6.303830 6.086580
vt 6.276030 6.125100
vt 6.283560 6.207270
vt 5.163470 6.229420
vt 5.171000 6.311600
vt 5.094160 6.195730
vt 6.206480 5.516090
vt 6.201210 5.433730
vt 5.147100 5.502620
vt 5.152370 5.584980
vt 5.079360 5.628830
vt 5.008240 5.631330
vt 5.023030 6.198230
vt 5.004530 6.244330
vt 3.971430 6.341200
vt 3.740560 6.445730
vt 4.730030 2.146080
vt 4.943830 2.071190
vt 5.045480 2.146080
vt 4.831680 2.071190
vt 4.801040 2.716880
vt 5.330690 2.716880
vt 1.998590 2.071190
vt 2.232110 2.146080
vt 1.887570 2.146080
vt 2.121090 2.071190
vt 1.948700 2.716880
vt 2.527200 2.716880
vt 6.171840 4.861480
vt 6.155340 4.708340
vt 6.179640 4.163520
vt 6.237380 4.699500
vt 6.122620 4.824380
vt 5.113610 4.776340
vt 6.119850 4.741900
vt 5.116370 4.858820
vt 5.026770 4.740500
vt 5.031000 4.902470
vt 5.116910 5.466870
vt 5.102120 4.899970
vt 4.961560 4.864120
vt 4.958800 4.781640
vt 3.952550 4.816090
vt 3.955310 4.898570
vt 3.899520 4.785400
vt 3.892280 4.939120
vt 3.793200 5.549440
vt 3.863320 5.554000
vt 3.822160 4.934560
vt 3.800510 4.903870
vt 3.797740 4.821390
vt 3.829400 4.780840
vt 2.791500 4.855830
vt 2.794260 4.938310
vt 2.754860 4.823820
vt 2.677940 4.813950
vt 2.828000 4.177140
vt 2.736570 4.985490
vt 2.636690 4.861130
vt 2.649550 4.959610
vt 2.562050 4.946260
vt 1.707840 4.892920
vt 1.780170 4.050110
vt 1.748300 4.132630
vt 1.748300 4.050110
vt 1.780170 4.132630
vt 1.665790 4.050110
vt 1.729860 4.003740
vt 2.728020 4.132630
vt 2.728020 4.050110
vt 1.665790 4.132630
vt 1.720530 4.175810
vt 1.734360 4.175500
vt 1.533070 4.855330
vt 1.653060 4.161440
vt 1.614380 4.869400
vt 1.786030 4.050110
vt 2.733890 4.132630
vt 1.786030 4.132630
vt 2.733890 4.050110
vt 2.891860 4.050110
vt 3.839720 4.132630
vt 2.891860 4.132630
vt 3.839720 4.050110
vt 3.891940 4.003240
vt 3.959960 4.050110
vt 3.877450 4.050110
vt 3.959960 4.132630
vt 3.991830 4.050110
vt 3.768660 5.592710
vt 3.829270 5.703160
vt 3.773920 5.675060
vt 2.719810 5.743950
vt 2.673530 5.793840
vt 2.596610 5.783970
vt 3.800310 6.318050
vt 3.874050 6.245750
vt 3.881200 6.335630
vt 3.733030 6.363560
vt 2.699930 6.460430
vt 2.461520 6.482790
vt 2.610420 6.454200
vt 2.523470 6.430650
vt 2.552380 5.672190
vt 2.557640 5.754550
vt 1.503530 5.823440
vt 1.488100 5.729440
vt 1.373590 5.857320
vt 1.520240 5.009220
vt 1.451270 5.872000
vt 1.253610 6.551210
vt 1.340120 6.576500
vt 1.295110 6.715780
vt 1.356490 6.669290
vt 1.212230 7.171220
vt 0.669210 7.476090
vt 0.629291 7.403860
vt 3.928490 4.170510
vt 3.877450 4.132630
vt 3.997690 4.050110
vt 4.945550 4.132630
vt 3.997690 4.132630
vt 4.945550 4.050110
vt 3.872720 4.780840
vt 3.901680 4.165950
vt 3.971800 4.170510
vt 3.942840 4.785400
vt 3.865480 4.934560
vt 3.809690 4.821390
vt 3.964500 4.816090
vt 2.880850 4.853180
vt 3.812450 4.903870
vt 2.806200 4.938310
vt 2.793340 4.839830
vt 2.706320 4.813950
vt 2.688040 4.975620
vt 2.764960 4.985490
vt 2.856380 4.177140
vt 2.779460 4.167270
vt 2.648630 4.861130
vt 2.739750 4.132630
vt 2.739750 4.050110
vt 2.897720 4.132630
vt 3.766590 4.050110
vt 1.791890 4.050110
vt 3.845580 4.132630
vt 3.841450 4.054200
vt 1.791890 4.132630
vt 1.666890 4.161130
vt 1.744570 4.175810
vt 1.633480 4.882640
vt 1.648320 4.022150
vt 1.728750 4.003740
vt 1.379090 2.845780
vt 1.459510 2.827360
vt 1.360650 2.716880
vt 1.486630 2.716880
vt 1.486630 2.799410
vt 2.657640 2.799410
vt 2.816380 2.795310
vt 2.755810 2.846270
vt 3.898590 4.003240
vt 4.003560 4.050110
vt 5.666410 2.716880
vt 5.666410 2.799410
vt 5.604030 2.799410
vt 5.548590 2.716880
vt 5.604030 2.716880
vt 4.992200 6.244330
vt 5.064810 6.198230
vt 5.151130 6.229420
vt 6.271230 6.207270
vt 5.050010 5.631330
vt 5.135930 6.195730
vt 6.263700 6.125100
vt 1.710610 4.975410
vt 1.617430 4.979390
vt 1.608570 4.890420
vt 1.642850 4.161130
vt 1.613870 4.792610
vt 1.522870 4.855020
vt 1.519140 4.980730
vt 1.573880 5.023900
vt 1.496200 5.009220
vt 1.601650 4.898200
vt 1.519140 4.898200
vt 1.601650 4.980730
vt 1.587710 5.023600
vt 1.597920 5.023900
vt 1.645150 4.978060
vt 1.719790 4.892920
vt 2.651400 4.943610
vt 2.614890 5.622300
vt 2.703180 5.646880
vt 2.795630 5.656300
vt 5.121140 5.628830
vt 6.194330 5.516090
vt 5.140220 5.584980
vt 5.134960 5.502620
vt 6.189060 5.433730
vt 5.045790 5.469360
vt 4.978050 5.595580
vt 4.972790 5.513220
vt 3.918680 5.582110
vt 3.923940 5.664460
vt 3.856080 5.707730
vt 3.773870 5.689110
vt 3.756510 5.592710
vt 3.680690 5.680360
vt 5.548590 2.799410
vt 2.807150 2.795310
vt 1.473310 2.716880
vt 3.832260 4.054200
vt 2.749160 2.846270
vt 2.644320 2.799410
vt 1.551380 2.799410
vt 1.466970 2.813380
vt 1.443160 2.799410
vt 1.443160 2.716880
vt 1.380200 2.845780
vt 1.360650 2.799410
vt 1.649440 4.022150
vt 2.751080 4.167270
vt 2.771620 4.132630
vt 2.854130 4.132630
vt 2.854130 4.050110
vt 2.886000 4.132630
vt 2.886000 4.050110
vt 3.833860 4.132630
vt 3.858370 4.165950
vt 3.991830 4.132630
vt 4.939690 4.132630
vt 4.939690 4.050110
vt 5.011980 4.173600
vt 4.983280 4.132630
vt 5.065790 4.132630
vt 5.065790 4.050110
vt 5.097670 4.132630
vt 5.097670 4.050110
vt 5.097890 4.738000
vt 5.083100 4.171110
vt 6.045520 4.132630
vt 6.045520 4.050110
vt 6.097600 4.172360
vt 6.155350 4.708340
vt 6.057240 4.132630
vt 6.057240 4.050110
vt 5.109390 4.050110
vt 5.109390 4.132630
vt 5.041330 4.171110
vt 4.951410 4.132630
vt 4.003560 4.132630
vt 5.056120 4.738000
vt 4.970200 4.173600
vt 5.103530 4.050110
vt 6.051380 4.132630
vt 5.103530 4.132630
vt 6.051380 4.050110
vt 4.985000 4.740500
vt 4.973510 4.864120
vt 4.970750 4.781640
vt 5.060350 4.899970
vt 3.967260 4.898570
vt 3.935600 4.939120
vt 3.910260 5.477140
vt 3.836520 5.549440
vt 3.918730 5.568060
vt 3.936090 5.664460
vt 4.011910 5.576810
vt 4.990200 5.595580
vt 3.899400 5.707730
vt 4.984930 5.513220
vt 5.075140 5.466870
vt 4.989220 4.902470
vt 5.004010 5.469360
vt 5.125550 4.776340
vt 5.128320 4.858820
vt 6.134560 4.824380
vt 6.131800 4.741900
vt 0.726799 7.349950
vt 0.720272 7.447850
vt 0.680353 7.375630
vt 0.766717 7.422170
vt 4.721030 2.147760
vt 4.934840 2.072870
vt 5.036480 2.147760
vt 4.822680 2.072870
vt 4.792050 2.718560
vt 5.321690 2.718560
vt 1.878570 2.147780
vt 2.112090 2.072890
vt 2.223110 2.147780
vt 1.989590 2.072890
vt 1.939700 2.718580
vt 2.518200 2.718580
vt 4.551730 2.039370
vt 4.511720 1.965350
vt 4.551730 1.957340
vt 4.634260 2.039370
vt 4.563860 2.091130
vt 4.645490 2.078980
vt 4.511720 2.047860
vt 3.617740 2.047860
vt 3.617740 1.965350
vt 3.577730 2.039370
vt 3.577730 1.957340
vt 3.445910 2.039370
vt 3.405910 1.965350
vt 3.445910 1.957340
vt 3.405910 2.047860
vt 2.511920 1.965350
vt 2.511920 2.047860
vt 5.282600 7.059620
vt 5.320710 6.990350
vt 5.320710 7.071660
vt 5.390190 6.928970
vt 5.403230 6.990350
vt 5.308590 6.941300
vt 5.282600 6.977110
vt 3.615840 6.977110
vt 1.741040 7.059620
vt 3.407810 6.977110
vt 1.741040 6.977110
vt 3.406230 6.912970
vt 3.445910 6.844400
vt 3.445910 6.925700
vt 3.577730 6.925700
vt 3.577730 6.844400
vt 3.617410 6.912970
vt 5.236360 6.912970
vt 3.617410 6.830460
vt 5.236360 6.830460
vt 5.270060 6.858230
vt 5.293720 6.935900
vt 5.264030 6.794080
vt 5.349010 6.834190
vt 5.345650 6.781930
vt 5.116340 5.669800
vt 5.029730 4.544900
vt 5.119170 5.821050
vt 5.188720 5.727820
vt 5.111010 5.728600
vt 5.192410 5.688850
vt 5.164230 5.611930
vt 5.086740 5.640310
vt 5.082950 5.577800
vt 4.924100 4.398300
vt 4.755890 3.285730
vt 4.511720 1.891100
vt 4.511720 1.973620
vt 3.617740 1.973620
vt 3.405910 1.973620
vt 2.511920 1.891100
vt 2.511920 1.973620
vt 2.460000 2.014230
vt 2.378400 2.001900
vt 2.210190 3.114460
vt 2.471910 2.039370
vt 2.471910 1.957340
vt 2.389390 2.039370
vt 2.459780 2.091130
vt 2.378160 2.078980
vt 2.221220 3.133090
vt 2.302850 3.145240
vt 2.304790 3.235440
vt 2.263030 3.164320
vt 2.191870 3.206090
vt 2.267760 3.285730
vt 2.099540 4.398300
vt 1.993920 4.544900
vt 2.511920 2.039590
vt 2.471910 2.113610
vt 2.471910 2.031580
vt 2.511920 2.122100
vt 3.405910 2.122100
vt 3.405910 2.039590
vt 3.445910 2.113610
vt 3.445910 2.031580
vt 3.577730 2.113610
vt 3.617740 2.039590
vt 3.617740 2.122100
vt 3.577730 2.031580
vt 4.511720 2.039590
vt 4.511720 2.122100
vt 4.551730 2.113610
vt 4.551730 2.031580
vt 4.563290 2.162840
vt 4.634260 2.113610
vt 4.710550 3.169090
vt 4.792200 3.157140
vt 4.644950 2.150890
vt 4.820610 3.225110
vt 4.749440 3.183340
vt 4.707680 3.254460
vt 4.733200 3.323900
vt 4.778850 3.296240
vt 4.814860 3.311950
vt 4.880460 4.330140
vt 4.962110 4.318200
vt 4.948540 4.349860
vt 4.878300 4.393170
vt 4.984770 4.473010
vt 4.921560 4.463290
vt 4.991800 4.419980
vt 4.903110 4.484950
vt 5.132020 5.479250
vt 5.050370 5.491200
vt 5.130730 5.520500
vt 5.053240 5.548890
vt 5.154680 5.634060
vt 5.077220 5.635910
vt 5.158910 5.597420
vt 5.084350 5.723410
vt 5.180730 6.564930
vt 5.147420 6.537160
vt 5.175780 6.505290
vt 5.259670 6.540890
vt 5.147420 6.619670
vt 3.617020 6.619670
vt 3.617020 6.537160
vt 5.204380 6.642600
vt 3.577730 6.632400
vt 3.577730 6.551100
vt 3.577730 6.499430
vt 3.445910 6.551100
vt 3.445910 6.632400
vt 3.406630 6.619670
vt 1.876230 6.537160
vt 3.406630 6.537160
vt 1.876230 6.619670
vt 3.445910 6.499430
vt 3.445910 5.551570
vt 3.577730 5.551570
vt 3.617140 5.513840
vt 3.406510 5.513840
vt 3.406510 5.431330
vt 2.035090 5.513840
vt 3.617140 5.431330
vt 4.988550 5.513840
vt 2.035090 5.431330
vt 2.006600 5.399460
vt 2.003910 5.457460
vt 3.445910 5.393600
vt 3.577730 5.393600
vt 3.445910 4.445740
vt 3.577730 4.445740
vt 3.406350 4.408010
vt 3.617290 4.408010
vt 3.406350 4.325500
vt 4.829660 4.408010
vt 3.617290 4.325500
vt 2.193990 4.408010
vt 4.829660 4.325500
vt 1.936900 5.640310
vt 1.859420 5.611930
vt 1.940690 5.577800
vt 2.088690 4.511590
vt 2.085560 4.604770
vt 2.016000 4.511540
vt 2.009510 4.456180
vt 1.907300 5.669800
vt 1.834930 5.727820
vt 1.831230 5.688850
vt 1.912640 5.728600
vt 1.904480 5.821050
vt 1.677990 6.781930
vt 1.759620 6.794080
vt 1.674640 6.834190
vt 1.787290 6.830460
vt 1.753580 6.858230
vt 1.787290 6.912970
vt 1.729920 6.935900
vt 3.406230 6.830460
vt 1.715060 6.941300
vt 1.633460 6.928970
vt 1.702940 6.990350
vt 1.620410 6.990350
vt 1.620410 7.073230
vt 1.702940 7.073230
vt 1.702940 7.518740
vt 1.702930 7.071660
vt 1.632500 7.616250
vt 1.690850 7.565190
vt 1.742810 7.554610
vt 3.577730 4.287760
vt 3.445910 4.287760
vt 3.445910 3.339910
vt 3.577730 3.339910
vt 3.406160 3.302180
vt 2.193990 4.325500
vt 2.167680 4.356970
vt 2.165350 4.293620
vt 2.097440 4.313650
vt 2.124420 4.427090
vt 2.142670 4.451600
vt 2.054180 4.383770
vt 2.060980 4.439880
vt 1.891620 5.479250
vt 2.038880 4.473010
vt 2.120530 4.484950
vt 2.102090 4.463290
vt 2.031850 4.419980
vt 1.973280 5.491200
vt 2.145340 4.393170
vt 1.892920 5.520500
vt 1.970410 5.548890
vt 1.926420 5.429070
vt 1.975720 5.534380
vt 1.902240 5.545710
vt 1.898230 5.505990
vt 1.924920 5.387730
vt 1.766170 6.493570
vt 1.983930 5.557430
vt 1.847860 6.505290
vt 1.763970 6.540890
vt 1.842920 6.564930
vt 1.819260 6.642600
vt 1.841350 6.905260
vt 1.846770 6.818490
vt 1.882100 6.842300
vt 1.757750 6.825950
vt 1.771840 6.798830
vt 1.866050 6.734080
vt 1.963380 5.627820
vt 2.044830 5.641140
vt 1.977640 5.529640
vt 2.059900 5.536300
vt 2.466340 2.736870
vt 2.067120 5.478310
vt 1.985160 5.469080
vt 2.410170 2.619050
vt 2.464190 2.681430
vt 2.517950 2.608980
vt 2.517950 2.691500
vt 4.505690 2.691500
vt 4.505690 2.608980
vt 4.559450 2.681430
vt 4.813450 3.114460
vt 4.563640 2.014230
vt 4.645240 2.001900
vt 5.208950 6.574850
vt 5.301930 6.640310
vt 5.207000 6.668030
vt 5.304340 6.687540
vt 5.114800 6.683810
vt 5.193720 6.766320
vt 5.225390 6.711580
vt 5.249050 6.789250
vt 3.615380 6.766320
vt 3.615380 6.683810
vt 3.577730 6.779050
vt 3.577730 6.697750
vt 1.908840 6.683810
vt 3.408260 6.683810
vt 3.408260 6.766320
vt 3.445910 6.697750
vt 3.445910 6.779050
vt 1.829930 6.766320
vt 1.816650 6.668030
vt 1.774590 6.789250
vt 1.798250 6.711580
vt 1.719310 6.687540
vt 1.721710 6.640310
vt 1.814690 6.574850
vt 1.868970 5.634060
vt 1.939290 5.723410
vt 1.946420 5.635910
vt 1.864730 5.597420
vt 1.859070 5.565650
vt 4.720800 3.145240
vt 4.760610 3.164320
vt 4.718850 3.235440
vt 4.802420 3.133090
vt 4.831780 3.206090
vt 4.744940 3.307410
vt 4.790020 3.277220
vt 4.826570 3.295260
vt 4.901870 4.361520
vt 4.983500 4.349370
vt 4.970870 4.386060
vt 4.900640 4.429380
vt 5.007640 4.511540
vt 4.934950 4.511590
vt 5.014130 4.456180
vt 4.938090 4.604770
vt 5.164580 5.565650
vt 4.613470 2.619050
vt 4.557300 2.736870
vt 5.038490 5.469080
vt 4.956520 5.478310
vt 4.978820 5.641140
vt 4.963750 5.536300
vt 5.046000 5.529640
vt 5.060260 5.627820
vt 5.157590 6.734080
vt 5.251800 6.798830
vt 5.176870 6.818490
vt 5.265890 6.825950
vt 5.182290 6.905260
vt 5.141540 6.842300
vt 1.882100 6.924810
vt 5.141540 6.924810
vt 5.257470 6.493570
vt 5.039720 5.557430
vt 5.121410 5.545710
vt 5.047920 5.534380
vt 5.125410 5.505990
vt 5.019740 5.457460
vt 4.962660 4.439880
vt 5.098730 5.387730
vt 5.017040 5.399460
vt 5.097230 5.429070
vt 4.988550 5.431330
vt 4.880980 4.451600
vt 4.899220 4.427090
vt 4.969460 4.383770
vt 4.855970 4.356970
vt 4.858300 4.293620
vt 4.926200 4.313650
vt 4.722230 3.345770
vt 4.939990 4.281900
vt 4.803920 3.334050
vt 4.767680 3.315250
vt 4.809440 3.244130
vt 4.696520 3.273480
vt 4.670720 3.302180
vt 3.617490 3.302180
vt 4.670720 3.219660
vt 3.406160 3.219660
vt 3.617490 3.219660
vt 4.738280 3.202360
vt 4.699560 3.187790
vt 4.563490 2.239940
vt 4.781240 3.176070
vt 4.645180 2.228210
vt 4.634260 2.187860
vt 4.551730 2.187860
vt 4.511720 2.196340
vt 4.511720 2.113830
vt 4.551730 2.105820
vt 3.617740 2.196340
vt 3.617740 2.113830
vt 3.577730 2.187860
vt 3.577730 2.105820
vt 3.577730 2.234080
vt 3.445910 2.187860
vt 3.405910 2.113830
vt 3.445910 2.105820
vt 3.405910 2.196340
vt 3.445910 2.234080
vt 2.511920 2.113830
vt 2.511920 2.196340
vt 2.471910 2.187860
vt 2.460150 2.239940
vt 2.471910 2.105820
vt 2.389390 2.187860
vt 2.378470 2.228210
vt 2.242400 3.176070
vt 2.324090 3.187790
vt 2.285370 3.202360
vt 2.214200 3.244130
vt 2.301410 3.345770
vt 2.083660 4.281900
vt 2.219720 3.334050
vt 2.255960 3.315250
vt 2.327130 3.273480
vt 2.352920 3.302180
vt 2.352920 3.219660
vt 3.577730 3.181930
vt 3.445910 3.181930
vt 2.290440 3.323900
vt 2.143190 4.330140
vt 2.208790 3.311950
vt 2.061530 4.318200
vt 2.203030 3.225110
vt 2.244800 3.296240
vt 2.075100 4.349860
vt 2.040150 4.349370
vt 2.197080 3.295260
vt 2.121770 4.361520
vt 2.278700 3.307410
vt 2.123010 4.429380
vt 2.052770 4.386060
vt 2.233630 3.277220
vt 2.315960 3.254460
vt 2.313100 3.169090
vt 2.274200 3.183340
vt 2.231440 3.157140
vt 2.460350 2.162840
vt 2.378700 2.150890
vt 2.389390 2.113610
vt 5.280840 7.554610
vt 5.391150 7.616250
vt 5.332800 7.565190
vt 5.320710 7.518740
vt 5.403230 7.073230
vt 5.320710 7.073230
vt 2.459000 5.433730
vt 2.471910 5.397460
vt 2.511920 5.428350
vt 2.389390 4.861480
vt 2.389390 5.397460
vt 2.377370 5.433730
vt 2.511920 5.510880
vt 2.459780 5.516090
vt 3.405910 5.428350
vt 3.405910 5.510880
vt 3.577730 5.550600
vt 3.445910 5.550600
vt 3.445910 5.397460
vt 3.617740 5.510880
vt 3.577730 5.397460
vt 3.617740 5.428350
vt 4.511720 5.510880
vt 4.511720 5.428350
vt 1.901470 2.718580
vt 1.860270 2.146080
vt 1.919340 2.147780
vt 1.842410 2.716880
vt 5.122170 2.718580
vt 5.104310 2.147780
vt 5.163370 2.146080
vt 5.181240 2.716880
vt 4.686570 2.718560
vt 4.670210 2.147760
vt 4.729270 2.146080
vt 4.745630 2.716880
vt 2.337080 2.718560
vt 2.294370 2.146080
vt 2.353440 2.147760
vt 2.278020 2.716880
vt 1.702930 6.701710
vt 1.702930 7.123360
vt 1.620410 7.123360
vt 1.620410 6.701710
vt 1.693380 6.551210
vt 1.614430 6.551210
vt 1.741040 6.594390
vt 1.741040 6.676920
vt 3.407810 6.594390
vt 5.282600 6.676920
vt 3.445910 6.551520
vt 3.615840 6.594390
vt 5.282600 6.594390
vt 5.320710 6.701710
vt 5.330270 6.551210
vt 3.577730 6.551520
vt 3.577730 5.857630
vt 3.445910 5.857630
vt 3.617410 5.746290
vt 3.617410 5.828820
vt 3.445910 5.703430
vt 3.577730 5.703430
vt 3.577730 5.009530
vt 3.445910 5.009530
vt 3.406230 5.746290
vt 3.406230 5.828820
vt 1.787290 5.746290
vt 1.787290 5.828820
vt 1.729920 5.857320
vt 1.738050 5.703120
vt 1.650980 5.857320
vt 1.695650 5.009220
vt 1.882130 6.482790
vt 1.800530 6.482790
vt 1.881920 6.430650
vt 1.915770 5.672190
vt 1.834140 5.672190
vt 1.915420 5.622300
vt 1.831230 5.783970
vt 1.912640 5.769260
vt 1.804430 6.430650
vt 1.992780 6.363560
vt 2.061890 6.318050
vt 2.074380 6.363560
vt 1.991650 6.318050
vt 2.077520 5.780030
vt 3.405910 6.200000
vt 2.511920 6.200000
vt 2.511920 6.117470
vt 2.471910 6.086580
vt 2.389390 5.550600
vt 2.471910 5.550600
vt 3.405910 6.117470
vt 3.445910 6.086580
vt 3.617740 6.200000
vt 3.577730 6.086580
vt 3.617740 6.117470
vt 4.511720 6.117470
vt 4.511720 6.200000
vt 4.564780 6.125100
vt 4.563640 6.207270
vt 4.551730 6.086580
vt 4.634260 5.550600
vt 4.634260 6.086580
vt 4.551730 5.550600
vt 4.646380 6.125100
vt 4.563860 5.516090
vt 4.564650 5.433730
vt 4.790020 5.631330
vt 4.727540 6.198230
vt 4.718850 5.631330
vt 4.798700 6.198230
vt 4.757030 6.244330
vt 4.838620 6.244330
vt 4.551730 5.397460
vt 4.511720 4.821750
vt 3.617740 4.739230
vt 4.511720 4.739230
vt 3.617740 4.821750
vt 3.577730 4.708340
vt 3.445910 4.708340
vt 3.405910 4.821750
vt 3.577730 4.861480
vt 3.405910 4.739230
vt 2.511920 4.821750
vt 2.511920 4.739230
vt 3.445910 4.861480
vt 2.459950 4.741900
vt 2.471910 4.708340
vt 2.378290 4.741900
vt 2.389390 4.708340
vt 2.460350 4.824380
vt 2.471910 4.861480
vt 2.247280 4.740500
vt 2.255960 4.173600
vt 2.318440 4.740500
vt 2.290040 4.781640
vt 2.208380 4.781640
vt 2.290440 4.864120
vt 2.244800 4.902470
vt 2.208790 4.864120
vt 2.013980 5.549440
vt 2.031850 4.934560
vt 2.084220 5.549440
vt 2.102090 4.934560
vt 2.038880 4.903870
vt 2.120530 4.903870
vt 2.038470 4.821390
vt 2.106550 4.780840
vt 2.120130 4.821390
vt 1.868560 4.861130
vt 1.948920 4.813950
vt 1.950220 4.861130
vt 1.864730 4.975620
vt 1.946420 4.959610
vt 2.035090 4.050110
vt 1.983930 4.132630
vt 1.983930 4.050110
vt 3.406630 4.050110
vt 1.876230 4.132630
vt 1.876230 4.050110
vt 3.406630 4.132630
vt 1.819260 4.161130
vt 3.445910 4.161440
vt 3.577730 4.161440
vt 3.445910 4.855330
vt 3.617020 4.050110
vt 3.577730 4.855330
vt 3.617020 4.132630
vt 5.147420 4.132630
vt 3.445910 4.132630
vt 3.406510 4.050110
vt 3.445910 4.050110
vt 3.617140 4.050110
vt 3.577730 4.132630
vt 3.577730 4.050110
vt 3.406510 4.132630
vt 3.617140 4.132630
vt 2.035090 4.132630
vt 4.988550 4.050110
vt 4.988550 4.132630
vt 5.039720 4.132630
vt 5.039720 4.050110
vt 3.617290 4.050110
vt 3.617290 4.132630
vt 3.406350 4.050110
vt 3.406350 4.132630
vt 4.829660 4.050110
vt 2.193990 4.050110
vt 2.193990 4.132630
vt 2.145050 4.054200
vt 4.829660 4.132630
vt 4.946120 5.780030
vt 4.934950 5.689110
vt 5.014130 5.703160
vt 5.032000 6.318050
vt 4.961760 6.318050
vt 5.030870 6.363560
vt 4.949270 6.363560
vt 5.141730 6.430650
vt 5.192410 5.783970
vt 5.219210 6.430650
vt 5.223110 6.482790
vt 5.141510 6.482790
vt 5.111010 5.769260
vt 5.328000 5.009220
vt 5.372670 5.857320
vt 5.285600 5.703120
vt 5.293720 5.857320
vt 5.236360 5.746290
vt 5.236360 5.828820
vt 5.409210 6.551210
vt 5.403240 6.701710
vt 5.403240 7.123360
vt 5.320710 7.123360
vt 3.617490 4.050110
vt 3.617490 4.132630
vt 4.878590 4.054200
vt 4.880980 4.132630
vt 4.962660 4.132630
vt 4.899220 4.165950
vt 4.969460 4.165950
vt 4.917090 4.780840
vt 4.987330 4.780840
vt 4.985170 4.821390
vt 4.903520 4.821390
vt 4.921560 4.934560
vt 4.903110 4.903870
vt 4.984770 4.903870
vt 4.991800 4.934560
vt 4.939420 5.549440
vt 5.074720 4.813950
vt 5.125410 4.167270
vt 5.152210 4.813950
vt 5.047920 4.167270
vt 5.155080 4.861130
vt 5.073430 4.861130
vt 5.121410 4.132630
vt 5.147420 4.050110
vt 5.204380 4.161130
vt 5.185920 4.022150
vt 5.283330 4.161130
vt 5.240930 4.855020
vt 5.268440 4.022150
vt 5.264810 2.845780
vt 5.182290 2.845780
vt 5.141540 2.799410
vt 5.141540 2.716880
vt 4.960560 4.054200
vt 4.963750 2.846270
vt 5.046000 2.846270
vt 4.505690 2.799410
vt 4.559450 2.716880
vt 4.559450 2.799410
vt 4.505690 2.716880
vt 2.517950 2.799410
vt 2.517950 2.716880
vt 2.464190 2.716880
vt 2.464190 2.799410
vt 2.224940 6.198230
vt 2.266620 6.244330
vt 2.185020 6.244330
vt 2.233630 5.631330
vt 2.296110 6.198230
vt 2.304790 5.631330
vt 2.460000 6.207270
vt 2.458860 6.125100
vt 2.377270 6.125100
vt 2.389390 6.086580
vt 1.837930 5.622300
vt 1.740320 4.161130
vt 1.782710 4.855020
vt 1.774590 5.009220
vt 1.829930 4.898200
vt 1.829930 4.980730
vt 3.408260 4.898200
vt 3.408260 4.980730
vt 3.615380 4.898200
vt 3.615380 4.980730
vt 5.193720 4.980730
vt 5.193720 4.898200
vt 5.249050 5.009220
vt 5.158910 4.975620
vt 5.108230 5.622300
vt 5.077220 4.959610
vt 5.185710 5.622300
vt 5.189500 5.672190
vt 5.107880 5.672190
vt 2.307280 5.469360
vt 2.315960 4.902470
vt 2.236110 5.469360
vt 2.277920 5.513220
vt 2.196300 5.513220
vt 2.278700 5.595580
vt 2.197080 5.595580
vt 2.009510 5.703160
vt 2.088690 5.689110
vt 2.015220 5.592710
vt 2.096840 5.592710
vt 2.059900 2.846270
vt 2.063080 4.054200
vt 1.977640 2.846270
vt 1.882100 2.716880
vt 1.882100 2.799410
vt 1.758830 2.845780
vt 1.841350 2.845780
vt 1.837720 4.022150
vt 1.755200 4.022150
vt 1.902240 4.132630
vt 1.975720 4.167270
vt 1.898230 4.167270
vt 1.871430 4.813950
vt 2.142670 4.132630
vt 2.060980 4.132630
vt 2.124420 4.165950
vt 2.054180 4.165950
vt 2.036310 4.780840
vt 2.352920 4.050110
vt 2.301410 4.132630
vt 2.301410 4.050110
vt 2.219720 4.132630
vt 2.352920 4.132630
vt 3.406160 4.050110
vt 3.406160 4.132630
vt 2.327130 4.173600
vt 2.511920 4.050110
vt 2.460150 4.132630
vt 2.460150 4.050110
vt 2.389390 4.172360
vt 2.471910 4.172360
vt 2.511920 4.132630
vt 3.405910 4.132630
vt 3.405910 4.050110
vt 3.445910 4.172360
vt 3.577730 4.172360
vt 3.617740 4.050110
vt 4.511720 4.050110
vt 3.617740 4.132630
vt 4.511720 4.132630
vt 4.563490 4.132630
vt 4.563490 4.050110
vt 4.634260 4.172360
vt 4.551730 4.708340
vt 4.551730 4.172360
vt 4.634260 4.708340
vt 4.722230 4.132630
vt 4.670720 4.050110
vt 4.722230 4.050110
vt 4.767680 4.173600
vt 4.803920 4.132630
vt 4.670720 4.132630
vt 4.705200 4.740500
vt 4.696520 4.173600
vt 4.776370 4.740500
vt 4.733610 4.781640
vt 4.815260 4.781640
vt 4.733200 4.864120
vt 4.814860 4.864120
vt 4.778850 4.902470
vt 5.009660 5.549440
vt 5.008430 5.592710
vt 4.926800 5.592710
vt 4.744940 5.595580
vt 4.826570 5.595580
vt 4.787530 5.469360
vt 4.827350 5.513220
vt 4.745720 5.513220
vt 4.716370 5.469360
vt 4.707680 4.902470
vt 4.645350 4.741900
vt 4.563700 4.741900
vt 4.563290 4.824380
vt 4.634260 4.861480
vt 4.551730 4.861480
vt 4.634260 5.397460
vt 4.646270 5.433730
vt 1.632500 7.476090
vt 5.391150 7.403860
vt 5.391150 7.476090
vt 1.632500 7.403860
vt 0.769763 4.852640
vt 0.851800 4.861480
vt 0.794057 5.397460
vt 0.712020 5.388620
vt 0.822432 5.433730
vt 0.695522 5.541760
vt 0.817168 5.516090
vt 0.777559 5.550600
vt 5.878640 7.123360
vt 5.728540 6.715780
vt 5.809840 6.701710
vt 5.770040 6.551210
vt 5.683530 6.576500
vt 5.667150 6.669290
vt 5.572380 5.872000
vt 5.715300 6.594390
vt 5.783870 6.551520
vt 5.797810 6.594390
vt 5.663890 5.857630
vt 5.702570 6.565590
vt 5.582580 5.871690
vt 5.517240 5.009530
vt 5.637220 5.703430
vt 5.555920 5.717490
vt 5.651160 5.746290
vt 5.568650 5.746290
vt 5.568650 5.828820
vt 5.651160 5.828820
vt 5.535550 5.729440
vt 5.425730 5.023900
vt 5.503400 5.009220
vt 5.650050 5.857320
vt 5.520110 5.823440
vt 4.562120 6.482790
vt 3.283090 6.445730
vt 4.471270 5.672190
vt 4.466000 5.754550
vt 4.427040 5.783970
vt 4.408750 5.622300
vt 4.303830 5.743950
vt 4.320460 5.646880
vt 4.500180 6.430650
vt 4.350120 5.793840
vt 4.413220 6.454200
vt 4.323710 6.460430
vt 3.290620 6.363560
vt 3.223330 6.318050
vt 3.142450 6.335630
vt 3.149590 6.245750
vt 0.637778 6.077740
vt 0.719815 6.086580
vt 0.752417 6.207270
vt 0.759948 6.125100
vt 1.872510 6.229420
vt 0.834581 5.433730
vt 1.888690 5.502620
vt 0.829317 5.516090
vt 1.883420 5.584980
vt 1.977860 5.469360
vt 1.973630 5.631330
vt 1.887710 6.195730
vt 1.902510 5.628830
vt 1.958840 6.198230
vt 2.023920 6.326500
vt 2.031450 6.244330
vt 3.144010 6.348650
vt 2.293610 2.146080
vt 2.079810 2.071190
vt 2.191970 2.071190
vt 1.978160 2.146080
vt 2.222600 2.716880
vt 1.692950 2.716880
vt 4.791530 2.146080
vt 5.025060 2.071190
vt 5.136080 2.146080
vt 4.902550 2.071190
vt 5.074940 2.716880
vt 4.496440 2.716880
vt 0.769764 4.852640
vt 0.844006 4.163520
vt 0.868299 4.708340
vt 0.786262 4.699500
vt 0.891843 4.741900
vt 1.898090 4.776340
vt 0.889080 4.824380
vt 1.895330 4.858820
vt 1.963300 4.899970
vt 1.967520 4.738000
vt 2.052900 4.781640
vt 2.053440 4.173600
vt 2.038650 4.740500
vt 2.050140 4.864120
vt 2.034420 4.902470
vt 1.948510 5.466870
vt 3.059150 4.816090
vt 3.056380 4.898570
vt 3.080800 4.785400
vt 3.051840 4.170510
vt 3.150920 4.780840
vt 3.158170 4.934560
vt 3.088040 4.939120
vt 3.213950 4.821390
vt 3.113390 5.477140
vt 3.187130 5.549440
vt 3.211190 4.903870
vt 3.104910 5.568060
vt 3.087550 5.664460
vt 4.142800 4.853180
vt 4.217440 4.938310
vt 4.230300 4.839830
vt 4.167260 4.177140
vt 4.317320 4.813950
vt 4.335610 4.975620
vt 4.375010 4.861130
vt 4.258690 4.985490
vt 4.372250 4.943610
vt 5.303850 4.892920
vt 5.378490 4.978060
vt 5.357860 4.132630
vt 5.289280 4.175500
vt 5.275350 4.132630
vt 5.490570 4.855330
vt 5.370590 4.161440
vt 5.409270 4.869400
vt 4.289760 4.132630
vt 5.237610 4.050110
vt 5.237610 4.132630
vt 4.289760 4.050110
vt 4.295620 4.050110
vt 5.243480 4.050110
vt 4.295620 4.132630
vt 4.195650 4.177140
vt 4.169510 4.132630
vt 4.252030 4.132630
vt 4.169510 4.050110
vt 4.137640 4.132630
vt 4.137640 4.050110
vt 3.183930 4.132630
vt 4.131780 4.050110
vt 4.131780 4.132630
vt 3.183930 4.050110
vt 3.342960 5.680360
vt 3.249780 5.689110
vt 3.267140 5.592710
vt 3.167560 5.707730
vt 3.241310 5.780030
vt 3.196530 6.322610
vt 3.266650 6.318050
vt 3.302950 6.363560
vt 3.136480 6.430830
vt 4.415520 6.467880
vt 4.407980 6.550060
vt 4.451640 6.440520
vt 4.378500 5.793840
vt 4.528560 6.430650
vt 4.574450 6.482790
vt 4.466790 5.769260
vt 4.483420 5.672190
vt 4.559240 5.759850
vt 5.456440 5.735780
vt 5.532260 5.823440
vt 5.561140 5.737870
vt 5.647430 5.703120
vt 5.556420 5.640700
vt 5.596420 5.872000
vt 5.703070 6.488800
vt 5.674090 5.857320
vt 5.794080 6.551210
vt 5.708500 6.585450
vt 5.607550 6.579660
vt 5.679490 6.669290
vt 5.715300 6.676920
vt 5.797810 6.676920
vt 5.811410 7.171220
vt 6.256930 7.422170
vt 6.296850 7.349950
vt 6.303370 7.447850
vt 6.343290 7.375630
vt 2.078090 4.132630
vt 3.025950 4.050110
vt 3.025950 4.132630
vt 2.078090 4.050110
vt 3.131710 4.003240
vt 3.146190 4.050110
vt 3.063680 4.050110
vt 3.063680 4.132630
vt 3.031810 4.050110
vt 3.146190 4.132630
vt 3.095160 4.170510
vt 3.031810 4.132630
vt 2.083960 4.132630
vt 2.083960 4.050110
vt 3.194240 4.780840
vt 3.165280 4.165950
vt 3.124120 4.785400
vt 3.225900 4.821390
vt 3.223140 4.903870
vt 4.232150 4.855830
vt 4.229390 4.938310
vt 4.268790 4.823820
vt 3.131360 4.939120
vt 3.230440 5.549440
vt 3.201480 4.934560
vt 3.068330 4.898570
vt 3.071090 4.816090
vt 4.287070 4.985490
vt 4.345710 4.813950
vt 4.386960 4.861130
vt 4.272570 4.167270
vt 3.191380 4.054200
vt 3.189790 4.132630
vt 5.243480 4.132630
vt 5.303120 4.175810
vt 5.275350 4.050110
vt 5.293780 4.003740
vt 5.357860 4.050110
vt 5.380790 4.161130
vt 5.409770 4.792610
vt 5.500780 4.855020
vt 5.643450 2.845780
vt 5.374210 4.022150
vt 5.556680 2.813380
vt 5.580480 2.799410
vt 5.662990 2.799410
vt 5.550330 2.716880
vt 5.472260 2.799410
vt 4.379320 2.799410
vt 4.274490 2.846270
vt 4.216500 2.795310
vt 1.475060 2.716880
vt 1.475060 2.799410
vt 1.419620 2.799410
vt 1.419620 2.716880
vt 3.052210 6.341200
vt 1.852650 6.311600
vt 2.019120 6.244330
vt 1.929490 6.195730
vt 2.015400 5.631330
vt 2.000610 6.198230
vt 1.860180 6.229420
vt 0.740084 6.207270
vt 1.944280 5.628830
vt 0.747615 6.125100
vt 5.390160 4.882640
vt 5.356750 4.161130
vt 5.279080 4.175810
vt 5.504510 4.898200
vt 5.422000 4.898200
vt 5.422000 4.980730
vt 5.504510 4.980730
vt 5.435930 5.023600
vt 5.415080 4.890420
vt 5.406220 4.979390
vt 5.315800 4.892920
vt 5.449770 5.023900
vt 5.527440 5.009220
vt 5.313040 4.975410
vt 4.461600 4.946260
vt 4.374090 4.959610
vt 4.437130 5.622300
vt 4.360210 5.632170
vt 4.321250 5.661590
vt 4.315980 5.743950
vt 1.876540 5.502620
vt 1.871280 5.584980
vt 2.019630 5.469360
vt 2.038710 5.513220
vt 2.033450 5.595580
vt 3.011730 5.576810
vt 3.194370 5.703160
vt 3.124250 5.707730
vt 3.254990 5.592710
vt 3.249730 5.675060
vt 4.228010 5.656300
vt 4.207260 2.795310
vt 1.357240 2.799410
vt 1.357240 2.716880
vt 5.537010 2.716880
vt 3.125050 4.003240
vt 3.182190 4.054200
vt 3.121960 4.165950
vt 3.020090 4.050110
vt 4.267830 2.846270
vt 4.366010 2.799410
vt 5.537010 2.799410
vt 5.564130 2.827360
vt 5.662990 2.716880
vt 5.580480 2.716880
vt 5.644560 2.845780
vt 5.294900 4.003740
vt 5.375320 4.022150
vt 5.231750 4.050110
vt 5.231750 4.132630
vt 4.283900 4.132630
vt 4.283900 4.050110
vt 4.244180 4.167270
vt 4.125920 4.132630
vt 3.257050 4.050110
vt 3.178060 4.132630
vt 3.020090 4.132630
vt 2.072230 4.132630
vt 1.914260 4.050110
vt 1.982320 4.171110
vt 1.914260 4.132630
vt 0.966400 4.132630
vt 0.966400 4.050110
vt 0.926043 4.172360
vt 0.978123 4.050110
vt 1.925980 4.050110
vt 0.978123 4.132630
vt 1.925980 4.132630
vt 1.957850 4.050110
vt 2.011670 4.173600
vt 1.957850 4.132630
vt 2.040360 4.132630
vt 1.925750 4.738000
vt 1.940540 4.171110
vt 1.996870 4.740500
vt 0.972261 4.132630
vt 1.920120 4.050110
vt 1.920120 4.132630
vt 0.972261 4.050110
vt 2.062080 4.864120
vt 2.064840 4.781640
vt 3.160320 5.554000
vt 3.104970 5.582110
vt 3.099700 5.664460
vt 2.045600 5.595580
vt 2.050860 5.513220
vt 1.992650 4.902470
vt 1.906730 5.466870
vt 1.907270 4.858820
vt 1.921520 4.899970
vt 1.910040 4.776340
vt 0.901026 4.824380
vt 0.903789 4.741900
vt 0.851801 4.861480
vt 6.354430 7.476090
vt 6.394350 7.403860
vt 2.302610 2.147760
vt 2.088810 2.072870
vt 2.200970 2.072870
vt 1.987160 2.147760
vt 2.231600 2.718560
vt 1.701950 2.718560
vt 5.145080 2.147780
vt 4.911550 2.072890
vt 5.034060 2.072890
vt 4.800530 2.147780
vt 5.083940 2.718580
vt 4.505440 2.718580
vt 2.389390 2.055870
vt 2.471910 2.055870
vt 2.459000 2.096390
vt 2.471910 1.973830
vt 3.445910 1.973830
vt 3.445910 2.055870
vt 3.577730 1.973830
vt 3.577730 2.055870
vt 1.971950 6.062350
vt 1.955000 6.173370
vt 1.912890 6.053350
vt 1.895940 6.164370
vt 1.936290 6.295870
vt 1.877230 6.286870
vt 1.919340 6.406890
vt 1.860270 6.397890
vt 5.110750 6.053350
vt 5.068650 6.173370
vt 5.051690 6.062350
vt 5.127710 6.164370
vt 5.087350 6.295870
vt 5.146420 6.286870
vt 5.104310 6.406890
vt 5.163370 6.397890
vt 4.696620 3.341620
vt 4.654690 3.462780
vt 4.637560 3.350620
vt 4.713750 3.453780
vt 4.681100 3.239980
vt 4.670210 3.564420
vt 4.622030 3.248980
vt 4.729270 3.555430
vt 2.353440 3.564420
vt 2.309890 3.453780
vt 2.368960 3.462780
vt 2.294370 3.555430
vt 2.327020 3.341620
vt 2.386090 3.350620
vt 2.342550 3.239980
vt 2.401610 3.248980
vt 3.407810 7.059620
vt 1.728260 6.970320
vt 1.693380 7.055890
vt 3.445910 6.964380
vt 3.445910 7.045690
vt 3.615840 7.059620
vt 5.295390 6.970320
vt 5.330270 7.055890
vt 3.577730 7.045690
vt 3.577730 6.964380
vt 3.577730 6.817730
vt 3.577730 6.899040
vt 3.445910 6.817730
vt 3.445910 6.899040
vt 1.773780 6.822960
vt 1.738050 6.909240
vt 1.770910 6.718250
vt 1.679980 6.797360
vt 1.725930 6.869360
vt 1.635200 6.945340
vt 1.800530 5.823930
vt 1.882130 5.836270
vt 1.834140 5.733080
vt 1.915770 5.745230
vt 1.837930 5.670560
vt 1.915420 5.698950
vt 1.804430 5.761990
vt 1.881920 5.790380
vt 1.862200 5.582280
vt 1.939910 5.583060
vt 1.943600 5.622030
vt 1.828590 5.675030
vt 1.906160 5.677330
vt 1.910100 5.713460
vt 1.836580 5.585530
vt 2.074380 4.564760
vt 1.992780 4.552430
vt 2.061890 4.528460
vt 1.991650 4.485150
vt 2.025850 4.404260
vt 2.098410 4.405830
vt 2.105140 4.458340
vt 2.471910 1.899590
vt 2.471910 1.981630
vt 3.405910 1.891100
vt 3.445910 1.899590
vt 3.445910 1.981630
vt 3.577730 1.899590
vt 3.577730 1.981630
vt 3.617740 1.891100
vt 4.551730 1.899590
vt 4.551730 1.981630
vt 4.634260 1.981630
vt 4.564780 2.021760
vt 4.646380 2.009430
vt 4.733000 3.134330
vt 4.814590 3.121990
vt 4.840460 3.191300
vt 4.769300 3.149530
vt 4.551730 1.973830
vt 4.721580 3.150500
vt 4.646270 2.084250
vt 4.803210 3.138350
vt 4.758130 3.168550
vt 4.716370 3.239670
vt 4.727540 3.220650
vt 4.838620 3.280930
vt 4.798700 3.262420
vt 4.757030 3.293260
vt 4.994820 4.314030
vt 4.925240 4.405830
vt 4.551730 2.048080
vt 4.551730 2.055870
vt 4.564650 2.096390
vt 3.577730 2.048080
vt 3.577730 2.130110
vt 3.445910 2.048080
vt 3.445910 2.130110
vt 2.471910 2.048080
vt 2.471910 2.130110
vt 2.389390 2.130110
vt 2.459950 2.165600
vt 2.231040 3.159910
vt 2.378290 2.153660
vt 2.312690 3.171850
vt 2.318440 3.258690
vt 2.276680 3.187570
vt 2.205520 3.229340
vt 2.247280 3.300460
vt 2.208380 3.314710
vt 2.290040 3.326660
vt 2.142780 4.332910
vt 2.061130 4.320960
vt 2.036310 4.412740
vt 2.079570 4.342620
vt 2.149810 4.385930
vt 2.084220 4.492260
vt 2.015220 4.516800
vt 2.013980 4.448940
vt 2.038470 4.475770
vt 2.120130 4.487710
vt 1.902540 5.404610
vt 1.972870 5.493960
vt 1.895420 5.492120
vt 1.977110 5.530600
vt 1.948920 5.607520
vt 1.868560 5.636820
vt 1.871430 5.579140
vt 1.950220 5.648770
vt 1.732630 6.565670
vt 1.814290 6.577610
vt 1.836640 6.555600
vt 2.152390 4.393520
vt 2.145050 4.453200
vt 4.961760 4.528460
vt 5.032000 4.485150
vt 5.030870 4.552430
vt 4.949270 4.564760
vt 5.187070 5.585530
vt 4.997790 4.404260
vt 4.918500 4.458340
vt 5.117480 5.677330
vt 5.195060 5.675030
vt 5.113540 5.713460
vt 5.141730 5.790380
vt 5.219210 5.761990
vt 5.223110 5.823930
vt 5.252740 6.718250
vt 5.107880 5.745230
vt 5.189500 5.733080
vt 5.343660 6.797360
vt 5.249870 6.822960
vt 5.285600 6.909240
vt 5.388440 6.945340
vt 5.297710 6.869360
vt 5.141510 5.836270
vt 5.403240 7.140450
vt 5.320710 7.558660
vt 5.320710 7.140450
vt 5.391150 7.656170
vt 5.332800 7.605110
vt 4.871250 4.393520
vt 4.878590 4.453200
vt 4.917090 4.456050
vt 4.987330 4.412740
vt 4.985170 4.475770
vt 4.944070 4.342620
vt 4.962520 4.320960
vt 4.873830 4.385930
vt 4.880860 4.332910
vt 4.903520 4.487710
vt 5.121100 5.404610
vt 5.050770 5.493960
vt 5.128230 5.492120
vt 5.046540 5.530600
vt 5.074720 5.607520
vt 5.152210 5.579140
vt 5.155080 5.636820
vt 5.187010 6.555600
vt 5.185920 6.636020
vt 5.269530 6.556710
vt 5.170360 6.812140
vt 4.953510 4.386860
vt 2.028820 4.314030
vt 2.266620 3.293260
vt 2.185020 3.280930
vt 2.224940 3.262420
vt 2.296110 3.220650
vt 2.183180 3.191300
vt 2.209050 3.121990
vt 2.254350 3.149530
vt 2.290650 3.134330
vt 2.377270 2.009430
vt 2.458860 2.021760
vt 2.389390 1.981630
vt 1.724370 6.651980
vt 1.817300 6.676890
vt 1.782710 6.762590
vt 3.445910 6.671080
vt 3.445910 6.752390
vt 3.577730 6.752390
vt 3.577730 6.671080
vt 5.206350 6.676890
vt 5.240930 6.762590
vt 5.209350 6.577610
vt 5.299280 6.651980
vt 5.291010 6.565670
vt 5.073430 5.648770
vt 5.108230 5.698950
vt 5.185710 5.670560
vt 5.161440 5.582280
vt 5.080040 5.622030
vt 5.083730 5.583060
vt 5.153290 5.489830
vt 4.926800 4.528950
vt 5.008430 4.516800
vt 2.377370 2.084250
vt 2.302060 3.150500
vt 2.220440 3.138350
vt 2.307280 3.239670
vt 2.265520 3.168550
vt 2.194350 3.210320
vt 2.236110 3.281440
vt 2.196300 3.300520
vt 2.277920 3.312670
vt 2.051430 4.273550
vt 2.120990 4.366780
vt 2.048300 4.366730
vt 2.127480 4.422140
vt 1.870360 5.489830
vt 2.096840 4.528950
vt 1.853280 6.812140
vt 2.070140 4.386860
vt 1.837720 6.636020
vt 1.754120 6.556710
vt 2.106550 4.456050
vt 2.389390 2.105820
vt 4.634260 2.105820
vt 4.776370 3.300460
vt 4.818130 3.229340
vt 4.815260 3.314710
vt 4.733610 3.326660
vt 4.705200 3.258690
vt 4.939420 4.492260
vt 5.009660 4.448940
vt 4.975350 4.366730
vt 4.896170 4.422140
vt 4.902660 4.366780
vt 4.972210 4.273550
vt 4.745720 3.312670
vt 4.827350 3.300520
vt 4.787530 3.281440
vt 4.829300 3.210320
vt 4.710950 3.171850
vt 4.746960 3.187570
vt 4.792610 3.159910
vt 4.563700 2.165600
vt 4.645350 2.153660
vt 4.551730 2.130110
vt 4.634260 2.130110
vt 4.634260 2.055870
vt 5.280840 7.594530
vt 1.632500 7.656170
vt 1.742810 7.594530
vt 1.690850 7.605110
vt 1.702930 7.558660
vt 1.620410 7.140450
vt 1.702930 7.140450
vt 4.634260 4.852640
vt 4.634260 5.388620
vt 4.551730 5.388620
vt 4.551730 4.852640
vt 4.634260 5.541760
vt 4.551730 5.541760
vt 4.551730 6.077740
vt 3.577730 5.541760
vt 3.577730 5.388620
vt 3.445910 5.541760
vt 3.445910 5.388620
vt 5.051690 2.147780
vt 5.092890 2.716880
vt 5.033830 2.718580
vt 5.110750 2.146080
vt 1.971950 2.147780
vt 1.930760 2.716880
vt 1.912890 2.146080
vt 1.989820 2.718580
vt 2.401610 2.147760
vt 2.358900 2.716880
vt 2.342550 2.146080
vt 2.417970 2.718560
vt 4.664740 2.716880
vt 4.622030 2.147760
vt 4.681100 2.146080
vt 4.605680 2.718560
vt 3.615840 6.676920
vt 5.295390 6.585450
vt 3.577730 6.565590
vt 3.445910 6.565590
vt 3.407810 6.676920
vt 3.577730 5.871690
vt 3.445910 5.871690
vt 3.445910 5.717490
vt 3.577730 5.717490
vt 5.249870 5.737870
vt 5.343660 5.729440
vt 5.257880 5.640700
vt 5.304340 5.023900
vt 5.302550 6.488800
vt 5.270060 5.872000
vt 5.349010 5.872000
vt 5.388440 6.576500
vt 5.113540 6.440520
vt 5.086740 5.793840
vt 5.164230 5.793840
vt 5.195060 6.454200
vt 5.082950 5.743950
vt 5.164580 5.743950
vt 4.997790 6.335630
vt 4.918500 6.322610
vt 4.986510 6.245750
vt 4.634260 6.077740
vt 3.577730 6.077740
vt 3.445910 6.077740
vt 2.389390 6.077740
vt 2.471910 6.077740
vt 2.378400 6.207270
vt 2.209050 6.229420
vt 2.254350 6.195730
vt 2.290650 6.229420
vt 2.389390 5.541760
vt 2.471910 5.541760
vt 2.471910 5.388620
vt 2.220440 5.502620
vt 2.265520 5.466870
vt 2.302060 5.502620
vt 2.263030 5.628830
vt 2.221220 5.584980
vt 2.302850 5.584980
vt 2.191870 5.628830
vt 2.183180 6.195730
vt 2.471910 4.699500
vt 2.471910 4.852640
vt 2.389390 5.388620
vt 3.445910 4.852640
vt 3.445910 4.699500
vt 3.577730 4.699500
vt 3.577730 4.852640
vt 4.551730 4.699500
vt 4.551730 4.163520
vt 4.634260 4.163520
vt 4.634260 4.699500
vt 4.746960 4.738000
vt 4.792610 4.776340
vt 4.710950 4.776340
vt 4.792200 4.858820
vt 4.749440 4.899970
vt 4.710550 4.858820
vt 4.820610 4.899970
vt 4.758130 5.466870
vt 4.829300 5.466870
vt 4.944070 4.785400
vt 4.962520 4.816090
vt 4.880860 4.816090
vt 4.873830 4.785400
vt 4.926200 4.170510
vt 4.948540 4.939120
vt 4.880460 4.898570
vt 4.962110 4.898570
vt 4.878300 4.939120
vt 4.964170 5.477140
vt 4.896170 5.554000
vt 4.975350 5.568060
vt 5.130730 4.985490
vt 5.050370 4.938310
vt 5.132020 4.938310
vt 5.046540 4.823820
vt 5.097230 4.177140
vt 5.128230 4.839830
vt 5.019740 4.177140
vt 5.080040 5.632170
vt 5.053240 4.985490
vt 5.161440 5.646880
vt 3.577730 4.869400
vt 3.445910 4.175500
vt 3.577730 4.175500
vt 3.445910 4.869400
vt 1.859070 5.743950
vt 1.940690 5.743950
vt 1.859420 5.793840
vt 2.123010 5.707730
vt 2.105140 6.322610
vt 2.037140 6.245750
vt 2.025850 6.335630
vt 1.828590 6.454200
vt 1.910100 6.440520
vt 1.936900 5.793840
vt 1.765760 5.640700
vt 1.773780 5.737870
vt 1.679980 5.729440
vt 1.674640 5.872000
vt 1.753580 5.872000
vt 1.721100 6.488800
vt 1.635200 6.576500
vt 1.728260 6.585450
vt 1.620410 7.171220
vt 1.620410 6.715780
vt 1.702940 6.715780
vt 1.702940 7.171220
vt 1.690850 7.375630
vt 1.742810 7.442010
vt 1.690850 7.447850
vt 2.149810 4.785400
vt 2.097440 4.170510
vt 2.167680 4.170510
vt 2.079570 4.785400
vt 2.142780 4.816090
vt 2.061130 4.816090
vt 1.973280 4.938310
vt 1.892920 4.985490
vt 1.891620 4.938310
vt 1.895420 4.839830
vt 1.926420 4.177140
vt 1.977110 4.823820
vt 2.003910 4.177140
vt 1.924920 4.132630
vt 2.006600 4.132630
vt 1.763970 4.175810
vt 1.842920 4.175810
vt 1.810430 4.792610
vt 1.724370 4.882640
vt 1.754120 4.003740
vt 1.757750 2.827360
vt 1.836640 4.003740
vt 1.846770 2.813380
vt 1.853280 2.716880
vt 2.070140 4.003240
vt 2.067120 2.795310
vt 2.152390 4.003240
vt 1.985160 2.795310
vt 2.410170 2.799410
vt 2.410170 2.716880
vt 4.613470 2.716880
vt 4.814590 6.229420
vt 4.733000 6.229420
vt 4.769300 6.195730
vt 4.831780 5.628830
vt 4.840460 6.195730
vt 4.645240 6.207270
vt 5.259670 4.175810
vt 5.299280 4.882640
vt 5.213210 4.792610
vt 5.206350 4.890420
vt 5.180730 4.175810
vt 5.114800 4.980730
vt 5.207000 4.979390
vt 5.225390 5.023900
vt 3.577730 5.023600
vt 3.445910 5.023600
vt 1.908840 4.980730
vt 1.817300 4.890420
vt 1.816650 4.979390
vt 1.719310 5.023900
vt 1.798250 5.023900
vt 1.943600 5.632170
vt 1.970410 4.985490
vt 1.862200 5.646880
vt 4.760610 5.628830
vt 4.720800 5.584980
vt 4.802420 5.584980
vt 4.803210 5.502620
vt 4.721580 5.502620
vt 4.970870 5.707730
vt 4.901870 5.664460
vt 4.983500 5.664460
vt 4.900640 5.707730
vt 4.613470 2.799410
vt 4.953510 4.003240
vt 4.956520 2.795310
vt 5.038490 2.795310
vt 4.871250 4.003240
vt 5.170360 2.716880
vt 5.176870 2.813380
vt 5.187010 4.003740
vt 5.265890 2.827360
vt 5.269530 4.003740
vt 5.017040 4.132630
vt 5.098730 4.132630
vt 4.855970 4.170510
vt 4.858300 4.132630
vt 4.939990 4.132630
vt 4.781240 4.132630
vt 4.738280 4.171110
vt 4.699560 4.132630
vt 4.809440 4.171110
vt 4.818130 4.738000
vt 4.645180 4.050110
vt 3.577730 4.163520
vt 3.445910 4.163520
vt 2.471910 4.163520
vt 2.378470 4.050110
vt 2.389390 4.163520
vt 2.389390 4.699500
vt 2.242400 4.132630
vt 2.324090 4.132630
vt 2.285370 4.171110
vt 2.165350 4.132630
vt 2.083660 4.132630
vt 2.276680 4.738000
vt 2.214200 4.171110
vt 2.205520 4.738000
vt 2.061530 4.898570
vt 2.143190 4.898570
vt 2.075100 4.939120
vt 2.059470 5.477140
vt 2.145340 4.939120
vt 2.127480 5.554000
vt 2.048300 5.568060
vt 2.040150 5.664460
vt 2.121770 5.664460
vt 2.052770 5.707730
vt 2.194350 5.466870
vt 2.203030 4.899970
vt 2.274200 4.899970
vt 2.231440 4.858820
vt 2.313100 4.858820
vt 2.231040 4.776340
vt 2.312690 4.776340
vt 2.389390 4.852640
vt 1.742810 7.369780
vt 5.280840 7.442010
vt 5.280840 7.369780
vt 5.332800 7.375630
vt 5.332800 7.447850
vt 5.320710 7.171220
vt 5.320710 6.715780
vt 5.403230 7.171220
vt 5.403230 6.715780
vt 0.450180 0.578543
vt 0.640336 0.705315
vt 0.611782 0.740146
vt 0.666992 0.650814
vt 0.678720 0.578543
vt 0.666992 0.506273
vt 0.640336 0.451772
vt 0.611782 0.416941
vt 0.576951 0.388387
vt 0.522450 0.361731
vt 0.450180 0.350003
vt 0.377909 0.361731
vt 0.323409 0.388387
vt 0.288578 0.416941
vt 0.260023 0.451772
vt 0.233368 0.506273
vt 0.221640 0.578543
vt 0.233368 0.650814
vt 0.260023 0.705315
vt 0.288578 0.740146
vt 0.323409 0.768700
vt 0.377909 0.795355
vt 0.450180 0.807083
vt 0.522450 0.795355
vt 0.576951 0.768700
vt 0.599279 0.614167
vt 0.443279 0.614167
vt 0.599279 0.537987
vt 0.443279 0.537987
vt 0.599279 0.461807
vt 0.443279 0.461807
vt 0.599279 0.385627
vt 0.443279 0.385627
vt 0.599279 0.309447
vt 0.443279 0.309447
vt 0.599279 0.233267
vt 0.443279 0.233267
vt 0.599279 0.157087
vt 0.443279 0.157087
s 1
usemtl Chassis1Mtl.001
f 2/1/1 4/2/2 3/3/3
f 6/4/4 7/5/5 5/6/6
f 15/7/7 14/8/8 13/9/9
f 16/10/10 19/11/11 15/7/12
f 19/11/13 20/12/14 18/13/15
f 23/14/16 22/15/17 24/16/18
f 25/17/19 21/18/20 24/16/21
f 21/18/20 25/17/19 26/19/22
f 28/20/23 27/21/24 26/19/25
f 31/22/26 29/23/27 32/24/28
f 33/25/29 30/26/30 32/24/31
f 34/20/32 35/21/33 37/27/34
f 35/21/35 36/28/36 39/29/37
f 41/30/38 36/28/36 40/31/39
f 39/29/37 36/28/36 42/32/40
f 17/33/41 38/34/42 43/35/43
f 38/34/42 37/27/44 43/35/43
f 43/35/43 20/12/45 17/33/41
f 18/13/15 20/12/14 44/36/46
f 18/13/15 44/36/46 45/37/47
f 46/38/48 18/13/15 45/37/47
f 45/37/47 48/39/49 46/38/48
f 47/40/50 48/39/49 45/37/47
f 49/41/51 39/29/37 42/32/40
f 42/32/40 50/42/52 49/41/51
f 50/42/52 51/43/53 49/41/51
f 52/44/54 53/45/55 50/42/52
f 51/43/53 50/42/52 54/46/56
f 47/40/50 51/43/53 54/46/56
f 54/46/56 50/42/52 53/45/55
f 54/46/56 48/39/49 47/40/50
f 53/45/55 55/47/57 54/46/56
f 56/48/58 55/47/57 53/45/55
f 57/49/59 46/38/48 48/39/49
f 46/38/48 57/49/59 58/50/60
f 59/51/61 46/38/48 58/50/60
f 58/50/60 60/52/62 59/51/61
f 61/53/63 60/52/62 58/50/60
f 60/52/62 61/53/63 62/54/64
f 63/55/65 59/51/61 60/52/62
f 63/55/65 64/56/66 59/51/61
f 65/57/67 7/5/5 6/4/4
f 67/57/68 9/5/69 66/4/4
f 66/4/4 9/5/69 10/6/6
f 73/58/70 71/57/71 68/4/72
f 71/57/71 72/5/73 68/4/72
f 69/59/74 73/58/70 68/4/72
f 69/59/74 74/60/75 73/58/70
f 69/59/74 70/61/76 74/60/75
f 68/4/72 72/5/73 75/6/77
f 70/61/76 76/62/78 74/60/75
f 77/63/79 75/6/77 72/5/73
f 78/64/80 75/6/77 77/63/79
f 77/63/79 79/65/81 78/64/80
f 77/63/79 80/66/82 79/65/81
f 80/66/82 81/67/83 79/65/81
f 76/62/84 82/68/85 81/67/86
f 83/69/87 82/68/85 76/62/84
f 76/62/78 70/61/76 84/70/88
f 85/71/89 84/70/88 70/61/76
f 86/72/90 85/71/89 70/61/76
f 87/73/91 88/74/92 89/75/93
f 87/73/91 90/76/92 88/74/92
f 89/75/93 91/77/94 87/73/91
f 91/77/94 89/75/93 92/78/95
f 93/79/92 94/80/93 95/81/96
f 93/79/92 96/82/92 94/80/93
f 94/80/93 97/83/97 95/81/96
f 98/84/95 97/83/97 94/80/93
f 75/6/77 78/64/80 99/3/98
f 102/2/2 12/1/68 103/85/99
f 12/1/68 102/2/2 11/3/100
f 4/2/2 2/1/1 105/85/101
f 107/86/67 108/87/102 104/88/3
f 109/89/103 110/90/104 106/91/105
f 110/90/104 109/89/103 111/92/106
f 111/92/106 113/93/107 110/90/104
f 113/93/107 111/92/106 115/94/108
f 116/95/109 115/94/110 114/96/111
f 117/97/112 113/93/107 115/94/108
f 113/93/107 117/97/112 118/98/113
f 117/97/112 119/99/114 118/98/113
f 119/99/114 117/97/112 120/100/115
f 120/100/115 121/101/116 119/99/114
f 122/102/117 121/101/116 120/100/115
f 124/103/118 122/102/119 123/104/120
f 122/102/119 124/103/118 125/105/121
f 126/106/122 121/101/116 122/102/117
f 121/101/116 126/106/122 127/107/123
f 127/107/123 128/108/124 121/101/116
f 126/106/122 129/109/125 127/107/123
f 129/109/125 126/106/122 130/110/126
f 131/111/127 129/109/125 130/110/126
f 133/112/128 132/113/129 131/111/127
f 134/114/130 131/111/127 130/110/126
f 135/115/131 133/112/128 131/111/127
f 131/111/127 134/114/130 135/115/131
f 135/115/131 134/114/130 137/116/132
f 135/115/131 137/116/132 138/117/133
f 138/117/133 136/118/134 135/115/131
f 134/114/130 52/44/54 137/116/132
f 52/44/54 134/114/130 53/45/55
f 141/119/135 142/120/136 139/121/137
f 142/120/136 141/119/135 143/122/138
f 139/121/139 144/123/140 140/124/141
f 145/125/142 143/122/138 141/119/135
f 145/125/142 141/119/135 146/126/143
f 147/127/144 142/120/145 148/128/146
f 152/129/147 151/130/148 150/131/149
f 151/130/148 152/129/147 153/132/150
f 154/127/151 155/120/152 152/129/147
f 158/133/153 157/134/154 156/135/155
f 157/134/154 158/133/153 159/136/156
f 162/137/153 164/138/157 163/139/158
f 164/138/157 162/137/153 165/140/159
f 168/141/160 166/142/161 167/143/162
f 172/144/163 166/142/164 171/145/165
f 173/146/166 174/147/167 175/148/168
f 176/149/169 177/150/170 178/151/171
f 179/152/172 174/147/167 180/153/173
f 180/153/173 181/154/174 179/152/172
f 179/152/172 86/72/90 182/155/175
f 86/72/90 179/152/172 181/154/174
f 183/156/176 182/155/175 86/72/90
f 86/72/90 181/154/174 85/71/89
f 185/157/177 184/158/178 183/156/176
f 185/157/177 183/156/176 86/72/90
f 186/159/179 177/150/170 184/158/178
f 185/157/177 186/159/179 184/158/178
f 177/150/170 186/159/179 178/151/171
f 188/160/180 178/151/171 187/161/181
f 189/162/182 188/160/180 187/161/181
f 188/160/180 189/162/182 190/163/183
f 189/162/182 191/164/184 190/163/183
f 191/164/184 192/165/185 190/163/183
f 191/164/184 189/162/182 193/166/186
f 193/166/186 194/167/184 191/164/184
f 194/167/184 193/166/186 195/168/187
f 196/9/188 194/167/184 197/169/189
f 195/168/187 197/169/189 194/167/184
f 197/169/189 195/168/187 198/170/190
f 197/169/189 199/8/191 196/9/188
f 195/168/187 185/157/177 198/170/190
f 185/157/177 86/72/90 198/170/190
f 199/8/191 197/169/189 200/171/192
f 201/172/193 199/8/191 200/171/192
f 199/8/191 201/172/193 202/173/194
f 172/144/195 203/174/196 169/175/197
f 204/176/198 206/177/157 205/178/199
f 206/177/157 204/176/198 207/179/159
f 212/180/200 211/181/201 209/182/202
f 209/182/202 214/183/203 212/180/200
f 212/180/204 216/184/205 213/185/206
f 216/184/205 212/180/204 215/186/207
f 217/187/208 213/185/206 218/188/209
f 213/185/206 216/184/205 218/188/209
f 217/187/208 218/188/209 219/189/210
f 219/189/210 220/190/211 217/187/208
f 219/189/210 221/191/212 220/190/211
f 223/192/213 219/189/210 222/193/214
f 221/191/212 219/189/210 223/192/213
f 221/191/212 224/194/215 220/190/211
f 224/194/215 221/191/212 225/195/216
f 221/191/212 223/192/213 226/196/217
f 227/197/218 228/198/219 225/195/216
f 225/195/216 229/199/220 224/194/215
f 229/199/220 225/195/216 228/198/219
f 228/198/219 230/200/221 229/199/220
f 227/197/218 231/201/222 228/198/219
f 210/202/223 229/199/220 230/200/221
f 232/203/224 210/202/223 230/200/221
f 232/203/224 211/181/201 210/202/223
f 231/201/222 227/197/218 233/204/225
f 234/205/226 231/201/222 233/204/225
f 233/204/225 235/206/227 234/205/226
f 235/206/227 236/207/228 234/205/226
f 234/205/226 237/208/229 239/209/230
f 238/210/231 239/209/230 237/208/229
f 234/205/226 239/209/230 231/201/222
f 239/209/230 238/210/231 240/211/232
f 238/210/231 241/212/233 240/211/232
f 240/211/232 243/213/234 242/214/235
f 240/211/232 241/212/233 243/213/234
f 244/215/236 242/214/235 243/213/234
f 246/216/237 244/215/236 243/213/234
f 246/216/237 245/217/238 244/215/236
f 246/216/237 232/203/224 245/217/238
f 246/216/237 247/218/239 232/203/224
f 247/218/239 211/181/201 232/203/224
f 211/181/201 247/218/239 208/219/240
f 243/213/234 248/220/241 246/216/237
f 248/220/241 249/221/242 246/216/237
f 251/222/243 252/223/244 250/224/245
f 64/56/66 63/55/65 253/225/246
f 254/226/247 64/56/66 253/225/246
f 255/227/248 64/56/66 254/226/247
f 256/228/249 64/56/66 255/227/248
f 254/226/250 258/229/251 257/230/252
f 259/231/253 256/228/249 255/227/248
f 138/117/133 260/232/254 136/118/134
f 260/232/254 261/233/255 136/118/134
f 261/233/255 262/234/256 136/118/134
f 149/235/257 148/128/258 263/236/43
f 264/237/259 149/235/257 263/236/43
f 263/236/43 262/234/260 264/237/259
f 266/238/261 261/233/255 267/239/262
f 265/240/263 267/239/264 41/30/38
f 40/31/39 265/240/263 41/30/38
f 269/241/265 268/242/27 151/130/266
f 272/238/267 270/243/268 271/244/269
f 30/26/30 33/25/29 271/244/270
f 236/207/228 192/165/185 234/205/226
f 192/165/185 273/245/271 190/163/183
f 192/165/185 274/246/272 273/245/271
f 236/207/228 274/246/272 192/165/185
f 236/207/228 275/247/273 274/246/272
f 275/247/273 276/248/274 274/246/272
f 275/247/273 226/196/217 276/248/274
f 223/192/213 276/248/274 226/196/217
f 222/193/214 277/249/275 223/192/213
f 277/249/275 222/193/214 278/250/276
f 278/250/276 176/149/169 277/249/275
f 277/249/275 178/151/171 188/160/180
f 277/249/275 176/149/169 178/151/171
f 176/149/169 278/250/276 279/251/277
f 173/146/166 175/148/168 279/251/277
f 175/148/168 176/149/169 279/251/277
f 257/230/252 258/229/251 281/252/278
f 8/253/279 280/254/280 282/255/281
f 8/253/279 282/255/281 1/256/282
f 280/254/280 283/257/283 282/255/281
f 283/257/283 280/254/280 258/229/284
f 115/94/110 116/95/109 283/257/285
f 284/258/286 283/257/283 258/229/284
f 283/257/283 284/258/286 285/259/287
f 284/258/286 286/260/288 285/259/287
f 286/260/288 284/258/286 287/261/289
f 286/260/288 287/261/289 123/104/120
f 123/104/120 287/261/289 288/262/290
f 288/262/290 60/52/62 62/54/64
f 62/54/64 289/263/291 288/262/290
f 289/263/291 290/264/292 288/262/290
f 288/262/290 290/264/292 123/104/120
f 124/103/118 123/104/120 290/264/292
f 290/264/292 289/263/291 291/265/293
f 290/264/292 291/265/293 56/48/58
f 291/265/293 55/47/57 56/48/58
f 292/266/294 252/223/244 251/222/243
f 252/223/244 292/266/294 293/267/295
f 294/268/296 252/223/244 293/267/295
f 293/267/295 168/141/297 170/269/298
f 293/267/295 170/269/298 295/270/299
f 295/270/299 296/271/300 293/267/295
f 296/271/300 294/268/296 293/267/295
f 296/271/300 297/272/133 294/268/296
f 297/272/133 298/273/301 294/268/296
f 294/268/302 299/274/303 300/275/304
f 298/273/301 140/124/141 301/276/305
f 301/276/306 302/277/307 299/274/308
f 303/278/309 301/276/305 140/124/141
f 132/113/129 133/112/128 304/279/310
f 160/280/311 306/281/312 132/113/313
f 306/281/314 161/282/315 305/283/316
f 305/283/316 161/282/315 307/284/317
f 307/284/317 170/269/298 305/283/316
f 308/285/318 305/283/316 170/269/298
f 203/174/319 128/108/124 309/286/320
f 128/108/124 203/174/319 121/101/116
f 171/145/165 310/287/321 172/144/163
f 311/288/322 310/287/321 171/145/165
f 311/288/322 171/145/165 312/289/323
f 315/290/324 314/291/325 317/292/326
f 317/292/327 316/293/328 318/294/329
f 318/294/329 316/293/328 313/295/330
f 112/296/331 315/290/332 319/297/333
f 113/93/334 315/290/332 112/296/331
f 320/298/335 318/294/329 313/295/330
f 320/298/335 313/295/330 321/299/336
f 108/87/102 107/86/67 322/300/101
f 101/301/68 323/87/337 100/88/100
f 323/87/337 101/301/68 324/300/338
f 327/87/339 329/301/340 328/300/341
f 327/87/339 328/300/341 330/302/342
f 330/302/342 326/303/343 327/87/339
f 329/301/340 327/87/339 331/88/98
f 330/302/342 332/304/344 326/303/343
f 332/304/344 330/302/342 333/305/345
f 332/304/344 333/305/345 334/306/346
f 208/219/240 332/304/344 335/307/347
f 332/304/344 334/306/346 335/307/347
f 336/308/348 208/219/240 335/307/347
f 336/308/348 211/181/201 208/219/240
f 336/308/348 209/182/202 211/181/201
f 338/309/349 337/310/350 334/306/351
f 339/311/198 325/312/352 340/313/199
f 325/312/352 339/311/198 341/314/159
f 342/315/353 337/310/350 338/309/349
f 344/316/354 215/186/207 343/317/355
f 338/309/356 345/318/357 343/317/355
f 343/317/355 345/318/357 344/316/354
f 344/316/354 346/319/358 215/186/207
f 346/319/358 216/184/205 215/186/207
f 346/319/358 348/320/202 216/184/205
f 216/184/205 348/320/202 349/321/173
f 350/322/359 216/184/205 349/321/173
f 349/321/173 351/323/360 350/322/359
f 351/323/360 352/324/169 350/322/359
f 350/322/359 174/147/167 173/146/166
f 350/322/359 352/324/169 174/147/167
f 352/324/169 351/323/360 353/325/89
f 354/326/361 352/324/169 353/325/89
f 352/324/169 355/327/362 174/147/167
f 174/147/167 355/327/362 180/153/173
f 356/328/363 354/326/361 353/325/89
f 356/328/363 81/67/83 354/326/361
f 358/329/364 81/67/83 356/328/363
f 347/330/365 358/329/366 357/331/367
f 358/329/366 347/330/365 345/318/368
f 81/67/83 358/329/364 79/65/81
f 345/318/357 360/332/369 359/333/370
f 360/332/369 345/318/357 338/309/356
f 361/334/371 359/333/370 360/332/369
f 361/334/371 360/332/369 362/335/372
f 362/335/372 364/2/77 361/334/371
f 361/334/371 364/2/77 363/85/373
f 364/2/77 362/335/372 331/88/98
f 329/301/340 331/88/98 362/335/372
f 364/2/77 365/1/374 363/85/373
f 365/1/374 364/2/77 99/3/98
f 365/1/374 99/3/98 78/64/80
f 368/336/375 367/337/376 366/338/377
f 368/336/375 369/339/378 367/337/376
f 14/8/8 369/339/378 368/336/375
f 370/171/379 369/339/378 14/8/8
f 14/8/8 15/7/7 370/171/379
f 371/340/380 372/341/381 373/342/382
f 371/340/380 374/343/381 372/341/381
f 373/342/382 375/344/383 371/340/380
f 375/344/383 373/342/382 376/345/384
f 377/346/380 378/347/381 379/348/382
f 377/346/380 380/349/385 378/347/381
f 379/348/382 381/350/386 377/346/380
f 382/351/386 381/350/386 379/348/382
f 386/352/387 389/353/388 385/354/389
f 388/355/390 390/356/391 386/352/387
f 390/356/391 388/355/390 387/357/392
f 391/358/393 389/353/388 386/352/387
f 390/356/391 391/358/393 386/352/387
f 393/359/394 389/353/388 391/358/393
f 389/353/388 393/359/394 392/360/395
f 392/360/395 395/361/396 394/362/397
f 395/361/396 392/360/395 393/359/394
f 396/363/69 399/364/388 397/365/6
f 398/366/398 399/364/388 396/363/69
f 398/366/398 400/367/395 399/364/388
f 398/366/398 401/368/399 400/367/395
f 405/369/400 403/370/12 402/371/9
f 403/370/7 406/372/401 404/373/402
f 406/372/401 403/370/7 407/374/403
f 409/375/11 407/374/403 403/370/7
f 409/375/404 405/369/405 410/376/406
f 405/369/405 411/377/407 410/376/406
f 411/377/407 412/378/408 410/376/406
f 411/377/407 413/379/409 412/378/408
f 420/380/410 418/381/25 415/382/19
f 416/383/411 417/384/412 424/385/413
f 425/386/414 424/385/413 423/387/415
f 425/386/414 423/387/415 426/388/416
f 425/386/417 427/389/44 428/390/42
f 426/388/35 429/391/418 427/389/419
f 408/392/420 427/389/419 429/391/418
f 408/392/420 429/391/418 431/393/421
f 406/372/401 407/374/403 432/394/48
f 433/395/422 406/372/401 432/394/48
f 435/396/423 434/397/424 431/393/421
f 431/393/421 429/391/418 435/396/423
f 435/396/423 436/398/425 434/397/424
f 434/397/424 436/398/425 437/399/426
f 440/400/427 438/401/428 441/402/429
f 432/394/48 442/403/430 433/395/422
f 442/403/430 443/404/66 433/395/422
f 446/405/431 445/406/432 444/407/433
f 446/405/431 444/407/433 447/408/434
f 447/408/434 448/409/435 446/405/431
f 447/408/434 449/410/436 448/409/435
f 448/409/435 449/410/436 450/411/437
f 451/412/438 448/409/435 450/411/437
f 452/413/439 451/412/438 450/411/437
f 400/367/395 453/414/440 455/415/441
f 453/414/440 400/367/395 401/368/399
f 454/416/442 453/414/440 457/417/443
f 457/417/443 456/418/444 454/416/442
f 457/417/443 453/414/440 401/368/399
f 457/417/443 458/419/82 456/418/444
f 458/419/82 457/417/443 460/420/445
f 460/420/446 461/421/447 462/422/448
f 462/422/449 459/423/450 458/419/451
f 464/424/452 452/413/439 450/411/437
f 464/424/452 465/425/453 452/413/439
f 466/426/454 452/413/439 465/425/453
f 468/427/395 469/428/455 467/429/441
f 469/428/455 468/427/395 470/430/456
f 471/431/398 470/430/456 468/427/395
f 471/431/398 468/427/395 472/432/388
f 471/431/398 472/432/388 474/433/99
f 474/433/99 472/432/388 473/434/6
f 478/435/457 479/436/395 475/437/394
f 479/436/395 478/435/457 476/438/397
f 480/439/458 475/437/394 479/436/395
f 475/437/394 480/439/458 477/440/459
f 481/441/101 480/439/458 384/442/6
f 477/440/459 480/439/458 481/441/101
f 483/443/460 477/440/459 481/441/101
f 483/443/460 481/441/101 383/444/461
f 484/445/106 483/443/460 485/446/462
f 486/447/463 483/443/460 383/444/461
f 485/446/462 483/443/460 486/447/463
f 485/446/464 487/448/465 488/449/111
f 484/445/466 488/449/467 489/450/468
f 490/451/112 489/450/108 493/452/469
f 492/453/470 493/452/469 487/448/471
f 494/454/472 490/451/473 492/453/474
f 492/453/474 495/455/475 494/454/472
f 498/456/476 499/457/117 494/454/477
f 500/458/478 502/459/479 497/460/480
f 502/459/481 503/461/122 499/457/117
f 504/462/482 503/461/122 500/458/483
f 505/463/126 503/461/122 504/462/482
f 506/464/484 509/465/485 505/463/486
f 511/466/487 513/467/132 510/468/488
f 514/469/489 513/467/132 511/466/487
f 519/470/490 515/471/491 516/472/492
f 520/473/493 519/470/490 516/472/492
f 518/474/144 521/475/494 515/471/491
f 522/476/495 515/471/491 521/475/494
f 518/474/496 519/470/497 523/477/498
f 525/478/411 524/479/499 521/475/500
f 527/480/501 522/476/502 524/479/499
f 528/481/147 527/480/501 524/479/499
f 528/481/147 526/482/503 529/483/504
f 529/483/151 532/484/505 531/485/506
f 529/483/151 530/486/507 532/484/505
f 533/487/508 528/481/147 531/485/509
f 527/480/501 528/481/147 533/487/508
f 533/487/508 534/488/154 527/480/501
f 527/480/501 534/488/154 535/489/510
f 536/490/511 535/489/510 534/488/154
f 536/490/511 534/488/154 537/491/512
f 536/490/511 537/491/512 540/492/513
f 537/491/512 539/493/514 540/492/513
f 536/490/511 540/492/513 541/494/515
f 538/495/516 536/490/511 541/494/515
f 543/496/517 540/492/513 539/493/514
f 545/497/518 543/496/519 544/498/520
f 541/494/515 540/492/513 546/499/521
f 541/494/515 546/499/521 548/500/522
f 546/499/521 547/501/523 548/500/522
f 548/500/522 547/501/523 549/502/524
f 549/502/524 547/501/523 550/503/525
f 549/502/524 550/503/525 551/504/511
f 551/504/511 550/503/525 552/505/513
f 553/506/526 551/504/511 554/507/527
f 551/504/511 552/505/513 554/507/527
f 550/503/525 555/508/528 552/505/513
f 553/506/526 554/507/527 556/509/529
f 562/510/530 561/511/531 560/512/532
f 564/513/533 565/514/534 558/515/535
f 558/515/535 557/516/536 564/513/533
f 567/517/537 466/426/454 465/425/453
f 569/518/538 563/519/171 568/520/539
f 569/518/538 568/520/539 570/521/540
f 571/522/182 569/518/538 570/521/540
f 570/521/540 572/523/541 571/522/182
f 572/523/541 573/524/542 571/522/182
f 574/525/543 576/526/544 572/523/541
f 573/524/542 572/523/541 576/526/544
f 577/527/545 575/528/546 576/526/547
f 574/525/548 419/529/549 577/527/550
f 420/380/551 577/527/550 419/529/549
f 580/530/552 579/531/553 567/517/537
f 579/531/553 466/426/454 567/517/537
f 581/532/554 579/531/553 580/530/552
f 578/533/555 579/531/553 581/532/554
f 413/379/409 581/532/554 580/530/552
f 582/534/556 583/535/557 584/536/558
f 414/537/559 581/532/554 411/377/560
f 582/534/556 584/536/558 585/538/561
f 585/538/561 584/536/558 586/539/562
f 586/539/562 587/540/563 585/538/561
f 552/505/513 589/541/564 554/507/527
f 552/505/513 590/542/565 589/541/564
f 590/542/565 591/543/523 589/541/564
f 589/541/564 591/543/523 592/544/524
f 592/544/524 591/543/523 593/545/525
f 594/546/566 552/505/513 555/508/528
f 595/547/567 596/548/568 594/546/569
f 596/548/568 595/547/567 597/549/570
f 599/550/571 595/547/572 555/508/573
f 555/508/573 600/551/443 599/550/571
f 602/552/201 599/550/574 601/553/575
f 606/554/576 605/555/577 604/556/578
f 607/557/579 605/555/577 603/558/580
f 604/556/578 608/559/581 606/554/576
f 607/557/582 609/560/583 604/556/584
f 611/561/585 608/559/586 612/562/587
f 544/498/520 614/563/588 545/497/518
f 539/493/514 616/564/589 544/498/590
f 616/564/589 617/565/591 615/566/592
f 618/567/593 601/553/594 545/497/595
f 600/551/443 545/497/595 601/553/594
f 619/568/225 617/565/218 542/569/596
f 542/569/596 620/570/597 619/568/225
f 620/570/597 621/571/598 619/568/225
f 621/571/598 620/570/597 622/572/599
f 622/572/599 620/570/597 532/484/505
f 530/486/600 623/573/601 622/572/602
f 625/574/603 626/575/604 628/576/605
f 626/575/604 624/577/606 629/578/607
f 630/579/608 626/575/604 629/578/607
f 630/579/608 629/578/607 631/580/609
f 631/580/609 632/581/610 630/579/608
f 633/582/611 632/581/610 631/580/609
f 632/581/610 633/582/611 635/583/612
f 637/584/613 636/585/614 634/586/615
f 637/584/613 634/586/615 638/587/616
f 638/587/616 639/588/617 637/584/613
f 639/588/617 638/587/616 640/589/618
f 641/590/619 639/588/617 640/589/618
f 642/591/620 641/590/619 640/589/618
f 642/591/620 640/589/618 643/592/621
f 644/593/622 642/591/620 643/592/621
f 645/594/623 433/395/422 443/404/66
f 443/404/66 647/595/624 645/594/623
f 645/594/623 647/595/624 648/596/625
f 446/405/431 648/596/625 647/595/624
f 445/406/432 446/405/431 647/595/624
f 651/597/626 514/469/489 511/466/487
f 511/466/487 512/598/627 651/597/626
f 512/598/627 652/599/255 651/597/626
f 430/600/628 652/599/255 512/598/627
f 655/601/629 652/599/630 654/602/631
f 656/603/262 653/604/632 654/602/261
f 652/599/255 430/600/628 656/603/262
f 654/602/631 657/605/633 655/601/629
f 657/605/633 658/606/634 655/601/629
f 422/607/635 659/608/636 657/605/637
f 662/609/638 660/610/639 663/611/640
f 663/611/641 661/612/642 421/613/643
f 664/614/644 662/609/638 663/611/640
f 664/614/644 665/615/645 662/609/638
f 666/616/646 667/617/647 664/614/644
f 668/618/648 665/615/649 667/617/647
f 665/615/649 668/618/648 669/619/650
f 670/620/651 665/615/649 669/619/650
f 669/619/650 671/621/652 670/620/651
f 670/620/651 671/621/652 672/622/608
f 671/621/652 673/623/653 672/622/608
f 671/621/652 613/624/213 673/623/653
f 565/514/534 560/512/654 559/625/655
f 558/515/535 565/514/534 559/625/655
f 674/626/656 675/627/657 649/628/251
f 675/627/278 676/629/658 650/630/659
f 674/626/660 390/356/391 676/629/658
f 676/629/658 390/356/391 387/357/392
f 677/631/286 649/628/251 646/632/661
f 678/633/662 646/632/663 650/630/664
f 679/634/665 677/631/286 678/633/662
f 678/633/662 501/635/666 679/634/665
f 680/636/667 681/637/668 679/634/669
f 684/638/670 683/639/671 682/640/672
f 685/641/673 683/639/671 684/638/670
f 441/402/674 685/641/673 439/642/666
f 439/642/666 685/641/673 684/638/670
f 643/592/621 686/643/675 644/593/622
f 687/644/676 644/593/622 686/643/675
f 686/643/675 688/645/677 687/644/676
f 688/645/677 689/646/678 687/644/676
f 694/647/300 693/648/679 691/649/680
f 692/650/681 694/647/300 691/649/680
f 695/651/682 694/647/300 692/650/681
f 692/650/681 696/652/683 695/651/682
f 696/652/683 697/653/301 695/651/682
f 697/653/301 696/652/683 698/654/684
f 700/655/685 699/656/308 697/653/686
f 699/656/687 627/657/688 628/576/689
f 627/657/688 699/656/687 701/658/307
f 702/659/690 517/660/691 703/661/692
f 517/660/691 702/659/690 516/472/492
f 520/473/493 516/472/492 702/659/690
f 704/662/693 705/663/694 703/661/695
f 508/664/696 704/662/697 538/495/516
f 707/665/698 706/666/699 708/667/700
f 507/668/701 508/664/129 708/667/702
f 538/495/516 541/494/515 709/669/703
f 708/667/702 508/664/129 709/669/314
f 708/667/700 710/670/704 707/665/698
f 711/671/705 710/670/391 553/506/197
f 707/665/706 711/671/707 690/672/708
f 588/673/709 711/671/705 553/506/197
f 588/673/709 713/674/321 496/675/476
f 713/674/321 588/673/709 556/509/163
f 713/674/710 714/676/711 712/677/712
f 712/677/712 714/676/711 715/678/713
f 491/679/714 716/680/715 715/678/716
f 718/681/324 491/679/717 714/676/718
f 718/681/324 714/676/718 717/682/719
f 719/683/511 720/684/720 717/682/721
f 592/544/524 593/545/525 719/683/511
f 719/683/511 593/545/525 721/685/513
f 720/684/720 719/683/511 722/686/515
f 719/683/511 721/685/513 722/686/515
f 724/687/333 720/684/722 723/688/329
f 720/684/722 724/687/333 718/681/332
f 723/688/723 726/689/335 725/690/724
f 725/690/724 716/680/715 724/687/725
f 725/690/724 726/689/335 727/691/726
f 726/689/335 728/692/727 727/691/726
f 728/692/727 726/689/335 729/693/101
f 726/689/335 730/694/459 729/693/101
f 729/693/101 731/695/388 482/696/728
f 730/694/459 731/695/388 729/693/101
f 732/697/729 731/695/388 730/694/459
f 731/695/388 732/697/729 733/698/395
f 733/698/395 732/697/729 734/699/730
f 734/699/730 735/700/731 733/698/395
f 734/699/730 732/697/729 736/701/732
f 739/702/733 738/703/458 737/704/734
f 736/701/732 739/702/733 734/699/730
f 740/705/735 738/703/458 739/702/733
f 736/701/732 741/706/736 739/702/733
f 739/702/733 741/706/736 740/705/735
f 740/705/735 742/707/395 738/703/458
f 740/705/735 743/708/737 742/707/395
f 745/709/738 742/707/395 743/708/737
f 744/710/739 745/709/738 743/708/737
f 742/707/395 745/709/738 746/711/740
f 747/712/741 745/709/738 744/710/739
f 744/710/739 748/713/342 747/712/741
f 749/714/742 748/713/342 744/710/739
f 744/710/739 750/715/743 749/714/742
f 749/714/345 751/716/744 752/717/351
f 598/718/745 596/548/746 754/719/747
f 754/719/747 753/720/748 598/718/745
f 755/721/749 753/720/750 752/717/751
f 756/722/752 598/718/745 755/721/753
f 598/718/745 756/722/752 757/723/754
f 758/724/755 593/545/525 757/723/756
f 593/545/525 758/724/755 721/685/513
f 758/724/757 751/716/758 750/715/759
f 751/716/758 758/724/757 756/722/752
f 721/685/513 760/725/564 722/686/515
f 721/685/513 759/726/760 760/725/564
f 759/726/760 741/706/736 760/725/564
f 760/725/564 741/706/736 736/701/732
f 761/727/761 610/728/762 762/729/763
f 764/730/358 762/729/763 610/728/762
f 763/731/357 765/732/764 762/729/763
f 609/560/765 766/733/570 610/728/762
f 767/734/655 769/735/766 768/736/767
f 771/737/768 768/736/767 769/735/766
f 566/738/769 770/739/770 768/736/771
f 459/423/772 463/740/773 769/735/361
f 771/737/774 463/740/775 461/421/776
f 761/727/761 765/732/764 772/741/777
f 773/742/778 772/741/779 774/743/780
f 774/743/781 763/731/357 775/744/782
f 775/744/783 776/745/784 773/742/785
f 776/745/784 775/744/783 777/746/786
f 778/747/787 776/745/784 777/746/786
f 776/745/784 778/747/787 469/428/455
f 776/745/784 469/428/455 470/430/456
f 587/540/563 779/748/788 585/538/561
f 780/749/789 585/538/561 779/748/788
f 779/748/788 781/750/790 780/749/789
f 781/750/790 782/751/791 780/749/789
f 782/751/791 783/752/792 780/749/789
f 782/751/791 784/753/793 783/752/792
f 785/754/282 786/755/1 787/756/794
f 789/757/795 786/755/1 788/758/796
f 785/754/282 790/759/797 788/758/798
f 794/760/799 785/754/282 787/756/794
f 793/761/391 785/754/282 794/760/799
f 787/756/794 795/762/800 794/760/799
f 796/763/801 794/760/799 795/762/800
f 796/763/801 798/764/802 797/765/803
f 796/763/801 795/762/800 799/766/804
f 796/763/801 800/767/805 798/764/802
f 800/767/805 796/763/801 801/768/806
f 800/767/805 801/768/806 802/769/807
f 804/770/399 802/769/807 803/771/808
f 804/770/399 800/767/805 802/769/807
f 807/772/809 806/773/810 805/774/811
f 806/773/810 807/772/809 808/775/809
f 811/776/812 809/777/813 810/778/813
f 810/778/813 812/779/812 811/776/812
f 815/780/814 813/781/815 814/782/815
f 814/782/815 816/783/814 815/780/814
f 819/784/816 818/785/817 817/786/817
f 818/785/817 819/784/816 820/787/816
f 821/788/9 822/789/818 823/790/819
f 823/790/819 824/791/820 821/788/9
f 826/792/821 821/788/9 824/791/820
f 824/791/820 827/793/822 826/792/821
f 821/788/9 828/794/823 825/795/405
f 821/788/9 826/792/821 828/794/823
f 828/794/823 829/796/824 825/795/405
f 830/797/407 825/795/405 829/796/824
f 831/798/825 832/799/17 829/796/824
f 829/796/824 832/799/17 830/797/407
f 832/799/17 833/800/826 830/797/407
f 834/801/827 830/797/407 833/800/826
f 834/801/827 833/800/826 835/802/828
f 831/798/825 836/803/21 832/799/17
f 837/804/19 836/803/21 831/798/825
f 831/798/825 838/805/829 837/804/19
f 840/806/27 839/807/551 837/804/19
f 837/804/19 842/808/830 840/806/27
f 842/808/830 841/809/28 840/806/27
f 843/810/29 841/809/28 842/808/830
f 842/808/830 844/811/635 843/810/29
f 842/808/830 837/804/19 845/812/831
f 845/812/831 837/804/19 838/805/829
f 845/812/831 838/805/829 846/813/832
f 846/813/832 847/814/833 845/812/831
f 846/813/832 848/815/834 847/814/833
f 847/814/833 848/815/834 849/816/42
f 849/816/42 850/817/835 847/814/833
f 852/818/822 851/819/836 850/817/835
f 852/818/822 850/817/835 849/816/42
f 826/792/821 852/818/822 849/816/42
f 852/818/822 826/792/821 827/793/822
f 854/820/837 853/821/838 855/822/839
f 857/823/292 856/824/840 860/825/841
f 859/826/426 858/827/842 855/822/839
f 862/828/843 859/826/426 855/822/839
f 864/829/844 865/830/63 863/831/60
f 865/830/63 866/832/845 867/833/846
f 870/834/847 871/835/848 868/836/849
f 869/837/67 792/838/390 791/839/850
f 870/834/847 868/836/849 872/840/800
f 870/834/847 872/840/800 873/841/804
f 873/841/804 874/842/851 870/834/847
f 873/841/804 797/765/803 875/843/852
f 874/842/851 873/841/804 875/843/852
f 875/843/852 797/765/803 798/764/802
f 874/842/851 875/843/852 876/844/807
f 877/845/853 874/842/851 876/844/807
f 874/842/851 877/845/853 878/846/854
f 878/846/854 877/845/853 880/847/855
f 879/848/856 878/846/854 880/847/855
f 881/849/857 880/847/855 877/845/853
f 881/849/858 884/850/442 883/851/859
f 884/850/442 881/849/858 882/852/860
f 885/853/861 880/847/862 883/851/859
f 886/854/443 804/770/399 889/855/863
f 804/770/399 803/771/808 889/855/863
f 892/856/775 891/857/864 890/858/865
f 891/857/864 892/856/775 893/859/87
f 895/860/866 893/859/87 894/861/867
f 889/855/863 803/771/808 899/862/868
f 898/863/869 901/864/870 896/865/871
f 898/863/869 900/866/805 901/864/870
f 900/866/805 902/867/806 901/864/870
f 900/866/805 903/868/804 902/867/806
f 903/868/804 900/866/805 905/869/801
f 905/869/801 900/866/805 904/870/802
f 905/869/801 906/871/872 903/868/804
f 905/869/801 908/872/873 906/871/872
f 907/873/849 906/871/872 908/872/873
f 905/869/801 904/870/802 909/874/803
f 801/768/806 909/874/803 904/870/802
f 799/766/804 909/874/803 801/768/806
f 796/763/801 799/766/804 801/768/806
f 908/872/873 911/875/874 907/873/849
f 911/875/874 912/876/67 907/873/849
f 911/875/875 914/877/876 913/878/877
f 915/879/878 911/875/874 908/872/873
f 786/755/1 789/757/795 910/880/101
f 920/881/879 921/882/880 916/883/107
f 922/884/881 919/885/882 920/881/883
f 918/886/884 924/887/469 923/888/474
f 928/889/885 926/890/480 930/891/118
f 930/891/118 926/890/480 931/892/481
f 929/893/886 932/894/122 931/892/121
f 927/895/887 935/896/124 934/897/123
f 939/898/888 937/899/889 938/900/131
f 940/901/890 941/902/891 860/825/841
f 945/903/892 943/904/142 944/905/143
f 946/906/893 947/907/894 942/908/140
f 947/907/894 946/906/893 948/909/494
f 949/910/895 942/908/140 947/907/894
f 948/909/494 946/906/893 950/911/411
f 950/911/411 946/906/893 951/912/896
f 952/913/897 950/911/411 951/912/896
f 951/912/896 946/906/893 953/914/898
f 951/912/896 954/915/21 952/913/897
f 955/916/151 951/912/896 953/914/898
f 956/917/899 955/916/151 953/914/898
f 958/918/900 961/919/901 960/920/902
f 962/921/903 957/922/904 959/923/905
f 963/924/906 961/919/901 958/918/900
f 957/922/904 962/921/903 964/925/907
f 963/924/906 945/903/892 961/919/901
f 963/924/906 965/926/516 945/903/892
f 943/904/142 945/903/892 965/926/516
f 966/927/908 964/925/907 962/921/903
f 964/925/907 966/927/908 967/928/514
f 967/928/514 966/927/908 968/929/596
f 968/929/596 966/927/908 969/930/909
f 974/931/903 970/922/523 972/923/910
f 970/922/523 974/931/903 975/932/907
f 971/918/524 976/933/901 973/920/911
f 977/934/906 976/933/901 971/918/524
f 978/935/912 975/932/907 974/931/903
f 977/934/906 979/936/913 976/933/901
f 977/934/906 980/937/197 979/936/913
f 980/937/197 981/938/914 979/936/913
f 975/932/907 978/935/912 982/939/573
f 988/940/915 986/941/916 984/942/167
f 984/942/167 989/943/172 988/940/915
f 989/943/172 990/944/917 988/940/915
f 990/944/917 991/945/918 992/946/919
f 995/947/920 985/948/921 994/949/922
f 995/947/923 993/950/924 996/951/925
f 985/948/921 995/947/920 997/952/926
f 1002/953/185 1001/954/927 1000/955/928
f 1003/956/929 1000/955/928 1001/954/927
f 1000/955/928 1003/956/929 1004/957/930
f 1004/957/930 1003/956/929 1005/958/931
f 839/807/551 1004/957/930 1005/958/931
f 1004/957/930 839/807/551 840/806/27
f 1001/954/927 835/802/828 1003/956/929
f 835/802/828 1001/954/927 1006/959/932
f 1007/960/933 835/802/828 1006/959/932
f 834/801/827 835/802/828 1007/960/933
f 1008/961/934 834/801/827 1007/960/933
f 1009/962/935 834/801/827 1008/961/934
f 1016/963/903 1012/922/523 1014/923/936
f 1012/922/523 1016/963/903 1017/964/907
f 982/939/573 978/935/912 1018/965/937
f 1022/966/443 982/939/573 1018/965/937
f 1022/966/443 1024/967/938 1020/968/571
f 1025/969/201 1023/970/939 1020/968/940
f 1023/970/939 1025/969/201 1026/971/204
f 1023/970/941 1028/972/942 1027/973/943
f 1032/974/582 1030/975/584 1031/976/577
f 1029/977/205 1034/978/944 1032/974/945
f 1037/979/946 1036/980/216 1033/981/947
f 1036/980/216 1037/979/946 1039/982/589
f 1039/982/948 967/928/514 968/929/596
f 1037/979/949 1040/983/950 1038/984/951
f 1041/985/218 1039/982/948 968/929/596
f 956/917/899 953/914/898 1044/986/952
f 1044/986/952 1045/987/953 956/917/899
f 1046/988/954 1045/987/953 1044/986/952
f 1045/987/953 1043/989/226 1047/990/955
f 1048/991/956 1045/987/953 1046/988/954
f 1045/987/953 1048/991/956 1043/989/226
f 1049/992/957 1048/991/956 1046/988/954
f 1046/988/954 1050/993/958 1049/992/957
f 1051/994/688 1049/992/957 1050/993/958
f 1051/994/688 1052/995/959 1049/992/957
f 1042/996/960 1054/997/612 1053/998/961
f 1054/997/612 1042/996/960 1018/965/962
f 1057/999/963 1056/1000/964 1055/1001/965
f 1056/1000/964 1057/999/963 1058/1002/966
f 1057/999/963 1059/1003/967 1058/1002/966
f 1060/1004/968 1058/1002/966 1059/1003/967
f 1059/1003/967 1061/1005/969 1060/1004/968
f 1061/1005/969 1059/1003/967 1062/1006/243
f 1066/1007/970 1063/1008/971 1064/1009/972
f 1066/1007/973 1067/1010/974 1065/1011/247
f 1065/1011/247 1067/1010/974 1069/1012/975
f 871/835/848 1068/1013/249 1071/1014/976
f 1071/1014/976 1070/1015/977 1072/1016/978
f 871/835/848 1071/1014/976 868/836/849
f 869/837/979 868/836/849 1071/1014/976
f 1072/1016/978 792/838/390 869/837/67
f 861/1017/980 940/901/890 860/825/841
f 1073/1018/981 949/910/895 1074/1019/259
f 851/819/836 1073/1018/981 1074/1019/259
f 851/819/836 1074/1019/259 1076/1020/982
f 1076/1020/982 1074/1019/259 1075/1021/983
f 1076/1020/982 850/817/835 851/819/836
f 1076/1020/982 1075/1021/983 1077/1022/631
f 1075/1021/983 1078/1023/984 1077/1022/631
f 1079/1024/985 1077/1022/631 1078/1023/984
f 1078/1023/984 844/811/635 1079/1024/985
f 952/913/897 843/810/29 1078/1023/984
f 1078/1023/984 843/810/29 844/811/635
f 843/810/29 952/913/897 1080/1025/986
f 952/913/897 954/915/21 1080/1025/986
f 1080/1025/986 1081/1026/640 843/810/29
f 1082/1027/987 1081/1026/640 1080/1025/986
f 1082/1027/987 1080/1025/986 1083/1028/988
f 1083/1028/988 1084/1029/989 1082/1027/987
f 1047/990/955 1084/1029/989 1083/1028/988
f 1047/990/955 1002/953/185 1084/1029/989
f 1043/989/226 1002/953/185 1047/990/955
f 1000/955/928 1084/1029/989 1002/953/185
f 1035/1030/213 1086/1031/990 1085/1032/991
f 1086/1031/990 1035/1030/213 1087/1033/992
f 1086/1031/993 999/1034/994 998/1035/995
f 1088/1036/996 924/887/997 917/1037/998
f 1090/1038/999 924/887/997 1088/1036/996
f 1090/1038/999 1092/1039/1000 1091/1040/1001
f 1089/1041/286 1067/1010/974 1093/1042/662
f 866/832/845 1094/1043/1002 867/833/846
f 1094/1043/1002 1095/1044/1003 867/833/846
f 933/1045/1004 930/891/118 1096/1046/292
f 1100/1047/1005 1097/1048/1006 1099/1049/680
f 1097/1048/1006 1100/1047/1005 981/938/1007
f 1051/994/688 1101/1050/1008 1052/995/959
f 1051/994/688 1103/1051/1009 1101/1050/1008
f 1103/1051/1009 1104/1052/1010 1101/1050/1008
f 1103/1051/1009 1102/1053/685 1104/1052/1010
f 1105/1054/309 1104/1052/1010 1102/1053/685
f 949/910/895 1105/1054/309 942/908/140
f 1104/1052/1010 1105/1054/309 1106/1055/1011
f 1106/1055/1011 1105/1054/309 949/910/895
f 1073/1018/981 1106/1055/1011 949/910/895
f 1107/1056/695 943/904/142 1108/1057/1012
f 965/926/516 1108/1057/1012 943/904/142
f 937/899/889 1109/1058/1013 1108/1057/310
f 1109/1058/1013 937/899/889 936/1059/1014
f 981/938/914 980/937/197 1111/1060/391
f 1110/1061/1015 1111/1060/391 1112/1062/320
f 935/896/1016 1098/1063/1017 1112/1062/707
f 1098/1063/1017 935/896/1016 925/1064/1018
f 1116/1065/1019 1113/1066/322 1115/1067/323
f 921/882/717 1114/1068/1020 1113/1066/1021
f 1113/1066/322 1116/1065/1019 1117/1069/721
f 1116/1065/1019 1119/1070/901 1117/1069/721
f 1120/1071/906 1117/1069/721 1119/1070/901
f 916/883/107 921/882/880 1118/1072/1022
f 1120/1071/906 1119/1070/901 1013/918/524
f 1013/918/524 1119/1070/901 1015/920/911
f 1123/1073/1019 1121/1074/335 1122/1075/323
f 913/878/1023 1124/1076/727 912/876/67
f 912/876/67 1124/1076/727 1125/1077/1024
f 1121/1074/335 1123/1073/1019 1126/1078/873
f 1127/1079/729 1126/1078/873 1123/1073/1019
f 1127/1079/729 1123/1073/1019 1128/1080/901
f 1127/1079/729 1128/1080/901 1130/918/732
f 1129/1081/730 902/867/806 903/868/804
f 902/867/806 1129/1081/730 1132/1082/1025
f 1131/1083/903 1134/1084/1026 1133/1085/735
f 1131/1083/903 1133/1085/735 1135/922/736
f 1136/1086/869 1133/1085/735 1134/1084/1026
f 1137/1087/739 1136/1086/869 1134/1084/1026
f 1137/1087/739 1134/1084/1026 1139/1088/1027
f 1141/1089/1028 1140/1090/858 1138/1091/738
f 1140/1090/858 1141/1089/1028 1142/1092/340
f 1019/1093/745 1143/1094/1026 1021/1095/1027
f 1145/1096/749 1019/1093/1029 1144/1097/1030
f 1147/1098/754 1143/1094/1026 1019/1093/745
f 1147/1098/754 1016/963/903 1143/1094/1026
f 1147/1098/754 1017/964/907 1016/963/903
f 1145/1096/753 1148/1099/1031 1146/1100/752
f 1135/922/736 1149/923/159 1131/1083/903
f 1130/918/732 1128/1080/901 1150/920/911
f 1148/1099/1031 1145/1096/753 1151/1101/1032
f 1153/1102/1033 1151/1101/353 1152/1103/1034
f 1154/1104/761 1155/1105/763 1156/1106/1035
f 1034/978/944 1029/977/205 1157/1107/359
f 983/1108/166 987/1109/995 1034/978/944
f 1160/1110/768 1158/1111/361 892/856/773
f 1162/1112/1036 1161/1113/1037 1159/1114/1038
f 888/1115/1039 1156/1106/764 1162/1112/1036
f 1156/1106/764 888/1115/1039 1163/1116/1040
f 1166/1117/1041 1165/1118/1042 1142/1092/1043
f 1165/1118/1042 896/865/871 1140/1090/857
f 1164/1119/1044 898/863/869 1165/1118/1042
f 898/863/869 896/865/871 1165/1118/1042
f 1167/1120/1045 899/862/868 897/1121/738
f 899/862/868 1167/1120/1045 1168/1122/1046
f 887/1123/80 889/855/1047 1168/1122/1046
f 1169/1124/1048 1011/1125/194 1010/1126/1049
f 1011/1125/194 1169/1124/1048 1170/1127/1050
f 1173/1128/1051 1172/1129/795 1171/1130/798
f 1174/1131/1052 1173/1128/1051 1171/1130/798
f 1171/1130/798 1175/1132/1053 1174/1131/1052
f 1176/1133/1051 1174/1131/1052 1175/1132/1053
f 1177/1134/392 1176/1133/1051 1175/1132/1053
f 1177/1134/392 1178/1135/1054 1176/1133/1051
f 1183/1136/1055 1185/1137/1056 1184/1138/1057
f 1187/1139/1058 1184/1138/1057 1185/1137/1056
f 1188/1140/1059 1187/1139/1058 1185/1137/1056
f 1186/1141/1060 1188/1140/1059 1185/1137/1056
f 1188/1140/1059 1189/1142/1061 1187/1139/1058
f 1192/1143/1062 1193/1144/1063 1190/1145/1064
f 1199/1146/411 1193/1144/1065 1194/1147/1066
f 1194/1147/1066 1200/1148/1067 1199/1146/411
f 1202/1149/635 1201/1150/830 1203/1151/1066
f 1206/1152/1068 1205/1153/1069 1201/1150/1070
f 1204/1154/1071 1207/1155/1072 1200/1148/1067
f 1208/1156/1073 1209/1157/1074 1210/1158/1075
f 1208/1156/1073 1210/1158/1075 1211/1159/1058
f 1187/1139/1058 1189/1142/1061 1211/1159/1058
f 1212/1160/1076 1211/1159/1058 1189/1142/1061
f 1208/1156/1073 1211/1159/1058 1212/1160/1076
f 1213/1161/838 1188/1140/1059 1186/1141/1060
f 1186/1141/1060 1214/1162/1077 1213/1161/838
f 1212/1160/1076 1215/1163/1078 1208/1156/1073
f 1212/1160/1076 1216/1164/424 1215/1163/1078
f 1215/1163/1078 1216/1164/424 1217/1165/1079
f 1217/1165/1079 1218/1166/1080 1215/1163/1078
f 1218/1166/1080 1217/1165/1079 1220/1167/1081
f 1218/1166/1080 1220/1167/1081 1221/1168/1082
f 1219/1169/1083 1222/1170/1084 1217/1165/1079
f 1220/1167/1081 1217/1165/1079 1222/1170/1084
f 1223/1171/1085 1222/1170/1084 1219/1169/1083
f 1223/1171/1085 1219/1169/1083 1213/1161/838
f 1224/1172/1086 1223/1171/1085 1213/1161/838
f 1214/1162/1077 1224/1172/1086 1213/1161/838
f 1214/1162/1077 1225/1173/1087 1224/1172/1086
f 1226/1174/1088 1225/1173/1087 1214/1162/1077
f 1227/1175/1089 1226/1174/1088 1214/1162/1077
f 1226/1174/1088 1227/1175/1089 1228/1176/1090
f 1178/1135/1054 1229/1177/1091 1176/1133/1051
f 1180/1135/803 1231/1178/1092 1230/1177/1093
f 1230/1177/1093 1179/1133/397 1180/1135/803
f 1232/1179/1094 1233/1180/1095 1236/1181/1096
f 1234/1177/1093 1237/1135/1097 1235/1178/857
f 1237/1135/1097 1234/1177/1093 1239/1133/397
f 1245/1182/1098 1242/1183/1099 1241/1184/443
f 1246/1185/446 1241/1184/443 1242/1183/1099
f 1244/1186/1100 1246/1185/446 1242/1183/1099
f 1246/1185/446 1244/1186/1100 1247/1187/865
f 1247/1187/447 1238/1188/1101 1248/1189/1102
f 1238/1188/1101 1247/1187/447 1249/1190/1103
f 1249/1190/864 1250/1191/1104 1236/1181/1096
f 1250/1191/1104 1232/1179/1094 1236/1181/1096
f 1250/1191/1104 1249/1190/864 1251/1192/1105
f 1251/1192/1105 1252/1193/1106 1250/1191/1104
f 1254/1194/1107 1255/1195/1108 1256/1196/1108
f 1254/1194/1107 1257/1197/1109 1255/1195/1108
f 1258/1198/1110 1257/1197/1109 1254/1194/1107
f 1259/1199/1111 1257/1197/1109 1258/1198/1110
f 1260/1200/1112 1261/1201/1108 1262/1202/1107
f 1260/1200/1112 1263/1203/1113 1261/1201/1108
f 1264/1204/1114 1260/1200/1112 1262/1202/1107
f 1265/1205/1114 1260/1200/1112 1264/1204/1114
f 1272/1206/1115 1273/1129/396 1182/1130/1092
f 1181/1131/1116 1272/1206/1115 1182/1130/1092
f 1274/1207/1117 1275/1208/877 1276/1209/1052
f 1275/1208/877 1277/1210/876 1276/1209/1052
f 1173/1128/1051 1276/1209/1052 1277/1210/876
f 1278/1211/1118 1281/1212/1119 1277/1210/876
f 1281/1212/1119 1278/1211/1118 1280/1213/464
f 1281/1212/1119 1173/1128/1051 1277/1210/876
f 1281/1212/1119 1172/1129/795 1173/1128/1051
f 1278/1211/1118 1282/1214/465 1280/1213/464
f 1282/1214/465 1278/1211/1118 1279/1215/1120
f 1283/1216/1121 1282/1214/465 1279/1215/1120
f 1279/1215/1122 1285/1217/714 1284/1218/1123
f 1282/1214/465 1283/1216/1121 1286/1219/474
f 1287/1220/1124 1288/1221/1125 1282/1214/471
f 1289/1222/1126 1286/1219/474 1283/1216/1121
f 1286/1219/474 1289/1222/1126 1290/1223/1127
f 1291/1224/1128 1293/1225/1129 1292/1226/1130
f 1294/1227/480 1289/1222/1126 1292/1226/1018
f 1289/1222/1126 1294/1227/480 1290/1223/1127
f 1290/1223/1127 1294/1227/480 1295/1228/1129
f 1294/1227/480 1292/1226/1018 1296/1229/1131
f 1297/1230/1090 1295/1228/1129 1294/1227/480
f 1297/1230/1090 1294/1227/480 1298/1231/1132
f 1296/1229/1131 1299/1232/478 1294/1227/480
f 1300/1233/1133 1297/1230/1090 1298/1231/1132
f 1298/1231/1132 1301/1234/1081 1300/1233/1133
f 1299/1232/478 1296/1229/1131 1303/1235/1134
f 1304/1236/482 1299/1232/478 1303/1235/1134
f 1303/1235/1134 1305/1237/1135 1304/1236/482
f 1305/1237/1135 1307/1238/1136 1308/1239/1137
f 1305/1237/1135 1308/1239/1137 1304/1236/482
f 1308/1239/1137 1310/1240/488 1304/1236/482
f 1310/1240/488 1308/1239/1137 1309/1241/888
f 1310/1240/488 1306/1242/1138 1304/1236/482
f 1309/1241/888 1311/1243/1139 1310/1240/488
f 1218/1166/1080 1306/1242/1138 1310/1240/488
f 1311/1243/1139 1309/1241/888 1312/1244/1140
f 1221/1168/1082 1306/1242/1138 1218/1166/1080
f 1313/1245/1141 1311/1243/1139 1312/1244/1140
f 1316/1246/494 1318/1247/499 1317/1248/495
f 1321/1249/897 1318/1247/499 1319/1250/411
f 1318/1247/499 1321/1249/897 1323/1251/1142
f 1326/1252/1143 1325/1253/1144 1320/1254/501
f 1325/1253/1144 1326/1252/1143 1327/1255/1145
f 1332/1256/1146 1333/1257/1147 1331/1258/596
f 1335/1259/1148 1334/1260/517 1328/1261/1149
f 1330/1262/1150 1334/1260/519 1336/1263/1151
f 1336/1263/1151 1337/1264/1152 1330/1262/1150
f 1339/1265/1153 1329/1266/1144 1338/1267/522
f 1329/1266/1144 1339/1265/1153 1340/1268/1154
f 1346/1269/1155 1345/1270/1156 1347/1271/1157
f 1348/1272/769 1347/1271/1157 1345/1270/1156
f 1345/1270/1156 1349/1273/1158 1348/1272/769
f 1349/1273/1158 1350/1274/1159 1348/1272/769
f 1349/1273/1158 1351/1275/917 1350/1274/1159
f 1351/1275/917 1352/1276/1160 1350/1274/1159
f 1253/1277/1161 1350/1274/1159 1352/1276/1160
f 1252/1193/1106 1350/1274/1159 1253/1277/1161
f 1352/1276/1160 1353/1278/1162 1354/1279/537
f 1352/1276/1160 1354/1279/537 1253/1277/1161
f 1250/1191/1104 1252/1193/1106 1253/1277/1161
f 1353/1278/1162 1355/1280/1163 1354/1279/537
f 1355/1280/1163 1344/1281/1164 1356/1282/920
f 1356/1282/920 1357/1283/925 1355/1280/1163
f 1354/1279/537 1355/1280/1163 1357/1283/925
f 1356/1282/920 1344/1281/1164 1358/1284/539
f 1344/1281/1164 1359/1285/1157 1358/1284/539
f 1360/1286/1165 1358/1284/539 1359/1285/1157
f 1361/1287/1166 1360/1286/1165 1359/1285/1157
f 1361/1287/1166 1362/1288/1167 1360/1286/1165
f 1361/1287/1166 1363/1289/1168 1362/1288/1167
f 1365/1290/928 1363/1289/1169 1364/1291/1170
f 1366/1154/543 1362/1288/1167 1363/1289/1168
f 1369/1155/545 1368/1292/1171 1366/1154/1172
f 1370/1293/1173 1368/1292/1174 1367/1294/929
f 1197/1295/1175 1370/1293/1173 1367/1294/929
f 1197/1295/1175 1198/1296/1176 1370/1293/1173
f 1357/1283/925 1371/1297/1177 1372/1298/1178
f 1371/1297/1177 1198/1296/1179 1372/1298/1178
f 1354/1279/537 1357/1283/925 1372/1298/1178
f 1195/1299/1180 1372/1298/1178 1198/1296/1179
f 1195/1299/409 1191/1300/560 1373/1137/554
f 1373/1137/1181 1376/1136/1182 1374/1301/1183
f 1376/1136/1182 1375/1302/1184 1374/1301/1183
f 1376/1136/1182 1373/1137/1181 1196/1138/827
f 1375/1302/1184 1376/1136/1182 1377/1303/1185
f 1377/1303/1185 1378/1304/562 1375/1302/1184
f 1378/1304/562 1377/1303/1185 1379/1305/1186
f 1382/1306/1153 1380/1307/1187 1381/1308/1188
f 1380/1307/1187 1382/1306/1153 1383/1309/1154
f 1386/1310/1189 1341/1311/1190 1385/1312/1191
f 1384/1313/1192 1387/1314/1193 1385/1312/1191
f 1384/1313/566 1342/1315/528 1388/1316/1194
f 1390/1317/746 1387/1314/1193 1384/1313/1192
f 1391/1318/745 1387/1314/1193 1390/1317/746
f 1387/1314/1193 1391/1318/745 1393/1319/1027
f 1395/1320/941 1388/1316/572 1392/1321/571
f 1396/1322/1195 1388/1316/572 1395/1320/941
f 1397/1323/1196 1396/1322/1195 1395/1320/941
f 1399/1324/584 1396/1322/1195 1397/1323/1196
f 1397/1323/1196 1400/1325/1197 1399/1324/584
f 1402/1326/1198 1399/1324/584 1400/1325/1197
f 1403/1327/1199 1402/1326/1198 1400/1325/1197
f 1399/1324/584 1404/1328/765 1396/1322/1195
f 1405/1329/1200 1404/1328/583 1401/1330/945
f 1396/1322/1195 1404/1328/765 1406/1331/762
f 1396/1322/1195 1406/1331/762 1398/1332/1201
f 1403/1327/1199 1407/1333/1202 1402/1326/1198
f 1335/1259/520 1408/1334/949 1403/1327/1199
f 1409/1335/1203 1403/1327/1199 1408/1334/949
f 1407/1333/1202 1403/1327/1199 1409/1335/1203
f 1408/1334/949 1335/1259/520 1410/1336/589
f 1389/1337/1204 1336/1263/1151 1394/1338/443
f 1336/1263/1151 1389/1337/1204 1337/1264/1152
f 1411/1339/1205 1331/1258/596 1333/1257/1147
f 1411/1339/1205 1333/1257/1147 1324/1248/1206
f 1322/1246/507 1412/1340/1207 1324/1248/505
f 1324/1248/1206 1333/1257/1147 1413/1341/1208
f 1414/1342/1209 1415/1343/952 1413/1341/1210
f 1412/1340/602 1416/1344/953 1418/1345/1173
f 1416/1344/953 1419/1346/1211 1418/1345/1173
f 1420/1347/1212 1417/1348/1213 1414/1342/1214
f 1414/1342/1214 1421/1349/1215 1420/1347/1212
f 1420/1347/1212 1423/1350/605 1422/1351/688
f 1425/1352/1216 1421/1349/604 1424/1353/1217
f 1424/1353/1217 1426/1354/1218 1425/1352/1216
f 1426/1354/1218 1427/1355/1219 1428/1356/1220
f 1427/1355/1219 1389/1337/937 1428/1356/1220
f 1426/1354/1218 1428/1356/1220 1425/1352/1216
f 1428/1356/1220 1389/1337/937 1386/1310/1221
f 1428/1356/1220 1429/1357/1222 1425/1352/1216
f 1428/1356/1220 1430/1358/1223 1429/1357/1222
f 1431/1359/965 1429/1357/1222 1430/1358/1223
f 1429/1357/1222 1431/1359/965 1432/1360/1224
f 1434/1361/1225 1227/1175/1089 1214/1162/1077
f 1214/1162/1077 1435/1362/1226 1434/1361/1225
f 1435/1362/1226 1436/1363/1227 1434/1361/1225
f 1436/1363/1227 1435/1362/1226 1438/1364/1228
f 1438/1364/1229 1439/1365/663 1437/1366/970
f 1438/1364/1228 1435/1362/1226 1440/1367/1230
f 1441/1368/1231 1440/1367/1230 1435/1362/1226
f 1439/1365/663 1438/1364/1229 1442/1369/1232
f 1443/1370/1233 1440/1367/1230 1441/1368/1231
f 1443/1370/1233 1441/1368/1231 1229/1177/1091
f 1229/1177/1091 1444/1178/978 1443/1370/1233
f 1229/1177/1091 1178/1135/1054 1444/1178/978
f 1313/1245/1141 1312/1244/1140 1445/1371/1234
f 1210/1158/1075 1313/1245/1141 1445/1371/1234
f 1210/1158/1075 1209/1157/1074 1313/1245/1141
f 1445/1371/1234 1446/1372/1235 1210/1158/1075
f 1445/1371/1234 1315/1373/1236 1446/1372/1235
f 1448/1374/1237 1447/1375/1238 1321/1249/897
f 1450/1376/634 1449/1377/633 1451/1378/1239
f 1203/1151/1066 1451/1378/1239 1202/1149/635
f 1419/1346/1211 1453/1379/1240 1418/1345/1173
f 1454/1380/649 1456/1381/1241 1453/1379/1240
f 1452/1377/1242 1457/1382/647 1454/1380/649
f 1457/1382/647 1455/1383/646 1364/1291/1170
f 1455/1383/646 1365/1290/928 1364/1291/1170
f 1456/1381/1241 1454/1380/649 1458/1384/1243
f 1456/1381/1241 1458/1384/1243 1459/1385/1217
f 1409/1335/1203 1456/1381/1241 1459/1385/1217
f 1459/1385/1217 1460/1386/991 1409/1335/1203
f 1460/1386/991 1407/1333/1202 1409/1335/1203
f 1461/1387/1244 1407/1333/1202 1460/1386/991
f 1462/1388/1245 1407/1333/1202 1461/1387/1244
f 1461/1387/1244 1359/1285/1157 1462/1388/1245
f 1463/1389/1246 1462/1388/1245 1343/1390/1247
f 1462/1388/1245 1359/1285/1157 1344/1281/1164
f 1343/1390/1247 1462/1388/1245 1344/1281/1164
f 1463/1389/1246 1343/1390/1247 1346/1269/1155
f 1347/1271/1157 1463/1389/1246 1346/1269/1155
f 1177/1134/392 1465/1391/1248 1464/1392/1249
f 1465/1391/1248 1442/1369/1250 1464/1392/1249
f 1465/1391/1248 1177/1134/392 1175/1132/1053
f 1442/1369/1250 1465/1391/1248 1288/1221/1251
f 1288/1221/1125 1287/1220/1124 1466/1393/1252
f 1467/1394/1001 1442/1369/1250 1288/1221/1251
f 1442/1369/1250 1467/1394/1001 1468/1395/662
f 1468/1395/662 1467/1394/1001 1469/1396/1225
f 1301/1234/1081 1468/1395/662 1469/1396/1225
f 1469/1396/1225 1300/1233/1133 1301/1234/1081
f 1301/1234/1081 1471/1397/1253 1470/1398/1254
f 1298/1231/1132 1471/1397/1253 1301/1234/1081
f 1228/1176/1090 1470/1398/1254 1471/1397/1253
f 1471/1397/1253 1226/1174/1088 1228/1176/1090
f 1471/1397/1253 1298/1231/1132 1302/1399/1255
f 1302/1399/1255 1472/1400/1256 1471/1397/1253
f 1472/1400/1256 1302/1399/1255 1473/1401/1257
f 1220/1167/1081 1472/1400/1256 1473/1401/1257
f 1473/1401/1257 1221/1168/1082 1220/1167/1081
f 1475/1402/1258 1474/1403/1259 1433/1404/1260
f 1433/1404/1260 1476/1405/1261 1475/1402/1258
f 1477/1406/1262 1475/1402/1258 1478/1407/1263
f 1480/1408/1264 1477/1406/1262 1478/1407/1263
f 1477/1406/1262 1480/1408/1264 1479/1409/1265
f 1481/1410/1266 1478/1407/1263 1475/1402/1258
f 1475/1402/1258 1482/1411/681 1481/1410/1266
f 1476/1405/1261 1482/1411/681 1475/1402/1258
f 1476/1405/1261 1483/1412/1267 1482/1411/681
f 1484/1413/1268 1483/1412/1267 1476/1405/1261
f 1484/1413/1268 1476/1405/1261 1485/1414/1008
f 1423/1350/605 1425/1352/1216 1486/1415/1269
f 1487/1416/1270 1484/1413/1268 1485/1414/1008
f 1487/1416/1270 1488/1417/1271 1484/1413/1268
f 1488/1417/1271 1487/1416/1270 1489/1418/1272
f 1488/1417/1271 1489/1418/1272 1446/1372/1235
f 1446/1372/1235 1314/1419/1273 1488/1417/1271
f 1314/1419/1273 1446/1372/1235 1490/1420/1274
f 1491/1421/695 1314/1419/1273 1490/1420/1274
f 1314/1419/1273 1491/1421/695 1492/1422/1275
f 1315/1373/1236 1490/1420/1274 1446/1372/1235
f 1491/1421/695 1493/1423/1276 1492/1422/1275
f 1492/1422/1275 1493/1423/1276 1494/1424/1277
f 1495/1425/1278 1492/1422/1275 1494/1424/1277
f 1494/1424/1277 1496/1426/698 1495/1425/1278
f 1496/1426/698 1478/1407/1263 1495/1425/1278
f 1493/1423/1276 1307/1238/1136 1494/1424/1277
f 1478/1407/1263 1496/1426/698 1480/1408/1264
f 1308/1239/1137 1307/1238/1136 1493/1423/1276
f 1292/1226/1130 1293/1225/1129 1480/1408/1264
f 1497/1427/712 1480/1408/1264 1293/1225/1129
f 1497/1427/712 1479/1409/1265 1480/1408/1264
f 1479/1409/1265 1497/1427/712 1498/1428/713
f 1499/1429/1279 1479/1409/1265 1498/1428/713
f 1500/1430/715 1499/1429/1279 1498/1428/713
f 1499/1429/1279 1500/1430/715 1501/1431/724
f 1285/1217/714 1279/1215/1122 1500/1430/1280
f 1502/1432/726 1499/1429/1279 1501/1431/724
f 1499/1429/1279 1502/1432/726 1503/1433/1281
f 1503/1433/1281 1502/1432/726 1274/1207/1117
f 1502/1432/726 1504/1434/1282 1274/1207/1117
f 1275/1208/877 1274/1207/1117 1504/1434/1282
f 1506/1207/1283 1505/1434/1284 1270/1208/1092
f 1271/1209/1116 1506/1207/1283 1270/1208/1092
f 1512/1208/857 1510/1207/740 1509/1434/1285
f 1510/1207/740 1512/1208/857 1266/1209/1116
f 1511/1435/1027 1513/1436/1286 1508/1437/1287
f 1514/1438/1288 1508/1437/1287 1513/1436/1286
f 1514/1438/1288 1513/1436/1286 1516/1439/1289
f 1517/1440/1290 1519/1441/757 1518/1442/1291
f 1516/1439/1289 1519/1441/757 1514/1438/1288
f 1517/1440/752 1520/1443/1292 1515/1444/758
f 1520/1443/1292 1517/1440/752 1521/1445/1293
f 1507/1446/1294 1522/1447/1187 1523/1448/1188
f 1522/1447/1187 1507/1446/1294 1524/1449/1154
f 1526/1450/1295 1521/1445/1296 1525/1451/1297
f 1398/1332/1201 1526/1450/1295 1525/1451/1297
f 1526/1450/1295 1398/1332/1201 1406/1331/762
f 1404/1328/583 1405/1329/1200 1527/1452/1298
f 1405/1329/1200 1347/1271/1157 1527/1452/1298
f 1528/1453/1299 1527/1452/1298 1529/1454/767
f 1531/1455/1300 1528/1453/1299 1529/1454/767
f 1528/1453/1299 1531/1455/1300 1530/1456/1038
f 1527/1452/1298 1348/1272/769 1529/1454/767
f 1348/1272/769 1527/1452/1298 1347/1271/1157
f 1531/1455/1300 1244/1186/1100 1530/1456/1038
f 1247/1187/865 1244/1186/1100 1531/1455/1300
f 1532/1457/1040 1521/1445/1296 1526/1450/1295
f 1243/1458/1301 1532/1457/779 1244/1186/1302
f 1532/1457/1040 1533/1459/1303 1521/1445/1296
f 1532/1457/779 1243/1458/1301 1534/1460/780
f 1521/1445/1296 1533/1459/1303 1535/1461/1304
f 1536/1462/1305 1535/1461/1304 1533/1459/1303
f 1535/1461/1304 1536/1462/1305 1537/1463/1306
f 1269/1130/868 1267/1206/397 1268/1464/455
f 1267/1206/397 1269/1130/868 1240/1131/1116
f 1538/1465/1307 1183/1136/1055 1539/1466/1308
f 1183/1136/1055 1538/1465/1307 1540/1301/1309
f 1185/1137/1056 1183/1136/1055 1540/1301/1309
f 1541/1467/1310 1542/1468/1311 1543/1469/1311
f 1541/1467/1310 1544/1470/1312 1542/1468/1311
f 1545/1471/1313 1544/1470/1312 1541/1467/1310
f 1546/1472/1313 1544/1470/1312 1545/1471/1313
f 1547/1473/1314 1548/1474/1311 1549/1475/1311
f 1547/1473/1314 1550/1476/1312 1548/1474/1311
f 1551/1477/1313 1550/1476/1312 1547/1473/1314
f 1552/1478/1313 1550/1476/1312 1551/1477/1313
f 1556/1479/798 1554/1480/1315 1553/1481/282
f 1558/1482/100 1555/368/794 1554/1480/1316
f 1560/367/1317 1555/368/794 1558/1482/100
f 1561/364/1318 1555/368/794 1560/367/1317
f 1555/368/794 1561/364/1318 1562/366/1319
f 1562/366/1319 1561/364/1318 1563/1483/1320
f 1563/1483/1320 1564/1484/1321 1562/366/1319
f 1565/1485/100 1568/359/1322 1566/1486/1323
f 1567/360/1317 1568/359/1322 1565/1485/100
f 1567/360/1317 1569/353/1324 1570/358/808
f 1567/360/1317 1570/358/808 1568/359/1322
f 1571/1487/1325 1573/1488/1326 1572/1489/1325
f 1573/1488/1326 1574/1490/1327 1572/1489/1325
f 1573/1488/1326 1575/1491/1328 1574/1490/1327
f 1575/1491/1328 1576/1492/1329 1574/1490/1327
f 1577/1493/810 1576/1492/1329 1575/1491/1328
f 1576/1492/1329 1577/1493/810 1578/1494/811
f 1579/1495/1330 1580/1496/1331 1581/1497/1330
f 1580/1496/1331 1579/1495/1330 1582/1498/1332
f 1582/1498/1332 1583/1499/1333 1580/1496/1331
f 1583/1499/1333 1582/1498/1332 1584/1500/1334
f 1584/1500/1334 1585/1501/1335 1583/1499/1333
f 1585/1501/1335 1584/1500/1334 1586/1502/813
f 1587/1503/1336 1588/1504/1337 1589/1505/1338
f 1588/1504/1337 1587/1503/1336 1590/1506/1339
f 1589/1505/1338 1591/1507/1340 1587/1503/1336
f 1590/1506/1339 1592/1508/1341 1588/1504/1337
f 1591/1507/1340 1589/1505/1338 1593/1509/1340
f 1592/1508/1341 1590/1506/1339 1594/1510/815
f 1595/1511/817 1596/1512/1342 1597/1513/1343
f 1596/1512/1342 1595/1511/817 1598/1514/1344
f 1597/1513/1343 1596/1512/1342 1599/1515/1345
f 1600/1516/1346 1597/1513/1343 1599/1515/1345
f 1600/1516/1346 1599/1515/1345 1601/1517/1347
f 1602/1518/1347 1600/1516/1346 1601/1517/1347
f 1608/1519/1064 1607/377/1348 1609/378/1349
f 1610/1520/45 1607/377/1348 1605/1521/1350
f 1610/1520/45 1609/378/1349 1607/377/1348
f 1612/1522/1066 1611/1523/1351 1609/378/1062
f 1615/376/1352 1616/369/826 1614/1524/1353
f 1618/1525/1354 1617/1526/1355 1616/369/826
f 1615/376/1352 1618/1525/1354 1616/369/826
f 1615/376/1356 1619/1527/1357 1613/1528/1358
f 1621/1529/1359 1622/387/26 1623/1530/28
f 1625/1531/1066 1624/1532/1070 1626/529/1069
f 1627/380/1360 1628/527/1361 1626/529/1362
f 1629/1533/1363 1626/529/1362 1628/527/1361
f 1629/1533/1363 1628/527/1361 1630/1534/1364
f 1632/1535/1365 1629/1533/1366 1631/1536/1367
f 1633/1537/1368 1610/1520/1369 1606/1538/1059
f 1633/1537/1368 1606/1538/1059 1634/1539/1370
f 1634/1539/1370 1635/1540/1371 1633/1537/1368
f 1631/1536/1367 1638/1541/840 1632/1535/1365
f 1638/1541/840 1639/1542/1372 1632/1535/1365
f 1641/1543/1080 1640/1544/841 1638/1541/840
f 1643/1545/1373 1636/1546/50 1634/1539/1370
f 1644/1547/1374 1646/1548/1375 1642/1549/55
f 1645/1550/1085 1647/1551/1375 1637/1552/1376
f 1647/1551/1375 1645/1550/1085 1648/1553/1377
f 1649/1554/60 1647/1551/1375 1648/1553/1377
f 1648/1553/1377 1650/1555/1378 1649/1554/60
f 1652/1556/1379 1650/1555/1378 1653/1557/1088
f 1655/1558/1089 1654/1559/1380 1651/1560/1381
f 1559/1561/1382 1656/410/1383 1657/1562/67
f 1659/409/1384 1656/410/1383 1559/1561/1382
f 1659/409/1384 1658/408/1319 1656/410/1383
f 1658/408/1319 1659/409/1384 1660/1563/1385
f 1658/408/1319 1660/1563/1385 1661/1564/1386
f 1661/1564/1386 1662/1565/804 1658/408/1319
f 1664/1566/4 1666/407/1322 1665/1567/852
f 1663/1568/1387 1666/407/1322 1664/1566/4
f 1668/405/1388 1666/407/1322 1663/1568/1387
f 1666/407/1322 1668/405/1388 1667/406/853
f 1670/1569/1386 1667/406/853 1668/405/1388
f 1667/406/853 1670/1569/1386 1671/1570/1389
f 1671/1570/1390 1673/1571/859 1669/1572/855
f 1674/1573/861 1672/1574/1096 1669/1572/855
f 1672/1574/1096 1674/1573/861 1675/1575/1391
f 1675/1575/1391 1677/1576/78 1676/1577/1392
f 1570/358/808 1569/353/1324 1678/1578/1320
f 1681/1579/1099 1679/1580/80 1680/1581/1393
f 1681/1579/1099 1682/1582/1301 1683/1583/1039
f 1676/1577/1394 1685/1584/1395 1672/1574/1396
f 1677/1576/84 1687/1585/1397 1686/1586/87
f 1688/1587/1105 1685/1584/864 1686/1586/1398
f 1690/1588/1399 1689/1589/1400 1688/1587/1105
f 1688/1587/1105 1687/1585/88 1690/1588/1399
f 1693/440/853 1692/439/1401 1691/1590/1116
f 1678/1578/1320 1694/1591/1402 1570/358/808
f 1679/1580/80 1681/1579/1099 1684/1592/863
f 1696/436/1403 1693/440/853 1695/437/1322
f 1696/436/1403 1692/439/1401 1693/440/853
f 1696/436/1403 1695/437/1322 1697/1593/3
f 1697/1593/3 1695/437/1322 1698/1594/852
f 1700/1595/1116 1699/1596/1404 1701/431/1319
f 1701/431/1319 1702/432/1318 1700/1595/1116
f 1703/430/1383 1702/432/1318 1701/431/1319
f 1702/432/1318 1703/430/1383 1704/427/1403
f 1704/427/1403 1703/430/1383 1705/1597/3
f 1705/1597/3 1703/430/1383 1707/1598/1405
f 1710/1599/1406 1707/1598/979 1706/1600/875
f 1706/1600/875 1712/1601/1118 1711/1602/876
f 1712/1601/1118 1706/1600/875 1713/1603/104
f 1713/1603/104 1715/1604/107 1714/1605/1407
f 1714/1605/1407 1716/1606/1408 1712/1601/1118
f 1719/1607/883 1718/1608/1409 1716/1606/1410
f 1720/1609/1411 1719/1607/879 1715/1604/107
f 1721/1610/114 1718/1608/1412 1720/1609/113
f 1718/1608/1412 1721/1610/114 1723/1611/1126
f 1725/1612/1413 1723/1611/1126 1724/1613/1414
f 1724/1613/1128 1721/1610/114 1726/1614/116
f 1731/1615/118 1732/1616/1415 1728/1617/885
f 1727/1618/887 1733/1619/1416 1735/1620/1417
f 1733/1619/1416 1736/1621/1418 1735/1620/1417
f 1736/1621/1418 1737/1622/1419 1735/1620/1417
f 1738/1623/1420 1737/1622/1419 1736/1621/1418
f 1740/1624/1421 1742/1625/1422 1739/1626/1423
f 1741/1627/131 1743/1628/1424 1742/1625/888
f 1743/1628/1424 1741/1627/131 1744/1629/1425
f 1745/484/139 1746/1630/141 1747/570/135
f 1746/1630/141 1749/568/1426 1747/570/135
f 1745/484/139 1751/483/1427 1748/486/140
f 1745/484/139 1752/485/1428 1751/483/1427
f 1752/485/1428 1754/475/1429 1751/483/1427
f 1752/485/1428 1756/476/1430 1754/475/1429
f 1759/480/153 1756/476/1430 1752/485/1428
f 1759/480/153 1752/485/1428 1760/487/1431
f 1760/487/1431 1761/489/1432 1759/480/153
f 1761/489/1432 1760/487/1431 1762/488/1145
f 1763/491/1433 1761/489/1432 1762/488/1145
f 1763/491/1433 1764/490/1434 1761/489/1432
f 1765/492/1435 1764/490/1434 1763/491/1433
f 1750/493/892 1765/492/1435 1763/491/1433
f 1765/492/1435 1750/493/892 1766/496/315
f 1765/492/1435 1767/494/1436 1764/490/1434
f 1767/494/1436 1768/495/1437 1764/490/1434
f 1769/499/1438 1767/494/1436 1765/492/1435
f 1768/495/1437 1767/494/1436 1770/669/1150
f 1769/499/1438 1772/500/153 1767/494/1436
f 1769/499/1438 1773/502/936 1772/500/153
f 1773/502/936 1769/499/1438 1774/501/1439
f 1775/504/1434 1773/502/936 1774/501/1439
f 1775/504/1434 1774/501/1439 1776/503/1433
f 1777/505/1435 1775/504/1434 1776/503/1433
f 1779/546/1440 1777/505/1435 1776/503/1433
f 1779/546/1440 1776/503/1433 1780/508/1441
f 1781/1631/297 1780/508/1442 1782/1632/298
f 1781/1631/297 1783/548/1443 1779/546/161
f 1788/1633/1444 1786/1634/1445 1790/1635/918
f 1791/1636/1160 1790/1635/918 1792/1637/1446
f 1789/1638/174 1787/1639/1447 1689/1589/1400
f 1690/1588/1399 1789/1638/174 1689/1589/1400
f 1792/1637/1446 1793/1640/1448 1791/1636/1160
f 1792/1637/1446 1794/1641/178 1793/1640/1448
f 1794/1641/178 1795/1642/1163 1793/1640/1448
f 1798/1643/920 1797/1644/922 1796/1645/1449
f 1802/1646/1450 1800/1647/1451 1801/1648/1452
f 1803/1649/183 1802/1646/1450 1801/1648/1452
f 1803/1649/183 1804/1650/1169 1802/1646/1450
f 1804/1650/1169 1805/1651/1453 1806/386/1454
f 1622/387/26 1804/1650/1169 1806/386/1454
f 1622/387/26 1806/386/1454 1620/385/1455
f 1796/1645/924 1807/1652/1456 1809/1653/1457
f 1807/1652/1456 1618/1525/1179 1809/1653/1457
f 1809/1653/1457 1799/1654/1458 1796/1645/924
f 1808/1655/191 1811/1656/1459 1810/1657/1460
f 1808/1655/191 1812/1658/194 1811/1656/1459
f 1813/1659/1186 1811/1656/1459 1812/1658/194
f 1815/541/1461 1777/505/1435 1814/542/1462
f 1814/542/1462 1816/544/910 1815/541/1461
f 1816/544/910 1814/542/1462 1817/543/1439
f 1818/683/1434 1816/544/910 1817/543/1439
f 1815/541/1461 1819/507/1436 1777/505/1435
f 1777/505/1435 1819/507/1436 1775/504/1434
f 1819/507/1436 1820/509/1463 1775/504/1434
f 1778/506/1464 1775/504/1434 1820/509/1463
f 1821/1660/1465 1820/509/1191 1822/674/1193
f 1821/1660/1465 1823/1661/1204 1778/506/912
f 1822/674/1193 1824/677/1466 1821/1660/1465
f 1824/677/1466 1822/674/1193 1825/676/1027
f 1826/1662/1467 1828/1663/204 1830/1664/942
f 1828/1663/200 1831/1665/1468 1832/1666/207
f 1831/1665/1469 1827/1667/1195 1833/1668/1201
f 1829/1669/1470 1830/1664/1471 1834/1670/208
f 1835/1671/1472 1829/1669/1470 1834/1670/208
f 1834/1670/208 1836/1672/211 1835/1671/1472
f 1837/1673/1199 1835/1671/1472 1836/1672/211
f 1840/1674/1473 1838/1675/1474 1842/1676/1475
f 1756/476/1430 1844/471/1208 1754/475/1429
f 1844/471/1208 1771/472/1147 1845/1677/1209
f 1843/659/1476 1845/1677/1209 1771/472/1147
f 1846/474/952 1754/475/1429 1844/471/1208
f 1845/1677/1477 1847/1678/1478 1846/474/952
f 1845/1677/1209 1843/659/1476 1850/1679/1479
f 1852/652/1480 1851/658/959 1853/1680/1481
f 1852/652/1480 1853/1680/1481 1854/644/1482
f 1824/677/1466 1855/1681/239 1821/1660/1465
f 1856/643/1483 1852/652/1480 1854/644/1482
f 1854/644/1482 1857/593/1484 1856/643/1483
f 1859/591/1485 1860/589/1486 1858/592/1487
f 1860/589/1486 1859/591/1485 1861/590/1488
f 1860/589/1486 1861/590/1488 1862/588/245
f 1863/587/1489 1860/589/1486 1862/588/245
f 1862/588/245 1864/584/1490 1863/587/1489
f 1654/1559/1380 1655/1558/1089 1865/1682/1491
f 1866/1683/246 1654/1559/1380 1865/1682/1491
f 1865/1682/1491 1867/1684/972 1866/1683/246
f 1869/1685/973 1868/1686/247 1866/1683/246
f 1870/1687/1229 1869/1685/970 1867/1684/1227
f 1872/1688/1230 1873/1689/1492 1870/1687/1229
f 1873/1689/252 1871/1690/1493 1868/1686/250
f 1874/1691/977 1871/1690/1494 1872/1688/1230
f 1871/1690/1494 1874/1691/977 1875/1692/976
f 1875/1692/1495 1876/1693/1496 1657/1562/1497
f 1744/1629/1425 1877/1694/1498 1743/1628/1424
f 1877/1694/1498 1744/1629/1425 1878/1695/260
f 1880/614/983 1879/1696/1499 1878/1695/1500
f 1881/610/1238 1880/614/983 1878/1695/1500
f 1880/614/983 1881/610/1238 1882/611/1501
f 1758/1697/1502 1753/1698/897 1881/610/1238
f 1755/1699/1503 1757/1700/1504 1884/606/1505
f 1884/606/265 1885/602/1506 1883/605/1455
f 1884/606/265 1886/1701/1507 1885/602/1506
f 1885/602/1506 1886/1701/1507 1849/1702/955
f 1887/1703/1508 1848/1704/1509 1886/1701/1240
f 1887/1703/1508 1888/1705/1510 1848/1704/1509
f 1841/1706/951 1888/1705/1510 1887/1703/1508
f 1888/1705/1510 1841/1706/951 1842/1676/1511
f 1889/1707/993 1890/1708/1512 1801/1648/1452
f 1892/1709/1513 1891/1710/1514 1893/1711/1515
f 1894/1712/1516 1892/1709/1513 1893/1711/1515
f 1894/1712/1516 1893/1711/1515 1785/1713/1451
f 1785/1713/1451 1784/1714/1517 1894/1712/1516
f 1557/1715/1518 1896/1716/1519 1895/1717/1520
f 1896/1716/1519 1557/1715/1518 1553/1481/282
f 1896/1716/281 1897/1718/285 1717/1719/109
f 1717/1719/1521 1722/1720/1251 1895/1717/1522
f 1898/1721/999 1899/1722/1523 1722/1720/1251
f 1898/1721/999 1897/1718/996 1900/1723/1524
f 1901/1724/1525 1899/1722/1001 1900/1723/287
f 1902/1725/1526 1901/1724/1525 1900/1723/287
f 1730/1726/1133 1901/1724/1525 1902/1725/1526
f 1730/1726/1133 1902/1725/1526 1729/1727/1527
f 1904/1728/1528 1732/1616/1255 1903/1729/1372
f 1903/1729/1372 1646/1548/1375 1904/1728/1528
f 1646/1548/1375 1644/1547/1374 1904/1728/1528
f 1863/587/1489 1864/584/1490 1905/578/1529
f 1864/584/1490 1906/1730/302 1905/578/1529
f 1908/719/1530 1781/1631/297 1907/1731/1262
f 1908/719/1530 1783/548/1443 1781/1631/297
f 1909/657/1531 1905/578/1529 1906/1730/302
f 1909/657/1531 1906/1730/302 1910/576/1532
f 1853/1680/1481 1851/658/959 1911/656/1533
f 1910/576/1532 1911/656/1533 1851/658/959
f 1910/576/1532 1851/658/959 1909/657/1531
f 1912/1732/309 1746/1630/1534 1748/486/140
f 1749/568/1426 1746/1630/141 1913/1733/1271
f 1734/1734/1535 1727/1618/1536 1725/1612/1018
f 1908/719/1530 1914/718/323 1783/548/1443
f 1908/719/1530 1915/714/1537 1914/718/323
f 1914/718/323 1915/714/1537 1916/715/330
f 1914/718/323 1916/715/330 1917/723/1019
f 1919/724/1538 1918/545/1539 1917/723/1019
f 1919/724/1538 1917/723/1019 1916/715/330
f 1818/683/1434 1817/543/1439 1918/545/1539
f 1920/685/1435 1818/683/1434 1918/545/1539
f 1918/545/1539 1919/724/1538 1920/685/1435
f 1915/714/1537 1921/710/323 1916/715/330
f 1921/710/323 1915/714/1537 1922/713/1281
f 1921/710/323 1922/713/1281 1923/707/1540
f 1921/710/323 1923/707/1540 1924/708/1019
f 1708/711/1541 1922/713/1542 1709/1735/1117
f 1923/707/1540 1925/703/1543 1924/708/1019
f 1926/705/1433 1924/708/1019 1925/703/1543
f 1927/698/1544 1926/705/1433 1925/703/1543
f 1926/705/1433 1927/698/1544 1928/697/1434
f 1927/698/1544 1929/695/1545 1930/694/1546
f 1927/698/1544 1930/694/1546 1928/697/1434
f 1932/689/1027 1930/694/1546 1929/695/1545
f 1932/689/1027 1929/695/1545 1933/691/1547
f 1933/691/1548 1931/696/1549 1935/1736/1550
f 1933/691/1547 1937/690/1551 1932/689/1027
f 1932/689/1027 1937/690/1551 1938/688/1286
f 1937/690/1551 1825/676/1027 1938/688/1286
f 1824/677/1466 1825/676/1027 1937/690/1551
f 1938/688/1286 1825/676/1027 1940/682/1546
f 1939/684/1289 1938/688/1286 1940/682/1546
f 1818/683/1434 1939/684/1289 1940/682/1546
f 1939/684/1289 1818/683/1434 1942/686/1436
f 1920/685/1435 1942/686/1436 1818/683/1434
f 1943/725/1461 1942/686/1436 1920/685/1435
f 1943/725/1461 1920/685/1435 1946/726/1462
f 1946/726/1462 1947/701/910 1943/725/1461
f 1947/701/910 1946/726/1462 1948/706/1439
f 1928/697/1434 1947/701/910 1948/706/1439
f 1928/697/1434 1948/706/1439 1926/705/1433
f 1949/1737/353 1941/1738/349 1950/1739/355
f 1951/1740/1297 1945/1741/1552 1949/1737/1032
f 1950/1739/355 1833/1668/1553 1951/1740/1297
f 1833/1668/1553 1950/1739/355 1832/1666/207
f 1839/1742/1554 1952/1743/359 1784/1714/1555
f 1954/1744/360 1953/1745/1298 1955/1746/1556
f 1956/1747/1557 1954/1744/360 1955/1746/1556
f 1957/1748/1558 1956/1747/1557 1955/1746/1556
f 1958/1749/363 1956/1747/1557 1957/1748/1558
f 1959/1750/1036 1960/1751/366 1958/1749/363
f 1959/1750/367 1957/1748/1038 1683/1583/1100
f 1680/1581/1559 1960/1751/366 1682/1582/1560
f 1945/1741/1293 1961/1752/1561 1944/1753/1292
f 1962/1754/1562 1941/1738/1563 1944/1753/1292
f 1963/1755/1042 1962/1754/1562 1961/1752/1564
f 1964/1756/1565 1962/1754/1562 1963/1755/1042
f 1934/1757/1390 1936/1758/1043 1963/1755/1306
f 1691/1590/1116 1934/1757/1389 1693/440/853
f 1694/1591/1566 1965/1759/1046 1684/1592/863
f 1966/1760/1567 1813/1659/1186 1812/1658/194
f 1967/1761/1308 1966/1760/1567 1812/1658/194
f 1968/1762/1568 1966/1760/1567 1967/1761/1308
f 1969/1763/1569 1968/1762/1568 1967/1761/1308
f 1967/1761/1308 1970/1764/1570 1969/1763/1569
f 1970/1764/1570 1967/1761/1308 1604/1765/1055
f 1970/1764/1570 1604/1765/1055 1603/1766/1571
f 1971/1767/1572 1972/1768/1573 1973/1769/100
f 1973/1769/100 1974/1770/6 1971/1767/1572
f 1975/1771/1572 1973/1769/100 1972/1768/1573
f 1973/1769/100 1975/1771/1572 1976/1772/1574
f 1977/1773/1575 1976/1772/1574 1975/1771/1572
f 1976/1772/1574 1978/771/1576 1973/1769/100
f 1979/770/1577 1978/771/1576 1976/1772/1574
f 1980/767/1578 1978/771/1576 1979/770/1577
f 1978/771/1576 1980/767/1578 1981/769/1324
f 1980/767/1578 1982/1774/397 1981/769/1324
f 1983/1775/1116 1981/769/1324 1982/1774/397
f 1982/1774/397 1984/1776/1579 1983/1775/1116
f 1984/1776/1579 1985/1777/100 1983/1775/1116
f 1984/1776/1579 1987/762/1576 1985/1777/100
f 1986/763/1577 1987/762/1576 1984/1776/1579
f 1986/763/1577 1988/756/1324 1987/762/1576
f 1986/763/1577 1989/760/1578 1988/756/1324
f 1990/1778/1325 1991/1779/1580 1992/1780/1580
f 1991/1779/1580 1990/1778/1325 1993/1781/1325
f 1995/1782/1330 1996/1783/1581 1994/1784/1582
f 1996/1783/1581 1995/1782/1330 1997/1785/1581
f 1999/1786/1583 2000/1787/1584 1998/1788/1583
f 2000/1787/1584 1999/1786/1583 2001/1789/1584
f 2004/1790/1585 2003/1791/1586 2002/1792/1587
f 2003/1791/1586 2004/1790/1585 2005/1793/1585
f 2010/797/11 2011/1794/1588 2012/799/1349
f 2010/797/11 2012/799/1349 2013/1795/1589
f 2012/799/1349 2011/1794/1588 2014/1796/1066
f 2011/1794/1588 2015/1797/1358 2014/1796/1066
f 2011/1794/1588 2016/1798/1590 2015/1797/1358
f 2016/1798/1590 2017/795/1591 2018/796/1352
f 2018/796/1352 2015/1797/1358 2016/1798/1590
f 2015/1797/1358 2020/1799/1592 2014/1796/1066
f 2020/1799/1592 2015/1797/1358 2021/1800/22
f 2020/1799/1592 2021/1800/22 2022/813/1593
f 2023/1801/1359 2020/1799/1592 2022/813/1593
f 2023/1801/1359 2022/813/1593 2024/812/26
f 2026/807/1071 2023/1801/1359 2025/1802/1066
f 2020/1799/1592 2023/1801/1359 2026/807/1071
f 2025/1802/1066 2027/806/1362 2026/807/1071
f 2028/958/416 2026/807/1071 2027/806/1362
f 2028/958/416 2027/806/1362 2029/1803/1366
f 2032/1804/1594 2029/1803/1595 2031/1805/1596
f 2033/1806/1597 2032/1804/1594 2031/1805/1596
f 2034/1807/1598 2030/1808/1599 2009/1809/1061
f 2008/1810/1059 2013/1795/45 2034/1807/1598
f 2009/1809/1061 2008/1810/1059 2034/1807/1598
f 2035/1811/1600 2037/1812/56 2040/1813/427
f 2040/1813/427 2041/1814/1601 2035/1811/1600
f 2040/1813/427 2042/1815/1602 2038/1816/1081
f 2044/1817/1089 2043/1818/62 2045/1819/1603
f 1975/1771/1572 2047/1820/1604 1977/1773/1575
f 2047/1820/1604 2048/845/1605 1977/1773/1575
f 2046/846/1606 2048/845/1605 2047/1820/1604
f 2048/845/1605 2046/846/1606 2049/844/1385
f 2046/846/1606 2051/835/1607 2049/844/1385
f 2051/835/1607 2052/840/1608 2049/844/1385
f 2052/840/1608 2050/1821/1093 2049/844/1385
f 2052/840/1608 2053/1822/1575 2050/1821/1093
f 1982/1774/397 2050/1821/1093 2053/1822/1575
f 2051/835/1607 2054/836/1609 2052/840/1608
f 2053/1822/1575 1984/1776/1579 1982/1774/397
f 2051/835/1607 2056/1823/1610 2054/836/1609
f 2055/1824/1093 2054/836/1609 2056/1823/1610
f 2051/835/1607 2057/1825/438 2056/1823/1610
f 2059/1826/1391 2060/1827/1394 2058/1828/1611
f 2056/1823/1610 2061/1829/1612 2055/1824/1093
f 2055/1824/1093 2061/1829/1612 2063/1830/397
f 2064/1831/1613 2063/1830/397 2061/1829/1612
f 2064/1831/1613 1988/756/1324 2063/1830/397
f 1989/760/1578 2063/1830/397 1988/756/1324
f 2065/1832/1559 2068/1833/1301 2066/1834/1614
f 2071/1835/448 2067/1836/1615 2070/1837/445
f 2060/1827/1616 2069/1838/83 2071/1835/448
f 2069/1838/83 2060/1827/1616 2062/1839/84
f 2072/1840/1116 2073/873/1324 2074/1841/397
f 2075/872/1617 2074/1841/397 2073/873/1324
f 2061/1829/1612 2076/1842/1618 2064/1831/1613
f 2078/869/1577 2075/872/1617 2073/873/1324
f 2078/869/1577 2073/873/1324 2077/871/1576
f 2080/1843/6 2077/871/1576 2079/1844/100
f 2078/869/1577 2077/871/1576 2080/1843/6
f 2080/1843/6 2079/1844/100 2081/1845/1116
f 2082/1846/397 2080/1843/6 2081/1845/1116
f 2081/1845/1116 2083/864/1324 2082/1846/397
f 1985/1777/100 2080/1843/6 2082/1846/397
f 2084/866/1617 2082/1846/397 2083/864/1324
f 2086/865/1576 2084/866/1617 2083/864/1324
f 2084/866/1617 2086/865/1576 2085/863/1577
f 2082/1846/397 1983/1775/1116 1985/1777/100
f 2085/863/1577 2086/865/1576 1974/1770/6
f 1974/1770/6 2086/865/1576 2087/1847/100
f 2087/1847/100 2088/1848/1619 2089/1849/1620
f 2089/1849/1620 2090/1850/1573 2087/1847/100
f 2087/1847/100 1971/1767/1572 1974/1770/6
f 1971/1767/1572 2087/1847/100 2090/1850/1573
f 2094/1851/331 2091/1852/1621 2092/1853/104
f 2096/1854/1622 2098/1855/111 2093/1856/106
f 2097/1857/465 2099/1858/1521 2098/1855/1623
f 2099/1858/1521 2097/1857/465 2101/1859/1251
f 2105/1860/1414 2103/1861/1126 2100/1862/114
f 2107/1863/116 2106/1864/476 2105/1860/1128
f 2108/1865/1129 2102/1866/472 2104/1867/475
f 2109/1868/117 2108/1865/1129 2110/1869/1090
f 2111/1870/120 2109/1868/117 2110/1869/1090
f 2110/1869/1090 2112/1871/1133 2111/1870/120
f 2118/1872/484 2115/1873/1624 2114/1874/482
f 2117/1875/127 2119/1876/1625 2116/1877/1626
f 2119/1876/1625 2117/1875/127 2120/1878/129
f 2118/1872/1627 2036/1879/1628 2121/1880/1629
f 2036/1879/1628 2118/1872/1627 2039/1881/1082
f 2124/917/1630 2125/914/1631 2122/986/139
f 2125/914/1631 2124/917/1630 2128/916/502
f 2125/914/1631 2128/916/502 2130/922/501
f 2134/1882/1502 2132/1883/147 2129/1884/499
f 2133/1885/1504 2132/1883/147 2134/1882/1502
f 2135/909/509 2131/906/1632 2137/918/1633
f 2136/907/505 2131/906/1632 2135/909/509
f 2137/918/1633 2131/906/1632 2138/920/1634
f 2130/922/501 2139/923/1431 2125/914/1631
f 2141/927/315 2144/925/1635 2140/921/1636
f 2144/925/1635 2145/923/1431 2140/921/1636
f 2143/924/1637 2146/903/1150 2142/919/1638
f 2147/920/153 2143/924/1637 2142/919/1638
f 2146/903/1150 2143/924/1637 2148/926/1639
f 2143/924/1637 2147/920/153 2151/918/1640
f 2145/923/1431 2144/925/1635 2152/922/1641
f 2158/939/163 2153/931/1636 2154/935/161
f 2158/939/163 2157/932/1635 2153/931/1636
f 2159/1886/655 2160/1887/1642 2161/1888/531
f 2163/1889/769 2165/1890/1643 2164/1891/1644
f 2165/1890/1643 2166/1892/1645 2164/1891/1644
f 2167/1893/1646 2161/1888/531 2168/1894/1163
f 2161/1888/531 2162/1895/1164 2168/1894/1163
f 2171/1896/1170 2170/1897/1168 2169/1898/1647
f 2170/1897/1169 2024/812/26 2173/815/548
f 2022/813/1593 2173/815/548 2024/812/26
f 2172/1899/1648 2174/1900/1649 2175/1901/1650
f 2176/1902/1456 2172/1899/1648 2175/1901/1650
f 2175/1901/1650 2019/1903/1651 2176/1902/1456
f 2019/1903/1652 2018/796/1352 2017/795/1591
f 2179/1904/1653 2177/1905/1654 2178/1906/1655
f 2178/1906/1655 2180/1907/1656 2179/1904/1653
f 2182/1908/1657 2183/1909/1658 2181/1910/1659
f 2157/932/1635 2184/923/1462 2153/931/1636
f 2184/923/1462 2157/932/1635 2186/922/1660
f 2155/934/1637 2187/920/1461 2188/918/565
f 2187/920/1461 2155/934/1637 2189/933/1638
f 2190/937/569 2189/933/1638 2155/934/1637
f 2189/933/1638 2190/937/569 2191/936/1191
f 2196/1911/1661 2195/1912/1662 2193/1913/1663
f 2195/1912/1662 2196/1911/1661 2197/1914/1468
f 2197/1914/1664 2199/1915/1201 2198/1916/207
f 2202/1917/1665 2206/1918/1666 2200/1919/1667
f 2201/1920/211 2208/1921/1668 2203/1922/1669
f 2203/1922/1669 2208/1921/1668 2149/1923/520
f 2209/1924/593 2150/1925/1670 2208/1921/1668
f 2131/906/1632 2136/907/505 2212/908/1208
f 2210/1926/1671 2211/1927/1207 2214/1928/1650
f 2214/1928/1650 2215/1929/1672 2210/1926/1671
f 2216/1930/1479 2217/1931/232 2213/1932/1209
f 2213/1932/1209 2217/1931/232 2218/1933/1673
f 2218/1933/1674 2220/1934/1675 2219/1051/605
f 2223/1935/239 2222/1936/1220 2192/1937/1221
f 2222/1936/1220 2223/1935/239 2221/1938/237
f 2226/1003/1676 2225/1939/616 2224/1940/1483
f 2226/1003/1676 2224/1940/1483 2227/1004/1677
f 2228/1002/1678 2226/1003/1676 2227/1004/1677
f 2226/1003/1676 2228/1002/1678 2229/999/1679
f 2229/999/1679 2228/1002/1678 2230/1941/1489
f 2233/1942/1680 2232/1943/248 2235/1944/252
f 2235/1944/252 2236/1945/659 2231/1946/1228
f 2046/846/1606 2047/1820/1604 2234/1947/1681
f 2127/1948/1682 2238/1949/1683 2240/1950/1598
f 2238/1949/1683 2239/1951/260 2240/1950/1598
f 2240/1950/1598 2126/1952/490 2127/1948/1682
f 2239/1951/260 2242/1953/1684 2241/1025/1685
f 2237/1954/255 2242/1953/1684 2239/1951/260
f 2031/1805/1596 2243/1955/262 2033/1806/1597
f 2242/1953/1684 2244/1026/634 2241/1025/1685
f 2134/1882/1502 2241/1025/1685 2244/1026/634
f 2244/1026/634 2133/1885/1504 2134/1882/1502
f 2245/1956/1686 2133/1885/1504 2244/1026/634
f 2133/1885/1504 2245/1956/1686 2247/1024/1687
f 2133/1885/1504 2247/1024/1687 2246/1023/1688
f 2245/1956/1686 2248/1957/270 2247/1024/1687
f 2025/1802/1066 2248/1957/270 2245/1956/1686
f 2247/1024/1687 2249/1958/1689 2246/1023/1688
f 2246/1023/1688 2249/1958/1689 2250/1959/1690
f 2249/1958/1689 2251/1960/645 2250/1959/1690
f 2023/1801/1359 2248/1957/270 2025/1802/1066
f 2214/1928/1650 2250/1959/1240 2215/1929/1672
f 2253/1961/1691 2252/1962/1692 2171/1896/1170
f 2169/1898/1647 2253/1961/1691 2171/1896/1170
f 2254/1963/1693 2206/1918/585 2207/1964/1694
f 2255/1965/276 2206/1918/585 2254/1963/1693
f 2236/1945/659 2235/1944/252 2257/1966/1695
f 2257/1966/1695 2256/1967/1696 2258/1968/1697
f 2099/1858/1698 2259/1969/1522 2260/1970/281
f 2262/1971/1699 2261/1972/1700 2113/1973/1081
f 2263/1974/290 2262/1971/1699 2045/1819/1603
f 2043/1818/62 2263/1974/290 2045/1819/1603
f 2264/1975/1701 2229/999/1679 2230/1941/1489
f 2268/1976/1262 2266/1977/295 2265/1978/1702
f 2266/1977/295 2268/1976/1262 2156/1979/1703
f 2271/994/308 2267/1980/1704 2269/1981/686
f 2123/1982/1534 2269/1981/301 2270/1983/1268
f 2219/1051/689 2272/995/1705 2271/994/687
f 2272/995/1705 2219/1051/689 2273/1050/1269
f 2270/1983/1268 2274/1984/1706 2123/1982/1534
f 2119/1876/701 2276/1985/700 2275/1986/1707
f 2144/925/1635 2141/927/315 2277/928/1708
f 2106/1864/476 2107/1863/116 2185/1987/1709
f 2279/1988/1710 2278/1989/712 2106/1864/1129
f 2285/964/1635 2281/1094/1711 2282/1098/326
f 2281/1094/1711 2285/964/1635 2283/963/1636
f 2288/1990/1712 2287/1991/333 2286/1992/723
f 2280/1993/1713 2094/1851/1407 2287/1991/725
f 2094/1851/1407 2280/1993/1713 2095/1994/1120
f 2088/1848/102 2290/1084/1714 2289/1995/1281
f 2088/1848/102 2291/1086/1577 2290/1084/1714
f 2292/1085/1617 2290/1084/1714 2291/1086/1577
f 2290/1084/1714 2292/1085/1617 2293/1083/1715
f 2292/1085/1617 2294/1996/731 2293/1083/1715
f 2296/1997/1716 2293/1083/1715 2294/1996/731
f 2296/1997/1716 2295/1080/1717 2293/1083/1715
f 2079/1844/100 2296/1997/1716 2294/1996/731
f 2294/1996/731 2081/1845/1116 2079/1844/100
f 2297/1079/1577 2295/1080/1717 2296/1997/1716
f 2297/1079/1577 2298/1073/1718 2295/1080/1717
f 2297/1079/1577 2299/1078/1578 2298/1073/1718
f 2300/1998/740 2298/1073/1718 2299/1078/1578
f 2301/1999/1547 2298/1073/1718 2300/1998/740
f 2072/1840/1116 2302/2000/1550 2300/1998/1719
f 2303/2001/1618 2302/2000/1550 2072/1840/1116
f 2304/2002/1720 2305/2003/743 2306/2004/758
f 2194/2005/1721 2195/1912/202 2309/2006/348
f 2308/1065/1722 2284/1071/1637 2311/1069/1723
f 2284/1071/1637 2308/1065/1722 2312/1070/1638
f 2313/920/1461 2284/1071/1637 2312/1070/1638
f 2314/2007/1724 2307/2008/751 2306/2004/744
f 2307/2008/751 2314/2007/1724 2310/2009/1725
f 2285/964/1635 2315/923/1462 2283/963/1636
f 2284/1071/1637 2313/920/1461 2316/918/565
f 2317/922/1660 2315/923/1462 2285/964/1635
f 2319/2010/1726 2205/2011/762 2320/2012/202
f 2321/2013/1644 2320/2012/1662 2204/2014/765
f 2322/2015/1298 2321/2013/1644 2204/2014/765
f 2322/2015/1298 2323/2016/1727 2321/2013/1644
f 2324/2017/655 2325/2018/1728 2326/2019/770
f 2164/1891/1644 2326/2019/1729 2163/1889/769
f 2327/2020/364 2318/2021/357 2068/1833/1301
f 2068/1833/1301 2318/2021/357 2329/2022/781
f 2329/2022/1730 2331/2023/782 2328/2024/1731
f 2332/2025/1732 2314/2007/1292 2330/2026/1304
f 2072/1840/1116 2333/2027/1612 2303/2001/1618
f 2333/2027/1612 2072/1840/1116 2074/1841/397
f 2076/1842/1618 2333/2027/1612 2064/1831/1613
f 2064/1831/1613 2333/2027/1612 2074/1841/397
f 2183/1909/1658 2182/1908/1657 2334/2028/1733
f 2335/2029/1734 2183/1909/1658 2334/2028/1733
f 2335/2029/1734 2334/2028/1733 2336/2030/1735
f 2337/2031/1569 2335/2029/1734 2336/2030/1735
f 2335/2029/1734 2337/2031/1569 2338/2032/1736
f 2340/2033/793 2006/2034/1737 2339/2035/1738
f 2339/2035/1738 2006/2034/1737 2007/2036/1739
usemtl Gas1Mtl.001
f 2341/2037/1740 2343/2038/1740 2342/2039/1740
f 2341/2037/1740 2344/2040/1740 2343/2038/1740
f 2341/2037/1740 2345/2041/1740 2344/2040/1740
f 2341/2037/1740 2346/2042/1740 2345/2041/1740
f 2341/2037/1740 2347/2043/1740 2346/2042/1740
f 2341/2037/1740 2348/2044/1740 2347/2043/1740
f 2341/2037/1740 2350/2045/1740 2349/2044/1740
f 2341/2037/1740 2351/2046/1740 2350/2045/1740
f 2341/2037/1740 2352/2047/1740 2351/2046/1740
f 2341/2037/1740 2353/2048/1740 2352/2047/1740
f 2341/2037/1740 2354/2049/1740 2353/2048/1740
f 2341/2037/1740 2355/2050/1740 2354/2049/1740
f 2341/2037/1740 2357/2051/1740 2356/2050/1740
f 2341/2037/1740 2358/2052/1740 2357/2051/1740
f 2341/2037/1740 2359/2053/1740 2358/2052/1740
f 2341/2037/1740 2360/2054/1740 2359/2053/1740
f 2341/2037/1740 2361/2055/1740 2360/2054/1740
f 2341/2037/1740 2362/2056/1740 2361/2055/1740
f 2341/2037/1740 2364/2057/1740 2363/2056/1740
f 2341/2037/1740 2365/2058/1740 2364/2057/1740
f 2341/2037/1740 2366/2059/1740 2365/2058/1740
f 2341/2037/1740 2367/2060/1740 2366/2059/1740
f 2341/2037/1740 2368/2061/1740 2367/2060/1740
f 2341/2037/1740 2369/2039/1740 2368/2061/1740
f 2370/2062/1741 2371/2063/1741 2372/2064/1742
f 2372/2064/1742 2371/2063/1741 2373/2065/1743
f 2372/2064/1742 2373/2065/1743 2374/2066/1744
f 2374/2066/1744 2373/2065/1743 2375/2067/1744
f 2374/2066/1744 2375/2067/1744 2376/2068/1745
f 2376/2068/1745 2375/2067/1744 2377/2069/1745
f 2376/2068/1745 2377/2069/1745 2378/2070/1746
f 2378/2070/1746 2377/2069/1745 2379/2071/1746
f 2378/2070/1746 2379/2071/1746 2380/2072/1747
f 2380/2072/1747 2379/2071/1746 2381/2073/1747
f 2380/2072/1747 2381/2073/1747 2382/2074/1748
f 2382/2074/1748 2381/2073/1747 2383/2075/1748
f 2384/2062/1741 2385/2063/1741 2386/2064/1749
f 2386/2064/1749 2385/2063/1741 2387/2065/1749
f 2386/2064/1749 2387/2065/1749 2388/2066/1750
f 2388/2066/1750 2387/2065/1749 2389/2067/1750
f 2388/2066/1750 2389/2067/1750 2390/2068/1751
f 2390/2068/1751 2389/2067/1750 2391/2069/1751
f 2390/2068/1751 2391/2069/1751 2392/2070/1752
f 2392/2070/1752 2391/2069/1751 2393/2071/1752
f 2392/2070/1752 2393/2071/1752 2394/2072/1753
f 2394/2072/1753 2393/2071/1752 2395/2073/1753
f 2394/2072/1753 2395/2073/1753 2396/2074/1754
f 2396/2074/1754 2395/2073/1753 2397/2075/1754
f 2398/2037/1755 2400/2038/1755 2399/2039/1755
f 2398/2037/1755 2401/2040/1755 2400/2038/1755
f 2398/2037/1755 2402/2041/1755 2401/2040/1755
f 2398/2037/1755 2403/2042/1755 2402/2041/1755
f 2398/2037/1755 2404/2043/1755 2403/2042/1755
f 2398/2037/1755 2405/2044/1755 2404/2043/1755
f 2398/2037/1755 2407/2045/1755 2406/2044/1755
f 2398/2037/1755 2408/2046/1755 2407/2045/1755
f 2398/2037/1755 2409/2047/1755 2408/2046/1755
f 2398/2037/1755 2410/2048/1755 2409/2047/1755
f 2398/2037/1755 2411/2049/1755 2410/2048/1755
f 2398/2037/1755 2412/2050/1756 2411/2049/1755
f 2398/2037/1755 2414/2051/1755 2413/2050/1757
f 2398/2037/1755 2415/2052/1755 2414/2051/1755
f 2398/2037/1755 2416/2053/1755 2415/2052/1755
f 2398/2037/1755 2417/2054/1755 2416/2053/1755
f 2398/2037/1755 2418/2055/1755 2417/2054/1755
f 2398/2037/1755 2419/2056/1756 2418/2055/1755
f 2398/2037/1755 2421/2057/1755 2420/2056/1757
f 2398/2037/1755 2422/2058/1755 2421/2057/1755
f 2398/2037/1755 2423/2059/1755 2422/2058/1755
f 2398/2037/1755 2424/2060/1755 2423/2059/1755
f 2398/2037/1755 2425/2061/1755 2424/2060/1755
f 2398/2037/1755 2426/2039/1755 2425/2061/1755
f 2427/2062/1758 2428/2063/1758 2429/2064/1759
f 2429/2064/1759 2428/2063/1758 2430/2065/1759
f 2429/2064/1759 2430/2065/1759 2431/2066/1760
f 2431/2066/1760 2430/2065/1759 2432/2067/1760
f 2431/2066/1760 2432/2067/1760 2433/2068/1761
f 2433/2068/1761 2432/2067/1760 2434/2069/1761
f 2433/2068/1761 2434/2069/1761 2435/2070/1762
f 2435/2070/1762 2434/2069/1761 2436/2071/1762
f 2435/2070/1762 2436/2071/1762 2437/2072/1763
f 2437/2072/1763 2436/2071/1762 2438/2073/1763
f 2437/2072/1763 2438/2073/1763 2439/2074/1754
f 2439/2074/1754 2438/2073/1763 2440/2075/1754
f 2441/2062/1748 2442/2063/1748 2443/2064/1764
f 2443/2064/1764 2442/2063/1748 2444/2065/1765
f 2443/2064/1764 2444/2065/1765 2445/2066/1766
f 2445/2066/1766 2444/2065/1765 2446/2067/1766
f 2445/2066/1766 2446/2067/1766 2447/2068/1767
f 2447/2068/1767 2446/2067/1766 2448/2069/1767
f 2447/2068/1767 2448/2069/1767 2449/2070/1768
f 2449/2070/1768 2448/2069/1767 2450/2071/1768
f 2449/2070/1768 2450/2071/1768 2451/2072/1769
f 2451/2072/1769 2450/2071/1768 2452/2073/1769
f 2451/2072/1769 2452/2073/1769 2453/2074/1758
f 2453/2074/1758 2452/2073/1769 2454/2075/1758
