# Blender 5.1.2
# www.blender.org
mtllib Drumkit.mtl
o Drumkit
v 0.758746 0.126207 0.028936
v 0.717046 0.058297 0.311136
v 0.794536 -0.020413 0.303637
v 0.836226 0.047498 0.021437
v 0.652906 0.157617 0.020836
v 0.611206 0.089707 0.303038
v 0.547056 0.133317 -0.000664
v 0.505366 0.065408 0.281637
v 0.611206 0.089707 0.303038
v 0.469576 0.059817 -0.029764
v 0.427876 -0.008093 0.252438
v 0.441216 -0.043193 -0.058764
v 0.399516 -0.111103 0.223436
v 0.469576 -0.148103 -0.079863
v 0.427876 -0.216022 0.202436
v 0.547056 -0.226813 -0.087364
v 0.505366 -0.294733 0.194937
v 0.652906 -0.258233 -0.079264
v 0.611206 -0.326143 0.203037
v 0.758746 -0.233932 -0.057764
v 0.717046 -0.301843 0.224537
v 0.836226 -0.160423 -0.028664
v 0.794536 -0.228343 0.253637
v 0.864586 -0.057413 0.000338
v 0.822896 -0.125333 0.282637
v 0.756776 0.122917 0.026836
v 0.832716 0.045777 0.019436
v 0.653046 -0.050073 -0.030163
v 0.653046 0.153708 0.018936
v 0.549306 0.129887 -0.002163
v 0.473366 0.057847 -0.030764
v 0.445576 -0.043103 -0.059164
v 0.473366 -0.145933 -0.079763
v 0.549306 -0.223073 -0.087063
v 0.653046 -0.253863 -0.079163
v 0.756776 -0.230043 -0.058163
v 0.832716 -0.158003 -0.029564
v 0.860516 -0.057053 -0.001163
v 0.790746 -0.022593 0.303637
v 0.714806 0.054547 0.310936
v 0.611066 -0.118443 0.253937
v 0.611066 0.085337 0.303038
v 0.507326 0.061528 0.281937
v 0.431386 -0.010513 0.253437
v 0.403596 -0.111473 0.225037
v 0.431386 -0.214303 0.204336
v 0.507326 -0.291443 0.197037
v 0.611066 -0.322232 0.204937
v 0.714806 -0.298413 0.226036
v 0.790746 -0.226373 0.254538
v 0.818536 -0.125413 0.282936
v 0.843796 0.051607 0.023037
v 0.848026 0.058487 -0.005564
v 0.767366 0.140417 0.002237
v 0.763146 0.133547 0.030836
v 0.657187 0.173117 -0.006163
v 0.652966 0.166237 0.022436
v 0.547016 0.147817 -0.028563
v 0.542796 0.140947 0.000036
v 0.466356 0.071307 -0.058863
v 0.462136 0.064437 -0.030264
v 0.436836 -0.035913 -0.088963
v 0.432616 -0.042793 -0.060463
v 0.466356 -0.145123 -0.110964
v 0.462136 -0.152003 -0.082363
v 0.547016 -0.227053 -0.118763
v 0.542796 -0.233932 -0.090164
v 0.657187 -0.259753 -0.110264
v 0.652966 -0.266633 -0.081762
v 0.767366 -0.234462 -0.087963
v 0.763146 -0.241333 -0.059362
v 0.848026 -0.157953 -0.057663
v 0.843796 -0.164823 -0.029064
v 0.877546 -0.050723 -0.027464
v 0.873326 -0.057603 0.001137
v 0.721386 0.065527 0.314037
v 0.717156 0.058647 0.342636
v 0.797866 -0.023333 0.334837
v 0.802096 -0.016453 0.306236
v 0.611136 0.098247 0.305637
v 0.606916 0.091368 0.334236
v 0.500896 0.072938 0.283237
v 0.496666 0.066057 0.311836
v 0.606916 0.091368 0.334236
v 0.420186 -0.003623 0.252836
v 0.415967 -0.010503 0.281437
v 0.390646 -0.110913 0.222736
v 0.386426 -0.117793 0.251236
v 0.420186 -0.220193 0.200737
v 0.415967 -0.227073 0.229338
v 0.500896 -0.302183 0.192936
v 0.496666 -0.309063 0.221537
v 0.611136 -0.334902 0.201336
v 0.606916 -0.341783 0.229937
v 0.721386 -0.309592 0.223736
v 0.717156 -0.316473 0.252337
v 0.802096 -0.233033 0.254137
v 0.797866 -0.239912 0.282736
v 0.831636 -0.125733 0.284237
v 0.827406 -0.132613 0.312838
v 0.848026 0.058487 -0.005564
v 0.836936 0.052647 -0.009064
v 0.760996 0.129787 -0.001762
v 0.767366 0.140417 0.002237
v 0.657256 0.160577 -0.009663
v 0.657187 0.173117 -0.006163
v 0.553526 0.136757 -0.030663
v 0.547016 0.147817 -0.028563
v 0.477586 0.064717 -0.059263
v 0.466356 0.071307 -0.058863
v 0.449786 -0.036242 -0.087664
v 0.436836 -0.035913 -0.088963
v 0.477586 -0.139063 -0.108263
v 0.466356 -0.145123 -0.110964
v 0.553526 -0.216203 -0.115664
v 0.547016 -0.227053 -0.118763
v 0.657256 -0.246993 -0.107763
v 0.657187 -0.259753 -0.110264
v 0.760996 -0.223173 -0.086664
v 0.767366 -0.234462 -0.087963
v 0.836936 -0.151143 -0.058063
v 0.848026 -0.157953 -0.057663
v 0.864726 -0.050183 -0.029663
v 0.877546 -0.050723 -0.027464
v 0.717156 0.058647 0.342636
v 0.710586 0.047687 0.339437
v 0.786526 -0.029453 0.332136
v 0.797866 -0.023333 0.334837
v 0.606916 0.091368 0.334236
v 0.606846 0.078467 0.331537
v 0.496666 0.066057 0.311836
v 0.503116 0.054657 0.310537
v 0.415967 -0.010503 0.281437
v 0.427176 -0.017383 0.281937
v 0.386426 -0.117793 0.251236
v 0.399376 -0.118343 0.253536
v 0.415967 -0.227073 0.229338
v 0.427176 -0.221163 0.232937
v 0.496666 -0.309063 0.221537
v 0.503116 -0.298313 0.225536
v 0.606916 -0.341783 0.229937
v 0.606846 -0.329092 0.233538
v 0.717156 -0.316473 0.252337
v 0.710586 -0.305283 0.254538
v 0.797866 -0.239912 0.282736
v 0.786526 -0.233242 0.283136
v 0.827406 -0.132613 0.312838
v 0.814316 -0.132282 0.311537
v 0.460506 0.416967 0.333736
v 0.460506 0.333567 0.568136
v 0.526917 0.270997 0.545937
v 0.526917 0.354397 0.311537
v 0.369786 0.439868 0.341936
v 0.369786 0.356468 0.576336
v 0.279056 0.416967 0.333736
v 0.279056 0.333567 0.568136
v 0.212646 0.354397 0.311537
v 0.212646 0.270997 0.545937
v 0.188336 0.268917 0.281036
v 0.188336 0.185517 0.515537
v 0.212646 0.183437 0.250637
v 0.212646 0.100047 0.485136
v 0.279056 0.120868 0.228437
v 0.279056 0.037468 0.462837
v 0.369786 0.097967 0.220236
v 0.369786 0.014567 0.454737
v 0.460506 0.120868 0.228437
v 0.460506 0.037468 0.462837
v 0.526917 0.183437 0.250637
v 0.526917 0.100047 0.485136
v 0.551226 0.268917 0.281036
v 0.551226 0.185517 0.515537
v 0.458696 0.414297 0.331936
v 0.523786 0.352968 0.310137
v 0.369786 0.269197 0.280336
v 0.369786 0.436737 0.339937
v 0.280866 0.414297 0.331936
v 0.215776 0.352968 0.310137
v 0.191956 0.269197 0.280336
v 0.215776 0.185427 0.250536
v 0.280866 0.124097 0.228638
v 0.369786 0.101647 0.220737
v 0.458696 0.124097 0.228638
v 0.523786 0.185427 0.250536
v 0.547616 0.269197 0.280336
v 0.523786 0.269007 0.546137
v 0.458696 0.330337 0.567936
v 0.369786 0.185237 0.516336
v 0.369786 0.352788 0.575937
v 0.280866 0.330337 0.567936
v 0.215776 0.269007 0.546137
v 0.191956 0.185237 0.516336
v 0.215776 0.101467 0.486536
v 0.280866 0.040147 0.464636
v 0.369786 0.017697 0.456738
v 0.458696 0.040147 0.464636
v 0.523786 0.101467 0.486536
v 0.547616 0.185237 0.516336
v 0.533346 0.358027 0.312336
v 0.533346 0.366468 0.288637
v 0.464216 0.431598 0.311836
v 0.464216 0.423157 0.335537
v 0.369786 0.455437 0.320236
v 0.369786 0.446997 0.344036
v 0.369786 0.455437 0.320236
v 0.275346 0.431598 0.311836
v 0.275346 0.423157 0.335537
v 0.206216 0.366468 0.288637
v 0.206216 0.358027 0.312336
v 0.180906 0.277497 0.256937
v 0.180906 0.269058 0.280737
v 0.206216 0.188517 0.225336
v 0.206216 0.180077 0.249037
v 0.275346 0.123387 0.202137
v 0.275346 0.114947 0.225836
v 0.369786 0.099547 0.193636
v 0.369786 0.091107 0.217436
v 0.464216 0.123387 0.202137
v 0.464216 0.114947 0.225836
v 0.533346 0.188517 0.225336
v 0.533346 0.180077 0.249037
v 0.558656 0.277497 0.256937
v 0.558656 0.269058 0.280737
v 0.464276 0.339587 0.570736
v 0.464276 0.331147 0.594536
v 0.533456 0.265967 0.571337
v 0.533456 0.274417 0.547537
v 0.369786 0.363447 0.579237
v 0.369786 0.354997 0.602938
v 0.275286 0.339587 0.570736
v 0.275286 0.331147 0.594536
v 0.369786 0.354997 0.602938
v 0.206106 0.274417 0.547537
v 0.206106 0.265967 0.571337
v 0.180786 0.185387 0.515936
v 0.180786 0.176937 0.539637
v 0.206106 0.096357 0.484238
v 0.206106 0.087907 0.507936
v 0.275286 0.031177 0.461037
v 0.275286 0.022738 0.484737
v 0.369786 0.007327 0.452538
v 0.369786 -0.001123 0.476337
v 0.464276 0.031177 0.461037
v 0.464276 0.022738 0.484737
v 0.533456 0.096357 0.484238
v 0.533456 0.087907 0.507936
v 0.558776 0.185387 0.515936
v 0.558776 0.176937 0.539637
v 0.533346 0.366468 0.288637
v 0.523786 0.361398 0.286436
v 0.458696 0.422727 0.308237
v 0.464216 0.431598 0.311836
v 0.369786 0.445177 0.316236
v 0.369786 0.455437 0.320236
v 0.280866 0.422727 0.308237
v 0.275346 0.431598 0.311836
v 0.215776 0.361398 0.286436
v 0.206216 0.366468 0.288637
v 0.191956 0.277627 0.256638
v 0.180906 0.277497 0.256937
v 0.215776 0.193857 0.226837
v 0.206216 0.188517 0.225336
v 0.280866 0.132527 0.204937
v 0.275346 0.123387 0.202137
v 0.369786 0.110087 0.197037
v 0.369786 0.099547 0.193636
v 0.458696 0.132527 0.204937
v 0.464216 0.123387 0.202137
v 0.523786 0.193857 0.226837
v 0.533346 0.188517 0.225336
v 0.547616 0.277627 0.256638
v 0.558656 0.277497 0.256937
v 0.464276 0.331147 0.594536
v 0.458696 0.321907 0.591637
v 0.523786 0.260577 0.569838
v 0.533456 0.265967 0.571337
v 0.369786 0.354997 0.602938
v 0.369786 0.344348 0.599636
v 0.275286 0.331147 0.594536
v 0.280866 0.321907 0.591637
v 0.206106 0.265967 0.571337
v 0.215776 0.260577 0.569838
v 0.180786 0.176937 0.539637
v 0.191956 0.176807 0.540037
v 0.206106 0.087907 0.507936
v 0.215776 0.093037 0.510237
v 0.275286 0.022738 0.484737
v 0.280866 0.031707 0.488438
v 0.369786 -0.001123 0.476337
v 0.369786 0.009267 0.480436
v 0.464276 0.022738 0.484737
v 0.458696 0.031707 0.488438
v 0.533456 0.087907 0.507936
v 0.523786 0.093037 0.510237
v 0.558776 0.176937 0.539637
v 0.547616 0.176807 0.540037
v -0.027264 0.398438 0.353836
v -0.027264 0.323187 0.565437
v 0.032666 0.266717 0.545338
v 0.032666 0.341977 0.333736
v -0.109134 0.419107 0.361237
v -0.109134 0.343848 0.572737
v -0.190994 0.398438 0.353836
v -0.190994 0.323187 0.565437
v -0.109134 0.419107 0.361237
v -0.250924 0.341977 0.333736
v -0.250924 0.266717 0.545338
v -0.272864 0.264848 0.306337
v -0.272864 0.189587 0.517937
v -0.250924 0.187717 0.278936
v -0.250924 0.112458 0.490437
v -0.190994 0.131257 0.258837
v -0.190994 0.055997 0.470337
v -0.109134 0.110587 0.251436
v -0.109134 0.035327 0.463037
v -0.027264 0.131257 0.258837
v -0.027264 0.055997 0.470337
v -0.109134 0.035327 0.463037
v -0.109134 0.110587 0.251436
v 0.032666 0.187717 0.278936
v 0.032666 0.112458 0.490437
v 0.054596 0.264848 0.306337
v 0.054596 0.189587 0.517937
v -0.028894 0.396027 0.352236
v 0.029836 0.340688 0.332537
v -0.109134 0.265097 0.305637
v -0.109134 0.416287 0.359436
v -0.189364 0.396027 0.352236
v -0.248104 0.340688 0.332537
v -0.269604 0.265097 0.305637
v -0.248104 0.189507 0.278736
v -0.189364 0.134167 0.259037
v -0.109134 0.113907 0.251837
v -0.028894 0.134167 0.259037
v 0.029836 0.189507 0.278736
v 0.051336 0.265097 0.305637
v 0.029836 0.264937 0.545536
v -0.028894 0.320267 0.565136
v -0.109134 0.189338 0.518637
v -0.109134 0.340527 0.572336
v -0.189364 0.320267 0.565136
v -0.248104 0.264937 0.545536
v -0.269604 0.189338 0.518637
v -0.248104 0.113747 0.491737
v -0.189364 0.058407 0.472036
v -0.109134 0.038147 0.464836
v -0.028894 0.058407 0.472036
v 0.029836 0.113747 0.491737
v 0.051336 0.189338 0.518637
v 0.038466 0.345257 0.334537
v 0.038466 0.352877 0.313137
v -0.023914 0.411647 0.334036
v -0.023914 0.404027 0.355436
v -0.109134 0.433157 0.341736
v -0.109134 0.425547 0.363136
v -0.109134 0.425547 0.363136
v -0.194344 0.411647 0.334036
v -0.194344 0.404027 0.355436
v -0.256724 0.352877 0.313137
v -0.256724 0.345257 0.334537
v -0.279564 0.272587 0.284637
v -0.279564 0.264967 0.306036
v -0.256734 0.192297 0.256037
v -0.256734 0.184677 0.277437
v -0.194344 0.133528 0.235136
v -0.194344 0.125907 0.256536
v -0.109134 0.112007 0.227436
v -0.109134 0.104397 0.248837
v -0.109134 0.112007 0.227436
v -0.023914 0.133528 0.235136
v -0.023914 0.125907 0.256536
v 0.038466 0.192297 0.256037
v 0.038466 0.184677 0.277437
v 0.061306 0.272587 0.284637
v 0.061306 0.264967 0.306036
v -0.023864 0.328617 0.567738
v -0.023864 0.320998 0.589136
v 0.038566 0.262188 0.568237
v 0.038566 0.269807 0.546837
v -0.109134 0.350148 0.575438
v -0.109134 0.342527 0.596836
v -0.194404 0.328617 0.567738
v -0.194404 0.320998 0.589136
v -0.109134 0.342527 0.596836
v -0.256824 0.269807 0.546837
v -0.256824 0.262188 0.568237
v -0.279674 0.189467 0.518236
v -0.279674 0.181847 0.539637
v -0.256824 0.109127 0.489637
v -0.256824 0.101507 0.511036
v -0.194404 0.050317 0.468737
v -0.194404 0.042697 0.490137
v -0.109134 0.028797 0.461037
v -0.109134 0.021168 0.482536
v -0.023864 0.050317 0.468737
v -0.023864 0.042697 0.490137
v -0.109134 0.028797 0.461037
v 0.038566 0.109127 0.489637
v 0.038566 0.101507 0.511036
v 0.061416 0.189467 0.518236
v 0.061416 0.181847 0.539637
v 0.038466 0.352877 0.313137
v 0.029836 0.348297 0.311136
v -0.028894 0.403637 0.330837
v -0.023914 0.411647 0.334036
v -0.109134 0.423898 0.338037
v -0.109134 0.433157 0.341736
v -0.189364 0.403637 0.330837
v -0.194344 0.411647 0.334036
v -0.248104 0.348297 0.311136
v -0.256724 0.352877 0.313137
v -0.269604 0.272707 0.284237
v -0.279564 0.272587 0.284637
v -0.248104 0.197117 0.257338
v -0.256734 0.192297 0.256037
v -0.189364 0.141778 0.237637
v -0.194344 0.133528 0.235136
v -0.109134 0.121517 0.230436
v -0.109134 0.112007 0.227436
v -0.028894 0.141778 0.237637
v -0.023914 0.133528 0.235136
v 0.029836 0.197117 0.257338
v 0.038466 0.192297 0.256037
v 0.051336 0.272707 0.284237
v 0.061306 0.272587 0.284637
v -0.023864 0.320998 0.589136
v -0.028894 0.312657 0.586536
v 0.029836 0.257327 0.566837
v 0.038566 0.262188 0.568237
v -0.109134 0.342527 0.596836
v -0.109134 0.332918 0.593737
v -0.194404 0.320998 0.589136
v -0.189364 0.312657 0.586536
v -0.256824 0.262188 0.568237
v -0.248104 0.257327 0.566837
v -0.279674 0.181847 0.539637
v -0.269604 0.181727 0.540037
v -0.256824 0.101507 0.511036
v -0.248104 0.106138 0.513136
v -0.194404 0.042697 0.490137
v -0.189364 0.050797 0.493437
v -0.109134 0.021168 0.482536
v -0.109134 0.030537 0.486237
v -0.023864 0.042697 0.490137
v -0.028894 0.050797 0.493437
v 0.038566 0.101507 0.511036
v 0.029836 0.106138 0.513136
v 0.061416 0.181847 0.539637
v 0.051336 0.181727 0.540037
v -0.182484 0.159158 0.109037
v -0.182484 0.121228 0.226637
v -0.100254 0.042967 0.201336
v -0.100254 0.080897 0.083838
v -0.294814 0.187797 0.118338
v -0.294814 0.149877 0.235836
v -0.407154 0.159158 0.109037
v -0.407154 0.121228 0.226637
v -0.489384 0.080897 0.083838
v -0.489384 0.042967 0.201336
v -0.519484 -0.026013 0.049337
v -0.519484 -0.063943 0.166838
v -0.489384 -0.132923 0.014837
v -0.489384 -0.170843 0.132338
v -0.407154 -0.211183 -0.010464
v -0.407154 -0.249103 0.107138
v -0.294814 -0.239823 -0.019663
v -0.294814 -0.277753 0.097837
v -0.182484 -0.211183 -0.010464
v -0.182484 -0.249103 0.107138
v -0.294814 -0.239823 -0.019663
v -0.100254 -0.132923 0.014837
v -0.100254 -0.170843 0.132338
v -0.070154 -0.026013 0.049337
v -0.070154 -0.063943 0.166838
v -0.184724 0.155587 0.107437
v -0.104124 0.078887 0.082737
v -0.294814 -0.025892 0.048937
v -0.294814 0.183667 0.116537
v -0.404914 0.155587 0.107437
v -0.485504 0.078887 0.082737
v -0.515004 -0.025892 0.048937
v -0.485504 -0.130663 0.015137
v -0.404914 -0.207363 -0.009663
v -0.294814 -0.235443 -0.018663
v -0.184724 -0.207363 -0.009663
v -0.104124 -0.130663 0.015137
v -0.074624 -0.025892 0.048937
v -0.104124 0.040707 0.201036
v -0.184724 0.117417 0.225836
v -0.294814 -0.064063 0.167236
v -0.294814 0.145487 0.234837
v -0.404914 0.117417 0.225836
v -0.485504 0.040707 0.201036
v -0.515004 -0.064063 0.167236
v -0.485504 -0.168843 0.133436
v -0.404914 -0.245543 0.108736
v -0.294814 -0.273623 0.099636
v -0.184724 -0.245543 0.108736
v -0.104124 -0.168843 0.133436
v -0.074624 -0.064063 0.167236
v -0.092284 0.085327 0.085037
v -0.092284 0.089167 0.073137
v -0.177884 0.170627 0.099436
v -0.177884 0.166797 0.111338
v -0.294814 0.200447 0.109037
v -0.294814 0.196607 0.120937
v -0.411744 0.170637 0.099436
v -0.411744 0.166797 0.111338
v -0.497344 0.089167 0.073137
v -0.497344 0.085327 0.085037
v -0.528674 -0.022113 0.037237
v -0.528674 -0.025953 0.049137
v -0.497344 -0.133393 0.001337
v -0.497344 -0.137233 0.013237
v -0.411744 -0.214863 -0.024963
v -0.411744 -0.218703 -0.013063
v -0.294814 -0.244683 -0.034563
v -0.294814 -0.248513 -0.022663
v -0.177884 -0.214863 -0.024963
v -0.177884 -0.218703 -0.013063
v -0.092284 -0.133393 0.001337
v -0.092284 -0.137233 0.013237
v -0.060954 -0.022113 0.037237
v -0.060954 -0.025953 0.049137
v -0.177814 0.128867 0.229237
v -0.177814 0.125027 0.241137
v -0.092154 0.043517 0.214836
v -0.092154 0.047357 0.202936
v -0.294814 0.158707 0.238937
v -0.294814 0.154867 0.250837
v -0.411824 0.128867 0.229237
v -0.411824 0.125027 0.241137
v -0.497474 0.047357 0.202936
v -0.497474 0.043517 0.214836
v -0.528824 -0.064002 0.167036
v -0.528824 -0.067842 0.178936
v -0.497474 -0.175353 0.131136
v -0.497474 -0.179193 0.143036
v -0.411824 -0.256873 0.104837
v -0.411824 -0.260713 0.116737
v -0.294814 -0.286703 0.095236
v -0.294814 -0.290543 0.107138
v -0.177814 -0.256873 0.104837
v -0.177814 -0.260713 0.116737
v -0.294814 -0.290543 0.107138
v -0.294814 -0.286703 0.095236
v -0.092154 -0.175353 0.131136
v -0.092154 -0.179193 0.143036
v -0.060804 -0.064002 0.167036
v -0.060804 -0.067842 0.178936
v -0.092284 0.089167 0.073137
v -0.104124 0.082727 0.070837
v -0.184724 0.159427 0.095537
v -0.177884 0.170627 0.099436
v -0.294814 0.187497 0.104637
v -0.294814 0.200447 0.109037
v -0.404914 0.159427 0.095537
v -0.411744 0.170637 0.099436
v -0.485504 0.082727 0.070837
v -0.497344 0.089167 0.073137
v -0.515004 -0.022053 0.037037
v -0.528674 -0.022113 0.037237
v -0.485504 -0.126832 0.003237
v -0.497344 -0.133393 0.001337
v -0.404914 -0.203533 -0.021563
v -0.411744 -0.214863 -0.024963
v -0.294814 -0.231603 -0.030563
v -0.294814 -0.244683 -0.034563
v -0.184724 -0.203533 -0.021563
v -0.177884 -0.214863 -0.024963
v -0.104124 -0.126832 0.003237
v -0.092284 -0.133393 0.001337
v -0.074624 -0.022053 0.037037
v -0.060954 -0.022113 0.037237
v -0.177814 0.125027 0.241137
v -0.184724 0.113577 0.237738
v -0.104124 0.036877 0.212936
v -0.092154 0.043517 0.214836
v -0.294814 0.154867 0.250837
v -0.294814 0.141657 0.246737
v -0.411824 0.125027 0.241137
v -0.404914 0.113577 0.237738
v -0.497474 0.043517 0.214836
v -0.485504 0.036877 0.212936
v -0.528824 -0.067842 0.178936
v -0.515004 -0.067903 0.179136
v -0.497474 -0.179193 0.143036
v -0.485504 -0.172672 0.145336
v -0.411824 -0.260713 0.116737
v -0.404914 -0.249382 0.120636
v -0.294814 -0.290543 0.107138
v -0.294814 -0.277453 0.111536
v -0.177814 -0.260713 0.116737
v -0.184724 -0.249382 0.120636
v -0.092154 -0.179193 0.143036
v -0.104124 -0.172672 0.145336
v -0.060804 -0.067842 0.178936
v -0.074624 -0.067903 0.179136
v -0.180804 0.180217 -0.398964
v -0.180804 0.665177 -0.372063
v -0.051164 0.672367 -0.501564
v -0.051164 0.187397 -0.528463
v -0.228254 0.170397 -0.222164
v -0.228254 0.655367 -0.195263
v -0.180804 0.160587 -0.045362
v -0.180804 0.645547 -0.018463
v -0.051164 0.153397 0.084036
v -0.051164 0.638367 0.110937
v 0.125916 0.150767 0.131437
v 0.125916 0.635737 0.158337
v 0.303006 0.153397 0.084036
v 0.303006 0.638367 0.110937
v 0.432646 0.160587 -0.045362
v 0.432646 0.645547 -0.018463
v 0.480096 0.170397 -0.222164
v 0.480096 0.655367 -0.195263
v 0.432646 0.180217 -0.398964
v 0.432646 0.665177 -0.372063
v 0.303006 0.187397 -0.528463
v 0.303006 0.672367 -0.501564
v 0.125916 0.190027 -0.575863
v 0.125916 0.674997 -0.548863
v 0.125916 0.190027 -0.575863
v -0.174694 0.178407 -0.395563
v -0.047644 0.185447 -0.522463
v 0.125916 0.168787 -0.222263
v -0.221204 0.168787 -0.222263
v -0.174694 0.159167 -0.048964
v -0.047644 0.152128 0.077837
v 0.125916 0.149547 0.124336
v 0.299476 0.152128 0.077837
v 0.426536 0.159167 -0.048964
v 0.473036 0.168787 -0.222263
v 0.426536 0.178407 -0.395563
v 0.299476 0.185447 -0.522463
v 0.125916 0.188027 -0.568863
v -0.047644 0.673637 -0.495363
v -0.174694 0.666597 -0.368464
v 0.125916 0.656977 -0.195164
v -0.221204 0.656977 -0.195164
v -0.174694 0.647357 -0.021864
v -0.047644 0.640317 0.104937
v 0.125916 0.637738 0.151436
v 0.299476 0.640317 0.104937
v 0.426536 0.647357 -0.021864
v 0.473036 0.656977 -0.195164
v 0.426536 0.666597 -0.368464
v 0.299476 0.673637 -0.495363
v 0.125916 0.676217 -0.541763
v -0.058414 0.187317 -0.541063
v -0.058414 0.138227 -0.543764
v -0.193364 0.130747 -0.408964
v -0.193364 0.179837 -0.406263
v -0.242754 0.120527 -0.224964
v -0.242754 0.169617 -0.222263
v -0.193364 0.110317 -0.040863
v -0.193364 0.159407 -0.038164
v -0.058414 0.102837 0.093836
v -0.058414 0.151917 0.096537
v 0.125916 0.100097 0.143137
v 0.125916 0.149187 0.145836
v 0.310256 0.102837 0.093836
v 0.310256 0.151917 0.096537
v 0.445196 0.110317 -0.040863
v 0.445196 0.159407 -0.038164
v 0.494586 0.120527 -0.224964
v 0.494586 0.169617 -0.222263
v 0.445196 0.130747 -0.408964
v 0.445196 0.179837 -0.406263
v 0.310256 0.138227 -0.543764
v 0.310256 0.187317 -0.541063
v 0.125916 0.140967 -0.593063
v 0.125916 0.190057 -0.590363
v -0.193564 0.666358 -0.379364
v -0.193564 0.715477 -0.376663
v -0.058534 0.722957 -0.511463
v -0.058534 0.673837 -0.514263
v -0.242984 0.656127 -0.195263
v -0.242984 0.705247 -0.192463
v -0.193564 0.645907 -0.011063
v -0.193564 0.695027 -0.008364
v -0.058534 0.638427 0.123737
v -0.058534 0.687547 0.126537
v 0.125916 0.635687 0.173138
v 0.125916 0.684807 0.175837
v 0.310376 0.638427 0.123737
v 0.310376 0.687547 0.126537
v 0.125916 0.635687 0.173138
v 0.445396 0.645907 -0.011063
v 0.445396 0.695027 -0.008364
v 0.494826 0.656127 -0.195263
v 0.494826 0.705247 -0.192463
v 0.445396 0.666358 -0.379364
v 0.445396 0.715477 -0.376663
v 0.310376 0.673837 -0.514263
v 0.310376 0.722957 -0.511463
v 0.125916 0.676577 -0.563562
v 0.125916 0.725697 -0.560864
v 0.125916 0.725697 -0.560864
v -0.058414 0.138227 -0.543764
v -0.047644 0.136407 -0.525164
v -0.174694 0.129367 -0.398264
v -0.193364 0.130747 -0.408964
v -0.221204 0.119747 -0.224964
v -0.242754 0.120527 -0.224964
v -0.174694 0.110127 -0.051662
v -0.193364 0.110317 -0.040863
v -0.047644 0.103087 0.075136
v -0.058414 0.102837 0.093836
v 0.125916 0.100508 0.121536
v 0.125916 0.100097 0.143137
v 0.299476 0.103087 0.075136
v 0.310256 0.102837 0.093836
v 0.426536 0.110127 -0.051662
v 0.445196 0.110317 -0.040863
v 0.473036 0.119747 -0.224964
v 0.494586 0.120527 -0.224964
v 0.426536 0.129367 -0.398264
v 0.445196 0.130747 -0.408964
v 0.299476 0.136407 -0.525164
v 0.310256 0.138227 -0.543764
v 0.125916 0.138987 -0.571564
v 0.125916 0.140967 -0.593063
v -0.193564 0.715477 -0.376663
v -0.174694 0.715637 -0.365763
v -0.047644 0.722677 -0.492563
v -0.058534 0.722957 -0.511463
v -0.242984 0.705247 -0.192463
v -0.221204 0.706017 -0.192463
v -0.193564 0.695027 -0.008364
v -0.174694 0.696397 -0.019163
v -0.058534 0.687547 0.126537
v -0.047644 0.689357 0.107737
v 0.125916 0.684807 0.175837
v 0.125916 0.686777 0.154137
v 0.310376 0.687547 0.126537
v 0.299476 0.689357 0.107737
v 0.445396 0.695027 -0.008364
v 0.426536 0.696397 -0.019163
v 0.494826 0.705247 -0.192463
v 0.473036 0.706017 -0.192463
v 0.445396 0.715477 -0.376663
v 0.426536 0.715637 -0.365763
v 0.310376 0.722957 -0.511463
v 0.299476 0.722677 -0.492563
v 0.125916 0.725697 -0.560864
v 0.125916 0.725257 -0.539063
v 0.795906 0.413607 0.804836
v 0.793616 0.409867 0.814836
v 0.927156 0.306887 0.806936
v 0.929446 0.310628 0.796936
v 0.630847 0.425998 0.771637
v 0.628556 0.422257 0.781637
v 0.497306 0.343067 0.710037
v 0.495016 0.339327 0.720037
v 0.446296 0.196487 0.643637
v 0.444006 0.192747 0.653637
v 0.497306 0.042257 0.597736
v 0.495016 0.038518 0.607737
v 0.630847 -0.060733 0.589836
v 0.628556 -0.064473 0.599836
v 0.795906 -0.073122 0.623037
v 0.793616 -0.076863 0.633038
v 0.929446 0.009807 0.684536
v 0.927156 0.006068 0.694536
v 0.980456 0.156387 0.750937
v 0.978166 0.152648 0.761036
v 0.795906 0.413607 0.804836
v 0.929446 0.310628 0.796936
v 0.708457 0.168407 0.718836
v 0.630847 0.425998 0.771637
v 0.497306 0.343067 0.710037
v 0.446296 0.196487 0.643637
v 0.497306 0.042257 0.597736
v 0.630847 -0.060733 0.589836
v 0.795906 -0.073122 0.623037
v 0.929446 0.009807 0.684536
v 0.980456 0.156387 0.750937
v 0.770986 0.204928 0.758636
v 0.730917 0.235828 0.761036
v 0.699976 0.154588 0.755836
v 0.681406 0.239538 0.751137
v 0.699976 0.154588 0.755836
v 0.641336 0.214657 0.732637
v 0.626036 0.170687 0.712736
v 0.641336 0.124417 0.698936
v 0.681406 0.093517 0.696537
v 0.730917 0.089808 0.706537
v 0.770986 0.114687 0.724937
v 0.786286 0.158657 0.744936
v -0.716454 0.267648 0.806936
v -0.582914 0.370627 0.814837
v -0.585204 0.374368 0.804836
v -0.718744 0.271387 0.796936
v -0.582914 0.370627 0.814837
v -0.417854 0.383017 0.781637
v -0.420144 0.386757 0.771637
v -0.585204 0.374368 0.804836
v -0.284314 0.300088 0.720037
v -0.286604 0.303827 0.710037
v -0.233304 0.153508 0.653637
v -0.235594 0.157247 0.643637
v -0.284314 -0.000723 0.607737
v -0.286604 0.003007 0.597736
v -0.417854 -0.103713 0.599836
v -0.420144 -0.099972 0.589836
v -0.417854 -0.103713 0.599836
v -0.582914 -0.116103 0.633038
v -0.585204 -0.112363 0.623037
v -0.420144 -0.099972 0.589836
v -0.716454 -0.033173 0.694536
v -0.718744 -0.029432 0.684536
v -0.767464 0.113407 0.761036
v -0.769754 0.117148 0.750937
v -0.585204 0.374368 0.804836
v -0.497754 0.129167 0.718836
v -0.718744 0.271387 0.796936
v -0.420144 0.386757 0.771637
v -0.286604 0.303827 0.710037
v -0.235594 0.157247 0.643637
v -0.286604 0.003007 0.597736
v -0.420144 -0.099972 0.589836
v -0.585204 -0.112363 0.623037
v -0.718744 -0.029432 0.684536
v -0.769754 0.117148 0.750937
v -0.560284 0.165687 0.758636
v -0.489274 0.115347 0.755836
v -0.520224 0.196577 0.761036
v -0.520224 0.196577 0.761036
v -0.489274 0.115347 0.755836
v -0.470704 0.200297 0.751137
v -0.430644 0.175417 0.732637
v -0.415334 0.131447 0.712736
v -0.430644 0.085177 0.698936
v -0.470704 0.054277 0.696537
v -0.520224 0.050557 0.706537
v -0.560284 0.075437 0.724937
v -0.575584 0.119417 0.744936
v -0.551904 -0.173573 0.365538
v -0.551904 -0.173573 0.373037
v -0.458014 -0.241793 0.373037
v -0.458014 -0.241793 0.365538
v -0.667974 -0.173573 0.365538
v -0.667974 -0.173573 0.373037
v -0.761864 -0.241793 0.365538
v -0.761864 -0.241793 0.373037
v -0.667974 -0.173573 0.365538
v -0.797734 -0.352173 0.365538
v -0.797734 -0.352173 0.373037
v -0.761864 -0.462553 0.365538
v -0.761864 -0.462553 0.373037
v -0.667974 -0.530773 0.365538
v -0.667974 -0.530773 0.373037
v -0.551904 -0.530773 0.365538
v -0.551904 -0.530773 0.373037
v -0.458014 -0.462553 0.365538
v -0.458014 -0.462553 0.373037
v -0.422144 -0.352173 0.365538
v -0.422144 -0.352173 0.373037
v -0.551904 -0.173573 0.365538
v -0.458014 -0.241793 0.365538
v -0.609934 -0.352173 0.381638
v -0.667974 -0.173573 0.365538
v -0.761864 -0.241793 0.365538
v -0.797734 -0.352173 0.365538
v -0.761864 -0.462553 0.365538
v -0.667974 -0.530773 0.365538
v -0.551904 -0.530773 0.365538
v -0.458014 -0.462553 0.365538
v -0.422144 -0.352173 0.365538
v -0.564354 -0.319063 0.389137
v -0.592524 -0.298593 0.389137
v -0.609934 -0.352173 0.409437
v -0.627344 -0.298593 0.389137
v -0.655514 -0.319063 0.389137
v -0.666274 -0.352173 0.389137
v -0.655514 -0.385293 0.389137
v -0.627344 -0.405753 0.389137
v -0.592524 -0.405753 0.389137
v -0.564354 -0.385293 0.389137
v -0.553604 -0.352173 0.389137
v -0.667974 -0.173573 0.349937
v -0.667974 -0.173573 0.342436
v -0.761864 -0.241793 0.342436
v -0.761864 -0.241793 0.349937
v -0.551904 -0.173573 0.349937
v -0.551904 -0.173573 0.342436
v -0.667974 -0.173573 0.349937
v -0.458014 -0.241793 0.349937
v -0.458014 -0.241793 0.342436
v -0.422144 -0.352173 0.349937
v -0.422144 -0.352173 0.342436
v -0.458014 -0.462553 0.349937
v -0.458014 -0.462553 0.342436
v -0.551904 -0.530773 0.349937
v -0.551904 -0.530773 0.342436
v -0.667974 -0.530773 0.349937
v -0.667974 -0.530773 0.342436
v -0.761864 -0.462553 0.349937
v -0.761864 -0.462553 0.342436
v -0.797734 -0.352173 0.349937
v -0.797734 -0.352173 0.342436
v -0.667974 -0.173573 0.349937
v -0.761864 -0.241793 0.349937
v -0.609934 -0.352173 0.333838
v -0.551904 -0.173573 0.349937
v -0.458014 -0.241793 0.349937
v -0.422144 -0.352173 0.349937
v -0.458014 -0.462553 0.349937
v -0.551904 -0.530773 0.349937
v -0.667974 -0.530773 0.349937
v -0.761864 -0.462553 0.349937
v -0.797734 -0.352173 0.349937
v -0.655514 -0.319063 0.326336
v -0.627344 -0.298593 0.326336
v -0.609934 -0.352173 0.306036
v -0.592524 -0.298593 0.326336
v -0.609934 -0.352173 0.306036
v -0.564354 -0.319063 0.326336
v -0.553604 -0.352173 0.326336
v -0.564354 -0.385293 0.326336
v -0.592524 -0.405753 0.326336
v -0.627344 -0.405753 0.326336
v -0.655514 -0.385293 0.326336
v -0.666274 -0.352173 0.326336
v 0.160836 0.328117 0.083837
v 0.160836 0.328117 0.439737
v 0.125916 0.293197 0.439737
v 0.125916 0.293197 0.083837
v 0.160836 0.328117 0.487137
v 0.125916 0.363037 0.487137
v 0.090996 0.328117 0.487137
v 0.125916 0.293197 0.487137
v 0.125916 0.363037 0.439737
v 0.125916 0.363037 0.083837
v 0.090996 0.328117 0.083837
v 0.090996 0.328117 0.439737
v 0.160836 0.328117 0.083837
v 0.125916 0.293197 0.083837
v 0.160836 0.328117 0.439737
v 0.090996 0.328117 0.439737
v 0.090996 0.328117 0.083837
v 0.241496 0.247458 0.439737
v 0.241496 0.247458 0.487137
v 0.206576 0.212537 0.487137
v 0.206576 0.212537 0.439737
v 0.045256 0.212537 0.439737
v 0.045256 0.212537 0.487137
v 0.010336 0.247458 0.487137
v 0.010336 0.247458 0.439737
v 0.206576 0.212537 0.439737
v 0.125916 0.293197 0.439737
v 0.206576 0.212537 0.487137
v 0.125916 0.293197 0.439737
v 0.206576 0.212537 0.439737
v 0.206576 0.212537 0.487137
v 0.125916 0.293197 0.487137
v 0.125916 0.293197 0.439737
v 0.045256 0.212537 0.439737
v 0.045256 0.212537 0.487137
v 0.045256 0.212537 0.439737
v 0.045256 0.212537 0.487137
v -0.585734 -0.369652 0.459137
v -0.585734 -0.369652 0.480936
v -0.630364 -0.369652 0.480936
v -0.630364 -0.369652 0.459137
v -0.585734 -0.369652 0.480936
v -0.585734 -0.325033 0.480936
v -0.630364 -0.325033 0.480936
v -0.630364 -0.369652 0.480936
v -0.585734 -0.325033 0.480936
v -0.585734 -0.325033 0.459137
v -0.630364 -0.325033 0.459137
v -0.630364 -0.325033 0.480936
v -0.585734 -0.325033 0.459137
v -0.585734 -0.369652 0.459137
v -0.630364 -0.369652 0.459137
v -0.630364 -0.325033 0.459137
v -0.585734 -0.369652 0.480936
v -0.585734 -0.369652 0.459137
v -0.576404 -0.378983 -0.065863
v -0.576404 -0.378983 -0.002563
v -0.639694 -0.378983 -0.002563
v -0.639694 -0.378983 -0.065863
v -0.576404 -0.378983 -0.002563
v -0.576404 -0.315703 -0.002563
v -0.639694 -0.315703 -0.002563
v -0.639694 -0.378983 -0.002563
v -0.576404 -0.315703 -0.002563
v -0.576404 -0.315703 -0.065863
v -0.639694 -0.315703 -0.065863
v -0.639694 -0.315703 -0.002563
v -0.576404 -0.315703 -0.065863
v -0.576404 -0.378983 -0.065863
v -0.639694 -0.378983 -0.065863
v -0.639694 -0.315703 -0.065863
v -0.576404 -0.378983 -0.002563
v -0.576404 -0.378983 -0.065863
v -0.464204 0.109778 0.734737
v -0.459414 0.091018 0.793238
v -0.485784 0.080427 0.795338
v -0.504774 0.093488 0.737936
v -0.459414 0.091018 0.793238
v -0.468224 0.115347 0.805138
v -0.494604 0.104757 0.807238
v -0.485784 0.080427 0.795338
v -0.494604 0.104757 0.807238
v -0.468224 0.115347 0.805138
v -0.477764 0.147218 0.753036
v -0.518334 0.130917 0.756336
v -0.477764 0.147218 0.753036
v -0.464204 0.109778 0.734737
v -0.504774 0.093488 0.737936
v -0.518334 0.130917 0.756336
v -0.473874 0.121637 0.326838
v -0.473874 0.121637 0.376038
v -0.512294 0.090877 0.376038
v -0.512294 0.090877 0.326838
v -0.473874 0.121637 0.376038
v -0.504644 0.160057 0.376038
v -0.543054 0.129288 0.376038
v -0.512294 0.090877 0.376038
v -0.504644 0.160057 0.376038
v -0.504644 0.160057 0.326838
v -0.543054 0.129288 0.326838
v -0.543054 0.129288 0.376038
v -0.504644 0.160057 0.326838
v -0.473874 0.121637 0.326838
v -0.512294 0.090877 0.326838
v -0.543054 0.129288 0.326838
v -0.473874 0.121637 0.376038
v -0.473874 0.121637 0.326838
v -0.472044 0.111387 -0.065863
v -0.472044 0.111387 -0.002563
v -0.521444 0.071827 -0.002563
v -0.521444 0.071827 -0.065863
v -0.472044 0.111387 -0.002563
v -0.511604 0.160787 -0.002563
v -0.561004 0.121228 -0.002563
v -0.521444 0.071827 -0.002563
v -0.511604 0.160787 -0.002563
v -0.511604 0.160787 -0.065863
v -0.561004 0.121227 -0.065863
v -0.561004 0.121228 -0.002563
v -0.511604 0.160787 -0.065863
v -0.472044 0.111387 -0.065863
v -0.521444 0.071827 -0.065863
v -0.561004 0.121227 -0.065863
v -0.472044 0.111387 -0.002563
v -0.472044 0.111387 -0.065863
v 0.699286 0.117917 0.790737
v 0.672906 0.128507 0.788637
v 0.676246 0.145357 0.732536
v 0.716816 0.129067 0.735737
v 0.708097 0.142258 0.802637
v 0.681726 0.152847 0.800537
v 0.672906 0.128507 0.788637
v 0.699286 0.117917 0.790737
v 0.708097 0.142258 0.802637
v 0.730376 0.166508 0.754137
v 0.689806 0.182797 0.750837
v 0.681726 0.152847 0.800537
v 0.716816 0.129067 0.735737
v 0.676246 0.145357 0.732536
v 0.689806 0.182797 0.750837
v 0.730376 0.166508 0.754137
v 0.929266 -0.132282 0.199337
v 0.696306 0.167087 0.744236
v 0.711026 0.185017 0.738737
v 0.951086 -0.105713 0.191137
v 0.929266 -0.132282 0.199337
v 0.962926 -0.133103 0.210136
v 0.719026 0.166537 0.751537
v 0.696306 0.167087 0.744236
v 0.929266 -0.132282 0.199337
v 0.951086 -0.105713 0.191137
v 0.947756 -0.123703 0.200237
v 0.962926 -0.133103 0.210136
v 0.711026 0.185017 0.738737
v 0.696306 0.167087 0.744236
v 0.708786 0.172887 0.744837
v 0.719026 0.166537 0.751537
v 0.939236 -0.092483 0.276937
v 0.939236 -0.092483 0.329737
v 0.847596 -0.092483 0.329737
v 0.847596 -0.092483 0.276937
v 0.939236 -0.092483 0.329737
v 0.939236 -0.039743 0.329737
v 0.847596 -0.039743 0.329737
v 0.847596 -0.092483 0.329737
v 0.939236 -0.039743 0.329737
v 0.939236 -0.039743 0.276937
v 0.847596 -0.039743 0.276937
v 0.847596 -0.039743 0.329737
v 0.939236 -0.039743 0.276937
v 0.939236 -0.092483 0.276937
v 0.847596 -0.092483 0.276937
v 0.847596 -0.039743 0.276937
v 0.847596 -0.092483 0.276937
v 0.847596 -0.092483 0.329737
v 0.125916 -0.321473 -0.123863
v 0.125916 -0.321473 -0.026363
v 0.333016 -0.407253 -0.026363
v 0.333016 -0.407253 -0.123863
v -0.081184 -0.407253 -0.123863
v -0.081184 -0.407253 -0.026363
v -0.166964 -0.614353 -0.123863
v -0.166964 -0.614353 -0.026363
v -0.081184 -0.821453 -0.123863
v -0.081184 -0.821453 -0.026363
v 0.125916 -0.907233 -0.123863
v 0.125916 -0.907233 -0.026363
v 0.333016 -0.821453 -0.123863
v 0.333016 -0.821453 -0.026363
v 0.418806 -0.614353 -0.123863
v 0.418806 -0.614353 -0.026363
v 0.125916 -0.321473 -0.123863
v 0.333016 -0.407253 -0.123863
v 0.125916 -0.614353 -0.123863
v -0.081184 -0.407253 -0.123863
v -0.166964 -0.614353 -0.123863
v -0.081184 -0.821453 -0.123863
v 0.125916 -0.907233 -0.123863
v 0.333016 -0.821453 -0.123863
v 0.418806 -0.614353 -0.123863
v 0.315216 -0.425063 -0.011562
v 0.125916 -0.346653 -0.011562
v 0.125916 -0.614353 -0.011562
v -0.063374 -0.425063 -0.011562
v -0.141784 -0.614353 -0.011562
v -0.063374 -0.803653 -0.011562
v 0.125916 -0.882053 -0.011562
v 0.315216 -0.803653 -0.011562
v 0.393616 -0.614353 -0.011562
v 0.193236 -0.227963 -0.585564
v 0.193236 -0.227963 -0.567263
v 0.091326 -0.227963 -0.567263
v 0.091326 -0.227963 -0.585564
v 0.210976 0.074897 -0.567364
v 0.210976 0.074897 -0.585564
v 0.073586 0.074897 -0.585564
v 0.073586 0.074897 -0.567364
v 0.196756 -0.167863 -0.585564
v 0.193236 -0.227963 -0.585564
v 0.091326 -0.227963 -0.585564
v 0.087806 -0.167863 -0.585564
v 0.196756 -0.167863 -0.585564
v 0.196756 -0.167863 -0.567364
v 0.193236 -0.227963 -0.567263
v 0.193236 -0.227963 -0.585564
v 0.091326 -0.227963 -0.585564
v 0.091326 -0.227963 -0.567263
v 0.087806 -0.167863 -0.567364
v 0.087806 -0.167863 -0.585564
v 0.196756 -0.167863 -0.567364
v 0.210976 0.074897 -0.567364
v 0.073586 0.074897 -0.567364
v 0.087806 -0.167863 -0.567364
v 0.073586 0.074897 -0.567364
v 0.073586 0.074897 -0.585564
v 0.210976 0.074897 -0.585564
v 0.210976 0.074897 -0.567364
v 0.193236 -0.227963 -0.549763
v 0.091326 -0.227963 -0.549763
v 0.196756 -0.167863 -0.549864
v 0.087806 -0.167863 -0.549864
v 0.208146 0.063307 -0.468863
v 0.208146 0.069397 -0.484663
v 0.076416 0.069397 -0.484663
v 0.076416 0.063307 -0.468863
v 0.076416 0.069397 -0.484663
v 0.208146 0.069397 -0.484663
v 0.196756 -0.167863 -0.567364
v 0.087806 -0.167863 -0.567364
v 0.076416 0.069397 -0.484663
v 0.208146 0.069397 -0.484663
v 0.228976 0.042117 -0.585663
v 0.228976 0.042117 -0.399363
v 0.210166 0.042117 -0.399363
v 0.210166 0.042117 -0.585663
v 0.228976 0.042117 -0.399363
v 0.228976 0.082777 -0.399363
v 0.210166 0.082777 -0.399363
v 0.210166 0.042117 -0.399363
v 0.228976 0.082777 -0.399363
v 0.228976 0.082777 -0.585663
v 0.210166 0.082777 -0.585663
v 0.210166 0.082777 -0.399363
v 0.228976 0.082777 -0.585663
v 0.228976 0.042117 -0.585663
v 0.210166 0.042117 -0.585663
v 0.210166 0.082777 -0.585663
v 0.228976 0.082777 -0.585663
v 0.228976 0.082777 -0.399363
v 0.210166 0.042117 -0.585663
v 0.210166 0.042117 -0.399363
v 0.074846 0.042117 -0.585663
v 0.074846 0.042117 -0.399363
v 0.056036 0.042117 -0.399363
v 0.056036 0.042117 -0.585663
v 0.074846 0.042117 -0.399363
v 0.074846 0.082777 -0.399363
v 0.056036 0.082777 -0.399363
v 0.056036 0.042117 -0.399363
v 0.074846 0.082777 -0.399363
v 0.074846 0.082777 -0.585663
v 0.056036 0.082777 -0.585663
v 0.056036 0.082777 -0.399363
v 0.074846 0.082777 -0.585663
v 0.074846 0.042117 -0.585663
v 0.056036 0.042117 -0.585663
v 0.056036 0.082777 -0.585663
v 0.074846 0.042117 -0.399363
v 0.074846 0.042117 -0.585663
v 0.056036 0.082777 -0.399363
v 0.056036 0.082777 -0.585663
v 0.066326 0.049747 -0.409464
v 0.218976 0.049747 -0.409464
v 0.218976 0.072117 -0.409464
v 0.066326 0.072117 -0.409464
v 0.066326 0.060927 -0.428864
v 0.218976 0.060927 -0.428864
v 0.218976 0.060927 -0.428864
v 0.066326 0.060927 -0.428864
v 0.066326 0.049747 -0.409464
v 0.066326 0.072117 -0.409464
v 0.066326 0.060927 -0.415863
v 0.066326 0.060927 -0.428864
v 0.218976 0.072117 -0.409464
v 0.218976 0.049747 -0.409464
v 0.218976 0.060927 -0.415863
v 0.218976 0.060927 -0.428864
v 0.143886 0.055557 -0.418364
v 0.143886 -0.023013 -0.286364
v 0.135936 -0.011173 -0.279364
v 0.135936 0.067397 -0.411364
v 0.151846 0.067397 -0.411364
v 0.151846 -0.011173 -0.279364
v 0.143886 -0.023013 -0.286364
v 0.143886 0.055557 -0.418364
v 0.143886 0.055557 -0.418364
v 0.135936 0.067397 -0.411364
v 0.143886 0.063457 -0.413664
v 0.151846 0.067397 -0.411364
v 0.135936 -0.011173 -0.279364
v 0.143886 -0.023013 -0.286364
v 0.143886 -0.015123 -0.281664
v 0.151846 -0.011173 -0.279364
v 0.169127 -0.027223 -0.314363
v 0.169127 -0.056203 -0.269863
v 0.116086 -0.056203 -0.269863
v 0.116086 -0.027223 -0.314363
v 0.169127 -0.056203 -0.269863
v 0.169127 -0.011773 -0.240864
v 0.116086 -0.011773 -0.240864
v 0.116086 -0.056203 -0.269863
v 0.169127 -0.011773 -0.240864
v 0.169127 0.017207 -0.285364
v 0.116086 0.017207 -0.285364
v 0.116086 -0.011773 -0.240864
v 0.169127 0.017207 -0.285364
v 0.169127 -0.027223 -0.314363
v 0.116086 -0.027223 -0.314363
v 0.116086 0.017207 -0.285364
v -0.555784 -0.305183 -0.586163
v -0.555784 -0.305183 -0.399963
v -0.564424 -0.321893 -0.399963
v -0.564424 -0.321893 -0.586163
v -0.555784 -0.305183 -0.399963
v -0.591894 -0.286493 -0.399963
v -0.600543 -0.303203 -0.399963
v -0.564424 -0.321893 -0.399963
v -0.591894 -0.286493 -0.399963
v -0.591894 -0.286493 -0.586163
v -0.600543 -0.303203 -0.586163
v -0.600543 -0.303203 -0.399963
v -0.591894 -0.286493 -0.586163
v -0.555784 -0.305183 -0.586163
v -0.564424 -0.321893 -0.586163
v -0.600543 -0.303203 -0.586163
v -0.591894 -0.286493 -0.586163
v -0.591894 -0.286493 -0.399963
v -0.564424 -0.321893 -0.586163
v -0.564424 -0.321893 -0.399963
v -0.607274 -0.404673 -0.586163
v -0.607274 -0.404673 -0.399963
v -0.615924 -0.421383 -0.399963
v -0.615924 -0.421383 -0.586163
v -0.607274 -0.404673 -0.399963
v -0.643384 -0.385983 -0.399963
v -0.652034 -0.402693 -0.399963
v -0.615924 -0.421383 -0.399963
v -0.643384 -0.385983 -0.399963
v -0.643384 -0.385983 -0.586163
v -0.652034 -0.402693 -0.586163
v -0.652034 -0.402693 -0.399963
v -0.643384 -0.385983 -0.586163
v -0.607274 -0.404673 -0.586163
v -0.615924 -0.421383 -0.586163
v -0.652034 -0.402693 -0.586163
v -0.607274 -0.404673 -0.399963
v -0.607274 -0.404673 -0.586163
v -0.652034 -0.402693 -0.399963
v -0.652034 -0.402693 -0.586163
v -0.300094 -0.451813 -0.586163
v -0.300094 -0.451813 -0.567863
v -0.346934 -0.542323 -0.567863
v -0.346934 -0.542323 -0.586163
v -0.560914 -0.296853 -0.567963
v -0.560914 -0.296853 -0.586163
v -0.624063 -0.418873 -0.586163
v -0.624063 -0.418873 -0.567963
v -0.351854 -0.421053 -0.586163
v -0.300094 -0.451813 -0.586163
v -0.346934 -0.542323 -0.586163
v -0.401934 -0.517823 -0.586163
v -0.351854 -0.421053 -0.586163
v -0.351854 -0.421053 -0.567963
v -0.300094 -0.451813 -0.567863
v -0.300094 -0.451813 -0.586163
v -0.346934 -0.542323 -0.586163
v -0.346934 -0.542323 -0.567863
v -0.401934 -0.517823 -0.567963
v -0.401934 -0.517823 -0.586163
v -0.351854 -0.421053 -0.567963
v -0.560914 -0.296853 -0.567963
v -0.624063 -0.418873 -0.567963
v -0.401934 -0.517823 -0.567963
v -0.624063 -0.418873 -0.567963
v -0.624063 -0.418873 -0.586163
v -0.560914 -0.296853 -0.586163
v -0.624063 -0.418873 -0.586163
v -0.560914 -0.296853 -0.586163
v -0.560914 -0.296853 -0.567963
v -0.300094 -0.451813 -0.550363
v -0.346934 -0.542323 -0.550363
v -0.351854 -0.421053 -0.550463
v -0.401934 -0.517823 -0.550463
v -0.551914 -0.304693 -0.469364
v -0.557324 -0.301893 -0.485264
v -0.617874 -0.418883 -0.485264
v -0.612464 -0.421683 -0.469364
v -0.617874 -0.418883 -0.485264
v -0.557324 -0.301893 -0.485264
v -0.351854 -0.421053 -0.567963
v -0.401934 -0.517823 -0.567963
v -0.617874 -0.418883 -0.485264
v -0.557324 -0.301893 -0.485264
v -0.626724 -0.425653 -0.410063
v -0.556564 -0.290093 -0.410063
v -0.576424 -0.279813 -0.410063
v -0.646594 -0.415373 -0.410063
v -0.636654 -0.420513 -0.429363
v -0.566494 -0.284953 -0.429363
v -0.566494 -0.284953 -0.429363
v -0.636654 -0.420513 -0.429363
v -0.626724 -0.425653 -0.410063
v -0.646594 -0.415373 -0.410063
v -0.636654 -0.420513 -0.416464
v -0.636654 -0.420513 -0.429363
v -0.576424 -0.279813 -0.410063
v -0.556564 -0.290093 -0.410063
v -0.566494 -0.284953 -0.416464
v -0.566494 -0.284953 -0.429363
v 0.876376 -0.041423 -0.550663
v 0.876376 -0.041423 -0.236263
v 0.902796 -0.087063 -0.236263
v 0.902796 -0.087063 -0.550663
v 0.850056 -0.087113 -0.550663
v 0.850056 -0.087113 -0.236263
v 0.850056 -0.087113 -0.236263
v 0.850056 -0.087113 -0.550663
v 0.876376 -0.041423 -0.550663
v 0.902796 -0.087063 -0.550663
v 0.850056 -0.087113 -0.550663
v 0.725646 0.054957 -0.594164
v 0.701886 0.013697 -0.594164
v 0.627326 0.049827 -0.593563
v 0.660036 0.106627 -0.593563
v 1.027746 0.056877 -0.594164
v 1.092526 0.107057 -0.593563
v 1.125356 0.050317 -0.593563
v 1.051596 0.015657 -0.594164
v 0.900416 -0.262313 -0.594164
v 0.909476 -0.332523 -0.593563
v 0.843926 -0.332603 -0.593563
v 0.852796 -0.262373 -0.594164
v 0.876376 -0.041423 -0.236263
v 0.850056 -0.087113 -0.236263
v 0.690386 0.030977 -0.537863
v 0.706426 0.058827 -0.537863
v 0.850036 -0.087173 -0.199263
v 0.669886 0.040887 -0.534063
v 0.876356 -0.041473 -0.199263
v 0.688306 0.072857 -0.534063
v 0.876376 -0.041423 -0.236263
v 0.706426 0.058827 -0.537863
v 1.046436 0.061027 -0.538063
v 1.063126 0.032187 -0.538063
v 0.902796 -0.087063 -0.236263
v 1.064326 0.074057 -0.534063
v 1.046436 0.061027 -0.538063
v 0.902766 -0.087123 -0.199263
v 1.083486 0.040947 -0.534063
v 0.902796 -0.087063 -0.236263
v 0.892236 -0.266793 -0.537964
v 0.861046 -0.266833 -0.537964
v 0.850056 -0.087113 -0.236263
v 0.894576 -0.284893 -0.534163
v 0.850036 -0.087173 -0.199263
v 0.858766 -0.284933 -0.534163
v 0.850056 -0.087113 -0.236263
v 0.861046 -0.266833 -0.537964
v 0.909476 -0.332523 -0.593563
v 0.900416 -0.262313 -0.594164
v 0.852796 -0.262373 -0.594164
v 0.852796 -0.262373 -0.594164
v 0.843926 -0.332603 -0.593563
v 0.627326 0.049827 -0.593563
v 0.701886 0.013697 -0.594164
v 0.725646 0.054957 -0.594164
v 0.725646 0.054957 -0.594164
v 0.660036 0.106627 -0.593563
v 1.125356 0.050317 -0.593563
v 1.092526 0.107057 -0.593563
v 1.027746 0.056877 -0.594164
v 1.027746 0.056877 -0.594164
v 1.051596 0.015657 -0.594164
v 0.850036 -0.087173 -0.199263
v 0.850006 -0.087233 0.299837
v 0.876326 -0.041532 0.299837
v 0.876356 -0.041473 -0.199263
v 0.902736 -0.087182 0.299837
v 0.902766 -0.087123 -0.199263
v 0.850006 -0.087233 0.299837
v 0.850036 -0.087173 -0.199263
v 0.902736 -0.087182 0.299837
v 0.876326 -0.041532 0.299837
v 0.850006 -0.087233 0.299837
v 0.533906 0.674867 -0.593763
v 0.582436 0.721297 -0.593964
v 0.605856 0.680827 -0.593964
v 0.550926 0.645467 -0.593763
v 0.445746 0.638217 -0.314962
v 0.544376 0.681847 -0.544764
v 0.556276 0.661277 -0.544764
v 0.446286 0.585477 -0.314962
v 0.445746 0.638217 -0.260763
v 0.562316 0.697757 -0.542664
v 0.446286 0.585477 -0.260763
v 0.575986 0.674137 -0.542664
v 0.446286 0.585477 -0.314962
v 0.556276 0.661277 -0.544764
v 0.605856 0.680827 -0.593964
v 0.582436 0.721297 -0.593964
v 0.533906 0.674867 -0.593763
v 0.550926 0.645467 -0.593763
v 0.550926 0.645467 -0.593763
v 0.445746 0.638217 -0.260763
v 0.445746 0.638217 -0.314962
v 0.446286 0.585477 -0.314962
v 0.446286 0.585477 -0.260763
v 0.120776 -0.637013 -0.550663
v 0.120776 -0.637013 -0.286364
v 0.094366 -0.591373 -0.286364
v 0.094366 -0.591373 -0.550663
v 0.147096 -0.591323 -0.550663
v 0.147096 -0.591323 -0.286364
v 0.094366 -0.591373 -0.550663
v 0.094366 -0.591373 -0.286364
v 0.120776 -0.637013 -0.550663
v 0.094366 -0.591373 -0.550663
v 0.147096 -0.591323 -0.550663
v 0.271506 -0.733393 -0.594164
v 0.295276 -0.692133 -0.594164
v 0.369836 -0.728273 -0.593563
v 0.337116 -0.785063 -0.593563
v -0.030594 -0.735303 -0.594164
v -0.095364 -0.785483 -0.593563
v -0.128194 -0.728753 -0.593563
v -0.054444 -0.694093 -0.594164
v 0.096746 -0.416123 -0.594164
v 0.087676 -0.345913 -0.593563
v 0.153226 -0.345833 -0.593563
v 0.144356 -0.416063 -0.594164
v 0.120776 -0.637013 -0.286364
v 0.147096 -0.591323 -0.286364
v 0.306776 -0.709413 -0.537863
v 0.290726 -0.737263 -0.537863
v 0.147096 -0.591323 -0.286364
v 0.147096 -0.591123 -0.249163
v 0.327276 -0.719323 -0.534063
v 0.306776 -0.709413 -0.537863
v 0.120776 -0.636823 -0.249163
v 0.308846 -0.751293 -0.534063
v -0.049284 -0.739463 -0.538063
v -0.065964 -0.710623 -0.538063
v 0.094366 -0.591373 -0.286364
v -0.067174 -0.752493 -0.534063
v 0.094366 -0.591183 -0.249163
v -0.086334 -0.719383 -0.534063
v 0.094366 -0.591373 -0.286364
v -0.065964 -0.710623 -0.538063
v 0.094366 -0.591373 -0.286364
v 0.104916 -0.411643 -0.537964
v 0.136106 -0.411603 -0.537964
v 0.094366 -0.591183 -0.249163
v 0.102586 -0.393543 -0.534163
v 0.138396 -0.393503 -0.534163
v 0.136106 -0.411603 -0.537964
v 0.087676 -0.345913 -0.593563
v 0.096746 -0.416123 -0.594164
v 0.144356 -0.416063 -0.594164
v 0.144356 -0.416063 -0.594164
v 0.153226 -0.345833 -0.593563
v 0.369836 -0.728273 -0.593563
v 0.295276 -0.692133 -0.594164
v 0.295276 -0.692133 -0.594164
v 0.271506 -0.733393 -0.594164
v 0.337116 -0.785063 -0.593563
v -0.128194 -0.728753 -0.593563
v -0.095364 -0.785483 -0.593563
v -0.030594 -0.735303 -0.594164
v -0.054444 -0.694093 -0.594164
v -0.054444 -0.694093 -0.594164
v 0.147076 -0.590993 -0.095564
v 0.094346 -0.591043 -0.095564
v 0.120756 -0.636683 -0.095564
v 0.147096 -0.591123 -0.249163
v 0.147076 -0.590993 -0.095564
v 0.120756 -0.636683 -0.095564
v 0.120776 -0.636823 -0.249163
v 0.094346 -0.591043 -0.095564
v 0.094366 -0.591183 -0.249163
v 0.094366 -0.591183 -0.249163
v 0.094346 -0.591043 -0.095564
v -0.288544 -0.053663 -0.550663
v -0.288544 -0.053663 -0.236263
v -0.314954 -0.008023 -0.236263
v -0.314954 -0.008023 -0.550663
v -0.262214 -0.007973 -0.550663
v -0.262214 -0.007973 -0.236263
v -0.288544 -0.053663 -0.236263
v -0.288544 -0.053663 -0.550663
v -0.288544 -0.053663 -0.550663
v -0.314954 -0.008023 -0.550663
v -0.262214 -0.007973 -0.550663
v -0.137814 -0.150043 -0.594164
v -0.114044 -0.108783 -0.594164
v -0.039484 -0.144913 -0.593563
v -0.072204 -0.201713 -0.593563
v -0.439914 -0.151953 -0.594164
v -0.504683 -0.202133 -0.593563
v -0.537514 -0.145403 -0.593563
v -0.463754 -0.110743 -0.594164
v -0.312574 0.167237 -0.594164
v -0.321634 0.237447 -0.593563
v -0.256094 0.237517 -0.593563
v -0.264954 0.167287 -0.594164
v -0.288544 -0.053663 -0.236263
v -0.262214 -0.007973 -0.236263
v -0.102544 -0.126063 -0.537863
v -0.118594 -0.153913 -0.537863
v -0.262314 -0.008533 -0.199263
v -0.082044 -0.135963 -0.534063
v -0.288644 -0.054223 -0.199263
v -0.100464 -0.167943 -0.534063
v -0.288544 -0.053663 -0.236263
v -0.118594 -0.153913 -0.537863
v -0.458594 -0.156113 -0.538063
v -0.475284 -0.127273 -0.538063
v -0.314954 -0.008023 -0.236263
v -0.288644 -0.054223 -0.199263
v -0.476494 -0.169143 -0.534063
v -0.458594 -0.156113 -0.538063
v -0.315054 -0.008583 -0.199263
v -0.495654 -0.136033 -0.534063
v -0.314954 -0.008023 -0.236263
v -0.304404 0.171717 -0.537964
v -0.273214 0.171747 -0.537964
v -0.262214 -0.007973 -0.236263
v -0.306734 0.189807 -0.534163
v -0.262314 -0.008533 -0.199263
v -0.270924 0.189847 -0.534163
v -0.262214 -0.007973 -0.236263
v -0.273214 0.171747 -0.537964
v -0.321634 0.237447 -0.593563
v -0.312574 0.167237 -0.594164
v -0.264954 0.167287 -0.594164
v -0.264954 0.167287 -0.594164
v -0.256094 0.237517 -0.593563
v -0.039484 -0.144913 -0.593563
v -0.114044 -0.108783 -0.594164
v -0.137814 -0.150043 -0.594164
v -0.137814 -0.150043 -0.594164
v -0.072204 -0.201713 -0.593563
v -0.537514 -0.145403 -0.593563
v -0.504683 -0.202133 -0.593563
v -0.439914 -0.151953 -0.594164
v -0.439914 -0.151953 -0.594164
v -0.463754 -0.110743 -0.594164
v -0.262414 -0.009093 0.067636
v -0.315144 -0.009143 0.067636
v -0.288734 -0.054793 0.067636
v -0.262314 -0.008533 -0.199263
v -0.262414 -0.009093 0.067636
v -0.288734 -0.054793 0.067636
v -0.288644 -0.054223 -0.199263
v -0.288644 -0.054223 -0.199263
v -0.288734 -0.054793 0.067636
v -0.315144 -0.009143 0.067636
v -0.315054 -0.008583 -0.199263
v -0.354014 0.680827 -0.593964
v -0.330594 0.721297 -0.593964
v -0.282073 0.674867 -0.593763
v -0.299084 0.645467 -0.593763
v -0.304434 0.661277 -0.544764
v -0.292534 0.681847 -0.544764
v -0.193904 0.638217 -0.314962
v -0.194454 0.585477 -0.314962
v -0.310484 0.697757 -0.542664
v -0.193904 0.638217 -0.260763
v -0.324154 0.674137 -0.542664
v -0.194454 0.585477 -0.260763
v -0.304434 0.661277 -0.544764
v -0.194454 0.585477 -0.314962
v -0.330594 0.721297 -0.593964
v -0.354014 0.680827 -0.593964
v -0.282073 0.674867 -0.593763
v -0.299084 0.645467 -0.593763
v -0.299084 0.645467 -0.593763
v -0.194454 0.585477 -0.314962
v -0.193904 0.638217 -0.314962
v -0.193904 0.638217 -0.260763
v -0.194454 0.585477 -0.260763
v -0.539034 0.131647 -0.550663
v -0.539034 0.131647 -0.236263
v -0.489884 0.112527 -0.236263
v -0.489884 0.112527 -0.550663
v -0.531024 0.079527 -0.550663
v -0.531024 0.079527 -0.236263
v -0.531024 0.079527 -0.236263
v -0.531024 0.079527 -0.550663
v -0.539034 0.131647 -0.550663
v -0.489884 0.112527 -0.550663
v -0.531024 0.079527 -0.550663
v -0.716934 0.112667 -0.594164
v -0.709694 0.065607 -0.594164
v -0.790484 0.047207 -0.593563
v -0.800444 0.111997 -0.593563
v -0.482304 0.302987 -0.594164
v -0.463104 0.382637 -0.593563
v -0.402024 0.358877 -0.593563
v -0.437934 0.285717 -0.594164
v -0.382204 -0.025763 -0.594164
v -0.331244 -0.074903 -0.593563
v -0.382364 -0.115933 -0.593563
v -0.419344 -0.055573 -0.594164
v -0.539034 0.131647 -0.236263
v -0.531024 0.079527 -0.236263
v -0.729474 0.071907 -0.537863
v -0.734354 0.103677 -0.537863
v -0.531024 0.079527 -0.236263
v -0.531723 0.079987 -0.199263
v -0.751664 0.066827 -0.534063
v -0.729474 0.071907 -0.537863
v -0.539734 0.132117 -0.199263
v -0.757274 0.103307 -0.534063
v -0.470314 0.317907 -0.538063
v -0.439264 0.305827 -0.538063
v -0.489884 0.112527 -0.236263
v -0.464494 0.339257 -0.534063
v -0.490594 0.112987 -0.199263
v -0.428843 0.325387 -0.534063
v -0.489884 0.112527 -0.236263
v -0.439264 0.305827 -0.538063
v -0.385784 -0.034373 -0.537964
v -0.410114 -0.053893 -0.537964
v -0.531024 0.079527 -0.236263
v -0.372653 -0.047033 -0.534163
v -0.385784 -0.034373 -0.537964
v -0.531723 0.079987 -0.199263
v -0.400584 -0.069453 -0.534163
v -0.331244 -0.074903 -0.593563
v -0.382204 -0.025763 -0.594164
v -0.382204 -0.025763 -0.594164
v -0.419344 -0.055573 -0.594164
v -0.382364 -0.115933 -0.593563
v -0.790484 0.047207 -0.593563
v -0.709694 0.065607 -0.594164
v -0.709694 0.065607 -0.594164
v -0.716934 0.112667 -0.594164
v -0.800444 0.111997 -0.593563
v -0.402024 0.358877 -0.593563
v -0.463104 0.382637 -0.593563
v -0.482304 0.302987 -0.594164
v -0.437934 0.285717 -0.594164
v -0.437934 0.285717 -0.594164
v -0.502114 0.124918 0.744738
v -0.489364 0.135147 0.744738
v -0.504594 0.141077 0.744738
v -0.531723 0.079987 -0.199263
v -0.502114 0.124918 0.744738
v -0.504594 0.141077 0.744738
v -0.539734 0.132117 -0.199263
v -0.489364 0.135147 0.744738
v -0.490594 0.112987 -0.199263
v -0.502114 0.124918 0.744738
v -0.531723 0.079987 -0.199263
v -0.608234 -0.322973 -0.550663
v -0.608234 -0.322973 -0.236263
v -0.581824 -0.368613 -0.236263
v -0.581824 -0.368613 -0.550663
v -0.634554 -0.368663 -0.550663
v -0.634554 -0.368663 -0.236263
v -0.581824 -0.368613 -0.550663
v -0.581824 -0.368613 -0.236263
v -0.608234 -0.322973 -0.550663
v -0.581824 -0.368613 -0.550663
v -0.634554 -0.368663 -0.550663
v -0.616364 -0.352903 0.524736
v -0.600014 -0.352883 0.524736
v -0.608204 -0.338733 0.524736
v -0.758964 -0.226593 -0.594164
v -0.782724 -0.267853 -0.594164
v -0.857294 -0.231723 -0.593563
v -0.824574 -0.174923 -0.593563
v -0.456864 -0.224683 -0.594164
v -0.392084 -0.174503 -0.593563
v -0.359264 -0.231233 -0.593563
v -0.433014 -0.265893 -0.594164
v -0.584204 -0.543863 -0.594164
v -0.575134 -0.614073 -0.593563
v -0.640684 -0.614153 -0.593563
v -0.631814 -0.543923 -0.594164
v -0.634554 -0.368663 -0.199263
v -0.616364 -0.352903 0.524736
v -0.608204 -0.338733 0.524736
v -0.608234 -0.322973 -0.199263
v -0.600014 -0.352883 0.524736
v -0.581824 -0.368613 -0.199263
v -0.581824 -0.368613 -0.199263
v -0.600014 -0.352883 0.524736
v -0.608234 -0.322973 -0.236263
v -0.634554 -0.368663 -0.236263
v -0.794224 -0.250573 -0.537863
v -0.778184 -0.222723 -0.537863
v -0.634554 -0.368663 -0.199263
v -0.814723 -0.240673 -0.534063
v -0.608234 -0.322973 -0.199263
v -0.796304 -0.208693 -0.534063
v -0.608234 -0.322973 -0.236263
v -0.778184 -0.222723 -0.537863
v -0.608234 -0.322973 -0.236263
v -0.438174 -0.220523 -0.538063
v -0.421484 -0.249363 -0.538063
v -0.581824 -0.368613 -0.236263
v -0.608234 -0.322973 -0.199263
v -0.420284 -0.207493 -0.534063
v -0.581824 -0.368613 -0.199263
v -0.401124 -0.240603 -0.534063
v -0.581824 -0.368613 -0.236263
v -0.421484 -0.249363 -0.538063
v -0.592374 -0.548343 -0.537964
v -0.623564 -0.548383 -0.537964
v -0.590034 -0.566443 -0.534162
v -0.592374 -0.548343 -0.537964
v -0.634554 -0.368663 -0.199263
v -0.625844 -0.566483 -0.534162
v -0.575134 -0.614073 -0.593563
v -0.584204 -0.543863 -0.594164
v -0.584204 -0.543863 -0.594164
v -0.631814 -0.543923 -0.594164
v -0.640684 -0.614153 -0.593563
v -0.857294 -0.231723 -0.593563
v -0.782724 -0.267853 -0.594164
v -0.758964 -0.226593 -0.594164
v -0.758964 -0.226593 -0.594164
v -0.824574 -0.174923 -0.593563
v -0.359264 -0.231233 -0.593563
v -0.392084 -0.174503 -0.593563
v -0.456864 -0.224683 -0.594164
v -0.433014 -0.265893 -0.594164
v -0.433014 -0.265893 -0.594164
vn 0.4945 0.8246 0.2748
vn 0.4946 0.8245 0.2748
vn 0.8578 0.4565 0.2361
vn 0.8579 0.4565 0.2361
vn 0.2600 0.9300 0.2600
vn 0.2600 0.9299 0.2601
vn -0.4958 0.8581 0.1338
vn -0.4959 0.8580 0.1339
vn 0.2601 0.9299 0.2601
vn -0.8588 0.5122 -0.0000
vn -0.8589 0.5122 -0.0000
vn -0.9561 0.2844 -0.0712
vn -0.9561 0.2844 -0.0711
vn -0.9551 -0.2210 -0.1974
vn -0.9551 -0.2210 -0.1973
vn -0.4948 -0.8244 -0.2749
vn -0.4947 -0.8245 -0.2748
vn -0.2601 -0.9299 -0.2601
vn -0.2600 -0.9299 -0.2600
vn 0.4960 -0.8579 -0.1338
vn 0.4960 -0.8580 -0.1338
vn 0.8589 -0.5121 -0.0000
vn 0.8589 -0.5122 0.0001
vn 0.9561 -0.2844 0.0711
vn 0.9561 -0.2844 0.0712
vn 0.1421 0.2289 -0.9630
vn 0.1421 0.2290 -0.9630
vn 0.1420 0.2290 -0.9630
vn 0.1420 0.2289 -0.9630
vn 0.1421 0.2288 -0.9630
vn -0.1420 -0.2289 0.9630
vn -0.1421 -0.2289 0.9630
vn -0.1422 -0.2289 0.9630
vn -0.1421 -0.2288 0.9630
vn -0.1420 -0.2290 0.9630
vn -0.1421 -0.2290 0.9630
vn 0.8574 0.4572 0.2362
vn 0.7021 0.6627 0.2604
vn 0.7022 0.6627 0.2603
vn -0.0000 0.9715 0.2369
vn 0.0001 0.9715 0.2369
vn -0.2604 0.9467 0.1894
vn -0.2603 0.9468 0.1893
vn -0.7014 0.7092 0.0709
vn -0.9560 0.2845 -0.0711
vn -0.9551 -0.2211 -0.1973
vn -0.4947 -0.8244 -0.2749
vn -0.2600 -0.9299 -0.2601
vn 0.2604 -0.9467 -0.1893
vn 0.2604 -0.9467 -0.1894
vn 0.7014 -0.7092 -0.0709
vn 0.7014 -0.7092 -0.0710
vn 0.4944 0.8246 0.2749
vn 0.4947 0.8245 0.2748
vn 0.8578 0.4565 0.2362
vn 0.2565 0.9310 0.2599
vn -0.2604 0.9468 0.1893
vn -0.8576 0.5142 0.0007
vn -0.9561 0.2844 -0.0710
vn -0.9558 0.2848 -0.0729
vn -0.8574 -0.4573 -0.2362
vn -0.8578 -0.4566 -0.2362
vn -0.7021 -0.6628 -0.2603
vn -0.7017 -0.6621 -0.2630
vn 0.0005 -0.9715 -0.2368
vn -0.0000 -0.9715 -0.2369
vn 0.2603 -0.9468 -0.1893
vn 0.2604 -0.9468 -0.1893
vn 0.7014 -0.7093 -0.0709
vn 0.9560 -0.2845 0.0712
vn 0.9558 -0.2849 0.0730
vn 0.1735 0.2445 -0.9540
vn 0.1575 0.2599 -0.9527
vn 0.7022 0.6627 0.2604
vn 0.1418 0.2678 -0.9530
vn -0.0000 0.9715 0.2370
vn 0.1256 0.2591 -0.9576
vn -0.2603 0.9468 0.1894
vn 0.1103 0.2522 -0.9614
vn 0.1021 0.2357 -0.9664
vn 0.1104 0.2131 -0.9708
vn 0.1262 0.2051 -0.9706
vn 0.1420 0.1971 -0.9700
vn -0.2601 -0.9299 -0.2600
vn 0.1574 0.1966 -0.9678
vn 0.1734 0.2128 -0.9616
vn 0.1804 0.2275 -0.9569
vn 0.9560 -0.2845 0.0711
vn -0.1262 -0.2051 0.9706
vn -0.1105 -0.2130 0.9708
vn 0.2601 0.9299 0.2600
vn -0.1419 -0.1971 0.9701
vn -0.1571 -0.2042 0.9662
vn -0.1734 -0.2128 0.9616
vn -0.1729 -0.2278 0.9582
vn -0.8579 -0.4564 -0.2361
vn -0.1735 -0.2444 0.9540
vn -0.7022 -0.6627 -0.2604
vn -0.1575 -0.2599 0.9527
vn -0.0001 -0.9715 -0.2370
vn -0.1418 -0.2678 0.9530
vn 0.2604 -0.9468 -0.1894
vn -0.1256 -0.2591 0.9577
vn 0.7014 -0.7093 -0.0710
vn -0.1103 -0.2521 0.9614
vn 0.9561 -0.2845 0.0711
vn -0.1098 -0.2356 0.9656
vn 0.7066 0.6673 0.2355
vn 0.7065 0.6673 0.2356
vn 0.8658 0.4723 0.1653
vn 0.8659 0.4722 0.1652
vn -0.0001 0.9414 0.3373
vn -0.0000 0.9414 0.3374
vn -0.2591 0.9107 0.3218
vn -0.2591 0.9106 0.3219
vn -0.8657 0.4724 0.1653
vn -0.8658 0.4722 0.1653
vn -1.0000 -0.0000 -0.0000
vn -1.0000 -0.0001 -0.0000
vn -0.8659 -0.4721 -0.1653
vn -0.8658 -0.4723 -0.1653
vn -0.7065 -0.6673 -0.2356
vn -0.7065 -0.6674 -0.2355
vn 0.0001 -0.9414 -0.3374
vn -0.0001 -0.9414 -0.3373
vn 0.2591 -0.9106 -0.3219
vn 0.2591 -0.9107 -0.3218
vn 0.8659 -0.4722 -0.1653
vn 0.8658 -0.4722 -0.1653
vn 0.9661 -0.2435 -0.0864
vn 0.9661 -0.2434 -0.0863
vn -0.0000 0.3374 -0.9414
vn 0.0001 0.3373 -0.9414
vn -0.0000 0.3373 -0.9414
vn -0.0001 0.3374 -0.9414
vn -0.0000 -0.3373 0.9414
vn 0.0001 -0.3373 0.9414
vn -0.0001 -0.3373 0.9414
vn -0.0001 -0.3374 0.9414
vn 0.8661 0.4718 0.1651
vn 0.8658 0.4722 0.1653
vn 0.7065 0.6673 0.2355
vn -0.0000 0.9414 0.3373
vn 0.0003 0.9414 0.3373
vn -0.4957 0.8183 0.2911
vn -0.4957 0.8182 0.2911
vn -0.7066 0.6673 0.2355
vn -0.9661 0.2434 0.0865
vn -0.9660 0.2435 0.0864
vn -0.8658 -0.4722 -0.1653
vn -0.7065 -0.6673 -0.2355
vn -0.7066 -0.6673 -0.2356
vn -0.0000 -0.9414 -0.3373
vn -0.0000 -0.9414 -0.3374
vn 0.8658 -0.4723 -0.1654
vn 1.0000 -0.0001 -0.0001
vn 1.0000 -0.0000 -0.0000
vn 0.4996 0.8162 0.2904
vn 0.5015 0.8151 0.2900
vn 0.7066 0.6673 0.2356
vn 0.2591 0.9106 0.3219
vn -0.2591 0.9103 0.3227
vn -0.7066 0.6673 0.2356
vn -0.7066 0.6668 0.2369
vn -0.9661 0.2434 0.0864
vn -0.9661 0.2433 0.0866
vn -0.8659 -0.4721 -0.1652
vn -0.7065 -0.6667 -0.2373
vn 0.2591 -0.9100 -0.3238
vn 0.7066 -0.6673 -0.2355
vn 0.7066 -0.6665 -0.2376
vn 1.0000 -0.0004 -0.0001
vn 0.0315 0.3536 -0.9349
vn 0.0159 0.3631 -0.9316
vn 0.0001 0.3701 -0.9290
vn -0.0158 0.3632 -0.9316
vn -0.0314 0.3536 -0.9349
vn -0.7065 0.6673 0.2356
vn -0.0392 0.3371 -0.9407
vn -0.9661 0.2435 0.0864
vn -0.0316 0.3161 -0.9482
vn -0.0158 0.3067 -0.9517
vn -0.0000 0.2996 -0.9541
vn 0.0001 -0.9414 -0.3373
vn 0.0157 0.3067 -0.9517
vn 0.0316 0.3160 -0.9482
vn 0.8658 -0.4723 -0.1652
vn 0.0392 0.3371 -0.9407
vn 0.5016 0.8151 0.2899
vn 0.0157 -0.3067 0.9517
vn 0.0316 -0.3160 0.9482
vn 0.2591 0.9106 0.3218
vn 0.0001 -0.2996 0.9541
vn -0.2590 0.9107 0.3219
vn -0.0158 -0.3067 0.9517
vn -0.7065 0.6674 0.2355
vn -0.0316 -0.3160 0.9482
vn -0.0314 -0.3372 0.9409
vn -0.0315 -0.3535 0.9349
vn -0.0158 -0.3632 0.9316
vn -0.0000 -0.3701 0.9290
vn 0.2590 -0.9106 -0.3219
vn 0.0158 -0.3632 0.9316
vn 0.0315 -0.3536 0.9349
vn 0.0314 -0.3371 0.9409
vn 0.8658 0.4723 0.1654
vn 0.8658 0.4723 0.1652
vn 0.2590 0.9107 0.3218
vn 0.2590 0.9106 0.3219
vn -0.5016 0.8150 0.2900
vn 0.2591 0.9107 0.3218
vn -0.9661 0.2434 0.0863
vn -0.9661 -0.2434 -0.0864
vn -0.9661 -0.2435 -0.0864
vn -0.0100 -0.9421 -0.3351
vn 0.8660 -0.4719 -0.1652
vn 0.9661 -0.2434 -0.0864
vn 0.0001 -0.3374 0.9414
vn -0.0000 -0.3374 0.9414
vn 0.7066 0.6666 0.2373
vn 0.7065 0.6674 0.2355
vn -0.8658 0.4723 0.1653
vn -1.0000 0.0002 0.0001
vn -0.9660 -0.2435 -0.0864
vn -0.4957 -0.8183 -0.2911
vn 0.4957 -0.8183 -0.2911
vn 0.4957 -0.8182 -0.2911
vn 0.7065 0.6666 0.2375
vn -0.0003 0.9414 0.3374
vn -0.5000 0.8159 0.2903
vn -0.7066 0.6667 0.2373
vn -1.0000 0.0001 0.0001
vn -0.9660 -0.2436 -0.0863
vn -0.9660 -0.2434 -0.0867
vn -0.7065 -0.6667 -0.2374
vn -0.2593 -0.9106 -0.3218
vn -0.2591 -0.9106 -0.3219
vn 0.4999 -0.8160 -0.2903
vn 0.5015 -0.8151 -0.2900
vn -0.2591 -0.9107 -0.3218
vn 0.8659 -0.4721 -0.1652
vn 0.8658 -0.4723 -0.1653
vn 0.9661 -0.2435 -0.0863
vn 0.9661 -0.2434 -0.0866
vn 0.0315 0.3535 -0.9349
vn 0.0158 0.3632 -0.9316
vn -0.0000 0.3701 -0.9290
vn -0.0157 0.3632 -0.9316
vn -0.0315 0.3535 -0.9349
vn -0.0392 0.3371 -0.9406
vn -0.4956 -0.8183 -0.2911
vn 0.0317 0.3160 -0.9482
vn 0.0317 -0.3160 0.9482
vn 0.0001 0.9414 0.3373
vn -0.0000 -0.2996 0.9541
vn -0.4956 0.8183 0.2911
vn -0.7065 0.6673 0.2355
vn -1.0000 0.0001 -0.0000
vn -0.0315 -0.3536 0.9349
vn -0.2590 -0.9107 -0.3219
vn 0.0001 -0.3701 0.9290
vn 0.5016 -0.8151 -0.2900
vn 0.0314 -0.3536 0.9349
vn 0.9660 -0.2435 -0.0864
vn 0.7090 0.6698 0.2206
vn 0.7090 0.6697 0.2207
vn 0.7091 0.6697 0.2207
vn 0.7091 0.6697 0.2206
vn -0.0000 0.9518 0.3067
vn -0.0000 0.9518 0.3068
vn -0.2591 0.9186 0.2983
vn -0.2590 0.9186 0.2984
vn -0.7091 0.6697 0.2206
vn -1.0000 -0.0001 -0.0001
vn -1.0000 -0.0000 0.0001
vn -0.9667 -0.2437 -0.0787
vn -0.9667 -0.2437 -0.0786
vn -0.7091 -0.6697 -0.2206
vn -0.7091 -0.6698 -0.2206
vn -0.0000 -0.9518 -0.3068
vn -0.0062 -0.9522 -0.3054
vn 0.2591 -0.9186 -0.2984
vn 0.2591 -0.9186 -0.2983
vn 0.0044 -0.9515 -0.3077
vn 0.7091 -0.6697 -0.2206
vn 1.0000 -0.0000 -0.0001
vn 1.0000 -0.0001 -0.0000
vn 0.0001 0.3068 -0.9518
vn -0.0000 0.3067 -0.9518
vn -0.0000 0.3068 -0.9518
vn -0.0001 0.3068 -0.9518
vn -0.0001 0.3067 -0.9518
vn -0.0000 -0.3068 0.9518
vn -0.0000 -0.3067 0.9518
vn -0.0002 -0.3067 0.9518
vn 0.0002 -0.3066 0.9518
vn -0.0000 -0.3069 0.9518
vn -0.0003 -0.3066 0.9518
vn 0.0001 -0.3068 0.9518
vn 0.7091 0.6697 0.2205
vn 0.5016 0.8230 0.2665
vn 0.4958 0.8262 0.2675
vn 0.0001 0.9518 0.3067
vn -0.2592 0.9186 0.2983
vn -0.8680 0.4735 0.1500
vn -0.8680 0.4734 0.1499
vn -1.0000 -0.0000 -0.0001
vn -0.8680 -0.4735 -0.1500
vn -0.8680 -0.4734 -0.1500
vn -0.4957 -0.8262 -0.2675
vn -0.5017 -0.8230 -0.2665
vn 0.0001 -0.9518 -0.3068
vn 0.2590 -0.9186 -0.2984
vn 0.8680 0.4734 0.1499
vn 0.8680 0.4735 0.1499
vn -0.0004 0.9518 0.3068
vn -0.4997 0.8240 0.2669
vn -0.5016 0.8230 0.2665
vn -0.9667 0.2436 0.0786
vn -0.9667 0.2436 0.0785
vn -0.9667 -0.2437 -0.0785
vn -0.5001 -0.8239 -0.2668
vn -0.5016 -0.8230 -0.2665
vn -0.2585 -0.9188 -0.2984
vn -0.2591 -0.9186 -0.2983
vn 0.4998 -0.8240 -0.2668
vn 0.4958 -0.8262 -0.2675
vn 0.7091 -0.6698 -0.2206
vn 0.0157 0.3139 -0.9493
vn 0.0079 0.3234 -0.9462
vn -0.0000 0.3234 -0.9463
vn -0.0078 0.3234 -0.9462
vn -0.0157 0.3139 -0.9493
vn -0.8680 0.4735 0.1499
vn -0.0158 0.2996 -0.9539
vn -0.8680 -0.4735 -0.1499
vn -0.0080 0.2924 -0.9563
vn -0.4957 -0.8263 -0.2675
vn -0.0000 0.2924 -0.9563
vn 0.0079 0.2924 -0.9563
vn 0.0158 0.2996 -0.9539
vn 0.0158 0.3067 -0.9517
vn 0.0079 -0.2996 0.9540
vn 0.0158 -0.2995 0.9540
vn 0.0001 0.9518 0.3068
vn -0.0000 -0.2924 0.9563
vn -0.5017 0.8230 0.2665
vn -0.0079 -0.2996 0.9540
vn -0.0158 -0.2996 0.9539
vn -0.0158 -0.3138 0.9494
vn -0.0079 -0.3162 0.9487
vn -0.2591 -0.9186 -0.2984
vn -0.0000 -0.3234 0.9463
vn 0.4957 -0.8262 -0.2676
vn 0.0079 -0.3163 0.9486
vn 0.0157 -0.3139 0.9493
vn 0.0158 -0.3067 0.9517
vn -0.8673 0.0315 -0.4967
vn -0.8673 0.0316 -0.4967
vn -0.7066 0.0393 -0.7066
vn -0.7065 0.0392 -0.7066
vn -0.9657 0.0157 -0.2591
vn -0.8673 -0.0316 0.4967
vn -0.8674 -0.0315 0.4967
vn -0.4964 -0.0473 0.8668
vn -0.4965 -0.0472 0.8668
vn -0.2607 -0.0554 0.9638
vn -0.2606 -0.0552 0.9639
vn 0.4964 -0.0473 0.8668
vn 0.7066 -0.0393 0.7065
vn 0.7066 -0.0392 0.7065
vn 0.9657 -0.0158 0.2590
vn 0.9657 -0.0157 0.2591
vn 0.8673 0.0315 -0.4967
vn 0.8673 0.0316 -0.4968
vn 0.4965 0.0472 -0.8668
vn 0.4964 0.0473 -0.8668
vn 0.2607 0.0552 -0.9638
vn 0.2607 0.0553 -0.9638
vn -0.0000 -0.9985 -0.0550
vn -0.0000 -0.9985 -0.0551
vn -0.0000 -0.9985 -0.0554
vn 0.0001 -0.9985 -0.0550
vn -0.0001 -0.9985 -0.0550
vn 0.0001 -0.9985 -0.0551
vn -0.0000 0.9985 0.0550
vn -0.0002 0.9985 0.0552
vn -0.0000 0.9985 0.0554
vn -0.0001 0.9985 0.0550
vn 0.0003 0.9985 0.0551
vn 0.0001 0.9985 0.0550
vn -0.0000 0.9985 0.0551
vn 0.0001 0.9985 0.0551
vn 0.0002 0.9985 0.0550
vn -0.7066 0.0392 -0.7066
vn -0.7065 0.0388 -0.7066
vn -0.8673 0.0315 -0.4968
vn -0.9657 0.0157 -0.2590
vn -0.9657 0.0156 -0.2591
vn -0.9657 -0.0157 0.2591
vn -0.9657 -0.0158 0.2591
vn -0.7065 -0.0392 0.7066
vn -0.7065 -0.0393 0.7066
vn -0.2607 -0.0553 0.9638
vn -0.2608 -0.0553 0.9638
vn 0.5024 -0.0471 0.8634
vn 0.7066 -0.0393 0.7066
vn 0.9657 0.0157 -0.2592
vn 0.9657 0.0156 -0.2591
vn 0.7065 0.0393 -0.7066
vn 0.7066 0.0392 -0.7065
vn -0.0000 0.0549 -0.9985
vn 0.0002 0.0550 -0.9985
vn -0.7065 0.0393 -0.7066
vn -0.7066 0.0390 -0.7066
vn -0.5023 0.0471 -0.8634
vn -1.0000 -0.0000 0.0009
vn -0.9657 -0.0156 0.2591
vn -0.9657 -0.0142 0.2592
vn -0.4998 -0.0471 0.8649
vn -0.4965 -0.0473 0.8668
vn -0.2588 -0.0553 0.9644
vn 0.4995 -0.0471 0.8650
vn 0.5023 -0.0471 0.8634
vn 0.7065 -0.0392 0.7066
vn 0.7066 -0.0390 0.7065
vn 1.0000 -0.0000 0.0010
vn 0.9657 0.0157 -0.2591
vn 0.9657 0.0142 -0.2592
vn 0.5003 0.0472 -0.8645
vn 0.5023 0.0471 -0.8634
vn 0.2607 0.0554 -0.9638
vn -0.0158 -0.9961 -0.0870
vn -0.0314 -0.9970 -0.0707
vn -0.8673 0.0316 -0.4968
vn -0.0393 -0.9977 -0.0550
vn -0.9657 0.0158 -0.2591
vn -0.0315 -0.9987 -0.0393
vn -0.0158 -0.9996 -0.0236
vn -0.7066 -0.0392 0.7066
vn -0.0000 -0.9999 -0.0157
vn 0.0157 -0.9996 -0.0235
vn 0.4965 -0.0472 0.8668
vn 0.0315 -0.9987 -0.0393
vn 0.0393 -0.9977 -0.0549
vn 0.0315 -0.9970 -0.0707
vn 0.0158 -0.9961 -0.0870
vn 0.7066 0.0393 -0.7066
vn -0.0000 -0.9955 -0.0948
vn -0.0001 0.0551 -0.9985
vn -0.7066 0.0392 -0.7065
vn -0.0315 0.9987 0.0393
vn -0.0157 0.9996 0.0236
vn -0.5024 0.0471 -0.8634
vn -0.0315 0.9980 0.0551
vn -0.0314 0.9970 0.0706
vn -0.0157 0.9961 0.0863
vn -0.0000 0.9962 0.0870
vn 0.0157 0.9961 0.0863
vn 0.7065 -0.0393 0.7066
vn 0.0314 0.9970 0.0707
vn 0.0315 0.9980 0.0550
vn 0.0315 0.9987 0.0393
vn 0.5024 0.0470 -0.8634
vn 0.0158 0.9996 0.0236
vn 0.0001 0.9997 0.0236
vn 0.5733 0.7147 0.4006
vn 0.5734 0.7147 0.4005
vn 0.5733 0.7148 0.4005
vn 0.5738 0.7154 0.3988
vn -0.0000 0.9379 0.3468
vn 0.0001 0.9379 0.3468
vn -0.5740 0.8020 0.1651
vn -0.5739 0.8021 0.1651
vn -0.9288 0.3620 -0.0787
vn -0.9288 0.3621 -0.0787
vn -0.9306 -0.2208 -0.2918
vn -0.9306 -0.2208 -0.2919
vn -0.5733 -0.7148 -0.4005
vn -0.5734 -0.7147 -0.4006
vn 0.0001 -0.9379 -0.3468
vn -0.0001 -0.9379 -0.3468
vn 0.5740 -0.8020 -0.1651
vn 0.9288 -0.3620 0.0787
vn 0.9288 -0.3622 0.0786
vn 0.2132 0.3396 -0.9161
vn -0.0000 0.9380 0.3467
vn -0.9288 0.3621 -0.0788
vn -0.9306 -0.2209 -0.2919
vn -0.5733 -0.7147 -0.4006
vn -0.0000 -0.9379 -0.3469
vn -0.0395 -0.2293 0.9726
vn -0.1420 -0.1499 0.9784
vn -0.2132 -0.3396 0.9161
vn -0.2678 -0.1418 0.9530
vn -0.2133 -0.3396 0.9161
vn -0.3704 -0.2049 0.9060
vn -0.4105 -0.3236 0.8525
vn -0.3697 -0.4405 0.8181
vn -0.2678 -0.5198 0.8113
vn -0.1421 -0.5289 0.8367
vn -0.0395 -0.4657 0.8841
vn -0.0000 -0.3468 0.9379
vn -0.5733 0.7147 0.4005
vn -0.5742 0.7141 0.4005
vn -0.5734 0.7147 0.4005
vn -0.0000 0.9380 0.3468
vn 0.0008 0.9367 0.3502
vn 0.5740 0.8021 0.1651
vn 0.5747 0.8010 0.1680
vn 0.9288 0.3622 -0.0787
vn 0.9291 0.3617 -0.0777
vn 0.9306 -0.2208 -0.2918
vn 0.9299 -0.2198 -0.2948
vn 0.5743 -0.7139 -0.4005
vn 0.5734 -0.7147 -0.4005
vn 0.5733 -0.7147 -0.4006
vn -0.0000 -0.9379 -0.3468
vn -0.0008 -0.9367 -0.3502
vn -0.5740 -0.8020 -0.1652
vn -0.5746 -0.8010 -0.1678
vn -0.9288 -0.3621 0.0787
vn -0.9294 -0.3611 0.0760
vn -0.5733 0.7148 0.4005
vn -0.2132 0.3396 -0.9161
vn 0.9288 0.3621 -0.0788
vn 0.9306 -0.2208 -0.2919
vn -0.5741 -0.8020 -0.1651
vn 0.0395 -0.2293 0.9725
vn 0.2132 -0.3396 0.9161
vn 0.1420 -0.1499 0.9784
vn 0.1421 -0.1499 0.9784
vn 0.2133 -0.3396 0.9161
vn 0.2678 -0.1418 0.9530
vn 0.3704 -0.2049 0.9060
vn 0.4105 -0.3236 0.8525
vn 0.3697 -0.4405 0.8181
vn 0.2678 -0.5198 0.8112
vn 0.1421 -0.5289 0.8367
vn 0.0395 -0.4657 0.8841
vn 0.5886 0.8084 -0.0000
vn 0.5886 0.8084 -0.0001
vn 0.5886 0.8085 -0.0000
vn 0.5887 0.8084 -0.0000
vn -0.0000 1.0000 -0.0000
vn -0.5887 0.8084 -0.0000
vn -0.5886 0.8084 -0.0000
vn -0.9518 0.3067 -0.0000
vn -0.9518 0.3068 -0.0001
vn -0.9518 -0.3068 -0.0000
vn -0.9518 -0.3067 -0.0000
vn -0.5886 -0.8084 0.0001
vn -0.5886 -0.8084 -0.0001
vn -0.0000 -1.0000 -0.0000
vn -0.0001 -1.0000 -0.0000
vn 0.5887 -0.8084 -0.0000
vn 0.5886 -0.8084 -0.0001
vn 0.9518 -0.3067 -0.0000
vn 0.9518 -0.3068 -0.0001
vn -0.0000 -0.0000 -1.0000
vn -0.9518 0.3067 -0.0001
vn -0.9518 -0.3067 -0.0001
vn -0.5886 -0.8084 -0.0000
vn 0.5886 -0.8084 -0.0000
vn 0.9518 -0.3067 -0.0001
vn 0.1733 0.1260 0.9768
vn 0.0631 0.1972 0.9783
vn -0.0000 -0.0000 1.0000
vn -0.0631 0.1972 0.9783
vn -0.1733 0.1260 0.9768
vn -0.2127 -0.0000 0.9771
vn -0.1733 -0.1260 0.9768
vn -0.0631 -0.1972 0.9783
vn 0.0631 -0.1972 0.9783
vn 0.1733 -0.1260 0.9768
vn 0.2128 -0.0000 0.9771
vn 0.9518 0.3067 -0.0000
vn 0.9518 0.3068 -0.0000
vn 0.9518 -0.3068 -0.0000
vn 0.9518 -0.3068 0.0001
vn 0.5887 -0.8083 -0.0000
vn -0.5887 -0.8084 -0.0000
vn -0.5886 0.8084 0.0001
vn 0.5886 0.8084 0.0001
vn 0.9518 0.3067 0.0001
vn -0.9518 -0.3067 0.0001
vn -0.1733 0.1260 -0.9768
vn -0.0631 0.1973 -0.9783
vn 0.0631 0.1972 -0.9783
vn 0.0001 -0.0000 -1.0000
vn 0.1733 0.1260 -0.9768
vn 0.2128 -0.0000 -0.9771
vn 0.1733 -0.1260 -0.9768
vn 0.0631 -0.1972 -0.9783
vn -0.0631 -0.1972 -0.9783
vn -0.1733 -0.1260 -0.9768
vn -0.2127 -0.0000 -0.9771
vn 0.7071 -0.7071 -0.0000
vn -0.0000 -0.0001 1.0000
vn -0.0001 -0.0000 1.0000
vn -0.7071 0.7071 -0.0000
vn -0.7070 0.7072 -0.0001
vn -0.7071 -0.7071 -0.0000
vn 0.0001 -1.0000 -0.0000
vn 0.0001 1.0000 -0.0000
vn 0.3306 -0.8896 -0.3150
vn 0.3307 -0.8897 -0.3149
vn 0.3307 -0.8896 -0.3149
vn 0.3307 -0.8896 -0.3150
vn 0.2205 -0.3622 0.9056
vn 0.2205 -0.3623 0.9056
vn -0.2763 0.7972 0.5368
vn -0.2762 0.7972 0.5367
vn -0.2764 0.7972 0.5368
vn 0.3306 -0.8897 -0.3149
vn -0.2763 0.7973 0.5367
vn 0.6237 -0.7816 -0.0000
vn 0.6237 -0.7817 -0.0000
vn 0.6238 -0.7816 -0.0000
vn -0.6238 0.7816 -0.0000
vn -0.6237 0.7816 0.0003
vn 0.6238 -0.7816 -0.0001
vn -0.6237 0.7817 -0.0000
vn -0.3378 -0.8953 -0.2906
vn -0.3377 -0.8953 -0.2906
vn -0.3376 -0.8953 -0.2905
vn -0.2205 -0.3623 0.9056
vn -0.2205 -0.3622 0.9056
vn 0.2756 0.8034 0.5277
vn 0.2757 0.8034 0.5277
vn -0.3377 -0.8953 -0.2905
vn -0.3377 -0.8953 -0.2907
vn 0.2757 0.8035 0.5277
vn -0.7241 0.4250 -0.5431
vn -0.7241 0.4251 -0.5431
vn -0.7242 0.4250 -0.5430
vn -0.1577 -0.8910 0.4258
vn -0.7242 0.4250 -0.5431
vn 0.2597 -0.4723 -0.8423
vn -0.1576 -0.8910 0.4258
vn -0.2598 0.4723 0.8423
vn -0.0000 0.0001 1.0000
vn 0.3863 0.9224 -0.0000
vn -0.3863 0.9224 -0.0000
vn -0.9224 0.3863 -0.0000
vn -0.9224 -0.3863 -0.0000
vn -0.3863 -0.9224 -0.0000
vn 0.3863 -0.9224 -0.0000
vn 0.3863 -0.9224 -0.0001
vn 0.9224 -0.3863 -0.0000
vn 0.3862 -0.9224 -0.0000
vn -0.0000 1.0000 0.0001
vn 0.9985 -0.0550 -0.0000
vn -0.9985 -0.0551 -0.0000
vn -0.0001 1.0000 -0.0000
vn -0.9985 -0.0550 -0.0000
vn -0.0001 -0.0001 1.0000
vn -0.0000 0.9327 0.3605
vn -0.0000 0.9328 0.3605
vn 0.0001 0.9328 0.3605
vn -0.0000 -0.8678 -0.4970
vn -0.0000 -0.8677 -0.4970
vn -0.8656 -0.4328 -0.2518
vn -0.8656 -0.4325 -0.2523
vn 0.8656 -0.4328 -0.2518
vn 0.8656 -0.4325 -0.2522
vn -0.8656 -0.4327 -0.2518
vn -0.8656 -0.4328 -0.2519
vn -0.0000 0.5122 -0.8589
vn 0.8656 -0.4328 -0.2519
vn -0.0000 -0.5122 0.8589
vn 0.8656 -0.4329 -0.2518
vn -0.0001 -0.8381 -0.5455
vn -0.0000 -0.8380 -0.5457
vn -0.0000 -0.8381 -0.5455
vn -0.0000 -0.5456 0.8381
vn -0.0000 0.8380 0.5457
vn -0.0000 0.8381 0.5455
vn -0.0000 -0.5455 0.8381
vn 0.8896 -0.4567 0.0003
vn 0.8896 -0.4567 -0.0000
vn 0.8896 -0.4566 -0.0000
vn 0.8896 -0.4567 -0.0001
vn -0.8896 0.4567 -0.0000
vn -0.8897 0.4566 -0.0000
vn 0.8897 -0.4566 -0.0000
vn 0.5121 0.8589 -0.0000
vn -0.4089 -0.9126 -0.0000
vn 0.5122 0.8589 -0.0000
vn -0.4091 -0.9125 -0.0000
vn -0.8897 0.4566 0.0003
vn -0.8286 0.4261 0.3630
vn -0.8287 0.4261 0.3630
vn -0.8286 0.4262 0.3630
vn 0.5121 0.8589 -0.0001
vn -0.4090 -0.9125 -0.0001
vn 0.0001 0.0001 1.0000
vn 0.0001 0.0002 1.0000
vn 0.7676 -0.3994 -0.5013
vn 0.7706 -0.4010 -0.4954
vn -0.4567 -0.8896 -0.0000
vn 0.7676 -0.3995 -0.5012
vn 0.4567 0.8896 -0.0000
vn 0.8643 0.5029 -0.0000
vn 0.8644 0.5029 -0.0000
vn -0.8678 0.4970 -0.0000
vn -0.8677 0.4970 -0.0000
vn -0.0079 0.0079 -0.9999
vn 0.0079 0.0079 -0.9999
vn -0.0000 -0.0079 -1.0000
vn -0.0000 -0.0078 -1.0000
vn 0.8643 0.5029 -0.0001
vn 0.7234 -0.4168 -0.5505
vn 0.7234 -0.4168 -0.5504
vn -0.5746 -0.8185 -0.0000
vn -0.4574 -0.8834 -0.1025
vn -0.7234 0.4167 0.5504
vn -0.7234 0.4167 0.5505
vn 0.8628 0.5056 -0.0000
vn -0.7234 -0.4168 -0.5504
vn -0.7235 -0.4168 -0.5504
vn -0.5776 0.8149 -0.0475
vn 0.7234 0.4167 0.5504
vn 0.7234 0.4168 0.5505
vn -0.0000 0.8589 -0.5121
vn 0.7233 0.4168 0.5505
vn 0.9903 0.1022 -0.0943
vn -0.5745 -0.8185 -0.0000
vn -0.0000 -0.8589 0.5122
vn -0.0001 -0.0078 -1.0000
vn -0.0078 0.0079 -0.9999
vn -0.0079 0.0078 -0.9999
vn 0.0079 0.0078 -0.9999
vn 0.0078 0.0078 -0.9999
vn 0.0078 0.0079 -0.9999
vn 0.0078 0.0080 -0.9999
vn -0.8678 0.4970 -0.0001
vn -0.7234 0.4168 0.5504
vn 0.7234 0.4167 0.5505
vn -0.5745 -0.8185 -0.0001
vn -0.8677 0.4971 -0.0000
vn -0.9002 -0.0317 -0.4343
vn -0.7837 -0.4546 -0.4232
vn -0.8084 -0.4003 -0.4316
vn -0.9006 -0.0079 -0.4345
vn -0.4566 0.8897 -0.0000
vn -0.6359 0.7615 -0.1256
vn 0.9082 0.0079 0.4186
vn 0.8031 0.4174 0.4252
vn -0.8084 -0.4002 -0.4316
vn -0.0001 -0.0000 -1.0000
vn -0.0000 -0.0001 -1.0000
vn -0.4567 0.8896 -0.0000
vn -0.9002 -0.0316 -0.4343
vn 0.9082 0.0079 0.4185
vn -0.8643 -0.5029 -0.0000
vn -0.8644 -0.5029 -0.0000
vn 0.8678 -0.4970 -0.0000
vn -0.8643 -0.5030 -0.0000
vn 0.0079 -0.0079 -0.9999
vn 0.0079 -0.0078 -0.9999
vn -0.0079 -0.0079 -0.9999
vn -0.0000 0.0079 -1.0000
vn -0.0000 0.0078 -1.0000
vn -0.8643 -0.5029 -0.0001
vn 0.8678 -0.4970 -0.0001
vn -0.6845 0.3934 -0.6137
vn 0.5745 0.8185 -0.0079
vn 0.4566 0.8818 -0.1180
vn -0.6846 0.3933 -0.6137
vn 0.6846 -0.3934 0.6137
vn 0.6845 -0.3933 0.6138
vn 0.6770 0.3936 -0.6219
vn 0.5737 -0.8172 -0.0550
vn -0.6846 -0.3934 0.6137
vn -0.6845 -0.3934 0.6137
vn 0.6771 0.3935 -0.6219
vn -0.0000 -0.8121 -0.5835
vn -0.0000 -0.8122 -0.5834
vn 0.8677 -0.4970 -0.0000
vn -0.6845 -0.3934 0.6138
vn -0.9895 -0.0942 -0.1099
vn -0.0000 0.8222 0.5692
vn 0.0001 0.0078 -1.0000
vn 0.0001 0.0079 -1.0000
vn 0.0078 -0.0079 -0.9999
vn -0.0079 -0.0078 -0.9999
vn -0.0078 -0.0079 -0.9999
vn -0.0078 -0.0078 -0.9999
vn 0.5745 0.8184 -0.0079
vn 0.6845 -0.3934 0.6137
vn 0.8678 -0.4970 0.0004
vn 0.8678 -0.4969 -0.0000
vn 0.8677 -0.4971 -0.0000
vn -0.0000 0.0080 -1.0000
vn -0.7234 0.4167 -0.5504
vn 0.5923 0.8056 0.0158
vn 0.4574 0.8834 -0.1025
vn 0.7234 -0.4168 0.5504
vn 0.7234 -0.4167 0.5505
vn -0.7234 0.4168 -0.5504
vn -0.8628 -0.5055 -0.0000
vn 0.7234 0.4167 -0.5504
vn 0.5776 -0.8149 -0.0475
vn 0.7234 0.4168 -0.5504
vn -0.7234 -0.4167 0.5505
vn -0.7234 -0.4168 0.5504
vn -0.0000 -0.8589 -0.5122
vn -0.0000 -0.8589 -0.5121
vn -0.7233 -0.4168 0.5505
vn -0.9903 -0.1022 -0.0942
vn -0.0001 0.8589 0.5122
vn 0.0080 -0.0079 -0.9999
vn 0.5923 0.8055 0.0158
vn 0.7234 -0.4167 0.5504
vn -0.7235 -0.4167 0.5504
vn 0.8084 -0.4003 -0.4316
vn 0.7837 -0.4546 -0.4233
vn 0.9002 -0.0316 -0.4343
vn 0.9006 -0.0079 -0.4345
vn 0.6359 0.7615 -0.1257
vn 0.4566 0.8897 -0.0001
vn -0.8031 0.4174 0.4252
vn -0.9082 0.0079 0.4185
vn 0.8084 -0.4002 -0.4317
vn -0.0000 0.0001 -1.0000
vn 0.3632 0.9317 -0.0000
vn -0.9888 -0.1491 -0.0000
vn 0.3632 0.9317 -0.0001
vn -0.9888 -0.1490 -0.0000
vn -0.0079 -0.0000 -1.0000
vn 0.3631 0.9317 -0.0000
vn 0.8254 0.1258 -0.5503
vn 0.8254 0.1258 -0.5504
vn 0.0393 -0.9991 0.0158
vn 0.1966 -0.9751 -0.1023
vn 0.8254 0.1259 -0.5503
vn -0.8254 -0.1258 0.5503
vn -0.2991 -0.7792 -0.5509
vn -0.2991 -0.7791 -0.5509
vn -0.9602 0.2754 -0.0472
vn 0.2990 0.7792 0.5509
vn -0.5363 0.6705 -0.5127
vn -0.5363 0.6704 -0.5127
vn 0.7078 0.7000 -0.0944
vn -0.5364 0.6704 -0.5126
vn 0.5364 -0.6704 0.5127
vn -0.0078 -0.0000 -1.0000
vn -0.0079 -0.0001 -1.0000
vn -0.0002 -0.0000 1.0000
vn 0.0394 -0.9991 0.0158
vn -0.8255 -0.1258 0.5503
vn 0.2991 0.7791 0.5509
vn 0.0393 -0.9991 0.0157
vn -0.8678 0.4970 0.0003
vn 0.8643 0.5030 -0.0000
vn -0.0003 -0.0000 1.0000
vn -0.8677 0.4969 0.0079
vn 0.0001 -0.0000 1.0000
vn -0.8677 0.4970 0.0079
vn 0.8643 0.5029 0.0079
vn -0.8677 0.4970 0.0001
vn 0.7235 -0.4167 -0.5504
vn -0.4574 -0.8833 -0.1025
vn -0.8678 0.4969 0.0079
vn 0.8644 0.5029 0.0001
vn -0.7234 -0.4167 -0.5505
vn -0.5776 0.8149 -0.0474
vn 0.8643 0.5028 0.0078
vn 0.8644 0.5029 -0.0001
vn -0.7235 -0.4167 -0.5504
vn 0.8643 0.5030 0.0001
vn -0.0000 0.8589 -0.5122
vn 0.9903 0.1023 -0.0943
vn -0.0001 0.8589 -0.5122
vn 0.0001 -0.8588 0.5123
vn 0.0001 -0.0079 -1.0000
vn -0.0001 -0.0079 -1.0000
vt 0.894263 0.895655
vt 0.894262 0.648228
vt 0.799125 0.648228
vt 0.799125 0.895655
vt 0.989362 0.895656
vt 0.989362 0.648228
vt 0.989363 0.648228
vt 0.703900 0.895656
vt 0.703901 0.648228
vt 0.608546 0.895657
vt 0.608546 0.648228
vt 0.512997 0.895659
vt 0.512993 0.648228
vt 0.417408 0.895650
vt 0.417408 0.648230
vt 0.697643 0.544382
vt 0.635010 0.481748
vt 0.783201 0.396191
vt 0.783200 0.567307
vt 0.868759 0.544382
vt 0.931392 0.481748
vt 0.954317 0.396190
vt 0.931393 0.310632
vt 0.868760 0.248000
vt 0.783201 0.225075
vt 0.697644 0.248000
vt 0.635010 0.310632
vt 0.612085 0.396190
vt 0.219192 0.309036
vt 0.281765 0.246464
vt 0.367241 0.394512
vt 0.367243 0.223559
vt 0.452718 0.246463
vt 0.515290 0.309036
vt 0.538193 0.394512
vt 0.515290 0.479989
vt 0.452717 0.542561
vt 0.367241 0.565465
vt 0.281766 0.542561
vt 0.219192 0.479989
vt 0.196288 0.394512
vt 0.799126 0.902588
vt 0.799126 0.927602
vt 0.894263 0.927602
vt 0.894263 0.902588
vt 0.989362 0.927604
vt 0.989362 0.902588
vt 0.894264 0.927602
vt 0.703902 0.927605
vt 0.703901 0.902588
vt 0.608545 0.927615
vt 0.608545 0.902588
vt 0.512957 0.927620
vt 0.512974 0.902588
vt 0.417403 0.927552
vt 0.417404 0.902589
vt 0.703902 0.902588
vt 0.894262 0.641174
vt 0.894262 0.616168
vt 0.799126 0.616168
vt 0.799126 0.641174
vt 0.989363 0.641175
vt 0.989362 0.616169
vt 0.989363 0.616169
vt 0.703903 0.641173
vt 0.703904 0.616168
vt 0.608545 0.641170
vt 0.608544 0.616166
vt 0.512970 0.641170
vt 0.512952 0.616166
vt 0.417404 0.641204
vt 0.417402 0.616182
vt 0.609392 0.496541
vt 0.617512 0.491851
vt 0.687540 0.561881
vt 0.682852 0.570002
vt 0.783200 0.587514
vt 0.783200 0.596891
vt 0.878861 0.561881
vt 0.883551 0.570002
vt 0.948891 0.491852
vt 0.957012 0.496540
vt 0.974524 0.396191
vt 0.983901 0.396191
vt 0.948890 0.300530
vt 0.957012 0.295840
vt 0.878863 0.230501
vt 0.883552 0.222380
vt 0.783202 0.204870
vt 0.783202 0.195492
vt 0.687540 0.230501
vt 0.682852 0.222380
vt 0.617510 0.300528
vt 0.609392 0.295840
vt 0.591880 0.396190
vt 0.582503 0.396190
vt 0.267079 0.221029
vt 0.271698 0.229027
vt 0.201753 0.298969
vt 0.193757 0.294352
vt 0.367243 0.194190
vt 0.367243 0.203425
vt 0.467403 0.221027
vt 0.462785 0.229025
vt 0.540725 0.294350
vt 0.532728 0.298969
vt 0.567562 0.394512
vt 0.558326 0.394512
vt 0.540724 0.494674
vt 0.532726 0.490057
vt 0.467402 0.567997
vt 0.462785 0.559999
vt 0.367241 0.594833
vt 0.367241 0.585599
vt 0.267079 0.567997
vt 0.271698 0.559999
vt 0.193757 0.494674
vt 0.201753 0.490057
vt 0.166918 0.394512
vt 0.176153 0.394512
vt 0.799126 0.648228
vt 0.512994 0.648228
vt 0.417409 0.895650
vt 0.697642 0.544382
vt 0.783199 0.567306
vt 0.868758 0.544382
vt 0.954317 0.396189
vt 0.931392 0.310632
vt 0.868759 0.248000
vt 0.635009 0.310632
vt 0.612085 0.396189
vt 0.281766 0.246464
vt 0.367240 0.394512
vt 0.367242 0.223559
vt 0.452717 0.246463
vt 0.515289 0.309036
vt 0.515289 0.479989
vt 0.452716 0.542561
vt 0.367240 0.565464
vt 0.196289 0.394512
vt 0.417403 0.616182
vt 0.989361 0.927604
vt 0.609391 0.496539
vt 0.617512 0.491850
vt 0.687539 0.561879
vt 0.682851 0.570001
vt 0.783199 0.587513
vt 0.783199 0.596891
vt 0.878861 0.561879
vt 0.883550 0.570002
vt 0.948890 0.491852
vt 0.974523 0.396191
vt 0.878862 0.230500
vt 0.883551 0.222380
vt 0.783200 0.204870
vt 0.783201 0.195491
vt 0.687539 0.230501
vt 0.682851 0.222380
vt 0.609391 0.295840
vt 0.591880 0.396189
vt 0.582502 0.396189
vt 0.367242 0.194190
vt 0.367242 0.203425
vt 0.467402 0.221027
vt 0.462784 0.229025
vt 0.532727 0.298969
vt 0.567561 0.394512
vt 0.540723 0.494674
vt 0.532725 0.490057
vt 0.467401 0.567996
vt 0.462784 0.559998
vt 0.367240 0.594832
vt 0.367240 0.585598
vt 0.267079 0.567996
vt 0.271698 0.559998
vt 0.894263 0.895656
vt 0.799125 0.895656
vt 0.989362 0.648229
vt 0.989362 0.895657
vt 0.799124 0.648228
vt 0.799124 0.895656
vt 0.703899 0.648228
vt 0.703898 0.895656
vt 0.608544 0.648228
vt 0.608544 0.895658
vt 0.512991 0.648228
vt 0.512995 0.895660
vt 0.417406 0.648230
vt 0.417406 0.895651
vt 0.512992 0.648228
vt 0.512996 0.895660
vt 0.417407 0.895651
vt 0.417407 0.648230
vt 0.608546 0.895658
vt 0.703901 0.648229
vt 0.783202 0.396191
vt 0.931393 0.481748
vt 0.931393 0.310633
vt 0.783202 0.225076
vt 0.635010 0.310633
vt 0.367241 0.394511
vt 0.538193 0.394511
vt 0.452716 0.542560
vt 0.367241 0.565464
vt 0.281765 0.542560
vt 0.196288 0.394511
vt 0.989362 0.641175
vt 0.799124 0.616168
vt 0.799124 0.641174
vt 0.703901 0.616168
vt 0.703901 0.641173
vt 0.608542 0.616167
vt 0.608543 0.641170
vt 0.512950 0.616166
vt 0.512967 0.641170
vt 0.417400 0.616182
vt 0.417402 0.641204
vt 0.417401 0.616182
vt 0.512968 0.641170
vt 0.894263 0.902589
vt 0.894263 0.927603
vt 0.799126 0.927603
vt 0.799125 0.902589
vt 0.989362 0.902589
vt 0.799124 0.902589
vt 0.799124 0.927603
vt 0.703900 0.902589
vt 0.703900 0.927606
vt 0.608543 0.902588
vt 0.608543 0.927615
vt 0.512972 0.902588
vt 0.512955 0.927621
vt 0.417402 0.902590
vt 0.417401 0.927552
vt 0.512973 0.902588
vt 0.512956 0.927621
vt 0.417402 0.902591
vt 0.703901 0.902589
vt 0.703902 0.927606
vt 0.609391 0.496540
vt 0.687540 0.561880
vt 0.783200 0.587513
vt 0.878861 0.561880
vt 0.948890 0.491853
vt 0.957012 0.295841
vt 0.783202 0.195491
vt 0.617510 0.300529
vt 0.609391 0.295841
vt 0.582502 0.396190
vt 0.271697 0.229027
vt 0.201753 0.298968
vt 0.193756 0.294351
vt 0.532727 0.298968
vt 0.567561 0.394511
vt 0.558326 0.394511
vt 0.540724 0.494673
vt 0.532726 0.490056
vt 0.367241 0.594832
vt 0.367241 0.585598
vt 0.267078 0.567996
vt 0.271697 0.559998
vt 0.193757 0.494673
vt 0.201753 0.490056
vt 0.166918 0.394511
vt 0.176153 0.394511
vt 0.894261 0.895655
vt 0.894260 0.648228
vt 0.799123 0.895655
vt 0.894262 0.895655
vt 0.894261 0.648228
vt 0.608544 0.895657
vt 0.512995 0.895659
vt 0.417406 0.895650
vt 0.417407 0.895650
vt 0.697643 0.544383
vt 0.281765 0.542561
vt 0.799124 0.902588
vt 0.799124 0.927602
vt 0.894261 0.927602
vt 0.894261 0.902588
vt 0.894262 0.927602
vt 0.894262 0.902588
vt 0.703900 0.927605
vt 0.703899 0.902588
vt 0.608542 0.927614
vt 0.512955 0.927620
vt 0.417402 0.902589
vt 0.608543 0.927614
vt 0.703900 0.902588
vt 0.894260 0.641174
vt 0.894260 0.616168
vt 0.799124 0.641173
vt 0.989363 0.616168
vt 0.894261 0.641174
vt 0.894261 0.616168
vt 0.703902 0.616167
vt 0.608542 0.641170
vt 0.608542 0.616166
vt 0.417401 0.641204
vt 0.783199 0.587514
vt 0.783201 0.204870
vt 0.687540 0.230500
vt 0.193756 0.294352
vt 0.558327 0.394512
vt 0.467401 0.567997
vt 0.193756 0.494673
vt 0.799126 0.895655
vt 0.894264 0.895655
vt 0.538194 0.394512
vt 0.868762 0.248000
vt 0.931394 0.310634
vt 0.783203 0.396191
vt 0.954319 0.396193
vt 0.931394 0.481750
vt 0.868760 0.544382
vt 0.783203 0.567307
vt 0.697644 0.544382
vt 0.635012 0.481750
vt 0.612087 0.396193
vt 0.635012 0.310634
vt 0.697646 0.248000
vt 0.783204 0.225076
vt 0.894264 0.902588
vt 0.166917 0.394512
vt 0.193756 0.494674
vt 0.462785 0.559998
vt 0.467402 0.567996
vt 0.540726 0.294350
vt 0.957012 0.295842
vt 0.948892 0.300532
vt 0.878864 0.230502
vt 0.983901 0.396193
vt 0.974524 0.396193
vt 0.957012 0.496542
vt 0.948893 0.491854
vt 0.883552 0.570002
vt 0.878864 0.561882
vt 0.783203 0.596891
vt 0.783203 0.587512
vt 0.687542 0.561882
vt 0.609392 0.496542
vt 0.617514 0.491852
vt 0.582503 0.396191
vt 0.591881 0.396191
vt 0.609392 0.295842
vt 0.617514 0.300530
vt 0.682854 0.222380
vt 0.687543 0.230502
vt 0.783204 0.195491
vt 0.783204 0.204869
vt 0.085087 0.498174
vt 0.085087 0.505404
vt 0.209114 0.545769
vt 0.213368 0.539925
vt 0.292442 0.648980
vt 0.285563 0.651206
vt 0.292311 0.783683
vt 0.285435 0.781443
vt 0.213029 0.892584
vt 0.208785 0.886733
vt 0.085088 0.934086
vt 0.085087 0.926857
vt 0.208784 0.886732
vt 0.292310 0.783683
vt 0.292441 0.648980
vt 0.085088 0.505404
vt 0.209115 0.545769
vt 0.085088 0.716130
vt 0.208785 0.886732
vt 0.085088 0.926857
vt 0.208786 0.886733
vt 0.285436 0.781443
vt 0.122819 0.664301
vt 0.085087 0.652021
vt 0.085087 0.716131
vt 0.085087 0.716130
vt 0.146076 0.696379
vt 0.146039 0.736001
vt 0.122719 0.768034
vt 0.085087 0.780241
vt 0.146077 0.696378
vt 0.085088 0.498174
vt 0.213369 0.539925
vt 0.085088 0.934085
vt 0.285564 0.651206
vt 0.122820 0.664301
vt 0.085088 0.652021
vt 0.146039 0.736000
vt 0.085088 0.780241
vt 0.122720 0.768034
vt 0.146040 0.736001
vt 0.292311 0.783682
vt 0.146040 0.736000
vt 0.213030 0.892584
vt 0.085088 0.716131
vt 0.146077 0.696379
vt 0.072855 0.427096
vt 0.072792 0.700169
vt 0.040452 0.700158
vt 0.040514 0.427086
vt 0.194739 0.117084
vt 0.211567 0.139394
vt 0.239295 0.135908
vt 0.228349 0.099690
vt 0.201443 0.163351
vt 0.105192 0.391457
vt 0.127398 0.412190
vt 0.238713 0.172576
vt 0.074845 0.390006
vt 0.089426 0.428803
vt 0.168844 0.143061
vt 0.008111 0.700148
vt 0.008174 0.427076
vt 0.120249 0.075009
vt 0.147529 0.053536
vt 0.125291 0.025785
vt 0.098524 0.046835
vt 0.356727 0.155983
vt 0.353176 0.122116
vt 0.317775 0.125497
vt 0.321382 0.160029
vt 0.091835 0.096241
vt 0.139401 0.162943
vt 0.177311 0.031958
vt 0.060658 0.845427
vt 0.060658 0.932957
vt 0.024276 0.932957
vt 0.024276 0.845427
vt 0.244959 0.207551
vt 0.325947 0.195205
vt 0.024276 0.757898
vt 0.060658 0.757898
vt 0.312498 0.089101
vt 0.991202 0.946646
vt 0.991202 0.995196
vt 0.942650 0.995188
vt 0.942650 0.946632
vt 0.731261 0.995480
vt 0.731271 0.946920
vt 0.779830 0.946921
vt 0.779836 0.995481
vt 0.845501 0.995173
vt 0.845501 0.946608
vt 0.894202 0.946620
vt 0.894201 0.995180
vt 0.796954 0.995164
vt 0.796954 0.946594
vt 0.731261 0.995481
vt 0.009611 0.055716
vt 0.010056 0.114154
vt 0.038269 0.117493
vt 0.052993 0.060846
vt 0.013645 0.153833
vt 0.013643 0.125429
vt 0.042046 0.125437
vt 0.042047 0.153841
vt 0.064868 0.128519
vt 0.093038 0.077334
vt 0.087427 0.007512
vt 0.087427 0.051205
vt 0.043735 0.051205
vt 0.043737 0.007515
vt 0.845501 0.995172
vt 0.225907 0.011151
vt 0.625364 0.011104
vt 0.625740 0.018014
vt 0.227116 0.033384
vt 0.229761 0.077822
vt 0.228134 0.055616
vt 0.626057 0.024938
vt 0.626562 0.031839
vt 0.061641 0.327746
vt 0.049830 0.348408
vt 0.049568 0.334603
vt 0.037840 0.327848
vt 0.551276 0.952607
vt 0.551277 0.993076
vt 0.480957 0.993076
vt 0.480963 0.952607
vt 0.469222 0.953474
vt 0.469198 0.993943
vt 0.398881 0.993902
vt 0.398905 0.953433
vt 0.591749 0.993076
vt 0.591743 0.952607
vt 0.662063 0.952607
vt 0.662060 0.993075
vt 0.702535 0.952607
vt 0.702525 0.993075
vt 0.642352 0.013269
vt 0.682170 0.013269
vt 0.721452 0.108104
vt 0.693296 0.136260
vt 0.816288 0.187205
vt 0.816288 0.147387
vt 0.939279 0.136260
vt 0.911123 0.108105
vt 0.990223 0.013269
vt 0.950406 0.013269
vt 0.939278 0.136260
vt 0.816288 0.013269
vt 0.911124 0.108105
vt 0.727785 0.101771
vt 0.691127 0.013269
vt 0.816288 0.138429
vt 0.904789 0.101771
vt 0.941449 0.013269
vt 0.409888 0.093758
vt 0.421816 0.094431
vt 0.418231 0.160880
vt 0.406286 0.160207
vt 0.640008 0.183082
vt 0.629039 0.182434
vt 0.633676 0.096608
vt 0.644662 0.097192
vt 0.469066 0.166274
vt 0.429573 0.161301
vt 0.433270 0.095294
vt 0.473067 0.094788
vt 0.470698 0.071483
vt 0.471262 0.083396
vt 0.432361 0.084368
vt 0.431695 0.072509
vt 0.425444 0.183736
vt 0.427452 0.172039
vt 0.466020 0.177405
vt 0.464050 0.189170
vt 0.469067 0.166274
vt 0.621267 0.212212
vt 0.618664 0.223827
vt 0.628282 0.056746
vt 0.629767 0.068548
vt 0.628446 0.193438
vt 0.469066 0.166275
vt 0.634271 0.085603
vt 0.384731 0.947807
vt 0.181964 0.947808
vt 0.181978 0.927332
vt 0.384744 0.927332
vt 0.150547 0.992592
vt 0.150653 0.948330
vt 0.171130 0.948379
vt 0.171024 0.992640
vt 0.171023 0.992640
vt 0.150652 0.948330
vt 0.384702 0.992069
vt 0.181933 0.992069
vt 0.181964 0.947807
vt 0.384702 0.992070
vt 0.181933 0.992070
vt 0.037199 0.318157
vt 0.036655 0.162199
vt 0.062824 0.162111
vt 0.063343 0.318074
vt 0.011028 0.318240
vt 0.010511 0.162288
vt 0.088980 0.162023
vt 0.089504 0.317992
vt 0.037839 0.327848
vt 0.049830 0.348409
vt 0.089503 0.317991
vt 0.596233 0.556491
vt 0.546224 0.556513
vt 0.546201 0.506505
vt 0.596210 0.506482
vt 0.605812 0.556086
vt 0.655822 0.556086
vt 0.655822 0.606094
vt 0.605812 0.606094
vt 0.546245 0.606523
vt 0.596256 0.606501
vt 0.171130 0.948378
vt 0.171129 0.948379
vt 0.384732 0.947807
vt 0.384744 0.927331
vt 0.640008 0.183083
vt 0.628445 0.193438
vt 0.036655 0.162198
vt 0.037198 0.318157
vt 0.010510 0.162287
vt 0.011027 0.318239
vt 0.302143 0.844943
vt 0.280820 0.827944
vt 0.249035 0.862868
vt 0.278154 0.886055
vt 0.302144 0.844943
vt 0.302144 0.844944
vt 0.306776 0.662191
vt 0.336452 0.661800
vt 0.332341 0.870037
vt 0.314689 0.864028
vt 0.347551 0.644619
vt 0.346230 0.874525
vt 0.377206 0.644529
vt 0.368895 0.872564
vt 0.388043 0.661581
vt 0.379340 0.865522
vt 0.336451 0.661800
vt 0.377207 0.644529
vt 0.351285 0.917062
vt 0.311670 0.899477
vt 0.291791 0.884234
vt 0.411135 0.872841
vt 0.385862 0.910855
vt 0.351286 0.917062
vt 0.411135 0.872840
vt 0.332342 0.870037
vt 0.306775 0.662191
vt 0.291790 0.884234
vt 0.089503 0.317992
vt 0.036655 0.162200
vt 0.249035 0.862867
vt 0.379340 0.865521
vt 0.346229 0.874525
vt 0.368894 0.872564
vt 0.311671 0.899477
vt 0.411136 0.872840
vt 0.089504 0.317991
vt 0.010511 0.162287
vt 0.011028 0.318239
vt 0.010510 0.162288
vt 0.278153 0.886055
vt 0.388042 0.661581
vt 0.063343 0.318075
vt 0.011027 0.318240
vt 0.089503 0.317993
vt 0.278154 0.886054
vt 0.228133 0.055616
vt 0.625739 0.018014
vt 0.227115 0.033384
vt 0.625364 0.011103
vt 0.089504 0.317993
vt 0.249036 0.862867
vt 0.249036 0.862868
vt 0.278155 0.886055
vt 0.626057 0.024937
vt 0.347552 0.644619
vt 0.379341 0.865521
s 1
usemtl Handle1Mtl.014
f 1/1/1 2/2/2 3/3/3
f 3/3/3 4/4/4 1/1/1
f 5/5/5 6/6/6 2/2/2
f 2/2/2 1/1/1 5/5/5
f 7/1/7 8/2/8 9/7/9
f 9/7/9 5/5/5 7/1/7
f 10/4/10 11/3/11 8/2/8
f 8/2/8 7/1/7 10/4/10
f 12/8/12 13/9/13 11/3/11
f 11/3/11 10/4/10 12/8/12
f 14/10/14 15/11/15 13/9/13
f 13/9/13 12/8/12 14/10/14
f 16/12/16 17/13/17 15/11/15
f 15/11/15 14/10/14 16/12/16
f 18/14/18 19/15/19 17/13/17
f 17/13/17 16/12/16 18/14/18
f 20/12/20 21/13/21 19/15/19
f 19/15/19 18/14/18 20/12/20
f 22/10/22 23/11/23 21/13/21
f 21/13/21 20/12/20 22/10/22
f 24/8/24 25/9/25 23/11/23
f 23/11/23 22/10/22 24/8/24
f 4/4/4 3/3/3 25/9/25
f 25/9/25 24/8/24 4/4/4
f 26/16/26 27/17/27 28/18/26
f 29/19/27 26/16/26 28/18/26
f 30/20/27 29/19/27 28/18/26
f 31/21/27 30/20/27 28/18/26
f 32/22/26 31/21/27 28/18/26
f 33/23/28 32/22/26 28/18/26
f 34/24/26 33/23/28 28/18/26
f 35/25/26 34/24/26 28/18/26
f 36/26/29 35/25/26 28/18/26
f 37/27/30 36/26/29 28/18/26
f 38/28/26 37/27/30 28/18/26
f 27/17/27 38/28/26 28/18/26
f 39/29/31 40/30/31 41/31/32
f 40/30/31 42/32/33 41/31/32
f 42/32/33 43/33/32 41/31/32
f 43/33/32 44/34/34 41/31/32
f 44/34/34 45/35/34 41/31/32
f 45/35/34 46/36/32 41/31/32
f 46/36/32 47/37/35 41/31/32
f 47/37/35 48/38/31 41/31/32
f 48/38/31 49/39/36 41/31/32
f 49/39/36 50/40/32 41/31/32
f 50/40/32 51/41/34 41/31/32
f 51/41/34 39/29/31 41/31/32
f 52/42/37 53/43/3 54/44/38
f 54/44/38 55/45/39 52/42/37
f 55/45/39 54/44/38 56/46/40
f 56/46/40 57/47/41 55/45/39
f 57/47/41 56/46/40 58/48/42
f 58/48/42 59/45/43 57/47/41
f 59/45/43 58/48/42 60/43/44
f 60/43/44 61/42/44 59/45/43
f 61/42/44 60/43/44 62/49/13
f 62/49/13 63/50/45 61/42/44
f 63/50/45 62/49/13 64/51/46
f 64/51/46 65/52/15 63/50/45
f 65/52/15 64/51/46 66/53/17
f 66/53/17 67/54/47 65/52/15
f 67/54/47 66/53/17 68/55/48
f 68/55/48 69/56/18 67/54/47
f 69/56/18 68/55/48 70/53/49
f 70/53/49 71/54/50 69/56/18
f 71/54/50 70/53/49 72/51/51
f 72/51/51 73/52/52 71/54/50
f 73/52/52 72/51/51 74/49/24
f 74/49/24 75/57/24 73/52/52
f 75/57/24 74/49/24 53/43/3
f 53/43/3 52/42/37 75/57/24
f 76/58/53 77/59/54 78/60/3
f 78/60/3 79/61/55 76/58/53
f 80/62/56 81/63/9 77/59/54
f 77/59/54 76/58/53 80/62/56
f 82/58/42 83/59/57 84/64/6
f 84/64/6 80/62/9 82/58/42
f 85/61/58 86/60/11 83/59/57
f 83/59/57 82/58/42 85/61/58
f 87/65/59 88/66/60 86/60/11
f 86/60/11 85/61/58 87/65/59
f 89/67/61 90/68/62 88/66/60
f 88/66/60 87/65/59 89/67/61
f 91/69/63 92/70/64 90/68/62
f 90/68/62 89/67/61 91/69/63
f 93/71/65 94/72/66 92/70/64
f 92/70/64 91/69/63 93/71/65
f 95/69/67 96/70/68 94/72/66
f 94/72/66 93/71/65 95/69/67
f 97/67/69 98/68/51 96/70/68
f 96/70/68 95/69/67 97/67/69
f 99/65/70 100/66/71 98/68/51
f 98/68/51 97/67/69 99/65/70
f 79/61/55 78/60/3 100/66/71
f 100/66/71 99/65/70 79/61/55
f 101/73/3 102/74/72 103/75/73
f 103/75/73 104/76/74 101/73/3
f 104/76/74 103/75/73 105/77/75
f 105/77/75 106/78/76 104/76/74
f 106/78/76 105/77/75 107/79/77
f 107/79/77 108/80/78 106/78/76
f 108/80/78 107/79/77 109/81/79
f 109/81/79 110/82/44 108/80/78
f 110/82/44 109/81/79 111/83/80
f 111/83/80 112/84/45 110/82/44
f 112/84/45 111/83/80 113/85/81
f 113/85/81 114/86/15 112/84/45
f 114/86/15 113/85/81 115/87/82
f 115/87/82 116/88/17 114/86/15
f 116/88/17 115/87/82 117/89/83
f 117/89/83 118/90/84 116/88/17
f 118/90/84 117/89/83 119/91/85
f 119/91/85 120/92/67 118/90/84
f 120/92/67 119/91/85 121/93/86
f 121/93/86 122/94/51 120/92/67
f 122/94/51 121/93/86 123/95/87
f 123/95/87 124/96/88 122/94/51
f 124/96/88 123/95/87 102/74/72
f 102/74/72 101/73/3 124/96/88
f 125/97/54 126/98/89 127/99/90
f 127/99/90 128/100/3 125/97/54
f 129/101/91 130/102/92 126/98/89
f 126/98/89 125/97/54 129/101/91
f 131/103/43 132/104/93 130/102/92
f 130/102/92 129/101/91 131/103/43
f 133/105/11 134/106/94 132/104/93
f 132/104/93 131/103/43 133/105/11
f 135/107/12 136/108/95 134/106/94
f 134/106/94 133/105/11 135/107/12
f 137/109/96 138/110/97 136/108/95
f 136/108/95 135/107/12 137/109/96
f 139/111/98 140/112/99 138/110/97
f 138/110/97 137/109/96 139/111/98
f 141/113/100 142/114/101 140/112/99
f 140/112/99 139/111/98 141/113/100
f 143/115/102 144/116/103 142/114/101
f 142/114/101 141/113/100 143/115/102
f 145/117/104 146/118/105 144/116/103
f 144/116/103 143/115/102 145/117/104
f 147/119/106 148/120/107 146/118/105
f 146/118/105 145/117/104 147/119/106
f 128/100/3 127/99/90 148/120/107
f 148/120/107 147/119/106 128/100/3
f 102/74/72 27/17/27 26/16/26
f 26/16/26 103/75/73 102/74/72
f 103/75/73 26/16/26 29/19/27
f 29/19/27 105/77/75 103/75/73
f 105/77/75 29/19/27 30/20/27
f 30/20/27 107/79/77 105/77/75
f 107/79/77 30/20/27 31/21/27
f 31/21/27 109/81/79 107/79/77
f 109/81/79 31/21/27 32/22/26
f 32/22/26 111/83/80 109/81/79
f 111/83/80 32/22/26 33/23/28
f 33/23/28 113/85/81 111/83/80
f 113/85/81 33/23/28 34/24/26
f 34/24/26 115/87/82 113/85/81
f 115/87/82 34/24/26 35/25/26
f 35/25/26 117/89/83 115/87/82
f 117/89/83 35/25/26 36/26/29
f 36/26/29 119/91/85 117/89/83
f 119/91/85 36/26/29 37/27/30
f 37/27/30 121/93/86 119/91/85
f 121/93/86 37/27/30 38/28/26
f 38/28/26 123/95/87 121/93/86
f 123/95/87 38/28/26 27/17/27
f 27/17/27 102/74/72 123/95/87
f 126/98/89 40/30/31 39/29/31
f 39/29/31 127/99/90 126/98/89
f 130/102/92 42/32/33 40/30/31
f 40/30/31 126/98/89 130/102/92
f 132/104/93 43/33/32 42/32/33
f 42/32/33 130/102/92 132/104/93
f 134/106/94 44/34/34 43/33/32
f 43/33/32 132/104/93 134/106/94
f 136/108/95 45/35/34 44/34/34
f 44/34/34 134/106/94 136/108/95
f 138/110/97 46/36/32 45/35/34
f 45/35/34 136/108/95 138/110/97
f 140/112/99 47/37/35 46/36/32
f 46/36/32 138/110/97 140/112/99
f 142/114/101 48/38/31 47/37/35
f 47/37/35 140/112/99 142/114/101
f 144/116/103 49/39/36 48/38/31
f 48/38/31 142/114/101 144/116/103
f 146/118/105 50/40/32 49/39/36
f 49/39/36 144/116/103 146/118/105
f 148/120/107 51/41/34 50/40/32
f 50/40/32 146/118/105 148/120/107
f 127/99/90 39/29/31 51/41/34
f 51/41/34 148/120/107 127/99/90
f 55/45/39 1/1/1 4/4/4
f 4/4/4 52/42/37 55/45/39
f 79/61/55 3/3/3 2/2/2
f 2/2/2 76/58/53 79/61/55
f 57/47/41 5/5/5 1/1/1
f 1/1/1 55/45/39 57/47/41
f 76/58/53 2/2/2 6/6/6
f 6/6/6 80/62/56 76/58/53
f 59/45/43 7/1/7 5/5/5
f 5/5/5 57/47/41 59/45/43
f 80/62/9 9/7/9 8/2/8
f 8/2/8 82/58/42 80/62/9
f 61/42/44 10/4/10 7/1/7
f 7/1/7 59/45/43 61/42/44
f 82/58/42 8/2/8 11/3/11
f 11/3/11 85/61/58 82/58/42
f 63/50/45 12/8/12 10/4/10
f 10/4/10 61/42/44 63/50/45
f 85/61/58 11/3/11 13/9/13
f 13/9/13 87/65/59 85/61/58
f 65/52/15 14/10/14 12/8/12
f 12/8/12 63/50/45 65/52/15
f 87/65/59 13/9/13 15/11/15
f 15/11/15 89/67/61 87/65/59
f 67/54/47 16/12/16 14/10/14
f 14/10/14 65/52/15 67/54/47
f 89/67/61 15/11/15 17/13/17
f 17/13/17 91/69/63 89/67/61
f 69/56/18 18/14/18 16/12/16
f 16/12/16 67/54/47 69/56/18
f 91/69/63 17/13/17 19/15/19
f 19/15/19 93/71/65 91/69/63
f 71/54/50 20/12/20 18/14/18
f 18/14/18 69/56/18 71/54/50
f 93/71/65 19/15/19 21/13/21
f 21/13/21 95/69/67 93/71/65
f 73/52/52 22/10/22 20/12/20
f 20/12/20 71/54/50 73/52/52
f 95/69/67 21/13/21 23/11/23
f 23/11/23 97/67/69 95/69/67
f 75/57/24 24/8/24 22/10/22
f 22/10/22 73/52/52 75/57/24
f 97/67/69 23/11/23 25/9/25
f 25/9/25 99/65/70 97/67/69
f 52/42/37 4/4/4 24/8/24
f 24/8/24 75/57/24 52/42/37
f 99/65/70 25/9/25 3/3/3
f 3/3/3 79/61/55 99/65/70
f 149/2/108 150/1/109 151/4/110
f 151/4/110 152/121/111 149/2/108
f 153/6/112 154/5/113 150/1/109
f 150/1/109 149/2/108 153/6/112
f 155/2/114 156/1/115 154/5/113
f 154/5/113 153/6/112 155/2/114
f 157/3/116 158/4/117 156/1/115
f 156/1/115 155/2/114 157/3/116
f 159/9/118 160/8/119 158/4/117
f 158/4/117 157/3/116 159/9/118
f 161/11/120 162/10/121 160/8/119
f 160/8/119 159/9/118 161/11/120
f 163/122/122 164/12/123 162/10/121
f 162/10/121 161/11/120 163/122/122
f 165/15/124 166/123/125 164/12/123
f 164/12/123 163/122/122 165/15/124
f 167/13/126 168/12/127 166/123/125
f 166/123/125 165/15/124 167/13/126
f 169/11/128 170/10/129 168/12/127
f 168/12/127 167/13/126 169/11/128
f 171/9/130 172/8/131 170/10/129
f 170/10/129 169/11/128 171/9/130
f 152/121/111 151/4/110 172/8/131
f 172/8/131 171/9/130 152/121/111
f 173/124/132 174/17/133 175/18/134
f 176/125/135 173/124/132 175/18/134
f 177/126/132 176/125/135 175/18/134
f 178/21/134 177/126/132 175/18/134
f 179/127/135 178/21/134 175/18/134
f 180/128/135 179/127/135 175/18/134
f 181/129/134 180/128/135 175/18/134
f 182/25/134 181/129/134 175/18/134
f 183/26/134 182/25/134 175/18/134
f 184/130/134 183/26/134 175/18/134
f 185/131/134 184/130/134 175/18/134
f 174/17/133 185/131/134 175/18/134
f 186/29/136 187/132/136 188/133/136
f 187/132/136 189/134/137 188/133/136
f 189/134/137 190/135/138 188/133/136
f 190/135/138 191/136/136 188/133/136
f 191/136/136 192/35/136 188/133/136
f 192/35/136 193/137/136 188/133/136
f 193/137/136 194/138/136 188/133/136
f 194/138/136 195/139/139 188/133/136
f 195/139/139 196/39/136 188/133/136
f 196/39/136 197/40/136 188/133/136
f 197/40/136 198/140/136 188/133/136
f 198/140/136 186/29/136 188/133/136
f 199/61/140 200/60/141 201/59/142
f 201/59/142 202/58/108 199/61/140
f 202/58/108 201/59/142 203/64/143
f 203/64/143 204/62/144 202/58/108
f 204/62/144 205/63/112 206/59/145
f 206/59/145 207/58/146 204/62/144
f 207/58/146 206/59/145 208/60/147
f 208/60/147 209/61/147 207/58/146
f 209/61/147 208/60/147 210/66/148
f 210/66/148 211/65/149 209/61/147
f 211/65/149 210/66/148 212/68/150
f 212/68/150 213/67/121 211/65/149
f 213/67/121 212/68/150 214/70/151
f 214/70/151 215/69/152 213/67/121
f 215/69/152 214/70/151 216/141/153
f 216/141/153 217/71/154 215/69/152
f 217/71/154 216/141/153 218/70/126
f 218/70/126 219/69/126 217/71/154
f 219/69/126 218/70/126 220/68/129
f 220/68/129 221/67/155 219/69/126
f 221/67/155 220/68/129 222/66/156
f 222/66/156 223/65/157 221/67/155
f 223/65/157 222/66/156 200/60/141
f 200/60/141 199/61/140 223/65/157
f 224/45/158 225/44/159 226/43/108
f 226/43/108 227/42/160 224/45/158
f 228/47/161 229/46/161 225/44/159
f 225/44/159 224/45/158 228/47/161
f 230/45/115 231/48/162 232/142/161
f 232/142/161 228/47/161 230/45/115
f 233/42/163 234/43/164 231/48/162
f 231/48/162 230/45/115 233/42/163
f 235/50/165 236/49/166 234/43/164
f 234/43/164 233/42/163 235/50/165
f 237/52/167 238/51/121 236/49/166
f 236/49/166 235/50/165 237/52/167
f 239/54/123 240/53/168 238/51/121
f 238/51/121 237/52/167 239/54/123
f 241/56/153 242/55/153 240/53/168
f 240/53/168 239/54/123 241/56/153
f 243/54/127 244/53/169 242/55/153
f 242/55/153 241/56/153 243/54/127
f 245/52/170 246/51/171 244/53/169
f 244/53/169 243/54/127 245/52/170
f 247/57/172 248/49/157 246/51/171
f 246/51/171 245/52/170 247/57/172
f 227/42/160 226/43/108 248/49/157
f 248/49/157 247/57/172 227/42/160
f 249/143/110 250/144/173 251/145/174
f 251/145/174 252/146/108 249/143/110
f 252/146/108 251/145/174 253/147/175
f 253/147/175 254/148/143 252/146/108
f 254/148/143 253/147/175 255/149/176
f 255/149/176 256/150/145 254/148/143
f 256/150/145 255/149/176 257/151/177
f 257/151/177 258/82/178 256/150/145
f 258/82/178 257/151/177 259/152/179
f 259/152/179 260/84/180 258/82/178
f 260/84/180 259/152/179 261/85/181
f 261/85/181 262/86/121 260/84/180
f 262/86/121 261/85/181 263/153/182
f 263/153/182 264/154/123 262/86/121
f 264/154/123 263/153/182 265/155/183
f 265/155/183 266/156/184 264/154/123
f 266/156/184 265/155/183 267/157/185
f 267/157/185 268/158/127 266/156/184
f 268/158/127 267/157/185 269/93/186
f 269/93/186 270/159/187 268/158/127
f 270/159/187 269/93/186 271/160/188
f 271/160/188 272/161/157 270/159/187
f 272/161/157 271/160/188 250/144/173
f 250/144/173 249/143/110 272/161/157
f 273/97/189 274/98/190 275/99/191
f 275/99/191 276/100/142 273/97/189
f 277/162/192 278/163/193 274/98/190
f 274/98/190 273/97/189 277/162/192
f 279/164/194 280/165/195 278/163/193
f 278/163/193 277/162/192 279/164/194
f 281/105/196 282/166/197 280/165/195
f 280/165/195 279/164/194 281/105/196
f 283/167/149 284/108/198 282/166/197
f 282/166/197 281/105/196 283/167/149
f 285/168/150 286/169/199 284/108/198
f 284/108/198 283/167/149 285/168/150
f 287/170/152 288/171/200 286/169/199
f 286/169/199 285/168/150 287/170/152
f 289/172/154 290/173/201 288/171/200
f 288/171/200 287/170/152 289/172/154
f 291/174/202 292/175/203 290/173/201
f 290/173/201 289/172/154 291/174/202
f 293/117/170 294/118/204 292/175/203
f 292/175/203 291/174/202 293/117/170
f 295/119/157 296/120/205 294/118/204
f 294/118/204 293/117/170 295/119/157
f 276/100/142 275/99/191 296/120/205
f 296/120/205 295/119/157 276/100/142
f 250/144/173 174/17/133 173/124/132
f 173/124/132 251/145/174 250/144/173
f 251/145/174 173/124/132 176/125/135
f 176/125/135 253/147/175 251/145/174
f 253/147/175 176/125/135 177/126/132
f 177/126/132 255/149/176 253/147/175
f 255/149/176 177/126/132 178/21/134
f 178/21/134 257/151/177 255/149/176
f 257/151/177 178/21/134 179/127/135
f 179/127/135 259/152/179 257/151/177
f 259/152/179 179/127/135 180/128/135
f 180/128/135 261/85/181 259/152/179
f 261/85/181 180/128/135 181/129/134
f 181/129/134 263/153/182 261/85/181
f 263/153/182 181/129/134 182/25/134
f 182/25/134 265/155/183 263/153/182
f 265/155/183 182/25/134 183/26/134
f 183/26/134 267/157/185 265/155/183
f 267/157/185 183/26/134 184/130/134
f 184/130/134 269/93/186 267/157/185
f 269/93/186 184/130/134 185/131/134
f 185/131/134 271/160/188 269/93/186
f 271/160/188 185/131/134 174/17/133
f 174/17/133 250/144/173 271/160/188
f 274/98/190 187/132/136 186/29/136
f 186/29/136 275/99/191 274/98/190
f 278/163/193 189/134/137 187/132/136
f 187/132/136 274/98/190 278/163/193
f 280/165/195 190/135/138 189/134/137
f 189/134/137 278/163/193 280/165/195
f 282/166/197 191/136/136 190/135/138
f 190/135/138 280/165/195 282/166/197
f 284/108/198 192/35/136 191/136/136
f 191/136/136 282/166/197 284/108/198
f 286/169/199 193/137/136 192/35/136
f 192/35/136 284/108/198 286/169/199
f 288/171/200 194/138/136 193/137/136
f 193/137/136 286/169/199 288/171/200
f 290/173/201 195/139/139 194/138/136
f 194/138/136 288/171/200 290/173/201
f 292/175/203 196/39/136 195/139/139
f 195/139/139 290/173/201 292/175/203
f 294/118/204 197/40/136 196/39/136
f 196/39/136 292/175/203 294/118/204
f 296/120/205 198/140/136 197/40/136
f 197/40/136 294/118/204 296/120/205
f 275/99/191 186/29/136 198/140/136
f 198/140/136 296/120/205 275/99/191
f 202/58/108 149/2/108 152/121/111
f 152/121/111 199/61/140 202/58/108
f 227/42/160 151/4/110 150/1/109
f 150/1/109 224/45/158 227/42/160
f 204/62/144 153/6/112 149/2/108
f 149/2/108 202/58/108 204/62/144
f 224/45/158 150/1/109 154/5/113
f 154/5/113 228/47/161 224/45/158
f 207/58/146 155/2/114 153/6/112
f 153/6/112 204/62/144 207/58/146
f 228/47/161 154/5/113 156/1/115
f 156/1/115 230/45/115 228/47/161
f 209/61/147 157/3/116 155/2/114
f 155/2/114 207/58/146 209/61/147
f 230/45/115 156/1/115 158/4/117
f 158/4/117 233/42/163 230/45/115
f 211/65/149 159/9/118 157/3/116
f 157/3/116 209/61/147 211/65/149
f 233/42/163 158/4/117 160/8/119
f 160/8/119 235/50/165 233/42/163
f 213/67/121 161/11/120 159/9/118
f 159/9/118 211/65/149 213/67/121
f 235/50/165 160/8/119 162/10/121
f 162/10/121 237/52/167 235/50/165
f 215/69/152 163/122/122 161/11/120
f 161/11/120 213/67/121 215/69/152
f 237/52/167 162/10/121 164/12/123
f 164/12/123 239/54/123 237/52/167
f 217/71/154 165/15/124 163/122/122
f 163/122/122 215/69/152 217/71/154
f 239/54/123 164/12/123 166/123/125
f 166/123/125 241/56/153 239/54/123
f 219/69/126 167/13/126 165/15/124
f 165/15/124 217/71/154 219/69/126
f 241/56/153 166/123/125 168/12/127
f 168/12/127 243/54/127 241/56/153
f 221/67/155 169/11/128 167/13/126
f 167/13/126 219/69/126 221/67/155
f 243/54/127 168/12/127 170/10/129
f 170/10/129 245/52/170 243/54/127
f 223/65/157 171/9/130 169/11/128
f 169/11/128 221/67/155 223/65/157
f 245/52/170 170/10/129 172/8/131
f 172/8/131 247/57/172 245/52/170
f 199/61/140 152/121/111 171/9/130
f 171/9/130 223/65/157 199/61/140
f 247/57/172 172/8/131 151/4/110
f 151/4/110 227/42/160 247/57/172
f 297/2/142 298/176/109 299/177/206
f 299/177/206 300/3/207 297/2/142
f 301/178/208 302/179/209 298/176/109
f 298/176/109 297/2/142 301/178/208
f 303/2/145 304/176/210 302/179/209
f 302/179/209 305/7/211 303/2/145
f 306/180/147 307/181/178 304/176/210
f 304/176/210 303/2/145 306/180/147
f 308/182/212 309/183/165 307/181/178
f 307/181/178 306/180/147 308/182/212
f 310/184/213 311/185/214 309/183/165
f 309/183/165 308/182/212 310/184/213
f 312/186/122 313/187/123 311/185/214
f 311/185/214 310/184/213 312/186/122
f 314/188/154 315/189/215 313/187/123
f 313/187/123 312/186/122 314/188/154
f 316/190/126 317/191/127 318/192/153
f 318/192/153 319/193/154 316/190/126
f 320/11/216 321/194/187 317/191/127
f 317/191/127 316/190/126 320/11/216
f 322/195/217 323/8/131 321/194/187
f 321/194/187 320/11/216 322/195/217
f 300/3/207 299/177/206 323/8/131
f 323/8/131 322/195/217 300/3/207
f 324/16/132 325/17/133 326/196/134
f 327/19/132 324/16/132 326/196/134
f 328/126/132 327/19/132 326/196/134
f 329/197/132 328/126/132 326/196/134
f 330/22/132 329/197/132 326/196/134
f 331/198/135 330/22/132 326/196/134
f 332/24/134 331/198/135 326/196/134
f 333/199/134 332/24/134 326/196/134
f 334/26/134 333/199/134 326/196/134
f 335/200/134 334/26/134 326/196/134
f 336/28/132 335/200/134 326/196/134
f 325/17/133 336/28/132 326/196/134
f 337/29/137 338/30/137 339/201/136
f 338/30/137 340/134/138 339/201/136
f 340/134/138 341/135/138 339/201/136
f 341/135/138 342/136/136 339/201/136
f 342/136/136 343/202/138 339/201/136
f 343/202/138 344/36/138 339/201/136
f 344/36/138 345/203/138 339/201/136
f 345/203/138 346/204/218 339/201/136
f 346/204/218 347/205/219 339/201/136
f 347/205/219 348/40/136 339/201/136
f 348/40/136 349/206/219 339/201/136
f 349/206/219 337/29/137 339/201/136
f 350/61/108 351/60/220 352/59/221
f 352/59/221 353/58/221 350/61/108
f 353/58/221 352/59/221 354/64/143
f 354/64/143 355/207/143 353/58/221
f 356/62/143 354/64/143 357/59/115
f 357/59/115 358/58/114 356/62/143
f 358/58/114 357/59/115 359/208/222
f 359/208/222 360/209/222 358/58/114
f 360/209/222 359/208/222 361/210/223
f 361/210/223 362/211/118 360/209/222
f 362/211/118 361/210/223 363/212/224
f 363/212/224 364/213/213 362/211/118
f 364/213/213 363/212/224 365/214/225
f 365/214/225 366/215/225 364/213/213
f 366/215/225 365/214/225 367/216/153
f 367/216/153 368/217/154 366/215/225
f 368/217/154 369/218/153 370/214/226
f 370/214/226 371/219/227 368/217/154
f 371/219/227 370/214/226 372/68/170
f 372/68/170 373/67/170 371/219/227
f 373/67/170 372/68/170 374/66/217
f 374/66/217 375/65/217 373/67/170
f 375/65/217 374/66/217 351/60/220
f 351/60/220 350/61/108 375/65/217
f 376/220/109 377/221/228 378/222/110
f 378/222/110 379/223/110 376/220/109
f 380/224/229 381/142/143 377/221/228
f 377/221/228 376/220/109 380/224/229
f 382/220/230 383/221/145 384/46/112
f 384/46/112 380/224/229 382/220/230
f 385/225/178 386/226/231 383/221/145
f 383/221/145 382/220/230 385/225/178
f 387/227/232 388/228/118 386/226/231
f 386/226/231 385/225/178 387/227/232
f 389/229/233 390/230/234 388/228/118
f 388/228/118 387/227/232 389/229/233
f 391/231/151 392/232/235 390/230/234
f 390/230/234 389/229/233 391/231/151
f 393/233/236 394/234/237 392/232/235
f 392/232/235 391/231/151 393/233/236
f 395/235/238 396/236/239 394/234/237
f 394/234/237 397/237/240 395/235/238
f 398/52/241 399/51/242 396/236/239
f 396/236/239 395/235/238 398/52/241
f 400/238/243 401/239/244 399/51/242
f 399/51/242 398/52/241 400/238/243
f 379/223/110 378/222/110 401/239/244
f 401/239/244 400/238/243 379/223/110
f 402/240/160 403/74/245 404/241/246
f 404/241/246 405/76/109 402/240/160
f 405/76/109 404/241/246 406/242/247
f 406/242/247 407/78/143 405/76/109
f 407/78/143 406/242/247 408/243/248
f 408/243/248 409/80/115 407/78/143
f 409/80/115 408/243/248 410/244/249
f 410/244/249 411/82/117 409/80/115
f 411/82/117 410/244/249 412/83/250
f 412/83/250 413/84/119 411/82/117
f 413/84/119 412/83/250 414/85/181
f 414/85/181 415/245/224 413/84/119
f 415/245/224 414/85/181 416/87/182
f 416/87/182 417/88/251 415/245/224
f 417/88/251 416/87/182 418/89/183
f 418/89/183 419/246/153 417/88/251
f 419/246/153 418/89/183 420/91/185
f 420/91/185 421/92/226 419/246/153
f 421/92/226 420/91/185 422/247/252
f 422/247/252 423/248/170 421/92/226
f 423/248/170 422/247/252 424/95/188
f 424/95/188 425/249/217 423/248/170
f 425/249/217 424/95/188 403/74/245
f 403/74/245 402/240/160 425/249/217
f 426/97/108 427/250/190 428/251/253
f 428/251/253 429/252/141 426/97/108
f 430/162/254 431/163/255 427/250/190
f 427/250/190 426/97/108 430/162/254
f 432/103/256 433/165/195 431/163/255
f 431/163/255 430/162/254 432/103/256
f 434/105/257 435/253/197 433/165/195
f 433/165/195 432/103/256 434/105/257
f 436/254/258 437/255/198 435/253/197
f 435/253/197 434/105/257 436/254/258
f 438/256/213 439/257/259 437/255/198
f 437/255/198 436/254/258 438/256/213
f 440/170/151 441/171/200 439/257/259
f 439/257/259 438/256/213 440/170/151
f 442/258/260 443/259/261 441/171/200
f 441/171/200 440/170/151 442/258/260
f 444/260/262 445/261/203 443/259/261
f 443/259/261 442/258/260 444/260/262
f 446/262/242 447/263/263 445/261/203
f 445/261/203 444/260/262 446/262/242
f 448/264/264 449/265/205 447/263/263
f 447/263/263 446/262/242 448/264/264
f 429/252/141 428/251/253 449/265/205
f 449/265/205 448/264/264 429/252/141
f 403/74/245 325/17/133 324/16/132
f 324/16/132 404/241/246 403/74/245
f 404/241/246 324/16/132 327/19/132
f 327/19/132 406/242/247 404/241/246
f 406/242/247 327/19/132 328/126/132
f 328/126/132 408/243/248 406/242/247
f 408/243/248 328/126/132 329/197/132
f 329/197/132 410/244/249 408/243/248
f 410/244/249 329/197/132 330/22/132
f 330/22/132 412/83/250 410/244/249
f 412/83/250 330/22/132 331/198/135
f 331/198/135 414/85/181 412/83/250
f 414/85/181 331/198/135 332/24/134
f 332/24/134 416/87/182 414/85/181
f 416/87/182 332/24/134 333/199/134
f 333/199/134 418/89/183 416/87/182
f 418/89/183 333/199/134 334/26/134
f 334/26/134 420/91/185 418/89/183
f 420/91/185 334/26/134 335/200/134
f 335/200/134 422/247/252 420/91/185
f 422/247/252 335/200/134 336/28/132
f 336/28/132 424/95/188 422/247/252
f 424/95/188 336/28/132 325/17/133
f 325/17/133 403/74/245 424/95/188
f 427/250/190 338/30/137 337/29/137
f 337/29/137 428/251/253 427/250/190
f 431/163/255 340/134/138 338/30/137
f 338/30/137 427/250/190 431/163/255
f 433/165/195 341/135/138 340/134/138
f 340/134/138 431/163/255 433/165/195
f 435/253/197 342/136/136 341/135/138
f 341/135/138 433/165/195 435/253/197
f 437/255/198 343/202/138 342/136/136
f 342/136/136 435/253/197 437/255/198
f 439/257/259 344/36/138 343/202/138
f 343/202/138 437/255/198 439/257/259
f 441/171/200 345/203/138 344/36/138
f 344/36/138 439/257/259 441/171/200
f 443/259/261 346/204/218 345/203/138
f 345/203/138 441/171/200 443/259/261
f 445/261/203 347/205/219 346/204/218
f 346/204/218 443/259/261 445/261/203
f 447/263/263 348/40/136 347/205/219
f 347/205/219 445/261/203 447/263/263
f 449/265/205 349/206/219 348/40/136
f 348/40/136 447/263/263 449/265/205
f 428/251/253 337/29/137 349/206/219
f 349/206/219 449/265/205 428/251/253
f 353/58/221 297/2/142 300/3/207
f 300/3/207 350/61/108 353/58/221
f 379/223/110 299/177/206 298/176/109
f 298/176/109 376/220/109 379/223/110
f 355/207/143 301/178/208 297/2/142
f 297/2/142 353/58/221 355/207/143
f 376/220/109 298/176/109 302/179/209
f 302/179/209 380/224/229 376/220/109
f 358/58/114 303/2/145 305/7/211
f 305/7/211 356/62/143 358/58/114
f 380/224/229 302/179/209 304/176/210
f 304/176/210 382/220/230 380/224/229
f 360/209/222 306/180/147 303/2/145
f 303/2/145 358/58/114 360/209/222
f 382/220/230 304/176/210 307/181/178
f 307/181/178 385/225/178 382/220/230
f 362/211/118 308/182/212 306/180/147
f 306/180/147 360/209/222 362/211/118
f 385/225/178 307/181/178 309/183/165
f 309/183/165 387/227/232 385/225/178
f 364/213/213 310/184/213 308/182/212
f 308/182/212 362/211/118 364/213/213
f 387/227/232 309/183/165 311/185/214
f 311/185/214 389/229/233 387/227/232
f 366/215/225 312/186/122 310/184/213
f 310/184/213 364/213/213 366/215/225
f 389/229/233 311/185/214 313/187/123
f 313/187/123 391/231/151 389/229/233
f 368/217/154 314/188/154 312/186/122
f 312/186/122 366/215/225 368/217/154
f 391/231/151 313/187/123 315/189/215
f 315/189/215 393/233/236 391/231/151
f 371/219/227 316/190/126 319/193/154
f 319/193/154 368/217/154 371/219/227
f 397/237/240 318/192/153 317/191/127
f 317/191/127 395/235/238 397/237/240
f 373/67/170 320/11/216 316/190/126
f 316/190/126 371/219/227 373/67/170
f 395/235/238 317/191/127 321/194/187
f 321/194/187 398/52/241 395/235/238
f 375/65/217 322/195/217 320/11/216
f 320/11/216 373/67/170 375/65/217
f 398/52/241 321/194/187 323/8/131
f 323/8/131 400/238/243 398/52/241
f 350/61/108 300/3/207 322/195/217
f 322/195/217 375/65/217 350/61/108
f 400/238/243 323/8/131 299/177/206
f 299/177/206 379/223/110 400/238/243
f 450/266/265 451/267/266 452/180/267
f 452/180/267 453/268/268 450/266/265
f 454/5/269 455/7/270 451/267/266
f 451/267/266 450/266/265 454/5/269
f 456/269/271 457/270/272 455/7/270
f 455/7/270 454/5/269 456/269/271
f 458/268/273 459/180/273 457/270/272
f 457/270/272 456/269/271 458/268/273
f 460/183/274 461/182/275 459/180/273
f 459/180/273 458/268/273 460/183/274
f 462/271/276 463/184/277 461/182/275
f 461/182/275 460/183/274 462/271/276
f 464/272/278 465/186/279 463/184/277
f 463/184/277 462/271/276 464/272/278
f 466/273/280 467/188/281 465/186/279
f 465/186/279 464/272/278 466/273/280
f 468/272/282 469/190/283 467/188/280
f 467/188/280 470/274/284 468/272/282
f 471/271/285 472/184/285 469/190/283
f 469/190/283 468/272/282 471/271/285
f 473/183/286 474/182/287 472/184/285
f 472/184/285 471/271/285 473/183/286
f 453/268/268 452/180/267 474/182/287
f 474/182/287 473/183/286 453/268/268
f 475/275/288 476/17/288 477/18/289
f 478/19/288 475/275/288 477/18/289
f 479/126/290 478/19/288 477/18/289
f 480/21/290 479/126/290 477/18/289
f 481/127/290 480/21/290 477/18/289
f 482/128/290 481/127/290 477/18/289
f 483/129/291 482/128/290 477/18/289
f 484/25/292 483/129/291 477/18/289
f 485/26/290 484/25/292 477/18/289
f 486/27/290 485/26/290 477/18/289
f 487/131/290 486/27/290 477/18/289
f 476/17/288 487/131/290 477/18/289
f 488/29/293 489/132/294 490/31/294
f 489/132/294 491/32/295 490/31/294
f 491/32/295 492/33/296 490/31/294
f 492/33/296 493/34/294 490/31/294
f 493/34/294 494/35/294 490/31/294
f 494/35/294 495/36/297 490/31/294
f 495/36/297 496/37/298 490/31/294
f 496/37/298 497/204/299 490/31/294
f 497/204/299 498/276/293 490/31/294
f 498/276/293 499/40/296 490/31/294
f 499/40/296 500/41/294 490/31/294
f 500/41/294 488/29/293 490/31/294
f 501/277/300 502/278/268 503/279/301
f 503/279/301 504/280/302 501/277/300
f 504/280/302 503/279/301 505/46/270
f 505/46/270 506/47/303 504/280/302
f 506/47/303 505/46/270 507/281/304
f 507/281/304 508/282/271 506/47/303
f 508/282/271 507/281/304 509/278/305
f 509/278/305 510/277/306 508/282/271
f 510/277/306 509/278/305 511/283/118
f 511/283/118 512/284/307 510/277/306
f 512/284/307 511/283/118 513/285/308
f 513/285/308 514/229/309 512/284/307
f 514/229/309 513/285/308 515/286/310
f 515/286/310 516/231/311 514/229/309
f 516/231/311 515/286/310 517/234/280
f 517/234/280 518/287/312 516/231/311
f 518/287/312 517/234/280 519/286/283
f 519/286/283 520/231/313 518/287/312
f 520/231/313 519/286/283 521/288/285
f 521/288/285 522/229/285 520/231/313
f 522/229/285 521/288/285 523/283/157
f 523/283/157 524/289/286 522/229/285
f 524/289/286 523/283/157 502/278/268
f 502/278/268 501/277/300 524/289/286
f 525/290/268 526/291/268 527/208/314
f 527/208/314 528/292/315 525/290/268
f 529/62/316 530/293/270 526/291/268
f 526/291/268 525/290/268 529/62/316
f 531/294/317 532/295/318 530/293/270
f 530/293/270 529/62/316 531/294/317
f 533/292/273 534/208/273 532/295/318
f 532/295/318 531/294/317 533/292/273
f 535/211/319 536/296/320 534/208/273
f 534/208/273 533/292/273 535/211/319
f 537/297/321 538/298/276 536/296/320
f 536/296/320 535/211/319 537/297/321
f 539/219/322 540/214/323 538/298/276
f 538/298/276 537/297/321 539/219/322
f 541/299/324 542/216/325 540/214/323
f 540/214/323 539/219/322 541/299/324
f 543/219/326 544/214/327 545/218/325
f 545/218/325 546/217/325 543/219/326
f 547/213/328 548/298/285 544/214/327
f 544/214/327 543/219/326 547/213/328
f 549/211/287 550/296/157 548/298/285
f 548/298/285 547/213/328 549/211/287
f 528/292/315 527/208/314 550/296/157
f 550/296/157 549/211/287 528/292/315
f 551/240/268 552/74/329 553/241/330
f 553/241/330 554/76/301 551/240/268
f 554/76/301 553/241/330 555/300/331
f 555/300/331 556/78/270 554/76/301
f 556/78/270 555/300/331 557/243/332
f 557/243/332 558/150/272 556/78/270
f 558/150/272 557/243/332 559/244/333
f 559/244/333 560/82/334 558/150/272
f 560/82/334 559/244/333 561/83/182
f 561/83/182 562/84/119 560/82/334
f 562/84/119 561/83/182 563/85/335
f 563/85/335 564/86/336 562/84/119
f 564/86/336 563/85/335 565/153/337
f 565/153/337 566/88/338 564/86/336
f 566/88/338 565/153/337 567/301/339
f 567/301/339 568/156/312 566/88/338
f 568/156/312 567/301/339 569/302/340
f 569/302/340 570/92/282 568/156/312
f 570/92/282 569/302/340 571/93/341
f 571/93/341 572/159/285 570/92/282
f 572/159/285 571/93/341 573/160/342
f 573/160/342 574/161/157 572/159/285
f 574/161/157 573/160/342 552/74/329
f 552/74/329 551/240/268 574/161/157
f 575/97/268 576/250/343 577/99/344
f 577/99/344 578/303/314 575/97/268
f 579/101/345 580/102/346 576/250/343
f 576/250/343 575/97/268 579/101/345
f 581/103/347 582/165/348 580/102/346
f 580/102/346 579/101/345 581/103/347
f 583/105/273 584/166/349 582/165/348
f 582/165/348 581/103/347 583/105/273
f 585/107/319 586/304/195 584/166/349
f 584/166/349 583/105/273 585/107/319
f 587/256/277 588/110/350 586/304/195
f 586/304/195 585/107/319 587/256/277
f 589/305/311 590/171/351 588/110/350
f 588/110/350 587/256/277 589/305/311
f 591/258/352 592/114/353 590/171/351
f 590/171/351 589/305/311 591/258/352
f 593/115/354 594/175/355 592/114/353
f 592/114/353 591/258/352 593/115/354
f 595/306/285 596/118/356 594/175/355
f 594/175/355 593/115/354 595/306/285
f 597/119/287 598/120/357 596/118/356
f 596/118/356 595/306/285 597/119/287
f 578/303/314 577/99/344 598/120/357
f 598/120/357 597/119/287 578/303/314
f 552/74/329 476/17/288 475/275/288
f 475/275/288 553/241/330 552/74/329
f 553/241/330 475/275/288 478/19/288
f 478/19/288 555/300/331 553/241/330
f 555/300/331 478/19/288 479/126/290
f 479/126/290 557/243/332 555/300/331
f 557/243/332 479/126/290 480/21/290
f 480/21/290 559/244/333 557/243/332
f 559/244/333 480/21/290 481/127/290
f 481/127/290 561/83/182 559/244/333
f 561/83/182 481/127/290 482/128/290
f 482/128/290 563/85/335 561/83/182
f 563/85/335 482/128/290 483/129/291
f 483/129/291 565/153/337 563/85/335
f 565/153/337 483/129/291 484/25/292
f 484/25/292 567/301/339 565/153/337
f 567/301/339 484/25/292 485/26/290
f 485/26/290 569/302/340 567/301/339
f 569/302/340 485/26/290 486/27/290
f 486/27/290 571/93/341 569/302/340
f 571/93/341 486/27/290 487/131/290
f 487/131/290 573/160/342 571/93/341
f 573/160/342 487/131/290 476/17/288
f 476/17/288 552/74/329 573/160/342
f 576/250/343 489/132/294 488/29/293
f 488/29/293 577/99/344 576/250/343
f 580/102/346 491/32/295 489/132/294
f 489/132/294 576/250/343 580/102/346
f 582/165/348 492/33/296 491/32/295
f 491/32/295 580/102/346 582/165/348
f 584/166/349 493/34/294 492/33/296
f 492/33/296 582/165/348 584/166/349
f 586/304/195 494/35/294 493/34/294
f 493/34/294 584/166/349 586/304/195
f 588/110/350 495/36/297 494/35/294
f 494/35/294 586/304/195 588/110/350
f 590/171/351 496/37/298 495/36/297
f 495/36/297 588/110/350 590/171/351
f 592/114/353 497/204/299 496/37/298
f 496/37/298 590/171/351 592/114/353
f 594/175/355 498/276/293 497/204/299
f 497/204/299 592/114/353 594/175/355
f 596/118/356 499/40/296 498/276/293
f 498/276/293 594/175/355 596/118/356
f 598/120/357 500/41/294 499/40/296
f 499/40/296 596/118/356 598/120/357
f 577/99/344 488/29/293 500/41/294
f 500/41/294 598/120/357 577/99/344
f 504/280/302 450/266/265 453/268/268
f 453/268/268 501/277/300 504/280/302
f 528/292/315 452/180/267 451/267/266
f 451/267/266 525/290/268 528/292/315
f 506/47/303 454/5/269 450/266/265
f 450/266/265 504/280/302 506/47/303
f 525/290/268 451/267/266 455/7/270
f 455/7/270 529/62/316 525/290/268
f 508/282/271 456/269/271 454/5/269
f 454/5/269 506/47/303 508/282/271
f 529/62/316 455/7/270 457/270/272
f 457/270/272 531/294/317 529/62/316
f 510/277/306 458/268/273 456/269/271
f 456/269/271 508/282/271 510/277/306
f 531/294/317 457/270/272 459/180/273
f 459/180/273 533/292/273 531/294/317
f 512/284/307 460/183/274 458/268/273
f 458/268/273 510/277/306 512/284/307
f 533/292/273 459/180/273 461/182/275
f 461/182/275 535/211/319 533/292/273
f 514/229/309 462/271/276 460/183/274
f 460/183/274 512/284/307 514/229/309
f 535/211/319 461/182/275 463/184/277
f 463/184/277 537/297/321 535/211/319
f 516/231/311 464/272/278 462/271/276
f 462/271/276 514/229/309 516/231/311
f 537/297/321 463/184/277 465/186/279
f 465/186/279 539/219/322 537/297/321
f 518/287/312 466/273/280 464/272/278
f 464/272/278 516/231/311 518/287/312
f 539/219/322 465/186/279 467/188/281
f 467/188/281 541/299/324 539/219/322
f 520/231/313 468/272/282 470/274/284
f 470/274/284 518/287/312 520/231/313
f 546/217/325 467/188/280 469/190/283
f 469/190/283 543/219/326 546/217/325
f 522/229/285 471/271/285 468/272/282
f 468/272/282 520/231/313 522/229/285
f 543/219/326 469/190/283 472/184/285
f 472/184/285 547/213/328 543/219/326
f 524/289/286 473/183/286 471/271/285
f 471/271/285 522/229/285 524/289/286
f 547/213/328 472/184/285 474/182/287
f 474/182/287 549/211/287 547/213/328
f 501/277/300 453/268/268 473/183/286
f 473/183/286 524/289/286 501/277/300
f 549/211/287 474/182/287 452/180/267
f 452/180/267 528/292/315 549/211/287
f 599/10/358 600/11/359 601/13/360
f 601/13/360 602/12/361 599/10/358
f 603/8/362 604/9/362 600/11/359
f 600/11/359 599/10/358 603/8/362
f 605/307/363 606/121/364 604/9/362
f 604/9/362 603/8/362 605/307/363
f 607/1/365 608/2/366 606/121/364
f 606/121/364 605/307/363 607/1/365
f 609/5/367 610/7/368 608/2/366
f 608/2/366 607/1/365 609/5/367
f 611/308/369 612/2/369 610/7/368
f 610/7/368 609/5/367 611/308/369
f 613/307/370 614/3/371 612/2/369
f 612/2/369 611/308/369 613/307/370
f 615/8/372 616/9/373 614/3/371
f 614/3/371 613/307/370 615/8/372
f 617/10/374 618/11/375 616/9/373
f 616/9/373 615/8/372 617/10/374
f 619/12/376 620/13/377 618/11/375
f 618/11/375 617/10/374 619/12/376
f 621/14/378 622/15/379 620/13/377
f 620/13/377 619/12/376 621/14/378
f 602/12/361 601/13/360 622/15/379
f 622/15/379 623/123/379 602/12/361
f 624/29/380 625/30/381 626/31/382
f 627/41/380 624/29/380 626/31/382
f 628/40/380 627/41/380 626/31/382
f 629/276/380 628/40/380 626/31/382
f 630/204/383 629/276/380 626/31/382
f 631/37/384 630/204/383 626/31/382
f 632/36/380 631/37/384 626/31/382
f 633/309/385 632/36/380 626/31/382
f 634/34/380 633/309/385 626/31/382
f 635/33/381 634/34/380 626/31/382
f 636/32/385 635/33/381 626/31/382
f 625/30/381 636/32/385 626/31/382
f 637/310/386 638/311/387 639/312/388
f 638/311/387 640/313/388 639/312/388
f 640/313/388 641/314/386 639/312/388
f 641/314/386 642/315/389 639/312/388
f 642/315/389 643/316/390 639/312/388
f 643/316/390 644/317/391 639/312/388
f 644/317/391 645/318/392 639/312/388
f 645/318/392 646/319/393 639/312/388
f 646/319/393 647/320/386 639/312/388
f 647/320/386 648/321/386 639/312/388
f 648/321/386 649/322/394 639/312/388
f 649/322/394 637/310/386 639/312/388
f 650/54/395 651/53/396 652/51/397
f 652/51/397 653/52/397 650/54/395
f 653/52/397 652/51/397 654/49/398
f 654/49/398 655/57/399 653/52/397
f 655/57/399 654/49/398 656/43/400
f 656/43/400 657/42/401 655/57/399
f 657/42/401 656/43/400 658/48/402
f 658/48/402 659/323/403 657/42/401
f 659/323/403 658/48/402 660/46/404
f 660/46/404 661/47/405 659/323/403
f 661/47/405 660/46/404 662/48/369
f 662/48/369 663/45/406 661/47/405
f 663/45/406 662/48/369 664/43/371
f 664/43/371 665/42/407 663/45/406
f 665/42/407 664/43/371 666/49/157
f 666/49/157 667/57/157 665/42/407
f 667/57/157 666/49/157 668/51/408
f 668/51/408 669/52/409 667/57/157
f 669/52/409 668/51/408 670/53/410
f 670/53/410 671/54/411 669/52/409
f 671/54/411 670/53/410 672/55/412
f 672/55/412 673/56/413 671/54/411
f 673/56/413 672/55/412 651/53/396
f 651/53/396 650/54/395 673/56/413
f 674/67/414 675/68/415 676/70/416
f 676/70/416 677/69/416 674/67/414
f 678/65/417 679/66/307 675/68/415
f 675/68/415 674/67/414 678/65/417
f 680/61/418 681/60/419 679/66/307
f 679/66/307 678/65/417 680/61/418
f 682/58/420 683/59/421 681/60/419
f 681/60/419 680/61/418 682/58/420
f 684/62/422 685/64/404 683/59/421
f 683/59/421 682/58/420 684/62/422
f 686/58/423 687/59/424 685/64/404
f 685/64/404 688/207/404 686/58/423
f 689/61/425 690/60/426 687/59/424
f 687/59/424 686/58/423 689/61/425
f 691/65/427 692/66/286 690/60/426
f 690/60/426 689/61/425 691/65/427
f 693/67/428 694/68/429 692/66/286
f 692/66/286 691/65/427 693/67/428
f 695/69/430 696/70/431 694/68/429
f 694/68/429 693/67/428 695/69/430
f 697/71/432 698/72/379 696/70/431
f 696/70/431 695/69/430 697/71/432
f 677/69/416 676/70/416 699/141/379
f 699/141/379 697/71/432 677/69/416
f 700/97/360 701/98/433 702/99/434
f 702/99/434 703/303/435 700/97/360
f 703/303/435 702/99/434 704/120/436
f 704/120/436 705/324/437 703/303/435
f 705/324/437 704/120/436 706/118/438
f 706/118/438 707/325/400 705/324/437
f 707/325/400 706/118/438 708/175/439
f 708/175/439 709/174/440 707/325/400
f 709/174/440 708/175/439 710/114/441
f 710/114/441 711/113/404 709/174/440
f 711/113/404 710/114/441 712/326/442
f 712/326/442 713/327/443 711/113/404
f 713/327/443 712/326/442 714/110/444
f 714/110/444 715/109/371 713/327/443
f 715/109/371 714/110/444 716/304/445
f 716/304/445 717/107/157 715/109/371
f 717/107/157 716/304/445 718/106/446
f 718/106/446 719/328/428 717/107/157
f 719/328/428 718/106/446 720/104/447
f 720/104/447 721/103/448 719/328/428
f 721/103/448 720/104/447 722/102/449
f 722/102/449 723/101/450 721/103/448
f 723/101/450 722/102/449 701/98/433
f 701/98/433 700/97/360 723/101/450
f 724/329/451 725/330/452 726/331/453
f 726/331/453 727/88/454 724/329/451
f 728/332/118 729/333/455 725/330/452
f 725/330/452 724/329/451 728/332/118
f 730/334/400 731/335/456 729/333/455
f 729/333/455 728/332/118 730/334/400
f 732/336/421 733/337/457 731/335/456
f 731/335/456 730/334/400 732/336/421
f 734/338/367 735/339/458 733/337/457
f 733/337/457 732/336/421 734/338/367
f 736/76/424 737/340/459 735/339/458
f 735/339/458 734/338/367 736/76/424
f 738/341/460 739/342/461 737/340/459
f 737/340/459 736/76/424 738/341/460
f 740/343/157 741/344/462 739/342/461
f 739/342/461 738/341/460 740/343/157
f 742/345/409 743/346/463 741/344/462
f 741/344/462 740/343/157 742/345/409
f 744/347/464 745/348/465 743/346/463
f 743/346/463 742/345/409 744/347/464
f 746/349/378 747/350/466 745/348/465
f 745/348/465 744/347/464 746/349/378
f 727/88/454 726/331/453 747/350/466
f 747/350/466 746/349/378 727/88/454
f 701/98/433 625/30/381 624/29/380
f 624/29/380 702/99/434 701/98/433
f 702/99/434 624/29/380 627/41/380
f 627/41/380 704/120/436 702/99/434
f 704/120/436 627/41/380 628/40/380
f 628/40/380 706/118/438 704/120/436
f 706/118/438 628/40/380 629/276/380
f 629/276/380 708/175/439 706/118/438
f 708/175/439 629/276/380 630/204/383
f 630/204/383 710/114/441 708/175/439
f 710/114/441 630/204/383 631/37/384
f 631/37/384 712/326/442 710/114/441
f 712/326/442 631/37/384 632/36/380
f 632/36/380 714/110/444 712/326/442
f 714/110/444 632/36/380 633/309/385
f 633/309/385 716/304/445 714/110/444
f 716/304/445 633/309/385 634/34/380
f 634/34/380 718/106/446 716/304/445
f 718/106/446 634/34/380 635/33/381
f 635/33/381 720/104/447 718/106/446
f 720/104/447 635/33/381 636/32/385
f 636/32/385 722/102/449 720/104/447
f 722/102/449 636/32/385 625/30/381
f 625/30/381 701/98/433 722/102/449
f 725/330/452 638/311/387 637/310/386
f 637/310/386 726/331/453 725/330/452
f 729/333/455 640/313/388 638/311/387
f 638/311/387 725/330/452 729/333/455
f 731/335/456 641/314/386 640/313/388
f 640/313/388 729/333/455 731/335/456
f 733/337/457 642/315/389 641/314/386
f 641/314/386 731/335/456 733/337/457
f 735/339/458 643/316/390 642/315/389
f 642/315/389 733/337/457 735/339/458
f 737/340/459 644/317/391 643/316/390
f 643/316/390 735/339/458 737/340/459
f 739/342/461 645/318/392 644/317/391
f 644/317/391 737/340/459 739/342/461
f 741/344/462 646/319/393 645/318/392
f 645/318/392 739/342/461 741/344/462
f 743/346/463 647/320/386 646/319/393
f 646/319/393 741/344/462 743/346/463
f 745/348/465 648/321/386 647/320/386
f 647/320/386 743/346/463 745/348/465
f 747/350/466 649/322/394 648/321/386
f 648/321/386 745/348/465 747/350/466
f 726/331/453 637/310/386 649/322/394
f 649/322/394 747/350/466 726/331/453
f 653/52/397 599/10/358 602/12/361
f 602/12/361 650/54/395 653/52/397
f 677/69/416 601/13/360 600/11/359
f 600/11/359 674/67/414 677/69/416
f 655/57/399 603/8/362 599/10/358
f 599/10/358 653/52/397 655/57/399
f 674/67/414 600/11/359 604/9/362
f 604/9/362 678/65/417 674/67/414
f 657/42/401 605/307/363 603/8/362
f 603/8/362 655/57/399 657/42/401
f 678/65/417 604/9/362 606/121/364
f 606/121/364 680/61/418 678/65/417
f 659/323/403 607/1/365 605/307/363
f 605/307/363 657/42/401 659/323/403
f 680/61/418 606/121/364 608/2/366
f 608/2/366 682/58/420 680/61/418
f 661/47/405 609/5/367 607/1/365
f 607/1/365 659/323/403 661/47/405
f 682/58/420 608/2/366 610/7/368
f 610/7/368 684/62/422 682/58/420
f 663/45/406 611/308/369 609/5/367
f 609/5/367 661/47/405 663/45/406
f 688/207/404 610/7/368 612/2/369
f 612/2/369 686/58/423 688/207/404
f 665/42/407 613/307/370 611/308/369
f 611/308/369 663/45/406 665/42/407
f 686/58/423 612/2/369 614/3/371
f 614/3/371 689/61/425 686/58/423
f 667/57/157 615/8/372 613/307/370
f 613/307/370 665/42/407 667/57/157
f 689/61/425 614/3/371 616/9/373
f 616/9/373 691/65/427 689/61/425
f 669/52/409 617/10/374 615/8/372
f 615/8/372 667/57/157 669/52/409
f 691/65/427 616/9/373 618/11/375
f 618/11/375 693/67/428 691/65/427
f 671/54/411 619/12/376 617/10/374
f 617/10/374 669/52/409 671/54/411
f 693/67/428 618/11/375 620/13/377
f 620/13/377 695/69/430 693/67/428
f 673/56/413 621/14/378 619/12/376
f 619/12/376 671/54/411 673/56/413
f 695/69/430 620/13/377 622/15/379
f 622/15/379 697/71/432 695/69/430
f 650/54/395 602/12/361 623/123/379
f 623/123/379 673/56/413 650/54/395
f 697/71/432 622/15/379 601/13/360
f 601/13/360 677/69/416 697/71/432
f 748/351/467 749/352/468 750/353/469
f 750/353/469 751/354/470 748/351/467
f 752/354/471 753/353/472 749/352/468
f 749/352/468 748/351/467 752/354/471
f 754/355/473 755/356/474 753/353/472
f 753/353/472 752/354/471 754/355/473
f 756/357/475 757/358/476 755/356/474
f 755/356/474 754/355/473 756/357/475
f 758/359/477 759/360/478 757/358/476
f 757/358/476 756/357/475 758/359/477
f 760/361/479 761/362/480 759/360/478
f 759/360/478 758/359/477 760/361/479
f 762/359/481 763/363/482 761/362/480
f 761/362/480 760/361/479 762/359/481
f 764/364/483 765/358/483 763/363/482
f 763/363/482 762/359/481 764/364/483
f 766/365/484 767/356/485 765/358/483
f 765/358/483 764/364/483 766/365/484
f 751/354/470 750/353/469 767/356/485
f 767/356/485 766/365/484 751/354/470
f 768/366/468 769/367/468 770/368/486
f 771/353/487 768/366/468 770/368/486
f 772/356/473 771/353/487 770/368/486
f 773/358/488 772/356/473 770/368/486
f 774/369/489 773/358/488 770/368/486
f 775/370/490 774/369/489 770/368/486
f 776/371/491 775/370/490 770/368/486
f 777/372/483 776/371/491 770/368/486
f 778/356/484 777/372/483 770/368/486
f 769/367/468 778/356/484 770/368/486
f 779/373/492 780/374/493 781/375/494
f 780/374/493 782/373/495 783/376/496
f 782/373/495 784/377/497 783/376/496
f 784/377/497 785/378/498 783/376/496
f 785/378/498 786/379/499 783/376/496
f 786/379/499 787/380/500 783/376/496
f 787/380/500 788/379/501 781/375/494
f 788/379/501 789/378/502 781/375/494
f 789/378/502 790/381/503 781/375/494
f 790/381/503 779/373/492 781/375/494
f 749/352/468 780/374/493 779/373/492
f 779/373/492 750/353/469 749/352/468
f 753/353/472 782/373/495 780/374/493
f 780/374/493 749/352/468 753/353/472
f 755/356/474 784/377/497 782/373/495
f 782/373/495 753/353/472 755/356/474
f 757/358/476 785/378/498 784/377/497
f 784/377/497 755/356/474 757/358/476
f 759/360/478 786/379/499 785/378/498
f 785/378/498 757/358/476 759/360/478
f 761/362/480 787/380/500 786/379/499
f 786/379/499 759/360/478 761/362/480
f 763/363/482 788/379/501 787/380/500
f 787/380/500 761/362/480 763/363/482
f 765/358/483 789/378/502 788/379/501
f 788/379/501 763/363/482 765/358/483
f 767/356/485 790/381/503 789/378/502
f 789/378/502 765/358/483 767/356/485
f 750/353/469 779/373/492 790/381/503
f 790/381/503 767/356/485 750/353/469
f 791/367/504 792/366/505 793/382/506
f 793/382/506 794/383/506 791/367/504
f 795/352/504 796/353/507 797/354/508
f 797/354/508 798/351/506 795/352/504
f 796/353/507 799/356/509 800/365/510
f 800/365/510 797/354/508 796/353/507
f 799/356/509 801/358/511 802/364/512
f 802/364/512 800/365/510 799/356/509
f 801/358/511 803/369/513 804/359/514
f 804/359/514 802/364/512 801/358/511
f 803/369/513 805/362/515 806/384/516
f 806/384/516 804/359/514 803/369/513
f 807/370/517 808/371/518 809/359/519
f 809/359/519 810/361/516 807/370/517
f 808/371/518 811/372/520 812/357/521
f 812/357/521 809/359/519 808/371/518
f 811/372/520 813/385/522 814/355/523
f 814/355/523 812/357/521 811/372/520
f 813/385/522 791/367/504 794/383/506
f 794/383/506 814/355/523 813/385/522
f 815/366/524 816/368/525 817/353/506
f 818/353/487 816/368/525 815/366/524
f 819/356/509 816/368/525 818/353/487
f 820/358/526 816/368/525 819/356/509
f 821/369/527 816/368/525 820/358/526
f 822/370/517 816/368/525 821/369/527
f 823/369/491 816/368/525 822/370/517
f 824/358/528 816/368/525 823/369/491
f 825/356/522 816/368/525 824/358/528
f 817/353/506 816/368/525 825/356/522
f 826/386/529 827/368/530 828/387/531
f 829/374/532 830/376/533 831/373/534
f 831/373/534 830/376/533 832/381/535
f 832/381/535 830/376/533 833/388/536
f 833/388/536 830/376/533 834/379/537
f 834/379/537 830/376/533 835/389/538
f 835/389/538 827/368/530 836/390/539
f 836/390/539 827/368/530 837/391/540
f 837/391/540 827/368/530 838/381/503
f 838/381/503 827/368/530 826/386/529
f 826/386/529 828/387/531 792/366/505
f 792/366/505 791/367/504 826/386/529
f 829/374/532 831/373/534 796/353/507
f 796/353/507 795/352/504 829/374/532
f 831/373/534 832/381/535 799/356/509
f 799/356/509 796/353/507 831/373/534
f 832/381/535 833/388/536 801/358/511
f 801/358/511 799/356/509 832/381/535
f 833/388/536 834/379/537 803/369/513
f 803/369/513 801/358/511 833/388/536
f 834/379/537 835/389/538 805/362/515
f 805/362/515 803/369/513 834/379/537
f 835/389/538 836/390/539 808/371/518
f 808/371/518 807/370/517 835/389/538
f 836/390/539 837/391/540 811/372/520
f 811/372/520 808/371/518 836/390/539
f 837/391/540 838/381/503 813/385/522
f 813/385/522 811/372/520 837/391/540
f 838/381/503 826/386/529 791/367/504
f 791/367/504 813/385/522 838/381/503
f 839/383/541 840/367/542 841/385/543
f 841/385/543 842/355/544 839/383/541
f 843/351/545 844/366/545 840/367/542
f 840/367/542 839/383/541 843/351/545
f 845/383/546 846/367/547 844/366/545
f 844/366/545 847/382/545 845/383/546
f 848/355/548 849/385/549 846/367/547
f 846/367/547 845/383/546 848/355/548
f 850/392/550 851/372/551 849/385/549
f 849/385/549 848/355/548 850/392/550
f 852/359/552 853/369/553 851/372/551
f 851/372/551 850/392/550 852/359/552
f 854/384/554 855/370/555 853/369/553
f 853/369/553 852/359/552 854/384/554
f 856/359/556 857/369/557 855/370/555
f 855/370/555 854/384/554 856/359/556
f 858/357/558 859/372/559 857/369/557
f 857/369/557 856/359/556 858/357/558
f 842/355/544 841/385/543 859/372/559
f 859/372/559 858/357/558 842/355/544
f 860/367/541 861/356/542 862/368/560
f 863/366/545 860/367/541 862/368/560
f 864/353/547 863/366/545 862/368/560
f 865/356/561 864/353/547 862/368/560
f 866/358/562 865/356/561 862/368/560
f 867/369/563 866/358/562 862/368/560
f 868/370/554 867/369/563 862/368/560
f 869/369/564 868/370/554 862/368/560
f 870/358/565 869/369/564 862/368/560
f 861/356/542 870/358/565 862/368/560
f 871/381/566 872/386/567 873/368/568
f 872/386/567 874/387/569 873/368/568
f 874/387/569 875/386/570 873/368/568
f 875/386/570 876/381/571 873/368/568
f 876/381/571 877/393/572 873/368/568
f 877/393/572 878/390/573 873/368/568
f 878/390/573 879/389/574 873/368/568
f 879/389/574 880/390/575 873/368/568
f 880/390/575 881/393/576 873/368/568
f 881/393/576 871/381/566 873/368/568
f 840/367/542 872/386/567 871/381/566
f 871/381/566 841/385/543 840/367/542
f 844/366/545 874/387/569 872/386/567
f 872/386/567 840/367/542 844/366/545
f 846/367/547 875/386/570 874/387/569
f 874/387/569 844/366/545 846/367/547
f 849/385/549 876/381/571 875/386/570
f 875/386/570 846/367/547 849/385/549
f 851/372/551 877/393/572 876/381/571
f 876/381/571 849/385/549 851/372/551
f 853/369/553 878/390/573 877/393/572
f 877/393/572 851/372/551 853/369/553
f 855/370/555 879/389/574 878/390/573
f 878/390/573 853/369/553 855/370/555
f 857/369/557 880/390/575 879/389/574
f 879/389/574 855/370/555 857/369/557
f 859/372/559 881/393/576 880/390/575
f 880/390/575 857/369/557 859/372/559
f 841/385/543 871/381/566 881/393/576
f 881/393/576 859/372/559 841/385/543
f 882/351/547 883/366/547 884/367/547
f 884/367/547 885/383/546 882/351/547
f 886/383/545 887/367/545 883/366/547
f 883/366/547 888/382/547 886/383/545
f 889/355/544 890/385/541 887/367/545
f 887/367/545 886/383/545 889/355/544
f 891/357/577 892/372/578 890/385/541
f 890/385/541 889/355/544 891/357/577
f 893/394/579 894/360/580 892/372/578
f 892/372/578 891/357/577 893/394/579
f 895/361/564 896/370/581 894/360/580
f 894/360/580 893/394/579 895/361/564
f 897/359/554 898/369/554 896/370/581
f 896/370/581 895/361/564 897/359/554
f 899/357/582 900/372/563 898/369/554
f 898/369/554 897/359/554 899/357/582
f 901/355/551 902/385/550 900/372/563
f 900/372/563 899/357/582 901/355/551
f 885/383/546 884/367/547 902/385/550
f 902/385/550 901/355/551 885/383/546
f 903/366/547 904/353/583 905/368/568
f 906/353/545 903/366/547 905/368/568
f 907/356/584 906/353/545 905/368/568
f 908/358/585 907/356/584 905/368/568
f 909/369/558 908/358/585 905/368/568
f 910/370/564 909/369/558 905/368/568
f 911/369/554 910/370/564 905/368/568
f 912/358/552 911/369/554 905/368/568
f 913/356/586 912/358/552 905/368/568
f 904/353/583 913/356/586 905/368/568
f 914/386/587 915/387/588 916/368/560
f 915/387/588 917/386/589 918/395/590
f 917/386/589 919/396/591 918/395/590
f 919/396/591 920/391/592 918/395/590
f 920/391/592 921/390/593 918/395/590
f 921/390/593 922/389/594 918/395/590
f 922/389/594 923/390/595 916/368/560
f 923/390/595 924/391/596 916/368/560
f 924/391/596 925/381/597 916/368/560
f 925/381/597 914/386/587 916/368/560
f 883/366/547 915/387/588 914/386/587
f 914/386/587 884/367/547 883/366/547
f 887/367/545 917/386/589 915/387/588
f 915/387/588 883/366/547 887/367/545
f 890/385/541 919/396/591 917/386/589
f 917/386/589 887/367/545 890/385/541
f 892/372/578 920/391/592 919/396/591
f 919/396/591 890/385/541 892/372/578
f 894/360/580 921/390/593 920/391/592
f 920/391/592 892/372/578 894/360/580
f 896/370/581 922/389/594 921/390/593
f 921/390/593 894/360/580 896/370/581
f 898/369/554 923/390/595 922/389/594
f 922/389/594 896/370/581 898/369/554
f 900/372/563 924/391/596 923/390/595
f 923/390/595 898/369/554 900/372/563
f 902/385/550 925/381/597 924/391/596
f 924/391/596 900/372/563 902/385/550
f 884/367/547 914/386/587 925/381/597
f 925/381/597 902/385/550 884/367/547
f 926/397/598 927/398/598 928/399/598
f 928/399/598 929/400/598 926/397/598
f 930/401/599 931/402/600 932/403/568
f 932/403/568 933/404/568 930/401/599
f 934/405/601 935/406/601 936/407/601
f 936/407/601 937/408/602 934/405/601
f 935/406/601 938/409/598 939/410/598
f 939/410/598 936/407/601 935/406/601
f 935/406/601 934/405/601 940/411/598
f 940/411/598 938/409/598 935/406/601
f 929/400/598 928/399/598 941/412/601
f 941/412/601 942/413/601 929/400/598
f 943/414/598 944/415/598 945/416/598
f 945/416/598 946/417/598 943/414/598
f 947/418/603 948/419/603 949/420/603
f 949/420/603 950/421/603 947/418/603
f 931/402/600 934/405/601 937/408/602
f 937/408/602 932/403/568 931/402/600
f 934/405/601 931/402/600 930/401/599
f 930/401/599 940/411/598 934/405/601
f 940/411/598 943/414/598 951/422/598
f 951/422/598 952/423/598 940/411/598
f 930/401/599 944/415/598 943/414/598
f 943/414/598 940/411/598 930/401/599
f 933/404/568 953/424/598 944/415/598
f 944/415/598 930/401/599 933/404/568
f 954/425/598 955/426/598 956/427/598
f 956/427/598 957/428/568 954/425/598
f 958/429/598 959/430/603 950/421/603
f 950/421/603 937/408/602 958/429/598
f 957/428/568 960/431/603 961/432/603
f 961/432/603 954/425/598 957/428/568
f 932/403/568 949/420/603 962/433/603
f 962/433/603 933/404/568 932/403/568
f 937/408/602 950/421/603 949/420/603
f 949/420/603 932/403/568 937/408/602
f 963/434/554 964/435/554 965/436/604
f 965/436/604 966/437/554 963/434/554
f 967/438/554 968/439/568 969/440/568
f 969/440/568 970/441/554 967/438/554
f 971/442/568 972/443/545 973/444/605
f 973/444/605 974/445/568 971/442/568
f 975/440/545 976/441/554 977/438/554
f 977/438/554 978/439/545 975/440/545
f 972/443/545 971/442/568 979/446/554
f 979/446/554 980/447/554 972/443/545
f 966/437/554 965/436/604 974/445/568
f 974/445/568 973/444/605 966/437/554
f 981/434/554 982/435/554 983/436/554
f 983/436/554 984/437/554 981/434/554
f 985/448/554 986/439/568 987/440/568
f 987/440/568 988/441/554 985/448/554
f 989/442/600 990/443/545 991/444/545
f 991/444/545 992/445/568 989/442/600
f 993/440/545 994/441/554 995/438/554
f 995/438/554 996/439/545 993/440/545
f 990/443/545 989/442/600 997/446/554
f 997/446/554 998/447/554 990/443/545
f 984/437/554 983/436/554 992/445/568
f 992/445/568 991/444/545 984/437/554
f 999/449/606 1000/450/607 1001/451/608
f 1001/451/608 1002/452/608 999/449/606
f 1003/453/609 1004/454/610 1005/455/611
f 1005/455/611 1006/456/609 1003/453/609
f 1007/457/610 1008/451/610 1009/452/612
f 1009/452/612 1010/458/613 1007/457/610
f 1011/459/614 1012/460/608 1013/461/615
f 1013/461/615 1014/462/616 1011/459/614
f 999/449/606 1009/452/612 1008/451/610
f 1008/451/610 1000/450/607 999/449/606
f 1002/452/608 1001/451/608 1007/457/610
f 1007/457/610 1010/458/613 1002/452/608
f 1015/434/617 1016/435/618 1017/436/619
f 1017/436/619 1018/437/619 1015/434/617
f 1019/448/619 1020/439/568 1021/440/568
f 1021/440/568 1022/441/618 1019/448/619
f 1023/442/568 1024/443/620 1025/444/621
f 1025/444/621 1026/445/568 1023/442/568
f 1027/440/620 1028/441/622 1029/448/618
f 1029/448/618 1030/439/620 1027/440/620
f 1024/443/620 1023/442/568 1031/446/619
f 1031/446/619 1032/447/617 1024/443/620
f 1018/437/619 1017/436/619 1026/445/568
f 1026/445/568 1025/444/621 1018/437/619
f 1033/446/619 1034/447/619 1035/443/619
f 1035/443/619 1036/463/619 1033/446/619
f 1037/448/619 1038/439/568 1039/440/568
f 1039/440/568 1040/441/619 1037/448/619
f 1041/437/568 1042/436/620 1043/445/623
f 1043/445/623 1044/444/599 1041/437/568
f 1045/440/620 1046/441/618 1047/448/619
f 1047/448/619 1048/439/623 1045/440/620
f 1042/436/620 1041/437/568 1049/434/617
f 1049/434/617 1050/435/617 1042/436/620
f 1036/463/619 1035/443/619 1044/444/599
f 1044/444/599 1043/445/623 1036/463/619
f 1051/451/624 1052/450/625 1053/449/626
f 1053/449/626 1054/452/625 1051/451/624
f 1055/454/627 1056/455/627 1057/456/625
f 1057/456/625 1058/453/625 1055/454/627
f 1059/457/628 1060/458/629 1061/452/630
f 1061/452/630 1062/451/628 1059/457/628
f 1063/460/631 1064/461/632 1065/462/630
f 1065/462/630 1066/459/633 1063/460/631
f 1052/450/625 1062/451/628 1061/452/630
f 1061/452/630 1053/449/626 1052/450/625
f 1060/458/629 1059/457/628 1051/451/624
f 1051/451/624 1054/452/625 1060/458/629
f 1067/464/634 1068/465/635 1069/466/635
f 1069/466/635 1070/467/635 1067/464/634
f 1071/468/636 1072/469/637 1073/470/637
f 1073/470/637 1074/471/638 1071/468/636
f 1070/467/635 1069/466/635 1073/470/637
f 1073/470/637 1072/469/637 1070/467/635
f 1075/472/635 1076/473/638 1077/474/639
f 1078/475/640 1075/472/635 1077/474/639
f 1076/473/638 1078/475/640 1077/474/639
f 1079/475/638 1080/472/635 1081/474/641
f 1080/472/635 1082/473/637 1081/474/641
f 1082/473/637 1079/475/638 1081/474/641
f 1083/476/554 1084/477/554 1085/478/554
f 1085/478/554 1086/479/554 1083/476/554
f 1087/480/554 1088/481/568 1089/482/568
f 1089/482/568 1090/483/554 1087/480/554
f 1091/484/642 1092/485/545 1093/486/545
f 1093/486/545 1094/487/568 1091/484/642
f 1095/480/545 1096/481/554 1097/482/554
f 1097/482/554 1098/483/545 1095/480/545
f 1092/485/545 1091/484/642 1084/477/554
f 1084/477/554 1083/476/554 1092/485/545
f 1099/488/554 1100/489/554 1094/487/568
f 1094/487/568 1093/486/545 1099/488/554
f 1101/490/643 1102/491/643 1103/492/643
f 1103/492/643 1104/493/643 1101/490/643
f 1105/493/644 1106/492/644 1102/491/643
f 1102/491/643 1101/490/643 1105/493/644
f 1107/494/645 1108/495/645 1106/492/644
f 1106/492/644 1105/493/644 1107/494/645
f 1109/496/646 1110/497/646 1108/495/645
f 1108/495/645 1107/494/645 1109/496/646
f 1111/498/647 1112/499/647 1110/497/646
f 1110/497/646 1109/496/646 1111/498/647
f 1113/500/648 1114/497/649 1112/499/647
f 1112/499/647 1111/498/647 1113/500/648
f 1115/494/650 1116/495/650 1114/497/649
f 1114/497/649 1113/500/648 1115/494/650
f 1104/493/643 1103/492/643 1116/495/650
f 1116/495/650 1115/494/650 1104/493/643
f 1117/491/643 1118/492/643 1119/501/560
f 1120/492/644 1117/491/643 1119/501/560
f 1121/495/645 1120/492/644 1119/501/560
f 1122/502/646 1121/495/645 1119/501/560
f 1123/499/647 1122/502/646 1119/501/560
f 1124/502/651 1123/499/647 1119/501/560
f 1125/495/650 1124/502/651 1119/501/560
f 1118/492/643 1125/495/650 1119/501/560
f 1126/503/642 1127/504/568 1128/501/568
f 1127/504/568 1129/503/568 1128/501/568
f 1129/503/568 1130/505/568 1128/501/568
f 1130/505/568 1131/506/599 1128/501/568
f 1131/506/599 1132/507/568 1128/501/568
f 1132/507/568 1133/506/568 1128/501/568
f 1133/506/568 1134/505/568 1128/501/568
f 1134/505/568 1126/503/642 1128/501/568
f 1110/497/646 1131/506/599 1130/505/568
f 1130/505/568 1108/495/645 1110/497/646
f 1108/495/645 1130/505/568 1129/503/568
f 1129/503/568 1106/492/644 1108/495/645
f 1106/492/644 1129/503/568 1127/504/568
f 1127/504/568 1102/491/643 1106/492/644
f 1102/491/643 1127/504/568 1126/503/642
f 1126/503/642 1103/492/643 1102/491/643
f 1103/492/643 1126/503/642 1134/505/568
f 1134/505/568 1116/495/650 1103/492/643
f 1116/495/650 1134/505/568 1133/506/568
f 1133/506/568 1114/497/649 1116/495/650
f 1114/497/649 1133/506/568 1132/507/568
f 1132/507/568 1112/499/647 1114/497/649
f 1112/499/647 1132/507/568 1131/506/599
f 1131/506/599 1110/497/646 1112/499/647
f 1135/508/554 1136/509/554 1137/510/554
f 1137/510/554 1138/511/554 1135/508/554
f 1139/512/545 1140/513/652 1141/514/545
f 1141/514/545 1142/515/545 1139/512/545
f 1143/516/560 1144/517/604 1145/518/554
f 1145/518/554 1146/519/560 1143/516/560
f 1147/520/560 1148/521/653 1149/522/555
f 1149/522/555 1150/523/554 1147/520/560
f 1151/524/554 1152/525/604 1153/526/654
f 1153/526/654 1154/527/560 1151/524/554
f 1155/519/653 1156/514/655 1157/513/545
f 1157/513/545 1158/528/656 1155/519/653
f 1154/527/560 1153/526/654 1159/529/545
f 1159/529/545 1160/530/545 1154/527/560
f 1140/513/652 1143/516/560 1146/519/560
f 1146/519/560 1141/514/545 1140/513/652
f 1147/520/560 1161/531/605 1162/532/605
f 1162/532/605 1148/521/653 1147/520/560
f 1136/509/554 1163/518/554 1164/517/554
f 1164/517/554 1137/510/554 1136/509/554
f 1163/518/554 1165/519/657 1166/516/568
f 1166/516/568 1164/517/554 1163/518/554
f 1167/514/658 1168/515/659 1169/512/658
f 1169/512/658 1170/513/659 1167/514/658
f 1148/521/653 1165/519/657 1163/518/554
f 1163/518/554 1149/522/555 1148/521/653
f 1152/525/604 1164/517/554 1166/516/568
f 1166/516/568 1153/526/654 1152/525/604
f 1165/519/657 1167/514/658 1170/513/659
f 1170/513/659 1166/516/568 1165/519/657
f 1171/533/659 1153/526/654 1166/516/568
f 1166/516/568 1170/513/659 1171/533/659
f 1172/513/659 1173/534/653 1174/519/656
f 1174/519/656 1175/514/660 1172/513/659
f 1165/519/657 1148/521/653 1176/535/659
f 1176/535/659 1167/514/658 1165/519/657
f 1177/536/554 1178/537/555 1179/538/554
f 1179/538/554 1180/539/554 1177/536/554
f 1181/540/554 1182/541/568 1183/542/568
f 1183/542/568 1184/543/554 1181/540/554
f 1185/538/568 1186/539/545 1187/536/545
f 1187/536/545 1188/537/568 1185/538/568
f 1189/542/545 1190/544/554 1191/540/554
f 1191/540/554 1192/545/545 1189/542/545
f 1193/546/545 1194/547/568 1178/537/555
f 1178/537/555 1177/536/554 1193/546/545
f 1195/546/554 1196/547/554 1188/537/568
f 1188/537/568 1187/536/545 1195/546/554
f 1197/538/554 1198/539/554 1199/536/554
f 1199/536/554 1200/537/604 1197/538/554
f 1201/540/554 1202/541/568 1203/542/568
f 1203/542/568 1204/543/554 1201/540/554
f 1205/536/568 1206/548/655 1207/538/545
f 1207/538/545 1208/539/568 1205/536/568
f 1209/542/545 1210/543/554 1211/540/554
f 1211/540/554 1212/541/545 1209/542/545
f 1206/548/655 1205/536/568 1213/546/554
f 1213/546/554 1214/547/554 1206/548/655
f 1200/537/604 1199/536/554 1215/549/568
f 1215/549/568 1216/550/545 1200/537/604
f 1217/551/568 1218/552/568 1219/553/568
f 1219/553/568 1220/554/568 1217/551/568
f 1221/555/661 1222/556/662 1218/552/568
f 1218/552/568 1217/551/568 1221/555/661
f 1220/554/568 1219/553/568 1223/557/661
f 1223/557/661 1224/558/661 1220/554/568
f 1225/559/599 1226/560/568 1227/474/118
f 1228/472/661 1225/559/599 1227/474/118
f 1226/560/568 1228/472/661 1227/474/118
f 1229/472/568 1230/560/599 1231/474/157
f 1230/560/599 1232/559/661 1231/474/157
f 1232/559/661 1229/472/568 1231/474/157
f 1233/555/663 1234/556/663 1235/552/663
f 1235/552/663 1236/551/664 1233/555/663
f 1237/554/665 1238/553/666 1239/557/667
f 1239/557/667 1240/561/663 1237/554/665
f 1236/551/664 1235/552/663 1238/553/666
f 1238/553/666 1237/554/665 1236/551/664
f 1241/473/663 1242/559/668 1243/474/669
f 1244/472/670 1241/473/663 1243/474/669
f 1242/559/668 1244/472/670 1243/474/669
f 1245/472/663 1246/473/663 1247/474/671
f 1246/473/663 1248/559/672 1247/474/671
f 1248/559/672 1245/472/663 1247/474/671
f 1249/562/673 1250/563/674 1251/564/675
f 1251/564/675 1252/565/674 1249/562/673
f 1253/566/675 1254/567/676 1255/568/676
f 1255/568/676 1256/569/675 1253/566/675
f 1257/570/676 1258/571/677 1259/562/678
f 1259/562/678 1260/563/679 1257/570/676
f 1261/568/678 1262/569/675 1263/566/675
f 1263/566/675 1264/567/678 1261/568/678
f 1258/571/677 1257/570/676 1250/563/674
f 1250/563/674 1249/562/673 1258/571/677
f 1252/565/674 1251/564/675 1260/563/679
f 1260/563/679 1259/562/678 1252/565/674
f 1265/536/680 1266/537/681 1267/538/682
f 1267/538/682 1268/539/682 1265/536/680
f 1269/540/682 1270/541/568 1271/572/568
f 1271/572/568 1272/543/683 1269/540/682
f 1273/538/568 1274/539/684 1275/536/684
f 1275/536/684 1276/537/568 1273/538/568
f 1277/573/684 1278/543/682 1279/540/681
f 1279/540/681 1280/541/685 1277/573/684
f 1281/546/685 1282/547/568 1266/537/681
f 1266/537/681 1265/536/680 1281/546/685
f 1283/546/686 1284/547/686 1276/537/568
f 1276/537/568 1275/536/684 1283/546/686
f 1285/538/686 1286/539/682 1287/574/686
f 1287/574/686 1288/548/686 1285/538/686
f 1289/540/681 1290/541/568 1291/572/568
f 1291/572/568 1292/543/686 1289/540/681
f 1293/574/568 1294/537/685 1295/538/685
f 1295/538/685 1296/575/642 1293/574/568
f 1297/542/684 1298/543/681 1299/540/681
f 1299/540/681 1300/541/684 1297/542/684
f 1294/537/685 1293/574/568 1301/546/686
f 1301/546/686 1302/550/686 1294/537/685
f 1288/548/686 1287/574/686 1303/546/568
f 1303/546/568 1304/547/685 1288/548/686
f 1305/508/686 1306/509/681 1307/510/682
f 1307/510/682 1308/511/681 1305/508/686
f 1309/515/685 1310/514/684 1311/513/685
f 1311/513/685 1312/576/684 1309/515/685
f 1313/516/560 1314/517/681 1315/518/686
f 1315/518/686 1316/519/560 1313/516/560
f 1317/520/560 1318/521/687 1319/522/681
f 1319/522/681 1320/523/681 1317/520/560
f 1321/524/686 1322/525/686 1323/526/688
f 1323/526/688 1324/527/560 1321/524/686
f 1325/519/689 1326/514/685 1327/513/684
f 1327/513/684 1328/528/690 1325/519/689
f 1324/527/560 1323/526/688 1329/529/685
f 1329/529/685 1330/530/691 1324/527/560
f 1331/513/685 1313/516/560 1316/519/560
f 1316/519/560 1332/514/685 1331/513/685
f 1317/520/560 1333/531/684 1334/532/684
f 1334/532/684 1318/521/687 1317/520/560
f 1306/509/681 1335/518/686 1336/517/686
f 1336/517/686 1307/510/682 1306/509/681
f 1335/518/686 1337/519/568 1338/516/568
f 1338/516/568 1336/517/686 1335/518/686
f 1339/514/692 1340/515/692 1341/512/692
f 1341/512/692 1342/513/692 1339/514/692
f 1318/521/687 1337/519/568 1335/518/686
f 1335/518/686 1319/522/681 1318/521/687
f 1322/525/686 1336/517/686 1338/516/568
f 1338/516/568 1323/526/688 1322/525/686
f 1337/519/568 1339/514/692 1342/513/692
f 1342/513/692 1338/516/568 1337/519/568
f 1343/577/693 1323/526/688 1338/516/568
f 1338/516/568 1342/513/692 1343/577/693
f 1344/513/694 1345/528/695 1346/519/696
f 1346/519/696 1347/514/694 1344/513/694
f 1337/519/568 1318/521/687 1348/535/694
f 1348/535/694 1339/514/692 1337/519/568
f 1349/551/568 1350/552/697 1351/553/568
f 1351/553/568 1352/554/698 1349/551/568
f 1353/555/699 1354/556/700 1350/552/697
f 1350/552/697 1349/551/568 1353/555/699
f 1352/554/698 1351/553/568 1355/557/700
f 1355/557/700 1356/561/699 1352/554/698
f 1357/472/600 1358/559/600 1359/474/701
f 1360/560/702 1357/472/600 1359/474/701
f 1358/559/600 1360/560/702 1359/474/701
f 1361/472/568 1362/473/600 1363/474/703
f 1362/473/600 1364/559/700 1363/474/703
f 1364/559/700 1361/472/568 1363/474/703
f 1365/578/704 1366/579/704 1367/554/705
f 1367/554/705 1368/553/704 1365/578/704
f 1369/580/706 1370/581/707 1366/579/704
f 1366/579/704 1365/578/704 1369/580/706
f 1368/553/704 1367/554/705 1371/561/706
f 1371/561/706 1372/557/706 1368/553/704
f 1373/472/705 1374/473/704 1375/475/706
f 1376/582/708 1377/583/708 1378/584/708
f 1378/584/708 1379/585/708 1376/582/708
f 1380/586/709 1381/585/709 1382/584/709
f 1382/584/709 1383/583/709 1380/586/709
f 1384/583/710 1385/584/711 1386/585/710
f 1386/585/710 1387/587/710 1384/583/710
f 1388/588/712 1389/589/706 1390/590/713
f 1390/590/713 1391/591/714 1388/588/712
f 1389/589/706 1392/592/715 1393/593/716
f 1393/593/716 1390/590/713 1389/589/706
f 1394/594/717 1395/595/718 1393/593/716
f 1393/593/716 1392/592/715 1394/594/717
f 1396/596/704 1397/597/714 1395/595/718
f 1395/595/718 1394/594/717 1396/596/704
f 1388/588/719 1398/591/720 1399/590/721
f 1399/590/721 1400/589/704 1388/588/719
f 1396/596/704 1394/594/717 1401/595/722
f 1401/595/722 1402/597/720 1396/596/704
f 1394/594/717 1403/592/723 1404/593/724
f 1404/593/724 1401/595/722 1394/594/717
f 1400/589/704 1399/590/721 1404/593/724
f 1404/593/724 1403/592/723 1400/589/704
f 1405/598/705 1406/590/725 1407/591/725
f 1407/591/725 1408/588/707 1405/598/705
f 1405/598/705 1403/592/726 1409/593/727
f 1409/593/727 1406/590/725 1405/598/705
f 1410/599/728 1411/595/729 1409/593/727
f 1409/593/727 1403/592/726 1410/599/728
f 1412/596/707 1413/597/725 1411/595/729
f 1411/595/729 1410/599/728 1412/596/707
f 1409/593/727 1414/600/711 1415/601/730
f 1415/601/730 1406/590/725 1409/593/727
f 1406/590/725 1415/601/730 1416/602/711
f 1416/602/711 1407/591/725 1406/590/725
f 1411/595/729 1413/597/725 1417/603/710
f 1417/603/710 1418/604/710 1411/595/729
f 1411/595/729 1418/604/710 1414/600/711
f 1414/600/711 1409/593/727 1411/595/729
f 1393/593/716 1419/605/731 1420/601/708
f 1420/601/708 1390/590/713 1393/593/716
f 1390/590/713 1420/601/708 1421/602/732
f 1421/602/732 1391/591/714 1390/590/713
f 1395/595/718 1397/597/714 1422/606/731
f 1422/606/731 1423/604/708 1395/595/718
f 1395/595/718 1423/604/708 1419/605/731
f 1419/605/731 1393/593/716 1395/595/718
f 1401/595/722 1404/593/724 1424/605/733
f 1424/605/733 1425/604/734 1401/595/722
f 1401/595/722 1425/604/734 1426/606/735
f 1426/606/735 1402/597/720 1401/595/722
f 1399/590/721 1398/591/720 1427/602/709
f 1427/602/709 1428/601/736 1399/590/721
f 1404/593/724 1399/590/721 1428/601/736
f 1428/601/736 1424/605/733 1404/593/724
f 1429/561/728 1430/557/706 1431/553/737
f 1431/553/737 1432/554/738 1429/561/728
f 1432/554/738 1431/553/737 1433/552/705
f 1433/552/705 1434/579/739 1432/554/738
f 1434/579/739 1433/552/705 1435/580/706
f 1435/580/706 1436/581/740 1434/579/739
f 1437/475/705 1438/473/707 1439/472/741
f 1440/582/560 1441/585/560 1442/584/560
f 1442/584/560 1443/583/560 1440/582/560
f 1444/589/742 1445/607/743 1446/591/744
f 1446/591/744 1447/608/745 1444/589/742
f 1444/589/742 1448/592/746 1449/593/747
f 1449/593/747 1445/607/743 1444/589/742
f 1448/592/746 1450/599/748 1451/595/749
f 1451/595/749 1449/593/747 1448/592/746
f 1452/596/745 1453/597/750 1451/595/749
f 1451/595/749 1450/599/748 1452/596/745
f 1449/593/747 1451/595/749 1454/604/751
f 1454/604/751 1455/605/560 1449/593/747
f 1449/593/747 1455/605/560 1456/601/752
f 1456/601/752 1445/607/743 1449/593/747
f 1446/591/744 1445/607/743 1456/601/752
f 1456/601/752 1457/609/590 1446/591/744
f 1451/595/749 1453/597/750 1458/606/560
f 1458/606/560 1454/604/751 1451/595/749
f 1459/584/753 1460/583/754 1461/582/745
f 1461/582/745 1462/585/755 1459/584/753
f 1463/553/756 1464/554/756 1465/610/757
f 1465/610/757 1466/557/757 1463/553/756
f 1467/611/758 1468/579/758 1464/554/756
f 1464/554/756 1463/553/756 1467/611/758
f 1469/556/759 1470/581/759 1468/579/758
f 1468/579/758 1467/611/758 1469/556/759
f 1471/473/756 1472/559/756 1473/472/758
f 1474/586/760 1475/583/760 1476/612/760
f 1476/612/760 1477/585/761 1474/586/760
f 1478/586/762 1479/585/762 1480/612/762
f 1480/612/762 1481/583/762 1478/586/762
f 1482/583/763 1483/612/764 1484/585/763
f 1484/585/763 1485/587/764 1482/583/763
f 1486/589/765 1487/588/766 1488/591/767
f 1488/591/767 1489/607/767 1486/589/765
f 1490/596/758 1491/599/768 1492/595/769
f 1492/595/769 1493/613/770 1490/596/758
f 1494/592/771 1495/593/772 1492/595/769
f 1492/595/769 1491/599/768 1494/592/771
f 1486/589/765 1489/607/767 1495/593/772
f 1495/593/772 1494/592/771 1486/589/765
f 1486/589/765 1496/590/773 1497/591/773
f 1497/591/773 1498/588/756 1486/589/765
f 1486/589/765 1494/592/771 1499/614/774
f 1499/614/774 1496/590/773 1486/589/765
f 1494/592/771 1500/599/775 1501/615/776
f 1501/615/776 1499/614/774 1494/592/771
f 1502/596/756 1503/613/777 1501/615/776
f 1501/615/776 1500/599/775 1502/596/756
f 1504/589/757 1505/590/778 1506/591/779
f 1506/591/779 1487/588/780 1504/589/757
f 1504/589/757 1507/592/781 1508/593/782
f 1508/593/782 1505/590/778 1504/589/757
f 1491/599/768 1509/595/783 1508/593/782
f 1508/593/782 1507/592/781 1491/599/768
f 1490/596/758 1510/613/779 1509/595/783
f 1509/595/783 1491/599/768 1490/596/758
f 1508/593/782 1511/600/763 1512/616/784
f 1512/616/784 1505/590/778 1508/593/782
f 1505/590/778 1512/616/784 1513/609/764
f 1513/609/764 1506/591/779 1505/590/778
f 1509/595/783 1510/613/779 1514/606/785
f 1514/606/785 1515/604/785 1509/595/783
f 1509/595/783 1515/604/785 1511/600/763
f 1511/600/763 1508/593/782 1509/595/783
f 1492/595/769 1516/604/786 1517/617/761
f 1517/617/761 1493/613/770 1492/595/769
f 1488/591/767 1518/602/760 1519/601/761
f 1519/601/761 1489/607/767 1488/591/767
f 1495/593/772 1489/607/767 1519/601/761
f 1519/601/761 1520/600/761 1495/593/772
f 1495/593/772 1520/600/761 1516/604/786
f 1516/604/786 1492/595/769 1495/593/772
f 1499/614/774 1501/615/776 1521/604/787
f 1521/604/787 1522/600/788 1499/614/774
f 1499/614/774 1522/600/788 1523/601/762
f 1523/601/762 1496/590/773 1499/614/774
f 1497/591/773 1496/590/773 1523/601/762
f 1523/601/762 1524/609/762 1497/591/773
f 1501/615/776 1503/613/777 1525/606/789
f 1525/606/789 1521/604/787 1501/615/776
f 1526/472/568 1527/475/568 1528/473/568
f 1529/552/790 1530/551/568 1531/554/568
f 1531/554/568 1532/553/791 1529/552/790
f 1532/553/791 1531/554/568 1533/618/568
f 1533/618/568 1534/557/776 1532/553/791
f 1535/619/775 1536/620/568 1530/551/568
f 1530/551/568 1529/552/790 1535/619/775
f 1537/621/757 1538/581/757 1539/551/756
f 1539/551/756 1540/611/757 1537/621/757
f 1541/553/792 1542/554/793 1543/558/756
f 1543/558/756 1544/557/756 1541/553/792
f 1540/611/757 1539/551/756 1542/554/793
f 1542/554/793 1541/553/792 1540/611/757
f 1545/473/757 1546/559/756 1547/472/794
f 1548/582/760 1549/583/760 1550/612/760
f 1550/612/760 1551/622/760 1548/582/760
f 1552/586/762 1553/585/762 1554/612/762
f 1554/612/762 1555/583/762 1552/586/762
f 1556/583/763 1557/612/763 1558/585/795
f 1558/585/795 1559/586/763 1556/583/763
f 1560/588/757 1561/589/794 1562/590/796
f 1562/590/796 1563/591/796 1560/588/757
f 1561/589/794 1564/592/797 1565/593/798
f 1565/593/798 1562/590/796 1561/589/794
f 1566/599/799 1567/595/800 1565/593/798
f 1565/593/798 1564/592/797 1566/599/799
f 1568/596/757 1569/597/801 1567/595/800
f 1567/595/800 1566/599/799 1568/596/757
f 1560/588/802 1570/591/803 1571/590/803
f 1571/590/803 1572/589/765 1560/588/802
f 1568/596/756 1573/594/800 1574/595/804
f 1574/595/804 1575/613/805 1568/596/756
f 1573/594/800 1576/592/806 1577/593/807
f 1577/593/807 1574/595/804 1573/594/800
f 1572/589/765 1571/590/803 1577/593/807
f 1577/593/807 1576/592/806 1572/589/765
f 1578/598/757 1579/590/808 1580/591/809
f 1580/591/809 1581/588/780 1578/598/757
f 1578/598/757 1576/592/810 1582/593/811
f 1582/593/811 1579/590/808 1578/598/757
f 1583/594/797 1584/595/812 1582/593/811
f 1582/593/811 1576/592/810 1583/594/797
f 1585/596/780 1586/597/808 1584/595/812
f 1584/595/812 1583/594/797 1585/596/780
f 1582/593/811 1587/605/763 1588/616/764
f 1588/616/764 1579/590/808 1582/593/811
f 1579/590/808 1588/616/764 1589/602/784
f 1589/602/784 1580/591/809 1579/590/808
f 1584/595/812 1586/597/808 1590/606/763
f 1590/606/763 1591/604/764 1584/595/812
f 1584/595/812 1591/604/764 1587/605/763
f 1587/605/763 1582/593/811 1584/595/812
f 1565/593/798 1592/605/786 1593/601/760
f 1593/601/760 1562/590/796 1565/593/798
f 1562/590/796 1593/601/760 1594/602/813
f 1594/602/813 1563/591/796 1562/590/796
f 1567/595/800 1569/597/801 1595/603/786
f 1595/603/786 1596/604/786 1567/595/800
f 1567/595/800 1596/604/786 1592/605/786
f 1592/605/786 1565/593/798 1567/595/800
f 1574/595/804 1577/593/807 1597/605/787
f 1597/605/787 1598/604/788 1574/595/804
f 1574/595/804 1598/604/788 1599/606/789
f 1599/606/789 1575/613/805 1574/595/804
f 1571/590/803 1570/591/803 1600/602/762
f 1600/602/762 1601/616/788 1571/590/803
f 1577/593/807 1571/590/803 1601/616/788
f 1601/616/788 1597/605/787 1577/593/807
f 1602/475/568 1603/473/568 1604/472/568
f 1605/579/814 1606/611/642 1607/621/568
f 1607/621/568 1608/581/799 1605/579/814
f 1609/610/815 1610/557/600 1611/553/568
f 1611/553/568 1612/554/816 1609/610/815
f 1612/554/816 1611/553/568 1606/611/642
f 1606/611/642 1605/579/814 1612/554/816
f 1613/584/560 1614/585/560 1615/586/560
f 1615/586/560 1616/583/560 1613/584/560
f 1617/591/817 1618/590/818 1619/598/819
f 1619/598/819 1620/608/820 1617/591/817
f 1619/598/819 1618/590/818 1621/593/821
f 1621/593/821 1622/592/822 1619/598/819
f 1622/592/822 1621/593/821 1623/595/823
f 1623/595/823 1624/594/824 1622/592/822
f 1623/595/823 1625/597/825 1626/623/820
f 1626/623/820 1624/594/824 1623/595/823
f 1621/593/821 1627/600/560 1628/604/560
f 1628/604/560 1623/595/823 1621/593/821
f 1629/601/826 1627/600/560 1621/593/821
f 1621/593/821 1618/590/818 1629/601/826
f 1617/591/817 1630/609/560 1629/601/826
f 1629/601/826 1618/590/818 1617/591/817
f 1623/595/823 1628/604/560 1631/606/752
f 1631/606/752 1625/597/825 1623/595/823
f 1632/585/820 1633/612/819 1634/583/703
f 1634/583/703 1635/586/824 1632/585/820
f 1636/552/827 1637/551/827 1638/624/827
f 1638/624/827 1639/553/827 1636/552/827
f 1640/556/828 1641/625/828 1637/551/827
f 1637/551/827 1636/552/827 1640/556/828
f 1639/553/827 1638/624/827 1642/626/828
f 1642/626/828 1643/557/828 1639/553/827
f 1644/473/827 1645/472/829 1646/475/830
f 1647/583/831 1648/586/831 1649/585/831
f 1649/585/831 1650/612/831 1647/583/831
f 1651/586/763 1652/627/763 1653/612/763
f 1653/612/763 1654/583/763 1651/586/763
f 1655/586/760 1656/585/760 1657/612/760
f 1657/612/760 1658/583/760 1655/586/760
f 1659/589/832 1660/588/828 1661/591/833
f 1661/591/833 1662/590/834 1659/589/832
f 1663/596/828 1664/599/835 1665/615/836
f 1665/615/836 1666/613/837 1663/596/828
f 1667/592/838 1668/593/838 1665/615/836
f 1665/615/836 1664/599/835 1667/592/838
f 1659/589/832 1662/590/834 1668/593/838
f 1668/593/838 1667/592/838 1659/589/832
f 1659/589/832 1669/590/839 1670/591/840
f 1670/591/840 1671/588/827 1659/589/832
f 1659/589/832 1667/592/838 1672/593/841
f 1672/593/841 1669/590/839 1659/589/832
f 1667/592/838 1673/599/842 1674/595/842
f 1674/595/842 1672/593/841 1667/592/838
f 1675/596/829 1676/613/840 1674/595/842
f 1674/595/842 1673/599/842 1675/596/829
f 1671/588/832 1677/591/843 1678/590/844
f 1678/590/844 1679/589/828 1671/588/832
f 1675/596/829 1673/599/842 1680/615/845
f 1680/615/845 1681/613/846 1675/596/829
f 1682/592/835 1683/593/847 1680/615/845
f 1680/615/845 1673/599/842 1682/592/835
f 1679/589/828 1678/590/844 1683/593/847
f 1683/593/847 1682/592/835 1679/589/828
f 1680/615/845 1684/604/761 1685/606/760
f 1685/606/760 1681/613/846 1680/615/845
f 1677/591/843 1686/602/786 1687/601/760
f 1687/601/760 1678/590/844 1677/591/843
f 1683/593/847 1678/590/844 1687/601/760
f 1687/601/760 1688/600/760 1683/593/847
f 1683/593/847 1688/600/760 1684/604/761
f 1684/604/761 1680/615/845 1683/593/847
f 1665/615/836 1689/604/831 1690/606/848
f 1690/606/848 1666/613/837 1665/615/836
f 1661/591/833 1691/602/831 1692/601/849
f 1692/601/849 1662/590/834 1661/591/833
f 1668/593/838 1662/590/834 1692/601/849
f 1692/601/849 1693/605/848 1668/593/838
f 1668/593/838 1693/605/848 1689/604/831
f 1689/604/831 1665/615/836 1668/593/838
f 1672/593/841 1674/595/842 1694/604/764
f 1694/604/764 1695/605/763 1672/593/841
f 1672/593/841 1695/605/763 1696/601/763
f 1696/601/763 1669/590/839 1672/593/841
f 1670/591/840 1669/590/839 1696/601/763
f 1696/601/763 1697/602/763 1670/591/840
f 1674/595/842 1676/613/840 1698/606/764
f 1698/606/764 1694/604/764 1674/595/842
f 1699/472/850 1700/559/850 1701/473/850
f 1702/468/851 1703/471/568 1704/470/568
f 1704/470/568 1705/628/852 1702/468/851
f 1705/628/852 1704/470/568 1706/629/568
f 1706/629/568 1707/630/853 1705/628/852
f 1707/630/853 1706/629/568 1708/631/642
f 1708/631/642 1709/464/854 1707/630/853
f 1710/551/704 1711/552/704 1712/556/705
f 1712/556/705 1713/625/705 1710/551/704
f 1714/624/855 1715/553/706 1711/552/704
f 1711/552/704 1710/551/704 1714/624/855
f 1716/632/856 1717/557/856 1715/553/706
f 1715/553/706 1714/624/855 1716/632/856
f 1718/473/704 1719/475/704 1720/472/706
f 1721/472/857 1722/475/857 1723/473/857
f 1724/586/708 1725/583/708 1726/633/708
f 1726/633/708 1727/585/708 1724/586/708
f 1728/586/709 1729/627/709 1730/633/709
f 1730/633/709 1731/583/709 1728/586/709
f 1732/583/710 1733/634/710 1734/635/710
f 1734/635/710 1735/586/711 1732/583/710
f 1736/469/858 1737/636/859 1738/466/600
f 1738/466/600 1739/467/860 1736/469/858
f 1739/467/860 1738/466/600 1740/465/568
f 1740/465/568 1741/464/861 1739/467/860
f 1742/468/861 1743/471/568 1737/636/859
f 1737/636/859 1736/469/858 1742/468/861
f 1744/588/712 1745/589/862 1746/607/863
f 1746/607/863 1747/591/714 1744/588/712
f 1745/589/862 1748/637/860 1749/593/864
f 1749/593/864 1746/607/863 1745/589/862
f 1750/599/865 1751/615/718 1749/593/864
f 1749/593/864 1748/637/860 1750/599/865
f 1752/596/705 1753/613/714 1751/615/718
f 1751/615/718 1750/599/865 1752/596/705
f 1754/589/866 1755/590/867 1756/591/720
f 1756/591/720 1757/588/705 1754/589/866
f 1754/589/866 1758/592/860 1759/593/868
f 1759/593/868 1755/590/867 1754/589/866
f 1758/592/860 1760/599/869 1761/595/724
f 1761/595/724 1759/593/868 1758/592/860
f 1762/596/870 1763/613/871 1761/595/724
f 1761/595/724 1760/599/869 1762/596/870
f 1757/588/872 1764/591/725 1765/590/873
f 1765/590/873 1745/589/706 1757/588/872
f 1762/596/870 1760/599/869 1766/595/874
f 1766/595/874 1767/638/875 1762/596/870
f 1768/592/865 1769/593/876 1766/595/874
f 1766/595/874 1760/599/869 1768/592/865
f 1745/589/706 1765/590/873 1769/593/876
f 1769/593/876 1768/592/865 1745/589/706
f 1766/595/874 1770/604/877 1771/606/711
f 1771/606/711 1767/638/875 1766/595/874
f 1764/591/725 1772/602/730 1773/616/878
f 1773/616/878 1765/590/873 1764/591/725
f 1769/593/876 1765/590/873 1773/616/878
f 1773/616/878 1774/605/710 1769/593/876
f 1769/593/876 1774/605/710 1770/604/877
f 1770/604/877 1766/595/874 1769/593/876
f 1749/593/864 1775/605/731 1776/616/708
f 1776/616/708 1746/607/863 1749/593/864
f 1746/607/863 1776/616/708 1777/602/732
f 1777/602/732 1747/591/714 1746/607/863
f 1751/615/718 1753/613/714 1778/617/731
f 1778/617/731 1779/604/708 1751/615/718
f 1751/615/718 1779/604/708 1775/605/731
f 1775/605/731 1749/593/864 1751/615/718
f 1759/593/868 1761/595/724 1780/604/733
f 1780/604/733 1781/605/709 1759/593/868
f 1759/593/868 1781/605/709 1782/616/709
f 1782/616/709 1755/590/867 1759/593/868
f 1756/591/720 1755/590/867 1782/616/709
f 1782/616/709 1783/602/709 1756/591/720
f 1761/595/724 1763/613/871 1784/606/709
f 1784/606/709 1780/604/733 1761/595/724
